ISO-10303-21;
HEADER;
FILE_DESCRIPTION((''),'2;1');
FILE_NAME('530481210','2019-04-30T',('gga'),(''),
'PRO/ENGINEER BY PARAMETRIC TECHNOLOGY CORPORATION, 2016010',
'PRO/ENGINEER BY PARAMETRIC TECHNOLOGY CORPORATION, 2016010','');
FILE_SCHEMA(('CONFIG_CONTROL_DESIGN'));
ENDSEC;
DATA;
#1=DIRECTION('',(1.E0,0.E0,0.E0));
#2=VECTOR('',#1,7.500000000001E-1);
#3=CARTESIAN_POINT('',(-8.375E0,-4.525E0,1.E-1));
#4=LINE('',#3,#2);
#5=DIRECTION('',(-1.E0,0.E0,0.E0));
#6=VECTOR('',#5,7.5E-1);
#7=CARTESIAN_POINT('',(-7.625E0,-4.525E0,-1.9E0));
#8=LINE('',#7,#6);
#9=DIRECTION('',(0.E0,0.E0,1.E0));
#10=VECTOR('',#9,2.E0);
#11=CARTESIAN_POINT('',(-8.375E0,-4.525E0,-1.9E0));
#12=LINE('',#11,#10);
#13=DIRECTION('',(1.E0,0.E0,0.E0));
#14=VECTOR('',#13,7.5E-1);
#15=CARTESIAN_POINT('',(7.625E0,-4.525E0,1.E-1));
#16=LINE('',#15,#14);
#17=DIRECTION('',(0.E0,0.E0,-1.E0));
#18=VECTOR('',#17,2.E0);
#19=CARTESIAN_POINT('',(8.375E0,-4.525E0,1.E-1));
#20=LINE('',#19,#18);
#21=DIRECTION('',(-1.E0,0.E0,0.E0));
#22=VECTOR('',#21,7.5E-1);
#23=CARTESIAN_POINT('',(8.375E0,-4.525E0,-1.9E0));
#24=LINE('',#23,#22);
#25=DIRECTION('',(0.E0,1.E0,0.E0));
#26=VECTOR('',#25,2.5E-1);
#27=CARTESIAN_POINT('',(-8.375E0,-3.225E0,1.E0));
#28=LINE('',#27,#26);
#29=DIRECTION('',(0.E0,0.E0,-1.E0));
#30=VECTOR('',#29,4.E-1);
#31=CARTESIAN_POINT('',(-8.375E0,-3.225E0,1.E0));
#32=LINE('',#31,#30);
#33=DIRECTION('',(0.E0,9.333456062031E-1,3.589790793089E-1));
#34=VECTOR('',#33,1.392838827718E0);
#35=CARTESIAN_POINT('',(-8.375E0,-4.525E0,1.E-1));
#36=LINE('',#35,#34);
#37=DIRECTION('',(0.E0,1.E0,0.E0));
#38=VECTOR('',#37,5.5E0);
#39=CARTESIAN_POINT('',(-8.375E0,-4.525E0,-1.9E0));
#40=LINE('',#39,#38);
#41=DIRECTION('',(0.E0,-1.E0,0.E0));
#42=VECTOR('',#41,1.E0);
#43=CARTESIAN_POINT('',(-8.375E0,9.75E-1,1.2E0));
#44=LINE('',#43,#42);
#45=DIRECTION('',(0.E0,0.E0,-1.E0));
#46=VECTOR('',#45,4.E-1);
#47=CARTESIAN_POINT('',(-8.375E0,-2.500000000001E-2,1.6E0));
#48=LINE('',#47,#46);
#49=DIRECTION('',(0.E0,0.E0,-1.E0));
#50=VECTOR('',#49,6.E-1);
#51=CARTESIAN_POINT('',(-8.375E0,-2.975E0,1.6E0));
#52=LINE('',#51,#50);
#53=DIRECTION('',(-1.E0,0.E0,0.E0));
#54=VECTOR('',#53,5.E-1);
#55=CARTESIAN_POINT('',(-7.875E0,-2.975E0,1.E0));
#56=LINE('',#55,#54);
#57=DIRECTION('',(0.E0,1.E0,0.E0));
#58=VECTOR('',#57,2.5E-1);
#59=CARTESIAN_POINT('',(-7.875E0,-3.225E0,1.E0));
#60=LINE('',#59,#58);
#61=DIRECTION('',(0.E0,-1.E0,0.E0));
#62=VECTOR('',#61,2.5E-1);
#63=CARTESIAN_POINT('',(7.875E0,-2.975E0,1.E0));
#64=LINE('',#63,#62);
#65=DIRECTION('',(-1.E0,0.E0,0.E0));
#66=VECTOR('',#65,5.E-1);
#67=CARTESIAN_POINT('',(8.375E0,-2.975E0,1.E0));
#68=LINE('',#67,#66);
#69=DIRECTION('',(0.E0,0.E0,-1.E0));
#70=VECTOR('',#69,6.E-1);
#71=CARTESIAN_POINT('',(-7.875E0,-2.975E0,1.6E0));
#72=LINE('',#71,#70);
#73=DIRECTION('',(-1.E0,0.E0,0.E0));
#74=VECTOR('',#73,5.E-1);
#75=CARTESIAN_POINT('',(8.375E0,-2.975E0,1.6E0));
#76=LINE('',#75,#74);
#77=DIRECTION('',(0.E0,1.E0,0.E0));
#78=VECTOR('',#77,2.5E-1);
#79=CARTESIAN_POINT('',(7.875E0,-3.225E0,1.6E0));
#80=LINE('',#79,#78);
#81=DIRECTION('',(0.E0,1.E0,0.E0));
#82=VECTOR('',#81,3.E-1);
#83=CARTESIAN_POINT('',(7.175E0,-3.225E0,1.6E0));
#84=LINE('',#83,#82);
#85=DIRECTION('',(-1.E0,0.E0,0.E0));
#86=VECTOR('',#85,6.E-1);
#87=CARTESIAN_POINT('',(7.175E0,-2.925E0,1.6E0));
#88=LINE('',#87,#86);
#89=DIRECTION('',(0.E0,1.E0,0.E0));
#90=VECTOR('',#89,3.E-1);
#91=CARTESIAN_POINT('',(6.575E0,-3.225E0,1.6E0));
#92=LINE('',#91,#90);
#93=DIRECTION('',(0.E0,1.E0,0.E0));
#94=VECTOR('',#93,3.E-1);
#95=CARTESIAN_POINT('',(5.925E0,-3.225E0,1.6E0));
#96=LINE('',#95,#94);
#97=DIRECTION('',(-1.E0,0.E0,0.E0));
#98=VECTOR('',#97,6.E-1);
#99=CARTESIAN_POINT('',(5.925E0,-2.925E0,1.6E0));
#100=LINE('',#99,#98);
#101=DIRECTION('',(0.E0,1.E0,0.E0));
#102=VECTOR('',#101,3.E-1);
#103=CARTESIAN_POINT('',(5.325E0,-3.225E0,1.6E0));
#104=LINE('',#103,#102);
#105=DIRECTION('',(0.E0,1.E0,0.E0));
#106=VECTOR('',#105,3.E-1);
#107=CARTESIAN_POINT('',(4.675E0,-3.225E0,1.6E0));
#108=LINE('',#107,#106);
#109=DIRECTION('',(-1.E0,0.E0,0.E0));
#110=VECTOR('',#109,6.E-1);
#111=CARTESIAN_POINT('',(4.675E0,-2.925E0,1.6E0));
#112=LINE('',#111,#110);
#113=DIRECTION('',(0.E0,1.E0,0.E0));
#114=VECTOR('',#113,3.E-1);
#115=CARTESIAN_POINT('',(4.075E0,-3.225E0,1.6E0));
#116=LINE('',#115,#114);
#117=DIRECTION('',(0.E0,1.E0,0.E0));
#118=VECTOR('',#117,3.E-1);
#119=CARTESIAN_POINT('',(3.425E0,-3.225E0,1.6E0));
#120=LINE('',#119,#118);
#121=DIRECTION('',(-1.E0,0.E0,0.E0));
#122=VECTOR('',#121,6.E-1);
#123=CARTESIAN_POINT('',(3.425E0,-2.925E0,1.6E0));
#124=LINE('',#123,#122);
#125=DIRECTION('',(0.E0,1.E0,0.E0));
#126=VECTOR('',#125,3.E-1);
#127=CARTESIAN_POINT('',(2.825E0,-3.225E0,1.6E0));
#128=LINE('',#127,#126);
#129=DIRECTION('',(0.E0,1.E0,0.E0));
#130=VECTOR('',#129,3.E-1);
#131=CARTESIAN_POINT('',(2.175E0,-3.225E0,1.6E0));
#132=LINE('',#131,#130);
#133=DIRECTION('',(-1.E0,0.E0,0.E0));
#134=VECTOR('',#133,6.E-1);
#135=CARTESIAN_POINT('',(2.175E0,-2.925E0,1.6E0));
#136=LINE('',#135,#134);
#137=DIRECTION('',(0.E0,1.E0,0.E0));
#138=VECTOR('',#137,3.E-1);
#139=CARTESIAN_POINT('',(1.575E0,-3.225E0,1.6E0));
#140=LINE('',#139,#138);
#141=DIRECTION('',(0.E0,1.E0,0.E0));
#142=VECTOR('',#141,3.E-1);
#143=CARTESIAN_POINT('',(9.25E-1,-3.225E0,1.6E0));
#144=LINE('',#143,#142);
#145=DIRECTION('',(-1.E0,0.E0,0.E0));
#146=VECTOR('',#145,6.E-1);
#147=CARTESIAN_POINT('',(9.25E-1,-2.925E0,1.6E0));
#148=LINE('',#147,#146);
#149=DIRECTION('',(0.E0,1.E0,0.E0));
#150=VECTOR('',#149,3.E-1);
#151=CARTESIAN_POINT('',(3.25E-1,-3.225E0,1.6E0));
#152=LINE('',#151,#150);
#153=DIRECTION('',(0.E0,1.E0,0.E0));
#154=VECTOR('',#153,3.E-1);
#155=CARTESIAN_POINT('',(-3.25E-1,-3.225E0,1.6E0));
#156=LINE('',#155,#154);
#157=DIRECTION('',(-1.E0,0.E0,0.E0));
#158=VECTOR('',#157,6.E-1);
#159=CARTESIAN_POINT('',(-3.25E-1,-2.925E0,1.6E0));
#160=LINE('',#159,#158);
#161=DIRECTION('',(0.E0,1.E0,0.E0));
#162=VECTOR('',#161,3.E-1);
#163=CARTESIAN_POINT('',(-9.25E-1,-3.225E0,1.6E0));
#164=LINE('',#163,#162);
#165=DIRECTION('',(0.E0,1.E0,0.E0));
#166=VECTOR('',#165,3.E-1);
#167=CARTESIAN_POINT('',(-1.575E0,-3.225E0,1.6E0));
#168=LINE('',#167,#166);
#169=DIRECTION('',(-1.E0,0.E0,0.E0));
#170=VECTOR('',#169,6.E-1);
#171=CARTESIAN_POINT('',(-1.575E0,-2.925E0,1.6E0));
#172=LINE('',#171,#170);
#173=DIRECTION('',(0.E0,1.E0,0.E0));
#174=VECTOR('',#173,3.E-1);
#175=CARTESIAN_POINT('',(-2.175E0,-3.225E0,1.6E0));
#176=LINE('',#175,#174);
#177=DIRECTION('',(0.E0,1.E0,0.E0));
#178=VECTOR('',#177,3.E-1);
#179=CARTESIAN_POINT('',(-2.825E0,-3.225E0,1.6E0));
#180=LINE('',#179,#178);
#181=DIRECTION('',(-1.E0,0.E0,0.E0));
#182=VECTOR('',#181,6.E-1);
#183=CARTESIAN_POINT('',(-2.825E0,-2.925E0,1.6E0));
#184=LINE('',#183,#182);
#185=DIRECTION('',(0.E0,1.E0,0.E0));
#186=VECTOR('',#185,3.E-1);
#187=CARTESIAN_POINT('',(-3.425E0,-3.225E0,1.6E0));
#188=LINE('',#187,#186);
#189=DIRECTION('',(0.E0,1.E0,0.E0));
#190=VECTOR('',#189,3.E-1);
#191=CARTESIAN_POINT('',(-4.075E0,-3.225E0,1.6E0));
#192=LINE('',#191,#190);
#193=DIRECTION('',(-1.E0,0.E0,0.E0));
#194=VECTOR('',#193,6.E-1);
#195=CARTESIAN_POINT('',(-4.075E0,-2.925E0,1.6E0));
#196=LINE('',#195,#194);
#197=DIRECTION('',(0.E0,1.E0,0.E0));
#198=VECTOR('',#197,3.E-1);
#199=CARTESIAN_POINT('',(-4.675E0,-3.225E0,1.6E0));
#200=LINE('',#199,#198);
#201=DIRECTION('',(0.E0,1.E0,0.E0));
#202=VECTOR('',#201,3.E-1);
#203=CARTESIAN_POINT('',(-5.325E0,-3.225E0,1.6E0));
#204=LINE('',#203,#202);
#205=DIRECTION('',(-1.E0,0.E0,0.E0));
#206=VECTOR('',#205,6.E-1);
#207=CARTESIAN_POINT('',(-5.325E0,-2.925E0,1.6E0));
#208=LINE('',#207,#206);
#209=DIRECTION('',(0.E0,1.E0,0.E0));
#210=VECTOR('',#209,3.E-1);
#211=CARTESIAN_POINT('',(-5.925E0,-3.225E0,1.6E0));
#212=LINE('',#211,#210);
#213=DIRECTION('',(0.E0,1.E0,0.E0));
#214=VECTOR('',#213,3.E-1);
#215=CARTESIAN_POINT('',(-6.575E0,-3.225E0,1.6E0));
#216=LINE('',#215,#214);
#217=DIRECTION('',(-1.E0,0.E0,0.E0));
#218=VECTOR('',#217,6.E-1);
#219=CARTESIAN_POINT('',(-6.575E0,-2.925E0,1.6E0));
#220=LINE('',#219,#218);
#221=DIRECTION('',(0.E0,1.E0,0.E0));
#222=VECTOR('',#221,3.E-1);
#223=CARTESIAN_POINT('',(-7.175E0,-3.225E0,1.6E0));
#224=LINE('',#223,#222);
#225=DIRECTION('',(0.E0,1.E0,0.E0));
#226=VECTOR('',#225,2.5E-1);
#227=CARTESIAN_POINT('',(-7.875E0,-3.225E0,1.6E0));
#228=LINE('',#227,#226);
#229=DIRECTION('',(1.E0,0.E0,0.E0));
#230=VECTOR('',#229,5.E-1);
#231=CARTESIAN_POINT('',(-8.375E0,-2.975E0,1.6E0));
#232=LINE('',#231,#230);
#233=DIRECTION('',(0.E0,1.E0,0.E0));
#234=VECTOR('',#233,2.95E0);
#235=CARTESIAN_POINT('',(-8.375E0,-2.975E0,1.6E0));
#236=LINE('',#235,#234);
#237=DIRECTION('',(1.E0,0.E0,0.E0));
#238=VECTOR('',#237,9.5E-1);
#239=CARTESIAN_POINT('',(-8.375E0,-2.500000000001E-2,1.6E0));
#240=LINE('',#239,#238);
#241=DIRECTION('',(0.E0,-1.E0,0.E0));
#242=VECTOR('',#241,6.E-1);
#243=CARTESIAN_POINT('',(-7.425E0,-2.500000000001E-2,1.6E0));
#244=LINE('',#243,#242);
#245=DIRECTION('',(1.E0,0.E0,0.E0));
#246=VECTOR('',#245,1.485E1);
#247=CARTESIAN_POINT('',(-7.425E0,-6.25E-1,1.6E0));
#248=LINE('',#247,#246);
#249=DIRECTION('',(0.E0,1.E0,0.E0));
#250=VECTOR('',#249,6.E-1);
#251=CARTESIAN_POINT('',(7.425E0,-6.25E-1,1.6E0));
#252=LINE('',#251,#250);
#253=DIRECTION('',(-1.E0,0.E0,0.E0));
#254=VECTOR('',#253,9.5E-1);
#255=CARTESIAN_POINT('',(8.375E0,-2.500000000001E-2,1.6E0));
#256=LINE('',#255,#254);
#257=DIRECTION('',(0.E0,1.E0,0.E0));
#258=VECTOR('',#257,2.5E-1);
#259=CARTESIAN_POINT('',(8.375E0,-3.225E0,1.E0));
#260=LINE('',#259,#258);
#261=DIRECTION('',(0.E0,0.E0,-1.E0));
#262=VECTOR('',#261,6.E-1);
#263=CARTESIAN_POINT('',(8.375E0,-2.975E0,1.6E0));
#264=LINE('',#263,#262);
#265=DIRECTION('',(0.E0,1.E0,0.E0));
#266=VECTOR('',#265,2.95E0);
#267=CARTESIAN_POINT('',(8.375E0,-2.975E0,1.6E0));
#268=LINE('',#267,#266);
#269=DIRECTION('',(0.E0,0.E0,-1.E0));
#270=VECTOR('',#269,4.E-1);
#271=CARTESIAN_POINT('',(8.375E0,-2.500000000001E-2,1.6E0));
#272=LINE('',#271,#270);
#273=DIRECTION('',(0.E0,-1.E0,0.E0));
#274=VECTOR('',#273,1.E0);
#275=CARTESIAN_POINT('',(8.375E0,9.75E-1,1.2E0));
#276=LINE('',#275,#274);
#277=DIRECTION('',(0.E0,9.333456062031E-1,3.589790793089E-1));
#278=VECTOR('',#277,1.392838827718E0);
#279=CARTESIAN_POINT('',(8.375E0,-4.525E0,1.E-1));
#280=LINE('',#279,#278);
#281=DIRECTION('',(0.E0,0.E0,-1.E0));
#282=VECTOR('',#281,4.E-1);
#283=CARTESIAN_POINT('',(8.375E0,-3.225E0,1.E0));
#284=LINE('',#283,#282);
#285=DIRECTION('',(1.E0,0.E0,0.E0));
#286=VECTOR('',#285,3.5E-1);
#287=CARTESIAN_POINT('',(7.425E0,-2.500000000001E-2,1.4E0));
#288=LINE('',#287,#286);
#289=DIRECTION('',(0.E0,0.E0,-1.E0));
#290=VECTOR('',#289,2.E-1);
#291=CARTESIAN_POINT('',(7.775E0,-2.500000000001E-2,1.4E0));
#292=LINE('',#291,#290);
#293=DIRECTION('',(0.E0,0.E0,-1.E0));
#294=VECTOR('',#293,2.E-1);
#295=CARTESIAN_POINT('',(7.425E0,-2.500000000001E-2,1.6E0));
#296=LINE('',#295,#294);
#297=DIRECTION('',(0.E0,7.071067811865E-1,7.071067811865E-1));
#298=VECTOR('',#297,2.828427124746E-1);
#299=CARTESIAN_POINT('',(7.775E0,-2.25E-1,1.2E0));
#300=LINE('',#299,#298);
#301=DIRECTION('',(0.E0,0.E0,-1.E0));
#302=VECTOR('',#301,2.E-1);
#303=CARTESIAN_POINT('',(7.425E0,-6.25E-1,1.6E0));
#304=LINE('',#303,#302);
#305=DIRECTION('',(0.E0,1.E0,0.E0));
#306=VECTOR('',#305,6.E-1);
#307=CARTESIAN_POINT('',(7.425E0,-8.25E-1,1.2E0));
#308=LINE('',#307,#306);
#309=DIRECTION('',(0.E0,-7.071067811865E-1,-7.071067811865E-1));
#310=VECTOR('',#309,2.828427124746E-1);
#311=CARTESIAN_POINT('',(7.425E0,-2.500000000001E-2,1.4E0));
#312=LINE('',#311,#310);
#313=DIRECTION('',(1.E0,0.E0,0.E0));
#314=VECTOR('',#313,1.485E1);
#315=CARTESIAN_POINT('',(-7.425E0,-6.25E-1,1.4E0));
#316=LINE('',#315,#314);
#317=DIRECTION('',(0.E0,0.E0,-1.E0));
#318=VECTOR('',#317,2.E-1);
#319=CARTESIAN_POINT('',(-7.425E0,-6.25E-1,1.6E0));
#320=LINE('',#319,#318);
#321=DIRECTION('',(0.E0,-7.071067811865E-1,-7.071067811865E-1));
#322=VECTOR('',#321,2.828427124746E-1);
#323=CARTESIAN_POINT('',(-7.425E0,-6.25E-1,1.4E0));
#324=LINE('',#323,#322);
#325=DIRECTION('',(0.E0,7.071067811865E-1,7.071067811865E-1));
#326=VECTOR('',#325,2.828427124746E-1);
#327=CARTESIAN_POINT('',(7.425E0,-8.25E-1,1.2E0));
#328=LINE('',#327,#326);
#329=DIRECTION('',(0.E0,-1.E0,0.E0));
#330=VECTOR('',#329,6.E-1);
#331=CARTESIAN_POINT('',(-7.425E0,-2.25E-1,1.2E0));
#332=LINE('',#331,#330);
#333=DIRECTION('',(0.E0,0.E0,-1.E0));
#334=VECTOR('',#333,2.E-1);
#335=CARTESIAN_POINT('',(-7.425E0,-2.500000000001E-2,1.6E0));
#336=LINE('',#335,#334);
#337=DIRECTION('',(0.E0,7.071067811865E-1,7.071067811865E-1));
#338=VECTOR('',#337,2.828427124746E-1);
#339=CARTESIAN_POINT('',(-7.425E0,-2.25E-1,1.2E0));
#340=LINE('',#339,#338);
#341=DIRECTION('',(1.E0,0.E0,0.E0));
#342=VECTOR('',#341,3.5E-1);
#343=CARTESIAN_POINT('',(-7.775E0,-2.25E-1,1.2E0));
#344=LINE('',#343,#342);
#345=DIRECTION('',(0.E0,-1.E0,0.E0));
#346=VECTOR('',#345,1.75E0);
#347=CARTESIAN_POINT('',(-7.775E0,-2.25E-1,1.2E0));
#348=LINE('',#347,#346);
#349=DIRECTION('',(1.E0,0.E0,0.E0));
#350=VECTOR('',#349,3.5E-1);
#351=CARTESIAN_POINT('',(7.425E0,-2.25E-1,1.2E0));
#352=LINE('',#351,#350);
#353=DIRECTION('',(1.E0,0.E0,0.E0));
#354=VECTOR('',#353,1.485E1);
#355=CARTESIAN_POINT('',(-7.425E0,-8.25E-1,1.2E0));
#356=LINE('',#355,#354);
#357=DIRECTION('',(0.E0,-7.071067811865E-1,-7.071067811865E-1));
#358=VECTOR('',#357,2.828427124746E-1);
#359=CARTESIAN_POINT('',(-7.775E0,-2.500000000001E-2,1.4E0));
#360=LINE('',#359,#358);
#361=DIRECTION('',(1.E0,0.E0,0.E0));
#362=VECTOR('',#361,3.5E-1);
#363=CARTESIAN_POINT('',(-7.775E0,-2.500000000001E-2,1.4E0));
#364=LINE('',#363,#362);
#365=DIRECTION('',(0.E0,0.E0,-1.E0));
#366=VECTOR('',#365,2.E-1);
#367=CARTESIAN_POINT('',(-7.775E0,-2.500000000001E-2,1.4E0));
#368=LINE('',#367,#366);
#369=DIRECTION('',(1.E0,0.E0,0.E0));
#370=VECTOR('',#369,6.E-1);
#371=CARTESIAN_POINT('',(-8.375E0,-2.500000000001E-2,1.2E0));
#372=LINE('',#371,#370);
#373=DIRECTION('',(1.E0,0.E0,0.E0));
#374=VECTOR('',#373,6.E-1);
#375=CARTESIAN_POINT('',(7.775E0,-2.500000000001E-2,1.2E0));
#376=LINE('',#375,#374);
#377=DIRECTION('',(0.E0,0.E0,1.E0));
#378=VECTOR('',#377,8.5E-1);
#379=CARTESIAN_POINT('',(-8.075E0,9.75E-1,-4.5E-1));
#380=LINE('',#379,#378);
#381=DIRECTION('',(1.E0,0.E0,0.E0));
#382=VECTOR('',#381,3.E-1);
#383=CARTESIAN_POINT('',(-8.375E0,9.75E-1,1.2E0));
#384=LINE('',#383,#382);
#385=DIRECTION('',(0.E0,0.E0,1.E0));
#386=VECTOR('',#385,3.1E0);
#387=CARTESIAN_POINT('',(-8.375E0,9.75E-1,-1.9E0));
#388=LINE('',#387,#386);
#389=DIRECTION('',(-1.E0,0.E0,0.E0));
#390=VECTOR('',#389,7.5E-1);
#391=CARTESIAN_POINT('',(-7.625E0,9.75E-1,-1.9E0));
#392=LINE('',#391,#390);
#393=DIRECTION('',(4.144832625267E-14,0.E0,1.E0));
#394=VECTOR('',#393,3.E-1);
#395=CARTESIAN_POINT('',(-7.625E0,9.75E-1,-1.9E0));
#396=LINE('',#395,#394);
#397=DIRECTION('',(1.E0,0.E0,0.E0));
#398=VECTOR('',#397,1.525E1);
#399=CARTESIAN_POINT('',(-7.625E0,9.75E-1,-1.6E0));
#400=LINE('',#399,#398);
#401=DIRECTION('',(0.E0,0.E0,1.E0));
#402=VECTOR('',#401,3.E-1);
#403=CARTESIAN_POINT('',(7.625E0,9.75E-1,-1.9E0));
#404=LINE('',#403,#402);
#405=DIRECTION('',(-1.E0,0.E0,0.E0));
#406=VECTOR('',#405,7.5E-1);
#407=CARTESIAN_POINT('',(8.375E0,9.75E-1,-1.9E0));
#408=LINE('',#407,#406);
#409=DIRECTION('',(0.E0,0.E0,-1.E0));
#410=VECTOR('',#409,3.1E0);
#411=CARTESIAN_POINT('',(8.375E0,9.75E-1,1.2E0));
#412=LINE('',#411,#410);
#413=DIRECTION('',(1.E0,0.E0,0.E0));
#414=VECTOR('',#413,3.E-1);
#415=CARTESIAN_POINT('',(8.075E0,9.75E-1,1.2E0));
#416=LINE('',#415,#414);
#417=DIRECTION('',(0.E0,0.E0,-1.E0));
#418=VECTOR('',#417,8.5E-1);
#419=CARTESIAN_POINT('',(8.075E0,9.75E-1,4.E-1));
#420=LINE('',#419,#418);
#421=DIRECTION('',(1.E0,0.E0,0.E0));
#422=VECTOR('',#421,1.615E1);
#423=CARTESIAN_POINT('',(-8.075E0,9.75E-1,-1.4E0));
#424=LINE('',#423,#422);
#425=DIRECTION('',(0.E0,-1.E0,0.E0));
#426=VECTOR('',#425,2.95E0);
#427=CARTESIAN_POINT('',(-8.075E0,9.75E-1,-4.5E-1));
#428=LINE('',#427,#426);
#429=DIRECTION('',(0.E0,1.E0,0.E0));
#430=VECTOR('',#429,2.75E0);
#431=CARTESIAN_POINT('',(-7.775E0,-1.975E0,4.E-1));
#432=LINE('',#431,#430);
#433=DIRECTION('',(0.E0,-1.E0,0.E0));
#434=VECTOR('',#433,8.E-1);
#435=CARTESIAN_POINT('',(-7.775E0,7.75E-1,1.2E0));
#436=LINE('',#435,#434);
#437=DIRECTION('',(0.E0,1.E0,0.E0));
#438=VECTOR('',#437,2.75E0);
#439=CARTESIAN_POINT('',(-7.775E0,-1.975E0,-4.5E-1));
#440=LINE('',#439,#438);
#441=DIRECTION('',(0.E0,-1.E0,0.E0));
#442=VECTOR('',#441,2.75E0);
#443=CARTESIAN_POINT('',(-7.775E0,7.75E-1,-1.2E0));
#444=LINE('',#443,#442);
#445=DIRECTION('',(0.E0,-1.E0,0.E0));
#446=VECTOR('',#445,2.95E0);
#447=CARTESIAN_POINT('',(-8.075E0,9.75E-1,4.E-1));
#448=LINE('',#447,#446);
#449=DIRECTION('',(8.320502943378E-1,-5.547001962252E-1,0.E0));
#450=VECTOR('',#449,3.605551275464E-1);
#451=CARTESIAN_POINT('',(-8.075E0,9.75E-1,4.E-1));
#452=LINE('',#451,#450);
#453=DIRECTION('',(0.E0,0.E0,1.E0));
#454=VECTOR('',#453,8.E-1);
#455=CARTESIAN_POINT('',(-7.775E0,7.75E-1,4.E-1));
#456=LINE('',#455,#454);
#457=DIRECTION('',(8.320502943378E-1,-5.547001962252E-1,0.E0));
#458=VECTOR('',#457,3.605551275464E-1);
#459=CARTESIAN_POINT('',(-8.075E0,9.75E-1,1.2E0));
#460=LINE('',#459,#458);
#461=DIRECTION('',(0.E0,0.E0,-1.E0));
#462=VECTOR('',#461,8.E-1);
#463=CARTESIAN_POINT('',(-8.075E0,9.75E-1,1.2E0));
#464=LINE('',#463,#462);
#465=DIRECTION('',(8.320502943378E-1,-5.547001962252E-1,0.E0));
#466=VECTOR('',#465,3.605551275464E-1);
#467=CARTESIAN_POINT('',(-8.075E0,9.75E-1,-4.5E-1));
#468=LINE('',#467,#466);
#469=DIRECTION('',(0.E0,0.E0,-1.E0));
#470=VECTOR('',#469,9.5E-1);
#471=CARTESIAN_POINT('',(-8.075E0,9.75E-1,-4.5E-1));
#472=LINE('',#471,#470);
#473=DIRECTION('',(0.E0,0.E0,1.E0));
#474=VECTOR('',#473,7.5E-1);
#475=CARTESIAN_POINT('',(-7.775E0,7.75E-1,-1.2E0));
#476=LINE('',#475,#474);
#477=DIRECTION('',(-7.276068751090E-1,4.850712500727E-1,-4.850712500727E-1));
#478=VECTOR('',#477,4.123105625618E-1);
#479=CARTESIAN_POINT('',(-7.775E0,7.75E-1,-1.2E0));
#480=LINE('',#479,#478);
#481=DIRECTION('',(-7.276068751090E-1,-4.850712500727E-1,4.850712500727E-1));
#482=VECTOR('',#481,4.123105625618E-1);
#483=CARTESIAN_POINT('',(8.075E0,9.75E-1,-1.4E0));
#484=LINE('',#483,#482);
#485=DIRECTION('',(1.E0,0.E0,0.E0));
#486=VECTOR('',#485,1.555E1);
#487=CARTESIAN_POINT('',(-7.775E0,7.75E-1,-1.2E0));
#488=LINE('',#487,#486);
#489=DIRECTION('',(0.E0,-1.E0,0.E0));
#490=VECTOR('',#489,2.75E0);
#491=CARTESIAN_POINT('',(7.775E0,7.75E-1,-1.2E0));
#492=LINE('',#491,#490);
#493=DIRECTION('',(1.E0,0.E0,0.E0));
#494=VECTOR('',#493,1.1E0);
#495=CARTESIAN_POINT('',(5.7E0,-4.75E-1,-1.2E0));
#496=LINE('',#495,#494);
#497=DIRECTION('',(0.E0,1.E0,0.E0));
#498=VECTOR('',#497,1.15E0);
#499=CARTESIAN_POINT('',(5.7E0,-1.625E0,-1.2E0));
#500=LINE('',#499,#498);
#501=DIRECTION('',(1.E0,0.E0,0.E0));
#502=VECTOR('',#501,1.1E0);
#503=CARTESIAN_POINT('',(5.7E0,-1.625E0,-1.2E0));
#504=LINE('',#503,#502);
#505=DIRECTION('',(0.E0,1.E0,0.E0));
#506=VECTOR('',#505,1.15E0);
#507=CARTESIAN_POINT('',(6.8E0,-1.625E0,-1.2E0));
#508=LINE('',#507,#506);
#509=DIRECTION('',(1.E0,0.E0,0.E0));
#510=VECTOR('',#509,1.1E0);
#511=CARTESIAN_POINT('',(-6.8E0,-4.75E-1,-1.2E0));
#512=LINE('',#511,#510);
#513=DIRECTION('',(0.E0,1.E0,0.E0));
#514=VECTOR('',#513,1.15E0);
#515=CARTESIAN_POINT('',(-6.8E0,-1.625E0,-1.2E0));
#516=LINE('',#515,#514);
#517=DIRECTION('',(1.E0,0.E0,0.E0));
#518=VECTOR('',#517,1.1E0);
#519=CARTESIAN_POINT('',(-6.8E0,-1.625E0,-1.2E0));
#520=LINE('',#519,#518);
#521=DIRECTION('',(0.E0,1.E0,0.E0));
#522=VECTOR('',#521,1.15E0);
#523=CARTESIAN_POINT('',(-5.7E0,-1.625E0,-1.2E0));
#524=LINE('',#523,#522);
#525=DIRECTION('',(0.E0,1.E0,0.E0));
#526=VECTOR('',#525,2.75E0);
#527=CARTESIAN_POINT('',(7.775E0,-1.975E0,-4.5E-1));
#528=LINE('',#527,#526);
#529=DIRECTION('',(0.E0,1.E0,0.E0));
#530=VECTOR('',#529,2.75E0);
#531=CARTESIAN_POINT('',(7.775E0,-1.975E0,4.E-1));
#532=LINE('',#531,#530);
#533=DIRECTION('',(0.E0,-1.E0,0.E0));
#534=VECTOR('',#533,8.E-1);
#535=CARTESIAN_POINT('',(7.775E0,7.75E-1,1.2E0));
#536=LINE('',#535,#534);
#537=DIRECTION('',(0.E0,-1.E0,0.E0));
#538=VECTOR('',#537,1.75E0);
#539=CARTESIAN_POINT('',(7.775E0,-2.25E-1,1.2E0));
#540=LINE('',#539,#538);
#541=DIRECTION('',(0.E0,-1.E0,0.E0));
#542=VECTOR('',#541,2.95E0);
#543=CARTESIAN_POINT('',(8.075E0,9.75E-1,-4.5E-1));
#544=LINE('',#543,#542);
#545=DIRECTION('',(-8.320502943378E-1,-5.547001962252E-1,0.E0));
#546=VECTOR('',#545,3.605551275464E-1);
#547=CARTESIAN_POINT('',(8.075E0,9.75E-1,-4.5E-1));
#548=LINE('',#547,#546);
#549=DIRECTION('',(0.E0,0.E0,-1.E0));
#550=VECTOR('',#549,7.5E-1);
#551=CARTESIAN_POINT('',(7.775E0,7.75E-1,-4.5E-1));
#552=LINE('',#551,#550);
#553=DIRECTION('',(0.E0,0.E0,1.E0));
#554=VECTOR('',#553,9.5E-1);
#555=CARTESIAN_POINT('',(8.075E0,9.75E-1,-1.4E0));
#556=LINE('',#555,#554);
#557=DIRECTION('',(-8.320502943378E-1,-5.547001962252E-1,0.E0));
#558=VECTOR('',#557,3.605551275464E-1);
#559=CARTESIAN_POINT('',(8.075E0,9.75E-1,4.E-1));
#560=LINE('',#559,#558);
#561=DIRECTION('',(0.E0,0.E0,1.E0));
#562=VECTOR('',#561,8.E-1);
#563=CARTESIAN_POINT('',(8.075E0,9.75E-1,4.E-1));
#564=LINE('',#563,#562);
#565=DIRECTION('',(-8.320502943378E-1,-5.547001962252E-1,0.E0));
#566=VECTOR('',#565,3.605551275464E-1);
#567=CARTESIAN_POINT('',(8.075E0,9.75E-1,1.2E0));
#568=LINE('',#567,#566);
#569=DIRECTION('',(0.E0,0.E0,-1.E0));
#570=VECTOR('',#569,8.E-1);
#571=CARTESIAN_POINT('',(7.775E0,7.75E-1,1.2E0));
#572=LINE('',#571,#570);
#573=DIRECTION('',(0.E0,0.E0,-1.E0));
#574=VECTOR('',#573,7.5E-1);
#575=CARTESIAN_POINT('',(7.775E0,-1.975E0,-4.5E-1));
#576=LINE('',#575,#574);
#577=DIRECTION('',(-1.E0,0.E0,0.E0));
#578=VECTOR('',#577,3.E-1);
#579=CARTESIAN_POINT('',(8.075E0,-1.975E0,-4.5E-1));
#580=LINE('',#579,#578);
#581=DIRECTION('',(0.E0,0.E0,-1.E0));
#582=VECTOR('',#581,8.5E-1);
#583=CARTESIAN_POINT('',(8.075E0,-1.975E0,4.E-1));
#584=LINE('',#583,#582);
#585=DIRECTION('',(1.E0,0.E0,0.E0));
#586=VECTOR('',#585,3.E-1);
#587=CARTESIAN_POINT('',(7.775E0,-1.975E0,4.E-1));
#588=LINE('',#587,#586);
#589=DIRECTION('',(0.E0,0.E0,-1.E0));
#590=VECTOR('',#589,8.E-1);
#591=CARTESIAN_POINT('',(7.775E0,-1.975E0,1.2E0));
#592=LINE('',#591,#590);
#593=DIRECTION('',(1.E0,0.E0,0.E0));
#594=VECTOR('',#593,1.555E1);
#595=CARTESIAN_POINT('',(-7.775E0,-1.975E0,1.2E0));
#596=LINE('',#595,#594);
#597=DIRECTION('',(0.E0,0.E0,1.E0));
#598=VECTOR('',#597,8.E-1);
#599=CARTESIAN_POINT('',(-7.775E0,-1.975E0,4.E-1));
#600=LINE('',#599,#598);
#601=DIRECTION('',(1.E0,0.E0,0.E0));
#602=VECTOR('',#601,3.E-1);
#603=CARTESIAN_POINT('',(-8.075E0,-1.975E0,4.E-1));
#604=LINE('',#603,#602);
#605=DIRECTION('',(0.E0,0.E0,1.E0));
#606=VECTOR('',#605,8.5E-1);
#607=CARTESIAN_POINT('',(-8.075E0,-1.975E0,-4.5E-1));
#608=LINE('',#607,#606);
#609=DIRECTION('',(-1.E0,0.E0,0.E0));
#610=VECTOR('',#609,3.E-1);
#611=CARTESIAN_POINT('',(-7.775E0,-1.975E0,-4.5E-1));
#612=LINE('',#611,#610);
#613=DIRECTION('',(0.E0,0.E0,1.E0));
#614=VECTOR('',#613,7.5E-1);
#615=CARTESIAN_POINT('',(-7.775E0,-1.975E0,-1.2E0));
#616=LINE('',#615,#614);
#617=DIRECTION('',(-1.E0,0.E0,0.E0));
#618=VECTOR('',#617,1.555E1);
#619=CARTESIAN_POINT('',(7.775E0,-1.975E0,-1.2E0));
#620=LINE('',#619,#618);
#621=DIRECTION('',(1.E0,0.E0,0.E0));
#622=VECTOR('',#621,3.2E-1);
#623=CARTESIAN_POINT('',(6.715E0,-1.975E0,-1.75E-1));
#624=LINE('',#623,#622);
#625=DIRECTION('',(0.E0,0.E0,1.E0));
#626=VECTOR('',#625,6.E-1);
#627=CARTESIAN_POINT('',(7.035E0,-1.975E0,-7.75E-1));
#628=LINE('',#627,#626);
#629=DIRECTION('',(1.E0,0.E0,0.E0));
#630=VECTOR('',#629,3.2E-1);
#631=CARTESIAN_POINT('',(6.715E0,-1.975E0,-7.75E-1));
#632=LINE('',#631,#630);
#633=DIRECTION('',(0.E0,0.E0,1.E0));
#634=VECTOR('',#633,6.E-1);
#635=CARTESIAN_POINT('',(6.715E0,-1.975E0,-7.75E-1));
#636=LINE('',#635,#634);
#637=DIRECTION('',(1.E0,0.E0,0.E0));
#638=VECTOR('',#637,3.2E-1);
#639=CARTESIAN_POINT('',(5.465E0,-1.975E0,-1.75E-1));
#640=LINE('',#639,#638);
#641=DIRECTION('',(0.E0,0.E0,1.E0));
#642=VECTOR('',#641,6.E-1);
#643=CARTESIAN_POINT('',(5.785E0,-1.975E0,-7.75E-1));
#644=LINE('',#643,#642);
#645=DIRECTION('',(1.E0,0.E0,0.E0));
#646=VECTOR('',#645,3.2E-1);
#647=CARTESIAN_POINT('',(5.465E0,-1.975E0,-7.75E-1));
#648=LINE('',#647,#646);
#649=DIRECTION('',(0.E0,0.E0,1.E0));
#650=VECTOR('',#649,6.E-1);
#651=CARTESIAN_POINT('',(5.465E0,-1.975E0,-7.75E-1));
#652=LINE('',#651,#650);
#653=DIRECTION('',(1.E0,0.E0,0.E0));
#654=VECTOR('',#653,3.2E-1);
#655=CARTESIAN_POINT('',(4.215E0,-1.975E0,-1.75E-1));
#656=LINE('',#655,#654);
#657=DIRECTION('',(0.E0,0.E0,1.E0));
#658=VECTOR('',#657,6.E-1);
#659=CARTESIAN_POINT('',(4.535E0,-1.975E0,-7.75E-1));
#660=LINE('',#659,#658);
#661=DIRECTION('',(1.E0,0.E0,0.E0));
#662=VECTOR('',#661,3.2E-1);
#663=CARTESIAN_POINT('',(4.215E0,-1.975E0,-7.75E-1));
#664=LINE('',#663,#662);
#665=DIRECTION('',(0.E0,0.E0,1.E0));
#666=VECTOR('',#665,6.E-1);
#667=CARTESIAN_POINT('',(4.215E0,-1.975E0,-7.75E-1));
#668=LINE('',#667,#666);
#669=DIRECTION('',(1.E0,0.E0,0.E0));
#670=VECTOR('',#669,3.2E-1);
#671=CARTESIAN_POINT('',(2.965E0,-1.975E0,-1.75E-1));
#672=LINE('',#671,#670);
#673=DIRECTION('',(0.E0,0.E0,1.E0));
#674=VECTOR('',#673,6.E-1);
#675=CARTESIAN_POINT('',(3.285E0,-1.975E0,-7.75E-1));
#676=LINE('',#675,#674);
#677=DIRECTION('',(1.E0,0.E0,0.E0));
#678=VECTOR('',#677,3.2E-1);
#679=CARTESIAN_POINT('',(2.965E0,-1.975E0,-7.75E-1));
#680=LINE('',#679,#678);
#681=DIRECTION('',(0.E0,0.E0,1.E0));
#682=VECTOR('',#681,6.E-1);
#683=CARTESIAN_POINT('',(2.965E0,-1.975E0,-7.75E-1));
#684=LINE('',#683,#682);
#685=DIRECTION('',(1.E0,0.E0,0.E0));
#686=VECTOR('',#685,3.2E-1);
#687=CARTESIAN_POINT('',(1.715E0,-1.975E0,-1.75E-1));
#688=LINE('',#687,#686);
#689=DIRECTION('',(0.E0,0.E0,1.E0));
#690=VECTOR('',#689,6.E-1);
#691=CARTESIAN_POINT('',(2.035E0,-1.975E0,-7.75E-1));
#692=LINE('',#691,#690);
#693=DIRECTION('',(1.E0,0.E0,0.E0));
#694=VECTOR('',#693,3.2E-1);
#695=CARTESIAN_POINT('',(1.715E0,-1.975E0,-7.75E-1));
#696=LINE('',#695,#694);
#697=DIRECTION('',(0.E0,0.E0,1.E0));
#698=VECTOR('',#697,6.E-1);
#699=CARTESIAN_POINT('',(1.715E0,-1.975E0,-7.75E-1));
#700=LINE('',#699,#698);
#701=DIRECTION('',(1.E0,0.E0,0.E0));
#702=VECTOR('',#701,3.2E-1);
#703=CARTESIAN_POINT('',(4.65E-1,-1.975E0,-1.75E-1));
#704=LINE('',#703,#702);
#705=DIRECTION('',(0.E0,0.E0,1.E0));
#706=VECTOR('',#705,6.E-1);
#707=CARTESIAN_POINT('',(7.85E-1,-1.975E0,-7.75E-1));
#708=LINE('',#707,#706);
#709=DIRECTION('',(1.E0,0.E0,0.E0));
#710=VECTOR('',#709,3.2E-1);
#711=CARTESIAN_POINT('',(4.65E-1,-1.975E0,-7.75E-1));
#712=LINE('',#711,#710);
#713=DIRECTION('',(0.E0,0.E0,1.E0));
#714=VECTOR('',#713,6.E-1);
#715=CARTESIAN_POINT('',(4.65E-1,-1.975E0,-7.75E-1));
#716=LINE('',#715,#714);
#717=DIRECTION('',(1.E0,0.E0,0.E0));
#718=VECTOR('',#717,3.2E-1);
#719=CARTESIAN_POINT('',(-7.85E-1,-1.975E0,-1.75E-1));
#720=LINE('',#719,#718);
#721=DIRECTION('',(0.E0,0.E0,1.E0));
#722=VECTOR('',#721,6.E-1);
#723=CARTESIAN_POINT('',(-4.65E-1,-1.975E0,-7.75E-1));
#724=LINE('',#723,#722);
#725=DIRECTION('',(1.E0,0.E0,0.E0));
#726=VECTOR('',#725,3.2E-1);
#727=CARTESIAN_POINT('',(-7.85E-1,-1.975E0,-7.75E-1));
#728=LINE('',#727,#726);
#729=DIRECTION('',(0.E0,0.E0,1.E0));
#730=VECTOR('',#729,6.E-1);
#731=CARTESIAN_POINT('',(-7.85E-1,-1.975E0,-7.75E-1));
#732=LINE('',#731,#730);
#733=DIRECTION('',(1.E0,0.E0,0.E0));
#734=VECTOR('',#733,3.2E-1);
#735=CARTESIAN_POINT('',(-2.035E0,-1.975E0,-1.75E-1));
#736=LINE('',#735,#734);
#737=DIRECTION('',(0.E0,0.E0,1.E0));
#738=VECTOR('',#737,6.E-1);
#739=CARTESIAN_POINT('',(-1.715E0,-1.975E0,-7.75E-1));
#740=LINE('',#739,#738);
#741=DIRECTION('',(1.E0,0.E0,0.E0));
#742=VECTOR('',#741,3.2E-1);
#743=CARTESIAN_POINT('',(-2.035E0,-1.975E0,-7.75E-1));
#744=LINE('',#743,#742);
#745=DIRECTION('',(0.E0,0.E0,1.E0));
#746=VECTOR('',#745,6.E-1);
#747=CARTESIAN_POINT('',(-2.035E0,-1.975E0,-7.75E-1));
#748=LINE('',#747,#746);
#749=DIRECTION('',(1.E0,0.E0,0.E0));
#750=VECTOR('',#749,3.2E-1);
#751=CARTESIAN_POINT('',(-3.285E0,-1.975E0,-1.75E-1));
#752=LINE('',#751,#750);
#753=DIRECTION('',(0.E0,0.E0,1.E0));
#754=VECTOR('',#753,6.E-1);
#755=CARTESIAN_POINT('',(-2.965E0,-1.975E0,-7.75E-1));
#756=LINE('',#755,#754);
#757=DIRECTION('',(1.E0,0.E0,0.E0));
#758=VECTOR('',#757,3.2E-1);
#759=CARTESIAN_POINT('',(-3.285E0,-1.975E0,-7.75E-1));
#760=LINE('',#759,#758);
#761=DIRECTION('',(0.E0,0.E0,1.E0));
#762=VECTOR('',#761,6.E-1);
#763=CARTESIAN_POINT('',(-3.285E0,-1.975E0,-7.75E-1));
#764=LINE('',#763,#762);
#765=DIRECTION('',(1.E0,0.E0,0.E0));
#766=VECTOR('',#765,3.2E-1);
#767=CARTESIAN_POINT('',(-4.535E0,-1.975E0,-1.75E-1));
#768=LINE('',#767,#766);
#769=DIRECTION('',(0.E0,0.E0,1.E0));
#770=VECTOR('',#769,6.E-1);
#771=CARTESIAN_POINT('',(-4.215E0,-1.975E0,-7.75E-1));
#772=LINE('',#771,#770);
#773=DIRECTION('',(1.E0,0.E0,0.E0));
#774=VECTOR('',#773,3.2E-1);
#775=CARTESIAN_POINT('',(-4.535E0,-1.975E0,-7.75E-1));
#776=LINE('',#775,#774);
#777=DIRECTION('',(0.E0,0.E0,1.E0));
#778=VECTOR('',#777,6.E-1);
#779=CARTESIAN_POINT('',(-4.535E0,-1.975E0,-7.75E-1));
#780=LINE('',#779,#778);
#781=DIRECTION('',(1.E0,0.E0,0.E0));
#782=VECTOR('',#781,3.2E-1);
#783=CARTESIAN_POINT('',(-5.785E0,-1.975E0,-1.75E-1));
#784=LINE('',#783,#782);
#785=DIRECTION('',(0.E0,0.E0,1.E0));
#786=VECTOR('',#785,6.E-1);
#787=CARTESIAN_POINT('',(-5.465E0,-1.975E0,-7.75E-1));
#788=LINE('',#787,#786);
#789=DIRECTION('',(1.E0,0.E0,0.E0));
#790=VECTOR('',#789,3.2E-1);
#791=CARTESIAN_POINT('',(-5.785E0,-1.975E0,-7.75E-1));
#792=LINE('',#791,#790);
#793=DIRECTION('',(0.E0,0.E0,1.E0));
#794=VECTOR('',#793,6.E-1);
#795=CARTESIAN_POINT('',(-5.785E0,-1.975E0,-7.75E-1));
#796=LINE('',#795,#794);
#797=DIRECTION('',(1.E0,0.E0,0.E0));
#798=VECTOR('',#797,3.2E-1);
#799=CARTESIAN_POINT('',(-7.035E0,-1.975E0,-1.75E-1));
#800=LINE('',#799,#798);
#801=DIRECTION('',(0.E0,0.E0,1.E0));
#802=VECTOR('',#801,6.E-1);
#803=CARTESIAN_POINT('',(-6.715E0,-1.975E0,-7.75E-1));
#804=LINE('',#803,#802);
#805=DIRECTION('',(1.E0,0.E0,0.E0));
#806=VECTOR('',#805,3.2E-1);
#807=CARTESIAN_POINT('',(-7.035E0,-1.975E0,-7.75E-1));
#808=LINE('',#807,#806);
#809=DIRECTION('',(0.E0,0.E0,1.E0));
#810=VECTOR('',#809,6.E-1);
#811=CARTESIAN_POINT('',(-7.035E0,-1.975E0,-7.75E-1));
#812=LINE('',#811,#810);
#813=DIRECTION('',(0.E0,-1.E0,0.E0));
#814=VECTOR('',#813,2.95E0);
#815=CARTESIAN_POINT('',(8.075E0,9.75E-1,4.E-1));
#816=LINE('',#815,#814);
#817=DIRECTION('',(-1.E0,0.E0,0.E0));
#818=VECTOR('',#817,3.2E-1);
#819=CARTESIAN_POINT('',(7.035E0,-1.25E-1,-1.75E-1));
#820=LINE('',#819,#818);
#821=DIRECTION('',(0.E0,-1.E0,0.E0));
#822=VECTOR('',#821,1.85E0);
#823=CARTESIAN_POINT('',(7.035E0,-1.25E-1,-1.75E-1));
#824=LINE('',#823,#822);
#825=DIRECTION('',(0.E0,0.E0,-1.E0));
#826=VECTOR('',#825,6.E-1);
#827=CARTESIAN_POINT('',(6.715E0,-1.25E-1,-1.75E-1));
#828=LINE('',#827,#826);
#829=DIRECTION('',(0.E0,-1.E0,0.E0));
#830=VECTOR('',#829,1.85E0);
#831=CARTESIAN_POINT('',(6.715E0,-1.25E-1,-1.75E-1));
#832=LINE('',#831,#830);
#833=CARTESIAN_POINT('',(6.715E0,-2.675E0,-1.275E0));
#834=DIRECTION('',(1.E0,0.E0,0.E0));
#835=DIRECTION('',(0.E0,-5.641025641026E-1,8.257047275951E-1));
#836=AXIS2_PLACEMENT_3D('',#833,#834,#835);
#838=DIRECTION('',(0.E0,0.E0,-1.E0));
#839=VECTOR('',#838,2.325E0);
#840=CARTESIAN_POINT('',(6.715E0,-3.65E0,-1.275E0));
#841=LINE('',#840,#839);
#842=DIRECTION('',(1.E0,0.E0,0.E0));
#843=VECTOR('',#842,3.2E-1);
#844=CARTESIAN_POINT('',(6.715E0,-1.25E-1,-7.75E-1));
#845=LINE('',#844,#843);
#846=DIRECTION('',(0.E0,-1.E0,0.E0));
#847=VECTOR('',#846,1.85E0);
#848=CARTESIAN_POINT('',(6.715E0,-1.25E-1,-7.75E-1));
#849=LINE('',#848,#847);
#850=DIRECTION('',(0.E0,0.E0,1.E0));
#851=VECTOR('',#850,6.E-1);
#852=CARTESIAN_POINT('',(7.035E0,-1.25E-1,-7.75E-1));
#853=LINE('',#852,#851);
#854=DIRECTION('',(0.E0,-1.E0,0.E0));
#855=VECTOR('',#854,1.85E0);
#856=CARTESIAN_POINT('',(7.035E0,-1.25E-1,-7.75E-1));
#857=LINE('',#856,#855);
#858=DIRECTION('',(0.E0,0.E0,-1.E0));
#859=VECTOR('',#858,2.E0);
#860=CARTESIAN_POINT('',(7.035E0,-3.3E0,-1.6E0));
#861=LINE('',#860,#859);
#862=CARTESIAN_POINT('',(6.975E0,2.75E-1,-6.75E-1));
#863=CARTESIAN_POINT('',(7.015E0,1.444139194448E-1,-7.416666666667E-1));
#864=CARTESIAN_POINT('',(7.035E0,1.108058611148E-2,-7.75E-1));
#865=CARTESIAN_POINT('',(7.035E0,-1.25E-1,-7.75E-1));
#867=DIRECTION('',(-1.E0,0.E0,0.E0));
#868=VECTOR('',#867,2.E-1);
#869=CARTESIAN_POINT('',(6.975E0,2.75E-1,-2.75E-1));
#870=LINE('',#869,#868);
#871=DIRECTION('',(0.E0,0.E0,-1.E0));
#872=VECTOR('',#871,4.E-1);
#873=CARTESIAN_POINT('',(6.775E0,2.75E-1,-2.75E-1));
#874=LINE('',#873,#872);
#875=DIRECTION('',(1.E0,0.E0,0.E0));
#876=VECTOR('',#875,2.E-1);
#877=CARTESIAN_POINT('',(6.775E0,2.75E-1,-6.75E-1));
#878=LINE('',#877,#876);
#879=DIRECTION('',(0.E0,0.E0,1.E0));
#880=VECTOR('',#879,4.E-1);
#881=CARTESIAN_POINT('',(6.975E0,2.75E-1,-6.75E-1));
#882=LINE('',#881,#880);
#883=CARTESIAN_POINT('',(6.975E0,2.75E-1,-2.75E-1));
#884=CARTESIAN_POINT('',(7.015E0,1.444139194448E-1,-2.083333333333E-1));
#885=CARTESIAN_POINT('',(7.035E0,1.108058611148E-2,-1.75E-1));
#886=CARTESIAN_POINT('',(7.035E0,-1.25E-1,-1.75E-1));
#888=CARTESIAN_POINT('',(6.775E0,2.75E-1,-2.75E-1));
#889=CARTESIAN_POINT('',(6.735E0,1.444139194448E-1,-2.083333333333E-1));
#890=CARTESIAN_POINT('',(6.715E0,1.108058611148E-2,-1.75E-1));
#891=CARTESIAN_POINT('',(6.715E0,-1.25E-1,-1.75E-1));
#893=CARTESIAN_POINT('',(6.775E0,2.75E-1,-6.75E-1));
#894=CARTESIAN_POINT('',(6.735E0,1.444139194448E-1,-7.416666666667E-1));
#895=CARTESIAN_POINT('',(6.715E0,1.108058611148E-2,-7.75E-1));
#896=CARTESIAN_POINT('',(6.715E0,-1.25E-1,-7.75E-1));
#898=DIRECTION('',(0.E0,0.E0,1.E0));
#899=VECTOR('',#898,1.E0);
#900=CARTESIAN_POINT('',(7.035E0,-3.371666666667E0,-1.6E0));
#901=LINE('',#900,#899);
#902=DIRECTION('',(2.095290887309E-1,-9.778024140774E-1,0.E0));
#903=VECTOR('',#902,3.102194563710E-1);
#904=CARTESIAN_POINT('',(7.035E0,-3.371666666667E0,-6.E-1));
#905=LINE('',#904,#903);
#906=DIRECTION('',(0.E0,-1.E0,0.E0));
#907=VECTOR('',#906,1.466666666667E-1);
#908=CARTESIAN_POINT('',(7.035E0,-3.225E0,-6.E-1));
#909=LINE('',#908,#907);
#910=DIRECTION('',(0.E0,-1.E0,0.E0));
#911=VECTOR('',#910,1.466666666667E-1);
#912=CARTESIAN_POINT('',(5.785E0,-3.225E0,-6.E-1));
#913=LINE('',#912,#911);
#914=DIRECTION('',(0.E0,-1.E0,0.E0));
#915=VECTOR('',#914,1.466666666666E-1);
#916=CARTESIAN_POINT('',(6.715E0,-3.225E0,-6.E-1));
#917=LINE('',#916,#915);
#918=DIRECTION('',(0.E0,-1.E0,0.E0));
#919=VECTOR('',#918,1.466666666667E-1);
#920=CARTESIAN_POINT('',(4.535E0,-3.225E0,-6.E-1));
#921=LINE('',#920,#919);
#922=DIRECTION('',(0.E0,-1.E0,0.E0));
#923=VECTOR('',#922,1.466666666667E-1);
#924=CARTESIAN_POINT('',(5.465E0,-3.225E0,-6.E-1));
#925=LINE('',#924,#923);
#926=DIRECTION('',(0.E0,-1.E0,0.E0));
#927=VECTOR('',#926,1.466666666667E-1);
#928=CARTESIAN_POINT('',(3.285E0,-3.225E0,-6.E-1));
#929=LINE('',#928,#927);
#930=DIRECTION('',(0.E0,-1.E0,0.E0));
#931=VECTOR('',#930,1.466666666667E-1);
#932=CARTESIAN_POINT('',(4.215E0,-3.225E0,-6.E-1));
#933=LINE('',#932,#931);
#934=DIRECTION('',(0.E0,-1.E0,0.E0));
#935=VECTOR('',#934,1.466666666667E-1);
#936=CARTESIAN_POINT('',(2.035E0,-3.225E0,-6.E-1));
#937=LINE('',#936,#935);
#938=DIRECTION('',(0.E0,-1.E0,0.E0));
#939=VECTOR('',#938,1.466666666667E-1);
#940=CARTESIAN_POINT('',(2.965E0,-3.225E0,-6.E-1));
#941=LINE('',#940,#939);
#942=DIRECTION('',(0.E0,-1.E0,0.E0));
#943=VECTOR('',#942,1.466666666667E-1);
#944=CARTESIAN_POINT('',(7.85E-1,-3.225E0,-6.E-1));
#945=LINE('',#944,#943);
#946=DIRECTION('',(0.E0,-1.E0,0.E0));
#947=VECTOR('',#946,1.466666666667E-1);
#948=CARTESIAN_POINT('',(1.715E0,-3.225E0,-6.E-1));
#949=LINE('',#948,#947);
#950=DIRECTION('',(0.E0,-1.E0,0.E0));
#951=VECTOR('',#950,1.466666666667E-1);
#952=CARTESIAN_POINT('',(-4.65E-1,-3.225E0,-6.E-1));
#953=LINE('',#952,#951);
#954=DIRECTION('',(0.E0,-1.E0,0.E0));
#955=VECTOR('',#954,1.466666666667E-1);
#956=CARTESIAN_POINT('',(4.65E-1,-3.225E0,-6.E-1));
#957=LINE('',#956,#955);
#958=DIRECTION('',(0.E0,-1.E0,0.E0));
#959=VECTOR('',#958,1.466666666667E-1);
#960=CARTESIAN_POINT('',(-1.715E0,-3.225E0,-6.E-1));
#961=LINE('',#960,#959);
#962=DIRECTION('',(0.E0,-1.E0,0.E0));
#963=VECTOR('',#962,1.466666666667E-1);
#964=CARTESIAN_POINT('',(-7.85E-1,-3.225E0,-6.E-1));
#965=LINE('',#964,#963);
#966=DIRECTION('',(0.E0,-1.E0,0.E0));
#967=VECTOR('',#966,1.466666666667E-1);
#968=CARTESIAN_POINT('',(-2.965E0,-3.225E0,-6.E-1));
#969=LINE('',#968,#967);
#970=DIRECTION('',(0.E0,-1.E0,0.E0));
#971=VECTOR('',#970,1.466666666667E-1);
#972=CARTESIAN_POINT('',(-2.035E0,-3.225E0,-6.E-1));
#973=LINE('',#972,#971);
#974=DIRECTION('',(0.E0,-1.E0,0.E0));
#975=VECTOR('',#974,1.466666666667E-1);
#976=CARTESIAN_POINT('',(-4.215E0,-3.225E0,-6.E-1));
#977=LINE('',#976,#975);
#978=DIRECTION('',(0.E0,-1.E0,0.E0));
#979=VECTOR('',#978,1.466666666667E-1);
#980=CARTESIAN_POINT('',(-3.285E0,-3.225E0,-6.E-1));
#981=LINE('',#980,#979);
#982=DIRECTION('',(0.E0,-1.E0,0.E0));
#983=VECTOR('',#982,1.466666666667E-1);
#984=CARTESIAN_POINT('',(-5.465E0,-3.225E0,-6.E-1));
#985=LINE('',#984,#983);
#986=DIRECTION('',(0.E0,-1.E0,0.E0));
#987=VECTOR('',#986,1.466666666667E-1);
#988=CARTESIAN_POINT('',(-4.535E0,-3.225E0,-6.E-1));
#989=LINE('',#988,#987);
#990=DIRECTION('',(0.E0,-1.E0,0.E0));
#991=VECTOR('',#990,1.466666666667E-1);
#992=CARTESIAN_POINT('',(-7.035E0,-3.225E0,-6.E-1));
#993=LINE('',#992,#991);
#994=DIRECTION('',(0.E0,-1.E0,0.E0));
#995=VECTOR('',#994,1.466666666667E-1);
#996=CARTESIAN_POINT('',(-6.715E0,-3.225E0,-6.E-1));
#997=LINE('',#996,#995);
#998=DIRECTION('',(0.E0,-1.E0,0.E0));
#999=VECTOR('',#998,1.466666666667E-1);
#1000=CARTESIAN_POINT('',(-5.785E0,-3.225E0,-6.E-1));
#1001=LINE('',#1000,#999);
#1002=DIRECTION('',(1.E0,0.E0,0.E0));
#1003=VECTOR('',#1002,5.E-1);
#1004=CARTESIAN_POINT('',(-8.375E0,-3.225E0,1.E0));
#1005=LINE('',#1004,#1003);
#1006=DIRECTION('',(0.E0,0.E0,-1.E0));
#1007=VECTOR('',#1006,6.E-1);
#1008=CARTESIAN_POINT('',(-7.875E0,-3.225E0,1.6E0));
#1009=LINE('',#1008,#1007);
#1010=DIRECTION('',(1.E0,0.E0,0.E0));
#1011=VECTOR('',#1010,7.E-1);
#1012=CARTESIAN_POINT('',(-7.875E0,-3.225E0,1.6E0));
#1013=LINE('',#1012,#1011);
#1014=DIRECTION('',(0.E0,0.E0,-1.E0));
#1015=VECTOR('',#1014,6.E-1);
#1016=CARTESIAN_POINT('',(-7.175E0,-3.225E0,1.6E0));
#1017=LINE('',#1016,#1015);
#1018=DIRECTION('',(1.E0,0.E0,0.E0));
#1019=VECTOR('',#1018,6.E-1);
#1020=CARTESIAN_POINT('',(-7.175E0,-3.225E0,1.E0));
#1021=LINE('',#1020,#1019);
#1022=DIRECTION('',(0.E0,0.E0,-1.E0));
#1023=VECTOR('',#1022,6.E-1);
#1024=CARTESIAN_POINT('',(-6.575E0,-3.225E0,1.6E0));
#1025=LINE('',#1024,#1023);
#1026=DIRECTION('',(1.E0,0.E0,0.E0));
#1027=VECTOR('',#1026,6.5E-1);
#1028=CARTESIAN_POINT('',(-6.575E0,-3.225E0,1.6E0));
#1029=LINE('',#1028,#1027);
#1030=DIRECTION('',(0.E0,0.E0,-1.E0));
#1031=VECTOR('',#1030,6.E-1);
#1032=CARTESIAN_POINT('',(-5.925E0,-3.225E0,1.6E0));
#1033=LINE('',#1032,#1031);
#1034=DIRECTION('',(1.E0,0.E0,0.E0));
#1035=VECTOR('',#1034,6.E-1);
#1036=CARTESIAN_POINT('',(-5.925E0,-3.225E0,1.E0));
#1037=LINE('',#1036,#1035);
#1038=DIRECTION('',(0.E0,0.E0,-1.E0));
#1039=VECTOR('',#1038,6.E-1);
#1040=CARTESIAN_POINT('',(-5.325E0,-3.225E0,1.6E0));
#1041=LINE('',#1040,#1039);
#1042=DIRECTION('',(1.E0,0.E0,0.E0));
#1043=VECTOR('',#1042,6.5E-1);
#1044=CARTESIAN_POINT('',(-5.325E0,-3.225E0,1.6E0));
#1045=LINE('',#1044,#1043);
#1046=DIRECTION('',(0.E0,0.E0,-1.E0));
#1047=VECTOR('',#1046,6.E-1);
#1048=CARTESIAN_POINT('',(-4.675E0,-3.225E0,1.6E0));
#1049=LINE('',#1048,#1047);
#1050=DIRECTION('',(1.E0,0.E0,0.E0));
#1051=VECTOR('',#1050,6.E-1);
#1052=CARTESIAN_POINT('',(-4.675E0,-3.225E0,1.E0));
#1053=LINE('',#1052,#1051);
#1054=DIRECTION('',(0.E0,0.E0,-1.E0));
#1055=VECTOR('',#1054,6.E-1);
#1056=CARTESIAN_POINT('',(-4.075E0,-3.225E0,1.6E0));
#1057=LINE('',#1056,#1055);
#1058=DIRECTION('',(1.E0,0.E0,0.E0));
#1059=VECTOR('',#1058,6.5E-1);
#1060=CARTESIAN_POINT('',(-4.075E0,-3.225E0,1.6E0));
#1061=LINE('',#1060,#1059);
#1062=DIRECTION('',(0.E0,0.E0,-1.E0));
#1063=VECTOR('',#1062,6.E-1);
#1064=CARTESIAN_POINT('',(-3.425E0,-3.225E0,1.6E0));
#1065=LINE('',#1064,#1063);
#1066=DIRECTION('',(1.E0,0.E0,0.E0));
#1067=VECTOR('',#1066,6.E-1);
#1068=CARTESIAN_POINT('',(-3.425E0,-3.225E0,1.E0));
#1069=LINE('',#1068,#1067);
#1070=DIRECTION('',(0.E0,0.E0,-1.E0));
#1071=VECTOR('',#1070,6.E-1);
#1072=CARTESIAN_POINT('',(-2.825E0,-3.225E0,1.6E0));
#1073=LINE('',#1072,#1071);
#1074=DIRECTION('',(1.E0,0.E0,0.E0));
#1075=VECTOR('',#1074,6.5E-1);
#1076=CARTESIAN_POINT('',(-2.825E0,-3.225E0,1.6E0));
#1077=LINE('',#1076,#1075);
#1078=DIRECTION('',(0.E0,0.E0,-1.E0));
#1079=VECTOR('',#1078,6.E-1);
#1080=CARTESIAN_POINT('',(-2.175E0,-3.225E0,1.6E0));
#1081=LINE('',#1080,#1079);
#1082=DIRECTION('',(1.E0,0.E0,0.E0));
#1083=VECTOR('',#1082,6.E-1);
#1084=CARTESIAN_POINT('',(-2.175E0,-3.225E0,1.E0));
#1085=LINE('',#1084,#1083);
#1086=DIRECTION('',(0.E0,0.E0,-1.E0));
#1087=VECTOR('',#1086,6.E-1);
#1088=CARTESIAN_POINT('',(-1.575E0,-3.225E0,1.6E0));
#1089=LINE('',#1088,#1087);
#1090=DIRECTION('',(1.E0,0.E0,0.E0));
#1091=VECTOR('',#1090,6.5E-1);
#1092=CARTESIAN_POINT('',(-1.575E0,-3.225E0,1.6E0));
#1093=LINE('',#1092,#1091);
#1094=DIRECTION('',(0.E0,0.E0,-1.E0));
#1095=VECTOR('',#1094,6.E-1);
#1096=CARTESIAN_POINT('',(-9.25E-1,-3.225E0,1.6E0));
#1097=LINE('',#1096,#1095);
#1098=DIRECTION('',(1.E0,0.E0,0.E0));
#1099=VECTOR('',#1098,6.E-1);
#1100=CARTESIAN_POINT('',(-9.25E-1,-3.225E0,1.E0));
#1101=LINE('',#1100,#1099);
#1102=DIRECTION('',(0.E0,0.E0,-1.E0));
#1103=VECTOR('',#1102,6.E-1);
#1104=CARTESIAN_POINT('',(-3.25E-1,-3.225E0,1.6E0));
#1105=LINE('',#1104,#1103);
#1106=DIRECTION('',(1.E0,0.E0,0.E0));
#1107=VECTOR('',#1106,6.5E-1);
#1108=CARTESIAN_POINT('',(-3.25E-1,-3.225E0,1.6E0));
#1109=LINE('',#1108,#1107);
#1110=DIRECTION('',(0.E0,0.E0,-1.E0));
#1111=VECTOR('',#1110,6.E-1);
#1112=CARTESIAN_POINT('',(3.25E-1,-3.225E0,1.6E0));
#1113=LINE('',#1112,#1111);
#1114=DIRECTION('',(1.E0,0.E0,0.E0));
#1115=VECTOR('',#1114,6.E-1);
#1116=CARTESIAN_POINT('',(3.25E-1,-3.225E0,1.E0));
#1117=LINE('',#1116,#1115);
#1118=DIRECTION('',(0.E0,0.E0,-1.E0));
#1119=VECTOR('',#1118,6.E-1);
#1120=CARTESIAN_POINT('',(9.25E-1,-3.225E0,1.6E0));
#1121=LINE('',#1120,#1119);
#1122=DIRECTION('',(1.E0,0.E0,0.E0));
#1123=VECTOR('',#1122,6.5E-1);
#1124=CARTESIAN_POINT('',(9.25E-1,-3.225E0,1.6E0));
#1125=LINE('',#1124,#1123);
#1126=DIRECTION('',(0.E0,0.E0,-1.E0));
#1127=VECTOR('',#1126,6.E-1);
#1128=CARTESIAN_POINT('',(1.575E0,-3.225E0,1.6E0));
#1129=LINE('',#1128,#1127);
#1130=DIRECTION('',(1.E0,0.E0,0.E0));
#1131=VECTOR('',#1130,6.E-1);
#1132=CARTESIAN_POINT('',(1.575E0,-3.225E0,1.E0));
#1133=LINE('',#1132,#1131);
#1134=DIRECTION('',(0.E0,0.E0,-1.E0));
#1135=VECTOR('',#1134,6.E-1);
#1136=CARTESIAN_POINT('',(2.175E0,-3.225E0,1.6E0));
#1137=LINE('',#1136,#1135);
#1138=DIRECTION('',(1.E0,0.E0,0.E0));
#1139=VECTOR('',#1138,6.5E-1);
#1140=CARTESIAN_POINT('',(2.175E0,-3.225E0,1.6E0));
#1141=LINE('',#1140,#1139);
#1142=DIRECTION('',(0.E0,0.E0,-1.E0));
#1143=VECTOR('',#1142,6.E-1);
#1144=CARTESIAN_POINT('',(2.825E0,-3.225E0,1.6E0));
#1145=LINE('',#1144,#1143);
#1146=DIRECTION('',(1.E0,0.E0,0.E0));
#1147=VECTOR('',#1146,6.E-1);
#1148=CARTESIAN_POINT('',(2.825E0,-3.225E0,1.E0));
#1149=LINE('',#1148,#1147);
#1150=DIRECTION('',(0.E0,0.E0,-1.E0));
#1151=VECTOR('',#1150,6.E-1);
#1152=CARTESIAN_POINT('',(3.425E0,-3.225E0,1.6E0));
#1153=LINE('',#1152,#1151);
#1154=DIRECTION('',(1.E0,0.E0,0.E0));
#1155=VECTOR('',#1154,6.5E-1);
#1156=CARTESIAN_POINT('',(3.425E0,-3.225E0,1.6E0));
#1157=LINE('',#1156,#1155);
#1158=DIRECTION('',(0.E0,0.E0,-1.E0));
#1159=VECTOR('',#1158,6.E-1);
#1160=CARTESIAN_POINT('',(4.075E0,-3.225E0,1.6E0));
#1161=LINE('',#1160,#1159);
#1162=DIRECTION('',(1.E0,0.E0,0.E0));
#1163=VECTOR('',#1162,6.E-1);
#1164=CARTESIAN_POINT('',(4.075E0,-3.225E0,1.E0));
#1165=LINE('',#1164,#1163);
#1166=DIRECTION('',(0.E0,0.E0,-1.E0));
#1167=VECTOR('',#1166,6.E-1);
#1168=CARTESIAN_POINT('',(4.675E0,-3.225E0,1.6E0));
#1169=LINE('',#1168,#1167);
#1170=DIRECTION('',(1.E0,0.E0,0.E0));
#1171=VECTOR('',#1170,6.5E-1);
#1172=CARTESIAN_POINT('',(4.675E0,-3.225E0,1.6E0));
#1173=LINE('',#1172,#1171);
#1174=DIRECTION('',(0.E0,0.E0,-1.E0));
#1175=VECTOR('',#1174,6.E-1);
#1176=CARTESIAN_POINT('',(5.325E0,-3.225E0,1.6E0));
#1177=LINE('',#1176,#1175);
#1178=DIRECTION('',(1.E0,0.E0,0.E0));
#1179=VECTOR('',#1178,6.E-1);
#1180=CARTESIAN_POINT('',(5.325E0,-3.225E0,1.E0));
#1181=LINE('',#1180,#1179);
#1182=DIRECTION('',(0.E0,0.E0,-1.E0));
#1183=VECTOR('',#1182,6.E-1);
#1184=CARTESIAN_POINT('',(5.925E0,-3.225E0,1.6E0));
#1185=LINE('',#1184,#1183);
#1186=DIRECTION('',(1.E0,0.E0,0.E0));
#1187=VECTOR('',#1186,6.5E-1);
#1188=CARTESIAN_POINT('',(5.925E0,-3.225E0,1.6E0));
#1189=LINE('',#1188,#1187);
#1190=DIRECTION('',(0.E0,0.E0,-1.E0));
#1191=VECTOR('',#1190,6.E-1);
#1192=CARTESIAN_POINT('',(6.575E0,-3.225E0,1.6E0));
#1193=LINE('',#1192,#1191);
#1194=DIRECTION('',(1.E0,0.E0,0.E0));
#1195=VECTOR('',#1194,6.E-1);
#1196=CARTESIAN_POINT('',(6.575E0,-3.225E0,1.E0));
#1197=LINE('',#1196,#1195);
#1198=DIRECTION('',(0.E0,0.E0,-1.E0));
#1199=VECTOR('',#1198,6.E-1);
#1200=CARTESIAN_POINT('',(7.175E0,-3.225E0,1.6E0));
#1201=LINE('',#1200,#1199);
#1202=DIRECTION('',(1.E0,0.E0,0.E0));
#1203=VECTOR('',#1202,7.E-1);
#1204=CARTESIAN_POINT('',(7.175E0,-3.225E0,1.6E0));
#1205=LINE('',#1204,#1203);
#1206=DIRECTION('',(0.E0,0.E0,-1.E0));
#1207=VECTOR('',#1206,6.E-1);
#1208=CARTESIAN_POINT('',(7.875E0,-3.225E0,1.6E0));
#1209=LINE('',#1208,#1207);
#1210=DIRECTION('',(1.E0,0.E0,0.E0));
#1211=VECTOR('',#1210,5.E-1);
#1212=CARTESIAN_POINT('',(7.875E0,-3.225E0,1.E0));
#1213=LINE('',#1212,#1211);
#1214=DIRECTION('',(-1.E0,0.E0,0.E0));
#1215=VECTOR('',#1214,7.5E-1);
#1216=CARTESIAN_POINT('',(8.375E0,-3.225E0,6.E-1));
#1217=LINE('',#1216,#1215);
#1218=DIRECTION('',(-1.E0,0.E0,0.E0));
#1219=VECTOR('',#1218,5.9E-1);
#1220=CARTESIAN_POINT('',(7.625E0,-3.225E0,-6.E-1));
#1221=LINE('',#1220,#1219);
#1222=DIRECTION('',(0.E0,0.E0,1.E0));
#1223=VECTOR('',#1222,1.300621094052E-1);
#1224=CARTESIAN_POINT('',(7.035E0,-3.225E0,-6.E-1));
#1225=LINE('',#1224,#1223);
#1226=DIRECTION('',(1.E0,0.E0,0.E0));
#1227=VECTOR('',#1226,3.2E-1);
#1228=CARTESIAN_POINT('',(6.715E0,-3.225E0,-4.699378905948E-1));
#1229=LINE('',#1228,#1227);
#1230=DIRECTION('',(0.E0,0.E0,1.E0));
#1231=VECTOR('',#1230,1.300621094052E-1);
#1232=CARTESIAN_POINT('',(6.715E0,-3.225E0,-6.E-1));
#1233=LINE('',#1232,#1231);
#1234=DIRECTION('',(-1.E0,0.E0,0.E0));
#1235=VECTOR('',#1234,9.3E-1);
#1236=CARTESIAN_POINT('',(6.715E0,-3.225E0,-6.E-1));
#1237=LINE('',#1236,#1235);
#1238=DIRECTION('',(0.E0,0.E0,1.E0));
#1239=VECTOR('',#1238,1.300621094052E-1);
#1240=CARTESIAN_POINT('',(5.785E0,-3.225E0,-6.E-1));
#1241=LINE('',#1240,#1239);
#1242=DIRECTION('',(1.E0,0.E0,0.E0));
#1243=VECTOR('',#1242,3.2E-1);
#1244=CARTESIAN_POINT('',(5.465E0,-3.225E0,-4.699378905948E-1));
#1245=LINE('',#1244,#1243);
#1246=DIRECTION('',(0.E0,0.E0,1.E0));
#1247=VECTOR('',#1246,1.300621094052E-1);
#1248=CARTESIAN_POINT('',(5.465E0,-3.225E0,-6.E-1));
#1249=LINE('',#1248,#1247);
#1250=DIRECTION('',(-1.E0,0.E0,0.E0));
#1251=VECTOR('',#1250,9.3E-1);
#1252=CARTESIAN_POINT('',(5.465E0,-3.225E0,-6.E-1));
#1253=LINE('',#1252,#1251);
#1254=DIRECTION('',(0.E0,0.E0,1.E0));
#1255=VECTOR('',#1254,1.300621094052E-1);
#1256=CARTESIAN_POINT('',(4.535E0,-3.225E0,-6.E-1));
#1257=LINE('',#1256,#1255);
#1258=DIRECTION('',(1.E0,0.E0,0.E0));
#1259=VECTOR('',#1258,3.2E-1);
#1260=CARTESIAN_POINT('',(4.215E0,-3.225E0,-4.699378905948E-1));
#1261=LINE('',#1260,#1259);
#1262=DIRECTION('',(0.E0,0.E0,1.E0));
#1263=VECTOR('',#1262,1.300621094052E-1);
#1264=CARTESIAN_POINT('',(4.215E0,-3.225E0,-6.E-1));
#1265=LINE('',#1264,#1263);
#1266=DIRECTION('',(-1.E0,0.E0,0.E0));
#1267=VECTOR('',#1266,9.3E-1);
#1268=CARTESIAN_POINT('',(4.215E0,-3.225E0,-6.E-1));
#1269=LINE('',#1268,#1267);
#1270=DIRECTION('',(0.E0,0.E0,1.E0));
#1271=VECTOR('',#1270,1.300621094052E-1);
#1272=CARTESIAN_POINT('',(3.285E0,-3.225E0,-6.E-1));
#1273=LINE('',#1272,#1271);
#1274=DIRECTION('',(1.E0,0.E0,0.E0));
#1275=VECTOR('',#1274,3.2E-1);
#1276=CARTESIAN_POINT('',(2.965E0,-3.225E0,-4.699378905948E-1));
#1277=LINE('',#1276,#1275);
#1278=DIRECTION('',(0.E0,0.E0,1.E0));
#1279=VECTOR('',#1278,1.300621094052E-1);
#1280=CARTESIAN_POINT('',(2.965E0,-3.225E0,-6.E-1));
#1281=LINE('',#1280,#1279);
#1282=DIRECTION('',(-1.E0,0.E0,0.E0));
#1283=VECTOR('',#1282,9.3E-1);
#1284=CARTESIAN_POINT('',(2.965E0,-3.225E0,-6.E-1));
#1285=LINE('',#1284,#1283);
#1286=DIRECTION('',(0.E0,0.E0,1.E0));
#1287=VECTOR('',#1286,1.300621094052E-1);
#1288=CARTESIAN_POINT('',(2.035E0,-3.225E0,-6.E-1));
#1289=LINE('',#1288,#1287);
#1290=DIRECTION('',(1.E0,0.E0,0.E0));
#1291=VECTOR('',#1290,3.2E-1);
#1292=CARTESIAN_POINT('',(1.715E0,-3.225E0,-4.699378905948E-1));
#1293=LINE('',#1292,#1291);
#1294=DIRECTION('',(0.E0,0.E0,1.E0));
#1295=VECTOR('',#1294,1.300621094052E-1);
#1296=CARTESIAN_POINT('',(1.715E0,-3.225E0,-6.E-1));
#1297=LINE('',#1296,#1295);
#1298=DIRECTION('',(-1.E0,0.E0,0.E0));
#1299=VECTOR('',#1298,9.3E-1);
#1300=CARTESIAN_POINT('',(1.715E0,-3.225E0,-6.E-1));
#1301=LINE('',#1300,#1299);
#1302=DIRECTION('',(0.E0,0.E0,1.E0));
#1303=VECTOR('',#1302,1.300621094052E-1);
#1304=CARTESIAN_POINT('',(7.85E-1,-3.225E0,-6.E-1));
#1305=LINE('',#1304,#1303);
#1306=DIRECTION('',(1.E0,0.E0,0.E0));
#1307=VECTOR('',#1306,3.2E-1);
#1308=CARTESIAN_POINT('',(4.65E-1,-3.225E0,-4.699378905948E-1));
#1309=LINE('',#1308,#1307);
#1310=DIRECTION('',(0.E0,0.E0,1.E0));
#1311=VECTOR('',#1310,1.300621094052E-1);
#1312=CARTESIAN_POINT('',(4.65E-1,-3.225E0,-6.E-1));
#1313=LINE('',#1312,#1311);
#1314=DIRECTION('',(-1.E0,0.E0,0.E0));
#1315=VECTOR('',#1314,9.3E-1);
#1316=CARTESIAN_POINT('',(4.65E-1,-3.225E0,-6.E-1));
#1317=LINE('',#1316,#1315);
#1318=DIRECTION('',(0.E0,0.E0,1.E0));
#1319=VECTOR('',#1318,1.300621094052E-1);
#1320=CARTESIAN_POINT('',(-4.65E-1,-3.225E0,-6.E-1));
#1321=LINE('',#1320,#1319);
#1322=DIRECTION('',(1.E0,0.E0,0.E0));
#1323=VECTOR('',#1322,3.2E-1);
#1324=CARTESIAN_POINT('',(-7.85E-1,-3.225E0,-4.699378905948E-1));
#1325=LINE('',#1324,#1323);
#1326=DIRECTION('',(0.E0,0.E0,1.E0));
#1327=VECTOR('',#1326,1.300621094052E-1);
#1328=CARTESIAN_POINT('',(-7.85E-1,-3.225E0,-6.E-1));
#1329=LINE('',#1328,#1327);
#1330=DIRECTION('',(-1.E0,0.E0,0.E0));
#1331=VECTOR('',#1330,9.3E-1);
#1332=CARTESIAN_POINT('',(-7.85E-1,-3.225E0,-6.E-1));
#1333=LINE('',#1332,#1331);
#1334=DIRECTION('',(0.E0,0.E0,1.E0));
#1335=VECTOR('',#1334,1.300621094052E-1);
#1336=CARTESIAN_POINT('',(-1.715E0,-3.225E0,-6.E-1));
#1337=LINE('',#1336,#1335);
#1338=DIRECTION('',(1.E0,0.E0,0.E0));
#1339=VECTOR('',#1338,3.2E-1);
#1340=CARTESIAN_POINT('',(-2.035E0,-3.225E0,-4.699378905948E-1));
#1341=LINE('',#1340,#1339);
#1342=DIRECTION('',(0.E0,0.E0,1.E0));
#1343=VECTOR('',#1342,1.300621094052E-1);
#1344=CARTESIAN_POINT('',(-2.035E0,-3.225E0,-6.E-1));
#1345=LINE('',#1344,#1343);
#1346=DIRECTION('',(-1.E0,0.E0,0.E0));
#1347=VECTOR('',#1346,9.3E-1);
#1348=CARTESIAN_POINT('',(-2.035E0,-3.225E0,-6.E-1));
#1349=LINE('',#1348,#1347);
#1350=DIRECTION('',(0.E0,0.E0,1.E0));
#1351=VECTOR('',#1350,1.300621094052E-1);
#1352=CARTESIAN_POINT('',(-2.965E0,-3.225E0,-6.E-1));
#1353=LINE('',#1352,#1351);
#1354=DIRECTION('',(1.E0,0.E0,0.E0));
#1355=VECTOR('',#1354,3.2E-1);
#1356=CARTESIAN_POINT('',(-3.285E0,-3.225E0,-4.699378905948E-1));
#1357=LINE('',#1356,#1355);
#1358=DIRECTION('',(0.E0,0.E0,1.E0));
#1359=VECTOR('',#1358,1.300621094052E-1);
#1360=CARTESIAN_POINT('',(-3.285E0,-3.225E0,-6.E-1));
#1361=LINE('',#1360,#1359);
#1362=DIRECTION('',(-1.E0,0.E0,0.E0));
#1363=VECTOR('',#1362,9.3E-1);
#1364=CARTESIAN_POINT('',(-3.285E0,-3.225E0,-6.E-1));
#1365=LINE('',#1364,#1363);
#1366=DIRECTION('',(0.E0,0.E0,1.E0));
#1367=VECTOR('',#1366,1.300621094052E-1);
#1368=CARTESIAN_POINT('',(-4.215E0,-3.225E0,-6.E-1));
#1369=LINE('',#1368,#1367);
#1370=DIRECTION('',(1.E0,0.E0,0.E0));
#1371=VECTOR('',#1370,3.2E-1);
#1372=CARTESIAN_POINT('',(-4.535E0,-3.225E0,-4.699378905948E-1));
#1373=LINE('',#1372,#1371);
#1374=DIRECTION('',(0.E0,0.E0,1.E0));
#1375=VECTOR('',#1374,1.300621094052E-1);
#1376=CARTESIAN_POINT('',(-4.535E0,-3.225E0,-6.E-1));
#1377=LINE('',#1376,#1375);
#1378=DIRECTION('',(-1.E0,0.E0,0.E0));
#1379=VECTOR('',#1378,9.3E-1);
#1380=CARTESIAN_POINT('',(-4.535E0,-3.225E0,-6.E-1));
#1381=LINE('',#1380,#1379);
#1382=DIRECTION('',(0.E0,0.E0,1.E0));
#1383=VECTOR('',#1382,1.300621094052E-1);
#1384=CARTESIAN_POINT('',(-5.465E0,-3.225E0,-6.E-1));
#1385=LINE('',#1384,#1383);
#1386=DIRECTION('',(1.E0,0.E0,0.E0));
#1387=VECTOR('',#1386,3.2E-1);
#1388=CARTESIAN_POINT('',(-5.785E0,-3.225E0,-4.699378905948E-1));
#1389=LINE('',#1388,#1387);
#1390=DIRECTION('',(0.E0,0.E0,1.E0));
#1391=VECTOR('',#1390,1.300621094052E-1);
#1392=CARTESIAN_POINT('',(-5.785E0,-3.225E0,-6.E-1));
#1393=LINE('',#1392,#1391);
#1394=DIRECTION('',(-1.E0,0.E0,0.E0));
#1395=VECTOR('',#1394,9.3E-1);
#1396=CARTESIAN_POINT('',(-5.785E0,-3.225E0,-6.E-1));
#1397=LINE('',#1396,#1395);
#1398=DIRECTION('',(0.E0,0.E0,1.E0));
#1399=VECTOR('',#1398,1.300621094052E-1);
#1400=CARTESIAN_POINT('',(-6.715E0,-3.225E0,-6.E-1));
#1401=LINE('',#1400,#1399);
#1402=DIRECTION('',(1.E0,0.E0,0.E0));
#1403=VECTOR('',#1402,3.2E-1);
#1404=CARTESIAN_POINT('',(-7.035E0,-3.225E0,-4.699378905948E-1));
#1405=LINE('',#1404,#1403);
#1406=DIRECTION('',(0.E0,0.E0,1.E0));
#1407=VECTOR('',#1406,1.300621094052E-1);
#1408=CARTESIAN_POINT('',(-7.035E0,-3.225E0,-6.E-1));
#1409=LINE('',#1408,#1407);
#1410=DIRECTION('',(-1.E0,0.E0,0.E0));
#1411=VECTOR('',#1410,5.9E-1);
#1412=CARTESIAN_POINT('',(-7.035E0,-3.225E0,-6.E-1));
#1413=LINE('',#1412,#1411);
#1414=DIRECTION('',(-1.E0,0.E0,0.E0));
#1415=VECTOR('',#1414,7.500000000001E-1);
#1416=CARTESIAN_POINT('',(-7.625E0,-3.225E0,6.E-1));
#1417=LINE('',#1416,#1415);
#1418=DIRECTION('',(0.E0,0.E0,-1.E0));
#1419=VECTOR('',#1418,6.E-1);
#1420=CARTESIAN_POINT('',(-7.175E0,-2.925E0,1.6E0));
#1421=LINE('',#1420,#1419);
#1422=DIRECTION('',(0.E0,0.E0,-1.E0));
#1423=VECTOR('',#1422,6.E-1);
#1424=CARTESIAN_POINT('',(-6.575E0,-2.925E0,1.6E0));
#1425=LINE('',#1424,#1423);
#1426=DIRECTION('',(0.E0,-1.E0,0.E0));
#1427=VECTOR('',#1426,3.E-1);
#1428=CARTESIAN_POINT('',(-7.175E0,-2.925E0,1.E0));
#1429=LINE('',#1428,#1427);
#1430=DIRECTION('',(-1.E0,0.E0,0.E0));
#1431=VECTOR('',#1430,6.E-1);
#1432=CARTESIAN_POINT('',(-6.575E0,-2.925E0,1.E0));
#1433=LINE('',#1432,#1431);
#1434=DIRECTION('',(0.E0,1.E0,0.E0));
#1435=VECTOR('',#1434,3.E-1);
#1436=CARTESIAN_POINT('',(-6.575E0,-3.225E0,1.E0));
#1437=LINE('',#1436,#1435);
#1438=DIRECTION('',(0.E0,0.E0,-1.E0));
#1439=VECTOR('',#1438,6.E-1);
#1440=CARTESIAN_POINT('',(-5.925E0,-2.925E0,1.6E0));
#1441=LINE('',#1440,#1439);
#1442=DIRECTION('',(0.E0,0.E0,-1.E0));
#1443=VECTOR('',#1442,6.E-1);
#1444=CARTESIAN_POINT('',(-5.325E0,-2.925E0,1.6E0));
#1445=LINE('',#1444,#1443);
#1446=DIRECTION('',(0.E0,-1.E0,0.E0));
#1447=VECTOR('',#1446,3.E-1);
#1448=CARTESIAN_POINT('',(-5.925E0,-2.925E0,1.E0));
#1449=LINE('',#1448,#1447);
#1450=DIRECTION('',(-1.E0,0.E0,0.E0));
#1451=VECTOR('',#1450,6.E-1);
#1452=CARTESIAN_POINT('',(-5.325E0,-2.925E0,1.E0));
#1453=LINE('',#1452,#1451);
#1454=DIRECTION('',(0.E0,1.E0,0.E0));
#1455=VECTOR('',#1454,3.E-1);
#1456=CARTESIAN_POINT('',(-5.325E0,-3.225E0,1.E0));
#1457=LINE('',#1456,#1455);
#1458=DIRECTION('',(0.E0,0.E0,-1.E0));
#1459=VECTOR('',#1458,6.E-1);
#1460=CARTESIAN_POINT('',(-4.675E0,-2.925E0,1.6E0));
#1461=LINE('',#1460,#1459);
#1462=DIRECTION('',(0.E0,0.E0,-1.E0));
#1463=VECTOR('',#1462,6.E-1);
#1464=CARTESIAN_POINT('',(-4.075E0,-2.925E0,1.6E0));
#1465=LINE('',#1464,#1463);
#1466=DIRECTION('',(0.E0,-1.E0,0.E0));
#1467=VECTOR('',#1466,3.E-1);
#1468=CARTESIAN_POINT('',(-4.675E0,-2.925E0,1.E0));
#1469=LINE('',#1468,#1467);
#1470=DIRECTION('',(-1.E0,0.E0,0.E0));
#1471=VECTOR('',#1470,6.E-1);
#1472=CARTESIAN_POINT('',(-4.075E0,-2.925E0,1.E0));
#1473=LINE('',#1472,#1471);
#1474=DIRECTION('',(0.E0,1.E0,0.E0));
#1475=VECTOR('',#1474,3.E-1);
#1476=CARTESIAN_POINT('',(-4.075E0,-3.225E0,1.E0));
#1477=LINE('',#1476,#1475);
#1478=DIRECTION('',(0.E0,0.E0,-1.E0));
#1479=VECTOR('',#1478,6.E-1);
#1480=CARTESIAN_POINT('',(-3.425E0,-2.925E0,1.6E0));
#1481=LINE('',#1480,#1479);
#1482=DIRECTION('',(0.E0,0.E0,-1.E0));
#1483=VECTOR('',#1482,6.E-1);
#1484=CARTESIAN_POINT('',(-2.825E0,-2.925E0,1.6E0));
#1485=LINE('',#1484,#1483);
#1486=DIRECTION('',(0.E0,-1.E0,0.E0));
#1487=VECTOR('',#1486,3.E-1);
#1488=CARTESIAN_POINT('',(-3.425E0,-2.925E0,1.E0));
#1489=LINE('',#1488,#1487);
#1490=DIRECTION('',(-1.E0,0.E0,0.E0));
#1491=VECTOR('',#1490,6.E-1);
#1492=CARTESIAN_POINT('',(-2.825E0,-2.925E0,1.E0));
#1493=LINE('',#1492,#1491);
#1494=DIRECTION('',(0.E0,1.E0,0.E0));
#1495=VECTOR('',#1494,3.E-1);
#1496=CARTESIAN_POINT('',(-2.825E0,-3.225E0,1.E0));
#1497=LINE('',#1496,#1495);
#1498=DIRECTION('',(0.E0,0.E0,-1.E0));
#1499=VECTOR('',#1498,6.E-1);
#1500=CARTESIAN_POINT('',(-2.175E0,-2.925E0,1.6E0));
#1501=LINE('',#1500,#1499);
#1502=DIRECTION('',(0.E0,0.E0,-1.E0));
#1503=VECTOR('',#1502,6.E-1);
#1504=CARTESIAN_POINT('',(-1.575E0,-2.925E0,1.6E0));
#1505=LINE('',#1504,#1503);
#1506=DIRECTION('',(0.E0,-1.E0,0.E0));
#1507=VECTOR('',#1506,3.E-1);
#1508=CARTESIAN_POINT('',(-2.175E0,-2.925E0,1.E0));
#1509=LINE('',#1508,#1507);
#1510=DIRECTION('',(-1.E0,0.E0,0.E0));
#1511=VECTOR('',#1510,6.E-1);
#1512=CARTESIAN_POINT('',(-1.575E0,-2.925E0,1.E0));
#1513=LINE('',#1512,#1511);
#1514=DIRECTION('',(0.E0,1.E0,0.E0));
#1515=VECTOR('',#1514,3.E-1);
#1516=CARTESIAN_POINT('',(-1.575E0,-3.225E0,1.E0));
#1517=LINE('',#1516,#1515);
#1518=DIRECTION('',(0.E0,0.E0,-1.E0));
#1519=VECTOR('',#1518,6.E-1);
#1520=CARTESIAN_POINT('',(-9.25E-1,-2.925E0,1.6E0));
#1521=LINE('',#1520,#1519);
#1522=DIRECTION('',(0.E0,0.E0,-1.E0));
#1523=VECTOR('',#1522,6.E-1);
#1524=CARTESIAN_POINT('',(-3.25E-1,-2.925E0,1.6E0));
#1525=LINE('',#1524,#1523);
#1526=DIRECTION('',(0.E0,-1.E0,0.E0));
#1527=VECTOR('',#1526,3.E-1);
#1528=CARTESIAN_POINT('',(-9.25E-1,-2.925E0,1.E0));
#1529=LINE('',#1528,#1527);
#1530=DIRECTION('',(-1.E0,0.E0,0.E0));
#1531=VECTOR('',#1530,6.E-1);
#1532=CARTESIAN_POINT('',(-3.25E-1,-2.925E0,1.E0));
#1533=LINE('',#1532,#1531);
#1534=DIRECTION('',(0.E0,1.E0,0.E0));
#1535=VECTOR('',#1534,3.E-1);
#1536=CARTESIAN_POINT('',(-3.25E-1,-3.225E0,1.E0));
#1537=LINE('',#1536,#1535);
#1538=DIRECTION('',(0.E0,0.E0,-1.E0));
#1539=VECTOR('',#1538,6.E-1);
#1540=CARTESIAN_POINT('',(3.25E-1,-2.925E0,1.6E0));
#1541=LINE('',#1540,#1539);
#1542=DIRECTION('',(0.E0,0.E0,-1.E0));
#1543=VECTOR('',#1542,6.E-1);
#1544=CARTESIAN_POINT('',(9.25E-1,-2.925E0,1.6E0));
#1545=LINE('',#1544,#1543);
#1546=DIRECTION('',(0.E0,-1.E0,0.E0));
#1547=VECTOR('',#1546,3.E-1);
#1548=CARTESIAN_POINT('',(3.25E-1,-2.925E0,1.E0));
#1549=LINE('',#1548,#1547);
#1550=DIRECTION('',(-1.E0,0.E0,0.E0));
#1551=VECTOR('',#1550,6.E-1);
#1552=CARTESIAN_POINT('',(9.25E-1,-2.925E0,1.E0));
#1553=LINE('',#1552,#1551);
#1554=DIRECTION('',(0.E0,1.E0,0.E0));
#1555=VECTOR('',#1554,3.E-1);
#1556=CARTESIAN_POINT('',(9.25E-1,-3.225E0,1.E0));
#1557=LINE('',#1556,#1555);
#1558=DIRECTION('',(0.E0,0.E0,-1.E0));
#1559=VECTOR('',#1558,6.E-1);
#1560=CARTESIAN_POINT('',(1.575E0,-2.925E0,1.6E0));
#1561=LINE('',#1560,#1559);
#1562=DIRECTION('',(0.E0,0.E0,-1.E0));
#1563=VECTOR('',#1562,6.E-1);
#1564=CARTESIAN_POINT('',(2.175E0,-2.925E0,1.6E0));
#1565=LINE('',#1564,#1563);
#1566=DIRECTION('',(0.E0,1.E0,0.E0));
#1567=VECTOR('',#1566,3.E-1);
#1568=CARTESIAN_POINT('',(2.175E0,-3.225E0,1.E0));
#1569=LINE('',#1568,#1567);
#1570=DIRECTION('',(0.E0,-1.E0,0.E0));
#1571=VECTOR('',#1570,3.E-1);
#1572=CARTESIAN_POINT('',(1.575E0,-2.925E0,1.E0));
#1573=LINE('',#1572,#1571);
#1574=DIRECTION('',(-1.E0,0.E0,0.E0));
#1575=VECTOR('',#1574,6.E-1);
#1576=CARTESIAN_POINT('',(2.175E0,-2.925E0,1.E0));
#1577=LINE('',#1576,#1575);
#1578=DIRECTION('',(0.E0,0.E0,-1.E0));
#1579=VECTOR('',#1578,6.E-1);
#1580=CARTESIAN_POINT('',(2.825E0,-2.925E0,1.6E0));
#1581=LINE('',#1580,#1579);
#1582=DIRECTION('',(0.E0,0.E0,-1.E0));
#1583=VECTOR('',#1582,6.E-1);
#1584=CARTESIAN_POINT('',(3.425E0,-2.925E0,1.6E0));
#1585=LINE('',#1584,#1583);
#1586=DIRECTION('',(0.E0,1.E0,0.E0));
#1587=VECTOR('',#1586,3.E-1);
#1588=CARTESIAN_POINT('',(3.425E0,-3.225E0,1.E0));
#1589=LINE('',#1588,#1587);
#1590=DIRECTION('',(0.E0,-1.E0,0.E0));
#1591=VECTOR('',#1590,3.E-1);
#1592=CARTESIAN_POINT('',(2.825E0,-2.925E0,1.E0));
#1593=LINE('',#1592,#1591);
#1594=DIRECTION('',(-1.E0,0.E0,0.E0));
#1595=VECTOR('',#1594,6.E-1);
#1596=CARTESIAN_POINT('',(3.425E0,-2.925E0,1.E0));
#1597=LINE('',#1596,#1595);
#1598=DIRECTION('',(0.E0,0.E0,-1.E0));
#1599=VECTOR('',#1598,6.E-1);
#1600=CARTESIAN_POINT('',(4.075E0,-2.925E0,1.6E0));
#1601=LINE('',#1600,#1599);
#1602=DIRECTION('',(0.E0,0.E0,-1.E0));
#1603=VECTOR('',#1602,6.E-1);
#1604=CARTESIAN_POINT('',(4.675E0,-2.925E0,1.6E0));
#1605=LINE('',#1604,#1603);
#1606=DIRECTION('',(0.E0,1.E0,0.E0));
#1607=VECTOR('',#1606,3.E-1);
#1608=CARTESIAN_POINT('',(4.675E0,-3.225E0,1.E0));
#1609=LINE('',#1608,#1607);
#1610=DIRECTION('',(0.E0,-1.E0,0.E0));
#1611=VECTOR('',#1610,3.E-1);
#1612=CARTESIAN_POINT('',(4.075E0,-2.925E0,1.E0));
#1613=LINE('',#1612,#1611);
#1614=DIRECTION('',(-1.E0,0.E0,0.E0));
#1615=VECTOR('',#1614,6.E-1);
#1616=CARTESIAN_POINT('',(4.675E0,-2.925E0,1.E0));
#1617=LINE('',#1616,#1615);
#1618=DIRECTION('',(0.E0,0.E0,-1.E0));
#1619=VECTOR('',#1618,6.E-1);
#1620=CARTESIAN_POINT('',(5.325E0,-2.925E0,1.6E0));
#1621=LINE('',#1620,#1619);
#1622=DIRECTION('',(0.E0,0.E0,-1.E0));
#1623=VECTOR('',#1622,6.E-1);
#1624=CARTESIAN_POINT('',(5.925E0,-2.925E0,1.6E0));
#1625=LINE('',#1624,#1623);
#1626=DIRECTION('',(0.E0,1.E0,0.E0));
#1627=VECTOR('',#1626,3.E-1);
#1628=CARTESIAN_POINT('',(5.925E0,-3.225E0,1.E0));
#1629=LINE('',#1628,#1627);
#1630=DIRECTION('',(0.E0,-1.E0,0.E0));
#1631=VECTOR('',#1630,3.E-1);
#1632=CARTESIAN_POINT('',(5.325E0,-2.925E0,1.E0));
#1633=LINE('',#1632,#1631);
#1634=DIRECTION('',(-1.E0,0.E0,0.E0));
#1635=VECTOR('',#1634,6.E-1);
#1636=CARTESIAN_POINT('',(5.925E0,-2.925E0,1.E0));
#1637=LINE('',#1636,#1635);
#1638=DIRECTION('',(0.E0,0.E0,-1.E0));
#1639=VECTOR('',#1638,6.E-1);
#1640=CARTESIAN_POINT('',(6.575E0,-2.925E0,1.6E0));
#1641=LINE('',#1640,#1639);
#1642=DIRECTION('',(0.E0,0.E0,-1.E0));
#1643=VECTOR('',#1642,6.E-1);
#1644=CARTESIAN_POINT('',(7.175E0,-2.925E0,1.6E0));
#1645=LINE('',#1644,#1643);
#1646=DIRECTION('',(0.E0,1.E0,0.E0));
#1647=VECTOR('',#1646,3.E-1);
#1648=CARTESIAN_POINT('',(7.175E0,-3.225E0,1.E0));
#1649=LINE('',#1648,#1647);
#1650=DIRECTION('',(0.E0,-1.E0,0.E0));
#1651=VECTOR('',#1650,3.E-1);
#1652=CARTESIAN_POINT('',(6.575E0,-2.925E0,1.E0));
#1653=LINE('',#1652,#1651);
#1654=DIRECTION('',(-1.E0,0.E0,0.E0));
#1655=VECTOR('',#1654,6.E-1);
#1656=CARTESIAN_POINT('',(7.175E0,-2.925E0,1.E0));
#1657=LINE('',#1656,#1655);
#1658=DIRECTION('',(0.E0,0.E0,-1.E0));
#1659=VECTOR('',#1658,6.E-1);
#1660=CARTESIAN_POINT('',(7.875E0,-2.975E0,1.6E0));
#1661=LINE('',#1660,#1659);
#1662=DIRECTION('',(0.E0,9.333456062031E-1,3.589790793089E-1));
#1663=VECTOR('',#1662,1.392838827718E0);
#1664=CARTESIAN_POINT('',(7.625E0,-4.525E0,1.E-1));
#1665=LINE('',#1664,#1663);
#1666=DIRECTION('',(0.E0,0.E0,-1.E0));
#1667=VECTOR('',#1666,2.E0);
#1668=CARTESIAN_POINT('',(7.625E0,-4.525E0,1.E-1));
#1669=LINE('',#1668,#1667);
#1670=DIRECTION('',(0.E0,-1.E0,0.E0));
#1671=VECTOR('',#1670,4.8E0);
#1672=CARTESIAN_POINT('',(7.625E0,9.75E-1,-1.6E0));
#1673=LINE('',#1672,#1671);
#1674=DIRECTION('',(0.E0,0.E0,1.E0));
#1675=VECTOR('',#1674,1.E0);
#1676=CARTESIAN_POINT('',(7.625E0,-3.825E0,-1.6E0));
#1677=LINE('',#1676,#1675);
#1678=DIRECTION('',(0.E0,1.E0,0.E0));
#1679=VECTOR('',#1678,6.E-1);
#1680=CARTESIAN_POINT('',(7.625E0,-3.825E0,-6.E-1));
#1681=LINE('',#1680,#1679);
#1682=DIRECTION('',(0.E0,0.E0,1.E0));
#1683=VECTOR('',#1682,1.2E0);
#1684=CARTESIAN_POINT('',(7.625E0,-3.225E0,-6.E-1));
#1685=LINE('',#1684,#1683);
#1686=DIRECTION('',(0.E0,1.E0,0.E0));
#1687=VECTOR('',#1686,5.5E0);
#1688=CARTESIAN_POINT('',(-7.625E0,-4.525E0,-1.9E0));
#1689=LINE('',#1688,#1687);
#1690=DIRECTION('',(0.E0,1.E0,0.E0));
#1691=VECTOR('',#1690,5.5E0);
#1692=CARTESIAN_POINT('',(7.625E0,-4.525E0,-1.9E0));
#1693=LINE('',#1692,#1691);
#1694=DIRECTION('',(0.E0,1.E0,0.E0));
#1695=VECTOR('',#1694,5.5E0);
#1696=CARTESIAN_POINT('',(8.375E0,-4.525E0,-1.9E0));
#1697=LINE('',#1696,#1695);
#1698=DIRECTION('',(1.211582391191E-14,9.333456062031E-1,3.589790793089E-1));
#1699=VECTOR('',#1698,1.392838827718E0);
#1700=CARTESIAN_POINT('',(-7.625E0,-4.525E0,1.E-1));
#1701=LINE('',#1700,#1699);
#1702=DIRECTION('',(3.552713678801E-14,0.E0,1.E0));
#1703=VECTOR('',#1702,1.2E0);
#1704=CARTESIAN_POINT('',(-7.625E0,-3.225E0,-6.E-1));
#1705=LINE('',#1704,#1703);
#1706=DIRECTION('',(0.E0,1.E0,0.E0));
#1707=VECTOR('',#1706,6.E-1);
#1708=CARTESIAN_POINT('',(-7.625E0,-3.825E0,-6.E-1));
#1709=LINE('',#1708,#1707);
#1710=DIRECTION('',(3.286260152890E-14,0.E0,1.E0));
#1711=VECTOR('',#1710,1.E0);
#1712=CARTESIAN_POINT('',(-7.625E0,-3.825E0,-1.6E0));
#1713=LINE('',#1712,#1711);
#1714=DIRECTION('',(3.552713678801E-14,0.E0,1.E0));
#1715=VECTOR('',#1714,2.E0);
#1716=CARTESIAN_POINT('',(-7.625E0,-4.525E0,-1.9E0));
#1717=LINE('',#1716,#1715);
#1718=DIRECTION('',(1.E0,0.E0,0.E0));
#1719=VECTOR('',#1718,4.25E-1);
#1720=CARTESIAN_POINT('',(-7.625E0,-3.825E0,-6.E-1));
#1721=LINE('',#1720,#1719);
#1722=DIRECTION('',(0.E0,0.E0,1.E0));
#1723=VECTOR('',#1722,1.E0);
#1724=CARTESIAN_POINT('',(-7.2E0,-3.825E0,-1.6E0));
#1725=LINE('',#1724,#1723);
#1726=DIRECTION('',(1.E0,0.E0,0.E0));
#1727=VECTOR('',#1726,6.E-1);
#1728=CARTESIAN_POINT('',(-6.55E0,-3.825E0,-6.E-1));
#1729=LINE('',#1728,#1727);
#1730=DIRECTION('',(0.E0,0.E0,1.E0));
#1731=VECTOR('',#1730,1.E0);
#1732=CARTESIAN_POINT('',(-5.95E0,-3.825E0,-1.6E0));
#1733=LINE('',#1732,#1731);
#1734=DIRECTION('',(0.E0,0.E0,1.E0));
#1735=VECTOR('',#1734,1.E0);
#1736=CARTESIAN_POINT('',(-6.55E0,-3.825E0,-1.6E0));
#1737=LINE('',#1736,#1735);
#1738=DIRECTION('',(1.E0,0.E0,0.E0));
#1739=VECTOR('',#1738,6.E-1);
#1740=CARTESIAN_POINT('',(-5.3E0,-3.825E0,-6.E-1));
#1741=LINE('',#1740,#1739);
#1742=DIRECTION('',(0.E0,0.E0,1.E0));
#1743=VECTOR('',#1742,1.E0);
#1744=CARTESIAN_POINT('',(-4.7E0,-3.825E0,-1.6E0));
#1745=LINE('',#1744,#1743);
#1746=DIRECTION('',(0.E0,0.E0,1.E0));
#1747=VECTOR('',#1746,1.E0);
#1748=CARTESIAN_POINT('',(-5.3E0,-3.825E0,-1.6E0));
#1749=LINE('',#1748,#1747);
#1750=DIRECTION('',(1.E0,0.E0,0.E0));
#1751=VECTOR('',#1750,6.E-1);
#1752=CARTESIAN_POINT('',(-4.05E0,-3.825E0,-6.E-1));
#1753=LINE('',#1752,#1751);
#1754=DIRECTION('',(0.E0,0.E0,1.E0));
#1755=VECTOR('',#1754,1.E0);
#1756=CARTESIAN_POINT('',(-3.45E0,-3.825E0,-1.6E0));
#1757=LINE('',#1756,#1755);
#1758=DIRECTION('',(0.E0,0.E0,1.E0));
#1759=VECTOR('',#1758,1.E0);
#1760=CARTESIAN_POINT('',(-4.05E0,-3.825E0,-1.6E0));
#1761=LINE('',#1760,#1759);
#1762=DIRECTION('',(1.E0,0.E0,0.E0));
#1763=VECTOR('',#1762,6.E-1);
#1764=CARTESIAN_POINT('',(-2.8E0,-3.825E0,-6.E-1));
#1765=LINE('',#1764,#1763);
#1766=DIRECTION('',(0.E0,0.E0,1.E0));
#1767=VECTOR('',#1766,1.E0);
#1768=CARTESIAN_POINT('',(-2.2E0,-3.825E0,-1.6E0));
#1769=LINE('',#1768,#1767);
#1770=DIRECTION('',(0.E0,0.E0,1.E0));
#1771=VECTOR('',#1770,1.E0);
#1772=CARTESIAN_POINT('',(-2.8E0,-3.825E0,-1.6E0));
#1773=LINE('',#1772,#1771);
#1774=DIRECTION('',(1.E0,0.E0,0.E0));
#1775=VECTOR('',#1774,6.E-1);
#1776=CARTESIAN_POINT('',(-1.55E0,-3.825E0,-6.E-1));
#1777=LINE('',#1776,#1775);
#1778=DIRECTION('',(0.E0,0.E0,1.E0));
#1779=VECTOR('',#1778,1.E0);
#1780=CARTESIAN_POINT('',(-9.5E-1,-3.825E0,-1.6E0));
#1781=LINE('',#1780,#1779);
#1782=DIRECTION('',(0.E0,0.E0,1.E0));
#1783=VECTOR('',#1782,1.E0);
#1784=CARTESIAN_POINT('',(-1.55E0,-3.825E0,-1.6E0));
#1785=LINE('',#1784,#1783);
#1786=DIRECTION('',(0.E0,0.E0,-1.E0));
#1787=VECTOR('',#1786,1.E0);
#1788=CARTESIAN_POINT('',(7.2E0,-3.825E0,-6.E-1));
#1789=LINE('',#1788,#1787);
#1790=DIRECTION('',(1.E0,0.E0,0.E0));
#1791=VECTOR('',#1790,4.25E-1);
#1792=CARTESIAN_POINT('',(7.2E0,-3.825E0,-6.E-1));
#1793=LINE('',#1792,#1791);
#1794=DIRECTION('',(0.E0,0.E0,1.E0));
#1795=VECTOR('',#1794,1.E0);
#1796=CARTESIAN_POINT('',(5.95E0,-3.825E0,-1.6E0));
#1797=LINE('',#1796,#1795);
#1798=DIRECTION('',(1.E0,0.E0,0.E0));
#1799=VECTOR('',#1798,6.E-1);
#1800=CARTESIAN_POINT('',(5.95E0,-3.825E0,-6.E-1));
#1801=LINE('',#1800,#1799);
#1802=DIRECTION('',(0.E0,0.E0,1.E0));
#1803=VECTOR('',#1802,1.E0);
#1804=CARTESIAN_POINT('',(6.55E0,-3.825E0,-1.6E0));
#1805=LINE('',#1804,#1803);
#1806=DIRECTION('',(0.E0,0.E0,1.E0));
#1807=VECTOR('',#1806,1.E0);
#1808=CARTESIAN_POINT('',(5.3E0,-3.825E0,-1.6E0));
#1809=LINE('',#1808,#1807);
#1810=DIRECTION('',(0.E0,0.E0,1.E0));
#1811=VECTOR('',#1810,1.E0);
#1812=CARTESIAN_POINT('',(4.7E0,-3.825E0,-1.6E0));
#1813=LINE('',#1812,#1811);
#1814=DIRECTION('',(1.E0,0.E0,0.E0));
#1815=VECTOR('',#1814,6.E-1);
#1816=CARTESIAN_POINT('',(4.7E0,-3.825E0,-6.E-1));
#1817=LINE('',#1816,#1815);
#1818=DIRECTION('',(0.E0,0.E0,1.E0));
#1819=VECTOR('',#1818,1.E0);
#1820=CARTESIAN_POINT('',(4.05E0,-3.825E0,-1.6E0));
#1821=LINE('',#1820,#1819);
#1822=DIRECTION('',(0.E0,0.E0,1.E0));
#1823=VECTOR('',#1822,1.E0);
#1824=CARTESIAN_POINT('',(3.45E0,-3.825E0,-1.6E0));
#1825=LINE('',#1824,#1823);
#1826=DIRECTION('',(1.E0,0.E0,0.E0));
#1827=VECTOR('',#1826,6.E-1);
#1828=CARTESIAN_POINT('',(3.45E0,-3.825E0,-6.E-1));
#1829=LINE('',#1828,#1827);
#1830=DIRECTION('',(0.E0,0.E0,1.E0));
#1831=VECTOR('',#1830,1.E0);
#1832=CARTESIAN_POINT('',(2.8E0,-3.825E0,-1.6E0));
#1833=LINE('',#1832,#1831);
#1834=DIRECTION('',(0.E0,0.E0,1.E0));
#1835=VECTOR('',#1834,1.E0);
#1836=CARTESIAN_POINT('',(2.2E0,-3.825E0,-1.6E0));
#1837=LINE('',#1836,#1835);
#1838=DIRECTION('',(1.E0,0.E0,0.E0));
#1839=VECTOR('',#1838,6.E-1);
#1840=CARTESIAN_POINT('',(2.2E0,-3.825E0,-6.E-1));
#1841=LINE('',#1840,#1839);
#1842=DIRECTION('',(0.E0,0.E0,1.E0));
#1843=VECTOR('',#1842,1.E0);
#1844=CARTESIAN_POINT('',(1.55E0,-3.825E0,-1.6E0));
#1845=LINE('',#1844,#1843);
#1846=DIRECTION('',(0.E0,0.E0,1.E0));
#1847=VECTOR('',#1846,1.E0);
#1848=CARTESIAN_POINT('',(9.5E-1,-3.825E0,-1.6E0));
#1849=LINE('',#1848,#1847);
#1850=DIRECTION('',(1.E0,0.E0,0.E0));
#1851=VECTOR('',#1850,6.E-1);
#1852=CARTESIAN_POINT('',(9.5E-1,-3.825E0,-6.E-1));
#1853=LINE('',#1852,#1851);
#1854=DIRECTION('',(1.E0,0.E0,0.E0));
#1855=VECTOR('',#1854,6.E-1);
#1856=CARTESIAN_POINT('',(-3.E-1,-3.825E0,-6.E-1));
#1857=LINE('',#1856,#1855);
#1858=DIRECTION('',(0.E0,0.E0,1.E0));
#1859=VECTOR('',#1858,1.E0);
#1860=CARTESIAN_POINT('',(3.E-1,-3.825E0,-1.6E0));
#1861=LINE('',#1860,#1859);
#1862=DIRECTION('',(0.E0,0.E0,1.E0));
#1863=VECTOR('',#1862,1.E0);
#1864=CARTESIAN_POINT('',(-3.E-1,-3.825E0,-1.6E0));
#1865=LINE('',#1864,#1863);
#1866=DIRECTION('',(5.547001962252E-1,8.320502943378E-1,0.E0));
#1867=VECTOR('',#1866,1.802775637732E-1);
#1868=CARTESIAN_POINT('',(-7.2E0,-3.825E0,-6.E-1));
#1869=LINE('',#1868,#1867);
#1870=DIRECTION('',(0.E0,0.E0,-1.E0));
#1871=VECTOR('',#1870,1.E0);
#1872=CARTESIAN_POINT('',(-7.035E0,-3.371666666667E0,-6.E-1));
#1873=LINE('',#1872,#1871);
#1874=DIRECTION('',(0.E0,0.E0,1.E0));
#1875=VECTOR('',#1874,1.E0);
#1876=CARTESIAN_POINT('',(-7.1E0,-3.675E0,-1.6E0));
#1877=LINE('',#1876,#1875);
#1878=DIRECTION('',(2.095290887309E-1,9.778024140774E-1,0.E0));
#1879=VECTOR('',#1878,3.102194563710E-1);
#1880=CARTESIAN_POINT('',(-7.1E0,-3.675E0,-6.E-1));
#1881=LINE('',#1880,#1879);
#1882=DIRECTION('',(0.E0,0.E0,-1.E0));
#1883=VECTOR('',#1882,6.E-1);
#1884=CARTESIAN_POINT('',(-7.035E0,-1.25E-1,-1.75E-1));
#1885=LINE('',#1884,#1883);
#1886=DIRECTION('',(0.E0,-1.E0,0.E0));
#1887=VECTOR('',#1886,1.85E0);
#1888=CARTESIAN_POINT('',(-7.035E0,-1.25E-1,-1.75E-1));
#1889=LINE('',#1888,#1887);
#1890=CARTESIAN_POINT('',(-7.035E0,-2.675E0,-1.275E0));
#1891=DIRECTION('',(1.E0,0.E0,0.E0));
#1892=DIRECTION('',(0.E0,-5.641025641026E-1,8.257047275951E-1));
#1893=AXIS2_PLACEMENT_3D('',#1890,#1891,#1892);
#1895=DIRECTION('',(0.E0,0.E0,-1.E0));
#1896=VECTOR('',#1895,2.325E0);
#1897=CARTESIAN_POINT('',(-7.035E0,-3.65E0,-1.275E0));
#1898=LINE('',#1897,#1896);
#1899=DIRECTION('',(1.E0,0.E0,0.E0));
#1900=VECTOR('',#1899,3.2E-1);
#1901=CARTESIAN_POINT('',(-7.035E0,-1.25E-1,-7.75E-1));
#1902=LINE('',#1901,#1900);
#1903=DIRECTION('',(0.E0,-1.E0,0.E0));
#1904=VECTOR('',#1903,1.85E0);
#1905=CARTESIAN_POINT('',(-7.035E0,-1.25E-1,-7.75E-1));
#1906=LINE('',#1905,#1904);
#1907=DIRECTION('',(0.E0,0.E0,1.E0));
#1908=VECTOR('',#1907,6.E-1);
#1909=CARTESIAN_POINT('',(-6.715E0,-1.25E-1,-7.75E-1));
#1910=LINE('',#1909,#1908);
#1911=DIRECTION('',(0.E0,-1.E0,0.E0));
#1912=VECTOR('',#1911,1.85E0);
#1913=CARTESIAN_POINT('',(-6.715E0,-1.25E-1,-7.75E-1));
#1914=LINE('',#1913,#1912);
#1915=DIRECTION('',(0.E0,0.E0,-1.E0));
#1916=VECTOR('',#1915,2.E0);
#1917=CARTESIAN_POINT('',(-6.715E0,-3.3E0,-1.6E0));
#1918=LINE('',#1917,#1916);
#1919=DIRECTION('',(-1.E0,0.E0,0.E0));
#1920=VECTOR('',#1919,3.2E-1);
#1921=CARTESIAN_POINT('',(-6.715E0,-1.25E-1,-1.75E-1));
#1922=LINE('',#1921,#1920);
#1923=DIRECTION('',(0.E0,-1.E0,0.E0));
#1924=VECTOR('',#1923,1.85E0);
#1925=CARTESIAN_POINT('',(-6.715E0,-1.25E-1,-1.75E-1));
#1926=LINE('',#1925,#1924);
#1927=CARTESIAN_POINT('',(-6.775E0,2.75E-1,-2.75E-1));
#1928=CARTESIAN_POINT('',(-6.735E0,1.444139194448E-1,-2.083333333333E-1));
#1929=CARTESIAN_POINT('',(-6.715E0,1.108058611148E-2,-1.75E-1));
#1930=CARTESIAN_POINT('',(-6.715E0,-1.25E-1,-1.75E-1));
#1932=DIRECTION('',(-1.E0,0.E0,0.E0));
#1933=VECTOR('',#1932,2.E-1);
#1934=CARTESIAN_POINT('',(-6.775E0,2.75E-1,-2.75E-1));
#1935=LINE('',#1934,#1933);
#1936=DIRECTION('',(0.E0,0.E0,-1.E0));
#1937=VECTOR('',#1936,4.E-1);
#1938=CARTESIAN_POINT('',(-6.975E0,2.75E-1,-2.75E-1));
#1939=LINE('',#1938,#1937);
#1940=DIRECTION('',(1.E0,0.E0,0.E0));
#1941=VECTOR('',#1940,2.E-1);
#1942=CARTESIAN_POINT('',(-6.975E0,2.75E-1,-6.75E-1));
#1943=LINE('',#1942,#1941);
#1944=DIRECTION('',(0.E0,0.E0,1.E0));
#1945=VECTOR('',#1944,4.E-1);
#1946=CARTESIAN_POINT('',(-6.775E0,2.75E-1,-6.75E-1));
#1947=LINE('',#1946,#1945);
#1948=CARTESIAN_POINT('',(-6.975E0,2.75E-1,-2.75E-1));
#1949=CARTESIAN_POINT('',(-7.015E0,1.444139194448E-1,-2.083333333333E-1));
#1950=CARTESIAN_POINT('',(-7.035E0,1.108058611148E-2,-1.75E-1));
#1951=CARTESIAN_POINT('',(-7.035E0,-1.25E-1,-1.75E-1));
#1953=CARTESIAN_POINT('',(-6.975E0,2.75E-1,-6.75E-1));
#1954=CARTESIAN_POINT('',(-7.015E0,1.444139194448E-1,-7.416666666667E-1));
#1955=CARTESIAN_POINT('',(-7.035E0,1.108058611148E-2,-7.75E-1));
#1956=CARTESIAN_POINT('',(-7.035E0,-1.25E-1,-7.75E-1));
#1958=CARTESIAN_POINT('',(-6.775E0,2.75E-1,-6.75E-1));
#1959=CARTESIAN_POINT('',(-6.735E0,1.444139194448E-1,-7.416666666667E-1));
#1960=CARTESIAN_POINT('',(-6.715E0,1.108058611148E-2,-7.75E-1));
#1961=CARTESIAN_POINT('',(-6.715E0,-1.25E-1,-7.75E-1));
#1963=DIRECTION('',(0.E0,0.E0,-1.E0));
#1964=VECTOR('',#1963,1.E0);
#1965=CARTESIAN_POINT('',(-6.715E0,-3.371666666667E0,-6.E-1));
#1966=LINE('',#1965,#1964);
#1967=DIRECTION('',(2.095290887309E-1,-9.778024140774E-1,0.E0));
#1968=VECTOR('',#1967,3.102194563710E-1);
#1969=CARTESIAN_POINT('',(-6.715E0,-3.371666666667E0,-6.E-1));
#1970=LINE('',#1969,#1968);
#1971=DIRECTION('',(5.547001962252E-1,-8.320502943378E-1,0.E0));
#1972=VECTOR('',#1971,1.802775637732E-1);
#1973=CARTESIAN_POINT('',(-6.65E0,-3.675E0,-6.E-1));
#1974=LINE('',#1973,#1972);
#1975=DIRECTION('',(0.E0,0.E0,1.E0));
#1976=VECTOR('',#1975,1.E0);
#1977=CARTESIAN_POINT('',(-6.65E0,-3.675E0,-1.6E0));
#1978=LINE('',#1977,#1976);
#1979=DIRECTION('',(1.E0,0.E0,0.E0));
#1980=VECTOR('',#1979,1.1E0);
#1981=CARTESIAN_POINT('',(5.7E0,-4.75E-1,-1.6E0));
#1982=LINE('',#1981,#1980);
#1983=DIRECTION('',(0.E0,1.E0,0.E0));
#1984=VECTOR('',#1983,1.15E0);
#1985=CARTESIAN_POINT('',(6.8E0,-1.625E0,-1.6E0));
#1986=LINE('',#1985,#1984);
#1987=DIRECTION('',(1.E0,0.E0,0.E0));
#1988=VECTOR('',#1987,1.1E0);
#1989=CARTESIAN_POINT('',(5.7E0,-1.625E0,-1.6E0));
#1990=LINE('',#1989,#1988);
#1991=DIRECTION('',(0.E0,1.E0,0.E0));
#1992=VECTOR('',#1991,1.15E0);
#1993=CARTESIAN_POINT('',(5.7E0,-1.625E0,-1.6E0));
#1994=LINE('',#1993,#1992);
#1995=DIRECTION('',(1.E0,0.E0,0.E0));
#1996=VECTOR('',#1995,1.1E0);
#1997=CARTESIAN_POINT('',(-6.8E0,-4.75E-1,-1.6E0));
#1998=LINE('',#1997,#1996);
#1999=DIRECTION('',(0.E0,1.E0,0.E0));
#2000=VECTOR('',#1999,1.15E0);
#2001=CARTESIAN_POINT('',(-5.7E0,-1.625E0,-1.6E0));
#2002=LINE('',#2001,#2000);
#2003=DIRECTION('',(1.E0,0.E0,0.E0));
#2004=VECTOR('',#2003,1.1E0);
#2005=CARTESIAN_POINT('',(-6.8E0,-1.625E0,-1.6E0));
#2006=LINE('',#2005,#2004);
#2007=DIRECTION('',(0.E0,1.E0,0.E0));
#2008=VECTOR('',#2007,1.15E0);
#2009=CARTESIAN_POINT('',(-6.8E0,-1.625E0,-1.6E0));
#2010=LINE('',#2009,#2008);
#2011=DIRECTION('',(0.E0,1.E0,0.E0));
#2012=VECTOR('',#2011,7.166666666666E-2);
#2013=CARTESIAN_POINT('',(-7.035E0,-3.371666666667E0,-1.6E0));
#2014=LINE('',#2013,#2012);
#2015=DIRECTION('',(1.E0,0.E0,0.E0));
#2016=VECTOR('',#2015,3.2E-1);
#2017=CARTESIAN_POINT('',(-7.035E0,-3.3E0,-1.6E0));
#2018=LINE('',#2017,#2016);
#2019=DIRECTION('',(0.E0,1.E0,0.E0));
#2020=VECTOR('',#2019,7.166666666666E-2);
#2021=CARTESIAN_POINT('',(-6.715E0,-3.371666666667E0,-1.6E0));
#2022=LINE('',#2021,#2020);
#2023=DIRECTION('',(2.095290887309E-1,-9.778024140774E-1,0.E0));
#2024=VECTOR('',#2023,3.102194563710E-1);
#2025=CARTESIAN_POINT('',(-6.715E0,-3.371666666667E0,-1.6E0));
#2026=LINE('',#2025,#2024);
#2027=DIRECTION('',(5.547001962252E-1,-8.320502943378E-1,0.E0));
#2028=VECTOR('',#2027,1.802775637732E-1);
#2029=CARTESIAN_POINT('',(-6.65E0,-3.675E0,-1.6E0));
#2030=LINE('',#2029,#2028);
#2031=DIRECTION('',(1.E0,0.E0,0.E0));
#2032=VECTOR('',#2031,6.E-1);
#2033=CARTESIAN_POINT('',(-6.55E0,-3.825E0,-1.6E0));
#2034=LINE('',#2033,#2032);
#2035=DIRECTION('',(5.547001962252E-1,8.320502943378E-1,0.E0));
#2036=VECTOR('',#2035,1.802775637732E-1);
#2037=CARTESIAN_POINT('',(-5.95E0,-3.825E0,-1.6E0));
#2038=LINE('',#2037,#2036);
#2039=DIRECTION('',(2.095290887309E-1,9.778024140774E-1,0.E0));
#2040=VECTOR('',#2039,3.102194563710E-1);
#2041=CARTESIAN_POINT('',(-5.85E0,-3.675E0,-1.6E0));
#2042=LINE('',#2041,#2040);
#2043=DIRECTION('',(0.E0,1.E0,0.E0));
#2044=VECTOR('',#2043,7.166666666666E-2);
#2045=CARTESIAN_POINT('',(-5.785E0,-3.371666666667E0,-1.6E0));
#2046=LINE('',#2045,#2044);
#2047=DIRECTION('',(1.E0,0.E0,0.E0));
#2048=VECTOR('',#2047,3.2E-1);
#2049=CARTESIAN_POINT('',(-5.785E0,-3.3E0,-1.6E0));
#2050=LINE('',#2049,#2048);
#2051=DIRECTION('',(0.E0,1.E0,0.E0));
#2052=VECTOR('',#2051,7.166666666666E-2);
#2053=CARTESIAN_POINT('',(-5.465E0,-3.371666666667E0,-1.6E0));
#2054=LINE('',#2053,#2052);
#2055=DIRECTION('',(2.095290887309E-1,-9.778024140774E-1,0.E0));
#2056=VECTOR('',#2055,3.102194563710E-1);
#2057=CARTESIAN_POINT('',(-5.465E0,-3.371666666667E0,-1.6E0));
#2058=LINE('',#2057,#2056);
#2059=DIRECTION('',(5.547001962252E-1,-8.320502943378E-1,0.E0));
#2060=VECTOR('',#2059,1.802775637732E-1);
#2061=CARTESIAN_POINT('',(-5.4E0,-3.675E0,-1.6E0));
#2062=LINE('',#2061,#2060);
#2063=DIRECTION('',(1.E0,0.E0,0.E0));
#2064=VECTOR('',#2063,6.E-1);
#2065=CARTESIAN_POINT('',(-5.3E0,-3.825E0,-1.6E0));
#2066=LINE('',#2065,#2064);
#2067=DIRECTION('',(5.547001962252E-1,8.320502943378E-1,0.E0));
#2068=VECTOR('',#2067,1.802775637732E-1);
#2069=CARTESIAN_POINT('',(-4.7E0,-3.825E0,-1.6E0));
#2070=LINE('',#2069,#2068);
#2071=DIRECTION('',(2.095290887309E-1,9.778024140774E-1,0.E0));
#2072=VECTOR('',#2071,3.102194563710E-1);
#2073=CARTESIAN_POINT('',(-4.6E0,-3.675E0,-1.6E0));
#2074=LINE('',#2073,#2072);
#2075=DIRECTION('',(0.E0,1.E0,0.E0));
#2076=VECTOR('',#2075,7.166666666666E-2);
#2077=CARTESIAN_POINT('',(-4.535E0,-3.371666666667E0,-1.6E0));
#2078=LINE('',#2077,#2076);
#2079=DIRECTION('',(1.E0,0.E0,0.E0));
#2080=VECTOR('',#2079,3.2E-1);
#2081=CARTESIAN_POINT('',(-4.535E0,-3.3E0,-1.6E0));
#2082=LINE('',#2081,#2080);
#2083=DIRECTION('',(0.E0,1.E0,0.E0));
#2084=VECTOR('',#2083,7.166666666666E-2);
#2085=CARTESIAN_POINT('',(-4.215E0,-3.371666666667E0,-1.6E0));
#2086=LINE('',#2085,#2084);
#2087=DIRECTION('',(2.095290887309E-1,-9.778024140774E-1,0.E0));
#2088=VECTOR('',#2087,3.102194563710E-1);
#2089=CARTESIAN_POINT('',(-4.215E0,-3.371666666667E0,-1.6E0));
#2090=LINE('',#2089,#2088);
#2091=DIRECTION('',(5.547001962252E-1,-8.320502943378E-1,0.E0));
#2092=VECTOR('',#2091,1.802775637732E-1);
#2093=CARTESIAN_POINT('',(-4.15E0,-3.675E0,-1.6E0));
#2094=LINE('',#2093,#2092);
#2095=DIRECTION('',(1.E0,0.E0,0.E0));
#2096=VECTOR('',#2095,6.E-1);
#2097=CARTESIAN_POINT('',(-4.05E0,-3.825E0,-1.6E0));
#2098=LINE('',#2097,#2096);
#2099=DIRECTION('',(5.547001962252E-1,8.320502943378E-1,0.E0));
#2100=VECTOR('',#2099,1.802775637732E-1);
#2101=CARTESIAN_POINT('',(-3.45E0,-3.825E0,-1.6E0));
#2102=LINE('',#2101,#2100);
#2103=DIRECTION('',(2.095290887309E-1,9.778024140774E-1,0.E0));
#2104=VECTOR('',#2103,3.102194563710E-1);
#2105=CARTESIAN_POINT('',(-3.35E0,-3.675E0,-1.6E0));
#2106=LINE('',#2105,#2104);
#2107=DIRECTION('',(0.E0,1.E0,0.E0));
#2108=VECTOR('',#2107,7.166666666667E-2);
#2109=CARTESIAN_POINT('',(-3.285E0,-3.371666666667E0,-1.6E0));
#2110=LINE('',#2109,#2108);
#2111=DIRECTION('',(1.E0,0.E0,0.E0));
#2112=VECTOR('',#2111,3.2E-1);
#2113=CARTESIAN_POINT('',(-3.285E0,-3.3E0,-1.6E0));
#2114=LINE('',#2113,#2112);
#2115=DIRECTION('',(0.E0,1.E0,0.E0));
#2116=VECTOR('',#2115,7.166666666667E-2);
#2117=CARTESIAN_POINT('',(-2.965E0,-3.371666666667E0,-1.6E0));
#2118=LINE('',#2117,#2116);
#2119=DIRECTION('',(2.095290887309E-1,-9.778024140774E-1,0.E0));
#2120=VECTOR('',#2119,3.102194563710E-1);
#2121=CARTESIAN_POINT('',(-2.965E0,-3.371666666667E0,-1.6E0));
#2122=LINE('',#2121,#2120);
#2123=DIRECTION('',(5.547001962252E-1,-8.320502943378E-1,0.E0));
#2124=VECTOR('',#2123,1.802775637732E-1);
#2125=CARTESIAN_POINT('',(-2.9E0,-3.675E0,-1.6E0));
#2126=LINE('',#2125,#2124);
#2127=DIRECTION('',(1.E0,0.E0,0.E0));
#2128=VECTOR('',#2127,6.E-1);
#2129=CARTESIAN_POINT('',(-2.8E0,-3.825E0,-1.6E0));
#2130=LINE('',#2129,#2128);
#2131=DIRECTION('',(5.547001962252E-1,8.320502943378E-1,0.E0));
#2132=VECTOR('',#2131,1.802775637732E-1);
#2133=CARTESIAN_POINT('',(-2.2E0,-3.825E0,-1.6E0));
#2134=LINE('',#2133,#2132);
#2135=DIRECTION('',(2.095290887309E-1,9.778024140774E-1,0.E0));
#2136=VECTOR('',#2135,3.102194563710E-1);
#2137=CARTESIAN_POINT('',(-2.1E0,-3.675E0,-1.6E0));
#2138=LINE('',#2137,#2136);
#2139=DIRECTION('',(0.E0,1.E0,0.E0));
#2140=VECTOR('',#2139,7.166666666667E-2);
#2141=CARTESIAN_POINT('',(-2.035E0,-3.371666666667E0,-1.6E0));
#2142=LINE('',#2141,#2140);
#2143=DIRECTION('',(1.E0,0.E0,0.E0));
#2144=VECTOR('',#2143,3.2E-1);
#2145=CARTESIAN_POINT('',(-2.035E0,-3.3E0,-1.6E0));
#2146=LINE('',#2145,#2144);
#2147=DIRECTION('',(0.E0,1.E0,0.E0));
#2148=VECTOR('',#2147,7.166666666666E-2);
#2149=CARTESIAN_POINT('',(-1.715E0,-3.371666666667E0,-1.6E0));
#2150=LINE('',#2149,#2148);
#2151=DIRECTION('',(2.095290887309E-1,-9.778024140774E-1,0.E0));
#2152=VECTOR('',#2151,3.102194563710E-1);
#2153=CARTESIAN_POINT('',(-1.715E0,-3.371666666667E0,-1.6E0));
#2154=LINE('',#2153,#2152);
#2155=DIRECTION('',(5.547001962252E-1,-8.320502943378E-1,0.E0));
#2156=VECTOR('',#2155,1.802775637732E-1);
#2157=CARTESIAN_POINT('',(-1.65E0,-3.675E0,-1.6E0));
#2158=LINE('',#2157,#2156);
#2159=DIRECTION('',(1.E0,0.E0,0.E0));
#2160=VECTOR('',#2159,6.E-1);
#2161=CARTESIAN_POINT('',(-1.55E0,-3.825E0,-1.6E0));
#2162=LINE('',#2161,#2160);
#2163=DIRECTION('',(5.547001962252E-1,8.320502943378E-1,0.E0));
#2164=VECTOR('',#2163,1.802775637732E-1);
#2165=CARTESIAN_POINT('',(-9.5E-1,-3.825E0,-1.6E0));
#2166=LINE('',#2165,#2164);
#2167=DIRECTION('',(2.095290887309E-1,9.778024140774E-1,0.E0));
#2168=VECTOR('',#2167,3.102194563710E-1);
#2169=CARTESIAN_POINT('',(-8.5E-1,-3.675E0,-1.6E0));
#2170=LINE('',#2169,#2168);
#2171=DIRECTION('',(0.E0,1.E0,0.E0));
#2172=VECTOR('',#2171,7.166666666667E-2);
#2173=CARTESIAN_POINT('',(-7.85E-1,-3.371666666667E0,-1.6E0));
#2174=LINE('',#2173,#2172);
#2175=DIRECTION('',(1.E0,0.E0,0.E0));
#2176=VECTOR('',#2175,3.2E-1);
#2177=CARTESIAN_POINT('',(-7.85E-1,-3.3E0,-1.6E0));
#2178=LINE('',#2177,#2176);
#2179=DIRECTION('',(0.E0,1.E0,0.E0));
#2180=VECTOR('',#2179,7.166666666667E-2);
#2181=CARTESIAN_POINT('',(-4.65E-1,-3.371666666667E0,-1.6E0));
#2182=LINE('',#2181,#2180);
#2183=DIRECTION('',(2.095290887309E-1,-9.778024140774E-1,0.E0));
#2184=VECTOR('',#2183,3.102194563710E-1);
#2185=CARTESIAN_POINT('',(-4.65E-1,-3.371666666667E0,-1.6E0));
#2186=LINE('',#2185,#2184);
#2187=DIRECTION('',(5.547001962252E-1,-8.320502943378E-1,0.E0));
#2188=VECTOR('',#2187,1.802775637732E-1);
#2189=CARTESIAN_POINT('',(-4.E-1,-3.675E0,-1.6E0));
#2190=LINE('',#2189,#2188);
#2191=DIRECTION('',(1.E0,0.E0,0.E0));
#2192=VECTOR('',#2191,6.E-1);
#2193=CARTESIAN_POINT('',(-3.E-1,-3.825E0,-1.6E0));
#2194=LINE('',#2193,#2192);
#2195=DIRECTION('',(5.547001962252E-1,8.320502943378E-1,0.E0));
#2196=VECTOR('',#2195,1.802775637732E-1);
#2197=CARTESIAN_POINT('',(3.E-1,-3.825E0,-1.6E0));
#2198=LINE('',#2197,#2196);
#2199=DIRECTION('',(2.095290887309E-1,9.778024140774E-1,0.E0));
#2200=VECTOR('',#2199,3.102194563710E-1);
#2201=CARTESIAN_POINT('',(4.E-1,-3.675E0,-1.6E0));
#2202=LINE('',#2201,#2200);
#2203=DIRECTION('',(0.E0,1.E0,0.E0));
#2204=VECTOR('',#2203,7.166666666666E-2);
#2205=CARTESIAN_POINT('',(4.65E-1,-3.371666666667E0,-1.6E0));
#2206=LINE('',#2205,#2204);
#2207=DIRECTION('',(1.E0,0.E0,0.E0));
#2208=VECTOR('',#2207,3.2E-1);
#2209=CARTESIAN_POINT('',(4.65E-1,-3.3E0,-1.6E0));
#2210=LINE('',#2209,#2208);
#2211=DIRECTION('',(0.E0,1.E0,0.E0));
#2212=VECTOR('',#2211,7.166666666667E-2);
#2213=CARTESIAN_POINT('',(7.85E-1,-3.371666666667E0,-1.6E0));
#2214=LINE('',#2213,#2212);
#2215=DIRECTION('',(2.095290887309E-1,-9.778024140774E-1,0.E0));
#2216=VECTOR('',#2215,3.102194563710E-1);
#2217=CARTESIAN_POINT('',(7.85E-1,-3.371666666667E0,-1.6E0));
#2218=LINE('',#2217,#2216);
#2219=DIRECTION('',(5.547001962252E-1,-8.320502943378E-1,0.E0));
#2220=VECTOR('',#2219,1.802775637732E-1);
#2221=CARTESIAN_POINT('',(8.5E-1,-3.675E0,-1.6E0));
#2222=LINE('',#2221,#2220);
#2223=DIRECTION('',(1.E0,0.E0,0.E0));
#2224=VECTOR('',#2223,6.E-1);
#2225=CARTESIAN_POINT('',(9.5E-1,-3.825E0,-1.6E0));
#2226=LINE('',#2225,#2224);
#2227=DIRECTION('',(5.547001962252E-1,8.320502943378E-1,0.E0));
#2228=VECTOR('',#2227,1.802775637732E-1);
#2229=CARTESIAN_POINT('',(1.55E0,-3.825E0,-1.6E0));
#2230=LINE('',#2229,#2228);
#2231=DIRECTION('',(2.095290887309E-1,9.778024140774E-1,0.E0));
#2232=VECTOR('',#2231,3.102194563710E-1);
#2233=CARTESIAN_POINT('',(1.65E0,-3.675E0,-1.6E0));
#2234=LINE('',#2233,#2232);
#2235=DIRECTION('',(0.E0,1.E0,0.E0));
#2236=VECTOR('',#2235,7.166666666666E-2);
#2237=CARTESIAN_POINT('',(1.715E0,-3.371666666667E0,-1.6E0));
#2238=LINE('',#2237,#2236);
#2239=DIRECTION('',(1.E0,0.E0,0.E0));
#2240=VECTOR('',#2239,3.2E-1);
#2241=CARTESIAN_POINT('',(1.715E0,-3.3E0,-1.6E0));
#2242=LINE('',#2241,#2240);
#2243=DIRECTION('',(0.E0,1.E0,0.E0));
#2244=VECTOR('',#2243,7.166666666667E-2);
#2245=CARTESIAN_POINT('',(2.035E0,-3.371666666667E0,-1.6E0));
#2246=LINE('',#2245,#2244);
#2247=DIRECTION('',(2.095290887309E-1,-9.778024140774E-1,0.E0));
#2248=VECTOR('',#2247,3.102194563710E-1);
#2249=CARTESIAN_POINT('',(2.035E0,-3.371666666667E0,-1.6E0));
#2250=LINE('',#2249,#2248);
#2251=DIRECTION('',(5.547001962252E-1,-8.320502943378E-1,0.E0));
#2252=VECTOR('',#2251,1.802775637732E-1);
#2253=CARTESIAN_POINT('',(2.1E0,-3.675E0,-1.6E0));
#2254=LINE('',#2253,#2252);
#2255=DIRECTION('',(1.E0,0.E0,0.E0));
#2256=VECTOR('',#2255,6.E-1);
#2257=CARTESIAN_POINT('',(2.2E0,-3.825E0,-1.6E0));
#2258=LINE('',#2257,#2256);
#2259=DIRECTION('',(5.547001962252E-1,8.320502943378E-1,0.E0));
#2260=VECTOR('',#2259,1.802775637732E-1);
#2261=CARTESIAN_POINT('',(2.8E0,-3.825E0,-1.6E0));
#2262=LINE('',#2261,#2260);
#2263=DIRECTION('',(2.095290887309E-1,9.778024140774E-1,0.E0));
#2264=VECTOR('',#2263,3.102194563710E-1);
#2265=CARTESIAN_POINT('',(2.9E0,-3.675E0,-1.6E0));
#2266=LINE('',#2265,#2264);
#2267=DIRECTION('',(0.E0,1.E0,0.E0));
#2268=VECTOR('',#2267,7.166666666667E-2);
#2269=CARTESIAN_POINT('',(2.965E0,-3.371666666667E0,-1.6E0));
#2270=LINE('',#2269,#2268);
#2271=DIRECTION('',(1.E0,0.E0,0.E0));
#2272=VECTOR('',#2271,3.2E-1);
#2273=CARTESIAN_POINT('',(2.965E0,-3.3E0,-1.6E0));
#2274=LINE('',#2273,#2272);
#2275=DIRECTION('',(0.E0,1.E0,0.E0));
#2276=VECTOR('',#2275,7.166666666667E-2);
#2277=CARTESIAN_POINT('',(3.285E0,-3.371666666667E0,-1.6E0));
#2278=LINE('',#2277,#2276);
#2279=DIRECTION('',(2.095290887309E-1,-9.778024140774E-1,0.E0));
#2280=VECTOR('',#2279,3.102194563710E-1);
#2281=CARTESIAN_POINT('',(3.285E0,-3.371666666667E0,-1.6E0));
#2282=LINE('',#2281,#2280);
#2283=DIRECTION('',(5.547001962252E-1,-8.320502943378E-1,0.E0));
#2284=VECTOR('',#2283,1.802775637732E-1);
#2285=CARTESIAN_POINT('',(3.35E0,-3.675E0,-1.6E0));
#2286=LINE('',#2285,#2284);
#2287=DIRECTION('',(1.E0,0.E0,0.E0));
#2288=VECTOR('',#2287,6.E-1);
#2289=CARTESIAN_POINT('',(3.45E0,-3.825E0,-1.6E0));
#2290=LINE('',#2289,#2288);
#2291=DIRECTION('',(5.547001962252E-1,8.320502943378E-1,0.E0));
#2292=VECTOR('',#2291,1.802775637732E-1);
#2293=CARTESIAN_POINT('',(4.05E0,-3.825E0,-1.6E0));
#2294=LINE('',#2293,#2292);
#2295=DIRECTION('',(2.095290887309E-1,9.778024140774E-1,0.E0));
#2296=VECTOR('',#2295,3.102194563710E-1);
#2297=CARTESIAN_POINT('',(4.15E0,-3.675E0,-1.6E0));
#2298=LINE('',#2297,#2296);
#2299=DIRECTION('',(0.E0,1.E0,0.E0));
#2300=VECTOR('',#2299,7.166666666666E-2);
#2301=CARTESIAN_POINT('',(4.215E0,-3.371666666667E0,-1.6E0));
#2302=LINE('',#2301,#2300);
#2303=DIRECTION('',(1.E0,0.E0,0.E0));
#2304=VECTOR('',#2303,3.2E-1);
#2305=CARTESIAN_POINT('',(4.215E0,-3.3E0,-1.6E0));
#2306=LINE('',#2305,#2304);
#2307=DIRECTION('',(0.E0,1.E0,0.E0));
#2308=VECTOR('',#2307,7.166666666666E-2);
#2309=CARTESIAN_POINT('',(4.535E0,-3.371666666667E0,-1.6E0));
#2310=LINE('',#2309,#2308);
#2311=DIRECTION('',(2.095290887309E-1,-9.778024140774E-1,0.E0));
#2312=VECTOR('',#2311,3.102194563710E-1);
#2313=CARTESIAN_POINT('',(4.535E0,-3.371666666667E0,-1.6E0));
#2314=LINE('',#2313,#2312);
#2315=DIRECTION('',(5.547001962252E-1,-8.320502943378E-1,0.E0));
#2316=VECTOR('',#2315,1.802775637732E-1);
#2317=CARTESIAN_POINT('',(4.6E0,-3.675E0,-1.6E0));
#2318=LINE('',#2317,#2316);
#2319=DIRECTION('',(1.E0,0.E0,0.E0));
#2320=VECTOR('',#2319,6.E-1);
#2321=CARTESIAN_POINT('',(4.7E0,-3.825E0,-1.6E0));
#2322=LINE('',#2321,#2320);
#2323=DIRECTION('',(5.547001962252E-1,8.320502943379E-1,0.E0));
#2324=VECTOR('',#2323,1.802775637732E-1);
#2325=CARTESIAN_POINT('',(5.3E0,-3.825E0,-1.6E0));
#2326=LINE('',#2325,#2324);
#2327=DIRECTION('',(2.095290887309E-1,9.778024140774E-1,0.E0));
#2328=VECTOR('',#2327,3.102194563710E-1);
#2329=CARTESIAN_POINT('',(5.4E0,-3.675E0,-1.6E0));
#2330=LINE('',#2329,#2328);
#2331=DIRECTION('',(0.E0,1.E0,0.E0));
#2332=VECTOR('',#2331,7.166666666666E-2);
#2333=CARTESIAN_POINT('',(5.465E0,-3.371666666667E0,-1.6E0));
#2334=LINE('',#2333,#2332);
#2335=DIRECTION('',(1.E0,0.E0,0.E0));
#2336=VECTOR('',#2335,3.2E-1);
#2337=CARTESIAN_POINT('',(5.465E0,-3.3E0,-1.6E0));
#2338=LINE('',#2337,#2336);
#2339=DIRECTION('',(0.E0,1.E0,0.E0));
#2340=VECTOR('',#2339,7.166666666667E-2);
#2341=CARTESIAN_POINT('',(5.785E0,-3.371666666667E0,-1.6E0));
#2342=LINE('',#2341,#2340);
#2343=DIRECTION('',(2.095290887309E-1,-9.778024140774E-1,0.E0));
#2344=VECTOR('',#2343,3.102194563710E-1);
#2345=CARTESIAN_POINT('',(5.785E0,-3.371666666667E0,-1.6E0));
#2346=LINE('',#2345,#2344);
#2347=DIRECTION('',(5.547001962252E-1,-8.320502943378E-1,0.E0));
#2348=VECTOR('',#2347,1.802775637732E-1);
#2349=CARTESIAN_POINT('',(5.85E0,-3.675E0,-1.6E0));
#2350=LINE('',#2349,#2348);
#2351=DIRECTION('',(1.E0,0.E0,0.E0));
#2352=VECTOR('',#2351,6.E-1);
#2353=CARTESIAN_POINT('',(5.95E0,-3.825E0,-1.6E0));
#2354=LINE('',#2353,#2352);
#2355=DIRECTION('',(5.547001962252E-1,8.320502943378E-1,0.E0));
#2356=VECTOR('',#2355,1.802775637732E-1);
#2357=CARTESIAN_POINT('',(6.55E0,-3.825E0,-1.6E0));
#2358=LINE('',#2357,#2356);
#2359=DIRECTION('',(2.095290887309E-1,9.778024140774E-1,0.E0));
#2360=VECTOR('',#2359,3.102194563710E-1);
#2361=CARTESIAN_POINT('',(6.65E0,-3.675E0,-1.6E0));
#2362=LINE('',#2361,#2360);
#2363=DIRECTION('',(0.E0,1.E0,0.E0));
#2364=VECTOR('',#2363,7.166666666665E-2);
#2365=CARTESIAN_POINT('',(6.715E0,-3.371666666667E0,-1.6E0));
#2366=LINE('',#2365,#2364);
#2367=DIRECTION('',(1.E0,0.E0,0.E0));
#2368=VECTOR('',#2367,3.2E-1);
#2369=CARTESIAN_POINT('',(6.715E0,-3.3E0,-1.6E0));
#2370=LINE('',#2369,#2368);
#2371=DIRECTION('',(0.E0,1.E0,0.E0));
#2372=VECTOR('',#2371,7.166666666666E-2);
#2373=CARTESIAN_POINT('',(7.035E0,-3.371666666667E0,-1.6E0));
#2374=LINE('',#2373,#2372);
#2375=DIRECTION('',(2.095290887309E-1,-9.778024140774E-1,0.E0));
#2376=VECTOR('',#2375,3.102194563710E-1);
#2377=CARTESIAN_POINT('',(7.035E0,-3.371666666667E0,-1.6E0));
#2378=LINE('',#2377,#2376);
#2379=DIRECTION('',(5.547001962252E-1,-8.320502943378E-1,0.E0));
#2380=VECTOR('',#2379,1.802775637732E-1);
#2381=CARTESIAN_POINT('',(7.1E0,-3.675E0,-1.6E0));
#2382=LINE('',#2381,#2380);
#2383=DIRECTION('',(1.E0,0.E0,0.E0));
#2384=VECTOR('',#2383,4.25E-1);
#2385=CARTESIAN_POINT('',(7.2E0,-3.825E0,-1.6E0));
#2386=LINE('',#2385,#2384);
#2387=DIRECTION('',(0.E0,-1.E0,0.E0));
#2388=VECTOR('',#2387,4.8E0);
#2389=CARTESIAN_POINT('',(-7.625E0,9.75E-1,-1.6E0));
#2390=LINE('',#2389,#2388);
#2391=DIRECTION('',(1.E0,0.E0,0.E0));
#2392=VECTOR('',#2391,4.25E-1);
#2393=CARTESIAN_POINT('',(-7.625E0,-3.825E0,-1.6E0));
#2394=LINE('',#2393,#2392);
#2395=DIRECTION('',(5.547001962252E-1,8.320502943378E-1,0.E0));
#2396=VECTOR('',#2395,1.802775637732E-1);
#2397=CARTESIAN_POINT('',(-7.2E0,-3.825E0,-1.6E0));
#2398=LINE('',#2397,#2396);
#2399=DIRECTION('',(2.095290887309E-1,9.778024140774E-1,0.E0));
#2400=VECTOR('',#2399,3.102194563710E-1);
#2401=CARTESIAN_POINT('',(-7.1E0,-3.675E0,-1.6E0));
#2402=LINE('',#2401,#2400);
#2403=DIRECTION('',(0.E0,0.E0,-1.E0));
#2404=VECTOR('',#2403,4.E-1);
#2405=CARTESIAN_POINT('',(6.8E0,-4.75E-1,-1.2E0));
#2406=LINE('',#2405,#2404);
#2407=DIRECTION('',(0.E0,0.E0,1.E0));
#2408=VECTOR('',#2407,4.E-1);
#2409=CARTESIAN_POINT('',(5.7E0,-4.75E-1,-1.6E0));
#2410=LINE('',#2409,#2408);
#2411=DIRECTION('',(0.E0,0.E0,-1.E0));
#2412=VECTOR('',#2411,4.E-1);
#2413=CARTESIAN_POINT('',(6.8E0,-1.625E0,-1.2E0));
#2414=LINE('',#2413,#2412);
#2415=DIRECTION('',(0.E0,0.E0,1.E0));
#2416=VECTOR('',#2415,4.E-1);
#2417=CARTESIAN_POINT('',(5.7E0,-1.625E0,-1.6E0));
#2418=LINE('',#2417,#2416);
#2419=DIRECTION('',(0.E0,0.E0,-1.E0));
#2420=VECTOR('',#2419,4.E-1);
#2421=CARTESIAN_POINT('',(-5.7E0,-4.75E-1,-1.2E0));
#2422=LINE('',#2421,#2420);
#2423=DIRECTION('',(0.E0,0.E0,1.E0));
#2424=VECTOR('',#2423,4.E-1);
#2425=CARTESIAN_POINT('',(-6.8E0,-4.75E-1,-1.6E0));
#2426=LINE('',#2425,#2424);
#2427=DIRECTION('',(0.E0,0.E0,-1.E0));
#2428=VECTOR('',#2427,4.E-1);
#2429=CARTESIAN_POINT('',(-5.7E0,-1.625E0,-1.2E0));
#2430=LINE('',#2429,#2428);
#2431=DIRECTION('',(0.E0,0.E0,1.E0));
#2432=VECTOR('',#2431,4.E-1);
#2433=CARTESIAN_POINT('',(-6.8E0,-1.625E0,-1.6E0));
#2434=LINE('',#2433,#2432);
#2435=DIRECTION('',(0.E0,0.E0,-1.E0));
#2436=VECTOR('',#2435,2.E0);
#2437=CARTESIAN_POINT('',(-7.035E0,-3.3E0,-1.6E0));
#2438=LINE('',#2437,#2436);
#2439=DIRECTION('',(1.E0,0.E0,0.E0));
#2440=VECTOR('',#2439,3.2E-1);
#2441=CARTESIAN_POINT('',(-7.035E0,-3.3E0,-3.6E0));
#2442=LINE('',#2441,#2440);
#2443=CARTESIAN_POINT('',(-7.035E0,-3.3E0,-3.6E0));
#2444=CARTESIAN_POINT('',(-7.035E0,-3.3E0,-3.800841891430E0));
#2445=CARTESIAN_POINT('',(-7.015E0,-3.316666666667E0,-4.000841891430E0));
#2446=CARTESIAN_POINT('',(-6.975E0,-3.35E0,-4.2E0));
#2448=DIRECTION('',(0.E0,1.E0,0.E0));
#2449=VECTOR('',#2448,3.5E-1);
#2450=CARTESIAN_POINT('',(-7.035E0,-3.65E0,-3.6E0));
#2451=LINE('',#2450,#2449);
#2452=CARTESIAN_POINT('',(-7.035E0,-3.65E0,-3.6E0));
#2453=CARTESIAN_POINT('',(-7.035E0,-3.65E0,-3.800841891430E0));
#2454=CARTESIAN_POINT('',(-7.015E0,-3.633333333333E0,-4.000841891430E0));
#2455=CARTESIAN_POINT('',(-6.975E0,-3.6E0,-4.2E0));
#2457=DIRECTION('',(-1.E0,0.E0,0.E0));
#2458=VECTOR('',#2457,3.2E-1);
#2459=CARTESIAN_POINT('',(-6.715E0,-3.65E0,-3.6E0));
#2460=LINE('',#2459,#2458);
#2461=CARTESIAN_POINT('',(-6.715E0,-3.65E0,-3.6E0));
#2462=CARTESIAN_POINT('',(-6.715E0,-3.65E0,-3.800841891430E0));
#2463=CARTESIAN_POINT('',(-6.735E0,-3.633333333333E0,-4.000841891430E0));
#2464=CARTESIAN_POINT('',(-6.775E0,-3.6E0,-4.2E0));
#2466=DIRECTION('',(-1.E0,0.E0,0.E0));
#2467=VECTOR('',#2466,3.2E-1);
#2468=CARTESIAN_POINT('',(-6.715E0,-3.65E0,-1.275E0));
#2469=LINE('',#2468,#2467);
#2470=DIRECTION('',(0.E0,0.E0,-1.E0));
#2471=VECTOR('',#2470,2.325E0);
#2472=CARTESIAN_POINT('',(-6.715E0,-3.65E0,-1.275E0));
#2473=LINE('',#2472,#2471);
#2474=CARTESIAN_POINT('',(-6.715E0,-2.675E0,-1.275E0));
#2475=DIRECTION('',(1.E0,0.E0,0.E0));
#2476=DIRECTION('',(0.E0,-5.641025641026E-1,8.257047275951E-1));
#2477=AXIS2_PLACEMENT_3D('',#2474,#2475,#2476);
#2479=DIRECTION('',(0.E0,-1.E0,0.E0));
#2480=VECTOR('',#2479,3.5E-1);
#2481=CARTESIAN_POINT('',(-6.715E0,-3.3E0,-3.6E0));
#2482=LINE('',#2481,#2480);
#2483=CARTESIAN_POINT('',(-6.715E0,-3.3E0,-3.6E0));
#2484=CARTESIAN_POINT('',(-6.715E0,-3.3E0,-3.800841891430E0));
#2485=CARTESIAN_POINT('',(-6.735E0,-3.316666666667E0,-4.000841891430E0));
#2486=CARTESIAN_POINT('',(-6.775E0,-3.35E0,-4.2E0));
#2488=DIRECTION('',(-1.E0,0.E0,0.E0));
#2489=VECTOR('',#2488,2.E-1);
#2490=CARTESIAN_POINT('',(-6.775E0,-3.6E0,-4.2E0));
#2491=LINE('',#2490,#2489);
#2492=DIRECTION('',(0.E0,-1.E0,0.E0));
#2493=VECTOR('',#2492,2.5E-1);
#2494=CARTESIAN_POINT('',(-6.775E0,-3.35E0,-4.2E0));
#2495=LINE('',#2494,#2493);
#2496=DIRECTION('',(1.E0,0.E0,0.E0));
#2497=VECTOR('',#2496,2.E-1);
#2498=CARTESIAN_POINT('',(-6.975E0,-3.35E0,-4.2E0));
#2499=LINE('',#2498,#2497);
#2500=DIRECTION('',(0.E0,1.E0,0.E0));
#2501=VECTOR('',#2500,2.5E-1);
#2502=CARTESIAN_POINT('',(-6.975E0,-3.6E0,-4.2E0));
#2503=LINE('',#2502,#2501);
#2504=DIRECTION('',(5.547001962252E-1,8.320502943378E-1,0.E0));
#2505=VECTOR('',#2504,1.802775637732E-1);
#2506=CARTESIAN_POINT('',(-5.95E0,-3.825E0,-6.E-1));
#2507=LINE('',#2506,#2505);
#2508=DIRECTION('',(0.E0,0.E0,-1.E0));
#2509=VECTOR('',#2508,1.E0);
#2510=CARTESIAN_POINT('',(-5.785E0,-3.371666666667E0,-6.E-1));
#2511=LINE('',#2510,#2509);
#2512=DIRECTION('',(0.E0,0.E0,1.E0));
#2513=VECTOR('',#2512,1.E0);
#2514=CARTESIAN_POINT('',(-5.85E0,-3.675E0,-1.6E0));
#2515=LINE('',#2514,#2513);
#2516=DIRECTION('',(2.095290887309E-1,9.778024140774E-1,0.E0));
#2517=VECTOR('',#2516,3.102194563710E-1);
#2518=CARTESIAN_POINT('',(-5.85E0,-3.675E0,-6.E-1));
#2519=LINE('',#2518,#2517);
#2520=DIRECTION('',(0.E0,0.E0,-1.E0));
#2521=VECTOR('',#2520,6.E-1);
#2522=CARTESIAN_POINT('',(-5.785E0,-1.25E-1,-1.75E-1));
#2523=LINE('',#2522,#2521);
#2524=DIRECTION('',(0.E0,-1.E0,0.E0));
#2525=VECTOR('',#2524,1.85E0);
#2526=CARTESIAN_POINT('',(-5.785E0,-1.25E-1,-1.75E-1));
#2527=LINE('',#2526,#2525);
#2528=CARTESIAN_POINT('',(-5.785E0,-2.675E0,-1.275E0));
#2529=DIRECTION('',(1.E0,0.E0,0.E0));
#2530=DIRECTION('',(0.E0,-5.641025641026E-1,8.257047275951E-1));
#2531=AXIS2_PLACEMENT_3D('',#2528,#2529,#2530);
#2533=DIRECTION('',(0.E0,0.E0,-1.E0));
#2534=VECTOR('',#2533,2.325E0);
#2535=CARTESIAN_POINT('',(-5.785E0,-3.65E0,-1.275E0));
#2536=LINE('',#2535,#2534);
#2537=DIRECTION('',(1.E0,0.E0,0.E0));
#2538=VECTOR('',#2537,3.2E-1);
#2539=CARTESIAN_POINT('',(-5.785E0,-1.25E-1,-7.75E-1));
#2540=LINE('',#2539,#2538);
#2541=DIRECTION('',(0.E0,-1.E0,0.E0));
#2542=VECTOR('',#2541,1.85E0);
#2543=CARTESIAN_POINT('',(-5.785E0,-1.25E-1,-7.75E-1));
#2544=LINE('',#2543,#2542);
#2545=DIRECTION('',(0.E0,0.E0,1.E0));
#2546=VECTOR('',#2545,6.E-1);
#2547=CARTESIAN_POINT('',(-5.465E0,-1.25E-1,-7.75E-1));
#2548=LINE('',#2547,#2546);
#2549=DIRECTION('',(0.E0,-1.E0,0.E0));
#2550=VECTOR('',#2549,1.85E0);
#2551=CARTESIAN_POINT('',(-5.465E0,-1.25E-1,-7.75E-1));
#2552=LINE('',#2551,#2550);
#2553=DIRECTION('',(0.E0,0.E0,-1.E0));
#2554=VECTOR('',#2553,2.E0);
#2555=CARTESIAN_POINT('',(-5.465E0,-3.3E0,-1.6E0));
#2556=LINE('',#2555,#2554);
#2557=DIRECTION('',(-1.E0,0.E0,0.E0));
#2558=VECTOR('',#2557,3.2E-1);
#2559=CARTESIAN_POINT('',(-5.465E0,-1.25E-1,-1.75E-1));
#2560=LINE('',#2559,#2558);
#2561=DIRECTION('',(0.E0,-1.E0,0.E0));
#2562=VECTOR('',#2561,1.85E0);
#2563=CARTESIAN_POINT('',(-5.465E0,-1.25E-1,-1.75E-1));
#2564=LINE('',#2563,#2562);
#2565=CARTESIAN_POINT('',(-5.525E0,2.75E-1,-2.75E-1));
#2566=CARTESIAN_POINT('',(-5.485E0,1.444139194448E-1,-2.083333333333E-1));
#2567=CARTESIAN_POINT('',(-5.465E0,1.108058611148E-2,-1.75E-1));
#2568=CARTESIAN_POINT('',(-5.465E0,-1.25E-1,-1.75E-1));
#2570=DIRECTION('',(-1.E0,0.E0,0.E0));
#2571=VECTOR('',#2570,2.E-1);
#2572=CARTESIAN_POINT('',(-5.525E0,2.75E-1,-2.75E-1));
#2573=LINE('',#2572,#2571);
#2574=DIRECTION('',(0.E0,0.E0,-1.E0));
#2575=VECTOR('',#2574,4.E-1);
#2576=CARTESIAN_POINT('',(-5.725E0,2.75E-1,-2.75E-1));
#2577=LINE('',#2576,#2575);
#2578=DIRECTION('',(1.E0,0.E0,0.E0));
#2579=VECTOR('',#2578,2.E-1);
#2580=CARTESIAN_POINT('',(-5.725E0,2.75E-1,-6.75E-1));
#2581=LINE('',#2580,#2579);
#2582=DIRECTION('',(0.E0,0.E0,1.E0));
#2583=VECTOR('',#2582,4.E-1);
#2584=CARTESIAN_POINT('',(-5.525E0,2.75E-1,-6.75E-1));
#2585=LINE('',#2584,#2583);
#2586=CARTESIAN_POINT('',(-5.725E0,2.75E-1,-2.75E-1));
#2587=CARTESIAN_POINT('',(-5.765E0,1.444139194448E-1,-2.083333333333E-1));
#2588=CARTESIAN_POINT('',(-5.785E0,1.108058611148E-2,-1.75E-1));
#2589=CARTESIAN_POINT('',(-5.785E0,-1.25E-1,-1.75E-1));
#2591=CARTESIAN_POINT('',(-5.725E0,2.75E-1,-6.75E-1));
#2592=CARTESIAN_POINT('',(-5.765E0,1.444139194448E-1,-7.416666666667E-1));
#2593=CARTESIAN_POINT('',(-5.785E0,1.108058611148E-2,-7.75E-1));
#2594=CARTESIAN_POINT('',(-5.785E0,-1.25E-1,-7.75E-1));
#2596=CARTESIAN_POINT('',(-5.525E0,2.75E-1,-6.75E-1));
#2597=CARTESIAN_POINT('',(-5.485E0,1.444139194448E-1,-7.416666666667E-1));
#2598=CARTESIAN_POINT('',(-5.465E0,1.108058611148E-2,-7.75E-1));
#2599=CARTESIAN_POINT('',(-5.465E0,-1.25E-1,-7.75E-1));
#2601=DIRECTION('',(0.E0,0.E0,-1.E0));
#2602=VECTOR('',#2601,1.E0);
#2603=CARTESIAN_POINT('',(-5.465E0,-3.371666666667E0,-6.E-1));
#2604=LINE('',#2603,#2602);
#2605=DIRECTION('',(2.095290887309E-1,-9.778024140774E-1,0.E0));
#2606=VECTOR('',#2605,3.102194563710E-1);
#2607=CARTESIAN_POINT('',(-5.465E0,-3.371666666667E0,-6.E-1));
#2608=LINE('',#2607,#2606);
#2609=DIRECTION('',(5.547001962252E-1,-8.320502943378E-1,0.E0));
#2610=VECTOR('',#2609,1.802775637732E-1);
#2611=CARTESIAN_POINT('',(-5.4E0,-3.675E0,-6.E-1));
#2612=LINE('',#2611,#2610);
#2613=DIRECTION('',(0.E0,0.E0,1.E0));
#2614=VECTOR('',#2613,1.E0);
#2615=CARTESIAN_POINT('',(-5.4E0,-3.675E0,-1.6E0));
#2616=LINE('',#2615,#2614);
#2617=DIRECTION('',(0.E0,0.E0,-1.E0));
#2618=VECTOR('',#2617,2.E0);
#2619=CARTESIAN_POINT('',(-5.785E0,-3.3E0,-1.6E0));
#2620=LINE('',#2619,#2618);
#2621=DIRECTION('',(1.E0,0.E0,0.E0));
#2622=VECTOR('',#2621,3.2E-1);
#2623=CARTESIAN_POINT('',(-5.785E0,-3.3E0,-3.6E0));
#2624=LINE('',#2623,#2622);
#2625=CARTESIAN_POINT('',(-5.785E0,-3.3E0,-3.6E0));
#2626=CARTESIAN_POINT('',(-5.785E0,-3.3E0,-3.800841891430E0));
#2627=CARTESIAN_POINT('',(-5.765E0,-3.316666666667E0,-4.000841891430E0));
#2628=CARTESIAN_POINT('',(-5.725E0,-3.35E0,-4.2E0));
#2630=DIRECTION('',(0.E0,1.E0,0.E0));
#2631=VECTOR('',#2630,3.5E-1);
#2632=CARTESIAN_POINT('',(-5.785E0,-3.65E0,-3.6E0));
#2633=LINE('',#2632,#2631);
#2634=CARTESIAN_POINT('',(-5.785E0,-3.65E0,-3.6E0));
#2635=CARTESIAN_POINT('',(-5.785E0,-3.65E0,-3.800841891430E0));
#2636=CARTESIAN_POINT('',(-5.765E0,-3.633333333333E0,-4.000841891430E0));
#2637=CARTESIAN_POINT('',(-5.725E0,-3.6E0,-4.2E0));
#2639=DIRECTION('',(-1.E0,0.E0,0.E0));
#2640=VECTOR('',#2639,3.2E-1);
#2641=CARTESIAN_POINT('',(-5.465E0,-3.65E0,-3.6E0));
#2642=LINE('',#2641,#2640);
#2643=CARTESIAN_POINT('',(-5.465E0,-3.65E0,-3.6E0));
#2644=CARTESIAN_POINT('',(-5.465E0,-3.65E0,-3.800841891430E0));
#2645=CARTESIAN_POINT('',(-5.485E0,-3.633333333333E0,-4.000841891430E0));
#2646=CARTESIAN_POINT('',(-5.525E0,-3.6E0,-4.2E0));
#2648=DIRECTION('',(-1.E0,0.E0,0.E0));
#2649=VECTOR('',#2648,3.2E-1);
#2650=CARTESIAN_POINT('',(-5.465E0,-3.65E0,-1.275E0));
#2651=LINE('',#2650,#2649);
#2652=DIRECTION('',(0.E0,0.E0,-1.E0));
#2653=VECTOR('',#2652,2.325E0);
#2654=CARTESIAN_POINT('',(-5.465E0,-3.65E0,-1.275E0));
#2655=LINE('',#2654,#2653);
#2656=CARTESIAN_POINT('',(-5.465E0,-2.675E0,-1.275E0));
#2657=DIRECTION('',(1.E0,0.E0,0.E0));
#2658=DIRECTION('',(0.E0,-5.641025641026E-1,8.257047275951E-1));
#2659=AXIS2_PLACEMENT_3D('',#2656,#2657,#2658);
#2661=DIRECTION('',(0.E0,-1.E0,0.E0));
#2662=VECTOR('',#2661,3.5E-1);
#2663=CARTESIAN_POINT('',(-5.465E0,-3.3E0,-3.6E0));
#2664=LINE('',#2663,#2662);
#2665=CARTESIAN_POINT('',(-5.465E0,-3.3E0,-3.6E0));
#2666=CARTESIAN_POINT('',(-5.465E0,-3.3E0,-3.800841891430E0));
#2667=CARTESIAN_POINT('',(-5.485E0,-3.316666666667E0,-4.000841891430E0));
#2668=CARTESIAN_POINT('',(-5.525E0,-3.35E0,-4.2E0));
#2670=DIRECTION('',(-1.E0,0.E0,0.E0));
#2671=VECTOR('',#2670,2.E-1);
#2672=CARTESIAN_POINT('',(-5.525E0,-3.6E0,-4.2E0));
#2673=LINE('',#2672,#2671);
#2674=DIRECTION('',(0.E0,-1.E0,0.E0));
#2675=VECTOR('',#2674,2.5E-1);
#2676=CARTESIAN_POINT('',(-5.525E0,-3.35E0,-4.2E0));
#2677=LINE('',#2676,#2675);
#2678=DIRECTION('',(1.E0,0.E0,0.E0));
#2679=VECTOR('',#2678,2.E-1);
#2680=CARTESIAN_POINT('',(-5.725E0,-3.35E0,-4.2E0));
#2681=LINE('',#2680,#2679);
#2682=DIRECTION('',(0.E0,1.E0,0.E0));
#2683=VECTOR('',#2682,2.5E-1);
#2684=CARTESIAN_POINT('',(-5.725E0,-3.6E0,-4.2E0));
#2685=LINE('',#2684,#2683);
#2686=DIRECTION('',(5.547001962252E-1,8.320502943378E-1,0.E0));
#2687=VECTOR('',#2686,1.802775637732E-1);
#2688=CARTESIAN_POINT('',(-4.7E0,-3.825E0,-6.E-1));
#2689=LINE('',#2688,#2687);
#2690=DIRECTION('',(0.E0,0.E0,-1.E0));
#2691=VECTOR('',#2690,1.E0);
#2692=CARTESIAN_POINT('',(-4.535E0,-3.371666666667E0,-6.E-1));
#2693=LINE('',#2692,#2691);
#2694=DIRECTION('',(0.E0,0.E0,1.E0));
#2695=VECTOR('',#2694,1.E0);
#2696=CARTESIAN_POINT('',(-4.6E0,-3.675E0,-1.6E0));
#2697=LINE('',#2696,#2695);
#2698=DIRECTION('',(2.095290887309E-1,9.778024140774E-1,0.E0));
#2699=VECTOR('',#2698,3.102194563710E-1);
#2700=CARTESIAN_POINT('',(-4.6E0,-3.675E0,-6.E-1));
#2701=LINE('',#2700,#2699);
#2702=DIRECTION('',(0.E0,0.E0,-1.E0));
#2703=VECTOR('',#2702,6.E-1);
#2704=CARTESIAN_POINT('',(-4.535E0,-1.25E-1,-1.75E-1));
#2705=LINE('',#2704,#2703);
#2706=DIRECTION('',(0.E0,-1.E0,0.E0));
#2707=VECTOR('',#2706,1.85E0);
#2708=CARTESIAN_POINT('',(-4.535E0,-1.25E-1,-1.75E-1));
#2709=LINE('',#2708,#2707);
#2710=CARTESIAN_POINT('',(-4.535E0,-2.675E0,-1.275E0));
#2711=DIRECTION('',(1.E0,0.E0,0.E0));
#2712=DIRECTION('',(0.E0,-5.641025641026E-1,8.257047275951E-1));
#2713=AXIS2_PLACEMENT_3D('',#2710,#2711,#2712);
#2715=DIRECTION('',(0.E0,0.E0,-1.E0));
#2716=VECTOR('',#2715,2.325E0);
#2717=CARTESIAN_POINT('',(-4.535E0,-3.65E0,-1.275E0));
#2718=LINE('',#2717,#2716);
#2719=DIRECTION('',(1.E0,0.E0,0.E0));
#2720=VECTOR('',#2719,3.2E-1);
#2721=CARTESIAN_POINT('',(-4.535E0,-1.25E-1,-7.75E-1));
#2722=LINE('',#2721,#2720);
#2723=DIRECTION('',(0.E0,-1.E0,0.E0));
#2724=VECTOR('',#2723,1.85E0);
#2725=CARTESIAN_POINT('',(-4.535E0,-1.25E-1,-7.75E-1));
#2726=LINE('',#2725,#2724);
#2727=DIRECTION('',(0.E0,0.E0,1.E0));
#2728=VECTOR('',#2727,6.E-1);
#2729=CARTESIAN_POINT('',(-4.215E0,-1.25E-1,-7.75E-1));
#2730=LINE('',#2729,#2728);
#2731=DIRECTION('',(0.E0,-1.E0,0.E0));
#2732=VECTOR('',#2731,1.85E0);
#2733=CARTESIAN_POINT('',(-4.215E0,-1.25E-1,-7.75E-1));
#2734=LINE('',#2733,#2732);
#2735=DIRECTION('',(0.E0,0.E0,-1.E0));
#2736=VECTOR('',#2735,2.E0);
#2737=CARTESIAN_POINT('',(-4.215E0,-3.3E0,-1.6E0));
#2738=LINE('',#2737,#2736);
#2739=DIRECTION('',(-1.E0,0.E0,0.E0));
#2740=VECTOR('',#2739,3.2E-1);
#2741=CARTESIAN_POINT('',(-4.215E0,-1.25E-1,-1.75E-1));
#2742=LINE('',#2741,#2740);
#2743=DIRECTION('',(0.E0,-1.E0,0.E0));
#2744=VECTOR('',#2743,1.85E0);
#2745=CARTESIAN_POINT('',(-4.215E0,-1.25E-1,-1.75E-1));
#2746=LINE('',#2745,#2744);
#2747=CARTESIAN_POINT('',(-4.275E0,2.75E-1,-2.75E-1));
#2748=CARTESIAN_POINT('',(-4.235E0,1.444139194448E-1,-2.083333333333E-1));
#2749=CARTESIAN_POINT('',(-4.215E0,1.108058611148E-2,-1.75E-1));
#2750=CARTESIAN_POINT('',(-4.215E0,-1.25E-1,-1.75E-1));
#2752=DIRECTION('',(-1.E0,0.E0,0.E0));
#2753=VECTOR('',#2752,2.E-1);
#2754=CARTESIAN_POINT('',(-4.275E0,2.75E-1,-2.75E-1));
#2755=LINE('',#2754,#2753);
#2756=DIRECTION('',(0.E0,0.E0,-1.E0));
#2757=VECTOR('',#2756,4.E-1);
#2758=CARTESIAN_POINT('',(-4.475E0,2.75E-1,-2.75E-1));
#2759=LINE('',#2758,#2757);
#2760=DIRECTION('',(1.E0,0.E0,0.E0));
#2761=VECTOR('',#2760,2.E-1);
#2762=CARTESIAN_POINT('',(-4.475E0,2.75E-1,-6.75E-1));
#2763=LINE('',#2762,#2761);
#2764=DIRECTION('',(0.E0,0.E0,1.E0));
#2765=VECTOR('',#2764,4.E-1);
#2766=CARTESIAN_POINT('',(-4.275E0,2.75E-1,-6.75E-1));
#2767=LINE('',#2766,#2765);
#2768=CARTESIAN_POINT('',(-4.475E0,2.75E-1,-2.75E-1));
#2769=CARTESIAN_POINT('',(-4.515E0,1.444139194448E-1,-2.083333333333E-1));
#2770=CARTESIAN_POINT('',(-4.535E0,1.108058611148E-2,-1.75E-1));
#2771=CARTESIAN_POINT('',(-4.535E0,-1.25E-1,-1.75E-1));
#2773=CARTESIAN_POINT('',(-4.475E0,2.75E-1,-6.75E-1));
#2774=CARTESIAN_POINT('',(-4.515E0,1.444139194448E-1,-7.416666666667E-1));
#2775=CARTESIAN_POINT('',(-4.535E0,1.108058611148E-2,-7.75E-1));
#2776=CARTESIAN_POINT('',(-4.535E0,-1.25E-1,-7.75E-1));
#2778=CARTESIAN_POINT('',(-4.275E0,2.75E-1,-6.75E-1));
#2779=CARTESIAN_POINT('',(-4.235E0,1.444139194448E-1,-7.416666666667E-1));
#2780=CARTESIAN_POINT('',(-4.215E0,1.108058611148E-2,-7.75E-1));
#2781=CARTESIAN_POINT('',(-4.215E0,-1.25E-1,-7.75E-1));
#2783=DIRECTION('',(0.E0,0.E0,-1.E0));
#2784=VECTOR('',#2783,1.E0);
#2785=CARTESIAN_POINT('',(-4.215E0,-3.371666666667E0,-6.E-1));
#2786=LINE('',#2785,#2784);
#2787=DIRECTION('',(2.095290887309E-1,-9.778024140774E-1,0.E0));
#2788=VECTOR('',#2787,3.102194563710E-1);
#2789=CARTESIAN_POINT('',(-4.215E0,-3.371666666667E0,-6.E-1));
#2790=LINE('',#2789,#2788);
#2791=DIRECTION('',(5.547001962252E-1,-8.320502943378E-1,0.E0));
#2792=VECTOR('',#2791,1.802775637732E-1);
#2793=CARTESIAN_POINT('',(-4.15E0,-3.675E0,-6.E-1));
#2794=LINE('',#2793,#2792);
#2795=DIRECTION('',(0.E0,0.E0,1.E0));
#2796=VECTOR('',#2795,1.E0);
#2797=CARTESIAN_POINT('',(-4.15E0,-3.675E0,-1.6E0));
#2798=LINE('',#2797,#2796);
#2799=DIRECTION('',(0.E0,0.E0,-1.E0));
#2800=VECTOR('',#2799,2.E0);
#2801=CARTESIAN_POINT('',(-4.535E0,-3.3E0,-1.6E0));
#2802=LINE('',#2801,#2800);
#2803=DIRECTION('',(1.E0,0.E0,0.E0));
#2804=VECTOR('',#2803,3.2E-1);
#2805=CARTESIAN_POINT('',(-4.535E0,-3.3E0,-3.6E0));
#2806=LINE('',#2805,#2804);
#2807=CARTESIAN_POINT('',(-4.535E0,-3.3E0,-3.6E0));
#2808=CARTESIAN_POINT('',(-4.535E0,-3.3E0,-3.800841891430E0));
#2809=CARTESIAN_POINT('',(-4.515E0,-3.316666666667E0,-4.000841891430E0));
#2810=CARTESIAN_POINT('',(-4.475E0,-3.35E0,-4.2E0));
#2812=DIRECTION('',(0.E0,1.E0,0.E0));
#2813=VECTOR('',#2812,3.5E-1);
#2814=CARTESIAN_POINT('',(-4.535E0,-3.65E0,-3.6E0));
#2815=LINE('',#2814,#2813);
#2816=CARTESIAN_POINT('',(-4.535E0,-3.65E0,-3.6E0));
#2817=CARTESIAN_POINT('',(-4.535E0,-3.65E0,-3.800841891430E0));
#2818=CARTESIAN_POINT('',(-4.515E0,-3.633333333333E0,-4.000841891430E0));
#2819=CARTESIAN_POINT('',(-4.475E0,-3.6E0,-4.2E0));
#2821=DIRECTION('',(-1.E0,0.E0,0.E0));
#2822=VECTOR('',#2821,3.2E-1);
#2823=CARTESIAN_POINT('',(-4.215E0,-3.65E0,-3.6E0));
#2824=LINE('',#2823,#2822);
#2825=CARTESIAN_POINT('',(-4.215E0,-3.65E0,-3.6E0));
#2826=CARTESIAN_POINT('',(-4.215E0,-3.65E0,-3.800841891430E0));
#2827=CARTESIAN_POINT('',(-4.235E0,-3.633333333333E0,-4.000841891430E0));
#2828=CARTESIAN_POINT('',(-4.275E0,-3.6E0,-4.2E0));
#2830=DIRECTION('',(-1.E0,0.E0,0.E0));
#2831=VECTOR('',#2830,3.2E-1);
#2832=CARTESIAN_POINT('',(-4.215E0,-3.65E0,-1.275E0));
#2833=LINE('',#2832,#2831);
#2834=DIRECTION('',(0.E0,0.E0,-1.E0));
#2835=VECTOR('',#2834,2.325E0);
#2836=CARTESIAN_POINT('',(-4.215E0,-3.65E0,-1.275E0));
#2837=LINE('',#2836,#2835);
#2838=CARTESIAN_POINT('',(-4.215E0,-2.675E0,-1.275E0));
#2839=DIRECTION('',(1.E0,0.E0,0.E0));
#2840=DIRECTION('',(0.E0,-5.641025641026E-1,8.257047275951E-1));
#2841=AXIS2_PLACEMENT_3D('',#2838,#2839,#2840);
#2843=DIRECTION('',(0.E0,-1.E0,0.E0));
#2844=VECTOR('',#2843,3.5E-1);
#2845=CARTESIAN_POINT('',(-4.215E0,-3.3E0,-3.6E0));
#2846=LINE('',#2845,#2844);
#2847=CARTESIAN_POINT('',(-4.215E0,-3.3E0,-3.6E0));
#2848=CARTESIAN_POINT('',(-4.215E0,-3.3E0,-3.800841891430E0));
#2849=CARTESIAN_POINT('',(-4.235E0,-3.316666666667E0,-4.000841891430E0));
#2850=CARTESIAN_POINT('',(-4.275E0,-3.35E0,-4.2E0));
#2852=DIRECTION('',(-1.E0,0.E0,0.E0));
#2853=VECTOR('',#2852,2.E-1);
#2854=CARTESIAN_POINT('',(-4.275E0,-3.6E0,-4.2E0));
#2855=LINE('',#2854,#2853);
#2856=DIRECTION('',(0.E0,-1.E0,0.E0));
#2857=VECTOR('',#2856,2.5E-1);
#2858=CARTESIAN_POINT('',(-4.275E0,-3.35E0,-4.2E0));
#2859=LINE('',#2858,#2857);
#2860=DIRECTION('',(1.E0,0.E0,0.E0));
#2861=VECTOR('',#2860,2.E-1);
#2862=CARTESIAN_POINT('',(-4.475E0,-3.35E0,-4.2E0));
#2863=LINE('',#2862,#2861);
#2864=DIRECTION('',(0.E0,1.E0,0.E0));
#2865=VECTOR('',#2864,2.5E-1);
#2866=CARTESIAN_POINT('',(-4.475E0,-3.6E0,-4.2E0));
#2867=LINE('',#2866,#2865);
#2868=DIRECTION('',(5.547001962252E-1,8.320502943378E-1,0.E0));
#2869=VECTOR('',#2868,1.802775637732E-1);
#2870=CARTESIAN_POINT('',(-3.45E0,-3.825E0,-6.E-1));
#2871=LINE('',#2870,#2869);
#2872=DIRECTION('',(0.E0,0.E0,-1.E0));
#2873=VECTOR('',#2872,1.E0);
#2874=CARTESIAN_POINT('',(-3.285E0,-3.371666666667E0,-6.E-1));
#2875=LINE('',#2874,#2873);
#2876=DIRECTION('',(0.E0,0.E0,1.E0));
#2877=VECTOR('',#2876,1.E0);
#2878=CARTESIAN_POINT('',(-3.35E0,-3.675E0,-1.6E0));
#2879=LINE('',#2878,#2877);
#2880=DIRECTION('',(2.095290887309E-1,9.778024140774E-1,0.E0));
#2881=VECTOR('',#2880,3.102194563710E-1);
#2882=CARTESIAN_POINT('',(-3.35E0,-3.675E0,-6.E-1));
#2883=LINE('',#2882,#2881);
#2884=DIRECTION('',(0.E0,0.E0,-1.E0));
#2885=VECTOR('',#2884,6.E-1);
#2886=CARTESIAN_POINT('',(-3.285E0,-1.25E-1,-1.75E-1));
#2887=LINE('',#2886,#2885);
#2888=DIRECTION('',(0.E0,-1.E0,0.E0));
#2889=VECTOR('',#2888,1.85E0);
#2890=CARTESIAN_POINT('',(-3.285E0,-1.25E-1,-1.75E-1));
#2891=LINE('',#2890,#2889);
#2892=CARTESIAN_POINT('',(-3.285E0,-2.675E0,-1.275E0));
#2893=DIRECTION('',(1.E0,0.E0,0.E0));
#2894=DIRECTION('',(0.E0,-5.641025641026E-1,8.257047275951E-1));
#2895=AXIS2_PLACEMENT_3D('',#2892,#2893,#2894);
#2897=DIRECTION('',(0.E0,0.E0,-1.E0));
#2898=VECTOR('',#2897,2.325E0);
#2899=CARTESIAN_POINT('',(-3.285E0,-3.65E0,-1.275E0));
#2900=LINE('',#2899,#2898);
#2901=DIRECTION('',(1.E0,0.E0,0.E0));
#2902=VECTOR('',#2901,3.2E-1);
#2903=CARTESIAN_POINT('',(-3.285E0,-1.25E-1,-7.75E-1));
#2904=LINE('',#2903,#2902);
#2905=DIRECTION('',(0.E0,-1.E0,0.E0));
#2906=VECTOR('',#2905,1.85E0);
#2907=CARTESIAN_POINT('',(-3.285E0,-1.25E-1,-7.75E-1));
#2908=LINE('',#2907,#2906);
#2909=DIRECTION('',(0.E0,0.E0,1.E0));
#2910=VECTOR('',#2909,6.E-1);
#2911=CARTESIAN_POINT('',(-2.965E0,-1.25E-1,-7.75E-1));
#2912=LINE('',#2911,#2910);
#2913=DIRECTION('',(0.E0,-1.E0,0.E0));
#2914=VECTOR('',#2913,1.85E0);
#2915=CARTESIAN_POINT('',(-2.965E0,-1.25E-1,-7.75E-1));
#2916=LINE('',#2915,#2914);
#2917=DIRECTION('',(0.E0,0.E0,-1.E0));
#2918=VECTOR('',#2917,2.E0);
#2919=CARTESIAN_POINT('',(-2.965E0,-3.3E0,-1.6E0));
#2920=LINE('',#2919,#2918);
#2921=DIRECTION('',(-1.E0,0.E0,0.E0));
#2922=VECTOR('',#2921,3.2E-1);
#2923=CARTESIAN_POINT('',(-2.965E0,-1.25E-1,-1.75E-1));
#2924=LINE('',#2923,#2922);
#2925=DIRECTION('',(0.E0,-1.E0,0.E0));
#2926=VECTOR('',#2925,1.85E0);
#2927=CARTESIAN_POINT('',(-2.965E0,-1.25E-1,-1.75E-1));
#2928=LINE('',#2927,#2926);
#2929=CARTESIAN_POINT('',(-3.025E0,2.75E-1,-2.75E-1));
#2930=CARTESIAN_POINT('',(-2.985E0,1.444139194448E-1,-2.083333333333E-1));
#2931=CARTESIAN_POINT('',(-2.965E0,1.108058611148E-2,-1.75E-1));
#2932=CARTESIAN_POINT('',(-2.965E0,-1.25E-1,-1.75E-1));
#2934=DIRECTION('',(-1.E0,0.E0,0.E0));
#2935=VECTOR('',#2934,2.E-1);
#2936=CARTESIAN_POINT('',(-3.025E0,2.75E-1,-2.75E-1));
#2937=LINE('',#2936,#2935);
#2938=DIRECTION('',(0.E0,0.E0,-1.E0));
#2939=VECTOR('',#2938,4.E-1);
#2940=CARTESIAN_POINT('',(-3.225E0,2.75E-1,-2.75E-1));
#2941=LINE('',#2940,#2939);
#2942=DIRECTION('',(1.E0,0.E0,0.E0));
#2943=VECTOR('',#2942,2.E-1);
#2944=CARTESIAN_POINT('',(-3.225E0,2.75E-1,-6.75E-1));
#2945=LINE('',#2944,#2943);
#2946=DIRECTION('',(0.E0,0.E0,1.E0));
#2947=VECTOR('',#2946,4.E-1);
#2948=CARTESIAN_POINT('',(-3.025E0,2.75E-1,-6.75E-1));
#2949=LINE('',#2948,#2947);
#2950=CARTESIAN_POINT('',(-3.225E0,2.75E-1,-2.75E-1));
#2951=CARTESIAN_POINT('',(-3.265E0,1.444139194448E-1,-2.083333333333E-1));
#2952=CARTESIAN_POINT('',(-3.285E0,1.108058611148E-2,-1.75E-1));
#2953=CARTESIAN_POINT('',(-3.285E0,-1.25E-1,-1.75E-1));
#2955=CARTESIAN_POINT('',(-3.225E0,2.75E-1,-6.75E-1));
#2956=CARTESIAN_POINT('',(-3.265E0,1.444139194448E-1,-7.416666666667E-1));
#2957=CARTESIAN_POINT('',(-3.285E0,1.108058611148E-2,-7.75E-1));
#2958=CARTESIAN_POINT('',(-3.285E0,-1.25E-1,-7.75E-1));
#2960=CARTESIAN_POINT('',(-3.025E0,2.75E-1,-6.75E-1));
#2961=CARTESIAN_POINT('',(-2.985E0,1.444139194448E-1,-7.416666666667E-1));
#2962=CARTESIAN_POINT('',(-2.965E0,1.108058611148E-2,-7.75E-1));
#2963=CARTESIAN_POINT('',(-2.965E0,-1.25E-1,-7.75E-1));
#2965=DIRECTION('',(0.E0,0.E0,-1.E0));
#2966=VECTOR('',#2965,1.E0);
#2967=CARTESIAN_POINT('',(-2.965E0,-3.371666666667E0,-6.E-1));
#2968=LINE('',#2967,#2966);
#2969=DIRECTION('',(2.095290887309E-1,-9.778024140774E-1,0.E0));
#2970=VECTOR('',#2969,3.102194563710E-1);
#2971=CARTESIAN_POINT('',(-2.965E0,-3.371666666667E0,-6.E-1));
#2972=LINE('',#2971,#2970);
#2973=DIRECTION('',(5.547001962252E-1,-8.320502943378E-1,0.E0));
#2974=VECTOR('',#2973,1.802775637732E-1);
#2975=CARTESIAN_POINT('',(-2.9E0,-3.675E0,-6.E-1));
#2976=LINE('',#2975,#2974);
#2977=DIRECTION('',(0.E0,0.E0,1.E0));
#2978=VECTOR('',#2977,1.E0);
#2979=CARTESIAN_POINT('',(-2.9E0,-3.675E0,-1.6E0));
#2980=LINE('',#2979,#2978);
#2981=DIRECTION('',(0.E0,0.E0,-1.E0));
#2982=VECTOR('',#2981,2.E0);
#2983=CARTESIAN_POINT('',(-3.285E0,-3.3E0,-1.6E0));
#2984=LINE('',#2983,#2982);
#2985=DIRECTION('',(1.E0,0.E0,0.E0));
#2986=VECTOR('',#2985,3.2E-1);
#2987=CARTESIAN_POINT('',(-3.285E0,-3.3E0,-3.6E0));
#2988=LINE('',#2987,#2986);
#2989=CARTESIAN_POINT('',(-3.285E0,-3.3E0,-3.6E0));
#2990=CARTESIAN_POINT('',(-3.285E0,-3.3E0,-3.800841891430E0));
#2991=CARTESIAN_POINT('',(-3.265E0,-3.316666666667E0,-4.000841891430E0));
#2992=CARTESIAN_POINT('',(-3.225E0,-3.35E0,-4.2E0));
#2994=DIRECTION('',(0.E0,1.E0,0.E0));
#2995=VECTOR('',#2994,3.5E-1);
#2996=CARTESIAN_POINT('',(-3.285E0,-3.65E0,-3.6E0));
#2997=LINE('',#2996,#2995);
#2998=CARTESIAN_POINT('',(-3.285E0,-3.65E0,-3.6E0));
#2999=CARTESIAN_POINT('',(-3.285E0,-3.65E0,-3.800841891430E0));
#3000=CARTESIAN_POINT('',(-3.265E0,-3.633333333333E0,-4.000841891430E0));
#3001=CARTESIAN_POINT('',(-3.225E0,-3.6E0,-4.2E0));
#3003=DIRECTION('',(-1.E0,0.E0,0.E0));
#3004=VECTOR('',#3003,3.2E-1);
#3005=CARTESIAN_POINT('',(-2.965E0,-3.65E0,-3.6E0));
#3006=LINE('',#3005,#3004);
#3007=CARTESIAN_POINT('',(-2.965E0,-3.65E0,-3.6E0));
#3008=CARTESIAN_POINT('',(-2.965E0,-3.65E0,-3.800841891430E0));
#3009=CARTESIAN_POINT('',(-2.985E0,-3.633333333333E0,-4.000841891430E0));
#3010=CARTESIAN_POINT('',(-3.025E0,-3.6E0,-4.2E0));
#3012=DIRECTION('',(-1.E0,0.E0,0.E0));
#3013=VECTOR('',#3012,3.2E-1);
#3014=CARTESIAN_POINT('',(-2.965E0,-3.65E0,-1.275E0));
#3015=LINE('',#3014,#3013);
#3016=DIRECTION('',(0.E0,0.E0,-1.E0));
#3017=VECTOR('',#3016,2.325E0);
#3018=CARTESIAN_POINT('',(-2.965E0,-3.65E0,-1.275E0));
#3019=LINE('',#3018,#3017);
#3020=CARTESIAN_POINT('',(-2.965E0,-2.675E0,-1.275E0));
#3021=DIRECTION('',(1.E0,0.E0,0.E0));
#3022=DIRECTION('',(0.E0,-5.641025641026E-1,8.257047275951E-1));
#3023=AXIS2_PLACEMENT_3D('',#3020,#3021,#3022);
#3025=DIRECTION('',(0.E0,-1.E0,0.E0));
#3026=VECTOR('',#3025,3.5E-1);
#3027=CARTESIAN_POINT('',(-2.965E0,-3.3E0,-3.6E0));
#3028=LINE('',#3027,#3026);
#3029=CARTESIAN_POINT('',(-2.965E0,-3.3E0,-3.6E0));
#3030=CARTESIAN_POINT('',(-2.965E0,-3.3E0,-3.800841891430E0));
#3031=CARTESIAN_POINT('',(-2.985E0,-3.316666666667E0,-4.000841891430E0));
#3032=CARTESIAN_POINT('',(-3.025E0,-3.35E0,-4.2E0));
#3034=DIRECTION('',(-1.E0,0.E0,0.E0));
#3035=VECTOR('',#3034,2.E-1);
#3036=CARTESIAN_POINT('',(-3.025E0,-3.6E0,-4.2E0));
#3037=LINE('',#3036,#3035);
#3038=DIRECTION('',(0.E0,-1.E0,0.E0));
#3039=VECTOR('',#3038,2.5E-1);
#3040=CARTESIAN_POINT('',(-3.025E0,-3.35E0,-4.2E0));
#3041=LINE('',#3040,#3039);
#3042=DIRECTION('',(1.E0,0.E0,0.E0));
#3043=VECTOR('',#3042,2.E-1);
#3044=CARTESIAN_POINT('',(-3.225E0,-3.35E0,-4.2E0));
#3045=LINE('',#3044,#3043);
#3046=DIRECTION('',(0.E0,1.E0,0.E0));
#3047=VECTOR('',#3046,2.5E-1);
#3048=CARTESIAN_POINT('',(-3.225E0,-3.6E0,-4.2E0));
#3049=LINE('',#3048,#3047);
#3050=DIRECTION('',(5.547001962252E-1,8.320502943378E-1,0.E0));
#3051=VECTOR('',#3050,1.802775637732E-1);
#3052=CARTESIAN_POINT('',(-2.2E0,-3.825E0,-6.E-1));
#3053=LINE('',#3052,#3051);
#3054=DIRECTION('',(0.E0,0.E0,-1.E0));
#3055=VECTOR('',#3054,1.E0);
#3056=CARTESIAN_POINT('',(-2.035E0,-3.371666666667E0,-6.E-1));
#3057=LINE('',#3056,#3055);
#3058=DIRECTION('',(0.E0,0.E0,1.E0));
#3059=VECTOR('',#3058,1.E0);
#3060=CARTESIAN_POINT('',(-2.1E0,-3.675E0,-1.6E0));
#3061=LINE('',#3060,#3059);
#3062=DIRECTION('',(2.095290887309E-1,9.778024140774E-1,0.E0));
#3063=VECTOR('',#3062,3.102194563710E-1);
#3064=CARTESIAN_POINT('',(-2.1E0,-3.675E0,-6.E-1));
#3065=LINE('',#3064,#3063);
#3066=DIRECTION('',(0.E0,0.E0,-1.E0));
#3067=VECTOR('',#3066,6.E-1);
#3068=CARTESIAN_POINT('',(-2.035E0,-1.25E-1,-1.75E-1));
#3069=LINE('',#3068,#3067);
#3070=DIRECTION('',(0.E0,-1.E0,0.E0));
#3071=VECTOR('',#3070,1.85E0);
#3072=CARTESIAN_POINT('',(-2.035E0,-1.25E-1,-1.75E-1));
#3073=LINE('',#3072,#3071);
#3074=CARTESIAN_POINT('',(-2.035E0,-2.675E0,-1.275E0));
#3075=DIRECTION('',(1.E0,0.E0,0.E0));
#3076=DIRECTION('',(0.E0,-5.641025641026E-1,8.257047275951E-1));
#3077=AXIS2_PLACEMENT_3D('',#3074,#3075,#3076);
#3079=DIRECTION('',(0.E0,0.E0,-1.E0));
#3080=VECTOR('',#3079,2.325E0);
#3081=CARTESIAN_POINT('',(-2.035E0,-3.65E0,-1.275E0));
#3082=LINE('',#3081,#3080);
#3083=DIRECTION('',(1.E0,0.E0,0.E0));
#3084=VECTOR('',#3083,3.2E-1);
#3085=CARTESIAN_POINT('',(-2.035E0,-1.25E-1,-7.75E-1));
#3086=LINE('',#3085,#3084);
#3087=DIRECTION('',(0.E0,-1.E0,0.E0));
#3088=VECTOR('',#3087,1.85E0);
#3089=CARTESIAN_POINT('',(-2.035E0,-1.25E-1,-7.75E-1));
#3090=LINE('',#3089,#3088);
#3091=DIRECTION('',(0.E0,0.E0,1.E0));
#3092=VECTOR('',#3091,6.E-1);
#3093=CARTESIAN_POINT('',(-1.715E0,-1.25E-1,-7.75E-1));
#3094=LINE('',#3093,#3092);
#3095=DIRECTION('',(0.E0,-1.E0,0.E0));
#3096=VECTOR('',#3095,1.85E0);
#3097=CARTESIAN_POINT('',(-1.715E0,-1.25E-1,-7.75E-1));
#3098=LINE('',#3097,#3096);
#3099=DIRECTION('',(0.E0,0.E0,-1.E0));
#3100=VECTOR('',#3099,2.E0);
#3101=CARTESIAN_POINT('',(-1.715E0,-3.3E0,-1.6E0));
#3102=LINE('',#3101,#3100);
#3103=DIRECTION('',(-1.E0,0.E0,0.E0));
#3104=VECTOR('',#3103,3.2E-1);
#3105=CARTESIAN_POINT('',(-1.715E0,-1.25E-1,-1.75E-1));
#3106=LINE('',#3105,#3104);
#3107=DIRECTION('',(0.E0,-1.E0,0.E0));
#3108=VECTOR('',#3107,1.85E0);
#3109=CARTESIAN_POINT('',(-1.715E0,-1.25E-1,-1.75E-1));
#3110=LINE('',#3109,#3108);
#3111=CARTESIAN_POINT('',(-1.775E0,2.75E-1,-2.75E-1));
#3112=CARTESIAN_POINT('',(-1.735E0,1.444139194448E-1,-2.083333333333E-1));
#3113=CARTESIAN_POINT('',(-1.715E0,1.108058611148E-2,-1.75E-1));
#3114=CARTESIAN_POINT('',(-1.715E0,-1.25E-1,-1.75E-1));
#3116=DIRECTION('',(-1.E0,0.E0,0.E0));
#3117=VECTOR('',#3116,2.E-1);
#3118=CARTESIAN_POINT('',(-1.775E0,2.75E-1,-2.75E-1));
#3119=LINE('',#3118,#3117);
#3120=DIRECTION('',(0.E0,0.E0,-1.E0));
#3121=VECTOR('',#3120,4.E-1);
#3122=CARTESIAN_POINT('',(-1.975E0,2.75E-1,-2.75E-1));
#3123=LINE('',#3122,#3121);
#3124=DIRECTION('',(1.E0,0.E0,0.E0));
#3125=VECTOR('',#3124,2.E-1);
#3126=CARTESIAN_POINT('',(-1.975E0,2.75E-1,-6.75E-1));
#3127=LINE('',#3126,#3125);
#3128=DIRECTION('',(0.E0,0.E0,1.E0));
#3129=VECTOR('',#3128,4.E-1);
#3130=CARTESIAN_POINT('',(-1.775E0,2.75E-1,-6.75E-1));
#3131=LINE('',#3130,#3129);
#3132=CARTESIAN_POINT('',(-1.975E0,2.75E-1,-2.75E-1));
#3133=CARTESIAN_POINT('',(-2.015E0,1.444139194448E-1,-2.083333333333E-1));
#3134=CARTESIAN_POINT('',(-2.035E0,1.108058611148E-2,-1.75E-1));
#3135=CARTESIAN_POINT('',(-2.035E0,-1.25E-1,-1.75E-1));
#3137=CARTESIAN_POINT('',(-1.975E0,2.75E-1,-6.75E-1));
#3138=CARTESIAN_POINT('',(-2.015E0,1.444139194448E-1,-7.416666666667E-1));
#3139=CARTESIAN_POINT('',(-2.035E0,1.108058611148E-2,-7.75E-1));
#3140=CARTESIAN_POINT('',(-2.035E0,-1.25E-1,-7.75E-1));
#3142=CARTESIAN_POINT('',(-1.775E0,2.75E-1,-6.75E-1));
#3143=CARTESIAN_POINT('',(-1.735E0,1.444139194448E-1,-7.416666666667E-1));
#3144=CARTESIAN_POINT('',(-1.715E0,1.108058611148E-2,-7.75E-1));
#3145=CARTESIAN_POINT('',(-1.715E0,-1.25E-1,-7.75E-1));
#3147=DIRECTION('',(0.E0,0.E0,-1.E0));
#3148=VECTOR('',#3147,2.E0);
#3149=CARTESIAN_POINT('',(-2.035E0,-3.3E0,-1.6E0));
#3150=LINE('',#3149,#3148);
#3151=DIRECTION('',(1.E0,0.E0,0.E0));
#3152=VECTOR('',#3151,3.2E-1);
#3153=CARTESIAN_POINT('',(-2.035E0,-3.3E0,-3.6E0));
#3154=LINE('',#3153,#3152);
#3155=CARTESIAN_POINT('',(-2.035E0,-3.3E0,-3.6E0));
#3156=CARTESIAN_POINT('',(-2.035E0,-3.3E0,-3.800841891430E0));
#3157=CARTESIAN_POINT('',(-2.015E0,-3.316666666667E0,-4.000841891430E0));
#3158=CARTESIAN_POINT('',(-1.975E0,-3.35E0,-4.2E0));
#3160=DIRECTION('',(0.E0,1.E0,0.E0));
#3161=VECTOR('',#3160,3.5E-1);
#3162=CARTESIAN_POINT('',(-2.035E0,-3.65E0,-3.6E0));
#3163=LINE('',#3162,#3161);
#3164=CARTESIAN_POINT('',(-2.035E0,-3.65E0,-3.6E0));
#3165=CARTESIAN_POINT('',(-2.035E0,-3.65E0,-3.800841891430E0));
#3166=CARTESIAN_POINT('',(-2.015E0,-3.633333333333E0,-4.000841891430E0));
#3167=CARTESIAN_POINT('',(-1.975E0,-3.6E0,-4.2E0));
#3169=DIRECTION('',(-1.E0,0.E0,0.E0));
#3170=VECTOR('',#3169,3.2E-1);
#3171=CARTESIAN_POINT('',(-1.715E0,-3.65E0,-3.6E0));
#3172=LINE('',#3171,#3170);
#3173=CARTESIAN_POINT('',(-1.715E0,-3.65E0,-3.6E0));
#3174=CARTESIAN_POINT('',(-1.715E0,-3.65E0,-3.800841891430E0));
#3175=CARTESIAN_POINT('',(-1.735E0,-3.633333333333E0,-4.000841891430E0));
#3176=CARTESIAN_POINT('',(-1.775E0,-3.6E0,-4.2E0));
#3178=DIRECTION('',(-1.E0,0.E0,0.E0));
#3179=VECTOR('',#3178,3.2E-1);
#3180=CARTESIAN_POINT('',(-1.715E0,-3.65E0,-1.275E0));
#3181=LINE('',#3180,#3179);
#3182=DIRECTION('',(0.E0,0.E0,-1.E0));
#3183=VECTOR('',#3182,2.325E0);
#3184=CARTESIAN_POINT('',(-1.715E0,-3.65E0,-1.275E0));
#3185=LINE('',#3184,#3183);
#3186=CARTESIAN_POINT('',(-1.715E0,-2.675E0,-1.275E0));
#3187=DIRECTION('',(1.E0,0.E0,0.E0));
#3188=DIRECTION('',(0.E0,-5.641025641026E-1,8.257047275951E-1));
#3189=AXIS2_PLACEMENT_3D('',#3186,#3187,#3188);
#3191=DIRECTION('',(0.E0,-1.E0,0.E0));
#3192=VECTOR('',#3191,3.5E-1);
#3193=CARTESIAN_POINT('',(-1.715E0,-3.3E0,-3.6E0));
#3194=LINE('',#3193,#3192);
#3195=CARTESIAN_POINT('',(-1.715E0,-3.3E0,-3.6E0));
#3196=CARTESIAN_POINT('',(-1.715E0,-3.3E0,-3.800841891430E0));
#3197=CARTESIAN_POINT('',(-1.735E0,-3.316666666667E0,-4.000841891430E0));
#3198=CARTESIAN_POINT('',(-1.775E0,-3.35E0,-4.2E0));
#3200=DIRECTION('',(-1.E0,0.E0,0.E0));
#3201=VECTOR('',#3200,2.E-1);
#3202=CARTESIAN_POINT('',(-1.775E0,-3.6E0,-4.2E0));
#3203=LINE('',#3202,#3201);
#3204=DIRECTION('',(0.E0,-1.E0,0.E0));
#3205=VECTOR('',#3204,2.5E-1);
#3206=CARTESIAN_POINT('',(-1.775E0,-3.35E0,-4.2E0));
#3207=LINE('',#3206,#3205);
#3208=DIRECTION('',(1.E0,0.E0,0.E0));
#3209=VECTOR('',#3208,2.E-1);
#3210=CARTESIAN_POINT('',(-1.975E0,-3.35E0,-4.2E0));
#3211=LINE('',#3210,#3209);
#3212=DIRECTION('',(0.E0,1.E0,0.E0));
#3213=VECTOR('',#3212,2.5E-1);
#3214=CARTESIAN_POINT('',(-1.975E0,-3.6E0,-4.2E0));
#3215=LINE('',#3214,#3213);
#3216=DIRECTION('',(0.E0,0.E0,-1.E0));
#3217=VECTOR('',#3216,1.E0);
#3218=CARTESIAN_POINT('',(-1.715E0,-3.371666666667E0,-6.E-1));
#3219=LINE('',#3218,#3217);
#3220=DIRECTION('',(2.095290887309E-1,-9.778024140774E-1,0.E0));
#3221=VECTOR('',#3220,3.102194563710E-1);
#3222=CARTESIAN_POINT('',(-1.715E0,-3.371666666667E0,-6.E-1));
#3223=LINE('',#3222,#3221);
#3224=DIRECTION('',(5.547001962252E-1,-8.320502943378E-1,0.E0));
#3225=VECTOR('',#3224,1.802775637732E-1);
#3226=CARTESIAN_POINT('',(-1.65E0,-3.675E0,-6.E-1));
#3227=LINE('',#3226,#3225);
#3228=DIRECTION('',(0.E0,0.E0,1.E0));
#3229=VECTOR('',#3228,1.E0);
#3230=CARTESIAN_POINT('',(-1.65E0,-3.675E0,-1.6E0));
#3231=LINE('',#3230,#3229);
#3232=DIRECTION('',(5.547001962252E-1,8.320502943378E-1,0.E0));
#3233=VECTOR('',#3232,1.802775637732E-1);
#3234=CARTESIAN_POINT('',(-9.5E-1,-3.825E0,-6.E-1));
#3235=LINE('',#3234,#3233);
#3236=DIRECTION('',(0.E0,0.E0,-1.E0));
#3237=VECTOR('',#3236,1.E0);
#3238=CARTESIAN_POINT('',(-7.85E-1,-3.371666666667E0,-6.E-1));
#3239=LINE('',#3238,#3237);
#3240=DIRECTION('',(0.E0,0.E0,1.E0));
#3241=VECTOR('',#3240,1.E0);
#3242=CARTESIAN_POINT('',(-8.5E-1,-3.675E0,-1.6E0));
#3243=LINE('',#3242,#3241);
#3244=DIRECTION('',(2.095290887309E-1,9.778024140774E-1,0.E0));
#3245=VECTOR('',#3244,3.102194563710E-1);
#3246=CARTESIAN_POINT('',(-8.5E-1,-3.675E0,-6.E-1));
#3247=LINE('',#3246,#3245);
#3248=DIRECTION('',(0.E0,0.E0,-1.E0));
#3249=VECTOR('',#3248,6.E-1);
#3250=CARTESIAN_POINT('',(-7.85E-1,-1.25E-1,-1.75E-1));
#3251=LINE('',#3250,#3249);
#3252=DIRECTION('',(0.E0,-1.E0,0.E0));
#3253=VECTOR('',#3252,1.85E0);
#3254=CARTESIAN_POINT('',(-7.85E-1,-1.25E-1,-1.75E-1));
#3255=LINE('',#3254,#3253);
#3256=CARTESIAN_POINT('',(-7.85E-1,-2.675E0,-1.275E0));
#3257=DIRECTION('',(1.E0,0.E0,0.E0));
#3258=DIRECTION('',(0.E0,-5.641025641026E-1,8.257047275951E-1));
#3259=AXIS2_PLACEMENT_3D('',#3256,#3257,#3258);
#3261=DIRECTION('',(0.E0,0.E0,-1.E0));
#3262=VECTOR('',#3261,2.325E0);
#3263=CARTESIAN_POINT('',(-7.85E-1,-3.65E0,-1.275E0));
#3264=LINE('',#3263,#3262);
#3265=DIRECTION('',(1.E0,0.E0,0.E0));
#3266=VECTOR('',#3265,3.2E-1);
#3267=CARTESIAN_POINT('',(-7.85E-1,-1.25E-1,-7.75E-1));
#3268=LINE('',#3267,#3266);
#3269=DIRECTION('',(0.E0,-1.E0,0.E0));
#3270=VECTOR('',#3269,1.85E0);
#3271=CARTESIAN_POINT('',(-7.85E-1,-1.25E-1,-7.75E-1));
#3272=LINE('',#3271,#3270);
#3273=DIRECTION('',(0.E0,0.E0,1.E0));
#3274=VECTOR('',#3273,6.E-1);
#3275=CARTESIAN_POINT('',(-4.65E-1,-1.25E-1,-7.75E-1));
#3276=LINE('',#3275,#3274);
#3277=DIRECTION('',(0.E0,-1.E0,0.E0));
#3278=VECTOR('',#3277,1.85E0);
#3279=CARTESIAN_POINT('',(-4.65E-1,-1.25E-1,-7.75E-1));
#3280=LINE('',#3279,#3278);
#3281=DIRECTION('',(0.E0,0.E0,-1.E0));
#3282=VECTOR('',#3281,2.E0);
#3283=CARTESIAN_POINT('',(-4.65E-1,-3.3E0,-1.6E0));
#3284=LINE('',#3283,#3282);
#3285=DIRECTION('',(-1.E0,0.E0,0.E0));
#3286=VECTOR('',#3285,3.2E-1);
#3287=CARTESIAN_POINT('',(-4.65E-1,-1.25E-1,-1.75E-1));
#3288=LINE('',#3287,#3286);
#3289=DIRECTION('',(0.E0,-1.E0,0.E0));
#3290=VECTOR('',#3289,1.85E0);
#3291=CARTESIAN_POINT('',(-4.65E-1,-1.25E-1,-1.75E-1));
#3292=LINE('',#3291,#3290);
#3293=CARTESIAN_POINT('',(-5.25E-1,2.75E-1,-2.75E-1));
#3294=CARTESIAN_POINT('',(-4.85E-1,1.444139194448E-1,-2.083333333333E-1));
#3295=CARTESIAN_POINT('',(-4.65E-1,1.108058611148E-2,-1.75E-1));
#3296=CARTESIAN_POINT('',(-4.65E-1,-1.25E-1,-1.75E-1));
#3298=DIRECTION('',(-1.E0,0.E0,0.E0));
#3299=VECTOR('',#3298,2.E-1);
#3300=CARTESIAN_POINT('',(-5.25E-1,2.75E-1,-2.75E-1));
#3301=LINE('',#3300,#3299);
#3302=DIRECTION('',(0.E0,0.E0,-1.E0));
#3303=VECTOR('',#3302,4.E-1);
#3304=CARTESIAN_POINT('',(-7.25E-1,2.75E-1,-2.75E-1));
#3305=LINE('',#3304,#3303);
#3306=DIRECTION('',(1.E0,0.E0,0.E0));
#3307=VECTOR('',#3306,2.E-1);
#3308=CARTESIAN_POINT('',(-7.25E-1,2.75E-1,-6.75E-1));
#3309=LINE('',#3308,#3307);
#3310=DIRECTION('',(0.E0,0.E0,1.E0));
#3311=VECTOR('',#3310,4.E-1);
#3312=CARTESIAN_POINT('',(-5.25E-1,2.75E-1,-6.75E-1));
#3313=LINE('',#3312,#3311);
#3314=CARTESIAN_POINT('',(-7.25E-1,2.75E-1,-2.75E-1));
#3315=CARTESIAN_POINT('',(-7.65E-1,1.444139194448E-1,-2.083333333333E-1));
#3316=CARTESIAN_POINT('',(-7.85E-1,1.108058611148E-2,-1.75E-1));
#3317=CARTESIAN_POINT('',(-7.85E-1,-1.25E-1,-1.75E-1));
#3319=CARTESIAN_POINT('',(-7.25E-1,2.75E-1,-6.75E-1));
#3320=CARTESIAN_POINT('',(-7.65E-1,1.444139194448E-1,-7.416666666667E-1));
#3321=CARTESIAN_POINT('',(-7.85E-1,1.108058611148E-2,-7.75E-1));
#3322=CARTESIAN_POINT('',(-7.85E-1,-1.25E-1,-7.75E-1));
#3324=CARTESIAN_POINT('',(-5.25E-1,2.75E-1,-6.75E-1));
#3325=CARTESIAN_POINT('',(-4.85E-1,1.444139194448E-1,-7.416666666667E-1));
#3326=CARTESIAN_POINT('',(-4.65E-1,1.108058611148E-2,-7.75E-1));
#3327=CARTESIAN_POINT('',(-4.65E-1,-1.25E-1,-7.75E-1));
#3329=DIRECTION('',(0.E0,0.E0,-1.E0));
#3330=VECTOR('',#3329,1.E0);
#3331=CARTESIAN_POINT('',(-4.65E-1,-3.371666666667E0,-6.E-1));
#3332=LINE('',#3331,#3330);
#3333=DIRECTION('',(2.095290887309E-1,-9.778024140774E-1,0.E0));
#3334=VECTOR('',#3333,3.102194563710E-1);
#3335=CARTESIAN_POINT('',(-4.65E-1,-3.371666666667E0,-6.E-1));
#3336=LINE('',#3335,#3334);
#3337=DIRECTION('',(5.547001962252E-1,-8.320502943378E-1,0.E0));
#3338=VECTOR('',#3337,1.802775637732E-1);
#3339=CARTESIAN_POINT('',(-4.E-1,-3.675E0,-6.E-1));
#3340=LINE('',#3339,#3338);
#3341=DIRECTION('',(0.E0,0.E0,1.E0));
#3342=VECTOR('',#3341,1.E0);
#3343=CARTESIAN_POINT('',(-4.E-1,-3.675E0,-1.6E0));
#3344=LINE('',#3343,#3342);
#3345=DIRECTION('',(0.E0,0.E0,-1.E0));
#3346=VECTOR('',#3345,2.E0);
#3347=CARTESIAN_POINT('',(-7.85E-1,-3.3E0,-1.6E0));
#3348=LINE('',#3347,#3346);
#3349=DIRECTION('',(1.E0,0.E0,0.E0));
#3350=VECTOR('',#3349,3.2E-1);
#3351=CARTESIAN_POINT('',(-7.85E-1,-3.3E0,-3.6E0));
#3352=LINE('',#3351,#3350);
#3353=CARTESIAN_POINT('',(-7.85E-1,-3.3E0,-3.6E0));
#3354=CARTESIAN_POINT('',(-7.85E-1,-3.3E0,-3.800841891430E0));
#3355=CARTESIAN_POINT('',(-7.65E-1,-3.316666666667E0,-4.000841891430E0));
#3356=CARTESIAN_POINT('',(-7.25E-1,-3.35E0,-4.2E0));
#3358=DIRECTION('',(0.E0,1.E0,0.E0));
#3359=VECTOR('',#3358,3.5E-1);
#3360=CARTESIAN_POINT('',(-7.85E-1,-3.65E0,-3.6E0));
#3361=LINE('',#3360,#3359);
#3362=CARTESIAN_POINT('',(-7.85E-1,-3.65E0,-3.6E0));
#3363=CARTESIAN_POINT('',(-7.85E-1,-3.65E0,-3.800841891430E0));
#3364=CARTESIAN_POINT('',(-7.65E-1,-3.633333333333E0,-4.000841891430E0));
#3365=CARTESIAN_POINT('',(-7.25E-1,-3.6E0,-4.2E0));
#3367=DIRECTION('',(-1.E0,0.E0,0.E0));
#3368=VECTOR('',#3367,3.2E-1);
#3369=CARTESIAN_POINT('',(-4.65E-1,-3.65E0,-3.6E0));
#3370=LINE('',#3369,#3368);
#3371=CARTESIAN_POINT('',(-4.65E-1,-3.65E0,-3.6E0));
#3372=CARTESIAN_POINT('',(-4.65E-1,-3.65E0,-3.800841891430E0));
#3373=CARTESIAN_POINT('',(-4.85E-1,-3.633333333333E0,-4.000841891430E0));
#3374=CARTESIAN_POINT('',(-5.25E-1,-3.6E0,-4.2E0));
#3376=DIRECTION('',(-1.E0,0.E0,0.E0));
#3377=VECTOR('',#3376,3.2E-1);
#3378=CARTESIAN_POINT('',(-4.65E-1,-3.65E0,-1.275E0));
#3379=LINE('',#3378,#3377);
#3380=DIRECTION('',(0.E0,0.E0,-1.E0));
#3381=VECTOR('',#3380,2.325E0);
#3382=CARTESIAN_POINT('',(-4.65E-1,-3.65E0,-1.275E0));
#3383=LINE('',#3382,#3381);
#3384=CARTESIAN_POINT('',(-4.65E-1,-2.675E0,-1.275E0));
#3385=DIRECTION('',(1.E0,0.E0,0.E0));
#3386=DIRECTION('',(0.E0,-5.641025641026E-1,8.257047275951E-1));
#3387=AXIS2_PLACEMENT_3D('',#3384,#3385,#3386);
#3389=DIRECTION('',(0.E0,-1.E0,0.E0));
#3390=VECTOR('',#3389,3.5E-1);
#3391=CARTESIAN_POINT('',(-4.65E-1,-3.3E0,-3.6E0));
#3392=LINE('',#3391,#3390);
#3393=CARTESIAN_POINT('',(-4.65E-1,-3.3E0,-3.6E0));
#3394=CARTESIAN_POINT('',(-4.65E-1,-3.3E0,-3.800841891430E0));
#3395=CARTESIAN_POINT('',(-4.85E-1,-3.316666666667E0,-4.000841891430E0));
#3396=CARTESIAN_POINT('',(-5.25E-1,-3.35E0,-4.2E0));
#3398=DIRECTION('',(-1.E0,0.E0,0.E0));
#3399=VECTOR('',#3398,2.E-1);
#3400=CARTESIAN_POINT('',(-5.25E-1,-3.6E0,-4.2E0));
#3401=LINE('',#3400,#3399);
#3402=DIRECTION('',(0.E0,-1.E0,0.E0));
#3403=VECTOR('',#3402,2.5E-1);
#3404=CARTESIAN_POINT('',(-5.25E-1,-3.35E0,-4.2E0));
#3405=LINE('',#3404,#3403);
#3406=DIRECTION('',(1.E0,0.E0,0.E0));
#3407=VECTOR('',#3406,2.E-1);
#3408=CARTESIAN_POINT('',(-7.25E-1,-3.35E0,-4.2E0));
#3409=LINE('',#3408,#3407);
#3410=DIRECTION('',(0.E0,1.E0,0.E0));
#3411=VECTOR('',#3410,2.5E-1);
#3412=CARTESIAN_POINT('',(-7.25E-1,-3.6E0,-4.2E0));
#3413=LINE('',#3412,#3411);
#3414=DIRECTION('',(5.547001962252E-1,8.320502943378E-1,0.E0));
#3415=VECTOR('',#3414,1.802775637732E-1);
#3416=CARTESIAN_POINT('',(3.E-1,-3.825E0,-6.E-1));
#3417=LINE('',#3416,#3415);
#3418=DIRECTION('',(0.E0,0.E0,-1.E0));
#3419=VECTOR('',#3418,1.E0);
#3420=CARTESIAN_POINT('',(4.65E-1,-3.371666666667E0,-6.E-1));
#3421=LINE('',#3420,#3419);
#3422=DIRECTION('',(0.E0,0.E0,1.E0));
#3423=VECTOR('',#3422,1.E0);
#3424=CARTESIAN_POINT('',(4.E-1,-3.675E0,-1.6E0));
#3425=LINE('',#3424,#3423);
#3426=DIRECTION('',(2.095290887309E-1,9.778024140774E-1,0.E0));
#3427=VECTOR('',#3426,3.102194563710E-1);
#3428=CARTESIAN_POINT('',(4.E-1,-3.675E0,-6.E-1));
#3429=LINE('',#3428,#3427);
#3430=DIRECTION('',(0.E0,0.E0,-1.E0));
#3431=VECTOR('',#3430,6.E-1);
#3432=CARTESIAN_POINT('',(4.65E-1,-1.25E-1,-1.75E-1));
#3433=LINE('',#3432,#3431);
#3434=DIRECTION('',(0.E0,-1.E0,0.E0));
#3435=VECTOR('',#3434,1.85E0);
#3436=CARTESIAN_POINT('',(4.65E-1,-1.25E-1,-1.75E-1));
#3437=LINE('',#3436,#3435);
#3438=CARTESIAN_POINT('',(4.65E-1,-2.675E0,-1.275E0));
#3439=DIRECTION('',(1.E0,0.E0,0.E0));
#3440=DIRECTION('',(0.E0,-5.641025641026E-1,8.257047275951E-1));
#3441=AXIS2_PLACEMENT_3D('',#3438,#3439,#3440);
#3443=DIRECTION('',(0.E0,0.E0,-1.E0));
#3444=VECTOR('',#3443,2.325E0);
#3445=CARTESIAN_POINT('',(4.65E-1,-3.65E0,-1.275E0));
#3446=LINE('',#3445,#3444);
#3447=DIRECTION('',(1.E0,0.E0,0.E0));
#3448=VECTOR('',#3447,3.2E-1);
#3449=CARTESIAN_POINT('',(4.65E-1,-1.25E-1,-7.75E-1));
#3450=LINE('',#3449,#3448);
#3451=DIRECTION('',(0.E0,-1.E0,0.E0));
#3452=VECTOR('',#3451,1.85E0);
#3453=CARTESIAN_POINT('',(4.65E-1,-1.25E-1,-7.75E-1));
#3454=LINE('',#3453,#3452);
#3455=DIRECTION('',(0.E0,0.E0,1.E0));
#3456=VECTOR('',#3455,6.E-1);
#3457=CARTESIAN_POINT('',(7.85E-1,-1.25E-1,-7.75E-1));
#3458=LINE('',#3457,#3456);
#3459=DIRECTION('',(0.E0,-1.E0,0.E0));
#3460=VECTOR('',#3459,1.85E0);
#3461=CARTESIAN_POINT('',(7.85E-1,-1.25E-1,-7.75E-1));
#3462=LINE('',#3461,#3460);
#3463=DIRECTION('',(0.E0,0.E0,-1.E0));
#3464=VECTOR('',#3463,2.E0);
#3465=CARTESIAN_POINT('',(7.85E-1,-3.3E0,-1.6E0));
#3466=LINE('',#3465,#3464);
#3467=DIRECTION('',(-1.E0,0.E0,0.E0));
#3468=VECTOR('',#3467,3.2E-1);
#3469=CARTESIAN_POINT('',(7.85E-1,-1.25E-1,-1.75E-1));
#3470=LINE('',#3469,#3468);
#3471=DIRECTION('',(0.E0,-1.E0,0.E0));
#3472=VECTOR('',#3471,1.85E0);
#3473=CARTESIAN_POINT('',(7.85E-1,-1.25E-1,-1.75E-1));
#3474=LINE('',#3473,#3472);
#3475=CARTESIAN_POINT('',(7.25E-1,2.75E-1,-2.75E-1));
#3476=CARTESIAN_POINT('',(7.65E-1,1.444139194448E-1,-2.083333333333E-1));
#3477=CARTESIAN_POINT('',(7.85E-1,1.108058611148E-2,-1.75E-1));
#3478=CARTESIAN_POINT('',(7.85E-1,-1.25E-1,-1.75E-1));
#3480=DIRECTION('',(-1.E0,0.E0,0.E0));
#3481=VECTOR('',#3480,2.E-1);
#3482=CARTESIAN_POINT('',(7.25E-1,2.75E-1,-2.75E-1));
#3483=LINE('',#3482,#3481);
#3484=DIRECTION('',(0.E0,0.E0,-1.E0));
#3485=VECTOR('',#3484,4.E-1);
#3486=CARTESIAN_POINT('',(5.25E-1,2.75E-1,-2.75E-1));
#3487=LINE('',#3486,#3485);
#3488=DIRECTION('',(1.E0,0.E0,0.E0));
#3489=VECTOR('',#3488,2.E-1);
#3490=CARTESIAN_POINT('',(5.25E-1,2.75E-1,-6.75E-1));
#3491=LINE('',#3490,#3489);
#3492=DIRECTION('',(0.E0,0.E0,1.E0));
#3493=VECTOR('',#3492,4.E-1);
#3494=CARTESIAN_POINT('',(7.25E-1,2.75E-1,-6.75E-1));
#3495=LINE('',#3494,#3493);
#3496=CARTESIAN_POINT('',(5.25E-1,2.75E-1,-2.75E-1));
#3497=CARTESIAN_POINT('',(4.85E-1,1.444139194448E-1,-2.083333333333E-1));
#3498=CARTESIAN_POINT('',(4.65E-1,1.108058611148E-2,-1.75E-1));
#3499=CARTESIAN_POINT('',(4.65E-1,-1.25E-1,-1.75E-1));
#3501=CARTESIAN_POINT('',(5.25E-1,2.75E-1,-6.75E-1));
#3502=CARTESIAN_POINT('',(4.85E-1,1.444139194448E-1,-7.416666666667E-1));
#3503=CARTESIAN_POINT('',(4.65E-1,1.108058611148E-2,-7.75E-1));
#3504=CARTESIAN_POINT('',(4.65E-1,-1.25E-1,-7.75E-1));
#3506=CARTESIAN_POINT('',(7.25E-1,2.75E-1,-6.75E-1));
#3507=CARTESIAN_POINT('',(7.65E-1,1.444139194448E-1,-7.416666666667E-1));
#3508=CARTESIAN_POINT('',(7.85E-1,1.108058611148E-2,-7.75E-1));
#3509=CARTESIAN_POINT('',(7.85E-1,-1.25E-1,-7.75E-1));
#3511=DIRECTION('',(0.E0,0.E0,-1.E0));
#3512=VECTOR('',#3511,1.E0);
#3513=CARTESIAN_POINT('',(7.85E-1,-3.371666666667E0,-6.E-1));
#3514=LINE('',#3513,#3512);
#3515=DIRECTION('',(2.095290887309E-1,-9.778024140774E-1,0.E0));
#3516=VECTOR('',#3515,3.102194563710E-1);
#3517=CARTESIAN_POINT('',(7.85E-1,-3.371666666667E0,-6.E-1));
#3518=LINE('',#3517,#3516);
#3519=DIRECTION('',(5.547001962252E-1,-8.320502943378E-1,0.E0));
#3520=VECTOR('',#3519,1.802775637732E-1);
#3521=CARTESIAN_POINT('',(8.5E-1,-3.675E0,-6.E-1));
#3522=LINE('',#3521,#3520);
#3523=DIRECTION('',(0.E0,0.E0,1.E0));
#3524=VECTOR('',#3523,1.E0);
#3525=CARTESIAN_POINT('',(8.5E-1,-3.675E0,-1.6E0));
#3526=LINE('',#3525,#3524);
#3527=DIRECTION('',(0.E0,0.E0,-1.E0));
#3528=VECTOR('',#3527,2.E0);
#3529=CARTESIAN_POINT('',(4.65E-1,-3.3E0,-1.6E0));
#3530=LINE('',#3529,#3528);
#3531=DIRECTION('',(1.E0,0.E0,0.E0));
#3532=VECTOR('',#3531,3.2E-1);
#3533=CARTESIAN_POINT('',(4.65E-1,-3.3E0,-3.6E0));
#3534=LINE('',#3533,#3532);
#3535=CARTESIAN_POINT('',(4.65E-1,-3.3E0,-3.6E0));
#3536=CARTESIAN_POINT('',(4.65E-1,-3.3E0,-3.800841891430E0));
#3537=CARTESIAN_POINT('',(4.85E-1,-3.316666666667E0,-4.000841891430E0));
#3538=CARTESIAN_POINT('',(5.25E-1,-3.35E0,-4.2E0));
#3540=DIRECTION('',(0.E0,1.E0,0.E0));
#3541=VECTOR('',#3540,3.5E-1);
#3542=CARTESIAN_POINT('',(4.65E-1,-3.65E0,-3.6E0));
#3543=LINE('',#3542,#3541);
#3544=CARTESIAN_POINT('',(4.65E-1,-3.65E0,-3.6E0));
#3545=CARTESIAN_POINT('',(4.65E-1,-3.65E0,-3.800841891430E0));
#3546=CARTESIAN_POINT('',(4.85E-1,-3.633333333333E0,-4.000841891430E0));
#3547=CARTESIAN_POINT('',(5.25E-1,-3.6E0,-4.2E0));
#3549=DIRECTION('',(-1.E0,0.E0,0.E0));
#3550=VECTOR('',#3549,3.2E-1);
#3551=CARTESIAN_POINT('',(7.85E-1,-3.65E0,-3.6E0));
#3552=LINE('',#3551,#3550);
#3553=CARTESIAN_POINT('',(7.85E-1,-3.65E0,-3.6E0));
#3554=CARTESIAN_POINT('',(7.85E-1,-3.65E0,-3.800841891430E0));
#3555=CARTESIAN_POINT('',(7.65E-1,-3.633333333333E0,-4.000841891430E0));
#3556=CARTESIAN_POINT('',(7.25E-1,-3.6E0,-4.2E0));
#3558=DIRECTION('',(-1.E0,0.E0,0.E0));
#3559=VECTOR('',#3558,3.2E-1);
#3560=CARTESIAN_POINT('',(7.85E-1,-3.65E0,-1.275E0));
#3561=LINE('',#3560,#3559);
#3562=DIRECTION('',(0.E0,0.E0,-1.E0));
#3563=VECTOR('',#3562,2.325E0);
#3564=CARTESIAN_POINT('',(7.85E-1,-3.65E0,-1.275E0));
#3565=LINE('',#3564,#3563);
#3566=CARTESIAN_POINT('',(7.85E-1,-2.675E0,-1.275E0));
#3567=DIRECTION('',(1.E0,0.E0,0.E0));
#3568=DIRECTION('',(0.E0,-5.641025641026E-1,8.257047275951E-1));
#3569=AXIS2_PLACEMENT_3D('',#3566,#3567,#3568);
#3571=DIRECTION('',(0.E0,-1.E0,0.E0));
#3572=VECTOR('',#3571,3.5E-1);
#3573=CARTESIAN_POINT('',(7.85E-1,-3.3E0,-3.6E0));
#3574=LINE('',#3573,#3572);
#3575=CARTESIAN_POINT('',(7.85E-1,-3.3E0,-3.6E0));
#3576=CARTESIAN_POINT('',(7.85E-1,-3.3E0,-3.800841891430E0));
#3577=CARTESIAN_POINT('',(7.65E-1,-3.316666666667E0,-4.000841891430E0));
#3578=CARTESIAN_POINT('',(7.25E-1,-3.35E0,-4.2E0));
#3580=DIRECTION('',(-1.E0,0.E0,0.E0));
#3581=VECTOR('',#3580,2.E-1);
#3582=CARTESIAN_POINT('',(7.25E-1,-3.6E0,-4.2E0));
#3583=LINE('',#3582,#3581);
#3584=DIRECTION('',(0.E0,-1.E0,0.E0));
#3585=VECTOR('',#3584,2.5E-1);
#3586=CARTESIAN_POINT('',(7.25E-1,-3.35E0,-4.2E0));
#3587=LINE('',#3586,#3585);
#3588=DIRECTION('',(1.E0,0.E0,0.E0));
#3589=VECTOR('',#3588,2.E-1);
#3590=CARTESIAN_POINT('',(5.25E-1,-3.35E0,-4.2E0));
#3591=LINE('',#3590,#3589);
#3592=DIRECTION('',(0.E0,1.E0,0.E0));
#3593=VECTOR('',#3592,2.5E-1);
#3594=CARTESIAN_POINT('',(5.25E-1,-3.6E0,-4.2E0));
#3595=LINE('',#3594,#3593);
#3596=DIRECTION('',(5.547001962252E-1,8.320502943378E-1,0.E0));
#3597=VECTOR('',#3596,1.802775637732E-1);
#3598=CARTESIAN_POINT('',(1.55E0,-3.825E0,-6.E-1));
#3599=LINE('',#3598,#3597);
#3600=DIRECTION('',(0.E0,0.E0,1.E0));
#3601=VECTOR('',#3600,1.E0);
#3602=CARTESIAN_POINT('',(1.715E0,-3.371666666667E0,-1.6E0));
#3603=LINE('',#3602,#3601);
#3604=DIRECTION('',(0.E0,0.E0,1.E0));
#3605=VECTOR('',#3604,1.E0);
#3606=CARTESIAN_POINT('',(1.65E0,-3.675E0,-1.6E0));
#3607=LINE('',#3606,#3605);
#3608=DIRECTION('',(2.095290887309E-1,9.778024140774E-1,0.E0));
#3609=VECTOR('',#3608,3.102194563710E-1);
#3610=CARTESIAN_POINT('',(1.65E0,-3.675E0,-6.E-1));
#3611=LINE('',#3610,#3609);
#3612=DIRECTION('',(0.E0,0.E0,-1.E0));
#3613=VECTOR('',#3612,6.E-1);
#3614=CARTESIAN_POINT('',(1.715E0,-1.25E-1,-1.75E-1));
#3615=LINE('',#3614,#3613);
#3616=DIRECTION('',(0.E0,-1.E0,0.E0));
#3617=VECTOR('',#3616,1.85E0);
#3618=CARTESIAN_POINT('',(1.715E0,-1.25E-1,-1.75E-1));
#3619=LINE('',#3618,#3617);
#3620=CARTESIAN_POINT('',(1.715E0,-2.675E0,-1.275E0));
#3621=DIRECTION('',(1.E0,0.E0,0.E0));
#3622=DIRECTION('',(0.E0,-5.641025641026E-1,8.257047275951E-1));
#3623=AXIS2_PLACEMENT_3D('',#3620,#3621,#3622);
#3625=DIRECTION('',(0.E0,0.E0,-1.E0));
#3626=VECTOR('',#3625,2.325E0);
#3627=CARTESIAN_POINT('',(1.715E0,-3.65E0,-1.275E0));
#3628=LINE('',#3627,#3626);
#3629=DIRECTION('',(1.E0,0.E0,0.E0));
#3630=VECTOR('',#3629,3.2E-1);
#3631=CARTESIAN_POINT('',(1.715E0,-1.25E-1,-7.75E-1));
#3632=LINE('',#3631,#3630);
#3633=DIRECTION('',(0.E0,-1.E0,0.E0));
#3634=VECTOR('',#3633,1.85E0);
#3635=CARTESIAN_POINT('',(1.715E0,-1.25E-1,-7.75E-1));
#3636=LINE('',#3635,#3634);
#3637=DIRECTION('',(0.E0,0.E0,1.E0));
#3638=VECTOR('',#3637,6.E-1);
#3639=CARTESIAN_POINT('',(2.035E0,-1.25E-1,-7.75E-1));
#3640=LINE('',#3639,#3638);
#3641=DIRECTION('',(0.E0,-1.E0,0.E0));
#3642=VECTOR('',#3641,1.85E0);
#3643=CARTESIAN_POINT('',(2.035E0,-1.25E-1,-7.75E-1));
#3644=LINE('',#3643,#3642);
#3645=DIRECTION('',(0.E0,0.E0,-1.E0));
#3646=VECTOR('',#3645,2.E0);
#3647=CARTESIAN_POINT('',(2.035E0,-3.3E0,-1.6E0));
#3648=LINE('',#3647,#3646);
#3649=DIRECTION('',(-1.E0,0.E0,0.E0));
#3650=VECTOR('',#3649,3.2E-1);
#3651=CARTESIAN_POINT('',(2.035E0,-1.25E-1,-1.75E-1));
#3652=LINE('',#3651,#3650);
#3653=DIRECTION('',(0.E0,-1.E0,0.E0));
#3654=VECTOR('',#3653,1.85E0);
#3655=CARTESIAN_POINT('',(2.035E0,-1.25E-1,-1.75E-1));
#3656=LINE('',#3655,#3654);
#3657=CARTESIAN_POINT('',(1.975E0,2.75E-1,-2.75E-1));
#3658=CARTESIAN_POINT('',(2.015E0,1.444139194448E-1,-2.083333333333E-1));
#3659=CARTESIAN_POINT('',(2.035E0,1.108058611148E-2,-1.75E-1));
#3660=CARTESIAN_POINT('',(2.035E0,-1.25E-1,-1.75E-1));
#3662=DIRECTION('',(-1.E0,0.E0,0.E0));
#3663=VECTOR('',#3662,2.E-1);
#3664=CARTESIAN_POINT('',(1.975E0,2.75E-1,-2.75E-1));
#3665=LINE('',#3664,#3663);
#3666=DIRECTION('',(0.E0,0.E0,-1.E0));
#3667=VECTOR('',#3666,4.E-1);
#3668=CARTESIAN_POINT('',(1.775E0,2.75E-1,-2.75E-1));
#3669=LINE('',#3668,#3667);
#3670=DIRECTION('',(1.E0,0.E0,0.E0));
#3671=VECTOR('',#3670,2.E-1);
#3672=CARTESIAN_POINT('',(1.775E0,2.75E-1,-6.75E-1));
#3673=LINE('',#3672,#3671);
#3674=DIRECTION('',(0.E0,0.E0,1.E0));
#3675=VECTOR('',#3674,4.E-1);
#3676=CARTESIAN_POINT('',(1.975E0,2.75E-1,-6.75E-1));
#3677=LINE('',#3676,#3675);
#3678=CARTESIAN_POINT('',(1.775E0,2.75E-1,-2.75E-1));
#3679=CARTESIAN_POINT('',(1.735E0,1.444139194448E-1,-2.083333333333E-1));
#3680=CARTESIAN_POINT('',(1.715E0,1.108058611148E-2,-1.75E-1));
#3681=CARTESIAN_POINT('',(1.715E0,-1.25E-1,-1.75E-1));
#3683=CARTESIAN_POINT('',(1.775E0,2.75E-1,-6.75E-1));
#3684=CARTESIAN_POINT('',(1.735E0,1.444139194448E-1,-7.416666666667E-1));
#3685=CARTESIAN_POINT('',(1.715E0,1.108058611148E-2,-7.75E-1));
#3686=CARTESIAN_POINT('',(1.715E0,-1.25E-1,-7.75E-1));
#3688=CARTESIAN_POINT('',(1.975E0,2.75E-1,-6.75E-1));
#3689=CARTESIAN_POINT('',(2.015E0,1.444139194448E-1,-7.416666666667E-1));
#3690=CARTESIAN_POINT('',(2.035E0,1.108058611148E-2,-7.75E-1));
#3691=CARTESIAN_POINT('',(2.035E0,-1.25E-1,-7.75E-1));
#3693=DIRECTION('',(0.E0,0.E0,1.E0));
#3694=VECTOR('',#3693,1.E0);
#3695=CARTESIAN_POINT('',(2.035E0,-3.371666666667E0,-1.6E0));
#3696=LINE('',#3695,#3694);
#3697=DIRECTION('',(2.095290887309E-1,-9.778024140774E-1,0.E0));
#3698=VECTOR('',#3697,3.102194563710E-1);
#3699=CARTESIAN_POINT('',(2.035E0,-3.371666666667E0,-6.E-1));
#3700=LINE('',#3699,#3698);
#3701=DIRECTION('',(5.547001962252E-1,-8.320502943378E-1,0.E0));
#3702=VECTOR('',#3701,1.802775637732E-1);
#3703=CARTESIAN_POINT('',(2.1E0,-3.675E0,-6.E-1));
#3704=LINE('',#3703,#3702);
#3705=DIRECTION('',(0.E0,0.E0,1.E0));
#3706=VECTOR('',#3705,1.E0);
#3707=CARTESIAN_POINT('',(2.1E0,-3.675E0,-1.6E0));
#3708=LINE('',#3707,#3706);
#3709=DIRECTION('',(0.E0,0.E0,-1.E0));
#3710=VECTOR('',#3709,2.E0);
#3711=CARTESIAN_POINT('',(1.715E0,-3.3E0,-1.6E0));
#3712=LINE('',#3711,#3710);
#3713=DIRECTION('',(1.E0,0.E0,0.E0));
#3714=VECTOR('',#3713,3.2E-1);
#3715=CARTESIAN_POINT('',(1.715E0,-3.3E0,-3.6E0));
#3716=LINE('',#3715,#3714);
#3717=CARTESIAN_POINT('',(1.715E0,-3.3E0,-3.6E0));
#3718=CARTESIAN_POINT('',(1.715E0,-3.3E0,-3.800841891430E0));
#3719=CARTESIAN_POINT('',(1.735E0,-3.316666666667E0,-4.000841891430E0));
#3720=CARTESIAN_POINT('',(1.775E0,-3.35E0,-4.2E0));
#3722=DIRECTION('',(0.E0,1.E0,0.E0));
#3723=VECTOR('',#3722,3.5E-1);
#3724=CARTESIAN_POINT('',(1.715E0,-3.65E0,-3.6E0));
#3725=LINE('',#3724,#3723);
#3726=CARTESIAN_POINT('',(1.715E0,-3.65E0,-3.6E0));
#3727=CARTESIAN_POINT('',(1.715E0,-3.65E0,-3.800841891430E0));
#3728=CARTESIAN_POINT('',(1.735E0,-3.633333333333E0,-4.000841891430E0));
#3729=CARTESIAN_POINT('',(1.775E0,-3.6E0,-4.2E0));
#3731=DIRECTION('',(-1.E0,0.E0,0.E0));
#3732=VECTOR('',#3731,3.2E-1);
#3733=CARTESIAN_POINT('',(2.035E0,-3.65E0,-3.6E0));
#3734=LINE('',#3733,#3732);
#3735=CARTESIAN_POINT('',(2.035E0,-3.65E0,-3.6E0));
#3736=CARTESIAN_POINT('',(2.035E0,-3.65E0,-3.800841891430E0));
#3737=CARTESIAN_POINT('',(2.015E0,-3.633333333333E0,-4.000841891430E0));
#3738=CARTESIAN_POINT('',(1.975E0,-3.6E0,-4.2E0));
#3740=DIRECTION('',(-1.E0,0.E0,0.E0));
#3741=VECTOR('',#3740,3.2E-1);
#3742=CARTESIAN_POINT('',(2.035E0,-3.65E0,-1.275E0));
#3743=LINE('',#3742,#3741);
#3744=DIRECTION('',(0.E0,0.E0,-1.E0));
#3745=VECTOR('',#3744,2.325E0);
#3746=CARTESIAN_POINT('',(2.035E0,-3.65E0,-1.275E0));
#3747=LINE('',#3746,#3745);
#3748=CARTESIAN_POINT('',(2.035E0,-2.675E0,-1.275E0));
#3749=DIRECTION('',(1.E0,0.E0,0.E0));
#3750=DIRECTION('',(0.E0,-5.641025641026E-1,8.257047275951E-1));
#3751=AXIS2_PLACEMENT_3D('',#3748,#3749,#3750);
#3753=DIRECTION('',(0.E0,-1.E0,0.E0));
#3754=VECTOR('',#3753,3.5E-1);
#3755=CARTESIAN_POINT('',(2.035E0,-3.3E0,-3.6E0));
#3756=LINE('',#3755,#3754);
#3757=CARTESIAN_POINT('',(2.035E0,-3.3E0,-3.6E0));
#3758=CARTESIAN_POINT('',(2.035E0,-3.3E0,-3.800841891430E0));
#3759=CARTESIAN_POINT('',(2.015E0,-3.316666666667E0,-4.000841891430E0));
#3760=CARTESIAN_POINT('',(1.975E0,-3.35E0,-4.2E0));
#3762=DIRECTION('',(-1.E0,0.E0,0.E0));
#3763=VECTOR('',#3762,2.E-1);
#3764=CARTESIAN_POINT('',(1.975E0,-3.6E0,-4.2E0));
#3765=LINE('',#3764,#3763);
#3766=DIRECTION('',(0.E0,-1.E0,0.E0));
#3767=VECTOR('',#3766,2.5E-1);
#3768=CARTESIAN_POINT('',(1.975E0,-3.35E0,-4.2E0));
#3769=LINE('',#3768,#3767);
#3770=DIRECTION('',(1.E0,0.E0,0.E0));
#3771=VECTOR('',#3770,2.E-1);
#3772=CARTESIAN_POINT('',(1.775E0,-3.35E0,-4.2E0));
#3773=LINE('',#3772,#3771);
#3774=DIRECTION('',(0.E0,1.E0,0.E0));
#3775=VECTOR('',#3774,2.5E-1);
#3776=CARTESIAN_POINT('',(1.775E0,-3.6E0,-4.2E0));
#3777=LINE('',#3776,#3775);
#3778=DIRECTION('',(5.547001962252E-1,8.320502943378E-1,0.E0));
#3779=VECTOR('',#3778,1.802775637732E-1);
#3780=CARTESIAN_POINT('',(2.8E0,-3.825E0,-6.E-1));
#3781=LINE('',#3780,#3779);
#3782=DIRECTION('',(0.E0,0.E0,1.E0));
#3783=VECTOR('',#3782,1.E0);
#3784=CARTESIAN_POINT('',(2.965E0,-3.371666666667E0,-1.6E0));
#3785=LINE('',#3784,#3783);
#3786=DIRECTION('',(0.E0,0.E0,1.E0));
#3787=VECTOR('',#3786,1.E0);
#3788=CARTESIAN_POINT('',(2.9E0,-3.675E0,-1.6E0));
#3789=LINE('',#3788,#3787);
#3790=DIRECTION('',(2.095290887309E-1,9.778024140774E-1,0.E0));
#3791=VECTOR('',#3790,3.102194563710E-1);
#3792=CARTESIAN_POINT('',(2.9E0,-3.675E0,-6.E-1));
#3793=LINE('',#3792,#3791);
#3794=DIRECTION('',(0.E0,0.E0,-1.E0));
#3795=VECTOR('',#3794,6.E-1);
#3796=CARTESIAN_POINT('',(2.965E0,-1.25E-1,-1.75E-1));
#3797=LINE('',#3796,#3795);
#3798=DIRECTION('',(0.E0,-1.E0,0.E0));
#3799=VECTOR('',#3798,1.85E0);
#3800=CARTESIAN_POINT('',(2.965E0,-1.25E-1,-1.75E-1));
#3801=LINE('',#3800,#3799);
#3802=CARTESIAN_POINT('',(2.965E0,-2.675E0,-1.275E0));
#3803=DIRECTION('',(1.E0,0.E0,0.E0));
#3804=DIRECTION('',(0.E0,-5.641025641026E-1,8.257047275951E-1));
#3805=AXIS2_PLACEMENT_3D('',#3802,#3803,#3804);
#3807=DIRECTION('',(0.E0,0.E0,-1.E0));
#3808=VECTOR('',#3807,2.325E0);
#3809=CARTESIAN_POINT('',(2.965E0,-3.65E0,-1.275E0));
#3810=LINE('',#3809,#3808);
#3811=DIRECTION('',(1.E0,0.E0,0.E0));
#3812=VECTOR('',#3811,3.2E-1);
#3813=CARTESIAN_POINT('',(2.965E0,-1.25E-1,-7.75E-1));
#3814=LINE('',#3813,#3812);
#3815=DIRECTION('',(0.E0,-1.E0,0.E0));
#3816=VECTOR('',#3815,1.85E0);
#3817=CARTESIAN_POINT('',(2.965E0,-1.25E-1,-7.75E-1));
#3818=LINE('',#3817,#3816);
#3819=DIRECTION('',(0.E0,0.E0,1.E0));
#3820=VECTOR('',#3819,6.E-1);
#3821=CARTESIAN_POINT('',(3.285E0,-1.25E-1,-7.75E-1));
#3822=LINE('',#3821,#3820);
#3823=DIRECTION('',(0.E0,-1.E0,0.E0));
#3824=VECTOR('',#3823,1.85E0);
#3825=CARTESIAN_POINT('',(3.285E0,-1.25E-1,-7.75E-1));
#3826=LINE('',#3825,#3824);
#3827=DIRECTION('',(0.E0,0.E0,-1.E0));
#3828=VECTOR('',#3827,2.E0);
#3829=CARTESIAN_POINT('',(3.285E0,-3.3E0,-1.6E0));
#3830=LINE('',#3829,#3828);
#3831=DIRECTION('',(-1.E0,0.E0,0.E0));
#3832=VECTOR('',#3831,3.2E-1);
#3833=CARTESIAN_POINT('',(3.285E0,-1.25E-1,-1.75E-1));
#3834=LINE('',#3833,#3832);
#3835=DIRECTION('',(0.E0,-1.E0,0.E0));
#3836=VECTOR('',#3835,1.85E0);
#3837=CARTESIAN_POINT('',(3.285E0,-1.25E-1,-1.75E-1));
#3838=LINE('',#3837,#3836);
#3839=CARTESIAN_POINT('',(3.225E0,2.75E-1,-2.75E-1));
#3840=CARTESIAN_POINT('',(3.265E0,1.444139194448E-1,-2.083333333333E-1));
#3841=CARTESIAN_POINT('',(3.285E0,1.108058611148E-2,-1.75E-1));
#3842=CARTESIAN_POINT('',(3.285E0,-1.25E-1,-1.75E-1));
#3844=DIRECTION('',(-1.E0,0.E0,0.E0));
#3845=VECTOR('',#3844,2.E-1);
#3846=CARTESIAN_POINT('',(3.225E0,2.75E-1,-2.75E-1));
#3847=LINE('',#3846,#3845);
#3848=DIRECTION('',(0.E0,0.E0,-1.E0));
#3849=VECTOR('',#3848,4.E-1);
#3850=CARTESIAN_POINT('',(3.025E0,2.75E-1,-2.75E-1));
#3851=LINE('',#3850,#3849);
#3852=DIRECTION('',(1.E0,0.E0,0.E0));
#3853=VECTOR('',#3852,2.E-1);
#3854=CARTESIAN_POINT('',(3.025E0,2.75E-1,-6.75E-1));
#3855=LINE('',#3854,#3853);
#3856=DIRECTION('',(0.E0,0.E0,1.E0));
#3857=VECTOR('',#3856,4.E-1);
#3858=CARTESIAN_POINT('',(3.225E0,2.75E-1,-6.75E-1));
#3859=LINE('',#3858,#3857);
#3860=CARTESIAN_POINT('',(3.025E0,2.75E-1,-2.75E-1));
#3861=CARTESIAN_POINT('',(2.985E0,1.444139194448E-1,-2.083333333333E-1));
#3862=CARTESIAN_POINT('',(2.965E0,1.108058611148E-2,-1.75E-1));
#3863=CARTESIAN_POINT('',(2.965E0,-1.25E-1,-1.75E-1));
#3865=CARTESIAN_POINT('',(3.025E0,2.75E-1,-6.75E-1));
#3866=CARTESIAN_POINT('',(2.985E0,1.444139194448E-1,-7.416666666667E-1));
#3867=CARTESIAN_POINT('',(2.965E0,1.108058611148E-2,-7.75E-1));
#3868=CARTESIAN_POINT('',(2.965E0,-1.25E-1,-7.75E-1));
#3870=CARTESIAN_POINT('',(3.225E0,2.75E-1,-6.75E-1));
#3871=CARTESIAN_POINT('',(3.265E0,1.444139194448E-1,-7.416666666667E-1));
#3872=CARTESIAN_POINT('',(3.285E0,1.108058611148E-2,-7.75E-1));
#3873=CARTESIAN_POINT('',(3.285E0,-1.25E-1,-7.75E-1));
#3875=DIRECTION('',(0.E0,0.E0,1.E0));
#3876=VECTOR('',#3875,1.E0);
#3877=CARTESIAN_POINT('',(3.285E0,-3.371666666667E0,-1.6E0));
#3878=LINE('',#3877,#3876);
#3879=DIRECTION('',(2.095290887309E-1,-9.778024140774E-1,0.E0));
#3880=VECTOR('',#3879,3.102194563710E-1);
#3881=CARTESIAN_POINT('',(3.285E0,-3.371666666667E0,-6.E-1));
#3882=LINE('',#3881,#3880);
#3883=DIRECTION('',(5.547001962252E-1,-8.320502943378E-1,0.E0));
#3884=VECTOR('',#3883,1.802775637732E-1);
#3885=CARTESIAN_POINT('',(3.35E0,-3.675E0,-6.E-1));
#3886=LINE('',#3885,#3884);
#3887=DIRECTION('',(0.E0,0.E0,1.E0));
#3888=VECTOR('',#3887,1.E0);
#3889=CARTESIAN_POINT('',(3.35E0,-3.675E0,-1.6E0));
#3890=LINE('',#3889,#3888);
#3891=DIRECTION('',(0.E0,0.E0,-1.E0));
#3892=VECTOR('',#3891,2.E0);
#3893=CARTESIAN_POINT('',(2.965E0,-3.3E0,-1.6E0));
#3894=LINE('',#3893,#3892);
#3895=DIRECTION('',(1.E0,0.E0,0.E0));
#3896=VECTOR('',#3895,3.2E-1);
#3897=CARTESIAN_POINT('',(2.965E0,-3.3E0,-3.6E0));
#3898=LINE('',#3897,#3896);
#3899=CARTESIAN_POINT('',(2.965E0,-3.3E0,-3.6E0));
#3900=CARTESIAN_POINT('',(2.965E0,-3.3E0,-3.800841891430E0));
#3901=CARTESIAN_POINT('',(2.985E0,-3.316666666667E0,-4.000841891430E0));
#3902=CARTESIAN_POINT('',(3.025E0,-3.35E0,-4.2E0));
#3904=DIRECTION('',(0.E0,1.E0,0.E0));
#3905=VECTOR('',#3904,3.5E-1);
#3906=CARTESIAN_POINT('',(2.965E0,-3.65E0,-3.6E0));
#3907=LINE('',#3906,#3905);
#3908=CARTESIAN_POINT('',(2.965E0,-3.65E0,-3.6E0));
#3909=CARTESIAN_POINT('',(2.965E0,-3.65E0,-3.800841891430E0));
#3910=CARTESIAN_POINT('',(2.985E0,-3.633333333333E0,-4.000841891430E0));
#3911=CARTESIAN_POINT('',(3.025E0,-3.6E0,-4.2E0));
#3913=DIRECTION('',(-1.E0,0.E0,0.E0));
#3914=VECTOR('',#3913,3.2E-1);
#3915=CARTESIAN_POINT('',(3.285E0,-3.65E0,-3.6E0));
#3916=LINE('',#3915,#3914);
#3917=CARTESIAN_POINT('',(3.285E0,-3.65E0,-3.6E0));
#3918=CARTESIAN_POINT('',(3.285E0,-3.65E0,-3.800841891430E0));
#3919=CARTESIAN_POINT('',(3.265E0,-3.633333333333E0,-4.000841891430E0));
#3920=CARTESIAN_POINT('',(3.225E0,-3.6E0,-4.2E0));
#3922=DIRECTION('',(-1.E0,0.E0,0.E0));
#3923=VECTOR('',#3922,3.2E-1);
#3924=CARTESIAN_POINT('',(3.285E0,-3.65E0,-1.275E0));
#3925=LINE('',#3924,#3923);
#3926=DIRECTION('',(0.E0,0.E0,-1.E0));
#3927=VECTOR('',#3926,2.325E0);
#3928=CARTESIAN_POINT('',(3.285E0,-3.65E0,-1.275E0));
#3929=LINE('',#3928,#3927);
#3930=CARTESIAN_POINT('',(3.285E0,-2.675E0,-1.275E0));
#3931=DIRECTION('',(1.E0,0.E0,0.E0));
#3932=DIRECTION('',(0.E0,-5.641025641026E-1,8.257047275951E-1));
#3933=AXIS2_PLACEMENT_3D('',#3930,#3931,#3932);
#3935=DIRECTION('',(0.E0,-1.E0,0.E0));
#3936=VECTOR('',#3935,3.5E-1);
#3937=CARTESIAN_POINT('',(3.285E0,-3.3E0,-3.6E0));
#3938=LINE('',#3937,#3936);
#3939=CARTESIAN_POINT('',(3.285E0,-3.3E0,-3.6E0));
#3940=CARTESIAN_POINT('',(3.285E0,-3.3E0,-3.800841891430E0));
#3941=CARTESIAN_POINT('',(3.265E0,-3.316666666667E0,-4.000841891430E0));
#3942=CARTESIAN_POINT('',(3.225E0,-3.35E0,-4.2E0));
#3944=DIRECTION('',(-1.E0,0.E0,0.E0));
#3945=VECTOR('',#3944,2.E-1);
#3946=CARTESIAN_POINT('',(3.225E0,-3.6E0,-4.2E0));
#3947=LINE('',#3946,#3945);
#3948=DIRECTION('',(0.E0,-1.E0,0.E0));
#3949=VECTOR('',#3948,2.5E-1);
#3950=CARTESIAN_POINT('',(3.225E0,-3.35E0,-4.2E0));
#3951=LINE('',#3950,#3949);
#3952=DIRECTION('',(1.E0,0.E0,0.E0));
#3953=VECTOR('',#3952,2.E-1);
#3954=CARTESIAN_POINT('',(3.025E0,-3.35E0,-4.2E0));
#3955=LINE('',#3954,#3953);
#3956=DIRECTION('',(0.E0,1.E0,0.E0));
#3957=VECTOR('',#3956,2.5E-1);
#3958=CARTESIAN_POINT('',(3.025E0,-3.6E0,-4.2E0));
#3959=LINE('',#3958,#3957);
#3960=DIRECTION('',(5.547001962252E-1,8.320502943378E-1,0.E0));
#3961=VECTOR('',#3960,1.802775637732E-1);
#3962=CARTESIAN_POINT('',(4.05E0,-3.825E0,-6.E-1));
#3963=LINE('',#3962,#3961);
#3964=DIRECTION('',(0.E0,0.E0,1.E0));
#3965=VECTOR('',#3964,1.E0);
#3966=CARTESIAN_POINT('',(4.215E0,-3.371666666667E0,-1.6E0));
#3967=LINE('',#3966,#3965);
#3968=DIRECTION('',(0.E0,0.E0,1.E0));
#3969=VECTOR('',#3968,1.E0);
#3970=CARTESIAN_POINT('',(4.15E0,-3.675E0,-1.6E0));
#3971=LINE('',#3970,#3969);
#3972=DIRECTION('',(2.095290887309E-1,9.778024140774E-1,0.E0));
#3973=VECTOR('',#3972,3.102194563710E-1);
#3974=CARTESIAN_POINT('',(4.15E0,-3.675E0,-6.E-1));
#3975=LINE('',#3974,#3973);
#3976=DIRECTION('',(0.E0,0.E0,-1.E0));
#3977=VECTOR('',#3976,6.E-1);
#3978=CARTESIAN_POINT('',(4.215E0,-1.25E-1,-1.75E-1));
#3979=LINE('',#3978,#3977);
#3980=DIRECTION('',(0.E0,-1.E0,0.E0));
#3981=VECTOR('',#3980,1.85E0);
#3982=CARTESIAN_POINT('',(4.215E0,-1.25E-1,-1.75E-1));
#3983=LINE('',#3982,#3981);
#3984=CARTESIAN_POINT('',(4.215E0,-2.675E0,-1.275E0));
#3985=DIRECTION('',(1.E0,0.E0,0.E0));
#3986=DIRECTION('',(0.E0,-5.641025641026E-1,8.257047275951E-1));
#3987=AXIS2_PLACEMENT_3D('',#3984,#3985,#3986);
#3989=DIRECTION('',(0.E0,0.E0,-1.E0));
#3990=VECTOR('',#3989,2.325E0);
#3991=CARTESIAN_POINT('',(4.215E0,-3.65E0,-1.275E0));
#3992=LINE('',#3991,#3990);
#3993=DIRECTION('',(1.E0,0.E0,0.E0));
#3994=VECTOR('',#3993,3.2E-1);
#3995=CARTESIAN_POINT('',(4.215E0,-1.25E-1,-7.75E-1));
#3996=LINE('',#3995,#3994);
#3997=DIRECTION('',(0.E0,-1.E0,0.E0));
#3998=VECTOR('',#3997,1.85E0);
#3999=CARTESIAN_POINT('',(4.215E0,-1.25E-1,-7.75E-1));
#4000=LINE('',#3999,#3998);
#4001=DIRECTION('',(0.E0,0.E0,1.E0));
#4002=VECTOR('',#4001,6.E-1);
#4003=CARTESIAN_POINT('',(4.535E0,-1.25E-1,-7.75E-1));
#4004=LINE('',#4003,#4002);
#4005=DIRECTION('',(0.E0,-1.E0,0.E0));
#4006=VECTOR('',#4005,1.85E0);
#4007=CARTESIAN_POINT('',(4.535E0,-1.25E-1,-7.75E-1));
#4008=LINE('',#4007,#4006);
#4009=DIRECTION('',(0.E0,0.E0,-1.E0));
#4010=VECTOR('',#4009,2.E0);
#4011=CARTESIAN_POINT('',(4.535E0,-3.3E0,-1.6E0));
#4012=LINE('',#4011,#4010);
#4013=DIRECTION('',(-1.E0,0.E0,0.E0));
#4014=VECTOR('',#4013,3.2E-1);
#4015=CARTESIAN_POINT('',(4.535E0,-1.25E-1,-1.75E-1));
#4016=LINE('',#4015,#4014);
#4017=DIRECTION('',(0.E0,-1.E0,0.E0));
#4018=VECTOR('',#4017,1.85E0);
#4019=CARTESIAN_POINT('',(4.535E0,-1.25E-1,-1.75E-1));
#4020=LINE('',#4019,#4018);
#4021=CARTESIAN_POINT('',(4.475E0,2.75E-1,-2.75E-1));
#4022=CARTESIAN_POINT('',(4.515E0,1.444139194448E-1,-2.083333333333E-1));
#4023=CARTESIAN_POINT('',(4.535E0,1.108058611148E-2,-1.75E-1));
#4024=CARTESIAN_POINT('',(4.535E0,-1.25E-1,-1.75E-1));
#4026=DIRECTION('',(-1.E0,0.E0,0.E0));
#4027=VECTOR('',#4026,2.E-1);
#4028=CARTESIAN_POINT('',(4.475E0,2.75E-1,-2.75E-1));
#4029=LINE('',#4028,#4027);
#4030=DIRECTION('',(0.E0,0.E0,-1.E0));
#4031=VECTOR('',#4030,4.E-1);
#4032=CARTESIAN_POINT('',(4.275E0,2.75E-1,-2.75E-1));
#4033=LINE('',#4032,#4031);
#4034=DIRECTION('',(1.E0,0.E0,0.E0));
#4035=VECTOR('',#4034,2.E-1);
#4036=CARTESIAN_POINT('',(4.275E0,2.75E-1,-6.75E-1));
#4037=LINE('',#4036,#4035);
#4038=DIRECTION('',(0.E0,0.E0,1.E0));
#4039=VECTOR('',#4038,4.E-1);
#4040=CARTESIAN_POINT('',(4.475E0,2.75E-1,-6.75E-1));
#4041=LINE('',#4040,#4039);
#4042=CARTESIAN_POINT('',(4.275E0,2.75E-1,-2.75E-1));
#4043=CARTESIAN_POINT('',(4.235E0,1.444139194448E-1,-2.083333333333E-1));
#4044=CARTESIAN_POINT('',(4.215E0,1.108058611148E-2,-1.75E-1));
#4045=CARTESIAN_POINT('',(4.215E0,-1.25E-1,-1.75E-1));
#4047=CARTESIAN_POINT('',(4.275E0,2.75E-1,-6.75E-1));
#4048=CARTESIAN_POINT('',(4.235E0,1.444139194448E-1,-7.416666666667E-1));
#4049=CARTESIAN_POINT('',(4.215E0,1.108058611148E-2,-7.75E-1));
#4050=CARTESIAN_POINT('',(4.215E0,-1.25E-1,-7.75E-1));
#4052=CARTESIAN_POINT('',(4.475E0,2.75E-1,-6.75E-1));
#4053=CARTESIAN_POINT('',(4.515E0,1.444139194448E-1,-7.416666666667E-1));
#4054=CARTESIAN_POINT('',(4.535E0,1.108058611148E-2,-7.75E-1));
#4055=CARTESIAN_POINT('',(4.535E0,-1.25E-1,-7.75E-1));
#4057=DIRECTION('',(0.E0,0.E0,1.E0));
#4058=VECTOR('',#4057,1.E0);
#4059=CARTESIAN_POINT('',(4.535E0,-3.371666666667E0,-1.6E0));
#4060=LINE('',#4059,#4058);
#4061=DIRECTION('',(2.095290887309E-1,-9.778024140774E-1,0.E0));
#4062=VECTOR('',#4061,3.102194563710E-1);
#4063=CARTESIAN_POINT('',(4.535E0,-3.371666666667E0,-6.E-1));
#4064=LINE('',#4063,#4062);
#4065=DIRECTION('',(5.547001962252E-1,-8.320502943378E-1,0.E0));
#4066=VECTOR('',#4065,1.802775637732E-1);
#4067=CARTESIAN_POINT('',(4.6E0,-3.675E0,-6.E-1));
#4068=LINE('',#4067,#4066);
#4069=DIRECTION('',(0.E0,0.E0,1.E0));
#4070=VECTOR('',#4069,1.E0);
#4071=CARTESIAN_POINT('',(4.6E0,-3.675E0,-1.6E0));
#4072=LINE('',#4071,#4070);
#4073=DIRECTION('',(0.E0,0.E0,-1.E0));
#4074=VECTOR('',#4073,2.E0);
#4075=CARTESIAN_POINT('',(4.215E0,-3.3E0,-1.6E0));
#4076=LINE('',#4075,#4074);
#4077=DIRECTION('',(1.E0,0.E0,0.E0));
#4078=VECTOR('',#4077,3.2E-1);
#4079=CARTESIAN_POINT('',(4.215E0,-3.3E0,-3.6E0));
#4080=LINE('',#4079,#4078);
#4081=CARTESIAN_POINT('',(4.215E0,-3.3E0,-3.6E0));
#4082=CARTESIAN_POINT('',(4.215E0,-3.3E0,-3.800841891430E0));
#4083=CARTESIAN_POINT('',(4.235E0,-3.316666666667E0,-4.000841891430E0));
#4084=CARTESIAN_POINT('',(4.275E0,-3.35E0,-4.2E0));
#4086=DIRECTION('',(0.E0,1.E0,0.E0));
#4087=VECTOR('',#4086,3.5E-1);
#4088=CARTESIAN_POINT('',(4.215E0,-3.65E0,-3.6E0));
#4089=LINE('',#4088,#4087);
#4090=CARTESIAN_POINT('',(4.215E0,-3.65E0,-3.6E0));
#4091=CARTESIAN_POINT('',(4.215E0,-3.65E0,-3.800841891430E0));
#4092=CARTESIAN_POINT('',(4.235E0,-3.633333333333E0,-4.000841891430E0));
#4093=CARTESIAN_POINT('',(4.275E0,-3.6E0,-4.2E0));
#4095=DIRECTION('',(-1.E0,0.E0,0.E0));
#4096=VECTOR('',#4095,3.2E-1);
#4097=CARTESIAN_POINT('',(4.535E0,-3.65E0,-3.6E0));
#4098=LINE('',#4097,#4096);
#4099=CARTESIAN_POINT('',(4.535E0,-3.65E0,-3.6E0));
#4100=CARTESIAN_POINT('',(4.535E0,-3.65E0,-3.800841891430E0));
#4101=CARTESIAN_POINT('',(4.515E0,-3.633333333333E0,-4.000841891430E0));
#4102=CARTESIAN_POINT('',(4.475E0,-3.6E0,-4.2E0));
#4104=DIRECTION('',(-1.E0,0.E0,0.E0));
#4105=VECTOR('',#4104,3.2E-1);
#4106=CARTESIAN_POINT('',(4.535E0,-3.65E0,-1.275E0));
#4107=LINE('',#4106,#4105);
#4108=DIRECTION('',(0.E0,0.E0,-1.E0));
#4109=VECTOR('',#4108,2.325E0);
#4110=CARTESIAN_POINT('',(4.535E0,-3.65E0,-1.275E0));
#4111=LINE('',#4110,#4109);
#4112=CARTESIAN_POINT('',(4.535E0,-2.675E0,-1.275E0));
#4113=DIRECTION('',(1.E0,0.E0,0.E0));
#4114=DIRECTION('',(0.E0,-5.641025641026E-1,8.257047275951E-1));
#4115=AXIS2_PLACEMENT_3D('',#4112,#4113,#4114);
#4117=DIRECTION('',(0.E0,-1.E0,0.E0));
#4118=VECTOR('',#4117,3.5E-1);
#4119=CARTESIAN_POINT('',(4.535E0,-3.3E0,-3.6E0));
#4120=LINE('',#4119,#4118);
#4121=CARTESIAN_POINT('',(4.535E0,-3.3E0,-3.6E0));
#4122=CARTESIAN_POINT('',(4.535E0,-3.3E0,-3.800841891430E0));
#4123=CARTESIAN_POINT('',(4.515E0,-3.316666666667E0,-4.000841891430E0));
#4124=CARTESIAN_POINT('',(4.475E0,-3.35E0,-4.2E0));
#4126=DIRECTION('',(-1.E0,0.E0,0.E0));
#4127=VECTOR('',#4126,2.E-1);
#4128=CARTESIAN_POINT('',(4.475E0,-3.6E0,-4.2E0));
#4129=LINE('',#4128,#4127);
#4130=DIRECTION('',(0.E0,-1.E0,0.E0));
#4131=VECTOR('',#4130,2.5E-1);
#4132=CARTESIAN_POINT('',(4.475E0,-3.35E0,-4.2E0));
#4133=LINE('',#4132,#4131);
#4134=DIRECTION('',(1.E0,0.E0,0.E0));
#4135=VECTOR('',#4134,2.E-1);
#4136=CARTESIAN_POINT('',(4.275E0,-3.35E0,-4.2E0));
#4137=LINE('',#4136,#4135);
#4138=DIRECTION('',(0.E0,1.E0,0.E0));
#4139=VECTOR('',#4138,2.5E-1);
#4140=CARTESIAN_POINT('',(4.275E0,-3.6E0,-4.2E0));
#4141=LINE('',#4140,#4139);
#4142=DIRECTION('',(5.547001962252E-1,8.320502943379E-1,0.E0));
#4143=VECTOR('',#4142,1.802775637732E-1);
#4144=CARTESIAN_POINT('',(5.3E0,-3.825E0,-6.E-1));
#4145=LINE('',#4144,#4143);
#4146=DIRECTION('',(0.E0,0.E0,1.E0));
#4147=VECTOR('',#4146,1.E0);
#4148=CARTESIAN_POINT('',(5.465E0,-3.371666666667E0,-1.6E0));
#4149=LINE('',#4148,#4147);
#4150=DIRECTION('',(0.E0,0.E0,1.E0));
#4151=VECTOR('',#4150,1.E0);
#4152=CARTESIAN_POINT('',(5.4E0,-3.675E0,-1.6E0));
#4153=LINE('',#4152,#4151);
#4154=DIRECTION('',(2.095290887309E-1,9.778024140774E-1,0.E0));
#4155=VECTOR('',#4154,3.102194563710E-1);
#4156=CARTESIAN_POINT('',(5.4E0,-3.675E0,-6.E-1));
#4157=LINE('',#4156,#4155);
#4158=DIRECTION('',(0.E0,0.E0,-1.E0));
#4159=VECTOR('',#4158,6.E-1);
#4160=CARTESIAN_POINT('',(5.465E0,-1.25E-1,-1.75E-1));
#4161=LINE('',#4160,#4159);
#4162=DIRECTION('',(0.E0,-1.E0,0.E0));
#4163=VECTOR('',#4162,1.85E0);
#4164=CARTESIAN_POINT('',(5.465E0,-1.25E-1,-1.75E-1));
#4165=LINE('',#4164,#4163);
#4166=CARTESIAN_POINT('',(5.465E0,-2.675E0,-1.275E0));
#4167=DIRECTION('',(1.E0,0.E0,0.E0));
#4168=DIRECTION('',(0.E0,-5.641025641026E-1,8.257047275951E-1));
#4169=AXIS2_PLACEMENT_3D('',#4166,#4167,#4168);
#4171=DIRECTION('',(0.E0,0.E0,-1.E0));
#4172=VECTOR('',#4171,2.325E0);
#4173=CARTESIAN_POINT('',(5.465E0,-3.65E0,-1.275E0));
#4174=LINE('',#4173,#4172);
#4175=DIRECTION('',(1.E0,0.E0,0.E0));
#4176=VECTOR('',#4175,3.2E-1);
#4177=CARTESIAN_POINT('',(5.465E0,-1.25E-1,-7.75E-1));
#4178=LINE('',#4177,#4176);
#4179=DIRECTION('',(0.E0,-1.E0,0.E0));
#4180=VECTOR('',#4179,1.85E0);
#4181=CARTESIAN_POINT('',(5.465E0,-1.25E-1,-7.75E-1));
#4182=LINE('',#4181,#4180);
#4183=DIRECTION('',(0.E0,0.E0,1.E0));
#4184=VECTOR('',#4183,6.E-1);
#4185=CARTESIAN_POINT('',(5.785E0,-1.25E-1,-7.75E-1));
#4186=LINE('',#4185,#4184);
#4187=DIRECTION('',(0.E0,-1.E0,0.E0));
#4188=VECTOR('',#4187,1.85E0);
#4189=CARTESIAN_POINT('',(5.785E0,-1.25E-1,-7.75E-1));
#4190=LINE('',#4189,#4188);
#4191=DIRECTION('',(0.E0,0.E0,-1.E0));
#4192=VECTOR('',#4191,2.E0);
#4193=CARTESIAN_POINT('',(5.785E0,-3.3E0,-1.6E0));
#4194=LINE('',#4193,#4192);
#4195=DIRECTION('',(-1.E0,0.E0,0.E0));
#4196=VECTOR('',#4195,3.2E-1);
#4197=CARTESIAN_POINT('',(5.785E0,-1.25E-1,-1.75E-1));
#4198=LINE('',#4197,#4196);
#4199=DIRECTION('',(0.E0,-1.E0,0.E0));
#4200=VECTOR('',#4199,1.85E0);
#4201=CARTESIAN_POINT('',(5.785E0,-1.25E-1,-1.75E-1));
#4202=LINE('',#4201,#4200);
#4203=CARTESIAN_POINT('',(5.725E0,2.75E-1,-2.75E-1));
#4204=CARTESIAN_POINT('',(5.765E0,1.444139194448E-1,-2.083333333333E-1));
#4205=CARTESIAN_POINT('',(5.785E0,1.108058611148E-2,-1.75E-1));
#4206=CARTESIAN_POINT('',(5.785E0,-1.25E-1,-1.75E-1));
#4208=DIRECTION('',(-1.E0,0.E0,0.E0));
#4209=VECTOR('',#4208,2.E-1);
#4210=CARTESIAN_POINT('',(5.725E0,2.75E-1,-2.75E-1));
#4211=LINE('',#4210,#4209);
#4212=DIRECTION('',(0.E0,0.E0,-1.E0));
#4213=VECTOR('',#4212,4.E-1);
#4214=CARTESIAN_POINT('',(5.525E0,2.75E-1,-2.75E-1));
#4215=LINE('',#4214,#4213);
#4216=DIRECTION('',(1.E0,0.E0,0.E0));
#4217=VECTOR('',#4216,2.E-1);
#4218=CARTESIAN_POINT('',(5.525E0,2.75E-1,-6.75E-1));
#4219=LINE('',#4218,#4217);
#4220=DIRECTION('',(0.E0,0.E0,1.E0));
#4221=VECTOR('',#4220,4.E-1);
#4222=CARTESIAN_POINT('',(5.725E0,2.75E-1,-6.75E-1));
#4223=LINE('',#4222,#4221);
#4224=CARTESIAN_POINT('',(5.525E0,2.75E-1,-2.75E-1));
#4225=CARTESIAN_POINT('',(5.485E0,1.444139194448E-1,-2.083333333333E-1));
#4226=CARTESIAN_POINT('',(5.465E0,1.108058611148E-2,-1.75E-1));
#4227=CARTESIAN_POINT('',(5.465E0,-1.25E-1,-1.75E-1));
#4229=CARTESIAN_POINT('',(5.525E0,2.75E-1,-6.75E-1));
#4230=CARTESIAN_POINT('',(5.485E0,1.444139194448E-1,-7.416666666667E-1));
#4231=CARTESIAN_POINT('',(5.465E0,1.108058611148E-2,-7.75E-1));
#4232=CARTESIAN_POINT('',(5.465E0,-1.25E-1,-7.75E-1));
#4234=CARTESIAN_POINT('',(5.725E0,2.75E-1,-6.75E-1));
#4235=CARTESIAN_POINT('',(5.765E0,1.444139194448E-1,-7.416666666667E-1));
#4236=CARTESIAN_POINT('',(5.785E0,1.108058611148E-2,-7.75E-1));
#4237=CARTESIAN_POINT('',(5.785E0,-1.25E-1,-7.75E-1));
#4239=DIRECTION('',(0.E0,0.E0,1.E0));
#4240=VECTOR('',#4239,1.E0);
#4241=CARTESIAN_POINT('',(5.785E0,-3.371666666667E0,-1.6E0));
#4242=LINE('',#4241,#4240);
#4243=DIRECTION('',(2.095290887309E-1,-9.778024140774E-1,0.E0));
#4244=VECTOR('',#4243,3.102194563710E-1);
#4245=CARTESIAN_POINT('',(5.785E0,-3.371666666667E0,-6.E-1));
#4246=LINE('',#4245,#4244);
#4247=DIRECTION('',(5.547001962252E-1,-8.320502943379E-1,0.E0));
#4248=VECTOR('',#4247,1.802775637732E-1);
#4249=CARTESIAN_POINT('',(5.85E0,-3.675E0,-6.E-1));
#4250=LINE('',#4249,#4248);
#4251=DIRECTION('',(0.E0,0.E0,1.E0));
#4252=VECTOR('',#4251,1.E0);
#4253=CARTESIAN_POINT('',(5.85E0,-3.675E0,-1.6E0));
#4254=LINE('',#4253,#4252);
#4255=DIRECTION('',(0.E0,0.E0,-1.E0));
#4256=VECTOR('',#4255,2.E0);
#4257=CARTESIAN_POINT('',(5.465E0,-3.3E0,-1.6E0));
#4258=LINE('',#4257,#4256);
#4259=DIRECTION('',(1.E0,0.E0,0.E0));
#4260=VECTOR('',#4259,3.2E-1);
#4261=CARTESIAN_POINT('',(5.465E0,-3.3E0,-3.6E0));
#4262=LINE('',#4261,#4260);
#4263=CARTESIAN_POINT('',(5.465E0,-3.3E0,-3.6E0));
#4264=CARTESIAN_POINT('',(5.465E0,-3.3E0,-3.800841891430E0));
#4265=CARTESIAN_POINT('',(5.485E0,-3.316666666667E0,-4.000841891430E0));
#4266=CARTESIAN_POINT('',(5.525E0,-3.35E0,-4.2E0));
#4268=DIRECTION('',(0.E0,1.E0,0.E0));
#4269=VECTOR('',#4268,3.5E-1);
#4270=CARTESIAN_POINT('',(5.465E0,-3.65E0,-3.6E0));
#4271=LINE('',#4270,#4269);
#4272=CARTESIAN_POINT('',(5.465E0,-3.65E0,-3.6E0));
#4273=CARTESIAN_POINT('',(5.465E0,-3.65E0,-3.800841891430E0));
#4274=CARTESIAN_POINT('',(5.485E0,-3.633333333333E0,-4.000841891430E0));
#4275=CARTESIAN_POINT('',(5.525E0,-3.6E0,-4.2E0));
#4277=DIRECTION('',(-1.E0,0.E0,0.E0));
#4278=VECTOR('',#4277,3.2E-1);
#4279=CARTESIAN_POINT('',(5.785E0,-3.65E0,-3.6E0));
#4280=LINE('',#4279,#4278);
#4281=CARTESIAN_POINT('',(5.785E0,-3.65E0,-3.6E0));
#4282=CARTESIAN_POINT('',(5.785E0,-3.65E0,-3.800841891430E0));
#4283=CARTESIAN_POINT('',(5.765E0,-3.633333333333E0,-4.000841891430E0));
#4284=CARTESIAN_POINT('',(5.725E0,-3.6E0,-4.2E0));
#4286=DIRECTION('',(-1.E0,0.E0,0.E0));
#4287=VECTOR('',#4286,3.2E-1);
#4288=CARTESIAN_POINT('',(5.785E0,-3.65E0,-1.275E0));
#4289=LINE('',#4288,#4287);
#4290=DIRECTION('',(0.E0,0.E0,-1.E0));
#4291=VECTOR('',#4290,2.325E0);
#4292=CARTESIAN_POINT('',(5.785E0,-3.65E0,-1.275E0));
#4293=LINE('',#4292,#4291);
#4294=CARTESIAN_POINT('',(5.785E0,-2.675E0,-1.275E0));
#4295=DIRECTION('',(1.E0,0.E0,0.E0));
#4296=DIRECTION('',(0.E0,-5.641025641026E-1,8.257047275951E-1));
#4297=AXIS2_PLACEMENT_3D('',#4294,#4295,#4296);
#4299=DIRECTION('',(0.E0,-1.E0,0.E0));
#4300=VECTOR('',#4299,3.5E-1);
#4301=CARTESIAN_POINT('',(5.785E0,-3.3E0,-3.6E0));
#4302=LINE('',#4301,#4300);
#4303=CARTESIAN_POINT('',(5.785E0,-3.3E0,-3.6E0));
#4304=CARTESIAN_POINT('',(5.785E0,-3.3E0,-3.800841891430E0));
#4305=CARTESIAN_POINT('',(5.765E0,-3.316666666667E0,-4.000841891430E0));
#4306=CARTESIAN_POINT('',(5.725E0,-3.35E0,-4.2E0));
#4308=DIRECTION('',(-1.E0,0.E0,0.E0));
#4309=VECTOR('',#4308,2.E-1);
#4310=CARTESIAN_POINT('',(5.725E0,-3.6E0,-4.2E0));
#4311=LINE('',#4310,#4309);
#4312=DIRECTION('',(0.E0,-1.E0,0.E0));
#4313=VECTOR('',#4312,2.5E-1);
#4314=CARTESIAN_POINT('',(5.725E0,-3.35E0,-4.2E0));
#4315=LINE('',#4314,#4313);
#4316=DIRECTION('',(1.E0,0.E0,0.E0));
#4317=VECTOR('',#4316,2.E-1);
#4318=CARTESIAN_POINT('',(5.525E0,-3.35E0,-4.2E0));
#4319=LINE('',#4318,#4317);
#4320=DIRECTION('',(0.E0,1.E0,0.E0));
#4321=VECTOR('',#4320,2.5E-1);
#4322=CARTESIAN_POINT('',(5.525E0,-3.6E0,-4.2E0));
#4323=LINE('',#4322,#4321);
#4324=DIRECTION('',(5.547001962252E-1,8.320502943378E-1,0.E0));
#4325=VECTOR('',#4324,1.802775637732E-1);
#4326=CARTESIAN_POINT('',(6.55E0,-3.825E0,-6.E-1));
#4327=LINE('',#4326,#4325);
#4328=DIRECTION('',(0.E0,0.E0,1.E0));
#4329=VECTOR('',#4328,1.E0);
#4330=CARTESIAN_POINT('',(6.715E0,-3.371666666667E0,-1.6E0));
#4331=LINE('',#4330,#4329);
#4332=DIRECTION('',(0.E0,0.E0,1.E0));
#4333=VECTOR('',#4332,1.E0);
#4334=CARTESIAN_POINT('',(6.65E0,-3.675E0,-1.6E0));
#4335=LINE('',#4334,#4333);
#4336=DIRECTION('',(2.095290887309E-1,9.778024140774E-1,0.E0));
#4337=VECTOR('',#4336,3.102194563710E-1);
#4338=CARTESIAN_POINT('',(6.65E0,-3.675E0,-6.E-1));
#4339=LINE('',#4338,#4337);
#4340=DIRECTION('',(0.E0,0.E0,-1.E0));
#4341=VECTOR('',#4340,2.E0);
#4342=CARTESIAN_POINT('',(6.715E0,-3.3E0,-1.6E0));
#4343=LINE('',#4342,#4341);
#4344=DIRECTION('',(1.E0,0.E0,0.E0));
#4345=VECTOR('',#4344,3.2E-1);
#4346=CARTESIAN_POINT('',(6.715E0,-3.3E0,-3.6E0));
#4347=LINE('',#4346,#4345);
#4348=CARTESIAN_POINT('',(6.715E0,-3.3E0,-3.6E0));
#4349=CARTESIAN_POINT('',(6.715E0,-3.3E0,-3.800841891430E0));
#4350=CARTESIAN_POINT('',(6.735E0,-3.316666666667E0,-4.000841891430E0));
#4351=CARTESIAN_POINT('',(6.775E0,-3.35E0,-4.2E0));
#4353=DIRECTION('',(0.E0,1.E0,0.E0));
#4354=VECTOR('',#4353,3.5E-1);
#4355=CARTESIAN_POINT('',(6.715E0,-3.65E0,-3.6E0));
#4356=LINE('',#4355,#4354);
#4357=CARTESIAN_POINT('',(6.715E0,-3.65E0,-3.6E0));
#4358=CARTESIAN_POINT('',(6.715E0,-3.65E0,-3.800841891430E0));
#4359=CARTESIAN_POINT('',(6.735E0,-3.633333333333E0,-4.000841891430E0));
#4360=CARTESIAN_POINT('',(6.775E0,-3.6E0,-4.2E0));
#4362=DIRECTION('',(-1.E0,0.E0,0.E0));
#4363=VECTOR('',#4362,3.2E-1);
#4364=CARTESIAN_POINT('',(7.035E0,-3.65E0,-3.6E0));
#4365=LINE('',#4364,#4363);
#4366=CARTESIAN_POINT('',(7.035E0,-3.65E0,-3.6E0));
#4367=CARTESIAN_POINT('',(7.035E0,-3.65E0,-3.800841891430E0));
#4368=CARTESIAN_POINT('',(7.015E0,-3.633333333333E0,-4.000841891430E0));
#4369=CARTESIAN_POINT('',(6.975E0,-3.6E0,-4.2E0));
#4371=DIRECTION('',(-1.E0,0.E0,0.E0));
#4372=VECTOR('',#4371,3.2E-1);
#4373=CARTESIAN_POINT('',(7.035E0,-3.65E0,-1.275E0));
#4374=LINE('',#4373,#4372);
#4375=DIRECTION('',(0.E0,0.E0,-1.E0));
#4376=VECTOR('',#4375,2.325E0);
#4377=CARTESIAN_POINT('',(7.035E0,-3.65E0,-1.275E0));
#4378=LINE('',#4377,#4376);
#4379=CARTESIAN_POINT('',(7.035E0,-2.675E0,-1.275E0));
#4380=DIRECTION('',(1.E0,0.E0,0.E0));
#4381=DIRECTION('',(0.E0,-5.641025641026E-1,8.257047275951E-1));
#4382=AXIS2_PLACEMENT_3D('',#4379,#4380,#4381);
#4384=DIRECTION('',(0.E0,-1.E0,0.E0));
#4385=VECTOR('',#4384,3.5E-1);
#4386=CARTESIAN_POINT('',(7.035E0,-3.3E0,-3.6E0));
#4387=LINE('',#4386,#4385);
#4388=CARTESIAN_POINT('',(7.035E0,-3.3E0,-3.6E0));
#4389=CARTESIAN_POINT('',(7.035E0,-3.3E0,-3.800841891430E0));
#4390=CARTESIAN_POINT('',(7.015E0,-3.316666666667E0,-4.000841891430E0));
#4391=CARTESIAN_POINT('',(6.975E0,-3.35E0,-4.2E0));
#4393=DIRECTION('',(-1.E0,0.E0,0.E0));
#4394=VECTOR('',#4393,2.E-1);
#4395=CARTESIAN_POINT('',(6.975E0,-3.6E0,-4.2E0));
#4396=LINE('',#4395,#4394);
#4397=DIRECTION('',(0.E0,-1.E0,0.E0));
#4398=VECTOR('',#4397,2.5E-1);
#4399=CARTESIAN_POINT('',(6.975E0,-3.35E0,-4.2E0));
#4400=LINE('',#4399,#4398);
#4401=DIRECTION('',(1.E0,0.E0,0.E0));
#4402=VECTOR('',#4401,2.E-1);
#4403=CARTESIAN_POINT('',(6.775E0,-3.35E0,-4.2E0));
#4404=LINE('',#4403,#4402);
#4405=DIRECTION('',(0.E0,1.E0,0.E0));
#4406=VECTOR('',#4405,2.5E-1);
#4407=CARTESIAN_POINT('',(6.775E0,-3.6E0,-4.2E0));
#4408=LINE('',#4407,#4406);
#4409=DIRECTION('',(5.547001962252E-1,-8.320502943379E-1,0.E0));
#4410=VECTOR('',#4409,1.802775637732E-1);
#4411=CARTESIAN_POINT('',(7.1E0,-3.675E0,-6.E-1));
#4412=LINE('',#4411,#4410);
#4413=DIRECTION('',(0.E0,0.E0,1.E0));
#4414=VECTOR('',#4413,1.E0);
#4415=CARTESIAN_POINT('',(7.1E0,-3.675E0,-1.6E0));
#4416=LINE('',#4415,#4414);
#4417=CARTESIAN_POINT('',(-8.375E0,-4.525E0,-1.9E0));
#4418=CARTESIAN_POINT('',(-8.375E0,9.75E-1,-1.9E0));
#4419=VERTEX_POINT('',#4417);
#4420=VERTEX_POINT('',#4418);
#4421=CARTESIAN_POINT('',(8.375E0,-4.525E0,-1.9E0));
#4422=CARTESIAN_POINT('',(8.375E0,9.75E-1,-1.9E0));
#4423=VERTEX_POINT('',#4421);
#4424=VERTEX_POINT('',#4422);
#4425=CARTESIAN_POINT('',(-7.775E0,-1.975E0,1.2E0));
#4426=CARTESIAN_POINT('',(7.775E0,-1.975E0,1.2E0));
#4427=VERTEX_POINT('',#4425);
#4428=VERTEX_POINT('',#4426);
#4429=CARTESIAN_POINT('',(7.775E0,-1.975E0,-1.2E0));
#4430=CARTESIAN_POINT('',(-7.775E0,-1.975E0,-1.2E0));
#4431=VERTEX_POINT('',#4429);
#4432=VERTEX_POINT('',#4430);
#4433=CARTESIAN_POINT('',(-7.625E0,9.75E-1,-1.9E0));
#4434=CARTESIAN_POINT('',(-7.625E0,9.75E-1,-1.6E0));
#4435=VERTEX_POINT('',#4433);
#4436=VERTEX_POINT('',#4434);
#4437=CARTESIAN_POINT('',(7.625E0,9.75E-1,-1.6E0));
#4438=VERTEX_POINT('',#4437);
#4439=CARTESIAN_POINT('',(7.625E0,9.75E-1,-1.9E0));
#4440=VERTEX_POINT('',#4439);
#4441=CARTESIAN_POINT('',(-7.625E0,-4.525E0,-1.9E0));
#4442=VERTEX_POINT('',#4441);
#4443=CARTESIAN_POINT('',(7.625E0,-4.525E0,-1.9E0));
#4444=VERTEX_POINT('',#4443);
#4445=CARTESIAN_POINT('',(-7.625E0,-3.825E0,-1.6E0));
#4446=VERTEX_POINT('',#4445);
#4447=CARTESIAN_POINT('',(7.625E0,-3.825E0,-1.6E0));
#4448=VERTEX_POINT('',#4447);
#4449=CARTESIAN_POINT('',(-8.375E0,-2.500000000001E-2,1.6E0));
#4450=CARTESIAN_POINT('',(-8.375E0,-2.500000000001E-2,1.2E0));
#4451=VERTEX_POINT('',#4449);
#4452=VERTEX_POINT('',#4450);
#4453=CARTESIAN_POINT('',(-7.425E0,-2.500000000001E-2,1.6E0));
#4454=VERTEX_POINT('',#4453);
#4455=CARTESIAN_POINT('',(-7.425E0,-6.25E-1,1.6E0));
#4456=VERTEX_POINT('',#4455);
#4457=CARTESIAN_POINT('',(7.425E0,-6.25E-1,1.6E0));
#4458=VERTEX_POINT('',#4457);
#4459=CARTESIAN_POINT('',(7.425E0,-2.500000000001E-2,1.6E0));
#4460=VERTEX_POINT('',#4459);
#4461=CARTESIAN_POINT('',(8.375E0,-2.500000000001E-2,1.6E0));
#4462=VERTEX_POINT('',#4461);
#4463=CARTESIAN_POINT('',(8.375E0,-2.500000000001E-2,1.2E0));
#4464=VERTEX_POINT('',#4463);
#4465=CARTESIAN_POINT('',(-8.375E0,9.75E-1,1.2E0));
#4466=VERTEX_POINT('',#4465);
#4467=CARTESIAN_POINT('',(8.375E0,9.75E-1,1.2E0));
#4468=VERTEX_POINT('',#4467);
#4469=CARTESIAN_POINT('',(-8.075E0,9.75E-1,1.2E0));
#4470=CARTESIAN_POINT('',(-7.775E0,7.75E-1,1.2E0));
#4471=VERTEX_POINT('',#4469);
#4472=VERTEX_POINT('',#4470);
#4473=CARTESIAN_POINT('',(8.075E0,9.75E-1,1.2E0));
#4474=CARTESIAN_POINT('',(7.775E0,7.75E-1,1.2E0));
#4475=VERTEX_POINT('',#4473);
#4476=VERTEX_POINT('',#4474);
#4477=CARTESIAN_POINT('',(-8.075E0,-1.975E0,-4.5E-1));
#4478=CARTESIAN_POINT('',(-8.075E0,-1.975E0,4.E-1));
#4479=VERTEX_POINT('',#4477);
#4480=VERTEX_POINT('',#4478);
#4481=CARTESIAN_POINT('',(8.075E0,-1.975E0,4.E-1));
#4482=CARTESIAN_POINT('',(8.075E0,-1.975E0,-4.5E-1));
#4483=VERTEX_POINT('',#4481);
#4484=VERTEX_POINT('',#4482);
#4485=CARTESIAN_POINT('',(-8.075E0,9.75E-1,-4.5E-1));
#4486=CARTESIAN_POINT('',(-8.075E0,9.75E-1,4.E-1));
#4487=VERTEX_POINT('',#4485);
#4488=VERTEX_POINT('',#4486);
#4489=CARTESIAN_POINT('',(8.075E0,9.75E-1,4.E-1));
#4490=CARTESIAN_POINT('',(8.075E0,9.75E-1,-4.5E-1));
#4491=VERTEX_POINT('',#4489);
#4492=VERTEX_POINT('',#4490);
#4493=CARTESIAN_POINT('',(-7.775E0,-1.975E0,4.E-1));
#4494=CARTESIAN_POINT('',(-7.775E0,7.75E-1,4.E-1));
#4495=VERTEX_POINT('',#4493);
#4496=VERTEX_POINT('',#4494);
#4497=CARTESIAN_POINT('',(-7.775E0,-1.975E0,-4.5E-1));
#4498=CARTESIAN_POINT('',(-7.775E0,7.75E-1,-4.5E-1));
#4499=VERTEX_POINT('',#4497);
#4500=VERTEX_POINT('',#4498);
#4501=CARTESIAN_POINT('',(7.775E0,-1.975E0,-4.5E-1));
#4502=CARTESIAN_POINT('',(7.775E0,7.75E-1,-4.5E-1));
#4503=VERTEX_POINT('',#4501);
#4504=VERTEX_POINT('',#4502);
#4505=CARTESIAN_POINT('',(7.775E0,-1.975E0,4.E-1));
#4506=CARTESIAN_POINT('',(7.775E0,7.75E-1,4.E-1));
#4507=VERTEX_POINT('',#4505);
#4508=VERTEX_POINT('',#4506);
#4509=CARTESIAN_POINT('',(5.7E0,-4.75E-1,-1.2E0));
#4510=CARTESIAN_POINT('',(6.8E0,-4.75E-1,-1.2E0));
#4511=VERTEX_POINT('',#4509);
#4512=VERTEX_POINT('',#4510);
#4513=CARTESIAN_POINT('',(5.7E0,-1.625E0,-1.2E0));
#4514=VERTEX_POINT('',#4513);
#4515=CARTESIAN_POINT('',(6.8E0,-1.625E0,-1.2E0));
#4516=VERTEX_POINT('',#4515);
#4517=CARTESIAN_POINT('',(5.7E0,-4.75E-1,-1.6E0));
#4518=CARTESIAN_POINT('',(6.8E0,-4.75E-1,-1.6E0));
#4519=VERTEX_POINT('',#4517);
#4520=VERTEX_POINT('',#4518);
#4521=CARTESIAN_POINT('',(5.7E0,-1.625E0,-1.6E0));
#4522=CARTESIAN_POINT('',(6.8E0,-1.625E0,-1.6E0));
#4523=VERTEX_POINT('',#4521);
#4524=VERTEX_POINT('',#4522);
#4525=CARTESIAN_POINT('',(-6.8E0,-4.75E-1,-1.2E0));
#4526=CARTESIAN_POINT('',(-5.7E0,-4.75E-1,-1.2E0));
#4527=VERTEX_POINT('',#4525);
#4528=VERTEX_POINT('',#4526);
#4529=CARTESIAN_POINT('',(-6.8E0,-1.625E0,-1.2E0));
#4530=VERTEX_POINT('',#4529);
#4531=CARTESIAN_POINT('',(-5.7E0,-1.625E0,-1.2E0));
#4532=VERTEX_POINT('',#4531);
#4533=CARTESIAN_POINT('',(-6.8E0,-4.75E-1,-1.6E0));
#4534=CARTESIAN_POINT('',(-5.7E0,-4.75E-1,-1.6E0));
#4535=VERTEX_POINT('',#4533);
#4536=VERTEX_POINT('',#4534);
#4537=CARTESIAN_POINT('',(-6.8E0,-1.625E0,-1.6E0));
#4538=CARTESIAN_POINT('',(-5.7E0,-1.625E0,-1.6E0));
#4539=VERTEX_POINT('',#4537);
#4540=VERTEX_POINT('',#4538);
#4541=CARTESIAN_POINT('',(7.1E0,-3.675E0,-1.6E0));
#4542=CARTESIAN_POINT('',(7.2E0,-3.825E0,-1.6E0));
#4543=VERTEX_POINT('',#4541);
#4544=VERTEX_POINT('',#4542);
#4545=CARTESIAN_POINT('',(6.55E0,-3.825E0,-1.6E0));
#4546=CARTESIAN_POINT('',(6.65E0,-3.675E0,-1.6E0));
#4547=VERTEX_POINT('',#4545);
#4548=VERTEX_POINT('',#4546);
#4549=CARTESIAN_POINT('',(5.85E0,-3.675E0,-1.6E0));
#4550=CARTESIAN_POINT('',(5.95E0,-3.825E0,-1.6E0));
#4551=VERTEX_POINT('',#4549);
#4552=VERTEX_POINT('',#4550);
#4553=CARTESIAN_POINT('',(5.3E0,-3.825E0,-1.6E0));
#4554=CARTESIAN_POINT('',(5.4E0,-3.675E0,-1.6E0));
#4555=VERTEX_POINT('',#4553);
#4556=VERTEX_POINT('',#4554);
#4557=CARTESIAN_POINT('',(4.6E0,-3.675E0,-1.6E0));
#4558=CARTESIAN_POINT('',(4.7E0,-3.825E0,-1.6E0));
#4559=VERTEX_POINT('',#4557);
#4560=VERTEX_POINT('',#4558);
#4561=CARTESIAN_POINT('',(4.05E0,-3.825E0,-1.6E0));
#4562=CARTESIAN_POINT('',(4.15E0,-3.675E0,-1.6E0));
#4563=VERTEX_POINT('',#4561);
#4564=VERTEX_POINT('',#4562);
#4565=CARTESIAN_POINT('',(3.35E0,-3.675E0,-1.6E0));
#4566=CARTESIAN_POINT('',(3.45E0,-3.825E0,-1.6E0));
#4567=VERTEX_POINT('',#4565);
#4568=VERTEX_POINT('',#4566);
#4569=CARTESIAN_POINT('',(2.8E0,-3.825E0,-1.6E0));
#4570=CARTESIAN_POINT('',(2.9E0,-3.675E0,-1.6E0));
#4571=VERTEX_POINT('',#4569);
#4572=VERTEX_POINT('',#4570);
#4573=CARTESIAN_POINT('',(2.1E0,-3.675E0,-1.6E0));
#4574=CARTESIAN_POINT('',(2.2E0,-3.825E0,-1.6E0));
#4575=VERTEX_POINT('',#4573);
#4576=VERTEX_POINT('',#4574);
#4577=CARTESIAN_POINT('',(1.55E0,-3.825E0,-1.6E0));
#4578=CARTESIAN_POINT('',(1.65E0,-3.675E0,-1.6E0));
#4579=VERTEX_POINT('',#4577);
#4580=VERTEX_POINT('',#4578);
#4581=CARTESIAN_POINT('',(6.975E0,2.75E-1,-2.75E-1));
#4582=CARTESIAN_POINT('',(6.775E0,2.75E-1,-2.75E-1));
#4583=VERTEX_POINT('',#4581);
#4584=VERTEX_POINT('',#4582);
#4585=CARTESIAN_POINT('',(6.775E0,2.75E-1,-6.75E-1));
#4586=VERTEX_POINT('',#4585);
#4587=CARTESIAN_POINT('',(6.975E0,2.75E-1,-6.75E-1));
#4588=VERTEX_POINT('',#4587);
#4589=CARTESIAN_POINT('',(7.035E0,-1.25E-1,-1.75E-1));
#4590=CARTESIAN_POINT('',(6.715E0,-1.25E-1,-1.75E-1));
#4591=VERTEX_POINT('',#4589);
#4592=VERTEX_POINT('',#4590);
#4593=CARTESIAN_POINT('',(6.715E0,-1.25E-1,-7.75E-1));
#4594=VERTEX_POINT('',#4593);
#4595=CARTESIAN_POINT('',(7.035E0,-1.25E-1,-7.75E-1));
#4596=VERTEX_POINT('',#4595);
#4597=CARTESIAN_POINT('',(7.035E0,-3.65E0,-1.275E0));
#4598=CARTESIAN_POINT('',(6.715E0,-3.65E0,-1.275E0));
#4599=VERTEX_POINT('',#4597);
#4600=VERTEX_POINT('',#4598);
#4601=CARTESIAN_POINT('',(7.035E0,-3.65E0,-3.6E0));
#4602=CARTESIAN_POINT('',(6.715E0,-3.65E0,-3.6E0));
#4603=VERTEX_POINT('',#4601);
#4604=VERTEX_POINT('',#4602);
#4605=CARTESIAN_POINT('',(6.715E0,-3.3E0,-3.6E0));
#4606=VERTEX_POINT('',#4605);
#4607=CARTESIAN_POINT('',(7.035E0,-3.3E0,-3.6E0));
#4608=VERTEX_POINT('',#4607);
#4609=CARTESIAN_POINT('',(6.975E0,-3.6E0,-4.2E0));
#4610=CARTESIAN_POINT('',(6.775E0,-3.6E0,-4.2E0));
#4611=VERTEX_POINT('',#4609);
#4612=VERTEX_POINT('',#4610);
#4613=CARTESIAN_POINT('',(6.775E0,-3.35E0,-4.2E0));
#4614=VERTEX_POINT('',#4613);
#4615=CARTESIAN_POINT('',(6.975E0,-3.35E0,-4.2E0));
#4616=VERTEX_POINT('',#4615);
#4617=CARTESIAN_POINT('',(6.715E0,-1.975E0,-1.75E-1));
#4618=CARTESIAN_POINT('',(7.035E0,-1.975E0,-1.75E-1));
#4619=VERTEX_POINT('',#4617);
#4620=VERTEX_POINT('',#4618);
#4621=CARTESIAN_POINT('',(6.715E0,-1.975E0,-7.75E-1));
#4622=VERTEX_POINT('',#4621);
#4623=CARTESIAN_POINT('',(7.035E0,-1.975E0,-7.75E-1));
#4624=VERTEX_POINT('',#4623);
#4625=CARTESIAN_POINT('',(6.715E0,-3.371666666667E0,-1.6E0));
#4626=CARTESIAN_POINT('',(6.715E0,-3.371666666667E0,-6.E-1));
#4627=VERTEX_POINT('',#4625);
#4628=VERTEX_POINT('',#4626);
#4629=CARTESIAN_POINT('',(7.035E0,-3.371666666667E0,-1.6E0));
#4630=CARTESIAN_POINT('',(7.035E0,-3.371666666667E0,-6.E-1));
#4631=VERTEX_POINT('',#4629);
#4632=VERTEX_POINT('',#4630);
#4633=CARTESIAN_POINT('',(7.035E0,-3.225E0,-4.699378905948E-1));
#4634=VERTEX_POINT('',#4633);
#4635=CARTESIAN_POINT('',(6.715E0,-3.225E0,-4.699378905948E-1));
#4636=VERTEX_POINT('',#4635);
#4637=CARTESIAN_POINT('',(6.715E0,-3.3E0,-1.6E0));
#4638=VERTEX_POINT('',#4637);
#4639=CARTESIAN_POINT('',(7.035E0,-3.3E0,-1.6E0));
#4640=VERTEX_POINT('',#4639);
#4641=CARTESIAN_POINT('',(5.725E0,2.75E-1,-2.75E-1));
#4642=CARTESIAN_POINT('',(5.525E0,2.75E-1,-2.75E-1));
#4643=VERTEX_POINT('',#4641);
#4644=VERTEX_POINT('',#4642);
#4645=CARTESIAN_POINT('',(5.525E0,2.75E-1,-6.75E-1));
#4646=VERTEX_POINT('',#4645);
#4647=CARTESIAN_POINT('',(5.725E0,2.75E-1,-6.75E-1));
#4648=VERTEX_POINT('',#4647);
#4649=CARTESIAN_POINT('',(5.785E0,-1.25E-1,-1.75E-1));
#4650=CARTESIAN_POINT('',(5.465E0,-1.25E-1,-1.75E-1));
#4651=VERTEX_POINT('',#4649);
#4652=VERTEX_POINT('',#4650);
#4653=CARTESIAN_POINT('',(5.465E0,-1.25E-1,-7.75E-1));
#4654=VERTEX_POINT('',#4653);
#4655=CARTESIAN_POINT('',(5.785E0,-1.25E-1,-7.75E-1));
#4656=VERTEX_POINT('',#4655);
#4657=CARTESIAN_POINT('',(5.785E0,-3.65E0,-1.275E0));
#4658=CARTESIAN_POINT('',(5.465E0,-3.65E0,-1.275E0));
#4659=VERTEX_POINT('',#4657);
#4660=VERTEX_POINT('',#4658);
#4661=CARTESIAN_POINT('',(5.785E0,-3.65E0,-3.6E0));
#4662=CARTESIAN_POINT('',(5.465E0,-3.65E0,-3.6E0));
#4663=VERTEX_POINT('',#4661);
#4664=VERTEX_POINT('',#4662);
#4665=CARTESIAN_POINT('',(5.465E0,-3.3E0,-3.6E0));
#4666=VERTEX_POINT('',#4665);
#4667=CARTESIAN_POINT('',(5.785E0,-3.3E0,-3.6E0));
#4668=VERTEX_POINT('',#4667);
#4669=CARTESIAN_POINT('',(5.725E0,-3.6E0,-4.2E0));
#4670=CARTESIAN_POINT('',(5.525E0,-3.6E0,-4.2E0));
#4671=VERTEX_POINT('',#4669);
#4672=VERTEX_POINT('',#4670);
#4673=CARTESIAN_POINT('',(5.525E0,-3.35E0,-4.2E0));
#4674=VERTEX_POINT('',#4673);
#4675=CARTESIAN_POINT('',(5.725E0,-3.35E0,-4.2E0));
#4676=VERTEX_POINT('',#4675);
#4677=CARTESIAN_POINT('',(5.465E0,-1.975E0,-1.75E-1));
#4678=CARTESIAN_POINT('',(5.785E0,-1.975E0,-1.75E-1));
#4679=VERTEX_POINT('',#4677);
#4680=VERTEX_POINT('',#4678);
#4681=CARTESIAN_POINT('',(5.465E0,-1.975E0,-7.75E-1));
#4682=VERTEX_POINT('',#4681);
#4683=CARTESIAN_POINT('',(5.785E0,-1.975E0,-7.75E-1));
#4684=VERTEX_POINT('',#4683);
#4685=CARTESIAN_POINT('',(5.465E0,-3.371666666667E0,-1.6E0));
#4686=CARTESIAN_POINT('',(5.465E0,-3.371666666667E0,-6.E-1));
#4687=VERTEX_POINT('',#4685);
#4688=VERTEX_POINT('',#4686);
#4689=CARTESIAN_POINT('',(5.785E0,-3.371666666667E0,-1.6E0));
#4690=CARTESIAN_POINT('',(5.785E0,-3.371666666667E0,-6.E-1));
#4691=VERTEX_POINT('',#4689);
#4692=VERTEX_POINT('',#4690);
#4693=CARTESIAN_POINT('',(5.785E0,-3.225E0,-4.699378905948E-1));
#4694=VERTEX_POINT('',#4693);
#4695=CARTESIAN_POINT('',(5.465E0,-3.225E0,-4.699378905948E-1));
#4696=VERTEX_POINT('',#4695);
#4697=CARTESIAN_POINT('',(4.475E0,2.75E-1,-2.75E-1));
#4698=CARTESIAN_POINT('',(4.275E0,2.75E-1,-2.75E-1));
#4699=VERTEX_POINT('',#4697);
#4700=VERTEX_POINT('',#4698);
#4701=CARTESIAN_POINT('',(4.275E0,2.75E-1,-6.75E-1));
#4702=VERTEX_POINT('',#4701);
#4703=CARTESIAN_POINT('',(4.475E0,2.75E-1,-6.75E-1));
#4704=VERTEX_POINT('',#4703);
#4705=CARTESIAN_POINT('',(4.535E0,-1.25E-1,-1.75E-1));
#4706=CARTESIAN_POINT('',(4.215E0,-1.25E-1,-1.75E-1));
#4707=VERTEX_POINT('',#4705);
#4708=VERTEX_POINT('',#4706);
#4709=CARTESIAN_POINT('',(4.215E0,-1.25E-1,-7.75E-1));
#4710=VERTEX_POINT('',#4709);
#4711=CARTESIAN_POINT('',(4.535E0,-1.25E-1,-7.75E-1));
#4712=VERTEX_POINT('',#4711);
#4713=CARTESIAN_POINT('',(4.535E0,-3.65E0,-1.275E0));
#4714=CARTESIAN_POINT('',(4.215E0,-3.65E0,-1.275E0));
#4715=VERTEX_POINT('',#4713);
#4716=VERTEX_POINT('',#4714);
#4717=CARTESIAN_POINT('',(4.535E0,-3.65E0,-3.6E0));
#4718=CARTESIAN_POINT('',(4.215E0,-3.65E0,-3.6E0));
#4719=VERTEX_POINT('',#4717);
#4720=VERTEX_POINT('',#4718);
#4721=CARTESIAN_POINT('',(4.215E0,-3.3E0,-3.6E0));
#4722=VERTEX_POINT('',#4721);
#4723=CARTESIAN_POINT('',(4.535E0,-3.3E0,-3.6E0));
#4724=VERTEX_POINT('',#4723);
#4725=CARTESIAN_POINT('',(4.475E0,-3.6E0,-4.2E0));
#4726=CARTESIAN_POINT('',(4.275E0,-3.6E0,-4.2E0));
#4727=VERTEX_POINT('',#4725);
#4728=VERTEX_POINT('',#4726);
#4729=CARTESIAN_POINT('',(4.275E0,-3.35E0,-4.2E0));
#4730=VERTEX_POINT('',#4729);
#4731=CARTESIAN_POINT('',(4.475E0,-3.35E0,-4.2E0));
#4732=VERTEX_POINT('',#4731);
#4733=CARTESIAN_POINT('',(4.215E0,-1.975E0,-1.75E-1));
#4734=CARTESIAN_POINT('',(4.535E0,-1.975E0,-1.75E-1));
#4735=VERTEX_POINT('',#4733);
#4736=VERTEX_POINT('',#4734);
#4737=CARTESIAN_POINT('',(4.215E0,-1.975E0,-7.75E-1));
#4738=VERTEX_POINT('',#4737);
#4739=CARTESIAN_POINT('',(4.535E0,-1.975E0,-7.75E-1));
#4740=VERTEX_POINT('',#4739);
#4741=CARTESIAN_POINT('',(4.215E0,-3.371666666667E0,-1.6E0));
#4742=CARTESIAN_POINT('',(4.215E0,-3.371666666667E0,-6.E-1));
#4743=VERTEX_POINT('',#4741);
#4744=VERTEX_POINT('',#4742);
#4745=CARTESIAN_POINT('',(4.535E0,-3.371666666667E0,-1.6E0));
#4746=CARTESIAN_POINT('',(4.535E0,-3.371666666667E0,-6.E-1));
#4747=VERTEX_POINT('',#4745);
#4748=VERTEX_POINT('',#4746);
#4749=CARTESIAN_POINT('',(4.535E0,-3.225E0,-4.699378905948E-1));
#4750=VERTEX_POINT('',#4749);
#4751=CARTESIAN_POINT('',(4.215E0,-3.225E0,-4.699378905948E-1));
#4752=VERTEX_POINT('',#4751);
#4753=CARTESIAN_POINT('',(3.225E0,2.75E-1,-2.75E-1));
#4754=CARTESIAN_POINT('',(3.025E0,2.75E-1,-2.75E-1));
#4755=VERTEX_POINT('',#4753);
#4756=VERTEX_POINT('',#4754);
#4757=CARTESIAN_POINT('',(3.025E0,2.75E-1,-6.75E-1));
#4758=VERTEX_POINT('',#4757);
#4759=CARTESIAN_POINT('',(3.225E0,2.75E-1,-6.75E-1));
#4760=VERTEX_POINT('',#4759);
#4761=CARTESIAN_POINT('',(3.285E0,-1.25E-1,-1.75E-1));
#4762=CARTESIAN_POINT('',(2.965E0,-1.25E-1,-1.75E-1));
#4763=VERTEX_POINT('',#4761);
#4764=VERTEX_POINT('',#4762);
#4765=CARTESIAN_POINT('',(2.965E0,-1.25E-1,-7.75E-1));
#4766=VERTEX_POINT('',#4765);
#4767=CARTESIAN_POINT('',(3.285E0,-1.25E-1,-7.75E-1));
#4768=VERTEX_POINT('',#4767);
#4769=CARTESIAN_POINT('',(3.285E0,-3.65E0,-1.275E0));
#4770=CARTESIAN_POINT('',(2.965E0,-3.65E0,-1.275E0));
#4771=VERTEX_POINT('',#4769);
#4772=VERTEX_POINT('',#4770);
#4773=CARTESIAN_POINT('',(3.285E0,-3.65E0,-3.6E0));
#4774=CARTESIAN_POINT('',(2.965E0,-3.65E0,-3.6E0));
#4775=VERTEX_POINT('',#4773);
#4776=VERTEX_POINT('',#4774);
#4777=CARTESIAN_POINT('',(2.965E0,-3.3E0,-3.6E0));
#4778=VERTEX_POINT('',#4777);
#4779=CARTESIAN_POINT('',(3.285E0,-3.3E0,-3.6E0));
#4780=VERTEX_POINT('',#4779);
#4781=CARTESIAN_POINT('',(3.225E0,-3.6E0,-4.2E0));
#4782=CARTESIAN_POINT('',(3.025E0,-3.6E0,-4.2E0));
#4783=VERTEX_POINT('',#4781);
#4784=VERTEX_POINT('',#4782);
#4785=CARTESIAN_POINT('',(3.025E0,-3.35E0,-4.2E0));
#4786=VERTEX_POINT('',#4785);
#4787=CARTESIAN_POINT('',(3.225E0,-3.35E0,-4.2E0));
#4788=VERTEX_POINT('',#4787);
#4789=CARTESIAN_POINT('',(2.965E0,-1.975E0,-1.75E-1));
#4790=CARTESIAN_POINT('',(3.285E0,-1.975E0,-1.75E-1));
#4791=VERTEX_POINT('',#4789);
#4792=VERTEX_POINT('',#4790);
#4793=CARTESIAN_POINT('',(2.965E0,-1.975E0,-7.75E-1));
#4794=VERTEX_POINT('',#4793);
#4795=CARTESIAN_POINT('',(3.285E0,-1.975E0,-7.75E-1));
#4796=VERTEX_POINT('',#4795);
#4797=CARTESIAN_POINT('',(2.965E0,-3.371666666667E0,-1.6E0));
#4798=CARTESIAN_POINT('',(2.965E0,-3.371666666667E0,-6.E-1));
#4799=VERTEX_POINT('',#4797);
#4800=VERTEX_POINT('',#4798);
#4801=CARTESIAN_POINT('',(3.285E0,-3.371666666667E0,-1.6E0));
#4802=CARTESIAN_POINT('',(3.285E0,-3.371666666667E0,-6.E-1));
#4803=VERTEX_POINT('',#4801);
#4804=VERTEX_POINT('',#4802);
#4805=CARTESIAN_POINT('',(3.285E0,-3.225E0,-4.699378905948E-1));
#4806=VERTEX_POINT('',#4805);
#4807=CARTESIAN_POINT('',(2.965E0,-3.225E0,-4.699378905948E-1));
#4808=VERTEX_POINT('',#4807);
#4809=CARTESIAN_POINT('',(1.975E0,2.75E-1,-2.75E-1));
#4810=CARTESIAN_POINT('',(1.775E0,2.75E-1,-2.75E-1));
#4811=VERTEX_POINT('',#4809);
#4812=VERTEX_POINT('',#4810);
#4813=CARTESIAN_POINT('',(1.775E0,2.75E-1,-6.75E-1));
#4814=VERTEX_POINT('',#4813);
#4815=CARTESIAN_POINT('',(1.975E0,2.75E-1,-6.75E-1));
#4816=VERTEX_POINT('',#4815);
#4817=CARTESIAN_POINT('',(2.035E0,-1.25E-1,-1.75E-1));
#4818=CARTESIAN_POINT('',(1.715E0,-1.25E-1,-1.75E-1));
#4819=VERTEX_POINT('',#4817);
#4820=VERTEX_POINT('',#4818);
#4821=CARTESIAN_POINT('',(1.715E0,-1.25E-1,-7.75E-1));
#4822=VERTEX_POINT('',#4821);
#4823=CARTESIAN_POINT('',(2.035E0,-1.25E-1,-7.75E-1));
#4824=VERTEX_POINT('',#4823);
#4825=CARTESIAN_POINT('',(2.035E0,-3.65E0,-1.275E0));
#4826=CARTESIAN_POINT('',(1.715E0,-3.65E0,-1.275E0));
#4827=VERTEX_POINT('',#4825);
#4828=VERTEX_POINT('',#4826);
#4829=CARTESIAN_POINT('',(2.035E0,-3.65E0,-3.6E0));
#4830=CARTESIAN_POINT('',(1.715E0,-3.65E0,-3.6E0));
#4831=VERTEX_POINT('',#4829);
#4832=VERTEX_POINT('',#4830);
#4833=CARTESIAN_POINT('',(1.715E0,-3.3E0,-3.6E0));
#4834=VERTEX_POINT('',#4833);
#4835=CARTESIAN_POINT('',(2.035E0,-3.3E0,-3.6E0));
#4836=VERTEX_POINT('',#4835);
#4837=CARTESIAN_POINT('',(1.975E0,-3.6E0,-4.2E0));
#4838=CARTESIAN_POINT('',(1.775E0,-3.6E0,-4.2E0));
#4839=VERTEX_POINT('',#4837);
#4840=VERTEX_POINT('',#4838);
#4841=CARTESIAN_POINT('',(1.775E0,-3.35E0,-4.2E0));
#4842=VERTEX_POINT('',#4841);
#4843=CARTESIAN_POINT('',(1.975E0,-3.35E0,-4.2E0));
#4844=VERTEX_POINT('',#4843);
#4845=CARTESIAN_POINT('',(1.715E0,-1.975E0,-1.75E-1));
#4846=CARTESIAN_POINT('',(2.035E0,-1.975E0,-1.75E-1));
#4847=VERTEX_POINT('',#4845);
#4848=VERTEX_POINT('',#4846);
#4849=CARTESIAN_POINT('',(1.715E0,-1.975E0,-7.75E-1));
#4850=VERTEX_POINT('',#4849);
#4851=CARTESIAN_POINT('',(2.035E0,-1.975E0,-7.75E-1));
#4852=VERTEX_POINT('',#4851);
#4853=CARTESIAN_POINT('',(1.715E0,-3.371666666667E0,-1.6E0));
#4854=CARTESIAN_POINT('',(1.715E0,-3.371666666667E0,-6.E-1));
#4855=VERTEX_POINT('',#4853);
#4856=VERTEX_POINT('',#4854);
#4857=CARTESIAN_POINT('',(2.035E0,-3.371666666667E0,-1.6E0));
#4858=CARTESIAN_POINT('',(2.035E0,-3.371666666667E0,-6.E-1));
#4859=VERTEX_POINT('',#4857);
#4860=VERTEX_POINT('',#4858);
#4861=CARTESIAN_POINT('',(2.035E0,-3.225E0,-4.699378905948E-1));
#4862=VERTEX_POINT('',#4861);
#4863=CARTESIAN_POINT('',(1.715E0,-3.225E0,-4.699378905948E-1));
#4864=VERTEX_POINT('',#4863);
#4865=CARTESIAN_POINT('',(-7.625E0,-3.825E0,-6.E-1));
#4866=CARTESIAN_POINT('',(-7.2E0,-3.825E0,-6.E-1));
#4867=VERTEX_POINT('',#4865);
#4868=VERTEX_POINT('',#4866);
#4869=CARTESIAN_POINT('',(-6.55E0,-3.825E0,-6.E-1));
#4870=CARTESIAN_POINT('',(-5.95E0,-3.825E0,-6.E-1));
#4871=VERTEX_POINT('',#4869);
#4872=VERTEX_POINT('',#4870);
#4873=CARTESIAN_POINT('',(-5.3E0,-3.825E0,-6.E-1));
#4874=CARTESIAN_POINT('',(-4.7E0,-3.825E0,-6.E-1));
#4875=VERTEX_POINT('',#4873);
#4876=VERTEX_POINT('',#4874);
#4877=CARTESIAN_POINT('',(-4.05E0,-3.825E0,-6.E-1));
#4878=CARTESIAN_POINT('',(-3.45E0,-3.825E0,-6.E-1));
#4879=VERTEX_POINT('',#4877);
#4880=VERTEX_POINT('',#4878);
#4881=CARTESIAN_POINT('',(-2.8E0,-3.825E0,-6.E-1));
#4882=CARTESIAN_POINT('',(-2.2E0,-3.825E0,-6.E-1));
#4883=VERTEX_POINT('',#4881);
#4884=VERTEX_POINT('',#4882);
#4885=CARTESIAN_POINT('',(-1.55E0,-3.825E0,-6.E-1));
#4886=CARTESIAN_POINT('',(-9.5E-1,-3.825E0,-6.E-1));
#4887=VERTEX_POINT('',#4885);
#4888=VERTEX_POINT('',#4886);
#4889=CARTESIAN_POINT('',(7.1E0,-3.675E0,-6.E-1));
#4890=CARTESIAN_POINT('',(7.2E0,-3.825E0,-6.E-1));
#4891=VERTEX_POINT('',#4889);
#4892=VERTEX_POINT('',#4890);
#4893=CARTESIAN_POINT('',(6.55E0,-3.825E0,-6.E-1));
#4894=CARTESIAN_POINT('',(6.65E0,-3.675E0,-6.E-1));
#4895=VERTEX_POINT('',#4893);
#4896=VERTEX_POINT('',#4894);
#4897=CARTESIAN_POINT('',(5.85E0,-3.675E0,-6.E-1));
#4898=CARTESIAN_POINT('',(5.95E0,-3.825E0,-6.E-1));
#4899=VERTEX_POINT('',#4897);
#4900=VERTEX_POINT('',#4898);
#4901=CARTESIAN_POINT('',(5.3E0,-3.825E0,-6.E-1));
#4902=CARTESIAN_POINT('',(5.4E0,-3.675E0,-6.E-1));
#4903=VERTEX_POINT('',#4901);
#4904=VERTEX_POINT('',#4902);
#4905=CARTESIAN_POINT('',(4.6E0,-3.675E0,-6.E-1));
#4906=CARTESIAN_POINT('',(4.7E0,-3.825E0,-6.E-1));
#4907=VERTEX_POINT('',#4905);
#4908=VERTEX_POINT('',#4906);
#4909=CARTESIAN_POINT('',(4.05E0,-3.825E0,-6.E-1));
#4910=CARTESIAN_POINT('',(4.15E0,-3.675E0,-6.E-1));
#4911=VERTEX_POINT('',#4909);
#4912=VERTEX_POINT('',#4910);
#4913=CARTESIAN_POINT('',(3.35E0,-3.675E0,-6.E-1));
#4914=CARTESIAN_POINT('',(3.45E0,-3.825E0,-6.E-1));
#4915=VERTEX_POINT('',#4913);
#4916=VERTEX_POINT('',#4914);
#4917=CARTESIAN_POINT('',(2.8E0,-3.825E0,-6.E-1));
#4918=CARTESIAN_POINT('',(2.9E0,-3.675E0,-6.E-1));
#4919=VERTEX_POINT('',#4917);
#4920=VERTEX_POINT('',#4918);
#4921=CARTESIAN_POINT('',(2.1E0,-3.675E0,-6.E-1));
#4922=CARTESIAN_POINT('',(2.2E0,-3.825E0,-6.E-1));
#4923=VERTEX_POINT('',#4921);
#4924=VERTEX_POINT('',#4922);
#4925=CARTESIAN_POINT('',(1.55E0,-3.825E0,-6.E-1));
#4926=CARTESIAN_POINT('',(1.65E0,-3.675E0,-6.E-1));
#4927=VERTEX_POINT('',#4925);
#4928=VERTEX_POINT('',#4926);
#4929=CARTESIAN_POINT('',(7.625E0,-3.825E0,-6.E-1));
#4930=VERTEX_POINT('',#4929);
#4931=CARTESIAN_POINT('',(7.625E0,-3.225E0,-6.E-1));
#4932=VERTEX_POINT('',#4931);
#4933=CARTESIAN_POINT('',(-7.625E0,-3.225E0,-6.E-1));
#4934=VERTEX_POINT('',#4933);
#4935=CARTESIAN_POINT('',(-8.375E0,-4.525E0,1.E-1));
#4936=CARTESIAN_POINT('',(-7.625E0,-4.525E0,1.E-1));
#4937=VERTEX_POINT('',#4935);
#4938=VERTEX_POINT('',#4936);
#4939=CARTESIAN_POINT('',(7.625E0,-4.525E0,1.E-1));
#4940=CARTESIAN_POINT('',(8.375E0,-4.525E0,1.E-1));
#4941=VERTEX_POINT('',#4939);
#4942=VERTEX_POINT('',#4940);
#4943=CARTESIAN_POINT('',(-8.375E0,-3.225E0,6.E-1));
#4944=VERTEX_POINT('',#4943);
#4945=CARTESIAN_POINT('',(8.375E0,-3.225E0,6.E-1));
#4946=VERTEX_POINT('',#4945);
#4947=CARTESIAN_POINT('',(-7.625E0,-3.225E0,6.E-1));
#4948=VERTEX_POINT('',#4947);
#4949=CARTESIAN_POINT('',(7.625E0,-3.225E0,6.E-1));
#4950=VERTEX_POINT('',#4949);
#4951=CARTESIAN_POINT('',(6.715E0,-3.225E0,-6.E-1));
#4952=VERTEX_POINT('',#4951);
#4953=CARTESIAN_POINT('',(7.035E0,-3.225E0,-6.E-1));
#4954=VERTEX_POINT('',#4953);
#4955=CARTESIAN_POINT('',(5.465E0,-3.225E0,-6.E-1));
#4956=VERTEX_POINT('',#4955);
#4957=CARTESIAN_POINT('',(5.785E0,-3.225E0,-6.E-1));
#4958=VERTEX_POINT('',#4957);
#4959=CARTESIAN_POINT('',(4.215E0,-3.225E0,-6.E-1));
#4960=VERTEX_POINT('',#4959);
#4961=CARTESIAN_POINT('',(4.535E0,-3.225E0,-6.E-1));
#4962=VERTEX_POINT('',#4961);
#4963=CARTESIAN_POINT('',(2.965E0,-3.225E0,-6.E-1));
#4964=VERTEX_POINT('',#4963);
#4965=CARTESIAN_POINT('',(3.285E0,-3.225E0,-6.E-1));
#4966=VERTEX_POINT('',#4965);
#4967=CARTESIAN_POINT('',(1.715E0,-3.225E0,-6.E-1));
#4968=VERTEX_POINT('',#4967);
#4969=CARTESIAN_POINT('',(2.035E0,-3.225E0,-6.E-1));
#4970=VERTEX_POINT('',#4969);
#4971=CARTESIAN_POINT('',(7.175E0,-2.925E0,1.E0));
#4972=CARTESIAN_POINT('',(6.575E0,-2.925E0,1.E0));
#4973=VERTEX_POINT('',#4971);
#4974=VERTEX_POINT('',#4972);
#4975=CARTESIAN_POINT('',(7.175E0,-3.225E0,1.6E0));
#4976=CARTESIAN_POINT('',(7.175E0,-2.925E0,1.6E0));
#4977=VERTEX_POINT('',#4975);
#4978=VERTEX_POINT('',#4976);
#4979=CARTESIAN_POINT('',(6.575E0,-2.925E0,1.6E0));
#4980=VERTEX_POINT('',#4979);
#4981=CARTESIAN_POINT('',(6.575E0,-3.225E0,1.6E0));
#4982=VERTEX_POINT('',#4981);
#4983=CARTESIAN_POINT('',(7.175E0,-3.225E0,1.E0));
#4984=VERTEX_POINT('',#4983);
#4985=CARTESIAN_POINT('',(6.575E0,-3.225E0,1.E0));
#4986=VERTEX_POINT('',#4985);
#4987=CARTESIAN_POINT('',(5.925E0,-2.925E0,1.E0));
#4988=CARTESIAN_POINT('',(5.325E0,-2.925E0,1.E0));
#4989=VERTEX_POINT('',#4987);
#4990=VERTEX_POINT('',#4988);
#4991=CARTESIAN_POINT('',(5.925E0,-3.225E0,1.6E0));
#4992=CARTESIAN_POINT('',(5.925E0,-2.925E0,1.6E0));
#4993=VERTEX_POINT('',#4991);
#4994=VERTEX_POINT('',#4992);
#4995=CARTESIAN_POINT('',(5.325E0,-2.925E0,1.6E0));
#4996=VERTEX_POINT('',#4995);
#4997=CARTESIAN_POINT('',(5.325E0,-3.225E0,1.6E0));
#4998=VERTEX_POINT('',#4997);
#4999=CARTESIAN_POINT('',(5.925E0,-3.225E0,1.E0));
#5000=VERTEX_POINT('',#4999);
#5001=CARTESIAN_POINT('',(5.325E0,-3.225E0,1.E0));
#5002=VERTEX_POINT('',#5001);
#5003=CARTESIAN_POINT('',(4.675E0,-2.925E0,1.E0));
#5004=CARTESIAN_POINT('',(4.075E0,-2.925E0,1.E0));
#5005=VERTEX_POINT('',#5003);
#5006=VERTEX_POINT('',#5004);
#5007=CARTESIAN_POINT('',(4.675E0,-3.225E0,1.6E0));
#5008=CARTESIAN_POINT('',(4.675E0,-2.925E0,1.6E0));
#5009=VERTEX_POINT('',#5007);
#5010=VERTEX_POINT('',#5008);
#5011=CARTESIAN_POINT('',(4.075E0,-2.925E0,1.6E0));
#5012=VERTEX_POINT('',#5011);
#5013=CARTESIAN_POINT('',(4.075E0,-3.225E0,1.6E0));
#5014=VERTEX_POINT('',#5013);
#5015=CARTESIAN_POINT('',(4.675E0,-3.225E0,1.E0));
#5016=VERTEX_POINT('',#5015);
#5017=CARTESIAN_POINT('',(4.075E0,-3.225E0,1.E0));
#5018=VERTEX_POINT('',#5017);
#5019=CARTESIAN_POINT('',(3.425E0,-2.925E0,1.E0));
#5020=CARTESIAN_POINT('',(2.825E0,-2.925E0,1.E0));
#5021=VERTEX_POINT('',#5019);
#5022=VERTEX_POINT('',#5020);
#5023=CARTESIAN_POINT('',(3.425E0,-3.225E0,1.6E0));
#5024=CARTESIAN_POINT('',(3.425E0,-2.925E0,1.6E0));
#5025=VERTEX_POINT('',#5023);
#5026=VERTEX_POINT('',#5024);
#5027=CARTESIAN_POINT('',(2.825E0,-2.925E0,1.6E0));
#5028=VERTEX_POINT('',#5027);
#5029=CARTESIAN_POINT('',(2.825E0,-3.225E0,1.6E0));
#5030=VERTEX_POINT('',#5029);
#5031=CARTESIAN_POINT('',(3.425E0,-3.225E0,1.E0));
#5032=VERTEX_POINT('',#5031);
#5033=CARTESIAN_POINT('',(2.825E0,-3.225E0,1.E0));
#5034=VERTEX_POINT('',#5033);
#5035=CARTESIAN_POINT('',(2.175E0,-2.925E0,1.E0));
#5036=CARTESIAN_POINT('',(1.575E0,-2.925E0,1.E0));
#5037=VERTEX_POINT('',#5035);
#5038=VERTEX_POINT('',#5036);
#5039=CARTESIAN_POINT('',(2.175E0,-3.225E0,1.6E0));
#5040=CARTESIAN_POINT('',(2.175E0,-2.925E0,1.6E0));
#5041=VERTEX_POINT('',#5039);
#5042=VERTEX_POINT('',#5040);
#5043=CARTESIAN_POINT('',(1.575E0,-2.925E0,1.6E0));
#5044=VERTEX_POINT('',#5043);
#5045=CARTESIAN_POINT('',(1.575E0,-3.225E0,1.6E0));
#5046=VERTEX_POINT('',#5045);
#5047=CARTESIAN_POINT('',(2.175E0,-3.225E0,1.E0));
#5048=VERTEX_POINT('',#5047);
#5049=CARTESIAN_POINT('',(1.575E0,-3.225E0,1.E0));
#5050=VERTEX_POINT('',#5049);
#5051=CARTESIAN_POINT('',(-8.375E0,-3.225E0,1.E0));
#5052=CARTESIAN_POINT('',(-8.375E0,-2.975E0,1.E0));
#5053=VERTEX_POINT('',#5051);
#5054=VERTEX_POINT('',#5052);
#5055=CARTESIAN_POINT('',(8.375E0,-2.975E0,1.6E0));
#5056=CARTESIAN_POINT('',(7.875E0,-2.975E0,1.6E0));
#5057=VERTEX_POINT('',#5055);
#5058=VERTEX_POINT('',#5056);
#5059=CARTESIAN_POINT('',(7.875E0,-3.225E0,1.6E0));
#5060=VERTEX_POINT('',#5059);
#5061=CARTESIAN_POINT('',(8.375E0,-3.225E0,1.E0));
#5062=CARTESIAN_POINT('',(8.375E0,-2.975E0,1.E0));
#5063=VERTEX_POINT('',#5061);
#5064=VERTEX_POINT('',#5062);
#5065=CARTESIAN_POINT('',(-8.375E0,-2.975E0,1.6E0));
#5066=VERTEX_POINT('',#5065);
#5067=CARTESIAN_POINT('',(7.875E0,-2.975E0,1.E0));
#5068=VERTEX_POINT('',#5067);
#5069=CARTESIAN_POINT('',(7.875E0,-3.225E0,1.E0));
#5070=VERTEX_POINT('',#5069);
#5071=CARTESIAN_POINT('',(-3.E-1,-3.825E0,-6.E-1));
#5072=CARTESIAN_POINT('',(3.E-1,-3.825E0,-6.E-1));
#5073=VERTEX_POINT('',#5071);
#5074=VERTEX_POINT('',#5072);
#5075=CARTESIAN_POINT('',(9.5E-1,-3.825E0,-6.E-1));
#5076=VERTEX_POINT('',#5075);
#5077=CARTESIAN_POINT('',(7.25E-1,2.75E-1,-2.75E-1));
#5078=CARTESIAN_POINT('',(5.25E-1,2.75E-1,-2.75E-1));
#5079=VERTEX_POINT('',#5077);
#5080=VERTEX_POINT('',#5078);
#5081=CARTESIAN_POINT('',(5.25E-1,2.75E-1,-6.75E-1));
#5082=VERTEX_POINT('',#5081);
#5083=CARTESIAN_POINT('',(7.25E-1,2.75E-1,-6.75E-1));
#5084=VERTEX_POINT('',#5083);
#5085=CARTESIAN_POINT('',(7.85E-1,-1.25E-1,-1.75E-1));
#5086=CARTESIAN_POINT('',(4.65E-1,-1.25E-1,-1.75E-1));
#5087=VERTEX_POINT('',#5085);
#5088=VERTEX_POINT('',#5086);
#5089=CARTESIAN_POINT('',(4.65E-1,-1.25E-1,-7.75E-1));
#5090=VERTEX_POINT('',#5089);
#5091=CARTESIAN_POINT('',(7.85E-1,-1.25E-1,-7.75E-1));
#5092=VERTEX_POINT('',#5091);
#5093=CARTESIAN_POINT('',(7.85E-1,-3.65E0,-1.275E0));
#5094=CARTESIAN_POINT('',(4.65E-1,-3.65E0,-1.275E0));
#5095=VERTEX_POINT('',#5093);
#5096=VERTEX_POINT('',#5094);
#5097=CARTESIAN_POINT('',(7.85E-1,-3.65E0,-3.6E0));
#5098=CARTESIAN_POINT('',(4.65E-1,-3.65E0,-3.6E0));
#5099=VERTEX_POINT('',#5097);
#5100=VERTEX_POINT('',#5098);
#5101=CARTESIAN_POINT('',(4.65E-1,-3.3E0,-3.6E0));
#5102=VERTEX_POINT('',#5101);
#5103=CARTESIAN_POINT('',(7.85E-1,-3.3E0,-3.6E0));
#5104=VERTEX_POINT('',#5103);
#5105=CARTESIAN_POINT('',(7.25E-1,-3.6E0,-4.2E0));
#5106=CARTESIAN_POINT('',(5.25E-1,-3.6E0,-4.2E0));
#5107=VERTEX_POINT('',#5105);
#5108=VERTEX_POINT('',#5106);
#5109=CARTESIAN_POINT('',(5.25E-1,-3.35E0,-4.2E0));
#5110=VERTEX_POINT('',#5109);
#5111=CARTESIAN_POINT('',(7.25E-1,-3.35E0,-4.2E0));
#5112=VERTEX_POINT('',#5111);
#5113=CARTESIAN_POINT('',(4.65E-1,-1.975E0,-1.75E-1));
#5114=CARTESIAN_POINT('',(7.85E-1,-1.975E0,-1.75E-1));
#5115=VERTEX_POINT('',#5113);
#5116=VERTEX_POINT('',#5114);
#5117=CARTESIAN_POINT('',(4.65E-1,-1.975E0,-7.75E-1));
#5118=VERTEX_POINT('',#5117);
#5119=CARTESIAN_POINT('',(7.85E-1,-1.975E0,-7.75E-1));
#5120=VERTEX_POINT('',#5119);
#5121=CARTESIAN_POINT('',(4.65E-1,-3.225E0,-6.E-1));
#5122=CARTESIAN_POINT('',(4.65E-1,-3.371666666667E0,-6.E-1));
#5123=VERTEX_POINT('',#5121);
#5124=VERTEX_POINT('',#5122);
#5125=CARTESIAN_POINT('',(7.85E-1,-3.225E0,-6.E-1));
#5126=CARTESIAN_POINT('',(7.85E-1,-3.371666666667E0,-6.E-1));
#5127=VERTEX_POINT('',#5125);
#5128=VERTEX_POINT('',#5126);
#5129=CARTESIAN_POINT('',(7.85E-1,-3.225E0,-4.699378905948E-1));
#5130=VERTEX_POINT('',#5129);
#5131=CARTESIAN_POINT('',(4.65E-1,-3.225E0,-4.699378905948E-1));
#5132=VERTEX_POINT('',#5131);
#5133=CARTESIAN_POINT('',(-5.25E-1,2.75E-1,-2.75E-1));
#5134=CARTESIAN_POINT('',(-7.25E-1,2.75E-1,-2.75E-1));
#5135=VERTEX_POINT('',#5133);
#5136=VERTEX_POINT('',#5134);
#5137=CARTESIAN_POINT('',(-7.25E-1,2.75E-1,-6.75E-1));
#5138=VERTEX_POINT('',#5137);
#5139=CARTESIAN_POINT('',(-5.25E-1,2.75E-1,-6.75E-1));
#5140=VERTEX_POINT('',#5139);
#5141=CARTESIAN_POINT('',(-4.65E-1,-1.25E-1,-1.75E-1));
#5142=CARTESIAN_POINT('',(-7.85E-1,-1.25E-1,-1.75E-1));
#5143=VERTEX_POINT('',#5141);
#5144=VERTEX_POINT('',#5142);
#5145=CARTESIAN_POINT('',(-7.85E-1,-1.25E-1,-7.75E-1));
#5146=VERTEX_POINT('',#5145);
#5147=CARTESIAN_POINT('',(-4.65E-1,-1.25E-1,-7.75E-1));
#5148=VERTEX_POINT('',#5147);
#5149=CARTESIAN_POINT('',(-4.65E-1,-3.65E0,-1.275E0));
#5150=CARTESIAN_POINT('',(-7.85E-1,-3.65E0,-1.275E0));
#5151=VERTEX_POINT('',#5149);
#5152=VERTEX_POINT('',#5150);
#5153=CARTESIAN_POINT('',(-4.65E-1,-3.65E0,-3.6E0));
#5154=CARTESIAN_POINT('',(-7.85E-1,-3.65E0,-3.6E0));
#5155=VERTEX_POINT('',#5153);
#5156=VERTEX_POINT('',#5154);
#5157=CARTESIAN_POINT('',(-7.85E-1,-3.3E0,-3.6E0));
#5158=VERTEX_POINT('',#5157);
#5159=CARTESIAN_POINT('',(-4.65E-1,-3.3E0,-3.6E0));
#5160=VERTEX_POINT('',#5159);
#5161=CARTESIAN_POINT('',(-5.25E-1,-3.6E0,-4.2E0));
#5162=CARTESIAN_POINT('',(-7.25E-1,-3.6E0,-4.2E0));
#5163=VERTEX_POINT('',#5161);
#5164=VERTEX_POINT('',#5162);
#5165=CARTESIAN_POINT('',(-7.25E-1,-3.35E0,-4.2E0));
#5166=VERTEX_POINT('',#5165);
#5167=CARTESIAN_POINT('',(-5.25E-1,-3.35E0,-4.2E0));
#5168=VERTEX_POINT('',#5167);
#5169=CARTESIAN_POINT('',(-7.85E-1,-1.975E0,-1.75E-1));
#5170=CARTESIAN_POINT('',(-4.65E-1,-1.975E0,-1.75E-1));
#5171=VERTEX_POINT('',#5169);
#5172=VERTEX_POINT('',#5170);
#5173=CARTESIAN_POINT('',(-7.85E-1,-1.975E0,-7.75E-1));
#5174=VERTEX_POINT('',#5173);
#5175=CARTESIAN_POINT('',(-4.65E-1,-1.975E0,-7.75E-1));
#5176=VERTEX_POINT('',#5175);
#5177=CARTESIAN_POINT('',(-7.85E-1,-3.225E0,-6.E-1));
#5178=CARTESIAN_POINT('',(-7.85E-1,-3.371666666667E0,-6.E-1));
#5179=VERTEX_POINT('',#5177);
#5180=VERTEX_POINT('',#5178);
#5181=CARTESIAN_POINT('',(-4.65E-1,-3.225E0,-6.E-1));
#5182=CARTESIAN_POINT('',(-4.65E-1,-3.371666666667E0,-6.E-1));
#5183=VERTEX_POINT('',#5181);
#5184=VERTEX_POINT('',#5182);
#5185=CARTESIAN_POINT('',(-4.65E-1,-3.225E0,-4.699378905948E-1));
#5186=VERTEX_POINT('',#5185);
#5187=CARTESIAN_POINT('',(-7.85E-1,-3.225E0,-4.699378905948E-1));
#5188=VERTEX_POINT('',#5187);
#5189=CARTESIAN_POINT('',(-1.775E0,2.75E-1,-2.75E-1));
#5190=CARTESIAN_POINT('',(-1.975E0,2.75E-1,-2.75E-1));
#5191=VERTEX_POINT('',#5189);
#5192=VERTEX_POINT('',#5190);
#5193=CARTESIAN_POINT('',(-1.975E0,2.75E-1,-6.75E-1));
#5194=VERTEX_POINT('',#5193);
#5195=CARTESIAN_POINT('',(-1.775E0,2.75E-1,-6.75E-1));
#5196=VERTEX_POINT('',#5195);
#5197=CARTESIAN_POINT('',(-1.715E0,-1.25E-1,-1.75E-1));
#5198=CARTESIAN_POINT('',(-2.035E0,-1.25E-1,-1.75E-1));
#5199=VERTEX_POINT('',#5197);
#5200=VERTEX_POINT('',#5198);
#5201=CARTESIAN_POINT('',(-2.035E0,-1.25E-1,-7.75E-1));
#5202=VERTEX_POINT('',#5201);
#5203=CARTESIAN_POINT('',(-1.715E0,-1.25E-1,-7.75E-1));
#5204=VERTEX_POINT('',#5203);
#5205=CARTESIAN_POINT('',(-1.715E0,-3.65E0,-1.275E0));
#5206=CARTESIAN_POINT('',(-2.035E0,-3.65E0,-1.275E0));
#5207=VERTEX_POINT('',#5205);
#5208=VERTEX_POINT('',#5206);
#5209=CARTESIAN_POINT('',(-1.715E0,-3.65E0,-3.6E0));
#5210=CARTESIAN_POINT('',(-2.035E0,-3.65E0,-3.6E0));
#5211=VERTEX_POINT('',#5209);
#5212=VERTEX_POINT('',#5210);
#5213=CARTESIAN_POINT('',(-2.035E0,-3.3E0,-3.6E0));
#5214=VERTEX_POINT('',#5213);
#5215=CARTESIAN_POINT('',(-1.715E0,-3.3E0,-3.6E0));
#5216=VERTEX_POINT('',#5215);
#5217=CARTESIAN_POINT('',(-1.775E0,-3.6E0,-4.2E0));
#5218=CARTESIAN_POINT('',(-1.975E0,-3.6E0,-4.2E0));
#5219=VERTEX_POINT('',#5217);
#5220=VERTEX_POINT('',#5218);
#5221=CARTESIAN_POINT('',(-1.975E0,-3.35E0,-4.2E0));
#5222=VERTEX_POINT('',#5221);
#5223=CARTESIAN_POINT('',(-1.775E0,-3.35E0,-4.2E0));
#5224=VERTEX_POINT('',#5223);
#5225=CARTESIAN_POINT('',(-2.035E0,-1.975E0,-1.75E-1));
#5226=CARTESIAN_POINT('',(-1.715E0,-1.975E0,-1.75E-1));
#5227=VERTEX_POINT('',#5225);
#5228=VERTEX_POINT('',#5226);
#5229=CARTESIAN_POINT('',(-2.035E0,-1.975E0,-7.75E-1));
#5230=VERTEX_POINT('',#5229);
#5231=CARTESIAN_POINT('',(-1.715E0,-1.975E0,-7.75E-1));
#5232=VERTEX_POINT('',#5231);
#5233=CARTESIAN_POINT('',(-1.715E0,-3.371666666667E0,-1.6E0));
#5234=CARTESIAN_POINT('',(-1.715E0,-3.3E0,-1.6E0));
#5235=VERTEX_POINT('',#5233);
#5236=VERTEX_POINT('',#5234);
#5237=CARTESIAN_POINT('',(-2.035E0,-3.3E0,-1.6E0));
#5238=VERTEX_POINT('',#5237);
#5239=CARTESIAN_POINT('',(-2.035E0,-3.225E0,-6.E-1));
#5240=CARTESIAN_POINT('',(-2.035E0,-3.371666666667E0,-6.E-1));
#5241=VERTEX_POINT('',#5239);
#5242=VERTEX_POINT('',#5240);
#5243=CARTESIAN_POINT('',(-1.715E0,-3.225E0,-6.E-1));
#5244=CARTESIAN_POINT('',(-1.715E0,-3.371666666667E0,-6.E-1));
#5245=VERTEX_POINT('',#5243);
#5246=VERTEX_POINT('',#5244);
#5247=CARTESIAN_POINT('',(-1.715E0,-3.225E0,-4.699378905948E-1));
#5248=VERTEX_POINT('',#5247);
#5249=CARTESIAN_POINT('',(-2.035E0,-3.225E0,-4.699378905948E-1));
#5250=VERTEX_POINT('',#5249);
#5251=CARTESIAN_POINT('',(-3.025E0,2.75E-1,-2.75E-1));
#5252=CARTESIAN_POINT('',(-3.225E0,2.75E-1,-2.75E-1));
#5253=VERTEX_POINT('',#5251);
#5254=VERTEX_POINT('',#5252);
#5255=CARTESIAN_POINT('',(-3.225E0,2.75E-1,-6.75E-1));
#5256=VERTEX_POINT('',#5255);
#5257=CARTESIAN_POINT('',(-3.025E0,2.75E-1,-6.75E-1));
#5258=VERTEX_POINT('',#5257);
#5259=CARTESIAN_POINT('',(-2.965E0,-1.25E-1,-1.75E-1));
#5260=CARTESIAN_POINT('',(-3.285E0,-1.25E-1,-1.75E-1));
#5261=VERTEX_POINT('',#5259);
#5262=VERTEX_POINT('',#5260);
#5263=CARTESIAN_POINT('',(-3.285E0,-1.25E-1,-7.75E-1));
#5264=VERTEX_POINT('',#5263);
#5265=CARTESIAN_POINT('',(-2.965E0,-1.25E-1,-7.75E-1));
#5266=VERTEX_POINT('',#5265);
#5267=CARTESIAN_POINT('',(-2.965E0,-3.65E0,-1.275E0));
#5268=CARTESIAN_POINT('',(-3.285E0,-3.65E0,-1.275E0));
#5269=VERTEX_POINT('',#5267);
#5270=VERTEX_POINT('',#5268);
#5271=CARTESIAN_POINT('',(-2.965E0,-3.65E0,-3.6E0));
#5272=CARTESIAN_POINT('',(-3.285E0,-3.65E0,-3.6E0));
#5273=VERTEX_POINT('',#5271);
#5274=VERTEX_POINT('',#5272);
#5275=CARTESIAN_POINT('',(-3.285E0,-3.3E0,-3.6E0));
#5276=VERTEX_POINT('',#5275);
#5277=CARTESIAN_POINT('',(-2.965E0,-3.3E0,-3.6E0));
#5278=VERTEX_POINT('',#5277);
#5279=CARTESIAN_POINT('',(-3.025E0,-3.6E0,-4.2E0));
#5280=CARTESIAN_POINT('',(-3.225E0,-3.6E0,-4.2E0));
#5281=VERTEX_POINT('',#5279);
#5282=VERTEX_POINT('',#5280);
#5283=CARTESIAN_POINT('',(-3.225E0,-3.35E0,-4.2E0));
#5284=VERTEX_POINT('',#5283);
#5285=CARTESIAN_POINT('',(-3.025E0,-3.35E0,-4.2E0));
#5286=VERTEX_POINT('',#5285);
#5287=CARTESIAN_POINT('',(-3.285E0,-1.975E0,-1.75E-1));
#5288=CARTESIAN_POINT('',(-2.965E0,-1.975E0,-1.75E-1));
#5289=VERTEX_POINT('',#5287);
#5290=VERTEX_POINT('',#5288);
#5291=CARTESIAN_POINT('',(-3.285E0,-1.975E0,-7.75E-1));
#5292=VERTEX_POINT('',#5291);
#5293=CARTESIAN_POINT('',(-2.965E0,-1.975E0,-7.75E-1));
#5294=VERTEX_POINT('',#5293);
#5295=CARTESIAN_POINT('',(-3.285E0,-3.225E0,-6.E-1));
#5296=CARTESIAN_POINT('',(-3.285E0,-3.371666666667E0,-6.E-1));
#5297=VERTEX_POINT('',#5295);
#5298=VERTEX_POINT('',#5296);
#5299=CARTESIAN_POINT('',(-2.965E0,-3.225E0,-6.E-1));
#5300=CARTESIAN_POINT('',(-2.965E0,-3.371666666667E0,-6.E-1));
#5301=VERTEX_POINT('',#5299);
#5302=VERTEX_POINT('',#5300);
#5303=CARTESIAN_POINT('',(-2.965E0,-3.225E0,-4.699378905948E-1));
#5304=VERTEX_POINT('',#5303);
#5305=CARTESIAN_POINT('',(-3.285E0,-3.225E0,-4.699378905948E-1));
#5306=VERTEX_POINT('',#5305);
#5307=CARTESIAN_POINT('',(-4.275E0,2.75E-1,-2.75E-1));
#5308=CARTESIAN_POINT('',(-4.475E0,2.75E-1,-2.75E-1));
#5309=VERTEX_POINT('',#5307);
#5310=VERTEX_POINT('',#5308);
#5311=CARTESIAN_POINT('',(-4.475E0,2.75E-1,-6.75E-1));
#5312=VERTEX_POINT('',#5311);
#5313=CARTESIAN_POINT('',(-4.275E0,2.75E-1,-6.75E-1));
#5314=VERTEX_POINT('',#5313);
#5315=CARTESIAN_POINT('',(-4.215E0,-1.25E-1,-1.75E-1));
#5316=CARTESIAN_POINT('',(-4.535E0,-1.25E-1,-1.75E-1));
#5317=VERTEX_POINT('',#5315);
#5318=VERTEX_POINT('',#5316);
#5319=CARTESIAN_POINT('',(-4.535E0,-1.25E-1,-7.75E-1));
#5320=VERTEX_POINT('',#5319);
#5321=CARTESIAN_POINT('',(-4.215E0,-1.25E-1,-7.75E-1));
#5322=VERTEX_POINT('',#5321);
#5323=CARTESIAN_POINT('',(-4.215E0,-3.65E0,-1.275E0));
#5324=CARTESIAN_POINT('',(-4.535E0,-3.65E0,-1.275E0));
#5325=VERTEX_POINT('',#5323);
#5326=VERTEX_POINT('',#5324);
#5327=CARTESIAN_POINT('',(-4.215E0,-3.65E0,-3.6E0));
#5328=CARTESIAN_POINT('',(-4.535E0,-3.65E0,-3.6E0));
#5329=VERTEX_POINT('',#5327);
#5330=VERTEX_POINT('',#5328);
#5331=CARTESIAN_POINT('',(-4.535E0,-3.3E0,-3.6E0));
#5332=VERTEX_POINT('',#5331);
#5333=CARTESIAN_POINT('',(-4.215E0,-3.3E0,-3.6E0));
#5334=VERTEX_POINT('',#5333);
#5335=CARTESIAN_POINT('',(-4.275E0,-3.6E0,-4.2E0));
#5336=CARTESIAN_POINT('',(-4.475E0,-3.6E0,-4.2E0));
#5337=VERTEX_POINT('',#5335);
#5338=VERTEX_POINT('',#5336);
#5339=CARTESIAN_POINT('',(-4.475E0,-3.35E0,-4.2E0));
#5340=VERTEX_POINT('',#5339);
#5341=CARTESIAN_POINT('',(-4.275E0,-3.35E0,-4.2E0));
#5342=VERTEX_POINT('',#5341);
#5343=CARTESIAN_POINT('',(-4.535E0,-1.975E0,-1.75E-1));
#5344=CARTESIAN_POINT('',(-4.215E0,-1.975E0,-1.75E-1));
#5345=VERTEX_POINT('',#5343);
#5346=VERTEX_POINT('',#5344);
#5347=CARTESIAN_POINT('',(-4.535E0,-1.975E0,-7.75E-1));
#5348=VERTEX_POINT('',#5347);
#5349=CARTESIAN_POINT('',(-4.215E0,-1.975E0,-7.75E-1));
#5350=VERTEX_POINT('',#5349);
#5351=CARTESIAN_POINT('',(-4.535E0,-3.225E0,-6.E-1));
#5352=CARTESIAN_POINT('',(-4.535E0,-3.371666666667E0,-6.E-1));
#5353=VERTEX_POINT('',#5351);
#5354=VERTEX_POINT('',#5352);
#5355=CARTESIAN_POINT('',(-4.215E0,-3.225E0,-6.E-1));
#5356=CARTESIAN_POINT('',(-4.215E0,-3.371666666667E0,-6.E-1));
#5357=VERTEX_POINT('',#5355);
#5358=VERTEX_POINT('',#5356);
#5359=CARTESIAN_POINT('',(-4.215E0,-3.225E0,-4.699378905948E-1));
#5360=VERTEX_POINT('',#5359);
#5361=CARTESIAN_POINT('',(-4.535E0,-3.225E0,-4.699378905948E-1));
#5362=VERTEX_POINT('',#5361);
#5363=CARTESIAN_POINT('',(-5.525E0,2.75E-1,-2.75E-1));
#5364=CARTESIAN_POINT('',(-5.725E0,2.75E-1,-2.75E-1));
#5365=VERTEX_POINT('',#5363);
#5366=VERTEX_POINT('',#5364);
#5367=CARTESIAN_POINT('',(-5.725E0,2.75E-1,-6.75E-1));
#5368=VERTEX_POINT('',#5367);
#5369=CARTESIAN_POINT('',(-5.525E0,2.75E-1,-6.75E-1));
#5370=VERTEX_POINT('',#5369);
#5371=CARTESIAN_POINT('',(-5.465E0,-1.25E-1,-1.75E-1));
#5372=CARTESIAN_POINT('',(-5.785E0,-1.25E-1,-1.75E-1));
#5373=VERTEX_POINT('',#5371);
#5374=VERTEX_POINT('',#5372);
#5375=CARTESIAN_POINT('',(-5.785E0,-1.25E-1,-7.75E-1));
#5376=VERTEX_POINT('',#5375);
#5377=CARTESIAN_POINT('',(-5.465E0,-1.25E-1,-7.75E-1));
#5378=VERTEX_POINT('',#5377);
#5379=CARTESIAN_POINT('',(-5.465E0,-3.65E0,-1.275E0));
#5380=CARTESIAN_POINT('',(-5.785E0,-3.65E0,-1.275E0));
#5381=VERTEX_POINT('',#5379);
#5382=VERTEX_POINT('',#5380);
#5383=CARTESIAN_POINT('',(-5.465E0,-3.65E0,-3.6E0));
#5384=CARTESIAN_POINT('',(-5.785E0,-3.65E0,-3.6E0));
#5385=VERTEX_POINT('',#5383);
#5386=VERTEX_POINT('',#5384);
#5387=CARTESIAN_POINT('',(-5.785E0,-3.3E0,-3.6E0));
#5388=VERTEX_POINT('',#5387);
#5389=CARTESIAN_POINT('',(-5.465E0,-3.3E0,-3.6E0));
#5390=VERTEX_POINT('',#5389);
#5391=CARTESIAN_POINT('',(-5.525E0,-3.6E0,-4.2E0));
#5392=CARTESIAN_POINT('',(-5.725E0,-3.6E0,-4.2E0));
#5393=VERTEX_POINT('',#5391);
#5394=VERTEX_POINT('',#5392);
#5395=CARTESIAN_POINT('',(-5.725E0,-3.35E0,-4.2E0));
#5396=VERTEX_POINT('',#5395);
#5397=CARTESIAN_POINT('',(-5.525E0,-3.35E0,-4.2E0));
#5398=VERTEX_POINT('',#5397);
#5399=CARTESIAN_POINT('',(-5.785E0,-1.975E0,-1.75E-1));
#5400=CARTESIAN_POINT('',(-5.465E0,-1.975E0,-1.75E-1));
#5401=VERTEX_POINT('',#5399);
#5402=VERTEX_POINT('',#5400);
#5403=CARTESIAN_POINT('',(-5.785E0,-1.975E0,-7.75E-1));
#5404=VERTEX_POINT('',#5403);
#5405=CARTESIAN_POINT('',(-5.465E0,-1.975E0,-7.75E-1));
#5406=VERTEX_POINT('',#5405);
#5407=CARTESIAN_POINT('',(-5.785E0,-3.225E0,-6.E-1));
#5408=CARTESIAN_POINT('',(-5.785E0,-3.371666666667E0,-6.E-1));
#5409=VERTEX_POINT('',#5407);
#5410=VERTEX_POINT('',#5408);
#5411=CARTESIAN_POINT('',(-5.465E0,-3.225E0,-6.E-1));
#5412=CARTESIAN_POINT('',(-5.465E0,-3.371666666667E0,-6.E-1));
#5413=VERTEX_POINT('',#5411);
#5414=VERTEX_POINT('',#5412);
#5415=CARTESIAN_POINT('',(-5.465E0,-3.225E0,-4.699378905948E-1));
#5416=VERTEX_POINT('',#5415);
#5417=CARTESIAN_POINT('',(-5.785E0,-3.225E0,-4.699378905948E-1));
#5418=VERTEX_POINT('',#5417);
#5419=CARTESIAN_POINT('',(-6.775E0,2.75E-1,-2.75E-1));
#5420=CARTESIAN_POINT('',(-6.975E0,2.75E-1,-2.75E-1));
#5421=VERTEX_POINT('',#5419);
#5422=VERTEX_POINT('',#5420);
#5423=CARTESIAN_POINT('',(-6.975E0,2.75E-1,-6.75E-1));
#5424=VERTEX_POINT('',#5423);
#5425=CARTESIAN_POINT('',(-6.775E0,2.75E-1,-6.75E-1));
#5426=VERTEX_POINT('',#5425);
#5427=CARTESIAN_POINT('',(-6.715E0,-1.25E-1,-1.75E-1));
#5428=CARTESIAN_POINT('',(-7.035E0,-1.25E-1,-1.75E-1));
#5429=VERTEX_POINT('',#5427);
#5430=VERTEX_POINT('',#5428);
#5431=CARTESIAN_POINT('',(-7.035E0,-1.25E-1,-7.75E-1));
#5432=VERTEX_POINT('',#5431);
#5433=CARTESIAN_POINT('',(-6.715E0,-1.25E-1,-7.75E-1));
#5434=VERTEX_POINT('',#5433);
#5435=CARTESIAN_POINT('',(-6.715E0,-3.65E0,-1.275E0));
#5436=CARTESIAN_POINT('',(-7.035E0,-3.65E0,-1.275E0));
#5437=VERTEX_POINT('',#5435);
#5438=VERTEX_POINT('',#5436);
#5439=CARTESIAN_POINT('',(-6.715E0,-3.65E0,-3.6E0));
#5440=CARTESIAN_POINT('',(-7.035E0,-3.65E0,-3.6E0));
#5441=VERTEX_POINT('',#5439);
#5442=VERTEX_POINT('',#5440);
#5443=CARTESIAN_POINT('',(-7.035E0,-3.3E0,-3.6E0));
#5444=VERTEX_POINT('',#5443);
#5445=CARTESIAN_POINT('',(-6.715E0,-3.3E0,-3.6E0));
#5446=VERTEX_POINT('',#5445);
#5447=CARTESIAN_POINT('',(-6.775E0,-3.6E0,-4.2E0));
#5448=CARTESIAN_POINT('',(-6.975E0,-3.6E0,-4.2E0));
#5449=VERTEX_POINT('',#5447);
#5450=VERTEX_POINT('',#5448);
#5451=CARTESIAN_POINT('',(-6.975E0,-3.35E0,-4.2E0));
#5452=VERTEX_POINT('',#5451);
#5453=CARTESIAN_POINT('',(-6.775E0,-3.35E0,-4.2E0));
#5454=VERTEX_POINT('',#5453);
#5455=CARTESIAN_POINT('',(-7.035E0,-1.975E0,-1.75E-1));
#5456=CARTESIAN_POINT('',(-6.715E0,-1.975E0,-1.75E-1));
#5457=VERTEX_POINT('',#5455);
#5458=VERTEX_POINT('',#5456);
#5459=CARTESIAN_POINT('',(-7.035E0,-1.975E0,-7.75E-1));
#5460=VERTEX_POINT('',#5459);
#5461=CARTESIAN_POINT('',(-6.715E0,-1.975E0,-7.75E-1));
#5462=VERTEX_POINT('',#5461);
#5463=CARTESIAN_POINT('',(-7.035E0,-3.225E0,-6.E-1));
#5464=CARTESIAN_POINT('',(-7.035E0,-3.371666666667E0,-6.E-1));
#5465=VERTEX_POINT('',#5463);
#5466=VERTEX_POINT('',#5464);
#5467=CARTESIAN_POINT('',(-6.715E0,-3.225E0,-6.E-1));
#5468=CARTESIAN_POINT('',(-6.715E0,-3.371666666667E0,-6.E-1));
#5469=VERTEX_POINT('',#5467);
#5470=VERTEX_POINT('',#5468);
#5471=CARTESIAN_POINT('',(-6.715E0,-3.225E0,-4.699378905948E-1));
#5472=VERTEX_POINT('',#5471);
#5473=CARTESIAN_POINT('',(-7.035E0,-3.225E0,-4.699378905948E-1));
#5474=VERTEX_POINT('',#5473);
#5475=CARTESIAN_POINT('',(5.465E0,-3.3E0,-1.6E0));
#5476=VERTEX_POINT('',#5475);
#5477=CARTESIAN_POINT('',(5.785E0,-3.3E0,-1.6E0));
#5478=VERTEX_POINT('',#5477);
#5479=CARTESIAN_POINT('',(4.215E0,-3.3E0,-1.6E0));
#5480=VERTEX_POINT('',#5479);
#5481=CARTESIAN_POINT('',(4.535E0,-3.3E0,-1.6E0));
#5482=VERTEX_POINT('',#5481);
#5483=CARTESIAN_POINT('',(2.965E0,-3.3E0,-1.6E0));
#5484=VERTEX_POINT('',#5483);
#5485=CARTESIAN_POINT('',(3.285E0,-3.3E0,-1.6E0));
#5486=VERTEX_POINT('',#5485);
#5487=CARTESIAN_POINT('',(1.715E0,-3.3E0,-1.6E0));
#5488=VERTEX_POINT('',#5487);
#5489=CARTESIAN_POINT('',(2.035E0,-3.3E0,-1.6E0));
#5490=VERTEX_POINT('',#5489);
#5491=CARTESIAN_POINT('',(-7.875E0,-3.225E0,1.E0));
#5492=VERTEX_POINT('',#5491);
#5493=CARTESIAN_POINT('',(8.5E-1,-3.675E0,-1.6E0));
#5494=CARTESIAN_POINT('',(9.5E-1,-3.825E0,-1.6E0));
#5495=VERTEX_POINT('',#5493);
#5496=VERTEX_POINT('',#5494);
#5497=CARTESIAN_POINT('',(3.E-1,-3.825E0,-1.6E0));
#5498=CARTESIAN_POINT('',(4.E-1,-3.675E0,-1.6E0));
#5499=VERTEX_POINT('',#5497);
#5500=VERTEX_POINT('',#5498);
#5501=CARTESIAN_POINT('',(8.5E-1,-3.675E0,-6.E-1));
#5502=VERTEX_POINT('',#5501);
#5503=CARTESIAN_POINT('',(4.E-1,-3.675E0,-6.E-1));
#5504=VERTEX_POINT('',#5503);
#5505=CARTESIAN_POINT('',(4.65E-1,-3.371666666667E0,-1.6E0));
#5506=CARTESIAN_POINT('',(4.65E-1,-3.3E0,-1.6E0));
#5507=VERTEX_POINT('',#5505);
#5508=VERTEX_POINT('',#5506);
#5509=CARTESIAN_POINT('',(7.85E-1,-3.371666666667E0,-1.6E0));
#5510=CARTESIAN_POINT('',(7.85E-1,-3.3E0,-1.6E0));
#5511=VERTEX_POINT('',#5509);
#5512=VERTEX_POINT('',#5510);
#5513=CARTESIAN_POINT('',(9.25E-1,-2.925E0,1.E0));
#5514=CARTESIAN_POINT('',(3.25E-1,-2.925E0,1.E0));
#5515=VERTEX_POINT('',#5513);
#5516=VERTEX_POINT('',#5514);
#5517=CARTESIAN_POINT('',(9.25E-1,-3.225E0,1.6E0));
#5518=CARTESIAN_POINT('',(9.25E-1,-2.925E0,1.6E0));
#5519=VERTEX_POINT('',#5517);
#5520=VERTEX_POINT('',#5518);
#5521=CARTESIAN_POINT('',(3.25E-1,-2.925E0,1.6E0));
#5522=VERTEX_POINT('',#5521);
#5523=CARTESIAN_POINT('',(3.25E-1,-3.225E0,1.6E0));
#5524=VERTEX_POINT('',#5523);
#5525=CARTESIAN_POINT('',(3.25E-1,-3.225E0,1.E0));
#5526=CARTESIAN_POINT('',(9.25E-1,-3.225E0,1.E0));
#5527=VERTEX_POINT('',#5525);
#5528=VERTEX_POINT('',#5526);
#5529=CARTESIAN_POINT('',(-4.E-1,-3.675E0,-1.6E0));
#5530=CARTESIAN_POINT('',(-3.E-1,-3.825E0,-1.6E0));
#5531=VERTEX_POINT('',#5529);
#5532=VERTEX_POINT('',#5530);
#5533=CARTESIAN_POINT('',(-9.5E-1,-3.825E0,-1.6E0));
#5534=CARTESIAN_POINT('',(-8.5E-1,-3.675E0,-1.6E0));
#5535=VERTEX_POINT('',#5533);
#5536=VERTEX_POINT('',#5534);
#5537=CARTESIAN_POINT('',(-4.E-1,-3.675E0,-6.E-1));
#5538=VERTEX_POINT('',#5537);
#5539=CARTESIAN_POINT('',(-8.5E-1,-3.675E0,-6.E-1));
#5540=VERTEX_POINT('',#5539);
#5541=CARTESIAN_POINT('',(-7.85E-1,-3.371666666667E0,-1.6E0));
#5542=CARTESIAN_POINT('',(-7.85E-1,-3.3E0,-1.6E0));
#5543=VERTEX_POINT('',#5541);
#5544=VERTEX_POINT('',#5542);
#5545=CARTESIAN_POINT('',(-4.65E-1,-3.371666666667E0,-1.6E0));
#5546=CARTESIAN_POINT('',(-4.65E-1,-3.3E0,-1.6E0));
#5547=VERTEX_POINT('',#5545);
#5548=VERTEX_POINT('',#5546);
#5549=CARTESIAN_POINT('',(-3.25E-1,-2.925E0,1.E0));
#5550=CARTESIAN_POINT('',(-9.25E-1,-2.925E0,1.E0));
#5551=VERTEX_POINT('',#5549);
#5552=VERTEX_POINT('',#5550);
#5553=CARTESIAN_POINT('',(-3.25E-1,-3.225E0,1.6E0));
#5554=CARTESIAN_POINT('',(-3.25E-1,-2.925E0,1.6E0));
#5555=VERTEX_POINT('',#5553);
#5556=VERTEX_POINT('',#5554);
#5557=CARTESIAN_POINT('',(-9.25E-1,-2.925E0,1.6E0));
#5558=VERTEX_POINT('',#5557);
#5559=CARTESIAN_POINT('',(-9.25E-1,-3.225E0,1.6E0));
#5560=VERTEX_POINT('',#5559);
#5561=CARTESIAN_POINT('',(-9.25E-1,-3.225E0,1.E0));
#5562=CARTESIAN_POINT('',(-3.25E-1,-3.225E0,1.E0));
#5563=VERTEX_POINT('',#5561);
#5564=VERTEX_POINT('',#5562);
#5565=CARTESIAN_POINT('',(-1.65E0,-3.675E0,-1.6E0));
#5566=CARTESIAN_POINT('',(-1.55E0,-3.825E0,-1.6E0));
#5567=VERTEX_POINT('',#5565);
#5568=VERTEX_POINT('',#5566);
#5569=CARTESIAN_POINT('',(-2.2E0,-3.825E0,-1.6E0));
#5570=CARTESIAN_POINT('',(-2.1E0,-3.675E0,-1.6E0));
#5571=VERTEX_POINT('',#5569);
#5572=VERTEX_POINT('',#5570);
#5573=CARTESIAN_POINT('',(-1.65E0,-3.675E0,-6.E-1));
#5574=VERTEX_POINT('',#5573);
#5575=CARTESIAN_POINT('',(-2.1E0,-3.675E0,-6.E-1));
#5576=VERTEX_POINT('',#5575);
#5577=CARTESIAN_POINT('',(-2.035E0,-3.371666666667E0,-1.6E0));
#5578=VERTEX_POINT('',#5577);
#5579=CARTESIAN_POINT('',(-1.575E0,-2.925E0,1.E0));
#5580=CARTESIAN_POINT('',(-2.175E0,-2.925E0,1.E0));
#5581=VERTEX_POINT('',#5579);
#5582=VERTEX_POINT('',#5580);
#5583=CARTESIAN_POINT('',(-1.575E0,-3.225E0,1.6E0));
#5584=CARTESIAN_POINT('',(-1.575E0,-2.925E0,1.6E0));
#5585=VERTEX_POINT('',#5583);
#5586=VERTEX_POINT('',#5584);
#5587=CARTESIAN_POINT('',(-2.175E0,-2.925E0,1.6E0));
#5588=VERTEX_POINT('',#5587);
#5589=CARTESIAN_POINT('',(-2.175E0,-3.225E0,1.6E0));
#5590=VERTEX_POINT('',#5589);
#5591=CARTESIAN_POINT('',(-2.175E0,-3.225E0,1.E0));
#5592=CARTESIAN_POINT('',(-1.575E0,-3.225E0,1.E0));
#5593=VERTEX_POINT('',#5591);
#5594=VERTEX_POINT('',#5592);
#5595=CARTESIAN_POINT('',(-2.9E0,-3.675E0,-1.6E0));
#5596=CARTESIAN_POINT('',(-2.8E0,-3.825E0,-1.6E0));
#5597=VERTEX_POINT('',#5595);
#5598=VERTEX_POINT('',#5596);
#5599=CARTESIAN_POINT('',(-3.45E0,-3.825E0,-1.6E0));
#5600=CARTESIAN_POINT('',(-3.35E0,-3.675E0,-1.6E0));
#5601=VERTEX_POINT('',#5599);
#5602=VERTEX_POINT('',#5600);
#5603=CARTESIAN_POINT('',(-2.9E0,-3.675E0,-6.E-1));
#5604=VERTEX_POINT('',#5603);
#5605=CARTESIAN_POINT('',(-3.35E0,-3.675E0,-6.E-1));
#5606=VERTEX_POINT('',#5605);
#5607=CARTESIAN_POINT('',(-3.285E0,-3.371666666667E0,-1.6E0));
#5608=CARTESIAN_POINT('',(-3.285E0,-3.3E0,-1.6E0));
#5609=VERTEX_POINT('',#5607);
#5610=VERTEX_POINT('',#5608);
#5611=CARTESIAN_POINT('',(-2.965E0,-3.371666666667E0,-1.6E0));
#5612=CARTESIAN_POINT('',(-2.965E0,-3.3E0,-1.6E0));
#5613=VERTEX_POINT('',#5611);
#5614=VERTEX_POINT('',#5612);
#5615=CARTESIAN_POINT('',(-2.825E0,-2.925E0,1.E0));
#5616=CARTESIAN_POINT('',(-3.425E0,-2.925E0,1.E0));
#5617=VERTEX_POINT('',#5615);
#5618=VERTEX_POINT('',#5616);
#5619=CARTESIAN_POINT('',(-2.825E0,-3.225E0,1.6E0));
#5620=CARTESIAN_POINT('',(-2.825E0,-2.925E0,1.6E0));
#5621=VERTEX_POINT('',#5619);
#5622=VERTEX_POINT('',#5620);
#5623=CARTESIAN_POINT('',(-3.425E0,-2.925E0,1.6E0));
#5624=VERTEX_POINT('',#5623);
#5625=CARTESIAN_POINT('',(-3.425E0,-3.225E0,1.6E0));
#5626=VERTEX_POINT('',#5625);
#5627=CARTESIAN_POINT('',(-3.425E0,-3.225E0,1.E0));
#5628=CARTESIAN_POINT('',(-2.825E0,-3.225E0,1.E0));
#5629=VERTEX_POINT('',#5627);
#5630=VERTEX_POINT('',#5628);
#5631=CARTESIAN_POINT('',(-4.15E0,-3.675E0,-1.6E0));
#5632=CARTESIAN_POINT('',(-4.05E0,-3.825E0,-1.6E0));
#5633=VERTEX_POINT('',#5631);
#5634=VERTEX_POINT('',#5632);
#5635=CARTESIAN_POINT('',(-4.7E0,-3.825E0,-1.6E0));
#5636=CARTESIAN_POINT('',(-4.6E0,-3.675E0,-1.6E0));
#5637=VERTEX_POINT('',#5635);
#5638=VERTEX_POINT('',#5636);
#5639=CARTESIAN_POINT('',(-4.15E0,-3.675E0,-6.E-1));
#5640=VERTEX_POINT('',#5639);
#5641=CARTESIAN_POINT('',(-4.6E0,-3.675E0,-6.E-1));
#5642=VERTEX_POINT('',#5641);
#5643=CARTESIAN_POINT('',(-4.535E0,-3.371666666667E0,-1.6E0));
#5644=CARTESIAN_POINT('',(-4.535E0,-3.3E0,-1.6E0));
#5645=VERTEX_POINT('',#5643);
#5646=VERTEX_POINT('',#5644);
#5647=CARTESIAN_POINT('',(-4.215E0,-3.371666666667E0,-1.6E0));
#5648=CARTESIAN_POINT('',(-4.215E0,-3.3E0,-1.6E0));
#5649=VERTEX_POINT('',#5647);
#5650=VERTEX_POINT('',#5648);
#5651=CARTESIAN_POINT('',(-4.075E0,-2.925E0,1.E0));
#5652=CARTESIAN_POINT('',(-4.675E0,-2.925E0,1.E0));
#5653=VERTEX_POINT('',#5651);
#5654=VERTEX_POINT('',#5652);
#5655=CARTESIAN_POINT('',(-4.075E0,-3.225E0,1.6E0));
#5656=CARTESIAN_POINT('',(-4.075E0,-2.925E0,1.6E0));
#5657=VERTEX_POINT('',#5655);
#5658=VERTEX_POINT('',#5656);
#5659=CARTESIAN_POINT('',(-4.675E0,-2.925E0,1.6E0));
#5660=VERTEX_POINT('',#5659);
#5661=CARTESIAN_POINT('',(-4.675E0,-3.225E0,1.6E0));
#5662=VERTEX_POINT('',#5661);
#5663=CARTESIAN_POINT('',(-4.675E0,-3.225E0,1.E0));
#5664=CARTESIAN_POINT('',(-4.075E0,-3.225E0,1.E0));
#5665=VERTEX_POINT('',#5663);
#5666=VERTEX_POINT('',#5664);
#5667=CARTESIAN_POINT('',(-5.4E0,-3.675E0,-1.6E0));
#5668=CARTESIAN_POINT('',(-5.3E0,-3.825E0,-1.6E0));
#5669=VERTEX_POINT('',#5667);
#5670=VERTEX_POINT('',#5668);
#5671=CARTESIAN_POINT('',(-5.95E0,-3.825E0,-1.6E0));
#5672=CARTESIAN_POINT('',(-5.85E0,-3.675E0,-1.6E0));
#5673=VERTEX_POINT('',#5671);
#5674=VERTEX_POINT('',#5672);
#5675=CARTESIAN_POINT('',(-5.4E0,-3.675E0,-6.E-1));
#5676=VERTEX_POINT('',#5675);
#5677=CARTESIAN_POINT('',(-5.85E0,-3.675E0,-6.E-1));
#5678=VERTEX_POINT('',#5677);
#5679=CARTESIAN_POINT('',(-5.785E0,-3.371666666667E0,-1.6E0));
#5680=CARTESIAN_POINT('',(-5.785E0,-3.3E0,-1.6E0));
#5681=VERTEX_POINT('',#5679);
#5682=VERTEX_POINT('',#5680);
#5683=CARTESIAN_POINT('',(-5.465E0,-3.371666666667E0,-1.6E0));
#5684=CARTESIAN_POINT('',(-5.465E0,-3.3E0,-1.6E0));
#5685=VERTEX_POINT('',#5683);
#5686=VERTEX_POINT('',#5684);
#5687=CARTESIAN_POINT('',(-5.325E0,-2.925E0,1.E0));
#5688=CARTESIAN_POINT('',(-5.925E0,-2.925E0,1.E0));
#5689=VERTEX_POINT('',#5687);
#5690=VERTEX_POINT('',#5688);
#5691=CARTESIAN_POINT('',(-5.325E0,-3.225E0,1.6E0));
#5692=CARTESIAN_POINT('',(-5.325E0,-2.925E0,1.6E0));
#5693=VERTEX_POINT('',#5691);
#5694=VERTEX_POINT('',#5692);
#5695=CARTESIAN_POINT('',(-5.925E0,-2.925E0,1.6E0));
#5696=VERTEX_POINT('',#5695);
#5697=CARTESIAN_POINT('',(-5.925E0,-3.225E0,1.6E0));
#5698=VERTEX_POINT('',#5697);
#5699=CARTESIAN_POINT('',(-5.925E0,-3.225E0,1.E0));
#5700=CARTESIAN_POINT('',(-5.325E0,-3.225E0,1.E0));
#5701=VERTEX_POINT('',#5699);
#5702=VERTEX_POINT('',#5700);
#5703=CARTESIAN_POINT('',(-6.65E0,-3.675E0,-1.6E0));
#5704=CARTESIAN_POINT('',(-6.55E0,-3.825E0,-1.6E0));
#5705=VERTEX_POINT('',#5703);
#5706=VERTEX_POINT('',#5704);
#5707=CARTESIAN_POINT('',(-7.2E0,-3.825E0,-1.6E0));
#5708=CARTESIAN_POINT('',(-7.1E0,-3.675E0,-1.6E0));
#5709=VERTEX_POINT('',#5707);
#5710=VERTEX_POINT('',#5708);
#5711=CARTESIAN_POINT('',(-6.65E0,-3.675E0,-6.E-1));
#5712=VERTEX_POINT('',#5711);
#5713=CARTESIAN_POINT('',(-7.1E0,-3.675E0,-6.E-1));
#5714=VERTEX_POINT('',#5713);
#5715=CARTESIAN_POINT('',(-7.035E0,-3.371666666667E0,-1.6E0));
#5716=CARTESIAN_POINT('',(-7.035E0,-3.3E0,-1.6E0));
#5717=VERTEX_POINT('',#5715);
#5718=VERTEX_POINT('',#5716);
#5719=CARTESIAN_POINT('',(-6.715E0,-3.371666666667E0,-1.6E0));
#5720=CARTESIAN_POINT('',(-6.715E0,-3.3E0,-1.6E0));
#5721=VERTEX_POINT('',#5719);
#5722=VERTEX_POINT('',#5720);
#5723=CARTESIAN_POINT('',(-6.575E0,-2.925E0,1.E0));
#5724=CARTESIAN_POINT('',(-7.175E0,-2.925E0,1.E0));
#5725=VERTEX_POINT('',#5723);
#5726=VERTEX_POINT('',#5724);
#5727=CARTESIAN_POINT('',(-6.575E0,-3.225E0,1.6E0));
#5728=CARTESIAN_POINT('',(-6.575E0,-2.925E0,1.6E0));
#5729=VERTEX_POINT('',#5727);
#5730=VERTEX_POINT('',#5728);
#5731=CARTESIAN_POINT('',(-7.175E0,-2.925E0,1.6E0));
#5732=VERTEX_POINT('',#5731);
#5733=CARTESIAN_POINT('',(-7.175E0,-3.225E0,1.6E0));
#5734=VERTEX_POINT('',#5733);
#5735=CARTESIAN_POINT('',(-7.175E0,-3.225E0,1.E0));
#5736=CARTESIAN_POINT('',(-6.575E0,-3.225E0,1.E0));
#5737=VERTEX_POINT('',#5735);
#5738=VERTEX_POINT('',#5736);
#5739=CARTESIAN_POINT('',(-7.875E0,-3.225E0,1.6E0));
#5740=VERTEX_POINT('',#5739);
#5741=CARTESIAN_POINT('',(-7.875E0,-2.975E0,1.6E0));
#5742=VERTEX_POINT('',#5741);
#5743=CARTESIAN_POINT('',(-7.875E0,-2.975E0,1.E0));
#5744=VERTEX_POINT('',#5743);
#5745=CARTESIAN_POINT('',(-7.775E0,7.75E-1,-1.2E0));
#5746=CARTESIAN_POINT('',(7.775E0,7.75E-1,-1.2E0));
#5747=VERTEX_POINT('',#5745);
#5748=VERTEX_POINT('',#5746);
#5749=CARTESIAN_POINT('',(-8.075E0,9.75E-1,-1.4E0));
#5750=CARTESIAN_POINT('',(8.075E0,9.75E-1,-1.4E0));
#5751=VERTEX_POINT('',#5749);
#5752=VERTEX_POINT('',#5750);
#5753=CARTESIAN_POINT('',(-7.425E0,-2.25E-1,1.2E0));
#5754=CARTESIAN_POINT('',(-7.425E0,-2.500000000001E-2,1.4E0));
#5755=VERTEX_POINT('',#5753);
#5756=VERTEX_POINT('',#5754);
#5757=CARTESIAN_POINT('',(-7.775E0,-2.500000000001E-2,1.4E0));
#5758=VERTEX_POINT('',#5757);
#5759=CARTESIAN_POINT('',(-7.775E0,-2.25E-1,1.2E0));
#5760=VERTEX_POINT('',#5759);
#5761=CARTESIAN_POINT('',(-7.775E0,-2.500000000001E-2,1.2E0));
#5762=VERTEX_POINT('',#5761);
#5763=CARTESIAN_POINT('',(-7.425E0,-6.25E-1,1.4E0));
#5764=CARTESIAN_POINT('',(7.425E0,-6.25E-1,1.4E0));
#5765=VERTEX_POINT('',#5763);
#5766=VERTEX_POINT('',#5764);
#5767=CARTESIAN_POINT('',(-7.425E0,-8.25E-1,1.2E0));
#5768=CARTESIAN_POINT('',(7.425E0,-8.25E-1,1.2E0));
#5769=VERTEX_POINT('',#5767);
#5770=VERTEX_POINT('',#5768);
#5771=CARTESIAN_POINT('',(7.425E0,-2.500000000001E-2,1.4E0));
#5772=CARTESIAN_POINT('',(7.775E0,-2.500000000001E-2,1.4E0));
#5773=VERTEX_POINT('',#5771);
#5774=VERTEX_POINT('',#5772);
#5775=CARTESIAN_POINT('',(7.425E0,-2.25E-1,1.2E0));
#5776=VERTEX_POINT('',#5775);
#5777=CARTESIAN_POINT('',(7.775E0,-2.25E-1,1.2E0));
#5778=VERTEX_POINT('',#5777);
#5779=CARTESIAN_POINT('',(7.775E0,-2.500000000001E-2,1.2E0));
#5780=VERTEX_POINT('',#5779);
#5781=CARTESIAN_POINT('',(0.E0,-4.525E0,0.E0));
#5782=DIRECTION('',(0.E0,1.E0,0.E0));
#5783=DIRECTION('',(1.E0,0.E0,0.E0));
#5784=AXIS2_PLACEMENT_3D('',#5781,#5782,#5783);
#5785=PLANE('',#5784);
#5787=ORIENTED_EDGE('',*,*,#5786,.T.);
#5789=ORIENTED_EDGE('',*,*,#5788,.F.);
#5791=ORIENTED_EDGE('',*,*,#5790,.T.);
#5793=ORIENTED_EDGE('',*,*,#5792,.T.);
#5794=EDGE_LOOP('',(#5787,#5789,#5791,#5793));
#5795=FACE_OUTER_BOUND('',#5794,.F.);
#5796=ADVANCED_FACE('',(#5795),#5785,.F.);
#5797=CARTESIAN_POINT('',(0.E0,-4.525E0,0.E0));
#5798=DIRECTION('',(0.E0,1.E0,0.E0));
#5799=DIRECTION('',(1.E0,0.E0,0.E0));
#5800=AXIS2_PLACEMENT_3D('',#5797,#5798,#5799);
#5801=PLANE('',#5800);
#5803=ORIENTED_EDGE('',*,*,#5802,.T.);
#5805=ORIENTED_EDGE('',*,*,#5804,.T.);
#5807=ORIENTED_EDGE('',*,*,#5806,.T.);
#5809=ORIENTED_EDGE('',*,*,#5808,.F.);
#5810=EDGE_LOOP('',(#5803,#5805,#5807,#5809));
#5811=FACE_OUTER_BOUND('',#5810,.F.);
#5812=ADVANCED_FACE('',(#5811),#5801,.F.);
#5813=CARTESIAN_POINT('',(1.005E1,-4.525E0,1.E-1));
#5814=DIRECTION('',(0.E0,3.589790793089E-1,-9.333456062031E-1));
#5815=DIRECTION('',(0.E0,9.333456062031E-1,3.589790793089E-1));
#5816=AXIS2_PLACEMENT_3D('',#5813,#5814,#5815);
#5817=PLANE('',#5816);
#5818=ORIENTED_EDGE('',*,*,#5786,.F.);
#5820=ORIENTED_EDGE('',*,*,#5819,.T.);
#5822=ORIENTED_EDGE('',*,*,#5821,.F.);
#5824=ORIENTED_EDGE('',*,*,#5823,.F.);
#5825=EDGE_LOOP('',(#5818,#5820,#5822,#5824));
#5826=FACE_OUTER_BOUND('',#5825,.F.);
#5827=ADVANCED_FACE('',(#5826),#5817,.F.);
#5828=CARTESIAN_POINT('',(1.005E1,-4.525E0,1.E-1));
#5829=DIRECTION('',(0.E0,3.589790793089E-1,-9.333456062031E-1));
#5830=DIRECTION('',(0.E0,9.333456062031E-1,3.589790793089E-1));
#5831=AXIS2_PLACEMENT_3D('',#5828,#5829,#5830);
#5832=PLANE('',#5831);
#5833=ORIENTED_EDGE('',*,*,#5802,.F.);
#5835=ORIENTED_EDGE('',*,*,#5834,.T.);
#5837=ORIENTED_EDGE('',*,*,#5836,.F.);
#5839=ORIENTED_EDGE('',*,*,#5838,.F.);
#5840=EDGE_LOOP('',(#5833,#5835,#5837,#5839));
#5841=FACE_OUTER_BOUND('',#5840,.F.);
#5842=ADVANCED_FACE('',(#5841),#5832,.F.);
#5843=CARTESIAN_POINT('',(-8.375E0,-4.525E0,-1.9E0));
#5844=DIRECTION('',(-1.E0,0.E0,0.E0));
#5845=DIRECTION('',(0.E0,0.E0,1.E0));
#5846=AXIS2_PLACEMENT_3D('',#5843,#5844,#5845);
#5847=PLANE('',#5846);
#5849=ORIENTED_EDGE('',*,*,#5848,.F.);
#5851=ORIENTED_EDGE('',*,*,#5850,.T.);
#5852=ORIENTED_EDGE('',*,*,#5819,.F.);
#5853=ORIENTED_EDGE('',*,*,#5792,.F.);
#5855=ORIENTED_EDGE('',*,*,#5854,.T.);
#5857=ORIENTED_EDGE('',*,*,#5856,.T.);
#5859=ORIENTED_EDGE('',*,*,#5858,.T.);
#5861=ORIENTED_EDGE('',*,*,#5860,.F.);
#5863=ORIENTED_EDGE('',*,*,#5862,.F.);
#5865=ORIENTED_EDGE('',*,*,#5864,.T.);
#5866=EDGE_LOOP('',(#5849,#5851,#5852,#5853,#5855,#5857,#5859,#5861,#5863,
#5865));
#5867=FACE_OUTER_BOUND('',#5866,.F.);
#5868=ADVANCED_FACE('',(#5867),#5847,.T.);
#5869=CARTESIAN_POINT('',(-8.375E0,-4.525E0,1.E0));
#5870=DIRECTION('',(0.E0,0.E0,1.E0));
#5871=DIRECTION('',(1.E0,0.E0,0.E0));
#5872=AXIS2_PLACEMENT_3D('',#5869,#5870,#5871);
#5873=PLANE('',#5872);
#5874=ORIENTED_EDGE('',*,*,#5848,.T.);
#5876=ORIENTED_EDGE('',*,*,#5875,.F.);
#5878=ORIENTED_EDGE('',*,*,#5877,.F.);
#5880=ORIENTED_EDGE('',*,*,#5879,.F.);
#5881=EDGE_LOOP('',(#5874,#5876,#5878,#5880));
#5882=FACE_OUTER_BOUND('',#5881,.F.);
#5883=ADVANCED_FACE('',(#5882),#5873,.T.);
#5884=CARTESIAN_POINT('',(-8.375E0,-4.525E0,1.E0));
#5885=DIRECTION('',(0.E0,0.E0,1.E0));
#5886=DIRECTION('',(1.E0,0.E0,0.E0));
#5887=AXIS2_PLACEMENT_3D('',#5884,#5885,#5886);
#5888=PLANE('',#5887);
#5890=ORIENTED_EDGE('',*,*,#5889,.F.);
#5892=ORIENTED_EDGE('',*,*,#5891,.F.);
#5894=ORIENTED_EDGE('',*,*,#5893,.F.);
#5896=ORIENTED_EDGE('',*,*,#5895,.F.);
#5897=EDGE_LOOP('',(#5890,#5892,#5894,#5896));
#5898=FACE_OUTER_BOUND('',#5897,.F.);
#5899=ADVANCED_FACE('',(#5898),#5888,.T.);
#5900=CARTESIAN_POINT('',(-7.875E0,-2.975E0,1.6E0));
#5901=DIRECTION('',(0.E0,1.E0,0.E0));
#5902=DIRECTION('',(-1.E0,0.E0,0.E0));
#5903=AXIS2_PLACEMENT_3D('',#5900,#5901,#5902);
#5904=PLANE('',#5903);
#5905=ORIENTED_EDGE('',*,*,#5864,.F.);
#5907=ORIENTED_EDGE('',*,*,#5906,.T.);
#5909=ORIENTED_EDGE('',*,*,#5908,.T.);
#5910=ORIENTED_EDGE('',*,*,#5875,.T.);
#5911=EDGE_LOOP('',(#5905,#5907,#5909,#5910));
#5912=FACE_OUTER_BOUND('',#5911,.F.);
#5913=ADVANCED_FACE('',(#5912),#5904,.F.);
#5914=CARTESIAN_POINT('',(-8.375E0,-4.525E0,1.6E0));
#5915=DIRECTION('',(0.E0,0.E0,1.E0));
#5916=DIRECTION('',(1.E0,0.E0,0.E0));
#5917=AXIS2_PLACEMENT_3D('',#5914,#5915,#5916);
#5918=PLANE('',#5917);
#5920=ORIENTED_EDGE('',*,*,#5919,.T.);
#5922=ORIENTED_EDGE('',*,*,#5921,.F.);
#5924=ORIENTED_EDGE('',*,*,#5923,.F.);
#5926=ORIENTED_EDGE('',*,*,#5925,.T.);
#5928=ORIENTED_EDGE('',*,*,#5927,.T.);
#5930=ORIENTED_EDGE('',*,*,#5929,.F.);
#5932=ORIENTED_EDGE('',*,*,#5931,.F.);
#5934=ORIENTED_EDGE('',*,*,#5933,.T.);
#5936=ORIENTED_EDGE('',*,*,#5935,.T.);
#5938=ORIENTED_EDGE('',*,*,#5937,.F.);
#5940=ORIENTED_EDGE('',*,*,#5939,.F.);
#5942=ORIENTED_EDGE('',*,*,#5941,.T.);
#5944=ORIENTED_EDGE('',*,*,#5943,.T.);
#5946=ORIENTED_EDGE('',*,*,#5945,.F.);
#5948=ORIENTED_EDGE('',*,*,#5947,.F.);
#5950=ORIENTED_EDGE('',*,*,#5949,.T.);
#5952=ORIENTED_EDGE('',*,*,#5951,.T.);
#5954=ORIENTED_EDGE('',*,*,#5953,.F.);
#5956=ORIENTED_EDGE('',*,*,#5955,.F.);
#5958=ORIENTED_EDGE('',*,*,#5957,.T.);
#5960=ORIENTED_EDGE('',*,*,#5959,.T.);
#5962=ORIENTED_EDGE('',*,*,#5961,.F.);
#5964=ORIENTED_EDGE('',*,*,#5963,.F.);
#5966=ORIENTED_EDGE('',*,*,#5965,.T.);
#5968=ORIENTED_EDGE('',*,*,#5967,.T.);
#5970=ORIENTED_EDGE('',*,*,#5969,.F.);
#5972=ORIENTED_EDGE('',*,*,#5971,.F.);
#5974=ORIENTED_EDGE('',*,*,#5973,.T.);
#5976=ORIENTED_EDGE('',*,*,#5975,.T.);
#5978=ORIENTED_EDGE('',*,*,#5977,.F.);
#5980=ORIENTED_EDGE('',*,*,#5979,.F.);
#5982=ORIENTED_EDGE('',*,*,#5981,.T.);
#5984=ORIENTED_EDGE('',*,*,#5983,.T.);
#5986=ORIENTED_EDGE('',*,*,#5985,.F.);
#5988=ORIENTED_EDGE('',*,*,#5987,.F.);
#5990=ORIENTED_EDGE('',*,*,#5989,.T.);
#5992=ORIENTED_EDGE('',*,*,#5991,.T.);
#5994=ORIENTED_EDGE('',*,*,#5993,.F.);
#5996=ORIENTED_EDGE('',*,*,#5995,.F.);
#5998=ORIENTED_EDGE('',*,*,#5997,.T.);
#6000=ORIENTED_EDGE('',*,*,#5999,.T.);
#6002=ORIENTED_EDGE('',*,*,#6001,.F.);
#6004=ORIENTED_EDGE('',*,*,#6003,.F.);
#6006=ORIENTED_EDGE('',*,*,#6005,.T.);
#6008=ORIENTED_EDGE('',*,*,#6007,.T.);
#6010=ORIENTED_EDGE('',*,*,#6009,.F.);
#6012=ORIENTED_EDGE('',*,*,#6011,.F.);
#6014=ORIENTED_EDGE('',*,*,#6013,.T.);
#6016=ORIENTED_EDGE('',*,*,#6015,.T.);
#6018=ORIENTED_EDGE('',*,*,#6017,.F.);
#6020=ORIENTED_EDGE('',*,*,#6019,.F.);
#6022=ORIENTED_EDGE('',*,*,#6021,.T.);
#6023=ORIENTED_EDGE('',*,*,#5906,.F.);
#6024=ORIENTED_EDGE('',*,*,#5862,.T.);
#6026=ORIENTED_EDGE('',*,*,#6025,.T.);
#6028=ORIENTED_EDGE('',*,*,#6027,.T.);
#6030=ORIENTED_EDGE('',*,*,#6029,.T.);
#6032=ORIENTED_EDGE('',*,*,#6031,.T.);
#6034=ORIENTED_EDGE('',*,*,#6033,.F.);
#6036=ORIENTED_EDGE('',*,*,#6035,.F.);
#6037=EDGE_LOOP('',(#5920,#5922,#5924,#5926,#5928,#5930,#5932,#5934,#5936,#5938,
#5940,#5942,#5944,#5946,#5948,#5950,#5952,#5954,#5956,#5958,#5960,#5962,#5964,
#5966,#5968,#5970,#5972,#5974,#5976,#5978,#5980,#5982,#5984,#5986,#5988,#5990,
#5992,#5994,#5996,#5998,#6000,#6002,#6004,#6006,#6008,#6010,#6012,#6014,#6016,
#6018,#6020,#6022,#6023,#6024,#6026,#6028,#6030,#6032,#6034,#6036));
#6038=FACE_OUTER_BOUND('',#6037,.F.);
#6039=ADVANCED_FACE('',(#6038),#5918,.T.);
#6040=CARTESIAN_POINT('',(8.375E0,-2.975E0,1.6E0));
#6041=DIRECTION('',(0.E0,1.E0,0.E0));
#6042=DIRECTION('',(-1.E0,0.E0,0.E0));
#6043=AXIS2_PLACEMENT_3D('',#6040,#6041,#6042);
#6044=PLANE('',#6043);
#6045=ORIENTED_EDGE('',*,*,#5919,.F.);
#6047=ORIENTED_EDGE('',*,*,#6046,.T.);
#6048=ORIENTED_EDGE('',*,*,#5895,.T.);
#6050=ORIENTED_EDGE('',*,*,#6049,.F.);
#6051=EDGE_LOOP('',(#6045,#6047,#6048,#6050));
#6052=FACE_OUTER_BOUND('',#6051,.F.);
#6053=ADVANCED_FACE('',(#6052),#6044,.F.);
#6054=CARTESIAN_POINT('',(8.375E0,-4.525E0,1.6E0));
#6055=DIRECTION('',(1.E0,0.E0,0.E0));
#6056=DIRECTION('',(0.E0,0.E0,-1.E0));
#6057=AXIS2_PLACEMENT_3D('',#6054,#6055,#6056);
#6058=PLANE('',#6057);
#6059=ORIENTED_EDGE('',*,*,#5889,.T.);
#6060=ORIENTED_EDGE('',*,*,#6046,.F.);
#6061=ORIENTED_EDGE('',*,*,#6035,.T.);
#6063=ORIENTED_EDGE('',*,*,#6062,.T.);
#6065=ORIENTED_EDGE('',*,*,#6064,.F.);
#6067=ORIENTED_EDGE('',*,*,#6066,.T.);
#6069=ORIENTED_EDGE('',*,*,#6068,.F.);
#6070=ORIENTED_EDGE('',*,*,#5804,.F.);
#6071=ORIENTED_EDGE('',*,*,#5838,.T.);
#6073=ORIENTED_EDGE('',*,*,#6072,.F.);
#6074=EDGE_LOOP('',(#6059,#6060,#6061,#6063,#6065,#6067,#6069,#6070,#6071,
#6073));
#6075=FACE_OUTER_BOUND('',#6074,.F.);
#6076=ADVANCED_FACE('',(#6075),#6058,.T.);
#6077=CARTESIAN_POINT('',(7.425E0,-2.500000000001E-2,1.6E0));
#6078=DIRECTION('',(0.E0,-1.E0,0.E0));
#6079=DIRECTION('',(1.E0,0.E0,0.E0));
#6080=AXIS2_PLACEMENT_3D('',#6077,#6078,#6079);
#6081=PLANE('',#6080);
#6083=ORIENTED_EDGE('',*,*,#6082,.T.);
#6085=ORIENTED_EDGE('',*,*,#6084,.T.);
#6087=ORIENTED_EDGE('',*,*,#6086,.T.);
#6088=ORIENTED_EDGE('',*,*,#6062,.F.);
#6089=ORIENTED_EDGE('',*,*,#6033,.T.);
#6091=ORIENTED_EDGE('',*,*,#6090,.T.);
#6092=EDGE_LOOP('',(#6083,#6085,#6087,#6088,#6089,#6091));
#6093=FACE_OUTER_BOUND('',#6092,.F.);
#6094=ADVANCED_FACE('',(#6093),#6081,.F.);
#6095=CARTESIAN_POINT('',(7.6E0,-1.25E-1,1.3E0));
#6096=DIRECTION('',(0.E0,7.071067811865E-1,-7.071067811865E-1));
#6097=DIRECTION('',(0.E0,7.071067811865E-1,7.071067811865E-1));
#6098=AXIS2_PLACEMENT_3D('',#6095,#6096,#6097);
#6099=PLANE('',#6098);
#6100=ORIENTED_EDGE('',*,*,#6082,.F.);
#6102=ORIENTED_EDGE('',*,*,#6101,.T.);
#6104=ORIENTED_EDGE('',*,*,#6103,.T.);
#6106=ORIENTED_EDGE('',*,*,#6105,.T.);
#6107=EDGE_LOOP('',(#6100,#6102,#6104,#6106));
#6108=FACE_OUTER_BOUND('',#6107,.F.);
#6109=ADVANCED_FACE('',(#6108),#6099,.T.);
#6110=CARTESIAN_POINT('',(7.425E0,-6.25E-1,1.6E0));
#6111=DIRECTION('',(1.E0,0.E0,0.E0));
#6112=DIRECTION('',(0.E0,1.E0,0.E0));
#6113=AXIS2_PLACEMENT_3D('',#6110,#6111,#6112);
#6114=PLANE('',#6113);
#6116=ORIENTED_EDGE('',*,*,#6115,.T.);
#6118=ORIENTED_EDGE('',*,*,#6117,.F.);
#6120=ORIENTED_EDGE('',*,*,#6119,.T.);
#6121=ORIENTED_EDGE('',*,*,#6101,.F.);
#6122=ORIENTED_EDGE('',*,*,#6090,.F.);
#6123=ORIENTED_EDGE('',*,*,#6031,.F.);
#6124=EDGE_LOOP('',(#6116,#6118,#6120,#6121,#6122,#6123));
#6125=FACE_OUTER_BOUND('',#6124,.F.);
#6126=ADVANCED_FACE('',(#6125),#6114,.F.);
#6127=CARTESIAN_POINT('',(-7.425E0,-6.25E-1,1.6E0));
#6128=DIRECTION('',(0.E0,-1.E0,0.E0));
#6129=DIRECTION('',(1.E0,0.E0,0.E0));
#6130=AXIS2_PLACEMENT_3D('',#6127,#6128,#6129);
#6131=PLANE('',#6130);
#6133=ORIENTED_EDGE('',*,*,#6132,.T.);
#6134=ORIENTED_EDGE('',*,*,#6115,.F.);
#6135=ORIENTED_EDGE('',*,*,#6029,.F.);
#6137=ORIENTED_EDGE('',*,*,#6136,.T.);
#6138=EDGE_LOOP('',(#6133,#6134,#6135,#6137));
#6139=FACE_OUTER_BOUND('',#6138,.F.);
#6140=ADVANCED_FACE('',(#6139),#6131,.F.);
#6141=CARTESIAN_POINT('',(1.065814103640E-14,-7.25E-1,1.3E0));
#6142=DIRECTION('',(0.E0,7.071067811865E-1,-7.071067811865E-1));
#6143=DIRECTION('',(0.E0,7.071067811865E-1,7.071067811865E-1));
#6144=AXIS2_PLACEMENT_3D('',#6141,#6142,#6143);
#6145=PLANE('',#6144);
#6146=ORIENTED_EDGE('',*,*,#6132,.F.);
#6148=ORIENTED_EDGE('',*,*,#6147,.T.);
#6150=ORIENTED_EDGE('',*,*,#6149,.T.);
#6151=ORIENTED_EDGE('',*,*,#6117,.T.);
#6152=EDGE_LOOP('',(#6146,#6148,#6150,#6151));
#6153=FACE_OUTER_BOUND('',#6152,.F.);
#6154=ADVANCED_FACE('',(#6153),#6145,.T.);
#6155=CARTESIAN_POINT('',(-7.425E0,-2.500000000001E-2,1.6E0));
#6156=DIRECTION('',(-1.E0,0.E0,0.E0));
#6157=DIRECTION('',(0.E0,-1.E0,0.E0));
#6158=AXIS2_PLACEMENT_3D('',#6155,#6156,#6157);
#6159=PLANE('',#6158);
#6161=ORIENTED_EDGE('',*,*,#6160,.T.);
#6162=ORIENTED_EDGE('',*,*,#6147,.F.);
#6163=ORIENTED_EDGE('',*,*,#6136,.F.);
#6164=ORIENTED_EDGE('',*,*,#6027,.F.);
#6166=ORIENTED_EDGE('',*,*,#6165,.T.);
#6168=ORIENTED_EDGE('',*,*,#6167,.F.);
#6169=EDGE_LOOP('',(#6161,#6162,#6163,#6164,#6166,#6168));
#6170=FACE_OUTER_BOUND('',#6169,.F.);
#6171=ADVANCED_FACE('',(#6170),#6159,.F.);
#6172=CARTESIAN_POINT('',(-7.775E0,9.75E-1,1.2E0));
#6173=DIRECTION('',(0.E0,0.E0,1.E0));
#6174=DIRECTION('',(1.E0,0.E0,0.E0));
#6175=AXIS2_PLACEMENT_3D('',#6172,#6173,#6174);
#6176=PLANE('',#6175);
#6178=ORIENTED_EDGE('',*,*,#6177,.F.);
#6180=ORIENTED_EDGE('',*,*,#6179,.T.);
#6182=ORIENTED_EDGE('',*,*,#6181,.T.);
#6184=ORIENTED_EDGE('',*,*,#6183,.F.);
#6185=ORIENTED_EDGE('',*,*,#6103,.F.);
#6186=ORIENTED_EDGE('',*,*,#6119,.F.);
#6187=ORIENTED_EDGE('',*,*,#6149,.F.);
#6188=ORIENTED_EDGE('',*,*,#6160,.F.);
#6189=EDGE_LOOP('',(#6178,#6180,#6182,#6184,#6185,#6186,#6187,#6188));
#6190=FACE_OUTER_BOUND('',#6189,.F.);
#6191=ADVANCED_FACE('',(#6190),#6176,.F.);
#6192=CARTESIAN_POINT('',(-7.6E0,-1.25E-1,1.3E0));
#6193=DIRECTION('',(0.E0,7.071067811865E-1,-7.071067811865E-1));
#6194=DIRECTION('',(0.E0,7.071067811865E-1,7.071067811865E-1));
#6195=AXIS2_PLACEMENT_3D('',#6192,#6193,#6194);
#6196=PLANE('',#6195);
#6197=ORIENTED_EDGE('',*,*,#6167,.T.);
#6199=ORIENTED_EDGE('',*,*,#6198,.F.);
#6201=ORIENTED_EDGE('',*,*,#6200,.T.);
#6202=ORIENTED_EDGE('',*,*,#6177,.T.);
#6203=EDGE_LOOP('',(#6197,#6199,#6201,#6202));
#6204=FACE_OUTER_BOUND('',#6203,.F.);
#6205=ADVANCED_FACE('',(#6204),#6196,.T.);
#6206=CARTESIAN_POINT('',(-8.375E0,-2.500000000001E-2,1.6E0));
#6207=DIRECTION('',(0.E0,-1.E0,0.E0));
#6208=DIRECTION('',(1.E0,0.E0,0.E0));
#6209=AXIS2_PLACEMENT_3D('',#6206,#6207,#6208);
#6210=PLANE('',#6209);
#6211=ORIENTED_EDGE('',*,*,#6198,.T.);
#6212=ORIENTED_EDGE('',*,*,#6165,.F.);
#6213=ORIENTED_EDGE('',*,*,#6025,.F.);
#6214=ORIENTED_EDGE('',*,*,#5860,.T.);
#6216=ORIENTED_EDGE('',*,*,#6215,.T.);
#6218=ORIENTED_EDGE('',*,*,#6217,.F.);
#6219=EDGE_LOOP('',(#6211,#6212,#6213,#6214,#6216,#6218));
#6220=FACE_OUTER_BOUND('',#6219,.F.);
#6221=ADVANCED_FACE('',(#6220),#6210,.F.);
#6222=CARTESIAN_POINT('',(-8.375E0,-4.525E0,1.2E0));
#6223=DIRECTION('',(0.E0,0.E0,1.E0));
#6224=DIRECTION('',(-1.E0,0.E0,0.E0));
#6225=AXIS2_PLACEMENT_3D('',#6222,#6223,#6224);
#6226=PLANE('',#6225);
#6227=ORIENTED_EDGE('',*,*,#6215,.F.);
#6228=ORIENTED_EDGE('',*,*,#5858,.F.);
#6230=ORIENTED_EDGE('',*,*,#6229,.T.);
#6232=ORIENTED_EDGE('',*,*,#6231,.T.);
#6234=ORIENTED_EDGE('',*,*,#6233,.T.);
#6235=EDGE_LOOP('',(#6227,#6228,#6230,#6232,#6234));
#6236=FACE_OUTER_BOUND('',#6235,.F.);
#6237=ADVANCED_FACE('',(#6236),#6226,.T.);
#6238=CARTESIAN_POINT('',(-8.375E0,-4.525E0,1.2E0));
#6239=DIRECTION('',(0.E0,0.E0,1.E0));
#6240=DIRECTION('',(-1.E0,0.E0,0.E0));
#6241=AXIS2_PLACEMENT_3D('',#6238,#6239,#6240);
#6242=PLANE('',#6241);
#6243=ORIENTED_EDGE('',*,*,#6086,.F.);
#6245=ORIENTED_EDGE('',*,*,#6244,.F.);
#6247=ORIENTED_EDGE('',*,*,#6246,.F.);
#6249=ORIENTED_EDGE('',*,*,#6248,.T.);
#6250=ORIENTED_EDGE('',*,*,#6064,.T.);
#6251=EDGE_LOOP('',(#6243,#6245,#6247,#6249,#6250));
#6252=FACE_OUTER_BOUND('',#6251,.F.);
#6253=ADVANCED_FACE('',(#6252),#6242,.T.);
#6254=CARTESIAN_POINT('',(0.E0,9.75E-1,0.E0));
#6255=DIRECTION('',(0.E0,1.E0,0.E0));
#6256=DIRECTION('',(1.E0,0.E0,0.E0));
#6257=AXIS2_PLACEMENT_3D('',#6254,#6255,#6256);
#6258=PLANE('',#6257);
#6260=ORIENTED_EDGE('',*,*,#6259,.T.);
#6262=ORIENTED_EDGE('',*,*,#6261,.F.);
#6263=ORIENTED_EDGE('',*,*,#6229,.F.);
#6264=ORIENTED_EDGE('',*,*,#5856,.F.);
#6266=ORIENTED_EDGE('',*,*,#6265,.F.);
#6268=ORIENTED_EDGE('',*,*,#6267,.T.);
#6270=ORIENTED_EDGE('',*,*,#6269,.T.);
#6272=ORIENTED_EDGE('',*,*,#6271,.F.);
#6274=ORIENTED_EDGE('',*,*,#6273,.F.);
#6275=ORIENTED_EDGE('',*,*,#6066,.F.);
#6276=ORIENTED_EDGE('',*,*,#6248,.F.);
#6278=ORIENTED_EDGE('',*,*,#6277,.F.);
#6280=ORIENTED_EDGE('',*,*,#6279,.T.);
#6282=ORIENTED_EDGE('',*,*,#6281,.F.);
#6284=ORIENTED_EDGE('',*,*,#6283,.F.);
#6286=ORIENTED_EDGE('',*,*,#6285,.F.);
#6287=EDGE_LOOP('',(#6260,#6262,#6263,#6264,#6266,#6268,#6270,#6272,#6274,#6275,
#6276,#6278,#6280,#6282,#6284,#6286));
#6288=FACE_OUTER_BOUND('',#6287,.F.);
#6289=ADVANCED_FACE('',(#6288),#6258,.T.);
#6290=CARTESIAN_POINT('',(-8.075E0,9.75E-1,-4.5E-1));
#6291=DIRECTION('',(-1.E0,0.E0,0.E0));
#6292=DIRECTION('',(0.E0,0.E0,1.E0));
#6293=AXIS2_PLACEMENT_3D('',#6290,#6291,#6292);
#6294=PLANE('',#6293);
#6295=ORIENTED_EDGE('',*,*,#6259,.F.);
#6297=ORIENTED_EDGE('',*,*,#6296,.T.);
#6299=ORIENTED_EDGE('',*,*,#6298,.T.);
#6301=ORIENTED_EDGE('',*,*,#6300,.F.);
#6302=EDGE_LOOP('',(#6295,#6297,#6299,#6301));
#6303=FACE_OUTER_BOUND('',#6302,.F.);
#6304=ADVANCED_FACE('',(#6303),#6294,.F.);
#6305=CARTESIAN_POINT('',(-7.775E0,9.75E-1,-4.5E-1));
#6306=DIRECTION('',(0.E0,0.E0,-1.E0));
#6307=DIRECTION('',(-1.E0,0.E0,0.E0));
#6308=AXIS2_PLACEMENT_3D('',#6305,#6306,#6307);
#6309=PLANE('',#6308);
#6311=ORIENTED_EDGE('',*,*,#6310,.F.);
#6313=ORIENTED_EDGE('',*,*,#6312,.T.);
#6314=ORIENTED_EDGE('',*,*,#6296,.F.);
#6316=ORIENTED_EDGE('',*,*,#6315,.T.);
#6317=EDGE_LOOP('',(#6311,#6313,#6314,#6316));
#6318=FACE_OUTER_BOUND('',#6317,.F.);
#6319=ADVANCED_FACE('',(#6318),#6309,.F.);
#6320=CARTESIAN_POINT('',(-7.775E0,9.75E-1,-1.2E0));
#6321=DIRECTION('',(-1.E0,0.E0,0.E0));
#6322=DIRECTION('',(0.E0,0.E0,1.E0));
#6323=AXIS2_PLACEMENT_3D('',#6320,#6321,#6322);
#6324=PLANE('',#6323);
#6326=ORIENTED_EDGE('',*,*,#6325,.F.);
#6328=ORIENTED_EDGE('',*,*,#6327,.T.);
#6329=ORIENTED_EDGE('',*,*,#6179,.F.);
#6330=ORIENTED_EDGE('',*,*,#6200,.F.);
#6331=ORIENTED_EDGE('',*,*,#6217,.T.);
#6332=ORIENTED_EDGE('',*,*,#6233,.F.);
#6334=ORIENTED_EDGE('',*,*,#6333,.F.);
#6335=EDGE_LOOP('',(#6326,#6328,#6329,#6330,#6331,#6332,#6334));
#6336=FACE_OUTER_BOUND('',#6335,.F.);
#6337=ADVANCED_FACE('',(#6336),#6324,.F.);
#6338=CARTESIAN_POINT('',(-7.775E0,9.75E-1,-1.2E0));
#6339=DIRECTION('',(-1.E0,0.E0,0.E0));
#6340=DIRECTION('',(0.E0,0.E0,1.E0));
#6341=AXIS2_PLACEMENT_3D('',#6338,#6339,#6340);
#6342=PLANE('',#6341);
#6343=ORIENTED_EDGE('',*,*,#6310,.T.);
#6345=ORIENTED_EDGE('',*,*,#6344,.F.);
#6347=ORIENTED_EDGE('',*,*,#6346,.T.);
#6349=ORIENTED_EDGE('',*,*,#6348,.T.);
#6350=EDGE_LOOP('',(#6343,#6345,#6347,#6349));
#6351=FACE_OUTER_BOUND('',#6350,.F.);
#6352=ADVANCED_FACE('',(#6351),#6342,.F.);
#6353=CARTESIAN_POINT('',(-8.075E0,9.75E-1,4.E-1));
#6354=DIRECTION('',(0.E0,0.E0,1.E0));
#6355=DIRECTION('',(1.E0,0.E0,0.E0));
#6356=AXIS2_PLACEMENT_3D('',#6353,#6354,#6355);
#6357=PLANE('',#6356);
#6358=ORIENTED_EDGE('',*,*,#6325,.T.);
#6360=ORIENTED_EDGE('',*,*,#6359,.F.);
#6361=ORIENTED_EDGE('',*,*,#6300,.T.);
#6363=ORIENTED_EDGE('',*,*,#6362,.T.);
#6364=EDGE_LOOP('',(#6358,#6360,#6361,#6363));
#6365=FACE_OUTER_BOUND('',#6364,.F.);
#6366=ADVANCED_FACE('',(#6365),#6357,.F.);
#6367=CARTESIAN_POINT('',(-8.075E0,9.75E-1,-1.2E0));
#6368=DIRECTION('',(5.547001962252E-1,8.320502943378E-1,0.E0));
#6369=DIRECTION('',(0.E0,0.E0,1.E0));
#6370=AXIS2_PLACEMENT_3D('',#6367,#6368,#6369);
#6371=PLANE('',#6370);
#6372=ORIENTED_EDGE('',*,*,#6359,.T.);
#6373=ORIENTED_EDGE('',*,*,#6333,.T.);
#6374=ORIENTED_EDGE('',*,*,#6231,.F.);
#6375=ORIENTED_EDGE('',*,*,#6261,.T.);
#6376=EDGE_LOOP('',(#6372,#6373,#6374,#6375));
#6377=FACE_OUTER_BOUND('',#6376,.F.);
#6378=ADVANCED_FACE('',(#6377),#6371,.T.);
#6379=CARTESIAN_POINT('',(-8.075E0,9.75E-1,-1.2E0));
#6380=DIRECTION('',(5.547001962252E-1,8.320502943378E-1,0.E0));
#6381=DIRECTION('',(0.E0,0.E0,1.E0));
#6382=AXIS2_PLACEMENT_3D('',#6379,#6380,#6381);
#6383=PLANE('',#6382);
#6384=ORIENTED_EDGE('',*,*,#6315,.F.);
#6385=ORIENTED_EDGE('',*,*,#6285,.T.);
#6387=ORIENTED_EDGE('',*,*,#6386,.F.);
#6388=ORIENTED_EDGE('',*,*,#6344,.T.);
#6389=EDGE_LOOP('',(#6384,#6385,#6387,#6388));
#6390=FACE_OUTER_BOUND('',#6389,.F.);
#6391=ADVANCED_FACE('',(#6390),#6383,.T.);
#6392=CARTESIAN_POINT('',(0.E0,8.75E-1,-1.3E0));
#6393=DIRECTION('',(0.E0,7.071067811865E-1,7.071067811865E-1));
#6394=DIRECTION('',(0.E0,-7.071067811865E-1,7.071067811865E-1));
#6395=AXIS2_PLACEMENT_3D('',#6392,#6393,#6394);
#6396=PLANE('',#6395);
#6398=ORIENTED_EDGE('',*,*,#6397,.F.);
#6399=ORIENTED_EDGE('',*,*,#6386,.T.);
#6400=ORIENTED_EDGE('',*,*,#6283,.T.);
#6402=ORIENTED_EDGE('',*,*,#6401,.T.);
#6403=EDGE_LOOP('',(#6398,#6399,#6400,#6402));
#6404=FACE_OUTER_BOUND('',#6403,.F.);
#6405=ADVANCED_FACE('',(#6404),#6396,.T.);
#6406=CARTESIAN_POINT('',(7.775E0,9.75E-1,-1.2E0));
#6407=DIRECTION('',(0.E0,0.E0,-1.E0));
#6408=DIRECTION('',(-1.E0,0.E0,0.E0));
#6409=AXIS2_PLACEMENT_3D('',#6406,#6407,#6408);
#6410=PLANE('',#6409);
#6411=ORIENTED_EDGE('',*,*,#6397,.T.);
#6413=ORIENTED_EDGE('',*,*,#6412,.T.);
#6415=ORIENTED_EDGE('',*,*,#6414,.T.);
#6416=ORIENTED_EDGE('',*,*,#6346,.F.);
#6417=EDGE_LOOP('',(#6411,#6413,#6415,#6416));
#6418=FACE_OUTER_BOUND('',#6417,.F.);
#6420=ORIENTED_EDGE('',*,*,#6419,.F.);
#6422=ORIENTED_EDGE('',*,*,#6421,.F.);
#6424=ORIENTED_EDGE('',*,*,#6423,.T.);
#6426=ORIENTED_EDGE('',*,*,#6425,.T.);
#6427=EDGE_LOOP('',(#6420,#6422,#6424,#6426));
#6428=FACE_BOUND('',#6427,.F.);
#6430=ORIENTED_EDGE('',*,*,#6429,.F.);
#6432=ORIENTED_EDGE('',*,*,#6431,.F.);
#6434=ORIENTED_EDGE('',*,*,#6433,.T.);
#6436=ORIENTED_EDGE('',*,*,#6435,.T.);
#6437=EDGE_LOOP('',(#6430,#6432,#6434,#6436));
#6438=FACE_BOUND('',#6437,.F.);
#6439=ADVANCED_FACE('',(#6418,#6428,#6438),#6410,.F.);
#6440=CARTESIAN_POINT('',(7.775E0,9.75E-1,1.2E0));
#6441=DIRECTION('',(1.E0,0.E0,0.E0));
#6442=DIRECTION('',(0.E0,0.E0,-1.E0));
#6443=AXIS2_PLACEMENT_3D('',#6440,#6441,#6442);
#6444=PLANE('',#6443);
#6446=ORIENTED_EDGE('',*,*,#6445,.F.);
#6448=ORIENTED_EDGE('',*,*,#6447,.T.);
#6449=ORIENTED_EDGE('',*,*,#6412,.F.);
#6451=ORIENTED_EDGE('',*,*,#6450,.F.);
#6452=EDGE_LOOP('',(#6446,#6448,#6449,#6451));
#6453=FACE_OUTER_BOUND('',#6452,.F.);
#6454=ADVANCED_FACE('',(#6453),#6444,.F.);
#6455=CARTESIAN_POINT('',(7.775E0,9.75E-1,1.2E0));
#6456=DIRECTION('',(1.E0,0.E0,0.E0));
#6457=DIRECTION('',(0.E0,0.E0,-1.E0));
#6458=AXIS2_PLACEMENT_3D('',#6455,#6456,#6457);
#6459=PLANE('',#6458);
#6461=ORIENTED_EDGE('',*,*,#6460,.T.);
#6463=ORIENTED_EDGE('',*,*,#6462,.F.);
#6464=ORIENTED_EDGE('',*,*,#6244,.T.);
#6465=ORIENTED_EDGE('',*,*,#6084,.F.);
#6466=ORIENTED_EDGE('',*,*,#6105,.F.);
#6467=ORIENTED_EDGE('',*,*,#6183,.T.);
#6469=ORIENTED_EDGE('',*,*,#6468,.T.);
#6470=EDGE_LOOP('',(#6461,#6463,#6464,#6465,#6466,#6467,#6469));
#6471=FACE_OUTER_BOUND('',#6470,.F.);
#6472=ADVANCED_FACE('',(#6471),#6459,.F.);
#6473=CARTESIAN_POINT('',(8.075E0,9.75E-1,-4.5E-1));
#6474=DIRECTION('',(0.E0,0.E0,-1.E0));
#6475=DIRECTION('',(-1.E0,0.E0,0.E0));
#6476=AXIS2_PLACEMENT_3D('',#6473,#6474,#6475);
#6477=PLANE('',#6476);
#6478=ORIENTED_EDGE('',*,*,#6445,.T.);
#6480=ORIENTED_EDGE('',*,*,#6479,.F.);
#6482=ORIENTED_EDGE('',*,*,#6481,.T.);
#6484=ORIENTED_EDGE('',*,*,#6483,.T.);
#6485=EDGE_LOOP('',(#6478,#6480,#6482,#6484));
#6486=FACE_OUTER_BOUND('',#6485,.F.);
#6487=ADVANCED_FACE('',(#6486),#6477,.F.);
#6488=CARTESIAN_POINT('',(8.075E0,9.75E-1,1.2E0));
#6489=DIRECTION('',(-5.547001962252E-1,8.320502943378E-1,0.E0));
#6490=DIRECTION('',(0.E0,0.E0,-1.E0));
#6491=AXIS2_PLACEMENT_3D('',#6488,#6489,#6490);
#6492=PLANE('',#6491);
#6493=ORIENTED_EDGE('',*,*,#6479,.T.);
#6494=ORIENTED_EDGE('',*,*,#6450,.T.);
#6495=ORIENTED_EDGE('',*,*,#6401,.F.);
#6496=ORIENTED_EDGE('',*,*,#6281,.T.);
#6497=EDGE_LOOP('',(#6493,#6494,#6495,#6496));
#6498=FACE_OUTER_BOUND('',#6497,.F.);
#6499=ADVANCED_FACE('',(#6498),#6492,.T.);
#6500=CARTESIAN_POINT('',(8.075E0,9.75E-1,1.2E0));
#6501=DIRECTION('',(-5.547001962252E-1,8.320502943378E-1,0.E0));
#6502=DIRECTION('',(0.E0,0.E0,-1.E0));
#6503=AXIS2_PLACEMENT_3D('',#6500,#6501,#6502);
#6504=PLANE('',#6503);
#6506=ORIENTED_EDGE('',*,*,#6505,.F.);
#6507=ORIENTED_EDGE('',*,*,#6277,.T.);
#6508=ORIENTED_EDGE('',*,*,#6246,.T.);
#6509=ORIENTED_EDGE('',*,*,#6462,.T.);
#6510=EDGE_LOOP('',(#6506,#6507,#6508,#6509));
#6511=FACE_OUTER_BOUND('',#6510,.F.);
#6512=ADVANCED_FACE('',(#6511),#6504,.T.);
#6513=CARTESIAN_POINT('',(7.775E0,9.75E-1,4.E-1));
#6514=DIRECTION('',(0.E0,0.E0,1.E0));
#6515=DIRECTION('',(1.E0,0.E0,0.E0));
#6516=AXIS2_PLACEMENT_3D('',#6513,#6514,#6515);
#6517=PLANE('',#6516);
#6518=ORIENTED_EDGE('',*,*,#6460,.F.);
#6520=ORIENTED_EDGE('',*,*,#6519,.T.);
#6522=ORIENTED_EDGE('',*,*,#6521,.F.);
#6523=ORIENTED_EDGE('',*,*,#6505,.T.);
#6524=EDGE_LOOP('',(#6518,#6520,#6522,#6523));
#6525=FACE_OUTER_BOUND('',#6524,.F.);
#6526=ADVANCED_FACE('',(#6525),#6517,.F.);
#6527=CARTESIAN_POINT('',(0.E0,-1.975E0,0.E0));
#6528=DIRECTION('',(0.E0,1.E0,0.E0));
#6529=DIRECTION('',(1.E0,0.E0,0.E0));
#6530=AXIS2_PLACEMENT_3D('',#6527,#6528,#6529);
#6531=PLANE('',#6530);
#6532=ORIENTED_EDGE('',*,*,#6447,.F.);
#6533=ORIENTED_EDGE('',*,*,#6483,.F.);
#6535=ORIENTED_EDGE('',*,*,#6534,.F.);
#6536=ORIENTED_EDGE('',*,*,#6519,.F.);
#6537=ORIENTED_EDGE('',*,*,#6468,.F.);
#6538=ORIENTED_EDGE('',*,*,#6181,.F.);
#6539=ORIENTED_EDGE('',*,*,#6327,.F.);
#6540=ORIENTED_EDGE('',*,*,#6362,.F.);
#6541=ORIENTED_EDGE('',*,*,#6298,.F.);
#6542=ORIENTED_EDGE('',*,*,#6312,.F.);
#6543=ORIENTED_EDGE('',*,*,#6348,.F.);
#6544=ORIENTED_EDGE('',*,*,#6414,.F.);
#6545=EDGE_LOOP('',(#6532,#6533,#6535,#6536,#6537,#6538,#6539,#6540,#6541,#6542,
#6543,#6544));
#6546=FACE_OUTER_BOUND('',#6545,.F.);
#6548=ORIENTED_EDGE('',*,*,#6547,.T.);
#6550=ORIENTED_EDGE('',*,*,#6549,.F.);
#6552=ORIENTED_EDGE('',*,*,#6551,.F.);
#6554=ORIENTED_EDGE('',*,*,#6553,.T.);
#6555=EDGE_LOOP('',(#6548,#6550,#6552,#6554));
#6556=FACE_BOUND('',#6555,.F.);
#6558=ORIENTED_EDGE('',*,*,#6557,.T.);
#6560=ORIENTED_EDGE('',*,*,#6559,.F.);
#6562=ORIENTED_EDGE('',*,*,#6561,.F.);
#6564=ORIENTED_EDGE('',*,*,#6563,.T.);
#6565=EDGE_LOOP('',(#6558,#6560,#6562,#6564));
#6566=FACE_BOUND('',#6565,.F.);
#6568=ORIENTED_EDGE('',*,*,#6567,.T.);
#6570=ORIENTED_EDGE('',*,*,#6569,.F.);
#6572=ORIENTED_EDGE('',*,*,#6571,.F.);
#6574=ORIENTED_EDGE('',*,*,#6573,.T.);
#6575=EDGE_LOOP('',(#6568,#6570,#6572,#6574));
#6576=FACE_BOUND('',#6575,.F.);
#6578=ORIENTED_EDGE('',*,*,#6577,.T.);
#6580=ORIENTED_EDGE('',*,*,#6579,.F.);
#6582=ORIENTED_EDGE('',*,*,#6581,.F.);
#6584=ORIENTED_EDGE('',*,*,#6583,.T.);
#6585=EDGE_LOOP('',(#6578,#6580,#6582,#6584));
#6586=FACE_BOUND('',#6585,.F.);
#6588=ORIENTED_EDGE('',*,*,#6587,.T.);
#6590=ORIENTED_EDGE('',*,*,#6589,.F.);
#6592=ORIENTED_EDGE('',*,*,#6591,.F.);
#6594=ORIENTED_EDGE('',*,*,#6593,.T.);
#6595=EDGE_LOOP('',(#6588,#6590,#6592,#6594));
#6596=FACE_BOUND('',#6595,.F.);
#6598=ORIENTED_EDGE('',*,*,#6597,.T.);
#6600=ORIENTED_EDGE('',*,*,#6599,.F.);
#6602=ORIENTED_EDGE('',*,*,#6601,.F.);
#6604=ORIENTED_EDGE('',*,*,#6603,.T.);
#6605=EDGE_LOOP('',(#6598,#6600,#6602,#6604));
#6606=FACE_BOUND('',#6605,.F.);
#6608=ORIENTED_EDGE('',*,*,#6607,.T.);
#6610=ORIENTED_EDGE('',*,*,#6609,.F.);
#6612=ORIENTED_EDGE('',*,*,#6611,.F.);
#6614=ORIENTED_EDGE('',*,*,#6613,.T.);
#6615=EDGE_LOOP('',(#6608,#6610,#6612,#6614));
#6616=FACE_BOUND('',#6615,.F.);
#6618=ORIENTED_EDGE('',*,*,#6617,.T.);
#6620=ORIENTED_EDGE('',*,*,#6619,.F.);
#6622=ORIENTED_EDGE('',*,*,#6621,.F.);
#6624=ORIENTED_EDGE('',*,*,#6623,.T.);
#6625=EDGE_LOOP('',(#6618,#6620,#6622,#6624));
#6626=FACE_BOUND('',#6625,.F.);
#6628=ORIENTED_EDGE('',*,*,#6627,.T.);
#6630=ORIENTED_EDGE('',*,*,#6629,.F.);
#6632=ORIENTED_EDGE('',*,*,#6631,.F.);
#6634=ORIENTED_EDGE('',*,*,#6633,.T.);
#6635=EDGE_LOOP('',(#6628,#6630,#6632,#6634));
#6636=FACE_BOUND('',#6635,.F.);
#6638=ORIENTED_EDGE('',*,*,#6637,.T.);
#6640=ORIENTED_EDGE('',*,*,#6639,.F.);
#6642=ORIENTED_EDGE('',*,*,#6641,.F.);
#6644=ORIENTED_EDGE('',*,*,#6643,.T.);
#6645=EDGE_LOOP('',(#6638,#6640,#6642,#6644));
#6646=FACE_BOUND('',#6645,.F.);
#6648=ORIENTED_EDGE('',*,*,#6647,.T.);
#6650=ORIENTED_EDGE('',*,*,#6649,.F.);
#6652=ORIENTED_EDGE('',*,*,#6651,.F.);
#6654=ORIENTED_EDGE('',*,*,#6653,.T.);
#6655=EDGE_LOOP('',(#6648,#6650,#6652,#6654));
#6656=FACE_BOUND('',#6655,.F.);
#6658=ORIENTED_EDGE('',*,*,#6657,.T.);
#6660=ORIENTED_EDGE('',*,*,#6659,.F.);
#6662=ORIENTED_EDGE('',*,*,#6661,.F.);
#6664=ORIENTED_EDGE('',*,*,#6663,.T.);
#6665=EDGE_LOOP('',(#6658,#6660,#6662,#6664));
#6666=FACE_BOUND('',#6665,.F.);
#6667=ADVANCED_FACE('',(#6546,#6556,#6566,#6576,#6586,#6596,#6606,#6616,#6626,
#6636,#6646,#6656,#6666),#6531,.T.);
#6668=CARTESIAN_POINT('',(8.075E0,9.75E-1,4.E-1));
#6669=DIRECTION('',(1.E0,0.E0,0.E0));
#6670=DIRECTION('',(0.E0,0.E0,-1.E0));
#6671=AXIS2_PLACEMENT_3D('',#6668,#6669,#6670);
#6672=PLANE('',#6671);
#6673=ORIENTED_EDGE('',*,*,#6279,.F.);
#6674=ORIENTED_EDGE('',*,*,#6521,.T.);
#6675=ORIENTED_EDGE('',*,*,#6534,.T.);
#6676=ORIENTED_EDGE('',*,*,#6481,.F.);
#6677=EDGE_LOOP('',(#6673,#6674,#6675,#6676));
#6678=FACE_OUTER_BOUND('',#6677,.F.);
#6679=ADVANCED_FACE('',(#6678),#6672,.F.);
#6680=CARTESIAN_POINT('',(6.875E0,-1.05E0,-1.75E-1));
#6681=DIRECTION('',(0.E0,0.E0,1.E0));
#6682=DIRECTION('',(1.E0,0.E0,0.E0));
#6683=AXIS2_PLACEMENT_3D('',#6680,#6681,#6682);
#6684=PLANE('',#6683);
#6685=ORIENTED_EDGE('',*,*,#6547,.F.);
#6687=ORIENTED_EDGE('',*,*,#6686,.F.);
#6689=ORIENTED_EDGE('',*,*,#6688,.F.);
#6691=ORIENTED_EDGE('',*,*,#6690,.T.);
#6692=EDGE_LOOP('',(#6685,#6687,#6689,#6691));
#6693=FACE_OUTER_BOUND('',#6692,.F.);
#6694=ADVANCED_FACE('',(#6693),#6684,.T.);
#6695=CARTESIAN_POINT('',(6.715E0,-1.05E0,-4.75E-1));
#6696=DIRECTION('',(1.E0,0.E0,0.E0));
#6697=DIRECTION('',(0.E0,1.E0,0.E0));
#6698=AXIS2_PLACEMENT_3D('',#6695,#6696,#6697);
#6699=PLANE('',#6698);
#6700=ORIENTED_EDGE('',*,*,#6553,.F.);
#6702=ORIENTED_EDGE('',*,*,#6701,.F.);
#6704=ORIENTED_EDGE('',*,*,#6703,.F.);
#6705=ORIENTED_EDGE('',*,*,#6686,.T.);
#6706=EDGE_LOOP('',(#6700,#6702,#6704,#6705));
#6707=FACE_OUTER_BOUND('',#6706,.F.);
#6708=ADVANCED_FACE('',(#6707),#6699,.F.);
#6709=CARTESIAN_POINT('',(6.715E0,-1.05E0,-4.75E-1));
#6710=DIRECTION('',(1.E0,0.E0,0.E0));
#6711=DIRECTION('',(0.E0,1.E0,0.E0));
#6712=AXIS2_PLACEMENT_3D('',#6709,#6710,#6711);
#6713=PLANE('',#6712);
#6715=ORIENTED_EDGE('',*,*,#6714,.T.);
#6717=ORIENTED_EDGE('',*,*,#6716,.F.);
#6719=ORIENTED_EDGE('',*,*,#6718,.T.);
#6721=ORIENTED_EDGE('',*,*,#6720,.T.);
#6723=ORIENTED_EDGE('',*,*,#6722,.T.);
#6725=ORIENTED_EDGE('',*,*,#6724,.T.);
#6727=ORIENTED_EDGE('',*,*,#6726,.F.);
#6729=ORIENTED_EDGE('',*,*,#6728,.F.);
#6730=EDGE_LOOP('',(#6715,#6717,#6719,#6721,#6723,#6725,#6727,#6729));
#6731=FACE_OUTER_BOUND('',#6730,.F.);
#6732=ADVANCED_FACE('',(#6731),#6713,.F.);
#6733=CARTESIAN_POINT('',(6.875E0,-1.05E0,-7.75E-1));
#6734=DIRECTION('',(0.E0,0.E0,1.E0));
#6735=DIRECTION('',(1.E0,0.E0,0.E0));
#6736=AXIS2_PLACEMENT_3D('',#6733,#6734,#6735);
#6737=PLANE('',#6736);
#6738=ORIENTED_EDGE('',*,*,#6551,.T.);
#6740=ORIENTED_EDGE('',*,*,#6739,.F.);
#6742=ORIENTED_EDGE('',*,*,#6741,.F.);
#6743=ORIENTED_EDGE('',*,*,#6701,.T.);
#6744=EDGE_LOOP('',(#6738,#6740,#6742,#6743));
#6745=FACE_OUTER_BOUND('',#6744,.F.);
#6746=ADVANCED_FACE('',(#6745),#6737,.F.);
#6747=CARTESIAN_POINT('',(7.035E0,-1.05E0,-4.75E-1));
#6748=DIRECTION('',(1.E0,0.E0,0.E0));
#6749=DIRECTION('',(0.E0,1.E0,0.E0));
#6750=AXIS2_PLACEMENT_3D('',#6747,#6748,#6749);
#6751=PLANE('',#6750);
#6752=ORIENTED_EDGE('',*,*,#6549,.T.);
#6753=ORIENTED_EDGE('',*,*,#6690,.F.);
#6755=ORIENTED_EDGE('',*,*,#6754,.F.);
#6756=ORIENTED_EDGE('',*,*,#6739,.T.);
#6757=EDGE_LOOP('',(#6752,#6753,#6755,#6756));
#6758=FACE_OUTER_BOUND('',#6757,.F.);
#6759=ADVANCED_FACE('',(#6758),#6751,.T.);
#6760=CARTESIAN_POINT('',(7.035E0,-1.05E0,-4.75E-1));
#6761=DIRECTION('',(1.E0,0.E0,0.E0));
#6762=DIRECTION('',(0.E0,1.E0,0.E0));
#6763=AXIS2_PLACEMENT_3D('',#6760,#6761,#6762);
#6764=PLANE('',#6763);
#6766=ORIENTED_EDGE('',*,*,#6765,.F.);
#6768=ORIENTED_EDGE('',*,*,#6767,.T.);
#6770=ORIENTED_EDGE('',*,*,#6769,.T.);
#6772=ORIENTED_EDGE('',*,*,#6771,.T.);
#6774=ORIENTED_EDGE('',*,*,#6773,.F.);
#6776=ORIENTED_EDGE('',*,*,#6775,.F.);
#6778=ORIENTED_EDGE('',*,*,#6777,.F.);
#6780=ORIENTED_EDGE('',*,*,#6779,.T.);
#6781=EDGE_LOOP('',(#6766,#6768,#6770,#6772,#6774,#6776,#6778,#6780));
#6782=FACE_OUTER_BOUND('',#6781,.F.);
#6783=ADVANCED_FACE('',(#6782),#6764,.T.);
#6784=CARTESIAN_POINT('',(6.971898522606E0,2.849555100070E-1,
-6.918346114804E-1));
#6785=CARTESIAN_POINT('',(7.015118127069E0,1.480364532166E-1,
-7.720024864304E-1));
#6786=CARTESIAN_POINT('',(7.036136180707E0,7.547482004589E-3,
-8.109887917598E-1));
#6787=CARTESIAN_POINT('',(7.034952683522E0,-1.365114036291E-1,
-8.087935274685E-1));
#6788=CARTESIAN_POINT('',(6.971898522606E0,2.850254352060E-1,
-6.520282194885E-1));
#6789=CARTESIAN_POINT('',(7.015118127069E0,1.471201366365E-1,
-7.174789151393E-1));
#6790=CARTESIAN_POINT('',(7.036136180707E0,6.633569618650E-3,
-7.493081335919E-1));
#6791=CARTESIAN_POINT('',(7.034952683522E0,-1.364342658475E-1,
-7.475158748462E-1));
#6792=CARTESIAN_POINT('',(6.971898522606E0,2.851194487553E-1,
-5.797500156617E-1));
#6793=CARTESIAN_POINT('',(7.015118127069E0,1.458881605359E-1,
-6.184780863292E-1));
#6794=CARTESIAN_POINT('',(7.036136180707E0,5.404825926915E-3,
-6.373118696720E-1));
#6795=CARTESIAN_POINT('',(7.034952683522E0,-1.363305550716E-1,
-6.362513656901E-1));
#6796=CARTESIAN_POINT('',(6.971898522606E0,2.851631586143E-1,-4.75E-1));
#6797=CARTESIAN_POINT('',(7.015118127069E0,1.453153760585E-1,-4.75E-1));
#6798=CARTESIAN_POINT('',(7.036136180707E0,4.833544298195E-3,-4.75E-1));
#6799=CARTESIAN_POINT('',(7.034952683522E0,-1.362823366666E-1,-4.75E-1));
#6800=CARTESIAN_POINT('',(6.971898522606E0,2.851194487553E-1,
-3.702499843383E-1));
#6801=CARTESIAN_POINT('',(7.015118127069E0,1.458881605359E-1,
-3.315219136708E-1));
#6802=CARTESIAN_POINT('',(7.036136180707E0,5.404825926915E-3,
-3.126881303280E-1));
#6803=CARTESIAN_POINT('',(7.034952683522E0,-1.363305550716E-1,
-3.137486343099E-1));
#6804=CARTESIAN_POINT('',(6.971898522606E0,2.850254352060E-1,
-2.979717805115E-1));
#6805=CARTESIAN_POINT('',(7.015118127069E0,1.471201366365E-1,
-2.325210848607E-1));
#6806=CARTESIAN_POINT('',(7.036136180707E0,6.633569618650E-3,
-2.006918664081E-1));
#6807=CARTESIAN_POINT('',(7.034952683522E0,-1.364342658475E-1,
-2.024841251538E-1));
#6808=CARTESIAN_POINT('',(6.971898522606E0,2.849555100070E-1,
-2.581653885196E-1));
#6809=CARTESIAN_POINT('',(7.015118127069E0,1.480364532166E-1,
-1.779975135696E-1));
#6810=CARTESIAN_POINT('',(7.036136180707E0,7.547482004589E-3,
-1.390112082402E-1));
#6811=CARTESIAN_POINT('',(7.034952683522E0,-1.365114036291E-1,
-1.412064725315E-1));
#6812=B_SPLINE_SURFACE_WITH_KNOTS('',3,3,((#6784,#6785,#6786,#6787),(#6788,
#6789,#6790,#6791),(#6792,#6793,#6794,#6795),(#6796,#6797,#6798,#6799),(#6800,
#6801,#6802,#6803),(#6804,#6805,#6806,#6807),(#6808,#6809,#6810,#6811)),
.UNSPECIFIED.,.F.,.F.,.F.,(4,1,1,1,4),(4,4),(-5.646882436354E-2,2.5E-1,5.E-1,
7.5E-1,1.056468824364E0),(-1.020800380456E-2,4.112328658242E-1),.UNSPECIFIED.);
#6814=ORIENTED_EDGE('',*,*,#6813,.F.);
#6816=ORIENTED_EDGE('',*,*,#6815,.T.);
#6817=ORIENTED_EDGE('',*,*,#6754,.T.);
#6819=ORIENTED_EDGE('',*,*,#6818,.F.);
#6820=EDGE_LOOP('',(#6814,#6816,#6817,#6819));
#6821=FACE_OUTER_BOUND('',#6820,.F.);
#6822=ADVANCED_FACE('',(#6821),#6812,.T.);
#6823=CARTESIAN_POINT('',(6.875E0,2.75E-1,-4.75E-1));
#6824=DIRECTION('',(0.E0,-1.E0,0.E0));
#6825=DIRECTION('',(0.E0,0.E0,-1.E0));
#6826=AXIS2_PLACEMENT_3D('',#6823,#6824,#6825);
#6827=PLANE('',#6826);
#6829=ORIENTED_EDGE('',*,*,#6828,.T.);
#6831=ORIENTED_EDGE('',*,*,#6830,.T.);
#6833=ORIENTED_EDGE('',*,*,#6832,.T.);
#6834=ORIENTED_EDGE('',*,*,#6813,.T.);
#6835=EDGE_LOOP('',(#6829,#6831,#6833,#6834));
#6836=FACE_OUTER_BOUND('',#6835,.F.);
#6837=ADVANCED_FACE('',(#6836),#6827,.F.);
#6838=CARTESIAN_POINT('',(6.993785505222E0,2.849644625731E-1,
-2.801691289908E-1));
#6839=CARTESIAN_POINT('',(7.046781532351E0,1.478824537169E-1,
-2.081171738982E-1));
#6840=CARTESIAN_POINT('',(7.072546654816E0,7.355263786409E-3,
-1.730876151291E-1));
#6841=CARTESIAN_POINT('',(7.071080872618E0,-1.366171072182E-1,
-1.750804526836E-1));
#6842=CARTESIAN_POINT('',(6.970340090582E0,2.849972516309E-1,
-2.801691289908E-1));
#6843=CARTESIAN_POINT('',(7.012875970844E0,1.474526542508E-1,
-2.081171738982E-1));
#6844=CARTESIAN_POINT('',(7.033555675031E0,6.926716110621E-3,
-1.730876151291E-1));
#6845=CARTESIAN_POINT('',(7.032379203144E0,-1.365805627896E-1,
-1.750804526836E-1));
#6846=CARTESIAN_POINT('',(6.930744922175E0,2.850365920376E-1,
-2.801691289908E-1));
#6847=CARTESIAN_POINT('',(6.955615460060E0,1.469369796038E-1,
-2.081171738982E-1));
#6848=CARTESIAN_POINT('',(6.967706790092E0,6.412543365280E-3,
-1.730876151291E-1));
#6849=CARTESIAN_POINT('',(6.967018912271E0,-1.365367166780E-1,
-1.750804526836E-1));
#6850=CARTESIAN_POINT('',(6.875E0,2.850528401679E-1,-2.801691289908E-1));
#6851=CARTESIAN_POINT('',(6.875E0,1.467239988652E-1,-2.081171738982E-1));
#6852=CARTESIAN_POINT('',(6.875E0,6.200182932703E-3,-1.730876151291E-1));
#6853=CARTESIAN_POINT('',(6.875E0,-1.365186076295E-1,-1.750804526836E-1));
#6854=CARTESIAN_POINT('',(6.819255077825E0,2.850365920376E-1,
-2.801691289908E-1));
#6855=CARTESIAN_POINT('',(6.794384539940E0,1.469369796038E-1,
-2.081171738982E-1));
#6856=CARTESIAN_POINT('',(6.782293209908E0,6.412543365280E-3,
-1.730876151291E-1));
#6857=CARTESIAN_POINT('',(6.782981087729E0,-1.365367166780E-1,
-1.750804526836E-1));
#6858=CARTESIAN_POINT('',(6.779659909418E0,2.849972516309E-1,
-2.801691289908E-1));
#6859=CARTESIAN_POINT('',(6.737124029156E0,1.474526542508E-1,
-2.081171738982E-1));
#6860=CARTESIAN_POINT('',(6.716444324969E0,6.926716110621E-3,
-1.730876151291E-1));
#6861=CARTESIAN_POINT('',(6.717620796856E0,-1.365805627896E-1,
-1.750804526836E-1));
#6862=CARTESIAN_POINT('',(6.756214494778E0,2.849644625731E-1,
-2.801691289908E-1));
#6863=CARTESIAN_POINT('',(6.703218467649E0,1.478824537169E-1,
-2.081171738982E-1));
#6864=CARTESIAN_POINT('',(6.677453345184E0,7.355263786409E-3,
-1.730876151291E-1));
#6865=CARTESIAN_POINT('',(6.678919127382E0,-1.366171072182E-1,
-1.750804526836E-1));
#6866=B_SPLINE_SURFACE_WITH_KNOTS('',3,3,((#6838,#6839,#6840,#6841),(#6842,
#6843,#6844,#6845),(#6846,#6847,#6848,#6849),(#6850,#6851,#6852,#6853),(#6854,
#6855,#6856,#6857),(#6858,#6859,#6860,#6861),(#6862,#6863,#6864,#6865)),
.UNSPECIFIED.,.F.,.F.,.F.,(4,1,1,1,4),(4,4),(-1.129376487271E-1,2.5E-1,5.E-1,
7.5E-1,1.112937648727E0),(-1.020800380456E-2,4.113456729120E-1),.UNSPECIFIED.);
#6867=ORIENTED_EDGE('',*,*,#6828,.F.);
#6868=ORIENTED_EDGE('',*,*,#6818,.T.);
#6869=ORIENTED_EDGE('',*,*,#6688,.T.);
#6871=ORIENTED_EDGE('',*,*,#6870,.F.);
#6872=EDGE_LOOP('',(#6867,#6868,#6869,#6871));
#6873=FACE_OUTER_BOUND('',#6872,.F.);
#6874=ADVANCED_FACE('',(#6873),#6866,.T.);
#6875=CARTESIAN_POINT('',(6.778101477394E0,2.849555100070E-1,
-2.581653885196E-1));
#6876=CARTESIAN_POINT('',(6.734881872931E0,1.480364532166E-1,
-1.779975135696E-1));
#6877=CARTESIAN_POINT('',(6.713863819293E0,7.547482004589E-3,
-1.390112082402E-1));
#6878=CARTESIAN_POINT('',(6.715047316478E0,-1.365114036291E-1,
-1.412064725315E-1));
#6879=CARTESIAN_POINT('',(6.778101477394E0,2.850254352060E-1,
-2.979717805115E-1));
#6880=CARTESIAN_POINT('',(6.734881872931E0,1.471201366365E-1,
-2.325210848607E-1));
#6881=CARTESIAN_POINT('',(6.713863819293E0,6.633569618650E-3,
-2.006918664081E-1));
#6882=CARTESIAN_POINT('',(6.715047316478E0,-1.364342658475E-1,
-2.024841251538E-1));
#6883=CARTESIAN_POINT('',(6.778101477394E0,2.851194487553E-1,
-3.702499843383E-1));
#6884=CARTESIAN_POINT('',(6.734881872931E0,1.458881605359E-1,
-3.315219136708E-1));
#6885=CARTESIAN_POINT('',(6.713863819293E0,5.404825926915E-3,
-3.126881303280E-1));
#6886=CARTESIAN_POINT('',(6.715047316478E0,-1.363305550716E-1,
-3.137486343099E-1));
#6887=CARTESIAN_POINT('',(6.778101477394E0,2.851631586143E-1,-4.75E-1));
#6888=CARTESIAN_POINT('',(6.734881872931E0,1.453153760585E-1,-4.75E-1));
#6889=CARTESIAN_POINT('',(6.713863819293E0,4.833544298195E-3,-4.75E-1));
#6890=CARTESIAN_POINT('',(6.715047316478E0,-1.362823366666E-1,-4.75E-1));
#6891=CARTESIAN_POINT('',(6.778101477394E0,2.851194487553E-1,
-5.797500156617E-1));
#6892=CARTESIAN_POINT('',(6.734881872931E0,1.458881605359E-1,
-6.184780863292E-1));
#6893=CARTESIAN_POINT('',(6.713863819293E0,5.404825926915E-3,
-6.373118696720E-1));
#6894=CARTESIAN_POINT('',(6.715047316478E0,-1.363305550716E-1,
-6.362513656901E-1));
#6895=CARTESIAN_POINT('',(6.778101477394E0,2.850254352060E-1,
-6.520282194885E-1));
#6896=CARTESIAN_POINT('',(6.734881872931E0,1.471201366365E-1,
-7.174789151393E-1));
#6897=CARTESIAN_POINT('',(6.713863819293E0,6.633569618650E-3,
-7.493081335919E-1));
#6898=CARTESIAN_POINT('',(6.715047316478E0,-1.364342658475E-1,
-7.475158748462E-1));
#6899=CARTESIAN_POINT('',(6.778101477394E0,2.849555100070E-1,
-6.918346114804E-1));
#6900=CARTESIAN_POINT('',(6.734881872931E0,1.480364532166E-1,
-7.720024864304E-1));
#6901=CARTESIAN_POINT('',(6.713863819293E0,7.547482004589E-3,
-8.109887917598E-1));
#6902=CARTESIAN_POINT('',(6.715047316478E0,-1.365114036291E-1,
-8.087935274685E-1));
#6903=B_SPLINE_SURFACE_WITH_KNOTS('',3,3,((#6875,#6876,#6877,#6878),(#6879,
#6880,#6881,#6882),(#6883,#6884,#6885,#6886),(#6887,#6888,#6889,#6890),(#6891,
#6892,#6893,#6894),(#6895,#6896,#6897,#6898),(#6899,#6900,#6901,#6902)),
.UNSPECIFIED.,.F.,.F.,.F.,(4,1,1,1,4),(4,4),(-5.646882436354E-2,2.5E-1,5.E-1,
7.5E-1,1.056468824364E0),(-1.020800380456E-2,4.112328658242E-1),.UNSPECIFIED.);
#6904=ORIENTED_EDGE('',*,*,#6830,.F.);
#6905=ORIENTED_EDGE('',*,*,#6870,.T.);
#6906=ORIENTED_EDGE('',*,*,#6703,.T.);
#6908=ORIENTED_EDGE('',*,*,#6907,.F.);
#6909=EDGE_LOOP('',(#6904,#6905,#6906,#6908));
#6910=FACE_OUTER_BOUND('',#6909,.F.);
#6911=ADVANCED_FACE('',(#6910),#6903,.T.);
#6912=CARTESIAN_POINT('',(6.756214494778E0,2.849644625731E-1,
-6.698308710092E-1));
#6913=CARTESIAN_POINT('',(6.703218467649E0,1.478824537169E-1,
-7.418828261018E-1));
#6914=CARTESIAN_POINT('',(6.677453345184E0,7.355263786409E-3,
-7.769123848709E-1));
#6915=CARTESIAN_POINT('',(6.678919127382E0,-1.366171072182E-1,
-7.749195473164E-1));
#6916=CARTESIAN_POINT('',(6.779659909418E0,2.849972516309E-1,
-6.698308710092E-1));
#6917=CARTESIAN_POINT('',(6.737124029156E0,1.474526542508E-1,
-7.418828261018E-1));
#6918=CARTESIAN_POINT('',(6.716444324969E0,6.926716110621E-3,
-7.769123848709E-1));
#6919=CARTESIAN_POINT('',(6.717620796856E0,-1.365805627896E-1,
-7.749195473164E-1));
#6920=CARTESIAN_POINT('',(6.819255077825E0,2.850365920376E-1,
-6.698308710092E-1));
#6921=CARTESIAN_POINT('',(6.794384539940E0,1.469369796038E-1,
-7.418828261018E-1));
#6922=CARTESIAN_POINT('',(6.782293209908E0,6.412543365280E-3,
-7.769123848709E-1));
#6923=CARTESIAN_POINT('',(6.782981087729E0,-1.365367166780E-1,
-7.749195473164E-1));
#6924=CARTESIAN_POINT('',(6.875E0,2.850528401679E-1,-6.698308710092E-1));
#6925=CARTESIAN_POINT('',(6.875E0,1.467239988652E-1,-7.418828261018E-1));
#6926=CARTESIAN_POINT('',(6.875E0,6.200182932703E-3,-7.769123848709E-1));
#6927=CARTESIAN_POINT('',(6.875E0,-1.365186076295E-1,-7.749195473164E-1));
#6928=CARTESIAN_POINT('',(6.930744922175E0,2.850365920376E-1,
-6.698308710092E-1));
#6929=CARTESIAN_POINT('',(6.955615460060E0,1.469369796038E-1,
-7.418828261018E-1));
#6930=CARTESIAN_POINT('',(6.967706790092E0,6.412543365280E-3,
-7.769123848709E-1));
#6931=CARTESIAN_POINT('',(6.967018912271E0,-1.365367166780E-1,
-7.749195473164E-1));
#6932=CARTESIAN_POINT('',(6.970340090582E0,2.849972516309E-1,
-6.698308710092E-1));
#6933=CARTESIAN_POINT('',(7.012875970844E0,1.474526542508E-1,
-7.418828261018E-1));
#6934=CARTESIAN_POINT('',(7.033555675031E0,6.926716110621E-3,
-7.769123848709E-1));
#6935=CARTESIAN_POINT('',(7.032379203144E0,-1.365805627896E-1,
-7.749195473164E-1));
#6936=CARTESIAN_POINT('',(6.993785505222E0,2.849644625731E-1,
-6.698308710092E-1));
#6937=CARTESIAN_POINT('',(7.046781532351E0,1.478824537169E-1,
-7.418828261018E-1));
#6938=CARTESIAN_POINT('',(7.072546654816E0,7.355263786409E-3,
-7.769123848709E-1));
#6939=CARTESIAN_POINT('',(7.071080872618E0,-1.366171072182E-1,
-7.749195473164E-1));
#6940=B_SPLINE_SURFACE_WITH_KNOTS('',3,3,((#6912,#6913,#6914,#6915),(#6916,
#6917,#6918,#6919),(#6920,#6921,#6922,#6923),(#6924,#6925,#6926,#6927),(#6928,
#6929,#6930,#6931),(#6932,#6933,#6934,#6935),(#6936,#6937,#6938,#6939)),
.UNSPECIFIED.,.F.,.F.,.F.,(4,1,1,1,4),(4,4),(-1.129376487271E-1,2.5E-1,5.E-1,
7.5E-1,1.112937648727E0),(-1.020800380456E-2,4.113456729120E-1),.UNSPECIFIED.);
#6941=ORIENTED_EDGE('',*,*,#6832,.F.);
#6942=ORIENTED_EDGE('',*,*,#6907,.T.);
#6943=ORIENTED_EDGE('',*,*,#6741,.T.);
#6944=ORIENTED_EDGE('',*,*,#6815,.F.);
#6945=EDGE_LOOP('',(#6941,#6942,#6943,#6944));
#6946=FACE_OUTER_BOUND('',#6945,.F.);
#6947=ADVANCED_FACE('',(#6946),#6940,.T.);
#6948=CARTESIAN_POINT('',(7.025E0,-3.325E0,-1.6E0));
#6949=DIRECTION('',(9.778024140774E-1,2.095290887309E-1,0.E0));
#6950=DIRECTION('',(2.095290887309E-1,-9.778024140774E-1,0.E0));
#6951=AXIS2_PLACEMENT_3D('',#6948,#6949,#6950);
#6952=PLANE('',#6951);
#6953=ORIENTED_EDGE('',*,*,#6765,.T.);
#6955=ORIENTED_EDGE('',*,*,#6954,.T.);
#6957=ORIENTED_EDGE('',*,*,#6956,.F.);
#6959=ORIENTED_EDGE('',*,*,#6958,.F.);
#6960=EDGE_LOOP('',(#6953,#6955,#6957,#6959));
#6961=FACE_OUTER_BOUND('',#6960,.F.);
#6962=ADVANCED_FACE('',(#6961),#6952,.F.);
#6963=CARTESIAN_POINT('',(7.625E0,-3.825E0,-6.E-1));
#6964=DIRECTION('',(0.E0,0.E0,-1.E0));
#6965=DIRECTION('',(0.E0,1.E0,0.E0));
#6966=AXIS2_PLACEMENT_3D('',#6963,#6964,#6965);
#6967=PLANE('',#6966);
#6968=ORIENTED_EDGE('',*,*,#6779,.F.);
#6970=ORIENTED_EDGE('',*,*,#6969,.F.);
#6972=ORIENTED_EDGE('',*,*,#6971,.F.);
#6974=ORIENTED_EDGE('',*,*,#6973,.F.);
#6976=ORIENTED_EDGE('',*,*,#6975,.F.);
#6977=ORIENTED_EDGE('',*,*,#6954,.F.);
#6978=EDGE_LOOP('',(#6968,#6970,#6972,#6974,#6976,#6977));
#6979=FACE_OUTER_BOUND('',#6978,.F.);
#6980=ADVANCED_FACE('',(#6979),#6967,.F.);
#6981=CARTESIAN_POINT('',(7.625E0,-3.825E0,-6.E-1));
#6982=DIRECTION('',(0.E0,0.E0,-1.E0));
#6983=DIRECTION('',(0.E0,1.E0,0.E0));
#6984=AXIS2_PLACEMENT_3D('',#6981,#6982,#6983);
#6985=PLANE('',#6984);
#6987=ORIENTED_EDGE('',*,*,#6986,.F.);
#6989=ORIENTED_EDGE('',*,*,#6988,.F.);
#6990=ORIENTED_EDGE('',*,*,#6716,.T.);
#6992=ORIENTED_EDGE('',*,*,#6991,.F.);
#6994=ORIENTED_EDGE('',*,*,#6993,.F.);
#6996=ORIENTED_EDGE('',*,*,#6995,.F.);
#6998=ORIENTED_EDGE('',*,*,#6997,.F.);
#7000=ORIENTED_EDGE('',*,*,#6999,.F.);
#7001=EDGE_LOOP('',(#6987,#6989,#6990,#6992,#6994,#6996,#6998,#7000));
#7002=FACE_OUTER_BOUND('',#7001,.F.);
#7003=ADVANCED_FACE('',(#7002),#6985,.F.);
#7004=CARTESIAN_POINT('',(7.625E0,-3.825E0,-6.E-1));
#7005=DIRECTION('',(0.E0,0.E0,-1.E0));
#7006=DIRECTION('',(0.E0,1.E0,0.E0));
#7007=AXIS2_PLACEMENT_3D('',#7004,#7005,#7006);
#7008=PLANE('',#7007);
#7010=ORIENTED_EDGE('',*,*,#7009,.F.);
#7012=ORIENTED_EDGE('',*,*,#7011,.F.);
#7014=ORIENTED_EDGE('',*,*,#7013,.T.);
#7016=ORIENTED_EDGE('',*,*,#7015,.F.);
#7018=ORIENTED_EDGE('',*,*,#7017,.F.);
#7020=ORIENTED_EDGE('',*,*,#7019,.F.);
#7022=ORIENTED_EDGE('',*,*,#7021,.F.);
#7024=ORIENTED_EDGE('',*,*,#7023,.F.);
#7025=EDGE_LOOP('',(#7010,#7012,#7014,#7016,#7018,#7020,#7022,#7024));
#7026=FACE_OUTER_BOUND('',#7025,.F.);
#7027=ADVANCED_FACE('',(#7026),#7008,.F.);
#7028=CARTESIAN_POINT('',(7.625E0,-3.825E0,-6.E-1));
#7029=DIRECTION('',(0.E0,0.E0,-1.E0));
#7030=DIRECTION('',(0.E0,1.E0,0.E0));
#7031=AXIS2_PLACEMENT_3D('',#7028,#7029,#7030);
#7032=PLANE('',#7031);
#7034=ORIENTED_EDGE('',*,*,#7033,.F.);
#7036=ORIENTED_EDGE('',*,*,#7035,.F.);
#7038=ORIENTED_EDGE('',*,*,#7037,.T.);
#7040=ORIENTED_EDGE('',*,*,#7039,.F.);
#7042=ORIENTED_EDGE('',*,*,#7041,.F.);
#7044=ORIENTED_EDGE('',*,*,#7043,.F.);
#7046=ORIENTED_EDGE('',*,*,#7045,.F.);
#7048=ORIENTED_EDGE('',*,*,#7047,.F.);
#7049=EDGE_LOOP('',(#7034,#7036,#7038,#7040,#7042,#7044,#7046,#7048));
#7050=FACE_OUTER_BOUND('',#7049,.F.);
#7051=ADVANCED_FACE('',(#7050),#7032,.F.);
#7052=CARTESIAN_POINT('',(7.625E0,-3.825E0,-6.E-1));
#7053=DIRECTION('',(0.E0,0.E0,-1.E0));
#7054=DIRECTION('',(0.E0,1.E0,0.E0));
#7055=AXIS2_PLACEMENT_3D('',#7052,#7053,#7054);
#7056=PLANE('',#7055);
#7058=ORIENTED_EDGE('',*,*,#7057,.F.);
#7060=ORIENTED_EDGE('',*,*,#7059,.F.);
#7062=ORIENTED_EDGE('',*,*,#7061,.T.);
#7064=ORIENTED_EDGE('',*,*,#7063,.F.);
#7066=ORIENTED_EDGE('',*,*,#7065,.F.);
#7068=ORIENTED_EDGE('',*,*,#7067,.F.);
#7070=ORIENTED_EDGE('',*,*,#7069,.F.);
#7072=ORIENTED_EDGE('',*,*,#7071,.F.);
#7073=EDGE_LOOP('',(#7058,#7060,#7062,#7064,#7066,#7068,#7070,#7072));
#7074=FACE_OUTER_BOUND('',#7073,.F.);
#7075=ADVANCED_FACE('',(#7074),#7056,.F.);
#7076=CARTESIAN_POINT('',(7.625E0,-3.825E0,-6.E-1));
#7077=DIRECTION('',(0.E0,0.E0,-1.E0));
#7078=DIRECTION('',(0.E0,1.E0,0.E0));
#7079=AXIS2_PLACEMENT_3D('',#7076,#7077,#7078);
#7080=PLANE('',#7079);
#7082=ORIENTED_EDGE('',*,*,#7081,.F.);
#7084=ORIENTED_EDGE('',*,*,#7083,.F.);
#7086=ORIENTED_EDGE('',*,*,#7085,.T.);
#7088=ORIENTED_EDGE('',*,*,#7087,.F.);
#7090=ORIENTED_EDGE('',*,*,#7089,.F.);
#7092=ORIENTED_EDGE('',*,*,#7091,.F.);
#7094=ORIENTED_EDGE('',*,*,#7093,.F.);
#7096=ORIENTED_EDGE('',*,*,#7095,.F.);
#7097=EDGE_LOOP('',(#7082,#7084,#7086,#7088,#7090,#7092,#7094,#7096));
#7098=FACE_OUTER_BOUND('',#7097,.F.);
#7099=ADVANCED_FACE('',(#7098),#7080,.F.);
#7100=CARTESIAN_POINT('',(7.625E0,-3.825E0,-6.E-1));
#7101=DIRECTION('',(0.E0,0.E0,-1.E0));
#7102=DIRECTION('',(0.E0,1.E0,0.E0));
#7103=AXIS2_PLACEMENT_3D('',#7100,#7101,#7102);
#7104=PLANE('',#7103);
#7106=ORIENTED_EDGE('',*,*,#7105,.F.);
#7108=ORIENTED_EDGE('',*,*,#7107,.F.);
#7110=ORIENTED_EDGE('',*,*,#7109,.T.);
#7112=ORIENTED_EDGE('',*,*,#7111,.F.);
#7114=ORIENTED_EDGE('',*,*,#7113,.F.);
#7116=ORIENTED_EDGE('',*,*,#7115,.F.);
#7118=ORIENTED_EDGE('',*,*,#7117,.F.);
#7120=ORIENTED_EDGE('',*,*,#7119,.F.);
#7121=EDGE_LOOP('',(#7106,#7108,#7110,#7112,#7114,#7116,#7118,#7120));
#7122=FACE_OUTER_BOUND('',#7121,.F.);
#7123=ADVANCED_FACE('',(#7122),#7104,.F.);
#7124=CARTESIAN_POINT('',(7.625E0,-3.825E0,-6.E-1));
#7125=DIRECTION('',(0.E0,0.E0,-1.E0));
#7126=DIRECTION('',(0.E0,1.E0,0.E0));
#7127=AXIS2_PLACEMENT_3D('',#7124,#7125,#7126);
#7128=PLANE('',#7127);
#7130=ORIENTED_EDGE('',*,*,#7129,.F.);
#7132=ORIENTED_EDGE('',*,*,#7131,.F.);
#7134=ORIENTED_EDGE('',*,*,#7133,.T.);
#7136=ORIENTED_EDGE('',*,*,#7135,.F.);
#7138=ORIENTED_EDGE('',*,*,#7137,.F.);
#7140=ORIENTED_EDGE('',*,*,#7139,.F.);
#7142=ORIENTED_EDGE('',*,*,#7141,.F.);
#7144=ORIENTED_EDGE('',*,*,#7143,.F.);
#7145=EDGE_LOOP('',(#7130,#7132,#7134,#7136,#7138,#7140,#7142,#7144));
#7146=FACE_OUTER_BOUND('',#7145,.F.);
#7147=ADVANCED_FACE('',(#7146),#7128,.F.);
#7148=CARTESIAN_POINT('',(7.625E0,-3.825E0,-6.E-1));
#7149=DIRECTION('',(0.E0,0.E0,-1.E0));
#7150=DIRECTION('',(0.E0,1.E0,0.E0));
#7151=AXIS2_PLACEMENT_3D('',#7148,#7149,#7150);
#7152=PLANE('',#7151);
#7154=ORIENTED_EDGE('',*,*,#7153,.F.);
#7156=ORIENTED_EDGE('',*,*,#7155,.F.);
#7158=ORIENTED_EDGE('',*,*,#7157,.T.);
#7160=ORIENTED_EDGE('',*,*,#7159,.F.);
#7162=ORIENTED_EDGE('',*,*,#7161,.F.);
#7164=ORIENTED_EDGE('',*,*,#7163,.F.);
#7166=ORIENTED_EDGE('',*,*,#7165,.F.);
#7168=ORIENTED_EDGE('',*,*,#7167,.F.);
#7169=EDGE_LOOP('',(#7154,#7156,#7158,#7160,#7162,#7164,#7166,#7168));
#7170=FACE_OUTER_BOUND('',#7169,.F.);
#7171=ADVANCED_FACE('',(#7170),#7152,.F.);
#7172=CARTESIAN_POINT('',(7.625E0,-3.825E0,-6.E-1));
#7173=DIRECTION('',(0.E0,0.E0,-1.E0));
#7174=DIRECTION('',(0.E0,1.E0,0.E0));
#7175=AXIS2_PLACEMENT_3D('',#7172,#7173,#7174);
#7176=PLANE('',#7175);
#7178=ORIENTED_EDGE('',*,*,#7177,.F.);
#7180=ORIENTED_EDGE('',*,*,#7179,.F.);
#7182=ORIENTED_EDGE('',*,*,#7181,.T.);
#7184=ORIENTED_EDGE('',*,*,#7183,.F.);
#7186=ORIENTED_EDGE('',*,*,#7185,.F.);
#7188=ORIENTED_EDGE('',*,*,#7187,.F.);
#7190=ORIENTED_EDGE('',*,*,#7189,.F.);
#7192=ORIENTED_EDGE('',*,*,#7191,.F.);
#7193=EDGE_LOOP('',(#7178,#7180,#7182,#7184,#7186,#7188,#7190,#7192));
#7194=FACE_OUTER_BOUND('',#7193,.F.);
#7195=ADVANCED_FACE('',(#7194),#7176,.F.);
#7196=CARTESIAN_POINT('',(7.625E0,-3.825E0,-6.E-1));
#7197=DIRECTION('',(0.E0,0.E0,-1.E0));
#7198=DIRECTION('',(0.E0,1.E0,0.E0));
#7199=AXIS2_PLACEMENT_3D('',#7196,#7197,#7198);
#7200=PLANE('',#7199);
#7202=ORIENTED_EDGE('',*,*,#7201,.F.);
#7204=ORIENTED_EDGE('',*,*,#7203,.F.);
#7206=ORIENTED_EDGE('',*,*,#7205,.T.);
#7208=ORIENTED_EDGE('',*,*,#7207,.F.);
#7210=ORIENTED_EDGE('',*,*,#7209,.F.);
#7212=ORIENTED_EDGE('',*,*,#7211,.F.);
#7214=ORIENTED_EDGE('',*,*,#7213,.F.);
#7216=ORIENTED_EDGE('',*,*,#7215,.F.);
#7217=EDGE_LOOP('',(#7202,#7204,#7206,#7208,#7210,#7212,#7214,#7216));
#7218=FACE_OUTER_BOUND('',#7217,.F.);
#7219=ADVANCED_FACE('',(#7218),#7200,.F.);
#7220=CARTESIAN_POINT('',(7.625E0,-3.825E0,-6.E-1));
#7221=DIRECTION('',(0.E0,0.E0,-1.E0));
#7222=DIRECTION('',(0.E0,1.E0,0.E0));
#7223=AXIS2_PLACEMENT_3D('',#7220,#7221,#7222);
#7224=PLANE('',#7223);
#7226=ORIENTED_EDGE('',*,*,#7225,.T.);
#7228=ORIENTED_EDGE('',*,*,#7227,.F.);
#7230=ORIENTED_EDGE('',*,*,#7229,.F.);
#7232=ORIENTED_EDGE('',*,*,#7231,.F.);
#7234=ORIENTED_EDGE('',*,*,#7233,.T.);
#7236=ORIENTED_EDGE('',*,*,#7235,.F.);
#7237=EDGE_LOOP('',(#7226,#7228,#7230,#7232,#7234,#7236));
#7238=FACE_OUTER_BOUND('',#7237,.F.);
#7239=ADVANCED_FACE('',(#7238),#7224,.F.);
#7240=CARTESIAN_POINT('',(7.625E0,-3.825E0,-6.E-1));
#7241=DIRECTION('',(0.E0,0.E0,-1.E0));
#7242=DIRECTION('',(0.E0,1.E0,0.E0));
#7243=AXIS2_PLACEMENT_3D('',#7240,#7241,#7242);
#7244=PLANE('',#7243);
#7246=ORIENTED_EDGE('',*,*,#7245,.F.);
#7248=ORIENTED_EDGE('',*,*,#7247,.F.);
#7250=ORIENTED_EDGE('',*,*,#7249,.T.);
#7252=ORIENTED_EDGE('',*,*,#7251,.F.);
#7254=ORIENTED_EDGE('',*,*,#7253,.F.);
#7256=ORIENTED_EDGE('',*,*,#7255,.F.);
#7258=ORIENTED_EDGE('',*,*,#7257,.F.);
#7260=ORIENTED_EDGE('',*,*,#7259,.F.);
#7261=EDGE_LOOP('',(#7246,#7248,#7250,#7252,#7254,#7256,#7258,#7260));
#7262=FACE_OUTER_BOUND('',#7261,.F.);
#7263=ADVANCED_FACE('',(#7262),#7244,.F.);
#7264=CARTESIAN_POINT('',(7.625E0,-3.225E0,-6.E-1));
#7265=DIRECTION('',(0.E0,1.E0,0.E0));
#7266=DIRECTION('',(0.E0,0.E0,1.E0));
#7267=AXIS2_PLACEMENT_3D('',#7264,#7265,#7266);
#7268=PLANE('',#7267);
#7269=ORIENTED_EDGE('',*,*,#5850,.F.);
#7270=ORIENTED_EDGE('',*,*,#5879,.T.);
#7272=ORIENTED_EDGE('',*,*,#7271,.F.);
#7273=ORIENTED_EDGE('',*,*,#6019,.T.);
#7275=ORIENTED_EDGE('',*,*,#7274,.T.);
#7277=ORIENTED_EDGE('',*,*,#7276,.T.);
#7279=ORIENTED_EDGE('',*,*,#7278,.F.);
#7280=ORIENTED_EDGE('',*,*,#6011,.T.);
#7282=ORIENTED_EDGE('',*,*,#7281,.T.);
#7284=ORIENTED_EDGE('',*,*,#7283,.T.);
#7286=ORIENTED_EDGE('',*,*,#7285,.F.);
#7287=ORIENTED_EDGE('',*,*,#6003,.T.);
#7289=ORIENTED_EDGE('',*,*,#7288,.T.);
#7291=ORIENTED_EDGE('',*,*,#7290,.T.);
#7293=ORIENTED_EDGE('',*,*,#7292,.F.);
#7294=ORIENTED_EDGE('',*,*,#5995,.T.);
#7296=ORIENTED_EDGE('',*,*,#7295,.T.);
#7298=ORIENTED_EDGE('',*,*,#7297,.T.);
#7300=ORIENTED_EDGE('',*,*,#7299,.F.);
#7301=ORIENTED_EDGE('',*,*,#5987,.T.);
#7303=ORIENTED_EDGE('',*,*,#7302,.T.);
#7305=ORIENTED_EDGE('',*,*,#7304,.T.);
#7307=ORIENTED_EDGE('',*,*,#7306,.F.);
#7308=ORIENTED_EDGE('',*,*,#5979,.T.);
#7310=ORIENTED_EDGE('',*,*,#7309,.T.);
#7312=ORIENTED_EDGE('',*,*,#7311,.T.);
#7314=ORIENTED_EDGE('',*,*,#7313,.F.);
#7315=ORIENTED_EDGE('',*,*,#5971,.T.);
#7317=ORIENTED_EDGE('',*,*,#7316,.T.);
#7319=ORIENTED_EDGE('',*,*,#7318,.T.);
#7321=ORIENTED_EDGE('',*,*,#7320,.F.);
#7322=ORIENTED_EDGE('',*,*,#5963,.T.);
#7324=ORIENTED_EDGE('',*,*,#7323,.T.);
#7326=ORIENTED_EDGE('',*,*,#7325,.T.);
#7328=ORIENTED_EDGE('',*,*,#7327,.F.);
#7329=ORIENTED_EDGE('',*,*,#5955,.T.);
#7331=ORIENTED_EDGE('',*,*,#7330,.T.);
#7333=ORIENTED_EDGE('',*,*,#7332,.T.);
#7335=ORIENTED_EDGE('',*,*,#7334,.F.);
#7336=ORIENTED_EDGE('',*,*,#5947,.T.);
#7338=ORIENTED_EDGE('',*,*,#7337,.T.);
#7340=ORIENTED_EDGE('',*,*,#7339,.T.);
#7342=ORIENTED_EDGE('',*,*,#7341,.F.);
#7343=ORIENTED_EDGE('',*,*,#5939,.T.);
#7345=ORIENTED_EDGE('',*,*,#7344,.T.);
#7347=ORIENTED_EDGE('',*,*,#7346,.T.);
#7349=ORIENTED_EDGE('',*,*,#7348,.F.);
#7350=ORIENTED_EDGE('',*,*,#5931,.T.);
#7352=ORIENTED_EDGE('',*,*,#7351,.T.);
#7354=ORIENTED_EDGE('',*,*,#7353,.T.);
#7356=ORIENTED_EDGE('',*,*,#7355,.F.);
#7357=ORIENTED_EDGE('',*,*,#5923,.T.);
#7359=ORIENTED_EDGE('',*,*,#7358,.T.);
#7360=ORIENTED_EDGE('',*,*,#5891,.T.);
#7361=ORIENTED_EDGE('',*,*,#6072,.T.);
#7362=ORIENTED_EDGE('',*,*,#5836,.T.);
#7364=ORIENTED_EDGE('',*,*,#7363,.F.);
#7365=ORIENTED_EDGE('',*,*,#6969,.T.);
#7366=ORIENTED_EDGE('',*,*,#6777,.T.);
#7368=ORIENTED_EDGE('',*,*,#7367,.F.);
#7369=ORIENTED_EDGE('',*,*,#6718,.F.);
#7370=ORIENTED_EDGE('',*,*,#6988,.T.);
#7372=ORIENTED_EDGE('',*,*,#7371,.T.);
#7374=ORIENTED_EDGE('',*,*,#7373,.F.);
#7376=ORIENTED_EDGE('',*,*,#7375,.F.);
#7377=ORIENTED_EDGE('',*,*,#7011,.T.);
#7379=ORIENTED_EDGE('',*,*,#7378,.T.);
#7381=ORIENTED_EDGE('',*,*,#7380,.F.);
#7383=ORIENTED_EDGE('',*,*,#7382,.F.);
#7384=ORIENTED_EDGE('',*,*,#7035,.T.);
#7386=ORIENTED_EDGE('',*,*,#7385,.T.);
#7388=ORIENTED_EDGE('',*,*,#7387,.F.);
#7390=ORIENTED_EDGE('',*,*,#7389,.F.);
#7391=ORIENTED_EDGE('',*,*,#7059,.T.);
#7393=ORIENTED_EDGE('',*,*,#7392,.T.);
#7395=ORIENTED_EDGE('',*,*,#7394,.F.);
#7397=ORIENTED_EDGE('',*,*,#7396,.F.);
#7398=ORIENTED_EDGE('',*,*,#7083,.T.);
#7400=ORIENTED_EDGE('',*,*,#7399,.T.);
#7402=ORIENTED_EDGE('',*,*,#7401,.F.);
#7404=ORIENTED_EDGE('',*,*,#7403,.F.);
#7405=ORIENTED_EDGE('',*,*,#7107,.T.);
#7407=ORIENTED_EDGE('',*,*,#7406,.T.);
#7409=ORIENTED_EDGE('',*,*,#7408,.F.);
#7411=ORIENTED_EDGE('',*,*,#7410,.F.);
#7412=ORIENTED_EDGE('',*,*,#7131,.T.);
#7414=ORIENTED_EDGE('',*,*,#7413,.T.);
#7416=ORIENTED_EDGE('',*,*,#7415,.F.);
#7418=ORIENTED_EDGE('',*,*,#7417,.F.);
#7419=ORIENTED_EDGE('',*,*,#7155,.T.);
#7421=ORIENTED_EDGE('',*,*,#7420,.T.);
#7423=ORIENTED_EDGE('',*,*,#7422,.F.);
#7425=ORIENTED_EDGE('',*,*,#7424,.F.);
#7426=ORIENTED_EDGE('',*,*,#7179,.T.);
#7428=ORIENTED_EDGE('',*,*,#7427,.T.);
#7430=ORIENTED_EDGE('',*,*,#7429,.F.);
#7432=ORIENTED_EDGE('',*,*,#7431,.F.);
#7433=ORIENTED_EDGE('',*,*,#7203,.T.);
#7435=ORIENTED_EDGE('',*,*,#7434,.T.);
#7437=ORIENTED_EDGE('',*,*,#7436,.F.);
#7439=ORIENTED_EDGE('',*,*,#7438,.F.);
#7440=ORIENTED_EDGE('',*,*,#7247,.T.);
#7442=ORIENTED_EDGE('',*,*,#7441,.T.);
#7444=ORIENTED_EDGE('',*,*,#7443,.F.);
#7446=ORIENTED_EDGE('',*,*,#7445,.F.);
#7447=ORIENTED_EDGE('',*,*,#7235,.T.);
#7449=ORIENTED_EDGE('',*,*,#7448,.T.);
#7450=ORIENTED_EDGE('',*,*,#5821,.T.);
#7451=EDGE_LOOP('',(#7269,#7270,#7272,#7273,#7275,#7277,#7279,#7280,#7282,#7284,
#7286,#7287,#7289,#7291,#7293,#7294,#7296,#7298,#7300,#7301,#7303,#7305,#7307,
#7308,#7310,#7312,#7314,#7315,#7317,#7319,#7321,#7322,#7324,#7326,#7328,#7329,
#7331,#7333,#7335,#7336,#7338,#7340,#7342,#7343,#7345,#7347,#7349,#7350,#7352,
#7354,#7356,#7357,#7359,#7360,#7361,#7362,#7364,#7365,#7366,#7368,#7369,#7370,
#7372,#7374,#7376,#7377,#7379,#7381,#7383,#7384,#7386,#7388,#7390,#7391,#7393,
#7395,#7397,#7398,#7400,#7402,#7404,#7405,#7407,#7409,#7411,#7412,#7414,#7416,
#7418,#7419,#7421,#7423,#7425,#7426,#7428,#7430,#7432,#7433,#7435,#7437,#7439,
#7440,#7442,#7444,#7446,#7447,#7449,#7450));
#7452=FACE_OUTER_BOUND('',#7451,.F.);
#7453=ADVANCED_FACE('',(#7452),#7268,.F.);
#7454=CARTESIAN_POINT('',(-7.875E0,-3.225E0,1.6E0));
#7455=DIRECTION('',(1.E0,0.E0,0.E0));
#7456=DIRECTION('',(0.E0,1.E0,0.E0));
#7457=AXIS2_PLACEMENT_3D('',#7454,#7455,#7456);
#7458=PLANE('',#7457);
#7459=ORIENTED_EDGE('',*,*,#6021,.F.);
#7460=ORIENTED_EDGE('',*,*,#7271,.T.);
#7461=ORIENTED_EDGE('',*,*,#5877,.T.);
#7462=ORIENTED_EDGE('',*,*,#5908,.F.);
#7463=EDGE_LOOP('',(#7459,#7460,#7461,#7462));
#7464=FACE_OUTER_BOUND('',#7463,.F.);
#7465=ADVANCED_FACE('',(#7464),#7458,.F.);
#7466=CARTESIAN_POINT('',(-7.175E0,-2.925E0,1.6E0));
#7467=DIRECTION('',(-1.E0,0.E0,0.E0));
#7468=DIRECTION('',(0.E0,-1.E0,0.E0));
#7469=AXIS2_PLACEMENT_3D('',#7466,#7467,#7468);
#7470=PLANE('',#7469);
#7471=ORIENTED_EDGE('',*,*,#6017,.T.);
#7473=ORIENTED_EDGE('',*,*,#7472,.T.);
#7475=ORIENTED_EDGE('',*,*,#7474,.T.);
#7476=ORIENTED_EDGE('',*,*,#7274,.F.);
#7477=EDGE_LOOP('',(#7471,#7473,#7475,#7476));
#7478=FACE_OUTER_BOUND('',#7477,.F.);
#7479=ADVANCED_FACE('',(#7478),#7470,.F.);
#7480=CARTESIAN_POINT('',(-6.575E0,-2.925E0,1.6E0));
#7481=DIRECTION('',(0.E0,1.E0,0.E0));
#7482=DIRECTION('',(-1.E0,0.E0,0.E0));
#7483=AXIS2_PLACEMENT_3D('',#7480,#7481,#7482);
#7484=PLANE('',#7483);
#7485=ORIENTED_EDGE('',*,*,#6015,.F.);
#7487=ORIENTED_EDGE('',*,*,#7486,.T.);
#7489=ORIENTED_EDGE('',*,*,#7488,.T.);
#7490=ORIENTED_EDGE('',*,*,#7472,.F.);
#7491=EDGE_LOOP('',(#7485,#7487,#7489,#7490));
#7492=FACE_OUTER_BOUND('',#7491,.F.);
#7493=ADVANCED_FACE('',(#7492),#7484,.F.);
#7494=CARTESIAN_POINT('',(-6.575E0,-3.225E0,1.6E0));
#7495=DIRECTION('',(1.E0,0.E0,0.E0));
#7496=DIRECTION('',(0.E0,1.E0,0.E0));
#7497=AXIS2_PLACEMENT_3D('',#7494,#7495,#7496);
#7498=PLANE('',#7497);
#7499=ORIENTED_EDGE('',*,*,#6013,.F.);
#7500=ORIENTED_EDGE('',*,*,#7278,.T.);
#7502=ORIENTED_EDGE('',*,*,#7501,.T.);
#7503=ORIENTED_EDGE('',*,*,#7486,.F.);
#7504=EDGE_LOOP('',(#7499,#7500,#7502,#7503));
#7505=FACE_OUTER_BOUND('',#7504,.F.);
#7506=ADVANCED_FACE('',(#7505),#7498,.F.);
#7507=CARTESIAN_POINT('',(-8.375E0,-4.525E0,1.E0));
#7508=DIRECTION('',(0.E0,0.E0,1.E0));
#7509=DIRECTION('',(1.E0,0.E0,0.E0));
#7510=AXIS2_PLACEMENT_3D('',#7507,#7508,#7509);
#7511=PLANE('',#7510);
#7512=ORIENTED_EDGE('',*,*,#7276,.F.);
#7513=ORIENTED_EDGE('',*,*,#7474,.F.);
#7514=ORIENTED_EDGE('',*,*,#7488,.F.);
#7515=ORIENTED_EDGE('',*,*,#7501,.F.);
#7516=EDGE_LOOP('',(#7512,#7513,#7514,#7515));
#7517=FACE_OUTER_BOUND('',#7516,.F.);
#7518=ADVANCED_FACE('',(#7517),#7511,.T.);
#7519=CARTESIAN_POINT('',(-5.925E0,-2.925E0,1.6E0));
#7520=DIRECTION('',(-1.E0,0.E0,0.E0));
#7521=DIRECTION('',(0.E0,-1.E0,0.E0));
#7522=AXIS2_PLACEMENT_3D('',#7519,#7520,#7521);
#7523=PLANE('',#7522);
#7524=ORIENTED_EDGE('',*,*,#6009,.T.);
#7526=ORIENTED_EDGE('',*,*,#7525,.T.);
#7528=ORIENTED_EDGE('',*,*,#7527,.T.);
#7529=ORIENTED_EDGE('',*,*,#7281,.F.);
#7530=EDGE_LOOP('',(#7524,#7526,#7528,#7529));
#7531=FACE_OUTER_BOUND('',#7530,.F.);
#7532=ADVANCED_FACE('',(#7531),#7523,.F.);
#7533=CARTESIAN_POINT('',(-5.325E0,-2.925E0,1.6E0));
#7534=DIRECTION('',(0.E0,1.E0,0.E0));
#7535=DIRECTION('',(-1.E0,0.E0,0.E0));
#7536=AXIS2_PLACEMENT_3D('',#7533,#7534,#7535);
#7537=PLANE('',#7536);
#7538=ORIENTED_EDGE('',*,*,#6007,.F.);
#7540=ORIENTED_EDGE('',*,*,#7539,.T.);
#7542=ORIENTED_EDGE('',*,*,#7541,.T.);
#7543=ORIENTED_EDGE('',*,*,#7525,.F.);
#7544=EDGE_LOOP('',(#7538,#7540,#7542,#7543));
#7545=FACE_OUTER_BOUND('',#7544,.F.);
#7546=ADVANCED_FACE('',(#7545),#7537,.F.);
#7547=CARTESIAN_POINT('',(-5.325E0,-3.225E0,1.6E0));
#7548=DIRECTION('',(1.E0,0.E0,0.E0));
#7549=DIRECTION('',(0.E0,1.E0,0.E0));
#7550=AXIS2_PLACEMENT_3D('',#7547,#7548,#7549);
#7551=PLANE('',#7550);
#7552=ORIENTED_EDGE('',*,*,#6005,.F.);
#7553=ORIENTED_EDGE('',*,*,#7285,.T.);
#7555=ORIENTED_EDGE('',*,*,#7554,.T.);
#7556=ORIENTED_EDGE('',*,*,#7539,.F.);
#7557=EDGE_LOOP('',(#7552,#7553,#7555,#7556));
#7558=FACE_OUTER_BOUND('',#7557,.F.);
#7559=ADVANCED_FACE('',(#7558),#7551,.F.);
#7560=CARTESIAN_POINT('',(-8.375E0,-4.525E0,1.E0));
#7561=DIRECTION('',(0.E0,0.E0,1.E0));
#7562=DIRECTION('',(1.E0,0.E0,0.E0));
#7563=AXIS2_PLACEMENT_3D('',#7560,#7561,#7562);
#7564=PLANE('',#7563);
#7565=ORIENTED_EDGE('',*,*,#7283,.F.);
#7566=ORIENTED_EDGE('',*,*,#7527,.F.);
#7567=ORIENTED_EDGE('',*,*,#7541,.F.);
#7568=ORIENTED_EDGE('',*,*,#7554,.F.);
#7569=EDGE_LOOP('',(#7565,#7566,#7567,#7568));
#7570=FACE_OUTER_BOUND('',#7569,.F.);
#7571=ADVANCED_FACE('',(#7570),#7564,.T.);
#7572=CARTESIAN_POINT('',(-4.675E0,-2.925E0,1.6E0));
#7573=DIRECTION('',(-1.E0,0.E0,0.E0));
#7574=DIRECTION('',(0.E0,-1.E0,0.E0));
#7575=AXIS2_PLACEMENT_3D('',#7572,#7573,#7574);
#7576=PLANE('',#7575);
#7577=ORIENTED_EDGE('',*,*,#6001,.T.);
#7579=ORIENTED_EDGE('',*,*,#7578,.T.);
#7581=ORIENTED_EDGE('',*,*,#7580,.T.);
#7582=ORIENTED_EDGE('',*,*,#7288,.F.);
#7583=EDGE_LOOP('',(#7577,#7579,#7581,#7582));
#7584=FACE_OUTER_BOUND('',#7583,.F.);
#7585=ADVANCED_FACE('',(#7584),#7576,.F.);
#7586=CARTESIAN_POINT('',(-4.075E0,-2.925E0,1.6E0));
#7587=DIRECTION('',(0.E0,1.E0,0.E0));
#7588=DIRECTION('',(-1.E0,0.E0,0.E0));
#7589=AXIS2_PLACEMENT_3D('',#7586,#7587,#7588);
#7590=PLANE('',#7589);
#7591=ORIENTED_EDGE('',*,*,#5999,.F.);
#7593=ORIENTED_EDGE('',*,*,#7592,.T.);
#7595=ORIENTED_EDGE('',*,*,#7594,.T.);
#7596=ORIENTED_EDGE('',*,*,#7578,.F.);
#7597=EDGE_LOOP('',(#7591,#7593,#7595,#7596));
#7598=FACE_OUTER_BOUND('',#7597,.F.);
#7599=ADVANCED_FACE('',(#7598),#7590,.F.);
#7600=CARTESIAN_POINT('',(-4.075E0,-3.225E0,1.6E0));
#7601=DIRECTION('',(1.E0,0.E0,0.E0));
#7602=DIRECTION('',(0.E0,1.E0,0.E0));
#7603=AXIS2_PLACEMENT_3D('',#7600,#7601,#7602);
#7604=PLANE('',#7603);
#7605=ORIENTED_EDGE('',*,*,#5997,.F.);
#7606=ORIENTED_EDGE('',*,*,#7292,.T.);
#7608=ORIENTED_EDGE('',*,*,#7607,.T.);
#7609=ORIENTED_EDGE('',*,*,#7592,.F.);
#7610=EDGE_LOOP('',(#7605,#7606,#7608,#7609));
#7611=FACE_OUTER_BOUND('',#7610,.F.);
#7612=ADVANCED_FACE('',(#7611),#7604,.F.);
#7613=CARTESIAN_POINT('',(-8.375E0,-4.525E0,1.E0));
#7614=DIRECTION('',(0.E0,0.E0,1.E0));
#7615=DIRECTION('',(1.E0,0.E0,0.E0));
#7616=AXIS2_PLACEMENT_3D('',#7613,#7614,#7615);
#7617=PLANE('',#7616);
#7618=ORIENTED_EDGE('',*,*,#7290,.F.);
#7619=ORIENTED_EDGE('',*,*,#7580,.F.);
#7620=ORIENTED_EDGE('',*,*,#7594,.F.);
#7621=ORIENTED_EDGE('',*,*,#7607,.F.);
#7622=EDGE_LOOP('',(#7618,#7619,#7620,#7621));
#7623=FACE_OUTER_BOUND('',#7622,.F.);
#7624=ADVANCED_FACE('',(#7623),#7617,.T.);
#7625=CARTESIAN_POINT('',(-3.425E0,-2.925E0,1.6E0));
#7626=DIRECTION('',(-1.E0,0.E0,0.E0));
#7627=DIRECTION('',(0.E0,-1.E0,0.E0));
#7628=AXIS2_PLACEMENT_3D('',#7625,#7626,#7627);
#7629=PLANE('',#7628);
#7630=ORIENTED_EDGE('',*,*,#5993,.T.);
#7632=ORIENTED_EDGE('',*,*,#7631,.T.);
#7634=ORIENTED_EDGE('',*,*,#7633,.T.);
#7635=ORIENTED_EDGE('',*,*,#7295,.F.);
#7636=EDGE_LOOP('',(#7630,#7632,#7634,#7635));
#7637=FACE_OUTER_BOUND('',#7636,.F.);
#7638=ADVANCED_FACE('',(#7637),#7629,.F.);
#7639=CARTESIAN_POINT('',(-2.825E0,-2.925E0,1.6E0));
#7640=DIRECTION('',(0.E0,1.E0,0.E0));
#7641=DIRECTION('',(-1.E0,0.E0,0.E0));
#7642=AXIS2_PLACEMENT_3D('',#7639,#7640,#7641);
#7643=PLANE('',#7642);
#7644=ORIENTED_EDGE('',*,*,#5991,.F.);
#7646=ORIENTED_EDGE('',*,*,#7645,.T.);
#7648=ORIENTED_EDGE('',*,*,#7647,.T.);
#7649=ORIENTED_EDGE('',*,*,#7631,.F.);
#7650=EDGE_LOOP('',(#7644,#7646,#7648,#7649));
#7651=FACE_OUTER_BOUND('',#7650,.F.);
#7652=ADVANCED_FACE('',(#7651),#7643,.F.);
#7653=CARTESIAN_POINT('',(-2.825E0,-3.225E0,1.6E0));
#7654=DIRECTION('',(1.E0,0.E0,0.E0));
#7655=DIRECTION('',(0.E0,1.E0,0.E0));
#7656=AXIS2_PLACEMENT_3D('',#7653,#7654,#7655);
#7657=PLANE('',#7656);
#7658=ORIENTED_EDGE('',*,*,#5989,.F.);
#7659=ORIENTED_EDGE('',*,*,#7299,.T.);
#7661=ORIENTED_EDGE('',*,*,#7660,.T.);
#7662=ORIENTED_EDGE('',*,*,#7645,.F.);
#7663=EDGE_LOOP('',(#7658,#7659,#7661,#7662));
#7664=FACE_OUTER_BOUND('',#7663,.F.);
#7665=ADVANCED_FACE('',(#7664),#7657,.F.);
#7666=CARTESIAN_POINT('',(-8.375E0,-4.525E0,1.E0));
#7667=DIRECTION('',(0.E0,0.E0,1.E0));
#7668=DIRECTION('',(1.E0,0.E0,0.E0));
#7669=AXIS2_PLACEMENT_3D('',#7666,#7667,#7668);
#7670=PLANE('',#7669);
#7671=ORIENTED_EDGE('',*,*,#7297,.F.);
#7672=ORIENTED_EDGE('',*,*,#7633,.F.);
#7673=ORIENTED_EDGE('',*,*,#7647,.F.);
#7674=ORIENTED_EDGE('',*,*,#7660,.F.);
#7675=EDGE_LOOP('',(#7671,#7672,#7673,#7674));
#7676=FACE_OUTER_BOUND('',#7675,.F.);
#7677=ADVANCED_FACE('',(#7676),#7670,.T.);
#7678=CARTESIAN_POINT('',(-2.175E0,-2.925E0,1.6E0));
#7679=DIRECTION('',(-1.E0,0.E0,0.E0));
#7680=DIRECTION('',(0.E0,-1.E0,0.E0));
#7681=AXIS2_PLACEMENT_3D('',#7678,#7679,#7680);
#7682=PLANE('',#7681);
#7683=ORIENTED_EDGE('',*,*,#5985,.T.);
#7685=ORIENTED_EDGE('',*,*,#7684,.T.);
#7687=ORIENTED_EDGE('',*,*,#7686,.T.);
#7688=ORIENTED_EDGE('',*,*,#7302,.F.);
#7689=EDGE_LOOP('',(#7683,#7685,#7687,#7688));
#7690=FACE_OUTER_BOUND('',#7689,.F.);
#7691=ADVANCED_FACE('',(#7690),#7682,.F.);
#7692=CARTESIAN_POINT('',(-1.575E0,-2.925E0,1.6E0));
#7693=DIRECTION('',(0.E0,1.E0,0.E0));
#7694=DIRECTION('',(-1.E0,0.E0,0.E0));
#7695=AXIS2_PLACEMENT_3D('',#7692,#7693,#7694);
#7696=PLANE('',#7695);
#7697=ORIENTED_EDGE('',*,*,#5983,.F.);
#7699=ORIENTED_EDGE('',*,*,#7698,.T.);
#7701=ORIENTED_EDGE('',*,*,#7700,.T.);
#7702=ORIENTED_EDGE('',*,*,#7684,.F.);
#7703=EDGE_LOOP('',(#7697,#7699,#7701,#7702));
#7704=FACE_OUTER_BOUND('',#7703,.F.);
#7705=ADVANCED_FACE('',(#7704),#7696,.F.);
#7706=CARTESIAN_POINT('',(-1.575E0,-3.225E0,1.6E0));
#7707=DIRECTION('',(1.E0,0.E0,0.E0));
#7708=DIRECTION('',(0.E0,1.E0,0.E0));
#7709=AXIS2_PLACEMENT_3D('',#7706,#7707,#7708);
#7710=PLANE('',#7709);
#7711=ORIENTED_EDGE('',*,*,#5981,.F.);
#7712=ORIENTED_EDGE('',*,*,#7306,.T.);
#7714=ORIENTED_EDGE('',*,*,#7713,.T.);
#7715=ORIENTED_EDGE('',*,*,#7698,.F.);
#7716=EDGE_LOOP('',(#7711,#7712,#7714,#7715));
#7717=FACE_OUTER_BOUND('',#7716,.F.);
#7718=ADVANCED_FACE('',(#7717),#7710,.F.);
#7719=CARTESIAN_POINT('',(-8.375E0,-4.525E0,1.E0));
#7720=DIRECTION('',(0.E0,0.E0,1.E0));
#7721=DIRECTION('',(1.E0,0.E0,0.E0));
#7722=AXIS2_PLACEMENT_3D('',#7719,#7720,#7721);
#7723=PLANE('',#7722);
#7724=ORIENTED_EDGE('',*,*,#7304,.F.);
#7725=ORIENTED_EDGE('',*,*,#7686,.F.);
#7726=ORIENTED_EDGE('',*,*,#7700,.F.);
#7727=ORIENTED_EDGE('',*,*,#7713,.F.);
#7728=EDGE_LOOP('',(#7724,#7725,#7726,#7727));
#7729=FACE_OUTER_BOUND('',#7728,.F.);
#7730=ADVANCED_FACE('',(#7729),#7723,.T.);
#7731=CARTESIAN_POINT('',(-9.25E-1,-2.925E0,1.6E0));
#7732=DIRECTION('',(-1.E0,0.E0,0.E0));
#7733=DIRECTION('',(0.E0,-1.E0,0.E0));
#7734=AXIS2_PLACEMENT_3D('',#7731,#7732,#7733);
#7735=PLANE('',#7734);
#7736=ORIENTED_EDGE('',*,*,#5977,.T.);
#7738=ORIENTED_EDGE('',*,*,#7737,.T.);
#7740=ORIENTED_EDGE('',*,*,#7739,.T.);
#7741=ORIENTED_EDGE('',*,*,#7309,.F.);
#7742=EDGE_LOOP('',(#7736,#7738,#7740,#7741));
#7743=FACE_OUTER_BOUND('',#7742,.F.);
#7744=ADVANCED_FACE('',(#7743),#7735,.F.);
#7745=CARTESIAN_POINT('',(-3.25E-1,-2.925E0,1.6E0));
#7746=DIRECTION('',(0.E0,1.E0,0.E0));
#7747=DIRECTION('',(-1.E0,0.E0,0.E0));
#7748=AXIS2_PLACEMENT_3D('',#7745,#7746,#7747);
#7749=PLANE('',#7748);
#7750=ORIENTED_EDGE('',*,*,#5975,.F.);
#7752=ORIENTED_EDGE('',*,*,#7751,.T.);
#7754=ORIENTED_EDGE('',*,*,#7753,.T.);
#7755=ORIENTED_EDGE('',*,*,#7737,.F.);
#7756=EDGE_LOOP('',(#7750,#7752,#7754,#7755));
#7757=FACE_OUTER_BOUND('',#7756,.F.);
#7758=ADVANCED_FACE('',(#7757),#7749,.F.);
#7759=CARTESIAN_POINT('',(-3.25E-1,-3.225E0,1.6E0));
#7760=DIRECTION('',(1.E0,0.E0,0.E0));
#7761=DIRECTION('',(0.E0,1.E0,0.E0));
#7762=AXIS2_PLACEMENT_3D('',#7759,#7760,#7761);
#7763=PLANE('',#7762);
#7764=ORIENTED_EDGE('',*,*,#5973,.F.);
#7765=ORIENTED_EDGE('',*,*,#7313,.T.);
#7767=ORIENTED_EDGE('',*,*,#7766,.T.);
#7768=ORIENTED_EDGE('',*,*,#7751,.F.);
#7769=EDGE_LOOP('',(#7764,#7765,#7767,#7768));
#7770=FACE_OUTER_BOUND('',#7769,.F.);
#7771=ADVANCED_FACE('',(#7770),#7763,.F.);
#7772=CARTESIAN_POINT('',(-8.375E0,-4.525E0,1.E0));
#7773=DIRECTION('',(0.E0,0.E0,1.E0));
#7774=DIRECTION('',(1.E0,0.E0,0.E0));
#7775=AXIS2_PLACEMENT_3D('',#7772,#7773,#7774);
#7776=PLANE('',#7775);
#7777=ORIENTED_EDGE('',*,*,#7311,.F.);
#7778=ORIENTED_EDGE('',*,*,#7739,.F.);
#7779=ORIENTED_EDGE('',*,*,#7753,.F.);
#7780=ORIENTED_EDGE('',*,*,#7766,.F.);
#7781=EDGE_LOOP('',(#7777,#7778,#7779,#7780));
#7782=FACE_OUTER_BOUND('',#7781,.F.);
#7783=ADVANCED_FACE('',(#7782),#7776,.T.);
#7784=CARTESIAN_POINT('',(3.25E-1,-2.925E0,1.6E0));
#7785=DIRECTION('',(-1.E0,0.E0,0.E0));
#7786=DIRECTION('',(0.E0,-1.E0,0.E0));
#7787=AXIS2_PLACEMENT_3D('',#7784,#7785,#7786);
#7788=PLANE('',#7787);
#7789=ORIENTED_EDGE('',*,*,#5969,.T.);
#7791=ORIENTED_EDGE('',*,*,#7790,.T.);
#7793=ORIENTED_EDGE('',*,*,#7792,.T.);
#7794=ORIENTED_EDGE('',*,*,#7316,.F.);
#7795=EDGE_LOOP('',(#7789,#7791,#7793,#7794));
#7796=FACE_OUTER_BOUND('',#7795,.F.);
#7797=ADVANCED_FACE('',(#7796),#7788,.F.);
#7798=CARTESIAN_POINT('',(9.25E-1,-2.925E0,1.6E0));
#7799=DIRECTION('',(0.E0,1.E0,0.E0));
#7800=DIRECTION('',(-1.E0,0.E0,0.E0));
#7801=AXIS2_PLACEMENT_3D('',#7798,#7799,#7800);
#7802=PLANE('',#7801);
#7803=ORIENTED_EDGE('',*,*,#5967,.F.);
#7805=ORIENTED_EDGE('',*,*,#7804,.T.);
#7807=ORIENTED_EDGE('',*,*,#7806,.T.);
#7808=ORIENTED_EDGE('',*,*,#7790,.F.);
#7809=EDGE_LOOP('',(#7803,#7805,#7807,#7808));
#7810=FACE_OUTER_BOUND('',#7809,.F.);
#7811=ADVANCED_FACE('',(#7810),#7802,.F.);
#7812=CARTESIAN_POINT('',(9.25E-1,-3.225E0,1.6E0));
#7813=DIRECTION('',(1.E0,0.E0,0.E0));
#7814=DIRECTION('',(0.E0,1.E0,0.E0));
#7815=AXIS2_PLACEMENT_3D('',#7812,#7813,#7814);
#7816=PLANE('',#7815);
#7817=ORIENTED_EDGE('',*,*,#5965,.F.);
#7818=ORIENTED_EDGE('',*,*,#7320,.T.);
#7820=ORIENTED_EDGE('',*,*,#7819,.T.);
#7821=ORIENTED_EDGE('',*,*,#7804,.F.);
#7822=EDGE_LOOP('',(#7817,#7818,#7820,#7821));
#7823=FACE_OUTER_BOUND('',#7822,.F.);
#7824=ADVANCED_FACE('',(#7823),#7816,.F.);
#7825=CARTESIAN_POINT('',(-8.375E0,-4.525E0,1.E0));
#7826=DIRECTION('',(0.E0,0.E0,1.E0));
#7827=DIRECTION('',(1.E0,0.E0,0.E0));
#7828=AXIS2_PLACEMENT_3D('',#7825,#7826,#7827);
#7829=PLANE('',#7828);
#7830=ORIENTED_EDGE('',*,*,#7318,.F.);
#7831=ORIENTED_EDGE('',*,*,#7792,.F.);
#7832=ORIENTED_EDGE('',*,*,#7806,.F.);
#7833=ORIENTED_EDGE('',*,*,#7819,.F.);
#7834=EDGE_LOOP('',(#7830,#7831,#7832,#7833));
#7835=FACE_OUTER_BOUND('',#7834,.F.);
#7836=ADVANCED_FACE('',(#7835),#7829,.T.);
#7837=CARTESIAN_POINT('',(1.575E0,-2.925E0,1.6E0));
#7838=DIRECTION('',(-1.E0,0.E0,0.E0));
#7839=DIRECTION('',(0.E0,-1.E0,0.E0));
#7840=AXIS2_PLACEMENT_3D('',#7837,#7838,#7839);
#7841=PLANE('',#7840);
#7842=ORIENTED_EDGE('',*,*,#5961,.T.);
#7844=ORIENTED_EDGE('',*,*,#7843,.T.);
#7846=ORIENTED_EDGE('',*,*,#7845,.T.);
#7847=ORIENTED_EDGE('',*,*,#7323,.F.);
#7848=EDGE_LOOP('',(#7842,#7844,#7846,#7847));
#7849=FACE_OUTER_BOUND('',#7848,.F.);
#7850=ADVANCED_FACE('',(#7849),#7841,.F.);
#7851=CARTESIAN_POINT('',(2.175E0,-2.925E0,1.6E0));
#7852=DIRECTION('',(0.E0,1.E0,0.E0));
#7853=DIRECTION('',(-1.E0,0.E0,0.E0));
#7854=AXIS2_PLACEMENT_3D('',#7851,#7852,#7853);
#7855=PLANE('',#7854);
#7856=ORIENTED_EDGE('',*,*,#5959,.F.);
#7858=ORIENTED_EDGE('',*,*,#7857,.T.);
#7860=ORIENTED_EDGE('',*,*,#7859,.T.);
#7861=ORIENTED_EDGE('',*,*,#7843,.F.);
#7862=EDGE_LOOP('',(#7856,#7858,#7860,#7861));
#7863=FACE_OUTER_BOUND('',#7862,.F.);
#7864=ADVANCED_FACE('',(#7863),#7855,.F.);
#7865=CARTESIAN_POINT('',(2.175E0,-3.225E0,1.6E0));
#7866=DIRECTION('',(1.E0,0.E0,0.E0));
#7867=DIRECTION('',(0.E0,1.E0,0.E0));
#7868=AXIS2_PLACEMENT_3D('',#7865,#7866,#7867);
#7869=PLANE('',#7868);
#7870=ORIENTED_EDGE('',*,*,#5957,.F.);
#7871=ORIENTED_EDGE('',*,*,#7327,.T.);
#7873=ORIENTED_EDGE('',*,*,#7872,.T.);
#7874=ORIENTED_EDGE('',*,*,#7857,.F.);
#7875=EDGE_LOOP('',(#7870,#7871,#7873,#7874));
#7876=FACE_OUTER_BOUND('',#7875,.F.);
#7877=ADVANCED_FACE('',(#7876),#7869,.F.);
#7878=CARTESIAN_POINT('',(-8.375E0,-4.525E0,1.E0));
#7879=DIRECTION('',(0.E0,0.E0,1.E0));
#7880=DIRECTION('',(1.E0,0.E0,0.E0));
#7881=AXIS2_PLACEMENT_3D('',#7878,#7879,#7880);
#7882=PLANE('',#7881);
#7883=ORIENTED_EDGE('',*,*,#7872,.F.);
#7884=ORIENTED_EDGE('',*,*,#7325,.F.);
#7885=ORIENTED_EDGE('',*,*,#7845,.F.);
#7886=ORIENTED_EDGE('',*,*,#7859,.F.);
#7887=EDGE_LOOP('',(#7883,#7884,#7885,#7886));
#7888=FACE_OUTER_BOUND('',#7887,.F.);
#7889=ADVANCED_FACE('',(#7888),#7882,.T.);
#7890=CARTESIAN_POINT('',(2.825E0,-2.925E0,1.6E0));
#7891=DIRECTION('',(-1.E0,0.E0,0.E0));
#7892=DIRECTION('',(0.E0,-1.E0,0.E0));
#7893=AXIS2_PLACEMENT_3D('',#7890,#7891,#7892);
#7894=PLANE('',#7893);
#7895=ORIENTED_EDGE('',*,*,#5953,.T.);
#7897=ORIENTED_EDGE('',*,*,#7896,.T.);
#7899=ORIENTED_EDGE('',*,*,#7898,.T.);
#7900=ORIENTED_EDGE('',*,*,#7330,.F.);
#7901=EDGE_LOOP('',(#7895,#7897,#7899,#7900));
#7902=FACE_OUTER_BOUND('',#7901,.F.);
#7903=ADVANCED_FACE('',(#7902),#7894,.F.);
#7904=CARTESIAN_POINT('',(3.425E0,-2.925E0,1.6E0));
#7905=DIRECTION('',(0.E0,1.E0,0.E0));
#7906=DIRECTION('',(-1.E0,0.E0,0.E0));
#7907=AXIS2_PLACEMENT_3D('',#7904,#7905,#7906);
#7908=PLANE('',#7907);
#7909=ORIENTED_EDGE('',*,*,#5951,.F.);
#7911=ORIENTED_EDGE('',*,*,#7910,.T.);
#7913=ORIENTED_EDGE('',*,*,#7912,.T.);
#7914=ORIENTED_EDGE('',*,*,#7896,.F.);
#7915=EDGE_LOOP('',(#7909,#7911,#7913,#7914));
#7916=FACE_OUTER_BOUND('',#7915,.F.);
#7917=ADVANCED_FACE('',(#7916),#7908,.F.);
#7918=CARTESIAN_POINT('',(3.425E0,-3.225E0,1.6E0));
#7919=DIRECTION('',(1.E0,0.E0,0.E0));
#7920=DIRECTION('',(0.E0,1.E0,0.E0));
#7921=AXIS2_PLACEMENT_3D('',#7918,#7919,#7920);
#7922=PLANE('',#7921);
#7923=ORIENTED_EDGE('',*,*,#5949,.F.);
#7924=ORIENTED_EDGE('',*,*,#7334,.T.);
#7926=ORIENTED_EDGE('',*,*,#7925,.T.);
#7927=ORIENTED_EDGE('',*,*,#7910,.F.);
#7928=EDGE_LOOP('',(#7923,#7924,#7926,#7927));
#7929=FACE_OUTER_BOUND('',#7928,.F.);
#7930=ADVANCED_FACE('',(#7929),#7922,.F.);
#7931=CARTESIAN_POINT('',(-8.375E0,-4.525E0,1.E0));
#7932=DIRECTION('',(0.E0,0.E0,1.E0));
#7933=DIRECTION('',(1.E0,0.E0,0.E0));
#7934=AXIS2_PLACEMENT_3D('',#7931,#7932,#7933);
#7935=PLANE('',#7934);
#7936=ORIENTED_EDGE('',*,*,#7925,.F.);
#7937=ORIENTED_EDGE('',*,*,#7332,.F.);
#7938=ORIENTED_EDGE('',*,*,#7898,.F.);
#7939=ORIENTED_EDGE('',*,*,#7912,.F.);
#7940=EDGE_LOOP('',(#7936,#7937,#7938,#7939));
#7941=FACE_OUTER_BOUND('',#7940,.F.);
#7942=ADVANCED_FACE('',(#7941),#7935,.T.);
#7943=CARTESIAN_POINT('',(4.075E0,-2.925E0,1.6E0));
#7944=DIRECTION('',(-1.E0,0.E0,0.E0));
#7945=DIRECTION('',(0.E0,-1.E0,0.E0));
#7946=AXIS2_PLACEMENT_3D('',#7943,#7944,#7945);
#7947=PLANE('',#7946);
#7948=ORIENTED_EDGE('',*,*,#5945,.T.);
#7950=ORIENTED_EDGE('',*,*,#7949,.T.);
#7952=ORIENTED_EDGE('',*,*,#7951,.T.);
#7953=ORIENTED_EDGE('',*,*,#7337,.F.);
#7954=EDGE_LOOP('',(#7948,#7950,#7952,#7953));
#7955=FACE_OUTER_BOUND('',#7954,.F.);
#7956=ADVANCED_FACE('',(#7955),#7947,.F.);
#7957=CARTESIAN_POINT('',(4.675E0,-2.925E0,1.6E0));
#7958=DIRECTION('',(0.E0,1.E0,0.E0));
#7959=DIRECTION('',(-1.E0,0.E0,0.E0));
#7960=AXIS2_PLACEMENT_3D('',#7957,#7958,#7959);
#7961=PLANE('',#7960);
#7962=ORIENTED_EDGE('',*,*,#5943,.F.);
#7964=ORIENTED_EDGE('',*,*,#7963,.T.);
#7966=ORIENTED_EDGE('',*,*,#7965,.T.);
#7967=ORIENTED_EDGE('',*,*,#7949,.F.);
#7968=EDGE_LOOP('',(#7962,#7964,#7966,#7967));
#7969=FACE_OUTER_BOUND('',#7968,.F.);
#7970=ADVANCED_FACE('',(#7969),#7961,.F.);
#7971=CARTESIAN_POINT('',(4.675E0,-3.225E0,1.6E0));
#7972=DIRECTION('',(1.E0,0.E0,0.E0));
#7973=DIRECTION('',(0.E0,1.E0,0.E0));
#7974=AXIS2_PLACEMENT_3D('',#7971,#7972,#7973);
#7975=PLANE('',#7974);
#7976=ORIENTED_EDGE('',*,*,#5941,.F.);
#7977=ORIENTED_EDGE('',*,*,#7341,.T.);
#7979=ORIENTED_EDGE('',*,*,#7978,.T.);
#7980=ORIENTED_EDGE('',*,*,#7963,.F.);
#7981=EDGE_LOOP('',(#7976,#7977,#7979,#7980));
#7982=FACE_OUTER_BOUND('',#7981,.F.);
#7983=ADVANCED_FACE('',(#7982),#7975,.F.);
#7984=CARTESIAN_POINT('',(-8.375E0,-4.525E0,1.E0));
#7985=DIRECTION('',(0.E0,0.E0,1.E0));
#7986=DIRECTION('',(1.E0,0.E0,0.E0));
#7987=AXIS2_PLACEMENT_3D('',#7984,#7985,#7986);
#7988=PLANE('',#7987);
#7989=ORIENTED_EDGE('',*,*,#7978,.F.);
#7990=ORIENTED_EDGE('',*,*,#7339,.F.);
#7991=ORIENTED_EDGE('',*,*,#7951,.F.);
#7992=ORIENTED_EDGE('',*,*,#7965,.F.);
#7993=EDGE_LOOP('',(#7989,#7990,#7991,#7992));
#7994=FACE_OUTER_BOUND('',#7993,.F.);
#7995=ADVANCED_FACE('',(#7994),#7988,.T.);
#7996=CARTESIAN_POINT('',(5.325E0,-2.925E0,1.6E0));
#7997=DIRECTION('',(-1.E0,0.E0,0.E0));
#7998=DIRECTION('',(0.E0,-1.E0,0.E0));
#7999=AXIS2_PLACEMENT_3D('',#7996,#7997,#7998);
#8000=PLANE('',#7999);
#8001=ORIENTED_EDGE('',*,*,#5937,.T.);
#8003=ORIENTED_EDGE('',*,*,#8002,.T.);
#8005=ORIENTED_EDGE('',*,*,#8004,.T.);
#8006=ORIENTED_EDGE('',*,*,#7344,.F.);
#8007=EDGE_LOOP('',(#8001,#8003,#8005,#8006));
#8008=FACE_OUTER_BOUND('',#8007,.F.);
#8009=ADVANCED_FACE('',(#8008),#8000,.F.);
#8010=CARTESIAN_POINT('',(5.925E0,-2.925E0,1.6E0));
#8011=DIRECTION('',(0.E0,1.E0,0.E0));
#8012=DIRECTION('',(-1.E0,0.E0,0.E0));
#8013=AXIS2_PLACEMENT_3D('',#8010,#8011,#8012);
#8014=PLANE('',#8013);
#8015=ORIENTED_EDGE('',*,*,#5935,.F.);
#8017=ORIENTED_EDGE('',*,*,#8016,.T.);
#8019=ORIENTED_EDGE('',*,*,#8018,.T.);
#8020=ORIENTED_EDGE('',*,*,#8002,.F.);
#8021=EDGE_LOOP('',(#8015,#8017,#8019,#8020));
#8022=FACE_OUTER_BOUND('',#8021,.F.);
#8023=ADVANCED_FACE('',(#8022),#8014,.F.);
#8024=CARTESIAN_POINT('',(5.925E0,-3.225E0,1.6E0));
#8025=DIRECTION('',(1.E0,0.E0,0.E0));
#8026=DIRECTION('',(0.E0,1.E0,0.E0));
#8027=AXIS2_PLACEMENT_3D('',#8024,#8025,#8026);
#8028=PLANE('',#8027);
#8029=ORIENTED_EDGE('',*,*,#5933,.F.);
#8030=ORIENTED_EDGE('',*,*,#7348,.T.);
#8032=ORIENTED_EDGE('',*,*,#8031,.T.);
#8033=ORIENTED_EDGE('',*,*,#8016,.F.);
#8034=EDGE_LOOP('',(#8029,#8030,#8032,#8033));
#8035=FACE_OUTER_BOUND('',#8034,.F.);
#8036=ADVANCED_FACE('',(#8035),#8028,.F.);
#8037=CARTESIAN_POINT('',(-8.375E0,-4.525E0,1.E0));
#8038=DIRECTION('',(0.E0,0.E0,1.E0));
#8039=DIRECTION('',(1.E0,0.E0,0.E0));
#8040=AXIS2_PLACEMENT_3D('',#8037,#8038,#8039);
#8041=PLANE('',#8040);
#8042=ORIENTED_EDGE('',*,*,#8031,.F.);
#8043=ORIENTED_EDGE('',*,*,#7346,.F.);
#8044=ORIENTED_EDGE('',*,*,#8004,.F.);
#8045=ORIENTED_EDGE('',*,*,#8018,.F.);
#8046=EDGE_LOOP('',(#8042,#8043,#8044,#8045));
#8047=FACE_OUTER_BOUND('',#8046,.F.);
#8048=ADVANCED_FACE('',(#8047),#8041,.T.);
#8049=CARTESIAN_POINT('',(6.575E0,-2.925E0,1.6E0));
#8050=DIRECTION('',(-1.E0,0.E0,0.E0));
#8051=DIRECTION('',(0.E0,-1.E0,0.E0));
#8052=AXIS2_PLACEMENT_3D('',#8049,#8050,#8051);
#8053=PLANE('',#8052);
#8054=ORIENTED_EDGE('',*,*,#5929,.T.);
#8056=ORIENTED_EDGE('',*,*,#8055,.T.);
#8058=ORIENTED_EDGE('',*,*,#8057,.T.);
#8059=ORIENTED_EDGE('',*,*,#7351,.F.);
#8060=EDGE_LOOP('',(#8054,#8056,#8058,#8059));
#8061=FACE_OUTER_BOUND('',#8060,.F.);
#8062=ADVANCED_FACE('',(#8061),#8053,.F.);
#8063=CARTESIAN_POINT('',(7.175E0,-2.925E0,1.6E0));
#8064=DIRECTION('',(0.E0,1.E0,0.E0));
#8065=DIRECTION('',(-1.E0,0.E0,0.E0));
#8066=AXIS2_PLACEMENT_3D('',#8063,#8064,#8065);
#8067=PLANE('',#8066);
#8068=ORIENTED_EDGE('',*,*,#5927,.F.);
#8070=ORIENTED_EDGE('',*,*,#8069,.T.);
#8072=ORIENTED_EDGE('',*,*,#8071,.T.);
#8073=ORIENTED_EDGE('',*,*,#8055,.F.);
#8074=EDGE_LOOP('',(#8068,#8070,#8072,#8073));
#8075=FACE_OUTER_BOUND('',#8074,.F.);
#8076=ADVANCED_FACE('',(#8075),#8067,.F.);
#8077=CARTESIAN_POINT('',(7.175E0,-3.225E0,1.6E0));
#8078=DIRECTION('',(1.E0,0.E0,0.E0));
#8079=DIRECTION('',(0.E0,1.E0,0.E0));
#8080=AXIS2_PLACEMENT_3D('',#8077,#8078,#8079);
#8081=PLANE('',#8080);
#8082=ORIENTED_EDGE('',*,*,#5925,.F.);
#8083=ORIENTED_EDGE('',*,*,#7355,.T.);
#8085=ORIENTED_EDGE('',*,*,#8084,.T.);
#8086=ORIENTED_EDGE('',*,*,#8069,.F.);
#8087=EDGE_LOOP('',(#8082,#8083,#8085,#8086));
#8088=FACE_OUTER_BOUND('',#8087,.F.);
#8089=ADVANCED_FACE('',(#8088),#8081,.F.);
#8090=CARTESIAN_POINT('',(-8.375E0,-4.525E0,1.E0));
#8091=DIRECTION('',(0.E0,0.E0,1.E0));
#8092=DIRECTION('',(1.E0,0.E0,0.E0));
#8093=AXIS2_PLACEMENT_3D('',#8090,#8091,#8092);
#8094=PLANE('',#8093);
#8095=ORIENTED_EDGE('',*,*,#8084,.F.);
#8096=ORIENTED_EDGE('',*,*,#7353,.F.);
#8097=ORIENTED_EDGE('',*,*,#8057,.F.);
#8098=ORIENTED_EDGE('',*,*,#8071,.F.);
#8099=EDGE_LOOP('',(#8095,#8096,#8097,#8098));
#8100=FACE_OUTER_BOUND('',#8099,.F.);
#8101=ADVANCED_FACE('',(#8100),#8094,.T.);
#8102=CARTESIAN_POINT('',(7.875E0,-2.975E0,1.6E0));
#8103=DIRECTION('',(-1.E0,0.E0,0.E0));
#8104=DIRECTION('',(0.E0,-1.E0,0.E0));
#8105=AXIS2_PLACEMENT_3D('',#8102,#8103,#8104);
#8106=PLANE('',#8105);
#8107=ORIENTED_EDGE('',*,*,#5921,.T.);
#8108=ORIENTED_EDGE('',*,*,#6049,.T.);
#8109=ORIENTED_EDGE('',*,*,#5893,.T.);
#8110=ORIENTED_EDGE('',*,*,#7358,.F.);
#8111=EDGE_LOOP('',(#8107,#8108,#8109,#8110));
#8112=FACE_OUTER_BOUND('',#8111,.F.);
#8113=ADVANCED_FACE('',(#8112),#8106,.F.);
#8114=CARTESIAN_POINT('',(7.625E0,9.75E-1,-1.6E0));
#8115=DIRECTION('',(1.E0,0.E0,0.E0));
#8116=DIRECTION('',(0.E0,0.E0,-1.E0));
#8117=AXIS2_PLACEMENT_3D('',#8114,#8115,#8116);
#8118=PLANE('',#8117);
#8119=ORIENTED_EDGE('',*,*,#5834,.F.);
#8120=ORIENTED_EDGE('',*,*,#5808,.T.);
#8122=ORIENTED_EDGE('',*,*,#8121,.T.);
#8123=ORIENTED_EDGE('',*,*,#6271,.T.);
#8125=ORIENTED_EDGE('',*,*,#8124,.T.);
#8127=ORIENTED_EDGE('',*,*,#8126,.T.);
#8128=ORIENTED_EDGE('',*,*,#6971,.T.);
#8129=ORIENTED_EDGE('',*,*,#7363,.T.);
#8130=EDGE_LOOP('',(#8119,#8120,#8122,#8123,#8125,#8127,#8128,#8129));
#8131=FACE_OUTER_BOUND('',#8130,.F.);
#8132=ADVANCED_FACE('',(#8131),#8118,.F.);
#8133=CARTESIAN_POINT('',(8.375E0,-4.525E0,-1.9E0));
#8134=DIRECTION('',(0.E0,0.E0,-1.E0));
#8135=DIRECTION('',(-1.E0,0.E0,0.E0));
#8136=AXIS2_PLACEMENT_3D('',#8133,#8134,#8135);
#8137=PLANE('',#8136);
#8139=ORIENTED_EDGE('',*,*,#8138,.T.);
#8140=ORIENTED_EDGE('',*,*,#6265,.T.);
#8141=ORIENTED_EDGE('',*,*,#5854,.F.);
#8142=ORIENTED_EDGE('',*,*,#5790,.F.);
#8143=EDGE_LOOP('',(#8139,#8140,#8141,#8142));
#8144=FACE_OUTER_BOUND('',#8143,.F.);
#8145=ADVANCED_FACE('',(#8144),#8137,.T.);
#8146=CARTESIAN_POINT('',(8.375E0,-4.525E0,-1.9E0));
#8147=DIRECTION('',(0.E0,0.E0,-1.E0));
#8148=DIRECTION('',(-1.E0,0.E0,0.E0));
#8149=AXIS2_PLACEMENT_3D('',#8146,#8147,#8148);
#8150=PLANE('',#8149);
#8151=ORIENTED_EDGE('',*,*,#8121,.F.);
#8152=ORIENTED_EDGE('',*,*,#5806,.F.);
#8153=ORIENTED_EDGE('',*,*,#6068,.T.);
#8154=ORIENTED_EDGE('',*,*,#6273,.T.);
#8155=EDGE_LOOP('',(#8151,#8152,#8153,#8154));
#8156=FACE_OUTER_BOUND('',#8155,.F.);
#8157=ADVANCED_FACE('',(#8156),#8150,.T.);
#8158=CARTESIAN_POINT('',(-7.625E0,9.75E-1,-1.9E0));
#8159=DIRECTION('',(-1.E0,0.E0,3.552713678801E-14));
#8160=DIRECTION('',(3.552713678801E-14,0.E0,1.E0));
#8161=AXIS2_PLACEMENT_3D('',#8158,#8159,#8160);
#8162=PLANE('',#8161);
#8163=ORIENTED_EDGE('',*,*,#5823,.T.);
#8164=ORIENTED_EDGE('',*,*,#7448,.F.);
#8165=ORIENTED_EDGE('',*,*,#7233,.F.);
#8167=ORIENTED_EDGE('',*,*,#8166,.F.);
#8169=ORIENTED_EDGE('',*,*,#8168,.F.);
#8170=ORIENTED_EDGE('',*,*,#6267,.F.);
#8171=ORIENTED_EDGE('',*,*,#8138,.F.);
#8172=ORIENTED_EDGE('',*,*,#5788,.T.);
#8173=EDGE_LOOP('',(#8163,#8164,#8165,#8167,#8169,#8170,#8171,#8172));
#8174=FACE_OUTER_BOUND('',#8173,.F.);
#8175=ADVANCED_FACE('',(#8174),#8162,.F.);
#8176=CARTESIAN_POINT('',(7.625E0,-3.825E0,-1.9E0));
#8177=DIRECTION('',(0.E0,1.E0,0.E0));
#8178=DIRECTION('',(0.E0,0.E0,1.E0));
#8179=AXIS2_PLACEMENT_3D('',#8176,#8177,#8178);
#8180=PLANE('',#8179);
#8181=ORIENTED_EDGE('',*,*,#7231,.T.);
#8183=ORIENTED_EDGE('',*,*,#8182,.F.);
#8185=ORIENTED_EDGE('',*,*,#8184,.F.);
#8186=ORIENTED_EDGE('',*,*,#8166,.T.);
#8187=EDGE_LOOP('',(#8181,#8183,#8185,#8186));
#8188=FACE_OUTER_BOUND('',#8187,.F.);
#8189=ADVANCED_FACE('',(#8188),#8180,.F.);
#8190=CARTESIAN_POINT('',(7.625E0,-3.825E0,-1.9E0));
#8191=DIRECTION('',(0.E0,1.E0,0.E0));
#8192=DIRECTION('',(0.E0,0.E0,1.E0));
#8193=AXIS2_PLACEMENT_3D('',#8190,#8191,#8192);
#8194=PLANE('',#8193);
#8195=ORIENTED_EDGE('',*,*,#7255,.T.);
#8197=ORIENTED_EDGE('',*,*,#8196,.F.);
#8199=ORIENTED_EDGE('',*,*,#8198,.F.);
#8201=ORIENTED_EDGE('',*,*,#8200,.T.);
#8202=EDGE_LOOP('',(#8195,#8197,#8199,#8201));
#8203=FACE_OUTER_BOUND('',#8202,.F.);
#8204=ADVANCED_FACE('',(#8203),#8194,.F.);
#8205=CARTESIAN_POINT('',(7.625E0,-3.825E0,-1.9E0));
#8206=DIRECTION('',(0.E0,1.E0,0.E0));
#8207=DIRECTION('',(0.E0,0.E0,1.E0));
#8208=AXIS2_PLACEMENT_3D('',#8205,#8206,#8207);
#8209=PLANE('',#8208);
#8210=ORIENTED_EDGE('',*,*,#7211,.T.);
#8212=ORIENTED_EDGE('',*,*,#8211,.F.);
#8214=ORIENTED_EDGE('',*,*,#8213,.F.);
#8216=ORIENTED_EDGE('',*,*,#8215,.T.);
#8217=EDGE_LOOP('',(#8210,#8212,#8214,#8216));
#8218=FACE_OUTER_BOUND('',#8217,.F.);
#8219=ADVANCED_FACE('',(#8218),#8209,.F.);
#8220=CARTESIAN_POINT('',(7.625E0,-3.825E0,-1.9E0));
#8221=DIRECTION('',(0.E0,1.E0,0.E0));
#8222=DIRECTION('',(0.E0,0.E0,1.E0));
#8223=AXIS2_PLACEMENT_3D('',#8220,#8221,#8222);
#8224=PLANE('',#8223);
#8225=ORIENTED_EDGE('',*,*,#7187,.T.);
#8227=ORIENTED_EDGE('',*,*,#8226,.F.);
#8229=ORIENTED_EDGE('',*,*,#8228,.F.);
#8231=ORIENTED_EDGE('',*,*,#8230,.T.);
#8232=EDGE_LOOP('',(#8225,#8227,#8229,#8231));
#8233=FACE_OUTER_BOUND('',#8232,.F.);
#8234=ADVANCED_FACE('',(#8233),#8224,.F.);
#8235=CARTESIAN_POINT('',(7.625E0,-3.825E0,-1.9E0));
#8236=DIRECTION('',(0.E0,1.E0,0.E0));
#8237=DIRECTION('',(0.E0,0.E0,1.E0));
#8238=AXIS2_PLACEMENT_3D('',#8235,#8236,#8237);
#8239=PLANE('',#8238);
#8240=ORIENTED_EDGE('',*,*,#7163,.T.);
#8242=ORIENTED_EDGE('',*,*,#8241,.F.);
#8244=ORIENTED_EDGE('',*,*,#8243,.F.);
#8246=ORIENTED_EDGE('',*,*,#8245,.T.);
#8247=EDGE_LOOP('',(#8240,#8242,#8244,#8246));
#8248=FACE_OUTER_BOUND('',#8247,.F.);
#8249=ADVANCED_FACE('',(#8248),#8239,.F.);
#8250=CARTESIAN_POINT('',(7.625E0,-3.825E0,-1.9E0));
#8251=DIRECTION('',(0.E0,1.E0,0.E0));
#8252=DIRECTION('',(0.E0,0.E0,1.E0));
#8253=AXIS2_PLACEMENT_3D('',#8250,#8251,#8252);
#8254=PLANE('',#8253);
#8255=ORIENTED_EDGE('',*,*,#7139,.T.);
#8257=ORIENTED_EDGE('',*,*,#8256,.F.);
#8259=ORIENTED_EDGE('',*,*,#8258,.F.);
#8261=ORIENTED_EDGE('',*,*,#8260,.T.);
#8262=EDGE_LOOP('',(#8255,#8257,#8259,#8261));
#8263=FACE_OUTER_BOUND('',#8262,.F.);
#8264=ADVANCED_FACE('',(#8263),#8254,.F.);
#8265=CARTESIAN_POINT('',(7.625E0,-3.825E0,-1.9E0));
#8266=DIRECTION('',(0.E0,1.E0,0.E0));
#8267=DIRECTION('',(0.E0,0.E0,1.E0));
#8268=AXIS2_PLACEMENT_3D('',#8265,#8266,#8267);
#8269=PLANE('',#8268);
#8270=ORIENTED_EDGE('',*,*,#8126,.F.);
#8272=ORIENTED_EDGE('',*,*,#8271,.F.);
#8274=ORIENTED_EDGE('',*,*,#8273,.F.);
#8275=ORIENTED_EDGE('',*,*,#6973,.T.);
#8276=EDGE_LOOP('',(#8270,#8272,#8274,#8275));
#8277=FACE_OUTER_BOUND('',#8276,.F.);
#8278=ADVANCED_FACE('',(#8277),#8269,.F.);
#8279=CARTESIAN_POINT('',(7.625E0,-3.825E0,-1.9E0));
#8280=DIRECTION('',(0.E0,1.E0,0.E0));
#8281=DIRECTION('',(0.E0,0.E0,1.E0));
#8282=AXIS2_PLACEMENT_3D('',#8279,#8280,#8281);
#8283=PLANE('',#8282);
#8285=ORIENTED_EDGE('',*,*,#8284,.T.);
#8286=ORIENTED_EDGE('',*,*,#6995,.T.);
#8288=ORIENTED_EDGE('',*,*,#8287,.F.);
#8290=ORIENTED_EDGE('',*,*,#8289,.F.);
#8291=EDGE_LOOP('',(#8285,#8286,#8288,#8290));
#8292=FACE_OUTER_BOUND('',#8291,.F.);
#8293=ADVANCED_FACE('',(#8292),#8283,.F.);
#8294=CARTESIAN_POINT('',(7.625E0,-3.825E0,-1.9E0));
#8295=DIRECTION('',(0.E0,1.E0,0.E0));
#8296=DIRECTION('',(0.E0,0.E0,1.E0));
#8297=AXIS2_PLACEMENT_3D('',#8294,#8295,#8296);
#8298=PLANE('',#8297);
#8300=ORIENTED_EDGE('',*,*,#8299,.F.);
#8302=ORIENTED_EDGE('',*,*,#8301,.F.);
#8304=ORIENTED_EDGE('',*,*,#8303,.T.);
#8305=ORIENTED_EDGE('',*,*,#7019,.T.);
#8306=EDGE_LOOP('',(#8300,#8302,#8304,#8305));
#8307=FACE_OUTER_BOUND('',#8306,.F.);
#8308=ADVANCED_FACE('',(#8307),#8298,.F.);
#8309=CARTESIAN_POINT('',(7.625E0,-3.825E0,-1.9E0));
#8310=DIRECTION('',(0.E0,1.E0,0.E0));
#8311=DIRECTION('',(0.E0,0.E0,1.E0));
#8312=AXIS2_PLACEMENT_3D('',#8309,#8310,#8311);
#8313=PLANE('',#8312);
#8315=ORIENTED_EDGE('',*,*,#8314,.F.);
#8317=ORIENTED_EDGE('',*,*,#8316,.F.);
#8319=ORIENTED_EDGE('',*,*,#8318,.T.);
#8320=ORIENTED_EDGE('',*,*,#7043,.T.);
#8321=EDGE_LOOP('',(#8315,#8317,#8319,#8320));
#8322=FACE_OUTER_BOUND('',#8321,.F.);
#8323=ADVANCED_FACE('',(#8322),#8313,.F.);
#8324=CARTESIAN_POINT('',(7.625E0,-3.825E0,-1.9E0));
#8325=DIRECTION('',(0.E0,1.E0,0.E0));
#8326=DIRECTION('',(0.E0,0.E0,1.E0));
#8327=AXIS2_PLACEMENT_3D('',#8324,#8325,#8326);
#8328=PLANE('',#8327);
#8330=ORIENTED_EDGE('',*,*,#8329,.F.);
#8332=ORIENTED_EDGE('',*,*,#8331,.F.);
#8334=ORIENTED_EDGE('',*,*,#8333,.T.);
#8335=ORIENTED_EDGE('',*,*,#7067,.T.);
#8336=EDGE_LOOP('',(#8330,#8332,#8334,#8335));
#8337=FACE_OUTER_BOUND('',#8336,.F.);
#8338=ADVANCED_FACE('',(#8337),#8328,.F.);
#8339=CARTESIAN_POINT('',(7.625E0,-3.825E0,-1.9E0));
#8340=DIRECTION('',(0.E0,1.E0,0.E0));
#8341=DIRECTION('',(0.E0,0.E0,1.E0));
#8342=AXIS2_PLACEMENT_3D('',#8339,#8340,#8341);
#8343=PLANE('',#8342);
#8345=ORIENTED_EDGE('',*,*,#8344,.F.);
#8347=ORIENTED_EDGE('',*,*,#8346,.F.);
#8349=ORIENTED_EDGE('',*,*,#8348,.T.);
#8350=ORIENTED_EDGE('',*,*,#7091,.T.);
#8351=EDGE_LOOP('',(#8345,#8347,#8349,#8350));
#8352=FACE_OUTER_BOUND('',#8351,.F.);
#8353=ADVANCED_FACE('',(#8352),#8343,.F.);
#8354=CARTESIAN_POINT('',(7.625E0,-3.825E0,-1.9E0));
#8355=DIRECTION('',(0.E0,1.E0,0.E0));
#8356=DIRECTION('',(0.E0,0.E0,1.E0));
#8357=AXIS2_PLACEMENT_3D('',#8354,#8355,#8356);
#8358=PLANE('',#8357);
#8359=ORIENTED_EDGE('',*,*,#7115,.T.);
#8361=ORIENTED_EDGE('',*,*,#8360,.F.);
#8363=ORIENTED_EDGE('',*,*,#8362,.F.);
#8365=ORIENTED_EDGE('',*,*,#8364,.T.);
#8366=EDGE_LOOP('',(#8359,#8361,#8363,#8365));
#8367=FACE_OUTER_BOUND('',#8366,.F.);
#8368=ADVANCED_FACE('',(#8367),#8358,.F.);
#8369=CARTESIAN_POINT('',(-7.2E0,-3.825E0,-1.6E0));
#8370=DIRECTION('',(-8.320502943378E-1,5.547001962252E-1,0.E0));
#8371=DIRECTION('',(5.547001962252E-1,8.320502943378E-1,0.E0));
#8372=AXIS2_PLACEMENT_3D('',#8369,#8370,#8371);
#8373=PLANE('',#8372);
#8374=ORIENTED_EDGE('',*,*,#7229,.T.);
#8376=ORIENTED_EDGE('',*,*,#8375,.F.);
#8378=ORIENTED_EDGE('',*,*,#8377,.F.);
#8379=ORIENTED_EDGE('',*,*,#8182,.T.);
#8380=EDGE_LOOP('',(#8374,#8376,#8378,#8379));
#8381=FACE_OUTER_BOUND('',#8380,.F.);
#8382=ADVANCED_FACE('',(#8381),#8373,.F.);
#8383=CARTESIAN_POINT('',(-7.1E0,-3.675E0,-1.6E0));
#8384=DIRECTION('',(-9.778024140774E-1,2.095290887309E-1,0.E0));
#8385=DIRECTION('',(2.095290887309E-1,9.778024140774E-1,0.E0));
#8386=AXIS2_PLACEMENT_3D('',#8383,#8384,#8385);
#8387=PLANE('',#8386);
#8389=ORIENTED_EDGE('',*,*,#8388,.T.);
#8391=ORIENTED_EDGE('',*,*,#8390,.F.);
#8392=ORIENTED_EDGE('',*,*,#8375,.T.);
#8393=ORIENTED_EDGE('',*,*,#7227,.T.);
#8394=EDGE_LOOP('',(#8389,#8391,#8392,#8393));
#8395=FACE_OUTER_BOUND('',#8394,.F.);
#8396=ADVANCED_FACE('',(#8395),#8387,.F.);
#8397=CARTESIAN_POINT('',(-7.035E0,-1.05E0,-4.75E-1));
#8398=DIRECTION('',(1.E0,0.E0,0.E0));
#8399=DIRECTION('',(0.E0,1.E0,0.E0));
#8400=AXIS2_PLACEMENT_3D('',#8397,#8398,#8399);
#8401=PLANE('',#8400);
#8402=ORIENTED_EDGE('',*,*,#6663,.F.);
#8404=ORIENTED_EDGE('',*,*,#8403,.F.);
#8406=ORIENTED_EDGE('',*,*,#8405,.F.);
#8408=ORIENTED_EDGE('',*,*,#8407,.T.);
#8409=EDGE_LOOP('',(#8402,#8404,#8406,#8408));
#8410=FACE_OUTER_BOUND('',#8409,.F.);
#8411=ADVANCED_FACE('',(#8410),#8401,.F.);
#8412=CARTESIAN_POINT('',(-7.035E0,-1.05E0,-4.75E-1));
#8413=DIRECTION('',(1.E0,0.E0,0.E0));
#8414=DIRECTION('',(0.E0,1.E0,0.E0));
#8415=AXIS2_PLACEMENT_3D('',#8412,#8413,#8414);
#8416=PLANE('',#8415);
#8417=ORIENTED_EDGE('',*,*,#7225,.F.);
#8418=ORIENTED_EDGE('',*,*,#7445,.T.);
#8420=ORIENTED_EDGE('',*,*,#8419,.T.);
#8422=ORIENTED_EDGE('',*,*,#8421,.T.);
#8424=ORIENTED_EDGE('',*,*,#8423,.T.);
#8426=ORIENTED_EDGE('',*,*,#8425,.F.);
#8428=ORIENTED_EDGE('',*,*,#8427,.F.);
#8429=ORIENTED_EDGE('',*,*,#8388,.F.);
#8430=EDGE_LOOP('',(#8417,#8418,#8420,#8422,#8424,#8426,#8428,#8429));
#8431=FACE_OUTER_BOUND('',#8430,.F.);
#8432=ADVANCED_FACE('',(#8431),#8416,.F.);
#8433=CARTESIAN_POINT('',(-6.875E0,-1.05E0,-7.75E-1));
#8434=DIRECTION('',(0.E0,0.E0,1.E0));
#8435=DIRECTION('',(1.E0,0.E0,0.E0));
#8436=AXIS2_PLACEMENT_3D('',#8433,#8434,#8435);
#8437=PLANE('',#8436);
#8438=ORIENTED_EDGE('',*,*,#6661,.T.);
#8440=ORIENTED_EDGE('',*,*,#8439,.F.);
#8442=ORIENTED_EDGE('',*,*,#8441,.F.);
#8443=ORIENTED_EDGE('',*,*,#8403,.T.);
#8444=EDGE_LOOP('',(#8438,#8440,#8442,#8443));
#8445=FACE_OUTER_BOUND('',#8444,.F.);
#8446=ADVANCED_FACE('',(#8445),#8437,.F.);
#8447=CARTESIAN_POINT('',(-6.715E0,-1.05E0,-4.75E-1));
#8448=DIRECTION('',(1.E0,0.E0,0.E0));
#8449=DIRECTION('',(0.E0,1.E0,0.E0));
#8450=AXIS2_PLACEMENT_3D('',#8447,#8448,#8449);
#8451=PLANE('',#8450);
#8452=ORIENTED_EDGE('',*,*,#6659,.T.);
#8454=ORIENTED_EDGE('',*,*,#8453,.F.);
#8456=ORIENTED_EDGE('',*,*,#8455,.F.);
#8457=ORIENTED_EDGE('',*,*,#8439,.T.);
#8458=EDGE_LOOP('',(#8452,#8454,#8456,#8457));
#8459=FACE_OUTER_BOUND('',#8458,.F.);
#8460=ADVANCED_FACE('',(#8459),#8451,.T.);
#8461=CARTESIAN_POINT('',(-6.715E0,-1.05E0,-4.75E-1));
#8462=DIRECTION('',(1.E0,0.E0,0.E0));
#8463=DIRECTION('',(0.E0,1.E0,0.E0));
#8464=AXIS2_PLACEMENT_3D('',#8461,#8462,#8463);
#8465=PLANE('',#8464);
#8466=ORIENTED_EDGE('',*,*,#7245,.T.);
#8468=ORIENTED_EDGE('',*,*,#8467,.T.);
#8470=ORIENTED_EDGE('',*,*,#8469,.T.);
#8472=ORIENTED_EDGE('',*,*,#8471,.T.);
#8474=ORIENTED_EDGE('',*,*,#8473,.T.);
#8476=ORIENTED_EDGE('',*,*,#8475,.F.);
#8478=ORIENTED_EDGE('',*,*,#8477,.F.);
#8479=ORIENTED_EDGE('',*,*,#7441,.F.);
#8480=EDGE_LOOP('',(#8466,#8468,#8470,#8472,#8474,#8476,#8478,#8479));
#8481=FACE_OUTER_BOUND('',#8480,.F.);
#8482=ADVANCED_FACE('',(#8481),#8465,.T.);
#8483=CARTESIAN_POINT('',(-6.875E0,-1.05E0,-1.75E-1));
#8484=DIRECTION('',(0.E0,0.E0,1.E0));
#8485=DIRECTION('',(1.E0,0.E0,0.E0));
#8486=AXIS2_PLACEMENT_3D('',#8483,#8484,#8485);
#8487=PLANE('',#8486);
#8488=ORIENTED_EDGE('',*,*,#6657,.F.);
#8489=ORIENTED_EDGE('',*,*,#8407,.F.);
#8491=ORIENTED_EDGE('',*,*,#8490,.F.);
#8492=ORIENTED_EDGE('',*,*,#8453,.T.);
#8493=EDGE_LOOP('',(#8488,#8489,#8491,#8492));
#8494=FACE_OUTER_BOUND('',#8493,.F.);
#8495=ADVANCED_FACE('',(#8494),#8487,.T.);
#8496=CARTESIAN_POINT('',(-6.756214494778E0,2.849644625731E-1,
-2.801691289908E-1));
#8497=CARTESIAN_POINT('',(-6.703218467649E0,1.478824537169E-1,
-2.081171738982E-1));
#8498=CARTESIAN_POINT('',(-6.677453345184E0,7.355263786409E-3,
-1.730876151291E-1));
#8499=CARTESIAN_POINT('',(-6.678919127382E0,-1.366171072182E-1,
-1.750804526836E-1));
#8500=CARTESIAN_POINT('',(-6.779659909418E0,2.849972516309E-1,
-2.801691289908E-1));
#8501=CARTESIAN_POINT('',(-6.737124029156E0,1.474526542508E-1,
-2.081171738982E-1));
#8502=CARTESIAN_POINT('',(-6.716444324969E0,6.926716110621E-3,
-1.730876151291E-1));
#8503=CARTESIAN_POINT('',(-6.717620796856E0,-1.365805627896E-1,
-1.750804526836E-1));
#8504=CARTESIAN_POINT('',(-6.819255077825E0,2.850365920376E-1,
-2.801691289908E-1));
#8505=CARTESIAN_POINT('',(-6.794384539940E0,1.469369796038E-1,
-2.081171738982E-1));
#8506=CARTESIAN_POINT('',(-6.782293209908E0,6.412543365280E-3,
-1.730876151291E-1));
#8507=CARTESIAN_POINT('',(-6.782981087729E0,-1.365367166780E-1,
-1.750804526836E-1));
#8508=CARTESIAN_POINT('',(-6.875E0,2.850528401679E-1,-2.801691289908E-1));
#8509=CARTESIAN_POINT('',(-6.875E0,1.467239988652E-1,-2.081171738982E-1));
#8510=CARTESIAN_POINT('',(-6.875E0,6.200182932703E-3,-1.730876151291E-1));
#8511=CARTESIAN_POINT('',(-6.875E0,-1.365186076295E-1,-1.750804526836E-1));
#8512=CARTESIAN_POINT('',(-6.930744922175E0,2.850365920376E-1,
-2.801691289908E-1));
#8513=CARTESIAN_POINT('',(-6.955615460060E0,1.469369796038E-1,
-2.081171738982E-1));
#8514=CARTESIAN_POINT('',(-6.967706790092E0,6.412543365280E-3,
-1.730876151291E-1));
#8515=CARTESIAN_POINT('',(-6.967018912271E0,-1.365367166780E-1,
-1.750804526836E-1));
#8516=CARTESIAN_POINT('',(-6.970340090582E0,2.849972516309E-1,
-2.801691289908E-1));
#8517=CARTESIAN_POINT('',(-7.012875970844E0,1.474526542508E-1,
-2.081171738982E-1));
#8518=CARTESIAN_POINT('',(-7.033555675031E0,6.926716110621E-3,
-1.730876151291E-1));
#8519=CARTESIAN_POINT('',(-7.032379203144E0,-1.365805627896E-1,
-1.750804526836E-1));
#8520=CARTESIAN_POINT('',(-6.993785505222E0,2.849644625731E-1,
-2.801691289908E-1));
#8521=CARTESIAN_POINT('',(-7.046781532351E0,1.478824537169E-1,
-2.081171738982E-1));
#8522=CARTESIAN_POINT('',(-7.072546654816E0,7.355263786409E-3,
-1.730876151291E-1));
#8523=CARTESIAN_POINT('',(-7.071080872618E0,-1.366171072182E-1,
-1.750804526836E-1));
#8524=B_SPLINE_SURFACE_WITH_KNOTS('',3,3,((#8496,#8497,#8498,#8499),(#8500,
#8501,#8502,#8503),(#8504,#8505,#8506,#8507),(#8508,#8509,#8510,#8511),(#8512,
#8513,#8514,#8515),(#8516,#8517,#8518,#8519),(#8520,#8521,#8522,#8523)),
.UNSPECIFIED.,.F.,.F.,.F.,(4,1,1,1,4),(4,4),(-1.129376487271E-1,2.5E-1,5.E-1,
7.5E-1,1.112937648727E0),(-1.020800380456E-2,4.113456729120E-1),.UNSPECIFIED.);
#8526=ORIENTED_EDGE('',*,*,#8525,.F.);
#8528=ORIENTED_EDGE('',*,*,#8527,.T.);
#8529=ORIENTED_EDGE('',*,*,#8490,.T.);
#8531=ORIENTED_EDGE('',*,*,#8530,.F.);
#8532=EDGE_LOOP('',(#8526,#8528,#8529,#8531));
#8533=FACE_OUTER_BOUND('',#8532,.F.);
#8534=ADVANCED_FACE('',(#8533),#8524,.T.);
#8535=CARTESIAN_POINT('',(-6.875E0,2.75E-1,-4.75E-1));
#8536=DIRECTION('',(0.E0,-1.E0,0.E0));
#8537=DIRECTION('',(0.E0,0.E0,-1.E0));
#8538=AXIS2_PLACEMENT_3D('',#8535,#8536,#8537);
#8539=PLANE('',#8538);
#8540=ORIENTED_EDGE('',*,*,#8525,.T.);
#8542=ORIENTED_EDGE('',*,*,#8541,.T.);
#8544=ORIENTED_EDGE('',*,*,#8543,.T.);
#8546=ORIENTED_EDGE('',*,*,#8545,.T.);
#8547=EDGE_LOOP('',(#8540,#8542,#8544,#8546));
#8548=FACE_OUTER_BOUND('',#8547,.F.);
#8549=ADVANCED_FACE('',(#8548),#8539,.F.);
#8550=CARTESIAN_POINT('',(-6.971898522606E0,2.849555100070E-1,
-2.581653885196E-1));
#8551=CARTESIAN_POINT('',(-7.015118127069E0,1.480364532166E-1,
-1.779975135696E-1));
#8552=CARTESIAN_POINT('',(-7.036136180707E0,7.547482004589E-3,
-1.390112082402E-1));
#8553=CARTESIAN_POINT('',(-7.034952683522E0,-1.365114036291E-1,
-1.412064725315E-1));
#8554=CARTESIAN_POINT('',(-6.971898522606E0,2.850254352060E-1,
-2.979717805115E-1));
#8555=CARTESIAN_POINT('',(-7.015118127069E0,1.471201366365E-1,
-2.325210848607E-1));
#8556=CARTESIAN_POINT('',(-7.036136180707E0,6.633569618650E-3,
-2.006918664081E-1));
#8557=CARTESIAN_POINT('',(-7.034952683522E0,-1.364342658475E-1,
-2.024841251538E-1));
#8558=CARTESIAN_POINT('',(-6.971898522606E0,2.851194487553E-1,
-3.702499843383E-1));
#8559=CARTESIAN_POINT('',(-7.015118127069E0,1.458881605359E-1,
-3.315219136708E-1));
#8560=CARTESIAN_POINT('',(-7.036136180707E0,5.404825926915E-3,
-3.126881303280E-1));
#8561=CARTESIAN_POINT('',(-7.034952683522E0,-1.363305550716E-1,
-3.137486343099E-1));
#8562=CARTESIAN_POINT('',(-6.971898522606E0,2.851631586143E-1,-4.75E-1));
#8563=CARTESIAN_POINT('',(-7.015118127069E0,1.453153760585E-1,-4.75E-1));
#8564=CARTESIAN_POINT('',(-7.036136180707E0,4.833544298195E-3,-4.75E-1));
#8565=CARTESIAN_POINT('',(-7.034952683522E0,-1.362823366666E-1,-4.75E-1));
#8566=CARTESIAN_POINT('',(-6.971898522606E0,2.851194487553E-1,
-5.797500156617E-1));
#8567=CARTESIAN_POINT('',(-7.015118127069E0,1.458881605359E-1,
-6.184780863292E-1));
#8568=CARTESIAN_POINT('',(-7.036136180707E0,5.404825926915E-3,
-6.373118696720E-1));
#8569=CARTESIAN_POINT('',(-7.034952683522E0,-1.363305550716E-1,
-6.362513656901E-1));
#8570=CARTESIAN_POINT('',(-6.971898522606E0,2.850254352060E-1,
-6.520282194885E-1));
#8571=CARTESIAN_POINT('',(-7.015118127069E0,1.471201366365E-1,
-7.174789151393E-1));
#8572=CARTESIAN_POINT('',(-7.036136180707E0,6.633569618650E-3,
-7.493081335919E-1));
#8573=CARTESIAN_POINT('',(-7.034952683522E0,-1.364342658475E-1,
-7.475158748462E-1));
#8574=CARTESIAN_POINT('',(-6.971898522606E0,2.849555100070E-1,
-6.918346114804E-1));
#8575=CARTESIAN_POINT('',(-7.015118127069E0,1.480364532166E-1,
-7.720024864304E-1));
#8576=CARTESIAN_POINT('',(-7.036136180707E0,7.547482004589E-3,
-8.109887917598E-1));
#8577=CARTESIAN_POINT('',(-7.034952683522E0,-1.365114036291E-1,
-8.087935274685E-1));
#8578=B_SPLINE_SURFACE_WITH_KNOTS('',3,3,((#8550,#8551,#8552,#8553),(#8554,
#8555,#8556,#8557),(#8558,#8559,#8560,#8561),(#8562,#8563,#8564,#8565),(#8566,
#8567,#8568,#8569),(#8570,#8571,#8572,#8573),(#8574,#8575,#8576,#8577)),
.UNSPECIFIED.,.F.,.F.,.F.,(4,1,1,1,4),(4,4),(-5.646882436354E-2,2.5E-1,5.E-1,
7.5E-1,1.056468824364E0),(-1.020800380456E-2,4.112328658242E-1),.UNSPECIFIED.);
#8579=ORIENTED_EDGE('',*,*,#8541,.F.);
#8580=ORIENTED_EDGE('',*,*,#8530,.T.);
#8581=ORIENTED_EDGE('',*,*,#8405,.T.);
#8583=ORIENTED_EDGE('',*,*,#8582,.F.);
#8584=EDGE_LOOP('',(#8579,#8580,#8581,#8583));
#8585=FACE_OUTER_BOUND('',#8584,.F.);
#8586=ADVANCED_FACE('',(#8585),#8578,.T.);
#8587=CARTESIAN_POINT('',(-6.993785505222E0,2.849644625731E-1,
-6.698308710092E-1));
#8588=CARTESIAN_POINT('',(-7.046781532351E0,1.478824537169E-1,
-7.418828261018E-1));
#8589=CARTESIAN_POINT('',(-7.072546654816E0,7.355263786409E-3,
-7.769123848709E-1));
#8590=CARTESIAN_POINT('',(-7.071080872618E0,-1.366171072182E-1,
-7.749195473164E-1));
#8591=CARTESIAN_POINT('',(-6.970340090582E0,2.849972516309E-1,
-6.698308710092E-1));
#8592=CARTESIAN_POINT('',(-7.012875970844E0,1.474526542508E-1,
-7.418828261018E-1));
#8593=CARTESIAN_POINT('',(-7.033555675031E0,6.926716110621E-3,
-7.769123848709E-1));
#8594=CARTESIAN_POINT('',(-7.032379203144E0,-1.365805627896E-1,
-7.749195473164E-1));
#8595=CARTESIAN_POINT('',(-6.930744922175E0,2.850365920376E-1,
-6.698308710092E-1));
#8596=CARTESIAN_POINT('',(-6.955615460060E0,1.469369796038E-1,
-7.418828261018E-1));
#8597=CARTESIAN_POINT('',(-6.967706790092E0,6.412543365280E-3,
-7.769123848709E-1));
#8598=CARTESIAN_POINT('',(-6.967018912271E0,-1.365367166780E-1,
-7.749195473164E-1));
#8599=CARTESIAN_POINT('',(-6.875E0,2.850528401679E-1,-6.698308710092E-1));
#8600=CARTESIAN_POINT('',(-6.875E0,1.467239988652E-1,-7.418828261018E-1));
#8601=CARTESIAN_POINT('',(-6.875E0,6.200182932703E-3,-7.769123848709E-1));
#8602=CARTESIAN_POINT('',(-6.875E0,-1.365186076295E-1,-7.749195473164E-1));
#8603=CARTESIAN_POINT('',(-6.819255077825E0,2.850365920376E-1,
-6.698308710092E-1));
#8604=CARTESIAN_POINT('',(-6.794384539940E0,1.469369796038E-1,
-7.418828261018E-1));
#8605=CARTESIAN_POINT('',(-6.782293209908E0,6.412543365280E-3,
-7.769123848709E-1));
#8606=CARTESIAN_POINT('',(-6.782981087729E0,-1.365367166780E-1,
-7.749195473164E-1));
#8607=CARTESIAN_POINT('',(-6.779659909418E0,2.849972516309E-1,
-6.698308710092E-1));
#8608=CARTESIAN_POINT('',(-6.737124029156E0,1.474526542508E-1,
-7.418828261018E-1));
#8609=CARTESIAN_POINT('',(-6.716444324969E0,6.926716110621E-3,
-7.769123848709E-1));
#8610=CARTESIAN_POINT('',(-6.717620796856E0,-1.365805627896E-1,
-7.749195473164E-1));
#8611=CARTESIAN_POINT('',(-6.756214494778E0,2.849644625731E-1,
-6.698308710092E-1));
#8612=CARTESIAN_POINT('',(-6.703218467649E0,1.478824537169E-1,
-7.418828261018E-1));
#8613=CARTESIAN_POINT('',(-6.677453345184E0,7.355263786409E-3,
-7.769123848709E-1));
#8614=CARTESIAN_POINT('',(-6.678919127382E0,-1.366171072182E-1,
-7.749195473164E-1));
#8615=B_SPLINE_SURFACE_WITH_KNOTS('',3,3,((#8587,#8588,#8589,#8590),(#8591,
#8592,#8593,#8594),(#8595,#8596,#8597,#8598),(#8599,#8600,#8601,#8602),(#8603,
#8604,#8605,#8606),(#8607,#8608,#8609,#8610),(#8611,#8612,#8613,#8614)),
.UNSPECIFIED.,.F.,.F.,.F.,(4,1,1,1,4),(4,4),(-1.129376487271E-1,2.5E-1,5.E-1,
7.5E-1,1.112937648727E0),(-1.020800380456E-2,4.113456729120E-1),.UNSPECIFIED.);
#8616=ORIENTED_EDGE('',*,*,#8543,.F.);
#8617=ORIENTED_EDGE('',*,*,#8582,.T.);
#8618=ORIENTED_EDGE('',*,*,#8441,.T.);
#8620=ORIENTED_EDGE('',*,*,#8619,.F.);
#8621=EDGE_LOOP('',(#8616,#8617,#8618,#8620));
#8622=FACE_OUTER_BOUND('',#8621,.F.);
#8623=ADVANCED_FACE('',(#8622),#8615,.T.);
#8624=CARTESIAN_POINT('',(-6.778101477394E0,2.849555100070E-1,
-6.918346114804E-1));
#8625=CARTESIAN_POINT('',(-6.734881872931E0,1.480364532166E-1,
-7.720024864304E-1));
#8626=CARTESIAN_POINT('',(-6.713863819293E0,7.547482004589E-3,
-8.109887917598E-1));
#8627=CARTESIAN_POINT('',(-6.715047316478E0,-1.365114036291E-1,
-8.087935274685E-1));
#8628=CARTESIAN_POINT('',(-6.778101477394E0,2.850254352060E-1,
-6.520282194885E-1));
#8629=CARTESIAN_POINT('',(-6.734881872931E0,1.471201366365E-1,
-7.174789151393E-1));
#8630=CARTESIAN_POINT('',(-6.713863819293E0,6.633569618650E-3,
-7.493081335919E-1));
#8631=CARTESIAN_POINT('',(-6.715047316478E0,-1.364342658475E-1,
-7.475158748462E-1));
#8632=CARTESIAN_POINT('',(-6.778101477394E0,2.851194487553E-1,
-5.797500156617E-1));
#8633=CARTESIAN_POINT('',(-6.734881872931E0,1.458881605359E-1,
-6.184780863292E-1));
#8634=CARTESIAN_POINT('',(-6.713863819293E0,5.404825926915E-3,
-6.373118696720E-1));
#8635=CARTESIAN_POINT('',(-6.715047316478E0,-1.363305550716E-1,
-6.362513656901E-1));
#8636=CARTESIAN_POINT('',(-6.778101477394E0,2.851631586143E-1,-4.75E-1));
#8637=CARTESIAN_POINT('',(-6.734881872931E0,1.453153760585E-1,-4.75E-1));
#8638=CARTESIAN_POINT('',(-6.713863819293E0,4.833544298195E-3,-4.75E-1));
#8639=CARTESIAN_POINT('',(-6.715047316478E0,-1.362823366666E-1,-4.75E-1));
#8640=CARTESIAN_POINT('',(-6.778101477394E0,2.851194487553E-1,
-3.702499843383E-1));
#8641=CARTESIAN_POINT('',(-6.734881872931E0,1.458881605359E-1,
-3.315219136708E-1));
#8642=CARTESIAN_POINT('',(-6.713863819293E0,5.404825926915E-3,
-3.126881303280E-1));
#8643=CARTESIAN_POINT('',(-6.715047316478E0,-1.363305550716E-1,
-3.137486343099E-1));
#8644=CARTESIAN_POINT('',(-6.778101477394E0,2.850254352060E-1,
-2.979717805115E-1));
#8645=CARTESIAN_POINT('',(-6.734881872931E0,1.471201366365E-1,
-2.325210848607E-1));
#8646=CARTESIAN_POINT('',(-6.713863819293E0,6.633569618650E-3,
-2.006918664081E-1));
#8647=CARTESIAN_POINT('',(-6.715047316478E0,-1.364342658475E-1,
-2.024841251538E-1));
#8648=CARTESIAN_POINT('',(-6.778101477394E0,2.849555100070E-1,
-2.581653885196E-1));
#8649=CARTESIAN_POINT('',(-6.734881872931E0,1.480364532166E-1,
-1.779975135696E-1));
#8650=CARTESIAN_POINT('',(-6.713863819293E0,7.547482004589E-3,
-1.390112082402E-1));
#8651=CARTESIAN_POINT('',(-6.715047316478E0,-1.365114036291E-1,
-1.412064725315E-1));
#8652=B_SPLINE_SURFACE_WITH_KNOTS('',3,3,((#8624,#8625,#8626,#8627),(#8628,
#8629,#8630,#8631),(#8632,#8633,#8634,#8635),(#8636,#8637,#8638,#8639),(#8640,
#8641,#8642,#8643),(#8644,#8645,#8646,#8647),(#8648,#8649,#8650,#8651)),
.UNSPECIFIED.,.F.,.F.,.F.,(4,1,1,1,4),(4,4),(-5.646882436354E-2,2.5E-1,5.E-1,
7.5E-1,1.056468824364E0),(-1.020800380456E-2,4.112328658242E-1),.UNSPECIFIED.);
#8653=ORIENTED_EDGE('',*,*,#8545,.F.);
#8654=ORIENTED_EDGE('',*,*,#8619,.T.);
#8655=ORIENTED_EDGE('',*,*,#8455,.T.);
#8656=ORIENTED_EDGE('',*,*,#8527,.F.);
#8657=EDGE_LOOP('',(#8653,#8654,#8655,#8656));
#8658=FACE_OUTER_BOUND('',#8657,.F.);
#8659=ADVANCED_FACE('',(#8658),#8652,.T.);
#8660=CARTESIAN_POINT('',(-6.725E0,-3.325E0,-1.6E0));
#8661=DIRECTION('',(9.778024140774E-1,2.095290887309E-1,0.E0));
#8662=DIRECTION('',(2.095290887309E-1,-9.778024140774E-1,0.E0));
#8663=AXIS2_PLACEMENT_3D('',#8660,#8661,#8662);
#8664=PLANE('',#8663);
#8665=ORIENTED_EDGE('',*,*,#8467,.F.);
#8666=ORIENTED_EDGE('',*,*,#7259,.T.);
#8668=ORIENTED_EDGE('',*,*,#8667,.F.);
#8670=ORIENTED_EDGE('',*,*,#8669,.F.);
#8671=EDGE_LOOP('',(#8665,#8666,#8668,#8670));
#8672=FACE_OUTER_BOUND('',#8671,.F.);
#8673=ADVANCED_FACE('',(#8672),#8664,.F.);
#8674=CARTESIAN_POINT('',(-6.65E0,-3.675E0,-1.6E0));
#8675=DIRECTION('',(8.320502943378E-1,5.547001962252E-1,0.E0));
#8676=DIRECTION('',(5.547001962252E-1,-8.320502943378E-1,0.E0));
#8677=AXIS2_PLACEMENT_3D('',#8674,#8675,#8676);
#8678=PLANE('',#8677);
#8679=ORIENTED_EDGE('',*,*,#7257,.T.);
#8680=ORIENTED_EDGE('',*,*,#8200,.F.);
#8682=ORIENTED_EDGE('',*,*,#8681,.F.);
#8683=ORIENTED_EDGE('',*,*,#8667,.T.);
#8684=EDGE_LOOP('',(#8679,#8680,#8682,#8683));
#8685=FACE_OUTER_BOUND('',#8684,.F.);
#8686=ADVANCED_FACE('',(#8685),#8678,.F.);
#8687=CARTESIAN_POINT('',(-7.625E0,9.75E-1,-1.6E0));
#8688=DIRECTION('',(0.E0,0.E0,1.E0));
#8689=DIRECTION('',(1.E0,0.E0,0.E0));
#8690=AXIS2_PLACEMENT_3D('',#8687,#8688,#8689);
#8691=PLANE('',#8690);
#8692=ORIENTED_EDGE('',*,*,#8427,.T.);
#8694=ORIENTED_EDGE('',*,*,#8693,.T.);
#8695=ORIENTED_EDGE('',*,*,#8469,.F.);
#8696=ORIENTED_EDGE('',*,*,#8669,.T.);
#8697=ORIENTED_EDGE('',*,*,#8681,.T.);
#8698=ORIENTED_EDGE('',*,*,#8198,.T.);
#8700=ORIENTED_EDGE('',*,*,#8699,.T.);
#8702=ORIENTED_EDGE('',*,*,#8701,.T.);
#8704=ORIENTED_EDGE('',*,*,#8703,.T.);
#8706=ORIENTED_EDGE('',*,*,#8705,.T.);
#8708=ORIENTED_EDGE('',*,*,#8707,.F.);
#8710=ORIENTED_EDGE('',*,*,#8709,.T.);
#8712=ORIENTED_EDGE('',*,*,#8711,.T.);
#8713=ORIENTED_EDGE('',*,*,#8213,.T.);
#8715=ORIENTED_EDGE('',*,*,#8714,.T.);
#8717=ORIENTED_EDGE('',*,*,#8716,.T.);
#8719=ORIENTED_EDGE('',*,*,#8718,.T.);
#8721=ORIENTED_EDGE('',*,*,#8720,.T.);
#8723=ORIENTED_EDGE('',*,*,#8722,.F.);
#8725=ORIENTED_EDGE('',*,*,#8724,.T.);
#8727=ORIENTED_EDGE('',*,*,#8726,.T.);
#8728=ORIENTED_EDGE('',*,*,#8228,.T.);
#8730=ORIENTED_EDGE('',*,*,#8729,.T.);
#8732=ORIENTED_EDGE('',*,*,#8731,.T.);
#8734=ORIENTED_EDGE('',*,*,#8733,.T.);
#8736=ORIENTED_EDGE('',*,*,#8735,.T.);
#8738=ORIENTED_EDGE('',*,*,#8737,.F.);
#8740=ORIENTED_EDGE('',*,*,#8739,.T.);
#8742=ORIENTED_EDGE('',*,*,#8741,.T.);
#8743=ORIENTED_EDGE('',*,*,#8243,.T.);
#8745=ORIENTED_EDGE('',*,*,#8744,.T.);
#8747=ORIENTED_EDGE('',*,*,#8746,.T.);
#8749=ORIENTED_EDGE('',*,*,#8748,.T.);
#8751=ORIENTED_EDGE('',*,*,#8750,.T.);
#8753=ORIENTED_EDGE('',*,*,#8752,.F.);
#8755=ORIENTED_EDGE('',*,*,#8754,.T.);
#8757=ORIENTED_EDGE('',*,*,#8756,.T.);
#8758=ORIENTED_EDGE('',*,*,#8258,.T.);
#8760=ORIENTED_EDGE('',*,*,#8759,.T.);
#8762=ORIENTED_EDGE('',*,*,#8761,.T.);
#8764=ORIENTED_EDGE('',*,*,#8763,.T.);
#8766=ORIENTED_EDGE('',*,*,#8765,.T.);
#8768=ORIENTED_EDGE('',*,*,#8767,.F.);
#8770=ORIENTED_EDGE('',*,*,#8769,.T.);
#8772=ORIENTED_EDGE('',*,*,#8771,.T.);
#8773=ORIENTED_EDGE('',*,*,#8362,.T.);
#8775=ORIENTED_EDGE('',*,*,#8774,.T.);
#8777=ORIENTED_EDGE('',*,*,#8776,.T.);
#8779=ORIENTED_EDGE('',*,*,#8778,.T.);
#8781=ORIENTED_EDGE('',*,*,#8780,.T.);
#8783=ORIENTED_EDGE('',*,*,#8782,.F.);
#8785=ORIENTED_EDGE('',*,*,#8784,.T.);
#8787=ORIENTED_EDGE('',*,*,#8786,.T.);
#8788=ORIENTED_EDGE('',*,*,#8346,.T.);
#8790=ORIENTED_EDGE('',*,*,#8789,.T.);
#8792=ORIENTED_EDGE('',*,*,#8791,.T.);
#8794=ORIENTED_EDGE('',*,*,#8793,.T.);
#8796=ORIENTED_EDGE('',*,*,#8795,.T.);
#8798=ORIENTED_EDGE('',*,*,#8797,.F.);
#8800=ORIENTED_EDGE('',*,*,#8799,.T.);
#8802=ORIENTED_EDGE('',*,*,#8801,.T.);
#8803=ORIENTED_EDGE('',*,*,#8331,.T.);
#8805=ORIENTED_EDGE('',*,*,#8804,.T.);
#8807=ORIENTED_EDGE('',*,*,#8806,.T.);
#8809=ORIENTED_EDGE('',*,*,#8808,.T.);
#8811=ORIENTED_EDGE('',*,*,#8810,.T.);
#8813=ORIENTED_EDGE('',*,*,#8812,.F.);
#8815=ORIENTED_EDGE('',*,*,#8814,.T.);
#8817=ORIENTED_EDGE('',*,*,#8816,.T.);
#8818=ORIENTED_EDGE('',*,*,#8316,.T.);
#8820=ORIENTED_EDGE('',*,*,#8819,.T.);
#8822=ORIENTED_EDGE('',*,*,#8821,.T.);
#8824=ORIENTED_EDGE('',*,*,#8823,.T.);
#8826=ORIENTED_EDGE('',*,*,#8825,.T.);
#8828=ORIENTED_EDGE('',*,*,#8827,.F.);
#8830=ORIENTED_EDGE('',*,*,#8829,.T.);
#8832=ORIENTED_EDGE('',*,*,#8831,.T.);
#8833=ORIENTED_EDGE('',*,*,#8301,.T.);
#8835=ORIENTED_EDGE('',*,*,#8834,.T.);
#8837=ORIENTED_EDGE('',*,*,#8836,.T.);
#8839=ORIENTED_EDGE('',*,*,#8838,.T.);
#8841=ORIENTED_EDGE('',*,*,#8840,.T.);
#8843=ORIENTED_EDGE('',*,*,#8842,.F.);
#8845=ORIENTED_EDGE('',*,*,#8844,.T.);
#8847=ORIENTED_EDGE('',*,*,#8846,.T.);
#8848=ORIENTED_EDGE('',*,*,#8289,.T.);
#8850=ORIENTED_EDGE('',*,*,#8849,.T.);
#8852=ORIENTED_EDGE('',*,*,#8851,.T.);
#8853=ORIENTED_EDGE('',*,*,#6728,.T.);
#8855=ORIENTED_EDGE('',*,*,#8854,.T.);
#8856=ORIENTED_EDGE('',*,*,#6767,.F.);
#8857=ORIENTED_EDGE('',*,*,#6958,.T.);
#8859=ORIENTED_EDGE('',*,*,#8858,.T.);
#8860=ORIENTED_EDGE('',*,*,#8271,.T.);
#8861=ORIENTED_EDGE('',*,*,#8124,.F.);
#8862=ORIENTED_EDGE('',*,*,#6269,.F.);
#8863=ORIENTED_EDGE('',*,*,#8168,.T.);
#8864=ORIENTED_EDGE('',*,*,#8184,.T.);
#8865=ORIENTED_EDGE('',*,*,#8377,.T.);
#8866=ORIENTED_EDGE('',*,*,#8390,.T.);
#8867=EDGE_LOOP('',(#8692,#8694,#8695,#8696,#8697,#8698,#8700,#8702,#8704,#8706,
#8708,#8710,#8712,#8713,#8715,#8717,#8719,#8721,#8723,#8725,#8727,#8728,#8730,
#8732,#8734,#8736,#8738,#8740,#8742,#8743,#8745,#8747,#8749,#8751,#8753,#8755,
#8757,#8758,#8760,#8762,#8764,#8766,#8768,#8770,#8772,#8773,#8775,#8777,#8779,
#8781,#8783,#8785,#8787,#8788,#8790,#8792,#8794,#8796,#8798,#8800,#8802,#8803,
#8805,#8807,#8809,#8811,#8813,#8815,#8817,#8818,#8820,#8822,#8824,#8826,#8828,
#8830,#8832,#8833,#8835,#8837,#8839,#8841,#8843,#8845,#8847,#8848,#8850,#8852,
#8853,#8855,#8856,#8857,#8859,#8860,#8861,#8862,#8863,#8864,#8865,#8866));
#8868=FACE_OUTER_BOUND('',#8867,.F.);
#8870=ORIENTED_EDGE('',*,*,#8869,.T.);
#8872=ORIENTED_EDGE('',*,*,#8871,.F.);
#8874=ORIENTED_EDGE('',*,*,#8873,.F.);
#8876=ORIENTED_EDGE('',*,*,#8875,.T.);
#8877=EDGE_LOOP('',(#8870,#8872,#8874,#8876));
#8878=FACE_BOUND('',#8877,.F.);
#8880=ORIENTED_EDGE('',*,*,#8879,.T.);
#8882=ORIENTED_EDGE('',*,*,#8881,.F.);
#8884=ORIENTED_EDGE('',*,*,#8883,.F.);
#8886=ORIENTED_EDGE('',*,*,#8885,.T.);
#8887=EDGE_LOOP('',(#8880,#8882,#8884,#8886));
#8888=FACE_BOUND('',#8887,.F.);
#8889=ADVANCED_FACE('',(#8868,#8878,#8888),#8691,.F.);
#8890=CARTESIAN_POINT('',(0.E0,-4.75E-1,0.E0));
#8891=DIRECTION('',(0.E0,1.E0,0.E0));
#8892=DIRECTION('',(1.E0,0.E0,0.E0));
#8893=AXIS2_PLACEMENT_3D('',#8890,#8891,#8892);
#8894=PLANE('',#8893);
#8895=ORIENTED_EDGE('',*,*,#6419,.T.);
#8897=ORIENTED_EDGE('',*,*,#8896,.T.);
#8898=ORIENTED_EDGE('',*,*,#8879,.F.);
#8900=ORIENTED_EDGE('',*,*,#8899,.T.);
#8901=EDGE_LOOP('',(#8895,#8897,#8898,#8900));
#8902=FACE_OUTER_BOUND('',#8901,.F.);
#8903=ADVANCED_FACE('',(#8902),#8894,.F.);
#8904=CARTESIAN_POINT('',(6.8E0,-4.75E-1,-1.2E0));
#8905=DIRECTION('',(1.E0,0.E0,0.E0));
#8906=DIRECTION('',(0.E0,0.E0,-1.E0));
#8907=AXIS2_PLACEMENT_3D('',#8904,#8905,#8906);
#8908=PLANE('',#8907);
#8909=ORIENTED_EDGE('',*,*,#6425,.F.);
#8911=ORIENTED_EDGE('',*,*,#8910,.T.);
#8912=ORIENTED_EDGE('',*,*,#8881,.T.);
#8913=ORIENTED_EDGE('',*,*,#8896,.F.);
#8914=EDGE_LOOP('',(#8909,#8911,#8912,#8913));
#8915=FACE_OUTER_BOUND('',#8914,.F.);
#8916=ADVANCED_FACE('',(#8915),#8908,.F.);
#8917=CARTESIAN_POINT('',(0.E0,-1.625E0,0.E0));
#8918=DIRECTION('',(0.E0,1.E0,0.E0));
#8919=DIRECTION('',(1.E0,0.E0,0.E0));
#8920=AXIS2_PLACEMENT_3D('',#8917,#8918,#8919);
#8921=PLANE('',#8920);
#8922=ORIENTED_EDGE('',*,*,#8883,.T.);
#8923=ORIENTED_EDGE('',*,*,#8910,.F.);
#8924=ORIENTED_EDGE('',*,*,#6423,.F.);
#8926=ORIENTED_EDGE('',*,*,#8925,.F.);
#8927=EDGE_LOOP('',(#8922,#8923,#8924,#8926));
#8928=FACE_OUTER_BOUND('',#8927,.F.);
#8929=ADVANCED_FACE('',(#8928),#8921,.T.);
#8930=CARTESIAN_POINT('',(5.7E0,-4.75E-1,-1.6E0));
#8931=DIRECTION('',(-1.E0,0.E0,0.E0));
#8932=DIRECTION('',(0.E0,0.E0,1.E0));
#8933=AXIS2_PLACEMENT_3D('',#8930,#8931,#8932);
#8934=PLANE('',#8933);
#8935=ORIENTED_EDGE('',*,*,#6421,.T.);
#8936=ORIENTED_EDGE('',*,*,#8899,.F.);
#8937=ORIENTED_EDGE('',*,*,#8885,.F.);
#8938=ORIENTED_EDGE('',*,*,#8925,.T.);
#8939=EDGE_LOOP('',(#8935,#8936,#8937,#8938));
#8940=FACE_OUTER_BOUND('',#8939,.F.);
#8941=ADVANCED_FACE('',(#8940),#8934,.F.);
#8942=CARTESIAN_POINT('',(0.E0,-4.75E-1,0.E0));
#8943=DIRECTION('',(0.E0,1.E0,0.E0));
#8944=DIRECTION('',(1.E0,0.E0,0.E0));
#8945=AXIS2_PLACEMENT_3D('',#8942,#8943,#8944);
#8946=PLANE('',#8945);
#8947=ORIENTED_EDGE('',*,*,#6429,.T.);
#8949=ORIENTED_EDGE('',*,*,#8948,.T.);
#8950=ORIENTED_EDGE('',*,*,#8869,.F.);
#8952=ORIENTED_EDGE('',*,*,#8951,.T.);
#8953=EDGE_LOOP('',(#8947,#8949,#8950,#8952));
#8954=FACE_OUTER_BOUND('',#8953,.F.);
#8955=ADVANCED_FACE('',(#8954),#8946,.F.);
#8956=CARTESIAN_POINT('',(-5.7E0,-4.75E-1,-1.2E0));
#8957=DIRECTION('',(1.E0,0.E0,0.E0));
#8958=DIRECTION('',(0.E0,0.E0,-1.E0));
#8959=AXIS2_PLACEMENT_3D('',#8956,#8957,#8958);
#8960=PLANE('',#8959);
#8961=ORIENTED_EDGE('',*,*,#6435,.F.);
#8963=ORIENTED_EDGE('',*,*,#8962,.T.);
#8964=ORIENTED_EDGE('',*,*,#8871,.T.);
#8965=ORIENTED_EDGE('',*,*,#8948,.F.);
#8966=EDGE_LOOP('',(#8961,#8963,#8964,#8965));
#8967=FACE_OUTER_BOUND('',#8966,.F.);
#8968=ADVANCED_FACE('',(#8967),#8960,.F.);
#8969=CARTESIAN_POINT('',(0.E0,-1.625E0,0.E0));
#8970=DIRECTION('',(0.E0,1.E0,0.E0));
#8971=DIRECTION('',(1.E0,0.E0,0.E0));
#8972=AXIS2_PLACEMENT_3D('',#8969,#8970,#8971);
#8973=PLANE('',#8972);
#8974=ORIENTED_EDGE('',*,*,#8873,.T.);
#8975=ORIENTED_EDGE('',*,*,#8962,.F.);
#8976=ORIENTED_EDGE('',*,*,#6433,.F.);
#8978=ORIENTED_EDGE('',*,*,#8977,.F.);
#8979=EDGE_LOOP('',(#8974,#8975,#8976,#8978));
#8980=FACE_OUTER_BOUND('',#8979,.F.);
#8981=ADVANCED_FACE('',(#8980),#8973,.T.);
#8982=CARTESIAN_POINT('',(-6.8E0,-4.75E-1,-1.6E0));
#8983=DIRECTION('',(-1.E0,0.E0,0.E0));
#8984=DIRECTION('',(0.E0,0.E0,1.E0));
#8985=AXIS2_PLACEMENT_3D('',#8982,#8983,#8984);
#8986=PLANE('',#8985);
#8987=ORIENTED_EDGE('',*,*,#6431,.T.);
#8988=ORIENTED_EDGE('',*,*,#8951,.F.);
#8989=ORIENTED_EDGE('',*,*,#8875,.F.);
#8990=ORIENTED_EDGE('',*,*,#8977,.T.);
#8991=EDGE_LOOP('',(#8987,#8988,#8989,#8990));
#8992=FACE_OUTER_BOUND('',#8991,.F.);
#8993=ADVANCED_FACE('',(#8992),#8986,.F.);
#8994=CARTESIAN_POINT('',(-6.875E0,-3.3E0,-2.4375E0));
#8995=DIRECTION('',(0.E0,1.E0,0.E0));
#8996=DIRECTION('',(1.E0,0.E0,0.E0));
#8997=AXIS2_PLACEMENT_3D('',#8994,#8995,#8996);
#8998=PLANE('',#8997);
#8999=ORIENTED_EDGE('',*,*,#8693,.F.);
#9000=ORIENTED_EDGE('',*,*,#8425,.T.);
#9002=ORIENTED_EDGE('',*,*,#9001,.T.);
#9003=ORIENTED_EDGE('',*,*,#8471,.F.);
#9004=EDGE_LOOP('',(#8999,#9000,#9002,#9003));
#9005=FACE_OUTER_BOUND('',#9004,.F.);
#9006=ADVANCED_FACE('',(#9005),#8998,.T.);
#9007=CARTESIAN_POINT('',(-7.071114058459E0,-3.300017667059E0,
-3.588658947712E0));
#9008=CARTESIAN_POINT('',(-7.072070096556E0,-3.299367765380E0,
-3.797276576464E0));
#9009=CARTESIAN_POINT('',(-7.046649470993E0,-3.316648360462E0,
-4.004721429401E0));
#9010=CARTESIAN_POINT('',(-6.994852181769E0,-3.351859452305E0,
-4.210993506523E0));
#9011=CARTESIAN_POINT('',(-7.032405838894E0,-3.300017667059E0,
-3.588675758785E0));
#9012=CARTESIAN_POINT('',(-7.033173177961E0,-3.299367765380E0,
-3.796978475845E0));
#9013=CARTESIAN_POINT('',(-7.012769975236E0,-3.316648360462E0,
-4.004423215702E0));
#9014=CARTESIAN_POINT('',(-6.971196230718E0,-3.351859452305E0,
-4.211009978356E0));
#9015=CARTESIAN_POINT('',(-6.967034486075E0,-3.300017667059E0,
-3.588695830628E0));
#9016=CARTESIAN_POINT('',(-6.967483145776E0,-3.299367765380E0,
-3.796622553967E0));
#9017=CARTESIAN_POINT('',(-6.955553484905E0,-3.316648360462E0,
-4.004067158810E0));
#9018=CARTESIAN_POINT('',(-6.931245503462E0,-3.351859452305E0,
-4.211029645157E0));
#9019=CARTESIAN_POINT('',(-6.875E0,-3.300017667059E0,-3.588704065939E0));
#9020=CARTESIAN_POINT('',(-6.875E0,-3.299367765380E0,-3.796476522150E0));
#9021=CARTESIAN_POINT('',(-6.875E0,-3.316648360462E0,-4.003921071598E0));
#9022=CARTESIAN_POINT('',(-6.875E0,-3.351859452305E0,-4.211037714284E0));
#9023=CARTESIAN_POINT('',(-6.782965513925E0,-3.300017667059E0,
-3.588695830628E0));
#9024=CARTESIAN_POINT('',(-6.782516854224E0,-3.299367765380E0,
-3.796622553967E0));
#9025=CARTESIAN_POINT('',(-6.794446515095E0,-3.316648360462E0,
-4.004067158810E0));
#9026=CARTESIAN_POINT('',(-6.818754496538E0,-3.351859452305E0,
-4.211029645157E0));
#9027=CARTESIAN_POINT('',(-6.717594161106E0,-3.300017667059E0,
-3.588675758785E0));
#9028=CARTESIAN_POINT('',(-6.716826822039E0,-3.299367765380E0,
-3.796978475845E0));
#9029=CARTESIAN_POINT('',(-6.737230024764E0,-3.316648360462E0,
-4.004423215702E0));
#9030=CARTESIAN_POINT('',(-6.778803769282E0,-3.351859452305E0,
-4.211009978356E0));
#9031=CARTESIAN_POINT('',(-6.678885941541E0,-3.300017667059E0,
-3.588658947712E0));
#9032=CARTESIAN_POINT('',(-6.677929903444E0,-3.299367765380E0,
-3.797276576464E0));
#9033=CARTESIAN_POINT('',(-6.703350529007E0,-3.316648360462E0,
-4.004721429401E0));
#9034=CARTESIAN_POINT('',(-6.755147818231E0,-3.351859452305E0,
-4.210993506523E0));
#9035=B_SPLINE_SURFACE_WITH_KNOTS('',3,3,((#9007,#9008,#9009,#9010),(#9011,
#9012,#9013,#9014),(#9015,#9016,#9017,#9018),(#9019,#9020,#9021,#9022),(#9023,
#9024,#9025,#9026),(#9027,#9028,#9029,#9030),(#9031,#9032,#9033,#9034)),
.UNSPECIFIED.,.F.,.F.,.F.,(4,1,1,1,4),(4,4),(-1.129376487271E-1,2.5E-1,5.E-1,
7.5E-1,1.112937648727E0),(6.520358638458E0,7.142691933436E0),.UNSPECIFIED.);
#9036=ORIENTED_EDGE('',*,*,#9001,.F.);
#9038=ORIENTED_EDGE('',*,*,#9037,.T.);
#9040=ORIENTED_EDGE('',*,*,#9039,.T.);
#9042=ORIENTED_EDGE('',*,*,#9041,.F.);
#9043=EDGE_LOOP('',(#9036,#9038,#9040,#9042));
#9044=FACE_OUTER_BOUND('',#9043,.F.);
#9045=ADVANCED_FACE('',(#9044),#9035,.T.);
#9046=CARTESIAN_POINT('',(-7.034978746979E0,-3.681601630438E0,
-3.588651405128E0));
#9047=CARTESIAN_POINT('',(-7.035759612484E0,-3.682369937178E0,
-3.797152043781E0));
#9048=CARTESIAN_POINT('',(-7.015022915903E0,-3.661966751687E0,
-4.004601533104E0));
#9049=CARTESIAN_POINT('',(-6.972768657234E0,-3.620392073967E0,
-4.210999873096E0));
#9050=CARTESIAN_POINT('',(-7.034978746979E0,-3.641898135150E0,
-3.588661968774E0));
#9051=CARTESIAN_POINT('',(-7.035759612484E0,-3.642518793186E0,
-3.796964961016E0));
#9052=CARTESIAN_POINT('',(-7.015022915903E0,-3.626036572778E0,
-4.004414374936E0));
#9053=CARTESIAN_POINT('',(-6.972768657234E0,-3.592451473927E0,
-4.211010210532E0));
#9054=CARTESIAN_POINT('',(-7.034978746979E0,-3.573030925004E0,
-3.588675046192E0));
#9055=CARTESIAN_POINT('',(-7.035759612484E0,-3.573395480793E0,
-3.796733359208E0));
#9056=CARTESIAN_POINT('',(-7.015022915903E0,-3.563714322216E0,
-4.004182679780E0));
#9057=CARTESIAN_POINT('',(-6.972768657234E0,-3.543987449271E0,
-4.211023007910E0));
#9058=CARTESIAN_POINT('',(-7.034978746979E0,-3.475E0,-3.588680606705E0));
#9059=CARTESIAN_POINT('',(-7.035759612484E0,-3.475E0,-3.796634882221E0));
#9060=CARTESIAN_POINT('',(-7.015022915903E0,-3.475E0,-4.004084163103E0));
#9061=CARTESIAN_POINT('',(-6.972768657234E0,-3.475E0,-4.211028449350E0));
#9062=CARTESIAN_POINT('',(-7.034978746979E0,-3.376969074996E0,
-3.588675046192E0));
#9063=CARTESIAN_POINT('',(-7.035759612484E0,-3.376604519207E0,
-3.796733359208E0));
#9064=CARTESIAN_POINT('',(-7.015022915903E0,-3.386285677784E0,
-4.004182679780E0));
#9065=CARTESIAN_POINT('',(-6.972768657234E0,-3.406012550729E0,
-4.211023007910E0));
#9066=CARTESIAN_POINT('',(-7.034978746979E0,-3.308101864850E0,
-3.588661968774E0));
#9067=CARTESIAN_POINT('',(-7.035759612484E0,-3.307481206814E0,
-3.796964961016E0));
#9068=CARTESIAN_POINT('',(-7.015022915903E0,-3.323963427222E0,
-4.004414374936E0));
#9069=CARTESIAN_POINT('',(-6.972768657234E0,-3.357548526073E0,
-4.211010210532E0));
#9070=CARTESIAN_POINT('',(-7.034978746979E0,-3.268398369562E0,
-3.588651405128E0));
#9071=CARTESIAN_POINT('',(-7.035759612484E0,-3.267630062822E0,
-3.797152043781E0));
#9072=CARTESIAN_POINT('',(-7.015022915903E0,-3.288033248313E0,
-4.004601533104E0));
#9073=CARTESIAN_POINT('',(-6.972768657234E0,-3.329607926033E0,
-4.210999873096E0));
#9074=B_SPLINE_SURFACE_WITH_KNOTS('',3,3,((#9046,#9047,#9048,#9049),(#9050,
#9051,#9052,#9053),(#9054,#9055,#9056,#9057),(#9058,#9059,#9060,#9061),(#9062,
#9063,#9064,#9065),(#9066,#9067,#9068,#9069),(#9070,#9071,#9072,#9073)),
.UNSPECIFIED.,.F.,.F.,.F.,(4,1,1,1,4),(4,4),(-9.035011898166E-2,2.5E-1,5.E-1,
7.5E-1,1.090350118982E0),(6.520344668989E0,7.142691933436E0),.UNSPECIFIED.);
#9075=ORIENTED_EDGE('',*,*,#8423,.F.);
#9077=ORIENTED_EDGE('',*,*,#9076,.T.);
#9079=ORIENTED_EDGE('',*,*,#9078,.T.);
#9080=ORIENTED_EDGE('',*,*,#9037,.F.);
#9081=EDGE_LOOP('',(#9075,#9077,#9079,#9080));
#9082=FACE_OUTER_BOUND('',#9081,.F.);
#9083=ADVANCED_FACE('',(#9082),#9074,.T.);
#9084=CARTESIAN_POINT('',(-6.678885941541E0,-3.649982332941E0,
-3.588658947712E0));
#9085=CARTESIAN_POINT('',(-6.677929903444E0,-3.650632234620E0,
-3.797276576464E0));
#9086=CARTESIAN_POINT('',(-6.703350529007E0,-3.633351639538E0,
-4.004721429401E0));
#9087=CARTESIAN_POINT('',(-6.755147818231E0,-3.598140547695E0,
-4.210993506523E0));
#9088=CARTESIAN_POINT('',(-6.717594161106E0,-3.649982332941E0,
-3.588675758785E0));
#9089=CARTESIAN_POINT('',(-6.716826822039E0,-3.650632234620E0,
-3.796978475845E0));
#9090=CARTESIAN_POINT('',(-6.737230024764E0,-3.633351639538E0,
-4.004423215702E0));
#9091=CARTESIAN_POINT('',(-6.778803769282E0,-3.598140547695E0,
-4.211009978356E0));
#9092=CARTESIAN_POINT('',(-6.782965513925E0,-3.649982332941E0,
-3.588695830628E0));
#9093=CARTESIAN_POINT('',(-6.782516854224E0,-3.650632234620E0,
-3.796622553967E0));
#9094=CARTESIAN_POINT('',(-6.794446515095E0,-3.633351639538E0,
-4.004067158810E0));
#9095=CARTESIAN_POINT('',(-6.818754496538E0,-3.598140547695E0,
-4.211029645157E0));
#9096=CARTESIAN_POINT('',(-6.875E0,-3.649982332941E0,-3.588704065939E0));
#9097=CARTESIAN_POINT('',(-6.875E0,-3.650632234620E0,-3.796476522150E0));
#9098=CARTESIAN_POINT('',(-6.875E0,-3.633351639538E0,-4.003921071598E0));
#9099=CARTESIAN_POINT('',(-6.875E0,-3.598140547695E0,-4.211037714284E0));
#9100=CARTESIAN_POINT('',(-6.967034486075E0,-3.649982332941E0,
-3.588695830628E0));
#9101=CARTESIAN_POINT('',(-6.967483145776E0,-3.650632234620E0,
-3.796622553967E0));
#9102=CARTESIAN_POINT('',(-6.955553484905E0,-3.633351639538E0,
-4.004067158810E0));
#9103=CARTESIAN_POINT('',(-6.931245503462E0,-3.598140547695E0,
-4.211029645157E0));
#9104=CARTESIAN_POINT('',(-7.032405838894E0,-3.649982332941E0,
-3.588675758785E0));
#9105=CARTESIAN_POINT('',(-7.033173177961E0,-3.650632234620E0,
-3.796978475845E0));
#9106=CARTESIAN_POINT('',(-7.012769975236E0,-3.633351639538E0,
-4.004423215702E0));
#9107=CARTESIAN_POINT('',(-6.971196230718E0,-3.598140547695E0,
-4.211009978356E0));
#9108=CARTESIAN_POINT('',(-7.071114058459E0,-3.649982332941E0,
-3.588658947712E0));
#9109=CARTESIAN_POINT('',(-7.072070096556E0,-3.650632234620E0,
-3.797276576464E0));
#9110=CARTESIAN_POINT('',(-7.046649470993E0,-3.633351639538E0,
-4.004721429401E0));
#9111=CARTESIAN_POINT('',(-6.994852181769E0,-3.598140547695E0,
-4.210993506523E0));
#9112=B_SPLINE_SURFACE_WITH_KNOTS('',3,3,((#9084,#9085,#9086,#9087),(#9088,
#9089,#9090,#9091),(#9092,#9093,#9094,#9095),(#9096,#9097,#9098,#9099),(#9100,
#9101,#9102,#9103),(#9104,#9105,#9106,#9107),(#9108,#9109,#9110,#9111)),
.UNSPECIFIED.,.F.,.F.,.F.,(4,1,1,1,4),(4,4),(-1.129376487271E-1,2.5E-1,5.E-1,
7.5E-1,1.112937648727E0),(6.520358638458E0,7.142691933436E0),.UNSPECIFIED.);
#9114=ORIENTED_EDGE('',*,*,#9113,.F.);
#9116=ORIENTED_EDGE('',*,*,#9115,.T.);
#9118=ORIENTED_EDGE('',*,*,#9117,.T.);
#9119=ORIENTED_EDGE('',*,*,#9076,.F.);
#9120=EDGE_LOOP('',(#9114,#9116,#9118,#9119));
#9121=FACE_OUTER_BOUND('',#9120,.F.);
#9122=ADVANCED_FACE('',(#9121),#9112,.T.);
#9123=CARTESIAN_POINT('',(-6.875E0,-3.65E0,-2.4375E0));
#9124=DIRECTION('',(0.E0,1.E0,0.E0));
#9125=DIRECTION('',(1.E0,0.E0,0.E0));
#9126=AXIS2_PLACEMENT_3D('',#9123,#9124,#9125);
#9127=PLANE('',#9126);
#9129=ORIENTED_EDGE('',*,*,#9128,.F.);
#9130=ORIENTED_EDGE('',*,*,#8475,.T.);
#9131=ORIENTED_EDGE('',*,*,#9113,.T.);
#9132=ORIENTED_EDGE('',*,*,#8421,.F.);
#9133=EDGE_LOOP('',(#9129,#9130,#9131,#9132));
#9134=FACE_OUTER_BOUND('',#9133,.F.);
#9135=ADVANCED_FACE('',(#9134),#9127,.F.);
#9136=CARTESIAN_POINT('',(-6.875E0,-2.675E0,-1.275E0));
#9137=DIRECTION('',(1.E0,0.E0,0.E0));
#9138=DIRECTION('',(0.E0,0.E0,1.E0));
#9139=AXIS2_PLACEMENT_3D('',#9136,#9137,#9138);
#9140=CYLINDRICAL_SURFACE('',#9139,9.75E-1);
#9141=ORIENTED_EDGE('',*,*,#8477,.T.);
#9142=ORIENTED_EDGE('',*,*,#9128,.T.);
#9143=ORIENTED_EDGE('',*,*,#8419,.F.);
#9144=ORIENTED_EDGE('',*,*,#7443,.T.);
#9145=EDGE_LOOP('',(#9141,#9142,#9143,#9144));
#9146=FACE_OUTER_BOUND('',#9145,.F.);
#9147=ADVANCED_FACE('',(#9146),#9140,.T.);
#9148=CARTESIAN_POINT('',(-6.715021253021E0,-3.268398369562E0,
-3.588651405128E0));
#9149=CARTESIAN_POINT('',(-6.714240387516E0,-3.267630062822E0,
-3.797152043781E0));
#9150=CARTESIAN_POINT('',(-6.734977084097E0,-3.288033248313E0,
-4.004601533104E0));
#9151=CARTESIAN_POINT('',(-6.777231342766E0,-3.329607926033E0,
-4.210999873096E0));
#9152=CARTESIAN_POINT('',(-6.715021253021E0,-3.308101864850E0,
-3.588661968774E0));
#9153=CARTESIAN_POINT('',(-6.714240387516E0,-3.307481206814E0,
-3.796964961016E0));
#9154=CARTESIAN_POINT('',(-6.734977084097E0,-3.323963427222E0,
-4.004414374936E0));
#9155=CARTESIAN_POINT('',(-6.777231342766E0,-3.357548526073E0,
-4.211010210532E0));
#9156=CARTESIAN_POINT('',(-6.715021253021E0,-3.376969074996E0,
-3.588675046192E0));
#9157=CARTESIAN_POINT('',(-6.714240387516E0,-3.376604519207E0,
-3.796733359208E0));
#9158=CARTESIAN_POINT('',(-6.734977084097E0,-3.386285677784E0,
-4.004182679780E0));
#9159=CARTESIAN_POINT('',(-6.777231342766E0,-3.406012550729E0,
-4.211023007910E0));
#9160=CARTESIAN_POINT('',(-6.715021253021E0,-3.475E0,-3.588680606705E0));
#9161=CARTESIAN_POINT('',(-6.714240387516E0,-3.475E0,-3.796634882221E0));
#9162=CARTESIAN_POINT('',(-6.734977084097E0,-3.475E0,-4.004084163103E0));
#9163=CARTESIAN_POINT('',(-6.777231342766E0,-3.475E0,-4.211028449350E0));
#9164=CARTESIAN_POINT('',(-6.715021253021E0,-3.573030925004E0,
-3.588675046192E0));
#9165=CARTESIAN_POINT('',(-6.714240387516E0,-3.573395480793E0,
-3.796733359208E0));
#9166=CARTESIAN_POINT('',(-6.734977084097E0,-3.563714322216E0,
-4.004182679780E0));
#9167=CARTESIAN_POINT('',(-6.777231342766E0,-3.543987449271E0,
-4.211023007910E0));
#9168=CARTESIAN_POINT('',(-6.715021253021E0,-3.641898135150E0,
-3.588661968774E0));
#9169=CARTESIAN_POINT('',(-6.714240387516E0,-3.642518793186E0,
-3.796964961016E0));
#9170=CARTESIAN_POINT('',(-6.734977084097E0,-3.626036572778E0,
-4.004414374936E0));
#9171=CARTESIAN_POINT('',(-6.777231342766E0,-3.592451473927E0,
-4.211010210532E0));
#9172=CARTESIAN_POINT('',(-6.715021253021E0,-3.681601630438E0,
-3.588651405128E0));
#9173=CARTESIAN_POINT('',(-6.714240387516E0,-3.682369937178E0,
-3.797152043781E0));
#9174=CARTESIAN_POINT('',(-6.734977084097E0,-3.661966751687E0,
-4.004601533104E0));
#9175=CARTESIAN_POINT('',(-6.777231342766E0,-3.620392073967E0,
-4.210999873096E0));
#9176=B_SPLINE_SURFACE_WITH_KNOTS('',3,3,((#9148,#9149,#9150,#9151),(#9152,
#9153,#9154,#9155),(#9156,#9157,#9158,#9159),(#9160,#9161,#9162,#9163),(#9164,
#9165,#9166,#9167),(#9168,#9169,#9170,#9171),(#9172,#9173,#9174,#9175)),
.UNSPECIFIED.,.F.,.F.,.F.,(4,1,1,1,4),(4,4),(-9.035011898166E-2,2.5E-1,5.E-1,
7.5E-1,1.090350118982E0),(6.520344668989E0,7.142691933436E0),.UNSPECIFIED.);
#9177=ORIENTED_EDGE('',*,*,#8473,.F.);
#9178=ORIENTED_EDGE('',*,*,#9041,.T.);
#9180=ORIENTED_EDGE('',*,*,#9179,.T.);
#9181=ORIENTED_EDGE('',*,*,#9115,.F.);
#9182=EDGE_LOOP('',(#9177,#9178,#9180,#9181));
#9183=FACE_OUTER_BOUND('',#9182,.F.);
#9184=ADVANCED_FACE('',(#9183),#9176,.T.);
#9185=CARTESIAN_POINT('',(-6.875E0,-3.475E0,-4.2E0));
#9186=DIRECTION('',(0.E0,0.E0,-1.E0));
#9187=DIRECTION('',(0.E0,1.E0,0.E0));
#9188=AXIS2_PLACEMENT_3D('',#9185,#9186,#9187);
#9189=PLANE('',#9188);
#9190=ORIENTED_EDGE('',*,*,#9117,.F.);
#9191=ORIENTED_EDGE('',*,*,#9179,.F.);
#9192=ORIENTED_EDGE('',*,*,#9039,.F.);
#9193=ORIENTED_EDGE('',*,*,#9078,.F.);
#9194=EDGE_LOOP('',(#9190,#9191,#9192,#9193));
#9195=FACE_OUTER_BOUND('',#9194,.F.);
#9196=ADVANCED_FACE('',(#9195),#9189,.T.);
#9197=CARTESIAN_POINT('',(-5.95E0,-3.825E0,-1.6E0));
#9198=DIRECTION('',(-8.320502943378E-1,5.547001962252E-1,0.E0));
#9199=DIRECTION('',(5.547001962252E-1,8.320502943378E-1,0.E0));
#9200=AXIS2_PLACEMENT_3D('',#9197,#9198,#9199);
#9201=PLANE('',#9200);
#9202=ORIENTED_EDGE('',*,*,#7253,.T.);
#9204=ORIENTED_EDGE('',*,*,#9203,.F.);
#9205=ORIENTED_EDGE('',*,*,#8699,.F.);
#9206=ORIENTED_EDGE('',*,*,#8196,.T.);
#9207=EDGE_LOOP('',(#9202,#9204,#9205,#9206));
#9208=FACE_OUTER_BOUND('',#9207,.F.);
#9209=ADVANCED_FACE('',(#9208),#9201,.F.);
#9210=CARTESIAN_POINT('',(-5.85E0,-3.675E0,-1.6E0));
#9211=DIRECTION('',(-9.778024140774E-1,2.095290887309E-1,0.E0));
#9212=DIRECTION('',(2.095290887309E-1,9.778024140774E-1,0.E0));
#9213=AXIS2_PLACEMENT_3D('',#9210,#9211,#9212);
#9214=PLANE('',#9213);
#9216=ORIENTED_EDGE('',*,*,#9215,.T.);
#9217=ORIENTED_EDGE('',*,*,#8701,.F.);
#9218=ORIENTED_EDGE('',*,*,#9203,.T.);
#9219=ORIENTED_EDGE('',*,*,#7251,.T.);
#9220=EDGE_LOOP('',(#9216,#9217,#9218,#9219));
#9221=FACE_OUTER_BOUND('',#9220,.F.);
#9222=ADVANCED_FACE('',(#9221),#9214,.F.);
#9223=CARTESIAN_POINT('',(-5.785E0,-1.05E0,-4.75E-1));
#9224=DIRECTION('',(1.E0,0.E0,0.E0));
#9225=DIRECTION('',(0.E0,1.E0,0.E0));
#9226=AXIS2_PLACEMENT_3D('',#9223,#9224,#9225);
#9227=PLANE('',#9226);
#9228=ORIENTED_EDGE('',*,*,#6653,.F.);
#9230=ORIENTED_EDGE('',*,*,#9229,.F.);
#9232=ORIENTED_EDGE('',*,*,#9231,.F.);
#9234=ORIENTED_EDGE('',*,*,#9233,.T.);
#9235=EDGE_LOOP('',(#9228,#9230,#9232,#9234));
#9236=FACE_OUTER_BOUND('',#9235,.F.);
#9237=ADVANCED_FACE('',(#9236),#9227,.F.);
#9238=CARTESIAN_POINT('',(-5.785E0,-1.05E0,-4.75E-1));
#9239=DIRECTION('',(1.E0,0.E0,0.E0));
#9240=DIRECTION('',(0.E0,1.E0,0.E0));
#9241=AXIS2_PLACEMENT_3D('',#9238,#9239,#9240);
#9242=PLANE('',#9241);
#9243=ORIENTED_EDGE('',*,*,#7249,.F.);
#9244=ORIENTED_EDGE('',*,*,#7438,.T.);
#9246=ORIENTED_EDGE('',*,*,#9245,.T.);
#9248=ORIENTED_EDGE('',*,*,#9247,.T.);
#9250=ORIENTED_EDGE('',*,*,#9249,.T.);
#9252=ORIENTED_EDGE('',*,*,#9251,.F.);
#9253=ORIENTED_EDGE('',*,*,#8703,.F.);
#9254=ORIENTED_EDGE('',*,*,#9215,.F.);
#9255=EDGE_LOOP('',(#9243,#9244,#9246,#9248,#9250,#9252,#9253,#9254));
#9256=FACE_OUTER_BOUND('',#9255,.F.);
#9257=ADVANCED_FACE('',(#9256),#9242,.F.);
#9258=CARTESIAN_POINT('',(-5.625E0,-1.05E0,-7.75E-1));
#9259=DIRECTION('',(0.E0,0.E0,1.E0));
#9260=DIRECTION('',(1.E0,0.E0,0.E0));
#9261=AXIS2_PLACEMENT_3D('',#9258,#9259,#9260);
#9262=PLANE('',#9261);
#9263=ORIENTED_EDGE('',*,*,#6651,.T.);
#9265=ORIENTED_EDGE('',*,*,#9264,.F.);
#9267=ORIENTED_EDGE('',*,*,#9266,.F.);
#9268=ORIENTED_EDGE('',*,*,#9229,.T.);
#9269=EDGE_LOOP('',(#9263,#9265,#9267,#9268));
#9270=FACE_OUTER_BOUND('',#9269,.F.);
#9271=ADVANCED_FACE('',(#9270),#9262,.F.);
#9272=CARTESIAN_POINT('',(-5.465E0,-1.05E0,-4.75E-1));
#9273=DIRECTION('',(1.E0,0.E0,0.E0));
#9274=DIRECTION('',(0.E0,1.E0,0.E0));
#9275=AXIS2_PLACEMENT_3D('',#9272,#9273,#9274);
#9276=PLANE('',#9275);
#9277=ORIENTED_EDGE('',*,*,#6649,.T.);
#9279=ORIENTED_EDGE('',*,*,#9278,.F.);
#9281=ORIENTED_EDGE('',*,*,#9280,.F.);
#9282=ORIENTED_EDGE('',*,*,#9264,.T.);
#9283=EDGE_LOOP('',(#9277,#9279,#9281,#9282));
#9284=FACE_OUTER_BOUND('',#9283,.F.);
#9285=ADVANCED_FACE('',(#9284),#9276,.T.);
#9286=CARTESIAN_POINT('',(-5.465E0,-1.05E0,-4.75E-1));
#9287=DIRECTION('',(1.E0,0.E0,0.E0));
#9288=DIRECTION('',(0.E0,1.E0,0.E0));
#9289=AXIS2_PLACEMENT_3D('',#9286,#9287,#9288);
#9290=PLANE('',#9289);
#9291=ORIENTED_EDGE('',*,*,#7201,.T.);
#9293=ORIENTED_EDGE('',*,*,#9292,.T.);
#9294=ORIENTED_EDGE('',*,*,#8707,.T.);
#9296=ORIENTED_EDGE('',*,*,#9295,.T.);
#9298=ORIENTED_EDGE('',*,*,#9297,.T.);
#9300=ORIENTED_EDGE('',*,*,#9299,.F.);
#9302=ORIENTED_EDGE('',*,*,#9301,.F.);
#9303=ORIENTED_EDGE('',*,*,#7434,.F.);
#9304=EDGE_LOOP('',(#9291,#9293,#9294,#9296,#9298,#9300,#9302,#9303));
#9305=FACE_OUTER_BOUND('',#9304,.F.);
#9306=ADVANCED_FACE('',(#9305),#9290,.T.);
#9307=CARTESIAN_POINT('',(-5.625E0,-1.05E0,-1.75E-1));
#9308=DIRECTION('',(0.E0,0.E0,1.E0));
#9309=DIRECTION('',(1.E0,0.E0,0.E0));
#9310=AXIS2_PLACEMENT_3D('',#9307,#9308,#9309);
#9311=PLANE('',#9310);
#9312=ORIENTED_EDGE('',*,*,#6647,.F.);
#9313=ORIENTED_EDGE('',*,*,#9233,.F.);
#9315=ORIENTED_EDGE('',*,*,#9314,.F.);
#9316=ORIENTED_EDGE('',*,*,#9278,.T.);
#9317=EDGE_LOOP('',(#9312,#9313,#9315,#9316));
#9318=FACE_OUTER_BOUND('',#9317,.F.);
#9319=ADVANCED_FACE('',(#9318),#9311,.T.);
#9320=CARTESIAN_POINT('',(-5.506214494778E0,2.849644625731E-1,
-2.801691289908E-1));
#9321=CARTESIAN_POINT('',(-5.453218467649E0,1.478824537169E-1,
-2.081171738982E-1));
#9322=CARTESIAN_POINT('',(-5.427453345184E0,7.355263786409E-3,
-1.730876151291E-1));
#9323=CARTESIAN_POINT('',(-5.428919127382E0,-1.366171072182E-1,
-1.750804526836E-1));
#9324=CARTESIAN_POINT('',(-5.529659909418E0,2.849972516309E-1,
-2.801691289908E-1));
#9325=CARTESIAN_POINT('',(-5.487124029156E0,1.474526542508E-1,
-2.081171738982E-1));
#9326=CARTESIAN_POINT('',(-5.466444324969E0,6.926716110621E-3,
-1.730876151291E-1));
#9327=CARTESIAN_POINT('',(-5.467620796856E0,-1.365805627896E-1,
-1.750804526836E-1));
#9328=CARTESIAN_POINT('',(-5.569255077825E0,2.850365920376E-1,
-2.801691289908E-1));
#9329=CARTESIAN_POINT('',(-5.544384539940E0,1.469369796038E-1,
-2.081171738982E-1));
#9330=CARTESIAN_POINT('',(-5.532293209908E0,6.412543365280E-3,
-1.730876151291E-1));
#9331=CARTESIAN_POINT('',(-5.532981087729E0,-1.365367166780E-1,
-1.750804526836E-1));
#9332=CARTESIAN_POINT('',(-5.625E0,2.850528401679E-1,-2.801691289908E-1));
#9333=CARTESIAN_POINT('',(-5.625E0,1.467239988652E-1,-2.081171738982E-1));
#9334=CARTESIAN_POINT('',(-5.625E0,6.200182932703E-3,-1.730876151291E-1));
#9335=CARTESIAN_POINT('',(-5.625E0,-1.365186076295E-1,-1.750804526836E-1));
#9336=CARTESIAN_POINT('',(-5.680744922175E0,2.850365920376E-1,
-2.801691289908E-1));
#9337=CARTESIAN_POINT('',(-5.705615460060E0,1.469369796038E-1,
-2.081171738982E-1));
#9338=CARTESIAN_POINT('',(-5.717706790092E0,6.412543365280E-3,
-1.730876151291E-1));
#9339=CARTESIAN_POINT('',(-5.717018912271E0,-1.365367166780E-1,
-1.750804526836E-1));
#9340=CARTESIAN_POINT('',(-5.720340090582E0,2.849972516309E-1,
-2.801691289908E-1));
#9341=CARTESIAN_POINT('',(-5.762875970844E0,1.474526542508E-1,
-2.081171738982E-1));
#9342=CARTESIAN_POINT('',(-5.783555675031E0,6.926716110621E-3,
-1.730876151291E-1));
#9343=CARTESIAN_POINT('',(-5.782379203144E0,-1.365805627896E-1,
-1.750804526836E-1));
#9344=CARTESIAN_POINT('',(-5.743785505222E0,2.849644625731E-1,
-2.801691289908E-1));
#9345=CARTESIAN_POINT('',(-5.796781532351E0,1.478824537169E-1,
-2.081171738982E-1));
#9346=CARTESIAN_POINT('',(-5.822546654816E0,7.355263786409E-3,
-1.730876151291E-1));
#9347=CARTESIAN_POINT('',(-5.821080872618E0,-1.366171072182E-1,
-1.750804526836E-1));
#9348=B_SPLINE_SURFACE_WITH_KNOTS('',3,3,((#9320,#9321,#9322,#9323),(#9324,
#9325,#9326,#9327),(#9328,#9329,#9330,#9331),(#9332,#9333,#9334,#9335),(#9336,
#9337,#9338,#9339),(#9340,#9341,#9342,#9343),(#9344,#9345,#9346,#9347)),
.UNSPECIFIED.,.F.,.F.,.F.,(4,1,1,1,4),(4,4),(-1.129376487271E-1,2.5E-1,5.E-1,
7.5E-1,1.112937648727E0),(-1.020800380456E-2,4.113456729120E-1),.UNSPECIFIED.);
#9350=ORIENTED_EDGE('',*,*,#9349,.F.);
#9352=ORIENTED_EDGE('',*,*,#9351,.T.);
#9353=ORIENTED_EDGE('',*,*,#9314,.T.);
#9355=ORIENTED_EDGE('',*,*,#9354,.F.);
#9356=EDGE_LOOP('',(#9350,#9352,#9353,#9355));
#9357=FACE_OUTER_BOUND('',#9356,.F.);
#9358=ADVANCED_FACE('',(#9357),#9348,.T.);
#9359=CARTESIAN_POINT('',(-5.625E0,2.75E-1,-4.75E-1));
#9360=DIRECTION('',(0.E0,-1.E0,0.E0));
#9361=DIRECTION('',(0.E0,0.E0,-1.E0));
#9362=AXIS2_PLACEMENT_3D('',#9359,#9360,#9361);
#9363=PLANE('',#9362);
#9364=ORIENTED_EDGE('',*,*,#9349,.T.);
#9366=ORIENTED_EDGE('',*,*,#9365,.T.);
#9368=ORIENTED_EDGE('',*,*,#9367,.T.);
#9370=ORIENTED_EDGE('',*,*,#9369,.T.);
#9371=EDGE_LOOP('',(#9364,#9366,#9368,#9370));
#9372=FACE_OUTER_BOUND('',#9371,.F.);
#9373=ADVANCED_FACE('',(#9372),#9363,.F.);
#9374=CARTESIAN_POINT('',(-5.721898522606E0,2.849555100070E-1,
-2.581653885196E-1));
#9375=CARTESIAN_POINT('',(-5.765118127069E0,1.480364532166E-1,
-1.779975135696E-1));
#9376=CARTESIAN_POINT('',(-5.786136180707E0,7.547482004589E-3,
-1.390112082402E-1));
#9377=CARTESIAN_POINT('',(-5.784952683522E0,-1.365114036291E-1,
-1.412064725315E-1));
#9378=CARTESIAN_POINT('',(-5.721898522606E0,2.850254352060E-1,
-2.979717805115E-1));
#9379=CARTESIAN_POINT('',(-5.765118127069E0,1.471201366365E-1,
-2.325210848607E-1));
#9380=CARTESIAN_POINT('',(-5.786136180707E0,6.633569618650E-3,
-2.006918664081E-1));
#9381=CARTESIAN_POINT('',(-5.784952683522E0,-1.364342658475E-1,
-2.024841251538E-1));
#9382=CARTESIAN_POINT('',(-5.721898522606E0,2.851194487553E-1,
-3.702499843383E-1));
#9383=CARTESIAN_POINT('',(-5.765118127069E0,1.458881605359E-1,
-3.315219136708E-1));
#9384=CARTESIAN_POINT('',(-5.786136180707E0,5.404825926915E-3,
-3.126881303280E-1));
#9385=CARTESIAN_POINT('',(-5.784952683522E0,-1.363305550716E-1,
-3.137486343099E-1));
#9386=CARTESIAN_POINT('',(-5.721898522606E0,2.851631586143E-1,-4.75E-1));
#9387=CARTESIAN_POINT('',(-5.765118127069E0,1.453153760585E-1,-4.75E-1));
#9388=CARTESIAN_POINT('',(-5.786136180707E0,4.833544298195E-3,-4.75E-1));
#9389=CARTESIAN_POINT('',(-5.784952683522E0,-1.362823366666E-1,-4.75E-1));
#9390=CARTESIAN_POINT('',(-5.721898522606E0,2.851194487553E-1,
-5.797500156617E-1));
#9391=CARTESIAN_POINT('',(-5.765118127069E0,1.458881605359E-1,
-6.184780863292E-1));
#9392=CARTESIAN_POINT('',(-5.786136180707E0,5.404825926915E-3,
-6.373118696720E-1));
#9393=CARTESIAN_POINT('',(-5.784952683522E0,-1.363305550716E-1,
-6.362513656901E-1));
#9394=CARTESIAN_POINT('',(-5.721898522606E0,2.850254352060E-1,
-6.520282194885E-1));
#9395=CARTESIAN_POINT('',(-5.765118127069E0,1.471201366365E-1,
-7.174789151393E-1));
#9396=CARTESIAN_POINT('',(-5.786136180707E0,6.633569618650E-3,
-7.493081335919E-1));
#9397=CARTESIAN_POINT('',(-5.784952683522E0,-1.364342658475E-1,
-7.475158748462E-1));
#9398=CARTESIAN_POINT('',(-5.721898522606E0,2.849555100070E-1,
-6.918346114804E-1));
#9399=CARTESIAN_POINT('',(-5.765118127069E0,1.480364532166E-1,
-7.720024864304E-1));
#9400=CARTESIAN_POINT('',(-5.786136180707E0,7.547482004589E-3,
-8.109887917598E-1));
#9401=CARTESIAN_POINT('',(-5.784952683522E0,-1.365114036291E-1,
-8.087935274685E-1));
#9402=B_SPLINE_SURFACE_WITH_KNOTS('',3,3,((#9374,#9375,#9376,#9377),(#9378,
#9379,#9380,#9381),(#9382,#9383,#9384,#9385),(#9386,#9387,#9388,#9389),(#9390,
#9391,#9392,#9393),(#9394,#9395,#9396,#9397),(#9398,#9399,#9400,#9401)),
.UNSPECIFIED.,.F.,.F.,.F.,(4,1,1,1,4),(4,4),(-5.646882436354E-2,2.5E-1,5.E-1,
7.5E-1,1.056468824364E0),(-1.020800380456E-2,4.112328658242E-1),.UNSPECIFIED.);
#9403=ORIENTED_EDGE('',*,*,#9365,.F.);
#9404=ORIENTED_EDGE('',*,*,#9354,.T.);
#9405=ORIENTED_EDGE('',*,*,#9231,.T.);
#9407=ORIENTED_EDGE('',*,*,#9406,.F.);
#9408=EDGE_LOOP('',(#9403,#9404,#9405,#9407));
#9409=FACE_OUTER_BOUND('',#9408,.F.);
#9410=ADVANCED_FACE('',(#9409),#9402,.T.);
#9411=CARTESIAN_POINT('',(-5.743785505222E0,2.849644625731E-1,
-6.698308710092E-1));
#9412=CARTESIAN_POINT('',(-5.796781532351E0,1.478824537169E-1,
-7.418828261018E-1));
#9413=CARTESIAN_POINT('',(-5.822546654816E0,7.355263786409E-3,
-7.769123848709E-1));
#9414=CARTESIAN_POINT('',(-5.821080872618E0,-1.366171072182E-1,
-7.749195473164E-1));
#9415=CARTESIAN_POINT('',(-5.720340090582E0,2.849972516309E-1,
-6.698308710092E-1));
#9416=CARTESIAN_POINT('',(-5.762875970844E0,1.474526542508E-1,
-7.418828261018E-1));
#9417=CARTESIAN_POINT('',(-5.783555675031E0,6.926716110621E-3,
-7.769123848709E-1));
#9418=CARTESIAN_POINT('',(-5.782379203144E0,-1.365805627896E-1,
-7.749195473164E-1));
#9419=CARTESIAN_POINT('',(-5.680744922175E0,2.850365920376E-1,
-6.698308710092E-1));
#9420=CARTESIAN_POINT('',(-5.705615460060E0,1.469369796038E-1,
-7.418828261018E-1));
#9421=CARTESIAN_POINT('',(-5.717706790092E0,6.412543365280E-3,
-7.769123848709E-1));
#9422=CARTESIAN_POINT('',(-5.717018912271E0,-1.365367166780E-1,
-7.749195473164E-1));
#9423=CARTESIAN_POINT('',(-5.625E0,2.850528401679E-1,-6.698308710092E-1));
#9424=CARTESIAN_POINT('',(-5.625E0,1.467239988652E-1,-7.418828261018E-1));
#9425=CARTESIAN_POINT('',(-5.625E0,6.200182932703E-3,-7.769123848709E-1));
#9426=CARTESIAN_POINT('',(-5.625E0,-1.365186076295E-1,-7.749195473164E-1));
#9427=CARTESIAN_POINT('',(-5.569255077825E0,2.850365920376E-1,
-6.698308710092E-1));
#9428=CARTESIAN_POINT('',(-5.544384539940E0,1.469369796038E-1,
-7.418828261018E-1));
#9429=CARTESIAN_POINT('',(-5.532293209908E0,6.412543365280E-3,
-7.769123848709E-1));
#9430=CARTESIAN_POINT('',(-5.532981087729E0,-1.365367166780E-1,
-7.749195473164E-1));
#9431=CARTESIAN_POINT('',(-5.529659909418E0,2.849972516309E-1,
-6.698308710092E-1));
#9432=CARTESIAN_POINT('',(-5.487124029156E0,1.474526542508E-1,
-7.418828261018E-1));
#9433=CARTESIAN_POINT('',(-5.466444324969E0,6.926716110621E-3,
-7.769123848709E-1));
#9434=CARTESIAN_POINT('',(-5.467620796856E0,-1.365805627896E-1,
-7.749195473164E-1));
#9435=CARTESIAN_POINT('',(-5.506214494778E0,2.849644625731E-1,
-6.698308710092E-1));
#9436=CARTESIAN_POINT('',(-5.453218467649E0,1.478824537169E-1,
-7.418828261018E-1));
#9437=CARTESIAN_POINT('',(-5.427453345184E0,7.355263786409E-3,
-7.769123848709E-1));
#9438=CARTESIAN_POINT('',(-5.428919127382E0,-1.366171072182E-1,
-7.749195473164E-1));
#9439=B_SPLINE_SURFACE_WITH_KNOTS('',3,3,((#9411,#9412,#9413,#9414),(#9415,
#9416,#9417,#9418),(#9419,#9420,#9421,#9422),(#9423,#9424,#9425,#9426),(#9427,
#9428,#9429,#9430),(#9431,#9432,#9433,#9434),(#9435,#9436,#9437,#9438)),
.UNSPECIFIED.,.F.,.F.,.F.,(4,1,1,1,4),(4,4),(-1.129376487271E-1,2.5E-1,5.E-1,
7.5E-1,1.112937648727E0),(-1.020800380456E-2,4.113456729120E-1),.UNSPECIFIED.);
#9440=ORIENTED_EDGE('',*,*,#9367,.F.);
#9441=ORIENTED_EDGE('',*,*,#9406,.T.);
#9442=ORIENTED_EDGE('',*,*,#9266,.T.);
#9444=ORIENTED_EDGE('',*,*,#9443,.F.);
#9445=EDGE_LOOP('',(#9440,#9441,#9442,#9444));
#9446=FACE_OUTER_BOUND('',#9445,.F.);
#9447=ADVANCED_FACE('',(#9446),#9439,.T.);
#9448=CARTESIAN_POINT('',(-5.528101477394E0,2.849555100070E-1,
-6.918346114804E-1));
#9449=CARTESIAN_POINT('',(-5.484881872931E0,1.480364532166E-1,
-7.720024864304E-1));
#9450=CARTESIAN_POINT('',(-5.463863819293E0,7.547482004589E-3,
-8.109887917598E-1));
#9451=CARTESIAN_POINT('',(-5.465047316478E0,-1.365114036291E-1,
-8.087935274685E-1));
#9452=CARTESIAN_POINT('',(-5.528101477394E0,2.850254352060E-1,
-6.520282194885E-1));
#9453=CARTESIAN_POINT('',(-5.484881872931E0,1.471201366365E-1,
-7.174789151393E-1));
#9454=CARTESIAN_POINT('',(-5.463863819293E0,6.633569618650E-3,
-7.493081335919E-1));
#9455=CARTESIAN_POINT('',(-5.465047316478E0,-1.364342658475E-1,
-7.475158748462E-1));
#9456=CARTESIAN_POINT('',(-5.528101477394E0,2.851194487553E-1,
-5.797500156617E-1));
#9457=CARTESIAN_POINT('',(-5.484881872931E0,1.458881605359E-1,
-6.184780863292E-1));
#9458=CARTESIAN_POINT('',(-5.463863819293E0,5.404825926915E-3,
-6.373118696720E-1));
#9459=CARTESIAN_POINT('',(-5.465047316478E0,-1.363305550716E-1,
-6.362513656901E-1));
#9460=CARTESIAN_POINT('',(-5.528101477394E0,2.851631586143E-1,-4.75E-1));
#9461=CARTESIAN_POINT('',(-5.484881872931E0,1.453153760585E-1,-4.75E-1));
#9462=CARTESIAN_POINT('',(-5.463863819293E0,4.833544298195E-3,-4.75E-1));
#9463=CARTESIAN_POINT('',(-5.465047316478E0,-1.362823366666E-1,-4.75E-1));
#9464=CARTESIAN_POINT('',(-5.528101477394E0,2.851194487553E-1,
-3.702499843383E-1));
#9465=CARTESIAN_POINT('',(-5.484881872931E0,1.458881605359E-1,
-3.315219136708E-1));
#9466=CARTESIAN_POINT('',(-5.463863819293E0,5.404825926915E-3,
-3.126881303280E-1));
#9467=CARTESIAN_POINT('',(-5.465047316478E0,-1.363305550716E-1,
-3.137486343099E-1));
#9468=CARTESIAN_POINT('',(-5.528101477394E0,2.850254352060E-1,
-2.979717805115E-1));
#9469=CARTESIAN_POINT('',(-5.484881872931E0,1.471201366365E-1,
-2.325210848607E-1));
#9470=CARTESIAN_POINT('',(-5.463863819293E0,6.633569618650E-3,
-2.006918664081E-1));
#9471=CARTESIAN_POINT('',(-5.465047316478E0,-1.364342658475E-1,
-2.024841251538E-1));
#9472=CARTESIAN_POINT('',(-5.528101477394E0,2.849555100070E-1,
-2.581653885196E-1));
#9473=CARTESIAN_POINT('',(-5.484881872931E0,1.480364532166E-1,
-1.779975135696E-1));
#9474=CARTESIAN_POINT('',(-5.463863819293E0,7.547482004589E-3,
-1.390112082402E-1));
#9475=CARTESIAN_POINT('',(-5.465047316478E0,-1.365114036291E-1,
-1.412064725315E-1));
#9476=B_SPLINE_SURFACE_WITH_KNOTS('',3,3,((#9448,#9449,#9450,#9451),(#9452,
#9453,#9454,#9455),(#9456,#9457,#9458,#9459),(#9460,#9461,#9462,#9463),(#9464,
#9465,#9466,#9467),(#9468,#9469,#9470,#9471),(#9472,#9473,#9474,#9475)),
.UNSPECIFIED.,.F.,.F.,.F.,(4,1,1,1,4),(4,4),(-5.646882436354E-2,2.5E-1,5.E-1,
7.5E-1,1.056468824364E0),(-1.020800380456E-2,4.112328658242E-1),.UNSPECIFIED.);
#9477=ORIENTED_EDGE('',*,*,#9369,.F.);
#9478=ORIENTED_EDGE('',*,*,#9443,.T.);
#9479=ORIENTED_EDGE('',*,*,#9280,.T.);
#9480=ORIENTED_EDGE('',*,*,#9351,.F.);
#9481=EDGE_LOOP('',(#9477,#9478,#9479,#9480));
#9482=FACE_OUTER_BOUND('',#9481,.F.);
#9483=ADVANCED_FACE('',(#9482),#9476,.T.);
#9484=CARTESIAN_POINT('',(-5.475E0,-3.325E0,-1.6E0));
#9485=DIRECTION('',(9.778024140774E-1,2.095290887309E-1,0.E0));
#9486=DIRECTION('',(2.095290887309E-1,-9.778024140774E-1,0.E0));
#9487=AXIS2_PLACEMENT_3D('',#9484,#9485,#9486);
#9488=PLANE('',#9487);
#9489=ORIENTED_EDGE('',*,*,#9292,.F.);
#9490=ORIENTED_EDGE('',*,*,#7215,.T.);
#9492=ORIENTED_EDGE('',*,*,#9491,.F.);
#9493=ORIENTED_EDGE('',*,*,#8709,.F.);
#9494=EDGE_LOOP('',(#9489,#9490,#9492,#9493));
#9495=FACE_OUTER_BOUND('',#9494,.F.);
#9496=ADVANCED_FACE('',(#9495),#9488,.F.);
#9497=CARTESIAN_POINT('',(-5.4E0,-3.675E0,-1.6E0));
#9498=DIRECTION('',(8.320502943378E-1,5.547001962252E-1,0.E0));
#9499=DIRECTION('',(5.547001962252E-1,-8.320502943378E-1,0.E0));
#9500=AXIS2_PLACEMENT_3D('',#9497,#9498,#9499);
#9501=PLANE('',#9500);
#9502=ORIENTED_EDGE('',*,*,#7213,.T.);
#9503=ORIENTED_EDGE('',*,*,#8215,.F.);
#9504=ORIENTED_EDGE('',*,*,#8711,.F.);
#9505=ORIENTED_EDGE('',*,*,#9491,.T.);
#9506=EDGE_LOOP('',(#9502,#9503,#9504,#9505));
#9507=FACE_OUTER_BOUND('',#9506,.F.);
#9508=ADVANCED_FACE('',(#9507),#9501,.F.);
#9509=CARTESIAN_POINT('',(-5.625E0,-3.3E0,-2.4375E0));
#9510=DIRECTION('',(0.E0,1.E0,0.E0));
#9511=DIRECTION('',(1.E0,0.E0,0.E0));
#9512=AXIS2_PLACEMENT_3D('',#9509,#9510,#9511);
#9513=PLANE('',#9512);
#9514=ORIENTED_EDGE('',*,*,#8705,.F.);
#9515=ORIENTED_EDGE('',*,*,#9251,.T.);
#9517=ORIENTED_EDGE('',*,*,#9516,.T.);
#9518=ORIENTED_EDGE('',*,*,#9295,.F.);
#9519=EDGE_LOOP('',(#9514,#9515,#9517,#9518));
#9520=FACE_OUTER_BOUND('',#9519,.F.);
#9521=ADVANCED_FACE('',(#9520),#9513,.T.);
#9522=CARTESIAN_POINT('',(-5.821114058459E0,-3.300017667059E0,
-3.588658947712E0));
#9523=CARTESIAN_POINT('',(-5.822070096556E0,-3.299367765380E0,
-3.797276576464E0));
#9524=CARTESIAN_POINT('',(-5.796649470993E0,-3.316648360462E0,
-4.004721429401E0));
#9525=CARTESIAN_POINT('',(-5.744852181769E0,-3.351859452305E0,
-4.210993506523E0));
#9526=CARTESIAN_POINT('',(-5.782405838894E0,-3.300017667059E0,
-3.588675758785E0));
#9527=CARTESIAN_POINT('',(-5.783173177961E0,-3.299367765380E0,
-3.796978475845E0));
#9528=CARTESIAN_POINT('',(-5.762769975236E0,-3.316648360462E0,
-4.004423215702E0));
#9529=CARTESIAN_POINT('',(-5.721196230718E0,-3.351859452305E0,
-4.211009978356E0));
#9530=CARTESIAN_POINT('',(-5.717034486075E0,-3.300017667059E0,
-3.588695830628E0));
#9531=CARTESIAN_POINT('',(-5.717483145776E0,-3.299367765380E0,
-3.796622553967E0));
#9532=CARTESIAN_POINT('',(-5.705553484905E0,-3.316648360462E0,
-4.004067158810E0));
#9533=CARTESIAN_POINT('',(-5.681245503462E0,-3.351859452305E0,
-4.211029645157E0));
#9534=CARTESIAN_POINT('',(-5.625E0,-3.300017667059E0,-3.588704065939E0));
#9535=CARTESIAN_POINT('',(-5.625E0,-3.299367765380E0,-3.796476522150E0));
#9536=CARTESIAN_POINT('',(-5.625E0,-3.316648360462E0,-4.003921071598E0));
#9537=CARTESIAN_POINT('',(-5.625E0,-3.351859452305E0,-4.211037714284E0));
#9538=CARTESIAN_POINT('',(-5.532965513925E0,-3.300017667059E0,
-3.588695830628E0));
#9539=CARTESIAN_POINT('',(-5.532516854224E0,-3.299367765380E0,
-3.796622553967E0));
#9540=CARTESIAN_POINT('',(-5.544446515095E0,-3.316648360462E0,
-4.004067158810E0));
#9541=CARTESIAN_POINT('',(-5.568754496538E0,-3.351859452305E0,
-4.211029645157E0));
#9542=CARTESIAN_POINT('',(-5.467594161106E0,-3.300017667059E0,
-3.588675758785E0));
#9543=CARTESIAN_POINT('',(-5.466826822039E0,-3.299367765380E0,
-3.796978475845E0));
#9544=CARTESIAN_POINT('',(-5.487230024764E0,-3.316648360462E0,
-4.004423215702E0));
#9545=CARTESIAN_POINT('',(-5.528803769282E0,-3.351859452305E0,
-4.211009978356E0));
#9546=CARTESIAN_POINT('',(-5.428885941541E0,-3.300017667059E0,
-3.588658947712E0));
#9547=CARTESIAN_POINT('',(-5.427929903444E0,-3.299367765380E0,
-3.797276576464E0));
#9548=CARTESIAN_POINT('',(-5.453350529007E0,-3.316648360462E0,
-4.004721429401E0));
#9549=CARTESIAN_POINT('',(-5.505147818231E0,-3.351859452305E0,
-4.210993506523E0));
#9550=B_SPLINE_SURFACE_WITH_KNOTS('',3,3,((#9522,#9523,#9524,#9525),(#9526,
#9527,#9528,#9529),(#9530,#9531,#9532,#9533),(#9534,#9535,#9536,#9537),(#9538,
#9539,#9540,#9541),(#9542,#9543,#9544,#9545),(#9546,#9547,#9548,#9549)),
.UNSPECIFIED.,.F.,.F.,.F.,(4,1,1,1,4),(4,4),(-1.129376487271E-1,2.5E-1,5.E-1,
7.5E-1,1.112937648727E0),(6.520358638458E0,7.142691933436E0),.UNSPECIFIED.);
#9551=ORIENTED_EDGE('',*,*,#9516,.F.);
#9553=ORIENTED_EDGE('',*,*,#9552,.T.);
#9555=ORIENTED_EDGE('',*,*,#9554,.T.);
#9557=ORIENTED_EDGE('',*,*,#9556,.F.);
#9558=EDGE_LOOP('',(#9551,#9553,#9555,#9557));
#9559=FACE_OUTER_BOUND('',#9558,.F.);
#9560=ADVANCED_FACE('',(#9559),#9550,.T.);
#9561=CARTESIAN_POINT('',(-5.784978746979E0,-3.681601630438E0,
-3.588651405128E0));
#9562=CARTESIAN_POINT('',(-5.785759612484E0,-3.682369937178E0,
-3.797152043781E0));
#9563=CARTESIAN_POINT('',(-5.765022915903E0,-3.661966751687E0,
-4.004601533104E0));
#9564=CARTESIAN_POINT('',(-5.722768657234E0,-3.620392073967E0,
-4.210999873096E0));
#9565=CARTESIAN_POINT('',(-5.784978746979E0,-3.641898135150E0,
-3.588661968774E0));
#9566=CARTESIAN_POINT('',(-5.785759612484E0,-3.642518793186E0,
-3.796964961016E0));
#9567=CARTESIAN_POINT('',(-5.765022915903E0,-3.626036572778E0,
-4.004414374936E0));
#9568=CARTESIAN_POINT('',(-5.722768657234E0,-3.592451473927E0,
-4.211010210532E0));
#9569=CARTESIAN_POINT('',(-5.784978746979E0,-3.573030925004E0,
-3.588675046192E0));
#9570=CARTESIAN_POINT('',(-5.785759612484E0,-3.573395480793E0,
-3.796733359208E0));
#9571=CARTESIAN_POINT('',(-5.765022915903E0,-3.563714322216E0,
-4.004182679780E0));
#9572=CARTESIAN_POINT('',(-5.722768657234E0,-3.543987449271E0,
-4.211023007910E0));
#9573=CARTESIAN_POINT('',(-5.784978746979E0,-3.475E0,-3.588680606705E0));
#9574=CARTESIAN_POINT('',(-5.785759612484E0,-3.475E0,-3.796634882221E0));
#9575=CARTESIAN_POINT('',(-5.765022915903E0,-3.475E0,-4.004084163103E0));
#9576=CARTESIAN_POINT('',(-5.722768657234E0,-3.475E0,-4.211028449350E0));
#9577=CARTESIAN_POINT('',(-5.784978746979E0,-3.376969074996E0,
-3.588675046192E0));
#9578=CARTESIAN_POINT('',(-5.785759612484E0,-3.376604519207E0,
-3.796733359208E0));
#9579=CARTESIAN_POINT('',(-5.765022915903E0,-3.386285677784E0,
-4.004182679780E0));
#9580=CARTESIAN_POINT('',(-5.722768657234E0,-3.406012550729E0,
-4.211023007910E0));
#9581=CARTESIAN_POINT('',(-5.784978746979E0,-3.308101864850E0,
-3.588661968774E0));
#9582=CARTESIAN_POINT('',(-5.785759612484E0,-3.307481206814E0,
-3.796964961016E0));
#9583=CARTESIAN_POINT('',(-5.765022915903E0,-3.323963427222E0,
-4.004414374936E0));
#9584=CARTESIAN_POINT('',(-5.722768657234E0,-3.357548526073E0,
-4.211010210532E0));
#9585=CARTESIAN_POINT('',(-5.784978746979E0,-3.268398369562E0,
-3.588651405128E0));
#9586=CARTESIAN_POINT('',(-5.785759612484E0,-3.267630062822E0,
-3.797152043781E0));
#9587=CARTESIAN_POINT('',(-5.765022915903E0,-3.288033248313E0,
-4.004601533104E0));
#9588=CARTESIAN_POINT('',(-5.722768657234E0,-3.329607926033E0,
-4.210999873096E0));
#9589=B_SPLINE_SURFACE_WITH_KNOTS('',3,3,((#9561,#9562,#9563,#9564),(#9565,
#9566,#9567,#9568),(#9569,#9570,#9571,#9572),(#9573,#9574,#9575,#9576),(#9577,
#9578,#9579,#9580),(#9581,#9582,#9583,#9584),(#9585,#9586,#9587,#9588)),
.UNSPECIFIED.,.F.,.F.,.F.,(4,1,1,1,4),(4,4),(-9.035011898166E-2,2.5E-1,5.E-1,
7.5E-1,1.090350118982E0),(6.520344668989E0,7.142691933436E0),.UNSPECIFIED.);
#9590=ORIENTED_EDGE('',*,*,#9249,.F.);
#9592=ORIENTED_EDGE('',*,*,#9591,.T.);
#9594=ORIENTED_EDGE('',*,*,#9593,.T.);
#9595=ORIENTED_EDGE('',*,*,#9552,.F.);
#9596=EDGE_LOOP('',(#9590,#9592,#9594,#9595));
#9597=FACE_OUTER_BOUND('',#9596,.F.);
#9598=ADVANCED_FACE('',(#9597),#9589,.T.);
#9599=CARTESIAN_POINT('',(-5.428885941541E0,-3.649982332941E0,
-3.588658947712E0));
#9600=CARTESIAN_POINT('',(-5.427929903444E0,-3.650632234620E0,
-3.797276576464E0));
#9601=CARTESIAN_POINT('',(-5.453350529007E0,-3.633351639538E0,
-4.004721429401E0));
#9602=CARTESIAN_POINT('',(-5.505147818231E0,-3.598140547695E0,
-4.210993506523E0));
#9603=CARTESIAN_POINT('',(-5.467594161106E0,-3.649982332941E0,
-3.588675758785E0));
#9604=CARTESIAN_POINT('',(-5.466826822039E0,-3.650632234620E0,
-3.796978475845E0));
#9605=CARTESIAN_POINT('',(-5.487230024764E0,-3.633351639538E0,
-4.004423215702E0));
#9606=CARTESIAN_POINT('',(-5.528803769282E0,-3.598140547695E0,
-4.211009978356E0));
#9607=CARTESIAN_POINT('',(-5.532965513925E0,-3.649982332941E0,
-3.588695830628E0));
#9608=CARTESIAN_POINT('',(-5.532516854224E0,-3.650632234620E0,
-3.796622553967E0));
#9609=CARTESIAN_POINT('',(-5.544446515095E0,-3.633351639538E0,
-4.004067158810E0));
#9610=CARTESIAN_POINT('',(-5.568754496538E0,-3.598140547695E0,
-4.211029645157E0));
#9611=CARTESIAN_POINT('',(-5.625E0,-3.649982332941E0,-3.588704065939E0));
#9612=CARTESIAN_POINT('',(-5.625E0,-3.650632234620E0,-3.796476522150E0));
#9613=CARTESIAN_POINT('',(-5.625E0,-3.633351639538E0,-4.003921071598E0));
#9614=CARTESIAN_POINT('',(-5.625E0,-3.598140547695E0,-4.211037714284E0));
#9615=CARTESIAN_POINT('',(-5.717034486075E0,-3.649982332941E0,
-3.588695830628E0));
#9616=CARTESIAN_POINT('',(-5.717483145776E0,-3.650632234620E0,
-3.796622553967E0));
#9617=CARTESIAN_POINT('',(-5.705553484905E0,-3.633351639538E0,
-4.004067158810E0));
#9618=CARTESIAN_POINT('',(-5.681245503462E0,-3.598140547695E0,
-4.211029645157E0));
#9619=CARTESIAN_POINT('',(-5.782405838894E0,-3.649982332941E0,
-3.588675758785E0));
#9620=CARTESIAN_POINT('',(-5.783173177961E0,-3.650632234620E0,
-3.796978475845E0));
#9621=CARTESIAN_POINT('',(-5.762769975236E0,-3.633351639538E0,
-4.004423215702E0));
#9622=CARTESIAN_POINT('',(-5.721196230718E0,-3.598140547695E0,
-4.211009978356E0));
#9623=CARTESIAN_POINT('',(-5.821114058459E0,-3.649982332941E0,
-3.588658947712E0));
#9624=CARTESIAN_POINT('',(-5.822070096556E0,-3.650632234620E0,
-3.797276576464E0));
#9625=CARTESIAN_POINT('',(-5.796649470993E0,-3.633351639538E0,
-4.004721429401E0));
#9626=CARTESIAN_POINT('',(-5.744852181769E0,-3.598140547695E0,
-4.210993506523E0));
#9627=B_SPLINE_SURFACE_WITH_KNOTS('',3,3,((#9599,#9600,#9601,#9602),(#9603,
#9604,#9605,#9606),(#9607,#9608,#9609,#9610),(#9611,#9612,#9613,#9614),(#9615,
#9616,#9617,#9618),(#9619,#9620,#9621,#9622),(#9623,#9624,#9625,#9626)),
.UNSPECIFIED.,.F.,.F.,.F.,(4,1,1,1,4),(4,4),(-1.129376487271E-1,2.5E-1,5.E-1,
7.5E-1,1.112937648727E0),(6.520358638458E0,7.142691933436E0),.UNSPECIFIED.);
#9629=ORIENTED_EDGE('',*,*,#9628,.F.);
#9631=ORIENTED_EDGE('',*,*,#9630,.T.);
#9633=ORIENTED_EDGE('',*,*,#9632,.T.);
#9634=ORIENTED_EDGE('',*,*,#9591,.F.);
#9635=EDGE_LOOP('',(#9629,#9631,#9633,#9634));
#9636=FACE_OUTER_BOUND('',#9635,.F.);
#9637=ADVANCED_FACE('',(#9636),#9627,.T.);
#9638=CARTESIAN_POINT('',(-5.625E0,-3.65E0,-2.4375E0));
#9639=DIRECTION('',(0.E0,1.E0,0.E0));
#9640=DIRECTION('',(1.E0,0.E0,0.E0));
#9641=AXIS2_PLACEMENT_3D('',#9638,#9639,#9640);
#9642=PLANE('',#9641);
#9644=ORIENTED_EDGE('',*,*,#9643,.F.);
#9645=ORIENTED_EDGE('',*,*,#9299,.T.);
#9646=ORIENTED_EDGE('',*,*,#9628,.T.);
#9647=ORIENTED_EDGE('',*,*,#9247,.F.);
#9648=EDGE_LOOP('',(#9644,#9645,#9646,#9647));
#9649=FACE_OUTER_BOUND('',#9648,.F.);
#9650=ADVANCED_FACE('',(#9649),#9642,.F.);
#9651=CARTESIAN_POINT('',(-5.625E0,-2.675E0,-1.275E0));
#9652=DIRECTION('',(1.E0,0.E0,0.E0));
#9653=DIRECTION('',(0.E0,0.E0,1.E0));
#9654=AXIS2_PLACEMENT_3D('',#9651,#9652,#9653);
#9655=CYLINDRICAL_SURFACE('',#9654,9.75E-1);
#9656=ORIENTED_EDGE('',*,*,#9301,.T.);
#9657=ORIENTED_EDGE('',*,*,#9643,.T.);
#9658=ORIENTED_EDGE('',*,*,#9245,.F.);
#9659=ORIENTED_EDGE('',*,*,#7436,.T.);
#9660=EDGE_LOOP('',(#9656,#9657,#9658,#9659));
#9661=FACE_OUTER_BOUND('',#9660,.F.);
#9662=ADVANCED_FACE('',(#9661),#9655,.T.);
#9663=CARTESIAN_POINT('',(-5.465021253021E0,-3.268398369562E0,
-3.588651405128E0));
#9664=CARTESIAN_POINT('',(-5.464240387516E0,-3.267630062822E0,
-3.797152043781E0));
#9665=CARTESIAN_POINT('',(-5.484977084097E0,-3.288033248313E0,
-4.004601533104E0));
#9666=CARTESIAN_POINT('',(-5.527231342766E0,-3.329607926033E0,
-4.210999873096E0));
#9667=CARTESIAN_POINT('',(-5.465021253021E0,-3.308101864850E0,
-3.588661968774E0));
#9668=CARTESIAN_POINT('',(-5.464240387516E0,-3.307481206814E0,
-3.796964961016E0));
#9669=CARTESIAN_POINT('',(-5.484977084097E0,-3.323963427222E0,
-4.004414374936E0));
#9670=CARTESIAN_POINT('',(-5.527231342766E0,-3.357548526073E0,
-4.211010210532E0));
#9671=CARTESIAN_POINT('',(-5.465021253021E0,-3.376969074996E0,
-3.588675046192E0));
#9672=CARTESIAN_POINT('',(-5.464240387516E0,-3.376604519207E0,
-3.796733359208E0));
#9673=CARTESIAN_POINT('',(-5.484977084097E0,-3.386285677784E0,
-4.004182679780E0));
#9674=CARTESIAN_POINT('',(-5.527231342766E0,-3.406012550729E0,
-4.211023007910E0));
#9675=CARTESIAN_POINT('',(-5.465021253021E0,-3.475E0,-3.588680606705E0));
#9676=CARTESIAN_POINT('',(-5.464240387516E0,-3.475E0,-3.796634882221E0));
#9677=CARTESIAN_POINT('',(-5.484977084097E0,-3.475E0,-4.004084163103E0));
#9678=CARTESIAN_POINT('',(-5.527231342766E0,-3.475E0,-4.211028449350E0));
#9679=CARTESIAN_POINT('',(-5.465021253021E0,-3.573030925004E0,
-3.588675046192E0));
#9680=CARTESIAN_POINT('',(-5.464240387516E0,-3.573395480793E0,
-3.796733359208E0));
#9681=CARTESIAN_POINT('',(-5.484977084097E0,-3.563714322216E0,
-4.004182679780E0));
#9682=CARTESIAN_POINT('',(-5.527231342766E0,-3.543987449271E0,
-4.211023007910E0));
#9683=CARTESIAN_POINT('',(-5.465021253021E0,-3.641898135150E0,
-3.588661968774E0));
#9684=CARTESIAN_POINT('',(-5.464240387516E0,-3.642518793186E0,
-3.796964961016E0));
#9685=CARTESIAN_POINT('',(-5.484977084097E0,-3.626036572778E0,
-4.004414374936E0));
#9686=CARTESIAN_POINT('',(-5.527231342766E0,-3.592451473927E0,
-4.211010210532E0));
#9687=CARTESIAN_POINT('',(-5.465021253021E0,-3.681601630438E0,
-3.588651405128E0));
#9688=CARTESIAN_POINT('',(-5.464240387516E0,-3.682369937178E0,
-3.797152043781E0));
#9689=CARTESIAN_POINT('',(-5.484977084097E0,-3.661966751687E0,
-4.004601533104E0));
#9690=CARTESIAN_POINT('',(-5.527231342766E0,-3.620392073967E0,
-4.210999873096E0));
#9691=B_SPLINE_SURFACE_WITH_KNOTS('',3,3,((#9663,#9664,#9665,#9666),(#9667,
#9668,#9669,#9670),(#9671,#9672,#9673,#9674),(#9675,#9676,#9677,#9678),(#9679,
#9680,#9681,#9682),(#9683,#9684,#9685,#9686),(#9687,#9688,#9689,#9690)),
.UNSPECIFIED.,.F.,.F.,.F.,(4,1,1,1,4),(4,4),(-9.035011898166E-2,2.5E-1,5.E-1,
7.5E-1,1.090350118982E0),(6.520344668989E0,7.142691933436E0),.UNSPECIFIED.);
#9692=ORIENTED_EDGE('',*,*,#9297,.F.);
#9693=ORIENTED_EDGE('',*,*,#9556,.T.);
#9695=ORIENTED_EDGE('',*,*,#9694,.T.);
#9696=ORIENTED_EDGE('',*,*,#9630,.F.);
#9697=EDGE_LOOP('',(#9692,#9693,#9695,#9696));
#9698=FACE_OUTER_BOUND('',#9697,.F.);
#9699=ADVANCED_FACE('',(#9698),#9691,.T.);
#9700=CARTESIAN_POINT('',(-5.625E0,-3.475E0,-4.2E0));
#9701=DIRECTION('',(0.E0,0.E0,-1.E0));
#9702=DIRECTION('',(0.E0,1.E0,0.E0));
#9703=AXIS2_PLACEMENT_3D('',#9700,#9701,#9702);
#9704=PLANE('',#9703);
#9705=ORIENTED_EDGE('',*,*,#9632,.F.);
#9706=ORIENTED_EDGE('',*,*,#9694,.F.);
#9707=ORIENTED_EDGE('',*,*,#9554,.F.);
#9708=ORIENTED_EDGE('',*,*,#9593,.F.);
#9709=EDGE_LOOP('',(#9705,#9706,#9707,#9708));
#9710=FACE_OUTER_BOUND('',#9709,.F.);
#9711=ADVANCED_FACE('',(#9710),#9704,.T.);
#9712=CARTESIAN_POINT('',(-4.7E0,-3.825E0,-1.6E0));
#9713=DIRECTION('',(-8.320502943378E-1,5.547001962252E-1,0.E0));
#9714=DIRECTION('',(5.547001962252E-1,8.320502943378E-1,0.E0));
#9715=AXIS2_PLACEMENT_3D('',#9712,#9713,#9714);
#9716=PLANE('',#9715);
#9717=ORIENTED_EDGE('',*,*,#7209,.T.);
#9719=ORIENTED_EDGE('',*,*,#9718,.F.);
#9720=ORIENTED_EDGE('',*,*,#8714,.F.);
#9721=ORIENTED_EDGE('',*,*,#8211,.T.);
#9722=EDGE_LOOP('',(#9717,#9719,#9720,#9721));
#9723=FACE_OUTER_BOUND('',#9722,.F.);
#9724=ADVANCED_FACE('',(#9723),#9716,.F.);
#9725=CARTESIAN_POINT('',(-4.6E0,-3.675E0,-1.6E0));
#9726=DIRECTION('',(-9.778024140774E-1,2.095290887309E-1,0.E0));
#9727=DIRECTION('',(2.095290887309E-1,9.778024140774E-1,0.E0));
#9728=AXIS2_PLACEMENT_3D('',#9725,#9726,#9727);
#9729=PLANE('',#9728);
#9731=ORIENTED_EDGE('',*,*,#9730,.T.);
#9732=ORIENTED_EDGE('',*,*,#8716,.F.);
#9733=ORIENTED_EDGE('',*,*,#9718,.T.);
#9734=ORIENTED_EDGE('',*,*,#7207,.T.);
#9735=EDGE_LOOP('',(#9731,#9732,#9733,#9734));
#9736=FACE_OUTER_BOUND('',#9735,.F.);
#9737=ADVANCED_FACE('',(#9736),#9729,.F.);
#9738=CARTESIAN_POINT('',(-4.535E0,-1.05E0,-4.75E-1));
#9739=DIRECTION('',(1.E0,0.E0,0.E0));
#9740=DIRECTION('',(0.E0,1.E0,0.E0));
#9741=AXIS2_PLACEMENT_3D('',#9738,#9739,#9740);
#9742=PLANE('',#9741);
#9743=ORIENTED_EDGE('',*,*,#6643,.F.);
#9745=ORIENTED_EDGE('',*,*,#9744,.F.);
#9747=ORIENTED_EDGE('',*,*,#9746,.F.);
#9749=ORIENTED_EDGE('',*,*,#9748,.T.);
#9750=EDGE_LOOP('',(#9743,#9745,#9747,#9749));
#9751=FACE_OUTER_BOUND('',#9750,.F.);
#9752=ADVANCED_FACE('',(#9751),#9742,.F.);
#9753=CARTESIAN_POINT('',(-4.535E0,-1.05E0,-4.75E-1));
#9754=DIRECTION('',(1.E0,0.E0,0.E0));
#9755=DIRECTION('',(0.E0,1.E0,0.E0));
#9756=AXIS2_PLACEMENT_3D('',#9753,#9754,#9755);
#9757=PLANE('',#9756);
#9758=ORIENTED_EDGE('',*,*,#7205,.F.);
#9759=ORIENTED_EDGE('',*,*,#7431,.T.);
#9761=ORIENTED_EDGE('',*,*,#9760,.T.);
#9763=ORIENTED_EDGE('',*,*,#9762,.T.);
#9765=ORIENTED_EDGE('',*,*,#9764,.T.);
#9767=ORIENTED_EDGE('',*,*,#9766,.F.);
#9768=ORIENTED_EDGE('',*,*,#8718,.F.);
#9769=ORIENTED_EDGE('',*,*,#9730,.F.);
#9770=EDGE_LOOP('',(#9758,#9759,#9761,#9763,#9765,#9767,#9768,#9769));
#9771=FACE_OUTER_BOUND('',#9770,.F.);
#9772=ADVANCED_FACE('',(#9771),#9757,.F.);
#9773=CARTESIAN_POINT('',(-4.375E0,-1.05E0,-7.75E-1));
#9774=DIRECTION('',(0.E0,0.E0,1.E0));
#9775=DIRECTION('',(1.E0,0.E0,0.E0));
#9776=AXIS2_PLACEMENT_3D('',#9773,#9774,#9775);
#9777=PLANE('',#9776);
#9778=ORIENTED_EDGE('',*,*,#6641,.T.);
#9780=ORIENTED_EDGE('',*,*,#9779,.F.);
#9782=ORIENTED_EDGE('',*,*,#9781,.F.);
#9783=ORIENTED_EDGE('',*,*,#9744,.T.);
#9784=EDGE_LOOP('',(#9778,#9780,#9782,#9783));
#9785=FACE_OUTER_BOUND('',#9784,.F.);
#9786=ADVANCED_FACE('',(#9785),#9777,.F.);
#9787=CARTESIAN_POINT('',(-4.215E0,-1.05E0,-4.75E-1));
#9788=DIRECTION('',(1.E0,0.E0,0.E0));
#9789=DIRECTION('',(0.E0,1.E0,0.E0));
#9790=AXIS2_PLACEMENT_3D('',#9787,#9788,#9789);
#9791=PLANE('',#9790);
#9792=ORIENTED_EDGE('',*,*,#6639,.T.);
#9794=ORIENTED_EDGE('',*,*,#9793,.F.);
#9796=ORIENTED_EDGE('',*,*,#9795,.F.);
#9797=ORIENTED_EDGE('',*,*,#9779,.T.);
#9798=EDGE_LOOP('',(#9792,#9794,#9796,#9797));
#9799=FACE_OUTER_BOUND('',#9798,.F.);
#9800=ADVANCED_FACE('',(#9799),#9791,.T.);
#9801=CARTESIAN_POINT('',(-4.215E0,-1.05E0,-4.75E-1));
#9802=DIRECTION('',(1.E0,0.E0,0.E0));
#9803=DIRECTION('',(0.E0,1.E0,0.E0));
#9804=AXIS2_PLACEMENT_3D('',#9801,#9802,#9803);
#9805=PLANE('',#9804);
#9806=ORIENTED_EDGE('',*,*,#7177,.T.);
#9808=ORIENTED_EDGE('',*,*,#9807,.T.);
#9809=ORIENTED_EDGE('',*,*,#8722,.T.);
#9811=ORIENTED_EDGE('',*,*,#9810,.T.);
#9813=ORIENTED_EDGE('',*,*,#9812,.T.);
#9815=ORIENTED_EDGE('',*,*,#9814,.F.);
#9817=ORIENTED_EDGE('',*,*,#9816,.F.);
#9818=ORIENTED_EDGE('',*,*,#7427,.F.);
#9819=EDGE_LOOP('',(#9806,#9808,#9809,#9811,#9813,#9815,#9817,#9818));
#9820=FACE_OUTER_BOUND('',#9819,.F.);
#9821=ADVANCED_FACE('',(#9820),#9805,.T.);
#9822=CARTESIAN_POINT('',(-4.375E0,-1.05E0,-1.75E-1));
#9823=DIRECTION('',(0.E0,0.E0,1.E0));
#9824=DIRECTION('',(1.E0,0.E0,0.E0));
#9825=AXIS2_PLACEMENT_3D('',#9822,#9823,#9824);
#9826=PLANE('',#9825);
#9827=ORIENTED_EDGE('',*,*,#6637,.F.);
#9828=ORIENTED_EDGE('',*,*,#9748,.F.);
#9830=ORIENTED_EDGE('',*,*,#9829,.F.);
#9831=ORIENTED_EDGE('',*,*,#9793,.T.);
#9832=EDGE_LOOP('',(#9827,#9828,#9830,#9831));
#9833=FACE_OUTER_BOUND('',#9832,.F.);
#9834=ADVANCED_FACE('',(#9833),#9826,.T.);
#9835=CARTESIAN_POINT('',(-4.256214494778E0,2.849644625731E-1,
-2.801691289908E-1));
#9836=CARTESIAN_POINT('',(-4.203218467649E0,1.478824537169E-1,
-2.081171738982E-1));
#9837=CARTESIAN_POINT('',(-4.177453345184E0,7.355263786409E-3,
-1.730876151291E-1));
#9838=CARTESIAN_POINT('',(-4.178919127382E0,-1.366171072182E-1,
-1.750804526836E-1));
#9839=CARTESIAN_POINT('',(-4.279659909418E0,2.849972516309E-1,
-2.801691289908E-1));
#9840=CARTESIAN_POINT('',(-4.237124029156E0,1.474526542508E-1,
-2.081171738982E-1));
#9841=CARTESIAN_POINT('',(-4.216444324969E0,6.926716110621E-3,
-1.730876151291E-1));
#9842=CARTESIAN_POINT('',(-4.217620796856E0,-1.365805627896E-1,
-1.750804526836E-1));
#9843=CARTESIAN_POINT('',(-4.319255077825E0,2.850365920376E-1,
-2.801691289908E-1));
#9844=CARTESIAN_POINT('',(-4.294384539940E0,1.469369796038E-1,
-2.081171738982E-1));
#9845=CARTESIAN_POINT('',(-4.282293209908E0,6.412543365280E-3,
-1.730876151291E-1));
#9846=CARTESIAN_POINT('',(-4.282981087729E0,-1.365367166780E-1,
-1.750804526836E-1));
#9847=CARTESIAN_POINT('',(-4.375E0,2.850528401679E-1,-2.801691289908E-1));
#9848=CARTESIAN_POINT('',(-4.375E0,1.467239988652E-1,-2.081171738982E-1));
#9849=CARTESIAN_POINT('',(-4.375E0,6.200182932703E-3,-1.730876151291E-1));
#9850=CARTESIAN_POINT('',(-4.375E0,-1.365186076295E-1,-1.750804526836E-1));
#9851=CARTESIAN_POINT('',(-4.430744922175E0,2.850365920376E-1,
-2.801691289908E-1));
#9852=CARTESIAN_POINT('',(-4.455615460060E0,1.469369796038E-1,
-2.081171738982E-1));
#9853=CARTESIAN_POINT('',(-4.467706790092E0,6.412543365280E-3,
-1.730876151291E-1));
#9854=CARTESIAN_POINT('',(-4.467018912271E0,-1.365367166780E-1,
-1.750804526836E-1));
#9855=CARTESIAN_POINT('',(-4.470340090582E0,2.849972516309E-1,
-2.801691289908E-1));
#9856=CARTESIAN_POINT('',(-4.512875970844E0,1.474526542508E-1,
-2.081171738982E-1));
#9857=CARTESIAN_POINT('',(-4.533555675031E0,6.926716110621E-3,
-1.730876151291E-1));
#9858=CARTESIAN_POINT('',(-4.532379203144E0,-1.365805627896E-1,
-1.750804526836E-1));
#9859=CARTESIAN_POINT('',(-4.493785505222E0,2.849644625731E-1,
-2.801691289908E-1));
#9860=CARTESIAN_POINT('',(-4.546781532351E0,1.478824537169E-1,
-2.081171738982E-1));
#9861=CARTESIAN_POINT('',(-4.572546654816E0,7.355263786409E-3,
-1.730876151291E-1));
#9862=CARTESIAN_POINT('',(-4.571080872618E0,-1.366171072182E-1,
-1.750804526836E-1));
#9863=B_SPLINE_SURFACE_WITH_KNOTS('',3,3,((#9835,#9836,#9837,#9838),(#9839,
#9840,#9841,#9842),(#9843,#9844,#9845,#9846),(#9847,#9848,#9849,#9850),(#9851,
#9852,#9853,#9854),(#9855,#9856,#9857,#9858),(#9859,#9860,#9861,#9862)),
.UNSPECIFIED.,.F.,.F.,.F.,(4,1,1,1,4),(4,4),(-1.129376487271E-1,2.5E-1,5.E-1,
7.5E-1,1.112937648727E0),(-1.020800380456E-2,4.113456729120E-1),.UNSPECIFIED.);
#9865=ORIENTED_EDGE('',*,*,#9864,.F.);
#9867=ORIENTED_EDGE('',*,*,#9866,.T.);
#9868=ORIENTED_EDGE('',*,*,#9829,.T.);
#9870=ORIENTED_EDGE('',*,*,#9869,.F.);
#9871=EDGE_LOOP('',(#9865,#9867,#9868,#9870));
#9872=FACE_OUTER_BOUND('',#9871,.F.);
#9873=ADVANCED_FACE('',(#9872),#9863,.T.);
#9874=CARTESIAN_POINT('',(-4.375E0,2.75E-1,-4.75E-1));
#9875=DIRECTION('',(0.E0,-1.E0,0.E0));
#9876=DIRECTION('',(0.E0,0.E0,-1.E0));
#9877=AXIS2_PLACEMENT_3D('',#9874,#9875,#9876);
#9878=PLANE('',#9877);
#9879=ORIENTED_EDGE('',*,*,#9864,.T.);
#9881=ORIENTED_EDGE('',*,*,#9880,.T.);
#9883=ORIENTED_EDGE('',*,*,#9882,.T.);
#9885=ORIENTED_EDGE('',*,*,#9884,.T.);
#9886=EDGE_LOOP('',(#9879,#9881,#9883,#9885));
#9887=FACE_OUTER_BOUND('',#9886,.F.);
#9888=ADVANCED_FACE('',(#9887),#9878,.F.);
#9889=CARTESIAN_POINT('',(-4.471898522606E0,2.849555100070E-1,
-2.581653885196E-1));
#9890=CARTESIAN_POINT('',(-4.515118127069E0,1.480364532166E-1,
-1.779975135696E-1));
#9891=CARTESIAN_POINT('',(-4.536136180707E0,7.547482004589E-3,
-1.390112082402E-1));
#9892=CARTESIAN_POINT('',(-4.534952683522E0,-1.365114036291E-1,
-1.412064725315E-1));
#9893=CARTESIAN_POINT('',(-4.471898522606E0,2.850254352060E-1,
-2.979717805115E-1));
#9894=CARTESIAN_POINT('',(-4.515118127069E0,1.471201366365E-1,
-2.325210848607E-1));
#9895=CARTESIAN_POINT('',(-4.536136180707E0,6.633569618650E-3,
-2.006918664081E-1));
#9896=CARTESIAN_POINT('',(-4.534952683522E0,-1.364342658475E-1,
-2.024841251538E-1));
#9897=CARTESIAN_POINT('',(-4.471898522606E0,2.851194487553E-1,
-3.702499843383E-1));
#9898=CARTESIAN_POINT('',(-4.515118127069E0,1.458881605359E-1,
-3.315219136708E-1));
#9899=CARTESIAN_POINT('',(-4.536136180707E0,5.404825926915E-3,
-3.126881303280E-1));
#9900=CARTESIAN_POINT('',(-4.534952683522E0,-1.363305550716E-1,
-3.137486343099E-1));
#9901=CARTESIAN_POINT('',(-4.471898522606E0,2.851631586143E-1,-4.75E-1));
#9902=CARTESIAN_POINT('',(-4.515118127069E0,1.453153760585E-1,-4.75E-1));
#9903=CARTESIAN_POINT('',(-4.536136180707E0,4.833544298195E-3,-4.75E-1));
#9904=CARTESIAN_POINT('',(-4.534952683522E0,-1.362823366666E-1,-4.75E-1));
#9905=CARTESIAN_POINT('',(-4.471898522606E0,2.851194487553E-1,
-5.797500156617E-1));
#9906=CARTESIAN_POINT('',(-4.515118127069E0,1.458881605359E-1,
-6.184780863292E-1));
#9907=CARTESIAN_POINT('',(-4.536136180707E0,5.404825926915E-3,
-6.373118696720E-1));
#9908=CARTESIAN_POINT('',(-4.534952683522E0,-1.363305550716E-1,
-6.362513656901E-1));
#9909=CARTESIAN_POINT('',(-4.471898522606E0,2.850254352060E-1,
-6.520282194885E-1));
#9910=CARTESIAN_POINT('',(-4.515118127069E0,1.471201366365E-1,
-7.174789151393E-1));
#9911=CARTESIAN_POINT('',(-4.536136180707E0,6.633569618650E-3,
-7.493081335919E-1));
#9912=CARTESIAN_POINT('',(-4.534952683522E0,-1.364342658475E-1,
-7.475158748462E-1));
#9913=CARTESIAN_POINT('',(-4.471898522606E0,2.849555100070E-1,
-6.918346114804E-1));
#9914=CARTESIAN_POINT('',(-4.515118127069E0,1.480364532166E-1,
-7.720024864304E-1));
#9915=CARTESIAN_POINT('',(-4.536136180707E0,7.547482004589E-3,
-8.109887917598E-1));
#9916=CARTESIAN_POINT('',(-4.534952683522E0,-1.365114036291E-1,
-8.087935274685E-1));
#9917=B_SPLINE_SURFACE_WITH_KNOTS('',3,3,((#9889,#9890,#9891,#9892),(#9893,
#9894,#9895,#9896),(#9897,#9898,#9899,#9900),(#9901,#9902,#9903,#9904),(#9905,
#9906,#9907,#9908),(#9909,#9910,#9911,#9912),(#9913,#9914,#9915,#9916)),
.UNSPECIFIED.,.F.,.F.,.F.,(4,1,1,1,4),(4,4),(-5.646882436354E-2,2.5E-1,5.E-1,
7.5E-1,1.056468824364E0),(-1.020800380456E-2,4.112328658242E-1),.UNSPECIFIED.);
#9918=ORIENTED_EDGE('',*,*,#9880,.F.);
#9919=ORIENTED_EDGE('',*,*,#9869,.T.);
#9920=ORIENTED_EDGE('',*,*,#9746,.T.);
#9922=ORIENTED_EDGE('',*,*,#9921,.F.);
#9923=EDGE_LOOP('',(#9918,#9919,#9920,#9922));
#9924=FACE_OUTER_BOUND('',#9923,.F.);
#9925=ADVANCED_FACE('',(#9924),#9917,.T.);
#9926=CARTESIAN_POINT('',(-4.493785505222E0,2.849644625731E-1,
-6.698308710092E-1));
#9927=CARTESIAN_POINT('',(-4.546781532351E0,1.478824537169E-1,
-7.418828261018E-1));
#9928=CARTESIAN_POINT('',(-4.572546654816E0,7.355263786409E-3,
-7.769123848709E-1));
#9929=CARTESIAN_POINT('',(-4.571080872618E0,-1.366171072182E-1,
-7.749195473164E-1));
#9930=CARTESIAN_POINT('',(-4.470340090582E0,2.849972516309E-1,
-6.698308710092E-1));
#9931=CARTESIAN_POINT('',(-4.512875970844E0,1.474526542508E-1,
-7.418828261018E-1));
#9932=CARTESIAN_POINT('',(-4.533555675031E0,6.926716110621E-3,
-7.769123848709E-1));
#9933=CARTESIAN_POINT('',(-4.532379203144E0,-1.365805627896E-1,
-7.749195473164E-1));
#9934=CARTESIAN_POINT('',(-4.430744922175E0,2.850365920376E-1,
-6.698308710092E-1));
#9935=CARTESIAN_POINT('',(-4.455615460060E0,1.469369796038E-1,
-7.418828261018E-1));
#9936=CARTESIAN_POINT('',(-4.467706790092E0,6.412543365280E-3,
-7.769123848709E-1));
#9937=CARTESIAN_POINT('',(-4.467018912271E0,-1.365367166780E-1,
-7.749195473164E-1));
#9938=CARTESIAN_POINT('',(-4.375E0,2.850528401679E-1,-6.698308710092E-1));
#9939=CARTESIAN_POINT('',(-4.375E0,1.467239988652E-1,-7.418828261018E-1));
#9940=CARTESIAN_POINT('',(-4.375E0,6.200182932703E-3,-7.769123848709E-1));
#9941=CARTESIAN_POINT('',(-4.375E0,-1.365186076295E-1,-7.749195473164E-1));
#9942=CARTESIAN_POINT('',(-4.319255077825E0,2.850365920376E-1,
-6.698308710092E-1));
#9943=CARTESIAN_POINT('',(-4.294384539940E0,1.469369796038E-1,
-7.418828261018E-1));
#9944=CARTESIAN_POINT('',(-4.282293209908E0,6.412543365280E-3,
-7.769123848709E-1));
#9945=CARTESIAN_POINT('',(-4.282981087729E0,-1.365367166780E-1,
-7.749195473164E-1));
#9946=CARTESIAN_POINT('',(-4.279659909418E0,2.849972516309E-1,
-6.698308710092E-1));
#9947=CARTESIAN_POINT('',(-4.237124029156E0,1.474526542508E-1,
-7.418828261018E-1));
#9948=CARTESIAN_POINT('',(-4.216444324969E0,6.926716110621E-3,
-7.769123848709E-1));
#9949=CARTESIAN_POINT('',(-4.217620796856E0,-1.365805627896E-1,
-7.749195473164E-1));
#9950=CARTESIAN_POINT('',(-4.256214494778E0,2.849644625731E-1,
-6.698308710092E-1));
#9951=CARTESIAN_POINT('',(-4.203218467649E0,1.478824537169E-1,
-7.418828261018E-1));
#9952=CARTESIAN_POINT('',(-4.177453345184E0,7.355263786409E-3,
-7.769123848709E-1));
#9953=CARTESIAN_POINT('',(-4.178919127382E0,-1.366171072182E-1,
-7.749195473164E-1));
#9954=B_SPLINE_SURFACE_WITH_KNOTS('',3,3,((#9926,#9927,#9928,#9929),(#9930,
#9931,#9932,#9933),(#9934,#9935,#9936,#9937),(#9938,#9939,#9940,#9941),(#9942,
#9943,#9944,#9945),(#9946,#9947,#9948,#9949),(#9950,#9951,#9952,#9953)),
.UNSPECIFIED.,.F.,.F.,.F.,(4,1,1,1,4),(4,4),(-1.129376487271E-1,2.5E-1,5.E-1,
7.5E-1,1.112937648727E0),(-1.020800380456E-2,4.113456729120E-1),.UNSPECIFIED.);
#9955=ORIENTED_EDGE('',*,*,#9882,.F.);
#9956=ORIENTED_EDGE('',*,*,#9921,.T.);
#9957=ORIENTED_EDGE('',*,*,#9781,.T.);
#9959=ORIENTED_EDGE('',*,*,#9958,.F.);
#9960=EDGE_LOOP('',(#9955,#9956,#9957,#9959));
#9961=FACE_OUTER_BOUND('',#9960,.F.);
#9962=ADVANCED_FACE('',(#9961),#9954,.T.);
#9963=CARTESIAN_POINT('',(-4.278101477394E0,2.849555100070E-1,
-6.918346114804E-1));
#9964=CARTESIAN_POINT('',(-4.234881872931E0,1.480364532166E-1,
-7.720024864304E-1));
#9965=CARTESIAN_POINT('',(-4.213863819293E0,7.547482004589E-3,
-8.109887917598E-1));
#9966=CARTESIAN_POINT('',(-4.215047316478E0,-1.365114036291E-1,
-8.087935274685E-1));
#9967=CARTESIAN_POINT('',(-4.278101477394E0,2.850254352060E-1,
-6.520282194885E-1));
#9968=CARTESIAN_POINT('',(-4.234881872931E0,1.471201366365E-1,
-7.174789151393E-1));
#9969=CARTESIAN_POINT('',(-4.213863819293E0,6.633569618650E-3,
-7.493081335919E-1));
#9970=CARTESIAN_POINT('',(-4.215047316478E0,-1.364342658475E-1,
-7.475158748462E-1));
#9971=CARTESIAN_POINT('',(-4.278101477394E0,2.851194487553E-1,
-5.797500156617E-1));
#9972=CARTESIAN_POINT('',(-4.234881872931E0,1.458881605359E-1,
-6.184780863292E-1));
#9973=CARTESIAN_POINT('',(-4.213863819293E0,5.404825926915E-3,
-6.373118696720E-1));
#9974=CARTESIAN_POINT('',(-4.215047316478E0,-1.363305550716E-1,
-6.362513656901E-1));
#9975=CARTESIAN_POINT('',(-4.278101477394E0,2.851631586143E-1,-4.75E-1));
#9976=CARTESIAN_POINT('',(-4.234881872931E0,1.453153760585E-1,-4.75E-1));
#9977=CARTESIAN_POINT('',(-4.213863819293E0,4.833544298195E-3,-4.75E-1));
#9978=CARTESIAN_POINT('',(-4.215047316478E0,-1.362823366666E-1,-4.75E-1));
#9979=CARTESIAN_POINT('',(-4.278101477394E0,2.851194487553E-1,
-3.702499843383E-1));
#9980=CARTESIAN_POINT('',(-4.234881872931E0,1.458881605359E-1,
-3.315219136708E-1));
#9981=CARTESIAN_POINT('',(-4.213863819293E0,5.404825926915E-3,
-3.126881303280E-1));
#9982=CARTESIAN_POINT('',(-4.215047316478E0,-1.363305550716E-1,
-3.137486343099E-1));
#9983=CARTESIAN_POINT('',(-4.278101477394E0,2.850254352060E-1,
-2.979717805115E-1));
#9984=CARTESIAN_POINT('',(-4.234881872931E0,1.471201366365E-1,
-2.325210848607E-1));
#9985=CARTESIAN_POINT('',(-4.213863819293E0,6.633569618650E-3,
-2.006918664081E-1));
#9986=CARTESIAN_POINT('',(-4.215047316478E0,-1.364342658475E-1,
-2.024841251538E-1));
#9987=CARTESIAN_POINT('',(-4.278101477394E0,2.849555100070E-1,
-2.581653885196E-1));
#9988=CARTESIAN_POINT('',(-4.234881872931E0,1.480364532166E-1,
-1.779975135696E-1));
#9989=CARTESIAN_POINT('',(-4.213863819293E0,7.547482004589E-3,
-1.390112082402E-1));
#9990=CARTESIAN_POINT('',(-4.215047316478E0,-1.365114036291E-1,
-1.412064725315E-1));
#9991=B_SPLINE_SURFACE_WITH_KNOTS('',3,3,((#9963,#9964,#9965,#9966),(#9967,
#9968,#9969,#9970),(#9971,#9972,#9973,#9974),(#9975,#9976,#9977,#9978),(#9979,
#9980,#9981,#9982),(#9983,#9984,#9985,#9986),(#9987,#9988,#9989,#9990)),
.UNSPECIFIED.,.F.,.F.,.F.,(4,1,1,1,4),(4,4),(-5.646882436354E-2,2.5E-1,5.E-1,
7.5E-1,1.056468824364E0),(-1.020800380456E-2,4.112328658242E-1),.UNSPECIFIED.);
#9992=ORIENTED_EDGE('',*,*,#9884,.F.);
#9993=ORIENTED_EDGE('',*,*,#9958,.T.);
#9994=ORIENTED_EDGE('',*,*,#9795,.T.);
#9995=ORIENTED_EDGE('',*,*,#9866,.F.);
#9996=EDGE_LOOP('',(#9992,#9993,#9994,#9995));
#9997=FACE_OUTER_BOUND('',#9996,.F.);
#9998=ADVANCED_FACE('',(#9997),#9991,.T.);
#9999=CARTESIAN_POINT('',(-4.225E0,-3.325E0,-1.6E0));
#10000=DIRECTION('',(9.778024140774E-1,2.095290887309E-1,0.E0));
#10001=DIRECTION('',(2.095290887309E-1,-9.778024140774E-1,0.E0));
#10002=AXIS2_PLACEMENT_3D('',#9999,#10000,#10001);
#10003=PLANE('',#10002);
#10004=ORIENTED_EDGE('',*,*,#9807,.F.);
#10005=ORIENTED_EDGE('',*,*,#7191,.T.);
#10007=ORIENTED_EDGE('',*,*,#10006,.F.);
#10008=ORIENTED_EDGE('',*,*,#8724,.F.);
#10009=EDGE_LOOP('',(#10004,#10005,#10007,#10008));
#10010=FACE_OUTER_BOUND('',#10009,.F.);
#10011=ADVANCED_FACE('',(#10010),#10003,.F.);
#10012=CARTESIAN_POINT('',(-4.15E0,-3.675E0,-1.6E0));
#10013=DIRECTION('',(8.320502943378E-1,5.547001962252E-1,0.E0));
#10014=DIRECTION('',(5.547001962252E-1,-8.320502943378E-1,0.E0));
#10015=AXIS2_PLACEMENT_3D('',#10012,#10013,#10014);
#10016=PLANE('',#10015);
#10017=ORIENTED_EDGE('',*,*,#7189,.T.);
#10018=ORIENTED_EDGE('',*,*,#8230,.F.);
#10019=ORIENTED_EDGE('',*,*,#8726,.F.);
#10020=ORIENTED_EDGE('',*,*,#10006,.T.);
#10021=EDGE_LOOP('',(#10017,#10018,#10019,#10020));
#10022=FACE_OUTER_BOUND('',#10021,.F.);
#10023=ADVANCED_FACE('',(#10022),#10016,.F.);
#10024=CARTESIAN_POINT('',(-4.375E0,-3.3E0,-2.4375E0));
#10025=DIRECTION('',(0.E0,1.E0,0.E0));
#10026=DIRECTION('',(1.E0,0.E0,0.E0));
#10027=AXIS2_PLACEMENT_3D('',#10024,#10025,#10026);
#10028=PLANE('',#10027);
#10029=ORIENTED_EDGE('',*,*,#8720,.F.);
#10030=ORIENTED_EDGE('',*,*,#9766,.T.);
#10032=ORIENTED_EDGE('',*,*,#10031,.T.);
#10033=ORIENTED_EDGE('',*,*,#9810,.F.);
#10034=EDGE_LOOP('',(#10029,#10030,#10032,#10033));
#10035=FACE_OUTER_BOUND('',#10034,.F.);
#10036=ADVANCED_FACE('',(#10035),#10028,.T.);
#10037=CARTESIAN_POINT('',(-4.571114058459E0,-3.300017667059E0,
-3.588658947712E0));
#10038=CARTESIAN_POINT('',(-4.572070096556E0,-3.299367765380E0,
-3.797276576464E0));
#10039=CARTESIAN_POINT('',(-4.546649470993E0,-3.316648360462E0,
-4.004721429401E0));
#10040=CARTESIAN_POINT('',(-4.494852181769E0,-3.351859452305E0,
-4.210993506523E0));
#10041=CARTESIAN_POINT('',(-4.532405838894E0,-3.300017667059E0,
-3.588675758785E0));
#10042=CARTESIAN_POINT('',(-4.533173177961E0,-3.299367765380E0,
-3.796978475845E0));
#10043=CARTESIAN_POINT('',(-4.512769975236E0,-3.316648360462E0,
-4.004423215702E0));
#10044=CARTESIAN_POINT('',(-4.471196230718E0,-3.351859452305E0,
-4.211009978356E0));
#10045=CARTESIAN_POINT('',(-4.467034486075E0,-3.300017667059E0,
-3.588695830628E0));
#10046=CARTESIAN_POINT('',(-4.467483145776E0,-3.299367765380E0,
-3.796622553967E0));
#10047=CARTESIAN_POINT('',(-4.455553484905E0,-3.316648360462E0,
-4.004067158810E0));
#10048=CARTESIAN_POINT('',(-4.431245503462E0,-3.351859452305E0,
-4.211029645157E0));
#10049=CARTESIAN_POINT('',(-4.375E0,-3.300017667059E0,-3.588704065939E0));
#10050=CARTESIAN_POINT('',(-4.375E0,-3.299367765380E0,-3.796476522150E0));
#10051=CARTESIAN_POINT('',(-4.375E0,-3.316648360462E0,-4.003921071598E0));
#10052=CARTESIAN_POINT('',(-4.375E0,-3.351859452305E0,-4.211037714284E0));
#10053=CARTESIAN_POINT('',(-4.282965513925E0,-3.300017667059E0,
-3.588695830628E0));
#10054=CARTESIAN_POINT('',(-4.282516854224E0,-3.299367765380E0,
-3.796622553967E0));
#10055=CARTESIAN_POINT('',(-4.294446515095E0,-3.316648360462E0,
-4.004067158810E0));
#10056=CARTESIAN_POINT('',(-4.318754496538E0,-3.351859452305E0,
-4.211029645157E0));
#10057=CARTESIAN_POINT('',(-4.217594161106E0,-3.300017667059E0,
-3.588675758785E0));
#10058=CARTESIAN_POINT('',(-4.216826822039E0,-3.299367765380E0,
-3.796978475845E0));
#10059=CARTESIAN_POINT('',(-4.237230024764E0,-3.316648360462E0,
-4.004423215702E0));
#10060=CARTESIAN_POINT('',(-4.278803769282E0,-3.351859452305E0,
-4.211009978356E0));
#10061=CARTESIAN_POINT('',(-4.178885941541E0,-3.300017667059E0,
-3.588658947712E0));
#10062=CARTESIAN_POINT('',(-4.177929903444E0,-3.299367765380E0,
-3.797276576464E0));
#10063=CARTESIAN_POINT('',(-4.203350529007E0,-3.316648360462E0,
-4.004721429401E0));
#10064=CARTESIAN_POINT('',(-4.255147818231E0,-3.351859452305E0,
-4.210993506523E0));
#10065=B_SPLINE_SURFACE_WITH_KNOTS('',3,3,((#10037,#10038,#10039,#10040),
(#10041,#10042,#10043,#10044),(#10045,#10046,#10047,#10048),(#10049,#10050,
#10051,#10052),(#10053,#10054,#10055,#10056),(#10057,#10058,#10059,#10060),(
#10061,#10062,#10063,#10064)),.UNSPECIFIED.,.F.,.F.,.F.,(4,1,1,1,4),(4,4),(
-1.129376487271E-1,2.5E-1,5.E-1,7.5E-1,1.112937648727E0),(6.520358638458E0,
7.142691933436E0),.UNSPECIFIED.);
#10066=ORIENTED_EDGE('',*,*,#10031,.F.);
#10068=ORIENTED_EDGE('',*,*,#10067,.T.);
#10070=ORIENTED_EDGE('',*,*,#10069,.T.);
#10072=ORIENTED_EDGE('',*,*,#10071,.F.);
#10073=EDGE_LOOP('',(#10066,#10068,#10070,#10072));
#10074=FACE_OUTER_BOUND('',#10073,.F.);
#10075=ADVANCED_FACE('',(#10074),#10065,.T.);
#10076=CARTESIAN_POINT('',(-4.534978746979E0,-3.681601630438E0,
-3.588651405128E0));
#10077=CARTESIAN_POINT('',(-4.535759612484E0,-3.682369937178E0,
-3.797152043781E0));
#10078=CARTESIAN_POINT('',(-4.515022915903E0,-3.661966751687E0,
-4.004601533104E0));
#10079=CARTESIAN_POINT('',(-4.472768657234E0,-3.620392073967E0,
-4.210999873096E0));
#10080=CARTESIAN_POINT('',(-4.534978746979E0,-3.641898135150E0,
-3.588661968774E0));
#10081=CARTESIAN_POINT('',(-4.535759612484E0,-3.642518793186E0,
-3.796964961016E0));
#10082=CARTESIAN_POINT('',(-4.515022915903E0,-3.626036572778E0,
-4.004414374936E0));
#10083=CARTESIAN_POINT('',(-4.472768657234E0,-3.592451473927E0,
-4.211010210532E0));
#10084=CARTESIAN_POINT('',(-4.534978746979E0,-3.573030925004E0,
-3.588675046192E0));
#10085=CARTESIAN_POINT('',(-4.535759612484E0,-3.573395480793E0,
-3.796733359208E0));
#10086=CARTESIAN_POINT('',(-4.515022915903E0,-3.563714322216E0,
-4.004182679780E0));
#10087=CARTESIAN_POINT('',(-4.472768657234E0,-3.543987449271E0,
-4.211023007910E0));
#10088=CARTESIAN_POINT('',(-4.534978746979E0,-3.475E0,-3.588680606705E0));
#10089=CARTESIAN_POINT('',(-4.535759612484E0,-3.475E0,-3.796634882221E0));
#10090=CARTESIAN_POINT('',(-4.515022915903E0,-3.475E0,-4.004084163103E0));
#10091=CARTESIAN_POINT('',(-4.472768657234E0,-3.475E0,-4.211028449350E0));
#10092=CARTESIAN_POINT('',(-4.534978746979E0,-3.376969074996E0,
-3.588675046192E0));
#10093=CARTESIAN_POINT('',(-4.535759612484E0,-3.376604519207E0,
-3.796733359208E0));
#10094=CARTESIAN_POINT('',(-4.515022915903E0,-3.386285677784E0,
-4.004182679780E0));
#10095=CARTESIAN_POINT('',(-4.472768657234E0,-3.406012550729E0,
-4.211023007910E0));
#10096=CARTESIAN_POINT('',(-4.534978746979E0,-3.308101864850E0,
-3.588661968774E0));
#10097=CARTESIAN_POINT('',(-4.535759612484E0,-3.307481206814E0,
-3.796964961016E0));
#10098=CARTESIAN_POINT('',(-4.515022915903E0,-3.323963427222E0,
-4.004414374936E0));
#10099=CARTESIAN_POINT('',(-4.472768657234E0,-3.357548526073E0,
-4.211010210532E0));
#10100=CARTESIAN_POINT('',(-4.534978746979E0,-3.268398369562E0,
-3.588651405128E0));
#10101=CARTESIAN_POINT('',(-4.535759612484E0,-3.267630062822E0,
-3.797152043781E0));
#10102=CARTESIAN_POINT('',(-4.515022915903E0,-3.288033248313E0,
-4.004601533104E0));
#10103=CARTESIAN_POINT('',(-4.472768657234E0,-3.329607926033E0,
-4.210999873096E0));
#10104=B_SPLINE_SURFACE_WITH_KNOTS('',3,3,((#10076,#10077,#10078,#10079),
(#10080,#10081,#10082,#10083),(#10084,#10085,#10086,#10087),(#10088,#10089,
#10090,#10091),(#10092,#10093,#10094,#10095),(#10096,#10097,#10098,#10099),(
#10100,#10101,#10102,#10103)),.UNSPECIFIED.,.F.,.F.,.F.,(4,1,1,1,4),(4,4),(
-9.035011898166E-2,2.5E-1,5.E-1,7.5E-1,1.090350118982E0),(6.520344668989E0,
7.142691933436E0),.UNSPECIFIED.);
#10105=ORIENTED_EDGE('',*,*,#9764,.F.);
#10107=ORIENTED_EDGE('',*,*,#10106,.T.);
#10109=ORIENTED_EDGE('',*,*,#10108,.T.);
#10110=ORIENTED_EDGE('',*,*,#10067,.F.);
#10111=EDGE_LOOP('',(#10105,#10107,#10109,#10110));
#10112=FACE_OUTER_BOUND('',#10111,.F.);
#10113=ADVANCED_FACE('',(#10112),#10104,.T.);
#10114=CARTESIAN_POINT('',(-4.178885941541E0,-3.649982332941E0,
-3.588658947712E0));
#10115=CARTESIAN_POINT('',(-4.177929903444E0,-3.650632234620E0,
-3.797276576464E0));
#10116=CARTESIAN_POINT('',(-4.203350529007E0,-3.633351639538E0,
-4.004721429401E0));
#10117=CARTESIAN_POINT('',(-4.255147818231E0,-3.598140547695E0,
-4.210993506523E0));
#10118=CARTESIAN_POINT('',(-4.217594161106E0,-3.649982332941E0,
-3.588675758785E0));
#10119=CARTESIAN_POINT('',(-4.216826822039E0,-3.650632234620E0,
-3.796978475845E0));
#10120=CARTESIAN_POINT('',(-4.237230024764E0,-3.633351639538E0,
-4.004423215702E0));
#10121=CARTESIAN_POINT('',(-4.278803769282E0,-3.598140547695E0,
-4.211009978356E0));
#10122=CARTESIAN_POINT('',(-4.282965513925E0,-3.649982332941E0,
-3.588695830628E0));
#10123=CARTESIAN_POINT('',(-4.282516854224E0,-3.650632234620E0,
-3.796622553967E0));
#10124=CARTESIAN_POINT('',(-4.294446515095E0,-3.633351639538E0,
-4.004067158810E0));
#10125=CARTESIAN_POINT('',(-4.318754496538E0,-3.598140547695E0,
-4.211029645157E0));
#10126=CARTESIAN_POINT('',(-4.375E0,-3.649982332941E0,-3.588704065939E0));
#10127=CARTESIAN_POINT('',(-4.375E0,-3.650632234620E0,-3.796476522150E0));
#10128=CARTESIAN_POINT('',(-4.375E0,-3.633351639538E0,-4.003921071598E0));
#10129=CARTESIAN_POINT('',(-4.375E0,-3.598140547695E0,-4.211037714284E0));
#10130=CARTESIAN_POINT('',(-4.467034486075E0,-3.649982332941E0,
-3.588695830628E0));
#10131=CARTESIAN_POINT('',(-4.467483145776E0,-3.650632234620E0,
-3.796622553967E0));
#10132=CARTESIAN_POINT('',(-4.455553484905E0,-3.633351639538E0,
-4.004067158810E0));
#10133=CARTESIAN_POINT('',(-4.431245503462E0,-3.598140547695E0,
-4.211029645157E0));
#10134=CARTESIAN_POINT('',(-4.532405838894E0,-3.649982332941E0,
-3.588675758785E0));
#10135=CARTESIAN_POINT('',(-4.533173177961E0,-3.650632234620E0,
-3.796978475845E0));
#10136=CARTESIAN_POINT('',(-4.512769975236E0,-3.633351639538E0,
-4.004423215702E0));
#10137=CARTESIAN_POINT('',(-4.471196230718E0,-3.598140547695E0,
-4.211009978356E0));
#10138=CARTESIAN_POINT('',(-4.571114058459E0,-3.649982332941E0,
-3.588658947712E0));
#10139=CARTESIAN_POINT('',(-4.572070096556E0,-3.650632234620E0,
-3.797276576464E0));
#10140=CARTESIAN_POINT('',(-4.546649470993E0,-3.633351639538E0,
-4.004721429401E0));
#10141=CARTESIAN_POINT('',(-4.494852181769E0,-3.598140547695E0,
-4.210993506523E0));
#10142=B_SPLINE_SURFACE_WITH_KNOTS('',3,3,((#10114,#10115,#10116,#10117),
(#10118,#10119,#10120,#10121),(#10122,#10123,#10124,#10125),(#10126,#10127,
#10128,#10129),(#10130,#10131,#10132,#10133),(#10134,#10135,#10136,#10137),(
#10138,#10139,#10140,#10141)),.UNSPECIFIED.,.F.,.F.,.F.,(4,1,1,1,4),(4,4),(
-1.129376487271E-1,2.5E-1,5.E-1,7.5E-1,1.112937648727E0),(6.520358638458E0,
7.142691933436E0),.UNSPECIFIED.);
#10144=ORIENTED_EDGE('',*,*,#10143,.F.);
#10146=ORIENTED_EDGE('',*,*,#10145,.T.);
#10148=ORIENTED_EDGE('',*,*,#10147,.T.);
#10149=ORIENTED_EDGE('',*,*,#10106,.F.);
#10150=EDGE_LOOP('',(#10144,#10146,#10148,#10149));
#10151=FACE_OUTER_BOUND('',#10150,.F.);
#10152=ADVANCED_FACE('',(#10151),#10142,.T.);
#10153=CARTESIAN_POINT('',(-4.375E0,-3.65E0,-2.4375E0));
#10154=DIRECTION('',(0.E0,1.E0,0.E0));
#10155=DIRECTION('',(1.E0,0.E0,0.E0));
#10156=AXIS2_PLACEMENT_3D('',#10153,#10154,#10155);
#10157=PLANE('',#10156);
#10159=ORIENTED_EDGE('',*,*,#10158,.F.);
#10160=ORIENTED_EDGE('',*,*,#9814,.T.);
#10161=ORIENTED_EDGE('',*,*,#10143,.T.);
#10162=ORIENTED_EDGE('',*,*,#9762,.F.);
#10163=EDGE_LOOP('',(#10159,#10160,#10161,#10162));
#10164=FACE_OUTER_BOUND('',#10163,.F.);
#10165=ADVANCED_FACE('',(#10164),#10157,.F.);
#10166=CARTESIAN_POINT('',(-4.375E0,-2.675E0,-1.275E0));
#10167=DIRECTION('',(1.E0,0.E0,0.E0));
#10168=DIRECTION('',(0.E0,0.E0,1.E0));
#10169=AXIS2_PLACEMENT_3D('',#10166,#10167,#10168);
#10170=CYLINDRICAL_SURFACE('',#10169,9.75E-1);
#10171=ORIENTED_EDGE('',*,*,#9816,.T.);
#10172=ORIENTED_EDGE('',*,*,#10158,.T.);
#10173=ORIENTED_EDGE('',*,*,#9760,.F.);
#10174=ORIENTED_EDGE('',*,*,#7429,.T.);
#10175=EDGE_LOOP('',(#10171,#10172,#10173,#10174));
#10176=FACE_OUTER_BOUND('',#10175,.F.);
#10177=ADVANCED_FACE('',(#10176),#10170,.T.);
#10178=CARTESIAN_POINT('',(-4.215021253021E0,-3.268398369562E0,
-3.588651405128E0));
#10179=CARTESIAN_POINT('',(-4.214240387516E0,-3.267630062822E0,
-3.797152043781E0));
#10180=CARTESIAN_POINT('',(-4.234977084097E0,-3.288033248313E0,
-4.004601533104E0));
#10181=CARTESIAN_POINT('',(-4.277231342766E0,-3.329607926033E0,
-4.210999873096E0));
#10182=CARTESIAN_POINT('',(-4.215021253021E0,-3.308101864850E0,
-3.588661968774E0));
#10183=CARTESIAN_POINT('',(-4.214240387516E0,-3.307481206814E0,
-3.796964961016E0));
#10184=CARTESIAN_POINT('',(-4.234977084097E0,-3.323963427222E0,
-4.004414374936E0));
#10185=CARTESIAN_POINT('',(-4.277231342766E0,-3.357548526073E0,
-4.211010210532E0));
#10186=CARTESIAN_POINT('',(-4.215021253021E0,-3.376969074996E0,
-3.588675046192E0));
#10187=CARTESIAN_POINT('',(-4.214240387516E0,-3.376604519207E0,
-3.796733359208E0));
#10188=CARTESIAN_POINT('',(-4.234977084097E0,-3.386285677784E0,
-4.004182679780E0));
#10189=CARTESIAN_POINT('',(-4.277231342766E0,-3.406012550729E0,
-4.211023007910E0));
#10190=CARTESIAN_POINT('',(-4.215021253021E0,-3.475E0,-3.588680606705E0));
#10191=CARTESIAN_POINT('',(-4.214240387516E0,-3.475E0,-3.796634882221E0));
#10192=CARTESIAN_POINT('',(-4.234977084097E0,-3.475E0,-4.004084163103E0));
#10193=CARTESIAN_POINT('',(-4.277231342766E0,-3.475E0,-4.211028449350E0));
#10194=CARTESIAN_POINT('',(-4.215021253021E0,-3.573030925004E0,
-3.588675046192E0));
#10195=CARTESIAN_POINT('',(-4.214240387516E0,-3.573395480793E0,
-3.796733359208E0));
#10196=CARTESIAN_POINT('',(-4.234977084097E0,-3.563714322216E0,
-4.004182679780E0));
#10197=CARTESIAN_POINT('',(-4.277231342766E0,-3.543987449271E0,
-4.211023007910E0));
#10198=CARTESIAN_POINT('',(-4.215021253021E0,-3.641898135150E0,
-3.588661968774E0));
#10199=CARTESIAN_POINT('',(-4.214240387516E0,-3.642518793186E0,
-3.796964961016E0));
#10200=CARTESIAN_POINT('',(-4.234977084097E0,-3.626036572778E0,
-4.004414374936E0));
#10201=CARTESIAN_POINT('',(-4.277231342766E0,-3.592451473927E0,
-4.211010210532E0));
#10202=CARTESIAN_POINT('',(-4.215021253021E0,-3.681601630438E0,
-3.588651405128E0));
#10203=CARTESIAN_POINT('',(-4.214240387516E0,-3.682369937178E0,
-3.797152043781E0));
#10204=CARTESIAN_POINT('',(-4.234977084097E0,-3.661966751687E0,
-4.004601533104E0));
#10205=CARTESIAN_POINT('',(-4.277231342766E0,-3.620392073967E0,
-4.210999873096E0));
#10206=B_SPLINE_SURFACE_WITH_KNOTS('',3,3,((#10178,#10179,#10180,#10181),
(#10182,#10183,#10184,#10185),(#10186,#10187,#10188,#10189),(#10190,#10191,
#10192,#10193),(#10194,#10195,#10196,#10197),(#10198,#10199,#10200,#10201),(
#10202,#10203,#10204,#10205)),.UNSPECIFIED.,.F.,.F.,.F.,(4,1,1,1,4),(4,4),(
-9.035011898166E-2,2.5E-1,5.E-1,7.5E-1,1.090350118982E0),(6.520344668989E0,
7.142691933436E0),.UNSPECIFIED.);
#10207=ORIENTED_EDGE('',*,*,#9812,.F.);
#10208=ORIENTED_EDGE('',*,*,#10071,.T.);
#10210=ORIENTED_EDGE('',*,*,#10209,.T.);
#10211=ORIENTED_EDGE('',*,*,#10145,.F.);
#10212=EDGE_LOOP('',(#10207,#10208,#10210,#10211));
#10213=FACE_OUTER_BOUND('',#10212,.F.);
#10214=ADVANCED_FACE('',(#10213),#10206,.T.);
#10215=CARTESIAN_POINT('',(-4.375E0,-3.475E0,-4.2E0));
#10216=DIRECTION('',(0.E0,0.E0,-1.E0));
#10217=DIRECTION('',(0.E0,1.E0,0.E0));
#10218=AXIS2_PLACEMENT_3D('',#10215,#10216,#10217);
#10219=PLANE('',#10218);
#10220=ORIENTED_EDGE('',*,*,#10147,.F.);
#10221=ORIENTED_EDGE('',*,*,#10209,.F.);
#10222=ORIENTED_EDGE('',*,*,#10069,.F.);
#10223=ORIENTED_EDGE('',*,*,#10108,.F.);
#10224=EDGE_LOOP('',(#10220,#10221,#10222,#10223));
#10225=FACE_OUTER_BOUND('',#10224,.F.);
#10226=ADVANCED_FACE('',(#10225),#10219,.T.);
#10227=CARTESIAN_POINT('',(-3.45E0,-3.825E0,-1.6E0));
#10228=DIRECTION('',(-8.320502943378E-1,5.547001962252E-1,0.E0));
#10229=DIRECTION('',(5.547001962252E-1,8.320502943378E-1,0.E0));
#10230=AXIS2_PLACEMENT_3D('',#10227,#10228,#10229);
#10231=PLANE('',#10230);
#10232=ORIENTED_EDGE('',*,*,#7185,.T.);
#10234=ORIENTED_EDGE('',*,*,#10233,.F.);
#10235=ORIENTED_EDGE('',*,*,#8729,.F.);
#10236=ORIENTED_EDGE('',*,*,#8226,.T.);
#10237=EDGE_LOOP('',(#10232,#10234,#10235,#10236));
#10238=FACE_OUTER_BOUND('',#10237,.F.);
#10239=ADVANCED_FACE('',(#10238),#10231,.F.);
#10240=CARTESIAN_POINT('',(-3.35E0,-3.675E0,-1.6E0));
#10241=DIRECTION('',(-9.778024140774E-1,2.095290887309E-1,0.E0));
#10242=DIRECTION('',(2.095290887309E-1,9.778024140774E-1,0.E0));
#10243=AXIS2_PLACEMENT_3D('',#10240,#10241,#10242);
#10244=PLANE('',#10243);
#10246=ORIENTED_EDGE('',*,*,#10245,.T.);
#10247=ORIENTED_EDGE('',*,*,#8731,.F.);
#10248=ORIENTED_EDGE('',*,*,#10233,.T.);
#10249=ORIENTED_EDGE('',*,*,#7183,.T.);
#10250=EDGE_LOOP('',(#10246,#10247,#10248,#10249));
#10251=FACE_OUTER_BOUND('',#10250,.F.);
#10252=ADVANCED_FACE('',(#10251),#10244,.F.);
#10253=CARTESIAN_POINT('',(-3.285E0,-1.05E0,-4.75E-1));
#10254=DIRECTION('',(1.E0,0.E0,0.E0));
#10255=DIRECTION('',(0.E0,1.E0,0.E0));
#10256=AXIS2_PLACEMENT_3D('',#10253,#10254,#10255);
#10257=PLANE('',#10256);
#10258=ORIENTED_EDGE('',*,*,#6633,.F.);
#10260=ORIENTED_EDGE('',*,*,#10259,.F.);
#10262=ORIENTED_EDGE('',*,*,#10261,.F.);
#10264=ORIENTED_EDGE('',*,*,#10263,.T.);
#10265=EDGE_LOOP('',(#10258,#10260,#10262,#10264));
#10266=FACE_OUTER_BOUND('',#10265,.F.);
#10267=ADVANCED_FACE('',(#10266),#10257,.F.);
#10268=CARTESIAN_POINT('',(-3.285E0,-1.05E0,-4.75E-1));
#10269=DIRECTION('',(1.E0,0.E0,0.E0));
#10270=DIRECTION('',(0.E0,1.E0,0.E0));
#10271=AXIS2_PLACEMENT_3D('',#10268,#10269,#10270);
#10272=PLANE('',#10271);
#10273=ORIENTED_EDGE('',*,*,#7181,.F.);
#10274=ORIENTED_EDGE('',*,*,#7424,.T.);
#10276=ORIENTED_EDGE('',*,*,#10275,.T.);
#10278=ORIENTED_EDGE('',*,*,#10277,.T.);
#10280=ORIENTED_EDGE('',*,*,#10279,.T.);
#10282=ORIENTED_EDGE('',*,*,#10281,.F.);
#10283=ORIENTED_EDGE('',*,*,#8733,.F.);
#10284=ORIENTED_EDGE('',*,*,#10245,.F.);
#10285=EDGE_LOOP('',(#10273,#10274,#10276,#10278,#10280,#10282,#10283,#10284));
#10286=FACE_OUTER_BOUND('',#10285,.F.);
#10287=ADVANCED_FACE('',(#10286),#10272,.F.);
#10288=CARTESIAN_POINT('',(-3.125E0,-1.05E0,-7.75E-1));
#10289=DIRECTION('',(0.E0,0.E0,1.E0));
#10290=DIRECTION('',(1.E0,0.E0,0.E0));
#10291=AXIS2_PLACEMENT_3D('',#10288,#10289,#10290);
#10292=PLANE('',#10291);
#10293=ORIENTED_EDGE('',*,*,#6631,.T.);
#10295=ORIENTED_EDGE('',*,*,#10294,.F.);
#10297=ORIENTED_EDGE('',*,*,#10296,.F.);
#10298=ORIENTED_EDGE('',*,*,#10259,.T.);
#10299=EDGE_LOOP('',(#10293,#10295,#10297,#10298));
#10300=FACE_OUTER_BOUND('',#10299,.F.);
#10301=ADVANCED_FACE('',(#10300),#10292,.F.);
#10302=CARTESIAN_POINT('',(-2.965E0,-1.05E0,-4.75E-1));
#10303=DIRECTION('',(1.E0,0.E0,0.E0));
#10304=DIRECTION('',(0.E0,1.E0,0.E0));
#10305=AXIS2_PLACEMENT_3D('',#10302,#10303,#10304);
#10306=PLANE('',#10305);
#10307=ORIENTED_EDGE('',*,*,#6629,.T.);
#10309=ORIENTED_EDGE('',*,*,#10308,.F.);
#10311=ORIENTED_EDGE('',*,*,#10310,.F.);
#10312=ORIENTED_EDGE('',*,*,#10294,.T.);
#10313=EDGE_LOOP('',(#10307,#10309,#10311,#10312));
#10314=FACE_OUTER_BOUND('',#10313,.F.);
#10315=ADVANCED_FACE('',(#10314),#10306,.T.);
#10316=CARTESIAN_POINT('',(-2.965E0,-1.05E0,-4.75E-1));
#10317=DIRECTION('',(1.E0,0.E0,0.E0));
#10318=DIRECTION('',(0.E0,1.E0,0.E0));
#10319=AXIS2_PLACEMENT_3D('',#10316,#10317,#10318);
#10320=PLANE('',#10319);
#10321=ORIENTED_EDGE('',*,*,#7153,.T.);
#10323=ORIENTED_EDGE('',*,*,#10322,.T.);
#10324=ORIENTED_EDGE('',*,*,#8737,.T.);
#10326=ORIENTED_EDGE('',*,*,#10325,.T.);
#10328=ORIENTED_EDGE('',*,*,#10327,.T.);
#10330=ORIENTED_EDGE('',*,*,#10329,.F.);
#10332=ORIENTED_EDGE('',*,*,#10331,.F.);
#10333=ORIENTED_EDGE('',*,*,#7420,.F.);
#10334=EDGE_LOOP('',(#10321,#10323,#10324,#10326,#10328,#10330,#10332,#10333));
#10335=FACE_OUTER_BOUND('',#10334,.F.);
#10336=ADVANCED_FACE('',(#10335),#10320,.T.);
#10337=CARTESIAN_POINT('',(-3.125E0,-1.05E0,-1.75E-1));
#10338=DIRECTION('',(0.E0,0.E0,1.E0));
#10339=DIRECTION('',(1.E0,0.E0,0.E0));
#10340=AXIS2_PLACEMENT_3D('',#10337,#10338,#10339);
#10341=PLANE('',#10340);
#10342=ORIENTED_EDGE('',*,*,#6627,.F.);
#10343=ORIENTED_EDGE('',*,*,#10263,.F.);
#10345=ORIENTED_EDGE('',*,*,#10344,.F.);
#10346=ORIENTED_EDGE('',*,*,#10308,.T.);
#10347=EDGE_LOOP('',(#10342,#10343,#10345,#10346));
#10348=FACE_OUTER_BOUND('',#10347,.F.);
#10349=ADVANCED_FACE('',(#10348),#10341,.T.);
#10350=CARTESIAN_POINT('',(-3.006214494778E0,2.849644625731E-1,
-2.801691289908E-1));
#10351=CARTESIAN_POINT('',(-2.953218467649E0,1.478824537169E-1,
-2.081171738982E-1));
#10352=CARTESIAN_POINT('',(-2.927453345184E0,7.355263786409E-3,
-1.730876151291E-1));
#10353=CARTESIAN_POINT('',(-2.928919127382E0,-1.366171072182E-1,
-1.750804526836E-1));
#10354=CARTESIAN_POINT('',(-3.029659909418E0,2.849972516309E-1,
-2.801691289908E-1));
#10355=CARTESIAN_POINT('',(-2.987124029156E0,1.474526542508E-1,
-2.081171738982E-1));
#10356=CARTESIAN_POINT('',(-2.966444324969E0,6.926716110621E-3,
-1.730876151291E-1));
#10357=CARTESIAN_POINT('',(-2.967620796856E0,-1.365805627896E-1,
-1.750804526836E-1));
#10358=CARTESIAN_POINT('',(-3.069255077825E0,2.850365920376E-1,
-2.801691289908E-1));
#10359=CARTESIAN_POINT('',(-3.044384539940E0,1.469369796038E-1,
-2.081171738982E-1));
#10360=CARTESIAN_POINT('',(-3.032293209908E0,6.412543365280E-3,
-1.730876151291E-1));
#10361=CARTESIAN_POINT('',(-3.032981087729E0,-1.365367166780E-1,
-1.750804526836E-1));
#10362=CARTESIAN_POINT('',(-3.125E0,2.850528401679E-1,-2.801691289908E-1));
#10363=CARTESIAN_POINT('',(-3.125E0,1.467239988652E-1,-2.081171738982E-1));
#10364=CARTESIAN_POINT('',(-3.125E0,6.200182932703E-3,-1.730876151291E-1));
#10365=CARTESIAN_POINT('',(-3.125E0,-1.365186076295E-1,-1.750804526836E-1));
#10366=CARTESIAN_POINT('',(-3.180744922175E0,2.850365920376E-1,
-2.801691289908E-1));
#10367=CARTESIAN_POINT('',(-3.205615460060E0,1.469369796038E-1,
-2.081171738982E-1));
#10368=CARTESIAN_POINT('',(-3.217706790092E0,6.412543365280E-3,
-1.730876151291E-1));
#10369=CARTESIAN_POINT('',(-3.217018912271E0,-1.365367166780E-1,
-1.750804526836E-1));
#10370=CARTESIAN_POINT('',(-3.220340090582E0,2.849972516309E-1,
-2.801691289908E-1));
#10371=CARTESIAN_POINT('',(-3.262875970844E0,1.474526542508E-1,
-2.081171738982E-1));
#10372=CARTESIAN_POINT('',(-3.283555675031E0,6.926716110621E-3,
-1.730876151291E-1));
#10373=CARTESIAN_POINT('',(-3.282379203144E0,-1.365805627896E-1,
-1.750804526836E-1));
#10374=CARTESIAN_POINT('',(-3.243785505222E0,2.849644625731E-1,
-2.801691289908E-1));
#10375=CARTESIAN_POINT('',(-3.296781532351E0,1.478824537169E-1,
-2.081171738982E-1));
#10376=CARTESIAN_POINT('',(-3.322546654816E0,7.355263786409E-3,
-1.730876151291E-1));
#10377=CARTESIAN_POINT('',(-3.321080872618E0,-1.366171072182E-1,
-1.750804526836E-1));
#10378=B_SPLINE_SURFACE_WITH_KNOTS('',3,3,((#10350,#10351,#10352,#10353),
(#10354,#10355,#10356,#10357),(#10358,#10359,#10360,#10361),(#10362,#10363,
#10364,#10365),(#10366,#10367,#10368,#10369),(#10370,#10371,#10372,#10373),(
#10374,#10375,#10376,#10377)),.UNSPECIFIED.,.F.,.F.,.F.,(4,1,1,1,4),(4,4),(
-1.129376487271E-1,2.5E-1,5.E-1,7.5E-1,1.112937648727E0),(-1.020800380456E-2,
4.113456729120E-1),.UNSPECIFIED.);
#10380=ORIENTED_EDGE('',*,*,#10379,.F.);
#10382=ORIENTED_EDGE('',*,*,#10381,.T.);
#10383=ORIENTED_EDGE('',*,*,#10344,.T.);
#10385=ORIENTED_EDGE('',*,*,#10384,.F.);
#10386=EDGE_LOOP('',(#10380,#10382,#10383,#10385));
#10387=FACE_OUTER_BOUND('',#10386,.F.);
#10388=ADVANCED_FACE('',(#10387),#10378,.T.);
#10389=CARTESIAN_POINT('',(-3.125E0,2.75E-1,-4.75E-1));
#10390=DIRECTION('',(0.E0,-1.E0,0.E0));
#10391=DIRECTION('',(0.E0,0.E0,-1.E0));
#10392=AXIS2_PLACEMENT_3D('',#10389,#10390,#10391);
#10393=PLANE('',#10392);
#10394=ORIENTED_EDGE('',*,*,#10379,.T.);
#10396=ORIENTED_EDGE('',*,*,#10395,.T.);
#10398=ORIENTED_EDGE('',*,*,#10397,.T.);
#10400=ORIENTED_EDGE('',*,*,#10399,.T.);
#10401=EDGE_LOOP('',(#10394,#10396,#10398,#10400));
#10402=FACE_OUTER_BOUND('',#10401,.F.);
#10403=ADVANCED_FACE('',(#10402),#10393,.F.);
#10404=CARTESIAN_POINT('',(-3.221898522606E0,2.849555100070E-1,
-2.581653885196E-1));
#10405=CARTESIAN_POINT('',(-3.265118127069E0,1.480364532166E-1,
-1.779975135696E-1));
#10406=CARTESIAN_POINT('',(-3.286136180707E0,7.547482004589E-3,
-1.390112082402E-1));
#10407=CARTESIAN_POINT('',(-3.284952683522E0,-1.365114036291E-1,
-1.412064725315E-1));
#10408=CARTESIAN_POINT('',(-3.221898522606E0,2.850254352060E-1,
-2.979717805115E-1));
#10409=CARTESIAN_POINT('',(-3.265118127069E0,1.471201366365E-1,
-2.325210848607E-1));
#10410=CARTESIAN_POINT('',(-3.286136180707E0,6.633569618650E-3,
-2.006918664081E-1));
#10411=CARTESIAN_POINT('',(-3.284952683522E0,-1.364342658475E-1,
-2.024841251538E-1));
#10412=CARTESIAN_POINT('',(-3.221898522606E0,2.851194487553E-1,
-3.702499843383E-1));
#10413=CARTESIAN_POINT('',(-3.265118127069E0,1.458881605359E-1,
-3.315219136708E-1));
#10414=CARTESIAN_POINT('',(-3.286136180707E0,5.404825926915E-3,
-3.126881303280E-1));
#10415=CARTESIAN_POINT('',(-3.284952683522E0,-1.363305550716E-1,
-3.137486343099E-1));
#10416=CARTESIAN_POINT('',(-3.221898522606E0,2.851631586143E-1,-4.75E-1));
#10417=CARTESIAN_POINT('',(-3.265118127069E0,1.453153760585E-1,-4.75E-1));
#10418=CARTESIAN_POINT('',(-3.286136180707E0,4.833544298195E-3,-4.75E-1));
#10419=CARTESIAN_POINT('',(-3.284952683522E0,-1.362823366666E-1,-4.75E-1));
#10420=CARTESIAN_POINT('',(-3.221898522606E0,2.851194487553E-1,
-5.797500156617E-1));
#10421=CARTESIAN_POINT('',(-3.265118127069E0,1.458881605359E-1,
-6.184780863292E-1));
#10422=CARTESIAN_POINT('',(-3.286136180707E0,5.404825926915E-3,
-6.373118696720E-1));
#10423=CARTESIAN_POINT('',(-3.284952683522E0,-1.363305550716E-1,
-6.362513656901E-1));
#10424=CARTESIAN_POINT('',(-3.221898522606E0,2.850254352060E-1,
-6.520282194885E-1));
#10425=CARTESIAN_POINT('',(-3.265118127069E0,1.471201366365E-1,
-7.174789151393E-1));
#10426=CARTESIAN_POINT('',(-3.286136180707E0,6.633569618650E-3,
-7.493081335919E-1));
#10427=CARTESIAN_POINT('',(-3.284952683522E0,-1.364342658475E-1,
-7.475158748462E-1));
#10428=CARTESIAN_POINT('',(-3.221898522606E0,2.849555100070E-1,
-6.918346114804E-1));
#10429=CARTESIAN_POINT('',(-3.265118127069E0,1.480364532166E-1,
-7.720024864304E-1));
#10430=CARTESIAN_POINT('',(-3.286136180707E0,7.547482004589E-3,
-8.109887917598E-1));
#10431=CARTESIAN_POINT('',(-3.284952683522E0,-1.365114036291E-1,
-8.087935274685E-1));
#10432=B_SPLINE_SURFACE_WITH_KNOTS('',3,3,((#10404,#10405,#10406,#10407),
(#10408,#10409,#10410,#10411),(#10412,#10413,#10414,#10415),(#10416,#10417,
#10418,#10419),(#10420,#10421,#10422,#10423),(#10424,#10425,#10426,#10427),(
#10428,#10429,#10430,#10431)),.UNSPECIFIED.,.F.,.F.,.F.,(4,1,1,1,4),(4,4),(
-5.646882436354E-2,2.5E-1,5.E-1,7.5E-1,1.056468824364E0),(-1.020800380456E-2,
4.112328658242E-1),.UNSPECIFIED.);
#10433=ORIENTED_EDGE('',*,*,#10395,.F.);
#10434=ORIENTED_EDGE('',*,*,#10384,.T.);
#10435=ORIENTED_EDGE('',*,*,#10261,.T.);
#10437=ORIENTED_EDGE('',*,*,#10436,.F.);
#10438=EDGE_LOOP('',(#10433,#10434,#10435,#10437));
#10439=FACE_OUTER_BOUND('',#10438,.F.);
#10440=ADVANCED_FACE('',(#10439),#10432,.T.);
#10441=CARTESIAN_POINT('',(-3.243785505222E0,2.849644625731E-1,
-6.698308710092E-1));
#10442=CARTESIAN_POINT('',(-3.296781532351E0,1.478824537169E-1,
-7.418828261018E-1));
#10443=CARTESIAN_POINT('',(-3.322546654816E0,7.355263786409E-3,
-7.769123848709E-1));
#10444=CARTESIAN_POINT('',(-3.321080872618E0,-1.366171072182E-1,
-7.749195473164E-1));
#10445=CARTESIAN_POINT('',(-3.220340090582E0,2.849972516309E-1,
-6.698308710092E-1));
#10446=CARTESIAN_POINT('',(-3.262875970844E0,1.474526542508E-1,
-7.418828261018E-1));
#10447=CARTESIAN_POINT('',(-3.283555675031E0,6.926716110621E-3,
-7.769123848709E-1));
#10448=CARTESIAN_POINT('',(-3.282379203144E0,-1.365805627896E-1,
-7.749195473164E-1));
#10449=CARTESIAN_POINT('',(-3.180744922175E0,2.850365920376E-1,
-6.698308710092E-1));
#10450=CARTESIAN_POINT('',(-3.205615460060E0,1.469369796038E-1,
-7.418828261018E-1));
#10451=CARTESIAN_POINT('',(-3.217706790092E0,6.412543365280E-3,
-7.769123848709E-1));
#10452=CARTESIAN_POINT('',(-3.217018912271E0,-1.365367166780E-1,
-7.749195473164E-1));
#10453=CARTESIAN_POINT('',(-3.125E0,2.850528401679E-1,-6.698308710092E-1));
#10454=CARTESIAN_POINT('',(-3.125E0,1.467239988652E-1,-7.418828261018E-1));
#10455=CARTESIAN_POINT('',(-3.125E0,6.200182932703E-3,-7.769123848709E-1));
#10456=CARTESIAN_POINT('',(-3.125E0,-1.365186076295E-1,-7.749195473164E-1));
#10457=CARTESIAN_POINT('',(-3.069255077825E0,2.850365920376E-1,
-6.698308710092E-1));
#10458=CARTESIAN_POINT('',(-3.044384539940E0,1.469369796038E-1,
-7.418828261018E-1));
#10459=CARTESIAN_POINT('',(-3.032293209908E0,6.412543365280E-3,
-7.769123848709E-1));
#10460=CARTESIAN_POINT('',(-3.032981087729E0,-1.365367166780E-1,
-7.749195473164E-1));
#10461=CARTESIAN_POINT('',(-3.029659909418E0,2.849972516309E-1,
-6.698308710092E-1));
#10462=CARTESIAN_POINT('',(-2.987124029156E0,1.474526542508E-1,
-7.418828261018E-1));
#10463=CARTESIAN_POINT('',(-2.966444324969E0,6.926716110621E-3,
-7.769123848709E-1));
#10464=CARTESIAN_POINT('',(-2.967620796856E0,-1.365805627896E-1,
-7.749195473164E-1));
#10465=CARTESIAN_POINT('',(-3.006214494778E0,2.849644625731E-1,
-6.698308710092E-1));
#10466=CARTESIAN_POINT('',(-2.953218467649E0,1.478824537169E-1,
-7.418828261018E-1));
#10467=CARTESIAN_POINT('',(-2.927453345184E0,7.355263786409E-3,
-7.769123848709E-1));
#10468=CARTESIAN_POINT('',(-2.928919127382E0,-1.366171072182E-1,
-7.749195473164E-1));
#10469=B_SPLINE_SURFACE_WITH_KNOTS('',3,3,((#10441,#10442,#10443,#10444),
(#10445,#10446,#10447,#10448),(#10449,#10450,#10451,#10452),(#10453,#10454,
#10455,#10456),(#10457,#10458,#10459,#10460),(#10461,#10462,#10463,#10464),(
#10465,#10466,#10467,#10468)),.UNSPECIFIED.,.F.,.F.,.F.,(4,1,1,1,4),(4,4),(
-1.129376487271E-1,2.5E-1,5.E-1,7.5E-1,1.112937648727E0),(-1.020800380456E-2,
4.113456729120E-1),.UNSPECIFIED.);
#10470=ORIENTED_EDGE('',*,*,#10397,.F.);
#10471=ORIENTED_EDGE('',*,*,#10436,.T.);
#10472=ORIENTED_EDGE('',*,*,#10296,.T.);
#10474=ORIENTED_EDGE('',*,*,#10473,.F.);
#10475=EDGE_LOOP('',(#10470,#10471,#10472,#10474));
#10476=FACE_OUTER_BOUND('',#10475,.F.);
#10477=ADVANCED_FACE('',(#10476),#10469,.T.);
#10478=CARTESIAN_POINT('',(-3.028101477394E0,2.849555100070E-1,
-6.918346114804E-1));
#10479=CARTESIAN_POINT('',(-2.984881872931E0,1.480364532166E-1,
-7.720024864304E-1));
#10480=CARTESIAN_POINT('',(-2.963863819293E0,7.547482004589E-3,
-8.109887917598E-1));
#10481=CARTESIAN_POINT('',(-2.965047316478E0,-1.365114036291E-1,
-8.087935274685E-1));
#10482=CARTESIAN_POINT('',(-3.028101477394E0,2.850254352060E-1,
-6.520282194885E-1));
#10483=CARTESIAN_POINT('',(-2.984881872931E0,1.471201366365E-1,
-7.174789151393E-1));
#10484=CARTESIAN_POINT('',(-2.963863819293E0,6.633569618650E-3,
-7.493081335919E-1));
#10485=CARTESIAN_POINT('',(-2.965047316478E0,-1.364342658475E-1,
-7.475158748462E-1));
#10486=CARTESIAN_POINT('',(-3.028101477394E0,2.851194487553E-1,
-5.797500156617E-1));
#10487=CARTESIAN_POINT('',(-2.984881872931E0,1.458881605359E-1,
-6.184780863292E-1));
#10488=CARTESIAN_POINT('',(-2.963863819293E0,5.404825926915E-3,
-6.373118696720E-1));
#10489=CARTESIAN_POINT('',(-2.965047316478E0,-1.363305550716E-1,
-6.362513656901E-1));
#10490=CARTESIAN_POINT('',(-3.028101477394E0,2.851631586143E-1,-4.75E-1));
#10491=CARTESIAN_POINT('',(-2.984881872931E0,1.453153760585E-1,-4.75E-1));
#10492=CARTESIAN_POINT('',(-2.963863819293E0,4.833544298195E-3,-4.75E-1));
#10493=CARTESIAN_POINT('',(-2.965047316478E0,-1.362823366666E-1,-4.75E-1));
#10494=CARTESIAN_POINT('',(-3.028101477394E0,2.851194487553E-1,
-3.702499843383E-1));
#10495=CARTESIAN_POINT('',(-2.984881872931E0,1.458881605359E-1,
-3.315219136708E-1));
#10496=CARTESIAN_POINT('',(-2.963863819293E0,5.404825926915E-3,
-3.126881303280E-1));
#10497=CARTESIAN_POINT('',(-2.965047316478E0,-1.363305550716E-1,
-3.137486343099E-1));
#10498=CARTESIAN_POINT('',(-3.028101477394E0,2.850254352060E-1,
-2.979717805115E-1));
#10499=CARTESIAN_POINT('',(-2.984881872931E0,1.471201366365E-1,
-2.325210848607E-1));
#10500=CARTESIAN_POINT('',(-2.963863819293E0,6.633569618650E-3,
-2.006918664081E-1));
#10501=CARTESIAN_POINT('',(-2.965047316478E0,-1.364342658475E-1,
-2.024841251538E-1));
#10502=CARTESIAN_POINT('',(-3.028101477394E0,2.849555100070E-1,
-2.581653885196E-1));
#10503=CARTESIAN_POINT('',(-2.984881872931E0,1.480364532166E-1,
-1.779975135696E-1));
#10504=CARTESIAN_POINT('',(-2.963863819293E0,7.547482004589E-3,
-1.390112082402E-1));
#10505=CARTESIAN_POINT('',(-2.965047316478E0,-1.365114036291E-1,
-1.412064725315E-1));
#10506=B_SPLINE_SURFACE_WITH_KNOTS('',3,3,((#10478,#10479,#10480,#10481),
(#10482,#10483,#10484,#10485),(#10486,#10487,#10488,#10489),(#10490,#10491,
#10492,#10493),(#10494,#10495,#10496,#10497),(#10498,#10499,#10500,#10501),(
#10502,#10503,#10504,#10505)),.UNSPECIFIED.,.F.,.F.,.F.,(4,1,1,1,4),(4,4),(
-5.646882436354E-2,2.5E-1,5.E-1,7.5E-1,1.056468824364E0),(-1.020800380456E-2,
4.112328658242E-1),.UNSPECIFIED.);
#10507=ORIENTED_EDGE('',*,*,#10399,.F.);
#10508=ORIENTED_EDGE('',*,*,#10473,.T.);
#10509=ORIENTED_EDGE('',*,*,#10310,.T.);
#10510=ORIENTED_EDGE('',*,*,#10381,.F.);
#10511=EDGE_LOOP('',(#10507,#10508,#10509,#10510));
#10512=FACE_OUTER_BOUND('',#10511,.F.);
#10513=ADVANCED_FACE('',(#10512),#10506,.T.);
#10514=CARTESIAN_POINT('',(-2.975E0,-3.325E0,-1.6E0));
#10515=DIRECTION('',(9.778024140774E-1,2.095290887309E-1,0.E0));
#10516=DIRECTION('',(2.095290887309E-1,-9.778024140774E-1,0.E0));
#10517=AXIS2_PLACEMENT_3D('',#10514,#10515,#10516);
#10518=PLANE('',#10517);
#10519=ORIENTED_EDGE('',*,*,#10322,.F.);
#10520=ORIENTED_EDGE('',*,*,#7167,.T.);
#10522=ORIENTED_EDGE('',*,*,#10521,.F.);
#10523=ORIENTED_EDGE('',*,*,#8739,.F.);
#10524=EDGE_LOOP('',(#10519,#10520,#10522,#10523));
#10525=FACE_OUTER_BOUND('',#10524,.F.);
#10526=ADVANCED_FACE('',(#10525),#10518,.F.);
#10527=CARTESIAN_POINT('',(-2.9E0,-3.675E0,-1.6E0));
#10528=DIRECTION('',(8.320502943378E-1,5.547001962252E-1,0.E0));
#10529=DIRECTION('',(5.547001962252E-1,-8.320502943378E-1,0.E0));
#10530=AXIS2_PLACEMENT_3D('',#10527,#10528,#10529);
#10531=PLANE('',#10530);
#10532=ORIENTED_EDGE('',*,*,#7165,.T.);
#10533=ORIENTED_EDGE('',*,*,#8245,.F.);
#10534=ORIENTED_EDGE('',*,*,#8741,.F.);
#10535=ORIENTED_EDGE('',*,*,#10521,.T.);
#10536=EDGE_LOOP('',(#10532,#10533,#10534,#10535));
#10537=FACE_OUTER_BOUND('',#10536,.F.);
#10538=ADVANCED_FACE('',(#10537),#10531,.F.);
#10539=CARTESIAN_POINT('',(-3.125E0,-3.3E0,-2.4375E0));
#10540=DIRECTION('',(0.E0,1.E0,0.E0));
#10541=DIRECTION('',(1.E0,0.E0,0.E0));
#10542=AXIS2_PLACEMENT_3D('',#10539,#10540,#10541);
#10543=PLANE('',#10542);
#10544=ORIENTED_EDGE('',*,*,#8735,.F.);
#10545=ORIENTED_EDGE('',*,*,#10281,.T.);
#10547=ORIENTED_EDGE('',*,*,#10546,.T.);
#10548=ORIENTED_EDGE('',*,*,#10325,.F.);
#10549=EDGE_LOOP('',(#10544,#10545,#10547,#10548));
#10550=FACE_OUTER_BOUND('',#10549,.F.);
#10551=ADVANCED_FACE('',(#10550),#10543,.T.);
#10552=CARTESIAN_POINT('',(-3.321114058459E0,-3.300017667059E0,
-3.588658947712E0));
#10553=CARTESIAN_POINT('',(-3.322070096556E0,-3.299367765380E0,
-3.797276576464E0));
#10554=CARTESIAN_POINT('',(-3.296649470993E0,-3.316648360462E0,
-4.004721429401E0));
#10555=CARTESIAN_POINT('',(-3.244852181769E0,-3.351859452305E0,
-4.210993506523E0));
#10556=CARTESIAN_POINT('',(-3.282405838894E0,-3.300017667059E0,
-3.588675758785E0));
#10557=CARTESIAN_POINT('',(-3.283173177961E0,-3.299367765380E0,
-3.796978475845E0));
#10558=CARTESIAN_POINT('',(-3.262769975236E0,-3.316648360462E0,
-4.004423215702E0));
#10559=CARTESIAN_POINT('',(-3.221196230718E0,-3.351859452305E0,
-4.211009978356E0));
#10560=CARTESIAN_POINT('',(-3.217034486075E0,-3.300017667059E0,
-3.588695830628E0));
#10561=CARTESIAN_POINT('',(-3.217483145776E0,-3.299367765380E0,
-3.796622553967E0));
#10562=CARTESIAN_POINT('',(-3.205553484905E0,-3.316648360462E0,
-4.004067158810E0));
#10563=CARTESIAN_POINT('',(-3.181245503462E0,-3.351859452305E0,
-4.211029645157E0));
#10564=CARTESIAN_POINT('',(-3.125E0,-3.300017667059E0,-3.588704065939E0));
#10565=CARTESIAN_POINT('',(-3.125E0,-3.299367765380E0,-3.796476522150E0));
#10566=CARTESIAN_POINT('',(-3.125E0,-3.316648360462E0,-4.003921071598E0));
#10567=CARTESIAN_POINT('',(-3.125E0,-3.351859452305E0,-4.211037714284E0));
#10568=CARTESIAN_POINT('',(-3.032965513925E0,-3.300017667059E0,
-3.588695830628E0));
#10569=CARTESIAN_POINT('',(-3.032516854224E0,-3.299367765380E0,
-3.796622553967E0));
#10570=CARTESIAN_POINT('',(-3.044446515095E0,-3.316648360462E0,
-4.004067158810E0));
#10571=CARTESIAN_POINT('',(-3.068754496538E0,-3.351859452305E0,
-4.211029645157E0));
#10572=CARTESIAN_POINT('',(-2.967594161106E0,-3.300017667059E0,
-3.588675758785E0));
#10573=CARTESIAN_POINT('',(-2.966826822039E0,-3.299367765380E0,
-3.796978475845E0));
#10574=CARTESIAN_POINT('',(-2.987230024764E0,-3.316648360462E0,
-4.004423215702E0));
#10575=CARTESIAN_POINT('',(-3.028803769282E0,-3.351859452305E0,
-4.211009978356E0));
#10576=CARTESIAN_POINT('',(-2.928885941541E0,-3.300017667059E0,
-3.588658947712E0));
#10577=CARTESIAN_POINT('',(-2.927929903444E0,-3.299367765380E0,
-3.797276576464E0));
#10578=CARTESIAN_POINT('',(-2.953350529007E0,-3.316648360462E0,
-4.004721429401E0));
#10579=CARTESIAN_POINT('',(-3.005147818231E0,-3.351859452305E0,
-4.210993506523E0));
#10580=B_SPLINE_SURFACE_WITH_KNOTS('',3,3,((#10552,#10553,#10554,#10555),
(#10556,#10557,#10558,#10559),(#10560,#10561,#10562,#10563),(#10564,#10565,
#10566,#10567),(#10568,#10569,#10570,#10571),(#10572,#10573,#10574,#10575),(
#10576,#10577,#10578,#10579)),.UNSPECIFIED.,.F.,.F.,.F.,(4,1,1,1,4),(4,4),(
-1.129376487271E-1,2.5E-1,5.E-1,7.5E-1,1.112937648727E0),(6.520358638458E0,
7.142691933436E0),.UNSPECIFIED.);
#10581=ORIENTED_EDGE('',*,*,#10546,.F.);
#10583=ORIENTED_EDGE('',*,*,#10582,.T.);
#10585=ORIENTED_EDGE('',*,*,#10584,.T.);
#10587=ORIENTED_EDGE('',*,*,#10586,.F.);
#10588=EDGE_LOOP('',(#10581,#10583,#10585,#10587));
#10589=FACE_OUTER_BOUND('',#10588,.F.);
#10590=ADVANCED_FACE('',(#10589),#10580,.T.);
#10591=CARTESIAN_POINT('',(-3.284978746979E0,-3.681601630438E0,
-3.588651405128E0));
#10592=CARTESIAN_POINT('',(-3.285759612484E0,-3.682369937178E0,
-3.797152043781E0));
#10593=CARTESIAN_POINT('',(-3.265022915903E0,-3.661966751687E0,
-4.004601533104E0));
#10594=CARTESIAN_POINT('',(-3.222768657234E0,-3.620392073967E0,
-4.210999873096E0));
#10595=CARTESIAN_POINT('',(-3.284978746979E0,-3.641898135150E0,
-3.588661968774E0));
#10596=CARTESIAN_POINT('',(-3.285759612484E0,-3.642518793186E0,
-3.796964961016E0));
#10597=CARTESIAN_POINT('',(-3.265022915903E0,-3.626036572778E0,
-4.004414374936E0));
#10598=CARTESIAN_POINT('',(-3.222768657234E0,-3.592451473927E0,
-4.211010210532E0));
#10599=CARTESIAN_POINT('',(-3.284978746979E0,-3.573030925004E0,
-3.588675046192E0));
#10600=CARTESIAN_POINT('',(-3.285759612484E0,-3.573395480793E0,
-3.796733359208E0));
#10601=CARTESIAN_POINT('',(-3.265022915903E0,-3.563714322216E0,
-4.004182679780E0));
#10602=CARTESIAN_POINT('',(-3.222768657234E0,-3.543987449271E0,
-4.211023007910E0));
#10603=CARTESIAN_POINT('',(-3.284978746979E0,-3.475E0,-3.588680606705E0));
#10604=CARTESIAN_POINT('',(-3.285759612484E0,-3.475E0,-3.796634882221E0));
#10605=CARTESIAN_POINT('',(-3.265022915903E0,-3.475E0,-4.004084163103E0));
#10606=CARTESIAN_POINT('',(-3.222768657234E0,-3.475E0,-4.211028449350E0));
#10607=CARTESIAN_POINT('',(-3.284978746979E0,-3.376969074996E0,
-3.588675046192E0));
#10608=CARTESIAN_POINT('',(-3.285759612484E0,-3.376604519207E0,
-3.796733359208E0));
#10609=CARTESIAN_POINT('',(-3.265022915903E0,-3.386285677784E0,
-4.004182679780E0));
#10610=CARTESIAN_POINT('',(-3.222768657234E0,-3.406012550729E0,
-4.211023007910E0));
#10611=CARTESIAN_POINT('',(-3.284978746979E0,-3.308101864850E0,
-3.588661968774E0));
#10612=CARTESIAN_POINT('',(-3.285759612484E0,-3.307481206814E0,
-3.796964961016E0));
#10613=CARTESIAN_POINT('',(-3.265022915903E0,-3.323963427222E0,
-4.004414374936E0));
#10614=CARTESIAN_POINT('',(-3.222768657234E0,-3.357548526073E0,
-4.211010210532E0));
#10615=CARTESIAN_POINT('',(-3.284978746979E0,-3.268398369562E0,
-3.588651405128E0));
#10616=CARTESIAN_POINT('',(-3.285759612484E0,-3.267630062822E0,
-3.797152043781E0));
#10617=CARTESIAN_POINT('',(-3.265022915903E0,-3.288033248313E0,
-4.004601533104E0));
#10618=CARTESIAN_POINT('',(-3.222768657234E0,-3.329607926033E0,
-4.210999873096E0));
#10619=B_SPLINE_SURFACE_WITH_KNOTS('',3,3,((#10591,#10592,#10593,#10594),
(#10595,#10596,#10597,#10598),(#10599,#10600,#10601,#10602),(#10603,#10604,
#10605,#10606),(#10607,#10608,#10609,#10610),(#10611,#10612,#10613,#10614),(
#10615,#10616,#10617,#10618)),.UNSPECIFIED.,.F.,.F.,.F.,(4,1,1,1,4),(4,4),(
-9.035011898166E-2,2.5E-1,5.E-1,7.5E-1,1.090350118982E0),(6.520344668989E0,
7.142691933436E0),.UNSPECIFIED.);
#10620=ORIENTED_EDGE('',*,*,#10279,.F.);
#10622=ORIENTED_EDGE('',*,*,#10621,.T.);
#10624=ORIENTED_EDGE('',*,*,#10623,.T.);
#10625=ORIENTED_EDGE('',*,*,#10582,.F.);
#10626=EDGE_LOOP('',(#10620,#10622,#10624,#10625));
#10627=FACE_OUTER_BOUND('',#10626,.F.);
#10628=ADVANCED_FACE('',(#10627),#10619,.T.);
#10629=CARTESIAN_POINT('',(-2.928885941541E0,-3.649982332941E0,
-3.588658947712E0));
#10630=CARTESIAN_POINT('',(-2.927929903444E0,-3.650632234620E0,
-3.797276576464E0));
#10631=CARTESIAN_POINT('',(-2.953350529007E0,-3.633351639538E0,
-4.004721429401E0));
#10632=CARTESIAN_POINT('',(-3.005147818231E0,-3.598140547695E0,
-4.210993506523E0));
#10633=CARTESIAN_POINT('',(-2.967594161106E0,-3.649982332941E0,
-3.588675758785E0));
#10634=CARTESIAN_POINT('',(-2.966826822039E0,-3.650632234620E0,
-3.796978475845E0));
#10635=CARTESIAN_POINT('',(-2.987230024764E0,-3.633351639538E0,
-4.004423215702E0));
#10636=CARTESIAN_POINT('',(-3.028803769282E0,-3.598140547695E0,
-4.211009978356E0));
#10637=CARTESIAN_POINT('',(-3.032965513925E0,-3.649982332941E0,
-3.588695830628E0));
#10638=CARTESIAN_POINT('',(-3.032516854224E0,-3.650632234620E0,
-3.796622553967E0));
#10639=CARTESIAN_POINT('',(-3.044446515095E0,-3.633351639538E0,
-4.004067158810E0));
#10640=CARTESIAN_POINT('',(-3.068754496538E0,-3.598140547695E0,
-4.211029645157E0));
#10641=CARTESIAN_POINT('',(-3.125E0,-3.649982332941E0,-3.588704065939E0));
#10642=CARTESIAN_POINT('',(-3.125E0,-3.650632234620E0,-3.796476522150E0));
#10643=CARTESIAN_POINT('',(-3.125E0,-3.633351639538E0,-4.003921071598E0));
#10644=CARTESIAN_POINT('',(-3.125E0,-3.598140547695E0,-4.211037714284E0));
#10645=CARTESIAN_POINT('',(-3.217034486075E0,-3.649982332941E0,
-3.588695830628E0));
#10646=CARTESIAN_POINT('',(-3.217483145776E0,-3.650632234620E0,
-3.796622553967E0));
#10647=CARTESIAN_POINT('',(-3.205553484905E0,-3.633351639538E0,
-4.004067158810E0));
#10648=CARTESIAN_POINT('',(-3.181245503462E0,-3.598140547695E0,
-4.211029645157E0));
#10649=CARTESIAN_POINT('',(-3.282405838894E0,-3.649982332941E0,
-3.588675758785E0));
#10650=CARTESIAN_POINT('',(-3.283173177961E0,-3.650632234620E0,
-3.796978475845E0));
#10651=CARTESIAN_POINT('',(-3.262769975236E0,-3.633351639538E0,
-4.004423215702E0));
#10652=CARTESIAN_POINT('',(-3.221196230718E0,-3.598140547695E0,
-4.211009978356E0));
#10653=CARTESIAN_POINT('',(-3.321114058459E0,-3.649982332941E0,
-3.588658947712E0));
#10654=CARTESIAN_POINT('',(-3.322070096556E0,-3.650632234620E0,
-3.797276576464E0));
#10655=CARTESIAN_POINT('',(-3.296649470993E0,-3.633351639538E0,
-4.004721429401E0));
#10656=CARTESIAN_POINT('',(-3.244852181769E0,-3.598140547695E0,
-4.210993506523E0));
#10657=B_SPLINE_SURFACE_WITH_KNOTS('',3,3,((#10629,#10630,#10631,#10632),
(#10633,#10634,#10635,#10636),(#10637,#10638,#10639,#10640),(#10641,#10642,
#10643,#10644),(#10645,#10646,#10647,#10648),(#10649,#10650,#10651,#10652),(
#10653,#10654,#10655,#10656)),.UNSPECIFIED.,.F.,.F.,.F.,(4,1,1,1,4),(4,4),(
-1.129376487271E-1,2.5E-1,5.E-1,7.5E-1,1.112937648727E0),(6.520358638458E0,
7.142691933436E0),.UNSPECIFIED.);
#10659=ORIENTED_EDGE('',*,*,#10658,.F.);
#10661=ORIENTED_EDGE('',*,*,#10660,.T.);
#10663=ORIENTED_EDGE('',*,*,#10662,.T.);
#10664=ORIENTED_EDGE('',*,*,#10621,.F.);
#10665=EDGE_LOOP('',(#10659,#10661,#10663,#10664));
#10666=FACE_OUTER_BOUND('',#10665,.F.);
#10667=ADVANCED_FACE('',(#10666),#10657,.T.);
#10668=CARTESIAN_POINT('',(-3.125E0,-3.65E0,-2.4375E0));
#10669=DIRECTION('',(0.E0,1.E0,0.E0));
#10670=DIRECTION('',(1.E0,0.E0,0.E0));
#10671=AXIS2_PLACEMENT_3D('',#10668,#10669,#10670);
#10672=PLANE('',#10671);
#10674=ORIENTED_EDGE('',*,*,#10673,.F.);
#10675=ORIENTED_EDGE('',*,*,#10329,.T.);
#10676=ORIENTED_EDGE('',*,*,#10658,.T.);
#10677=ORIENTED_EDGE('',*,*,#10277,.F.);
#10678=EDGE_LOOP('',(#10674,#10675,#10676,#10677));
#10679=FACE_OUTER_BOUND('',#10678,.F.);
#10680=ADVANCED_FACE('',(#10679),#10672,.F.);
#10681=CARTESIAN_POINT('',(-3.125E0,-2.675E0,-1.275E0));
#10682=DIRECTION('',(1.E0,0.E0,0.E0));
#10683=DIRECTION('',(0.E0,0.E0,1.E0));
#10684=AXIS2_PLACEMENT_3D('',#10681,#10682,#10683);
#10685=CYLINDRICAL_SURFACE('',#10684,9.75E-1);
#10686=ORIENTED_EDGE('',*,*,#10331,.T.);
#10687=ORIENTED_EDGE('',*,*,#10673,.T.);
#10688=ORIENTED_EDGE('',*,*,#10275,.F.);
#10689=ORIENTED_EDGE('',*,*,#7422,.T.);
#10690=EDGE_LOOP('',(#10686,#10687,#10688,#10689));
#10691=FACE_OUTER_BOUND('',#10690,.F.);
#10692=ADVANCED_FACE('',(#10691),#10685,.T.);
#10693=CARTESIAN_POINT('',(-2.965021253021E0,-3.268398369562E0,
-3.588651405128E0));
#10694=CARTESIAN_POINT('',(-2.964240387516E0,-3.267630062822E0,
-3.797152043781E0));
#10695=CARTESIAN_POINT('',(-2.984977084097E0,-3.288033248313E0,
-4.004601533104E0));
#10696=CARTESIAN_POINT('',(-3.027231342766E0,-3.329607926033E0,
-4.210999873096E0));
#10697=CARTESIAN_POINT('',(-2.965021253021E0,-3.308101864850E0,
-3.588661968774E0));
#10698=CARTESIAN_POINT('',(-2.964240387516E0,-3.307481206814E0,
-3.796964961016E0));
#10699=CARTESIAN_POINT('',(-2.984977084097E0,-3.323963427222E0,
-4.004414374936E0));
#10700=CARTESIAN_POINT('',(-3.027231342766E0,-3.357548526073E0,
-4.211010210532E0));
#10701=CARTESIAN_POINT('',(-2.965021253021E0,-3.376969074996E0,
-3.588675046192E0));
#10702=CARTESIAN_POINT('',(-2.964240387516E0,-3.376604519207E0,
-3.796733359208E0));
#10703=CARTESIAN_POINT('',(-2.984977084097E0,-3.386285677784E0,
-4.004182679780E0));
#10704=CARTESIAN_POINT('',(-3.027231342766E0,-3.406012550729E0,
-4.211023007910E0));
#10705=CARTESIAN_POINT('',(-2.965021253021E0,-3.475E0,-3.588680606705E0));
#10706=CARTESIAN_POINT('',(-2.964240387516E0,-3.475E0,-3.796634882221E0));
#10707=CARTESIAN_POINT('',(-2.984977084097E0,-3.475E0,-4.004084163103E0));
#10708=CARTESIAN_POINT('',(-3.027231342766E0,-3.475E0,-4.211028449350E0));
#10709=CARTESIAN_POINT('',(-2.965021253021E0,-3.573030925004E0,
-3.588675046192E0));
#10710=CARTESIAN_POINT('',(-2.964240387516E0,-3.573395480793E0,
-3.796733359208E0));
#10711=CARTESIAN_POINT('',(-2.984977084097E0,-3.563714322216E0,
-4.004182679780E0));
#10712=CARTESIAN_POINT('',(-3.027231342766E0,-3.543987449271E0,
-4.211023007910E0));
#10713=CARTESIAN_POINT('',(-2.965021253021E0,-3.641898135150E0,
-3.588661968774E0));
#10714=CARTESIAN_POINT('',(-2.964240387516E0,-3.642518793186E0,
-3.796964961016E0));
#10715=CARTESIAN_POINT('',(-2.984977084097E0,-3.626036572778E0,
-4.004414374936E0));
#10716=CARTESIAN_POINT('',(-3.027231342766E0,-3.592451473927E0,
-4.211010210532E0));
#10717=CARTESIAN_POINT('',(-2.965021253021E0,-3.681601630438E0,
-3.588651405128E0));
#10718=CARTESIAN_POINT('',(-2.964240387516E0,-3.682369937178E0,
-3.797152043781E0));
#10719=CARTESIAN_POINT('',(-2.984977084097E0,-3.661966751687E0,
-4.004601533104E0));
#10720=CARTESIAN_POINT('',(-3.027231342766E0,-3.620392073967E0,
-4.210999873096E0));
#10721=B_SPLINE_SURFACE_WITH_KNOTS('',3,3,((#10693,#10694,#10695,#10696),
(#10697,#10698,#10699,#10700),(#10701,#10702,#10703,#10704),(#10705,#10706,
#10707,#10708),(#10709,#10710,#10711,#10712),(#10713,#10714,#10715,#10716),(
#10717,#10718,#10719,#10720)),.UNSPECIFIED.,.F.,.F.,.F.,(4,1,1,1,4),(4,4),(
-9.035011898166E-2,2.5E-1,5.E-1,7.5E-1,1.090350118982E0),(6.520344668989E0,
7.142691933436E0),.UNSPECIFIED.);
#10722=ORIENTED_EDGE('',*,*,#10327,.F.);
#10723=ORIENTED_EDGE('',*,*,#10586,.T.);
#10725=ORIENTED_EDGE('',*,*,#10724,.T.);
#10726=ORIENTED_EDGE('',*,*,#10660,.F.);
#10727=EDGE_LOOP('',(#10722,#10723,#10725,#10726));
#10728=FACE_OUTER_BOUND('',#10727,.F.);
#10729=ADVANCED_FACE('',(#10728),#10721,.T.);
#10730=CARTESIAN_POINT('',(-3.125E0,-3.475E0,-4.2E0));
#10731=DIRECTION('',(0.E0,0.E0,-1.E0));
#10732=DIRECTION('',(0.E0,1.E0,0.E0));
#10733=AXIS2_PLACEMENT_3D('',#10730,#10731,#10732);
#10734=PLANE('',#10733);
#10735=ORIENTED_EDGE('',*,*,#10662,.F.);
#10736=ORIENTED_EDGE('',*,*,#10724,.F.);
#10737=ORIENTED_EDGE('',*,*,#10584,.F.);
#10738=ORIENTED_EDGE('',*,*,#10623,.F.);
#10739=EDGE_LOOP('',(#10735,#10736,#10737,#10738));
#10740=FACE_OUTER_BOUND('',#10739,.F.);
#10741=ADVANCED_FACE('',(#10740),#10734,.T.);
#10742=CARTESIAN_POINT('',(-2.2E0,-3.825E0,-1.6E0));
#10743=DIRECTION('',(-8.320502943378E-1,5.547001962252E-1,0.E0));
#10744=DIRECTION('',(5.547001962252E-1,8.320502943378E-1,0.E0));
#10745=AXIS2_PLACEMENT_3D('',#10742,#10743,#10744);
#10746=PLANE('',#10745);
#10747=ORIENTED_EDGE('',*,*,#7161,.T.);
#10749=ORIENTED_EDGE('',*,*,#10748,.F.);
#10750=ORIENTED_EDGE('',*,*,#8744,.F.);
#10751=ORIENTED_EDGE('',*,*,#8241,.T.);
#10752=EDGE_LOOP('',(#10747,#10749,#10750,#10751));
#10753=FACE_OUTER_BOUND('',#10752,.F.);
#10754=ADVANCED_FACE('',(#10753),#10746,.F.);
#10755=CARTESIAN_POINT('',(-2.1E0,-3.675E0,-1.6E0));
#10756=DIRECTION('',(-9.778024140774E-1,2.095290887309E-1,0.E0));
#10757=DIRECTION('',(2.095290887309E-1,9.778024140774E-1,0.E0));
#10758=AXIS2_PLACEMENT_3D('',#10755,#10756,#10757);
#10759=PLANE('',#10758);
#10761=ORIENTED_EDGE('',*,*,#10760,.T.);
#10762=ORIENTED_EDGE('',*,*,#8746,.F.);
#10763=ORIENTED_EDGE('',*,*,#10748,.T.);
#10764=ORIENTED_EDGE('',*,*,#7159,.T.);
#10765=EDGE_LOOP('',(#10761,#10762,#10763,#10764));
#10766=FACE_OUTER_BOUND('',#10765,.F.);
#10767=ADVANCED_FACE('',(#10766),#10759,.F.);
#10768=CARTESIAN_POINT('',(-2.035E0,-1.05E0,-4.75E-1));
#10769=DIRECTION('',(1.E0,0.E0,0.E0));
#10770=DIRECTION('',(0.E0,1.E0,0.E0));
#10771=AXIS2_PLACEMENT_3D('',#10768,#10769,#10770);
#10772=PLANE('',#10771);
#10773=ORIENTED_EDGE('',*,*,#6623,.F.);
#10775=ORIENTED_EDGE('',*,*,#10774,.F.);
#10777=ORIENTED_EDGE('',*,*,#10776,.F.);
#10779=ORIENTED_EDGE('',*,*,#10778,.T.);
#10780=EDGE_LOOP('',(#10773,#10775,#10777,#10779));
#10781=FACE_OUTER_BOUND('',#10780,.F.);
#10782=ADVANCED_FACE('',(#10781),#10772,.F.);
#10783=CARTESIAN_POINT('',(-2.035E0,-1.05E0,-4.75E-1));
#10784=DIRECTION('',(1.E0,0.E0,0.E0));
#10785=DIRECTION('',(0.E0,1.E0,0.E0));
#10786=AXIS2_PLACEMENT_3D('',#10783,#10784,#10785);
#10787=PLANE('',#10786);
#10788=ORIENTED_EDGE('',*,*,#7157,.F.);
#10789=ORIENTED_EDGE('',*,*,#7417,.T.);
#10791=ORIENTED_EDGE('',*,*,#10790,.T.);
#10793=ORIENTED_EDGE('',*,*,#10792,.T.);
#10795=ORIENTED_EDGE('',*,*,#10794,.T.);
#10797=ORIENTED_EDGE('',*,*,#10796,.F.);
#10798=ORIENTED_EDGE('',*,*,#8748,.F.);
#10799=ORIENTED_EDGE('',*,*,#10760,.F.);
#10800=EDGE_LOOP('',(#10788,#10789,#10791,#10793,#10795,#10797,#10798,#10799));
#10801=FACE_OUTER_BOUND('',#10800,.F.);
#10802=ADVANCED_FACE('',(#10801),#10787,.F.);
#10803=CARTESIAN_POINT('',(-1.875E0,-1.05E0,-7.75E-1));
#10804=DIRECTION('',(0.E0,0.E0,1.E0));
#10805=DIRECTION('',(1.E0,0.E0,0.E0));
#10806=AXIS2_PLACEMENT_3D('',#10803,#10804,#10805);
#10807=PLANE('',#10806);
#10808=ORIENTED_EDGE('',*,*,#6621,.T.);
#10810=ORIENTED_EDGE('',*,*,#10809,.F.);
#10812=ORIENTED_EDGE('',*,*,#10811,.F.);
#10813=ORIENTED_EDGE('',*,*,#10774,.T.);
#10814=EDGE_LOOP('',(#10808,#10810,#10812,#10813));
#10815=FACE_OUTER_BOUND('',#10814,.F.);
#10816=ADVANCED_FACE('',(#10815),#10807,.F.);
#10817=CARTESIAN_POINT('',(-1.715E0,-1.05E0,-4.75E-1));
#10818=DIRECTION('',(1.E0,0.E0,0.E0));
#10819=DIRECTION('',(0.E0,1.E0,0.E0));
#10820=AXIS2_PLACEMENT_3D('',#10817,#10818,#10819);
#10821=PLANE('',#10820);
#10822=ORIENTED_EDGE('',*,*,#6619,.T.);
#10824=ORIENTED_EDGE('',*,*,#10823,.F.);
#10826=ORIENTED_EDGE('',*,*,#10825,.F.);
#10827=ORIENTED_EDGE('',*,*,#10809,.T.);
#10828=EDGE_LOOP('',(#10822,#10824,#10826,#10827));
#10829=FACE_OUTER_BOUND('',#10828,.F.);
#10830=ADVANCED_FACE('',(#10829),#10821,.T.);
#10831=CARTESIAN_POINT('',(-1.715E0,-1.05E0,-4.75E-1));
#10832=DIRECTION('',(1.E0,0.E0,0.E0));
#10833=DIRECTION('',(0.E0,1.E0,0.E0));
#10834=AXIS2_PLACEMENT_3D('',#10831,#10832,#10833);
#10835=PLANE('',#10834);
#10836=ORIENTED_EDGE('',*,*,#8752,.T.);
#10838=ORIENTED_EDGE('',*,*,#10837,.T.);
#10840=ORIENTED_EDGE('',*,*,#10839,.T.);
#10842=ORIENTED_EDGE('',*,*,#10841,.F.);
#10844=ORIENTED_EDGE('',*,*,#10843,.F.);
#10845=ORIENTED_EDGE('',*,*,#7413,.F.);
#10846=ORIENTED_EDGE('',*,*,#7129,.T.);
#10848=ORIENTED_EDGE('',*,*,#10847,.T.);
#10849=EDGE_LOOP('',(#10836,#10838,#10840,#10842,#10844,#10845,#10846,#10848));
#10850=FACE_OUTER_BOUND('',#10849,.F.);
#10851=ADVANCED_FACE('',(#10850),#10835,.T.);
#10852=CARTESIAN_POINT('',(-1.875E0,-1.05E0,-1.75E-1));
#10853=DIRECTION('',(0.E0,0.E0,1.E0));
#10854=DIRECTION('',(1.E0,0.E0,0.E0));
#10855=AXIS2_PLACEMENT_3D('',#10852,#10853,#10854);
#10856=PLANE('',#10855);
#10857=ORIENTED_EDGE('',*,*,#6617,.F.);
#10858=ORIENTED_EDGE('',*,*,#10778,.F.);
#10860=ORIENTED_EDGE('',*,*,#10859,.F.);
#10861=ORIENTED_EDGE('',*,*,#10823,.T.);
#10862=EDGE_LOOP('',(#10857,#10858,#10860,#10861));
#10863=FACE_OUTER_BOUND('',#10862,.F.);
#10864=ADVANCED_FACE('',(#10863),#10856,.T.);
#10865=CARTESIAN_POINT('',(-1.756214494778E0,2.849644625731E-1,
-2.801691289908E-1));
#10866=CARTESIAN_POINT('',(-1.703218467649E0,1.478824537169E-1,
-2.081171738982E-1));
#10867=CARTESIAN_POINT('',(-1.677453345184E0,7.355263786409E-3,
-1.730876151291E-1));
#10868=CARTESIAN_POINT('',(-1.678919127382E0,-1.366171072182E-1,
-1.750804526836E-1));
#10869=CARTESIAN_POINT('',(-1.779659909418E0,2.849972516309E-1,
-2.801691289908E-1));
#10870=CARTESIAN_POINT('',(-1.737124029156E0,1.474526542508E-1,
-2.081171738982E-1));
#10871=CARTESIAN_POINT('',(-1.716444324969E0,6.926716110621E-3,
-1.730876151291E-1));
#10872=CARTESIAN_POINT('',(-1.717620796856E0,-1.365805627896E-1,
-1.750804526836E-1));
#10873=CARTESIAN_POINT('',(-1.819255077825E0,2.850365920376E-1,
-2.801691289908E-1));
#10874=CARTESIAN_POINT('',(-1.794384539940E0,1.469369796038E-1,
-2.081171738982E-1));
#10875=CARTESIAN_POINT('',(-1.782293209908E0,6.412543365280E-3,
-1.730876151291E-1));
#10876=CARTESIAN_POINT('',(-1.782981087729E0,-1.365367166780E-1,
-1.750804526836E-1));
#10877=CARTESIAN_POINT('',(-1.875E0,2.850528401679E-1,-2.801691289908E-1));
#10878=CARTESIAN_POINT('',(-1.875E0,1.467239988652E-1,-2.081171738982E-1));
#10879=CARTESIAN_POINT('',(-1.875E0,6.200182932703E-3,-1.730876151291E-1));
#10880=CARTESIAN_POINT('',(-1.875E0,-1.365186076295E-1,-1.750804526836E-1));
#10881=CARTESIAN_POINT('',(-1.930744922175E0,2.850365920376E-1,
-2.801691289908E-1));
#10882=CARTESIAN_POINT('',(-1.955615460060E0,1.469369796038E-1,
-2.081171738982E-1));
#10883=CARTESIAN_POINT('',(-1.967706790092E0,6.412543365280E-3,
-1.730876151291E-1));
#10884=CARTESIAN_POINT('',(-1.967018912271E0,-1.365367166780E-1,
-1.750804526836E-1));
#10885=CARTESIAN_POINT('',(-1.970340090582E0,2.849972516309E-1,
-2.801691289908E-1));
#10886=CARTESIAN_POINT('',(-2.012875970844E0,1.474526542508E-1,
-2.081171738982E-1));
#10887=CARTESIAN_POINT('',(-2.033555675031E0,6.926716110621E-3,
-1.730876151291E-1));
#10888=CARTESIAN_POINT('',(-2.032379203144E0,-1.365805627896E-1,
-1.750804526836E-1));
#10889=CARTESIAN_POINT('',(-1.993785505222E0,2.849644625731E-1,
-2.801691289908E-1));
#10890=CARTESIAN_POINT('',(-2.046781532351E0,1.478824537169E-1,
-2.081171738982E-1));
#10891=CARTESIAN_POINT('',(-2.072546654816E0,7.355263786409E-3,
-1.730876151291E-1));
#10892=CARTESIAN_POINT('',(-2.071080872618E0,-1.366171072182E-1,
-1.750804526836E-1));
#10893=B_SPLINE_SURFACE_WITH_KNOTS('',3,3,((#10865,#10866,#10867,#10868),
(#10869,#10870,#10871,#10872),(#10873,#10874,#10875,#10876),(#10877,#10878,
#10879,#10880),(#10881,#10882,#10883,#10884),(#10885,#10886,#10887,#10888),(
#10889,#10890,#10891,#10892)),.UNSPECIFIED.,.F.,.F.,.F.,(4,1,1,1,4),(4,4),(
-1.129376487271E-1,2.5E-1,5.E-1,7.5E-1,1.112937648727E0),(-1.020800380456E-2,
4.113456729120E-1),.UNSPECIFIED.);
#10895=ORIENTED_EDGE('',*,*,#10894,.F.);
#10897=ORIENTED_EDGE('',*,*,#10896,.T.);
#10898=ORIENTED_EDGE('',*,*,#10859,.T.);
#10900=ORIENTED_EDGE('',*,*,#10899,.F.);
#10901=EDGE_LOOP('',(#10895,#10897,#10898,#10900));
#10902=FACE_OUTER_BOUND('',#10901,.F.);
#10903=ADVANCED_FACE('',(#10902),#10893,.T.);
#10904=CARTESIAN_POINT('',(-1.875E0,2.75E-1,-4.75E-1));
#10905=DIRECTION('',(0.E0,-1.E0,0.E0));
#10906=DIRECTION('',(0.E0,0.E0,-1.E0));
#10907=AXIS2_PLACEMENT_3D('',#10904,#10905,#10906);
#10908=PLANE('',#10907);
#10909=ORIENTED_EDGE('',*,*,#10894,.T.);
#10911=ORIENTED_EDGE('',*,*,#10910,.T.);
#10913=ORIENTED_EDGE('',*,*,#10912,.T.);
#10915=ORIENTED_EDGE('',*,*,#10914,.T.);
#10916=EDGE_LOOP('',(#10909,#10911,#10913,#10915));
#10917=FACE_OUTER_BOUND('',#10916,.F.);
#10918=ADVANCED_FACE('',(#10917),#10908,.F.);
#10919=CARTESIAN_POINT('',(-1.971898522606E0,2.849555100070E-1,
-2.581653885196E-1));
#10920=CARTESIAN_POINT('',(-2.015118127069E0,1.480364532166E-1,
-1.779975135696E-1));
#10921=CARTESIAN_POINT('',(-2.036136180707E0,7.547482004589E-3,
-1.390112082402E-1));
#10922=CARTESIAN_POINT('',(-2.034952683522E0,-1.365114036291E-1,
-1.412064725315E-1));
#10923=CARTESIAN_POINT('',(-1.971898522606E0,2.850254352060E-1,
-2.979717805115E-1));
#10924=CARTESIAN_POINT('',(-2.015118127069E0,1.471201366365E-1,
-2.325210848607E-1));
#10925=CARTESIAN_POINT('',(-2.036136180707E0,6.633569618650E-3,
-2.006918664081E-1));
#10926=CARTESIAN_POINT('',(-2.034952683522E0,-1.364342658475E-1,
-2.024841251538E-1));
#10927=CARTESIAN_POINT('',(-1.971898522606E0,2.851194487553E-1,
-3.702499843383E-1));
#10928=CARTESIAN_POINT('',(-2.015118127069E0,1.458881605359E-1,
-3.315219136708E-1));
#10929=CARTESIAN_POINT('',(-2.036136180707E0,5.404825926915E-3,
-3.126881303280E-1));
#10930=CARTESIAN_POINT('',(-2.034952683522E0,-1.363305550716E-1,
-3.137486343099E-1));
#10931=CARTESIAN_POINT('',(-1.971898522606E0,2.851631586143E-1,-4.75E-1));
#10932=CARTESIAN_POINT('',(-2.015118127069E0,1.453153760585E-1,-4.75E-1));
#10933=CARTESIAN_POINT('',(-2.036136180707E0,4.833544298195E-3,-4.75E-1));
#10934=CARTESIAN_POINT('',(-2.034952683522E0,-1.362823366666E-1,-4.75E-1));
#10935=CARTESIAN_POINT('',(-1.971898522606E0,2.851194487553E-1,
-5.797500156617E-1));
#10936=CARTESIAN_POINT('',(-2.015118127069E0,1.458881605359E-1,
-6.184780863292E-1));
#10937=CARTESIAN_POINT('',(-2.036136180707E0,5.404825926915E-3,
-6.373118696720E-1));
#10938=CARTESIAN_POINT('',(-2.034952683522E0,-1.363305550716E-1,
-6.362513656901E-1));
#10939=CARTESIAN_POINT('',(-1.971898522606E0,2.850254352060E-1,
-6.520282194885E-1));
#10940=CARTESIAN_POINT('',(-2.015118127069E0,1.471201366365E-1,
-7.174789151393E-1));
#10941=CARTESIAN_POINT('',(-2.036136180707E0,6.633569618650E-3,
-7.493081335919E-1));
#10942=CARTESIAN_POINT('',(-2.034952683522E0,-1.364342658475E-1,
-7.475158748462E-1));
#10943=CARTESIAN_POINT('',(-1.971898522606E0,2.849555100070E-1,
-6.918346114804E-1));
#10944=CARTESIAN_POINT('',(-2.015118127069E0,1.480364532166E-1,
-7.720024864304E-1));
#10945=CARTESIAN_POINT('',(-2.036136180707E0,7.547482004589E-3,
-8.109887917598E-1));
#10946=CARTESIAN_POINT('',(-2.034952683522E0,-1.365114036291E-1,
-8.087935274685E-1));
#10947=B_SPLINE_SURFACE_WITH_KNOTS('',3,3,((#10919,#10920,#10921,#10922),
(#10923,#10924,#10925,#10926),(#10927,#10928,#10929,#10930),(#10931,#10932,
#10933,#10934),(#10935,#10936,#10937,#10938),(#10939,#10940,#10941,#10942),(
#10943,#10944,#10945,#10946)),.UNSPECIFIED.,.F.,.F.,.F.,(4,1,1,1,4),(4,4),(
-5.646882436354E-2,2.5E-1,5.E-1,7.5E-1,1.056468824364E0),(-1.020800380456E-2,
4.112328658242E-1),.UNSPECIFIED.);
#10948=ORIENTED_EDGE('',*,*,#10910,.F.);
#10949=ORIENTED_EDGE('',*,*,#10899,.T.);
#10950=ORIENTED_EDGE('',*,*,#10776,.T.);
#10952=ORIENTED_EDGE('',*,*,#10951,.F.);
#10953=EDGE_LOOP('',(#10948,#10949,#10950,#10952));
#10954=FACE_OUTER_BOUND('',#10953,.F.);
#10955=ADVANCED_FACE('',(#10954),#10947,.T.);
#10956=CARTESIAN_POINT('',(-1.993785505222E0,2.849644625731E-1,
-6.698308710092E-1));
#10957=CARTESIAN_POINT('',(-2.046781532351E0,1.478824537169E-1,
-7.418828261018E-1));
#10958=CARTESIAN_POINT('',(-2.072546654816E0,7.355263786409E-3,
-7.769123848709E-1));
#10959=CARTESIAN_POINT('',(-2.071080872618E0,-1.366171072182E-1,
-7.749195473164E-1));
#10960=CARTESIAN_POINT('',(-1.970340090582E0,2.849972516309E-1,
-6.698308710092E-1));
#10961=CARTESIAN_POINT('',(-2.012875970844E0,1.474526542508E-1,
-7.418828261018E-1));
#10962=CARTESIAN_POINT('',(-2.033555675031E0,6.926716110621E-3,
-7.769123848709E-1));
#10963=CARTESIAN_POINT('',(-2.032379203144E0,-1.365805627896E-1,
-7.749195473164E-1));
#10964=CARTESIAN_POINT('',(-1.930744922175E0,2.850365920376E-1,
-6.698308710092E-1));
#10965=CARTESIAN_POINT('',(-1.955615460060E0,1.469369796038E-1,
-7.418828261018E-1));
#10966=CARTESIAN_POINT('',(-1.967706790092E0,6.412543365280E-3,
-7.769123848709E-1));
#10967=CARTESIAN_POINT('',(-1.967018912271E0,-1.365367166780E-1,
-7.749195473164E-1));
#10968=CARTESIAN_POINT('',(-1.875E0,2.850528401679E-1,-6.698308710092E-1));
#10969=CARTESIAN_POINT('',(-1.875E0,1.467239988652E-1,-7.418828261018E-1));
#10970=CARTESIAN_POINT('',(-1.875E0,6.200182932703E-3,-7.769123848709E-1));
#10971=CARTESIAN_POINT('',(-1.875E0,-1.365186076295E-1,-7.749195473164E-1));
#10972=CARTESIAN_POINT('',(-1.819255077825E0,2.850365920376E-1,
-6.698308710092E-1));
#10973=CARTESIAN_POINT('',(-1.794384539940E0,1.469369796038E-1,
-7.418828261018E-1));
#10974=CARTESIAN_POINT('',(-1.782293209908E0,6.412543365280E-3,
-7.769123848709E-1));
#10975=CARTESIAN_POINT('',(-1.782981087729E0,-1.365367166780E-1,
-7.749195473164E-1));
#10976=CARTESIAN_POINT('',(-1.779659909418E0,2.849972516309E-1,
-6.698308710092E-1));
#10977=CARTESIAN_POINT('',(-1.737124029156E0,1.474526542508E-1,
-7.418828261018E-1));
#10978=CARTESIAN_POINT('',(-1.716444324969E0,6.926716110621E-3,
-7.769123848709E-1));
#10979=CARTESIAN_POINT('',(-1.717620796856E0,-1.365805627896E-1,
-7.749195473164E-1));
#10980=CARTESIAN_POINT('',(-1.756214494778E0,2.849644625731E-1,
-6.698308710092E-1));
#10981=CARTESIAN_POINT('',(-1.703218467649E0,1.478824537169E-1,
-7.418828261018E-1));
#10982=CARTESIAN_POINT('',(-1.677453345184E0,7.355263786409E-3,
-7.769123848709E-1));
#10983=CARTESIAN_POINT('',(-1.678919127382E0,-1.366171072182E-1,
-7.749195473164E-1));
#10984=B_SPLINE_SURFACE_WITH_KNOTS('',3,3,((#10956,#10957,#10958,#10959),
(#10960,#10961,#10962,#10963),(#10964,#10965,#10966,#10967),(#10968,#10969,
#10970,#10971),(#10972,#10973,#10974,#10975),(#10976,#10977,#10978,#10979),(
#10980,#10981,#10982,#10983)),.UNSPECIFIED.,.F.,.F.,.F.,(4,1,1,1,4),(4,4),(
-1.129376487271E-1,2.5E-1,5.E-1,7.5E-1,1.112937648727E0),(-1.020800380456E-2,
4.113456729120E-1),.UNSPECIFIED.);
#10985=ORIENTED_EDGE('',*,*,#10912,.F.);
#10986=ORIENTED_EDGE('',*,*,#10951,.T.);
#10987=ORIENTED_EDGE('',*,*,#10811,.T.);
#10989=ORIENTED_EDGE('',*,*,#10988,.F.);
#10990=EDGE_LOOP('',(#10985,#10986,#10987,#10989));
#10991=FACE_OUTER_BOUND('',#10990,.F.);
#10992=ADVANCED_FACE('',(#10991),#10984,.T.);
#10993=CARTESIAN_POINT('',(-1.778101477394E0,2.849555100070E-1,
-6.918346114804E-1));
#10994=CARTESIAN_POINT('',(-1.734881872931E0,1.480364532166E-1,
-7.720024864304E-1));
#10995=CARTESIAN_POINT('',(-1.713863819293E0,7.547482004589E-3,
-8.109887917598E-1));
#10996=CARTESIAN_POINT('',(-1.715047316478E0,-1.365114036291E-1,
-8.087935274685E-1));
#10997=CARTESIAN_POINT('',(-1.778101477394E0,2.850254352060E-1,
-6.520282194885E-1));
#10998=CARTESIAN_POINT('',(-1.734881872931E0,1.471201366365E-1,
-7.174789151393E-1));
#10999=CARTESIAN_POINT('',(-1.713863819293E0,6.633569618650E-3,
-7.493081335919E-1));
#11000=CARTESIAN_POINT('',(-1.715047316478E0,-1.364342658475E-1,
-7.475158748462E-1));
#11001=CARTESIAN_POINT('',(-1.778101477394E0,2.851194487553E-1,
-5.797500156617E-1));
#11002=CARTESIAN_POINT('',(-1.734881872931E0,1.458881605359E-1,
-6.184780863292E-1));
#11003=CARTESIAN_POINT('',(-1.713863819293E0,5.404825926915E-3,
-6.373118696720E-1));
#11004=CARTESIAN_POINT('',(-1.715047316478E0,-1.363305550716E-1,
-6.362513656901E-1));
#11005=CARTESIAN_POINT('',(-1.778101477394E0,2.851631586143E-1,-4.75E-1));
#11006=CARTESIAN_POINT('',(-1.734881872931E0,1.453153760585E-1,-4.75E-1));
#11007=CARTESIAN_POINT('',(-1.713863819293E0,4.833544298195E-3,-4.75E-1));
#11008=CARTESIAN_POINT('',(-1.715047316478E0,-1.362823366666E-1,-4.75E-1));
#11009=CARTESIAN_POINT('',(-1.778101477394E0,2.851194487553E-1,
-3.702499843383E-1));
#11010=CARTESIAN_POINT('',(-1.734881872931E0,1.458881605359E-1,
-3.315219136708E-1));
#11011=CARTESIAN_POINT('',(-1.713863819293E0,5.404825926915E-3,
-3.126881303280E-1));
#11012=CARTESIAN_POINT('',(-1.715047316478E0,-1.363305550716E-1,
-3.137486343099E-1));
#11013=CARTESIAN_POINT('',(-1.778101477394E0,2.850254352060E-1,
-2.979717805115E-1));
#11014=CARTESIAN_POINT('',(-1.734881872931E0,1.471201366365E-1,
-2.325210848607E-1));
#11015=CARTESIAN_POINT('',(-1.713863819293E0,6.633569618650E-3,
-2.006918664081E-1));
#11016=CARTESIAN_POINT('',(-1.715047316478E0,-1.364342658475E-1,
-2.024841251538E-1));
#11017=CARTESIAN_POINT('',(-1.778101477394E0,2.849555100070E-1,
-2.581653885196E-1));
#11018=CARTESIAN_POINT('',(-1.734881872931E0,1.480364532166E-1,
-1.779975135696E-1));
#11019=CARTESIAN_POINT('',(-1.713863819293E0,7.547482004589E-3,
-1.390112082402E-1));
#11020=CARTESIAN_POINT('',(-1.715047316478E0,-1.365114036291E-1,
-1.412064725315E-1));
#11021=B_SPLINE_SURFACE_WITH_KNOTS('',3,3,((#10993,#10994,#10995,#10996),
(#10997,#10998,#10999,#11000),(#11001,#11002,#11003,#11004),(#11005,#11006,
#11007,#11008),(#11009,#11010,#11011,#11012),(#11013,#11014,#11015,#11016),(
#11017,#11018,#11019,#11020)),.UNSPECIFIED.,.F.,.F.,.F.,(4,1,1,1,4),(4,4),(
-5.646882436354E-2,2.5E-1,5.E-1,7.5E-1,1.056468824364E0),(-1.020800380456E-2,
4.112328658242E-1),.UNSPECIFIED.);
#11022=ORIENTED_EDGE('',*,*,#10914,.F.);
#11023=ORIENTED_EDGE('',*,*,#10988,.T.);
#11024=ORIENTED_EDGE('',*,*,#10825,.T.);
#11025=ORIENTED_EDGE('',*,*,#10896,.F.);
#11026=EDGE_LOOP('',(#11022,#11023,#11024,#11025));
#11027=FACE_OUTER_BOUND('',#11026,.F.);
#11028=ADVANCED_FACE('',(#11027),#11021,.T.);
#11029=CARTESIAN_POINT('',(-1.875E0,-3.3E0,-2.4375E0));
#11030=DIRECTION('',(0.E0,1.E0,0.E0));
#11031=DIRECTION('',(1.E0,0.E0,0.E0));
#11032=AXIS2_PLACEMENT_3D('',#11029,#11030,#11031);
#11033=PLANE('',#11032);
#11034=ORIENTED_EDGE('',*,*,#8750,.F.);
#11035=ORIENTED_EDGE('',*,*,#10796,.T.);
#11037=ORIENTED_EDGE('',*,*,#11036,.T.);
#11038=ORIENTED_EDGE('',*,*,#10837,.F.);
#11039=EDGE_LOOP('',(#11034,#11035,#11037,#11038));
#11040=FACE_OUTER_BOUND('',#11039,.F.);
#11041=ADVANCED_FACE('',(#11040),#11033,.T.);
#11042=CARTESIAN_POINT('',(-2.071114058459E0,-3.300017667059E0,
-3.588658947712E0));
#11043=CARTESIAN_POINT('',(-2.072070096556E0,-3.299367765380E0,
-3.797276576464E0));
#11044=CARTESIAN_POINT('',(-2.046649470993E0,-3.316648360462E0,
-4.004721429401E0));
#11045=CARTESIAN_POINT('',(-1.994852181769E0,-3.351859452305E0,
-4.210993506523E0));
#11046=CARTESIAN_POINT('',(-2.032405838894E0,-3.300017667059E0,
-3.588675758785E0));
#11047=CARTESIAN_POINT('',(-2.033173177961E0,-3.299367765380E0,
-3.796978475845E0));
#11048=CARTESIAN_POINT('',(-2.012769975236E0,-3.316648360462E0,
-4.004423215702E0));
#11049=CARTESIAN_POINT('',(-1.971196230718E0,-3.351859452305E0,
-4.211009978356E0));
#11050=CARTESIAN_POINT('',(-1.967034486075E0,-3.300017667059E0,
-3.588695830628E0));
#11051=CARTESIAN_POINT('',(-1.967483145776E0,-3.299367765380E0,
-3.796622553967E0));
#11052=CARTESIAN_POINT('',(-1.955553484905E0,-3.316648360462E0,
-4.004067158810E0));
#11053=CARTESIAN_POINT('',(-1.931245503462E0,-3.351859452305E0,
-4.211029645157E0));
#11054=CARTESIAN_POINT('',(-1.875E0,-3.300017667059E0,-3.588704065939E0));
#11055=CARTESIAN_POINT('',(-1.875E0,-3.299367765380E0,-3.796476522150E0));
#11056=CARTESIAN_POINT('',(-1.875E0,-3.316648360462E0,-4.003921071598E0));
#11057=CARTESIAN_POINT('',(-1.875E0,-3.351859452305E0,-4.211037714284E0));
#11058=CARTESIAN_POINT('',(-1.782965513925E0,-3.300017667059E0,
-3.588695830628E0));
#11059=CARTESIAN_POINT('',(-1.782516854224E0,-3.299367765380E0,
-3.796622553967E0));
#11060=CARTESIAN_POINT('',(-1.794446515095E0,-3.316648360462E0,
-4.004067158810E0));
#11061=CARTESIAN_POINT('',(-1.818754496538E0,-3.351859452305E0,
-4.211029645157E0));
#11062=CARTESIAN_POINT('',(-1.717594161106E0,-3.300017667059E0,
-3.588675758785E0));
#11063=CARTESIAN_POINT('',(-1.716826822039E0,-3.299367765380E0,
-3.796978475845E0));
#11064=CARTESIAN_POINT('',(-1.737230024764E0,-3.316648360462E0,
-4.004423215702E0));
#11065=CARTESIAN_POINT('',(-1.778803769282E0,-3.351859452305E0,
-4.211009978356E0));
#11066=CARTESIAN_POINT('',(-1.678885941541E0,-3.300017667059E0,
-3.588658947712E0));
#11067=CARTESIAN_POINT('',(-1.677929903444E0,-3.299367765380E0,
-3.797276576464E0));
#11068=CARTESIAN_POINT('',(-1.703350529007E0,-3.316648360462E0,
-4.004721429401E0));
#11069=CARTESIAN_POINT('',(-1.755147818231E0,-3.351859452305E0,
-4.210993506523E0));
#11070=B_SPLINE_SURFACE_WITH_KNOTS('',3,3,((#11042,#11043,#11044,#11045),
(#11046,#11047,#11048,#11049),(#11050,#11051,#11052,#11053),(#11054,#11055,
#11056,#11057),(#11058,#11059,#11060,#11061),(#11062,#11063,#11064,#11065),(
#11066,#11067,#11068,#11069)),.UNSPECIFIED.,.F.,.F.,.F.,(4,1,1,1,4),(4,4),(
-1.129376487271E-1,2.5E-1,5.E-1,7.5E-1,1.112937648727E0),(6.520358638458E0,
7.142691933436E0),.UNSPECIFIED.);
#11071=ORIENTED_EDGE('',*,*,#11036,.F.);
#11073=ORIENTED_EDGE('',*,*,#11072,.T.);
#11075=ORIENTED_EDGE('',*,*,#11074,.T.);
#11077=ORIENTED_EDGE('',*,*,#11076,.F.);
#11078=EDGE_LOOP('',(#11071,#11073,#11075,#11077));
#11079=FACE_OUTER_BOUND('',#11078,.F.);
#11080=ADVANCED_FACE('',(#11079),#11070,.T.);
#11081=CARTESIAN_POINT('',(-2.034978746979E0,-3.681601630438E0,
-3.588651405128E0));
#11082=CARTESIAN_POINT('',(-2.035759612484E0,-3.682369937178E0,
-3.797152043781E0));
#11083=CARTESIAN_POINT('',(-2.015022915903E0,-3.661966751687E0,
-4.004601533104E0));
#11084=CARTESIAN_POINT('',(-1.972768657234E0,-3.620392073967E0,
-4.210999873096E0));
#11085=CARTESIAN_POINT('',(-2.034978746979E0,-3.641898135150E0,
-3.588661968774E0));
#11086=CARTESIAN_POINT('',(-2.035759612484E0,-3.642518793186E0,
-3.796964961016E0));
#11087=CARTESIAN_POINT('',(-2.015022915903E0,-3.626036572778E0,
-4.004414374936E0));
#11088=CARTESIAN_POINT('',(-1.972768657234E0,-3.592451473927E0,
-4.211010210532E0));
#11089=CARTESIAN_POINT('',(-2.034978746979E0,-3.573030925004E0,
-3.588675046192E0));
#11090=CARTESIAN_POINT('',(-2.035759612484E0,-3.573395480793E0,
-3.796733359208E0));
#11091=CARTESIAN_POINT('',(-2.015022915903E0,-3.563714322216E0,
-4.004182679780E0));
#11092=CARTESIAN_POINT('',(-1.972768657234E0,-3.543987449271E0,
-4.211023007910E0));
#11093=CARTESIAN_POINT('',(-2.034978746979E0,-3.475E0,-3.588680606705E0));
#11094=CARTESIAN_POINT('',(-2.035759612484E0,-3.475E0,-3.796634882221E0));
#11095=CARTESIAN_POINT('',(-2.015022915903E0,-3.475E0,-4.004084163103E0));
#11096=CARTESIAN_POINT('',(-1.972768657234E0,-3.475E0,-4.211028449350E0));
#11097=CARTESIAN_POINT('',(-2.034978746979E0,-3.376969074996E0,
-3.588675046192E0));
#11098=CARTESIAN_POINT('',(-2.035759612484E0,-3.376604519207E0,
-3.796733359208E0));
#11099=CARTESIAN_POINT('',(-2.015022915903E0,-3.386285677784E0,
-4.004182679780E0));
#11100=CARTESIAN_POINT('',(-1.972768657234E0,-3.406012550729E0,
-4.211023007910E0));
#11101=CARTESIAN_POINT('',(-2.034978746979E0,-3.308101864850E0,
-3.588661968774E0));
#11102=CARTESIAN_POINT('',(-2.035759612484E0,-3.307481206814E0,
-3.796964961016E0));
#11103=CARTESIAN_POINT('',(-2.015022915903E0,-3.323963427222E0,
-4.004414374936E0));
#11104=CARTESIAN_POINT('',(-1.972768657234E0,-3.357548526073E0,
-4.211010210532E0));
#11105=CARTESIAN_POINT('',(-2.034978746979E0,-3.268398369562E0,
-3.588651405128E0));
#11106=CARTESIAN_POINT('',(-2.035759612484E0,-3.267630062822E0,
-3.797152043781E0));
#11107=CARTESIAN_POINT('',(-2.015022915903E0,-3.288033248313E0,
-4.004601533104E0));
#11108=CARTESIAN_POINT('',(-1.972768657234E0,-3.329607926033E0,
-4.210999873096E0));
#11109=B_SPLINE_SURFACE_WITH_KNOTS('',3,3,((#11081,#11082,#11083,#11084),
(#11085,#11086,#11087,#11088),(#11089,#11090,#11091,#11092),(#11093,#11094,
#11095,#11096),(#11097,#11098,#11099,#11100),(#11101,#11102,#11103,#11104),(
#11105,#11106,#11107,#11108)),.UNSPECIFIED.,.F.,.F.,.F.,(4,1,1,1,4),(4,4),(
-9.035011898166E-2,2.5E-1,5.E-1,7.5E-1,1.090350118982E0),(6.520344668989E0,
7.142691933436E0),.UNSPECIFIED.);
#11110=ORIENTED_EDGE('',*,*,#10794,.F.);
#11112=ORIENTED_EDGE('',*,*,#11111,.T.);
#11114=ORIENTED_EDGE('',*,*,#11113,.T.);
#11115=ORIENTED_EDGE('',*,*,#11072,.F.);
#11116=EDGE_LOOP('',(#11110,#11112,#11114,#11115));
#11117=FACE_OUTER_BOUND('',#11116,.F.);
#11118=ADVANCED_FACE('',(#11117),#11109,.T.);
#11119=CARTESIAN_POINT('',(-1.678885941541E0,-3.649982332941E0,
-3.588658947712E0));
#11120=CARTESIAN_POINT('',(-1.677929903444E0,-3.650632234620E0,
-3.797276576464E0));
#11121=CARTESIAN_POINT('',(-1.703350529007E0,-3.633351639538E0,
-4.004721429401E0));
#11122=CARTESIAN_POINT('',(-1.755147818231E0,-3.598140547695E0,
-4.210993506523E0));
#11123=CARTESIAN_POINT('',(-1.717594161106E0,-3.649982332941E0,
-3.588675758785E0));
#11124=CARTESIAN_POINT('',(-1.716826822039E0,-3.650632234620E0,
-3.796978475845E0));
#11125=CARTESIAN_POINT('',(-1.737230024764E0,-3.633351639538E0,
-4.004423215702E0));
#11126=CARTESIAN_POINT('',(-1.778803769282E0,-3.598140547695E0,
-4.211009978356E0));
#11127=CARTESIAN_POINT('',(-1.782965513925E0,-3.649982332941E0,
-3.588695830628E0));
#11128=CARTESIAN_POINT('',(-1.782516854224E0,-3.650632234620E0,
-3.796622553967E0));
#11129=CARTESIAN_POINT('',(-1.794446515095E0,-3.633351639538E0,
-4.004067158810E0));
#11130=CARTESIAN_POINT('',(-1.818754496538E0,-3.598140547695E0,
-4.211029645157E0));
#11131=CARTESIAN_POINT('',(-1.875E0,-3.649982332941E0,-3.588704065939E0));
#11132=CARTESIAN_POINT('',(-1.875E0,-3.650632234620E0,-3.796476522150E0));
#11133=CARTESIAN_POINT('',(-1.875E0,-3.633351639538E0,-4.003921071598E0));
#11134=CARTESIAN_POINT('',(-1.875E0,-3.598140547695E0,-4.211037714284E0));
#11135=CARTESIAN_POINT('',(-1.967034486075E0,-3.649982332941E0,
-3.588695830628E0));
#11136=CARTESIAN_POINT('',(-1.967483145776E0,-3.650632234620E0,
-3.796622553967E0));
#11137=CARTESIAN_POINT('',(-1.955553484905E0,-3.633351639538E0,
-4.004067158810E0));
#11138=CARTESIAN_POINT('',(-1.931245503462E0,-3.598140547695E0,
-4.211029645157E0));
#11139=CARTESIAN_POINT('',(-2.032405838894E0,-3.649982332941E0,
-3.588675758785E0));
#11140=CARTESIAN_POINT('',(-2.033173177961E0,-3.650632234620E0,
-3.796978475845E0));
#11141=CARTESIAN_POINT('',(-2.012769975236E0,-3.633351639538E0,
-4.004423215702E0));
#11142=CARTESIAN_POINT('',(-1.971196230718E0,-3.598140547695E0,
-4.211009978356E0));
#11143=CARTESIAN_POINT('',(-2.071114058459E0,-3.649982332941E0,
-3.588658947712E0));
#11144=CARTESIAN_POINT('',(-2.072070096556E0,-3.650632234620E0,
-3.797276576464E0));
#11145=CARTESIAN_POINT('',(-2.046649470993E0,-3.633351639538E0,
-4.004721429401E0));
#11146=CARTESIAN_POINT('',(-1.994852181769E0,-3.598140547695E0,
-4.210993506523E0));
#11147=B_SPLINE_SURFACE_WITH_KNOTS('',3,3,((#11119,#11120,#11121,#11122),
(#11123,#11124,#11125,#11126),(#11127,#11128,#11129,#11130),(#11131,#11132,
#11133,#11134),(#11135,#11136,#11137,#11138),(#11139,#11140,#11141,#11142),(
#11143,#11144,#11145,#11146)),.UNSPECIFIED.,.F.,.F.,.F.,(4,1,1,1,4),(4,4),(
-1.129376487271E-1,2.5E-1,5.E-1,7.5E-1,1.112937648727E0),(6.520358638458E0,
7.142691933436E0),.UNSPECIFIED.);
#11149=ORIENTED_EDGE('',*,*,#11148,.F.);
#11151=ORIENTED_EDGE('',*,*,#11150,.T.);
#11153=ORIENTED_EDGE('',*,*,#11152,.T.);
#11154=ORIENTED_EDGE('',*,*,#11111,.F.);
#11155=EDGE_LOOP('',(#11149,#11151,#11153,#11154));
#11156=FACE_OUTER_BOUND('',#11155,.F.);
#11157=ADVANCED_FACE('',(#11156),#11147,.T.);
#11158=CARTESIAN_POINT('',(-1.875E0,-3.65E0,-2.4375E0));
#11159=DIRECTION('',(0.E0,1.E0,0.E0));
#11160=DIRECTION('',(1.E0,0.E0,0.E0));
#11161=AXIS2_PLACEMENT_3D('',#11158,#11159,#11160);
#11162=PLANE('',#11161);
#11164=ORIENTED_EDGE('',*,*,#11163,.F.);
#11165=ORIENTED_EDGE('',*,*,#10841,.T.);
#11166=ORIENTED_EDGE('',*,*,#11148,.T.);
#11167=ORIENTED_EDGE('',*,*,#10792,.F.);
#11168=EDGE_LOOP('',(#11164,#11165,#11166,#11167));
#11169=FACE_OUTER_BOUND('',#11168,.F.);
#11170=ADVANCED_FACE('',(#11169),#11162,.F.);
#11171=CARTESIAN_POINT('',(-1.875E0,-2.675E0,-1.275E0));
#11172=DIRECTION('',(1.E0,0.E0,0.E0));
#11173=DIRECTION('',(0.E0,0.E0,1.E0));
#11174=AXIS2_PLACEMENT_3D('',#11171,#11172,#11173);
#11175=CYLINDRICAL_SURFACE('',#11174,9.75E-1);
#11176=ORIENTED_EDGE('',*,*,#10843,.T.);
#11177=ORIENTED_EDGE('',*,*,#11163,.T.);
#11178=ORIENTED_EDGE('',*,*,#10790,.F.);
#11179=ORIENTED_EDGE('',*,*,#7415,.T.);
#11180=EDGE_LOOP('',(#11176,#11177,#11178,#11179));
#11181=FACE_OUTER_BOUND('',#11180,.F.);
#11182=ADVANCED_FACE('',(#11181),#11175,.T.);
#11183=CARTESIAN_POINT('',(-1.715021253021E0,-3.268398369562E0,
-3.588651405128E0));
#11184=CARTESIAN_POINT('',(-1.714240387516E0,-3.267630062822E0,
-3.797152043781E0));
#11185=CARTESIAN_POINT('',(-1.734977084097E0,-3.288033248313E0,
-4.004601533104E0));
#11186=CARTESIAN_POINT('',(-1.777231342766E0,-3.329607926033E0,
-4.210999873096E0));
#11187=CARTESIAN_POINT('',(-1.715021253021E0,-3.308101864850E0,
-3.588661968774E0));
#11188=CARTESIAN_POINT('',(-1.714240387516E0,-3.307481206814E0,
-3.796964961016E0));
#11189=CARTESIAN_POINT('',(-1.734977084097E0,-3.323963427222E0,
-4.004414374936E0));
#11190=CARTESIAN_POINT('',(-1.777231342766E0,-3.357548526073E0,
-4.211010210532E0));
#11191=CARTESIAN_POINT('',(-1.715021253021E0,-3.376969074996E0,
-3.588675046192E0));
#11192=CARTESIAN_POINT('',(-1.714240387516E0,-3.376604519207E0,
-3.796733359208E0));
#11193=CARTESIAN_POINT('',(-1.734977084097E0,-3.386285677784E0,
-4.004182679780E0));
#11194=CARTESIAN_POINT('',(-1.777231342766E0,-3.406012550729E0,
-4.211023007910E0));
#11195=CARTESIAN_POINT('',(-1.715021253021E0,-3.475E0,-3.588680606705E0));
#11196=CARTESIAN_POINT('',(-1.714240387516E0,-3.475E0,-3.796634882221E0));
#11197=CARTESIAN_POINT('',(-1.734977084097E0,-3.475E0,-4.004084163103E0));
#11198=CARTESIAN_POINT('',(-1.777231342766E0,-3.475E0,-4.211028449350E0));
#11199=CARTESIAN_POINT('',(-1.715021253021E0,-3.573030925004E0,
-3.588675046192E0));
#11200=CARTESIAN_POINT('',(-1.714240387516E0,-3.573395480793E0,
-3.796733359208E0));
#11201=CARTESIAN_POINT('',(-1.734977084097E0,-3.563714322216E0,
-4.004182679780E0));
#11202=CARTESIAN_POINT('',(-1.777231342766E0,-3.543987449271E0,
-4.211023007910E0));
#11203=CARTESIAN_POINT('',(-1.715021253021E0,-3.641898135150E0,
-3.588661968774E0));
#11204=CARTESIAN_POINT('',(-1.714240387516E0,-3.642518793186E0,
-3.796964961016E0));
#11205=CARTESIAN_POINT('',(-1.734977084097E0,-3.626036572778E0,
-4.004414374936E0));
#11206=CARTESIAN_POINT('',(-1.777231342766E0,-3.592451473927E0,
-4.211010210532E0));
#11207=CARTESIAN_POINT('',(-1.715021253021E0,-3.681601630438E0,
-3.588651405128E0));
#11208=CARTESIAN_POINT('',(-1.714240387516E0,-3.682369937178E0,
-3.797152043781E0));
#11209=CARTESIAN_POINT('',(-1.734977084097E0,-3.661966751687E0,
-4.004601533104E0));
#11210=CARTESIAN_POINT('',(-1.777231342766E0,-3.620392073967E0,
-4.210999873096E0));
#11211=B_SPLINE_SURFACE_WITH_KNOTS('',3,3,((#11183,#11184,#11185,#11186),
(#11187,#11188,#11189,#11190),(#11191,#11192,#11193,#11194),(#11195,#11196,
#11197,#11198),(#11199,#11200,#11201,#11202),(#11203,#11204,#11205,#11206),(
#11207,#11208,#11209,#11210)),.UNSPECIFIED.,.F.,.F.,.F.,(4,1,1,1,4),(4,4),(
-9.035011898166E-2,2.5E-1,5.E-1,7.5E-1,1.090350118982E0),(6.520344668989E0,
7.142691933436E0),.UNSPECIFIED.);
#11212=ORIENTED_EDGE('',*,*,#10839,.F.);
#11213=ORIENTED_EDGE('',*,*,#11076,.T.);
#11215=ORIENTED_EDGE('',*,*,#11214,.T.);
#11216=ORIENTED_EDGE('',*,*,#11150,.F.);
#11217=EDGE_LOOP('',(#11212,#11213,#11215,#11216));
#11218=FACE_OUTER_BOUND('',#11217,.F.);
#11219=ADVANCED_FACE('',(#11218),#11211,.T.);
#11220=CARTESIAN_POINT('',(-1.875E0,-3.475E0,-4.2E0));
#11221=DIRECTION('',(0.E0,0.E0,-1.E0));
#11222=DIRECTION('',(0.E0,1.E0,0.E0));
#11223=AXIS2_PLACEMENT_3D('',#11220,#11221,#11222);
#11224=PLANE('',#11223);
#11225=ORIENTED_EDGE('',*,*,#11152,.F.);
#11226=ORIENTED_EDGE('',*,*,#11214,.F.);
#11227=ORIENTED_EDGE('',*,*,#11074,.F.);
#11228=ORIENTED_EDGE('',*,*,#11113,.F.);
#11229=EDGE_LOOP('',(#11225,#11226,#11227,#11228));
#11230=FACE_OUTER_BOUND('',#11229,.F.);
#11231=ADVANCED_FACE('',(#11230),#11224,.T.);
#11232=CARTESIAN_POINT('',(-1.725E0,-3.325E0,-1.6E0));
#11233=DIRECTION('',(9.778024140774E-1,2.095290887309E-1,0.E0));
#11234=DIRECTION('',(2.095290887309E-1,-9.778024140774E-1,0.E0));
#11235=AXIS2_PLACEMENT_3D('',#11232,#11233,#11234);
#11236=PLANE('',#11235);
#11237=ORIENTED_EDGE('',*,*,#10847,.F.);
#11238=ORIENTED_EDGE('',*,*,#7143,.T.);
#11240=ORIENTED_EDGE('',*,*,#11239,.F.);
#11241=ORIENTED_EDGE('',*,*,#8754,.F.);
#11242=EDGE_LOOP('',(#11237,#11238,#11240,#11241));
#11243=FACE_OUTER_BOUND('',#11242,.F.);
#11244=ADVANCED_FACE('',(#11243),#11236,.F.);
#11245=CARTESIAN_POINT('',(-1.65E0,-3.675E0,-1.6E0));
#11246=DIRECTION('',(8.320502943378E-1,5.547001962252E-1,0.E0));
#11247=DIRECTION('',(5.547001962252E-1,-8.320502943378E-1,0.E0));
#11248=AXIS2_PLACEMENT_3D('',#11245,#11246,#11247);
#11249=PLANE('',#11248);
#11250=ORIENTED_EDGE('',*,*,#7141,.T.);
#11251=ORIENTED_EDGE('',*,*,#8260,.F.);
#11252=ORIENTED_EDGE('',*,*,#8756,.F.);
#11253=ORIENTED_EDGE('',*,*,#11239,.T.);
#11254=EDGE_LOOP('',(#11250,#11251,#11252,#11253));
#11255=FACE_OUTER_BOUND('',#11254,.F.);
#11256=ADVANCED_FACE('',(#11255),#11249,.F.);
#11257=CARTESIAN_POINT('',(-9.5E-1,-3.825E0,-1.6E0));
#11258=DIRECTION('',(-8.320502943378E-1,5.547001962252E-1,0.E0));
#11259=DIRECTION('',(5.547001962252E-1,8.320502943378E-1,0.E0));
#11260=AXIS2_PLACEMENT_3D('',#11257,#11258,#11259);
#11261=PLANE('',#11260);
#11262=ORIENTED_EDGE('',*,*,#7137,.T.);
#11264=ORIENTED_EDGE('',*,*,#11263,.F.);
#11265=ORIENTED_EDGE('',*,*,#8759,.F.);
#11266=ORIENTED_EDGE('',*,*,#8256,.T.);
#11267=EDGE_LOOP('',(#11262,#11264,#11265,#11266));
#11268=FACE_OUTER_BOUND('',#11267,.F.);
#11269=ADVANCED_FACE('',(#11268),#11261,.F.);
#11270=CARTESIAN_POINT('',(-8.5E-1,-3.675E0,-1.6E0));
#11271=DIRECTION('',(-9.778024140774E-1,2.095290887309E-1,0.E0));
#11272=DIRECTION('',(2.095290887309E-1,9.778024140774E-1,0.E0));
#11273=AXIS2_PLACEMENT_3D('',#11270,#11271,#11272);
#11274=PLANE('',#11273);
#11276=ORIENTED_EDGE('',*,*,#11275,.T.);
#11277=ORIENTED_EDGE('',*,*,#8761,.F.);
#11278=ORIENTED_EDGE('',*,*,#11263,.T.);
#11279=ORIENTED_EDGE('',*,*,#7135,.T.);
#11280=EDGE_LOOP('',(#11276,#11277,#11278,#11279));
#11281=FACE_OUTER_BOUND('',#11280,.F.);
#11282=ADVANCED_FACE('',(#11281),#11274,.F.);
#11283=CARTESIAN_POINT('',(-7.85E-1,-1.05E0,-4.75E-1));
#11284=DIRECTION('',(1.E0,0.E0,0.E0));
#11285=DIRECTION('',(0.E0,1.E0,0.E0));
#11286=AXIS2_PLACEMENT_3D('',#11283,#11284,#11285);
#11287=PLANE('',#11286);
#11288=ORIENTED_EDGE('',*,*,#6613,.F.);
#11290=ORIENTED_EDGE('',*,*,#11289,.F.);
#11292=ORIENTED_EDGE('',*,*,#11291,.F.);
#11294=ORIENTED_EDGE('',*,*,#11293,.T.);
#11295=EDGE_LOOP('',(#11288,#11290,#11292,#11294));
#11296=FACE_OUTER_BOUND('',#11295,.F.);
#11297=ADVANCED_FACE('',(#11296),#11287,.F.);
#11298=CARTESIAN_POINT('',(-7.85E-1,-1.05E0,-4.75E-1));
#11299=DIRECTION('',(1.E0,0.E0,0.E0));
#11300=DIRECTION('',(0.E0,1.E0,0.E0));
#11301=AXIS2_PLACEMENT_3D('',#11298,#11299,#11300);
#11302=PLANE('',#11301);
#11303=ORIENTED_EDGE('',*,*,#7133,.F.);
#11304=ORIENTED_EDGE('',*,*,#7410,.T.);
#11306=ORIENTED_EDGE('',*,*,#11305,.T.);
#11308=ORIENTED_EDGE('',*,*,#11307,.T.);
#11310=ORIENTED_EDGE('',*,*,#11309,.T.);
#11312=ORIENTED_EDGE('',*,*,#11311,.F.);
#11313=ORIENTED_EDGE('',*,*,#8763,.F.);
#11314=ORIENTED_EDGE('',*,*,#11275,.F.);
#11315=EDGE_LOOP('',(#11303,#11304,#11306,#11308,#11310,#11312,#11313,#11314));
#11316=FACE_OUTER_BOUND('',#11315,.F.);
#11317=ADVANCED_FACE('',(#11316),#11302,.F.);
#11318=CARTESIAN_POINT('',(-6.25E-1,-1.05E0,-7.75E-1));
#11319=DIRECTION('',(0.E0,0.E0,1.E0));
#11320=DIRECTION('',(1.E0,0.E0,0.E0));
#11321=AXIS2_PLACEMENT_3D('',#11318,#11319,#11320);
#11322=PLANE('',#11321);
#11323=ORIENTED_EDGE('',*,*,#6611,.T.);
#11325=ORIENTED_EDGE('',*,*,#11324,.F.);
#11327=ORIENTED_EDGE('',*,*,#11326,.F.);
#11328=ORIENTED_EDGE('',*,*,#11289,.T.);
#11329=EDGE_LOOP('',(#11323,#11325,#11327,#11328));
#11330=FACE_OUTER_BOUND('',#11329,.F.);
#11331=ADVANCED_FACE('',(#11330),#11322,.F.);
#11332=CARTESIAN_POINT('',(-4.65E-1,-1.05E0,-4.75E-1));
#11333=DIRECTION('',(1.E0,0.E0,0.E0));
#11334=DIRECTION('',(0.E0,1.E0,0.E0));
#11335=AXIS2_PLACEMENT_3D('',#11332,#11333,#11334);
#11336=PLANE('',#11335);
#11337=ORIENTED_EDGE('',*,*,#6609,.T.);
#11339=ORIENTED_EDGE('',*,*,#11338,.F.);
#11341=ORIENTED_EDGE('',*,*,#11340,.F.);
#11342=ORIENTED_EDGE('',*,*,#11324,.T.);
#11343=EDGE_LOOP('',(#11337,#11339,#11341,#11342));
#11344=FACE_OUTER_BOUND('',#11343,.F.);
#11345=ADVANCED_FACE('',(#11344),#11336,.T.);
#11346=CARTESIAN_POINT('',(-4.65E-1,-1.05E0,-4.75E-1));
#11347=DIRECTION('',(1.E0,0.E0,0.E0));
#11348=DIRECTION('',(0.E0,1.E0,0.E0));
#11349=AXIS2_PLACEMENT_3D('',#11346,#11347,#11348);
#11350=PLANE('',#11349);
#11351=ORIENTED_EDGE('',*,*,#7105,.T.);
#11353=ORIENTED_EDGE('',*,*,#11352,.T.);
#11354=ORIENTED_EDGE('',*,*,#8767,.T.);
#11356=ORIENTED_EDGE('',*,*,#11355,.T.);
#11358=ORIENTED_EDGE('',*,*,#11357,.T.);
#11360=ORIENTED_EDGE('',*,*,#11359,.F.);
#11362=ORIENTED_EDGE('',*,*,#11361,.F.);
#11363=ORIENTED_EDGE('',*,*,#7406,.F.);
#11364=EDGE_LOOP('',(#11351,#11353,#11354,#11356,#11358,#11360,#11362,#11363));
#11365=FACE_OUTER_BOUND('',#11364,.F.);
#11366=ADVANCED_FACE('',(#11365),#11350,.T.);
#11367=CARTESIAN_POINT('',(-6.25E-1,-1.05E0,-1.75E-1));
#11368=DIRECTION('',(0.E0,0.E0,1.E0));
#11369=DIRECTION('',(1.E0,0.E0,0.E0));
#11370=AXIS2_PLACEMENT_3D('',#11367,#11368,#11369);
#11371=PLANE('',#11370);
#11372=ORIENTED_EDGE('',*,*,#6607,.F.);
#11373=ORIENTED_EDGE('',*,*,#11293,.F.);
#11375=ORIENTED_EDGE('',*,*,#11374,.F.);
#11376=ORIENTED_EDGE('',*,*,#11338,.T.);
#11377=EDGE_LOOP('',(#11372,#11373,#11375,#11376));
#11378=FACE_OUTER_BOUND('',#11377,.F.);
#11379=ADVANCED_FACE('',(#11378),#11371,.T.);
#11380=CARTESIAN_POINT('',(-5.062144947781E-1,2.849644625731E-1,
-2.801691289908E-1));
#11381=CARTESIAN_POINT('',(-4.532184676493E-1,1.478824537169E-1,
-2.081171738982E-1));
#11382=CARTESIAN_POINT('',(-4.274533451839E-1,7.355263786409E-3,
-1.730876151291E-1));
#11383=CARTESIAN_POINT('',(-4.289191273818E-1,-1.366171072182E-1,
-1.750804526836E-1));
#11384=CARTESIAN_POINT('',(-5.296599094178E-1,2.849972516309E-1,
-2.801691289908E-1));
#11385=CARTESIAN_POINT('',(-4.871240291560E-1,1.474526542508E-1,
-2.081171738982E-1));
#11386=CARTESIAN_POINT('',(-4.664443249688E-1,6.926716110621E-3,
-1.730876151291E-1));
#11387=CARTESIAN_POINT('',(-4.676207968563E-1,-1.365805627896E-1,
-1.750804526836E-1));
#11388=CARTESIAN_POINT('',(-5.692550778251E-1,2.850365920376E-1,
-2.801691289908E-1));
#11389=CARTESIAN_POINT('',(-5.443845399396E-1,1.469369796038E-1,
-2.081171738982E-1));
#11390=CARTESIAN_POINT('',(-5.322932099075E-1,6.412543365280E-3,
-1.730876151291E-1));
#11391=CARTESIAN_POINT('',(-5.329810877290E-1,-1.365367166780E-1,
-1.750804526836E-1));
#11392=CARTESIAN_POINT('',(-6.25E-1,2.850528401679E-1,-2.801691289908E-1));
#11393=CARTESIAN_POINT('',(-6.25E-1,1.467239988652E-1,-2.081171738982E-1));
#11394=CARTESIAN_POINT('',(-6.25E-1,6.200182932703E-3,-1.730876151291E-1));
#11395=CARTESIAN_POINT('',(-6.25E-1,-1.365186076295E-1,-1.750804526836E-1));
#11396=CARTESIAN_POINT('',(-6.807449221749E-1,2.850365920376E-1,
-2.801691289908E-1));
#11397=CARTESIAN_POINT('',(-7.056154600604E-1,1.469369796038E-1,
-2.081171738982E-1));
#11398=CARTESIAN_POINT('',(-7.177067900925E-1,6.412543365280E-3,
-1.730876151291E-1));
#11399=CARTESIAN_POINT('',(-7.170189122710E-1,-1.365367166780E-1,
-1.750804526836E-1));
#11400=CARTESIAN_POINT('',(-7.203400905822E-1,2.849972516309E-1,
-2.801691289908E-1));
#11401=CARTESIAN_POINT('',(-7.628759708440E-1,1.474526542508E-1,
-2.081171738982E-1));
#11402=CARTESIAN_POINT('',(-7.835556750312E-1,6.926716110621E-3,
-1.730876151291E-1));
#11403=CARTESIAN_POINT('',(-7.823792031437E-1,-1.365805627896E-1,
-1.750804526836E-1));
#11404=CARTESIAN_POINT('',(-7.437855052219E-1,2.849644625731E-1,
-2.801691289908E-1));
#11405=CARTESIAN_POINT('',(-7.967815323507E-1,1.478824537169E-1,
-2.081171738982E-1));
#11406=CARTESIAN_POINT('',(-8.225466548161E-1,7.355263786409E-3,
-1.730876151291E-1));
#11407=CARTESIAN_POINT('',(-8.210808726182E-1,-1.366171072182E-1,
-1.750804526836E-1));
#11408=B_SPLINE_SURFACE_WITH_KNOTS('',3,3,((#11380,#11381,#11382,#11383),
(#11384,#11385,#11386,#11387),(#11388,#11389,#11390,#11391),(#11392,#11393,
#11394,#11395),(#11396,#11397,#11398,#11399),(#11400,#11401,#11402,#11403),(
#11404,#11405,#11406,#11407)),.UNSPECIFIED.,.F.,.F.,.F.,(4,1,1,1,4),(4,4),(
-1.129376487271E-1,2.5E-1,5.E-1,7.5E-1,1.112937648727E0),(-1.020800380456E-2,
4.113456729120E-1),.UNSPECIFIED.);
#11410=ORIENTED_EDGE('',*,*,#11409,.F.);
#11412=ORIENTED_EDGE('',*,*,#11411,.T.);
#11413=ORIENTED_EDGE('',*,*,#11374,.T.);
#11415=ORIENTED_EDGE('',*,*,#11414,.F.);
#11416=EDGE_LOOP('',(#11410,#11412,#11413,#11415));
#11417=FACE_OUTER_BOUND('',#11416,.F.);
#11418=ADVANCED_FACE('',(#11417),#11408,.T.);
#11419=CARTESIAN_POINT('',(-6.25E-1,2.75E-1,-4.75E-1));
#11420=DIRECTION('',(0.E0,-1.E0,0.E0));
#11421=DIRECTION('',(0.E0,0.E0,-1.E0));
#11422=AXIS2_PLACEMENT_3D('',#11419,#11420,#11421);
#11423=PLANE('',#11422);
#11424=ORIENTED_EDGE('',*,*,#11409,.T.);
#11426=ORIENTED_EDGE('',*,*,#11425,.T.);
#11428=ORIENTED_EDGE('',*,*,#11427,.T.);
#11430=ORIENTED_EDGE('',*,*,#11429,.T.);
#11431=EDGE_LOOP('',(#11424,#11426,#11428,#11430));
#11432=FACE_OUTER_BOUND('',#11431,.F.);
#11433=ADVANCED_FACE('',(#11432),#11423,.F.);
#11434=CARTESIAN_POINT('',(-7.218985226055E-1,2.849555100070E-1,
-2.581653885196E-1));
#11435=CARTESIAN_POINT('',(-7.651181270685E-1,1.480364532166E-1,
-1.779975135696E-1));
#11436=CARTESIAN_POINT('',(-7.861361807074E-1,7.547482004589E-3,
-1.390112082402E-1));
#11437=CARTESIAN_POINT('',(-7.849526835220E-1,-1.365114036291E-1,
-1.412064725315E-1));
#11438=CARTESIAN_POINT('',(-7.218985226055E-1,2.850254352060E-1,
-2.979717805115E-1));
#11439=CARTESIAN_POINT('',(-7.651181270685E-1,1.471201366365E-1,
-2.325210848607E-1));
#11440=CARTESIAN_POINT('',(-7.861361807074E-1,6.633569618650E-3,
-2.006918664081E-1));
#11441=CARTESIAN_POINT('',(-7.849526835220E-1,-1.364342658475E-1,
-2.024841251538E-1));
#11442=CARTESIAN_POINT('',(-7.218985226055E-1,2.851194487553E-1,
-3.702499843383E-1));
#11443=CARTESIAN_POINT('',(-7.651181270685E-1,1.458881605359E-1,
-3.315219136708E-1));
#11444=CARTESIAN_POINT('',(-7.861361807074E-1,5.404825926915E-3,
-3.126881303280E-1));
#11445=CARTESIAN_POINT('',(-7.849526835220E-1,-1.363305550716E-1,
-3.137486343099E-1));
#11446=CARTESIAN_POINT('',(-7.218985226055E-1,2.851631586143E-1,-4.75E-1));
#11447=CARTESIAN_POINT('',(-7.651181270685E-1,1.453153760585E-1,-4.75E-1));
#11448=CARTESIAN_POINT('',(-7.861361807074E-1,4.833544298195E-3,-4.75E-1));
#11449=CARTESIAN_POINT('',(-7.849526835220E-1,-1.362823366666E-1,-4.75E-1));
#11450=CARTESIAN_POINT('',(-7.218985226055E-1,2.851194487553E-1,
-5.797500156617E-1));
#11451=CARTESIAN_POINT('',(-7.651181270685E-1,1.458881605359E-1,
-6.184780863292E-1));
#11452=CARTESIAN_POINT('',(-7.861361807074E-1,5.404825926915E-3,
-6.373118696720E-1));
#11453=CARTESIAN_POINT('',(-7.849526835220E-1,-1.363305550716E-1,
-6.362513656901E-1));
#11454=CARTESIAN_POINT('',(-7.218985226055E-1,2.850254352060E-1,
-6.520282194885E-1));
#11455=CARTESIAN_POINT('',(-7.651181270685E-1,1.471201366365E-1,
-7.174789151393E-1));
#11456=CARTESIAN_POINT('',(-7.861361807074E-1,6.633569618650E-3,
-7.493081335919E-1));
#11457=CARTESIAN_POINT('',(-7.849526835220E-1,-1.364342658475E-1,
-7.475158748462E-1));
#11458=CARTESIAN_POINT('',(-7.218985226055E-1,2.849555100070E-1,
-6.918346114804E-1));
#11459=CARTESIAN_POINT('',(-7.651181270685E-1,1.480364532166E-1,
-7.720024864304E-1));
#11460=CARTESIAN_POINT('',(-7.861361807074E-1,7.547482004589E-3,
-8.109887917598E-1));
#11461=CARTESIAN_POINT('',(-7.849526835220E-1,-1.365114036291E-1,
-8.087935274685E-1));
#11462=B_SPLINE_SURFACE_WITH_KNOTS('',3,3,((#11434,#11435,#11436,#11437),
(#11438,#11439,#11440,#11441),(#11442,#11443,#11444,#11445),(#11446,#11447,
#11448,#11449),(#11450,#11451,#11452,#11453),(#11454,#11455,#11456,#11457),(
#11458,#11459,#11460,#11461)),.UNSPECIFIED.,.F.,.F.,.F.,(4,1,1,1,4),(4,4),(
-5.646882436354E-2,2.5E-1,5.E-1,7.5E-1,1.056468824364E0),(-1.020800380456E-2,
4.112328658242E-1),.UNSPECIFIED.);
#11463=ORIENTED_EDGE('',*,*,#11425,.F.);
#11464=ORIENTED_EDGE('',*,*,#11414,.T.);
#11465=ORIENTED_EDGE('',*,*,#11291,.T.);
#11467=ORIENTED_EDGE('',*,*,#11466,.F.);
#11468=EDGE_LOOP('',(#11463,#11464,#11465,#11467));
#11469=FACE_OUTER_BOUND('',#11468,.F.);
#11470=ADVANCED_FACE('',(#11469),#11462,.T.);
#11471=CARTESIAN_POINT('',(-7.437855052219E-1,2.849644625731E-1,
-6.698308710092E-1));
#11472=CARTESIAN_POINT('',(-7.967815323507E-1,1.478824537169E-1,
-7.418828261018E-1));
#11473=CARTESIAN_POINT('',(-8.225466548161E-1,7.355263786409E-3,
-7.769123848709E-1));
#11474=CARTESIAN_POINT('',(-8.210808726182E-1,-1.366171072182E-1,
-7.749195473164E-1));
#11475=CARTESIAN_POINT('',(-7.203400905822E-1,2.849972516309E-1,
-6.698308710092E-1));
#11476=CARTESIAN_POINT('',(-7.628759708440E-1,1.474526542508E-1,
-7.418828261018E-1));
#11477=CARTESIAN_POINT('',(-7.835556750312E-1,6.926716110621E-3,
-7.769123848709E-1));
#11478=CARTESIAN_POINT('',(-7.823792031437E-1,-1.365805627896E-1,
-7.749195473164E-1));
#11479=CARTESIAN_POINT('',(-6.807449221749E-1,2.850365920376E-1,
-6.698308710092E-1));
#11480=CARTESIAN_POINT('',(-7.056154600604E-1,1.469369796038E-1,
-7.418828261018E-1));
#11481=CARTESIAN_POINT('',(-7.177067900925E-1,6.412543365280E-3,
-7.769123848709E-1));
#11482=CARTESIAN_POINT('',(-7.170189122710E-1,-1.365367166780E-1,
-7.749195473164E-1));
#11483=CARTESIAN_POINT('',(-6.25E-1,2.850528401679E-1,-6.698308710092E-1));
#11484=CARTESIAN_POINT('',(-6.25E-1,1.467239988652E-1,-7.418828261018E-1));
#11485=CARTESIAN_POINT('',(-6.25E-1,6.200182932703E-3,-7.769123848709E-1));
#11486=CARTESIAN_POINT('',(-6.25E-1,-1.365186076295E-1,-7.749195473164E-1));
#11487=CARTESIAN_POINT('',(-5.692550778251E-1,2.850365920376E-1,
-6.698308710092E-1));
#11488=CARTESIAN_POINT('',(-5.443845399396E-1,1.469369796038E-1,
-7.418828261018E-1));
#11489=CARTESIAN_POINT('',(-5.322932099075E-1,6.412543365280E-3,
-7.769123848709E-1));
#11490=CARTESIAN_POINT('',(-5.329810877290E-1,-1.365367166780E-1,
-7.749195473164E-1));
#11491=CARTESIAN_POINT('',(-5.296599094178E-1,2.849972516309E-1,
-6.698308710092E-1));
#11492=CARTESIAN_POINT('',(-4.871240291560E-1,1.474526542508E-1,
-7.418828261018E-1));
#11493=CARTESIAN_POINT('',(-4.664443249688E-1,6.926716110621E-3,
-7.769123848709E-1));
#11494=CARTESIAN_POINT('',(-4.676207968563E-1,-1.365805627896E-1,
-7.749195473164E-1));
#11495=CARTESIAN_POINT('',(-5.062144947781E-1,2.849644625731E-1,
-6.698308710092E-1));
#11496=CARTESIAN_POINT('',(-4.532184676493E-1,1.478824537169E-1,
-7.418828261018E-1));
#11497=CARTESIAN_POINT('',(-4.274533451839E-1,7.355263786409E-3,
-7.769123848709E-1));
#11498=CARTESIAN_POINT('',(-4.289191273818E-1,-1.366171072182E-1,
-7.749195473164E-1));
#11499=B_SPLINE_SURFACE_WITH_KNOTS('',3,3,((#11471,#11472,#11473,#11474),
(#11475,#11476,#11477,#11478),(#11479,#11480,#11481,#11482),(#11483,#11484,
#11485,#11486),(#11487,#11488,#11489,#11490),(#11491,#11492,#11493,#11494),(
#11495,#11496,#11497,#11498)),.UNSPECIFIED.,.F.,.F.,.F.,(4,1,1,1,4),(4,4),(
-1.129376487271E-1,2.5E-1,5.E-1,7.5E-1,1.112937648727E0),(-1.020800380456E-2,
4.113456729120E-1),.UNSPECIFIED.);
#11500=ORIENTED_EDGE('',*,*,#11427,.F.);
#11501=ORIENTED_EDGE('',*,*,#11466,.T.);
#11502=ORIENTED_EDGE('',*,*,#11326,.T.);
#11504=ORIENTED_EDGE('',*,*,#11503,.F.);
#11505=EDGE_LOOP('',(#11500,#11501,#11502,#11504));
#11506=FACE_OUTER_BOUND('',#11505,.F.);
#11507=ADVANCED_FACE('',(#11506),#11499,.T.);
#11508=CARTESIAN_POINT('',(-5.281014773945E-1,2.849555100070E-1,
-6.918346114804E-1));
#11509=CARTESIAN_POINT('',(-4.848818729315E-1,1.480364532166E-1,
-7.720024864304E-1));
#11510=CARTESIAN_POINT('',(-4.638638192926E-1,7.547482004589E-3,
-8.109887917598E-1));
#11511=CARTESIAN_POINT('',(-4.650473164780E-1,-1.365114036291E-1,
-8.087935274685E-1));
#11512=CARTESIAN_POINT('',(-5.281014773945E-1,2.850254352060E-1,
-6.520282194885E-1));
#11513=CARTESIAN_POINT('',(-4.848818729315E-1,1.471201366365E-1,
-7.174789151393E-1));
#11514=CARTESIAN_POINT('',(-4.638638192926E-1,6.633569618650E-3,
-7.493081335919E-1));
#11515=CARTESIAN_POINT('',(-4.650473164780E-1,-1.364342658475E-1,
-7.475158748462E-1));
#11516=CARTESIAN_POINT('',(-5.281014773945E-1,2.851194487553E-1,
-5.797500156617E-1));
#11517=CARTESIAN_POINT('',(-4.848818729315E-1,1.458881605359E-1,
-6.184780863292E-1));
#11518=CARTESIAN_POINT('',(-4.638638192926E-1,5.404825926915E-3,
-6.373118696720E-1));
#11519=CARTESIAN_POINT('',(-4.650473164780E-1,-1.363305550716E-1,
-6.362513656901E-1));
#11520=CARTESIAN_POINT('',(-5.281014773945E-1,2.851631586143E-1,-4.75E-1));
#11521=CARTESIAN_POINT('',(-4.848818729315E-1,1.453153760585E-1,-4.75E-1));
#11522=CARTESIAN_POINT('',(-4.638638192926E-1,4.833544298195E-3,-4.75E-1));
#11523=CARTESIAN_POINT('',(-4.650473164780E-1,-1.362823366666E-1,-4.75E-1));
#11524=CARTESIAN_POINT('',(-5.281014773945E-1,2.851194487553E-1,
-3.702499843383E-1));
#11525=CARTESIAN_POINT('',(-4.848818729315E-1,1.458881605359E-1,
-3.315219136708E-1));
#11526=CARTESIAN_POINT('',(-4.638638192926E-1,5.404825926915E-3,
-3.126881303280E-1));
#11527=CARTESIAN_POINT('',(-4.650473164780E-1,-1.363305550716E-1,
-3.137486343099E-1));
#11528=CARTESIAN_POINT('',(-5.281014773945E-1,2.850254352060E-1,
-2.979717805115E-1));
#11529=CARTESIAN_POINT('',(-4.848818729315E-1,1.471201366365E-1,
-2.325210848607E-1));
#11530=CARTESIAN_POINT('',(-4.638638192926E-1,6.633569618650E-3,
-2.006918664081E-1));
#11531=CARTESIAN_POINT('',(-4.650473164780E-1,-1.364342658475E-1,
-2.024841251538E-1));
#11532=CARTESIAN_POINT('',(-5.281014773945E-1,2.849555100070E-1,
-2.581653885196E-1));
#11533=CARTESIAN_POINT('',(-4.848818729315E-1,1.480364532166E-1,
-1.779975135696E-1));
#11534=CARTESIAN_POINT('',(-4.638638192926E-1,7.547482004589E-3,
-1.390112082402E-1));
#11535=CARTESIAN_POINT('',(-4.650473164780E-1,-1.365114036291E-1,
-1.412064725315E-1));
#11536=B_SPLINE_SURFACE_WITH_KNOTS('',3,3,((#11508,#11509,#11510,#11511),
(#11512,#11513,#11514,#11515),(#11516,#11517,#11518,#11519),(#11520,#11521,
#11522,#11523),(#11524,#11525,#11526,#11527),(#11528,#11529,#11530,#11531),(
#11532,#11533,#11534,#11535)),.UNSPECIFIED.,.F.,.F.,.F.,(4,1,1,1,4),(4,4),(
-5.646882436354E-2,2.5E-1,5.E-1,7.5E-1,1.056468824364E0),(-1.020800380456E-2,
4.112328658242E-1),.UNSPECIFIED.);
#11537=ORIENTED_EDGE('',*,*,#11429,.F.);
#11538=ORIENTED_EDGE('',*,*,#11503,.T.);
#11539=ORIENTED_EDGE('',*,*,#11340,.T.);
#11540=ORIENTED_EDGE('',*,*,#11411,.F.);
#11541=EDGE_LOOP('',(#11537,#11538,#11539,#11540));
#11542=FACE_OUTER_BOUND('',#11541,.F.);
#11543=ADVANCED_FACE('',(#11542),#11536,.T.);
#11544=CARTESIAN_POINT('',(-4.75E-1,-3.325E0,-1.6E0));
#11545=DIRECTION('',(9.778024140774E-1,2.095290887309E-1,0.E0));
#11546=DIRECTION('',(2.095290887309E-1,-9.778024140774E-1,0.E0));
#11547=AXIS2_PLACEMENT_3D('',#11544,#11545,#11546);
#11548=PLANE('',#11547);
#11549=ORIENTED_EDGE('',*,*,#11352,.F.);
#11550=ORIENTED_EDGE('',*,*,#7119,.T.);
#11552=ORIENTED_EDGE('',*,*,#11551,.F.);
#11553=ORIENTED_EDGE('',*,*,#8769,.F.);
#11554=EDGE_LOOP('',(#11549,#11550,#11552,#11553));
#11555=FACE_OUTER_BOUND('',#11554,.F.);
#11556=ADVANCED_FACE('',(#11555),#11548,.F.);
#11557=CARTESIAN_POINT('',(-4.E-1,-3.675E0,-1.6E0));
#11558=DIRECTION('',(8.320502943378E-1,5.547001962252E-1,0.E0));
#11559=DIRECTION('',(5.547001962252E-1,-8.320502943378E-1,0.E0));
#11560=AXIS2_PLACEMENT_3D('',#11557,#11558,#11559);
#11561=PLANE('',#11560);
#11562=ORIENTED_EDGE('',*,*,#7117,.T.);
#11563=ORIENTED_EDGE('',*,*,#8364,.F.);
#11564=ORIENTED_EDGE('',*,*,#8771,.F.);
#11565=ORIENTED_EDGE('',*,*,#11551,.T.);
#11566=EDGE_LOOP('',(#11562,#11563,#11564,#11565));
#11567=FACE_OUTER_BOUND('',#11566,.F.);
#11568=ADVANCED_FACE('',(#11567),#11561,.F.);
#11569=CARTESIAN_POINT('',(-6.25E-1,-3.3E0,-2.4375E0));
#11570=DIRECTION('',(0.E0,1.E0,0.E0));
#11571=DIRECTION('',(1.E0,0.E0,0.E0));
#11572=AXIS2_PLACEMENT_3D('',#11569,#11570,#11571);
#11573=PLANE('',#11572);
#11574=ORIENTED_EDGE('',*,*,#8765,.F.);
#11575=ORIENTED_EDGE('',*,*,#11311,.T.);
#11577=ORIENTED_EDGE('',*,*,#11576,.T.);
#11578=ORIENTED_EDGE('',*,*,#11355,.F.);
#11579=EDGE_LOOP('',(#11574,#11575,#11577,#11578));
#11580=FACE_OUTER_BOUND('',#11579,.F.);
#11581=ADVANCED_FACE('',(#11580),#11573,.T.);
#11582=CARTESIAN_POINT('',(-8.211140584592E-1,-3.300017667059E0,
-3.588658947712E0));
#11583=CARTESIAN_POINT('',(-8.220700965562E-1,-3.299367765380E0,
-3.797276576464E0));
#11584=CARTESIAN_POINT('',(-7.966494709927E-1,-3.316648360462E0,
-4.004721429401E0));
#11585=CARTESIAN_POINT('',(-7.448521817687E-1,-3.351859452305E0,
-4.210993506523E0));
#11586=CARTESIAN_POINT('',(-7.824058388943E-1,-3.300017667059E0,
-3.588675758785E0));
#11587=CARTESIAN_POINT('',(-7.831731779615E-1,-3.299367765380E0,
-3.796978475845E0));
#11588=CARTESIAN_POINT('',(-7.627699752361E-1,-3.316648360462E0,
-4.004423215702E0));
#11589=CARTESIAN_POINT('',(-7.211962307181E-1,-3.351859452305E0,
-4.211009978356E0));
#11590=CARTESIAN_POINT('',(-7.170344860746E-1,-3.300017667059E0,
-3.588695830628E0));
#11591=CARTESIAN_POINT('',(-7.174831457761E-1,-3.299367765380E0,
-3.796622553967E0));
#11592=CARTESIAN_POINT('',(-7.055534849052E-1,-3.316648360462E0,
-4.004067158810E0));
#11593=CARTESIAN_POINT('',(-6.812455034619E-1,-3.351859452305E0,
-4.211029645157E0));
#11594=CARTESIAN_POINT('',(-6.25E-1,-3.300017667059E0,-3.588704065939E0));
#11595=CARTESIAN_POINT('',(-6.25E-1,-3.299367765380E0,-3.796476522150E0));
#11596=CARTESIAN_POINT('',(-6.25E-1,-3.316648360462E0,-4.003921071598E0));
#11597=CARTESIAN_POINT('',(-6.25E-1,-3.351859452305E0,-4.211037714284E0));
#11598=CARTESIAN_POINT('',(-5.329655139254E-1,-3.300017667059E0,
-3.588695830628E0));
#11599=CARTESIAN_POINT('',(-5.325168542239E-1,-3.299367765380E0,
-3.796622553967E0));
#11600=CARTESIAN_POINT('',(-5.444465150948E-1,-3.316648360462E0,
-4.004067158810E0));
#11601=CARTESIAN_POINT('',(-5.687544965381E-1,-3.351859452305E0,
-4.211029645157E0));
#11602=CARTESIAN_POINT('',(-4.675941611057E-1,-3.300017667059E0,
-3.588675758785E0));
#11603=CARTESIAN_POINT('',(-4.668268220385E-1,-3.299367765380E0,
-3.796978475845E0));
#11604=CARTESIAN_POINT('',(-4.872300247639E-1,-3.316648360462E0,
-4.004423215702E0));
#11605=CARTESIAN_POINT('',(-5.288037692819E-1,-3.351859452305E0,
-4.211009978356E0));
#11606=CARTESIAN_POINT('',(-4.288859415408E-1,-3.300017667059E0,
-3.588658947712E0));
#11607=CARTESIAN_POINT('',(-4.279299034438E-1,-3.299367765380E0,
-3.797276576464E0));
#11608=CARTESIAN_POINT('',(-4.533505290073E-1,-3.316648360462E0,
-4.004721429401E0));
#11609=CARTESIAN_POINT('',(-5.051478182313E-1,-3.351859452305E0,
-4.210993506523E0));
#11610=B_SPLINE_SURFACE_WITH_KNOTS('',3,3,((#11582,#11583,#11584,#11585),
(#11586,#11587,#11588,#11589),(#11590,#11591,#11592,#11593),(#11594,#11595,
#11596,#11597),(#11598,#11599,#11600,#11601),(#11602,#11603,#11604,#11605),(
#11606,#11607,#11608,#11609)),.UNSPECIFIED.,.F.,.F.,.F.,(4,1,1,1,4),(4,4),(
-1.129376487271E-1,2.5E-1,5.E-1,7.5E-1,1.112937648727E0),(6.520358638458E0,
7.142691933436E0),.UNSPECIFIED.);
#11611=ORIENTED_EDGE('',*,*,#11576,.F.);
#11613=ORIENTED_EDGE('',*,*,#11612,.T.);
#11615=ORIENTED_EDGE('',*,*,#11614,.T.);
#11617=ORIENTED_EDGE('',*,*,#11616,.F.);
#11618=EDGE_LOOP('',(#11611,#11613,#11615,#11617));
#11619=FACE_OUTER_BOUND('',#11618,.F.);
#11620=ADVANCED_FACE('',(#11619),#11610,.T.);
#11621=CARTESIAN_POINT('',(-7.849787469788E-1,-3.681601630438E0,
-3.588651405128E0));
#11622=CARTESIAN_POINT('',(-7.857596124842E-1,-3.682369937178E0,
-3.797152043781E0));
#11623=CARTESIAN_POINT('',(-7.650229159027E-1,-3.661966751687E0,
-4.004601533104E0));
#11624=CARTESIAN_POINT('',(-7.227686572342E-1,-3.620392073967E0,
-4.210999873096E0));
#11625=CARTESIAN_POINT('',(-7.849787469788E-1,-3.641898135150E0,
-3.588661968774E0));
#11626=CARTESIAN_POINT('',(-7.857596124842E-1,-3.642518793186E0,
-3.796964961016E0));
#11627=CARTESIAN_POINT('',(-7.650229159027E-1,-3.626036572778E0,
-4.004414374936E0));
#11628=CARTESIAN_POINT('',(-7.227686572342E-1,-3.592451473927E0,
-4.211010210532E0));
#11629=CARTESIAN_POINT('',(-7.849787469788E-1,-3.573030925004E0,
-3.588675046192E0));
#11630=CARTESIAN_POINT('',(-7.857596124842E-1,-3.573395480793E0,
-3.796733359208E0));
#11631=CARTESIAN_POINT('',(-7.650229159027E-1,-3.563714322216E0,
-4.004182679780E0));
#11632=CARTESIAN_POINT('',(-7.227686572342E-1,-3.543987449271E0,
-4.211023007910E0));
#11633=CARTESIAN_POINT('',(-7.849787469788E-1,-3.475E0,-3.588680606705E0));
#11634=CARTESIAN_POINT('',(-7.857596124842E-1,-3.475E0,-3.796634882221E0));
#11635=CARTESIAN_POINT('',(-7.650229159027E-1,-3.475E0,-4.004084163103E0));
#11636=CARTESIAN_POINT('',(-7.227686572342E-1,-3.475E0,-4.211028449350E0));
#11637=CARTESIAN_POINT('',(-7.849787469788E-1,-3.376969074996E0,
-3.588675046192E0));
#11638=CARTESIAN_POINT('',(-7.857596124842E-1,-3.376604519207E0,
-3.796733359208E0));
#11639=CARTESIAN_POINT('',(-7.650229159027E-1,-3.386285677784E0,
-4.004182679780E0));
#11640=CARTESIAN_POINT('',(-7.227686572342E-1,-3.406012550729E0,
-4.211023007910E0));
#11641=CARTESIAN_POINT('',(-7.849787469788E-1,-3.308101864850E0,
-3.588661968774E0));
#11642=CARTESIAN_POINT('',(-7.857596124842E-1,-3.307481206814E0,
-3.796964961016E0));
#11643=CARTESIAN_POINT('',(-7.650229159027E-1,-3.323963427222E0,
-4.004414374936E0));
#11644=CARTESIAN_POINT('',(-7.227686572342E-1,-3.357548526073E0,
-4.211010210532E0));
#11645=CARTESIAN_POINT('',(-7.849787469788E-1,-3.268398369562E0,
-3.588651405128E0));
#11646=CARTESIAN_POINT('',(-7.857596124842E-1,-3.267630062822E0,
-3.797152043781E0));
#11647=CARTESIAN_POINT('',(-7.650229159027E-1,-3.288033248313E0,
-4.004601533104E0));
#11648=CARTESIAN_POINT('',(-7.227686572342E-1,-3.329607926033E0,
-4.210999873096E0));
#11649=B_SPLINE_SURFACE_WITH_KNOTS('',3,3,((#11621,#11622,#11623,#11624),
(#11625,#11626,#11627,#11628),(#11629,#11630,#11631,#11632),(#11633,#11634,
#11635,#11636),(#11637,#11638,#11639,#11640),(#11641,#11642,#11643,#11644),(
#11645,#11646,#11647,#11648)),.UNSPECIFIED.,.F.,.F.,.F.,(4,1,1,1,4),(4,4),(
-9.035011898166E-2,2.5E-1,5.E-1,7.5E-1,1.090350118982E0),(6.520344668989E0,
7.142691933436E0),.UNSPECIFIED.);
#11650=ORIENTED_EDGE('',*,*,#11309,.F.);
#11652=ORIENTED_EDGE('',*,*,#11651,.T.);
#11654=ORIENTED_EDGE('',*,*,#11653,.T.);
#11655=ORIENTED_EDGE('',*,*,#11612,.F.);
#11656=EDGE_LOOP('',(#11650,#11652,#11654,#11655));
#11657=FACE_OUTER_BOUND('',#11656,.F.);
#11658=ADVANCED_FACE('',(#11657),#11649,.T.);
#11659=CARTESIAN_POINT('',(-4.288859415408E-1,-3.649982332941E0,
-3.588658947712E0));
#11660=CARTESIAN_POINT('',(-4.279299034438E-1,-3.650632234620E0,
-3.797276576464E0));
#11661=CARTESIAN_POINT('',(-4.533505290073E-1,-3.633351639538E0,
-4.004721429401E0));
#11662=CARTESIAN_POINT('',(-5.051478182313E-1,-3.598140547695E0,
-4.210993506523E0));
#11663=CARTESIAN_POINT('',(-4.675941611057E-1,-3.649982332941E0,
-3.588675758785E0));
#11664=CARTESIAN_POINT('',(-4.668268220385E-1,-3.650632234620E0,
-3.796978475845E0));
#11665=CARTESIAN_POINT('',(-4.872300247639E-1,-3.633351639538E0,
-4.004423215702E0));
#11666=CARTESIAN_POINT('',(-5.288037692819E-1,-3.598140547695E0,
-4.211009978356E0));
#11667=CARTESIAN_POINT('',(-5.329655139254E-1,-3.649982332941E0,
-3.588695830628E0));
#11668=CARTESIAN_POINT('',(-5.325168542239E-1,-3.650632234620E0,
-3.796622553967E0));
#11669=CARTESIAN_POINT('',(-5.444465150948E-1,-3.633351639538E0,
-4.004067158810E0));
#11670=CARTESIAN_POINT('',(-5.687544965381E-1,-3.598140547695E0,
-4.211029645157E0));
#11671=CARTESIAN_POINT('',(-6.25E-1,-3.649982332941E0,-3.588704065939E0));
#11672=CARTESIAN_POINT('',(-6.25E-1,-3.650632234620E0,-3.796476522150E0));
#11673=CARTESIAN_POINT('',(-6.25E-1,-3.633351639538E0,-4.003921071598E0));
#11674=CARTESIAN_POINT('',(-6.25E-1,-3.598140547695E0,-4.211037714284E0));
#11675=CARTESIAN_POINT('',(-7.170344860746E-1,-3.649982332941E0,
-3.588695830628E0));
#11676=CARTESIAN_POINT('',(-7.174831457761E-1,-3.650632234620E0,
-3.796622553967E0));
#11677=CARTESIAN_POINT('',(-7.055534849052E-1,-3.633351639538E0,
-4.004067158810E0));
#11678=CARTESIAN_POINT('',(-6.812455034619E-1,-3.598140547695E0,
-4.211029645157E0));
#11679=CARTESIAN_POINT('',(-7.824058388943E-1,-3.649982332941E0,
-3.588675758785E0));
#11680=CARTESIAN_POINT('',(-7.831731779615E-1,-3.650632234620E0,
-3.796978475845E0));
#11681=CARTESIAN_POINT('',(-7.627699752361E-1,-3.633351639538E0,
-4.004423215702E0));
#11682=CARTESIAN_POINT('',(-7.211962307181E-1,-3.598140547695E0,
-4.211009978356E0));
#11683=CARTESIAN_POINT('',(-8.211140584592E-1,-3.649982332941E0,
-3.588658947712E0));
#11684=CARTESIAN_POINT('',(-8.220700965562E-1,-3.650632234620E0,
-3.797276576464E0));
#11685=CARTESIAN_POINT('',(-7.966494709927E-1,-3.633351639538E0,
-4.004721429401E0));
#11686=CARTESIAN_POINT('',(-7.448521817687E-1,-3.598140547695E0,
-4.210993506523E0));
#11687=B_SPLINE_SURFACE_WITH_KNOTS('',3,3,((#11659,#11660,#11661,#11662),
(#11663,#11664,#11665,#11666),(#11667,#11668,#11669,#11670),(#11671,#11672,
#11673,#11674),(#11675,#11676,#11677,#11678),(#11679,#11680,#11681,#11682),(
#11683,#11684,#11685,#11686)),.UNSPECIFIED.,.F.,.F.,.F.,(4,1,1,1,4),(4,4),(
-1.129376487271E-1,2.5E-1,5.E-1,7.5E-1,1.112937648727E0),(6.520358638458E0,
7.142691933436E0),.UNSPECIFIED.);
#11689=ORIENTED_EDGE('',*,*,#11688,.F.);
#11691=ORIENTED_EDGE('',*,*,#11690,.T.);
#11693=ORIENTED_EDGE('',*,*,#11692,.T.);
#11694=ORIENTED_EDGE('',*,*,#11651,.F.);
#11695=EDGE_LOOP('',(#11689,#11691,#11693,#11694));
#11696=FACE_OUTER_BOUND('',#11695,.F.);
#11697=ADVANCED_FACE('',(#11696),#11687,.T.);
#11698=CARTESIAN_POINT('',(-6.25E-1,-3.65E0,-2.4375E0));
#11699=DIRECTION('',(0.E0,1.E0,0.E0));
#11700=DIRECTION('',(1.E0,0.E0,0.E0));
#11701=AXIS2_PLACEMENT_3D('',#11698,#11699,#11700);
#11702=PLANE('',#11701);
#11704=ORIENTED_EDGE('',*,*,#11703,.F.);
#11705=ORIENTED_EDGE('',*,*,#11359,.T.);
#11706=ORIENTED_EDGE('',*,*,#11688,.T.);
#11707=ORIENTED_EDGE('',*,*,#11307,.F.);
#11708=EDGE_LOOP('',(#11704,#11705,#11706,#11707));
#11709=FACE_OUTER_BOUND('',#11708,.F.);
#11710=ADVANCED_FACE('',(#11709),#11702,.F.);
#11711=CARTESIAN_POINT('',(-6.25E-1,-2.675E0,-1.275E0));
#11712=DIRECTION('',(1.E0,0.E0,0.E0));
#11713=DIRECTION('',(0.E0,0.E0,1.E0));
#11714=AXIS2_PLACEMENT_3D('',#11711,#11712,#11713);
#11715=CYLINDRICAL_SURFACE('',#11714,9.75E-1);
#11716=ORIENTED_EDGE('',*,*,#11361,.T.);
#11717=ORIENTED_EDGE('',*,*,#11703,.T.);
#11718=ORIENTED_EDGE('',*,*,#11305,.F.);
#11719=ORIENTED_EDGE('',*,*,#7408,.T.);
#11720=EDGE_LOOP('',(#11716,#11717,#11718,#11719));
#11721=FACE_OUTER_BOUND('',#11720,.F.);
#11722=ADVANCED_FACE('',(#11721),#11715,.T.);
#11723=CARTESIAN_POINT('',(-4.650212530212E-1,-3.268398369562E0,
-3.588651405128E0));
#11724=CARTESIAN_POINT('',(-4.642403875158E-1,-3.267630062822E0,
-3.797152043781E0));
#11725=CARTESIAN_POINT('',(-4.849770840973E-1,-3.288033248313E0,
-4.004601533104E0));
#11726=CARTESIAN_POINT('',(-5.272313427658E-1,-3.329607926033E0,
-4.210999873096E0));
#11727=CARTESIAN_POINT('',(-4.650212530212E-1,-3.308101864850E0,
-3.588661968774E0));
#11728=CARTESIAN_POINT('',(-4.642403875158E-1,-3.307481206814E0,
-3.796964961016E0));
#11729=CARTESIAN_POINT('',(-4.849770840973E-1,-3.323963427222E0,
-4.004414374936E0));
#11730=CARTESIAN_POINT('',(-5.272313427658E-1,-3.357548526073E0,
-4.211010210532E0));
#11731=CARTESIAN_POINT('',(-4.650212530212E-1,-3.376969074996E0,
-3.588675046192E0));
#11732=CARTESIAN_POINT('',(-4.642403875158E-1,-3.376604519207E0,
-3.796733359208E0));
#11733=CARTESIAN_POINT('',(-4.849770840973E-1,-3.386285677784E0,
-4.004182679780E0));
#11734=CARTESIAN_POINT('',(-5.272313427658E-1,-3.406012550729E0,
-4.211023007910E0));
#11735=CARTESIAN_POINT('',(-4.650212530212E-1,-3.475E0,-3.588680606705E0));
#11736=CARTESIAN_POINT('',(-4.642403875158E-1,-3.475E0,-3.796634882221E0));
#11737=CARTESIAN_POINT('',(-4.849770840973E-1,-3.475E0,-4.004084163103E0));
#11738=CARTESIAN_POINT('',(-5.272313427658E-1,-3.475E0,-4.211028449350E0));
#11739=CARTESIAN_POINT('',(-4.650212530212E-1,-3.573030925004E0,
-3.588675046192E0));
#11740=CARTESIAN_POINT('',(-4.642403875158E-1,-3.573395480793E0,
-3.796733359208E0));
#11741=CARTESIAN_POINT('',(-4.849770840973E-1,-3.563714322216E0,
-4.004182679780E0));
#11742=CARTESIAN_POINT('',(-5.272313427658E-1,-3.543987449271E0,
-4.211023007910E0));
#11743=CARTESIAN_POINT('',(-4.650212530212E-1,-3.641898135150E0,
-3.588661968774E0));
#11744=CARTESIAN_POINT('',(-4.642403875158E-1,-3.642518793186E0,
-3.796964961016E0));
#11745=CARTESIAN_POINT('',(-4.849770840973E-1,-3.626036572778E0,
-4.004414374936E0));
#11746=CARTESIAN_POINT('',(-5.272313427658E-1,-3.592451473927E0,
-4.211010210532E0));
#11747=CARTESIAN_POINT('',(-4.650212530212E-1,-3.681601630438E0,
-3.588651405128E0));
#11748=CARTESIAN_POINT('',(-4.642403875158E-1,-3.682369937178E0,
-3.797152043781E0));
#11749=CARTESIAN_POINT('',(-4.849770840973E-1,-3.661966751687E0,
-4.004601533104E0));
#11750=CARTESIAN_POINT('',(-5.272313427658E-1,-3.620392073967E0,
-4.210999873096E0));
#11751=B_SPLINE_SURFACE_WITH_KNOTS('',3,3,((#11723,#11724,#11725,#11726),
(#11727,#11728,#11729,#11730),(#11731,#11732,#11733,#11734),(#11735,#11736,
#11737,#11738),(#11739,#11740,#11741,#11742),(#11743,#11744,#11745,#11746),(
#11747,#11748,#11749,#11750)),.UNSPECIFIED.,.F.,.F.,.F.,(4,1,1,1,4),(4,4),(
-9.035011898166E-2,2.5E-1,5.E-1,7.5E-1,1.090350118982E0),(6.520344668989E0,
7.142691933436E0),.UNSPECIFIED.);
#11752=ORIENTED_EDGE('',*,*,#11357,.F.);
#11753=ORIENTED_EDGE('',*,*,#11616,.T.);
#11755=ORIENTED_EDGE('',*,*,#11754,.T.);
#11756=ORIENTED_EDGE('',*,*,#11690,.F.);
#11757=EDGE_LOOP('',(#11752,#11753,#11755,#11756));
#11758=FACE_OUTER_BOUND('',#11757,.F.);
#11759=ADVANCED_FACE('',(#11758),#11751,.T.);
#11760=CARTESIAN_POINT('',(-6.25E-1,-3.475E0,-4.2E0));
#11761=DIRECTION('',(0.E0,0.E0,-1.E0));
#11762=DIRECTION('',(0.E0,1.E0,0.E0));
#11763=AXIS2_PLACEMENT_3D('',#11760,#11761,#11762);
#11764=PLANE('',#11763);
#11765=ORIENTED_EDGE('',*,*,#11692,.F.);
#11766=ORIENTED_EDGE('',*,*,#11754,.F.);
#11767=ORIENTED_EDGE('',*,*,#11614,.F.);
#11768=ORIENTED_EDGE('',*,*,#11653,.F.);
#11769=EDGE_LOOP('',(#11765,#11766,#11767,#11768));
#11770=FACE_OUTER_BOUND('',#11769,.F.);
#11771=ADVANCED_FACE('',(#11770),#11764,.T.);
#11772=CARTESIAN_POINT('',(3.E-1,-3.825E0,-1.6E0));
#11773=DIRECTION('',(-8.320502943378E-1,5.547001962252E-1,0.E0));
#11774=DIRECTION('',(5.547001962252E-1,8.320502943378E-1,0.E0));
#11775=AXIS2_PLACEMENT_3D('',#11772,#11773,#11774);
#11776=PLANE('',#11775);
#11777=ORIENTED_EDGE('',*,*,#7113,.T.);
#11779=ORIENTED_EDGE('',*,*,#11778,.F.);
#11780=ORIENTED_EDGE('',*,*,#8774,.F.);
#11781=ORIENTED_EDGE('',*,*,#8360,.T.);
#11782=EDGE_LOOP('',(#11777,#11779,#11780,#11781));
#11783=FACE_OUTER_BOUND('',#11782,.F.);
#11784=ADVANCED_FACE('',(#11783),#11776,.F.);
#11785=CARTESIAN_POINT('',(4.E-1,-3.675E0,-1.6E0));
#11786=DIRECTION('',(-9.778024140774E-1,2.095290887309E-1,0.E0));
#11787=DIRECTION('',(2.095290887309E-1,9.778024140774E-1,0.E0));
#11788=AXIS2_PLACEMENT_3D('',#11785,#11786,#11787);
#11789=PLANE('',#11788);
#11791=ORIENTED_EDGE('',*,*,#11790,.T.);
#11792=ORIENTED_EDGE('',*,*,#8776,.F.);
#11793=ORIENTED_EDGE('',*,*,#11778,.T.);
#11794=ORIENTED_EDGE('',*,*,#7111,.T.);
#11795=EDGE_LOOP('',(#11791,#11792,#11793,#11794));
#11796=FACE_OUTER_BOUND('',#11795,.F.);
#11797=ADVANCED_FACE('',(#11796),#11789,.F.);
#11798=CARTESIAN_POINT('',(4.65E-1,-1.05E0,-4.75E-1));
#11799=DIRECTION('',(1.E0,0.E0,0.E0));
#11800=DIRECTION('',(0.E0,1.E0,0.E0));
#11801=AXIS2_PLACEMENT_3D('',#11798,#11799,#11800);
#11802=PLANE('',#11801);
#11803=ORIENTED_EDGE('',*,*,#6603,.F.);
#11805=ORIENTED_EDGE('',*,*,#11804,.F.);
#11807=ORIENTED_EDGE('',*,*,#11806,.F.);
#11809=ORIENTED_EDGE('',*,*,#11808,.T.);
#11810=EDGE_LOOP('',(#11803,#11805,#11807,#11809));
#11811=FACE_OUTER_BOUND('',#11810,.F.);
#11812=ADVANCED_FACE('',(#11811),#11802,.F.);
#11813=CARTESIAN_POINT('',(4.65E-1,-1.05E0,-4.75E-1));
#11814=DIRECTION('',(1.E0,0.E0,0.E0));
#11815=DIRECTION('',(0.E0,1.E0,0.E0));
#11816=AXIS2_PLACEMENT_3D('',#11813,#11814,#11815);
#11817=PLANE('',#11816);
#11818=ORIENTED_EDGE('',*,*,#7109,.F.);
#11819=ORIENTED_EDGE('',*,*,#7403,.T.);
#11821=ORIENTED_EDGE('',*,*,#11820,.T.);
#11823=ORIENTED_EDGE('',*,*,#11822,.T.);
#11825=ORIENTED_EDGE('',*,*,#11824,.T.);
#11827=ORIENTED_EDGE('',*,*,#11826,.F.);
#11828=ORIENTED_EDGE('',*,*,#8778,.F.);
#11829=ORIENTED_EDGE('',*,*,#11790,.F.);
#11830=EDGE_LOOP('',(#11818,#11819,#11821,#11823,#11825,#11827,#11828,#11829));
#11831=FACE_OUTER_BOUND('',#11830,.F.);
#11832=ADVANCED_FACE('',(#11831),#11817,.F.);
#11833=CARTESIAN_POINT('',(6.25E-1,-1.05E0,-7.75E-1));
#11834=DIRECTION('',(0.E0,0.E0,1.E0));
#11835=DIRECTION('',(1.E0,0.E0,0.E0));
#11836=AXIS2_PLACEMENT_3D('',#11833,#11834,#11835);
#11837=PLANE('',#11836);
#11838=ORIENTED_EDGE('',*,*,#6601,.T.);
#11840=ORIENTED_EDGE('',*,*,#11839,.F.);
#11842=ORIENTED_EDGE('',*,*,#11841,.F.);
#11843=ORIENTED_EDGE('',*,*,#11804,.T.);
#11844=EDGE_LOOP('',(#11838,#11840,#11842,#11843));
#11845=FACE_OUTER_BOUND('',#11844,.F.);
#11846=ADVANCED_FACE('',(#11845),#11837,.F.);
#11847=CARTESIAN_POINT('',(7.85E-1,-1.05E0,-4.75E-1));
#11848=DIRECTION('',(1.E0,0.E0,0.E0));
#11849=DIRECTION('',(0.E0,1.E0,0.E0));
#11850=AXIS2_PLACEMENT_3D('',#11847,#11848,#11849);
#11851=PLANE('',#11850);
#11852=ORIENTED_EDGE('',*,*,#6599,.T.);
#11854=ORIENTED_EDGE('',*,*,#11853,.F.);
#11856=ORIENTED_EDGE('',*,*,#11855,.F.);
#11857=ORIENTED_EDGE('',*,*,#11839,.T.);
#11858=EDGE_LOOP('',(#11852,#11854,#11856,#11857));
#11859=FACE_OUTER_BOUND('',#11858,.F.);
#11860=ADVANCED_FACE('',(#11859),#11851,.T.);
#11861=CARTESIAN_POINT('',(7.85E-1,-1.05E0,-4.75E-1));
#11862=DIRECTION('',(1.E0,0.E0,0.E0));
#11863=DIRECTION('',(0.E0,1.E0,0.E0));
#11864=AXIS2_PLACEMENT_3D('',#11861,#11862,#11863);
#11865=PLANE('',#11864);
#11866=ORIENTED_EDGE('',*,*,#7081,.T.);
#11868=ORIENTED_EDGE('',*,*,#11867,.T.);
#11869=ORIENTED_EDGE('',*,*,#8782,.T.);
#11871=ORIENTED_EDGE('',*,*,#11870,.T.);
#11873=ORIENTED_EDGE('',*,*,#11872,.T.);
#11875=ORIENTED_EDGE('',*,*,#11874,.F.);
#11877=ORIENTED_EDGE('',*,*,#11876,.F.);
#11878=ORIENTED_EDGE('',*,*,#7399,.F.);
#11879=EDGE_LOOP('',(#11866,#11868,#11869,#11871,#11873,#11875,#11877,#11878));
#11880=FACE_OUTER_BOUND('',#11879,.F.);
#11881=ADVANCED_FACE('',(#11880),#11865,.T.);
#11882=CARTESIAN_POINT('',(6.25E-1,-1.05E0,-1.75E-1));
#11883=DIRECTION('',(0.E0,0.E0,1.E0));
#11884=DIRECTION('',(1.E0,0.E0,0.E0));
#11885=AXIS2_PLACEMENT_3D('',#11882,#11883,#11884);
#11886=PLANE('',#11885);
#11887=ORIENTED_EDGE('',*,*,#6597,.F.);
#11888=ORIENTED_EDGE('',*,*,#11808,.F.);
#11890=ORIENTED_EDGE('',*,*,#11889,.F.);
#11891=ORIENTED_EDGE('',*,*,#11853,.T.);
#11892=EDGE_LOOP('',(#11887,#11888,#11890,#11891));
#11893=FACE_OUTER_BOUND('',#11892,.F.);
#11894=ADVANCED_FACE('',(#11893),#11886,.T.);
#11895=CARTESIAN_POINT('',(7.437855052219E-1,2.849644625731E-1,
-2.801691289908E-1));
#11896=CARTESIAN_POINT('',(7.967815323507E-1,1.478824537169E-1,
-2.081171738982E-1));
#11897=CARTESIAN_POINT('',(8.225466548161E-1,7.355263786409E-3,
-1.730876151291E-1));
#11898=CARTESIAN_POINT('',(8.210808726182E-1,-1.366171072182E-1,
-1.750804526836E-1));
#11899=CARTESIAN_POINT('',(7.203400905822E-1,2.849972516309E-1,
-2.801691289908E-1));
#11900=CARTESIAN_POINT('',(7.628759708440E-1,1.474526542508E-1,
-2.081171738982E-1));
#11901=CARTESIAN_POINT('',(7.835556750312E-1,6.926716110621E-3,
-1.730876151291E-1));
#11902=CARTESIAN_POINT('',(7.823792031437E-1,-1.365805627896E-1,
-1.750804526836E-1));
#11903=CARTESIAN_POINT('',(6.807449221749E-1,2.850365920376E-1,
-2.801691289908E-1));
#11904=CARTESIAN_POINT('',(7.056154600604E-1,1.469369796038E-1,
-2.081171738982E-1));
#11905=CARTESIAN_POINT('',(7.177067900925E-1,6.412543365280E-3,
-1.730876151291E-1));
#11906=CARTESIAN_POINT('',(7.170189122710E-1,-1.365367166780E-1,
-1.750804526836E-1));
#11907=CARTESIAN_POINT('',(6.25E-1,2.850528401679E-1,-2.801691289908E-1));
#11908=CARTESIAN_POINT('',(6.25E-1,1.467239988652E-1,-2.081171738982E-1));
#11909=CARTESIAN_POINT('',(6.25E-1,6.200182932703E-3,-1.730876151291E-1));
#11910=CARTESIAN_POINT('',(6.25E-1,-1.365186076295E-1,-1.750804526836E-1));
#11911=CARTESIAN_POINT('',(5.692550778251E-1,2.850365920376E-1,
-2.801691289908E-1));
#11912=CARTESIAN_POINT('',(5.443845399396E-1,1.469369796038E-1,
-2.081171738982E-1));
#11913=CARTESIAN_POINT('',(5.322932099075E-1,6.412543365280E-3,
-1.730876151291E-1));
#11914=CARTESIAN_POINT('',(5.329810877290E-1,-1.365367166780E-1,
-1.750804526836E-1));
#11915=CARTESIAN_POINT('',(5.296599094178E-1,2.849972516309E-1,
-2.801691289908E-1));
#11916=CARTESIAN_POINT('',(4.871240291560E-1,1.474526542508E-1,
-2.081171738982E-1));
#11917=CARTESIAN_POINT('',(4.664443249688E-1,6.926716110621E-3,
-1.730876151291E-1));
#11918=CARTESIAN_POINT('',(4.676207968563E-1,-1.365805627896E-1,
-1.750804526836E-1));
#11919=CARTESIAN_POINT('',(5.062144947781E-1,2.849644625731E-1,
-2.801691289908E-1));
#11920=CARTESIAN_POINT('',(4.532184676493E-1,1.478824537169E-1,
-2.081171738982E-1));
#11921=CARTESIAN_POINT('',(4.274533451839E-1,7.355263786409E-3,
-1.730876151291E-1));
#11922=CARTESIAN_POINT('',(4.289191273818E-1,-1.366171072182E-1,
-1.750804526836E-1));
#11923=B_SPLINE_SURFACE_WITH_KNOTS('',3,3,((#11895,#11896,#11897,#11898),
(#11899,#11900,#11901,#11902),(#11903,#11904,#11905,#11906),(#11907,#11908,
#11909,#11910),(#11911,#11912,#11913,#11914),(#11915,#11916,#11917,#11918),(
#11919,#11920,#11921,#11922)),.UNSPECIFIED.,.F.,.F.,.F.,(4,1,1,1,4),(4,4),(
-1.129376487271E-1,2.5E-1,5.E-1,7.5E-1,1.112937648727E0),(-1.020800380456E-2,
4.113456729120E-1),.UNSPECIFIED.);
#11925=ORIENTED_EDGE('',*,*,#11924,.F.);
#11927=ORIENTED_EDGE('',*,*,#11926,.T.);
#11928=ORIENTED_EDGE('',*,*,#11889,.T.);
#11930=ORIENTED_EDGE('',*,*,#11929,.F.);
#11931=EDGE_LOOP('',(#11925,#11927,#11928,#11930));
#11932=FACE_OUTER_BOUND('',#11931,.F.);
#11933=ADVANCED_FACE('',(#11932),#11923,.T.);
#11934=CARTESIAN_POINT('',(6.25E-1,2.75E-1,-4.75E-1));
#11935=DIRECTION('',(0.E0,-1.E0,0.E0));
#11936=DIRECTION('',(0.E0,0.E0,-1.E0));
#11937=AXIS2_PLACEMENT_3D('',#11934,#11935,#11936);
#11938=PLANE('',#11937);
#11939=ORIENTED_EDGE('',*,*,#11924,.T.);
#11941=ORIENTED_EDGE('',*,*,#11940,.T.);
#11943=ORIENTED_EDGE('',*,*,#11942,.T.);
#11945=ORIENTED_EDGE('',*,*,#11944,.T.);
#11946=EDGE_LOOP('',(#11939,#11941,#11943,#11945));
#11947=FACE_OUTER_BOUND('',#11946,.F.);
#11948=ADVANCED_FACE('',(#11947),#11938,.F.);
#11949=CARTESIAN_POINT('',(5.281014773945E-1,2.849555100070E-1,
-2.581653885196E-1));
#11950=CARTESIAN_POINT('',(4.848818729315E-1,1.480364532166E-1,
-1.779975135696E-1));
#11951=CARTESIAN_POINT('',(4.638638192926E-1,7.547482004589E-3,
-1.390112082402E-1));
#11952=CARTESIAN_POINT('',(4.650473164780E-1,-1.365114036291E-1,
-1.412064725315E-1));
#11953=CARTESIAN_POINT('',(5.281014773945E-1,2.850254352060E-1,
-2.979717805115E-1));
#11954=CARTESIAN_POINT('',(4.848818729315E-1,1.471201366365E-1,
-2.325210848607E-1));
#11955=CARTESIAN_POINT('',(4.638638192926E-1,6.633569618650E-3,
-2.006918664081E-1));
#11956=CARTESIAN_POINT('',(4.650473164780E-1,-1.364342658475E-1,
-2.024841251538E-1));
#11957=CARTESIAN_POINT('',(5.281014773945E-1,2.851194487553E-1,
-3.702499843383E-1));
#11958=CARTESIAN_POINT('',(4.848818729315E-1,1.458881605359E-1,
-3.315219136708E-1));
#11959=CARTESIAN_POINT('',(4.638638192926E-1,5.404825926915E-3,
-3.126881303280E-1));
#11960=CARTESIAN_POINT('',(4.650473164780E-1,-1.363305550716E-1,
-3.137486343099E-1));
#11961=CARTESIAN_POINT('',(5.281014773945E-1,2.851631586143E-1,-4.75E-1));
#11962=CARTESIAN_POINT('',(4.848818729315E-1,1.453153760585E-1,-4.75E-1));
#11963=CARTESIAN_POINT('',(4.638638192926E-1,4.833544298195E-3,-4.75E-1));
#11964=CARTESIAN_POINT('',(4.650473164780E-1,-1.362823366666E-1,-4.75E-1));
#11965=CARTESIAN_POINT('',(5.281014773945E-1,2.851194487553E-1,
-5.797500156617E-1));
#11966=CARTESIAN_POINT('',(4.848818729315E-1,1.458881605359E-1,
-6.184780863292E-1));
#11967=CARTESIAN_POINT('',(4.638638192926E-1,5.404825926915E-3,
-6.373118696720E-1));
#11968=CARTESIAN_POINT('',(4.650473164780E-1,-1.363305550716E-1,
-6.362513656901E-1));
#11969=CARTESIAN_POINT('',(5.281014773945E-1,2.850254352060E-1,
-6.520282194885E-1));
#11970=CARTESIAN_POINT('',(4.848818729315E-1,1.471201366365E-1,
-7.174789151393E-1));
#11971=CARTESIAN_POINT('',(4.638638192926E-1,6.633569618650E-3,
-7.493081335919E-1));
#11972=CARTESIAN_POINT('',(4.650473164780E-1,-1.364342658475E-1,
-7.475158748462E-1));
#11973=CARTESIAN_POINT('',(5.281014773945E-1,2.849555100070E-1,
-6.918346114804E-1));
#11974=CARTESIAN_POINT('',(4.848818729315E-1,1.480364532166E-1,
-7.720024864304E-1));
#11975=CARTESIAN_POINT('',(4.638638192926E-1,7.547482004589E-3,
-8.109887917598E-1));
#11976=CARTESIAN_POINT('',(4.650473164780E-1,-1.365114036291E-1,
-8.087935274685E-1));
#11977=B_SPLINE_SURFACE_WITH_KNOTS('',3,3,((#11949,#11950,#11951,#11952),
(#11953,#11954,#11955,#11956),(#11957,#11958,#11959,#11960),(#11961,#11962,
#11963,#11964),(#11965,#11966,#11967,#11968),(#11969,#11970,#11971,#11972),(
#11973,#11974,#11975,#11976)),.UNSPECIFIED.,.F.,.F.,.F.,(4,1,1,1,4),(4,4),(
-5.646882436354E-2,2.5E-1,5.E-1,7.5E-1,1.056468824364E0),(-1.020800380456E-2,
4.112328658242E-1),.UNSPECIFIED.);
#11978=ORIENTED_EDGE('',*,*,#11940,.F.);
#11979=ORIENTED_EDGE('',*,*,#11929,.T.);
#11980=ORIENTED_EDGE('',*,*,#11806,.T.);
#11982=ORIENTED_EDGE('',*,*,#11981,.F.);
#11983=EDGE_LOOP('',(#11978,#11979,#11980,#11982));
#11984=FACE_OUTER_BOUND('',#11983,.F.);
#11985=ADVANCED_FACE('',(#11984),#11977,.T.);
#11986=CARTESIAN_POINT('',(5.062144947781E-1,2.849644625731E-1,
-6.698308710092E-1));
#11987=CARTESIAN_POINT('',(4.532184676493E-1,1.478824537169E-1,
-7.418828261018E-1));
#11988=CARTESIAN_POINT('',(4.274533451839E-1,7.355263786409E-3,
-7.769123848709E-1));
#11989=CARTESIAN_POINT('',(4.289191273818E-1,-1.366171072182E-1,
-7.749195473164E-1));
#11990=CARTESIAN_POINT('',(5.296599094178E-1,2.849972516309E-1,
-6.698308710092E-1));
#11991=CARTESIAN_POINT('',(4.871240291560E-1,1.474526542508E-1,
-7.418828261018E-1));
#11992=CARTESIAN_POINT('',(4.664443249688E-1,6.926716110621E-3,
-7.769123848709E-1));
#11993=CARTESIAN_POINT('',(4.676207968563E-1,-1.365805627896E-1,
-7.749195473164E-1));
#11994=CARTESIAN_POINT('',(5.692550778251E-1,2.850365920376E-1,
-6.698308710092E-1));
#11995=CARTESIAN_POINT('',(5.443845399396E-1,1.469369796038E-1,
-7.418828261018E-1));
#11996=CARTESIAN_POINT('',(5.322932099075E-1,6.412543365280E-3,
-7.769123848709E-1));
#11997=CARTESIAN_POINT('',(5.329810877290E-1,-1.365367166780E-1,
-7.749195473164E-1));
#11998=CARTESIAN_POINT('',(6.25E-1,2.850528401679E-1,-6.698308710092E-1));
#11999=CARTESIAN_POINT('',(6.25E-1,1.467239988652E-1,-7.418828261018E-1));
#12000=CARTESIAN_POINT('',(6.25E-1,6.200182932703E-3,-7.769123848709E-1));
#12001=CARTESIAN_POINT('',(6.25E-1,-1.365186076295E-1,-7.749195473164E-1));
#12002=CARTESIAN_POINT('',(6.807449221749E-1,2.850365920376E-1,
-6.698308710092E-1));
#12003=CARTESIAN_POINT('',(7.056154600604E-1,1.469369796038E-1,
-7.418828261018E-1));
#12004=CARTESIAN_POINT('',(7.177067900925E-1,6.412543365280E-3,
-7.769123848709E-1));
#12005=CARTESIAN_POINT('',(7.170189122710E-1,-1.365367166780E-1,
-7.749195473164E-1));
#12006=CARTESIAN_POINT('',(7.203400905822E-1,2.849972516309E-1,
-6.698308710092E-1));
#12007=CARTESIAN_POINT('',(7.628759708440E-1,1.474526542508E-1,
-7.418828261018E-1));
#12008=CARTESIAN_POINT('',(7.835556750312E-1,6.926716110621E-3,
-7.769123848709E-1));
#12009=CARTESIAN_POINT('',(7.823792031437E-1,-1.365805627896E-1,
-7.749195473164E-1));
#12010=CARTESIAN_POINT('',(7.437855052219E-1,2.849644625731E-1,
-6.698308710092E-1));
#12011=CARTESIAN_POINT('',(7.967815323507E-1,1.478824537169E-1,
-7.418828261018E-1));
#12012=CARTESIAN_POINT('',(8.225466548161E-1,7.355263786409E-3,
-7.769123848709E-1));
#12013=CARTESIAN_POINT('',(8.210808726182E-1,-1.366171072182E-1,
-7.749195473164E-1));
#12014=B_SPLINE_SURFACE_WITH_KNOTS('',3,3,((#11986,#11987,#11988,#11989),
(#11990,#11991,#11992,#11993),(#11994,#11995,#11996,#11997),(#11998,#11999,
#12000,#12001),(#12002,#12003,#12004,#12005),(#12006,#12007,#12008,#12009),(
#12010,#12011,#12012,#12013)),.UNSPECIFIED.,.F.,.F.,.F.,(4,1,1,1,4),(4,4),(
-1.129376487271E-1,2.5E-1,5.E-1,7.5E-1,1.112937648727E0),(-1.020800380456E-2,
4.113456729120E-1),.UNSPECIFIED.);
#12015=ORIENTED_EDGE('',*,*,#11942,.F.);
#12016=ORIENTED_EDGE('',*,*,#11981,.T.);
#12017=ORIENTED_EDGE('',*,*,#11841,.T.);
#12019=ORIENTED_EDGE('',*,*,#12018,.F.);
#12020=EDGE_LOOP('',(#12015,#12016,#12017,#12019));
#12021=FACE_OUTER_BOUND('',#12020,.F.);
#12022=ADVANCED_FACE('',(#12021),#12014,.T.);
#12023=CARTESIAN_POINT('',(7.218985226055E-1,2.849555100070E-1,
-6.918346114804E-1));
#12024=CARTESIAN_POINT('',(7.651181270685E-1,1.480364532166E-1,
-7.720024864304E-1));
#12025=CARTESIAN_POINT('',(7.861361807074E-1,7.547482004589E-3,
-8.109887917598E-1));
#12026=CARTESIAN_POINT('',(7.849526835220E-1,-1.365114036291E-1,
-8.087935274685E-1));
#12027=CARTESIAN_POINT('',(7.218985226055E-1,2.850254352060E-1,
-6.520282194885E-1));
#12028=CARTESIAN_POINT('',(7.651181270685E-1,1.471201366365E-1,
-7.174789151393E-1));
#12029=CARTESIAN_POINT('',(7.861361807074E-1,6.633569618650E-3,
-7.493081335919E-1));
#12030=CARTESIAN_POINT('',(7.849526835220E-1,-1.364342658475E-1,
-7.475158748462E-1));
#12031=CARTESIAN_POINT('',(7.218985226055E-1,2.851194487553E-1,
-5.797500156617E-1));
#12032=CARTESIAN_POINT('',(7.651181270685E-1,1.458881605359E-1,
-6.184780863292E-1));
#12033=CARTESIAN_POINT('',(7.861361807074E-1,5.404825926915E-3,
-6.373118696720E-1));
#12034=CARTESIAN_POINT('',(7.849526835220E-1,-1.363305550716E-1,
-6.362513656901E-1));
#12035=CARTESIAN_POINT('',(7.218985226055E-1,2.851631586143E-1,-4.75E-1));
#12036=CARTESIAN_POINT('',(7.651181270685E-1,1.453153760585E-1,-4.75E-1));
#12037=CARTESIAN_POINT('',(7.861361807074E-1,4.833544298195E-3,-4.75E-1));
#12038=CARTESIAN_POINT('',(7.849526835220E-1,-1.362823366666E-1,-4.75E-1));
#12039=CARTESIAN_POINT('',(7.218985226055E-1,2.851194487553E-1,
-3.702499843383E-1));
#12040=CARTESIAN_POINT('',(7.651181270685E-1,1.458881605359E-1,
-3.315219136708E-1));
#12041=CARTESIAN_POINT('',(7.861361807074E-1,5.404825926915E-3,
-3.126881303280E-1));
#12042=CARTESIAN_POINT('',(7.849526835220E-1,-1.363305550716E-1,
-3.137486343099E-1));
#12043=CARTESIAN_POINT('',(7.218985226055E-1,2.850254352060E-1,
-2.979717805115E-1));
#12044=CARTESIAN_POINT('',(7.651181270685E-1,1.471201366365E-1,
-2.325210848607E-1));
#12045=CARTESIAN_POINT('',(7.861361807074E-1,6.633569618650E-3,
-2.006918664081E-1));
#12046=CARTESIAN_POINT('',(7.849526835220E-1,-1.364342658475E-1,
-2.024841251538E-1));
#12047=CARTESIAN_POINT('',(7.218985226055E-1,2.849555100070E-1,
-2.581653885196E-1));
#12048=CARTESIAN_POINT('',(7.651181270685E-1,1.480364532166E-1,
-1.779975135696E-1));
#12049=CARTESIAN_POINT('',(7.861361807074E-1,7.547482004589E-3,
-1.390112082402E-1));
#12050=CARTESIAN_POINT('',(7.849526835220E-1,-1.365114036291E-1,
-1.412064725315E-1));
#12051=B_SPLINE_SURFACE_WITH_KNOTS('',3,3,((#12023,#12024,#12025,#12026),
(#12027,#12028,#12029,#12030),(#12031,#12032,#12033,#12034),(#12035,#12036,
#12037,#12038),(#12039,#12040,#12041,#12042),(#12043,#12044,#12045,#12046),(
#12047,#12048,#12049,#12050)),.UNSPECIFIED.,.F.,.F.,.F.,(4,1,1,1,4),(4,4),(
-5.646882436354E-2,2.5E-1,5.E-1,7.5E-1,1.056468824364E0),(-1.020800380456E-2,
4.112328658242E-1),.UNSPECIFIED.);
#12052=ORIENTED_EDGE('',*,*,#11944,.F.);
#12053=ORIENTED_EDGE('',*,*,#12018,.T.);
#12054=ORIENTED_EDGE('',*,*,#11855,.T.);
#12055=ORIENTED_EDGE('',*,*,#11926,.F.);
#12056=EDGE_LOOP('',(#12052,#12053,#12054,#12055));
#12057=FACE_OUTER_BOUND('',#12056,.F.);
#12058=ADVANCED_FACE('',(#12057),#12051,.T.);
#12059=CARTESIAN_POINT('',(7.75E-1,-3.325E0,-1.6E0));
#12060=DIRECTION('',(9.778024140774E-1,2.095290887309E-1,0.E0));
#12061=DIRECTION('',(2.095290887309E-1,-9.778024140774E-1,0.E0));
#12062=AXIS2_PLACEMENT_3D('',#12059,#12060,#12061);
#12063=PLANE('',#12062);
#12064=ORIENTED_EDGE('',*,*,#11867,.F.);
#12065=ORIENTED_EDGE('',*,*,#7095,.T.);
#12067=ORIENTED_EDGE('',*,*,#12066,.F.);
#12068=ORIENTED_EDGE('',*,*,#8784,.F.);
#12069=EDGE_LOOP('',(#12064,#12065,#12067,#12068));
#12070=FACE_OUTER_BOUND('',#12069,.F.);
#12071=ADVANCED_FACE('',(#12070),#12063,.F.);
#12072=CARTESIAN_POINT('',(8.5E-1,-3.675E0,-1.6E0));
#12073=DIRECTION('',(8.320502943378E-1,5.547001962252E-1,0.E0));
#12074=DIRECTION('',(5.547001962252E-1,-8.320502943378E-1,0.E0));
#12075=AXIS2_PLACEMENT_3D('',#12072,#12073,#12074);
#12076=PLANE('',#12075);
#12077=ORIENTED_EDGE('',*,*,#7093,.T.);
#12078=ORIENTED_EDGE('',*,*,#8348,.F.);
#12079=ORIENTED_EDGE('',*,*,#8786,.F.);
#12080=ORIENTED_EDGE('',*,*,#12066,.T.);
#12081=EDGE_LOOP('',(#12077,#12078,#12079,#12080));
#12082=FACE_OUTER_BOUND('',#12081,.F.);
#12083=ADVANCED_FACE('',(#12082),#12076,.F.);
#12084=CARTESIAN_POINT('',(6.25E-1,-3.3E0,-2.4375E0));
#12085=DIRECTION('',(0.E0,1.E0,0.E0));
#12086=DIRECTION('',(1.E0,0.E0,0.E0));
#12087=AXIS2_PLACEMENT_3D('',#12084,#12085,#12086);
#12088=PLANE('',#12087);
#12089=ORIENTED_EDGE('',*,*,#8780,.F.);
#12090=ORIENTED_EDGE('',*,*,#11826,.T.);
#12092=ORIENTED_EDGE('',*,*,#12091,.T.);
#12093=ORIENTED_EDGE('',*,*,#11870,.F.);
#12094=EDGE_LOOP('',(#12089,#12090,#12092,#12093));
#12095=FACE_OUTER_BOUND('',#12094,.F.);
#12096=ADVANCED_FACE('',(#12095),#12088,.T.);
#12097=CARTESIAN_POINT('',(4.288859415408E-1,-3.300017667059E0,
-3.588658947712E0));
#12098=CARTESIAN_POINT('',(4.279299034438E-1,-3.299367765380E0,
-3.797276576464E0));
#12099=CARTESIAN_POINT('',(4.533505290073E-1,-3.316648360462E0,
-4.004721429401E0));
#12100=CARTESIAN_POINT('',(5.051478182313E-1,-3.351859452305E0,
-4.210993506523E0));
#12101=CARTESIAN_POINT('',(4.675941611057E-1,-3.300017667059E0,
-3.588675758785E0));
#12102=CARTESIAN_POINT('',(4.668268220385E-1,-3.299367765380E0,
-3.796978475845E0));
#12103=CARTESIAN_POINT('',(4.872300247639E-1,-3.316648360462E0,
-4.004423215702E0));
#12104=CARTESIAN_POINT('',(5.288037692819E-1,-3.351859452305E0,
-4.211009978356E0));
#12105=CARTESIAN_POINT('',(5.329655139254E-1,-3.300017667059E0,
-3.588695830628E0));
#12106=CARTESIAN_POINT('',(5.325168542239E-1,-3.299367765380E0,
-3.796622553967E0));
#12107=CARTESIAN_POINT('',(5.444465150948E-1,-3.316648360462E0,
-4.004067158810E0));
#12108=CARTESIAN_POINT('',(5.687544965381E-1,-3.351859452305E0,
-4.211029645157E0));
#12109=CARTESIAN_POINT('',(6.25E-1,-3.300017667059E0,-3.588704065939E0));
#12110=CARTESIAN_POINT('',(6.25E-1,-3.299367765380E0,-3.796476522150E0));
#12111=CARTESIAN_POINT('',(6.25E-1,-3.316648360462E0,-4.003921071598E0));
#12112=CARTESIAN_POINT('',(6.25E-1,-3.351859452305E0,-4.211037714284E0));
#12113=CARTESIAN_POINT('',(7.170344860746E-1,-3.300017667059E0,
-3.588695830628E0));
#12114=CARTESIAN_POINT('',(7.174831457761E-1,-3.299367765380E0,
-3.796622553967E0));
#12115=CARTESIAN_POINT('',(7.055534849052E-1,-3.316648360462E0,
-4.004067158810E0));
#12116=CARTESIAN_POINT('',(6.812455034619E-1,-3.351859452305E0,
-4.211029645157E0));
#12117=CARTESIAN_POINT('',(7.824058388943E-1,-3.300017667059E0,
-3.588675758785E0));
#12118=CARTESIAN_POINT('',(7.831731779615E-1,-3.299367765380E0,
-3.796978475845E0));
#12119=CARTESIAN_POINT('',(7.627699752361E-1,-3.316648360462E0,
-4.004423215702E0));
#12120=CARTESIAN_POINT('',(7.211962307181E-1,-3.351859452305E0,
-4.211009978356E0));
#12121=CARTESIAN_POINT('',(8.211140584592E-1,-3.300017667059E0,
-3.588658947712E0));
#12122=CARTESIAN_POINT('',(8.220700965562E-1,-3.299367765380E0,
-3.797276576464E0));
#12123=CARTESIAN_POINT('',(7.966494709927E-1,-3.316648360462E0,
-4.004721429401E0));
#12124=CARTESIAN_POINT('',(7.448521817687E-1,-3.351859452305E0,
-4.210993506523E0));
#12125=B_SPLINE_SURFACE_WITH_KNOTS('',3,3,((#12097,#12098,#12099,#12100),
(#12101,#12102,#12103,#12104),(#12105,#12106,#12107,#12108),(#12109,#12110,
#12111,#12112),(#12113,#12114,#12115,#12116),(#12117,#12118,#12119,#12120),(
#12121,#12122,#12123,#12124)),.UNSPECIFIED.,.F.,.F.,.F.,(4,1,1,1,4),(4,4),(
-1.129376487271E-1,2.5E-1,5.E-1,7.5E-1,1.112937648727E0),(6.520358638458E0,
7.142691933436E0),.UNSPECIFIED.);
#12126=ORIENTED_EDGE('',*,*,#12091,.F.);
#12128=ORIENTED_EDGE('',*,*,#12127,.T.);
#12130=ORIENTED_EDGE('',*,*,#12129,.T.);
#12132=ORIENTED_EDGE('',*,*,#12131,.F.);
#12133=EDGE_LOOP('',(#12126,#12128,#12130,#12132));
#12134=FACE_OUTER_BOUND('',#12133,.F.);
#12135=ADVANCED_FACE('',(#12134),#12125,.T.);
#12136=CARTESIAN_POINT('',(4.650212530212E-1,-3.681601630438E0,
-3.588651405128E0));
#12137=CARTESIAN_POINT('',(4.642403875158E-1,-3.682369937178E0,
-3.797152043781E0));
#12138=CARTESIAN_POINT('',(4.849770840973E-1,-3.661966751687E0,
-4.004601533104E0));
#12139=CARTESIAN_POINT('',(5.272313427658E-1,-3.620392073967E0,
-4.210999873096E0));
#12140=CARTESIAN_POINT('',(4.650212530212E-1,-3.641898135150E0,
-3.588661968774E0));
#12141=CARTESIAN_POINT('',(4.642403875158E-1,-3.642518793186E0,
-3.796964961016E0));
#12142=CARTESIAN_POINT('',(4.849770840973E-1,-3.626036572778E0,
-4.004414374936E0));
#12143=CARTESIAN_POINT('',(5.272313427658E-1,-3.592451473927E0,
-4.211010210532E0));
#12144=CARTESIAN_POINT('',(4.650212530212E-1,-3.573030925004E0,
-3.588675046192E0));
#12145=CARTESIAN_POINT('',(4.642403875158E-1,-3.573395480793E0,
-3.796733359208E0));
#12146=CARTESIAN_POINT('',(4.849770840973E-1,-3.563714322216E0,
-4.004182679780E0));
#12147=CARTESIAN_POINT('',(5.272313427658E-1,-3.543987449271E0,
-4.211023007910E0));
#12148=CARTESIAN_POINT('',(4.650212530212E-1,-3.475E0,-3.588680606705E0));
#12149=CARTESIAN_POINT('',(4.642403875158E-1,-3.475E0,-3.796634882221E0));
#12150=CARTESIAN_POINT('',(4.849770840973E-1,-3.475E0,-4.004084163103E0));
#12151=CARTESIAN_POINT('',(5.272313427658E-1,-3.475E0,-4.211028449350E0));
#12152=CARTESIAN_POINT('',(4.650212530212E-1,-3.376969074996E0,
-3.588675046192E0));
#12153=CARTESIAN_POINT('',(4.642403875158E-1,-3.376604519207E0,
-3.796733359208E0));
#12154=CARTESIAN_POINT('',(4.849770840973E-1,-3.386285677784E0,
-4.004182679780E0));
#12155=CARTESIAN_POINT('',(5.272313427658E-1,-3.406012550729E0,
-4.211023007910E0));
#12156=CARTESIAN_POINT('',(4.650212530212E-1,-3.308101864850E0,
-3.588661968774E0));
#12157=CARTESIAN_POINT('',(4.642403875158E-1,-3.307481206814E0,
-3.796964961016E0));
#12158=CARTESIAN_POINT('',(4.849770840973E-1,-3.323963427222E0,
-4.004414374936E0));
#12159=CARTESIAN_POINT('',(5.272313427658E-1,-3.357548526073E0,
-4.211010210532E0));
#12160=CARTESIAN_POINT('',(4.650212530212E-1,-3.268398369562E0,
-3.588651405128E0));
#12161=CARTESIAN_POINT('',(4.642403875158E-1,-3.267630062822E0,
-3.797152043781E0));
#12162=CARTESIAN_POINT('',(4.849770840973E-1,-3.288033248313E0,
-4.004601533104E0));
#12163=CARTESIAN_POINT('',(5.272313427658E-1,-3.329607926033E0,
-4.210999873096E0));
#12164=B_SPLINE_SURFACE_WITH_KNOTS('',3,3,((#12136,#12137,#12138,#12139),
(#12140,#12141,#12142,#12143),(#12144,#12145,#12146,#12147),(#12148,#12149,
#12150,#12151),(#12152,#12153,#12154,#12155),(#12156,#12157,#12158,#12159),(
#12160,#12161,#12162,#12163)),.UNSPECIFIED.,.F.,.F.,.F.,(4,1,1,1,4),(4,4),(
-9.035011898166E-2,2.5E-1,5.E-1,7.5E-1,1.090350118982E0),(6.520344668989E0,
7.142691933436E0),.UNSPECIFIED.);
#12165=ORIENTED_EDGE('',*,*,#11824,.F.);
#12167=ORIENTED_EDGE('',*,*,#12166,.T.);
#12169=ORIENTED_EDGE('',*,*,#12168,.T.);
#12170=ORIENTED_EDGE('',*,*,#12127,.F.);
#12171=EDGE_LOOP('',(#12165,#12167,#12169,#12170));
#12172=FACE_OUTER_BOUND('',#12171,.F.);
#12173=ADVANCED_FACE('',(#12172),#12164,.T.);
#12174=CARTESIAN_POINT('',(8.211140584592E-1,-3.649982332941E0,
-3.588658947712E0));
#12175=CARTESIAN_POINT('',(8.220700965562E-1,-3.650632234620E0,
-3.797276576464E0));
#12176=CARTESIAN_POINT('',(7.966494709927E-1,-3.633351639538E0,
-4.004721429401E0));
#12177=CARTESIAN_POINT('',(7.448521817687E-1,-3.598140547695E0,
-4.210993506523E0));
#12178=CARTESIAN_POINT('',(7.824058388943E-1,-3.649982332941E0,
-3.588675758785E0));
#12179=CARTESIAN_POINT('',(7.831731779615E-1,-3.650632234620E0,
-3.796978475845E0));
#12180=CARTESIAN_POINT('',(7.627699752361E-1,-3.633351639538E0,
-4.004423215702E0));
#12181=CARTESIAN_POINT('',(7.211962307181E-1,-3.598140547695E0,
-4.211009978356E0));
#12182=CARTESIAN_POINT('',(7.170344860746E-1,-3.649982332941E0,
-3.588695830628E0));
#12183=CARTESIAN_POINT('',(7.174831457761E-1,-3.650632234620E0,
-3.796622553967E0));
#12184=CARTESIAN_POINT('',(7.055534849052E-1,-3.633351639538E0,
-4.004067158810E0));
#12185=CARTESIAN_POINT('',(6.812455034619E-1,-3.598140547695E0,
-4.211029645157E0));
#12186=CARTESIAN_POINT('',(6.25E-1,-3.649982332941E0,-3.588704065939E0));
#12187=CARTESIAN_POINT('',(6.25E-1,-3.650632234620E0,-3.796476522150E0));
#12188=CARTESIAN_POINT('',(6.25E-1,-3.633351639538E0,-4.003921071598E0));
#12189=CARTESIAN_POINT('',(6.25E-1,-3.598140547695E0,-4.211037714284E0));
#12190=CARTESIAN_POINT('',(5.329655139254E-1,-3.649982332941E0,
-3.588695830628E0));
#12191=CARTESIAN_POINT('',(5.325168542239E-1,-3.650632234620E0,
-3.796622553967E0));
#12192=CARTESIAN_POINT('',(5.444465150948E-1,-3.633351639538E0,
-4.004067158810E0));
#12193=CARTESIAN_POINT('',(5.687544965381E-1,-3.598140547695E0,
-4.211029645157E0));
#12194=CARTESIAN_POINT('',(4.675941611057E-1,-3.649982332941E0,
-3.588675758785E0));
#12195=CARTESIAN_POINT('',(4.668268220385E-1,-3.650632234620E0,
-3.796978475845E0));
#12196=CARTESIAN_POINT('',(4.872300247639E-1,-3.633351639538E0,
-4.004423215702E0));
#12197=CARTESIAN_POINT('',(5.288037692819E-1,-3.598140547695E0,
-4.211009978356E0));
#12198=CARTESIAN_POINT('',(4.288859415408E-1,-3.649982332941E0,
-3.588658947712E0));
#12199=CARTESIAN_POINT('',(4.279299034438E-1,-3.650632234620E0,
-3.797276576464E0));
#12200=CARTESIAN_POINT('',(4.533505290073E-1,-3.633351639538E0,
-4.004721429401E0));
#12201=CARTESIAN_POINT('',(5.051478182313E-1,-3.598140547695E0,
-4.210993506523E0));
#12202=B_SPLINE_SURFACE_WITH_KNOTS('',3,3,((#12174,#12175,#12176,#12177),
(#12178,#12179,#12180,#12181),(#12182,#12183,#12184,#12185),(#12186,#12187,
#12188,#12189),(#12190,#12191,#12192,#12193),(#12194,#12195,#12196,#12197),(
#12198,#12199,#12200,#12201)),.UNSPECIFIED.,.F.,.F.,.F.,(4,1,1,1,4),(4,4),(
-1.129376487271E-1,2.5E-1,5.E-1,7.5E-1,1.112937648727E0),(6.520358638458E0,
7.142691933436E0),.UNSPECIFIED.);
#12204=ORIENTED_EDGE('',*,*,#12203,.F.);
#12206=ORIENTED_EDGE('',*,*,#12205,.T.);
#12208=ORIENTED_EDGE('',*,*,#12207,.T.);
#12209=ORIENTED_EDGE('',*,*,#12166,.F.);
#12210=EDGE_LOOP('',(#12204,#12206,#12208,#12209));
#12211=FACE_OUTER_BOUND('',#12210,.F.);
#12212=ADVANCED_FACE('',(#12211),#12202,.T.);
#12213=CARTESIAN_POINT('',(6.25E-1,-3.65E0,-2.4375E0));
#12214=DIRECTION('',(0.E0,1.E0,0.E0));
#12215=DIRECTION('',(1.E0,0.E0,0.E0));
#12216=AXIS2_PLACEMENT_3D('',#12213,#12214,#12215);
#12217=PLANE('',#12216);
#12219=ORIENTED_EDGE('',*,*,#12218,.F.);
#12220=ORIENTED_EDGE('',*,*,#11874,.T.);
#12221=ORIENTED_EDGE('',*,*,#12203,.T.);
#12222=ORIENTED_EDGE('',*,*,#11822,.F.);
#12223=EDGE_LOOP('',(#12219,#12220,#12221,#12222));
#12224=FACE_OUTER_BOUND('',#12223,.F.);
#12225=ADVANCED_FACE('',(#12224),#12217,.F.);
#12226=CARTESIAN_POINT('',(6.25E-1,-2.675E0,-1.275E0));
#12227=DIRECTION('',(1.E0,0.E0,0.E0));
#12228=DIRECTION('',(0.E0,0.E0,1.E0));
#12229=AXIS2_PLACEMENT_3D('',#12226,#12227,#12228);
#12230=CYLINDRICAL_SURFACE('',#12229,9.75E-1);
#12231=ORIENTED_EDGE('',*,*,#11876,.T.);
#12232=ORIENTED_EDGE('',*,*,#12218,.T.);
#12233=ORIENTED_EDGE('',*,*,#11820,.F.);
#12234=ORIENTED_EDGE('',*,*,#7401,.T.);
#12235=EDGE_LOOP('',(#12231,#12232,#12233,#12234));
#12236=FACE_OUTER_BOUND('',#12235,.F.);
#12237=ADVANCED_FACE('',(#12236),#12230,.T.);
#12238=CARTESIAN_POINT('',(7.849787469788E-1,-3.268398369562E0,
-3.588651405128E0));
#12239=CARTESIAN_POINT('',(7.857596124842E-1,-3.267630062822E0,
-3.797152043781E0));
#12240=CARTESIAN_POINT('',(7.650229159027E-1,-3.288033248313E0,
-4.004601533104E0));
#12241=CARTESIAN_POINT('',(7.227686572342E-1,-3.329607926033E0,
-4.210999873096E0));
#12242=CARTESIAN_POINT('',(7.849787469788E-1,-3.308101864850E0,
-3.588661968774E0));
#12243=CARTESIAN_POINT('',(7.857596124842E-1,-3.307481206814E0,
-3.796964961016E0));
#12244=CARTESIAN_POINT('',(7.650229159027E-1,-3.323963427222E0,
-4.004414374936E0));
#12245=CARTESIAN_POINT('',(7.227686572342E-1,-3.357548526073E0,
-4.211010210532E0));
#12246=CARTESIAN_POINT('',(7.849787469788E-1,-3.376969074996E0,
-3.588675046192E0));
#12247=CARTESIAN_POINT('',(7.857596124842E-1,-3.376604519207E0,
-3.796733359208E0));
#12248=CARTESIAN_POINT('',(7.650229159027E-1,-3.386285677784E0,
-4.004182679780E0));
#12249=CARTESIAN_POINT('',(7.227686572342E-1,-3.406012550729E0,
-4.211023007910E0));
#12250=CARTESIAN_POINT('',(7.849787469788E-1,-3.475E0,-3.588680606705E0));
#12251=CARTESIAN_POINT('',(7.857596124842E-1,-3.475E0,-3.796634882221E0));
#12252=CARTESIAN_POINT('',(7.650229159027E-1,-3.475E0,-4.004084163103E0));
#12253=CARTESIAN_POINT('',(7.227686572342E-1,-3.475E0,-4.211028449350E0));
#12254=CARTESIAN_POINT('',(7.849787469788E-1,-3.573030925004E0,
-3.588675046192E0));
#12255=CARTESIAN_POINT('',(7.857596124842E-1,-3.573395480793E0,
-3.796733359208E0));
#12256=CARTESIAN_POINT('',(7.650229159027E-1,-3.563714322216E0,
-4.004182679780E0));
#12257=CARTESIAN_POINT('',(7.227686572342E-1,-3.543987449271E0,
-4.211023007910E0));
#12258=CARTESIAN_POINT('',(7.849787469788E-1,-3.641898135150E0,
-3.588661968774E0));
#12259=CARTESIAN_POINT('',(7.857596124842E-1,-3.642518793186E0,
-3.796964961016E0));
#12260=CARTESIAN_POINT('',(7.650229159027E-1,-3.626036572778E0,
-4.004414374936E0));
#12261=CARTESIAN_POINT('',(7.227686572342E-1,-3.592451473927E0,
-4.211010210532E0));
#12262=CARTESIAN_POINT('',(7.849787469788E-1,-3.681601630438E0,
-3.588651405128E0));
#12263=CARTESIAN_POINT('',(7.857596124842E-1,-3.682369937178E0,
-3.797152043781E0));
#12264=CARTESIAN_POINT('',(7.650229159027E-1,-3.661966751687E0,
-4.004601533104E0));
#12265=CARTESIAN_POINT('',(7.227686572342E-1,-3.620392073967E0,
-4.210999873096E0));
#12266=B_SPLINE_SURFACE_WITH_KNOTS('',3,3,((#12238,#12239,#12240,#12241),
(#12242,#12243,#12244,#12245),(#12246,#12247,#12248,#12249),(#12250,#12251,
#12252,#12253),(#12254,#12255,#12256,#12257),(#12258,#12259,#12260,#12261),(
#12262,#12263,#12264,#12265)),.UNSPECIFIED.,.F.,.F.,.F.,(4,1,1,1,4),(4,4),(
-9.035011898166E-2,2.5E-1,5.E-1,7.5E-1,1.090350118982E0),(6.520344668989E0,
7.142691933436E0),.UNSPECIFIED.);
#12267=ORIENTED_EDGE('',*,*,#11872,.F.);
#12268=ORIENTED_EDGE('',*,*,#12131,.T.);
#12270=ORIENTED_EDGE('',*,*,#12269,.T.);
#12271=ORIENTED_EDGE('',*,*,#12205,.F.);
#12272=EDGE_LOOP('',(#12267,#12268,#12270,#12271));
#12273=FACE_OUTER_BOUND('',#12272,.F.);
#12274=ADVANCED_FACE('',(#12273),#12266,.T.);
#12275=CARTESIAN_POINT('',(6.25E-1,-3.475E0,-4.2E0));
#12276=DIRECTION('',(0.E0,0.E0,-1.E0));
#12277=DIRECTION('',(0.E0,1.E0,0.E0));
#12278=AXIS2_PLACEMENT_3D('',#12275,#12276,#12277);
#12279=PLANE('',#12278);
#12280=ORIENTED_EDGE('',*,*,#12207,.F.);
#12281=ORIENTED_EDGE('',*,*,#12269,.F.);
#12282=ORIENTED_EDGE('',*,*,#12129,.F.);
#12283=ORIENTED_EDGE('',*,*,#12168,.F.);
#12284=EDGE_LOOP('',(#12280,#12281,#12282,#12283));
#12285=FACE_OUTER_BOUND('',#12284,.F.);
#12286=ADVANCED_FACE('',(#12285),#12279,.T.);
#12287=CARTESIAN_POINT('',(1.55E0,-3.825E0,-1.6E0));
#12288=DIRECTION('',(-8.320502943378E-1,5.547001962252E-1,0.E0));
#12289=DIRECTION('',(5.547001962252E-1,8.320502943378E-1,0.E0));
#12290=AXIS2_PLACEMENT_3D('',#12287,#12288,#12289);
#12291=PLANE('',#12290);
#12292=ORIENTED_EDGE('',*,*,#7089,.T.);
#12294=ORIENTED_EDGE('',*,*,#12293,.F.);
#12295=ORIENTED_EDGE('',*,*,#8789,.F.);
#12296=ORIENTED_EDGE('',*,*,#8344,.T.);
#12297=EDGE_LOOP('',(#12292,#12294,#12295,#12296));
#12298=FACE_OUTER_BOUND('',#12297,.F.);
#12299=ADVANCED_FACE('',(#12298),#12291,.F.);
#12300=CARTESIAN_POINT('',(1.65E0,-3.675E0,-1.6E0));
#12301=DIRECTION('',(-9.778024140774E-1,2.095290887309E-1,0.E0));
#12302=DIRECTION('',(2.095290887309E-1,9.778024140774E-1,0.E0));
#12303=AXIS2_PLACEMENT_3D('',#12300,#12301,#12302);
#12304=PLANE('',#12303);
#12306=ORIENTED_EDGE('',*,*,#12305,.F.);
#12307=ORIENTED_EDGE('',*,*,#8791,.F.);
#12308=ORIENTED_EDGE('',*,*,#12293,.T.);
#12309=ORIENTED_EDGE('',*,*,#7087,.T.);
#12310=EDGE_LOOP('',(#12306,#12307,#12308,#12309));
#12311=FACE_OUTER_BOUND('',#12310,.F.);
#12312=ADVANCED_FACE('',(#12311),#12304,.F.);
#12313=CARTESIAN_POINT('',(1.715E0,-1.05E0,-4.75E-1));
#12314=DIRECTION('',(1.E0,0.E0,0.E0));
#12315=DIRECTION('',(0.E0,1.E0,0.E0));
#12316=AXIS2_PLACEMENT_3D('',#12313,#12314,#12315);
#12317=PLANE('',#12316);
#12318=ORIENTED_EDGE('',*,*,#6593,.F.);
#12320=ORIENTED_EDGE('',*,*,#12319,.F.);
#12322=ORIENTED_EDGE('',*,*,#12321,.F.);
#12324=ORIENTED_EDGE('',*,*,#12323,.T.);
#12325=EDGE_LOOP('',(#12318,#12320,#12322,#12324));
#12326=FACE_OUTER_BOUND('',#12325,.F.);
#12327=ADVANCED_FACE('',(#12326),#12317,.F.);
#12328=CARTESIAN_POINT('',(1.715E0,-1.05E0,-4.75E-1));
#12329=DIRECTION('',(1.E0,0.E0,0.E0));
#12330=DIRECTION('',(0.E0,1.E0,0.E0));
#12331=AXIS2_PLACEMENT_3D('',#12328,#12329,#12330);
#12332=PLANE('',#12331);
#12333=ORIENTED_EDGE('',*,*,#12305,.T.);
#12334=ORIENTED_EDGE('',*,*,#7085,.F.);
#12335=ORIENTED_EDGE('',*,*,#7396,.T.);
#12337=ORIENTED_EDGE('',*,*,#12336,.T.);
#12339=ORIENTED_EDGE('',*,*,#12338,.T.);
#12341=ORIENTED_EDGE('',*,*,#12340,.T.);
#12343=ORIENTED_EDGE('',*,*,#12342,.F.);
#12344=ORIENTED_EDGE('',*,*,#8793,.F.);
#12345=EDGE_LOOP('',(#12333,#12334,#12335,#12337,#12339,#12341,#12343,#12344));
#12346=FACE_OUTER_BOUND('',#12345,.F.);
#12347=ADVANCED_FACE('',(#12346),#12332,.F.);
#12348=CARTESIAN_POINT('',(1.875E0,-1.05E0,-7.75E-1));
#12349=DIRECTION('',(0.E0,0.E0,1.E0));
#12350=DIRECTION('',(1.E0,0.E0,0.E0));
#12351=AXIS2_PLACEMENT_3D('',#12348,#12349,#12350);
#12352=PLANE('',#12351);
#12353=ORIENTED_EDGE('',*,*,#6591,.T.);
#12355=ORIENTED_EDGE('',*,*,#12354,.F.);
#12357=ORIENTED_EDGE('',*,*,#12356,.F.);
#12358=ORIENTED_EDGE('',*,*,#12319,.T.);
#12359=EDGE_LOOP('',(#12353,#12355,#12357,#12358));
#12360=FACE_OUTER_BOUND('',#12359,.F.);
#12361=ADVANCED_FACE('',(#12360),#12352,.F.);
#12362=CARTESIAN_POINT('',(2.035E0,-1.05E0,-4.75E-1));
#12363=DIRECTION('',(1.E0,0.E0,0.E0));
#12364=DIRECTION('',(0.E0,1.E0,0.E0));
#12365=AXIS2_PLACEMENT_3D('',#12362,#12363,#12364);
#12366=PLANE('',#12365);
#12367=ORIENTED_EDGE('',*,*,#6589,.T.);
#12369=ORIENTED_EDGE('',*,*,#12368,.F.);
#12371=ORIENTED_EDGE('',*,*,#12370,.F.);
#12372=ORIENTED_EDGE('',*,*,#12354,.T.);
#12373=EDGE_LOOP('',(#12367,#12369,#12371,#12372));
#12374=FACE_OUTER_BOUND('',#12373,.F.);
#12375=ADVANCED_FACE('',(#12374),#12366,.T.);
#12376=CARTESIAN_POINT('',(2.035E0,-1.05E0,-4.75E-1));
#12377=DIRECTION('',(1.E0,0.E0,0.E0));
#12378=DIRECTION('',(0.E0,1.E0,0.E0));
#12379=AXIS2_PLACEMENT_3D('',#12376,#12377,#12378);
#12380=PLANE('',#12379);
#12382=ORIENTED_EDGE('',*,*,#12381,.F.);
#12383=ORIENTED_EDGE('',*,*,#8797,.T.);
#12385=ORIENTED_EDGE('',*,*,#12384,.T.);
#12387=ORIENTED_EDGE('',*,*,#12386,.T.);
#12389=ORIENTED_EDGE('',*,*,#12388,.F.);
#12391=ORIENTED_EDGE('',*,*,#12390,.F.);
#12392=ORIENTED_EDGE('',*,*,#7392,.F.);
#12393=ORIENTED_EDGE('',*,*,#7057,.T.);
#12394=EDGE_LOOP('',(#12382,#12383,#12385,#12387,#12389,#12391,#12392,#12393));
#12395=FACE_OUTER_BOUND('',#12394,.F.);
#12396=ADVANCED_FACE('',(#12395),#12380,.T.);
#12397=CARTESIAN_POINT('',(1.875E0,-1.05E0,-1.75E-1));
#12398=DIRECTION('',(0.E0,0.E0,1.E0));
#12399=DIRECTION('',(1.E0,0.E0,0.E0));
#12400=AXIS2_PLACEMENT_3D('',#12397,#12398,#12399);
#12401=PLANE('',#12400);
#12402=ORIENTED_EDGE('',*,*,#6587,.F.);
#12403=ORIENTED_EDGE('',*,*,#12323,.F.);
#12405=ORIENTED_EDGE('',*,*,#12404,.F.);
#12406=ORIENTED_EDGE('',*,*,#12368,.T.);
#12407=EDGE_LOOP('',(#12402,#12403,#12405,#12406));
#12408=FACE_OUTER_BOUND('',#12407,.F.);
#12409=ADVANCED_FACE('',(#12408),#12401,.T.);
#12410=CARTESIAN_POINT('',(1.993785505222E0,2.849644625731E-1,
-2.801691289908E-1));
#12411=CARTESIAN_POINT('',(2.046781532351E0,1.478824537169E-1,
-2.081171738982E-1));
#12412=CARTESIAN_POINT('',(2.072546654816E0,7.355263786409E-3,
-1.730876151291E-1));
#12413=CARTESIAN_POINT('',(2.071080872618E0,-1.366171072182E-1,
-1.750804526836E-1));
#12414=CARTESIAN_POINT('',(1.970340090582E0,2.849972516309E-1,
-2.801691289908E-1));
#12415=CARTESIAN_POINT('',(2.012875970844E0,1.474526542508E-1,
-2.081171738982E-1));
#12416=CARTESIAN_POINT('',(2.033555675031E0,6.926716110621E-3,
-1.730876151291E-1));
#12417=CARTESIAN_POINT('',(2.032379203144E0,-1.365805627896E-1,
-1.750804526836E-1));
#12418=CARTESIAN_POINT('',(1.930744922175E0,2.850365920376E-1,
-2.801691289908E-1));
#12419=CARTESIAN_POINT('',(1.955615460060E0,1.469369796038E-1,
-2.081171738982E-1));
#12420=CARTESIAN_POINT('',(1.967706790092E0,6.412543365280E-3,
-1.730876151291E-1));
#12421=CARTESIAN_POINT('',(1.967018912271E0,-1.365367166780E-1,
-1.750804526836E-1));
#12422=CARTESIAN_POINT('',(1.875E0,2.850528401679E-1,-2.801691289908E-1));
#12423=CARTESIAN_POINT('',(1.875E0,1.467239988652E-1,-2.081171738982E-1));
#12424=CARTESIAN_POINT('',(1.875E0,6.200182932703E-3,-1.730876151291E-1));
#12425=CARTESIAN_POINT('',(1.875E0,-1.365186076295E-1,-1.750804526836E-1));
#12426=CARTESIAN_POINT('',(1.819255077825E0,2.850365920376E-1,
-2.801691289908E-1));
#12427=CARTESIAN_POINT('',(1.794384539940E0,1.469369796038E-1,
-2.081171738982E-1));
#12428=CARTESIAN_POINT('',(1.782293209908E0,6.412543365280E-3,
-1.730876151291E-1));
#12429=CARTESIAN_POINT('',(1.782981087729E0,-1.365367166780E-1,
-1.750804526836E-1));
#12430=CARTESIAN_POINT('',(1.779659909418E0,2.849972516309E-1,
-2.801691289908E-1));
#12431=CARTESIAN_POINT('',(1.737124029156E0,1.474526542508E-1,
-2.081171738982E-1));
#12432=CARTESIAN_POINT('',(1.716444324969E0,6.926716110621E-3,
-1.730876151291E-1));
#12433=CARTESIAN_POINT('',(1.717620796856E0,-1.365805627896E-1,
-1.750804526836E-1));
#12434=CARTESIAN_POINT('',(1.756214494778E0,2.849644625731E-1,
-2.801691289908E-1));
#12435=CARTESIAN_POINT('',(1.703218467649E0,1.478824537169E-1,
-2.081171738982E-1));
#12436=CARTESIAN_POINT('',(1.677453345184E0,7.355263786409E-3,
-1.730876151291E-1));
#12437=CARTESIAN_POINT('',(1.678919127382E0,-1.366171072182E-1,
-1.750804526836E-1));
#12438=B_SPLINE_SURFACE_WITH_KNOTS('',3,3,((#12410,#12411,#12412,#12413),
(#12414,#12415,#12416,#12417),(#12418,#12419,#12420,#12421),(#12422,#12423,
#12424,#12425),(#12426,#12427,#12428,#12429),(#12430,#12431,#12432,#12433),(
#12434,#12435,#12436,#12437)),.UNSPECIFIED.,.F.,.F.,.F.,(4,1,1,1,4),(4,4),(
-1.129376487271E-1,2.5E-1,5.E-1,7.5E-1,1.112937648727E0),(-1.020800380456E-2,
4.113456729120E-1),.UNSPECIFIED.);
#12440=ORIENTED_EDGE('',*,*,#12439,.F.);
#12442=ORIENTED_EDGE('',*,*,#12441,.T.);
#12443=ORIENTED_EDGE('',*,*,#12404,.T.);
#12445=ORIENTED_EDGE('',*,*,#12444,.F.);
#12446=EDGE_LOOP('',(#12440,#12442,#12443,#12445));
#12447=FACE_OUTER_BOUND('',#12446,.F.);
#12448=ADVANCED_FACE('',(#12447),#12438,.T.);
#12449=CARTESIAN_POINT('',(1.875E0,2.75E-1,-4.75E-1));
#12450=DIRECTION('',(0.E0,-1.E0,0.E0));
#12451=DIRECTION('',(0.E0,0.E0,-1.E0));
#12452=AXIS2_PLACEMENT_3D('',#12449,#12450,#12451);
#12453=PLANE('',#12452);
#12454=ORIENTED_EDGE('',*,*,#12439,.T.);
#12456=ORIENTED_EDGE('',*,*,#12455,.T.);
#12458=ORIENTED_EDGE('',*,*,#12457,.T.);
#12460=ORIENTED_EDGE('',*,*,#12459,.T.);
#12461=EDGE_LOOP('',(#12454,#12456,#12458,#12460));
#12462=FACE_OUTER_BOUND('',#12461,.F.);
#12463=ADVANCED_FACE('',(#12462),#12453,.F.);
#12464=CARTESIAN_POINT('',(1.778101477394E0,2.849555100070E-1,
-2.581653885196E-1));
#12465=CARTESIAN_POINT('',(1.734881872931E0,1.480364532166E-1,
-1.779975135696E-1));
#12466=CARTESIAN_POINT('',(1.713863819293E0,7.547482004589E-3,
-1.390112082402E-1));
#12467=CARTESIAN_POINT('',(1.715047316478E0,-1.365114036291E-1,
-1.412064725315E-1));
#12468=CARTESIAN_POINT('',(1.778101477394E0,2.850254352060E-1,
-2.979717805115E-1));
#12469=CARTESIAN_POINT('',(1.734881872931E0,1.471201366365E-1,
-2.325210848607E-1));
#12470=CARTESIAN_POINT('',(1.713863819293E0,6.633569618650E-3,
-2.006918664081E-1));
#12471=CARTESIAN_POINT('',(1.715047316478E0,-1.364342658475E-1,
-2.024841251538E-1));
#12472=CARTESIAN_POINT('',(1.778101477394E0,2.851194487553E-1,
-3.702499843383E-1));
#12473=CARTESIAN_POINT('',(1.734881872931E0,1.458881605359E-1,
-3.315219136708E-1));
#12474=CARTESIAN_POINT('',(1.713863819293E0,5.404825926915E-3,
-3.126881303280E-1));
#12475=CARTESIAN_POINT('',(1.715047316478E0,-1.363305550716E-1,
-3.137486343099E-1));
#12476=CARTESIAN_POINT('',(1.778101477394E0,2.851631586143E-1,-4.75E-1));
#12477=CARTESIAN_POINT('',(1.734881872931E0,1.453153760585E-1,-4.75E-1));
#12478=CARTESIAN_POINT('',(1.713863819293E0,4.833544298195E-3,-4.75E-1));
#12479=CARTESIAN_POINT('',(1.715047316478E0,-1.362823366666E-1,-4.75E-1));
#12480=CARTESIAN_POINT('',(1.778101477394E0,2.851194487553E-1,
-5.797500156617E-1));
#12481=CARTESIAN_POINT('',(1.734881872931E0,1.458881605359E-1,
-6.184780863292E-1));
#12482=CARTESIAN_POINT('',(1.713863819293E0,5.404825926915E-3,
-6.373118696720E-1));
#12483=CARTESIAN_POINT('',(1.715047316478E0,-1.363305550716E-1,
-6.362513656901E-1));
#12484=CARTESIAN_POINT('',(1.778101477394E0,2.850254352060E-1,
-6.520282194885E-1));
#12485=CARTESIAN_POINT('',(1.734881872931E0,1.471201366365E-1,
-7.174789151393E-1));
#12486=CARTESIAN_POINT('',(1.713863819293E0,6.633569618650E-3,
-7.493081335919E-1));
#12487=CARTESIAN_POINT('',(1.715047316478E0,-1.364342658475E-1,
-7.475158748462E-1));
#12488=CARTESIAN_POINT('',(1.778101477394E0,2.849555100070E-1,
-6.918346114804E-1));
#12489=CARTESIAN_POINT('',(1.734881872931E0,1.480364532166E-1,
-7.720024864304E-1));
#12490=CARTESIAN_POINT('',(1.713863819293E0,7.547482004589E-3,
-8.109887917598E-1));
#12491=CARTESIAN_POINT('',(1.715047316478E0,-1.365114036291E-1,
-8.087935274685E-1));
#12492=B_SPLINE_SURFACE_WITH_KNOTS('',3,3,((#12464,#12465,#12466,#12467),
(#12468,#12469,#12470,#12471),(#12472,#12473,#12474,#12475),(#12476,#12477,
#12478,#12479),(#12480,#12481,#12482,#12483),(#12484,#12485,#12486,#12487),(
#12488,#12489,#12490,#12491)),.UNSPECIFIED.,.F.,.F.,.F.,(4,1,1,1,4),(4,4),(
-5.646882436354E-2,2.5E-1,5.E-1,7.5E-1,1.056468824364E0),(-1.020800380456E-2,
4.112328658242E-1),.UNSPECIFIED.);
#12493=ORIENTED_EDGE('',*,*,#12455,.F.);
#12494=ORIENTED_EDGE('',*,*,#12444,.T.);
#12495=ORIENTED_EDGE('',*,*,#12321,.T.);
#12497=ORIENTED_EDGE('',*,*,#12496,.F.);
#12498=EDGE_LOOP('',(#12493,#12494,#12495,#12497));
#12499=FACE_OUTER_BOUND('',#12498,.F.);
#12500=ADVANCED_FACE('',(#12499),#12492,.T.);
#12501=CARTESIAN_POINT('',(1.756214494778E0,2.849644625731E-1,
-6.698308710092E-1));
#12502=CARTESIAN_POINT('',(1.703218467649E0,1.478824537169E-1,
-7.418828261018E-1));
#12503=CARTESIAN_POINT('',(1.677453345184E0,7.355263786409E-3,
-7.769123848709E-1));
#12504=CARTESIAN_POINT('',(1.678919127382E0,-1.366171072182E-1,
-7.749195473164E-1));
#12505=CARTESIAN_POINT('',(1.779659909418E0,2.849972516309E-1,
-6.698308710092E-1));
#12506=CARTESIAN_POINT('',(1.737124029156E0,1.474526542508E-1,
-7.418828261018E-1));
#12507=CARTESIAN_POINT('',(1.716444324969E0,6.926716110621E-3,
-7.769123848709E-1));
#12508=CARTESIAN_POINT('',(1.717620796856E0,-1.365805627896E-1,
-7.749195473164E-1));
#12509=CARTESIAN_POINT('',(1.819255077825E0,2.850365920376E-1,
-6.698308710092E-1));
#12510=CARTESIAN_POINT('',(1.794384539940E0,1.469369796038E-1,
-7.418828261018E-1));
#12511=CARTESIAN_POINT('',(1.782293209908E0,6.412543365280E-3,
-7.769123848709E-1));
#12512=CARTESIAN_POINT('',(1.782981087729E0,-1.365367166780E-1,
-7.749195473164E-1));
#12513=CARTESIAN_POINT('',(1.875E0,2.850528401679E-1,-6.698308710092E-1));
#12514=CARTESIAN_POINT('',(1.875E0,1.467239988652E-1,-7.418828261018E-1));
#12515=CARTESIAN_POINT('',(1.875E0,6.200182932703E-3,-7.769123848709E-1));
#12516=CARTESIAN_POINT('',(1.875E0,-1.365186076295E-1,-7.749195473164E-1));
#12517=CARTESIAN_POINT('',(1.930744922175E0,2.850365920376E-1,
-6.698308710092E-1));
#12518=CARTESIAN_POINT('',(1.955615460060E0,1.469369796038E-1,
-7.418828261018E-1));
#12519=CARTESIAN_POINT('',(1.967706790092E0,6.412543365280E-3,
-7.769123848709E-1));
#12520=CARTESIAN_POINT('',(1.967018912271E0,-1.365367166780E-1,
-7.749195473164E-1));
#12521=CARTESIAN_POINT('',(1.970340090582E0,2.849972516309E-1,
-6.698308710092E-1));
#12522=CARTESIAN_POINT('',(2.012875970844E0,1.474526542508E-1,
-7.418828261018E-1));
#12523=CARTESIAN_POINT('',(2.033555675031E0,6.926716110621E-3,
-7.769123848709E-1));
#12524=CARTESIAN_POINT('',(2.032379203144E0,-1.365805627896E-1,
-7.749195473164E-1));
#12525=CARTESIAN_POINT('',(1.993785505222E0,2.849644625731E-1,
-6.698308710092E-1));
#12526=CARTESIAN_POINT('',(2.046781532351E0,1.478824537169E-1,
-7.418828261018E-1));
#12527=CARTESIAN_POINT('',(2.072546654816E0,7.355263786409E-3,
-7.769123848709E-1));
#12528=CARTESIAN_POINT('',(2.071080872618E0,-1.366171072182E-1,
-7.749195473164E-1));
#12529=B_SPLINE_SURFACE_WITH_KNOTS('',3,3,((#12501,#12502,#12503,#12504),
(#12505,#12506,#12507,#12508),(#12509,#12510,#12511,#12512),(#12513,#12514,
#12515,#12516),(#12517,#12518,#12519,#12520),(#12521,#12522,#12523,#12524),(
#12525,#12526,#12527,#12528)),.UNSPECIFIED.,.F.,.F.,.F.,(4,1,1,1,4),(4,4),(
-1.129376487271E-1,2.5E-1,5.E-1,7.5E-1,1.112937648727E0),(-1.020800380456E-2,
4.113456729120E-1),.UNSPECIFIED.);
#12530=ORIENTED_EDGE('',*,*,#12457,.F.);
#12531=ORIENTED_EDGE('',*,*,#12496,.T.);
#12532=ORIENTED_EDGE('',*,*,#12356,.T.);
#12534=ORIENTED_EDGE('',*,*,#12533,.F.);
#12535=EDGE_LOOP('',(#12530,#12531,#12532,#12534));
#12536=FACE_OUTER_BOUND('',#12535,.F.);
#12537=ADVANCED_FACE('',(#12536),#12529,.T.);
#12538=CARTESIAN_POINT('',(1.971898522606E0,2.849555100070E-1,
-6.918346114804E-1));
#12539=CARTESIAN_POINT('',(2.015118127069E0,1.480364532166E-1,
-7.720024864304E-1));
#12540=CARTESIAN_POINT('',(2.036136180707E0,7.547482004589E-3,
-8.109887917598E-1));
#12541=CARTESIAN_POINT('',(2.034952683522E0,-1.365114036291E-1,
-8.087935274685E-1));
#12542=CARTESIAN_POINT('',(1.971898522606E0,2.850254352060E-1,
-6.520282194885E-1));
#12543=CARTESIAN_POINT('',(2.015118127069E0,1.471201366365E-1,
-7.174789151393E-1));
#12544=CARTESIAN_POINT('',(2.036136180707E0,6.633569618650E-3,
-7.493081335919E-1));
#12545=CARTESIAN_POINT('',(2.034952683522E0,-1.364342658475E-1,
-7.475158748462E-1));
#12546=CARTESIAN_POINT('',(1.971898522606E0,2.851194487553E-1,
-5.797500156617E-1));
#12547=CARTESIAN_POINT('',(2.015118127069E0,1.458881605359E-1,
-6.184780863292E-1));
#12548=CARTESIAN_POINT('',(2.036136180707E0,5.404825926915E-3,
-6.373118696720E-1));
#12549=CARTESIAN_POINT('',(2.034952683522E0,-1.363305550716E-1,
-6.362513656901E-1));
#12550=CARTESIAN_POINT('',(1.971898522606E0,2.851631586143E-1,-4.75E-1));
#12551=CARTESIAN_POINT('',(2.015118127069E0,1.453153760585E-1,-4.75E-1));
#12552=CARTESIAN_POINT('',(2.036136180707E0,4.833544298195E-3,-4.75E-1));
#12553=CARTESIAN_POINT('',(2.034952683522E0,-1.362823366666E-1,-4.75E-1));
#12554=CARTESIAN_POINT('',(1.971898522606E0,2.851194487553E-1,
-3.702499843383E-1));
#12555=CARTESIAN_POINT('',(2.015118127069E0,1.458881605359E-1,
-3.315219136708E-1));
#12556=CARTESIAN_POINT('',(2.036136180707E0,5.404825926915E-3,
-3.126881303280E-1));
#12557=CARTESIAN_POINT('',(2.034952683522E0,-1.363305550716E-1,
-3.137486343099E-1));
#12558=CARTESIAN_POINT('',(1.971898522606E0,2.850254352060E-1,
-2.979717805115E-1));
#12559=CARTESIAN_POINT('',(2.015118127069E0,1.471201366365E-1,
-2.325210848607E-1));
#12560=CARTESIAN_POINT('',(2.036136180707E0,6.633569618650E-3,
-2.006918664081E-1));
#12561=CARTESIAN_POINT('',(2.034952683522E0,-1.364342658475E-1,
-2.024841251538E-1));
#12562=CARTESIAN_POINT('',(1.971898522606E0,2.849555100070E-1,
-2.581653885196E-1));
#12563=CARTESIAN_POINT('',(2.015118127069E0,1.480364532166E-1,
-1.779975135696E-1));
#12564=CARTESIAN_POINT('',(2.036136180707E0,7.547482004589E-3,
-1.390112082402E-1));
#12565=CARTESIAN_POINT('',(2.034952683522E0,-1.365114036291E-1,
-1.412064725315E-1));
#12566=B_SPLINE_SURFACE_WITH_KNOTS('',3,3,((#12538,#12539,#12540,#12541),
(#12542,#12543,#12544,#12545),(#12546,#12547,#12548,#12549),(#12550,#12551,
#12552,#12553),(#12554,#12555,#12556,#12557),(#12558,#12559,#12560,#12561),(
#12562,#12563,#12564,#12565)),.UNSPECIFIED.,.F.,.F.,.F.,(4,1,1,1,4),(4,4),(
-5.646882436354E-2,2.5E-1,5.E-1,7.5E-1,1.056468824364E0),(-1.020800380456E-2,
4.112328658242E-1),.UNSPECIFIED.);
#12567=ORIENTED_EDGE('',*,*,#12459,.F.);
#12568=ORIENTED_EDGE('',*,*,#12533,.T.);
#12569=ORIENTED_EDGE('',*,*,#12370,.T.);
#12570=ORIENTED_EDGE('',*,*,#12441,.F.);
#12571=EDGE_LOOP('',(#12567,#12568,#12569,#12570));
#12572=FACE_OUTER_BOUND('',#12571,.F.);
#12573=ADVANCED_FACE('',(#12572),#12566,.T.);
#12574=CARTESIAN_POINT('',(2.025E0,-3.325E0,-1.6E0));
#12575=DIRECTION('',(9.778024140774E-1,2.095290887309E-1,0.E0));
#12576=DIRECTION('',(2.095290887309E-1,-9.778024140774E-1,0.E0));
#12577=AXIS2_PLACEMENT_3D('',#12574,#12575,#12576);
#12578=PLANE('',#12577);
#12579=ORIENTED_EDGE('',*,*,#12381,.T.);
#12580=ORIENTED_EDGE('',*,*,#7071,.T.);
#12582=ORIENTED_EDGE('',*,*,#12581,.F.);
#12583=ORIENTED_EDGE('',*,*,#8799,.F.);
#12584=EDGE_LOOP('',(#12579,#12580,#12582,#12583));
#12585=FACE_OUTER_BOUND('',#12584,.F.);
#12586=ADVANCED_FACE('',(#12585),#12578,.F.);
#12587=CARTESIAN_POINT('',(2.1E0,-3.675E0,-1.6E0));
#12588=DIRECTION('',(8.320502943378E-1,5.547001962252E-1,0.E0));
#12589=DIRECTION('',(5.547001962252E-1,-8.320502943378E-1,0.E0));
#12590=AXIS2_PLACEMENT_3D('',#12587,#12588,#12589);
#12591=PLANE('',#12590);
#12592=ORIENTED_EDGE('',*,*,#7069,.T.);
#12593=ORIENTED_EDGE('',*,*,#8333,.F.);
#12594=ORIENTED_EDGE('',*,*,#8801,.F.);
#12595=ORIENTED_EDGE('',*,*,#12581,.T.);
#12596=EDGE_LOOP('',(#12592,#12593,#12594,#12595));
#12597=FACE_OUTER_BOUND('',#12596,.F.);
#12598=ADVANCED_FACE('',(#12597),#12591,.F.);
#12599=CARTESIAN_POINT('',(1.875E0,-3.3E0,-2.4375E0));
#12600=DIRECTION('',(0.E0,1.E0,0.E0));
#12601=DIRECTION('',(1.E0,0.E0,0.E0));
#12602=AXIS2_PLACEMENT_3D('',#12599,#12600,#12601);
#12603=PLANE('',#12602);
#12604=ORIENTED_EDGE('',*,*,#8795,.F.);
#12605=ORIENTED_EDGE('',*,*,#12342,.T.);
#12607=ORIENTED_EDGE('',*,*,#12606,.T.);
#12608=ORIENTED_EDGE('',*,*,#12384,.F.);
#12609=EDGE_LOOP('',(#12604,#12605,#12607,#12608));
#12610=FACE_OUTER_BOUND('',#12609,.F.);
#12611=ADVANCED_FACE('',(#12610),#12603,.T.);
#12612=CARTESIAN_POINT('',(1.678885941541E0,-3.300017667059E0,
-3.588658947712E0));
#12613=CARTESIAN_POINT('',(1.677929903444E0,-3.299367765380E0,
-3.797276576464E0));
#12614=CARTESIAN_POINT('',(1.703350529007E0,-3.316648360462E0,
-4.004721429401E0));
#12615=CARTESIAN_POINT('',(1.755147818231E0,-3.351859452305E0,
-4.210993506523E0));
#12616=CARTESIAN_POINT('',(1.717594161106E0,-3.300017667059E0,
-3.588675758785E0));
#12617=CARTESIAN_POINT('',(1.716826822039E0,-3.299367765380E0,
-3.796978475845E0));
#12618=CARTESIAN_POINT('',(1.737230024764E0,-3.316648360462E0,
-4.004423215702E0));
#12619=CARTESIAN_POINT('',(1.778803769282E0,-3.351859452305E0,
-4.211009978356E0));
#12620=CARTESIAN_POINT('',(1.782965513925E0,-3.300017667059E0,
-3.588695830628E0));
#12621=CARTESIAN_POINT('',(1.782516854224E0,-3.299367765380E0,
-3.796622553967E0));
#12622=CARTESIAN_POINT('',(1.794446515095E0,-3.316648360462E0,
-4.004067158810E0));
#12623=CARTESIAN_POINT('',(1.818754496538E0,-3.351859452305E0,
-4.211029645157E0));
#12624=CARTESIAN_POINT('',(1.875E0,-3.300017667059E0,-3.588704065939E0));
#12625=CARTESIAN_POINT('',(1.875E0,-3.299367765380E0,-3.796476522150E0));
#12626=CARTESIAN_POINT('',(1.875E0,-3.316648360462E0,-4.003921071598E0));
#12627=CARTESIAN_POINT('',(1.875E0,-3.351859452305E0,-4.211037714284E0));
#12628=CARTESIAN_POINT('',(1.967034486075E0,-3.300017667059E0,
-3.588695830628E0));
#12629=CARTESIAN_POINT('',(1.967483145776E0,-3.299367765380E0,
-3.796622553967E0));
#12630=CARTESIAN_POINT('',(1.955553484905E0,-3.316648360462E0,
-4.004067158810E0));
#12631=CARTESIAN_POINT('',(1.931245503462E0,-3.351859452305E0,
-4.211029645157E0));
#12632=CARTESIAN_POINT('',(2.032405838894E0,-3.300017667059E0,
-3.588675758785E0));
#12633=CARTESIAN_POINT('',(2.033173177961E0,-3.299367765380E0,
-3.796978475845E0));
#12634=CARTESIAN_POINT('',(2.012769975236E0,-3.316648360462E0,
-4.004423215702E0));
#12635=CARTESIAN_POINT('',(1.971196230718E0,-3.351859452305E0,
-4.211009978356E0));
#12636=CARTESIAN_POINT('',(2.071114058459E0,-3.300017667059E0,
-3.588658947712E0));
#12637=CARTESIAN_POINT('',(2.072070096556E0,-3.299367765380E0,
-3.797276576464E0));
#12638=CARTESIAN_POINT('',(2.046649470993E0,-3.316648360462E0,
-4.004721429401E0));
#12639=CARTESIAN_POINT('',(1.994852181769E0,-3.351859452305E0,
-4.210993506523E0));
#12640=B_SPLINE_SURFACE_WITH_KNOTS('',3,3,((#12612,#12613,#12614,#12615),
(#12616,#12617,#12618,#12619),(#12620,#12621,#12622,#12623),(#12624,#12625,
#12626,#12627),(#12628,#12629,#12630,#12631),(#12632,#12633,#12634,#12635),(
#12636,#12637,#12638,#12639)),.UNSPECIFIED.,.F.,.F.,.F.,(4,1,1,1,4),(4,4),(
-1.129376487271E-1,2.5E-1,5.E-1,7.5E-1,1.112937648727E0),(6.520358638458E0,
7.142691933436E0),.UNSPECIFIED.);
#12641=ORIENTED_EDGE('',*,*,#12606,.F.);
#12643=ORIENTED_EDGE('',*,*,#12642,.T.);
#12645=ORIENTED_EDGE('',*,*,#12644,.T.);
#12647=ORIENTED_EDGE('',*,*,#12646,.F.);
#12648=EDGE_LOOP('',(#12641,#12643,#12645,#12647));
#12649=FACE_OUTER_BOUND('',#12648,.F.);
#12650=ADVANCED_FACE('',(#12649),#12640,.T.);
#12651=CARTESIAN_POINT('',(1.715021253021E0,-3.681601630438E0,
-3.588651405128E0));
#12652=CARTESIAN_POINT('',(1.714240387516E0,-3.682369937178E0,
-3.797152043781E0));
#12653=CARTESIAN_POINT('',(1.734977084097E0,-3.661966751687E0,
-4.004601533104E0));
#12654=CARTESIAN_POINT('',(1.777231342766E0,-3.620392073967E0,
-4.210999873096E0));
#12655=CARTESIAN_POINT('',(1.715021253021E0,-3.641898135150E0,
-3.588661968774E0));
#12656=CARTESIAN_POINT('',(1.714240387516E0,-3.642518793186E0,
-3.796964961016E0));
#12657=CARTESIAN_POINT('',(1.734977084097E0,-3.626036572778E0,
-4.004414374936E0));
#12658=CARTESIAN_POINT('',(1.777231342766E0,-3.592451473927E0,
-4.211010210532E0));
#12659=CARTESIAN_POINT('',(1.715021253021E0,-3.573030925004E0,
-3.588675046192E0));
#12660=CARTESIAN_POINT('',(1.714240387516E0,-3.573395480793E0,
-3.796733359208E0));
#12661=CARTESIAN_POINT('',(1.734977084097E0,-3.563714322216E0,
-4.004182679780E0));
#12662=CARTESIAN_POINT('',(1.777231342766E0,-3.543987449271E0,
-4.211023007910E0));
#12663=CARTESIAN_POINT('',(1.715021253021E0,-3.475E0,-3.588680606705E0));
#12664=CARTESIAN_POINT('',(1.714240387516E0,-3.475E0,-3.796634882221E0));
#12665=CARTESIAN_POINT('',(1.734977084097E0,-3.475E0,-4.004084163103E0));
#12666=CARTESIAN_POINT('',(1.777231342766E0,-3.475E0,-4.211028449350E0));
#12667=CARTESIAN_POINT('',(1.715021253021E0,-3.376969074996E0,
-3.588675046192E0));
#12668=CARTESIAN_POINT('',(1.714240387516E0,-3.376604519207E0,
-3.796733359208E0));
#12669=CARTESIAN_POINT('',(1.734977084097E0,-3.386285677784E0,
-4.004182679780E0));
#12670=CARTESIAN_POINT('',(1.777231342766E0,-3.406012550729E0,
-4.211023007910E0));
#12671=CARTESIAN_POINT('',(1.715021253021E0,-3.308101864850E0,
-3.588661968774E0));
#12672=CARTESIAN_POINT('',(1.714240387516E0,-3.307481206814E0,
-3.796964961016E0));
#12673=CARTESIAN_POINT('',(1.734977084097E0,-3.323963427222E0,
-4.004414374936E0));
#12674=CARTESIAN_POINT('',(1.777231342766E0,-3.357548526073E0,
-4.211010210532E0));
#12675=CARTESIAN_POINT('',(1.715021253021E0,-3.268398369562E0,
-3.588651405128E0));
#12676=CARTESIAN_POINT('',(1.714240387516E0,-3.267630062822E0,
-3.797152043781E0));
#12677=CARTESIAN_POINT('',(1.734977084097E0,-3.288033248313E0,
-4.004601533104E0));
#12678=CARTESIAN_POINT('',(1.777231342766E0,-3.329607926033E0,
-4.210999873096E0));
#12679=B_SPLINE_SURFACE_WITH_KNOTS('',3,3,((#12651,#12652,#12653,#12654),
(#12655,#12656,#12657,#12658),(#12659,#12660,#12661,#12662),(#12663,#12664,
#12665,#12666),(#12667,#12668,#12669,#12670),(#12671,#12672,#12673,#12674),(
#12675,#12676,#12677,#12678)),.UNSPECIFIED.,.F.,.F.,.F.,(4,1,1,1,4),(4,4),(
-9.035011898166E-2,2.5E-1,5.E-1,7.5E-1,1.090350118982E0),(6.520344668989E0,
7.142691933436E0),.UNSPECIFIED.);
#12680=ORIENTED_EDGE('',*,*,#12340,.F.);
#12682=ORIENTED_EDGE('',*,*,#12681,.T.);
#12684=ORIENTED_EDGE('',*,*,#12683,.T.);
#12685=ORIENTED_EDGE('',*,*,#12642,.F.);
#12686=EDGE_LOOP('',(#12680,#12682,#12684,#12685));
#12687=FACE_OUTER_BOUND('',#12686,.F.);
#12688=ADVANCED_FACE('',(#12687),#12679,.T.);
#12689=CARTESIAN_POINT('',(2.071114058459E0,-3.649982332941E0,
-3.588658947712E0));
#12690=CARTESIAN_POINT('',(2.072070096556E0,-3.650632234620E0,
-3.797276576464E0));
#12691=CARTESIAN_POINT('',(2.046649470993E0,-3.633351639538E0,
-4.004721429401E0));
#12692=CARTESIAN_POINT('',(1.994852181769E0,-3.598140547695E0,
-4.210993506523E0));
#12693=CARTESIAN_POINT('',(2.032405838894E0,-3.649982332941E0,
-3.588675758785E0));
#12694=CARTESIAN_POINT('',(2.033173177961E0,-3.650632234620E0,
-3.796978475845E0));
#12695=CARTESIAN_POINT('',(2.012769975236E0,-3.633351639538E0,
-4.004423215702E0));
#12696=CARTESIAN_POINT('',(1.971196230718E0,-3.598140547695E0,
-4.211009978356E0));
#12697=CARTESIAN_POINT('',(1.967034486075E0,-3.649982332941E0,
-3.588695830628E0));
#12698=CARTESIAN_POINT('',(1.967483145776E0,-3.650632234620E0,
-3.796622553967E0));
#12699=CARTESIAN_POINT('',(1.955553484905E0,-3.633351639538E0,
-4.004067158810E0));
#12700=CARTESIAN_POINT('',(1.931245503462E0,-3.598140547695E0,
-4.211029645157E0));
#12701=CARTESIAN_POINT('',(1.875E0,-3.649982332941E0,-3.588704065939E0));
#12702=CARTESIAN_POINT('',(1.875E0,-3.650632234620E0,-3.796476522150E0));
#12703=CARTESIAN_POINT('',(1.875E0,-3.633351639538E0,-4.003921071598E0));
#12704=CARTESIAN_POINT('',(1.875E0,-3.598140547695E0,-4.211037714284E0));
#12705=CARTESIAN_POINT('',(1.782965513925E0,-3.649982332941E0,
-3.588695830628E0));
#12706=CARTESIAN_POINT('',(1.782516854224E0,-3.650632234620E0,
-3.796622553967E0));
#12707=CARTESIAN_POINT('',(1.794446515095E0,-3.633351639538E0,
-4.004067158810E0));
#12708=CARTESIAN_POINT('',(1.818754496538E0,-3.598140547695E0,
-4.211029645157E0));
#12709=CARTESIAN_POINT('',(1.717594161106E0,-3.649982332941E0,
-3.588675758785E0));
#12710=CARTESIAN_POINT('',(1.716826822039E0,-3.650632234620E0,
-3.796978475845E0));
#12711=CARTESIAN_POINT('',(1.737230024764E0,-3.633351639538E0,
-4.004423215702E0));
#12712=CARTESIAN_POINT('',(1.778803769282E0,-3.598140547695E0,
-4.211009978356E0));
#12713=CARTESIAN_POINT('',(1.678885941541E0,-3.649982332941E0,
-3.588658947712E0));
#12714=CARTESIAN_POINT('',(1.677929903444E0,-3.650632234620E0,
-3.797276576464E0));
#12715=CARTESIAN_POINT('',(1.703350529007E0,-3.633351639538E0,
-4.004721429401E0));
#12716=CARTESIAN_POINT('',(1.755147818231E0,-3.598140547695E0,
-4.210993506523E0));
#12717=B_SPLINE_SURFACE_WITH_KNOTS('',3,3,((#12689,#12690,#12691,#12692),
(#12693,#12694,#12695,#12696),(#12697,#12698,#12699,#12700),(#12701,#12702,
#12703,#12704),(#12705,#12706,#12707,#12708),(#12709,#12710,#12711,#12712),(
#12713,#12714,#12715,#12716)),.UNSPECIFIED.,.F.,.F.,.F.,(4,1,1,1,4),(4,4),(
-1.129376487271E-1,2.5E-1,5.E-1,7.5E-1,1.112937648727E0),(6.520358638458E0,
7.142691933436E0),.UNSPECIFIED.);
#12719=ORIENTED_EDGE('',*,*,#12718,.F.);
#12721=ORIENTED_EDGE('',*,*,#12720,.T.);
#12723=ORIENTED_EDGE('',*,*,#12722,.T.);
#12724=ORIENTED_EDGE('',*,*,#12681,.F.);
#12725=EDGE_LOOP('',(#12719,#12721,#12723,#12724));
#12726=FACE_OUTER_BOUND('',#12725,.F.);
#12727=ADVANCED_FACE('',(#12726),#12717,.T.);
#12728=CARTESIAN_POINT('',(1.875E0,-3.65E0,-2.4375E0));
#12729=DIRECTION('',(0.E0,1.E0,0.E0));
#12730=DIRECTION('',(1.E0,0.E0,0.E0));
#12731=AXIS2_PLACEMENT_3D('',#12728,#12729,#12730);
#12732=PLANE('',#12731);
#12734=ORIENTED_EDGE('',*,*,#12733,.F.);
#12735=ORIENTED_EDGE('',*,*,#12388,.T.);
#12736=ORIENTED_EDGE('',*,*,#12718,.T.);
#12737=ORIENTED_EDGE('',*,*,#12338,.F.);
#12738=EDGE_LOOP('',(#12734,#12735,#12736,#12737));
#12739=FACE_OUTER_BOUND('',#12738,.F.);
#12740=ADVANCED_FACE('',(#12739),#12732,.F.);
#12741=CARTESIAN_POINT('',(1.875E0,-2.675E0,-1.275E0));
#12742=DIRECTION('',(1.E0,0.E0,0.E0));
#12743=DIRECTION('',(0.E0,0.E0,1.E0));
#12744=AXIS2_PLACEMENT_3D('',#12741,#12742,#12743);
#12745=CYLINDRICAL_SURFACE('',#12744,9.75E-1);
#12746=ORIENTED_EDGE('',*,*,#12390,.T.);
#12747=ORIENTED_EDGE('',*,*,#12733,.T.);
#12748=ORIENTED_EDGE('',*,*,#12336,.F.);
#12749=ORIENTED_EDGE('',*,*,#7394,.T.);
#12750=EDGE_LOOP('',(#12746,#12747,#12748,#12749));
#12751=FACE_OUTER_BOUND('',#12750,.F.);
#12752=ADVANCED_FACE('',(#12751),#12745,.T.);
#12753=CARTESIAN_POINT('',(2.034978746979E0,-3.268398369562E0,
-3.588651405128E0));
#12754=CARTESIAN_POINT('',(2.035759612484E0,-3.267630062822E0,
-3.797152043781E0));
#12755=CARTESIAN_POINT('',(2.015022915903E0,-3.288033248313E0,
-4.004601533104E0));
#12756=CARTESIAN_POINT('',(1.972768657234E0,-3.329607926033E0,
-4.210999873096E0));
#12757=CARTESIAN_POINT('',(2.034978746979E0,-3.308101864850E0,
-3.588661968774E0));
#12758=CARTESIAN_POINT('',(2.035759612484E0,-3.307481206814E0,
-3.796964961016E0));
#12759=CARTESIAN_POINT('',(2.015022915903E0,-3.323963427222E0,
-4.004414374936E0));
#12760=CARTESIAN_POINT('',(1.972768657234E0,-3.357548526073E0,
-4.211010210532E0));
#12761=CARTESIAN_POINT('',(2.034978746979E0,-3.376969074996E0,
-3.588675046192E0));
#12762=CARTESIAN_POINT('',(2.035759612484E0,-3.376604519207E0,
-3.796733359208E0));
#12763=CARTESIAN_POINT('',(2.015022915903E0,-3.386285677784E0,
-4.004182679780E0));
#12764=CARTESIAN_POINT('',(1.972768657234E0,-3.406012550729E0,
-4.211023007910E0));
#12765=CARTESIAN_POINT('',(2.034978746979E0,-3.475E0,-3.588680606705E0));
#12766=CARTESIAN_POINT('',(2.035759612484E0,-3.475E0,-3.796634882221E0));
#12767=CARTESIAN_POINT('',(2.015022915903E0,-3.475E0,-4.004084163103E0));
#12768=CARTESIAN_POINT('',(1.972768657234E0,-3.475E0,-4.211028449350E0));
#12769=CARTESIAN_POINT('',(2.034978746979E0,-3.573030925004E0,
-3.588675046192E0));
#12770=CARTESIAN_POINT('',(2.035759612484E0,-3.573395480793E0,
-3.796733359208E0));
#12771=CARTESIAN_POINT('',(2.015022915903E0,-3.563714322216E0,
-4.004182679780E0));
#12772=CARTESIAN_POINT('',(1.972768657234E0,-3.543987449271E0,
-4.211023007910E0));
#12773=CARTESIAN_POINT('',(2.034978746979E0,-3.641898135150E0,
-3.588661968774E0));
#12774=CARTESIAN_POINT('',(2.035759612484E0,-3.642518793186E0,
-3.796964961016E0));
#12775=CARTESIAN_POINT('',(2.015022915903E0,-3.626036572778E0,
-4.004414374936E0));
#12776=CARTESIAN_POINT('',(1.972768657234E0,-3.592451473927E0,
-4.211010210532E0));
#12777=CARTESIAN_POINT('',(2.034978746979E0,-3.681601630438E0,
-3.588651405128E0));
#12778=CARTESIAN_POINT('',(2.035759612484E0,-3.682369937178E0,
-3.797152043781E0));
#12779=CARTESIAN_POINT('',(2.015022915903E0,-3.661966751687E0,
-4.004601533104E0));
#12780=CARTESIAN_POINT('',(1.972768657234E0,-3.620392073967E0,
-4.210999873096E0));
#12781=B_SPLINE_SURFACE_WITH_KNOTS('',3,3,((#12753,#12754,#12755,#12756),
(#12757,#12758,#12759,#12760),(#12761,#12762,#12763,#12764),(#12765,#12766,
#12767,#12768),(#12769,#12770,#12771,#12772),(#12773,#12774,#12775,#12776),(
#12777,#12778,#12779,#12780)),.UNSPECIFIED.,.F.,.F.,.F.,(4,1,1,1,4),(4,4),(
-9.035011898166E-2,2.5E-1,5.E-1,7.5E-1,1.090350118982E0),(6.520344668989E0,
7.142691933436E0),.UNSPECIFIED.);
#12782=ORIENTED_EDGE('',*,*,#12386,.F.);
#12783=ORIENTED_EDGE('',*,*,#12646,.T.);
#12785=ORIENTED_EDGE('',*,*,#12784,.T.);
#12786=ORIENTED_EDGE('',*,*,#12720,.F.);
#12787=EDGE_LOOP('',(#12782,#12783,#12785,#12786));
#12788=FACE_OUTER_BOUND('',#12787,.F.);
#12789=ADVANCED_FACE('',(#12788),#12781,.T.);
#12790=CARTESIAN_POINT('',(1.875E0,-3.475E0,-4.2E0));
#12791=DIRECTION('',(0.E0,0.E0,-1.E0));
#12792=DIRECTION('',(0.E0,1.E0,0.E0));
#12793=AXIS2_PLACEMENT_3D('',#12790,#12791,#12792);
#12794=PLANE('',#12793);
#12795=ORIENTED_EDGE('',*,*,#12722,.F.);
#12796=ORIENTED_EDGE('',*,*,#12784,.F.);
#12797=ORIENTED_EDGE('',*,*,#12644,.F.);
#12798=ORIENTED_EDGE('',*,*,#12683,.F.);
#12799=EDGE_LOOP('',(#12795,#12796,#12797,#12798));
#12800=FACE_OUTER_BOUND('',#12799,.F.);
#12801=ADVANCED_FACE('',(#12800),#12794,.T.);
#12802=CARTESIAN_POINT('',(2.8E0,-3.825E0,-1.6E0));
#12803=DIRECTION('',(-8.320502943378E-1,5.547001962252E-1,0.E0));
#12804=DIRECTION('',(5.547001962252E-1,8.320502943378E-1,0.E0));
#12805=AXIS2_PLACEMENT_3D('',#12802,#12803,#12804);
#12806=PLANE('',#12805);
#12807=ORIENTED_EDGE('',*,*,#7065,.T.);
#12809=ORIENTED_EDGE('',*,*,#12808,.F.);
#12810=ORIENTED_EDGE('',*,*,#8804,.F.);
#12811=ORIENTED_EDGE('',*,*,#8329,.T.);
#12812=EDGE_LOOP('',(#12807,#12809,#12810,#12811));
#12813=FACE_OUTER_BOUND('',#12812,.F.);
#12814=ADVANCED_FACE('',(#12813),#12806,.F.);
#12815=CARTESIAN_POINT('',(2.9E0,-3.675E0,-1.6E0));
#12816=DIRECTION('',(-9.778024140774E-1,2.095290887309E-1,0.E0));
#12817=DIRECTION('',(2.095290887309E-1,9.778024140774E-1,0.E0));
#12818=AXIS2_PLACEMENT_3D('',#12815,#12816,#12817);
#12819=PLANE('',#12818);
#12821=ORIENTED_EDGE('',*,*,#12820,.F.);
#12822=ORIENTED_EDGE('',*,*,#8806,.F.);
#12823=ORIENTED_EDGE('',*,*,#12808,.T.);
#12824=ORIENTED_EDGE('',*,*,#7063,.T.);
#12825=EDGE_LOOP('',(#12821,#12822,#12823,#12824));
#12826=FACE_OUTER_BOUND('',#12825,.F.);
#12827=ADVANCED_FACE('',(#12826),#12819,.F.);
#12828=CARTESIAN_POINT('',(2.965E0,-1.05E0,-4.75E-1));
#12829=DIRECTION('',(1.E0,0.E0,0.E0));
#12830=DIRECTION('',(0.E0,1.E0,0.E0));
#12831=AXIS2_PLACEMENT_3D('',#12828,#12829,#12830);
#12832=PLANE('',#12831);
#12833=ORIENTED_EDGE('',*,*,#6583,.F.);
#12835=ORIENTED_EDGE('',*,*,#12834,.F.);
#12837=ORIENTED_EDGE('',*,*,#12836,.F.);
#12839=ORIENTED_EDGE('',*,*,#12838,.T.);
#12840=EDGE_LOOP('',(#12833,#12835,#12837,#12839));
#12841=FACE_OUTER_BOUND('',#12840,.F.);
#12842=ADVANCED_FACE('',(#12841),#12832,.F.);
#12843=CARTESIAN_POINT('',(2.965E0,-1.05E0,-4.75E-1));
#12844=DIRECTION('',(1.E0,0.E0,0.E0));
#12845=DIRECTION('',(0.E0,1.E0,0.E0));
#12846=AXIS2_PLACEMENT_3D('',#12843,#12844,#12845);
#12847=PLANE('',#12846);
#12848=ORIENTED_EDGE('',*,*,#12820,.T.);
#12849=ORIENTED_EDGE('',*,*,#7061,.F.);
#12850=ORIENTED_EDGE('',*,*,#7389,.T.);
#12852=ORIENTED_EDGE('',*,*,#12851,.T.);
#12854=ORIENTED_EDGE('',*,*,#12853,.T.);
#12856=ORIENTED_EDGE('',*,*,#12855,.T.);
#12858=ORIENTED_EDGE('',*,*,#12857,.F.);
#12859=ORIENTED_EDGE('',*,*,#8808,.F.);
#12860=EDGE_LOOP('',(#12848,#12849,#12850,#12852,#12854,#12856,#12858,#12859));
#12861=FACE_OUTER_BOUND('',#12860,.F.);
#12862=ADVANCED_FACE('',(#12861),#12847,.F.);
#12863=CARTESIAN_POINT('',(3.125E0,-1.05E0,-7.75E-1));
#12864=DIRECTION('',(0.E0,0.E0,1.E0));
#12865=DIRECTION('',(1.E0,0.E0,0.E0));
#12866=AXIS2_PLACEMENT_3D('',#12863,#12864,#12865);
#12867=PLANE('',#12866);
#12868=ORIENTED_EDGE('',*,*,#6581,.T.);
#12870=ORIENTED_EDGE('',*,*,#12869,.F.);
#12872=ORIENTED_EDGE('',*,*,#12871,.F.);
#12873=ORIENTED_EDGE('',*,*,#12834,.T.);
#12874=EDGE_LOOP('',(#12868,#12870,#12872,#12873));
#12875=FACE_OUTER_BOUND('',#12874,.F.);
#12876=ADVANCED_FACE('',(#12875),#12867,.F.);
#12877=CARTESIAN_POINT('',(3.285E0,-1.05E0,-4.75E-1));
#12878=DIRECTION('',(1.E0,0.E0,0.E0));
#12879=DIRECTION('',(0.E0,1.E0,0.E0));
#12880=AXIS2_PLACEMENT_3D('',#12877,#12878,#12879);
#12881=PLANE('',#12880);
#12882=ORIENTED_EDGE('',*,*,#6579,.T.);
#12884=ORIENTED_EDGE('',*,*,#12883,.F.);
#12886=ORIENTED_EDGE('',*,*,#12885,.F.);
#12887=ORIENTED_EDGE('',*,*,#12869,.T.);
#12888=EDGE_LOOP('',(#12882,#12884,#12886,#12887));
#12889=FACE_OUTER_BOUND('',#12888,.F.);
#12890=ADVANCED_FACE('',(#12889),#12881,.T.);
#12891=CARTESIAN_POINT('',(3.285E0,-1.05E0,-4.75E-1));
#12892=DIRECTION('',(1.E0,0.E0,0.E0));
#12893=DIRECTION('',(0.E0,1.E0,0.E0));
#12894=AXIS2_PLACEMENT_3D('',#12891,#12892,#12893);
#12895=PLANE('',#12894);
#12897=ORIENTED_EDGE('',*,*,#12896,.F.);
#12898=ORIENTED_EDGE('',*,*,#8812,.T.);
#12900=ORIENTED_EDGE('',*,*,#12899,.T.);
#12902=ORIENTED_EDGE('',*,*,#12901,.T.);
#12904=ORIENTED_EDGE('',*,*,#12903,.F.);
#12906=ORIENTED_EDGE('',*,*,#12905,.F.);
#12907=ORIENTED_EDGE('',*,*,#7385,.F.);
#12908=ORIENTED_EDGE('',*,*,#7033,.T.);
#12909=EDGE_LOOP('',(#12897,#12898,#12900,#12902,#12904,#12906,#12907,#12908));
#12910=FACE_OUTER_BOUND('',#12909,.F.);
#12911=ADVANCED_FACE('',(#12910),#12895,.T.);
#12912=CARTESIAN_POINT('',(3.125E0,-1.05E0,-1.75E-1));
#12913=DIRECTION('',(0.E0,0.E0,1.E0));
#12914=DIRECTION('',(1.E0,0.E0,0.E0));
#12915=AXIS2_PLACEMENT_3D('',#12912,#12913,#12914);
#12916=PLANE('',#12915);
#12917=ORIENTED_EDGE('',*,*,#6577,.F.);
#12918=ORIENTED_EDGE('',*,*,#12838,.F.);
#12920=ORIENTED_EDGE('',*,*,#12919,.F.);
#12921=ORIENTED_EDGE('',*,*,#12883,.T.);
#12922=EDGE_LOOP('',(#12917,#12918,#12920,#12921));
#12923=FACE_OUTER_BOUND('',#12922,.F.);
#12924=ADVANCED_FACE('',(#12923),#12916,.T.);
#12925=CARTESIAN_POINT('',(3.243785505222E0,2.849644625731E-1,
-2.801691289908E-1));
#12926=CARTESIAN_POINT('',(3.296781532351E0,1.478824537169E-1,
-2.081171738982E-1));
#12927=CARTESIAN_POINT('',(3.322546654816E0,7.355263786409E-3,
-1.730876151291E-1));
#12928=CARTESIAN_POINT('',(3.321080872618E0,-1.366171072182E-1,
-1.750804526836E-1));
#12929=CARTESIAN_POINT('',(3.220340090582E0,2.849972516309E-1,
-2.801691289908E-1));
#12930=CARTESIAN_POINT('',(3.262875970844E0,1.474526542508E-1,
-2.081171738982E-1));
#12931=CARTESIAN_POINT('',(3.283555675031E0,6.926716110621E-3,
-1.730876151291E-1));
#12932=CARTESIAN_POINT('',(3.282379203144E0,-1.365805627896E-1,
-1.750804526836E-1));
#12933=CARTESIAN_POINT('',(3.180744922175E0,2.850365920376E-1,
-2.801691289908E-1));
#12934=CARTESIAN_POINT('',(3.205615460060E0,1.469369796038E-1,
-2.081171738982E-1));
#12935=CARTESIAN_POINT('',(3.217706790092E0,6.412543365280E-3,
-1.730876151291E-1));
#12936=CARTESIAN_POINT('',(3.217018912271E0,-1.365367166780E-1,
-1.750804526836E-1));
#12937=CARTESIAN_POINT('',(3.125E0,2.850528401679E-1,-2.801691289908E-1));
#12938=CARTESIAN_POINT('',(3.125E0,1.467239988652E-1,-2.081171738982E-1));
#12939=CARTESIAN_POINT('',(3.125E0,6.200182932703E-3,-1.730876151291E-1));
#12940=CARTESIAN_POINT('',(3.125E0,-1.365186076295E-1,-1.750804526836E-1));
#12941=CARTESIAN_POINT('',(3.069255077825E0,2.850365920376E-1,
-2.801691289908E-1));
#12942=CARTESIAN_POINT('',(3.044384539940E0,1.469369796038E-1,
-2.081171738982E-1));
#12943=CARTESIAN_POINT('',(3.032293209908E0,6.412543365280E-3,
-1.730876151291E-1));
#12944=CARTESIAN_POINT('',(3.032981087729E0,-1.365367166780E-1,
-1.750804526836E-1));
#12945=CARTESIAN_POINT('',(3.029659909418E0,2.849972516309E-1,
-2.801691289908E-1));
#12946=CARTESIAN_POINT('',(2.987124029156E0,1.474526542508E-1,
-2.081171738982E-1));
#12947=CARTESIAN_POINT('',(2.966444324969E0,6.926716110621E-3,
-1.730876151291E-1));
#12948=CARTESIAN_POINT('',(2.967620796856E0,-1.365805627896E-1,
-1.750804526836E-1));
#12949=CARTESIAN_POINT('',(3.006214494778E0,2.849644625731E-1,
-2.801691289908E-1));
#12950=CARTESIAN_POINT('',(2.953218467649E0,1.478824537169E-1,
-2.081171738982E-1));
#12951=CARTESIAN_POINT('',(2.927453345184E0,7.355263786409E-3,
-1.730876151291E-1));
#12952=CARTESIAN_POINT('',(2.928919127382E0,-1.366171072182E-1,
-1.750804526836E-1));
#12953=B_SPLINE_SURFACE_WITH_KNOTS('',3,3,((#12925,#12926,#12927,#12928),
(#12929,#12930,#12931,#12932),(#12933,#12934,#12935,#12936),(#12937,#12938,
#12939,#12940),(#12941,#12942,#12943,#12944),(#12945,#12946,#12947,#12948),(
#12949,#12950,#12951,#12952)),.UNSPECIFIED.,.F.,.F.,.F.,(4,1,1,1,4),(4,4),(
-1.129376487271E-1,2.5E-1,5.E-1,7.5E-1,1.112937648727E0),(-1.020800380456E-2,
4.113456729120E-1),.UNSPECIFIED.);
#12955=ORIENTED_EDGE('',*,*,#12954,.F.);
#12957=ORIENTED_EDGE('',*,*,#12956,.T.);
#12958=ORIENTED_EDGE('',*,*,#12919,.T.);
#12960=ORIENTED_EDGE('',*,*,#12959,.F.);
#12961=EDGE_LOOP('',(#12955,#12957,#12958,#12960));
#12962=FACE_OUTER_BOUND('',#12961,.F.);
#12963=ADVANCED_FACE('',(#12962),#12953,.T.);
#12964=CARTESIAN_POINT('',(3.125E0,2.75E-1,-4.75E-1));
#12965=DIRECTION('',(0.E0,-1.E0,0.E0));
#12966=DIRECTION('',(0.E0,0.E0,-1.E0));
#12967=AXIS2_PLACEMENT_3D('',#12964,#12965,#12966);
#12968=PLANE('',#12967);
#12969=ORIENTED_EDGE('',*,*,#12954,.T.);
#12971=ORIENTED_EDGE('',*,*,#12970,.T.);
#12973=ORIENTED_EDGE('',*,*,#12972,.T.);
#12975=ORIENTED_EDGE('',*,*,#12974,.T.);
#12976=EDGE_LOOP('',(#12969,#12971,#12973,#12975));
#12977=FACE_OUTER_BOUND('',#12976,.F.);
#12978=ADVANCED_FACE('',(#12977),#12968,.F.);
#12979=CARTESIAN_POINT('',(3.028101477394E0,2.849555100070E-1,
-2.581653885196E-1));
#12980=CARTESIAN_POINT('',(2.984881872931E0,1.480364532166E-1,
-1.779975135696E-1));
#12981=CARTESIAN_POINT('',(2.963863819293E0,7.547482004589E-3,
-1.390112082402E-1));
#12982=CARTESIAN_POINT('',(2.965047316478E0,-1.365114036291E-1,
-1.412064725315E-1));
#12983=CARTESIAN_POINT('',(3.028101477394E0,2.850254352060E-1,
-2.979717805115E-1));
#12984=CARTESIAN_POINT('',(2.984881872931E0,1.471201366365E-1,
-2.325210848607E-1));
#12985=CARTESIAN_POINT('',(2.963863819293E0,6.633569618650E-3,
-2.006918664081E-1));
#12986=CARTESIAN_POINT('',(2.965047316478E0,-1.364342658475E-1,
-2.024841251538E-1));
#12987=CARTESIAN_POINT('',(3.028101477394E0,2.851194487553E-1,
-3.702499843383E-1));
#12988=CARTESIAN_POINT('',(2.984881872931E0,1.458881605359E-1,
-3.315219136708E-1));
#12989=CARTESIAN_POINT('',(2.963863819293E0,5.404825926915E-3,
-3.126881303280E-1));
#12990=CARTESIAN_POINT('',(2.965047316478E0,-1.363305550716E-1,
-3.137486343099E-1));
#12991=CARTESIAN_POINT('',(3.028101477394E0,2.851631586143E-1,-4.75E-1));
#12992=CARTESIAN_POINT('',(2.984881872931E0,1.453153760585E-1,-4.75E-1));
#12993=CARTESIAN_POINT('',(2.963863819293E0,4.833544298195E-3,-4.75E-1));
#12994=CARTESIAN_POINT('',(2.965047316478E0,-1.362823366666E-1,-4.75E-1));
#12995=CARTESIAN_POINT('',(3.028101477394E0,2.851194487553E-1,
-5.797500156617E-1));
#12996=CARTESIAN_POINT('',(2.984881872931E0,1.458881605359E-1,
-6.184780863292E-1));
#12997=CARTESIAN_POINT('',(2.963863819293E0,5.404825926915E-3,
-6.373118696720E-1));
#12998=CARTESIAN_POINT('',(2.965047316478E0,-1.363305550716E-1,
-6.362513656901E-1));
#12999=CARTESIAN_POINT('',(3.028101477394E0,2.850254352060E-1,
-6.520282194885E-1));
#13000=CARTESIAN_POINT('',(2.984881872931E0,1.471201366365E-1,
-7.174789151393E-1));
#13001=CARTESIAN_POINT('',(2.963863819293E0,6.633569618650E-3,
-7.493081335919E-1));
#13002=CARTESIAN_POINT('',(2.965047316478E0,-1.364342658475E-1,
-7.475158748462E-1));
#13003=CARTESIAN_POINT('',(3.028101477394E0,2.849555100070E-1,
-6.918346114804E-1));
#13004=CARTESIAN_POINT('',(2.984881872931E0,1.480364532166E-1,
-7.720024864304E-1));
#13005=CARTESIAN_POINT('',(2.963863819293E0,7.547482004589E-3,
-8.109887917598E-1));
#13006=CARTESIAN_POINT('',(2.965047316478E0,-1.365114036291E-1,
-8.087935274685E-1));
#13007=B_SPLINE_SURFACE_WITH_KNOTS('',3,3,((#12979,#12980,#12981,#12982),
(#12983,#12984,#12985,#12986),(#12987,#12988,#12989,#12990),(#12991,#12992,
#12993,#12994),(#12995,#12996,#12997,#12998),(#12999,#13000,#13001,#13002),(
#13003,#13004,#13005,#13006)),.UNSPECIFIED.,.F.,.F.,.F.,(4,1,1,1,4),(4,4),(
-5.646882436354E-2,2.5E-1,5.E-1,7.5E-1,1.056468824364E0),(-1.020800380456E-2,
4.112328658242E-1),.UNSPECIFIED.);
#13008=ORIENTED_EDGE('',*,*,#12970,.F.);
#13009=ORIENTED_EDGE('',*,*,#12959,.T.);
#13010=ORIENTED_EDGE('',*,*,#12836,.T.);
#13012=ORIENTED_EDGE('',*,*,#13011,.F.);
#13013=EDGE_LOOP('',(#13008,#13009,#13010,#13012));
#13014=FACE_OUTER_BOUND('',#13013,.F.);
#13015=ADVANCED_FACE('',(#13014),#13007,.T.);
#13016=CARTESIAN_POINT('',(3.006214494778E0,2.849644625731E-1,
-6.698308710092E-1));
#13017=CARTESIAN_POINT('',(2.953218467649E0,1.478824537169E-1,
-7.418828261018E-1));
#13018=CARTESIAN_POINT('',(2.927453345184E0,7.355263786409E-3,
-7.769123848709E-1));
#13019=CARTESIAN_POINT('',(2.928919127382E0,-1.366171072182E-1,
-7.749195473164E-1));
#13020=CARTESIAN_POINT('',(3.029659909418E0,2.849972516309E-1,
-6.698308710092E-1));
#13021=CARTESIAN_POINT('',(2.987124029156E0,1.474526542508E-1,
-7.418828261018E-1));
#13022=CARTESIAN_POINT('',(2.966444324969E0,6.926716110621E-3,
-7.769123848709E-1));
#13023=CARTESIAN_POINT('',(2.967620796856E0,-1.365805627896E-1,
-7.749195473164E-1));
#13024=CARTESIAN_POINT('',(3.069255077825E0,2.850365920376E-1,
-6.698308710092E-1));
#13025=CARTESIAN_POINT('',(3.044384539940E0,1.469369796038E-1,
-7.418828261018E-1));
#13026=CARTESIAN_POINT('',(3.032293209908E0,6.412543365280E-3,
-7.769123848709E-1));
#13027=CARTESIAN_POINT('',(3.032981087729E0,-1.365367166780E-1,
-7.749195473164E-1));
#13028=CARTESIAN_POINT('',(3.125E0,2.850528401679E-1,-6.698308710092E-1));
#13029=CARTESIAN_POINT('',(3.125E0,1.467239988652E-1,-7.418828261018E-1));
#13030=CARTESIAN_POINT('',(3.125E0,6.200182932703E-3,-7.769123848709E-1));
#13031=CARTESIAN_POINT('',(3.125E0,-1.365186076295E-1,-7.749195473164E-1));
#13032=CARTESIAN_POINT('',(3.180744922175E0,2.850365920376E-1,
-6.698308710092E-1));
#13033=CARTESIAN_POINT('',(3.205615460060E0,1.469369796038E-1,
-7.418828261018E-1));
#13034=CARTESIAN_POINT('',(3.217706790092E0,6.412543365280E-3,
-7.769123848709E-1));
#13035=CARTESIAN_POINT('',(3.217018912271E0,-1.365367166780E-1,
-7.749195473164E-1));
#13036=CARTESIAN_POINT('',(3.220340090582E0,2.849972516309E-1,
-6.698308710092E-1));
#13037=CARTESIAN_POINT('',(3.262875970844E0,1.474526542508E-1,
-7.418828261018E-1));
#13038=CARTESIAN_POINT('',(3.283555675031E0,6.926716110621E-3,
-7.769123848709E-1));
#13039=CARTESIAN_POINT('',(3.282379203144E0,-1.365805627896E-1,
-7.749195473164E-1));
#13040=CARTESIAN_POINT('',(3.243785505222E0,2.849644625731E-1,
-6.698308710092E-1));
#13041=CARTESIAN_POINT('',(3.296781532351E0,1.478824537169E-1,
-7.418828261018E-1));
#13042=CARTESIAN_POINT('',(3.322546654816E0,7.355263786409E-3,
-7.769123848709E-1));
#13043=CARTESIAN_POINT('',(3.321080872618E0,-1.366171072182E-1,
-7.749195473164E-1));
#13044=B_SPLINE_SURFACE_WITH_KNOTS('',3,3,((#13016,#13017,#13018,#13019),
(#13020,#13021,#13022,#13023),(#13024,#13025,#13026,#13027),(#13028,#13029,
#13030,#13031),(#13032,#13033,#13034,#13035),(#13036,#13037,#13038,#13039),(
#13040,#13041,#13042,#13043)),.UNSPECIFIED.,.F.,.F.,.F.,(4,1,1,1,4),(4,4),(
-1.129376487271E-1,2.5E-1,5.E-1,7.5E-1,1.112937648727E0),(-1.020800380456E-2,
4.113456729120E-1),.UNSPECIFIED.);
#13045=ORIENTED_EDGE('',*,*,#12972,.F.);
#13046=ORIENTED_EDGE('',*,*,#13011,.T.);
#13047=ORIENTED_EDGE('',*,*,#12871,.T.);
#13049=ORIENTED_EDGE('',*,*,#13048,.F.);
#13050=EDGE_LOOP('',(#13045,#13046,#13047,#13049));
#13051=FACE_OUTER_BOUND('',#13050,.F.);
#13052=ADVANCED_FACE('',(#13051),#13044,.T.);
#13053=CARTESIAN_POINT('',(3.221898522606E0,2.849555100070E-1,
-6.918346114804E-1));
#13054=CARTESIAN_POINT('',(3.265118127069E0,1.480364532166E-1,
-7.720024864304E-1));
#13055=CARTESIAN_POINT('',(3.286136180707E0,7.547482004589E-3,
-8.109887917598E-1));
#13056=CARTESIAN_POINT('',(3.284952683522E0,-1.365114036291E-1,
-8.087935274685E-1));
#13057=CARTESIAN_POINT('',(3.221898522606E0,2.850254352060E-1,
-6.520282194885E-1));
#13058=CARTESIAN_POINT('',(3.265118127069E0,1.471201366365E-1,
-7.174789151393E-1));
#13059=CARTESIAN_POINT('',(3.286136180707E0,6.633569618650E-3,
-7.493081335919E-1));
#13060=CARTESIAN_POINT('',(3.284952683522E0,-1.364342658475E-1,
-7.475158748462E-1));
#13061=CARTESIAN_POINT('',(3.221898522606E0,2.851194487553E-1,
-5.797500156617E-1));
#13062=CARTESIAN_POINT('',(3.265118127069E0,1.458881605359E-1,
-6.184780863292E-1));
#13063=CARTESIAN_POINT('',(3.286136180707E0,5.404825926915E-3,
-6.373118696720E-1));
#13064=CARTESIAN_POINT('',(3.284952683522E0,-1.363305550716E-1,
-6.362513656901E-1));
#13065=CARTESIAN_POINT('',(3.221898522606E0,2.851631586143E-1,-4.75E-1));
#13066=CARTESIAN_POINT('',(3.265118127069E0,1.453153760585E-1,-4.75E-1));
#13067=CARTESIAN_POINT('',(3.286136180707E0,4.833544298195E-3,-4.75E-1));
#13068=CARTESIAN_POINT('',(3.284952683522E0,-1.362823366666E-1,-4.75E-1));
#13069=CARTESIAN_POINT('',(3.221898522606E0,2.851194487553E-1,
-3.702499843383E-1));
#13070=CARTESIAN_POINT('',(3.265118127069E0,1.458881605359E-1,
-3.315219136708E-1));
#13071=CARTESIAN_POINT('',(3.286136180707E0,5.404825926915E-3,
-3.126881303280E-1));
#13072=CARTESIAN_POINT('',(3.284952683522E0,-1.363305550716E-1,
-3.137486343099E-1));
#13073=CARTESIAN_POINT('',(3.221898522606E0,2.850254352060E-1,
-2.979717805115E-1));
#13074=CARTESIAN_POINT('',(3.265118127069E0,1.471201366365E-1,
-2.325210848607E-1));
#13075=CARTESIAN_POINT('',(3.286136180707E0,6.633569618650E-3,
-2.006918664081E-1));
#13076=CARTESIAN_POINT('',(3.284952683522E0,-1.364342658475E-1,
-2.024841251538E-1));
#13077=CARTESIAN_POINT('',(3.221898522606E0,2.849555100070E-1,
-2.581653885196E-1));
#13078=CARTESIAN_POINT('',(3.265118127069E0,1.480364532166E-1,
-1.779975135696E-1));
#13079=CARTESIAN_POINT('',(3.286136180707E0,7.547482004589E-3,
-1.390112082402E-1));
#13080=CARTESIAN_POINT('',(3.284952683522E0,-1.365114036291E-1,
-1.412064725315E-1));
#13081=B_SPLINE_SURFACE_WITH_KNOTS('',3,3,((#13053,#13054,#13055,#13056),
(#13057,#13058,#13059,#13060),(#13061,#13062,#13063,#13064),(#13065,#13066,
#13067,#13068),(#13069,#13070,#13071,#13072),(#13073,#13074,#13075,#13076),(
#13077,#13078,#13079,#13080)),.UNSPECIFIED.,.F.,.F.,.F.,(4,1,1,1,4),(4,4),(
-5.646882436354E-2,2.5E-1,5.E-1,7.5E-1,1.056468824364E0),(-1.020800380456E-2,
4.112328658242E-1),.UNSPECIFIED.);
#13082=ORIENTED_EDGE('',*,*,#12974,.F.);
#13083=ORIENTED_EDGE('',*,*,#13048,.T.);
#13084=ORIENTED_EDGE('',*,*,#12885,.T.);
#13085=ORIENTED_EDGE('',*,*,#12956,.F.);
#13086=EDGE_LOOP('',(#13082,#13083,#13084,#13085));
#13087=FACE_OUTER_BOUND('',#13086,.F.);
#13088=ADVANCED_FACE('',(#13087),#13081,.T.);
#13089=CARTESIAN_POINT('',(3.275E0,-3.325E0,-1.6E0));
#13090=DIRECTION('',(9.778024140774E-1,2.095290887309E-1,0.E0));
#13091=DIRECTION('',(2.095290887309E-1,-9.778024140774E-1,0.E0));
#13092=AXIS2_PLACEMENT_3D('',#13089,#13090,#13091);
#13093=PLANE('',#13092);
#13094=ORIENTED_EDGE('',*,*,#12896,.T.);
#13095=ORIENTED_EDGE('',*,*,#7047,.T.);
#13097=ORIENTED_EDGE('',*,*,#13096,.F.);
#13098=ORIENTED_EDGE('',*,*,#8814,.F.);
#13099=EDGE_LOOP('',(#13094,#13095,#13097,#13098));
#13100=FACE_OUTER_BOUND('',#13099,.F.);
#13101=ADVANCED_FACE('',(#13100),#13093,.F.);
#13102=CARTESIAN_POINT('',(3.35E0,-3.675E0,-1.6E0));
#13103=DIRECTION('',(8.320502943378E-1,5.547001962252E-1,0.E0));
#13104=DIRECTION('',(5.547001962252E-1,-8.320502943378E-1,0.E0));
#13105=AXIS2_PLACEMENT_3D('',#13102,#13103,#13104);
#13106=PLANE('',#13105);
#13107=ORIENTED_EDGE('',*,*,#7045,.T.);
#13108=ORIENTED_EDGE('',*,*,#8318,.F.);
#13109=ORIENTED_EDGE('',*,*,#8816,.F.);
#13110=ORIENTED_EDGE('',*,*,#13096,.T.);
#13111=EDGE_LOOP('',(#13107,#13108,#13109,#13110));
#13112=FACE_OUTER_BOUND('',#13111,.F.);
#13113=ADVANCED_FACE('',(#13112),#13106,.F.);
#13114=CARTESIAN_POINT('',(3.125E0,-3.3E0,-2.4375E0));
#13115=DIRECTION('',(0.E0,1.E0,0.E0));
#13116=DIRECTION('',(1.E0,0.E0,0.E0));
#13117=AXIS2_PLACEMENT_3D('',#13114,#13115,#13116);
#13118=PLANE('',#13117);
#13119=ORIENTED_EDGE('',*,*,#8810,.F.);
#13120=ORIENTED_EDGE('',*,*,#12857,.T.);
#13122=ORIENTED_EDGE('',*,*,#13121,.T.);
#13123=ORIENTED_EDGE('',*,*,#12899,.F.);
#13124=EDGE_LOOP('',(#13119,#13120,#13122,#13123));
#13125=FACE_OUTER_BOUND('',#13124,.F.);
#13126=ADVANCED_FACE('',(#13125),#13118,.T.);
#13127=CARTESIAN_POINT('',(2.928885941541E0,-3.300017667059E0,
-3.588658947712E0));
#13128=CARTESIAN_POINT('',(2.927929903444E0,-3.299367765380E0,
-3.797276576464E0));
#13129=CARTESIAN_POINT('',(2.953350529007E0,-3.316648360462E0,
-4.004721429401E0));
#13130=CARTESIAN_POINT('',(3.005147818231E0,-3.351859452305E0,
-4.210993506523E0));
#13131=CARTESIAN_POINT('',(2.967594161106E0,-3.300017667059E0,
-3.588675758785E0));
#13132=CARTESIAN_POINT('',(2.966826822039E0,-3.299367765380E0,
-3.796978475845E0));
#13133=CARTESIAN_POINT('',(2.987230024764E0,-3.316648360462E0,
-4.004423215702E0));
#13134=CARTESIAN_POINT('',(3.028803769282E0,-3.351859452305E0,
-4.211009978356E0));
#13135=CARTESIAN_POINT('',(3.032965513925E0,-3.300017667059E0,
-3.588695830628E0));
#13136=CARTESIAN_POINT('',(3.032516854224E0,-3.299367765380E0,
-3.796622553967E0));
#13137=CARTESIAN_POINT('',(3.044446515095E0,-3.316648360462E0,
-4.004067158810E0));
#13138=CARTESIAN_POINT('',(3.068754496538E0,-3.351859452305E0,
-4.211029645157E0));
#13139=CARTESIAN_POINT('',(3.125E0,-3.300017667059E0,-3.588704065939E0));
#13140=CARTESIAN_POINT('',(3.125E0,-3.299367765380E0,-3.796476522150E0));
#13141=CARTESIAN_POINT('',(3.125E0,-3.316648360462E0,-4.003921071598E0));
#13142=CARTESIAN_POINT('',(3.125E0,-3.351859452305E0,-4.211037714284E0));
#13143=CARTESIAN_POINT('',(3.217034486075E0,-3.300017667059E0,
-3.588695830628E0));
#13144=CARTESIAN_POINT('',(3.217483145776E0,-3.299367765380E0,
-3.796622553967E0));
#13145=CARTESIAN_POINT('',(3.205553484905E0,-3.316648360462E0,
-4.004067158810E0));
#13146=CARTESIAN_POINT('',(3.181245503462E0,-3.351859452305E0,
-4.211029645157E0));
#13147=CARTESIAN_POINT('',(3.282405838894E0,-3.300017667059E0,
-3.588675758785E0));
#13148=CARTESIAN_POINT('',(3.283173177961E0,-3.299367765380E0,
-3.796978475845E0));
#13149=CARTESIAN_POINT('',(3.262769975236E0,-3.316648360462E0,
-4.004423215702E0));
#13150=CARTESIAN_POINT('',(3.221196230718E0,-3.351859452305E0,
-4.211009978356E0));
#13151=CARTESIAN_POINT('',(3.321114058459E0,-3.300017667059E0,
-3.588658947712E0));
#13152=CARTESIAN_POINT('',(3.322070096556E0,-3.299367765380E0,
-3.797276576464E0));
#13153=CARTESIAN_POINT('',(3.296649470993E0,-3.316648360462E0,
-4.004721429401E0));
#13154=CARTESIAN_POINT('',(3.244852181769E0,-3.351859452305E0,
-4.210993506523E0));
#13155=B_SPLINE_SURFACE_WITH_KNOTS('',3,3,((#13127,#13128,#13129,#13130),
(#13131,#13132,#13133,#13134),(#13135,#13136,#13137,#13138),(#13139,#13140,
#13141,#13142),(#13143,#13144,#13145,#13146),(#13147,#13148,#13149,#13150),(
#13151,#13152,#13153,#13154)),.UNSPECIFIED.,.F.,.F.,.F.,(4,1,1,1,4),(4,4),(
-1.129376487271E-1,2.5E-1,5.E-1,7.5E-1,1.112937648727E0),(6.520358638458E0,
7.142691933436E0),.UNSPECIFIED.);
#13156=ORIENTED_EDGE('',*,*,#13121,.F.);
#13158=ORIENTED_EDGE('',*,*,#13157,.T.);
#13160=ORIENTED_EDGE('',*,*,#13159,.T.);
#13162=ORIENTED_EDGE('',*,*,#13161,.F.);
#13163=EDGE_LOOP('',(#13156,#13158,#13160,#13162));
#13164=FACE_OUTER_BOUND('',#13163,.F.);
#13165=ADVANCED_FACE('',(#13164),#13155,.T.);
#13166=CARTESIAN_POINT('',(2.965021253021E0,-3.681601630438E0,
-3.588651405128E0));
#13167=CARTESIAN_POINT('',(2.964240387516E0,-3.682369937178E0,
-3.797152043781E0));
#13168=CARTESIAN_POINT('',(2.984977084097E0,-3.661966751687E0,
-4.004601533104E0));
#13169=CARTESIAN_POINT('',(3.027231342766E0,-3.620392073967E0,
-4.210999873096E0));
#13170=CARTESIAN_POINT('',(2.965021253021E0,-3.641898135150E0,
-3.588661968774E0));
#13171=CARTESIAN_POINT('',(2.964240387516E0,-3.642518793186E0,
-3.796964961016E0));
#13172=CARTESIAN_POINT('',(2.984977084097E0,-3.626036572778E0,
-4.004414374936E0));
#13173=CARTESIAN_POINT('',(3.027231342766E0,-3.592451473927E0,
-4.211010210532E0));
#13174=CARTESIAN_POINT('',(2.965021253021E0,-3.573030925004E0,
-3.588675046192E0));
#13175=CARTESIAN_POINT('',(2.964240387516E0,-3.573395480793E0,
-3.796733359208E0));
#13176=CARTESIAN_POINT('',(2.984977084097E0,-3.563714322216E0,
-4.004182679780E0));
#13177=CARTESIAN_POINT('',(3.027231342766E0,-3.543987449271E0,
-4.211023007910E0));
#13178=CARTESIAN_POINT('',(2.965021253021E0,-3.475E0,-3.588680606705E0));
#13179=CARTESIAN_POINT('',(2.964240387516E0,-3.475E0,-3.796634882221E0));
#13180=CARTESIAN_POINT('',(2.984977084097E0,-3.475E0,-4.004084163103E0));
#13181=CARTESIAN_POINT('',(3.027231342766E0,-3.475E0,-4.211028449350E0));
#13182=CARTESIAN_POINT('',(2.965021253021E0,-3.376969074996E0,
-3.588675046192E0));
#13183=CARTESIAN_POINT('',(2.964240387516E0,-3.376604519207E0,
-3.796733359208E0));
#13184=CARTESIAN_POINT('',(2.984977084097E0,-3.386285677784E0,
-4.004182679780E0));
#13185=CARTESIAN_POINT('',(3.027231342766E0,-3.406012550729E0,
-4.211023007910E0));
#13186=CARTESIAN_POINT('',(2.965021253021E0,-3.308101864850E0,
-3.588661968774E0));
#13187=CARTESIAN_POINT('',(2.964240387516E0,-3.307481206814E0,
-3.796964961016E0));
#13188=CARTESIAN_POINT('',(2.984977084097E0,-3.323963427222E0,
-4.004414374936E0));
#13189=CARTESIAN_POINT('',(3.027231342766E0,-3.357548526073E0,
-4.211010210532E0));
#13190=CARTESIAN_POINT('',(2.965021253021E0,-3.268398369562E0,
-3.588651405128E0));
#13191=CARTESIAN_POINT('',(2.964240387516E0,-3.267630062822E0,
-3.797152043781E0));
#13192=CARTESIAN_POINT('',(2.984977084097E0,-3.288033248313E0,
-4.004601533104E0));
#13193=CARTESIAN_POINT('',(3.027231342766E0,-3.329607926033E0,
-4.210999873096E0));
#13194=B_SPLINE_SURFACE_WITH_KNOTS('',3,3,((#13166,#13167,#13168,#13169),
(#13170,#13171,#13172,#13173),(#13174,#13175,#13176,#13177),(#13178,#13179,
#13180,#13181),(#13182,#13183,#13184,#13185),(#13186,#13187,#13188,#13189),(
#13190,#13191,#13192,#13193)),.UNSPECIFIED.,.F.,.F.,.F.,(4,1,1,1,4),(4,4),(
-9.035011898166E-2,2.5E-1,5.E-1,7.5E-1,1.090350118982E0),(6.520344668989E0,
7.142691933436E0),.UNSPECIFIED.);
#13195=ORIENTED_EDGE('',*,*,#12855,.F.);
#13197=ORIENTED_EDGE('',*,*,#13196,.T.);
#13199=ORIENTED_EDGE('',*,*,#13198,.T.);
#13200=ORIENTED_EDGE('',*,*,#13157,.F.);
#13201=EDGE_LOOP('',(#13195,#13197,#13199,#13200));
#13202=FACE_OUTER_BOUND('',#13201,.F.);
#13203=ADVANCED_FACE('',(#13202),#13194,.T.);
#13204=CARTESIAN_POINT('',(3.321114058459E0,-3.649982332941E0,
-3.588658947712E0));
#13205=CARTESIAN_POINT('',(3.322070096556E0,-3.650632234620E0,
-3.797276576464E0));
#13206=CARTESIAN_POINT('',(3.296649470993E0,-3.633351639538E0,
-4.004721429401E0));
#13207=CARTESIAN_POINT('',(3.244852181769E0,-3.598140547695E0,
-4.210993506523E0));
#13208=CARTESIAN_POINT('',(3.282405838894E0,-3.649982332941E0,
-3.588675758785E0));
#13209=CARTESIAN_POINT('',(3.283173177961E0,-3.650632234620E0,
-3.796978475845E0));
#13210=CARTESIAN_POINT('',(3.262769975236E0,-3.633351639538E0,
-4.004423215702E0));
#13211=CARTESIAN_POINT('',(3.221196230718E0,-3.598140547695E0,
-4.211009978356E0));
#13212=CARTESIAN_POINT('',(3.217034486075E0,-3.649982332941E0,
-3.588695830628E0));
#13213=CARTESIAN_POINT('',(3.217483145776E0,-3.650632234620E0,
-3.796622553967E0));
#13214=CARTESIAN_POINT('',(3.205553484905E0,-3.633351639538E0,
-4.004067158810E0));
#13215=CARTESIAN_POINT('',(3.181245503462E0,-3.598140547695E0,
-4.211029645157E0));
#13216=CARTESIAN_POINT('',(3.125E0,-3.649982332941E0,-3.588704065939E0));
#13217=CARTESIAN_POINT('',(3.125E0,-3.650632234620E0,-3.796476522150E0));
#13218=CARTESIAN_POINT('',(3.125E0,-3.633351639538E0,-4.003921071598E0));
#13219=CARTESIAN_POINT('',(3.125E0,-3.598140547695E0,-4.211037714284E0));
#13220=CARTESIAN_POINT('',(3.032965513925E0,-3.649982332941E0,
-3.588695830628E0));
#13221=CARTESIAN_POINT('',(3.032516854224E0,-3.650632234620E0,
-3.796622553967E0));
#13222=CARTESIAN_POINT('',(3.044446515095E0,-3.633351639538E0,
-4.004067158810E0));
#13223=CARTESIAN_POINT('',(3.068754496538E0,-3.598140547695E0,
-4.211029645157E0));
#13224=CARTESIAN_POINT('',(2.967594161106E0,-3.649982332941E0,
-3.588675758785E0));
#13225=CARTESIAN_POINT('',(2.966826822039E0,-3.650632234620E0,
-3.796978475845E0));
#13226=CARTESIAN_POINT('',(2.987230024764E0,-3.633351639538E0,
-4.004423215702E0));
#13227=CARTESIAN_POINT('',(3.028803769282E0,-3.598140547695E0,
-4.211009978356E0));
#13228=CARTESIAN_POINT('',(2.928885941541E0,-3.649982332941E0,
-3.588658947712E0));
#13229=CARTESIAN_POINT('',(2.927929903444E0,-3.650632234620E0,
-3.797276576464E0));
#13230=CARTESIAN_POINT('',(2.953350529007E0,-3.633351639538E0,
-4.004721429401E0));
#13231=CARTESIAN_POINT('',(3.005147818231E0,-3.598140547695E0,
-4.210993506523E0));
#13232=B_SPLINE_SURFACE_WITH_KNOTS('',3,3,((#13204,#13205,#13206,#13207),
(#13208,#13209,#13210,#13211),(#13212,#13213,#13214,#13215),(#13216,#13217,
#13218,#13219),(#13220,#13221,#13222,#13223),(#13224,#13225,#13226,#13227),(
#13228,#13229,#13230,#13231)),.UNSPECIFIED.,.F.,.F.,.F.,(4,1,1,1,4),(4,4),(
-1.129376487271E-1,2.5E-1,5.E-1,7.5E-1,1.112937648727E0),(6.520358638458E0,
7.142691933436E0),.UNSPECIFIED.);
#13234=ORIENTED_EDGE('',*,*,#13233,.F.);
#13236=ORIENTED_EDGE('',*,*,#13235,.T.);
#13238=ORIENTED_EDGE('',*,*,#13237,.T.);
#13239=ORIENTED_EDGE('',*,*,#13196,.F.);
#13240=EDGE_LOOP('',(#13234,#13236,#13238,#13239));
#13241=FACE_OUTER_BOUND('',#13240,.F.);
#13242=ADVANCED_FACE('',(#13241),#13232,.T.);
#13243=CARTESIAN_POINT('',(3.125E0,-3.65E0,-2.4375E0));
#13244=DIRECTION('',(0.E0,1.E0,0.E0));
#13245=DIRECTION('',(1.E0,0.E0,0.E0));
#13246=AXIS2_PLACEMENT_3D('',#13243,#13244,#13245);
#13247=PLANE('',#13246);
#13249=ORIENTED_EDGE('',*,*,#13248,.F.);
#13250=ORIENTED_EDGE('',*,*,#12903,.T.);
#13251=ORIENTED_EDGE('',*,*,#13233,.T.);
#13252=ORIENTED_EDGE('',*,*,#12853,.F.);
#13253=EDGE_LOOP('',(#13249,#13250,#13251,#13252));
#13254=FACE_OUTER_BOUND('',#13253,.F.);
#13255=ADVANCED_FACE('',(#13254),#13247,.F.);
#13256=CARTESIAN_POINT('',(3.125E0,-2.675E0,-1.275E0));
#13257=DIRECTION('',(1.E0,0.E0,0.E0));
#13258=DIRECTION('',(0.E0,0.E0,1.E0));
#13259=AXIS2_PLACEMENT_3D('',#13256,#13257,#13258);
#13260=CYLINDRICAL_SURFACE('',#13259,9.75E-1);
#13261=ORIENTED_EDGE('',*,*,#12905,.T.);
#13262=ORIENTED_EDGE('',*,*,#13248,.T.);
#13263=ORIENTED_EDGE('',*,*,#12851,.F.);
#13264=ORIENTED_EDGE('',*,*,#7387,.T.);
#13265=EDGE_LOOP('',(#13261,#13262,#13263,#13264));
#13266=FACE_OUTER_BOUND('',#13265,.F.);
#13267=ADVANCED_FACE('',(#13266),#13260,.T.);
#13268=CARTESIAN_POINT('',(3.284978746979E0,-3.268398369562E0,
-3.588651405128E0));
#13269=CARTESIAN_POINT('',(3.285759612484E0,-3.267630062822E0,
-3.797152043781E0));
#13270=CARTESIAN_POINT('',(3.265022915903E0,-3.288033248313E0,
-4.004601533104E0));
#13271=CARTESIAN_POINT('',(3.222768657234E0,-3.329607926033E0,
-4.210999873096E0));
#13272=CARTESIAN_POINT('',(3.284978746979E0,-3.308101864850E0,
-3.588661968774E0));
#13273=CARTESIAN_POINT('',(3.285759612484E0,-3.307481206814E0,
-3.796964961016E0));
#13274=CARTESIAN_POINT('',(3.265022915903E0,-3.323963427222E0,
-4.004414374936E0));
#13275=CARTESIAN_POINT('',(3.222768657234E0,-3.357548526073E0,
-4.211010210532E0));
#13276=CARTESIAN_POINT('',(3.284978746979E0,-3.376969074996E0,
-3.588675046192E0));
#13277=CARTESIAN_POINT('',(3.285759612484E0,-3.376604519207E0,
-3.796733359208E0));
#13278=CARTESIAN_POINT('',(3.265022915903E0,-3.386285677784E0,
-4.004182679780E0));
#13279=CARTESIAN_POINT('',(3.222768657234E0,-3.406012550729E0,
-4.211023007910E0));
#13280=CARTESIAN_POINT('',(3.284978746979E0,-3.475E0,-3.588680606705E0));
#13281=CARTESIAN_POINT('',(3.285759612484E0,-3.475E0,-3.796634882221E0));
#13282=CARTESIAN_POINT('',(3.265022915903E0,-3.475E0,-4.004084163103E0));
#13283=CARTESIAN_POINT('',(3.222768657234E0,-3.475E0,-4.211028449350E0));
#13284=CARTESIAN_POINT('',(3.284978746979E0,-3.573030925004E0,
-3.588675046192E0));
#13285=CARTESIAN_POINT('',(3.285759612484E0,-3.573395480793E0,
-3.796733359208E0));
#13286=CARTESIAN_POINT('',(3.265022915903E0,-3.563714322216E0,
-4.004182679780E0));
#13287=CARTESIAN_POINT('',(3.222768657234E0,-3.543987449271E0,
-4.211023007910E0));
#13288=CARTESIAN_POINT('',(3.284978746979E0,-3.641898135150E0,
-3.588661968774E0));
#13289=CARTESIAN_POINT('',(3.285759612484E0,-3.642518793186E0,
-3.796964961016E0));
#13290=CARTESIAN_POINT('',(3.265022915903E0,-3.626036572778E0,
-4.004414374936E0));
#13291=CARTESIAN_POINT('',(3.222768657234E0,-3.592451473927E0,
-4.211010210532E0));
#13292=CARTESIAN_POINT('',(3.284978746979E0,-3.681601630438E0,
-3.588651405128E0));
#13293=CARTESIAN_POINT('',(3.285759612484E0,-3.682369937178E0,
-3.797152043781E0));
#13294=CARTESIAN_POINT('',(3.265022915903E0,-3.661966751687E0,
-4.004601533104E0));
#13295=CARTESIAN_POINT('',(3.222768657234E0,-3.620392073967E0,
-4.210999873096E0));
#13296=B_SPLINE_SURFACE_WITH_KNOTS('',3,3,((#13268,#13269,#13270,#13271),
(#13272,#13273,#13274,#13275),(#13276,#13277,#13278,#13279),(#13280,#13281,
#13282,#13283),(#13284,#13285,#13286,#13287),(#13288,#13289,#13290,#13291),(
#13292,#13293,#13294,#13295)),.UNSPECIFIED.,.F.,.F.,.F.,(4,1,1,1,4),(4,4),(
-9.035011898166E-2,2.5E-1,5.E-1,7.5E-1,1.090350118982E0),(6.520344668989E0,
7.142691933436E0),.UNSPECIFIED.);
#13297=ORIENTED_EDGE('',*,*,#12901,.F.);
#13298=ORIENTED_EDGE('',*,*,#13161,.T.);
#13300=ORIENTED_EDGE('',*,*,#13299,.T.);
#13301=ORIENTED_EDGE('',*,*,#13235,.F.);
#13302=EDGE_LOOP('',(#13297,#13298,#13300,#13301));
#13303=FACE_OUTER_BOUND('',#13302,.F.);
#13304=ADVANCED_FACE('',(#13303),#13296,.T.);
#13305=CARTESIAN_POINT('',(3.125E0,-3.475E0,-4.2E0));
#13306=DIRECTION('',(0.E0,0.E0,-1.E0));
#13307=DIRECTION('',(0.E0,1.E0,0.E0));
#13308=AXIS2_PLACEMENT_3D('',#13305,#13306,#13307);
#13309=PLANE('',#13308);
#13310=ORIENTED_EDGE('',*,*,#13237,.F.);
#13311=ORIENTED_EDGE('',*,*,#13299,.F.);
#13312=ORIENTED_EDGE('',*,*,#13159,.F.);
#13313=ORIENTED_EDGE('',*,*,#13198,.F.);
#13314=EDGE_LOOP('',(#13310,#13311,#13312,#13313));
#13315=FACE_OUTER_BOUND('',#13314,.F.);
#13316=ADVANCED_FACE('',(#13315),#13309,.T.);
#13317=CARTESIAN_POINT('',(4.05E0,-3.825E0,-1.6E0));
#13318=DIRECTION('',(-8.320502943378E-1,5.547001962252E-1,0.E0));
#13319=DIRECTION('',(5.547001962252E-1,8.320502943378E-1,0.E0));
#13320=AXIS2_PLACEMENT_3D('',#13317,#13318,#13319);
#13321=PLANE('',#13320);
#13322=ORIENTED_EDGE('',*,*,#7041,.T.);
#13324=ORIENTED_EDGE('',*,*,#13323,.F.);
#13325=ORIENTED_EDGE('',*,*,#8819,.F.);
#13326=ORIENTED_EDGE('',*,*,#8314,.T.);
#13327=EDGE_LOOP('',(#13322,#13324,#13325,#13326));
#13328=FACE_OUTER_BOUND('',#13327,.F.);
#13329=ADVANCED_FACE('',(#13328),#13321,.F.);
#13330=CARTESIAN_POINT('',(4.15E0,-3.675E0,-1.6E0));
#13331=DIRECTION('',(-9.778024140774E-1,2.095290887309E-1,0.E0));
#13332=DIRECTION('',(2.095290887309E-1,9.778024140774E-1,0.E0));
#13333=AXIS2_PLACEMENT_3D('',#13330,#13331,#13332);
#13334=PLANE('',#13333);
#13336=ORIENTED_EDGE('',*,*,#13335,.F.);
#13337=ORIENTED_EDGE('',*,*,#8821,.F.);
#13338=ORIENTED_EDGE('',*,*,#13323,.T.);
#13339=ORIENTED_EDGE('',*,*,#7039,.T.);
#13340=EDGE_LOOP('',(#13336,#13337,#13338,#13339));
#13341=FACE_OUTER_BOUND('',#13340,.F.);
#13342=ADVANCED_FACE('',(#13341),#13334,.F.);
#13343=CARTESIAN_POINT('',(4.215E0,-1.05E0,-4.75E-1));
#13344=DIRECTION('',(1.E0,0.E0,0.E0));
#13345=DIRECTION('',(0.E0,1.E0,0.E0));
#13346=AXIS2_PLACEMENT_3D('',#13343,#13344,#13345);
#13347=PLANE('',#13346);
#13348=ORIENTED_EDGE('',*,*,#6573,.F.);
#13350=ORIENTED_EDGE('',*,*,#13349,.F.);
#13352=ORIENTED_EDGE('',*,*,#13351,.F.);
#13354=ORIENTED_EDGE('',*,*,#13353,.T.);
#13355=EDGE_LOOP('',(#13348,#13350,#13352,#13354));
#13356=FACE_OUTER_BOUND('',#13355,.F.);
#13357=ADVANCED_FACE('',(#13356),#13347,.F.);
#13358=CARTESIAN_POINT('',(4.215E0,-1.05E0,-4.75E-1));
#13359=DIRECTION('',(1.E0,0.E0,0.E0));
#13360=DIRECTION('',(0.E0,1.E0,0.E0));
#13361=AXIS2_PLACEMENT_3D('',#13358,#13359,#13360);
#13362=PLANE('',#13361);
#13363=ORIENTED_EDGE('',*,*,#13335,.T.);
#13364=ORIENTED_EDGE('',*,*,#7037,.F.);
#13365=ORIENTED_EDGE('',*,*,#7382,.T.);
#13367=ORIENTED_EDGE('',*,*,#13366,.T.);
#13369=ORIENTED_EDGE('',*,*,#13368,.T.);
#13371=ORIENTED_EDGE('',*,*,#13370,.T.);
#13373=ORIENTED_EDGE('',*,*,#13372,.F.);
#13374=ORIENTED_EDGE('',*,*,#8823,.F.);
#13375=EDGE_LOOP('',(#13363,#13364,#13365,#13367,#13369,#13371,#13373,#13374));
#13376=FACE_OUTER_BOUND('',#13375,.F.);
#13377=ADVANCED_FACE('',(#13376),#13362,.F.);
#13378=CARTESIAN_POINT('',(4.375E0,-1.05E0,-7.75E-1));
#13379=DIRECTION('',(0.E0,0.E0,1.E0));
#13380=DIRECTION('',(1.E0,0.E0,0.E0));
#13381=AXIS2_PLACEMENT_3D('',#13378,#13379,#13380);
#13382=PLANE('',#13381);
#13383=ORIENTED_EDGE('',*,*,#6571,.T.);
#13385=ORIENTED_EDGE('',*,*,#13384,.F.);
#13387=ORIENTED_EDGE('',*,*,#13386,.F.);
#13388=ORIENTED_EDGE('',*,*,#13349,.T.);
#13389=EDGE_LOOP('',(#13383,#13385,#13387,#13388));
#13390=FACE_OUTER_BOUND('',#13389,.F.);
#13391=ADVANCED_FACE('',(#13390),#13382,.F.);
#13392=CARTESIAN_POINT('',(4.535E0,-1.05E0,-4.75E-1));
#13393=DIRECTION('',(1.E0,0.E0,0.E0));
#13394=DIRECTION('',(0.E0,1.E0,0.E0));
#13395=AXIS2_PLACEMENT_3D('',#13392,#13393,#13394);
#13396=PLANE('',#13395);
#13397=ORIENTED_EDGE('',*,*,#6569,.T.);
#13399=ORIENTED_EDGE('',*,*,#13398,.F.);
#13401=ORIENTED_EDGE('',*,*,#13400,.F.);
#13402=ORIENTED_EDGE('',*,*,#13384,.T.);
#13403=EDGE_LOOP('',(#13397,#13399,#13401,#13402));
#13404=FACE_OUTER_BOUND('',#13403,.F.);
#13405=ADVANCED_FACE('',(#13404),#13396,.T.);
#13406=CARTESIAN_POINT('',(4.535E0,-1.05E0,-4.75E-1));
#13407=DIRECTION('',(1.E0,0.E0,0.E0));
#13408=DIRECTION('',(0.E0,1.E0,0.E0));
#13409=AXIS2_PLACEMENT_3D('',#13406,#13407,#13408);
#13410=PLANE('',#13409);
#13412=ORIENTED_EDGE('',*,*,#13411,.F.);
#13413=ORIENTED_EDGE('',*,*,#8827,.T.);
#13415=ORIENTED_EDGE('',*,*,#13414,.T.);
#13417=ORIENTED_EDGE('',*,*,#13416,.T.);
#13419=ORIENTED_EDGE('',*,*,#13418,.F.);
#13421=ORIENTED_EDGE('',*,*,#13420,.F.);
#13422=ORIENTED_EDGE('',*,*,#7378,.F.);
#13423=ORIENTED_EDGE('',*,*,#7009,.T.);
#13424=EDGE_LOOP('',(#13412,#13413,#13415,#13417,#13419,#13421,#13422,#13423));
#13425=FACE_OUTER_BOUND('',#13424,.F.);
#13426=ADVANCED_FACE('',(#13425),#13410,.T.);
#13427=CARTESIAN_POINT('',(4.375E0,-1.05E0,-1.75E-1));
#13428=DIRECTION('',(0.E0,0.E0,1.E0));
#13429=DIRECTION('',(1.E0,0.E0,0.E0));
#13430=AXIS2_PLACEMENT_3D('',#13427,#13428,#13429);
#13431=PLANE('',#13430);
#13432=ORIENTED_EDGE('',*,*,#6567,.F.);
#13433=ORIENTED_EDGE('',*,*,#13353,.F.);
#13435=ORIENTED_EDGE('',*,*,#13434,.F.);
#13436=ORIENTED_EDGE('',*,*,#13398,.T.);
#13437=EDGE_LOOP('',(#13432,#13433,#13435,#13436));
#13438=FACE_OUTER_BOUND('',#13437,.F.);
#13439=ADVANCED_FACE('',(#13438),#13431,.T.);
#13440=CARTESIAN_POINT('',(4.493785505222E0,2.849644625731E-1,
-2.801691289908E-1));
#13441=CARTESIAN_POINT('',(4.546781532351E0,1.478824537169E-1,
-2.081171738982E-1));
#13442=CARTESIAN_POINT('',(4.572546654816E0,7.355263786409E-3,
-1.730876151291E-1));
#13443=CARTESIAN_POINT('',(4.571080872618E0,-1.366171072182E-1,
-1.750804526836E-1));
#13444=CARTESIAN_POINT('',(4.470340090582E0,2.849972516309E-1,
-2.801691289908E-1));
#13445=CARTESIAN_POINT('',(4.512875970844E0,1.474526542508E-1,
-2.081171738982E-1));
#13446=CARTESIAN_POINT('',(4.533555675031E0,6.926716110621E-3,
-1.730876151291E-1));
#13447=CARTESIAN_POINT('',(4.532379203144E0,-1.365805627896E-1,
-1.750804526836E-1));
#13448=CARTESIAN_POINT('',(4.430744922175E0,2.850365920376E-1,
-2.801691289908E-1));
#13449=CARTESIAN_POINT('',(4.455615460060E0,1.469369796038E-1,
-2.081171738982E-1));
#13450=CARTESIAN_POINT('',(4.467706790092E0,6.412543365280E-3,
-1.730876151291E-1));
#13451=CARTESIAN_POINT('',(4.467018912271E0,-1.365367166780E-1,
-1.750804526836E-1));
#13452=CARTESIAN_POINT('',(4.375E0,2.850528401679E-1,-2.801691289908E-1));
#13453=CARTESIAN_POINT('',(4.375E0,1.467239988652E-1,-2.081171738982E-1));
#13454=CARTESIAN_POINT('',(4.375E0,6.200182932703E-3,-1.730876151291E-1));
#13455=CARTESIAN_POINT('',(4.375E0,-1.365186076295E-1,-1.750804526836E-1));
#13456=CARTESIAN_POINT('',(4.319255077825E0,2.850365920376E-1,
-2.801691289908E-1));
#13457=CARTESIAN_POINT('',(4.294384539940E0,1.469369796038E-1,
-2.081171738982E-1));
#13458=CARTESIAN_POINT('',(4.282293209908E0,6.412543365280E-3,
-1.730876151291E-1));
#13459=CARTESIAN_POINT('',(4.282981087729E0,-1.365367166780E-1,
-1.750804526836E-1));
#13460=CARTESIAN_POINT('',(4.279659909418E0,2.849972516309E-1,
-2.801691289908E-1));
#13461=CARTESIAN_POINT('',(4.237124029156E0,1.474526542508E-1,
-2.081171738982E-1));
#13462=CARTESIAN_POINT('',(4.216444324969E0,6.926716110621E-3,
-1.730876151291E-1));
#13463=CARTESIAN_POINT('',(4.217620796856E0,-1.365805627896E-1,
-1.750804526836E-1));
#13464=CARTESIAN_POINT('',(4.256214494778E0,2.849644625731E-1,
-2.801691289908E-1));
#13465=CARTESIAN_POINT('',(4.203218467649E0,1.478824537169E-1,
-2.081171738982E-1));
#13466=CARTESIAN_POINT('',(4.177453345184E0,7.355263786409E-3,
-1.730876151291E-1));
#13467=CARTESIAN_POINT('',(4.178919127382E0,-1.366171072182E-1,
-1.750804526836E-1));
#13468=B_SPLINE_SURFACE_WITH_KNOTS('',3,3,((#13440,#13441,#13442,#13443),
(#13444,#13445,#13446,#13447),(#13448,#13449,#13450,#13451),(#13452,#13453,
#13454,#13455),(#13456,#13457,#13458,#13459),(#13460,#13461,#13462,#13463),(
#13464,#13465,#13466,#13467)),.UNSPECIFIED.,.F.,.F.,.F.,(4,1,1,1,4),(4,4),(
-1.129376487271E-1,2.5E-1,5.E-1,7.5E-1,1.112937648727E0),(-1.020800380456E-2,
4.113456729120E-1),.UNSPECIFIED.);
#13470=ORIENTED_EDGE('',*,*,#13469,.F.);
#13472=ORIENTED_EDGE('',*,*,#13471,.T.);
#13473=ORIENTED_EDGE('',*,*,#13434,.T.);
#13475=ORIENTED_EDGE('',*,*,#13474,.F.);
#13476=EDGE_LOOP('',(#13470,#13472,#13473,#13475));
#13477=FACE_OUTER_BOUND('',#13476,.F.);
#13478=ADVANCED_FACE('',(#13477),#13468,.T.);
#13479=CARTESIAN_POINT('',(4.375E0,2.75E-1,-4.75E-1));
#13480=DIRECTION('',(0.E0,-1.E0,0.E0));
#13481=DIRECTION('',(0.E0,0.E0,-1.E0));
#13482=AXIS2_PLACEMENT_3D('',#13479,#13480,#13481);
#13483=PLANE('',#13482);
#13484=ORIENTED_EDGE('',*,*,#13469,.T.);
#13486=ORIENTED_EDGE('',*,*,#13485,.T.);
#13488=ORIENTED_EDGE('',*,*,#13487,.T.);
#13490=ORIENTED_EDGE('',*,*,#13489,.T.);
#13491=EDGE_LOOP('',(#13484,#13486,#13488,#13490));
#13492=FACE_OUTER_BOUND('',#13491,.F.);
#13493=ADVANCED_FACE('',(#13492),#13483,.F.);
#13494=CARTESIAN_POINT('',(4.278101477394E0,2.849555100070E-1,
-2.581653885196E-1));
#13495=CARTESIAN_POINT('',(4.234881872931E0,1.480364532166E-1,
-1.779975135696E-1));
#13496=CARTESIAN_POINT('',(4.213863819293E0,7.547482004589E-3,
-1.390112082402E-1));
#13497=CARTESIAN_POINT('',(4.215047316478E0,-1.365114036291E-1,
-1.412064725315E-1));
#13498=CARTESIAN_POINT('',(4.278101477394E0,2.850254352060E-1,
-2.979717805115E-1));
#13499=CARTESIAN_POINT('',(4.234881872931E0,1.471201366365E-1,
-2.325210848607E-1));
#13500=CARTESIAN_POINT('',(4.213863819293E0,6.633569618650E-3,
-2.006918664081E-1));
#13501=CARTESIAN_POINT('',(4.215047316478E0,-1.364342658475E-1,
-2.024841251538E-1));
#13502=CARTESIAN_POINT('',(4.278101477394E0,2.851194487553E-1,
-3.702499843383E-1));
#13503=CARTESIAN_POINT('',(4.234881872931E0,1.458881605359E-1,
-3.315219136708E-1));
#13504=CARTESIAN_POINT('',(4.213863819293E0,5.404825926915E-3,
-3.126881303280E-1));
#13505=CARTESIAN_POINT('',(4.215047316478E0,-1.363305550716E-1,
-3.137486343099E-1));
#13506=CARTESIAN_POINT('',(4.278101477394E0,2.851631586143E-1,-4.75E-1));
#13507=CARTESIAN_POINT('',(4.234881872931E0,1.453153760585E-1,-4.75E-1));
#13508=CARTESIAN_POINT('',(4.213863819293E0,4.833544298195E-3,-4.75E-1));
#13509=CARTESIAN_POINT('',(4.215047316478E0,-1.362823366666E-1,-4.75E-1));
#13510=CARTESIAN_POINT('',(4.278101477394E0,2.851194487553E-1,
-5.797500156617E-1));
#13511=CARTESIAN_POINT('',(4.234881872931E0,1.458881605359E-1,
-6.184780863292E-1));
#13512=CARTESIAN_POINT('',(4.213863819293E0,5.404825926915E-3,
-6.373118696720E-1));
#13513=CARTESIAN_POINT('',(4.215047316478E0,-1.363305550716E-1,
-6.362513656901E-1));
#13514=CARTESIAN_POINT('',(4.278101477394E0,2.850254352060E-1,
-6.520282194885E-1));
#13515=CARTESIAN_POINT('',(4.234881872931E0,1.471201366365E-1,
-7.174789151393E-1));
#13516=CARTESIAN_POINT('',(4.213863819293E0,6.633569618650E-3,
-7.493081335919E-1));
#13517=CARTESIAN_POINT('',(4.215047316478E0,-1.364342658475E-1,
-7.475158748462E-1));
#13518=CARTESIAN_POINT('',(4.278101477394E0,2.849555100070E-1,
-6.918346114804E-1));
#13519=CARTESIAN_POINT('',(4.234881872931E0,1.480364532166E-1,
-7.720024864304E-1));
#13520=CARTESIAN_POINT('',(4.213863819293E0,7.547482004589E-3,
-8.109887917598E-1));
#13521=CARTESIAN_POINT('',(4.215047316478E0,-1.365114036291E-1,
-8.087935274685E-1));
#13522=B_SPLINE_SURFACE_WITH_KNOTS('',3,3,((#13494,#13495,#13496,#13497),
(#13498,#13499,#13500,#13501),(#13502,#13503,#13504,#13505),(#13506,#13507,
#13508,#13509),(#13510,#13511,#13512,#13513),(#13514,#13515,#13516,#13517),(
#13518,#13519,#13520,#13521)),.UNSPECIFIED.,.F.,.F.,.F.,(4,1,1,1,4),(4,4),(
-5.646882436354E-2,2.5E-1,5.E-1,7.5E-1,1.056468824364E0),(-1.020800380456E-2,
4.112328658242E-1),.UNSPECIFIED.);
#13523=ORIENTED_EDGE('',*,*,#13485,.F.);
#13524=ORIENTED_EDGE('',*,*,#13474,.T.);
#13525=ORIENTED_EDGE('',*,*,#13351,.T.);
#13527=ORIENTED_EDGE('',*,*,#13526,.F.);
#13528=EDGE_LOOP('',(#13523,#13524,#13525,#13527));
#13529=FACE_OUTER_BOUND('',#13528,.F.);
#13530=ADVANCED_FACE('',(#13529),#13522,.T.);
#13531=CARTESIAN_POINT('',(4.256214494778E0,2.849644625731E-1,
-6.698308710092E-1));
#13532=CARTESIAN_POINT('',(4.203218467649E0,1.478824537169E-1,
-7.418828261018E-1));
#13533=CARTESIAN_POINT('',(4.177453345184E0,7.355263786409E-3,
-7.769123848709E-1));
#13534=CARTESIAN_POINT('',(4.178919127382E0,-1.366171072182E-1,
-7.749195473164E-1));
#13535=CARTESIAN_POINT('',(4.279659909418E0,2.849972516309E-1,
-6.698308710092E-1));
#13536=CARTESIAN_POINT('',(4.237124029156E0,1.474526542508E-1,
-7.418828261018E-1));
#13537=CARTESIAN_POINT('',(4.216444324969E0,6.926716110621E-3,
-7.769123848709E-1));
#13538=CARTESIAN_POINT('',(4.217620796856E0,-1.365805627896E-1,
-7.749195473164E-1));
#13539=CARTESIAN_POINT('',(4.319255077825E0,2.850365920376E-1,
-6.698308710092E-1));
#13540=CARTESIAN_POINT('',(4.294384539940E0,1.469369796038E-1,
-7.418828261018E-1));
#13541=CARTESIAN_POINT('',(4.282293209908E0,6.412543365280E-3,
-7.769123848709E-1));
#13542=CARTESIAN_POINT('',(4.282981087729E0,-1.365367166780E-1,
-7.749195473164E-1));
#13543=CARTESIAN_POINT('',(4.375E0,2.850528401679E-1,-6.698308710092E-1));
#13544=CARTESIAN_POINT('',(4.375E0,1.467239988652E-1,-7.418828261018E-1));
#13545=CARTESIAN_POINT('',(4.375E0,6.200182932703E-3,-7.769123848709E-1));
#13546=CARTESIAN_POINT('',(4.375E0,-1.365186076295E-1,-7.749195473164E-1));
#13547=CARTESIAN_POINT('',(4.430744922175E0,2.850365920376E-1,
-6.698308710092E-1));
#13548=CARTESIAN_POINT('',(4.455615460060E0,1.469369796038E-1,
-7.418828261018E-1));
#13549=CARTESIAN_POINT('',(4.467706790092E0,6.412543365280E-3,
-7.769123848709E-1));
#13550=CARTESIAN_POINT('',(4.467018912271E0,-1.365367166780E-1,
-7.749195473164E-1));
#13551=CARTESIAN_POINT('',(4.470340090582E0,2.849972516309E-1,
-6.698308710092E-1));
#13552=CARTESIAN_POINT('',(4.512875970844E0,1.474526542508E-1,
-7.418828261018E-1));
#13553=CARTESIAN_POINT('',(4.533555675031E0,6.926716110621E-3,
-7.769123848709E-1));
#13554=CARTESIAN_POINT('',(4.532379203144E0,-1.365805627896E-1,
-7.749195473164E-1));
#13555=CARTESIAN_POINT('',(4.493785505222E0,2.849644625731E-1,
-6.698308710092E-1));
#13556=CARTESIAN_POINT('',(4.546781532351E0,1.478824537169E-1,
-7.418828261018E-1));
#13557=CARTESIAN_POINT('',(4.572546654816E0,7.355263786409E-3,
-7.769123848709E-1));
#13558=CARTESIAN_POINT('',(4.571080872618E0,-1.366171072182E-1,
-7.749195473164E-1));
#13559=B_SPLINE_SURFACE_WITH_KNOTS('',3,3,((#13531,#13532,#13533,#13534),
(#13535,#13536,#13537,#13538),(#13539,#13540,#13541,#13542),(#13543,#13544,
#13545,#13546),(#13547,#13548,#13549,#13550),(#13551,#13552,#13553,#13554),(
#13555,#13556,#13557,#13558)),.UNSPECIFIED.,.F.,.F.,.F.,(4,1,1,1,4),(4,4),(
-1.129376487271E-1,2.5E-1,5.E-1,7.5E-1,1.112937648727E0),(-1.020800380456E-2,
4.113456729120E-1),.UNSPECIFIED.);
#13560=ORIENTED_EDGE('',*,*,#13487,.F.);
#13561=ORIENTED_EDGE('',*,*,#13526,.T.);
#13562=ORIENTED_EDGE('',*,*,#13386,.T.);
#13564=ORIENTED_EDGE('',*,*,#13563,.F.);
#13565=EDGE_LOOP('',(#13560,#13561,#13562,#13564));
#13566=FACE_OUTER_BOUND('',#13565,.F.);
#13567=ADVANCED_FACE('',(#13566),#13559,.T.);
#13568=CARTESIAN_POINT('',(4.471898522606E0,2.849555100070E-1,
-6.918346114804E-1));
#13569=CARTESIAN_POINT('',(4.515118127069E0,1.480364532166E-1,
-7.720024864304E-1));
#13570=CARTESIAN_POINT('',(4.536136180707E0,7.547482004589E-3,
-8.109887917598E-1));
#13571=CARTESIAN_POINT('',(4.534952683522E0,-1.365114036291E-1,
-8.087935274685E-1));
#13572=CARTESIAN_POINT('',(4.471898522606E0,2.850254352060E-1,
-6.520282194885E-1));
#13573=CARTESIAN_POINT('',(4.515118127069E0,1.471201366365E-1,
-7.174789151393E-1));
#13574=CARTESIAN_POINT('',(4.536136180707E0,6.633569618650E-3,
-7.493081335919E-1));
#13575=CARTESIAN_POINT('',(4.534952683522E0,-1.364342658475E-1,
-7.475158748462E-1));
#13576=CARTESIAN_POINT('',(4.471898522606E0,2.851194487553E-1,
-5.797500156617E-1));
#13577=CARTESIAN_POINT('',(4.515118127069E0,1.458881605359E-1,
-6.184780863292E-1));
#13578=CARTESIAN_POINT('',(4.536136180707E0,5.404825926915E-3,
-6.373118696720E-1));
#13579=CARTESIAN_POINT('',(4.534952683522E0,-1.363305550716E-1,
-6.362513656901E-1));
#13580=CARTESIAN_POINT('',(4.471898522606E0,2.851631586143E-1,-4.75E-1));
#13581=CARTESIAN_POINT('',(4.515118127069E0,1.453153760585E-1,-4.75E-1));
#13582=CARTESIAN_POINT('',(4.536136180707E0,4.833544298195E-3,-4.75E-1));
#13583=CARTESIAN_POINT('',(4.534952683522E0,-1.362823366666E-1,-4.75E-1));
#13584=CARTESIAN_POINT('',(4.471898522606E0,2.851194487553E-1,
-3.702499843383E-1));
#13585=CARTESIAN_POINT('',(4.515118127069E0,1.458881605359E-1,
-3.315219136708E-1));
#13586=CARTESIAN_POINT('',(4.536136180707E0,5.404825926915E-3,
-3.126881303280E-1));
#13587=CARTESIAN_POINT('',(4.534952683522E0,-1.363305550716E-1,
-3.137486343099E-1));
#13588=CARTESIAN_POINT('',(4.471898522606E0,2.850254352060E-1,
-2.979717805115E-1));
#13589=CARTESIAN_POINT('',(4.515118127069E0,1.471201366365E-1,
-2.325210848607E-1));
#13590=CARTESIAN_POINT('',(4.536136180707E0,6.633569618650E-3,
-2.006918664081E-1));
#13591=CARTESIAN_POINT('',(4.534952683522E0,-1.364342658475E-1,
-2.024841251538E-1));
#13592=CARTESIAN_POINT('',(4.471898522606E0,2.849555100070E-1,
-2.581653885196E-1));
#13593=CARTESIAN_POINT('',(4.515118127069E0,1.480364532166E-1,
-1.779975135696E-1));
#13594=CARTESIAN_POINT('',(4.536136180707E0,7.547482004589E-3,
-1.390112082402E-1));
#13595=CARTESIAN_POINT('',(4.534952683522E0,-1.365114036291E-1,
-1.412064725315E-1));
#13596=B_SPLINE_SURFACE_WITH_KNOTS('',3,3,((#13568,#13569,#13570,#13571),
(#13572,#13573,#13574,#13575),(#13576,#13577,#13578,#13579),(#13580,#13581,
#13582,#13583),(#13584,#13585,#13586,#13587),(#13588,#13589,#13590,#13591),(
#13592,#13593,#13594,#13595)),.UNSPECIFIED.,.F.,.F.,.F.,(4,1,1,1,4),(4,4),(
-5.646882436354E-2,2.5E-1,5.E-1,7.5E-1,1.056468824364E0),(-1.020800380456E-2,
4.112328658242E-1),.UNSPECIFIED.);
#13597=ORIENTED_EDGE('',*,*,#13489,.F.);
#13598=ORIENTED_EDGE('',*,*,#13563,.T.);
#13599=ORIENTED_EDGE('',*,*,#13400,.T.);
#13600=ORIENTED_EDGE('',*,*,#13471,.F.);
#13601=EDGE_LOOP('',(#13597,#13598,#13599,#13600));
#13602=FACE_OUTER_BOUND('',#13601,.F.);
#13603=ADVANCED_FACE('',(#13602),#13596,.T.);
#13604=CARTESIAN_POINT('',(4.525E0,-3.325E0,-1.6E0));
#13605=DIRECTION('',(9.778024140774E-1,2.095290887309E-1,0.E0));
#13606=DIRECTION('',(2.095290887309E-1,-9.778024140774E-1,0.E0));
#13607=AXIS2_PLACEMENT_3D('',#13604,#13605,#13606);
#13608=PLANE('',#13607);
#13609=ORIENTED_EDGE('',*,*,#13411,.T.);
#13610=ORIENTED_EDGE('',*,*,#7023,.T.);
#13612=ORIENTED_EDGE('',*,*,#13611,.F.);
#13613=ORIENTED_EDGE('',*,*,#8829,.F.);
#13614=EDGE_LOOP('',(#13609,#13610,#13612,#13613));
#13615=FACE_OUTER_BOUND('',#13614,.F.);
#13616=ADVANCED_FACE('',(#13615),#13608,.F.);
#13617=CARTESIAN_POINT('',(4.6E0,-3.675E0,-1.6E0));
#13618=DIRECTION('',(8.320502943378E-1,5.547001962252E-1,0.E0));
#13619=DIRECTION('',(5.547001962252E-1,-8.320502943378E-1,0.E0));
#13620=AXIS2_PLACEMENT_3D('',#13617,#13618,#13619);
#13621=PLANE('',#13620);
#13622=ORIENTED_EDGE('',*,*,#7021,.T.);
#13623=ORIENTED_EDGE('',*,*,#8303,.F.);
#13624=ORIENTED_EDGE('',*,*,#8831,.F.);
#13625=ORIENTED_EDGE('',*,*,#13611,.T.);
#13626=EDGE_LOOP('',(#13622,#13623,#13624,#13625));
#13627=FACE_OUTER_BOUND('',#13626,.F.);
#13628=ADVANCED_FACE('',(#13627),#13621,.F.);
#13629=CARTESIAN_POINT('',(4.375E0,-3.3E0,-2.4375E0));
#13630=DIRECTION('',(0.E0,1.E0,0.E0));
#13631=DIRECTION('',(1.E0,0.E0,0.E0));
#13632=AXIS2_PLACEMENT_3D('',#13629,#13630,#13631);
#13633=PLANE('',#13632);
#13634=ORIENTED_EDGE('',*,*,#8825,.F.);
#13635=ORIENTED_EDGE('',*,*,#13372,.T.);
#13637=ORIENTED_EDGE('',*,*,#13636,.T.);
#13638=ORIENTED_EDGE('',*,*,#13414,.F.);
#13639=EDGE_LOOP('',(#13634,#13635,#13637,#13638));
#13640=FACE_OUTER_BOUND('',#13639,.F.);
#13641=ADVANCED_FACE('',(#13640),#13633,.T.);
#13642=CARTESIAN_POINT('',(4.178885941541E0,-3.300017667059E0,
-3.588658947712E0));
#13643=CARTESIAN_POINT('',(4.177929903444E0,-3.299367765380E0,
-3.797276576464E0));
#13644=CARTESIAN_POINT('',(4.203350529007E0,-3.316648360462E0,
-4.004721429401E0));
#13645=CARTESIAN_POINT('',(4.255147818231E0,-3.351859452305E0,
-4.210993506523E0));
#13646=CARTESIAN_POINT('',(4.217594161106E0,-3.300017667059E0,
-3.588675758785E0));
#13647=CARTESIAN_POINT('',(4.216826822039E0,-3.299367765380E0,
-3.796978475845E0));
#13648=CARTESIAN_POINT('',(4.237230024764E0,-3.316648360462E0,
-4.004423215702E0));
#13649=CARTESIAN_POINT('',(4.278803769282E0,-3.351859452305E0,
-4.211009978356E0));
#13650=CARTESIAN_POINT('',(4.282965513925E0,-3.300017667059E0,
-3.588695830628E0));
#13651=CARTESIAN_POINT('',(4.282516854224E0,-3.299367765380E0,
-3.796622553967E0));
#13652=CARTESIAN_POINT('',(4.294446515095E0,-3.316648360462E0,
-4.004067158810E0));
#13653=CARTESIAN_POINT('',(4.318754496538E0,-3.351859452305E0,
-4.211029645157E0));
#13654=CARTESIAN_POINT('',(4.375E0,-3.300017667059E0,-3.588704065939E0));
#13655=CARTESIAN_POINT('',(4.375E0,-3.299367765380E0,-3.796476522150E0));
#13656=CARTESIAN_POINT('',(4.375E0,-3.316648360462E0,-4.003921071598E0));
#13657=CARTESIAN_POINT('',(4.375E0,-3.351859452305E0,-4.211037714284E0));
#13658=CARTESIAN_POINT('',(4.467034486075E0,-3.300017667059E0,
-3.588695830628E0));
#13659=CARTESIAN_POINT('',(4.467483145776E0,-3.299367765380E0,
-3.796622553967E0));
#13660=CARTESIAN_POINT('',(4.455553484905E0,-3.316648360462E0,
-4.004067158810E0));
#13661=CARTESIAN_POINT('',(4.431245503462E0,-3.351859452305E0,
-4.211029645157E0));
#13662=CARTESIAN_POINT('',(4.532405838894E0,-3.300017667059E0,
-3.588675758785E0));
#13663=CARTESIAN_POINT('',(4.533173177961E0,-3.299367765380E0,
-3.796978475845E0));
#13664=CARTESIAN_POINT('',(4.512769975236E0,-3.316648360462E0,
-4.004423215702E0));
#13665=CARTESIAN_POINT('',(4.471196230718E0,-3.351859452305E0,
-4.211009978356E0));
#13666=CARTESIAN_POINT('',(4.571114058459E0,-3.300017667059E0,
-3.588658947712E0));
#13667=CARTESIAN_POINT('',(4.572070096556E0,-3.299367765380E0,
-3.797276576464E0));
#13668=CARTESIAN_POINT('',(4.546649470993E0,-3.316648360462E0,
-4.004721429401E0));
#13669=CARTESIAN_POINT('',(4.494852181769E0,-3.351859452305E0,
-4.210993506523E0));
#13670=B_SPLINE_SURFACE_WITH_KNOTS('',3,3,((#13642,#13643,#13644,#13645),
(#13646,#13647,#13648,#13649),(#13650,#13651,#13652,#13653),(#13654,#13655,
#13656,#13657),(#13658,#13659,#13660,#13661),(#13662,#13663,#13664,#13665),(
#13666,#13667,#13668,#13669)),.UNSPECIFIED.,.F.,.F.,.F.,(4,1,1,1,4),(4,4),(
-1.129376487271E-1,2.5E-1,5.E-1,7.5E-1,1.112937648727E0),(6.520358638458E0,
7.142691933436E0),.UNSPECIFIED.);
#13671=ORIENTED_EDGE('',*,*,#13636,.F.);
#13673=ORIENTED_EDGE('',*,*,#13672,.T.);
#13675=ORIENTED_EDGE('',*,*,#13674,.T.);
#13677=ORIENTED_EDGE('',*,*,#13676,.F.);
#13678=EDGE_LOOP('',(#13671,#13673,#13675,#13677));
#13679=FACE_OUTER_BOUND('',#13678,.F.);
#13680=ADVANCED_FACE('',(#13679),#13670,.T.);
#13681=CARTESIAN_POINT('',(4.215021253021E0,-3.681601630438E0,
-3.588651405128E0));
#13682=CARTESIAN_POINT('',(4.214240387516E0,-3.682369937178E0,
-3.797152043781E0));
#13683=CARTESIAN_POINT('',(4.234977084097E0,-3.661966751687E0,
-4.004601533104E0));
#13684=CARTESIAN_POINT('',(4.277231342766E0,-3.620392073967E0,
-4.210999873096E0));
#13685=CARTESIAN_POINT('',(4.215021253021E0,-3.641898135150E0,
-3.588661968774E0));
#13686=CARTESIAN_POINT('',(4.214240387516E0,-3.642518793186E0,
-3.796964961016E0));
#13687=CARTESIAN_POINT('',(4.234977084097E0,-3.626036572778E0,
-4.004414374936E0));
#13688=CARTESIAN_POINT('',(4.277231342766E0,-3.592451473927E0,
-4.211010210532E0));
#13689=CARTESIAN_POINT('',(4.215021253021E0,-3.573030925004E0,
-3.588675046192E0));
#13690=CARTESIAN_POINT('',(4.214240387516E0,-3.573395480793E0,
-3.796733359208E0));
#13691=CARTESIAN_POINT('',(4.234977084097E0,-3.563714322216E0,
-4.004182679780E0));
#13692=CARTESIAN_POINT('',(4.277231342766E0,-3.543987449271E0,
-4.211023007910E0));
#13693=CARTESIAN_POINT('',(4.215021253021E0,-3.475E0,-3.588680606705E0));
#13694=CARTESIAN_POINT('',(4.214240387516E0,-3.475E0,-3.796634882221E0));
#13695=CARTESIAN_POINT('',(4.234977084097E0,-3.475E0,-4.004084163103E0));
#13696=CARTESIAN_POINT('',(4.277231342766E0,-3.475E0,-4.211028449350E0));
#13697=CARTESIAN_POINT('',(4.215021253021E0,-3.376969074996E0,
-3.588675046192E0));
#13698=CARTESIAN_POINT('',(4.214240387516E0,-3.376604519207E0,
-3.796733359208E0));
#13699=CARTESIAN_POINT('',(4.234977084097E0,-3.386285677784E0,
-4.004182679780E0));
#13700=CARTESIAN_POINT('',(4.277231342766E0,-3.406012550729E0,
-4.211023007910E0));
#13701=CARTESIAN_POINT('',(4.215021253021E0,-3.308101864850E0,
-3.588661968774E0));
#13702=CARTESIAN_POINT('',(4.214240387516E0,-3.307481206814E0,
-3.796964961016E0));
#13703=CARTESIAN_POINT('',(4.234977084097E0,-3.323963427222E0,
-4.004414374936E0));
#13704=CARTESIAN_POINT('',(4.277231342766E0,-3.357548526073E0,
-4.211010210532E0));
#13705=CARTESIAN_POINT('',(4.215021253021E0,-3.268398369562E0,
-3.588651405128E0));
#13706=CARTESIAN_POINT('',(4.214240387516E0,-3.267630062822E0,
-3.797152043781E0));
#13707=CARTESIAN_POINT('',(4.234977084097E0,-3.288033248313E0,
-4.004601533104E0));
#13708=CARTESIAN_POINT('',(4.277231342766E0,-3.329607926033E0,
-4.210999873096E0));
#13709=B_SPLINE_SURFACE_WITH_KNOTS('',3,3,((#13681,#13682,#13683,#13684),
(#13685,#13686,#13687,#13688),(#13689,#13690,#13691,#13692),(#13693,#13694,
#13695,#13696),(#13697,#13698,#13699,#13700),(#13701,#13702,#13703,#13704),(
#13705,#13706,#13707,#13708)),.UNSPECIFIED.,.F.,.F.,.F.,(4,1,1,1,4),(4,4),(
-9.035011898166E-2,2.5E-1,5.E-1,7.5E-1,1.090350118982E0),(6.520344668989E0,
7.142691933436E0),.UNSPECIFIED.);
#13710=ORIENTED_EDGE('',*,*,#13370,.F.);
#13712=ORIENTED_EDGE('',*,*,#13711,.T.);
#13714=ORIENTED_EDGE('',*,*,#13713,.T.);
#13715=ORIENTED_EDGE('',*,*,#13672,.F.);
#13716=EDGE_LOOP('',(#13710,#13712,#13714,#13715));
#13717=FACE_OUTER_BOUND('',#13716,.F.);
#13718=ADVANCED_FACE('',(#13717),#13709,.T.);
#13719=CARTESIAN_POINT('',(4.571114058459E0,-3.649982332941E0,
-3.588658947712E0));
#13720=CARTESIAN_POINT('',(4.572070096556E0,-3.650632234620E0,
-3.797276576464E0));
#13721=CARTESIAN_POINT('',(4.546649470993E0,-3.633351639538E0,
-4.004721429401E0));
#13722=CARTESIAN_POINT('',(4.494852181769E0,-3.598140547695E0,
-4.210993506523E0));
#13723=CARTESIAN_POINT('',(4.532405838894E0,-3.649982332941E0,
-3.588675758785E0));
#13724=CARTESIAN_POINT('',(4.533173177961E0,-3.650632234620E0,
-3.796978475845E0));
#13725=CARTESIAN_POINT('',(4.512769975236E0,-3.633351639538E0,
-4.004423215702E0));
#13726=CARTESIAN_POINT('',(4.471196230718E0,-3.598140547695E0,
-4.211009978356E0));
#13727=CARTESIAN_POINT('',(4.467034486075E0,-3.649982332941E0,
-3.588695830628E0));
#13728=CARTESIAN_POINT('',(4.467483145776E0,-3.650632234620E0,
-3.796622553967E0));
#13729=CARTESIAN_POINT('',(4.455553484905E0,-3.633351639538E0,
-4.004067158810E0));
#13730=CARTESIAN_POINT('',(4.431245503462E0,-3.598140547695E0,
-4.211029645157E0));
#13731=CARTESIAN_POINT('',(4.375E0,-3.649982332941E0,-3.588704065939E0));
#13732=CARTESIAN_POINT('',(4.375E0,-3.650632234620E0,-3.796476522150E0));
#13733=CARTESIAN_POINT('',(4.375E0,-3.633351639538E0,-4.003921071598E0));
#13734=CARTESIAN_POINT('',(4.375E0,-3.598140547695E0,-4.211037714284E0));
#13735=CARTESIAN_POINT('',(4.282965513925E0,-3.649982332941E0,
-3.588695830628E0));
#13736=CARTESIAN_POINT('',(4.282516854224E0,-3.650632234620E0,
-3.796622553967E0));
#13737=CARTESIAN_POINT('',(4.294446515095E0,-3.633351639538E0,
-4.004067158810E0));
#13738=CARTESIAN_POINT('',(4.318754496538E0,-3.598140547695E0,
-4.211029645157E0));
#13739=CARTESIAN_POINT('',(4.217594161106E0,-3.649982332941E0,
-3.588675758785E0));
#13740=CARTESIAN_POINT('',(4.216826822039E0,-3.650632234620E0,
-3.796978475845E0));
#13741=CARTESIAN_POINT('',(4.237230024764E0,-3.633351639538E0,
-4.004423215702E0));
#13742=CARTESIAN_POINT('',(4.278803769282E0,-3.598140547695E0,
-4.211009978356E0));
#13743=CARTESIAN_POINT('',(4.178885941541E0,-3.649982332941E0,
-3.588658947712E0));
#13744=CARTESIAN_POINT('',(4.177929903444E0,-3.650632234620E0,
-3.797276576464E0));
#13745=CARTESIAN_POINT('',(4.203350529007E0,-3.633351639538E0,
-4.004721429401E0));
#13746=CARTESIAN_POINT('',(4.255147818231E0,-3.598140547695E0,
-4.210993506523E0));
#13747=B_SPLINE_SURFACE_WITH_KNOTS('',3,3,((#13719,#13720,#13721,#13722),
(#13723,#13724,#13725,#13726),(#13727,#13728,#13729,#13730),(#13731,#13732,
#13733,#13734),(#13735,#13736,#13737,#13738),(#13739,#13740,#13741,#13742),(
#13743,#13744,#13745,#13746)),.UNSPECIFIED.,.F.,.F.,.F.,(4,1,1,1,4),(4,4),(
-1.129376487271E-1,2.5E-1,5.E-1,7.5E-1,1.112937648727E0),(6.520358638458E0,
7.142691933436E0),.UNSPECIFIED.);
#13749=ORIENTED_EDGE('',*,*,#13748,.F.);
#13751=ORIENTED_EDGE('',*,*,#13750,.T.);
#13753=ORIENTED_EDGE('',*,*,#13752,.T.);
#13754=ORIENTED_EDGE('',*,*,#13711,.F.);
#13755=EDGE_LOOP('',(#13749,#13751,#13753,#13754));
#13756=FACE_OUTER_BOUND('',#13755,.F.);
#13757=ADVANCED_FACE('',(#13756),#13747,.T.);
#13758=CARTESIAN_POINT('',(4.375E0,-3.65E0,-2.4375E0));
#13759=DIRECTION('',(0.E0,1.E0,0.E0));
#13760=DIRECTION('',(1.E0,0.E0,0.E0));
#13761=AXIS2_PLACEMENT_3D('',#13758,#13759,#13760);
#13762=PLANE('',#13761);
#13764=ORIENTED_EDGE('',*,*,#13763,.F.);
#13765=ORIENTED_EDGE('',*,*,#13418,.T.);
#13766=ORIENTED_EDGE('',*,*,#13748,.T.);
#13767=ORIENTED_EDGE('',*,*,#13368,.F.);
#13768=EDGE_LOOP('',(#13764,#13765,#13766,#13767));
#13769=FACE_OUTER_BOUND('',#13768,.F.);
#13770=ADVANCED_FACE('',(#13769),#13762,.F.);
#13771=CARTESIAN_POINT('',(4.375E0,-2.675E0,-1.275E0));
#13772=DIRECTION('',(1.E0,0.E0,0.E0));
#13773=DIRECTION('',(0.E0,0.E0,1.E0));
#13774=AXIS2_PLACEMENT_3D('',#13771,#13772,#13773);
#13775=CYLINDRICAL_SURFACE('',#13774,9.75E-1);
#13776=ORIENTED_EDGE('',*,*,#13420,.T.);
#13777=ORIENTED_EDGE('',*,*,#13763,.T.);
#13778=ORIENTED_EDGE('',*,*,#13366,.F.);
#13779=ORIENTED_EDGE('',*,*,#7380,.T.);
#13780=EDGE_LOOP('',(#13776,#13777,#13778,#13779));
#13781=FACE_OUTER_BOUND('',#13780,.F.);
#13782=ADVANCED_FACE('',(#13781),#13775,.T.);
#13783=CARTESIAN_POINT('',(4.534978746979E0,-3.268398369562E0,
-3.588651405128E0));
#13784=CARTESIAN_POINT('',(4.535759612484E0,-3.267630062822E0,
-3.797152043781E0));
#13785=CARTESIAN_POINT('',(4.515022915903E0,-3.288033248313E0,
-4.004601533104E0));
#13786=CARTESIAN_POINT('',(4.472768657234E0,-3.329607926033E0,
-4.210999873096E0));
#13787=CARTESIAN_POINT('',(4.534978746979E0,-3.308101864850E0,
-3.588661968774E0));
#13788=CARTESIAN_POINT('',(4.535759612484E0,-3.307481206814E0,
-3.796964961016E0));
#13789=CARTESIAN_POINT('',(4.515022915903E0,-3.323963427222E0,
-4.004414374936E0));
#13790=CARTESIAN_POINT('',(4.472768657234E0,-3.357548526073E0,
-4.211010210532E0));
#13791=CARTESIAN_POINT('',(4.534978746979E0,-3.376969074996E0,
-3.588675046192E0));
#13792=CARTESIAN_POINT('',(4.535759612484E0,-3.376604519207E0,
-3.796733359208E0));
#13793=CARTESIAN_POINT('',(4.515022915903E0,-3.386285677784E0,
-4.004182679780E0));
#13794=CARTESIAN_POINT('',(4.472768657234E0,-3.406012550729E0,
-4.211023007910E0));
#13795=CARTESIAN_POINT('',(4.534978746979E0,-3.475E0,-3.588680606705E0));
#13796=CARTESIAN_POINT('',(4.535759612484E0,-3.475E0,-3.796634882221E0));
#13797=CARTESIAN_POINT('',(4.515022915903E0,-3.475E0,-4.004084163103E0));
#13798=CARTESIAN_POINT('',(4.472768657234E0,-3.475E0,-4.211028449350E0));
#13799=CARTESIAN_POINT('',(4.534978746979E0,-3.573030925004E0,
-3.588675046192E0));
#13800=CARTESIAN_POINT('',(4.535759612484E0,-3.573395480793E0,
-3.796733359208E0));
#13801=CARTESIAN_POINT('',(4.515022915903E0,-3.563714322216E0,
-4.004182679780E0));
#13802=CARTESIAN_POINT('',(4.472768657234E0,-3.543987449271E0,
-4.211023007910E0));
#13803=CARTESIAN_POINT('',(4.534978746979E0,-3.641898135150E0,
-3.588661968774E0));
#13804=CARTESIAN_POINT('',(4.535759612484E0,-3.642518793186E0,
-3.796964961016E0));
#13805=CARTESIAN_POINT('',(4.515022915903E0,-3.626036572778E0,
-4.004414374936E0));
#13806=CARTESIAN_POINT('',(4.472768657234E0,-3.592451473927E0,
-4.211010210532E0));
#13807=CARTESIAN_POINT('',(4.534978746979E0,-3.681601630438E0,
-3.588651405128E0));
#13808=CARTESIAN_POINT('',(4.535759612484E0,-3.682369937178E0,
-3.797152043781E0));
#13809=CARTESIAN_POINT('',(4.515022915903E0,-3.661966751687E0,
-4.004601533104E0));
#13810=CARTESIAN_POINT('',(4.472768657234E0,-3.620392073967E0,
-4.210999873096E0));
#13811=B_SPLINE_SURFACE_WITH_KNOTS('',3,3,((#13783,#13784,#13785,#13786),
(#13787,#13788,#13789,#13790),(#13791,#13792,#13793,#13794),(#13795,#13796,
#13797,#13798),(#13799,#13800,#13801,#13802),(#13803,#13804,#13805,#13806),(
#13807,#13808,#13809,#13810)),.UNSPECIFIED.,.F.,.F.,.F.,(4,1,1,1,4),(4,4),(
-9.035011898166E-2,2.5E-1,5.E-1,7.5E-1,1.090350118982E0),(6.520344668989E0,
7.142691933436E0),.UNSPECIFIED.);
#13812=ORIENTED_EDGE('',*,*,#13416,.F.);
#13813=ORIENTED_EDGE('',*,*,#13676,.T.);
#13815=ORIENTED_EDGE('',*,*,#13814,.T.);
#13816=ORIENTED_EDGE('',*,*,#13750,.F.);
#13817=EDGE_LOOP('',(#13812,#13813,#13815,#13816));
#13818=FACE_OUTER_BOUND('',#13817,.F.);
#13819=ADVANCED_FACE('',(#13818),#13811,.T.);
#13820=CARTESIAN_POINT('',(4.375E0,-3.475E0,-4.2E0));
#13821=DIRECTION('',(0.E0,0.E0,-1.E0));
#13822=DIRECTION('',(0.E0,1.E0,0.E0));
#13823=AXIS2_PLACEMENT_3D('',#13820,#13821,#13822);
#13824=PLANE('',#13823);
#13825=ORIENTED_EDGE('',*,*,#13752,.F.);
#13826=ORIENTED_EDGE('',*,*,#13814,.F.);
#13827=ORIENTED_EDGE('',*,*,#13674,.F.);
#13828=ORIENTED_EDGE('',*,*,#13713,.F.);
#13829=EDGE_LOOP('',(#13825,#13826,#13827,#13828));
#13830=FACE_OUTER_BOUND('',#13829,.F.);
#13831=ADVANCED_FACE('',(#13830),#13824,.T.);
#13832=CARTESIAN_POINT('',(5.3E0,-3.825E0,-1.6E0));
#13833=DIRECTION('',(-8.320502943378E-1,5.547001962252E-1,0.E0));
#13834=DIRECTION('',(5.547001962252E-1,8.320502943378E-1,0.E0));
#13835=AXIS2_PLACEMENT_3D('',#13832,#13833,#13834);
#13836=PLANE('',#13835);
#13837=ORIENTED_EDGE('',*,*,#7017,.T.);
#13839=ORIENTED_EDGE('',*,*,#13838,.F.);
#13840=ORIENTED_EDGE('',*,*,#8834,.F.);
#13841=ORIENTED_EDGE('',*,*,#8299,.T.);
#13842=EDGE_LOOP('',(#13837,#13839,#13840,#13841));
#13843=FACE_OUTER_BOUND('',#13842,.F.);
#13844=ADVANCED_FACE('',(#13843),#13836,.F.);
#13845=CARTESIAN_POINT('',(5.4E0,-3.675E0,-1.6E0));
#13846=DIRECTION('',(-9.778024140774E-1,2.095290887309E-1,0.E0));
#13847=DIRECTION('',(2.095290887309E-1,9.778024140774E-1,0.E0));
#13848=AXIS2_PLACEMENT_3D('',#13845,#13846,#13847);
#13849=PLANE('',#13848);
#13851=ORIENTED_EDGE('',*,*,#13850,.F.);
#13852=ORIENTED_EDGE('',*,*,#8836,.F.);
#13853=ORIENTED_EDGE('',*,*,#13838,.T.);
#13854=ORIENTED_EDGE('',*,*,#7015,.T.);
#13855=EDGE_LOOP('',(#13851,#13852,#13853,#13854));
#13856=FACE_OUTER_BOUND('',#13855,.F.);
#13857=ADVANCED_FACE('',(#13856),#13849,.F.);
#13858=CARTESIAN_POINT('',(5.465E0,-1.05E0,-4.75E-1));
#13859=DIRECTION('',(1.E0,0.E0,0.E0));
#13860=DIRECTION('',(0.E0,1.E0,0.E0));
#13861=AXIS2_PLACEMENT_3D('',#13858,#13859,#13860);
#13862=PLANE('',#13861);
#13863=ORIENTED_EDGE('',*,*,#6563,.F.);
#13865=ORIENTED_EDGE('',*,*,#13864,.F.);
#13867=ORIENTED_EDGE('',*,*,#13866,.F.);
#13869=ORIENTED_EDGE('',*,*,#13868,.T.);
#13870=EDGE_LOOP('',(#13863,#13865,#13867,#13869));
#13871=FACE_OUTER_BOUND('',#13870,.F.);
#13872=ADVANCED_FACE('',(#13871),#13862,.F.);
#13873=CARTESIAN_POINT('',(5.465E0,-1.05E0,-4.75E-1));
#13874=DIRECTION('',(1.E0,0.E0,0.E0));
#13875=DIRECTION('',(0.E0,1.E0,0.E0));
#13876=AXIS2_PLACEMENT_3D('',#13873,#13874,#13875);
#13877=PLANE('',#13876);
#13878=ORIENTED_EDGE('',*,*,#13850,.T.);
#13879=ORIENTED_EDGE('',*,*,#7013,.F.);
#13880=ORIENTED_EDGE('',*,*,#7375,.T.);
#13882=ORIENTED_EDGE('',*,*,#13881,.T.);
#13884=ORIENTED_EDGE('',*,*,#13883,.T.);
#13886=ORIENTED_EDGE('',*,*,#13885,.T.);
#13888=ORIENTED_EDGE('',*,*,#13887,.F.);
#13889=ORIENTED_EDGE('',*,*,#8838,.F.);
#13890=EDGE_LOOP('',(#13878,#13879,#13880,#13882,#13884,#13886,#13888,#13889));
#13891=FACE_OUTER_BOUND('',#13890,.F.);
#13892=ADVANCED_FACE('',(#13891),#13877,.F.);
#13893=CARTESIAN_POINT('',(5.625E0,-1.05E0,-7.75E-1));
#13894=DIRECTION('',(0.E0,0.E0,1.E0));
#13895=DIRECTION('',(1.E0,0.E0,0.E0));
#13896=AXIS2_PLACEMENT_3D('',#13893,#13894,#13895);
#13897=PLANE('',#13896);
#13898=ORIENTED_EDGE('',*,*,#6561,.T.);
#13900=ORIENTED_EDGE('',*,*,#13899,.F.);
#13902=ORIENTED_EDGE('',*,*,#13901,.F.);
#13903=ORIENTED_EDGE('',*,*,#13864,.T.);
#13904=EDGE_LOOP('',(#13898,#13900,#13902,#13903));
#13905=FACE_OUTER_BOUND('',#13904,.F.);
#13906=ADVANCED_FACE('',(#13905),#13897,.F.);
#13907=CARTESIAN_POINT('',(5.785E0,-1.05E0,-4.75E-1));
#13908=DIRECTION('',(1.E0,0.E0,0.E0));
#13909=DIRECTION('',(0.E0,1.E0,0.E0));
#13910=AXIS2_PLACEMENT_3D('',#13907,#13908,#13909);
#13911=PLANE('',#13910);
#13912=ORIENTED_EDGE('',*,*,#6559,.T.);
#13914=ORIENTED_EDGE('',*,*,#13913,.F.);
#13916=ORIENTED_EDGE('',*,*,#13915,.F.);
#13917=ORIENTED_EDGE('',*,*,#13899,.T.);
#13918=EDGE_LOOP('',(#13912,#13914,#13916,#13917));
#13919=FACE_OUTER_BOUND('',#13918,.F.);
#13920=ADVANCED_FACE('',(#13919),#13911,.T.);
#13921=CARTESIAN_POINT('',(5.785E0,-1.05E0,-4.75E-1));
#13922=DIRECTION('',(1.E0,0.E0,0.E0));
#13923=DIRECTION('',(0.E0,1.E0,0.E0));
#13924=AXIS2_PLACEMENT_3D('',#13921,#13922,#13923);
#13925=PLANE('',#13924);
#13927=ORIENTED_EDGE('',*,*,#13926,.F.);
#13928=ORIENTED_EDGE('',*,*,#8842,.T.);
#13930=ORIENTED_EDGE('',*,*,#13929,.T.);
#13932=ORIENTED_EDGE('',*,*,#13931,.T.);
#13934=ORIENTED_EDGE('',*,*,#13933,.F.);
#13936=ORIENTED_EDGE('',*,*,#13935,.F.);
#13937=ORIENTED_EDGE('',*,*,#7371,.F.);
#13938=ORIENTED_EDGE('',*,*,#6986,.T.);
#13939=EDGE_LOOP('',(#13927,#13928,#13930,#13932,#13934,#13936,#13937,#13938));
#13940=FACE_OUTER_BOUND('',#13939,.F.);
#13941=ADVANCED_FACE('',(#13940),#13925,.T.);
#13942=CARTESIAN_POINT('',(5.625E0,-1.05E0,-1.75E-1));
#13943=DIRECTION('',(0.E0,0.E0,1.E0));
#13944=DIRECTION('',(1.E0,0.E0,0.E0));
#13945=AXIS2_PLACEMENT_3D('',#13942,#13943,#13944);
#13946=PLANE('',#13945);
#13947=ORIENTED_EDGE('',*,*,#6557,.F.);
#13948=ORIENTED_EDGE('',*,*,#13868,.F.);
#13950=ORIENTED_EDGE('',*,*,#13949,.F.);
#13951=ORIENTED_EDGE('',*,*,#13913,.T.);
#13952=EDGE_LOOP('',(#13947,#13948,#13950,#13951));
#13953=FACE_OUTER_BOUND('',#13952,.F.);
#13954=ADVANCED_FACE('',(#13953),#13946,.T.);
#13955=CARTESIAN_POINT('',(5.743785505222E0,2.849644625731E-1,
-2.801691289908E-1));
#13956=CARTESIAN_POINT('',(5.796781532351E0,1.478824537169E-1,
-2.081171738982E-1));
#13957=CARTESIAN_POINT('',(5.822546654816E0,7.355263786409E-3,
-1.730876151291E-1));
#13958=CARTESIAN_POINT('',(5.821080872618E0,-1.366171072182E-1,
-1.750804526836E-1));
#13959=CARTESIAN_POINT('',(5.720340090582E0,2.849972516309E-1,
-2.801691289908E-1));
#13960=CARTESIAN_POINT('',(5.762875970844E0,1.474526542508E-1,
-2.081171738982E-1));
#13961=CARTESIAN_POINT('',(5.783555675031E0,6.926716110621E-3,
-1.730876151291E-1));
#13962=CARTESIAN_POINT('',(5.782379203144E0,-1.365805627896E-1,
-1.750804526836E-1));
#13963=CARTESIAN_POINT('',(5.680744922175E0,2.850365920376E-1,
-2.801691289908E-1));
#13964=CARTESIAN_POINT('',(5.705615460060E0,1.469369796038E-1,
-2.081171738982E-1));
#13965=CARTESIAN_POINT('',(5.717706790092E0,6.412543365280E-3,
-1.730876151291E-1));
#13966=CARTESIAN_POINT('',(5.717018912271E0,-1.365367166780E-1,
-1.750804526836E-1));
#13967=CARTESIAN_POINT('',(5.625E0,2.850528401679E-1,-2.801691289908E-1));
#13968=CARTESIAN_POINT('',(5.625E0,1.467239988652E-1,-2.081171738982E-1));
#13969=CARTESIAN_POINT('',(5.625E0,6.200182932703E-3,-1.730876151291E-1));
#13970=CARTESIAN_POINT('',(5.625E0,-1.365186076295E-1,-1.750804526836E-1));
#13971=CARTESIAN_POINT('',(5.569255077825E0,2.850365920376E-1,
-2.801691289908E-1));
#13972=CARTESIAN_POINT('',(5.544384539940E0,1.469369796038E-1,
-2.081171738982E-1));
#13973=CARTESIAN_POINT('',(5.532293209908E0,6.412543365280E-3,
-1.730876151291E-1));
#13974=CARTESIAN_POINT('',(5.532981087729E0,-1.365367166780E-1,
-1.750804526836E-1));
#13975=CARTESIAN_POINT('',(5.529659909418E0,2.849972516309E-1,
-2.801691289908E-1));
#13976=CARTESIAN_POINT('',(5.487124029156E0,1.474526542508E-1,
-2.081171738982E-1));
#13977=CARTESIAN_POINT('',(5.466444324969E0,6.926716110621E-3,
-1.730876151291E-1));
#13978=CARTESIAN_POINT('',(5.467620796856E0,-1.365805627896E-1,
-1.750804526836E-1));
#13979=CARTESIAN_POINT('',(5.506214494778E0,2.849644625731E-1,
-2.801691289908E-1));
#13980=CARTESIAN_POINT('',(5.453218467649E0,1.478824537169E-1,
-2.081171738982E-1));
#13981=CARTESIAN_POINT('',(5.427453345184E0,7.355263786409E-3,
-1.730876151291E-1));
#13982=CARTESIAN_POINT('',(5.428919127382E0,-1.366171072182E-1,
-1.750804526836E-1));
#13983=B_SPLINE_SURFACE_WITH_KNOTS('',3,3,((#13955,#13956,#13957,#13958),
(#13959,#13960,#13961,#13962),(#13963,#13964,#13965,#13966),(#13967,#13968,
#13969,#13970),(#13971,#13972,#13973,#13974),(#13975,#13976,#13977,#13978),(
#13979,#13980,#13981,#13982)),.UNSPECIFIED.,.F.,.F.,.F.,(4,1,1,1,4),(4,4),(
-1.129376487271E-1,2.5E-1,5.E-1,7.5E-1,1.112937648727E0),(-1.020800380456E-2,
4.113456729120E-1),.UNSPECIFIED.);
#13985=ORIENTED_EDGE('',*,*,#13984,.F.);
#13987=ORIENTED_EDGE('',*,*,#13986,.T.);
#13988=ORIENTED_EDGE('',*,*,#13949,.T.);
#13990=ORIENTED_EDGE('',*,*,#13989,.F.);
#13991=EDGE_LOOP('',(#13985,#13987,#13988,#13990));
#13992=FACE_OUTER_BOUND('',#13991,.F.);
#13993=ADVANCED_FACE('',(#13992),#13983,.T.);
#13994=CARTESIAN_POINT('',(5.625E0,2.75E-1,-4.75E-1));
#13995=DIRECTION('',(0.E0,-1.E0,0.E0));
#13996=DIRECTION('',(0.E0,0.E0,-1.E0));
#13997=AXIS2_PLACEMENT_3D('',#13994,#13995,#13996);
#13998=PLANE('',#13997);
#13999=ORIENTED_EDGE('',*,*,#13984,.T.);
#14001=ORIENTED_EDGE('',*,*,#14000,.T.);
#14003=ORIENTED_EDGE('',*,*,#14002,.T.);
#14005=ORIENTED_EDGE('',*,*,#14004,.T.);
#14006=EDGE_LOOP('',(#13999,#14001,#14003,#14005));
#14007=FACE_OUTER_BOUND('',#14006,.F.);
#14008=ADVANCED_FACE('',(#14007),#13998,.F.);
#14009=CARTESIAN_POINT('',(5.528101477394E0,2.849555100070E-1,
-2.581653885196E-1));
#14010=CARTESIAN_POINT('',(5.484881872931E0,1.480364532166E-1,
-1.779975135696E-1));
#14011=CARTESIAN_POINT('',(5.463863819293E0,7.547482004589E-3,
-1.390112082402E-1));
#14012=CARTESIAN_POINT('',(5.465047316478E0,-1.365114036291E-1,
-1.412064725315E-1));
#14013=CARTESIAN_POINT('',(5.528101477394E0,2.850254352060E-1,
-2.979717805115E-1));
#14014=CARTESIAN_POINT('',(5.484881872931E0,1.471201366365E-1,
-2.325210848607E-1));
#14015=CARTESIAN_POINT('',(5.463863819293E0,6.633569618650E-3,
-2.006918664081E-1));
#14016=CARTESIAN_POINT('',(5.465047316478E0,-1.364342658475E-1,
-2.024841251538E-1));
#14017=CARTESIAN_POINT('',(5.528101477394E0,2.851194487553E-1,
-3.702499843383E-1));
#14018=CARTESIAN_POINT('',(5.484881872931E0,1.458881605359E-1,
-3.315219136708E-1));
#14019=CARTESIAN_POINT('',(5.463863819293E0,5.404825926915E-3,
-3.126881303280E-1));
#14020=CARTESIAN_POINT('',(5.465047316478E0,-1.363305550716E-1,
-3.137486343099E-1));
#14021=CARTESIAN_POINT('',(5.528101477394E0,2.851631586143E-1,-4.75E-1));
#14022=CARTESIAN_POINT('',(5.484881872931E0,1.453153760585E-1,-4.75E-1));
#14023=CARTESIAN_POINT('',(5.463863819293E0,4.833544298195E-3,-4.75E-1));
#14024=CARTESIAN_POINT('',(5.465047316478E0,-1.362823366666E-1,-4.75E-1));
#14025=CARTESIAN_POINT('',(5.528101477394E0,2.851194487553E-1,
-5.797500156617E-1));
#14026=CARTESIAN_POINT('',(5.484881872931E0,1.458881605359E-1,
-6.184780863292E-1));
#14027=CARTESIAN_POINT('',(5.463863819293E0,5.404825926915E-3,
-6.373118696720E-1));
#14028=CARTESIAN_POINT('',(5.465047316478E0,-1.363305550716E-1,
-6.362513656901E-1));
#14029=CARTESIAN_POINT('',(5.528101477394E0,2.850254352060E-1,
-6.520282194885E-1));
#14030=CARTESIAN_POINT('',(5.484881872931E0,1.471201366365E-1,
-7.174789151393E-1));
#14031=CARTESIAN_POINT('',(5.463863819293E0,6.633569618650E-3,
-7.493081335919E-1));
#14032=CARTESIAN_POINT('',(5.465047316478E0,-1.364342658475E-1,
-7.475158748462E-1));
#14033=CARTESIAN_POINT('',(5.528101477394E0,2.849555100070E-1,
-6.918346114804E-1));
#14034=CARTESIAN_POINT('',(5.484881872931E0,1.480364532166E-1,
-7.720024864304E-1));
#14035=CARTESIAN_POINT('',(5.463863819293E0,7.547482004589E-3,
-8.109887917598E-1));
#14036=CARTESIAN_POINT('',(5.465047316478E0,-1.365114036291E-1,
-8.087935274685E-1));
#14037=B_SPLINE_SURFACE_WITH_KNOTS('',3,3,((#14009,#14010,#14011,#14012),
(#14013,#14014,#14015,#14016),(#14017,#14018,#14019,#14020),(#14021,#14022,
#14023,#14024),(#14025,#14026,#14027,#14028),(#14029,#14030,#14031,#14032),(
#14033,#14034,#14035,#14036)),.UNSPECIFIED.,.F.,.F.,.F.,(4,1,1,1,4),(4,4),(
-5.646882436354E-2,2.5E-1,5.E-1,7.5E-1,1.056468824364E0),(-1.020800380456E-2,
4.112328658242E-1),.UNSPECIFIED.);
#14038=ORIENTED_EDGE('',*,*,#14000,.F.);
#14039=ORIENTED_EDGE('',*,*,#13989,.T.);
#14040=ORIENTED_EDGE('',*,*,#13866,.T.);
#14042=ORIENTED_EDGE('',*,*,#14041,.F.);
#14043=EDGE_LOOP('',(#14038,#14039,#14040,#14042));
#14044=FACE_OUTER_BOUND('',#14043,.F.);
#14045=ADVANCED_FACE('',(#14044),#14037,.T.);
#14046=CARTESIAN_POINT('',(5.506214494778E0,2.849644625731E-1,
-6.698308710092E-1));
#14047=CARTESIAN_POINT('',(5.453218467649E0,1.478824537169E-1,
-7.418828261018E-1));
#14048=CARTESIAN_POINT('',(5.427453345184E0,7.355263786409E-3,
-7.769123848709E-1));
#14049=CARTESIAN_POINT('',(5.428919127382E0,-1.366171072182E-1,
-7.749195473164E-1));
#14050=CARTESIAN_POINT('',(5.529659909418E0,2.849972516309E-1,
-6.698308710092E-1));
#14051=CARTESIAN_POINT('',(5.487124029156E0,1.474526542508E-1,
-7.418828261018E-1));
#14052=CARTESIAN_POINT('',(5.466444324969E0,6.926716110621E-3,
-7.769123848709E-1));
#14053=CARTESIAN_POINT('',(5.467620796856E0,-1.365805627896E-1,
-7.749195473164E-1));
#14054=CARTESIAN_POINT('',(5.569255077825E0,2.850365920376E-1,
-6.698308710092E-1));
#14055=CARTESIAN_POINT('',(5.544384539940E0,1.469369796038E-1,
-7.418828261018E-1));
#14056=CARTESIAN_POINT('',(5.532293209908E0,6.412543365280E-3,
-7.769123848709E-1));
#14057=CARTESIAN_POINT('',(5.532981087729E0,-1.365367166780E-1,
-7.749195473164E-1));
#14058=CARTESIAN_POINT('',(5.625E0,2.850528401679E-1,-6.698308710092E-1));
#14059=CARTESIAN_POINT('',(5.625E0,1.467239988652E-1,-7.418828261018E-1));
#14060=CARTESIAN_POINT('',(5.625E0,6.200182932703E-3,-7.769123848709E-1));
#14061=CARTESIAN_POINT('',(5.625E0,-1.365186076295E-1,-7.749195473164E-1));
#14062=CARTESIAN_POINT('',(5.680744922175E0,2.850365920376E-1,
-6.698308710092E-1));
#14063=CARTESIAN_POINT('',(5.705615460060E0,1.469369796038E-1,
-7.418828261018E-1));
#14064=CARTESIAN_POINT('',(5.717706790092E0,6.412543365280E-3,
-7.769123848709E-1));
#14065=CARTESIAN_POINT('',(5.717018912271E0,-1.365367166780E-1,
-7.749195473164E-1));
#14066=CARTESIAN_POINT('',(5.720340090582E0,2.849972516309E-1,
-6.698308710092E-1));
#14067=CARTESIAN_POINT('',(5.762875970844E0,1.474526542508E-1,
-7.418828261018E-1));
#14068=CARTESIAN_POINT('',(5.783555675031E0,6.926716110621E-3,
-7.769123848709E-1));
#14069=CARTESIAN_POINT('',(5.782379203144E0,-1.365805627896E-1,
-7.749195473164E-1));
#14070=CARTESIAN_POINT('',(5.743785505222E0,2.849644625731E-1,
-6.698308710092E-1));
#14071=CARTESIAN_POINT('',(5.796781532351E0,1.478824537169E-1,
-7.418828261018E-1));
#14072=CARTESIAN_POINT('',(5.822546654816E0,7.355263786409E-3,
-7.769123848709E-1));
#14073=CARTESIAN_POINT('',(5.821080872618E0,-1.366171072182E-1,
-7.749195473164E-1));
#14074=B_SPLINE_SURFACE_WITH_KNOTS('',3,3,((#14046,#14047,#14048,#14049),
(#14050,#14051,#14052,#14053),(#14054,#14055,#14056,#14057),(#14058,#14059,
#14060,#14061),(#14062,#14063,#14064,#14065),(#14066,#14067,#14068,#14069),(
#14070,#14071,#14072,#14073)),.UNSPECIFIED.,.F.,.F.,.F.,(4,1,1,1,4),(4,4),(
-1.129376487271E-1,2.5E-1,5.E-1,7.5E-1,1.112937648727E0),(-1.020800380456E-2,
4.113456729120E-1),.UNSPECIFIED.);
#14075=ORIENTED_EDGE('',*,*,#14002,.F.);
#14076=ORIENTED_EDGE('',*,*,#14041,.T.);
#14077=ORIENTED_EDGE('',*,*,#13901,.T.);
#14079=ORIENTED_EDGE('',*,*,#14078,.F.);
#14080=EDGE_LOOP('',(#14075,#14076,#14077,#14079));
#14081=FACE_OUTER_BOUND('',#14080,.F.);
#14082=ADVANCED_FACE('',(#14081),#14074,.T.);
#14083=CARTESIAN_POINT('',(5.721898522606E0,2.849555100070E-1,
-6.918346114804E-1));
#14084=CARTESIAN_POINT('',(5.765118127069E0,1.480364532166E-1,
-7.720024864304E-1));
#14085=CARTESIAN_POINT('',(5.786136180707E0,7.547482004589E-3,
-8.109887917598E-1));
#14086=CARTESIAN_POINT('',(5.784952683522E0,-1.365114036291E-1,
-8.087935274685E-1));
#14087=CARTESIAN_POINT('',(5.721898522606E0,2.850254352060E-1,
-6.520282194885E-1));
#14088=CARTESIAN_POINT('',(5.765118127069E0,1.471201366365E-1,
-7.174789151393E-1));
#14089=CARTESIAN_POINT('',(5.786136180707E0,6.633569618650E-3,
-7.493081335919E-1));
#14090=CARTESIAN_POINT('',(5.784952683522E0,-1.364342658475E-1,
-7.475158748462E-1));
#14091=CARTESIAN_POINT('',(5.721898522606E0,2.851194487553E-1,
-5.797500156617E-1));
#14092=CARTESIAN_POINT('',(5.765118127069E0,1.458881605359E-1,
-6.184780863292E-1));
#14093=CARTESIAN_POINT('',(5.786136180707E0,5.404825926915E-3,
-6.373118696720E-1));
#14094=CARTESIAN_POINT('',(5.784952683522E0,-1.363305550716E-1,
-6.362513656901E-1));
#14095=CARTESIAN_POINT('',(5.721898522606E0,2.851631586143E-1,-4.75E-1));
#14096=CARTESIAN_POINT('',(5.765118127069E0,1.453153760585E-1,-4.75E-1));
#14097=CARTESIAN_POINT('',(5.786136180707E0,4.833544298195E-3,-4.75E-1));
#14098=CARTESIAN_POINT('',(5.784952683522E0,-1.362823366666E-1,-4.75E-1));
#14099=CARTESIAN_POINT('',(5.721898522606E0,2.851194487553E-1,
-3.702499843383E-1));
#14100=CARTESIAN_POINT('',(5.765118127069E0,1.458881605359E-1,
-3.315219136708E-1));
#14101=CARTESIAN_POINT('',(5.786136180707E0,5.404825926915E-3,
-3.126881303280E-1));
#14102=CARTESIAN_POINT('',(5.784952683522E0,-1.363305550716E-1,
-3.137486343099E-1));
#14103=CARTESIAN_POINT('',(5.721898522606E0,2.850254352060E-1,
-2.979717805115E-1));
#14104=CARTESIAN_POINT('',(5.765118127069E0,1.471201366365E-1,
-2.325210848607E-1));
#14105=CARTESIAN_POINT('',(5.786136180707E0,6.633569618650E-3,
-2.006918664081E-1));
#14106=CARTESIAN_POINT('',(5.784952683522E0,-1.364342658475E-1,
-2.024841251538E-1));
#14107=CARTESIAN_POINT('',(5.721898522606E0,2.849555100070E-1,
-2.581653885196E-1));
#14108=CARTESIAN_POINT('',(5.765118127069E0,1.480364532166E-1,
-1.779975135696E-1));
#14109=CARTESIAN_POINT('',(5.786136180707E0,7.547482004589E-3,
-1.390112082402E-1));
#14110=CARTESIAN_POINT('',(5.784952683522E0,-1.365114036291E-1,
-1.412064725315E-1));
#14111=B_SPLINE_SURFACE_WITH_KNOTS('',3,3,((#14083,#14084,#14085,#14086),
(#14087,#14088,#14089,#14090),(#14091,#14092,#14093,#14094),(#14095,#14096,
#14097,#14098),(#14099,#14100,#14101,#14102),(#14103,#14104,#14105,#14106),(
#14107,#14108,#14109,#14110)),.UNSPECIFIED.,.F.,.F.,.F.,(4,1,1,1,4),(4,4),(
-5.646882436354E-2,2.5E-1,5.E-1,7.5E-1,1.056468824364E0),(-1.020800380456E-2,
4.112328658242E-1),.UNSPECIFIED.);
#14112=ORIENTED_EDGE('',*,*,#14004,.F.);
#14113=ORIENTED_EDGE('',*,*,#14078,.T.);
#14114=ORIENTED_EDGE('',*,*,#13915,.T.);
#14115=ORIENTED_EDGE('',*,*,#13986,.F.);
#14116=EDGE_LOOP('',(#14112,#14113,#14114,#14115));
#14117=FACE_OUTER_BOUND('',#14116,.F.);
#14118=ADVANCED_FACE('',(#14117),#14111,.T.);
#14119=CARTESIAN_POINT('',(5.775E0,-3.325E0,-1.6E0));
#14120=DIRECTION('',(9.778024140774E-1,2.095290887309E-1,0.E0));
#14121=DIRECTION('',(2.095290887309E-1,-9.778024140774E-1,0.E0));
#14122=AXIS2_PLACEMENT_3D('',#14119,#14120,#14121);
#14123=PLANE('',#14122);
#14124=ORIENTED_EDGE('',*,*,#13926,.T.);
#14125=ORIENTED_EDGE('',*,*,#6999,.T.);
#14127=ORIENTED_EDGE('',*,*,#14126,.F.);
#14128=ORIENTED_EDGE('',*,*,#8844,.F.);
#14129=EDGE_LOOP('',(#14124,#14125,#14127,#14128));
#14130=FACE_OUTER_BOUND('',#14129,.F.);
#14131=ADVANCED_FACE('',(#14130),#14123,.F.);
#14132=CARTESIAN_POINT('',(5.85E0,-3.675E0,-1.6E0));
#14133=DIRECTION('',(8.320502943378E-1,5.547001962252E-1,0.E0));
#14134=DIRECTION('',(5.547001962252E-1,-8.320502943378E-1,0.E0));
#14135=AXIS2_PLACEMENT_3D('',#14132,#14133,#14134);
#14136=PLANE('',#14135);
#14137=ORIENTED_EDGE('',*,*,#6997,.T.);
#14138=ORIENTED_EDGE('',*,*,#8284,.F.);
#14139=ORIENTED_EDGE('',*,*,#8846,.F.);
#14140=ORIENTED_EDGE('',*,*,#14126,.T.);
#14141=EDGE_LOOP('',(#14137,#14138,#14139,#14140));
#14142=FACE_OUTER_BOUND('',#14141,.F.);
#14143=ADVANCED_FACE('',(#14142),#14136,.F.);
#14144=CARTESIAN_POINT('',(5.625E0,-3.3E0,-2.4375E0));
#14145=DIRECTION('',(0.E0,1.E0,0.E0));
#14146=DIRECTION('',(1.E0,0.E0,0.E0));
#14147=AXIS2_PLACEMENT_3D('',#14144,#14145,#14146);
#14148=PLANE('',#14147);
#14149=ORIENTED_EDGE('',*,*,#8840,.F.);
#14150=ORIENTED_EDGE('',*,*,#13887,.T.);
#14152=ORIENTED_EDGE('',*,*,#14151,.T.);
#14153=ORIENTED_EDGE('',*,*,#13929,.F.);
#14154=EDGE_LOOP('',(#14149,#14150,#14152,#14153));
#14155=FACE_OUTER_BOUND('',#14154,.F.);
#14156=ADVANCED_FACE('',(#14155),#14148,.T.);
#14157=CARTESIAN_POINT('',(5.428885941541E0,-3.300017667059E0,
-3.588658947712E0));
#14158=CARTESIAN_POINT('',(5.427929903444E0,-3.299367765380E0,
-3.797276576464E0));
#14159=CARTESIAN_POINT('',(5.453350529007E0,-3.316648360462E0,
-4.004721429401E0));
#14160=CARTESIAN_POINT('',(5.505147818231E0,-3.351859452305E0,
-4.210993506523E0));
#14161=CARTESIAN_POINT('',(5.467594161106E0,-3.300017667059E0,
-3.588675758785E0));
#14162=CARTESIAN_POINT('',(5.466826822039E0,-3.299367765380E0,
-3.796978475845E0));
#14163=CARTESIAN_POINT('',(5.487230024764E0,-3.316648360462E0,
-4.004423215702E0));
#14164=CARTESIAN_POINT('',(5.528803769282E0,-3.351859452305E0,
-4.211009978356E0));
#14165=CARTESIAN_POINT('',(5.532965513925E0,-3.300017667059E0,
-3.588695830628E0));
#14166=CARTESIAN_POINT('',(5.532516854224E0,-3.299367765380E0,
-3.796622553967E0));
#14167=CARTESIAN_POINT('',(5.544446515095E0,-3.316648360462E0,
-4.004067158810E0));
#14168=CARTESIAN_POINT('',(5.568754496538E0,-3.351859452305E0,
-4.211029645157E0));
#14169=CARTESIAN_POINT('',(5.625E0,-3.300017667059E0,-3.588704065939E0));
#14170=CARTESIAN_POINT('',(5.625E0,-3.299367765380E0,-3.796476522150E0));
#14171=CARTESIAN_POINT('',(5.625E0,-3.316648360462E0,-4.003921071598E0));
#14172=CARTESIAN_POINT('',(5.625E0,-3.351859452305E0,-4.211037714284E0));
#14173=CARTESIAN_POINT('',(5.717034486075E0,-3.300017667059E0,
-3.588695830628E0));
#14174=CARTESIAN_POINT('',(5.717483145776E0,-3.299367765380E0,
-3.796622553967E0));
#14175=CARTESIAN_POINT('',(5.705553484905E0,-3.316648360462E0,
-4.004067158810E0));
#14176=CARTESIAN_POINT('',(5.681245503462E0,-3.351859452305E0,
-4.211029645157E0));
#14177=CARTESIAN_POINT('',(5.782405838894E0,-3.300017667059E0,
-3.588675758785E0));
#14178=CARTESIAN_POINT('',(5.783173177961E0,-3.299367765380E0,
-3.796978475845E0));
#14179=CARTESIAN_POINT('',(5.762769975236E0,-3.316648360462E0,
-4.004423215702E0));
#14180=CARTESIAN_POINT('',(5.721196230718E0,-3.351859452305E0,
-4.211009978356E0));
#14181=CARTESIAN_POINT('',(5.821114058459E0,-3.300017667059E0,
-3.588658947712E0));
#14182=CARTESIAN_POINT('',(5.822070096556E0,-3.299367765380E0,
-3.797276576464E0));
#14183=CARTESIAN_POINT('',(5.796649470993E0,-3.316648360462E0,
-4.004721429401E0));
#14184=CARTESIAN_POINT('',(5.744852181769E0,-3.351859452305E0,
-4.210993506523E0));
#14185=B_SPLINE_SURFACE_WITH_KNOTS('',3,3,((#14157,#14158,#14159,#14160),
(#14161,#14162,#14163,#14164),(#14165,#14166,#14167,#14168),(#14169,#14170,
#14171,#14172),(#14173,#14174,#14175,#14176),(#14177,#14178,#14179,#14180),(
#14181,#14182,#14183,#14184)),.UNSPECIFIED.,.F.,.F.,.F.,(4,1,1,1,4),(4,4),(
-1.129376487271E-1,2.5E-1,5.E-1,7.5E-1,1.112937648727E0),(6.520358638458E0,
7.142691933436E0),.UNSPECIFIED.);
#14186=ORIENTED_EDGE('',*,*,#14151,.F.);
#14188=ORIENTED_EDGE('',*,*,#14187,.T.);
#14190=ORIENTED_EDGE('',*,*,#14189,.T.);
#14192=ORIENTED_EDGE('',*,*,#14191,.F.);
#14193=EDGE_LOOP('',(#14186,#14188,#14190,#14192));
#14194=FACE_OUTER_BOUND('',#14193,.F.);
#14195=ADVANCED_FACE('',(#14194),#14185,.T.);
#14196=CARTESIAN_POINT('',(5.465021253021E0,-3.681601630438E0,
-3.588651405128E0));
#14197=CARTESIAN_POINT('',(5.464240387516E0,-3.682369937178E0,
-3.797152043781E0));
#14198=CARTESIAN_POINT('',(5.484977084097E0,-3.661966751687E0,
-4.004601533104E0));
#14199=CARTESIAN_POINT('',(5.527231342766E0,-3.620392073967E0,
-4.210999873096E0));
#14200=CARTESIAN_POINT('',(5.465021253021E0,-3.641898135150E0,
-3.588661968774E0));
#14201=CARTESIAN_POINT('',(5.464240387516E0,-3.642518793186E0,
-3.796964961016E0));
#14202=CARTESIAN_POINT('',(5.484977084097E0,-3.626036572778E0,
-4.004414374936E0));
#14203=CARTESIAN_POINT('',(5.527231342766E0,-3.592451473927E0,
-4.211010210532E0));
#14204=CARTESIAN_POINT('',(5.465021253021E0,-3.573030925004E0,
-3.588675046192E0));
#14205=CARTESIAN_POINT('',(5.464240387516E0,-3.573395480793E0,
-3.796733359208E0));
#14206=CARTESIAN_POINT('',(5.484977084097E0,-3.563714322216E0,
-4.004182679780E0));
#14207=CARTESIAN_POINT('',(5.527231342766E0,-3.543987449271E0,
-4.211023007910E0));
#14208=CARTESIAN_POINT('',(5.465021253021E0,-3.475E0,-3.588680606705E0));
#14209=CARTESIAN_POINT('',(5.464240387516E0,-3.475E0,-3.796634882221E0));
#14210=CARTESIAN_POINT('',(5.484977084097E0,-3.475E0,-4.004084163103E0));
#14211=CARTESIAN_POINT('',(5.527231342766E0,-3.475E0,-4.211028449350E0));
#14212=CARTESIAN_POINT('',(5.465021253021E0,-3.376969074996E0,
-3.588675046192E0));
#14213=CARTESIAN_POINT('',(5.464240387516E0,-3.376604519207E0,
-3.796733359208E0));
#14214=CARTESIAN_POINT('',(5.484977084097E0,-3.386285677784E0,
-4.004182679780E0));
#14215=CARTESIAN_POINT('',(5.527231342766E0,-3.406012550729E0,
-4.211023007910E0));
#14216=CARTESIAN_POINT('',(5.465021253021E0,-3.308101864850E0,
-3.588661968774E0));
#14217=CARTESIAN_POINT('',(5.464240387516E0,-3.307481206814E0,
-3.796964961016E0));
#14218=CARTESIAN_POINT('',(5.484977084097E0,-3.323963427222E0,
-4.004414374936E0));
#14219=CARTESIAN_POINT('',(5.527231342766E0,-3.357548526073E0,
-4.211010210532E0));
#14220=CARTESIAN_POINT('',(5.465021253021E0,-3.268398369562E0,
-3.588651405128E0));
#14221=CARTESIAN_POINT('',(5.464240387516E0,-3.267630062822E0,
-3.797152043781E0));
#14222=CARTESIAN_POINT('',(5.484977084097E0,-3.288033248313E0,
-4.004601533104E0));
#14223=CARTESIAN_POINT('',(5.527231342766E0,-3.329607926033E0,
-4.210999873096E0));
#14224=B_SPLINE_SURFACE_WITH_KNOTS('',3,3,((#14196,#14197,#14198,#14199),
(#14200,#14201,#14202,#14203),(#14204,#14205,#14206,#14207),(#14208,#14209,
#14210,#14211),(#14212,#14213,#14214,#14215),(#14216,#14217,#14218,#14219),(
#14220,#14221,#14222,#14223)),.UNSPECIFIED.,.F.,.F.,.F.,(4,1,1,1,4),(4,4),(
-9.035011898166E-2,2.5E-1,5.E-1,7.5E-1,1.090350118982E0),(6.520344668989E0,
7.142691933436E0),.UNSPECIFIED.);
#14225=ORIENTED_EDGE('',*,*,#13885,.F.);
#14227=ORIENTED_EDGE('',*,*,#14226,.T.);
#14229=ORIENTED_EDGE('',*,*,#14228,.T.);
#14230=ORIENTED_EDGE('',*,*,#14187,.F.);
#14231=EDGE_LOOP('',(#14225,#14227,#14229,#14230));
#14232=FACE_OUTER_BOUND('',#14231,.F.);
#14233=ADVANCED_FACE('',(#14232),#14224,.T.);
#14234=CARTESIAN_POINT('',(5.821114058459E0,-3.649982332941E0,
-3.588658947712E0));
#14235=CARTESIAN_POINT('',(5.822070096556E0,-3.650632234620E0,
-3.797276576464E0));
#14236=CARTESIAN_POINT('',(5.796649470993E0,-3.633351639538E0,
-4.004721429401E0));
#14237=CARTESIAN_POINT('',(5.744852181769E0,-3.598140547695E0,
-4.210993506523E0));
#14238=CARTESIAN_POINT('',(5.782405838894E0,-3.649982332941E0,
-3.588675758785E0));
#14239=CARTESIAN_POINT('',(5.783173177961E0,-3.650632234620E0,
-3.796978475845E0));
#14240=CARTESIAN_POINT('',(5.762769975236E0,-3.633351639538E0,
-4.004423215702E0));
#14241=CARTESIAN_POINT('',(5.721196230718E0,-3.598140547695E0,
-4.211009978356E0));
#14242=CARTESIAN_POINT('',(5.717034486075E0,-3.649982332941E0,
-3.588695830628E0));
#14243=CARTESIAN_POINT('',(5.717483145776E0,-3.650632234620E0,
-3.796622553967E0));
#14244=CARTESIAN_POINT('',(5.705553484905E0,-3.633351639538E0,
-4.004067158810E0));
#14245=CARTESIAN_POINT('',(5.681245503462E0,-3.598140547695E0,
-4.211029645157E0));
#14246=CARTESIAN_POINT('',(5.625E0,-3.649982332941E0,-3.588704065939E0));
#14247=CARTESIAN_POINT('',(5.625E0,-3.650632234620E0,-3.796476522150E0));
#14248=CARTESIAN_POINT('',(5.625E0,-3.633351639538E0,-4.003921071598E0));
#14249=CARTESIAN_POINT('',(5.625E0,-3.598140547695E0,-4.211037714284E0));
#14250=CARTESIAN_POINT('',(5.532965513925E0,-3.649982332941E0,
-3.588695830628E0));
#14251=CARTESIAN_POINT('',(5.532516854224E0,-3.650632234620E0,
-3.796622553967E0));
#14252=CARTESIAN_POINT('',(5.544446515095E0,-3.633351639538E0,
-4.004067158810E0));
#14253=CARTESIAN_POINT('',(5.568754496538E0,-3.598140547695E0,
-4.211029645157E0));
#14254=CARTESIAN_POINT('',(5.467594161106E0,-3.649982332941E0,
-3.588675758785E0));
#14255=CARTESIAN_POINT('',(5.466826822039E0,-3.650632234620E0,
-3.796978475845E0));
#14256=CARTESIAN_POINT('',(5.487230024764E0,-3.633351639538E0,
-4.004423215702E0));
#14257=CARTESIAN_POINT('',(5.528803769282E0,-3.598140547695E0,
-4.211009978356E0));
#14258=CARTESIAN_POINT('',(5.428885941541E0,-3.649982332941E0,
-3.588658947712E0));
#14259=CARTESIAN_POINT('',(5.427929903444E0,-3.650632234620E0,
-3.797276576464E0));
#14260=CARTESIAN_POINT('',(5.453350529007E0,-3.633351639538E0,
-4.004721429401E0));
#14261=CARTESIAN_POINT('',(5.505147818231E0,-3.598140547695E0,
-4.210993506523E0));
#14262=B_SPLINE_SURFACE_WITH_KNOTS('',3,3,((#14234,#14235,#14236,#14237),
(#14238,#14239,#14240,#14241),(#14242,#14243,#14244,#14245),(#14246,#14247,
#14248,#14249),(#14250,#14251,#14252,#14253),(#14254,#14255,#14256,#14257),(
#14258,#14259,#14260,#14261)),.UNSPECIFIED.,.F.,.F.,.F.,(4,1,1,1,4),(4,4),(
-1.129376487271E-1,2.5E-1,5.E-1,7.5E-1,1.112937648727E0),(6.520358638458E0,
7.142691933436E0),.UNSPECIFIED.);
#14264=ORIENTED_EDGE('',*,*,#14263,.F.);
#14266=ORIENTED_EDGE('',*,*,#14265,.T.);
#14268=ORIENTED_EDGE('',*,*,#14267,.T.);
#14269=ORIENTED_EDGE('',*,*,#14226,.F.);
#14270=EDGE_LOOP('',(#14264,#14266,#14268,#14269));
#14271=FACE_OUTER_BOUND('',#14270,.F.);
#14272=ADVANCED_FACE('',(#14271),#14262,.T.);
#14273=CARTESIAN_POINT('',(5.625E0,-3.65E0,-2.4375E0));
#14274=DIRECTION('',(0.E0,1.E0,0.E0));
#14275=DIRECTION('',(1.E0,0.E0,0.E0));
#14276=AXIS2_PLACEMENT_3D('',#14273,#14274,#14275);
#14277=PLANE('',#14276);
#14279=ORIENTED_EDGE('',*,*,#14278,.F.);
#14280=ORIENTED_EDGE('',*,*,#13933,.T.);
#14281=ORIENTED_EDGE('',*,*,#14263,.T.);
#14282=ORIENTED_EDGE('',*,*,#13883,.F.);
#14283=EDGE_LOOP('',(#14279,#14280,#14281,#14282));
#14284=FACE_OUTER_BOUND('',#14283,.F.);
#14285=ADVANCED_FACE('',(#14284),#14277,.F.);
#14286=CARTESIAN_POINT('',(5.625E0,-2.675E0,-1.275E0));
#14287=DIRECTION('',(1.E0,0.E0,0.E0));
#14288=DIRECTION('',(0.E0,0.E0,1.E0));
#14289=AXIS2_PLACEMENT_3D('',#14286,#14287,#14288);
#14290=CYLINDRICAL_SURFACE('',#14289,9.75E-1);
#14291=ORIENTED_EDGE('',*,*,#13935,.T.);
#14292=ORIENTED_EDGE('',*,*,#14278,.T.);
#14293=ORIENTED_EDGE('',*,*,#13881,.F.);
#14294=ORIENTED_EDGE('',*,*,#7373,.T.);
#14295=EDGE_LOOP('',(#14291,#14292,#14293,#14294));
#14296=FACE_OUTER_BOUND('',#14295,.F.);
#14297=ADVANCED_FACE('',(#14296),#14290,.T.);
#14298=CARTESIAN_POINT('',(5.784978746979E0,-3.268398369562E0,
-3.588651405128E0));
#14299=CARTESIAN_POINT('',(5.785759612484E0,-3.267630062822E0,
-3.797152043781E0));
#14300=CARTESIAN_POINT('',(5.765022915903E0,-3.288033248313E0,
-4.004601533104E0));
#14301=CARTESIAN_POINT('',(5.722768657234E0,-3.329607926033E0,
-4.210999873096E0));
#14302=CARTESIAN_POINT('',(5.784978746979E0,-3.308101864850E0,
-3.588661968774E0));
#14303=CARTESIAN_POINT('',(5.785759612484E0,-3.307481206814E0,
-3.796964961016E0));
#14304=CARTESIAN_POINT('',(5.765022915903E0,-3.323963427222E0,
-4.004414374936E0));
#14305=CARTESIAN_POINT('',(5.722768657234E0,-3.357548526073E0,
-4.211010210532E0));
#14306=CARTESIAN_POINT('',(5.784978746979E0,-3.376969074996E0,
-3.588675046192E0));
#14307=CARTESIAN_POINT('',(5.785759612484E0,-3.376604519207E0,
-3.796733359208E0));
#14308=CARTESIAN_POINT('',(5.765022915903E0,-3.386285677784E0,
-4.004182679780E0));
#14309=CARTESIAN_POINT('',(5.722768657234E0,-3.406012550729E0,
-4.211023007910E0));
#14310=CARTESIAN_POINT('',(5.784978746979E0,-3.475E0,-3.588680606705E0));
#14311=CARTESIAN_POINT('',(5.785759612484E0,-3.475E0,-3.796634882221E0));
#14312=CARTESIAN_POINT('',(5.765022915903E0,-3.475E0,-4.004084163103E0));
#14313=CARTESIAN_POINT('',(5.722768657234E0,-3.475E0,-4.211028449350E0));
#14314=CARTESIAN_POINT('',(5.784978746979E0,-3.573030925004E0,
-3.588675046192E0));
#14315=CARTESIAN_POINT('',(5.785759612484E0,-3.573395480793E0,
-3.796733359208E0));
#14316=CARTESIAN_POINT('',(5.765022915903E0,-3.563714322216E0,
-4.004182679780E0));
#14317=CARTESIAN_POINT('',(5.722768657234E0,-3.543987449271E0,
-4.211023007910E0));
#14318=CARTESIAN_POINT('',(5.784978746979E0,-3.641898135150E0,
-3.588661968774E0));
#14319=CARTESIAN_POINT('',(5.785759612484E0,-3.642518793186E0,
-3.796964961016E0));
#14320=CARTESIAN_POINT('',(5.765022915903E0,-3.626036572778E0,
-4.004414374936E0));
#14321=CARTESIAN_POINT('',(5.722768657234E0,-3.592451473927E0,
-4.211010210532E0));
#14322=CARTESIAN_POINT('',(5.784978746979E0,-3.681601630438E0,
-3.588651405128E0));
#14323=CARTESIAN_POINT('',(5.785759612484E0,-3.682369937178E0,
-3.797152043781E0));
#14324=CARTESIAN_POINT('',(5.765022915903E0,-3.661966751687E0,
-4.004601533104E0));
#14325=CARTESIAN_POINT('',(5.722768657234E0,-3.620392073967E0,
-4.210999873096E0));
#14326=B_SPLINE_SURFACE_WITH_KNOTS('',3,3,((#14298,#14299,#14300,#14301),
(#14302,#14303,#14304,#14305),(#14306,#14307,#14308,#14309),(#14310,#14311,
#14312,#14313),(#14314,#14315,#14316,#14317),(#14318,#14319,#14320,#14321),(
#14322,#14323,#14324,#14325)),.UNSPECIFIED.,.F.,.F.,.F.,(4,1,1,1,4),(4,4),(
-9.035011898166E-2,2.5E-1,5.E-1,7.5E-1,1.090350118982E0),(6.520344668989E0,
7.142691933436E0),.UNSPECIFIED.);
#14327=ORIENTED_EDGE('',*,*,#13931,.F.);
#14328=ORIENTED_EDGE('',*,*,#14191,.T.);
#14330=ORIENTED_EDGE('',*,*,#14329,.T.);
#14331=ORIENTED_EDGE('',*,*,#14265,.F.);
#14332=EDGE_LOOP('',(#14327,#14328,#14330,#14331));
#14333=FACE_OUTER_BOUND('',#14332,.F.);
#14334=ADVANCED_FACE('',(#14333),#14326,.T.);
#14335=CARTESIAN_POINT('',(5.625E0,-3.475E0,-4.2E0));
#14336=DIRECTION('',(0.E0,0.E0,-1.E0));
#14337=DIRECTION('',(0.E0,1.E0,0.E0));
#14338=AXIS2_PLACEMENT_3D('',#14335,#14336,#14337);
#14339=PLANE('',#14338);
#14340=ORIENTED_EDGE('',*,*,#14267,.F.);
#14341=ORIENTED_EDGE('',*,*,#14329,.F.);
#14342=ORIENTED_EDGE('',*,*,#14189,.F.);
#14343=ORIENTED_EDGE('',*,*,#14228,.F.);
#14344=EDGE_LOOP('',(#14340,#14341,#14342,#14343));
#14345=FACE_OUTER_BOUND('',#14344,.F.);
#14346=ADVANCED_FACE('',(#14345),#14339,.T.);
#14347=CARTESIAN_POINT('',(6.55E0,-3.825E0,-1.6E0));
#14348=DIRECTION('',(-8.320502943378E-1,5.547001962252E-1,0.E0));
#14349=DIRECTION('',(5.547001962252E-1,8.320502943378E-1,0.E0));
#14350=AXIS2_PLACEMENT_3D('',#14347,#14348,#14349);
#14351=PLANE('',#14350);
#14352=ORIENTED_EDGE('',*,*,#6993,.T.);
#14354=ORIENTED_EDGE('',*,*,#14353,.F.);
#14355=ORIENTED_EDGE('',*,*,#8849,.F.);
#14356=ORIENTED_EDGE('',*,*,#8287,.T.);
#14357=EDGE_LOOP('',(#14352,#14354,#14355,#14356));
#14358=FACE_OUTER_BOUND('',#14357,.F.);
#14359=ADVANCED_FACE('',(#14358),#14351,.F.);
#14360=CARTESIAN_POINT('',(6.65E0,-3.675E0,-1.6E0));
#14361=DIRECTION('',(-9.778024140774E-1,2.095290887309E-1,0.E0));
#14362=DIRECTION('',(2.095290887309E-1,9.778024140774E-1,0.E0));
#14363=AXIS2_PLACEMENT_3D('',#14360,#14361,#14362);
#14364=PLANE('',#14363);
#14365=ORIENTED_EDGE('',*,*,#6714,.F.);
#14366=ORIENTED_EDGE('',*,*,#8851,.F.);
#14367=ORIENTED_EDGE('',*,*,#14353,.T.);
#14368=ORIENTED_EDGE('',*,*,#6991,.T.);
#14369=EDGE_LOOP('',(#14365,#14366,#14367,#14368));
#14370=FACE_OUTER_BOUND('',#14369,.F.);
#14371=ADVANCED_FACE('',(#14370),#14364,.F.);
#14372=CARTESIAN_POINT('',(6.875E0,-3.3E0,-2.4375E0));
#14373=DIRECTION('',(0.E0,1.E0,0.E0));
#14374=DIRECTION('',(1.E0,0.E0,0.E0));
#14375=AXIS2_PLACEMENT_3D('',#14372,#14373,#14374);
#14376=PLANE('',#14375);
#14377=ORIENTED_EDGE('',*,*,#8854,.F.);
#14378=ORIENTED_EDGE('',*,*,#6726,.T.);
#14380=ORIENTED_EDGE('',*,*,#14379,.T.);
#14381=ORIENTED_EDGE('',*,*,#6769,.F.);
#14382=EDGE_LOOP('',(#14377,#14378,#14380,#14381));
#14383=FACE_OUTER_BOUND('',#14382,.F.);
#14384=ADVANCED_FACE('',(#14383),#14376,.T.);
#14385=CARTESIAN_POINT('',(6.678885941541E0,-3.300017667059E0,
-3.588658947712E0));
#14386=CARTESIAN_POINT('',(6.677929903444E0,-3.299367765380E0,
-3.797276576464E0));
#14387=CARTESIAN_POINT('',(6.703350529007E0,-3.316648360462E0,
-4.004721429401E0));
#14388=CARTESIAN_POINT('',(6.755147818231E0,-3.351859452305E0,
-4.210993506523E0));
#14389=CARTESIAN_POINT('',(6.717594161106E0,-3.300017667059E0,
-3.588675758785E0));
#14390=CARTESIAN_POINT('',(6.716826822039E0,-3.299367765380E0,
-3.796978475845E0));
#14391=CARTESIAN_POINT('',(6.737230024764E0,-3.316648360462E0,
-4.004423215702E0));
#14392=CARTESIAN_POINT('',(6.778803769282E0,-3.351859452305E0,
-4.211009978356E0));
#14393=CARTESIAN_POINT('',(6.782965513925E0,-3.300017667059E0,
-3.588695830628E0));
#14394=CARTESIAN_POINT('',(6.782516854224E0,-3.299367765380E0,
-3.796622553967E0));
#14395=CARTESIAN_POINT('',(6.794446515095E0,-3.316648360462E0,
-4.004067158810E0));
#14396=CARTESIAN_POINT('',(6.818754496538E0,-3.351859452305E0,
-4.211029645157E0));
#14397=CARTESIAN_POINT('',(6.875E0,-3.300017667059E0,-3.588704065939E0));
#14398=CARTESIAN_POINT('',(6.875E0,-3.299367765380E0,-3.796476522150E0));
#14399=CARTESIAN_POINT('',(6.875E0,-3.316648360462E0,-4.003921071598E0));
#14400=CARTESIAN_POINT('',(6.875E0,-3.351859452305E0,-4.211037714284E0));
#14401=CARTESIAN_POINT('',(6.967034486075E0,-3.300017667059E0,
-3.588695830628E0));
#14402=CARTESIAN_POINT('',(6.967483145776E0,-3.299367765380E0,
-3.796622553967E0));
#14403=CARTESIAN_POINT('',(6.955553484905E0,-3.316648360462E0,
-4.004067158810E0));
#14404=CARTESIAN_POINT('',(6.931245503462E0,-3.351859452305E0,
-4.211029645157E0));
#14405=CARTESIAN_POINT('',(7.032405838894E0,-3.300017667059E0,
-3.588675758785E0));
#14406=CARTESIAN_POINT('',(7.033173177961E0,-3.299367765380E0,
-3.796978475845E0));
#14407=CARTESIAN_POINT('',(7.012769975236E0,-3.316648360462E0,
-4.004423215702E0));
#14408=CARTESIAN_POINT('',(6.971196230718E0,-3.351859452305E0,
-4.211009978356E0));
#14409=CARTESIAN_POINT('',(7.071114058459E0,-3.300017667059E0,
-3.588658947712E0));
#14410=CARTESIAN_POINT('',(7.072070096556E0,-3.299367765380E0,
-3.797276576464E0));
#14411=CARTESIAN_POINT('',(7.046649470993E0,-3.316648360462E0,
-4.004721429401E0));
#14412=CARTESIAN_POINT('',(6.994852181769E0,-3.351859452305E0,
-4.210993506523E0));
#14413=B_SPLINE_SURFACE_WITH_KNOTS('',3,3,((#14385,#14386,#14387,#14388),
(#14389,#14390,#14391,#14392),(#14393,#14394,#14395,#14396),(#14397,#14398,
#14399,#14400),(#14401,#14402,#14403,#14404),(#14405,#14406,#14407,#14408),(
#14409,#14410,#14411,#14412)),.UNSPECIFIED.,.F.,.F.,.F.,(4,1,1,1,4),(4,4),(
-1.129376487271E-1,2.5E-1,5.E-1,7.5E-1,1.112937648727E0),(6.520358638458E0,
7.142691933436E0),.UNSPECIFIED.);
#14414=ORIENTED_EDGE('',*,*,#14379,.F.);
#14416=ORIENTED_EDGE('',*,*,#14415,.T.);
#14418=ORIENTED_EDGE('',*,*,#14417,.T.);
#14420=ORIENTED_EDGE('',*,*,#14419,.F.);
#14421=EDGE_LOOP('',(#14414,#14416,#14418,#14420));
#14422=FACE_OUTER_BOUND('',#14421,.F.);
#14423=ADVANCED_FACE('',(#14422),#14413,.T.);
#14424=CARTESIAN_POINT('',(6.715021253021E0,-3.681601630438E0,
-3.588651405128E0));
#14425=CARTESIAN_POINT('',(6.714240387516E0,-3.682369937178E0,
-3.797152043781E0));
#14426=CARTESIAN_POINT('',(6.734977084097E0,-3.661966751687E0,
-4.004601533104E0));
#14427=CARTESIAN_POINT('',(6.777231342766E0,-3.620392073967E0,
-4.210999873096E0));
#14428=CARTESIAN_POINT('',(6.715021253021E0,-3.641898135150E0,
-3.588661968774E0));
#14429=CARTESIAN_POINT('',(6.714240387516E0,-3.642518793186E0,
-3.796964961016E0));
#14430=CARTESIAN_POINT('',(6.734977084097E0,-3.626036572778E0,
-4.004414374936E0));
#14431=CARTESIAN_POINT('',(6.777231342766E0,-3.592451473927E0,
-4.211010210532E0));
#14432=CARTESIAN_POINT('',(6.715021253021E0,-3.573030925004E0,
-3.588675046192E0));
#14433=CARTESIAN_POINT('',(6.714240387516E0,-3.573395480793E0,
-3.796733359208E0));
#14434=CARTESIAN_POINT('',(6.734977084097E0,-3.563714322216E0,
-4.004182679780E0));
#14435=CARTESIAN_POINT('',(6.777231342766E0,-3.543987449271E0,
-4.211023007910E0));
#14436=CARTESIAN_POINT('',(6.715021253021E0,-3.475E0,-3.588680606705E0));
#14437=CARTESIAN_POINT('',(6.714240387516E0,-3.475E0,-3.796634882221E0));
#14438=CARTESIAN_POINT('',(6.734977084097E0,-3.475E0,-4.004084163103E0));
#14439=CARTESIAN_POINT('',(6.777231342766E0,-3.475E0,-4.211028449350E0));
#14440=CARTESIAN_POINT('',(6.715021253021E0,-3.376969074996E0,
-3.588675046192E0));
#14441=CARTESIAN_POINT('',(6.714240387516E0,-3.376604519207E0,
-3.796733359208E0));
#14442=CARTESIAN_POINT('',(6.734977084097E0,-3.386285677784E0,
-4.004182679780E0));
#14443=CARTESIAN_POINT('',(6.777231342766E0,-3.406012550729E0,
-4.211023007910E0));
#14444=CARTESIAN_POINT('',(6.715021253021E0,-3.308101864850E0,
-3.588661968774E0));
#14445=CARTESIAN_POINT('',(6.714240387516E0,-3.307481206814E0,
-3.796964961016E0));
#14446=CARTESIAN_POINT('',(6.734977084097E0,-3.323963427222E0,
-4.004414374936E0));
#14447=CARTESIAN_POINT('',(6.777231342766E0,-3.357548526073E0,
-4.211010210532E0));
#14448=CARTESIAN_POINT('',(6.715021253021E0,-3.268398369562E0,
-3.588651405128E0));
#14449=CARTESIAN_POINT('',(6.714240387516E0,-3.267630062822E0,
-3.797152043781E0));
#14450=CARTESIAN_POINT('',(6.734977084097E0,-3.288033248313E0,
-4.004601533104E0));
#14451=CARTESIAN_POINT('',(6.777231342766E0,-3.329607926033E0,
-4.210999873096E0));
#14452=B_SPLINE_SURFACE_WITH_KNOTS('',3,3,((#14424,#14425,#14426,#14427),
(#14428,#14429,#14430,#14431),(#14432,#14433,#14434,#14435),(#14436,#14437,
#14438,#14439),(#14440,#14441,#14442,#14443),(#14444,#14445,#14446,#14447),(
#14448,#14449,#14450,#14451)),.UNSPECIFIED.,.F.,.F.,.F.,(4,1,1,1,4),(4,4),(
-9.035011898166E-2,2.5E-1,5.E-1,7.5E-1,1.090350118982E0),(6.520344668989E0,
7.142691933436E0),.UNSPECIFIED.);
#14453=ORIENTED_EDGE('',*,*,#6724,.F.);
#14455=ORIENTED_EDGE('',*,*,#14454,.T.);
#14457=ORIENTED_EDGE('',*,*,#14456,.T.);
#14458=ORIENTED_EDGE('',*,*,#14415,.F.);
#14459=EDGE_LOOP('',(#14453,#14455,#14457,#14458));
#14460=FACE_OUTER_BOUND('',#14459,.F.);
#14461=ADVANCED_FACE('',(#14460),#14452,.T.);
#14462=CARTESIAN_POINT('',(7.071114058459E0,-3.649982332941E0,
-3.588658947712E0));
#14463=CARTESIAN_POINT('',(7.072070096556E0,-3.650632234620E0,
-3.797276576464E0));
#14464=CARTESIAN_POINT('',(7.046649470993E0,-3.633351639538E0,
-4.004721429401E0));
#14465=CARTESIAN_POINT('',(6.994852181769E0,-3.598140547695E0,
-4.210993506523E0));
#14466=CARTESIAN_POINT('',(7.032405838894E0,-3.649982332941E0,
-3.588675758785E0));
#14467=CARTESIAN_POINT('',(7.033173177961E0,-3.650632234620E0,
-3.796978475845E0));
#14468=CARTESIAN_POINT('',(7.012769975236E0,-3.633351639538E0,
-4.004423215702E0));
#14469=CARTESIAN_POINT('',(6.971196230718E0,-3.598140547695E0,
-4.211009978356E0));
#14470=CARTESIAN_POINT('',(6.967034486075E0,-3.649982332941E0,
-3.588695830628E0));
#14471=CARTESIAN_POINT('',(6.967483145776E0,-3.650632234620E0,
-3.796622553967E0));
#14472=CARTESIAN_POINT('',(6.955553484905E0,-3.633351639538E0,
-4.004067158810E0));
#14473=CARTESIAN_POINT('',(6.931245503462E0,-3.598140547695E0,
-4.211029645157E0));
#14474=CARTESIAN_POINT('',(6.875E0,-3.649982332941E0,-3.588704065939E0));
#14475=CARTESIAN_POINT('',(6.875E0,-3.650632234620E0,-3.796476522150E0));
#14476=CARTESIAN_POINT('',(6.875E0,-3.633351639538E0,-4.003921071598E0));
#14477=CARTESIAN_POINT('',(6.875E0,-3.598140547695E0,-4.211037714284E0));
#14478=CARTESIAN_POINT('',(6.782965513925E0,-3.649982332941E0,
-3.588695830628E0));
#14479=CARTESIAN_POINT('',(6.782516854224E0,-3.650632234620E0,
-3.796622553967E0));
#14480=CARTESIAN_POINT('',(6.794446515095E0,-3.633351639538E0,
-4.004067158810E0));
#14481=CARTESIAN_POINT('',(6.818754496538E0,-3.598140547695E0,
-4.211029645157E0));
#14482=CARTESIAN_POINT('',(6.717594161106E0,-3.649982332941E0,
-3.588675758785E0));
#14483=CARTESIAN_POINT('',(6.716826822039E0,-3.650632234620E0,
-3.796978475845E0));
#14484=CARTESIAN_POINT('',(6.737230024764E0,-3.633351639538E0,
-4.004423215702E0));
#14485=CARTESIAN_POINT('',(6.778803769282E0,-3.598140547695E0,
-4.211009978356E0));
#14486=CARTESIAN_POINT('',(6.678885941541E0,-3.649982332941E0,
-3.588658947712E0));
#14487=CARTESIAN_POINT('',(6.677929903444E0,-3.650632234620E0,
-3.797276576464E0));
#14488=CARTESIAN_POINT('',(6.703350529007E0,-3.633351639538E0,
-4.004721429401E0));
#14489=CARTESIAN_POINT('',(6.755147818231E0,-3.598140547695E0,
-4.210993506523E0));
#14490=B_SPLINE_SURFACE_WITH_KNOTS('',3,3,((#14462,#14463,#14464,#14465),
(#14466,#14467,#14468,#14469),(#14470,#14471,#14472,#14473),(#14474,#14475,
#14476,#14477),(#14478,#14479,#14480,#14481),(#14482,#14483,#14484,#14485),(
#14486,#14487,#14488,#14489)),.UNSPECIFIED.,.F.,.F.,.F.,(4,1,1,1,4),(4,4),(
-1.129376487271E-1,2.5E-1,5.E-1,7.5E-1,1.112937648727E0),(6.520358638458E0,
7.142691933436E0),.UNSPECIFIED.);
#14492=ORIENTED_EDGE('',*,*,#14491,.F.);
#14494=ORIENTED_EDGE('',*,*,#14493,.T.);
#14496=ORIENTED_EDGE('',*,*,#14495,.T.);
#14497=ORIENTED_EDGE('',*,*,#14454,.F.);
#14498=EDGE_LOOP('',(#14492,#14494,#14496,#14497));
#14499=FACE_OUTER_BOUND('',#14498,.F.);
#14500=ADVANCED_FACE('',(#14499),#14490,.T.);
#14501=CARTESIAN_POINT('',(6.875E0,-3.65E0,-2.4375E0));
#14502=DIRECTION('',(0.E0,1.E0,0.E0));
#14503=DIRECTION('',(1.E0,0.E0,0.E0));
#14504=AXIS2_PLACEMENT_3D('',#14501,#14502,#14503);
#14505=PLANE('',#14504);
#14507=ORIENTED_EDGE('',*,*,#14506,.F.);
#14508=ORIENTED_EDGE('',*,*,#6773,.T.);
#14509=ORIENTED_EDGE('',*,*,#14491,.T.);
#14510=ORIENTED_EDGE('',*,*,#6722,.F.);
#14511=EDGE_LOOP('',(#14507,#14508,#14509,#14510));
#14512=FACE_OUTER_BOUND('',#14511,.F.);
#14513=ADVANCED_FACE('',(#14512),#14505,.F.);
#14514=CARTESIAN_POINT('',(6.875E0,-2.675E0,-1.275E0));
#14515=DIRECTION('',(1.E0,0.E0,0.E0));
#14516=DIRECTION('',(0.E0,0.E0,1.E0));
#14517=AXIS2_PLACEMENT_3D('',#14514,#14515,#14516);
#14518=CYLINDRICAL_SURFACE('',#14517,9.75E-1);
#14519=ORIENTED_EDGE('',*,*,#6775,.T.);
#14520=ORIENTED_EDGE('',*,*,#14506,.T.);
#14521=ORIENTED_EDGE('',*,*,#6720,.F.);
#14522=ORIENTED_EDGE('',*,*,#7367,.T.);
#14523=EDGE_LOOP('',(#14519,#14520,#14521,#14522));
#14524=FACE_OUTER_BOUND('',#14523,.F.);
#14525=ADVANCED_FACE('',(#14524),#14518,.T.);
#14526=CARTESIAN_POINT('',(7.034978746979E0,-3.268398369562E0,
-3.588651405128E0));
#14527=CARTESIAN_POINT('',(7.035759612484E0,-3.267630062822E0,
-3.797152043781E0));
#14528=CARTESIAN_POINT('',(7.015022915903E0,-3.288033248313E0,
-4.004601533104E0));
#14529=CARTESIAN_POINT('',(6.972768657234E0,-3.329607926033E0,
-4.210999873096E0));
#14530=CARTESIAN_POINT('',(7.034978746979E0,-3.308101864850E0,
-3.588661968774E0));
#14531=CARTESIAN_POINT('',(7.035759612484E0,-3.307481206814E0,
-3.796964961016E0));
#14532=CARTESIAN_POINT('',(7.015022915903E0,-3.323963427222E0,
-4.004414374936E0));
#14533=CARTESIAN_POINT('',(6.972768657234E0,-3.357548526073E0,
-4.211010210532E0));
#14534=CARTESIAN_POINT('',(7.034978746979E0,-3.376969074996E0,
-3.588675046192E0));
#14535=CARTESIAN_POINT('',(7.035759612484E0,-3.376604519207E0,
-3.796733359208E0));
#14536=CARTESIAN_POINT('',(7.015022915903E0,-3.386285677784E0,
-4.004182679780E0));
#14537=CARTESIAN_POINT('',(6.972768657234E0,-3.406012550729E0,
-4.211023007910E0));
#14538=CARTESIAN_POINT('',(7.034978746979E0,-3.475E0,-3.588680606705E0));
#14539=CARTESIAN_POINT('',(7.035759612484E0,-3.475E0,-3.796634882221E0));
#14540=CARTESIAN_POINT('',(7.015022915903E0,-3.475E0,-4.004084163103E0));
#14541=CARTESIAN_POINT('',(6.972768657234E0,-3.475E0,-4.211028449350E0));
#14542=CARTESIAN_POINT('',(7.034978746979E0,-3.573030925004E0,
-3.588675046192E0));
#14543=CARTESIAN_POINT('',(7.035759612484E0,-3.573395480793E0,
-3.796733359208E0));
#14544=CARTESIAN_POINT('',(7.015022915903E0,-3.563714322216E0,
-4.004182679780E0));
#14545=CARTESIAN_POINT('',(6.972768657234E0,-3.543987449271E0,
-4.211023007910E0));
#14546=CARTESIAN_POINT('',(7.034978746979E0,-3.641898135150E0,
-3.588661968774E0));
#14547=CARTESIAN_POINT('',(7.035759612484E0,-3.642518793186E0,
-3.796964961016E0));
#14548=CARTESIAN_POINT('',(7.015022915903E0,-3.626036572778E0,
-4.004414374936E0));
#14549=CARTESIAN_POINT('',(6.972768657234E0,-3.592451473927E0,
-4.211010210532E0));
#14550=CARTESIAN_POINT('',(7.034978746979E0,-3.681601630438E0,
-3.588651405128E0));
#14551=CARTESIAN_POINT('',(7.035759612484E0,-3.682369937178E0,
-3.797152043781E0));
#14552=CARTESIAN_POINT('',(7.015022915903E0,-3.661966751687E0,
-4.004601533104E0));
#14553=CARTESIAN_POINT('',(6.972768657234E0,-3.620392073967E0,
-4.210999873096E0));
#14554=B_SPLINE_SURFACE_WITH_KNOTS('',3,3,((#14526,#14527,#14528,#14529),
(#14530,#14531,#14532,#14533),(#14534,#14535,#14536,#14537),(#14538,#14539,
#14540,#14541),(#14542,#14543,#14544,#14545),(#14546,#14547,#14548,#14549),(
#14550,#14551,#14552,#14553)),.UNSPECIFIED.,.F.,.F.,.F.,(4,1,1,1,4),(4,4),(
-9.035011898166E-2,2.5E-1,5.E-1,7.5E-1,1.090350118982E0),(6.520344668989E0,
7.142691933436E0),.UNSPECIFIED.);
#14555=ORIENTED_EDGE('',*,*,#6771,.F.);
#14556=ORIENTED_EDGE('',*,*,#14419,.T.);
#14558=ORIENTED_EDGE('',*,*,#14557,.T.);
#14559=ORIENTED_EDGE('',*,*,#14493,.F.);
#14560=EDGE_LOOP('',(#14555,#14556,#14558,#14559));
#14561=FACE_OUTER_BOUND('',#14560,.F.);
#14562=ADVANCED_FACE('',(#14561),#14554,.T.);
#14563=CARTESIAN_POINT('',(6.875E0,-3.475E0,-4.2E0));
#14564=DIRECTION('',(0.E0,0.E0,-1.E0));
#14565=DIRECTION('',(0.E0,1.E0,0.E0));
#14566=AXIS2_PLACEMENT_3D('',#14563,#14564,#14565);
#14567=PLANE('',#14566);
#14568=ORIENTED_EDGE('',*,*,#14495,.F.);
#14569=ORIENTED_EDGE('',*,*,#14557,.F.);
#14570=ORIENTED_EDGE('',*,*,#14417,.F.);
#14571=ORIENTED_EDGE('',*,*,#14456,.F.);
#14572=EDGE_LOOP('',(#14568,#14569,#14570,#14571));
#14573=FACE_OUTER_BOUND('',#14572,.F.);
#14574=ADVANCED_FACE('',(#14573),#14567,.T.);
#14575=CARTESIAN_POINT('',(7.1E0,-3.675E0,-1.6E0));
#14576=DIRECTION('',(8.320502943378E-1,5.547001962252E-1,0.E0));
#14577=DIRECTION('',(5.547001962252E-1,-8.320502943378E-1,0.E0));
#14578=AXIS2_PLACEMENT_3D('',#14575,#14576,#14577);
#14579=PLANE('',#14578);
#14580=ORIENTED_EDGE('',*,*,#6975,.T.);
#14581=ORIENTED_EDGE('',*,*,#8273,.T.);
#14582=ORIENTED_EDGE('',*,*,#8858,.F.);
#14583=ORIENTED_EDGE('',*,*,#6956,.T.);
#14584=EDGE_LOOP('',(#14580,#14581,#14582,#14583));
#14585=FACE_OUTER_BOUND('',#14584,.F.);
#14586=ADVANCED_FACE('',(#14585),#14579,.F.);
#14587=CLOSED_SHELL('',(#5796,#5812,#5827,#5842,#5868,#5883,#5899,#5913,#6039,
#6053,#6076,#6094,#6109,#6126,#6140,#6154,#6171,#6191,#6205,#6221,#6237,#6253,
#6289,#6304,#6319,#6337,#6352,#6366,#6378,#6391,#6405,#6439,#6454,#6472,#6487,
#6499,#6512,#6526,#6667,#6679,#6694,#6708,#6732,#6746,#6759,#6783,#6822,#6837,
#6874,#6911,#6947,#6962,#6980,#7003,#7027,#7051,#7075,#7099,#7123,#7147,#7171,
#7195,#7219,#7239,#7263,#7453,#7465,#7479,#7493,#7506,#7518,#7532,#7546,#7559,
#7571,#7585,#7599,#7612,#7624,#7638,#7652,#7665,#7677,#7691,#7705,#7718,#7730,
#7744,#7758,#7771,#7783,#7797,#7811,#7824,#7836,#7850,#7864,#7877,#7889,#7903,
#7917,#7930,#7942,#7956,#7970,#7983,#7995,#8009,#8023,#8036,#8048,#8062,#8076,
#8089,#8101,#8113,#8132,#8145,#8157,#8175,#8189,#8204,#8219,#8234,#8249,#8264,
#8278,#8293,#8308,#8323,#8338,#8353,#8368,#8382,#8396,#8411,#8432,#8446,#8460,
#8482,#8495,#8534,#8549,#8586,#8623,#8659,#8673,#8686,#8889,#8903,#8916,#8929,
#8941,#8955,#8968,#8981,#8993,#9006,#9045,#9083,#9122,#9135,#9147,#9184,#9196,
#9209,#9222,#9237,#9257,#9271,#9285,#9306,#9319,#9358,#9373,#9410,#9447,#9483,
#9496,#9508,#9521,#9560,#9598,#9637,#9650,#9662,#9699,#9711,#9724,#9737,#9752,
#9772,#9786,#9800,#9821,#9834,#9873,#9888,#9925,#9962,#9998,#10011,#10023,
#10036,#10075,#10113,#10152,#10165,#10177,#10214,#10226,#10239,#10252,#10267,
#10287,#10301,#10315,#10336,#10349,#10388,#10403,#10440,#10477,#10513,#10526,
#10538,#10551,#10590,#10628,#10667,#10680,#10692,#10729,#10741,#10754,#10767,
#10782,#10802,#10816,#10830,#10851,#10864,#10903,#10918,#10955,#10992,#11028,
#11041,#11080,#11118,#11157,#11170,#11182,#11219,#11231,#11244,#11256,#11269,
#11282,#11297,#11317,#11331,#11345,#11366,#11379,#11418,#11433,#11470,#11507,
#11543,#11556,#11568,#11581,#11620,#11658,#11697,#11710,#11722,#11759,#11771,
#11784,#11797,#11812,#11832,#11846,#11860,#11881,#11894,#11933,#11948,#11985,
#12022,#12058,#12071,#12083,#12096,#12135,#12173,#12212,#12225,#12237,#12274,
#12286,#12299,#12312,#12327,#12347,#12361,#12375,#12396,#12409,#12448,#12463,
#12500,#12537,#12573,#12586,#12598,#12611,#12650,#12688,#12727,#12740,#12752,
#12789,#12801,#12814,#12827,#12842,#12862,#12876,#12890,#12911,#12924,#12963,
#12978,#13015,#13052,#13088,#13101,#13113,#13126,#13165,#13203,#13242,#13255,
#13267,#13304,#13316,#13329,#13342,#13357,#13377,#13391,#13405,#13426,#13439,
#13478,#13493,#13530,#13567,#13603,#13616,#13628,#13641,#13680,#13718,#13757,
#13770,#13782,#13819,#13831,#13844,#13857,#13872,#13892,#13906,#13920,#13941,
#13954,#13993,#14008,#14045,#14082,#14118,#14131,#14143,#14156,#14195,#14233,
#14272,#14285,#14297,#14334,#14346,#14359,#14371,#14384,#14423,#14461,#14500,
#14513,#14525,#14562,#14574,#14586));
#14588=MANIFOLD_SOLID_BREP('',#14587);
#14589=CARTESIAN_POINT('',(0.E0,-1.775E0,-1.5E-1));
#14590=DIRECTION('',(0.E0,1.E0,0.E0));
#14591=DIRECTION('',(1.E0,0.E0,0.E0));
#14592=AXIS2_PLACEMENT_3D('CSYS',#14589,#14590,#14591);
#14593=CARTESIAN_POINT('',(6.875E0,-3.475E0,-1.9E0));
#14594=DIRECTION('',(0.E0,0.E0,-1.E0));
#14595=DIRECTION('',(1.E0,0.E0,0.E0));
#14596=AXIS2_PLACEMENT_3D('',#14593,#14594,#14595);
#14600=CARTESIAN_POINT('',(6.875E0,-3.475E0,-1.9E0));
#14601=DIRECTION('',(0.E0,0.E0,-1.E0));
#14602=DIRECTION('',(-1.E0,0.E0,0.E0));
#14603=AXIS2_PLACEMENT_3D('',#14600,#14601,#14602);
#14609=CARTESIAN_POINT('',(5.625E0,-3.475E0,-1.9E0));
#14610=DIRECTION('',(0.E0,0.E0,-1.E0));
#14611=DIRECTION('',(1.E0,0.E0,0.E0));
#14612=AXIS2_PLACEMENT_3D('',#14609,#14610,#14611);
#14616=CARTESIAN_POINT('',(5.625E0,-3.475E0,-1.9E0));
#14617=DIRECTION('',(0.E0,0.E0,-1.E0));
#14618=DIRECTION('',(-1.E0,0.E0,0.E0));
#14619=AXIS2_PLACEMENT_3D('',#14616,#14617,#14618);
#14624=CARTESIAN_POINT('',(4.375E0,-3.475E0,-1.9E0));
#14625=DIRECTION('',(0.E0,0.E0,-1.E0));
#14626=DIRECTION('',(1.E0,0.E0,0.E0));
#14627=AXIS2_PLACEMENT_3D('',#14624,#14625,#14626);
#14631=CARTESIAN_POINT('',(4.375E0,-3.475E0,-1.9E0));
#14632=DIRECTION('',(0.E0,0.E0,-1.E0));
#14633=DIRECTION('',(-1.E0,0.E0,0.E0));
#14634=AXIS2_PLACEMENT_3D('',#14631,#14632,#14633);
#14639=CARTESIAN_POINT('',(3.125E0,-3.475E0,-1.9E0));
#14640=DIRECTION('',(0.E0,0.E0,-1.E0));
#14641=DIRECTION('',(1.E0,0.E0,0.E0));
#14642=AXIS2_PLACEMENT_3D('',#14639,#14640,#14641);
#14646=CARTESIAN_POINT('',(3.125E0,-3.475E0,-1.9E0));
#14647=DIRECTION('',(0.E0,0.E0,-1.E0));
#14648=DIRECTION('',(-1.E0,0.E0,0.E0));
#14649=AXIS2_PLACEMENT_3D('',#14646,#14647,#14648);
#14654=CARTESIAN_POINT('',(1.875E0,-3.475E0,-1.9E0));
#14655=DIRECTION('',(0.E0,0.E0,-1.E0));
#14656=DIRECTION('',(1.E0,0.E0,0.E0));
#14657=AXIS2_PLACEMENT_3D('',#14654,#14655,#14656);
#14661=CARTESIAN_POINT('',(1.875E0,-3.475E0,-1.9E0));
#14662=DIRECTION('',(0.E0,0.E0,-1.E0));
#14663=DIRECTION('',(-1.E0,0.E0,0.E0));
#14664=AXIS2_PLACEMENT_3D('',#14661,#14662,#14663);
#14669=CARTESIAN_POINT('',(6.25E-1,-3.475E0,-1.9E0));
#14670=DIRECTION('',(0.E0,0.E0,-1.E0));
#14671=DIRECTION('',(1.E0,0.E0,0.E0));
#14672=AXIS2_PLACEMENT_3D('',#14669,#14670,#14671);
#14676=CARTESIAN_POINT('',(6.25E-1,-3.475E0,-1.9E0));
#14677=DIRECTION('',(0.E0,0.E0,-1.E0));
#14678=DIRECTION('',(-1.E0,0.E0,0.E0));
#14679=AXIS2_PLACEMENT_3D('',#14676,#14677,#14678);
#14684=CARTESIAN_POINT('',(-6.25E-1,-3.475E0,-1.9E0));
#14685=DIRECTION('',(0.E0,0.E0,-1.E0));
#14686=DIRECTION('',(1.E0,0.E0,0.E0));
#14687=AXIS2_PLACEMENT_3D('',#14684,#14685,#14686);
#14691=CARTESIAN_POINT('',(-6.25E-1,-3.475E0,-1.9E0));
#14692=DIRECTION('',(0.E0,0.E0,-1.E0));
#14693=DIRECTION('',(-1.E0,0.E0,0.E0));
#14694=AXIS2_PLACEMENT_3D('',#14691,#14692,#14693);
#14699=CARTESIAN_POINT('',(-1.875E0,-3.475E0,-1.9E0));
#14700=DIRECTION('',(0.E0,0.E0,-1.E0));
#14701=DIRECTION('',(1.E0,0.E0,0.E0));
#14702=AXIS2_PLACEMENT_3D('',#14699,#14700,#14701);
#14706=CARTESIAN_POINT('',(-1.875E0,-3.475E0,-1.9E0));
#14707=DIRECTION('',(0.E0,0.E0,-1.E0));
#14708=DIRECTION('',(-1.E0,0.E0,0.E0));
#14709=AXIS2_PLACEMENT_3D('',#14706,#14707,#14708);
#14714=CARTESIAN_POINT('',(-3.125E0,-3.475E0,-1.9E0));
#14715=DIRECTION('',(0.E0,0.E0,-1.E0));
#14716=DIRECTION('',(1.E0,0.E0,0.E0));
#14717=AXIS2_PLACEMENT_3D('',#14714,#14715,#14716);
#14721=CARTESIAN_POINT('',(-3.125E0,-3.475E0,-1.9E0));
#14722=DIRECTION('',(0.E0,0.E0,-1.E0));
#14723=DIRECTION('',(-1.E0,0.E0,0.E0));
#14724=AXIS2_PLACEMENT_3D('',#14721,#14722,#14723);
#14729=CARTESIAN_POINT('',(-4.375E0,-3.475E0,-1.9E0));
#14730=DIRECTION('',(0.E0,0.E0,-1.E0));
#14731=DIRECTION('',(1.E0,0.E0,0.E0));
#14732=AXIS2_PLACEMENT_3D('',#14729,#14730,#14731);
#14736=CARTESIAN_POINT('',(-4.375E0,-3.475E0,-1.9E0));
#14737=DIRECTION('',(0.E0,0.E0,-1.E0));
#14738=DIRECTION('',(-1.E0,0.E0,0.E0));
#14739=AXIS2_PLACEMENT_3D('',#14736,#14737,#14738);
#14744=CARTESIAN_POINT('',(-5.625E0,-3.475E0,-1.9E0));
#14745=DIRECTION('',(0.E0,0.E0,-1.E0));
#14746=DIRECTION('',(1.E0,0.E0,0.E0));
#14747=AXIS2_PLACEMENT_3D('',#14744,#14745,#14746);
#14751=CARTESIAN_POINT('',(-5.625E0,-3.475E0,-1.9E0));
#14752=DIRECTION('',(0.E0,0.E0,-1.E0));
#14753=DIRECTION('',(-1.E0,0.E0,0.E0));
#14754=AXIS2_PLACEMENT_3D('',#14751,#14752,#14753);
#14759=CARTESIAN_POINT('',(-6.875E0,-3.475E0,-1.9E0));
#14760=DIRECTION('',(0.E0,0.E0,-1.E0));
#14761=DIRECTION('',(1.E0,0.E0,0.E0));
#14762=AXIS2_PLACEMENT_3D('',#14759,#14760,#14761);
#14766=CARTESIAN_POINT('',(-6.875E0,-3.475E0,-1.9E0));
#14767=DIRECTION('',(0.E0,0.E0,-1.E0));
#14768=DIRECTION('',(-1.E0,0.E0,0.E0));
#14769=AXIS2_PLACEMENT_3D('',#14766,#14767,#14768);
#14775=DIMENSIONAL_EXPONENTS(0.E0,0.E0,0.E0,0.E0,0.E0,0.E0,0.E0);
#14777=PLANE_ANGLE_MEASURE_WITH_UNIT(PLANE_ANGLE_MEASURE(1.745329251994E-2),
#14776);
#14778=(CONVERSION_BASED_UNIT('DEGREE',#14777)NAMED_UNIT(*)PLANE_ANGLE_UNIT());
#14780=UNCERTAINTY_MEASURE_WITH_UNIT(LENGTH_MEASURE(1.882218853685E-3),#14774,
'closure',
'Maximum model space distance between geometric entities at asserted connectivities');
#14781=(GEOMETRIC_REPRESENTATION_CONTEXT(3)GLOBAL_UNCERTAINTY_ASSIGNED_CONTEXT((
#14780))GLOBAL_UNIT_ASSIGNED_CONTEXT((#14774,#14778,#14779))REPRESENTATION_CONTEXT('ID1','3'));
#14608=GEOMETRIC_SET('',(#14607,#14623,#14638,#14653,#14668,#14683,#14698,
#14713,#14728,#14743,#14758,#14773));
#14785=SHAPE_REPRESENTATION_RELATIONSHIP('','',#14784,#14782);
#14786=SHAPE_REPRESENTATION_RELATIONSHIP('','',#14784,#14783);
#14787=APPLICATION_CONTEXT(
'CONFIGURATION CONTROLLED 3D DESIGNS OF MECHANICAL PARTS AND ASSEMBLIES');
#14788=APPLICATION_PROTOCOL_DEFINITION('international standard',
'config_control_design',1994,#14787);
#14789=DESIGN_CONTEXT('',#14787,'design');
#14790=MECHANICAL_CONTEXT('',#14787,'mechanical');
#14791=PRODUCT('530481210','530481210','NOT SPECIFIED',(#14790));
#14792=PRODUCT_DEFINITION_FORMATION_WITH_SPECIFIED_SOURCE('6','LAST_VERSION',
#14791,.MADE.);
#14796=PRODUCT_CATEGORY('part','');
#14797=PRODUCT_RELATED_PRODUCT_CATEGORY('detail','',(#14791));
#14798=PRODUCT_CATEGORY_RELATIONSHIP('','',#14796,#14797);
#14799=SECURITY_CLASSIFICATION_LEVEL('unclassified');
#14800=SECURITY_CLASSIFICATION('','',#14799);
#14801=CC_DESIGN_SECURITY_CLASSIFICATION(#14800,(#14792));
#14802=APPROVAL_STATUS('approved');
#14803=APPROVAL(#14802,'');
#14804=CC_DESIGN_APPROVAL(#14803,(#14800,#14792,#14793));
#14805=CALENDAR_DATE(119,30,4);
#14806=COORDINATED_UNIVERSAL_TIME_OFFSET(5,30,.AHEAD.);
#14807=LOCAL_TIME(16,56,5.1E1,#14806);
#14808=DATE_AND_TIME(#14805,#14807);
#14809=APPROVAL_DATE_TIME(#14808,#14803);
#14810=DATE_TIME_ROLE('creation_date');
#14811=CC_DESIGN_DATE_AND_TIME_ASSIGNMENT(#14808,#14810,(#14793));
#14812=DATE_TIME_ROLE('classification_date');
#14813=CC_DESIGN_DATE_AND_TIME_ASSIGNMENT(#14808,#14812,(#14800));
#14814=PERSON('UNSPECIFIED','UNSPECIFIED',$,$,$,$);
#14815=ORGANIZATION('UNSPECIFIED','UNSPECIFIED','UNSPECIFIED');
#14816=PERSON_AND_ORGANIZATION(#14814,#14815);
#14817=APPROVAL_ROLE('approver');
#14818=APPROVAL_PERSON_ORGANIZATION(#14816,#14803,#14817);
#14819=PERSON_AND_ORGANIZATION_ROLE('creator');
#14820=CC_DESIGN_PERSON_AND_ORGANIZATION_ASSIGNMENT(#14816,#14819,(#14792,
#14793));
#14821=PERSON_AND_ORGANIZATION_ROLE('design_supplier');
#14822=CC_DESIGN_PERSON_AND_ORGANIZATION_ASSIGNMENT(#14816,#14821,(#14792));
#14823=PERSON_AND_ORGANIZATION_ROLE('classification_officer');
#14824=CC_DESIGN_PERSON_AND_ORGANIZATION_ASSIGNMENT(#14816,#14823,(#14800));
#14825=PERSON_AND_ORGANIZATION_ROLE('design_owner');
#14826=CC_DESIGN_PERSON_AND_ORGANIZATION_ASSIGNMENT(#14816,#14825,(#14791));
#837=CIRCLE('',#836,9.75E-1);
#866=B_SPLINE_CURVE_WITH_KNOTS('',3,(#862,#863,#864,#865),.UNSPECIFIED.,.F.,.F.,
(4,4),(0.E0,1.E0),.UNSPECIFIED.);
#887=B_SPLINE_CURVE_WITH_KNOTS('',3,(#883,#884,#885,#886),.UNSPECIFIED.,.F.,.F.,
(4,4),(0.E0,1.E0),.UNSPECIFIED.);
#892=B_SPLINE_CURVE_WITH_KNOTS('',3,(#888,#889,#890,#891),.UNSPECIFIED.,.F.,.F.,
(4,4),(0.E0,1.E0),.UNSPECIFIED.);
#897=B_SPLINE_CURVE_WITH_KNOTS('',3,(#893,#894,#895,#896),.UNSPECIFIED.,.F.,.F.,
(4,4),(0.E0,1.E0),.UNSPECIFIED.);
#1894=CIRCLE('',#1893,9.75E-1);
#1931=B_SPLINE_CURVE_WITH_KNOTS('',3,(#1927,#1928,#1929,#1930),.UNSPECIFIED.,
.F.,.F.,(4,4),(0.E0,1.E0),.UNSPECIFIED.);
#1952=B_SPLINE_CURVE_WITH_KNOTS('',3,(#1948,#1949,#1950,#1951),.UNSPECIFIED.,
.F.,.F.,(4,4),(0.E0,1.E0),.UNSPECIFIED.);
#1957=B_SPLINE_CURVE_WITH_KNOTS('',3,(#1953,#1954,#1955,#1956),.UNSPECIFIED.,
.F.,.F.,(4,4),(0.E0,1.E0),.UNSPECIFIED.);
#1962=B_SPLINE_CURVE_WITH_KNOTS('',3,(#1958,#1959,#1960,#1961),.UNSPECIFIED.,
.F.,.F.,(4,4),(0.E0,1.E0),.UNSPECIFIED.);
#2447=B_SPLINE_CURVE_WITH_KNOTS('',3,(#2443,#2444,#2445,#2446),.UNSPECIFIED.,
.F.,.F.,(4,4),(0.E0,1.E0),.UNSPECIFIED.);
#2456=B_SPLINE_CURVE_WITH_KNOTS('',3,(#2452,#2453,#2454,#2455),.UNSPECIFIED.,
.F.,.F.,(4,4),(0.E0,1.E0),.UNSPECIFIED.);
#2465=B_SPLINE_CURVE_WITH_KNOTS('',3,(#2461,#2462,#2463,#2464),.UNSPECIFIED.,
.F.,.F.,(4,4),(0.E0,1.E0),.UNSPECIFIED.);
#2478=CIRCLE('',#2477,9.75E-1);
#2487=B_SPLINE_CURVE_WITH_KNOTS('',3,(#2483,#2484,#2485,#2486),.UNSPECIFIED.,
.F.,.F.,(4,4),(0.E0,1.E0),.UNSPECIFIED.);
#2532=CIRCLE('',#2531,9.75E-1);
#2569=B_SPLINE_CURVE_WITH_KNOTS('',3,(#2565,#2566,#2567,#2568),.UNSPECIFIED.,
.F.,.F.,(4,4),(0.E0,1.E0),.UNSPECIFIED.);
#2590=B_SPLINE_CURVE_WITH_KNOTS('',3,(#2586,#2587,#2588,#2589),.UNSPECIFIED.,
.F.,.F.,(4,4),(0.E0,1.E0),.UNSPECIFIED.);
#2595=B_SPLINE_CURVE_WITH_KNOTS('',3,(#2591,#2592,#2593,#2594),.UNSPECIFIED.,
.F.,.F.,(4,4),(0.E0,1.E0),.UNSPECIFIED.);
#2600=B_SPLINE_CURVE_WITH_KNOTS('',3,(#2596,#2597,#2598,#2599),.UNSPECIFIED.,
.F.,.F.,(4,4),(0.E0,1.E0),.UNSPECIFIED.);
#2629=B_SPLINE_CURVE_WITH_KNOTS('',3,(#2625,#2626,#2627,#2628),.UNSPECIFIED.,
.F.,.F.,(4,4),(0.E0,1.E0),.UNSPECIFIED.);
#2638=B_SPLINE_CURVE_WITH_KNOTS('',3,(#2634,#2635,#2636,#2637),.UNSPECIFIED.,
.F.,.F.,(4,4),(0.E0,1.E0),.UNSPECIFIED.);
#2647=B_SPLINE_CURVE_WITH_KNOTS('',3,(#2643,#2644,#2645,#2646),.UNSPECIFIED.,
.F.,.F.,(4,4),(0.E0,1.E0),.UNSPECIFIED.);
#2660=CIRCLE('',#2659,9.75E-1);
#2669=B_SPLINE_CURVE_WITH_KNOTS('',3,(#2665,#2666,#2667,#2668),.UNSPECIFIED.,
.F.,.F.,(4,4),(0.E0,1.E0),.UNSPECIFIED.);
#2714=CIRCLE('',#2713,9.75E-1);
#2751=B_SPLINE_CURVE_WITH_KNOTS('',3,(#2747,#2748,#2749,#2750),.UNSPECIFIED.,
.F.,.F.,(4,4),(0.E0,1.E0),.UNSPECIFIED.);
#2772=B_SPLINE_CURVE_WITH_KNOTS('',3,(#2768,#2769,#2770,#2771),.UNSPECIFIED.,
.F.,.F.,(4,4),(0.E0,1.E0),.UNSPECIFIED.);
#2777=B_SPLINE_CURVE_WITH_KNOTS('',3,(#2773,#2774,#2775,#2776),.UNSPECIFIED.,
.F.,.F.,(4,4),(0.E0,1.E0),.UNSPECIFIED.);
#2782=B_SPLINE_CURVE_WITH_KNOTS('',3,(#2778,#2779,#2780,#2781),.UNSPECIFIED.,
.F.,.F.,(4,4),(0.E0,1.E0),.UNSPECIFIED.);
#2811=B_SPLINE_CURVE_WITH_KNOTS('',3,(#2807,#2808,#2809,#2810),.UNSPECIFIED.,
.F.,.F.,(4,4),(0.E0,1.E0),.UNSPECIFIED.);
#2820=B_SPLINE_CURVE_WITH_KNOTS('',3,(#2816,#2817,#2818,#2819),.UNSPECIFIED.,
.F.,.F.,(4,4),(0.E0,1.E0),.UNSPECIFIED.);
#2829=B_SPLINE_CURVE_WITH_KNOTS('',3,(#2825,#2826,#2827,#2828),.UNSPECIFIED.,
.F.,.F.,(4,4),(0.E0,1.E0),.UNSPECIFIED.);
#2842=CIRCLE('',#2841,9.75E-1);
#2851=B_SPLINE_CURVE_WITH_KNOTS('',3,(#2847,#2848,#2849,#2850),.UNSPECIFIED.,
.F.,.F.,(4,4),(0.E0,1.E0),.UNSPECIFIED.);
#2896=CIRCLE('',#2895,9.75E-1);
#2933=B_SPLINE_CURVE_WITH_KNOTS('',3,(#2929,#2930,#2931,#2932),.UNSPECIFIED.,
.F.,.F.,(4,4),(0.E0,1.E0),.UNSPECIFIED.);
#2954=B_SPLINE_CURVE_WITH_KNOTS('',3,(#2950,#2951,#2952,#2953),.UNSPECIFIED.,
.F.,.F.,(4,4),(0.E0,1.E0),.UNSPECIFIED.);
#2959=B_SPLINE_CURVE_WITH_KNOTS('',3,(#2955,#2956,#2957,#2958),.UNSPECIFIED.,
.F.,.F.,(4,4),(0.E0,1.E0),.UNSPECIFIED.);
#2964=B_SPLINE_CURVE_WITH_KNOTS('',3,(#2960,#2961,#2962,#2963),.UNSPECIFIED.,
.F.,.F.,(4,4),(0.E0,1.E0),.UNSPECIFIED.);
#2993=B_SPLINE_CURVE_WITH_KNOTS('',3,(#2989,#2990,#2991,#2992),.UNSPECIFIED.,
.F.,.F.,(4,4),(0.E0,1.E0),.UNSPECIFIED.);
#3002=B_SPLINE_CURVE_WITH_KNOTS('',3,(#2998,#2999,#3000,#3001),.UNSPECIFIED.,
.F.,.F.,(4,4),(0.E0,1.E0),.UNSPECIFIED.);
#3011=B_SPLINE_CURVE_WITH_KNOTS('',3,(#3007,#3008,#3009,#3010),.UNSPECIFIED.,
.F.,.F.,(4,4),(0.E0,1.E0),.UNSPECIFIED.);
#3024=CIRCLE('',#3023,9.75E-1);
#3033=B_SPLINE_CURVE_WITH_KNOTS('',3,(#3029,#3030,#3031,#3032),.UNSPECIFIED.,
.F.,.F.,(4,4),(0.E0,1.E0),.UNSPECIFIED.);
#3078=CIRCLE('',#3077,9.75E-1);
#3115=B_SPLINE_CURVE_WITH_KNOTS('',3,(#3111,#3112,#3113,#3114),.UNSPECIFIED.,
.F.,.F.,(4,4),(0.E0,1.E0),.UNSPECIFIED.);
#3136=B_SPLINE_CURVE_WITH_KNOTS('',3,(#3132,#3133,#3134,#3135),.UNSPECIFIED.,
.F.,.F.,(4,4),(0.E0,1.E0),.UNSPECIFIED.);
#3141=B_SPLINE_CURVE_WITH_KNOTS('',3,(#3137,#3138,#3139,#3140),.UNSPECIFIED.,
.F.,.F.,(4,4),(0.E0,1.E0),.UNSPECIFIED.);
#3146=B_SPLINE_CURVE_WITH_KNOTS('',3,(#3142,#3143,#3144,#3145),.UNSPECIFIED.,
.F.,.F.,(4,4),(0.E0,1.E0),.UNSPECIFIED.);
#3159=B_SPLINE_CURVE_WITH_KNOTS('',3,(#3155,#3156,#3157,#3158),.UNSPECIFIED.,
.F.,.F.,(4,4),(0.E0,1.E0),.UNSPECIFIED.);
#3168=B_SPLINE_CURVE_WITH_KNOTS('',3,(#3164,#3165,#3166,#3167),.UNSPECIFIED.,
.F.,.F.,(4,4),(0.E0,1.E0),.UNSPECIFIED.);
#3177=B_SPLINE_CURVE_WITH_KNOTS('',3,(#3173,#3174,#3175,#3176),.UNSPECIFIED.,
.F.,.F.,(4,4),(0.E0,1.E0),.UNSPECIFIED.);
#3190=CIRCLE('',#3189,9.75E-1);
#3199=B_SPLINE_CURVE_WITH_KNOTS('',3,(#3195,#3196,#3197,#3198),.UNSPECIFIED.,
.F.,.F.,(4,4),(0.E0,1.E0),.UNSPECIFIED.);
#3260=CIRCLE('',#3259,9.75E-1);
#3297=B_SPLINE_CURVE_WITH_KNOTS('',3,(#3293,#3294,#3295,#3296),.UNSPECIFIED.,
.F.,.F.,(4,4),(0.E0,1.E0),.UNSPECIFIED.);
#3318=B_SPLINE_CURVE_WITH_KNOTS('',3,(#3314,#3315,#3316,#3317),.UNSPECIFIED.,
.F.,.F.,(4,4),(0.E0,1.E0),.UNSPECIFIED.);
#3323=B_SPLINE_CURVE_WITH_KNOTS('',3,(#3319,#3320,#3321,#3322),.UNSPECIFIED.,
.F.,.F.,(4,4),(0.E0,1.E0),.UNSPECIFIED.);
#3328=B_SPLINE_CURVE_WITH_KNOTS('',3,(#3324,#3325,#3326,#3327),.UNSPECIFIED.,
.F.,.F.,(4,4),(0.E0,1.E0),.UNSPECIFIED.);
#3357=B_SPLINE_CURVE_WITH_KNOTS('',3,(#3353,#3354,#3355,#3356),.UNSPECIFIED.,
.F.,.F.,(4,4),(0.E0,1.E0),.UNSPECIFIED.);
#3366=B_SPLINE_CURVE_WITH_KNOTS('',3,(#3362,#3363,#3364,#3365),.UNSPECIFIED.,
.F.,.F.,(4,4),(0.E0,1.E0),.UNSPECIFIED.);
#3375=B_SPLINE_CURVE_WITH_KNOTS('',3,(#3371,#3372,#3373,#3374),.UNSPECIFIED.,
.F.,.F.,(4,4),(0.E0,1.E0),.UNSPECIFIED.);
#3388=CIRCLE('',#3387,9.75E-1);
#3397=B_SPLINE_CURVE_WITH_KNOTS('',3,(#3393,#3394,#3395,#3396),.UNSPECIFIED.,
.F.,.F.,(4,4),(0.E0,1.E0),.UNSPECIFIED.);
#3442=CIRCLE('',#3441,9.75E-1);
#3479=B_SPLINE_CURVE_WITH_KNOTS('',3,(#3475,#3476,#3477,#3478),.UNSPECIFIED.,
.F.,.F.,(4,4),(0.E0,1.E0),.UNSPECIFIED.);
#3500=B_SPLINE_CURVE_WITH_KNOTS('',3,(#3496,#3497,#3498,#3499),.UNSPECIFIED.,
.F.,.F.,(4,4),(0.E0,1.E0),.UNSPECIFIED.);
#3505=B_SPLINE_CURVE_WITH_KNOTS('',3,(#3501,#3502,#3503,#3504),.UNSPECIFIED.,
.F.,.F.,(4,4),(0.E0,1.E0),.UNSPECIFIED.);
#3510=B_SPLINE_CURVE_WITH_KNOTS('',3,(#3506,#3507,#3508,#3509),.UNSPECIFIED.,
.F.,.F.,(4,4),(0.E0,1.E0),.UNSPECIFIED.);
#3539=B_SPLINE_CURVE_WITH_KNOTS('',3,(#3535,#3536,#3537,#3538),.UNSPECIFIED.,
.F.,.F.,(4,4),(0.E0,1.E0),.UNSPECIFIED.);
#3548=B_SPLINE_CURVE_WITH_KNOTS('',3,(#3544,#3545,#3546,#3547),.UNSPECIFIED.,
.F.,.F.,(4,4),(0.E0,1.E0),.UNSPECIFIED.);
#3557=B_SPLINE_CURVE_WITH_KNOTS('',3,(#3553,#3554,#3555,#3556),.UNSPECIFIED.,
.F.,.F.,(4,4),(0.E0,1.E0),.UNSPECIFIED.);
#3570=CIRCLE('',#3569,9.75E-1);
#3579=B_SPLINE_CURVE_WITH_KNOTS('',3,(#3575,#3576,#3577,#3578),.UNSPECIFIED.,
.F.,.F.,(4,4),(0.E0,1.E0),.UNSPECIFIED.);
#3624=CIRCLE('',#3623,9.75E-1);
#3661=B_SPLINE_CURVE_WITH_KNOTS('',3,(#3657,#3658,#3659,#3660),.UNSPECIFIED.,
.F.,.F.,(4,4),(0.E0,1.E0),.UNSPECIFIED.);
#3682=B_SPLINE_CURVE_WITH_KNOTS('',3,(#3678,#3679,#3680,#3681),.UNSPECIFIED.,
.F.,.F.,(4,4),(0.E0,1.E0),.UNSPECIFIED.);
#3687=B_SPLINE_CURVE_WITH_KNOTS('',3,(#3683,#3684,#3685,#3686),.UNSPECIFIED.,
.F.,.F.,(4,4),(0.E0,1.E0),.UNSPECIFIED.);
#3692=B_SPLINE_CURVE_WITH_KNOTS('',3,(#3688,#3689,#3690,#3691),.UNSPECIFIED.,
.F.,.F.,(4,4),(0.E0,1.E0),.UNSPECIFIED.);
#3721=B_SPLINE_CURVE_WITH_KNOTS('',3,(#3717,#3718,#3719,#3720),.UNSPECIFIED.,
.F.,.F.,(4,4),(0.E0,1.E0),.UNSPECIFIED.);
#3730=B_SPLINE_CURVE_WITH_KNOTS('',3,(#3726,#3727,#3728,#3729),.UNSPECIFIED.,
.F.,.F.,(4,4),(0.E0,1.E0),.UNSPECIFIED.);
#3739=B_SPLINE_CURVE_WITH_KNOTS('',3,(#3735,#3736,#3737,#3738),.UNSPECIFIED.,
.F.,.F.,(4,4),(0.E0,1.E0),.UNSPECIFIED.);
#3752=CIRCLE('',#3751,9.75E-1);
#3761=B_SPLINE_CURVE_WITH_KNOTS('',3,(#3757,#3758,#3759,#3760),.UNSPECIFIED.,
.F.,.F.,(4,4),(0.E0,1.E0),.UNSPECIFIED.);
#3806=CIRCLE('',#3805,9.75E-1);
#3843=B_SPLINE_CURVE_WITH_KNOTS('',3,(#3839,#3840,#3841,#3842),.UNSPECIFIED.,
.F.,.F.,(4,4),(0.E0,1.E0),.UNSPECIFIED.);
#3864=B_SPLINE_CURVE_WITH_KNOTS('',3,(#3860,#3861,#3862,#3863),.UNSPECIFIED.,
.F.,.F.,(4,4),(0.E0,1.E0),.UNSPECIFIED.);
#3869=B_SPLINE_CURVE_WITH_KNOTS('',3,(#3865,#3866,#3867,#3868),.UNSPECIFIED.,
.F.,.F.,(4,4),(0.E0,1.E0),.UNSPECIFIED.);
#3874=B_SPLINE_CURVE_WITH_KNOTS('',3,(#3870,#3871,#3872,#3873),.UNSPECIFIED.,
.F.,.F.,(4,4),(0.E0,1.E0),.UNSPECIFIED.);
#3903=B_SPLINE_CURVE_WITH_KNOTS('',3,(#3899,#3900,#3901,#3902),.UNSPECIFIED.,
.F.,.F.,(4,4),(0.E0,1.E0),.UNSPECIFIED.);
#3912=B_SPLINE_CURVE_WITH_KNOTS('',3,(#3908,#3909,#3910,#3911),.UNSPECIFIED.,
.F.,.F.,(4,4),(0.E0,1.E0),.UNSPECIFIED.);
#3921=B_SPLINE_CURVE_WITH_KNOTS('',3,(#3917,#3918,#3919,#3920),.UNSPECIFIED.,
.F.,.F.,(4,4),(0.E0,1.E0),.UNSPECIFIED.);
#3934=CIRCLE('',#3933,9.75E-1);
#3943=B_SPLINE_CURVE_WITH_KNOTS('',3,(#3939,#3940,#3941,#3942),.UNSPECIFIED.,
.F.,.F.,(4,4),(0.E0,1.E0),.UNSPECIFIED.);
#3988=CIRCLE('',#3987,9.75E-1);
#4025=B_SPLINE_CURVE_WITH_KNOTS('',3,(#4021,#4022,#4023,#4024),.UNSPECIFIED.,
.F.,.F.,(4,4),(0.E0,1.E0),.UNSPECIFIED.);
#4046=B_SPLINE_CURVE_WITH_KNOTS('',3,(#4042,#4043,#4044,#4045),.UNSPECIFIED.,
.F.,.F.,(4,4),(0.E0,1.E0),.UNSPECIFIED.);
#4051=B_SPLINE_CURVE_WITH_KNOTS('',3,(#4047,#4048,#4049,#4050),.UNSPECIFIED.,
.F.,.F.,(4,4),(0.E0,1.E0),.UNSPECIFIED.);
#4056=B_SPLINE_CURVE_WITH_KNOTS('',3,(#4052,#4053,#4054,#4055),.UNSPECIFIED.,
.F.,.F.,(4,4),(0.E0,1.E0),.UNSPECIFIED.);
#4085=B_SPLINE_CURVE_WITH_KNOTS('',3,(#4081,#4082,#4083,#4084),.UNSPECIFIED.,
.F.,.F.,(4,4),(0.E0,1.E0),.UNSPECIFIED.);
#4094=B_SPLINE_CURVE_WITH_KNOTS('',3,(#4090,#4091,#4092,#4093),.UNSPECIFIED.,
.F.,.F.,(4,4),(0.E0,1.E0),.UNSPECIFIED.);
#4103=B_SPLINE_CURVE_WITH_KNOTS('',3,(#4099,#4100,#4101,#4102),.UNSPECIFIED.,
.F.,.F.,(4,4),(0.E0,1.E0),.UNSPECIFIED.);
#4116=CIRCLE('',#4115,9.75E-1);
#4125=B_SPLINE_CURVE_WITH_KNOTS('',3,(#4121,#4122,#4123,#4124),.UNSPECIFIED.,
.F.,.F.,(4,4),(0.E0,1.E0),.UNSPECIFIED.);
#4170=CIRCLE('',#4169,9.75E-1);
#4207=B_SPLINE_CURVE_WITH_KNOTS('',3,(#4203,#4204,#4205,#4206),.UNSPECIFIED.,
.F.,.F.,(4,4),(0.E0,1.E0),.UNSPECIFIED.);
#4228=B_SPLINE_CURVE_WITH_KNOTS('',3,(#4224,#4225,#4226,#4227),.UNSPECIFIED.,
.F.,.F.,(4,4),(0.E0,1.E0),.UNSPECIFIED.);
#4233=B_SPLINE_CURVE_WITH_KNOTS('',3,(#4229,#4230,#4231,#4232),.UNSPECIFIED.,
.F.,.F.,(4,4),(0.E0,1.E0),.UNSPECIFIED.);
#4238=B_SPLINE_CURVE_WITH_KNOTS('',3,(#4234,#4235,#4236,#4237),.UNSPECIFIED.,
.F.,.F.,(4,4),(0.E0,1.E0),.UNSPECIFIED.);
#4267=B_SPLINE_CURVE_WITH_KNOTS('',3,(#4263,#4264,#4265,#4266),.UNSPECIFIED.,
.F.,.F.,(4,4),(0.E0,1.E0),.UNSPECIFIED.);
#4276=B_SPLINE_CURVE_WITH_KNOTS('',3,(#4272,#4273,#4274,#4275),.UNSPECIFIED.,
.F.,.F.,(4,4),(0.E0,1.E0),.UNSPECIFIED.);
#4285=B_SPLINE_CURVE_WITH_KNOTS('',3,(#4281,#4282,#4283,#4284),.UNSPECIFIED.,
.F.,.F.,(4,4),(0.E0,1.E0),.UNSPECIFIED.);
#4298=CIRCLE('',#4297,9.75E-1);
#4307=B_SPLINE_CURVE_WITH_KNOTS('',3,(#4303,#4304,#4305,#4306),.UNSPECIFIED.,
.F.,.F.,(4,4),(0.E0,1.E0),.UNSPECIFIED.);
#4352=B_SPLINE_CURVE_WITH_KNOTS('',3,(#4348,#4349,#4350,#4351),.UNSPECIFIED.,
.F.,.F.,(4,4),(0.E0,1.E0),.UNSPECIFIED.);
#4361=B_SPLINE_CURVE_WITH_KNOTS('',3,(#4357,#4358,#4359,#4360),.UNSPECIFIED.,
.F.,.F.,(4,4),(0.E0,1.E0),.UNSPECIFIED.);
#4370=B_SPLINE_CURVE_WITH_KNOTS('',3,(#4366,#4367,#4368,#4369),.UNSPECIFIED.,
.F.,.F.,(4,4),(0.E0,1.E0),.UNSPECIFIED.);
#4383=CIRCLE('',#4382,9.75E-1);
#4392=B_SPLINE_CURVE_WITH_KNOTS('',3,(#4388,#4389,#4390,#4391),.UNSPECIFIED.,
.F.,.F.,(4,4),(0.E0,1.E0),.UNSPECIFIED.);
#5786=EDGE_CURVE('',#4937,#4938,#4,.T.);
#5788=EDGE_CURVE('',#4442,#4938,#1717,.T.);
#5790=EDGE_CURVE('',#4442,#4419,#8,.T.);
#5792=EDGE_CURVE('',#4419,#4937,#12,.T.);
#5802=EDGE_CURVE('',#4941,#4942,#16,.T.);
#5804=EDGE_CURVE('',#4942,#4423,#20,.T.);
#5806=EDGE_CURVE('',#4423,#4444,#24,.T.);
#5808=EDGE_CURVE('',#4941,#4444,#1669,.T.);
#5819=EDGE_CURVE('',#4937,#4944,#36,.T.);
#5821=EDGE_CURVE('',#4948,#4944,#1417,.T.);
#5823=EDGE_CURVE('',#4938,#4948,#1701,.T.);
#5834=EDGE_CURVE('',#4941,#4950,#1665,.T.);
#5836=EDGE_CURVE('',#4946,#4950,#1217,.T.);
#5838=EDGE_CURVE('',#4942,#4946,#280,.T.);
#5848=EDGE_CURVE('',#5053,#5054,#28,.T.);
#5850=EDGE_CURVE('',#5053,#4944,#32,.T.);
#5854=EDGE_CURVE('',#4419,#4420,#40,.T.);
#5856=EDGE_CURVE('',#4420,#4466,#388,.T.);
#5858=EDGE_CURVE('',#4466,#4452,#44,.T.);
#5860=EDGE_CURVE('',#4451,#4452,#48,.T.);
#5862=EDGE_CURVE('',#5066,#4451,#236,.T.);
#5864=EDGE_CURVE('',#5066,#5054,#52,.T.);
#5875=EDGE_CURVE('',#5744,#5054,#56,.T.);
#5877=EDGE_CURVE('',#5492,#5744,#60,.T.);
#5879=EDGE_CURVE('',#5053,#5492,#1005,.T.);
#5889=EDGE_CURVE('',#5063,#5064,#260,.T.);
#5891=EDGE_CURVE('',#5070,#5063,#1213,.T.);
#5893=EDGE_CURVE('',#5068,#5070,#64,.T.);
#5895=EDGE_CURVE('',#5064,#5068,#68,.T.);
#5906=EDGE_CURVE('',#5066,#5742,#232,.T.);
#5908=EDGE_CURVE('',#5742,#5744,#72,.T.);
#5919=EDGE_CURVE('',#5057,#5058,#76,.T.);
#5921=EDGE_CURVE('',#5060,#5058,#80,.T.);
#5923=EDGE_CURVE('',#4977,#5060,#1205,.T.);
#5925=EDGE_CURVE('',#4977,#4978,#84,.T.);
#5927=EDGE_CURVE('',#4978,#4980,#88,.T.);
#5929=EDGE_CURVE('',#4982,#4980,#92,.T.);
#5931=EDGE_CURVE('',#4993,#4982,#1189,.T.);
#5933=EDGE_CURVE('',#4993,#4994,#96,.T.);
#5935=EDGE_CURVE('',#4994,#4996,#100,.T.);
#5937=EDGE_CURVE('',#4998,#4996,#104,.T.);
#5939=EDGE_CURVE('',#5009,#4998,#1173,.T.);
#5941=EDGE_CURVE('',#5009,#5010,#108,.T.);
#5943=EDGE_CURVE('',#5010,#5012,#112,.T.);
#5945=EDGE_CURVE('',#5014,#5012,#116,.T.);
#5947=EDGE_CURVE('',#5025,#5014,#1157,.T.);
#5949=EDGE_CURVE('',#5025,#5026,#120,.T.);
#5951=EDGE_CURVE('',#5026,#5028,#124,.T.);
#5953=EDGE_CURVE('',#5030,#5028,#128,.T.);
#5955=EDGE_CURVE('',#5041,#5030,#1141,.T.);
#5957=EDGE_CURVE('',#5041,#5042,#132,.T.);
#5959=EDGE_CURVE('',#5042,#5044,#136,.T.);
#5961=EDGE_CURVE('',#5046,#5044,#140,.T.);
#5963=EDGE_CURVE('',#5519,#5046,#1125,.T.);
#5965=EDGE_CURVE('',#5519,#5520,#144,.T.);
#5967=EDGE_CURVE('',#5520,#5522,#148,.T.);
#5969=EDGE_CURVE('',#5524,#5522,#152,.T.);
#5971=EDGE_CURVE('',#5555,#5524,#1109,.T.);
#5973=EDGE_CURVE('',#5555,#5556,#156,.T.);
#5975=EDGE_CURVE('',#5556,#5558,#160,.T.);
#5977=EDGE_CURVE('',#5560,#5558,#164,.T.);
#5979=EDGE_CURVE('',#5585,#5560,#1093,.T.);
#5981=EDGE_CURVE('',#5585,#5586,#168,.T.);
#5983=EDGE_CURVE('',#5586,#5588,#172,.T.);
#5985=EDGE_CURVE('',#5590,#5588,#176,.T.);
#5987=EDGE_CURVE('',#5621,#5590,#1077,.T.);
#5989=EDGE_CURVE('',#5621,#5622,#180,.T.);
#5991=EDGE_CURVE('',#5622,#5624,#184,.T.);
#5993=EDGE_CURVE('',#5626,#5624,#188,.T.);
#5995=EDGE_CURVE('',#5657,#5626,#1061,.T.);
#5997=EDGE_CURVE('',#5657,#5658,#192,.T.);
#5999=EDGE_CURVE('',#5658,#5660,#196,.T.);
#6001=EDGE_CURVE('',#5662,#5660,#200,.T.);
#6003=EDGE_CURVE('',#5693,#5662,#1045,.T.);
#6005=EDGE_CURVE('',#5693,#5694,#204,.T.);
#6007=EDGE_CURVE('',#5694,#5696,#208,.T.);
#6009=EDGE_CURVE('',#5698,#5696,#212,.T.);
#6011=EDGE_CURVE('',#5729,#5698,#1029,.T.);
#6013=EDGE_CURVE('',#5729,#5730,#216,.T.);
#6015=EDGE_CURVE('',#5730,#5732,#220,.T.);
#6017=EDGE_CURVE('',#5734,#5732,#224,.T.);
#6019=EDGE_CURVE('',#5740,#5734,#1013,.T.);
#6021=EDGE_CURVE('',#5740,#5742,#228,.T.);
#6025=EDGE_CURVE('',#4451,#4454,#240,.T.);
#6027=EDGE_CURVE('',#4454,#4456,#244,.T.);
#6029=EDGE_CURVE('',#4456,#4458,#248,.T.);
#6031=EDGE_CURVE('',#4458,#4460,#252,.T.);
#6033=EDGE_CURVE('',#4462,#4460,#256,.T.);
#6035=EDGE_CURVE('',#5057,#4462,#268,.T.);
#6046=EDGE_CURVE('',#5057,#5064,#264,.T.);
#6049=EDGE_CURVE('',#5058,#5068,#1661,.T.);
#6062=EDGE_CURVE('',#4462,#4464,#272,.T.);
#6064=EDGE_CURVE('',#4468,#4464,#276,.T.);
#6066=EDGE_CURVE('',#4468,#4424,#412,.T.);
#6068=EDGE_CURVE('',#4423,#4424,#1697,.T.);
#6072=EDGE_CURVE('',#5063,#4946,#284,.T.);
#6082=EDGE_CURVE('',#5773,#5774,#288,.T.);
#6084=EDGE_CURVE('',#5774,#5780,#292,.T.);
#6086=EDGE_CURVE('',#5780,#4464,#376,.T.);
#6090=EDGE_CURVE('',#4460,#5773,#296,.T.);
#6101=EDGE_CURVE('',#5773,#5776,#312,.T.);
#6103=EDGE_CURVE('',#5776,#5778,#352,.T.);
#6105=EDGE_CURVE('',#5778,#5774,#300,.T.);
#6115=EDGE_CURVE('',#4458,#5766,#304,.T.);
#6117=EDGE_CURVE('',#5770,#5766,#328,.T.);
#6119=EDGE_CURVE('',#5770,#5776,#308,.T.);
#6132=EDGE_CURVE('',#5765,#5766,#316,.T.);
#6136=EDGE_CURVE('',#4456,#5765,#320,.T.);
#6147=EDGE_CURVE('',#5765,#5769,#324,.T.);
#6149=EDGE_CURVE('',#5769,#5770,#356,.T.);
#6160=EDGE_CURVE('',#5755,#5769,#332,.T.);
#6165=EDGE_CURVE('',#4454,#5756,#336,.T.);
#6167=EDGE_CURVE('',#5755,#5756,#340,.T.);
#6177=EDGE_CURVE('',#5760,#5755,#344,.T.);
#6179=EDGE_CURVE('',#5760,#4427,#348,.T.);
#6181=EDGE_CURVE('',#4427,#4428,#596,.T.);
#6183=EDGE_CURVE('',#5778,#4428,#540,.T.);
#6198=EDGE_CURVE('',#5758,#5756,#364,.T.);
#6200=EDGE_CURVE('',#5758,#5760,#360,.T.);
#6215=EDGE_CURVE('',#4452,#5762,#372,.T.);
#6217=EDGE_CURVE('',#5758,#5762,#368,.T.);
#6229=EDGE_CURVE('',#4466,#4471,#384,.T.);
#6231=EDGE_CURVE('',#4471,#4472,#460,.T.);
#6233=EDGE_CURVE('',#4472,#5762,#436,.T.);
#6244=EDGE_CURVE('',#4476,#5780,#536,.T.);
#6246=EDGE_CURVE('',#4475,#4476,#568,.T.);
#6248=EDGE_CURVE('',#4475,#4468,#416,.T.);
#6259=EDGE_CURVE('',#4487,#4488,#380,.T.);
#6261=EDGE_CURVE('',#4471,#4488,#464,.T.);
#6265=EDGE_CURVE('',#4435,#4420,#392,.T.);
#6267=EDGE_CURVE('',#4435,#4436,#396,.T.);
#6269=EDGE_CURVE('',#4436,#4438,#400,.T.);
#6271=EDGE_CURVE('',#4440,#4438,#404,.T.);
#6273=EDGE_CURVE('',#4424,#4440,#408,.T.);
#6277=EDGE_CURVE('',#4491,#4475,#564,.T.);
#6279=EDGE_CURVE('',#4491,#4492,#420,.T.);
#6281=EDGE_CURVE('',#5752,#4492,#556,.T.);
#6283=EDGE_CURVE('',#5751,#5752,#424,.T.);
#6285=EDGE_CURVE('',#4487,#5751,#472,.T.);
#6296=EDGE_CURVE('',#4487,#4479,#428,.T.);
#6298=EDGE_CURVE('',#4479,#4480,#608,.T.);
#6300=EDGE_CURVE('',#4488,#4480,#448,.T.);
#6310=EDGE_CURVE('',#4499,#4500,#440,.T.);
#6312=EDGE_CURVE('',#4499,#4479,#612,.T.);
#6315=EDGE_CURVE('',#4487,#4500,#468,.T.);
#6325=EDGE_CURVE('',#4495,#4496,#432,.T.);
#6327=EDGE_CURVE('',#4495,#4427,#600,.T.);
#6333=EDGE_CURVE('',#4496,#4472,#456,.T.);
#6344=EDGE_CURVE('',#5747,#4500,#476,.T.);
#6346=EDGE_CURVE('',#5747,#4432,#444,.T.);
#6348=EDGE_CURVE('',#4432,#4499,#616,.T.);
#6359=EDGE_CURVE('',#4488,#4496,#452,.T.);
#6362=EDGE_CURVE('',#4480,#4495,#604,.T.);
#6386=EDGE_CURVE('',#5747,#5751,#480,.T.);
#6397=EDGE_CURVE('',#5747,#5748,#488,.T.);
#6401=EDGE_CURVE('',#5752,#5748,#484,.T.);
#6412=EDGE_CURVE('',#5748,#4431,#492,.T.);
#6414=EDGE_CURVE('',#4431,#4432,#620,.T.);
#6419=EDGE_CURVE('',#4511,#4512,#496,.T.);
#6421=EDGE_CURVE('',#4514,#4511,#500,.T.);
#6423=EDGE_CURVE('',#4514,#4516,#504,.T.);
#6425=EDGE_CURVE('',#4516,#4512,#508,.T.);
#6429=EDGE_CURVE('',#4527,#4528,#512,.T.);
#6431=EDGE_CURVE('',#4530,#4527,#516,.T.);
#6433=EDGE_CURVE('',#4530,#4532,#520,.T.);
#6435=EDGE_CURVE('',#4532,#4528,#524,.T.);
#6445=EDGE_CURVE('',#4503,#4504,#528,.T.);
#6447=EDGE_CURVE('',#4503,#4431,#576,.T.);
#6450=EDGE_CURVE('',#4504,#5748,#552,.T.);
#6460=EDGE_CURVE('',#4507,#4508,#532,.T.);
#6462=EDGE_CURVE('',#4476,#4508,#572,.T.);
#6468=EDGE_CURVE('',#4428,#4507,#592,.T.);
#6479=EDGE_CURVE('',#4492,#4504,#548,.T.);
#6481=EDGE_CURVE('',#4492,#4484,#544,.T.);
#6483=EDGE_CURVE('',#4484,#4503,#580,.T.);
#6505=EDGE_CURVE('',#4491,#4508,#560,.T.);
#6519=EDGE_CURVE('',#4507,#4483,#588,.T.);
#6521=EDGE_CURVE('',#4491,#4483,#816,.T.);
#6534=EDGE_CURVE('',#4483,#4484,#584,.T.);
#6547=EDGE_CURVE('',#4619,#4620,#624,.T.);
#6549=EDGE_CURVE('',#4624,#4620,#628,.T.);
#6551=EDGE_CURVE('',#4622,#4624,#632,.T.);
#6553=EDGE_CURVE('',#4622,#4619,#636,.T.);
#6557=EDGE_CURVE('',#4679,#4680,#640,.T.);
#6559=EDGE_CURVE('',#4684,#4680,#644,.T.);
#6561=EDGE_CURVE('',#4682,#4684,#648,.T.);
#6563=EDGE_CURVE('',#4682,#4679,#652,.T.);
#6567=EDGE_CURVE('',#4735,#4736,#656,.T.);
#6569=EDGE_CURVE('',#4740,#4736,#660,.T.);
#6571=EDGE_CURVE('',#4738,#4740,#664,.T.);
#6573=EDGE_CURVE('',#4738,#4735,#668,.T.);
#6577=EDGE_CURVE('',#4791,#4792,#672,.T.);
#6579=EDGE_CURVE('',#4796,#4792,#676,.T.);
#6581=EDGE_CURVE('',#4794,#4796,#680,.T.);
#6583=EDGE_CURVE('',#4794,#4791,#684,.T.);
#6587=EDGE_CURVE('',#4847,#4848,#688,.T.);
#6589=EDGE_CURVE('',#4852,#4848,#692,.T.);
#6591=EDGE_CURVE('',#4850,#4852,#696,.T.);
#6593=EDGE_CURVE('',#4850,#4847,#700,.T.);
#6597=EDGE_CURVE('',#5115,#5116,#704,.T.);
#6599=EDGE_CURVE('',#5120,#5116,#708,.T.);
#6601=EDGE_CURVE('',#5118,#5120,#712,.T.);
#6603=EDGE_CURVE('',#5118,#5115,#716,.T.);
#6607=EDGE_CURVE('',#5171,#5172,#720,.T.);
#6609=EDGE_CURVE('',#5176,#5172,#724,.T.);
#6611=EDGE_CURVE('',#5174,#5176,#728,.T.);
#6613=EDGE_CURVE('',#5174,#5171,#732,.T.);
#6617=EDGE_CURVE('',#5227,#5228,#736,.T.);
#6619=EDGE_CURVE('',#5232,#5228,#740,.T.);
#6621=EDGE_CURVE('',#5230,#5232,#744,.T.);
#6623=EDGE_CURVE('',#5230,#5227,#748,.T.);
#6627=EDGE_CURVE('',#5289,#5290,#752,.T.);
#6629=EDGE_CURVE('',#5294,#5290,#756,.T.);
#6631=EDGE_CURVE('',#5292,#5294,#760,.T.);
#6633=EDGE_CURVE('',#5292,#5289,#764,.T.);
#6637=EDGE_CURVE('',#5345,#5346,#768,.T.);
#6639=EDGE_CURVE('',#5350,#5346,#772,.T.);
#6641=EDGE_CURVE('',#5348,#5350,#776,.T.);
#6643=EDGE_CURVE('',#5348,#5345,#780,.T.);
#6647=EDGE_CURVE('',#5401,#5402,#784,.T.);
#6649=EDGE_CURVE('',#5406,#5402,#788,.T.);
#6651=EDGE_CURVE('',#5404,#5406,#792,.T.);
#6653=EDGE_CURVE('',#5404,#5401,#796,.T.);
#6657=EDGE_CURVE('',#5457,#5458,#800,.T.);
#6659=EDGE_CURVE('',#5462,#5458,#804,.T.);
#6661=EDGE_CURVE('',#5460,#5462,#808,.T.);
#6663=EDGE_CURVE('',#5460,#5457,#812,.T.);
#6686=EDGE_CURVE('',#4592,#4619,#832,.T.);
#6688=EDGE_CURVE('',#4591,#4592,#820,.T.);
#6690=EDGE_CURVE('',#4591,#4620,#824,.T.);
#6701=EDGE_CURVE('',#4594,#4622,#849,.T.);
#6703=EDGE_CURVE('',#4592,#4594,#828,.T.);
#6714=EDGE_CURVE('',#4627,#4628,#4331,.T.);
#6716=EDGE_CURVE('',#4952,#4628,#917,.T.);
#6718=EDGE_CURVE('',#4952,#4636,#1233,.T.);
#6720=EDGE_CURVE('',#4636,#4600,#837,.T.);
#6722=EDGE_CURVE('',#4600,#4604,#841,.T.);
#6724=EDGE_CURVE('',#4604,#4606,#4356,.T.);
#6726=EDGE_CURVE('',#4638,#4606,#4343,.T.);
#6728=EDGE_CURVE('',#4627,#4638,#2366,.T.);
#6739=EDGE_CURVE('',#4596,#4624,#857,.T.);
#6741=EDGE_CURVE('',#4594,#4596,#845,.T.);
#6754=EDGE_CURVE('',#4596,#4591,#853,.T.);
#6765=EDGE_CURVE('',#4631,#4632,#901,.T.);
#6767=EDGE_CURVE('',#4631,#4640,#2374,.T.);
#6769=EDGE_CURVE('',#4640,#4608,#861,.T.);
#6771=EDGE_CURVE('',#4608,#4603,#4387,.T.);
#6773=EDGE_CURVE('',#4599,#4603,#4378,.T.);
#6775=EDGE_CURVE('',#4634,#4599,#4383,.T.);
#6777=EDGE_CURVE('',#4954,#4634,#1225,.T.);
#6779=EDGE_CURVE('',#4954,#4632,#909,.T.);
#6813=EDGE_CURVE('',#4588,#4583,#882,.T.);
#6815=EDGE_CURVE('',#4588,#4596,#866,.T.);
#6818=EDGE_CURVE('',#4583,#4591,#887,.T.);
#6828=EDGE_CURVE('',#4583,#4584,#870,.T.);
#6830=EDGE_CURVE('',#4584,#4586,#874,.T.);
#6832=EDGE_CURVE('',#4586,#4588,#878,.T.);
#6870=EDGE_CURVE('',#4584,#4592,#892,.T.);
#6907=EDGE_CURVE('',#4586,#4594,#897,.T.);
#6954=EDGE_CURVE('',#4632,#4891,#905,.T.);
#6956=EDGE_CURVE('',#4543,#4891,#4416,.T.);
#6958=EDGE_CURVE('',#4631,#4543,#2378,.T.);
#6969=EDGE_CURVE('',#4932,#4954,#1221,.T.);
#6971=EDGE_CURVE('',#4930,#4932,#1681,.T.);
#6973=EDGE_CURVE('',#4892,#4930,#1793,.T.);
#6975=EDGE_CURVE('',#4891,#4892,#4412,.T.);
#6986=EDGE_CURVE('',#4958,#4692,#913,.T.);
#6988=EDGE_CURVE('',#4952,#4958,#1237,.T.);
#6991=EDGE_CURVE('',#4896,#4628,#4339,.T.);
#6993=EDGE_CURVE('',#4895,#4896,#4327,.T.);
#6995=EDGE_CURVE('',#4900,#4895,#1801,.T.);
#6997=EDGE_CURVE('',#4899,#4900,#4250,.T.);
#6999=EDGE_CURVE('',#4692,#4899,#4246,.T.);
#7009=EDGE_CURVE('',#4962,#4748,#921,.T.);
#7011=EDGE_CURVE('',#4956,#4962,#1253,.T.);
#7013=EDGE_CURVE('',#4956,#4688,#925,.T.);
#7015=EDGE_CURVE('',#4904,#4688,#4157,.T.);
#7017=EDGE_CURVE('',#4903,#4904,#4145,.T.);
#7019=EDGE_CURVE('',#4908,#4903,#1817,.T.);
#7021=EDGE_CURVE('',#4907,#4908,#4068,.T.);
#7023=EDGE_CURVE('',#4748,#4907,#4064,.T.);
#7033=EDGE_CURVE('',#4966,#4804,#929,.T.);
#7035=EDGE_CURVE('',#4960,#4966,#1269,.T.);
#7037=EDGE_CURVE('',#4960,#4744,#933,.T.);
#7039=EDGE_CURVE('',#4912,#4744,#3975,.T.);
#7041=EDGE_CURVE('',#4911,#4912,#3963,.T.);
#7043=EDGE_CURVE('',#4916,#4911,#1829,.T.);
#7045=EDGE_CURVE('',#4915,#4916,#3886,.T.);
#7047=EDGE_CURVE('',#4804,#4915,#3882,.T.);
#7057=EDGE_CURVE('',#4970,#4860,#937,.T.);
#7059=EDGE_CURVE('',#4964,#4970,#1285,.T.);
#7061=EDGE_CURVE('',#4964,#4800,#941,.T.);
#7063=EDGE_CURVE('',#4920,#4800,#3793,.T.);
#7065=EDGE_CURVE('',#4919,#4920,#3781,.T.);
#7067=EDGE_CURVE('',#4924,#4919,#1841,.T.);
#7069=EDGE_CURVE('',#4923,#4924,#3704,.T.);
#7071=EDGE_CURVE('',#4860,#4923,#3700,.T.);
#7081=EDGE_CURVE('',#5127,#5128,#945,.T.);
#7083=EDGE_CURVE('',#4968,#5127,#1301,.T.);
#7085=EDGE_CURVE('',#4968,#4856,#949,.T.);
#7087=EDGE_CURVE('',#4928,#4856,#3611,.T.);
#7089=EDGE_CURVE('',#4927,#4928,#3599,.T.);
#7091=EDGE_CURVE('',#5076,#4927,#1853,.T.);
#7093=EDGE_CURVE('',#5502,#5076,#3522,.T.);
#7095=EDGE_CURVE('',#5128,#5502,#3518,.T.);
#7105=EDGE_CURVE('',#5183,#5184,#953,.T.);
#7107=EDGE_CURVE('',#5123,#5183,#1317,.T.);
#7109=EDGE_CURVE('',#5123,#5124,#957,.T.);
#7111=EDGE_CURVE('',#5504,#5124,#3429,.T.);
#7113=EDGE_CURVE('',#5074,#5504,#3417,.T.);
#7115=EDGE_CURVE('',#5073,#5074,#1857,.T.);
#7117=EDGE_CURVE('',#5538,#5073,#3340,.T.);
#7119=EDGE_CURVE('',#5184,#5538,#3336,.T.);
#7129=EDGE_CURVE('',#5245,#5246,#961,.T.);
#7131=EDGE_CURVE('',#5179,#5245,#1333,.T.);
#7133=EDGE_CURVE('',#5179,#5180,#965,.T.);
#7135=EDGE_CURVE('',#5540,#5180,#3247,.T.);
#7137=EDGE_CURVE('',#4888,#5540,#3235,.T.);
#7139=EDGE_CURVE('',#4887,#4888,#1777,.T.);
#7141=EDGE_CURVE('',#5574,#4887,#3227,.T.);
#7143=EDGE_CURVE('',#5246,#5574,#3223,.T.);
#7153=EDGE_CURVE('',#5301,#5302,#969,.T.);
#7155=EDGE_CURVE('',#5241,#5301,#1349,.T.);
#7157=EDGE_CURVE('',#5241,#5242,#973,.T.);
#7159=EDGE_CURVE('',#5576,#5242,#3065,.T.);
#7161=EDGE_CURVE('',#4884,#5576,#3053,.T.);
#7163=EDGE_CURVE('',#4883,#4884,#1765,.T.);
#7165=EDGE_CURVE('',#5604,#4883,#2976,.T.);
#7167=EDGE_CURVE('',#5302,#5604,#2972,.T.);
#7177=EDGE_CURVE('',#5357,#5358,#977,.T.);
#7179=EDGE_CURVE('',#5297,#5357,#1365,.T.);
#7181=EDGE_CURVE('',#5297,#5298,#981,.T.);
#7183=EDGE_CURVE('',#5606,#5298,#2883,.T.);
#7185=EDGE_CURVE('',#4880,#5606,#2871,.T.);
#7187=EDGE_CURVE('',#4879,#4880,#1753,.T.);
#7189=EDGE_CURVE('',#5640,#4879,#2794,.T.);
#7191=EDGE_CURVE('',#5358,#5640,#2790,.T.);
#7201=EDGE_CURVE('',#5413,#5414,#985,.T.);
#7203=EDGE_CURVE('',#5353,#5413,#1381,.T.);
#7205=EDGE_CURVE('',#5353,#5354,#989,.T.);
#7207=EDGE_CURVE('',#5642,#5354,#2701,.T.);
#7209=EDGE_CURVE('',#4876,#5642,#2689,.T.);
#7211=EDGE_CURVE('',#4875,#4876,#1741,.T.);
#7213=EDGE_CURVE('',#5676,#4875,#2612,.T.);
#7215=EDGE_CURVE('',#5414,#5676,#2608,.T.);
#7225=EDGE_CURVE('',#5465,#5466,#993,.T.);
#7227=EDGE_CURVE('',#5714,#5466,#1881,.T.);
#7229=EDGE_CURVE('',#4868,#5714,#1869,.T.);
#7231=EDGE_CURVE('',#4867,#4868,#1721,.T.);
#7233=EDGE_CURVE('',#4867,#4934,#1709,.T.);
#7235=EDGE_CURVE('',#5465,#4934,#1413,.T.);
#7245=EDGE_CURVE('',#5469,#5470,#997,.T.);
#7247=EDGE_CURVE('',#5409,#5469,#1397,.T.);
#7249=EDGE_CURVE('',#5409,#5410,#1001,.T.);
#7251=EDGE_CURVE('',#5678,#5410,#2519,.T.);
#7253=EDGE_CURVE('',#4872,#5678,#2507,.T.);
#7255=EDGE_CURVE('',#4871,#4872,#1729,.T.);
#7257=EDGE_CURVE('',#5712,#4871,#1974,.T.);
#7259=EDGE_CURVE('',#5470,#5712,#1970,.T.);
#7271=EDGE_CURVE('',#5740,#5492,#1009,.T.);
#7274=EDGE_CURVE('',#5734,#5737,#1017,.T.);
#7276=EDGE_CURVE('',#5737,#5738,#1021,.T.);
#7278=EDGE_CURVE('',#5729,#5738,#1025,.T.);
#7281=EDGE_CURVE('',#5698,#5701,#1033,.T.);
#7283=EDGE_CURVE('',#5701,#5702,#1037,.T.);
#7285=EDGE_CURVE('',#5693,#5702,#1041,.T.);
#7288=EDGE_CURVE('',#5662,#5665,#1049,.T.);
#7290=EDGE_CURVE('',#5665,#5666,#1053,.T.);
#7292=EDGE_CURVE('',#5657,#5666,#1057,.T.);
#7295=EDGE_CURVE('',#5626,#5629,#1065,.T.);
#7297=EDGE_CURVE('',#5629,#5630,#1069,.T.);
#7299=EDGE_CURVE('',#5621,#5630,#1073,.T.);
#7302=EDGE_CURVE('',#5590,#5593,#1081,.T.);
#7304=EDGE_CURVE('',#5593,#5594,#1085,.T.);
#7306=EDGE_CURVE('',#5585,#5594,#1089,.T.);
#7309=EDGE_CURVE('',#5560,#5563,#1097,.T.);
#7311=EDGE_CURVE('',#5563,#5564,#1101,.T.);
#7313=EDGE_CURVE('',#5555,#5564,#1105,.T.);
#7316=EDGE_CURVE('',#5524,#5527,#1113,.T.);
#7318=EDGE_CURVE('',#5527,#5528,#1117,.T.);
#7320=EDGE_CURVE('',#5519,#5528,#1121,.T.);
#7323=EDGE_CURVE('',#5046,#5050,#1129,.T.);
#7325=EDGE_CURVE('',#5050,#5048,#1133,.T.);
#7327=EDGE_CURVE('',#5041,#5048,#1137,.T.);
#7330=EDGE_CURVE('',#5030,#5034,#1145,.T.);
#7332=EDGE_CURVE('',#5034,#5032,#1149,.T.);
#7334=EDGE_CURVE('',#5025,#5032,#1153,.T.);
#7337=EDGE_CURVE('',#5014,#5018,#1161,.T.);
#7339=EDGE_CURVE('',#5018,#5016,#1165,.T.);
#7341=EDGE_CURVE('',#5009,#5016,#1169,.T.);
#7344=EDGE_CURVE('',#4998,#5002,#1177,.T.);
#7346=EDGE_CURVE('',#5002,#5000,#1181,.T.);
#7348=EDGE_CURVE('',#4993,#5000,#1185,.T.);
#7351=EDGE_CURVE('',#4982,#4986,#1193,.T.);
#7353=EDGE_CURVE('',#4986,#4984,#1197,.T.);
#7355=EDGE_CURVE('',#4977,#4984,#1201,.T.);
#7358=EDGE_CURVE('',#5060,#5070,#1209,.T.);
#7363=EDGE_CURVE('',#4932,#4950,#1685,.T.);
#7367=EDGE_CURVE('',#4636,#4634,#1229,.T.);
#7371=EDGE_CURVE('',#4958,#4694,#1241,.T.);
#7373=EDGE_CURVE('',#4696,#4694,#1245,.T.);
#7375=EDGE_CURVE('',#4956,#4696,#1249,.T.);
#7378=EDGE_CURVE('',#4962,#4750,#1257,.T.);
#7380=EDGE_CURVE('',#4752,#4750,#1261,.T.);
#7382=EDGE_CURVE('',#4960,#4752,#1265,.T.);
#7385=EDGE_CURVE('',#4966,#4806,#1273,.T.);
#7387=EDGE_CURVE('',#4808,#4806,#1277,.T.);
#7389=EDGE_CURVE('',#4964,#4808,#1281,.T.);
#7392=EDGE_CURVE('',#4970,#4862,#1289,.T.);
#7394=EDGE_CURVE('',#4864,#4862,#1293,.T.);
#7396=EDGE_CURVE('',#4968,#4864,#1297,.T.);
#7399=EDGE_CURVE('',#5127,#5130,#1305,.T.);
#7401=EDGE_CURVE('',#5132,#5130,#1309,.T.);
#7403=EDGE_CURVE('',#5123,#5132,#1313,.T.);
#7406=EDGE_CURVE('',#5183,#5186,#1321,.T.);
#7408=EDGE_CURVE('',#5188,#5186,#1325,.T.);
#7410=EDGE_CURVE('',#5179,#5188,#1329,.T.);
#7413=EDGE_CURVE('',#5245,#5248,#1337,.T.);
#7415=EDGE_CURVE('',#5250,#5248,#1341,.T.);
#7417=EDGE_CURVE('',#5241,#5250,#1345,.T.);
#7420=EDGE_CURVE('',#5301,#5304,#1353,.T.);
#7422=EDGE_CURVE('',#5306,#5304,#1357,.T.);
#7424=EDGE_CURVE('',#5297,#5306,#1361,.T.);
#7427=EDGE_CURVE('',#5357,#5360,#1369,.T.);
#7429=EDGE_CURVE('',#5362,#5360,#1373,.T.);
#7431=EDGE_CURVE('',#5353,#5362,#1377,.T.);
#7434=EDGE_CURVE('',#5413,#5416,#1385,.T.);
#7436=EDGE_CURVE('',#5418,#5416,#1389,.T.);
#7438=EDGE_CURVE('',#5409,#5418,#1393,.T.);
#7441=EDGE_CURVE('',#5469,#5472,#1401,.T.);
#7443=EDGE_CURVE('',#5474,#5472,#1405,.T.);
#7445=EDGE_CURVE('',#5465,#5474,#1409,.T.);
#7448=EDGE_CURVE('',#4934,#4948,#1705,.T.);
#7472=EDGE_CURVE('',#5732,#5726,#1421,.T.);
#7474=EDGE_CURVE('',#5726,#5737,#1429,.T.);
#7486=EDGE_CURVE('',#5730,#5725,#1425,.T.);
#7488=EDGE_CURVE('',#5725,#5726,#1433,.T.);
#7501=EDGE_CURVE('',#5738,#5725,#1437,.T.);
#7525=EDGE_CURVE('',#5696,#5690,#1441,.T.);
#7527=EDGE_CURVE('',#5690,#5701,#1449,.T.);
#7539=EDGE_CURVE('',#5694,#5689,#1445,.T.);
#7541=EDGE_CURVE('',#5689,#5690,#1453,.T.);
#7554=EDGE_CURVE('',#5702,#5689,#1457,.T.);
#7578=EDGE_CURVE('',#5660,#5654,#1461,.T.);
#7580=EDGE_CURVE('',#5654,#5665,#1469,.T.);
#7592=EDGE_CURVE('',#5658,#5653,#1465,.T.);
#7594=EDGE_CURVE('',#5653,#5654,#1473,.T.);
#7607=EDGE_CURVE('',#5666,#5653,#1477,.T.);
#7631=EDGE_CURVE('',#5624,#5618,#1481,.T.);
#7633=EDGE_CURVE('',#5618,#5629,#1489,.T.);
#7645=EDGE_CURVE('',#5622,#5617,#1485,.T.);
#7647=EDGE_CURVE('',#5617,#5618,#1493,.T.);
#7660=EDGE_CURVE('',#5630,#5617,#1497,.T.);
#7684=EDGE_CURVE('',#5588,#5582,#1501,.T.);
#7686=EDGE_CURVE('',#5582,#5593,#1509,.T.);
#7698=EDGE_CURVE('',#5586,#5581,#1505,.T.);
#7700=EDGE_CURVE('',#5581,#5582,#1513,.T.);
#7713=EDGE_CURVE('',#5594,#5581,#1517,.T.);
#7737=EDGE_CURVE('',#5558,#5552,#1521,.T.);
#7739=EDGE_CURVE('',#5552,#5563,#1529,.T.);
#7751=EDGE_CURVE('',#5556,#5551,#1525,.T.);
#7753=EDGE_CURVE('',#5551,#5552,#1533,.T.);
#7766=EDGE_CURVE('',#5564,#5551,#1537,.T.);
#7790=EDGE_CURVE('',#5522,#5516,#1541,.T.);
#7792=EDGE_CURVE('',#5516,#5527,#1549,.T.);
#7804=EDGE_CURVE('',#5520,#5515,#1545,.T.);
#7806=EDGE_CURVE('',#5515,#5516,#1553,.T.);
#7819=EDGE_CURVE('',#5528,#5515,#1557,.T.);
#7843=EDGE_CURVE('',#5044,#5038,#1561,.T.);
#7845=EDGE_CURVE('',#5038,#5050,#1573,.T.);
#7857=EDGE_CURVE('',#5042,#5037,#1565,.T.);
#7859=EDGE_CURVE('',#5037,#5038,#1577,.T.);
#7872=EDGE_CURVE('',#5048,#5037,#1569,.T.);
#7896=EDGE_CURVE('',#5028,#5022,#1581,.T.);
#7898=EDGE_CURVE('',#5022,#5034,#1593,.T.);
#7910=EDGE_CURVE('',#5026,#5021,#1585,.T.);
#7912=EDGE_CURVE('',#5021,#5022,#1597,.T.);
#7925=EDGE_CURVE('',#5032,#5021,#1589,.T.);
#7949=EDGE_CURVE('',#5012,#5006,#1601,.T.);
#7951=EDGE_CURVE('',#5006,#5018,#1613,.T.);
#7963=EDGE_CURVE('',#5010,#5005,#1605,.T.);
#7965=EDGE_CURVE('',#5005,#5006,#1617,.T.);
#7978=EDGE_CURVE('',#5016,#5005,#1609,.T.);
#8002=EDGE_CURVE('',#4996,#4990,#1621,.T.);
#8004=EDGE_CURVE('',#4990,#5002,#1633,.T.);
#8016=EDGE_CURVE('',#4994,#4989,#1625,.T.);
#8018=EDGE_CURVE('',#4989,#4990,#1637,.T.);
#8031=EDGE_CURVE('',#5000,#4989,#1629,.T.);
#8055=EDGE_CURVE('',#4980,#4974,#1641,.T.);
#8057=EDGE_CURVE('',#4974,#4986,#1653,.T.);
#8069=EDGE_CURVE('',#4978,#4973,#1645,.T.);
#8071=EDGE_CURVE('',#4973,#4974,#1657,.T.);
#8084=EDGE_CURVE('',#4984,#4973,#1649,.T.);
#8121=EDGE_CURVE('',#4444,#4440,#1693,.T.);
#8124=EDGE_CURVE('',#4438,#4448,#1673,.T.);
#8126=EDGE_CURVE('',#4448,#4930,#1677,.T.);
#8138=EDGE_CURVE('',#4442,#4435,#1689,.T.);
#8166=EDGE_CURVE('',#4446,#4867,#1713,.T.);
#8168=EDGE_CURVE('',#4436,#4446,#2390,.T.);
#8182=EDGE_CURVE('',#5709,#4868,#1725,.T.);
#8184=EDGE_CURVE('',#4446,#5709,#2394,.T.);
#8196=EDGE_CURVE('',#5673,#4872,#1733,.T.);
#8198=EDGE_CURVE('',#5706,#5673,#2034,.T.);
#8200=EDGE_CURVE('',#5706,#4871,#1737,.T.);
#8211=EDGE_CURVE('',#5637,#4876,#1745,.T.);
#8213=EDGE_CURVE('',#5670,#5637,#2066,.T.);
#8215=EDGE_CURVE('',#5670,#4875,#1749,.T.);
#8226=EDGE_CURVE('',#5601,#4880,#1757,.T.);
#8228=EDGE_CURVE('',#5634,#5601,#2098,.T.);
#8230=EDGE_CURVE('',#5634,#4879,#1761,.T.);
#8241=EDGE_CURVE('',#5571,#4884,#1769,.T.);
#8243=EDGE_CURVE('',#5598,#5571,#2130,.T.);
#8245=EDGE_CURVE('',#5598,#4883,#1773,.T.);
#8256=EDGE_CURVE('',#5535,#4888,#1781,.T.);
#8258=EDGE_CURVE('',#5568,#5535,#2162,.T.);
#8260=EDGE_CURVE('',#5568,#4887,#1785,.T.);
#8271=EDGE_CURVE('',#4544,#4448,#2386,.T.);
#8273=EDGE_CURVE('',#4892,#4544,#1789,.T.);
#8284=EDGE_CURVE('',#4552,#4900,#1797,.T.);
#8287=EDGE_CURVE('',#4547,#4895,#1805,.T.);
#8289=EDGE_CURVE('',#4552,#4547,#2354,.T.);
#8299=EDGE_CURVE('',#4555,#4903,#1809,.T.);
#8301=EDGE_CURVE('',#4560,#4555,#2322,.T.);
#8303=EDGE_CURVE('',#4560,#4908,#1813,.T.);
#8314=EDGE_CURVE('',#4563,#4911,#1821,.T.);
#8316=EDGE_CURVE('',#4568,#4563,#2290,.T.);
#8318=EDGE_CURVE('',#4568,#4916,#1825,.T.);
#8329=EDGE_CURVE('',#4571,#4919,#1833,.T.);
#8331=EDGE_CURVE('',#4576,#4571,#2258,.T.);
#8333=EDGE_CURVE('',#4576,#4924,#1837,.T.);
#8344=EDGE_CURVE('',#4579,#4927,#1845,.T.);
#8346=EDGE_CURVE('',#5496,#4579,#2226,.T.);
#8348=EDGE_CURVE('',#5496,#5076,#1849,.T.);
#8360=EDGE_CURVE('',#5499,#5074,#1861,.T.);
#8362=EDGE_CURVE('',#5532,#5499,#2194,.T.);
#8364=EDGE_CURVE('',#5532,#5073,#1865,.T.);
#8375=EDGE_CURVE('',#5710,#5714,#1877,.T.);
#8377=EDGE_CURVE('',#5709,#5710,#2398,.T.);
#8388=EDGE_CURVE('',#5466,#5717,#1873,.T.);
#8390=EDGE_CURVE('',#5710,#5717,#2402,.T.);
#8403=EDGE_CURVE('',#5432,#5460,#1906,.T.);
#8405=EDGE_CURVE('',#5430,#5432,#1885,.T.);
#8407=EDGE_CURVE('',#5430,#5457,#1889,.T.);
#8419=EDGE_CURVE('',#5474,#5438,#1894,.T.);
#8421=EDGE_CURVE('',#5438,#5442,#1898,.T.);
#8423=EDGE_CURVE('',#5442,#5444,#2451,.T.);
#8425=EDGE_CURVE('',#5718,#5444,#2438,.T.);
#8427=EDGE_CURVE('',#5717,#5718,#2014,.T.);
#8439=EDGE_CURVE('',#5434,#5462,#1914,.T.);
#8441=EDGE_CURVE('',#5432,#5434,#1902,.T.);
#8453=EDGE_CURVE('',#5429,#5458,#1926,.T.);
#8455=EDGE_CURVE('',#5434,#5429,#1910,.T.);
#8467=EDGE_CURVE('',#5470,#5721,#1966,.T.);
#8469=EDGE_CURVE('',#5721,#5722,#2022,.T.);
#8471=EDGE_CURVE('',#5722,#5446,#1918,.T.);
#8473=EDGE_CURVE('',#5446,#5441,#2482,.T.);
#8475=EDGE_CURVE('',#5437,#5441,#2473,.T.);
#8477=EDGE_CURVE('',#5472,#5437,#2478,.T.);
#8490=EDGE_CURVE('',#5429,#5430,#1922,.T.);
#8525=EDGE_CURVE('',#5421,#5422,#1935,.T.);
#8527=EDGE_CURVE('',#5421,#5429,#1931,.T.);
#8530=EDGE_CURVE('',#5422,#5430,#1952,.T.);
#8541=EDGE_CURVE('',#5422,#5424,#1939,.T.);
#8543=EDGE_CURVE('',#5424,#5426,#1943,.T.);
#8545=EDGE_CURVE('',#5426,#5421,#1947,.T.);
#8582=EDGE_CURVE('',#5424,#5432,#1957,.T.);
#8619=EDGE_CURVE('',#5426,#5434,#1962,.T.);
#8667=EDGE_CURVE('',#5705,#5712,#1978,.T.);
#8669=EDGE_CURVE('',#5721,#5705,#2026,.T.);
#8681=EDGE_CURVE('',#5705,#5706,#2030,.T.);
#8693=EDGE_CURVE('',#5718,#5722,#2018,.T.);
#8699=EDGE_CURVE('',#5673,#5674,#2038,.T.);
#8701=EDGE_CURVE('',#5674,#5681,#2042,.T.);
#8703=EDGE_CURVE('',#5681,#5682,#2046,.T.);
#8705=EDGE_CURVE('',#5682,#5686,#2050,.T.);
#8707=EDGE_CURVE('',#5685,#5686,#2054,.T.);
#8709=EDGE_CURVE('',#5685,#5669,#2058,.T.);
#8711=EDGE_CURVE('',#5669,#5670,#2062,.T.);
#8714=EDGE_CURVE('',#5637,#5638,#2070,.T.);
#8716=EDGE_CURVE('',#5638,#5645,#2074,.T.);
#8718=EDGE_CURVE('',#5645,#5646,#2078,.T.);
#8720=EDGE_CURVE('',#5646,#5650,#2082,.T.);
#8722=EDGE_CURVE('',#5649,#5650,#2086,.T.);
#8724=EDGE_CURVE('',#5649,#5633,#2090,.T.);
#8726=EDGE_CURVE('',#5633,#5634,#2094,.T.);
#8729=EDGE_CURVE('',#5601,#5602,#2102,.T.);
#8731=EDGE_CURVE('',#5602,#5609,#2106,.T.);
#8733=EDGE_CURVE('',#5609,#5610,#2110,.T.);
#8735=EDGE_CURVE('',#5610,#5614,#2114,.T.);
#8737=EDGE_CURVE('',#5613,#5614,#2118,.T.);
#8739=EDGE_CURVE('',#5613,#5597,#2122,.T.);
#8741=EDGE_CURVE('',#5597,#5598,#2126,.T.);
#8744=EDGE_CURVE('',#5571,#5572,#2134,.T.);
#8746=EDGE_CURVE('',#5572,#5578,#2138,.T.);
#8748=EDGE_CURVE('',#5578,#5238,#2142,.T.);
#8750=EDGE_CURVE('',#5238,#5236,#2146,.T.);
#8752=EDGE_CURVE('',#5235,#5236,#2150,.T.);
#8754=EDGE_CURVE('',#5235,#5567,#2154,.T.);
#8756=EDGE_CURVE('',#5567,#5568,#2158,.T.);
#8759=EDGE_CURVE('',#5535,#5536,#2166,.T.);
#8761=EDGE_CURVE('',#5536,#5543,#2170,.T.);
#8763=EDGE_CURVE('',#5543,#5544,#2174,.T.);
#8765=EDGE_CURVE('',#5544,#5548,#2178,.T.);
#8767=EDGE_CURVE('',#5547,#5548,#2182,.T.);
#8769=EDGE_CURVE('',#5547,#5531,#2186,.T.);
#8771=EDGE_CURVE('',#5531,#5532,#2190,.T.);
#8774=EDGE_CURVE('',#5499,#5500,#2198,.T.);
#8776=EDGE_CURVE('',#5500,#5507,#2202,.T.);
#8778=EDGE_CURVE('',#5507,#5508,#2206,.T.);
#8780=EDGE_CURVE('',#5508,#5512,#2210,.T.);
#8782=EDGE_CURVE('',#5511,#5512,#2214,.T.);
#8784=EDGE_CURVE('',#5511,#5495,#2218,.T.);
#8786=EDGE_CURVE('',#5495,#5496,#2222,.T.);
#8789=EDGE_CURVE('',#4579,#4580,#2230,.T.);
#8791=EDGE_CURVE('',#4580,#4855,#2234,.T.);
#8793=EDGE_CURVE('',#4855,#5488,#2238,.T.);
#8795=EDGE_CURVE('',#5488,#5490,#2242,.T.);
#8797=EDGE_CURVE('',#4859,#5490,#2246,.T.);
#8799=EDGE_CURVE('',#4859,#4575,#2250,.T.);
#8801=EDGE_CURVE('',#4575,#4576,#2254,.T.);
#8804=EDGE_CURVE('',#4571,#4572,#2262,.T.);
#8806=EDGE_CURVE('',#4572,#4799,#2266,.T.);
#8808=EDGE_CURVE('',#4799,#5484,#2270,.T.);
#8810=EDGE_CURVE('',#5484,#5486,#2274,.T.);
#8812=EDGE_CURVE('',#4803,#5486,#2278,.T.);
#8814=EDGE_CURVE('',#4803,#4567,#2282,.T.);
#8816=EDGE_CURVE('',#4567,#4568,#2286,.T.);
#8819=EDGE_CURVE('',#4563,#4564,#2294,.T.);
#8821=EDGE_CURVE('',#4564,#4743,#2298,.T.);
#8823=EDGE_CURVE('',#4743,#5480,#2302,.T.);
#8825=EDGE_CURVE('',#5480,#5482,#2306,.T.);
#8827=EDGE_CURVE('',#4747,#5482,#2310,.T.);
#8829=EDGE_CURVE('',#4747,#4559,#2314,.T.);
#8831=EDGE_CURVE('',#4559,#4560,#2318,.T.);
#8834=EDGE_CURVE('',#4555,#4556,#2326,.T.);
#8836=EDGE_CURVE('',#4556,#4687,#2330,.T.);
#8838=EDGE_CURVE('',#4687,#5476,#2334,.T.);
#8840=EDGE_CURVE('',#5476,#5478,#2338,.T.);
#8842=EDGE_CURVE('',#4691,#5478,#2342,.T.);
#8844=EDGE_CURVE('',#4691,#4551,#2346,.T.);
#8846=EDGE_CURVE('',#4551,#4552,#2350,.T.);
#8849=EDGE_CURVE('',#4547,#4548,#2358,.T.);
#8851=EDGE_CURVE('',#4548,#4627,#2362,.T.);
#8854=EDGE_CURVE('',#4638,#4640,#2370,.T.);
#8858=EDGE_CURVE('',#4543,#4544,#2382,.T.);
#8869=EDGE_CURVE('',#4535,#4536,#1998,.T.);
#8871=EDGE_CURVE('',#4540,#4536,#2002,.T.);
#8873=EDGE_CURVE('',#4539,#4540,#2006,.T.);
#8875=EDGE_CURVE('',#4539,#4535,#2010,.T.);
#8879=EDGE_CURVE('',#4519,#4520,#1982,.T.);
#8881=EDGE_CURVE('',#4524,#4520,#1986,.T.);
#8883=EDGE_CURVE('',#4523,#4524,#1990,.T.);
#8885=EDGE_CURVE('',#4523,#4519,#1994,.T.);
#8896=EDGE_CURVE('',#4512,#4520,#2406,.T.);
#8899=EDGE_CURVE('',#4519,#4511,#2410,.T.);
#8910=EDGE_CURVE('',#4516,#4524,#2414,.T.);
#8925=EDGE_CURVE('',#4523,#4514,#2418,.T.);
#8948=EDGE_CURVE('',#4528,#4536,#2422,.T.);
#8951=EDGE_CURVE('',#4535,#4527,#2426,.T.);
#8962=EDGE_CURVE('',#4532,#4540,#2430,.T.);
#8977=EDGE_CURVE('',#4539,#4530,#2434,.T.);
#9001=EDGE_CURVE('',#5444,#5446,#2442,.T.);
#9037=EDGE_CURVE('',#5444,#5452,#2447,.T.);
#9039=EDGE_CURVE('',#5452,#5454,#2499,.T.);
#9041=EDGE_CURVE('',#5446,#5454,#2487,.T.);
#9076=EDGE_CURVE('',#5442,#5450,#2456,.T.);
#9078=EDGE_CURVE('',#5450,#5452,#2503,.T.);
#9113=EDGE_CURVE('',#5441,#5442,#2460,.T.);
#9115=EDGE_CURVE('',#5441,#5449,#2465,.T.);
#9117=EDGE_CURVE('',#5449,#5450,#2491,.T.);
#9128=EDGE_CURVE('',#5437,#5438,#2469,.T.);
#9179=EDGE_CURVE('',#5454,#5449,#2495,.T.);
#9203=EDGE_CURVE('',#5674,#5678,#2515,.T.);
#9215=EDGE_CURVE('',#5410,#5681,#2511,.T.);
#9229=EDGE_CURVE('',#5376,#5404,#2544,.T.);
#9231=EDGE_CURVE('',#5374,#5376,#2523,.T.);
#9233=EDGE_CURVE('',#5374,#5401,#2527,.T.);
#9245=EDGE_CURVE('',#5418,#5382,#2532,.T.);
#9247=EDGE_CURVE('',#5382,#5386,#2536,.T.);
#9249=EDGE_CURVE('',#5386,#5388,#2633,.T.);
#9251=EDGE_CURVE('',#5682,#5388,#2620,.T.);
#9264=EDGE_CURVE('',#5378,#5406,#2552,.T.);
#9266=EDGE_CURVE('',#5376,#5378,#2540,.T.);
#9278=EDGE_CURVE('',#5373,#5402,#2564,.T.);
#9280=EDGE_CURVE('',#5378,#5373,#2548,.T.);
#9292=EDGE_CURVE('',#5414,#5685,#2604,.T.);
#9295=EDGE_CURVE('',#5686,#5390,#2556,.T.);
#9297=EDGE_CURVE('',#5390,#5385,#2664,.T.);
#9299=EDGE_CURVE('',#5381,#5385,#2655,.T.);
#9301=EDGE_CURVE('',#5416,#5381,#2660,.T.);
#9314=EDGE_CURVE('',#5373,#5374,#2560,.T.);
#9349=EDGE_CURVE('',#5365,#5366,#2573,.T.);
#9351=EDGE_CURVE('',#5365,#5373,#2569,.T.);
#9354=EDGE_CURVE('',#5366,#5374,#2590,.T.);
#9365=EDGE_CURVE('',#5366,#5368,#2577,.T.);
#9367=EDGE_CURVE('',#5368,#5370,#2581,.T.);
#9369=EDGE_CURVE('',#5370,#5365,#2585,.T.);
#9406=EDGE_CURVE('',#5368,#5376,#2595,.T.);
#9443=EDGE_CURVE('',#5370,#5378,#2600,.T.);
#9491=EDGE_CURVE('',#5669,#5676,#2616,.T.);
#9516=EDGE_CURVE('',#5388,#5390,#2624,.T.);
#9552=EDGE_CURVE('',#5388,#5396,#2629,.T.);
#9554=EDGE_CURVE('',#5396,#5398,#2681,.T.);
#9556=EDGE_CURVE('',#5390,#5398,#2669,.T.);
#9591=EDGE_CURVE('',#5386,#5394,#2638,.T.);
#9593=EDGE_CURVE('',#5394,#5396,#2685,.T.);
#9628=EDGE_CURVE('',#5385,#5386,#2642,.T.);
#9630=EDGE_CURVE('',#5385,#5393,#2647,.T.);
#9632=EDGE_CURVE('',#5393,#5394,#2673,.T.);
#9643=EDGE_CURVE('',#5381,#5382,#2651,.T.);
#9694=EDGE_CURVE('',#5398,#5393,#2677,.T.);
#9718=EDGE_CURVE('',#5638,#5642,#2697,.T.);
#9730=EDGE_CURVE('',#5354,#5645,#2693,.T.);
#9744=EDGE_CURVE('',#5320,#5348,#2726,.T.);
#9746=EDGE_CURVE('',#5318,#5320,#2705,.T.);
#9748=EDGE_CURVE('',#5318,#5345,#2709,.T.);
#9760=EDGE_CURVE('',#5362,#5326,#2714,.T.);
#9762=EDGE_CURVE('',#5326,#5330,#2718,.T.);
#9764=EDGE_CURVE('',#5330,#5332,#2815,.T.);
#9766=EDGE_CURVE('',#5646,#5332,#2802,.T.);
#9779=EDGE_CURVE('',#5322,#5350,#2734,.T.);
#9781=EDGE_CURVE('',#5320,#5322,#2722,.T.);
#9793=EDGE_CURVE('',#5317,#5346,#2746,.T.);
#9795=EDGE_CURVE('',#5322,#5317,#2730,.T.);
#9807=EDGE_CURVE('',#5358,#5649,#2786,.T.);
#9810=EDGE_CURVE('',#5650,#5334,#2738,.T.);
#9812=EDGE_CURVE('',#5334,#5329,#2846,.T.);
#9814=EDGE_CURVE('',#5325,#5329,#2837,.T.);
#9816=EDGE_CURVE('',#5360,#5325,#2842,.T.);
#9829=EDGE_CURVE('',#5317,#5318,#2742,.T.);
#9864=EDGE_CURVE('',#5309,#5310,#2755,.T.);
#9866=EDGE_CURVE('',#5309,#5317,#2751,.T.);
#9869=EDGE_CURVE('',#5310,#5318,#2772,.T.);
#9880=EDGE_CURVE('',#5310,#5312,#2759,.T.);
#9882=EDGE_CURVE('',#5312,#5314,#2763,.T.);
#9884=EDGE_CURVE('',#5314,#5309,#2767,.T.);
#9921=EDGE_CURVE('',#5312,#5320,#2777,.T.);
#9958=EDGE_CURVE('',#5314,#5322,#2782,.T.);
#10006=EDGE_CURVE('',#5633,#5640,#2798,.T.);
#10031=EDGE_CURVE('',#5332,#5334,#2806,.T.);
#10067=EDGE_CURVE('',#5332,#5340,#2811,.T.);
#10069=EDGE_CURVE('',#5340,#5342,#2863,.T.);
#10071=EDGE_CURVE('',#5334,#5342,#2851,.T.);
#10106=EDGE_CURVE('',#5330,#5338,#2820,.T.);
#10108=EDGE_CURVE('',#5338,#5340,#2867,.T.);
#10143=EDGE_CURVE('',#5329,#5330,#2824,.T.);
#10145=EDGE_CURVE('',#5329,#5337,#2829,.T.);
#10147=EDGE_CURVE('',#5337,#5338,#2855,.T.);
#10158=EDGE_CURVE('',#5325,#5326,#2833,.T.);
#10209=EDGE_CURVE('',#5342,#5337,#2859,.T.);
#10233=EDGE_CURVE('',#5602,#5606,#2879,.T.);
#10245=EDGE_CURVE('',#5298,#5609,#2875,.T.);
#10259=EDGE_CURVE('',#5264,#5292,#2908,.T.);
#10261=EDGE_CURVE('',#5262,#5264,#2887,.T.);
#10263=EDGE_CURVE('',#5262,#5289,#2891,.T.);
#10275=EDGE_CURVE('',#5306,#5270,#2896,.T.);
#10277=EDGE_CURVE('',#5270,#5274,#2900,.T.);
#10279=EDGE_CURVE('',#5274,#5276,#2997,.T.);
#10281=EDGE_CURVE('',#5610,#5276,#2984,.T.);
#10294=EDGE_CURVE('',#5266,#5294,#2916,.T.);
#10296=EDGE_CURVE('',#5264,#5266,#2904,.T.);
#10308=EDGE_CURVE('',#5261,#5290,#2928,.T.);
#10310=EDGE_CURVE('',#5266,#5261,#2912,.T.);
#10322=EDGE_CURVE('',#5302,#5613,#2968,.T.);
#10325=EDGE_CURVE('',#5614,#5278,#2920,.T.);
#10327=EDGE_CURVE('',#5278,#5273,#3028,.T.);
#10329=EDGE_CURVE('',#5269,#5273,#3019,.T.);
#10331=EDGE_CURVE('',#5304,#5269,#3024,.T.);
#10344=EDGE_CURVE('',#5261,#5262,#2924,.T.);
#10379=EDGE_CURVE('',#5253,#5254,#2937,.T.);
#10381=EDGE_CURVE('',#5253,#5261,#2933,.T.);
#10384=EDGE_CURVE('',#5254,#5262,#2954,.T.);
#10395=EDGE_CURVE('',#5254,#5256,#2941,.T.);
#10397=EDGE_CURVE('',#5256,#5258,#2945,.T.);
#10399=EDGE_CURVE('',#5258,#5253,#2949,.T.);
#10436=EDGE_CURVE('',#5256,#5264,#2959,.T.);
#10473=EDGE_CURVE('',#5258,#5266,#2964,.T.);
#10521=EDGE_CURVE('',#5597,#5604,#2980,.T.);
#10546=EDGE_CURVE('',#5276,#5278,#2988,.T.);
#10582=EDGE_CURVE('',#5276,#5284,#2993,.T.);
#10584=EDGE_CURVE('',#5284,#5286,#3045,.T.);
#10586=EDGE_CURVE('',#5278,#5286,#3033,.T.);
#10621=EDGE_CURVE('',#5274,#5282,#3002,.T.);
#10623=EDGE_CURVE('',#5282,#5284,#3049,.T.);
#10658=EDGE_CURVE('',#5273,#5274,#3006,.T.);
#10660=EDGE_CURVE('',#5273,#5281,#3011,.T.);
#10662=EDGE_CURVE('',#5281,#5282,#3037,.T.);
#10673=EDGE_CURVE('',#5269,#5270,#3015,.T.);
#10724=EDGE_CURVE('',#5286,#5281,#3041,.T.);
#10748=EDGE_CURVE('',#5572,#5576,#3061,.T.);
#10760=EDGE_CURVE('',#5242,#5578,#3057,.T.);
#10774=EDGE_CURVE('',#5202,#5230,#3090,.T.);
#10776=EDGE_CURVE('',#5200,#5202,#3069,.T.);
#10778=EDGE_CURVE('',#5200,#5227,#3073,.T.);
#10790=EDGE_CURVE('',#5250,#5208,#3078,.T.);
#10792=EDGE_CURVE('',#5208,#5212,#3082,.T.);
#10794=EDGE_CURVE('',#5212,#5214,#3163,.T.);
#10796=EDGE_CURVE('',#5238,#5214,#3150,.T.);
#10809=EDGE_CURVE('',#5204,#5232,#3098,.T.);
#10811=EDGE_CURVE('',#5202,#5204,#3086,.T.);
#10823=EDGE_CURVE('',#5199,#5228,#3110,.T.);
#10825=EDGE_CURVE('',#5204,#5199,#3094,.T.);
#10837=EDGE_CURVE('',#5236,#5216,#3102,.T.);
#10839=EDGE_CURVE('',#5216,#5211,#3194,.T.);
#10841=EDGE_CURVE('',#5207,#5211,#3185,.T.);
#10843=EDGE_CURVE('',#5248,#5207,#3190,.T.);
#10847=EDGE_CURVE('',#5246,#5235,#3219,.T.);
#10859=EDGE_CURVE('',#5199,#5200,#3106,.T.);
#10894=EDGE_CURVE('',#5191,#5192,#3119,.T.);
#10896=EDGE_CURVE('',#5191,#5199,#3115,.T.);
#10899=EDGE_CURVE('',#5192,#5200,#3136,.T.);
#10910=EDGE_CURVE('',#5192,#5194,#3123,.T.);
#10912=EDGE_CURVE('',#5194,#5196,#3127,.T.);
#10914=EDGE_CURVE('',#5196,#5191,#3131,.T.);
#10951=EDGE_CURVE('',#5194,#5202,#3141,.T.);
#10988=EDGE_CURVE('',#5196,#5204,#3146,.T.);
#11036=EDGE_CURVE('',#5214,#5216,#3154,.T.);
#11072=EDGE_CURVE('',#5214,#5222,#3159,.T.);
#11074=EDGE_CURVE('',#5222,#5224,#3211,.T.);
#11076=EDGE_CURVE('',#5216,#5224,#3199,.T.);
#11111=EDGE_CURVE('',#5212,#5220,#3168,.T.);
#11113=EDGE_CURVE('',#5220,#5222,#3215,.T.);
#11148=EDGE_CURVE('',#5211,#5212,#3172,.T.);
#11150=EDGE_CURVE('',#5211,#5219,#3177,.T.);
#11152=EDGE_CURVE('',#5219,#5220,#3203,.T.);
#11163=EDGE_CURVE('',#5207,#5208,#3181,.T.);
#11214=EDGE_CURVE('',#5224,#5219,#3207,.T.);
#11239=EDGE_CURVE('',#5567,#5574,#3231,.T.);
#11263=EDGE_CURVE('',#5536,#5540,#3243,.T.);
#11275=EDGE_CURVE('',#5180,#5543,#3239,.T.);
#11289=EDGE_CURVE('',#5146,#5174,#3272,.T.);
#11291=EDGE_CURVE('',#5144,#5146,#3251,.T.);
#11293=EDGE_CURVE('',#5144,#5171,#3255,.T.);
#11305=EDGE_CURVE('',#5188,#5152,#3260,.T.);
#11307=EDGE_CURVE('',#5152,#5156,#3264,.T.);
#11309=EDGE_CURVE('',#5156,#5158,#3361,.T.);
#11311=EDGE_CURVE('',#5544,#5158,#3348,.T.);
#11324=EDGE_CURVE('',#5148,#5176,#3280,.T.);
#11326=EDGE_CURVE('',#5146,#5148,#3268,.T.);
#11338=EDGE_CURVE('',#5143,#5172,#3292,.T.);
#11340=EDGE_CURVE('',#5148,#5143,#3276,.T.);
#11352=EDGE_CURVE('',#5184,#5547,#3332,.T.);
#11355=EDGE_CURVE('',#5548,#5160,#3284,.T.);
#11357=EDGE_CURVE('',#5160,#5155,#3392,.T.);
#11359=EDGE_CURVE('',#5151,#5155,#3383,.T.);
#11361=EDGE_CURVE('',#5186,#5151,#3388,.T.);
#11374=EDGE_CURVE('',#5143,#5144,#3288,.T.);
#11409=EDGE_CURVE('',#5135,#5136,#3301,.T.);
#11411=EDGE_CURVE('',#5135,#5143,#3297,.T.);
#11414=EDGE_CURVE('',#5136,#5144,#3318,.T.);
#11425=EDGE_CURVE('',#5136,#5138,#3305,.T.);
#11427=EDGE_CURVE('',#5138,#5140,#3309,.T.);
#11429=EDGE_CURVE('',#5140,#5135,#3313,.T.);
#11466=EDGE_CURVE('',#5138,#5146,#3323,.T.);
#11503=EDGE_CURVE('',#5140,#5148,#3328,.T.);
#11551=EDGE_CURVE('',#5531,#5538,#3344,.T.);
#11576=EDGE_CURVE('',#5158,#5160,#3352,.T.);
#11612=EDGE_CURVE('',#5158,#5166,#3357,.T.);
#11614=EDGE_CURVE('',#5166,#5168,#3409,.T.);
#11616=EDGE_CURVE('',#5160,#5168,#3397,.T.);
#11651=EDGE_CURVE('',#5156,#5164,#3366,.T.);
#11653=EDGE_CURVE('',#5164,#5166,#3413,.T.);
#11688=EDGE_CURVE('',#5155,#5156,#3370,.T.);
#11690=EDGE_CURVE('',#5155,#5163,#3375,.T.);
#11692=EDGE_CURVE('',#5163,#5164,#3401,.T.);
#11703=EDGE_CURVE('',#5151,#5152,#3379,.T.);
#11754=EDGE_CURVE('',#5168,#5163,#3405,.T.);
#11778=EDGE_CURVE('',#5500,#5504,#3425,.T.);
#11790=EDGE_CURVE('',#5124,#5507,#3421,.T.);
#11804=EDGE_CURVE('',#5090,#5118,#3454,.T.);
#11806=EDGE_CURVE('',#5088,#5090,#3433,.T.);
#11808=EDGE_CURVE('',#5088,#5115,#3437,.T.);
#11820=EDGE_CURVE('',#5132,#5096,#3442,.T.);
#11822=EDGE_CURVE('',#5096,#5100,#3446,.T.);
#11824=EDGE_CURVE('',#5100,#5102,#3543,.T.);
#11826=EDGE_CURVE('',#5508,#5102,#3530,.T.);
#11839=EDGE_CURVE('',#5092,#5120,#3462,.T.);
#11841=EDGE_CURVE('',#5090,#5092,#3450,.T.);
#11853=EDGE_CURVE('',#5087,#5116,#3474,.T.);
#11855=EDGE_CURVE('',#5092,#5087,#3458,.T.);
#11867=EDGE_CURVE('',#5128,#5511,#3514,.T.);
#11870=EDGE_CURVE('',#5512,#5104,#3466,.T.);
#11872=EDGE_CURVE('',#5104,#5099,#3574,.T.);
#11874=EDGE_CURVE('',#5095,#5099,#3565,.T.);
#11876=EDGE_CURVE('',#5130,#5095,#3570,.T.);
#11889=EDGE_CURVE('',#5087,#5088,#3470,.T.);
#11924=EDGE_CURVE('',#5079,#5080,#3483,.T.);
#11926=EDGE_CURVE('',#5079,#5087,#3479,.T.);
#11929=EDGE_CURVE('',#5080,#5088,#3500,.T.);
#11940=EDGE_CURVE('',#5080,#5082,#3487,.T.);
#11942=EDGE_CURVE('',#5082,#5084,#3491,.T.);
#11944=EDGE_CURVE('',#5084,#5079,#3495,.T.);
#11981=EDGE_CURVE('',#5082,#5090,#3505,.T.);
#12018=EDGE_CURVE('',#5084,#5092,#3510,.T.);
#12066=EDGE_CURVE('',#5495,#5502,#3526,.T.);
#12091=EDGE_CURVE('',#5102,#5104,#3534,.T.);
#12127=EDGE_CURVE('',#5102,#5110,#3539,.T.);
#12129=EDGE_CURVE('',#5110,#5112,#3591,.T.);
#12131=EDGE_CURVE('',#5104,#5112,#3579,.T.);
#12166=EDGE_CURVE('',#5100,#5108,#3548,.T.);
#12168=EDGE_CURVE('',#5108,#5110,#3595,.T.);
#12203=EDGE_CURVE('',#5099,#5100,#3552,.T.);
#12205=EDGE_CURVE('',#5099,#5107,#3557,.T.);
#12207=EDGE_CURVE('',#5107,#5108,#3583,.T.);
#12218=EDGE_CURVE('',#5095,#5096,#3561,.T.);
#12269=EDGE_CURVE('',#5112,#5107,#3587,.T.);
#12293=EDGE_CURVE('',#4580,#4928,#3607,.T.);
#12305=EDGE_CURVE('',#4855,#4856,#3603,.T.);
#12319=EDGE_CURVE('',#4822,#4850,#3636,.T.);
#12321=EDGE_CURVE('',#4820,#4822,#3615,.T.);
#12323=EDGE_CURVE('',#4820,#4847,#3619,.T.);
#12336=EDGE_CURVE('',#4864,#4828,#3624,.T.);
#12338=EDGE_CURVE('',#4828,#4832,#3628,.T.);
#12340=EDGE_CURVE('',#4832,#4834,#3725,.T.);
#12342=EDGE_CURVE('',#5488,#4834,#3712,.T.);
#12354=EDGE_CURVE('',#4824,#4852,#3644,.T.);
#12356=EDGE_CURVE('',#4822,#4824,#3632,.T.);
#12368=EDGE_CURVE('',#4819,#4848,#3656,.T.);
#12370=EDGE_CURVE('',#4824,#4819,#3640,.T.);
#12381=EDGE_CURVE('',#4859,#4860,#3696,.T.);
#12384=EDGE_CURVE('',#5490,#4836,#3648,.T.);
#12386=EDGE_CURVE('',#4836,#4831,#3756,.T.);
#12388=EDGE_CURVE('',#4827,#4831,#3747,.T.);
#12390=EDGE_CURVE('',#4862,#4827,#3752,.T.);
#12404=EDGE_CURVE('',#4819,#4820,#3652,.T.);
#12439=EDGE_CURVE('',#4811,#4812,#3665,.T.);
#12441=EDGE_CURVE('',#4811,#4819,#3661,.T.);
#12444=EDGE_CURVE('',#4812,#4820,#3682,.T.);
#12455=EDGE_CURVE('',#4812,#4814,#3669,.T.);
#12457=EDGE_CURVE('',#4814,#4816,#3673,.T.);
#12459=EDGE_CURVE('',#4816,#4811,#3677,.T.);
#12496=EDGE_CURVE('',#4814,#4822,#3687,.T.);
#12533=EDGE_CURVE('',#4816,#4824,#3692,.T.);
#12581=EDGE_CURVE('',#4575,#4923,#3708,.T.);
#12606=EDGE_CURVE('',#4834,#4836,#3716,.T.);
#12642=EDGE_CURVE('',#4834,#4842,#3721,.T.);
#12644=EDGE_CURVE('',#4842,#4844,#3773,.T.);
#12646=EDGE_CURVE('',#4836,#4844,#3761,.T.);
#12681=EDGE_CURVE('',#4832,#4840,#3730,.T.);
#12683=EDGE_CURVE('',#4840,#4842,#3777,.T.);
#12718=EDGE_CURVE('',#4831,#4832,#3734,.T.);
#12720=EDGE_CURVE('',#4831,#4839,#3739,.T.);
#12722=EDGE_CURVE('',#4839,#4840,#3765,.T.);
#12733=EDGE_CURVE('',#4827,#4828,#3743,.T.);
#12784=EDGE_CURVE('',#4844,#4839,#3769,.T.);
#12808=EDGE_CURVE('',#4572,#4920,#3789,.T.);
#12820=EDGE_CURVE('',#4799,#4800,#3785,.T.);
#12834=EDGE_CURVE('',#4766,#4794,#3818,.T.);
#12836=EDGE_CURVE('',#4764,#4766,#3797,.T.);
#12838=EDGE_CURVE('',#4764,#4791,#3801,.T.);
#12851=EDGE_CURVE('',#4808,#4772,#3806,.T.);
#12853=EDGE_CURVE('',#4772,#4776,#3810,.T.);
#12855=EDGE_CURVE('',#4776,#4778,#3907,.T.);
#12857=EDGE_CURVE('',#5484,#4778,#3894,.T.);
#12869=EDGE_CURVE('',#4768,#4796,#3826,.T.);
#12871=EDGE_CURVE('',#4766,#4768,#3814,.T.);
#12883=EDGE_CURVE('',#4763,#4792,#3838,.T.);
#12885=EDGE_CURVE('',#4768,#4763,#3822,.T.);
#12896=EDGE_CURVE('',#4803,#4804,#3878,.T.);
#12899=EDGE_CURVE('',#5486,#4780,#3830,.T.);
#12901=EDGE_CURVE('',#4780,#4775,#3938,.T.);
#12903=EDGE_CURVE('',#4771,#4775,#3929,.T.);
#12905=EDGE_CURVE('',#4806,#4771,#3934,.T.);
#12919=EDGE_CURVE('',#4763,#4764,#3834,.T.);
#12954=EDGE_CURVE('',#4755,#4756,#3847,.T.);
#12956=EDGE_CURVE('',#4755,#4763,#3843,.T.);
#12959=EDGE_CURVE('',#4756,#4764,#3864,.T.);
#12970=EDGE_CURVE('',#4756,#4758,#3851,.T.);
#12972=EDGE_CURVE('',#4758,#4760,#3855,.T.);
#12974=EDGE_CURVE('',#4760,#4755,#3859,.T.);
#13011=EDGE_CURVE('',#4758,#4766,#3869,.T.);
#13048=EDGE_CURVE('',#4760,#4768,#3874,.T.);
#13096=EDGE_CURVE('',#4567,#4915,#3890,.T.);
#13121=EDGE_CURVE('',#4778,#4780,#3898,.T.);
#13157=EDGE_CURVE('',#4778,#4786,#3903,.T.);
#13159=EDGE_CURVE('',#4786,#4788,#3955,.T.);
#13161=EDGE_CURVE('',#4780,#4788,#3943,.T.);
#13196=EDGE_CURVE('',#4776,#4784,#3912,.T.);
#13198=EDGE_CURVE('',#4784,#4786,#3959,.T.);
#13233=EDGE_CURVE('',#4775,#4776,#3916,.T.);
#13235=EDGE_CURVE('',#4775,#4783,#3921,.T.);
#13237=EDGE_CURVE('',#4783,#4784,#3947,.T.);
#13248=EDGE_CURVE('',#4771,#4772,#3925,.T.);
#13299=EDGE_CURVE('',#4788,#4783,#3951,.T.);
#13323=EDGE_CURVE('',#4564,#4912,#3971,.T.);
#13335=EDGE_CURVE('',#4743,#4744,#3967,.T.);
#13349=EDGE_CURVE('',#4710,#4738,#4000,.T.);
#13351=EDGE_CURVE('',#4708,#4710,#3979,.T.);
#13353=EDGE_CURVE('',#4708,#4735,#3983,.T.);
#13366=EDGE_CURVE('',#4752,#4716,#3988,.T.);
#13368=EDGE_CURVE('',#4716,#4720,#3992,.T.);
#13370=EDGE_CURVE('',#4720,#4722,#4089,.T.);
#13372=EDGE_CURVE('',#5480,#4722,#4076,.T.);
#13384=EDGE_CURVE('',#4712,#4740,#4008,.T.);
#13386=EDGE_CURVE('',#4710,#4712,#3996,.T.);
#13398=EDGE_CURVE('',#4707,#4736,#4020,.T.);
#13400=EDGE_CURVE('',#4712,#4707,#4004,.T.);
#13411=EDGE_CURVE('',#4747,#4748,#4060,.T.);
#13414=EDGE_CURVE('',#5482,#4724,#4012,.T.);
#13416=EDGE_CURVE('',#4724,#4719,#4120,.T.);
#13418=EDGE_CURVE('',#4715,#4719,#4111,.T.);
#13420=EDGE_CURVE('',#4750,#4715,#4116,.T.);
#13434=EDGE_CURVE('',#4707,#4708,#4016,.T.);
#13469=EDGE_CURVE('',#4699,#4700,#4029,.T.);
#13471=EDGE_CURVE('',#4699,#4707,#4025,.T.);
#13474=EDGE_CURVE('',#4700,#4708,#4046,.T.);
#13485=EDGE_CURVE('',#4700,#4702,#4033,.T.);
#13487=EDGE_CURVE('',#4702,#4704,#4037,.T.);
#13489=EDGE_CURVE('',#4704,#4699,#4041,.T.);
#13526=EDGE_CURVE('',#4702,#4710,#4051,.T.);
#13563=EDGE_CURVE('',#4704,#4712,#4056,.T.);
#13611=EDGE_CURVE('',#4559,#4907,#4072,.T.);
#13636=EDGE_CURVE('',#4722,#4724,#4080,.T.);
#13672=EDGE_CURVE('',#4722,#4730,#4085,.T.);
#13674=EDGE_CURVE('',#4730,#4732,#4137,.T.);
#13676=EDGE_CURVE('',#4724,#4732,#4125,.T.);
#13711=EDGE_CURVE('',#4720,#4728,#4094,.T.);
#13713=EDGE_CURVE('',#4728,#4730,#4141,.T.);
#13748=EDGE_CURVE('',#4719,#4720,#4098,.T.);
#13750=EDGE_CURVE('',#4719,#4727,#4103,.T.);
#13752=EDGE_CURVE('',#4727,#4728,#4129,.T.);
#13763=EDGE_CURVE('',#4715,#4716,#4107,.T.);
#13814=EDGE_CURVE('',#4732,#4727,#4133,.T.);
#13838=EDGE_CURVE('',#4556,#4904,#4153,.T.);
#13850=EDGE_CURVE('',#4687,#4688,#4149,.T.);
#13864=EDGE_CURVE('',#4654,#4682,#4182,.T.);
#13866=EDGE_CURVE('',#4652,#4654,#4161,.T.);
#13868=EDGE_CURVE('',#4652,#4679,#4165,.T.);
#13881=EDGE_CURVE('',#4696,#4660,#4170,.T.);
#13883=EDGE_CURVE('',#4660,#4664,#4174,.T.);
#13885=EDGE_CURVE('',#4664,#4666,#4271,.T.);
#13887=EDGE_CURVE('',#5476,#4666,#4258,.T.);
#13899=EDGE_CURVE('',#4656,#4684,#4190,.T.);
#13901=EDGE_CURVE('',#4654,#4656,#4178,.T.);
#13913=EDGE_CURVE('',#4651,#4680,#4202,.T.);
#13915=EDGE_CURVE('',#4656,#4651,#4186,.T.);
#13926=EDGE_CURVE('',#4691,#4692,#4242,.T.);
#13929=EDGE_CURVE('',#5478,#4668,#4194,.T.);
#13931=EDGE_CURVE('',#4668,#4663,#4302,.T.);
#13933=EDGE_CURVE('',#4659,#4663,#4293,.T.);
#13935=EDGE_CURVE('',#4694,#4659,#4298,.T.);
#13949=EDGE_CURVE('',#4651,#4652,#4198,.T.);
#13984=EDGE_CURVE('',#4643,#4644,#4211,.T.);
#13986=EDGE_CURVE('',#4643,#4651,#4207,.T.);
#13989=EDGE_CURVE('',#4644,#4652,#4228,.T.);
#14000=EDGE_CURVE('',#4644,#4646,#4215,.T.);
#14002=EDGE_CURVE('',#4646,#4648,#4219,.T.);
#14004=EDGE_CURVE('',#4648,#4643,#4223,.T.);
#14041=EDGE_CURVE('',#4646,#4654,#4233,.T.);
#14078=EDGE_CURVE('',#4648,#4656,#4238,.T.);
#14126=EDGE_CURVE('',#4551,#4899,#4254,.T.);
#14151=EDGE_CURVE('',#4666,#4668,#4262,.T.);
#14187=EDGE_CURVE('',#4666,#4674,#4267,.T.);
#14189=EDGE_CURVE('',#4674,#4676,#4319,.T.);
#14191=EDGE_CURVE('',#4668,#4676,#4307,.T.);
#14226=EDGE_CURVE('',#4664,#4672,#4276,.T.);
#14228=EDGE_CURVE('',#4672,#4674,#4323,.T.);
#14263=EDGE_CURVE('',#4663,#4664,#4280,.T.);
#14265=EDGE_CURVE('',#4663,#4671,#4285,.T.);
#14267=EDGE_CURVE('',#4671,#4672,#4311,.T.);
#14278=EDGE_CURVE('',#4659,#4660,#4289,.T.);
#14329=EDGE_CURVE('',#4676,#4671,#4315,.T.);
#14353=EDGE_CURVE('',#4548,#4896,#4335,.T.);
#14379=EDGE_CURVE('',#4606,#4608,#4347,.T.);
#14415=EDGE_CURVE('',#4606,#4614,#4352,.T.);
#14417=EDGE_CURVE('',#4614,#4616,#4404,.T.);
#14419=EDGE_CURVE('',#4608,#4616,#4392,.T.);
#14454=EDGE_CURVE('',#4604,#4612,#4361,.T.);
#14456=EDGE_CURVE('',#4612,#4614,#4408,.T.);
#14491=EDGE_CURVE('',#4603,#4604,#4365,.T.);
#14493=EDGE_CURVE('',#4603,#4611,#4370,.T.);
#14495=EDGE_CURVE('',#4611,#4612,#4396,.T.);
#14506=EDGE_CURVE('',#4599,#4600,#4374,.T.);
#14557=EDGE_CURVE('',#4616,#4611,#4400,.T.);
#14597=CIRCLE('',#14596,2.5E-1);
#14598=TRIMMED_CURVE('',#14597,(PARAMETER_VALUE(0.E0)),(PARAMETER_VALUE(1.8E2)),
.T.,.UNSPECIFIED.);
#14599=COMPOSITE_CURVE_SEGMENT(.CONTINUOUS.,.T.,#14598);
#14604=CIRCLE('',#14603,2.5E-1);
#14605=TRIMMED_CURVE('',#14604,(PARAMETER_VALUE(0.E0)),(PARAMETER_VALUE(1.8E2)),
.T.,.UNSPECIFIED.);
#14606=COMPOSITE_CURVE_SEGMENT(.CONTINUOUS.,.T.,#14605);
#14607=COMPOSITE_CURVE('',(#14599,#14606),.F.);
#14613=CIRCLE('',#14612,2.5E-1);
#14614=TRIMMED_CURVE('',#14613,(PARAMETER_VALUE(0.E0)),(PARAMETER_VALUE(1.8E2)),
.T.,.UNSPECIFIED.);
#14615=COMPOSITE_CURVE_SEGMENT(.CONTINUOUS.,.T.,#14614);
#14620=CIRCLE('',#14619,2.5E-1);
#14621=TRIMMED_CURVE('',#14620,(PARAMETER_VALUE(0.E0)),(PARAMETER_VALUE(1.8E2)),
.T.,.UNSPECIFIED.);
#14622=COMPOSITE_CURVE_SEGMENT(.CONTINUOUS.,.T.,#14621);
#14623=COMPOSITE_CURVE('',(#14615,#14622),.F.);
#14628=CIRCLE('',#14627,2.5E-1);
#14629=TRIMMED_CURVE('',#14628,(PARAMETER_VALUE(0.E0)),(PARAMETER_VALUE(1.8E2)),
.T.,.UNSPECIFIED.);
#14630=COMPOSITE_CURVE_SEGMENT(.CONTINUOUS.,.T.,#14629);
#14635=CIRCLE('',#14634,2.5E-1);
#14636=TRIMMED_CURVE('',#14635,(PARAMETER_VALUE(0.E0)),(PARAMETER_VALUE(1.8E2)),
.T.,.UNSPECIFIED.);
#14637=COMPOSITE_CURVE_SEGMENT(.CONTINUOUS.,.T.,#14636);
#14638=COMPOSITE_CURVE('',(#14630,#14637),.F.);
#14643=CIRCLE('',#14642,2.5E-1);
#14644=TRIMMED_CURVE('',#14643,(PARAMETER_VALUE(0.E0)),(PARAMETER_VALUE(1.8E2)),
.T.,.UNSPECIFIED.);
#14645=COMPOSITE_CURVE_SEGMENT(.CONTINUOUS.,.T.,#14644);
#14650=CIRCLE('',#14649,2.5E-1);
#14651=TRIMMED_CURVE('',#14650,(PARAMETER_VALUE(0.E0)),(PARAMETER_VALUE(1.8E2)),
.T.,.UNSPECIFIED.);
#14652=COMPOSITE_CURVE_SEGMENT(.CONTINUOUS.,.T.,#14651);
#14653=COMPOSITE_CURVE('',(#14645,#14652),.F.);
#14658=CIRCLE('',#14657,2.5E-1);
#14659=TRIMMED_CURVE('',#14658,(PARAMETER_VALUE(0.E0)),(PARAMETER_VALUE(1.8E2)),
.T.,.UNSPECIFIED.);
#14660=COMPOSITE_CURVE_SEGMENT(.CONTINUOUS.,.T.,#14659);
#14665=CIRCLE('',#14664,2.5E-1);
#14666=TRIMMED_CURVE('',#14665,(PARAMETER_VALUE(0.E0)),(PARAMETER_VALUE(1.8E2)),
.T.,.UNSPECIFIED.);
#14667=COMPOSITE_CURVE_SEGMENT(.CONTINUOUS.,.T.,#14666);
#14668=COMPOSITE_CURVE('',(#14660,#14667),.F.);
#14673=CIRCLE('',#14672,2.5E-1);
#14674=TRIMMED_CURVE('',#14673,(PARAMETER_VALUE(0.E0)),(PARAMETER_VALUE(1.8E2)),
.T.,.UNSPECIFIED.);
#14675=COMPOSITE_CURVE_SEGMENT(.CONTINUOUS.,.T.,#14674);
#14680=CIRCLE('',#14679,2.5E-1);
#14681=TRIMMED_CURVE('',#14680,(PARAMETER_VALUE(0.E0)),(PARAMETER_VALUE(1.8E2)),
.T.,.UNSPECIFIED.);
#14682=COMPOSITE_CURVE_SEGMENT(.CONTINUOUS.,.T.,#14681);
#14683=COMPOSITE_CURVE('',(#14675,#14682),.F.);
#14688=CIRCLE('',#14687,2.5E-1);
#14689=TRIMMED_CURVE('',#14688,(PARAMETER_VALUE(0.E0)),(PARAMETER_VALUE(1.8E2)),
.T.,.UNSPECIFIED.);
#14690=COMPOSITE_CURVE_SEGMENT(.CONTINUOUS.,.T.,#14689);
#14695=CIRCLE('',#14694,2.5E-1);
#14696=TRIMMED_CURVE('',#14695,(PARAMETER_VALUE(0.E0)),(PARAMETER_VALUE(1.8E2)),
.T.,.UNSPECIFIED.);
#14697=COMPOSITE_CURVE_SEGMENT(.CONTINUOUS.,.T.,#14696);
#14698=COMPOSITE_CURVE('',(#14690,#14697),.F.);
#14703=CIRCLE('',#14702,2.5E-1);
#14704=TRIMMED_CURVE('',#14703,(PARAMETER_VALUE(0.E0)),(PARAMETER_VALUE(1.8E2)),
.T.,.UNSPECIFIED.);
#14705=COMPOSITE_CURVE_SEGMENT(.CONTINUOUS.,.T.,#14704);
#14710=CIRCLE('',#14709,2.5E-1);
#14711=TRIMMED_CURVE('',#14710,(PARAMETER_VALUE(0.E0)),(PARAMETER_VALUE(1.8E2)),
.T.,.UNSPECIFIED.);
#14712=COMPOSITE_CURVE_SEGMENT(.CONTINUOUS.,.T.,#14711);
#14713=COMPOSITE_CURVE('',(#14705,#14712),.F.);
#14718=CIRCLE('',#14717,2.5E-1);
#14719=TRIMMED_CURVE('',#14718,(PARAMETER_VALUE(0.E0)),(PARAMETER_VALUE(1.8E2)),
.T.,.UNSPECIFIED.);
#14720=COMPOSITE_CURVE_SEGMENT(.CONTINUOUS.,.T.,#14719);
#14725=CIRCLE('',#14724,2.5E-1);
#14726=TRIMMED_CURVE('',#14725,(PARAMETER_VALUE(0.E0)),(PARAMETER_VALUE(1.8E2)),
.T.,.UNSPECIFIED.);
#14727=COMPOSITE_CURVE_SEGMENT(.CONTINUOUS.,.T.,#14726);
#14728=COMPOSITE_CURVE('',(#14720,#14727),.F.);
#14733=CIRCLE('',#14732,2.5E-1);
#14734=TRIMMED_CURVE('',#14733,(PARAMETER_VALUE(0.E0)),(PARAMETER_VALUE(1.8E2)),
.T.,.UNSPECIFIED.);
#14735=COMPOSITE_CURVE_SEGMENT(.CONTINUOUS.,.T.,#14734);
#14740=CIRCLE('',#14739,2.5E-1);
#14741=TRIMMED_CURVE('',#14740,(PARAMETER_VALUE(0.E0)),(PARAMETER_VALUE(1.8E2)),
.T.,.UNSPECIFIED.);
#14742=COMPOSITE_CURVE_SEGMENT(.CONTINUOUS.,.T.,#14741);
#14743=COMPOSITE_CURVE('',(#14735,#14742),.F.);
#14748=CIRCLE('',#14747,2.5E-1);
#14749=TRIMMED_CURVE('',#14748,(PARAMETER_VALUE(0.E0)),(PARAMETER_VALUE(1.8E2)),
.T.,.UNSPECIFIED.);
#14750=COMPOSITE_CURVE_SEGMENT(.CONTINUOUS.,.T.,#14749);
#14755=CIRCLE('',#14754,2.5E-1);
#14756=TRIMMED_CURVE('',#14755,(PARAMETER_VALUE(0.E0)),(PARAMETER_VALUE(1.8E2)),
.T.,.UNSPECIFIED.);
#14757=COMPOSITE_CURVE_SEGMENT(.CONTINUOUS.,.T.,#14756);
#14758=COMPOSITE_CURVE('',(#14750,#14757),.F.);
#14763=CIRCLE('',#14762,2.5E-1);
#14764=TRIMMED_CURVE('',#14763,(PARAMETER_VALUE(0.E0)),(PARAMETER_VALUE(1.8E2)),
.T.,.UNSPECIFIED.);
#14765=COMPOSITE_CURVE_SEGMENT(.CONTINUOUS.,.T.,#14764);
#14770=CIRCLE('',#14769,2.5E-1);
#14771=TRIMMED_CURVE('',#14770,(PARAMETER_VALUE(0.E0)),(PARAMETER_VALUE(1.8E2)),
.T.,.UNSPECIFIED.);
#14772=COMPOSITE_CURVE_SEGMENT(.CONTINUOUS.,.T.,#14771);
#14773=COMPOSITE_CURVE('',(#14765,#14772),.F.);
#14774=(LENGTH_UNIT()NAMED_UNIT(*)SI_UNIT(.MILLI.,.METRE.));
#14776=(NAMED_UNIT(*)PLANE_ANGLE_UNIT()SI_UNIT($,.RADIAN.));
#14779=(NAMED_UNIT(*)SI_UNIT($,.STERADIAN.)SOLID_ANGLE_UNIT());
#14782=ADVANCED_BREP_SHAPE_REPRESENTATION('',(#14588),#14781);
#14783=GEOMETRICALLY_BOUNDED_SURFACE_SHAPE_REPRESENTATION('',(#14608),#14781);
#14784=SHAPE_REPRESENTATION('',(#14592),#14781);
#14793=PRODUCT_DEFINITION('design','',#14792,#14789);
#14794=PRODUCT_DEFINITION_SHAPE('','SHAPE FOR 530481210.',#14793);
#14795=SHAPE_DEFINITION_REPRESENTATION(#14794,#14784);
ENDSEC;
END-ISO-10303-21;
