ISO-10303-21;
HEADER;
/* Generated by software containing ST-Developer
 * from STEP Tools, Inc. (www.steptools.com) 
 */
/* OPTION: using custom schema-name function */

FILE_DESCRIPTION(
/* description */ (''),
/* implementation_level */ '2;1');

FILE_NAME(
/* name */ '547220304wbm000_02_214.stp',
/* time_stamp */ '2025-05-05T14:01:48+05:30',
/* author */ (''),
/* organization */ (''),
/* preprocessor_version */ 'ST-DEVELOPER v19.4',
/* originating_system */ 'SIEMENS PLM Software NX2212.9160',
/* authorisation */ '');

FILE_SCHEMA (('AUTOMOTIVE_DESIGN { 1 0 10303 214 3 1 1 1 }'));
ENDSEC;

DATA;
#10=GEOMETRICALLY_BOUNDED_WIREFRAME_SHAPE_REPRESENTATION(
'547220304wbm000_02-None',(#25),#20785);
#11=SHAPE_REPRESENTATION_RELATIONSHIP('None',
'relationship between 547220304wbm000_02-None and 547220304wbm000_02-N
one',#24,#13);
#12=SHAPE_REPRESENTATION_RELATIONSHIP('None',
'relationship between 547220304wbm000_02-None and 547220304wbm000_02-N
one',#24,#10);
#13=ADVANCED_BREP_SHAPE_REPRESENTATION('547220304wbm000_02-None',(#31),
#20785);
#14=SHAPE_DEFINITION_REPRESENTATION(#15,#24);
#15=PRODUCT_DEFINITION_SHAPE('','',#16);
#16=PRODUCT_DEFINITION(' ','',#18,#17);
#17=PRODUCT_DEFINITION_CONTEXT('part definition',#23,'design');
#18=PRODUCT_DEFINITION_FORMATION_WITH_SPECIFIED_SOURCE(' ',' ',#20,
 .NOT_KNOWN.);
#19=PRODUCT_RELATED_PRODUCT_CATEGORY('part','',(#20));
#20=PRODUCT('547220304wbm000_02','547220304wbm000_02',' ',(#21));
#21=PRODUCT_CONTEXT(' ',#23,'mechanical');
#22=APPLICATION_PROTOCOL_DEFINITION('international standard',
'automotive_design',2010,#23);
#23=APPLICATION_CONTEXT(
'core data for automotive mechanical design processes');
#24=SHAPE_REPRESENTATION('547220304wbm000_02-None',(#12760),#20785);
#25=GEOMETRIC_CURVE_SET('None',(#9748,#9749,#9750,#9751,#9752,#9753,#9754,
#9755,#9756,#9757,#9758,#9759,#9760,#9761,#9762,#9763,#9764,#9765,#9766,
#9767,#9768,#9769,#9770,#9771,#9772,#9773,#9774,#9775,#9776,#9777,#9778,
#9779,#9780,#9781,#9782,#9783,#9784,#9785,#9786,#9787,#9788,#9789,#9790,
#9791,#9792,#9793,#9794,#9795,#9796,#9797,#9798,#9799,#9800,#9801,#9802,
#9803,#9804,#9805,#9806,#9807,#9808,#9809,#9810,#9811,#9812,#9813,#9814,
#9815,#9816,#9817,#9818,#9819,#9820,#9821,#9822,#9823,#9824,#9825,#9826,
#9827,#9828,#9829,#9830,#9831,#9832,#9833,#9834,#9835,#9836,#9837,#9838,
#9839,#9840,#9841,#9842,#9843,#9844,#9845,#9846,#9847,#9848,#9849,#9850,
#9851,#9852,#9853,#9854,#9855,#9856,#9857,#9858,#9859,#9860,#9861,#9862,
#9863,#9864,#9865,#9866,#9867));
#26=SURFACE_STYLE_USAGE(.BOTH.,#27);
#27=SURFACE_SIDE_STYLE('',(#28));
#28=SURFACE_STYLE_FILL_AREA(#29);
#29=FILL_AREA_STYLE('',(#30));
#30=FILL_AREA_STYLE_COLOUR('',#9627);
#31=MANIFOLD_SOLID_BREP('',#32);
#32=CLOSED_SHELL('',(#611,#612,#613,#614,#615,#616,#617,#618,#619,#620,
#621,#622,#623,#624,#625,#626,#627,#628,#629,#630,#631,#632,#633,#634,#635,
#636,#637,#638,#639,#640,#641,#642,#643,#644,#645,#646,#647,#648,#649,#650,
#651,#652,#653,#654,#655,#656,#657,#658,#659,#660,#661,#662,#663,#664,#665,
#666,#667,#668,#669,#670,#671,#672,#673,#674,#675,#676,#677,#678,#679,#680,
#681,#682,#683,#684,#685,#686,#687,#688,#689,#690,#691,#692,#693,#694,#695,
#696,#697,#698,#699,#700,#701,#702,#703,#704,#705,#706,#707,#708,#709,#710,
#711,#712,#713,#714,#715,#716,#717,#718,#719,#720,#721,#722,#723,#724,#725,
#726,#727,#728,#729,#730,#731,#732,#733,#734,#735,#736,#737,#738,#739,#740,
#741,#742,#743,#744,#745,#746,#747,#748,#749,#750,#751,#752,#753,#754,#755,
#756,#757,#758,#759,#760,#761,#762,#763,#764,#765,#766,#767,#768,#769,#770,
#771,#772,#773,#774,#775,#776,#777,#778,#779,#780,#781,#782,#783,#784,#785,
#786,#787,#788,#789,#790,#791,#792,#793,#794,#795,#796,#797,#798,#799,#800,
#801,#802,#803,#804,#805,#806,#807,#808,#809,#810,#811,#812,#813,#814,#815,
#816,#817,#818,#819,#820,#821,#822,#823,#824,#825,#826,#827,#828,#829,#830,
#831,#832,#833,#834,#835,#836,#837,#838,#839,#840,#841,#842,#843,#844,#845,
#846,#847,#848,#849,#850,#851,#852,#853,#854,#855,#856,#857,#858,#859,#860,
#861,#862,#863,#864,#865,#866,#867,#868,#869,#870,#871,#872,#873,#874,#875,
#876,#877,#878,#879,#880,#881,#882,#883,#884,#885,#886,#887,#888,#889,#890,
#891,#892,#893,#894,#895,#896,#897,#898,#899,#900,#901,#902,#903,#904,#905,
#906,#907,#908,#909,#910,#911,#912,#913,#914,#915,#916,#917,#918,#919,#920,
#921,#922,#923,#924,#925,#926,#927,#928,#929,#930,#931,#932,#933,#934,#935,
#936,#937,#938,#939,#940,#941,#942,#943,#944,#945,#946,#947,#948,#949,#950,
#951,#952,#953,#954,#955,#956,#957,#958,#959,#960,#961,#962,#963,#964,#965,
#966,#967,#968,#969,#970,#971,#972,#973,#974,#975,#976,#977,#978,#979,#980,
#981,#982,#983,#984,#985,#986,#987,#988,#989,#990,#991,#992,#993,#994,#995,
#996,#997,#998,#999,#1000,#1001,#1002,#1003,#1004,#1005,#1006,#1007,#1008,
#1009,#1010,#1011,#1012,#1013,#1014,#1015,#1016,#1017,#1018,#1019,#1020,
#1021,#1022,#1023,#1024,#1025,#1026,#1027,#1028,#1029,#1030,#1031,#1032,
#1033,#1034,#1035,#1036,#1037,#1038,#1039,#1040,#1041,#1042,#1043,#1044,
#1045,#1046,#1047,#1048,#1049,#1050,#1051,#1052,#1053,#1054,#1055,#1056,
#1057,#1058,#1059,#1060,#1061,#1062,#1063,#1064,#1065,#1066,#1067,#1068,
#1069,#1070,#1071,#1072,#1073,#1074,#1075,#1076,#1077,#1078,#1079,#1080,
#1081,#1082,#1083,#1084,#1085,#1086,#1087,#1088,#1089,#1090,#1091,#1092,
#1093,#1094,#1095,#1096,#1097,#1098,#1099,#1100,#1101,#1102,#1103,#1104,
#1105,#1106,#1107,#1108,#1109,#1110,#1111,#1112,#1113,#1114,#1115,#1116,
#1117,#1118,#1119,#1120,#1121,#1122,#1123,#1124,#1125,#1126,#1127,#1128,
#1129,#1130,#1131,#1132,#1133,#1134,#1135,#1136,#1137,#1138,#1139,#1140,
#1141,#1142,#1143,#1144,#1145,#1146,#1147,#1148,#1149,#1150,#1151,#1152,
#1153,#1154,#1155,#1156,#1157,#1158,#1159,#1160,#1161,#1162,#1163,#1164,
#1165,#1166,#1167,#1168,#1169,#1170,#1171,#1172,#1173,#1174,#1175,#1176,
#1177,#1178,#1179,#1180,#1181,#1182,#1183,#1184,#1185,#1186,#1187,#1188,
#1189,#1190,#1191,#1192,#1193,#1194,#1195,#1196,#1197,#1198,#1199,#1200,
#1201,#1202,#1203,#1204,#1205,#1206,#1207,#1208,#1209,#1210,#1211,#1212,
#1213,#1214,#1215,#1216,#1217,#1218,#1219,#1220,#1221,#1222,#1223,#1224,
#1225,#1226,#1227,#1228,#1229,#1230,#1231,#1232,#1233,#1234,#1235,#1236,
#1237,#1238,#1239,#1240,#1241,#1242,#1243,#1244,#1245,#1246,#1247,#1248,
#1249,#1250,#1251,#1252,#1253,#1254,#1255,#1256));
#33=CYLINDRICAL_SURFACE('',#12788,0.05);
#34=CYLINDRICAL_SURFACE('',#12792,0.15);
#35=CYLINDRICAL_SURFACE('',#12799,0.1);
#36=CYLINDRICAL_SURFACE('',#12803,0.15);
#37=CYLINDRICAL_SURFACE('',#12808,0.0499999999999999);
#38=CYLINDRICAL_SURFACE('',#12813,0.15);
#39=CYLINDRICAL_SURFACE('',#12818,0.0499999999999999);
#40=CYLINDRICAL_SURFACE('',#12825,0.05);
#41=CYLINDRICAL_SURFACE('',#12828,0.15);
#42=CYLINDRICAL_SURFACE('',#12835,0.1);
#43=CYLINDRICAL_SURFACE('',#12945,0.05);
#44=CYLINDRICAL_SURFACE('',#12949,0.15);
#45=CYLINDRICAL_SURFACE('',#12956,0.1);
#46=CYLINDRICAL_SURFACE('',#12961,0.05);
#47=CYLINDRICAL_SURFACE('',#12965,0.15);
#48=CYLINDRICAL_SURFACE('',#12972,0.1);
#49=CYLINDRICAL_SURFACE('',#12977,0.05);
#50=CYLINDRICAL_SURFACE('',#12981,0.15);
#51=CYLINDRICAL_SURFACE('',#12988,0.1);
#52=CYLINDRICAL_SURFACE('',#12993,0.05);
#53=CYLINDRICAL_SURFACE('',#12997,0.15);
#54=CYLINDRICAL_SURFACE('',#13004,0.1);
#55=CYLINDRICAL_SURFACE('',#13009,0.05);
#56=CYLINDRICAL_SURFACE('',#13013,0.15);
#57=CYLINDRICAL_SURFACE('',#13020,0.1);
#58=CYLINDRICAL_SURFACE('',#13025,0.05);
#59=CYLINDRICAL_SURFACE('',#13029,0.15);
#60=CYLINDRICAL_SURFACE('',#13036,0.1);
#61=CYLINDRICAL_SURFACE('',#13041,0.05);
#62=CYLINDRICAL_SURFACE('',#13045,0.15);
#63=CYLINDRICAL_SURFACE('',#13052,0.1);
#64=CYLINDRICAL_SURFACE('',#13057,0.05);
#65=CYLINDRICAL_SURFACE('',#13061,0.15);
#66=CYLINDRICAL_SURFACE('',#13068,0.1);
#67=CYLINDRICAL_SURFACE('',#13073,0.05);
#68=CYLINDRICAL_SURFACE('',#13077,0.15);
#69=CYLINDRICAL_SURFACE('',#13084,0.1);
#70=CYLINDRICAL_SURFACE('',#13089,0.05);
#71=CYLINDRICAL_SURFACE('',#13093,0.15);
#72=CYLINDRICAL_SURFACE('',#13100,0.1);
#73=CYLINDRICAL_SURFACE('',#13105,0.05);
#74=CYLINDRICAL_SURFACE('',#13109,0.15);
#75=CYLINDRICAL_SURFACE('',#13116,0.1);
#76=CYLINDRICAL_SURFACE('',#13121,0.05);
#77=CYLINDRICAL_SURFACE('',#13125,0.15);
#78=CYLINDRICAL_SURFACE('',#13132,0.1);
#79=CYLINDRICAL_SURFACE('',#13137,0.05);
#80=CYLINDRICAL_SURFACE('',#13141,0.15);
#81=CYLINDRICAL_SURFACE('',#13148,0.1);
#82=CYLINDRICAL_SURFACE('',#13153,0.05);
#83=CYLINDRICAL_SURFACE('',#13157,0.15);
#84=CYLINDRICAL_SURFACE('',#13164,0.1);
#85=CYLINDRICAL_SURFACE('',#13168,0.15);
#86=CYLINDRICAL_SURFACE('',#13173,0.0499999999999999);
#87=CYLINDRICAL_SURFACE('',#13178,0.15);
#88=CYLINDRICAL_SURFACE('',#13183,0.0499999999999999);
#89=CYLINDRICAL_SURFACE('',#13188,0.15);
#90=CYLINDRICAL_SURFACE('',#13193,0.0499999999999999);
#91=CYLINDRICAL_SURFACE('',#13198,0.15);
#92=CYLINDRICAL_SURFACE('',#13203,0.0499999999999999);
#93=CYLINDRICAL_SURFACE('',#13208,0.15);
#94=CYLINDRICAL_SURFACE('',#13213,0.0499999999999999);
#95=CYLINDRICAL_SURFACE('',#13218,0.15);
#96=CYLINDRICAL_SURFACE('',#13223,0.0499999999999999);
#97=CYLINDRICAL_SURFACE('',#13228,0.15);
#98=CYLINDRICAL_SURFACE('',#13233,0.0499999999999999);
#99=CYLINDRICAL_SURFACE('',#13238,0.15);
#100=CYLINDRICAL_SURFACE('',#13243,0.0499999999999999);
#101=CYLINDRICAL_SURFACE('',#13248,0.15);
#102=CYLINDRICAL_SURFACE('',#13253,0.0499999999999999);
#103=CYLINDRICAL_SURFACE('',#13258,0.15);
#104=CYLINDRICAL_SURFACE('',#13263,0.0499999999999999);
#105=CYLINDRICAL_SURFACE('',#13268,0.15);
#106=CYLINDRICAL_SURFACE('',#13273,0.0499999999999999);
#107=CYLINDRICAL_SURFACE('',#13278,0.15);
#108=CYLINDRICAL_SURFACE('',#13283,0.0499999999999999);
#109=CYLINDRICAL_SURFACE('',#13288,0.15);
#110=CYLINDRICAL_SURFACE('',#13293,0.0499999999999999);
#111=CYLINDRICAL_SURFACE('',#13298,0.15);
#112=CYLINDRICAL_SURFACE('',#13303,0.0499999999999999);
#113=CYLINDRICAL_SURFACE('',#13308,0.15);
#114=CYLINDRICAL_SURFACE('',#13313,0.0499999999999999);
#115=CYLINDRICAL_SURFACE('',#13318,0.15);
#116=CYLINDRICAL_SURFACE('',#13323,0.0499999999999999);
#117=CYLINDRICAL_SURFACE('',#13328,0.15);
#118=CYLINDRICAL_SURFACE('',#13333,0.0499999999999999);
#119=CYLINDRICAL_SURFACE('',#13338,0.15);
#120=CYLINDRICAL_SURFACE('',#13343,0.0499999999999999);
#121=CYLINDRICAL_SURFACE('',#13348,0.15);
#122=CYLINDRICAL_SURFACE('',#13353,0.0499999999999999);
#123=CYLINDRICAL_SURFACE('',#13358,0.15);
#124=CYLINDRICAL_SURFACE('',#13363,0.0499999999999999);
#125=CYLINDRICAL_SURFACE('',#13368,0.15);
#126=CYLINDRICAL_SURFACE('',#13373,0.0499999999999999);
#127=CYLINDRICAL_SURFACE('',#13378,0.15);
#128=CYLINDRICAL_SURFACE('',#13383,0.0499999999999999);
#129=CYLINDRICAL_SURFACE('',#13388,0.15);
#130=CYLINDRICAL_SURFACE('',#13393,0.0499999999999999);
#131=CYLINDRICAL_SURFACE('',#13398,0.15);
#132=CYLINDRICAL_SURFACE('',#13403,0.0499999999999999);
#133=CYLINDRICAL_SURFACE('',#13408,0.15);
#134=CYLINDRICAL_SURFACE('',#13413,0.0499999999999999);
#135=CYLINDRICAL_SURFACE('',#13418,0.15);
#136=CYLINDRICAL_SURFACE('',#13423,0.0499999999999999);
#137=CYLINDRICAL_SURFACE('',#13428,0.15);
#138=CYLINDRICAL_SURFACE('',#13433,0.0499999999999999);
#139=CYLINDRICAL_SURFACE('',#13438,0.15);
#140=CYLINDRICAL_SURFACE('',#13443,0.0499999999999999);
#141=CYLINDRICAL_SURFACE('',#13450,0.05);
#142=CYLINDRICAL_SURFACE('',#13453,0.15);
#143=CYLINDRICAL_SURFACE('',#13460,0.1);
#144=CYLINDRICAL_SURFACE('',#13466,0.05);
#145=CYLINDRICAL_SURFACE('',#13469,0.15);
#146=CYLINDRICAL_SURFACE('',#13476,0.1);
#147=CYLINDRICAL_SURFACE('',#13482,0.05);
#148=CYLINDRICAL_SURFACE('',#13485,0.15);
#149=CYLINDRICAL_SURFACE('',#13492,0.1);
#150=CYLINDRICAL_SURFACE('',#13498,0.05);
#151=CYLINDRICAL_SURFACE('',#13501,0.15);
#152=CYLINDRICAL_SURFACE('',#13508,0.1);
#153=CYLINDRICAL_SURFACE('',#13514,0.05);
#154=CYLINDRICAL_SURFACE('',#13517,0.15);
#155=CYLINDRICAL_SURFACE('',#13524,0.1);
#156=CYLINDRICAL_SURFACE('',#13530,0.05);
#157=CYLINDRICAL_SURFACE('',#13533,0.15);
#158=CYLINDRICAL_SURFACE('',#13540,0.1);
#159=CYLINDRICAL_SURFACE('',#13546,0.05);
#160=CYLINDRICAL_SURFACE('',#13549,0.15);
#161=CYLINDRICAL_SURFACE('',#13556,0.1);
#162=CYLINDRICAL_SURFACE('',#13562,0.05);
#163=CYLINDRICAL_SURFACE('',#13565,0.15);
#164=CYLINDRICAL_SURFACE('',#13572,0.1);
#165=CYLINDRICAL_SURFACE('',#13578,0.05);
#166=CYLINDRICAL_SURFACE('',#13581,0.15);
#167=CYLINDRICAL_SURFACE('',#13588,0.1);
#168=CYLINDRICAL_SURFACE('',#13594,0.05);
#169=CYLINDRICAL_SURFACE('',#13597,0.15);
#170=CYLINDRICAL_SURFACE('',#13604,0.1);
#171=CYLINDRICAL_SURFACE('',#13610,0.05);
#172=CYLINDRICAL_SURFACE('',#13613,0.15);
#173=CYLINDRICAL_SURFACE('',#13620,0.1);
#174=CYLINDRICAL_SURFACE('',#13626,0.05);
#175=CYLINDRICAL_SURFACE('',#13629,0.15);
#176=CYLINDRICAL_SURFACE('',#13636,0.1);
#177=CYLINDRICAL_SURFACE('',#13642,0.05);
#178=CYLINDRICAL_SURFACE('',#13645,0.15);
#179=CYLINDRICAL_SURFACE('',#13652,0.1);
#180=CYLINDRICAL_SURFACE('',#13658,0.05);
#181=CYLINDRICAL_SURFACE('',#13661,0.15);
#182=CYLINDRICAL_SURFACE('',#13668,0.1);
#183=CIRCLE('',#12784,0.05);
#184=CIRCLE('',#12785,0.05);
#185=CIRCLE('',#12786,0.05);
#186=CIRCLE('',#12787,0.05);
#187=CIRCLE('',#12790,0.15);
#188=CIRCLE('',#12791,0.15);
#189=CIRCLE('',#12793,0.1);
#190=CIRCLE('',#12796,0.1);
#191=CIRCLE('',#12801,0.15);
#192=CIRCLE('',#12802,0.15);
#193=CIRCLE('',#12804,0.0499999999999999);
#194=CIRCLE('',#12806,0.0499999999999999);
#195=CIRCLE('',#12811,0.15);
#196=CIRCLE('',#12812,0.15);
#197=CIRCLE('',#12814,0.0499999999999999);
#198=CIRCLE('',#12816,0.0499999999999999);
#199=CIRCLE('',#12821,0.05);
#200=CIRCLE('',#12822,0.05);
#201=CIRCLE('',#12823,0.05);
#202=CIRCLE('',#12824,0.05);
#203=CIRCLE('',#12826,0.15);
#204=CIRCLE('',#12827,0.15);
#205=CIRCLE('',#12829,0.1);
#206=CIRCLE('',#12832,0.1);
#207=CIRCLE('',#12941,0.05);
#208=CIRCLE('',#12942,0.05);
#209=CIRCLE('',#12943,0.05);
#210=CIRCLE('',#12944,0.05);
#211=CIRCLE('',#12947,0.15);
#212=CIRCLE('',#12948,0.15);
#213=CIRCLE('',#12950,0.1);
#214=CIRCLE('',#12953,0.1);
#215=CIRCLE('',#12957,0.05);
#216=CIRCLE('',#12958,0.05);
#217=CIRCLE('',#12959,0.05);
#218=CIRCLE('',#12960,0.05);
#219=CIRCLE('',#12963,0.15);
#220=CIRCLE('',#12964,0.15);
#221=CIRCLE('',#12966,0.1);
#222=CIRCLE('',#12969,0.1);
#223=CIRCLE('',#12973,0.05);
#224=CIRCLE('',#12974,0.05);
#225=CIRCLE('',#12975,0.05);
#226=CIRCLE('',#12976,0.05);
#227=CIRCLE('',#12979,0.15);
#228=CIRCLE('',#12980,0.15);
#229=CIRCLE('',#12982,0.1);
#230=CIRCLE('',#12985,0.1);
#231=CIRCLE('',#12989,0.05);
#232=CIRCLE('',#12990,0.05);
#233=CIRCLE('',#12991,0.05);
#234=CIRCLE('',#12992,0.05);
#235=CIRCLE('',#12995,0.15);
#236=CIRCLE('',#12996,0.15);
#237=CIRCLE('',#12998,0.1);
#238=CIRCLE('',#13001,0.1);
#239=CIRCLE('',#13005,0.05);
#240=CIRCLE('',#13006,0.05);
#241=CIRCLE('',#13007,0.05);
#242=CIRCLE('',#13008,0.05);
#243=CIRCLE('',#13011,0.15);
#244=CIRCLE('',#13012,0.15);
#245=CIRCLE('',#13014,0.1);
#246=CIRCLE('',#13017,0.1);
#247=CIRCLE('',#13021,0.05);
#248=CIRCLE('',#13022,0.05);
#249=CIRCLE('',#13023,0.05);
#250=CIRCLE('',#13024,0.05);
#251=CIRCLE('',#13027,0.15);
#252=CIRCLE('',#13028,0.15);
#253=CIRCLE('',#13030,0.1);
#254=CIRCLE('',#13033,0.1);
#255=CIRCLE('',#13037,0.05);
#256=CIRCLE('',#13038,0.05);
#257=CIRCLE('',#13039,0.05);
#258=CIRCLE('',#13040,0.05);
#259=CIRCLE('',#13043,0.15);
#260=CIRCLE('',#13044,0.15);
#261=CIRCLE('',#13046,0.1);
#262=CIRCLE('',#13049,0.1);
#263=CIRCLE('',#13053,0.05);
#264=CIRCLE('',#13054,0.05);
#265=CIRCLE('',#13055,0.05);
#266=CIRCLE('',#13056,0.05);
#267=CIRCLE('',#13059,0.15);
#268=CIRCLE('',#13060,0.15);
#269=CIRCLE('',#13062,0.1);
#270=CIRCLE('',#13065,0.1);
#271=CIRCLE('',#13069,0.05);
#272=CIRCLE('',#13070,0.05);
#273=CIRCLE('',#13071,0.05);
#274=CIRCLE('',#13072,0.05);
#275=CIRCLE('',#13075,0.15);
#276=CIRCLE('',#13076,0.15);
#277=CIRCLE('',#13078,0.1);
#278=CIRCLE('',#13081,0.1);
#279=CIRCLE('',#13085,0.05);
#280=CIRCLE('',#13086,0.05);
#281=CIRCLE('',#13087,0.05);
#282=CIRCLE('',#13088,0.05);
#283=CIRCLE('',#13091,0.15);
#284=CIRCLE('',#13092,0.15);
#285=CIRCLE('',#13094,0.1);
#286=CIRCLE('',#13097,0.1);
#287=CIRCLE('',#13101,0.05);
#288=CIRCLE('',#13102,0.05);
#289=CIRCLE('',#13103,0.05);
#290=CIRCLE('',#13104,0.05);
#291=CIRCLE('',#13107,0.15);
#292=CIRCLE('',#13108,0.15);
#293=CIRCLE('',#13110,0.1);
#294=CIRCLE('',#13113,0.1);
#295=CIRCLE('',#13117,0.05);
#296=CIRCLE('',#13118,0.05);
#297=CIRCLE('',#13119,0.05);
#298=CIRCLE('',#13120,0.05);
#299=CIRCLE('',#13123,0.15);
#300=CIRCLE('',#13124,0.15);
#301=CIRCLE('',#13126,0.1);
#302=CIRCLE('',#13129,0.1);
#303=CIRCLE('',#13133,0.05);
#304=CIRCLE('',#13134,0.05);
#305=CIRCLE('',#13135,0.05);
#306=CIRCLE('',#13136,0.05);
#307=CIRCLE('',#13139,0.15);
#308=CIRCLE('',#13140,0.15);
#309=CIRCLE('',#13142,0.1);
#310=CIRCLE('',#13145,0.1);
#311=CIRCLE('',#13149,0.05);
#312=CIRCLE('',#13150,0.05);
#313=CIRCLE('',#13151,0.05);
#314=CIRCLE('',#13152,0.05);
#315=CIRCLE('',#13155,0.15);
#316=CIRCLE('',#13156,0.15);
#317=CIRCLE('',#13158,0.1);
#318=CIRCLE('',#13161,0.1);
#319=CIRCLE('',#13166,0.15);
#320=CIRCLE('',#13167,0.15);
#321=CIRCLE('',#13169,0.0499999999999999);
#322=CIRCLE('',#13171,0.0499999999999999);
#323=CIRCLE('',#13176,0.15);
#324=CIRCLE('',#13177,0.15);
#325=CIRCLE('',#13179,0.0499999999999999);
#326=CIRCLE('',#13181,0.0499999999999999);
#327=CIRCLE('',#13186,0.15);
#328=CIRCLE('',#13187,0.15);
#329=CIRCLE('',#13189,0.0499999999999999);
#330=CIRCLE('',#13191,0.0499999999999999);
#331=CIRCLE('',#13196,0.15);
#332=CIRCLE('',#13197,0.15);
#333=CIRCLE('',#13199,0.0499999999999999);
#334=CIRCLE('',#13201,0.0499999999999999);
#335=CIRCLE('',#13206,0.15);
#336=CIRCLE('',#13207,0.15);
#337=CIRCLE('',#13209,0.0499999999999999);
#338=CIRCLE('',#13211,0.0499999999999999);
#339=CIRCLE('',#13216,0.15);
#340=CIRCLE('',#13217,0.15);
#341=CIRCLE('',#13219,0.0499999999999999);
#342=CIRCLE('',#13221,0.0499999999999999);
#343=CIRCLE('',#13226,0.15);
#344=CIRCLE('',#13227,0.15);
#345=CIRCLE('',#13229,0.0499999999999999);
#346=CIRCLE('',#13231,0.0499999999999999);
#347=CIRCLE('',#13236,0.15);
#348=CIRCLE('',#13237,0.15);
#349=CIRCLE('',#13239,0.0499999999999999);
#350=CIRCLE('',#13241,0.0499999999999999);
#351=CIRCLE('',#13246,0.15);
#352=CIRCLE('',#13247,0.15);
#353=CIRCLE('',#13249,0.0499999999999999);
#354=CIRCLE('',#13251,0.0499999999999999);
#355=CIRCLE('',#13256,0.15);
#356=CIRCLE('',#13257,0.15);
#357=CIRCLE('',#13259,0.0499999999999999);
#358=CIRCLE('',#13261,0.0499999999999999);
#359=CIRCLE('',#13266,0.15);
#360=CIRCLE('',#13267,0.15);
#361=CIRCLE('',#13269,0.0499999999999999);
#362=CIRCLE('',#13271,0.0499999999999999);
#363=CIRCLE('',#13276,0.15);
#364=CIRCLE('',#13277,0.15);
#365=CIRCLE('',#13279,0.0499999999999999);
#366=CIRCLE('',#13281,0.0499999999999999);
#367=CIRCLE('',#13286,0.15);
#368=CIRCLE('',#13287,0.15);
#369=CIRCLE('',#13289,0.0499999999999999);
#370=CIRCLE('',#13291,0.0499999999999999);
#371=CIRCLE('',#13296,0.15);
#372=CIRCLE('',#13297,0.15);
#373=CIRCLE('',#13299,0.0499999999999999);
#374=CIRCLE('',#13301,0.0499999999999999);
#375=CIRCLE('',#13306,0.15);
#376=CIRCLE('',#13307,0.15);
#377=CIRCLE('',#13309,0.0499999999999999);
#378=CIRCLE('',#13311,0.0499999999999999);
#379=CIRCLE('',#13316,0.15);
#380=CIRCLE('',#13317,0.15);
#381=CIRCLE('',#13319,0.0499999999999999);
#382=CIRCLE('',#13321,0.0499999999999999);
#383=CIRCLE('',#13326,0.15);
#384=CIRCLE('',#13327,0.15);
#385=CIRCLE('',#13329,0.0499999999999999);
#386=CIRCLE('',#13331,0.0499999999999999);
#387=CIRCLE('',#13336,0.15);
#388=CIRCLE('',#13337,0.15);
#389=CIRCLE('',#13339,0.0499999999999999);
#390=CIRCLE('',#13341,0.0499999999999999);
#391=CIRCLE('',#13346,0.15);
#392=CIRCLE('',#13347,0.15);
#393=CIRCLE('',#13349,0.0499999999999999);
#394=CIRCLE('',#13351,0.0499999999999999);
#395=CIRCLE('',#13356,0.15);
#396=CIRCLE('',#13357,0.15);
#397=CIRCLE('',#13359,0.0499999999999999);
#398=CIRCLE('',#13361,0.0499999999999999);
#399=CIRCLE('',#13366,0.15);
#400=CIRCLE('',#13367,0.15);
#401=CIRCLE('',#13369,0.0499999999999999);
#402=CIRCLE('',#13371,0.0499999999999999);
#403=CIRCLE('',#13376,0.15);
#404=CIRCLE('',#13377,0.15);
#405=CIRCLE('',#13379,0.0499999999999999);
#406=CIRCLE('',#13381,0.0499999999999999);
#407=CIRCLE('',#13386,0.15);
#408=CIRCLE('',#13387,0.15);
#409=CIRCLE('',#13389,0.0499999999999999);
#410=CIRCLE('',#13391,0.0499999999999999);
#411=CIRCLE('',#13396,0.15);
#412=CIRCLE('',#13397,0.15);
#413=CIRCLE('',#13399,0.0499999999999999);
#414=CIRCLE('',#13401,0.0499999999999999);
#415=CIRCLE('',#13406,0.15);
#416=CIRCLE('',#13407,0.15);
#417=CIRCLE('',#13409,0.0499999999999999);
#418=CIRCLE('',#13411,0.0499999999999999);
#419=CIRCLE('',#13416,0.15);
#420=CIRCLE('',#13417,0.15);
#421=CIRCLE('',#13419,0.0499999999999999);
#422=CIRCLE('',#13421,0.0499999999999999);
#423=CIRCLE('',#13426,0.15);
#424=CIRCLE('',#13427,0.15);
#425=CIRCLE('',#13429,0.0499999999999999);
#426=CIRCLE('',#13431,0.0499999999999999);
#427=CIRCLE('',#13436,0.15);
#428=CIRCLE('',#13437,0.15);
#429=CIRCLE('',#13439,0.0499999999999999);
#430=CIRCLE('',#13441,0.0499999999999999);
#431=CIRCLE('',#13446,0.05);
#432=CIRCLE('',#13447,0.05);
#433=CIRCLE('',#13448,0.05);
#434=CIRCLE('',#13449,0.05);
#435=CIRCLE('',#13451,0.15);
#436=CIRCLE('',#13452,0.15);
#437=CIRCLE('',#13454,0.1);
#438=CIRCLE('',#13457,0.1);
#439=CIRCLE('',#13462,0.05);
#440=CIRCLE('',#13463,0.05);
#441=CIRCLE('',#13464,0.05);
#442=CIRCLE('',#13465,0.05);
#443=CIRCLE('',#13467,0.15);
#444=CIRCLE('',#13468,0.15);
#445=CIRCLE('',#13470,0.1);
#446=CIRCLE('',#13473,0.1);
#447=CIRCLE('',#13478,0.05);
#448=CIRCLE('',#13479,0.05);
#449=CIRCLE('',#13480,0.05);
#450=CIRCLE('',#13481,0.05);
#451=CIRCLE('',#13483,0.15);
#452=CIRCLE('',#13484,0.15);
#453=CIRCLE('',#13486,0.1);
#454=CIRCLE('',#13489,0.1);
#455=CIRCLE('',#13494,0.05);
#456=CIRCLE('',#13495,0.05);
#457=CIRCLE('',#13496,0.05);
#458=CIRCLE('',#13497,0.05);
#459=CIRCLE('',#13499,0.15);
#460=CIRCLE('',#13500,0.15);
#461=CIRCLE('',#13502,0.1);
#462=CIRCLE('',#13505,0.1);
#463=CIRCLE('',#13510,0.05);
#464=CIRCLE('',#13511,0.05);
#465=CIRCLE('',#13512,0.05);
#466=CIRCLE('',#13513,0.05);
#467=CIRCLE('',#13515,0.15);
#468=CIRCLE('',#13516,0.15);
#469=CIRCLE('',#13518,0.1);
#470=CIRCLE('',#13521,0.1);
#471=CIRCLE('',#13526,0.05);
#472=CIRCLE('',#13527,0.05);
#473=CIRCLE('',#13528,0.05);
#474=CIRCLE('',#13529,0.05);
#475=CIRCLE('',#13531,0.15);
#476=CIRCLE('',#13532,0.15);
#477=CIRCLE('',#13534,0.1);
#478=CIRCLE('',#13537,0.1);
#479=CIRCLE('',#13542,0.05);
#480=CIRCLE('',#13543,0.05);
#481=CIRCLE('',#13544,0.05);
#482=CIRCLE('',#13545,0.05);
#483=CIRCLE('',#13547,0.15);
#484=CIRCLE('',#13548,0.15);
#485=CIRCLE('',#13550,0.1);
#486=CIRCLE('',#13553,0.1);
#487=CIRCLE('',#13558,0.05);
#488=CIRCLE('',#13559,0.05);
#489=CIRCLE('',#13560,0.05);
#490=CIRCLE('',#13561,0.05);
#491=CIRCLE('',#13563,0.15);
#492=CIRCLE('',#13564,0.15);
#493=CIRCLE('',#13566,0.1);
#494=CIRCLE('',#13569,0.1);
#495=CIRCLE('',#13574,0.05);
#496=CIRCLE('',#13575,0.05);
#497=CIRCLE('',#13576,0.05);
#498=CIRCLE('',#13577,0.05);
#499=CIRCLE('',#13579,0.15);
#500=CIRCLE('',#13580,0.15);
#501=CIRCLE('',#13582,0.1);
#502=CIRCLE('',#13585,0.1);
#503=CIRCLE('',#13590,0.05);
#504=CIRCLE('',#13591,0.05);
#505=CIRCLE('',#13592,0.05);
#506=CIRCLE('',#13593,0.05);
#507=CIRCLE('',#13595,0.15);
#508=CIRCLE('',#13596,0.15);
#509=CIRCLE('',#13598,0.1);
#510=CIRCLE('',#13601,0.1);
#511=CIRCLE('',#13606,0.05);
#512=CIRCLE('',#13607,0.05);
#513=CIRCLE('',#13608,0.05);
#514=CIRCLE('',#13609,0.05);
#515=CIRCLE('',#13611,0.15);
#516=CIRCLE('',#13612,0.15);
#517=CIRCLE('',#13614,0.1);
#518=CIRCLE('',#13617,0.1);
#519=CIRCLE('',#13622,0.05);
#520=CIRCLE('',#13623,0.05);
#521=CIRCLE('',#13624,0.05);
#522=CIRCLE('',#13625,0.05);
#523=CIRCLE('',#13627,0.15);
#524=CIRCLE('',#13628,0.15);
#525=CIRCLE('',#13630,0.1);
#526=CIRCLE('',#13633,0.1);
#527=CIRCLE('',#13638,0.05);
#528=CIRCLE('',#13639,0.05);
#529=CIRCLE('',#13640,0.05);
#530=CIRCLE('',#13641,0.05);
#531=CIRCLE('',#13643,0.15);
#532=CIRCLE('',#13644,0.15);
#533=CIRCLE('',#13646,0.1);
#534=CIRCLE('',#13649,0.1);
#535=CIRCLE('',#13654,0.05);
#536=CIRCLE('',#13655,0.05);
#537=CIRCLE('',#13656,0.05);
#538=CIRCLE('',#13657,0.05);
#539=CIRCLE('',#13659,0.15);
#540=CIRCLE('',#13660,0.15);
#541=CIRCLE('',#13662,0.1);
#542=CIRCLE('',#13665,0.1);
#543=FACE_BOUND('',#2395,.T.);
#544=FACE_BOUND('',#2396,.T.);
#545=FACE_BOUND('',#2397,.T.);
#546=FACE_BOUND('',#2398,.T.);
#547=FACE_BOUND('',#2399,.T.);
#548=FACE_BOUND('',#2400,.T.);
#549=FACE_BOUND('',#2401,.T.);
#550=FACE_BOUND('',#2402,.T.);
#551=FACE_BOUND('',#2403,.T.);
#552=FACE_BOUND('',#2404,.T.);
#553=FACE_BOUND('',#2405,.T.);
#554=FACE_BOUND('',#2406,.T.);
#555=FACE_BOUND('',#2407,.T.);
#556=FACE_BOUND('',#2408,.T.);
#557=FACE_BOUND('',#2409,.T.);
#558=FACE_BOUND('',#2410,.T.);
#559=FACE_BOUND('',#2411,.T.);
#560=FACE_BOUND('',#2412,.T.);
#561=FACE_BOUND('',#2413,.T.);
#562=FACE_BOUND('',#2414,.T.);
#563=FACE_BOUND('',#2415,.T.);
#564=FACE_BOUND('',#2416,.T.);
#565=FACE_BOUND('',#2417,.T.);
#566=FACE_BOUND('',#2418,.T.);
#567=FACE_BOUND('',#2419,.T.);
#568=FACE_BOUND('',#2420,.T.);
#569=FACE_BOUND('',#2421,.T.);
#570=FACE_BOUND('',#2422,.T.);
#571=FACE_BOUND('',#2423,.T.);
#572=FACE_BOUND('',#2424,.T.);
#573=FACE_BOUND('',#2425,.T.);
#574=FACE_BOUND('',#2426,.T.);
#575=FACE_BOUND('',#2427,.T.);
#576=FACE_BOUND('',#2428,.T.);
#577=FACE_BOUND('',#2432,.T.);
#578=FACE_BOUND('',#2433,.T.);
#579=FACE_BOUND('',#2435,.T.);
#580=FACE_BOUND('',#2436,.T.);
#581=FACE_BOUND('',#2437,.T.);
#582=FACE_BOUND('',#2438,.T.);
#583=FACE_BOUND('',#2439,.T.);
#584=FACE_BOUND('',#2440,.T.);
#585=FACE_BOUND('',#2441,.T.);
#586=FACE_BOUND('',#2442,.T.);
#587=FACE_BOUND('',#2443,.T.);
#588=FACE_BOUND('',#2444,.T.);
#589=FACE_BOUND('',#2445,.T.);
#590=FACE_BOUND('',#2446,.T.);
#591=FACE_BOUND('',#2447,.T.);
#592=FACE_BOUND('',#2448,.T.);
#593=FACE_BOUND('',#2449,.T.);
#594=FACE_BOUND('',#2450,.T.);
#595=FACE_BOUND('',#2455,.T.);
#596=FACE_BOUND('',#2456,.T.);
#597=FACE_BOUND('',#2457,.T.);
#598=FACE_BOUND('',#2458,.T.);
#599=FACE_BOUND('',#2459,.T.);
#600=FACE_BOUND('',#2460,.T.);
#601=FACE_BOUND('',#2461,.T.);
#602=FACE_BOUND('',#2462,.T.);
#603=FACE_BOUND('',#2463,.T.);
#604=FACE_BOUND('',#2464,.T.);
#605=FACE_BOUND('',#2465,.T.);
#606=FACE_BOUND('',#2466,.T.);
#607=FACE_BOUND('',#2467,.T.);
#608=FACE_BOUND('',#2468,.T.);
#609=FACE_BOUND('',#2469,.T.);
#610=FACE_BOUND('',#2470,.T.);
#611=ADVANCED_FACE('',(#1753),#1257,.F.);
#612=ADVANCED_FACE('',(#1754),#1258,.F.);
#613=ADVANCED_FACE('',(#543,#544,#545,#546,#547,#548,#549,#550,#551,#552,
#553,#554,#555,#556,#557,#558),#1259,.F.);
#614=ADVANCED_FACE('',(#559,#560,#561,#562,#563,#564,#565,#566,#567,#568,
#569,#570,#571,#572,#573,#574),#1260,.F.);
#615=ADVANCED_FACE('',(#575,#576),#1261,.T.);
#616=ADVANCED_FACE('',(#1755),#1262,.F.);
#617=ADVANCED_FACE('',(#1756),#1263,.F.);
#618=ADVANCED_FACE('',(#1757),#1264,.F.);
#619=ADVANCED_FACE('',(#577,#578),#1265,.T.);
#620=ADVANCED_FACE('',(#1758),#1266,.F.);
#621=ADVANCED_FACE('',(#579,#580,#581,#582,#583,#584,#585,#586,#587,#588,
#589,#590,#591,#592,#593,#594),#1267,.F.);
#622=ADVANCED_FACE('',(#1759),#1268,.F.);
#623=ADVANCED_FACE('',(#1760),#1269,.T.);
#624=ADVANCED_FACE('',(#1761),#1270,.F.);
#625=ADVANCED_FACE('',(#1762),#1271,.F.);
#626=ADVANCED_FACE('',(#595,#596,#597,#598,#599,#600,#601,#602,#603,#604,
#605,#606,#607,#608,#609,#610),#1272,.F.);
#627=ADVANCED_FACE('',(#1763),#1273,.T.);
#628=ADVANCED_FACE('',(#1764),#1274,.T.);
#629=ADVANCED_FACE('',(#1765),#1275,.T.);
#630=ADVANCED_FACE('',(#1766),#1276,.T.);
#631=ADVANCED_FACE('',(#1767),#1277,.T.);
#632=ADVANCED_FACE('',(#1768),#1278,.F.);
#633=ADVANCED_FACE('',(#1769),#1279,.T.);
#634=ADVANCED_FACE('',(#1770),#33,.F.);
#635=ADVANCED_FACE('',(#1771),#1280,.T.);
#636=ADVANCED_FACE('',(#1772),#34,.T.);
#637=ADVANCED_FACE('',(#1773),#1281,.F.);
#638=ADVANCED_FACE('',(#1774),#1282,.F.);
#639=ADVANCED_FACE('',(#1775),#1283,.T.);
#640=ADVANCED_FACE('',(#1776),#1284,.T.);
#641=ADVANCED_FACE('',(#1777),#35,.T.);
#642=ADVANCED_FACE('',(#1778),#1285,.T.);
#643=ADVANCED_FACE('',(#1779),#36,.T.);
#644=ADVANCED_FACE('',(#1780),#1286,.T.);
#645=ADVANCED_FACE('',(#1781),#1287,.F.);
#646=ADVANCED_FACE('',(#1782),#37,.T.);
#647=ADVANCED_FACE('',(#1783),#1288,.T.);
#648=ADVANCED_FACE('',(#1784),#1289,.T.);
#649=ADVANCED_FACE('',(#1785),#38,.T.);
#650=ADVANCED_FACE('',(#1786),#1290,.F.);
#651=ADVANCED_FACE('',(#1787),#1291,.T.);
#652=ADVANCED_FACE('',(#1788),#39,.T.);
#653=ADVANCED_FACE('',(#1789),#1292,.T.);
#654=ADVANCED_FACE('',(#1790),#1293,.T.);
#655=ADVANCED_FACE('',(#1791),#40,.F.);
#656=ADVANCED_FACE('',(#1792),#41,.T.);
#657=ADVANCED_FACE('',(#1793),#1294,.T.);
#658=ADVANCED_FACE('',(#1794),#1295,.T.);
#659=ADVANCED_FACE('',(#1795),#1296,.F.);
#660=ADVANCED_FACE('',(#1796),#1297,.F.);
#661=ADVANCED_FACE('',(#1797),#42,.T.);
#662=ADVANCED_FACE('',(#1798),#1298,.T.);
#663=ADVANCED_FACE('',(#1799),#1299,.T.);
#664=ADVANCED_FACE('',(#1800),#1300,.T.);
#665=ADVANCED_FACE('',(#1801),#1301,.T.);
#666=ADVANCED_FACE('',(#1802),#1302,.T.);
#667=ADVANCED_FACE('',(#1803),#1303,.F.);
#668=ADVANCED_FACE('',(#1804),#1304,.T.);
#669=ADVANCED_FACE('',(#1805),#1305,.T.);
#670=ADVANCED_FACE('',(#1806),#1306,.F.);
#671=ADVANCED_FACE('',(#1807),#1307,.T.);
#672=ADVANCED_FACE('',(#1808),#1308,.T.);
#673=ADVANCED_FACE('',(#1809),#1309,.T.);
#674=ADVANCED_FACE('',(#1810),#1310,.T.);
#675=ADVANCED_FACE('',(#1811),#1311,.T.);
#676=ADVANCED_FACE('',(#1812),#1312,.T.);
#677=ADVANCED_FACE('',(#1813),#1313,.F.);
#678=ADVANCED_FACE('',(#1814),#1314,.T.);
#679=ADVANCED_FACE('',(#1815),#1315,.T.);
#680=ADVANCED_FACE('',(#1816),#1316,.T.);
#681=ADVANCED_FACE('',(#1817),#1317,.T.);
#682=ADVANCED_FACE('',(#1818),#1318,.T.);
#683=ADVANCED_FACE('',(#1819),#1319,.T.);
#684=ADVANCED_FACE('',(#1820),#1320,.F.);
#685=ADVANCED_FACE('',(#1821),#1321,.T.);
#686=ADVANCED_FACE('',(#1822),#1322,.T.);
#687=ADVANCED_FACE('',(#1823),#1323,.T.);
#688=ADVANCED_FACE('',(#1824),#1324,.T.);
#689=ADVANCED_FACE('',(#1825),#1325,.T.);
#690=ADVANCED_FACE('',(#1826),#1326,.T.);
#691=ADVANCED_FACE('',(#1827),#1327,.F.);
#692=ADVANCED_FACE('',(#1828),#1328,.T.);
#693=ADVANCED_FACE('',(#1829),#1329,.T.);
#694=ADVANCED_FACE('',(#1830),#1330,.T.);
#695=ADVANCED_FACE('',(#1831),#1331,.T.);
#696=ADVANCED_FACE('',(#1832),#1332,.T.);
#697=ADVANCED_FACE('',(#1833),#1333,.T.);
#698=ADVANCED_FACE('',(#1834),#1334,.F.);
#699=ADVANCED_FACE('',(#1835),#1335,.T.);
#700=ADVANCED_FACE('',(#1836),#1336,.T.);
#701=ADVANCED_FACE('',(#1837),#1337,.T.);
#702=ADVANCED_FACE('',(#1838),#1338,.T.);
#703=ADVANCED_FACE('',(#1839),#1339,.T.);
#704=ADVANCED_FACE('',(#1840),#1340,.T.);
#705=ADVANCED_FACE('',(#1841),#1341,.F.);
#706=ADVANCED_FACE('',(#1842),#1342,.T.);
#707=ADVANCED_FACE('',(#1843),#1343,.T.);
#708=ADVANCED_FACE('',(#1844),#1344,.T.);
#709=ADVANCED_FACE('',(#1845),#1345,.T.);
#710=ADVANCED_FACE('',(#1846),#1346,.T.);
#711=ADVANCED_FACE('',(#1847),#1347,.T.);
#712=ADVANCED_FACE('',(#1848),#1348,.F.);
#713=ADVANCED_FACE('',(#1849),#1349,.T.);
#714=ADVANCED_FACE('',(#1850),#1350,.T.);
#715=ADVANCED_FACE('',(#1851),#1351,.T.);
#716=ADVANCED_FACE('',(#1852),#1352,.T.);
#717=ADVANCED_FACE('',(#1853),#1353,.T.);
#718=ADVANCED_FACE('',(#1854),#1354,.T.);
#719=ADVANCED_FACE('',(#1855),#1355,.F.);
#720=ADVANCED_FACE('',(#1856),#1356,.T.);
#721=ADVANCED_FACE('',(#1857),#1357,.T.);
#722=ADVANCED_FACE('',(#1858),#1358,.T.);
#723=ADVANCED_FACE('',(#1859),#1359,.T.);
#724=ADVANCED_FACE('',(#1860),#1360,.T.);
#725=ADVANCED_FACE('',(#1861),#1361,.T.);
#726=ADVANCED_FACE('',(#1862),#1362,.F.);
#727=ADVANCED_FACE('',(#1863),#1363,.T.);
#728=ADVANCED_FACE('',(#1864),#1364,.T.);
#729=ADVANCED_FACE('',(#1865),#1365,.T.);
#730=ADVANCED_FACE('',(#1866),#1366,.T.);
#731=ADVANCED_FACE('',(#1867),#1367,.T.);
#732=ADVANCED_FACE('',(#1868),#1368,.T.);
#733=ADVANCED_FACE('',(#1869),#1369,.F.);
#734=ADVANCED_FACE('',(#1870),#1370,.T.);
#735=ADVANCED_FACE('',(#1871),#1371,.T.);
#736=ADVANCED_FACE('',(#1872),#1372,.T.);
#737=ADVANCED_FACE('',(#1873),#1373,.T.);
#738=ADVANCED_FACE('',(#1874),#1374,.T.);
#739=ADVANCED_FACE('',(#1875),#1375,.T.);
#740=ADVANCED_FACE('',(#1876),#1376,.F.);
#741=ADVANCED_FACE('',(#1877),#1377,.T.);
#742=ADVANCED_FACE('',(#1878),#1378,.T.);
#743=ADVANCED_FACE('',(#1879),#1379,.T.);
#744=ADVANCED_FACE('',(#1880),#1380,.T.);
#745=ADVANCED_FACE('',(#1881),#1381,.T.);
#746=ADVANCED_FACE('',(#1882),#1382,.T.);
#747=ADVANCED_FACE('',(#1883),#1383,.F.);
#748=ADVANCED_FACE('',(#1884),#1384,.T.);
#749=ADVANCED_FACE('',(#1885),#1385,.T.);
#750=ADVANCED_FACE('',(#1886),#1386,.T.);
#751=ADVANCED_FACE('',(#1887),#1387,.T.);
#752=ADVANCED_FACE('',(#1888),#1388,.T.);
#753=ADVANCED_FACE('',(#1889),#1389,.T.);
#754=ADVANCED_FACE('',(#1890),#1390,.F.);
#755=ADVANCED_FACE('',(#1891),#1391,.T.);
#756=ADVANCED_FACE('',(#1892),#1392,.T.);
#757=ADVANCED_FACE('',(#1893),#1393,.T.);
#758=ADVANCED_FACE('',(#1894),#1394,.T.);
#759=ADVANCED_FACE('',(#1895),#1395,.T.);
#760=ADVANCED_FACE('',(#1896),#1396,.T.);
#761=ADVANCED_FACE('',(#1897),#1397,.F.);
#762=ADVANCED_FACE('',(#1898),#1398,.T.);
#763=ADVANCED_FACE('',(#1899),#1399,.T.);
#764=ADVANCED_FACE('',(#1900),#1400,.T.);
#765=ADVANCED_FACE('',(#1901),#1401,.T.);
#766=ADVANCED_FACE('',(#1902),#1402,.T.);
#767=ADVANCED_FACE('',(#1903),#43,.F.);
#768=ADVANCED_FACE('',(#1904),#1403,.T.);
#769=ADVANCED_FACE('',(#1905),#44,.T.);
#770=ADVANCED_FACE('',(#1906),#1404,.F.);
#771=ADVANCED_FACE('',(#1907),#1405,.F.);
#772=ADVANCED_FACE('',(#1908),#1406,.T.);
#773=ADVANCED_FACE('',(#1909),#1407,.T.);
#774=ADVANCED_FACE('',(#1910),#45,.T.);
#775=ADVANCED_FACE('',(#1911),#46,.F.);
#776=ADVANCED_FACE('',(#1912),#1408,.T.);
#777=ADVANCED_FACE('',(#1913),#47,.T.);
#778=ADVANCED_FACE('',(#1914),#1409,.F.);
#779=ADVANCED_FACE('',(#1915),#1410,.F.);
#780=ADVANCED_FACE('',(#1916),#1411,.T.);
#781=ADVANCED_FACE('',(#1917),#1412,.T.);
#782=ADVANCED_FACE('',(#1918),#48,.T.);
#783=ADVANCED_FACE('',(#1919),#49,.F.);
#784=ADVANCED_FACE('',(#1920),#1413,.T.);
#785=ADVANCED_FACE('',(#1921),#50,.T.);
#786=ADVANCED_FACE('',(#1922),#1414,.F.);
#787=ADVANCED_FACE('',(#1923),#1415,.F.);
#788=ADVANCED_FACE('',(#1924),#1416,.T.);
#789=ADVANCED_FACE('',(#1925),#1417,.T.);
#790=ADVANCED_FACE('',(#1926),#51,.T.);
#791=ADVANCED_FACE('',(#1927),#52,.F.);
#792=ADVANCED_FACE('',(#1928),#1418,.T.);
#793=ADVANCED_FACE('',(#1929),#53,.T.);
#794=ADVANCED_FACE('',(#1930),#1419,.F.);
#795=ADVANCED_FACE('',(#1931),#1420,.F.);
#796=ADVANCED_FACE('',(#1932),#1421,.T.);
#797=ADVANCED_FACE('',(#1933),#1422,.T.);
#798=ADVANCED_FACE('',(#1934),#54,.T.);
#799=ADVANCED_FACE('',(#1935),#55,.F.);
#800=ADVANCED_FACE('',(#1936),#1423,.T.);
#801=ADVANCED_FACE('',(#1937),#56,.T.);
#802=ADVANCED_FACE('',(#1938),#1424,.F.);
#803=ADVANCED_FACE('',(#1939),#1425,.F.);
#804=ADVANCED_FACE('',(#1940),#1426,.T.);
#805=ADVANCED_FACE('',(#1941),#1427,.T.);
#806=ADVANCED_FACE('',(#1942),#57,.T.);
#807=ADVANCED_FACE('',(#1943),#58,.F.);
#808=ADVANCED_FACE('',(#1944),#1428,.T.);
#809=ADVANCED_FACE('',(#1945),#59,.T.);
#810=ADVANCED_FACE('',(#1946),#1429,.F.);
#811=ADVANCED_FACE('',(#1947),#1430,.F.);
#812=ADVANCED_FACE('',(#1948),#1431,.T.);
#813=ADVANCED_FACE('',(#1949),#1432,.T.);
#814=ADVANCED_FACE('',(#1950),#60,.T.);
#815=ADVANCED_FACE('',(#1951),#61,.F.);
#816=ADVANCED_FACE('',(#1952),#1433,.T.);
#817=ADVANCED_FACE('',(#1953),#62,.T.);
#818=ADVANCED_FACE('',(#1954),#1434,.F.);
#819=ADVANCED_FACE('',(#1955),#1435,.F.);
#820=ADVANCED_FACE('',(#1956),#1436,.T.);
#821=ADVANCED_FACE('',(#1957),#1437,.T.);
#822=ADVANCED_FACE('',(#1958),#63,.T.);
#823=ADVANCED_FACE('',(#1959),#64,.F.);
#824=ADVANCED_FACE('',(#1960),#1438,.T.);
#825=ADVANCED_FACE('',(#1961),#65,.T.);
#826=ADVANCED_FACE('',(#1962),#1439,.F.);
#827=ADVANCED_FACE('',(#1963),#1440,.F.);
#828=ADVANCED_FACE('',(#1964),#1441,.T.);
#829=ADVANCED_FACE('',(#1965),#1442,.T.);
#830=ADVANCED_FACE('',(#1966),#66,.T.);
#831=ADVANCED_FACE('',(#1967),#67,.F.);
#832=ADVANCED_FACE('',(#1968),#1443,.T.);
#833=ADVANCED_FACE('',(#1969),#68,.T.);
#834=ADVANCED_FACE('',(#1970),#1444,.F.);
#835=ADVANCED_FACE('',(#1971),#1445,.F.);
#836=ADVANCED_FACE('',(#1972),#1446,.T.);
#837=ADVANCED_FACE('',(#1973),#1447,.T.);
#838=ADVANCED_FACE('',(#1974),#69,.T.);
#839=ADVANCED_FACE('',(#1975),#70,.F.);
#840=ADVANCED_FACE('',(#1976),#1448,.T.);
#841=ADVANCED_FACE('',(#1977),#71,.T.);
#842=ADVANCED_FACE('',(#1978),#1449,.F.);
#843=ADVANCED_FACE('',(#1979),#1450,.F.);
#844=ADVANCED_FACE('',(#1980),#1451,.T.);
#845=ADVANCED_FACE('',(#1981),#1452,.T.);
#846=ADVANCED_FACE('',(#1982),#72,.T.);
#847=ADVANCED_FACE('',(#1983),#73,.F.);
#848=ADVANCED_FACE('',(#1984),#1453,.T.);
#849=ADVANCED_FACE('',(#1985),#74,.T.);
#850=ADVANCED_FACE('',(#1986),#1454,.F.);
#851=ADVANCED_FACE('',(#1987),#1455,.F.);
#852=ADVANCED_FACE('',(#1988),#1456,.T.);
#853=ADVANCED_FACE('',(#1989),#1457,.T.);
#854=ADVANCED_FACE('',(#1990),#75,.T.);
#855=ADVANCED_FACE('',(#1991),#76,.F.);
#856=ADVANCED_FACE('',(#1992),#1458,.T.);
#857=ADVANCED_FACE('',(#1993),#77,.T.);
#858=ADVANCED_FACE('',(#1994),#1459,.F.);
#859=ADVANCED_FACE('',(#1995),#1460,.F.);
#860=ADVANCED_FACE('',(#1996),#1461,.T.);
#861=ADVANCED_FACE('',(#1997),#1462,.T.);
#862=ADVANCED_FACE('',(#1998),#78,.T.);
#863=ADVANCED_FACE('',(#1999),#79,.F.);
#864=ADVANCED_FACE('',(#2000),#1463,.T.);
#865=ADVANCED_FACE('',(#2001),#80,.T.);
#866=ADVANCED_FACE('',(#2002),#1464,.F.);
#867=ADVANCED_FACE('',(#2003),#1465,.F.);
#868=ADVANCED_FACE('',(#2004),#1466,.T.);
#869=ADVANCED_FACE('',(#2005),#1467,.T.);
#870=ADVANCED_FACE('',(#2006),#81,.T.);
#871=ADVANCED_FACE('',(#2007),#82,.F.);
#872=ADVANCED_FACE('',(#2008),#1468,.T.);
#873=ADVANCED_FACE('',(#2009),#83,.T.);
#874=ADVANCED_FACE('',(#2010),#1469,.F.);
#875=ADVANCED_FACE('',(#2011),#1470,.F.);
#876=ADVANCED_FACE('',(#2012),#1471,.T.);
#877=ADVANCED_FACE('',(#2013),#1472,.T.);
#878=ADVANCED_FACE('',(#2014),#84,.T.);
#879=ADVANCED_FACE('',(#2015),#1473,.T.);
#880=ADVANCED_FACE('',(#2016),#85,.T.);
#881=ADVANCED_FACE('',(#2017),#1474,.T.);
#882=ADVANCED_FACE('',(#2018),#1475,.F.);
#883=ADVANCED_FACE('',(#2019),#86,.T.);
#884=ADVANCED_FACE('',(#2020),#1476,.T.);
#885=ADVANCED_FACE('',(#2021),#1477,.T.);
#886=ADVANCED_FACE('',(#2022),#87,.T.);
#887=ADVANCED_FACE('',(#2023),#1478,.T.);
#888=ADVANCED_FACE('',(#2024),#1479,.F.);
#889=ADVANCED_FACE('',(#2025),#88,.T.);
#890=ADVANCED_FACE('',(#2026),#1480,.T.);
#891=ADVANCED_FACE('',(#2027),#1481,.T.);
#892=ADVANCED_FACE('',(#2028),#89,.T.);
#893=ADVANCED_FACE('',(#2029),#1482,.T.);
#894=ADVANCED_FACE('',(#2030),#1483,.F.);
#895=ADVANCED_FACE('',(#2031),#90,.T.);
#896=ADVANCED_FACE('',(#2032),#1484,.T.);
#897=ADVANCED_FACE('',(#2033),#1485,.T.);
#898=ADVANCED_FACE('',(#2034),#91,.T.);
#899=ADVANCED_FACE('',(#2035),#1486,.T.);
#900=ADVANCED_FACE('',(#2036),#1487,.F.);
#901=ADVANCED_FACE('',(#2037),#92,.T.);
#902=ADVANCED_FACE('',(#2038),#1488,.T.);
#903=ADVANCED_FACE('',(#2039),#1489,.T.);
#904=ADVANCED_FACE('',(#2040),#93,.T.);
#905=ADVANCED_FACE('',(#2041),#1490,.T.);
#906=ADVANCED_FACE('',(#2042),#1491,.F.);
#907=ADVANCED_FACE('',(#2043),#94,.T.);
#908=ADVANCED_FACE('',(#2044),#1492,.T.);
#909=ADVANCED_FACE('',(#2045),#1493,.T.);
#910=ADVANCED_FACE('',(#2046),#95,.T.);
#911=ADVANCED_FACE('',(#2047),#1494,.T.);
#912=ADVANCED_FACE('',(#2048),#1495,.F.);
#913=ADVANCED_FACE('',(#2049),#96,.T.);
#914=ADVANCED_FACE('',(#2050),#1496,.T.);
#915=ADVANCED_FACE('',(#2051),#1497,.T.);
#916=ADVANCED_FACE('',(#2052),#97,.T.);
#917=ADVANCED_FACE('',(#2053),#1498,.T.);
#918=ADVANCED_FACE('',(#2054),#1499,.F.);
#919=ADVANCED_FACE('',(#2055),#98,.T.);
#920=ADVANCED_FACE('',(#2056),#1500,.T.);
#921=ADVANCED_FACE('',(#2057),#1501,.T.);
#922=ADVANCED_FACE('',(#2058),#99,.T.);
#923=ADVANCED_FACE('',(#2059),#1502,.T.);
#924=ADVANCED_FACE('',(#2060),#1503,.F.);
#925=ADVANCED_FACE('',(#2061),#100,.T.);
#926=ADVANCED_FACE('',(#2062),#1504,.T.);
#927=ADVANCED_FACE('',(#2063),#1505,.T.);
#928=ADVANCED_FACE('',(#2064),#101,.T.);
#929=ADVANCED_FACE('',(#2065),#1506,.T.);
#930=ADVANCED_FACE('',(#2066),#1507,.F.);
#931=ADVANCED_FACE('',(#2067),#102,.T.);
#932=ADVANCED_FACE('',(#2068),#1508,.T.);
#933=ADVANCED_FACE('',(#2069),#1509,.T.);
#934=ADVANCED_FACE('',(#2070),#103,.T.);
#935=ADVANCED_FACE('',(#2071),#1510,.T.);
#936=ADVANCED_FACE('',(#2072),#1511,.F.);
#937=ADVANCED_FACE('',(#2073),#104,.T.);
#938=ADVANCED_FACE('',(#2074),#1512,.T.);
#939=ADVANCED_FACE('',(#2075),#1513,.T.);
#940=ADVANCED_FACE('',(#2076),#105,.T.);
#941=ADVANCED_FACE('',(#2077),#1514,.T.);
#942=ADVANCED_FACE('',(#2078),#1515,.F.);
#943=ADVANCED_FACE('',(#2079),#106,.T.);
#944=ADVANCED_FACE('',(#2080),#1516,.T.);
#945=ADVANCED_FACE('',(#2081),#1517,.T.);
#946=ADVANCED_FACE('',(#2082),#107,.T.);
#947=ADVANCED_FACE('',(#2083),#1518,.T.);
#948=ADVANCED_FACE('',(#2084),#1519,.F.);
#949=ADVANCED_FACE('',(#2085),#108,.T.);
#950=ADVANCED_FACE('',(#2086),#1520,.T.);
#951=ADVANCED_FACE('',(#2087),#1521,.T.);
#952=ADVANCED_FACE('',(#2088),#109,.T.);
#953=ADVANCED_FACE('',(#2089),#1522,.T.);
#954=ADVANCED_FACE('',(#2090),#1523,.F.);
#955=ADVANCED_FACE('',(#2091),#110,.T.);
#956=ADVANCED_FACE('',(#2092),#1524,.T.);
#957=ADVANCED_FACE('',(#2093),#1525,.T.);
#958=ADVANCED_FACE('',(#2094),#111,.T.);
#959=ADVANCED_FACE('',(#2095),#1526,.T.);
#960=ADVANCED_FACE('',(#2096),#1527,.F.);
#961=ADVANCED_FACE('',(#2097),#112,.T.);
#962=ADVANCED_FACE('',(#2098),#1528,.T.);
#963=ADVANCED_FACE('',(#2099),#1529,.T.);
#964=ADVANCED_FACE('',(#2100),#113,.T.);
#965=ADVANCED_FACE('',(#2101),#1530,.F.);
#966=ADVANCED_FACE('',(#2102),#1531,.T.);
#967=ADVANCED_FACE('',(#2103),#114,.T.);
#968=ADVANCED_FACE('',(#2104),#1532,.T.);
#969=ADVANCED_FACE('',(#2105),#1533,.T.);
#970=ADVANCED_FACE('',(#2106),#115,.T.);
#971=ADVANCED_FACE('',(#2107),#1534,.F.);
#972=ADVANCED_FACE('',(#2108),#1535,.T.);
#973=ADVANCED_FACE('',(#2109),#116,.T.);
#974=ADVANCED_FACE('',(#2110),#1536,.T.);
#975=ADVANCED_FACE('',(#2111),#1537,.T.);
#976=ADVANCED_FACE('',(#2112),#117,.T.);
#977=ADVANCED_FACE('',(#2113),#1538,.F.);
#978=ADVANCED_FACE('',(#2114),#1539,.T.);
#979=ADVANCED_FACE('',(#2115),#118,.T.);
#980=ADVANCED_FACE('',(#2116),#1540,.T.);
#981=ADVANCED_FACE('',(#2117),#1541,.T.);
#982=ADVANCED_FACE('',(#2118),#119,.T.);
#983=ADVANCED_FACE('',(#2119),#1542,.F.);
#984=ADVANCED_FACE('',(#2120),#1543,.T.);
#985=ADVANCED_FACE('',(#2121),#120,.T.);
#986=ADVANCED_FACE('',(#2122),#1544,.T.);
#987=ADVANCED_FACE('',(#2123),#1545,.T.);
#988=ADVANCED_FACE('',(#2124),#121,.T.);
#989=ADVANCED_FACE('',(#2125),#1546,.F.);
#990=ADVANCED_FACE('',(#2126),#1547,.T.);
#991=ADVANCED_FACE('',(#2127),#122,.T.);
#992=ADVANCED_FACE('',(#2128),#1548,.T.);
#993=ADVANCED_FACE('',(#2129),#1549,.T.);
#994=ADVANCED_FACE('',(#2130),#123,.T.);
#995=ADVANCED_FACE('',(#2131),#1550,.F.);
#996=ADVANCED_FACE('',(#2132),#1551,.T.);
#997=ADVANCED_FACE('',(#2133),#124,.T.);
#998=ADVANCED_FACE('',(#2134),#1552,.T.);
#999=ADVANCED_FACE('',(#2135),#1553,.T.);
#1000=ADVANCED_FACE('',(#2136),#125,.T.);
#1001=ADVANCED_FACE('',(#2137),#1554,.F.);
#1002=ADVANCED_FACE('',(#2138),#1555,.T.);
#1003=ADVANCED_FACE('',(#2139),#126,.T.);
#1004=ADVANCED_FACE('',(#2140),#1556,.T.);
#1005=ADVANCED_FACE('',(#2141),#1557,.T.);
#1006=ADVANCED_FACE('',(#2142),#127,.T.);
#1007=ADVANCED_FACE('',(#2143),#1558,.F.);
#1008=ADVANCED_FACE('',(#2144),#1559,.T.);
#1009=ADVANCED_FACE('',(#2145),#128,.T.);
#1010=ADVANCED_FACE('',(#2146),#1560,.T.);
#1011=ADVANCED_FACE('',(#2147),#1561,.T.);
#1012=ADVANCED_FACE('',(#2148),#129,.T.);
#1013=ADVANCED_FACE('',(#2149),#1562,.F.);
#1014=ADVANCED_FACE('',(#2150),#1563,.T.);
#1015=ADVANCED_FACE('',(#2151),#130,.T.);
#1016=ADVANCED_FACE('',(#2152),#1564,.T.);
#1017=ADVANCED_FACE('',(#2153),#1565,.T.);
#1018=ADVANCED_FACE('',(#2154),#131,.T.);
#1019=ADVANCED_FACE('',(#2155),#1566,.F.);
#1020=ADVANCED_FACE('',(#2156),#1567,.T.);
#1021=ADVANCED_FACE('',(#2157),#132,.T.);
#1022=ADVANCED_FACE('',(#2158),#1568,.T.);
#1023=ADVANCED_FACE('',(#2159),#1569,.T.);
#1024=ADVANCED_FACE('',(#2160),#133,.T.);
#1025=ADVANCED_FACE('',(#2161),#1570,.F.);
#1026=ADVANCED_FACE('',(#2162),#1571,.T.);
#1027=ADVANCED_FACE('',(#2163),#134,.T.);
#1028=ADVANCED_FACE('',(#2164),#1572,.T.);
#1029=ADVANCED_FACE('',(#2165),#1573,.T.);
#1030=ADVANCED_FACE('',(#2166),#135,.T.);
#1031=ADVANCED_FACE('',(#2167),#1574,.F.);
#1032=ADVANCED_FACE('',(#2168),#1575,.T.);
#1033=ADVANCED_FACE('',(#2169),#136,.T.);
#1034=ADVANCED_FACE('',(#2170),#1576,.T.);
#1035=ADVANCED_FACE('',(#2171),#1577,.T.);
#1036=ADVANCED_FACE('',(#2172),#137,.T.);
#1037=ADVANCED_FACE('',(#2173),#1578,.F.);
#1038=ADVANCED_FACE('',(#2174),#1579,.T.);
#1039=ADVANCED_FACE('',(#2175),#138,.T.);
#1040=ADVANCED_FACE('',(#2176),#1580,.T.);
#1041=ADVANCED_FACE('',(#2177),#1581,.T.);
#1042=ADVANCED_FACE('',(#2178),#139,.T.);
#1043=ADVANCED_FACE('',(#2179),#1582,.F.);
#1044=ADVANCED_FACE('',(#2180),#1583,.T.);
#1045=ADVANCED_FACE('',(#2181),#140,.T.);
#1046=ADVANCED_FACE('',(#2182),#1584,.T.);
#1047=ADVANCED_FACE('',(#2183),#1585,.T.);
#1048=ADVANCED_FACE('',(#2184),#141,.F.);
#1049=ADVANCED_FACE('',(#2185),#142,.T.);
#1050=ADVANCED_FACE('',(#2186),#1586,.T.);
#1051=ADVANCED_FACE('',(#2187),#1587,.T.);
#1052=ADVANCED_FACE('',(#2188),#1588,.F.);
#1053=ADVANCED_FACE('',(#2189),#1589,.F.);
#1054=ADVANCED_FACE('',(#2190),#143,.T.);
#1055=ADVANCED_FACE('',(#2191),#1590,.T.);
#1056=ADVANCED_FACE('',(#2192),#144,.F.);
#1057=ADVANCED_FACE('',(#2193),#145,.T.);
#1058=ADVANCED_FACE('',(#2194),#1591,.T.);
#1059=ADVANCED_FACE('',(#2195),#1592,.T.);
#1060=ADVANCED_FACE('',(#2196),#1593,.F.);
#1061=ADVANCED_FACE('',(#2197),#1594,.F.);
#1062=ADVANCED_FACE('',(#2198),#146,.T.);
#1063=ADVANCED_FACE('',(#2199),#1595,.T.);
#1064=ADVANCED_FACE('',(#2200),#147,.F.);
#1065=ADVANCED_FACE('',(#2201),#148,.T.);
#1066=ADVANCED_FACE('',(#2202),#1596,.T.);
#1067=ADVANCED_FACE('',(#2203),#1597,.T.);
#1068=ADVANCED_FACE('',(#2204),#1598,.F.);
#1069=ADVANCED_FACE('',(#2205),#1599,.F.);
#1070=ADVANCED_FACE('',(#2206),#149,.T.);
#1071=ADVANCED_FACE('',(#2207),#1600,.T.);
#1072=ADVANCED_FACE('',(#2208),#150,.F.);
#1073=ADVANCED_FACE('',(#2209),#151,.T.);
#1074=ADVANCED_FACE('',(#2210),#1601,.T.);
#1075=ADVANCED_FACE('',(#2211),#1602,.T.);
#1076=ADVANCED_FACE('',(#2212),#1603,.F.);
#1077=ADVANCED_FACE('',(#2213),#1604,.F.);
#1078=ADVANCED_FACE('',(#2214),#152,.T.);
#1079=ADVANCED_FACE('',(#2215),#1605,.T.);
#1080=ADVANCED_FACE('',(#2216),#153,.F.);
#1081=ADVANCED_FACE('',(#2217),#154,.T.);
#1082=ADVANCED_FACE('',(#2218),#1606,.T.);
#1083=ADVANCED_FACE('',(#2219),#1607,.T.);
#1084=ADVANCED_FACE('',(#2220),#1608,.F.);
#1085=ADVANCED_FACE('',(#2221),#1609,.F.);
#1086=ADVANCED_FACE('',(#2222),#155,.T.);
#1087=ADVANCED_FACE('',(#2223),#1610,.T.);
#1088=ADVANCED_FACE('',(#2224),#156,.F.);
#1089=ADVANCED_FACE('',(#2225),#157,.T.);
#1090=ADVANCED_FACE('',(#2226),#1611,.T.);
#1091=ADVANCED_FACE('',(#2227),#1612,.T.);
#1092=ADVANCED_FACE('',(#2228),#1613,.F.);
#1093=ADVANCED_FACE('',(#2229),#1614,.F.);
#1094=ADVANCED_FACE('',(#2230),#158,.T.);
#1095=ADVANCED_FACE('',(#2231),#1615,.T.);
#1096=ADVANCED_FACE('',(#2232),#159,.F.);
#1097=ADVANCED_FACE('',(#2233),#160,.T.);
#1098=ADVANCED_FACE('',(#2234),#1616,.T.);
#1099=ADVANCED_FACE('',(#2235),#1617,.T.);
#1100=ADVANCED_FACE('',(#2236),#1618,.F.);
#1101=ADVANCED_FACE('',(#2237),#1619,.F.);
#1102=ADVANCED_FACE('',(#2238),#161,.T.);
#1103=ADVANCED_FACE('',(#2239),#1620,.T.);
#1104=ADVANCED_FACE('',(#2240),#162,.F.);
#1105=ADVANCED_FACE('',(#2241),#163,.T.);
#1106=ADVANCED_FACE('',(#2242),#1621,.T.);
#1107=ADVANCED_FACE('',(#2243),#1622,.T.);
#1108=ADVANCED_FACE('',(#2244),#1623,.F.);
#1109=ADVANCED_FACE('',(#2245),#1624,.F.);
#1110=ADVANCED_FACE('',(#2246),#164,.T.);
#1111=ADVANCED_FACE('',(#2247),#1625,.T.);
#1112=ADVANCED_FACE('',(#2248),#165,.F.);
#1113=ADVANCED_FACE('',(#2249),#166,.T.);
#1114=ADVANCED_FACE('',(#2250),#1626,.T.);
#1115=ADVANCED_FACE('',(#2251),#1627,.T.);
#1116=ADVANCED_FACE('',(#2252),#1628,.F.);
#1117=ADVANCED_FACE('',(#2253),#1629,.F.);
#1118=ADVANCED_FACE('',(#2254),#167,.T.);
#1119=ADVANCED_FACE('',(#2255),#1630,.T.);
#1120=ADVANCED_FACE('',(#2256),#168,.F.);
#1121=ADVANCED_FACE('',(#2257),#169,.T.);
#1122=ADVANCED_FACE('',(#2258),#1631,.T.);
#1123=ADVANCED_FACE('',(#2259),#1632,.T.);
#1124=ADVANCED_FACE('',(#2260),#1633,.F.);
#1125=ADVANCED_FACE('',(#2261),#1634,.F.);
#1126=ADVANCED_FACE('',(#2262),#170,.T.);
#1127=ADVANCED_FACE('',(#2263),#1635,.T.);
#1128=ADVANCED_FACE('',(#2264),#171,.F.);
#1129=ADVANCED_FACE('',(#2265),#172,.T.);
#1130=ADVANCED_FACE('',(#2266),#1636,.T.);
#1131=ADVANCED_FACE('',(#2267),#1637,.T.);
#1132=ADVANCED_FACE('',(#2268),#1638,.F.);
#1133=ADVANCED_FACE('',(#2269),#1639,.F.);
#1134=ADVANCED_FACE('',(#2270),#173,.T.);
#1135=ADVANCED_FACE('',(#2271),#1640,.T.);
#1136=ADVANCED_FACE('',(#2272),#174,.F.);
#1137=ADVANCED_FACE('',(#2273),#175,.T.);
#1138=ADVANCED_FACE('',(#2274),#1641,.T.);
#1139=ADVANCED_FACE('',(#2275),#1642,.T.);
#1140=ADVANCED_FACE('',(#2276),#1643,.F.);
#1141=ADVANCED_FACE('',(#2277),#1644,.F.);
#1142=ADVANCED_FACE('',(#2278),#176,.T.);
#1143=ADVANCED_FACE('',(#2279),#1645,.T.);
#1144=ADVANCED_FACE('',(#2280),#177,.F.);
#1145=ADVANCED_FACE('',(#2281),#178,.T.);
#1146=ADVANCED_FACE('',(#2282),#1646,.T.);
#1147=ADVANCED_FACE('',(#2283),#1647,.T.);
#1148=ADVANCED_FACE('',(#2284),#1648,.F.);
#1149=ADVANCED_FACE('',(#2285),#1649,.F.);
#1150=ADVANCED_FACE('',(#2286),#179,.T.);
#1151=ADVANCED_FACE('',(#2287),#1650,.T.);
#1152=ADVANCED_FACE('',(#2288),#180,.F.);
#1153=ADVANCED_FACE('',(#2289),#181,.T.);
#1154=ADVANCED_FACE('',(#2290),#1651,.T.);
#1155=ADVANCED_FACE('',(#2291),#1652,.T.);
#1156=ADVANCED_FACE('',(#2292),#1653,.F.);
#1157=ADVANCED_FACE('',(#2293),#1654,.F.);
#1158=ADVANCED_FACE('',(#2294),#182,.T.);
#1159=ADVANCED_FACE('',(#2295),#1655,.T.);
#1160=ADVANCED_FACE('',(#2296),#1656,.F.);
#1161=ADVANCED_FACE('',(#2297),#1657,.T.);
#1162=ADVANCED_FACE('',(#2298),#1658,.T.);
#1163=ADVANCED_FACE('',(#2299),#1659,.T.);
#1164=ADVANCED_FACE('',(#2300),#1660,.T.);
#1165=ADVANCED_FACE('',(#2301),#1661,.T.);
#1166=ADVANCED_FACE('',(#2302),#1662,.T.);
#1167=ADVANCED_FACE('',(#2303),#1663,.F.);
#1168=ADVANCED_FACE('',(#2304),#1664,.T.);
#1169=ADVANCED_FACE('',(#2305),#1665,.T.);
#1170=ADVANCED_FACE('',(#2306),#1666,.T.);
#1171=ADVANCED_FACE('',(#2307),#1667,.T.);
#1172=ADVANCED_FACE('',(#2308),#1668,.T.);
#1173=ADVANCED_FACE('',(#2309),#1669,.T.);
#1174=ADVANCED_FACE('',(#2310),#1670,.F.);
#1175=ADVANCED_FACE('',(#2311),#1671,.T.);
#1176=ADVANCED_FACE('',(#2312),#1672,.T.);
#1177=ADVANCED_FACE('',(#2313),#1673,.T.);
#1178=ADVANCED_FACE('',(#2314),#1674,.T.);
#1179=ADVANCED_FACE('',(#2315),#1675,.T.);
#1180=ADVANCED_FACE('',(#2316),#1676,.T.);
#1181=ADVANCED_FACE('',(#2317),#1677,.F.);
#1182=ADVANCED_FACE('',(#2318),#1678,.T.);
#1183=ADVANCED_FACE('',(#2319),#1679,.T.);
#1184=ADVANCED_FACE('',(#2320),#1680,.T.);
#1185=ADVANCED_FACE('',(#2321),#1681,.T.);
#1186=ADVANCED_FACE('',(#2322),#1682,.T.);
#1187=ADVANCED_FACE('',(#2323),#1683,.T.);
#1188=ADVANCED_FACE('',(#2324),#1684,.F.);
#1189=ADVANCED_FACE('',(#2325),#1685,.T.);
#1190=ADVANCED_FACE('',(#2326),#1686,.T.);
#1191=ADVANCED_FACE('',(#2327),#1687,.T.);
#1192=ADVANCED_FACE('',(#2328),#1688,.T.);
#1193=ADVANCED_FACE('',(#2329),#1689,.T.);
#1194=ADVANCED_FACE('',(#2330),#1690,.T.);
#1195=ADVANCED_FACE('',(#2331),#1691,.F.);
#1196=ADVANCED_FACE('',(#2332),#1692,.T.);
#1197=ADVANCED_FACE('',(#2333),#1693,.T.);
#1198=ADVANCED_FACE('',(#2334),#1694,.T.);
#1199=ADVANCED_FACE('',(#2335),#1695,.T.);
#1200=ADVANCED_FACE('',(#2336),#1696,.T.);
#1201=ADVANCED_FACE('',(#2337),#1697,.T.);
#1202=ADVANCED_FACE('',(#2338),#1698,.F.);
#1203=ADVANCED_FACE('',(#2339),#1699,.T.);
#1204=ADVANCED_FACE('',(#2340),#1700,.T.);
#1205=ADVANCED_FACE('',(#2341),#1701,.T.);
#1206=ADVANCED_FACE('',(#2342),#1702,.T.);
#1207=ADVANCED_FACE('',(#2343),#1703,.T.);
#1208=ADVANCED_FACE('',(#2344),#1704,.T.);
#1209=ADVANCED_FACE('',(#2345),#1705,.F.);
#1210=ADVANCED_FACE('',(#2346),#1706,.T.);
#1211=ADVANCED_FACE('',(#2347),#1707,.T.);
#1212=ADVANCED_FACE('',(#2348),#1708,.T.);
#1213=ADVANCED_FACE('',(#2349),#1709,.T.);
#1214=ADVANCED_FACE('',(#2350),#1710,.T.);
#1215=ADVANCED_FACE('',(#2351),#1711,.T.);
#1216=ADVANCED_FACE('',(#2352),#1712,.F.);
#1217=ADVANCED_FACE('',(#2353),#1713,.T.);
#1218=ADVANCED_FACE('',(#2354),#1714,.T.);
#1219=ADVANCED_FACE('',(#2355),#1715,.T.);
#1220=ADVANCED_FACE('',(#2356),#1716,.T.);
#1221=ADVANCED_FACE('',(#2357),#1717,.T.);
#1222=ADVANCED_FACE('',(#2358),#1718,.T.);
#1223=ADVANCED_FACE('',(#2359),#1719,.F.);
#1224=ADVANCED_FACE('',(#2360),#1720,.T.);
#1225=ADVANCED_FACE('',(#2361),#1721,.T.);
#1226=ADVANCED_FACE('',(#2362),#1722,.T.);
#1227=ADVANCED_FACE('',(#2363),#1723,.T.);
#1228=ADVANCED_FACE('',(#2364),#1724,.T.);
#1229=ADVANCED_FACE('',(#2365),#1725,.T.);
#1230=ADVANCED_FACE('',(#2366),#1726,.F.);
#1231=ADVANCED_FACE('',(#2367),#1727,.T.);
#1232=ADVANCED_FACE('',(#2368),#1728,.T.);
#1233=ADVANCED_FACE('',(#2369),#1729,.T.);
#1234=ADVANCED_FACE('',(#2370),#1730,.T.);
#1235=ADVANCED_FACE('',(#2371),#1731,.T.);
#1236=ADVANCED_FACE('',(#2372),#1732,.T.);
#1237=ADVANCED_FACE('',(#2373),#1733,.F.);
#1238=ADVANCED_FACE('',(#2374),#1734,.T.);
#1239=ADVANCED_FACE('',(#2375),#1735,.T.);
#1240=ADVANCED_FACE('',(#2376),#1736,.T.);
#1241=ADVANCED_FACE('',(#2377),#1737,.T.);
#1242=ADVANCED_FACE('',(#2378),#1738,.T.);
#1243=ADVANCED_FACE('',(#2379),#1739,.T.);
#1244=ADVANCED_FACE('',(#2380),#1740,.F.);
#1245=ADVANCED_FACE('',(#2381),#1741,.T.);
#1246=ADVANCED_FACE('',(#2382),#1742,.T.);
#1247=ADVANCED_FACE('',(#2383),#1743,.T.);
#1248=ADVANCED_FACE('',(#2384),#1744,.T.);
#1249=ADVANCED_FACE('',(#2385),#1745,.T.);
#1250=ADVANCED_FACE('',(#2386),#1746,.T.);
#1251=ADVANCED_FACE('',(#2387),#1747,.F.);
#1252=ADVANCED_FACE('',(#2388),#1748,.T.);
#1253=ADVANCED_FACE('',(#2389),#1749,.T.);
#1254=ADVANCED_FACE('',(#2390),#1750,.T.);
#1255=ADVANCED_FACE('',(#2391),#1751,.T.);
#1256=ADVANCED_FACE('',(#2392),#1752,.T.);
#1257=PLANE('',#12761);
#1258=PLANE('',#12762);
#1259=PLANE('',#12763);
#1260=PLANE('',#12764);
#1261=PLANE('',#12765);
#1262=PLANE('',#12766);
#1263=PLANE('',#12767);
#1264=PLANE('',#12768);
#1265=PLANE('',#12769);
#1266=PLANE('',#12770);
#1267=PLANE('',#12771);
#1268=PLANE('',#12772);
#1269=PLANE('',#12773);
#1270=PLANE('',#12774);
#1271=PLANE('',#12775);
#1272=PLANE('',#12776);
#1273=PLANE('',#12777);
#1274=PLANE('',#12778);
#1275=PLANE('',#12779);
#1276=PLANE('',#12780);
#1277=PLANE('',#12781);
#1278=PLANE('',#12782);
#1279=PLANE('',#12783);
#1280=PLANE('',#12789);
#1281=PLANE('',#12794);
#1282=PLANE('',#12795);
#1283=PLANE('',#12797);
#1284=PLANE('',#12798);
#1285=PLANE('',#12800);
#1286=PLANE('',#12805);
#1287=PLANE('',#12807);
#1288=PLANE('',#12809);
#1289=PLANE('',#12810);
#1290=PLANE('',#12815);
#1291=PLANE('',#12817);
#1292=PLANE('',#12819);
#1293=PLANE('',#12820);
#1294=PLANE('',#12830);
#1295=PLANE('',#12831);
#1296=PLANE('',#12833);
#1297=PLANE('',#12834);
#1298=PLANE('',#12836);
#1299=PLANE('',#12837);
#1300=PLANE('',#12838);
#1301=PLANE('',#12839);
#1302=PLANE('',#12840);
#1303=PLANE('',#12841);
#1304=PLANE('',#12842);
#1305=PLANE('',#12843);
#1306=PLANE('',#12844);
#1307=PLANE('',#12845);
#1308=PLANE('',#12846);
#1309=PLANE('',#12847);
#1310=PLANE('',#12848);
#1311=PLANE('',#12849);
#1312=PLANE('',#12850);
#1313=PLANE('',#12851);
#1314=PLANE('',#12852);
#1315=PLANE('',#12853);
#1316=PLANE('',#12854);
#1317=PLANE('',#12855);
#1318=PLANE('',#12856);
#1319=PLANE('',#12857);
#1320=PLANE('',#12858);
#1321=PLANE('',#12859);
#1322=PLANE('',#12860);
#1323=PLANE('',#12861);
#1324=PLANE('',#12862);
#1325=PLANE('',#12863);
#1326=PLANE('',#12864);
#1327=PLANE('',#12865);
#1328=PLANE('',#12866);
#1329=PLANE('',#12867);
#1330=PLANE('',#12868);
#1331=PLANE('',#12869);
#1332=PLANE('',#12870);
#1333=PLANE('',#12871);
#1334=PLANE('',#12872);
#1335=PLANE('',#12873);
#1336=PLANE('',#12874);
#1337=PLANE('',#12875);
#1338=PLANE('',#12876);
#1339=PLANE('',#12877);
#1340=PLANE('',#12878);
#1341=PLANE('',#12879);
#1342=PLANE('',#12880);
#1343=PLANE('',#12881);
#1344=PLANE('',#12882);
#1345=PLANE('',#12883);
#1346=PLANE('',#12884);
#1347=PLANE('',#12885);
#1348=PLANE('',#12886);
#1349=PLANE('',#12887);
#1350=PLANE('',#12888);
#1351=PLANE('',#12889);
#1352=PLANE('',#12890);
#1353=PLANE('',#12891);
#1354=PLANE('',#12892);
#1355=PLANE('',#12893);
#1356=PLANE('',#12894);
#1357=PLANE('',#12895);
#1358=PLANE('',#12896);
#1359=PLANE('',#12897);
#1360=PLANE('',#12898);
#1361=PLANE('',#12899);
#1362=PLANE('',#12900);
#1363=PLANE('',#12901);
#1364=PLANE('',#12902);
#1365=PLANE('',#12903);
#1366=PLANE('',#12904);
#1367=PLANE('',#12905);
#1368=PLANE('',#12906);
#1369=PLANE('',#12907);
#1370=PLANE('',#12908);
#1371=PLANE('',#12909);
#1372=PLANE('',#12910);
#1373=PLANE('',#12911);
#1374=PLANE('',#12912);
#1375=PLANE('',#12913);
#1376=PLANE('',#12914);
#1377=PLANE('',#12915);
#1378=PLANE('',#12916);
#1379=PLANE('',#12917);
#1380=PLANE('',#12918);
#1381=PLANE('',#12919);
#1382=PLANE('',#12920);
#1383=PLANE('',#12921);
#1384=PLANE('',#12922);
#1385=PLANE('',#12923);
#1386=PLANE('',#12924);
#1387=PLANE('',#12925);
#1388=PLANE('',#12926);
#1389=PLANE('',#12927);
#1390=PLANE('',#12928);
#1391=PLANE('',#12929);
#1392=PLANE('',#12930);
#1393=PLANE('',#12931);
#1394=PLANE('',#12932);
#1395=PLANE('',#12933);
#1396=PLANE('',#12934);
#1397=PLANE('',#12935);
#1398=PLANE('',#12936);
#1399=PLANE('',#12937);
#1400=PLANE('',#12938);
#1401=PLANE('',#12939);
#1402=PLANE('',#12940);
#1403=PLANE('',#12946);
#1404=PLANE('',#12951);
#1405=PLANE('',#12952);
#1406=PLANE('',#12954);
#1407=PLANE('',#12955);
#1408=PLANE('',#12962);
#1409=PLANE('',#12967);
#1410=PLANE('',#12968);
#1411=PLANE('',#12970);
#1412=PLANE('',#12971);
#1413=PLANE('',#12978);
#1414=PLANE('',#12983);
#1415=PLANE('',#12984);
#1416=PLANE('',#12986);
#1417=PLANE('',#12987);
#1418=PLANE('',#12994);
#1419=PLANE('',#12999);
#1420=PLANE('',#13000);
#1421=PLANE('',#13002);
#1422=PLANE('',#13003);
#1423=PLANE('',#13010);
#1424=PLANE('',#13015);
#1425=PLANE('',#13016);
#1426=PLANE('',#13018);
#1427=PLANE('',#13019);
#1428=PLANE('',#13026);
#1429=PLANE('',#13031);
#1430=PLANE('',#13032);
#1431=PLANE('',#13034);
#1432=PLANE('',#13035);
#1433=PLANE('',#13042);
#1434=PLANE('',#13047);
#1435=PLANE('',#13048);
#1436=PLANE('',#13050);
#1437=PLANE('',#13051);
#1438=PLANE('',#13058);
#1439=PLANE('',#13063);
#1440=PLANE('',#13064);
#1441=PLANE('',#13066);
#1442=PLANE('',#13067);
#1443=PLANE('',#13074);
#1444=PLANE('',#13079);
#1445=PLANE('',#13080);
#1446=PLANE('',#13082);
#1447=PLANE('',#13083);
#1448=PLANE('',#13090);
#1449=PLANE('',#13095);
#1450=PLANE('',#13096);
#1451=PLANE('',#13098);
#1452=PLANE('',#13099);
#1453=PLANE('',#13106);
#1454=PLANE('',#13111);
#1455=PLANE('',#13112);
#1456=PLANE('',#13114);
#1457=PLANE('',#13115);
#1458=PLANE('',#13122);
#1459=PLANE('',#13127);
#1460=PLANE('',#13128);
#1461=PLANE('',#13130);
#1462=PLANE('',#13131);
#1463=PLANE('',#13138);
#1464=PLANE('',#13143);
#1465=PLANE('',#13144);
#1466=PLANE('',#13146);
#1467=PLANE('',#13147);
#1468=PLANE('',#13154);
#1469=PLANE('',#13159);
#1470=PLANE('',#13160);
#1471=PLANE('',#13162);
#1472=PLANE('',#13163);
#1473=PLANE('',#13165);
#1474=PLANE('',#13170);
#1475=PLANE('',#13172);
#1476=PLANE('',#13174);
#1477=PLANE('',#13175);
#1478=PLANE('',#13180);
#1479=PLANE('',#13182);
#1480=PLANE('',#13184);
#1481=PLANE('',#13185);
#1482=PLANE('',#13190);
#1483=PLANE('',#13192);
#1484=PLANE('',#13194);
#1485=PLANE('',#13195);
#1486=PLANE('',#13200);
#1487=PLANE('',#13202);
#1488=PLANE('',#13204);
#1489=PLANE('',#13205);
#1490=PLANE('',#13210);
#1491=PLANE('',#13212);
#1492=PLANE('',#13214);
#1493=PLANE('',#13215);
#1494=PLANE('',#13220);
#1495=PLANE('',#13222);
#1496=PLANE('',#13224);
#1497=PLANE('',#13225);
#1498=PLANE('',#13230);
#1499=PLANE('',#13232);
#1500=PLANE('',#13234);
#1501=PLANE('',#13235);
#1502=PLANE('',#13240);
#1503=PLANE('',#13242);
#1504=PLANE('',#13244);
#1505=PLANE('',#13245);
#1506=PLANE('',#13250);
#1507=PLANE('',#13252);
#1508=PLANE('',#13254);
#1509=PLANE('',#13255);
#1510=PLANE('',#13260);
#1511=PLANE('',#13262);
#1512=PLANE('',#13264);
#1513=PLANE('',#13265);
#1514=PLANE('',#13270);
#1515=PLANE('',#13272);
#1516=PLANE('',#13274);
#1517=PLANE('',#13275);
#1518=PLANE('',#13280);
#1519=PLANE('',#13282);
#1520=PLANE('',#13284);
#1521=PLANE('',#13285);
#1522=PLANE('',#13290);
#1523=PLANE('',#13292);
#1524=PLANE('',#13294);
#1525=PLANE('',#13295);
#1526=PLANE('',#13300);
#1527=PLANE('',#13302);
#1528=PLANE('',#13304);
#1529=PLANE('',#13305);
#1530=PLANE('',#13310);
#1531=PLANE('',#13312);
#1532=PLANE('',#13314);
#1533=PLANE('',#13315);
#1534=PLANE('',#13320);
#1535=PLANE('',#13322);
#1536=PLANE('',#13324);
#1537=PLANE('',#13325);
#1538=PLANE('',#13330);
#1539=PLANE('',#13332);
#1540=PLANE('',#13334);
#1541=PLANE('',#13335);
#1542=PLANE('',#13340);
#1543=PLANE('',#13342);
#1544=PLANE('',#13344);
#1545=PLANE('',#13345);
#1546=PLANE('',#13350);
#1547=PLANE('',#13352);
#1548=PLANE('',#13354);
#1549=PLANE('',#13355);
#1550=PLANE('',#13360);
#1551=PLANE('',#13362);
#1552=PLANE('',#13364);
#1553=PLANE('',#13365);
#1554=PLANE('',#13370);
#1555=PLANE('',#13372);
#1556=PLANE('',#13374);
#1557=PLANE('',#13375);
#1558=PLANE('',#13380);
#1559=PLANE('',#13382);
#1560=PLANE('',#13384);
#1561=PLANE('',#13385);
#1562=PLANE('',#13390);
#1563=PLANE('',#13392);
#1564=PLANE('',#13394);
#1565=PLANE('',#13395);
#1566=PLANE('',#13400);
#1567=PLANE('',#13402);
#1568=PLANE('',#13404);
#1569=PLANE('',#13405);
#1570=PLANE('',#13410);
#1571=PLANE('',#13412);
#1572=PLANE('',#13414);
#1573=PLANE('',#13415);
#1574=PLANE('',#13420);
#1575=PLANE('',#13422);
#1576=PLANE('',#13424);
#1577=PLANE('',#13425);
#1578=PLANE('',#13430);
#1579=PLANE('',#13432);
#1580=PLANE('',#13434);
#1581=PLANE('',#13435);
#1582=PLANE('',#13440);
#1583=PLANE('',#13442);
#1584=PLANE('',#13444);
#1585=PLANE('',#13445);
#1586=PLANE('',#13455);
#1587=PLANE('',#13456);
#1588=PLANE('',#13458);
#1589=PLANE('',#13459);
#1590=PLANE('',#13461);
#1591=PLANE('',#13471);
#1592=PLANE('',#13472);
#1593=PLANE('',#13474);
#1594=PLANE('',#13475);
#1595=PLANE('',#13477);
#1596=PLANE('',#13487);
#1597=PLANE('',#13488);
#1598=PLANE('',#13490);
#1599=PLANE('',#13491);
#1600=PLANE('',#13493);
#1601=PLANE('',#13503);
#1602=PLANE('',#13504);
#1603=PLANE('',#13506);
#1604=PLANE('',#13507);
#1605=PLANE('',#13509);
#1606=PLANE('',#13519);
#1607=PLANE('',#13520);
#1608=PLANE('',#13522);
#1609=PLANE('',#13523);
#1610=PLANE('',#13525);
#1611=PLANE('',#13535);
#1612=PLANE('',#13536);
#1613=PLANE('',#13538);
#1614=PLANE('',#13539);
#1615=PLANE('',#13541);
#1616=PLANE('',#13551);
#1617=PLANE('',#13552);
#1618=PLANE('',#13554);
#1619=PLANE('',#13555);
#1620=PLANE('',#13557);
#1621=PLANE('',#13567);
#1622=PLANE('',#13568);
#1623=PLANE('',#13570);
#1624=PLANE('',#13571);
#1625=PLANE('',#13573);
#1626=PLANE('',#13583);
#1627=PLANE('',#13584);
#1628=PLANE('',#13586);
#1629=PLANE('',#13587);
#1630=PLANE('',#13589);
#1631=PLANE('',#13599);
#1632=PLANE('',#13600);
#1633=PLANE('',#13602);
#1634=PLANE('',#13603);
#1635=PLANE('',#13605);
#1636=PLANE('',#13615);
#1637=PLANE('',#13616);
#1638=PLANE('',#13618);
#1639=PLANE('',#13619);
#1640=PLANE('',#13621);
#1641=PLANE('',#13631);
#1642=PLANE('',#13632);
#1643=PLANE('',#13634);
#1644=PLANE('',#13635);
#1645=PLANE('',#13637);
#1646=PLANE('',#13647);
#1647=PLANE('',#13648);
#1648=PLANE('',#13650);
#1649=PLANE('',#13651);
#1650=PLANE('',#13653);
#1651=PLANE('',#13663);
#1652=PLANE('',#13664);
#1653=PLANE('',#13666);
#1654=PLANE('',#13667);
#1655=PLANE('',#13669);
#1656=PLANE('',#13670);
#1657=PLANE('',#13671);
#1658=PLANE('',#13672);
#1659=PLANE('',#13673);
#1660=PLANE('',#13674);
#1661=PLANE('',#13675);
#1662=PLANE('',#13676);
#1663=PLANE('',#13677);
#1664=PLANE('',#13678);
#1665=PLANE('',#13679);
#1666=PLANE('',#13680);
#1667=PLANE('',#13681);
#1668=PLANE('',#13682);
#1669=PLANE('',#13683);
#1670=PLANE('',#13684);
#1671=PLANE('',#13685);
#1672=PLANE('',#13686);
#1673=PLANE('',#13687);
#1674=PLANE('',#13688);
#1675=PLANE('',#13689);
#1676=PLANE('',#13690);
#1677=PLANE('',#13691);
#1678=PLANE('',#13692);
#1679=PLANE('',#13693);
#1680=PLANE('',#13694);
#1681=PLANE('',#13695);
#1682=PLANE('',#13696);
#1683=PLANE('',#13697);
#1684=PLANE('',#13698);
#1685=PLANE('',#13699);
#1686=PLANE('',#13700);
#1687=PLANE('',#13701);
#1688=PLANE('',#13702);
#1689=PLANE('',#13703);
#1690=PLANE('',#13704);
#1691=PLANE('',#13705);
#1692=PLANE('',#13706);
#1693=PLANE('',#13707);
#1694=PLANE('',#13708);
#1695=PLANE('',#13709);
#1696=PLANE('',#13710);
#1697=PLANE('',#13711);
#1698=PLANE('',#13712);
#1699=PLANE('',#13713);
#1700=PLANE('',#13714);
#1701=PLANE('',#13715);
#1702=PLANE('',#13716);
#1703=PLANE('',#13717);
#1704=PLANE('',#13718);
#1705=PLANE('',#13719);
#1706=PLANE('',#13720);
#1707=PLANE('',#13721);
#1708=PLANE('',#13722);
#1709=PLANE('',#13723);
#1710=PLANE('',#13724);
#1711=PLANE('',#13725);
#1712=PLANE('',#13726);
#1713=PLANE('',#13727);
#1714=PLANE('',#13728);
#1715=PLANE('',#13729);
#1716=PLANE('',#13730);
#1717=PLANE('',#13731);
#1718=PLANE('',#13732);
#1719=PLANE('',#13733);
#1720=PLANE('',#13734);
#1721=PLANE('',#13735);
#1722=PLANE('',#13736);
#1723=PLANE('',#13737);
#1724=PLANE('',#13738);
#1725=PLANE('',#13739);
#1726=PLANE('',#13740);
#1727=PLANE('',#13741);
#1728=PLANE('',#13742);
#1729=PLANE('',#13743);
#1730=PLANE('',#13744);
#1731=PLANE('',#13745);
#1732=PLANE('',#13746);
#1733=PLANE('',#13747);
#1734=PLANE('',#13748);
#1735=PLANE('',#13749);
#1736=PLANE('',#13750);
#1737=PLANE('',#13751);
#1738=PLANE('',#13752);
#1739=PLANE('',#13753);
#1740=PLANE('',#13754);
#1741=PLANE('',#13755);
#1742=PLANE('',#13756);
#1743=PLANE('',#13757);
#1744=PLANE('',#13758);
#1745=PLANE('',#13759);
#1746=PLANE('',#13760);
#1747=PLANE('',#13761);
#1748=PLANE('',#13762);
#1749=PLANE('',#13763);
#1750=PLANE('',#13764);
#1751=PLANE('',#13765);
#1752=PLANE('',#13766);
#1753=FACE_OUTER_BOUND('',#2393,.T.);
#1754=FACE_OUTER_BOUND('',#2394,.T.);
#1755=FACE_OUTER_BOUND('',#2429,.T.);
#1756=FACE_OUTER_BOUND('',#2430,.T.);
#1757=FACE_OUTER_BOUND('',#2431,.T.);
#1758=FACE_OUTER_BOUND('',#2434,.T.);
#1759=FACE_OUTER_BOUND('',#2451,.T.);
#1760=FACE_OUTER_BOUND('',#2452,.T.);
#1761=FACE_OUTER_BOUND('',#2453,.T.);
#1762=FACE_OUTER_BOUND('',#2454,.T.);
#1763=FACE_OUTER_BOUND('',#2471,.T.);
#1764=FACE_OUTER_BOUND('',#2472,.T.);
#1765=FACE_OUTER_BOUND('',#2473,.T.);
#1766=FACE_OUTER_BOUND('',#2474,.T.);
#1767=FACE_OUTER_BOUND('',#2475,.T.);
#1768=FACE_OUTER_BOUND('',#2476,.T.);
#1769=FACE_OUTER_BOUND('',#2477,.T.);
#1770=FACE_OUTER_BOUND('',#2478,.T.);
#1771=FACE_OUTER_BOUND('',#2479,.T.);
#1772=FACE_OUTER_BOUND('',#2480,.T.);
#1773=FACE_OUTER_BOUND('',#2481,.T.);
#1774=FACE_OUTER_BOUND('',#2482,.T.);
#1775=FACE_OUTER_BOUND('',#2483,.T.);
#1776=FACE_OUTER_BOUND('',#2484,.T.);
#1777=FACE_OUTER_BOUND('',#2485,.T.);
#1778=FACE_OUTER_BOUND('',#2486,.T.);
#1779=FACE_OUTER_BOUND('',#2487,.T.);
#1780=FACE_OUTER_BOUND('',#2488,.T.);
#1781=FACE_OUTER_BOUND('',#2489,.T.);
#1782=FACE_OUTER_BOUND('',#2490,.T.);
#1783=FACE_OUTER_BOUND('',#2491,.T.);
#1784=FACE_OUTER_BOUND('',#2492,.T.);
#1785=FACE_OUTER_BOUND('',#2493,.T.);
#1786=FACE_OUTER_BOUND('',#2494,.T.);
#1787=FACE_OUTER_BOUND('',#2495,.T.);
#1788=FACE_OUTER_BOUND('',#2496,.T.);
#1789=FACE_OUTER_BOUND('',#2497,.T.);
#1790=FACE_OUTER_BOUND('',#2498,.T.);
#1791=FACE_OUTER_BOUND('',#2499,.T.);
#1792=FACE_OUTER_BOUND('',#2500,.T.);
#1793=FACE_OUTER_BOUND('',#2501,.T.);
#1794=FACE_OUTER_BOUND('',#2502,.T.);
#1795=FACE_OUTER_BOUND('',#2503,.T.);
#1796=FACE_OUTER_BOUND('',#2504,.T.);
#1797=FACE_OUTER_BOUND('',#2505,.T.);
#1798=FACE_OUTER_BOUND('',#2506,.T.);
#1799=FACE_OUTER_BOUND('',#2507,.T.);
#1800=FACE_OUTER_BOUND('',#2508,.T.);
#1801=FACE_OUTER_BOUND('',#2509,.T.);
#1802=FACE_OUTER_BOUND('',#2510,.T.);
#1803=FACE_OUTER_BOUND('',#2511,.T.);
#1804=FACE_OUTER_BOUND('',#2512,.T.);
#1805=FACE_OUTER_BOUND('',#2513,.T.);
#1806=FACE_OUTER_BOUND('',#2514,.T.);
#1807=FACE_OUTER_BOUND('',#2515,.T.);
#1808=FACE_OUTER_BOUND('',#2516,.T.);
#1809=FACE_OUTER_BOUND('',#2517,.T.);
#1810=FACE_OUTER_BOUND('',#2518,.T.);
#1811=FACE_OUTER_BOUND('',#2519,.T.);
#1812=FACE_OUTER_BOUND('',#2520,.T.);
#1813=FACE_OUTER_BOUND('',#2521,.T.);
#1814=FACE_OUTER_BOUND('',#2522,.T.);
#1815=FACE_OUTER_BOUND('',#2523,.T.);
#1816=FACE_OUTER_BOUND('',#2524,.T.);
#1817=FACE_OUTER_BOUND('',#2525,.T.);
#1818=FACE_OUTER_BOUND('',#2526,.T.);
#1819=FACE_OUTER_BOUND('',#2527,.T.);
#1820=FACE_OUTER_BOUND('',#2528,.T.);
#1821=FACE_OUTER_BOUND('',#2529,.T.);
#1822=FACE_OUTER_BOUND('',#2530,.T.);
#1823=FACE_OUTER_BOUND('',#2531,.T.);
#1824=FACE_OUTER_BOUND('',#2532,.T.);
#1825=FACE_OUTER_BOUND('',#2533,.T.);
#1826=FACE_OUTER_BOUND('',#2534,.T.);
#1827=FACE_OUTER_BOUND('',#2535,.T.);
#1828=FACE_OUTER_BOUND('',#2536,.T.);
#1829=FACE_OUTER_BOUND('',#2537,.T.);
#1830=FACE_OUTER_BOUND('',#2538,.T.);
#1831=FACE_OUTER_BOUND('',#2539,.T.);
#1832=FACE_OUTER_BOUND('',#2540,.T.);
#1833=FACE_OUTER_BOUND('',#2541,.T.);
#1834=FACE_OUTER_BOUND('',#2542,.T.);
#1835=FACE_OUTER_BOUND('',#2543,.T.);
#1836=FACE_OUTER_BOUND('',#2544,.T.);
#1837=FACE_OUTER_BOUND('',#2545,.T.);
#1838=FACE_OUTER_BOUND('',#2546,.T.);
#1839=FACE_OUTER_BOUND('',#2547,.T.);
#1840=FACE_OUTER_BOUND('',#2548,.T.);
#1841=FACE_OUTER_BOUND('',#2549,.T.);
#1842=FACE_OUTER_BOUND('',#2550,.T.);
#1843=FACE_OUTER_BOUND('',#2551,.T.);
#1844=FACE_OUTER_BOUND('',#2552,.T.);
#1845=FACE_OUTER_BOUND('',#2553,.T.);
#1846=FACE_OUTER_BOUND('',#2554,.T.);
#1847=FACE_OUTER_BOUND('',#2555,.T.);
#1848=FACE_OUTER_BOUND('',#2556,.T.);
#1849=FACE_OUTER_BOUND('',#2557,.T.);
#1850=FACE_OUTER_BOUND('',#2558,.T.);
#1851=FACE_OUTER_BOUND('',#2559,.T.);
#1852=FACE_OUTER_BOUND('',#2560,.T.);
#1853=FACE_OUTER_BOUND('',#2561,.T.);
#1854=FACE_OUTER_BOUND('',#2562,.T.);
#1855=FACE_OUTER_BOUND('',#2563,.T.);
#1856=FACE_OUTER_BOUND('',#2564,.T.);
#1857=FACE_OUTER_BOUND('',#2565,.T.);
#1858=FACE_OUTER_BOUND('',#2566,.T.);
#1859=FACE_OUTER_BOUND('',#2567,.T.);
#1860=FACE_OUTER_BOUND('',#2568,.T.);
#1861=FACE_OUTER_BOUND('',#2569,.T.);
#1862=FACE_OUTER_BOUND('',#2570,.T.);
#1863=FACE_OUTER_BOUND('',#2571,.T.);
#1864=FACE_OUTER_BOUND('',#2572,.T.);
#1865=FACE_OUTER_BOUND('',#2573,.T.);
#1866=FACE_OUTER_BOUND('',#2574,.T.);
#1867=FACE_OUTER_BOUND('',#2575,.T.);
#1868=FACE_OUTER_BOUND('',#2576,.T.);
#1869=FACE_OUTER_BOUND('',#2577,.T.);
#1870=FACE_OUTER_BOUND('',#2578,.T.);
#1871=FACE_OUTER_BOUND('',#2579,.T.);
#1872=FACE_OUTER_BOUND('',#2580,.T.);
#1873=FACE_OUTER_BOUND('',#2581,.T.);
#1874=FACE_OUTER_BOUND('',#2582,.T.);
#1875=FACE_OUTER_BOUND('',#2583,.T.);
#1876=FACE_OUTER_BOUND('',#2584,.T.);
#1877=FACE_OUTER_BOUND('',#2585,.T.);
#1878=FACE_OUTER_BOUND('',#2586,.T.);
#1879=FACE_OUTER_BOUND('',#2587,.T.);
#1880=FACE_OUTER_BOUND('',#2588,.T.);
#1881=FACE_OUTER_BOUND('',#2589,.T.);
#1882=FACE_OUTER_BOUND('',#2590,.T.);
#1883=FACE_OUTER_BOUND('',#2591,.T.);
#1884=FACE_OUTER_BOUND('',#2592,.T.);
#1885=FACE_OUTER_BOUND('',#2593,.T.);
#1886=FACE_OUTER_BOUND('',#2594,.T.);
#1887=FACE_OUTER_BOUND('',#2595,.T.);
#1888=FACE_OUTER_BOUND('',#2596,.T.);
#1889=FACE_OUTER_BOUND('',#2597,.T.);
#1890=FACE_OUTER_BOUND('',#2598,.T.);
#1891=FACE_OUTER_BOUND('',#2599,.T.);
#1892=FACE_OUTER_BOUND('',#2600,.T.);
#1893=FACE_OUTER_BOUND('',#2601,.T.);
#1894=FACE_OUTER_BOUND('',#2602,.T.);
#1895=FACE_OUTER_BOUND('',#2603,.T.);
#1896=FACE_OUTER_BOUND('',#2604,.T.);
#1897=FACE_OUTER_BOUND('',#2605,.T.);
#1898=FACE_OUTER_BOUND('',#2606,.T.);
#1899=FACE_OUTER_BOUND('',#2607,.T.);
#1900=FACE_OUTER_BOUND('',#2608,.T.);
#1901=FACE_OUTER_BOUND('',#2609,.T.);
#1902=FACE_OUTER_BOUND('',#2610,.T.);
#1903=FACE_OUTER_BOUND('',#2611,.T.);
#1904=FACE_OUTER_BOUND('',#2612,.T.);
#1905=FACE_OUTER_BOUND('',#2613,.T.);
#1906=FACE_OUTER_BOUND('',#2614,.T.);
#1907=FACE_OUTER_BOUND('',#2615,.T.);
#1908=FACE_OUTER_BOUND('',#2616,.T.);
#1909=FACE_OUTER_BOUND('',#2617,.T.);
#1910=FACE_OUTER_BOUND('',#2618,.T.);
#1911=FACE_OUTER_BOUND('',#2619,.T.);
#1912=FACE_OUTER_BOUND('',#2620,.T.);
#1913=FACE_OUTER_BOUND('',#2621,.T.);
#1914=FACE_OUTER_BOUND('',#2622,.T.);
#1915=FACE_OUTER_BOUND('',#2623,.T.);
#1916=FACE_OUTER_BOUND('',#2624,.T.);
#1917=FACE_OUTER_BOUND('',#2625,.T.);
#1918=FACE_OUTER_BOUND('',#2626,.T.);
#1919=FACE_OUTER_BOUND('',#2627,.T.);
#1920=FACE_OUTER_BOUND('',#2628,.T.);
#1921=FACE_OUTER_BOUND('',#2629,.T.);
#1922=FACE_OUTER_BOUND('',#2630,.T.);
#1923=FACE_OUTER_BOUND('',#2631,.T.);
#1924=FACE_OUTER_BOUND('',#2632,.T.);
#1925=FACE_OUTER_BOUND('',#2633,.T.);
#1926=FACE_OUTER_BOUND('',#2634,.T.);
#1927=FACE_OUTER_BOUND('',#2635,.T.);
#1928=FACE_OUTER_BOUND('',#2636,.T.);
#1929=FACE_OUTER_BOUND('',#2637,.T.);
#1930=FACE_OUTER_BOUND('',#2638,.T.);
#1931=FACE_OUTER_BOUND('',#2639,.T.);
#1932=FACE_OUTER_BOUND('',#2640,.T.);
#1933=FACE_OUTER_BOUND('',#2641,.T.);
#1934=FACE_OUTER_BOUND('',#2642,.T.);
#1935=FACE_OUTER_BOUND('',#2643,.T.);
#1936=FACE_OUTER_BOUND('',#2644,.T.);
#1937=FACE_OUTER_BOUND('',#2645,.T.);
#1938=FACE_OUTER_BOUND('',#2646,.T.);
#1939=FACE_OUTER_BOUND('',#2647,.T.);
#1940=FACE_OUTER_BOUND('',#2648,.T.);
#1941=FACE_OUTER_BOUND('',#2649,.T.);
#1942=FACE_OUTER_BOUND('',#2650,.T.);
#1943=FACE_OUTER_BOUND('',#2651,.T.);
#1944=FACE_OUTER_BOUND('',#2652,.T.);
#1945=FACE_OUTER_BOUND('',#2653,.T.);
#1946=FACE_OUTER_BOUND('',#2654,.T.);
#1947=FACE_OUTER_BOUND('',#2655,.T.);
#1948=FACE_OUTER_BOUND('',#2656,.T.);
#1949=FACE_OUTER_BOUND('',#2657,.T.);
#1950=FACE_OUTER_BOUND('',#2658,.T.);
#1951=FACE_OUTER_BOUND('',#2659,.T.);
#1952=FACE_OUTER_BOUND('',#2660,.T.);
#1953=FACE_OUTER_BOUND('',#2661,.T.);
#1954=FACE_OUTER_BOUND('',#2662,.T.);
#1955=FACE_OUTER_BOUND('',#2663,.T.);
#1956=FACE_OUTER_BOUND('',#2664,.T.);
#1957=FACE_OUTER_BOUND('',#2665,.T.);
#1958=FACE_OUTER_BOUND('',#2666,.T.);
#1959=FACE_OUTER_BOUND('',#2667,.T.);
#1960=FACE_OUTER_BOUND('',#2668,.T.);
#1961=FACE_OUTER_BOUND('',#2669,.T.);
#1962=FACE_OUTER_BOUND('',#2670,.T.);
#1963=FACE_OUTER_BOUND('',#2671,.T.);
#1964=FACE_OUTER_BOUND('',#2672,.T.);
#1965=FACE_OUTER_BOUND('',#2673,.T.);
#1966=FACE_OUTER_BOUND('',#2674,.T.);
#1967=FACE_OUTER_BOUND('',#2675,.T.);
#1968=FACE_OUTER_BOUND('',#2676,.T.);
#1969=FACE_OUTER_BOUND('',#2677,.T.);
#1970=FACE_OUTER_BOUND('',#2678,.T.);
#1971=FACE_OUTER_BOUND('',#2679,.T.);
#1972=FACE_OUTER_BOUND('',#2680,.T.);
#1973=FACE_OUTER_BOUND('',#2681,.T.);
#1974=FACE_OUTER_BOUND('',#2682,.T.);
#1975=FACE_OUTER_BOUND('',#2683,.T.);
#1976=FACE_OUTER_BOUND('',#2684,.T.);
#1977=FACE_OUTER_BOUND('',#2685,.T.);
#1978=FACE_OUTER_BOUND('',#2686,.T.);
#1979=FACE_OUTER_BOUND('',#2687,.T.);
#1980=FACE_OUTER_BOUND('',#2688,.T.);
#1981=FACE_OUTER_BOUND('',#2689,.T.);
#1982=FACE_OUTER_BOUND('',#2690,.T.);
#1983=FACE_OUTER_BOUND('',#2691,.T.);
#1984=FACE_OUTER_BOUND('',#2692,.T.);
#1985=FACE_OUTER_BOUND('',#2693,.T.);
#1986=FACE_OUTER_BOUND('',#2694,.T.);
#1987=FACE_OUTER_BOUND('',#2695,.T.);
#1988=FACE_OUTER_BOUND('',#2696,.T.);
#1989=FACE_OUTER_BOUND('',#2697,.T.);
#1990=FACE_OUTER_BOUND('',#2698,.T.);
#1991=FACE_OUTER_BOUND('',#2699,.T.);
#1992=FACE_OUTER_BOUND('',#2700,.T.);
#1993=FACE_OUTER_BOUND('',#2701,.T.);
#1994=FACE_OUTER_BOUND('',#2702,.T.);
#1995=FACE_OUTER_BOUND('',#2703,.T.);
#1996=FACE_OUTER_BOUND('',#2704,.T.);
#1997=FACE_OUTER_BOUND('',#2705,.T.);
#1998=FACE_OUTER_BOUND('',#2706,.T.);
#1999=FACE_OUTER_BOUND('',#2707,.T.);
#2000=FACE_OUTER_BOUND('',#2708,.T.);
#2001=FACE_OUTER_BOUND('',#2709,.T.);
#2002=FACE_OUTER_BOUND('',#2710,.T.);
#2003=FACE_OUTER_BOUND('',#2711,.T.);
#2004=FACE_OUTER_BOUND('',#2712,.T.);
#2005=FACE_OUTER_BOUND('',#2713,.T.);
#2006=FACE_OUTER_BOUND('',#2714,.T.);
#2007=FACE_OUTER_BOUND('',#2715,.T.);
#2008=FACE_OUTER_BOUND('',#2716,.T.);
#2009=FACE_OUTER_BOUND('',#2717,.T.);
#2010=FACE_OUTER_BOUND('',#2718,.T.);
#2011=FACE_OUTER_BOUND('',#2719,.T.);
#2012=FACE_OUTER_BOUND('',#2720,.T.);
#2013=FACE_OUTER_BOUND('',#2721,.T.);
#2014=FACE_OUTER_BOUND('',#2722,.T.);
#2015=FACE_OUTER_BOUND('',#2723,.T.);
#2016=FACE_OUTER_BOUND('',#2724,.T.);
#2017=FACE_OUTER_BOUND('',#2725,.T.);
#2018=FACE_OUTER_BOUND('',#2726,.T.);
#2019=FACE_OUTER_BOUND('',#2727,.T.);
#2020=FACE_OUTER_BOUND('',#2728,.T.);
#2021=FACE_OUTER_BOUND('',#2729,.T.);
#2022=FACE_OUTER_BOUND('',#2730,.T.);
#2023=FACE_OUTER_BOUND('',#2731,.T.);
#2024=FACE_OUTER_BOUND('',#2732,.T.);
#2025=FACE_OUTER_BOUND('',#2733,.T.);
#2026=FACE_OUTER_BOUND('',#2734,.T.);
#2027=FACE_OUTER_BOUND('',#2735,.T.);
#2028=FACE_OUTER_BOUND('',#2736,.T.);
#2029=FACE_OUTER_BOUND('',#2737,.T.);
#2030=FACE_OUTER_BOUND('',#2738,.T.);
#2031=FACE_OUTER_BOUND('',#2739,.T.);
#2032=FACE_OUTER_BOUND('',#2740,.T.);
#2033=FACE_OUTER_BOUND('',#2741,.T.);
#2034=FACE_OUTER_BOUND('',#2742,.T.);
#2035=FACE_OUTER_BOUND('',#2743,.T.);
#2036=FACE_OUTER_BOUND('',#2744,.T.);
#2037=FACE_OUTER_BOUND('',#2745,.T.);
#2038=FACE_OUTER_BOUND('',#2746,.T.);
#2039=FACE_OUTER_BOUND('',#2747,.T.);
#2040=FACE_OUTER_BOUND('',#2748,.T.);
#2041=FACE_OUTER_BOUND('',#2749,.T.);
#2042=FACE_OUTER_BOUND('',#2750,.T.);
#2043=FACE_OUTER_BOUND('',#2751,.T.);
#2044=FACE_OUTER_BOUND('',#2752,.T.);
#2045=FACE_OUTER_BOUND('',#2753,.T.);
#2046=FACE_OUTER_BOUND('',#2754,.T.);
#2047=FACE_OUTER_BOUND('',#2755,.T.);
#2048=FACE_OUTER_BOUND('',#2756,.T.);
#2049=FACE_OUTER_BOUND('',#2757,.T.);
#2050=FACE_OUTER_BOUND('',#2758,.T.);
#2051=FACE_OUTER_BOUND('',#2759,.T.);
#2052=FACE_OUTER_BOUND('',#2760,.T.);
#2053=FACE_OUTER_BOUND('',#2761,.T.);
#2054=FACE_OUTER_BOUND('',#2762,.T.);
#2055=FACE_OUTER_BOUND('',#2763,.T.);
#2056=FACE_OUTER_BOUND('',#2764,.T.);
#2057=FACE_OUTER_BOUND('',#2765,.T.);
#2058=FACE_OUTER_BOUND('',#2766,.T.);
#2059=FACE_OUTER_BOUND('',#2767,.T.);
#2060=FACE_OUTER_BOUND('',#2768,.T.);
#2061=FACE_OUTER_BOUND('',#2769,.T.);
#2062=FACE_OUTER_BOUND('',#2770,.T.);
#2063=FACE_OUTER_BOUND('',#2771,.T.);
#2064=FACE_OUTER_BOUND('',#2772,.T.);
#2065=FACE_OUTER_BOUND('',#2773,.T.);
#2066=FACE_OUTER_BOUND('',#2774,.T.);
#2067=FACE_OUTER_BOUND('',#2775,.T.);
#2068=FACE_OUTER_BOUND('',#2776,.T.);
#2069=FACE_OUTER_BOUND('',#2777,.T.);
#2070=FACE_OUTER_BOUND('',#2778,.T.);
#2071=FACE_OUTER_BOUND('',#2779,.T.);
#2072=FACE_OUTER_BOUND('',#2780,.T.);
#2073=FACE_OUTER_BOUND('',#2781,.T.);
#2074=FACE_OUTER_BOUND('',#2782,.T.);
#2075=FACE_OUTER_BOUND('',#2783,.T.);
#2076=FACE_OUTER_BOUND('',#2784,.T.);
#2077=FACE_OUTER_BOUND('',#2785,.T.);
#2078=FACE_OUTER_BOUND('',#2786,.T.);
#2079=FACE_OUTER_BOUND('',#2787,.T.);
#2080=FACE_OUTER_BOUND('',#2788,.T.);
#2081=FACE_OUTER_BOUND('',#2789,.T.);
#2082=FACE_OUTER_BOUND('',#2790,.T.);
#2083=FACE_OUTER_BOUND('',#2791,.T.);
#2084=FACE_OUTER_BOUND('',#2792,.T.);
#2085=FACE_OUTER_BOUND('',#2793,.T.);
#2086=FACE_OUTER_BOUND('',#2794,.T.);
#2087=FACE_OUTER_BOUND('',#2795,.T.);
#2088=FACE_OUTER_BOUND('',#2796,.T.);
#2089=FACE_OUTER_BOUND('',#2797,.T.);
#2090=FACE_OUTER_BOUND('',#2798,.T.);
#2091=FACE_OUTER_BOUND('',#2799,.T.);
#2092=FACE_OUTER_BOUND('',#2800,.T.);
#2093=FACE_OUTER_BOUND('',#2801,.T.);
#2094=FACE_OUTER_BOUND('',#2802,.T.);
#2095=FACE_OUTER_BOUND('',#2803,.T.);
#2096=FACE_OUTER_BOUND('',#2804,.T.);
#2097=FACE_OUTER_BOUND('',#2805,.T.);
#2098=FACE_OUTER_BOUND('',#2806,.T.);
#2099=FACE_OUTER_BOUND('',#2807,.T.);
#2100=FACE_OUTER_BOUND('',#2808,.T.);
#2101=FACE_OUTER_BOUND('',#2809,.T.);
#2102=FACE_OUTER_BOUND('',#2810,.T.);
#2103=FACE_OUTER_BOUND('',#2811,.T.);
#2104=FACE_OUTER_BOUND('',#2812,.T.);
#2105=FACE_OUTER_BOUND('',#2813,.T.);
#2106=FACE_OUTER_BOUND('',#2814,.T.);
#2107=FACE_OUTER_BOUND('',#2815,.T.);
#2108=FACE_OUTER_BOUND('',#2816,.T.);
#2109=FACE_OUTER_BOUND('',#2817,.T.);
#2110=FACE_OUTER_BOUND('',#2818,.T.);
#2111=FACE_OUTER_BOUND('',#2819,.T.);
#2112=FACE_OUTER_BOUND('',#2820,.T.);
#2113=FACE_OUTER_BOUND('',#2821,.T.);
#2114=FACE_OUTER_BOUND('',#2822,.T.);
#2115=FACE_OUTER_BOUND('',#2823,.T.);
#2116=FACE_OUTER_BOUND('',#2824,.T.);
#2117=FACE_OUTER_BOUND('',#2825,.T.);
#2118=FACE_OUTER_BOUND('',#2826,.T.);
#2119=FACE_OUTER_BOUND('',#2827,.T.);
#2120=FACE_OUTER_BOUND('',#2828,.T.);
#2121=FACE_OUTER_BOUND('',#2829,.T.);
#2122=FACE_OUTER_BOUND('',#2830,.T.);
#2123=FACE_OUTER_BOUND('',#2831,.T.);
#2124=FACE_OUTER_BOUND('',#2832,.T.);
#2125=FACE_OUTER_BOUND('',#2833,.T.);
#2126=FACE_OUTER_BOUND('',#2834,.T.);
#2127=FACE_OUTER_BOUND('',#2835,.T.);
#2128=FACE_OUTER_BOUND('',#2836,.T.);
#2129=FACE_OUTER_BOUND('',#2837,.T.);
#2130=FACE_OUTER_BOUND('',#2838,.T.);
#2131=FACE_OUTER_BOUND('',#2839,.T.);
#2132=FACE_OUTER_BOUND('',#2840,.T.);
#2133=FACE_OUTER_BOUND('',#2841,.T.);
#2134=FACE_OUTER_BOUND('',#2842,.T.);
#2135=FACE_OUTER_BOUND('',#2843,.T.);
#2136=FACE_OUTER_BOUND('',#2844,.T.);
#2137=FACE_OUTER_BOUND('',#2845,.T.);
#2138=FACE_OUTER_BOUND('',#2846,.T.);
#2139=FACE_OUTER_BOUND('',#2847,.T.);
#2140=FACE_OUTER_BOUND('',#2848,.T.);
#2141=FACE_OUTER_BOUND('',#2849,.T.);
#2142=FACE_OUTER_BOUND('',#2850,.T.);
#2143=FACE_OUTER_BOUND('',#2851,.T.);
#2144=FACE_OUTER_BOUND('',#2852,.T.);
#2145=FACE_OUTER_BOUND('',#2853,.T.);
#2146=FACE_OUTER_BOUND('',#2854,.T.);
#2147=FACE_OUTER_BOUND('',#2855,.T.);
#2148=FACE_OUTER_BOUND('',#2856,.T.);
#2149=FACE_OUTER_BOUND('',#2857,.T.);
#2150=FACE_OUTER_BOUND('',#2858,.T.);
#2151=FACE_OUTER_BOUND('',#2859,.T.);
#2152=FACE_OUTER_BOUND('',#2860,.T.);
#2153=FACE_OUTER_BOUND('',#2861,.T.);
#2154=FACE_OUTER_BOUND('',#2862,.T.);
#2155=FACE_OUTER_BOUND('',#2863,.T.);
#2156=FACE_OUTER_BOUND('',#2864,.T.);
#2157=FACE_OUTER_BOUND('',#2865,.T.);
#2158=FACE_OUTER_BOUND('',#2866,.T.);
#2159=FACE_OUTER_BOUND('',#2867,.T.);
#2160=FACE_OUTER_BOUND('',#2868,.T.);
#2161=FACE_OUTER_BOUND('',#2869,.T.);
#2162=FACE_OUTER_BOUND('',#2870,.T.);
#2163=FACE_OUTER_BOUND('',#2871,.T.);
#2164=FACE_OUTER_BOUND('',#2872,.T.);
#2165=FACE_OUTER_BOUND('',#2873,.T.);
#2166=FACE_OUTER_BOUND('',#2874,.T.);
#2167=FACE_OUTER_BOUND('',#2875,.T.);
#2168=FACE_OUTER_BOUND('',#2876,.T.);
#2169=FACE_OUTER_BOUND('',#2877,.T.);
#2170=FACE_OUTER_BOUND('',#2878,.T.);
#2171=FACE_OUTER_BOUND('',#2879,.T.);
#2172=FACE_OUTER_BOUND('',#2880,.T.);
#2173=FACE_OUTER_BOUND('',#2881,.T.);
#2174=FACE_OUTER_BOUND('',#2882,.T.);
#2175=FACE_OUTER_BOUND('',#2883,.T.);
#2176=FACE_OUTER_BOUND('',#2884,.T.);
#2177=FACE_OUTER_BOUND('',#2885,.T.);
#2178=FACE_OUTER_BOUND('',#2886,.T.);
#2179=FACE_OUTER_BOUND('',#2887,.T.);
#2180=FACE_OUTER_BOUND('',#2888,.T.);
#2181=FACE_OUTER_BOUND('',#2889,.T.);
#2182=FACE_OUTER_BOUND('',#2890,.T.);
#2183=FACE_OUTER_BOUND('',#2891,.T.);
#2184=FACE_OUTER_BOUND('',#2892,.T.);
#2185=FACE_OUTER_BOUND('',#2893,.T.);
#2186=FACE_OUTER_BOUND('',#2894,.T.);
#2187=FACE_OUTER_BOUND('',#2895,.T.);
#2188=FACE_OUTER_BOUND('',#2896,.T.);
#2189=FACE_OUTER_BOUND('',#2897,.T.);
#2190=FACE_OUTER_BOUND('',#2898,.T.);
#2191=FACE_OUTER_BOUND('',#2899,.T.);
#2192=FACE_OUTER_BOUND('',#2900,.T.);
#2193=FACE_OUTER_BOUND('',#2901,.T.);
#2194=FACE_OUTER_BOUND('',#2902,.T.);
#2195=FACE_OUTER_BOUND('',#2903,.T.);
#2196=FACE_OUTER_BOUND('',#2904,.T.);
#2197=FACE_OUTER_BOUND('',#2905,.T.);
#2198=FACE_OUTER_BOUND('',#2906,.T.);
#2199=FACE_OUTER_BOUND('',#2907,.T.);
#2200=FACE_OUTER_BOUND('',#2908,.T.);
#2201=FACE_OUTER_BOUND('',#2909,.T.);
#2202=FACE_OUTER_BOUND('',#2910,.T.);
#2203=FACE_OUTER_BOUND('',#2911,.T.);
#2204=FACE_OUTER_BOUND('',#2912,.T.);
#2205=FACE_OUTER_BOUND('',#2913,.T.);
#2206=FACE_OUTER_BOUND('',#2914,.T.);
#2207=FACE_OUTER_BOUND('',#2915,.T.);
#2208=FACE_OUTER_BOUND('',#2916,.T.);
#2209=FACE_OUTER_BOUND('',#2917,.T.);
#2210=FACE_OUTER_BOUND('',#2918,.T.);
#2211=FACE_OUTER_BOUND('',#2919,.T.);
#2212=FACE_OUTER_BOUND('',#2920,.T.);
#2213=FACE_OUTER_BOUND('',#2921,.T.);
#2214=FACE_OUTER_BOUND('',#2922,.T.);
#2215=FACE_OUTER_BOUND('',#2923,.T.);
#2216=FACE_OUTER_BOUND('',#2924,.T.);
#2217=FACE_OUTER_BOUND('',#2925,.T.);
#2218=FACE_OUTER_BOUND('',#2926,.T.);
#2219=FACE_OUTER_BOUND('',#2927,.T.);
#2220=FACE_OUTER_BOUND('',#2928,.T.);
#2221=FACE_OUTER_BOUND('',#2929,.T.);
#2222=FACE_OUTER_BOUND('',#2930,.T.);
#2223=FACE_OUTER_BOUND('',#2931,.T.);
#2224=FACE_OUTER_BOUND('',#2932,.T.);
#2225=FACE_OUTER_BOUND('',#2933,.T.);
#2226=FACE_OUTER_BOUND('',#2934,.T.);
#2227=FACE_OUTER_BOUND('',#2935,.T.);
#2228=FACE_OUTER_BOUND('',#2936,.T.);
#2229=FACE_OUTER_BOUND('',#2937,.T.);
#2230=FACE_OUTER_BOUND('',#2938,.T.);
#2231=FACE_OUTER_BOUND('',#2939,.T.);
#2232=FACE_OUTER_BOUND('',#2940,.T.);
#2233=FACE_OUTER_BOUND('',#2941,.T.);
#2234=FACE_OUTER_BOUND('',#2942,.T.);
#2235=FACE_OUTER_BOUND('',#2943,.T.);
#2236=FACE_OUTER_BOUND('',#2944,.T.);
#2237=FACE_OUTER_BOUND('',#2945,.T.);
#2238=FACE_OUTER_BOUND('',#2946,.T.);
#2239=FACE_OUTER_BOUND('',#2947,.T.);
#2240=FACE_OUTER_BOUND('',#2948,.T.);
#2241=FACE_OUTER_BOUND('',#2949,.T.);
#2242=FACE_OUTER_BOUND('',#2950,.T.);
#2243=FACE_OUTER_BOUND('',#2951,.T.);
#2244=FACE_OUTER_BOUND('',#2952,.T.);
#2245=FACE_OUTER_BOUND('',#2953,.T.);
#2246=FACE_OUTER_BOUND('',#2954,.T.);
#2247=FACE_OUTER_BOUND('',#2955,.T.);
#2248=FACE_OUTER_BOUND('',#2956,.T.);
#2249=FACE_OUTER_BOUND('',#2957,.T.);
#2250=FACE_OUTER_BOUND('',#2958,.T.);
#2251=FACE_OUTER_BOUND('',#2959,.T.);
#2252=FACE_OUTER_BOUND('',#2960,.T.);
#2253=FACE_OUTER_BOUND('',#2961,.T.);
#2254=FACE_OUTER_BOUND('',#2962,.T.);
#2255=FACE_OUTER_BOUND('',#2963,.T.);
#2256=FACE_OUTER_BOUND('',#2964,.T.);
#2257=FACE_OUTER_BOUND('',#2965,.T.);
#2258=FACE_OUTER_BOUND('',#2966,.T.);
#2259=FACE_OUTER_BOUND('',#2967,.T.);
#2260=FACE_OUTER_BOUND('',#2968,.T.);
#2261=FACE_OUTER_BOUND('',#2969,.T.);
#2262=FACE_OUTER_BOUND('',#2970,.T.);
#2263=FACE_OUTER_BOUND('',#2971,.T.);
#2264=FACE_OUTER_BOUND('',#2972,.T.);
#2265=FACE_OUTER_BOUND('',#2973,.T.);
#2266=FACE_OUTER_BOUND('',#2974,.T.);
#2267=FACE_OUTER_BOUND('',#2975,.T.);
#2268=FACE_OUTER_BOUND('',#2976,.T.);
#2269=FACE_OUTER_BOUND('',#2977,.T.);
#2270=FACE_OUTER_BOUND('',#2978,.T.);
#2271=FACE_OUTER_BOUND('',#2979,.T.);
#2272=FACE_OUTER_BOUND('',#2980,.T.);
#2273=FACE_OUTER_BOUND('',#2981,.T.);
#2274=FACE_OUTER_BOUND('',#2982,.T.);
#2275=FACE_OUTER_BOUND('',#2983,.T.);
#2276=FACE_OUTER_BOUND('',#2984,.T.);
#2277=FACE_OUTER_BOUND('',#2985,.T.);
#2278=FACE_OUTER_BOUND('',#2986,.T.);
#2279=FACE_OUTER_BOUND('',#2987,.T.);
#2280=FACE_OUTER_BOUND('',#2988,.T.);
#2281=FACE_OUTER_BOUND('',#2989,.T.);
#2282=FACE_OUTER_BOUND('',#2990,.T.);
#2283=FACE_OUTER_BOUND('',#2991,.T.);
#2284=FACE_OUTER_BOUND('',#2992,.T.);
#2285=FACE_OUTER_BOUND('',#2993,.T.);
#2286=FACE_OUTER_BOUND('',#2994,.T.);
#2287=FACE_OUTER_BOUND('',#2995,.T.);
#2288=FACE_OUTER_BOUND('',#2996,.T.);
#2289=FACE_OUTER_BOUND('',#2997,.T.);
#2290=FACE_OUTER_BOUND('',#2998,.T.);
#2291=FACE_OUTER_BOUND('',#2999,.T.);
#2292=FACE_OUTER_BOUND('',#3000,.T.);
#2293=FACE_OUTER_BOUND('',#3001,.T.);
#2294=FACE_OUTER_BOUND('',#3002,.T.);
#2295=FACE_OUTER_BOUND('',#3003,.T.);
#2296=FACE_OUTER_BOUND('',#3004,.T.);
#2297=FACE_OUTER_BOUND('',#3005,.T.);
#2298=FACE_OUTER_BOUND('',#3006,.T.);
#2299=FACE_OUTER_BOUND('',#3007,.T.);
#2300=FACE_OUTER_BOUND('',#3008,.T.);
#2301=FACE_OUTER_BOUND('',#3009,.T.);
#2302=FACE_OUTER_BOUND('',#3010,.T.);
#2303=FACE_OUTER_BOUND('',#3011,.T.);
#2304=FACE_OUTER_BOUND('',#3012,.T.);
#2305=FACE_OUTER_BOUND('',#3013,.T.);
#2306=FACE_OUTER_BOUND('',#3014,.T.);
#2307=FACE_OUTER_BOUND('',#3015,.T.);
#2308=FACE_OUTER_BOUND('',#3016,.T.);
#2309=FACE_OUTER_BOUND('',#3017,.T.);
#2310=FACE_OUTER_BOUND('',#3018,.T.);
#2311=FACE_OUTER_BOUND('',#3019,.T.);
#2312=FACE_OUTER_BOUND('',#3020,.T.);
#2313=FACE_OUTER_BOUND('',#3021,.T.);
#2314=FACE_OUTER_BOUND('',#3022,.T.);
#2315=FACE_OUTER_BOUND('',#3023,.T.);
#2316=FACE_OUTER_BOUND('',#3024,.T.);
#2317=FACE_OUTER_BOUND('',#3025,.T.);
#2318=FACE_OUTER_BOUND('',#3026,.T.);
#2319=FACE_OUTER_BOUND('',#3027,.T.);
#2320=FACE_OUTER_BOUND('',#3028,.T.);
#2321=FACE_OUTER_BOUND('',#3029,.T.);
#2322=FACE_OUTER_BOUND('',#3030,.T.);
#2323=FACE_OUTER_BOUND('',#3031,.T.);
#2324=FACE_OUTER_BOUND('',#3032,.T.);
#2325=FACE_OUTER_BOUND('',#3033,.T.);
#2326=FACE_OUTER_BOUND('',#3034,.T.);
#2327=FACE_OUTER_BOUND('',#3035,.T.);
#2328=FACE_OUTER_BOUND('',#3036,.T.);
#2329=FACE_OUTER_BOUND('',#3037,.T.);
#2330=FACE_OUTER_BOUND('',#3038,.T.);
#2331=FACE_OUTER_BOUND('',#3039,.T.);
#2332=FACE_OUTER_BOUND('',#3040,.T.);
#2333=FACE_OUTER_BOUND('',#3041,.T.);
#2334=FACE_OUTER_BOUND('',#3042,.T.);
#2335=FACE_OUTER_BOUND('',#3043,.T.);
#2336=FACE_OUTER_BOUND('',#3044,.T.);
#2337=FACE_OUTER_BOUND('',#3045,.T.);
#2338=FACE_OUTER_BOUND('',#3046,.T.);
#2339=FACE_OUTER_BOUND('',#3047,.T.);
#2340=FACE_OUTER_BOUND('',#3048,.T.);
#2341=FACE_OUTER_BOUND('',#3049,.T.);
#2342=FACE_OUTER_BOUND('',#3050,.T.);
#2343=FACE_OUTER_BOUND('',#3051,.T.);
#2344=FACE_OUTER_BOUND('',#3052,.T.);
#2345=FACE_OUTER_BOUND('',#3053,.T.);
#2346=FACE_OUTER_BOUND('',#3054,.T.);
#2347=FACE_OUTER_BOUND('',#3055,.T.);
#2348=FACE_OUTER_BOUND('',#3056,.T.);
#2349=FACE_OUTER_BOUND('',#3057,.T.);
#2350=FACE_OUTER_BOUND('',#3058,.T.);
#2351=FACE_OUTER_BOUND('',#3059,.T.);
#2352=FACE_OUTER_BOUND('',#3060,.T.);
#2353=FACE_OUTER_BOUND('',#3061,.T.);
#2354=FACE_OUTER_BOUND('',#3062,.T.);
#2355=FACE_OUTER_BOUND('',#3063,.T.);
#2356=FACE_OUTER_BOUND('',#3064,.T.);
#2357=FACE_OUTER_BOUND('',#3065,.T.);
#2358=FACE_OUTER_BOUND('',#3066,.T.);
#2359=FACE_OUTER_BOUND('',#3067,.T.);
#2360=FACE_OUTER_BOUND('',#3068,.T.);
#2361=FACE_OUTER_BOUND('',#3069,.T.);
#2362=FACE_OUTER_BOUND('',#3070,.T.);
#2363=FACE_OUTER_BOUND('',#3071,.T.);
#2364=FACE_OUTER_BOUND('',#3072,.T.);
#2365=FACE_OUTER_BOUND('',#3073,.T.);
#2366=FACE_OUTER_BOUND('',#3074,.T.);
#2367=FACE_OUTER_BOUND('',#3075,.T.);
#2368=FACE_OUTER_BOUND('',#3076,.T.);
#2369=FACE_OUTER_BOUND('',#3077,.T.);
#2370=FACE_OUTER_BOUND('',#3078,.T.);
#2371=FACE_OUTER_BOUND('',#3079,.T.);
#2372=FACE_OUTER_BOUND('',#3080,.T.);
#2373=FACE_OUTER_BOUND('',#3081,.T.);
#2374=FACE_OUTER_BOUND('',#3082,.T.);
#2375=FACE_OUTER_BOUND('',#3083,.T.);
#2376=FACE_OUTER_BOUND('',#3084,.T.);
#2377=FACE_OUTER_BOUND('',#3085,.T.);
#2378=FACE_OUTER_BOUND('',#3086,.T.);
#2379=FACE_OUTER_BOUND('',#3087,.T.);
#2380=FACE_OUTER_BOUND('',#3088,.T.);
#2381=FACE_OUTER_BOUND('',#3089,.T.);
#2382=FACE_OUTER_BOUND('',#3090,.T.);
#2383=FACE_OUTER_BOUND('',#3091,.T.);
#2384=FACE_OUTER_BOUND('',#3092,.T.);
#2385=FACE_OUTER_BOUND('',#3093,.T.);
#2386=FACE_OUTER_BOUND('',#3094,.T.);
#2387=FACE_OUTER_BOUND('',#3095,.T.);
#2388=FACE_OUTER_BOUND('',#3096,.T.);
#2389=FACE_OUTER_BOUND('',#3097,.T.);
#2390=FACE_OUTER_BOUND('',#3098,.T.);
#2391=FACE_OUTER_BOUND('',#3099,.T.);
#2392=FACE_OUTER_BOUND('',#3100,.T.);
#2393=EDGE_LOOP('',(#3101,#3102,#3103,#3104,#3105,#3106,#3107,#3108,#3109,
#3110,#3111,#3112,#3113,#3114,#3115,#3116,#3117,#3118,#3119,#3120,#3121,
#3122,#3123,#3124,#3125,#3126,#3127,#3128,#3129,#3130,#3131,#3132,#3133,
#3134,#3135,#3136,#3137,#3138,#3139,#3140,#3141,#3142,#3143,#3144,#3145,
#3146,#3147,#3148,#3149,#3150,#3151,#3152,#3153,#3154,#3155,#3156,#3157,
#3158,#3159,#3160,#3161,#3162,#3163,#3164,#3165,#3166,#3167,#3168,#3169,
#3170,#3171,#3172,#3173,#3174,#3175,#3176,#3177,#3178,#3179,#3180,#3181,
#3182,#3183,#3184,#3185,#3186,#3187,#3188,#3189,#3190,#3191,#3192,#3193,
#3194,#3195,#3196,#3197,#3198,#3199,#3200,#3201,#3202,#3203,#3204,#3205,
#3206,#3207,#3208,#3209,#3210,#3211,#3212,#3213,#3214,#3215,#3216,#3217,
#3218,#3219,#3220,#3221,#3222,#3223,#3224));
#2394=EDGE_LOOP('',(#3225,#3226,#3227,#3228,#3229,#3230,#3231,#3232,#3233,
#3234,#3235,#3236,#3237,#3238,#3239,#3240,#3241,#3242,#3243,#3244,#3245,
#3246,#3247,#3248,#3249,#3250,#3251,#3252,#3253,#3254,#3255,#3256,#3257,
#3258,#3259,#3260,#3261,#3262,#3263,#3264,#3265,#3266,#3267,#3268,#3269,
#3270,#3271,#3272,#3273,#3274,#3275,#3276,#3277,#3278,#3279,#3280,#3281,
#3282,#3283,#3284,#3285,#3286,#3287,#3288));
#2395=EDGE_LOOP('',(#3289,#3290,#3291,#3292));
#2396=EDGE_LOOP('',(#3293,#3294,#3295,#3296));
#2397=EDGE_LOOP('',(#3297,#3298,#3299,#3300));
#2398=EDGE_LOOP('',(#3301,#3302,#3303,#3304));
#2399=EDGE_LOOP('',(#3305,#3306,#3307,#3308));
#2400=EDGE_LOOP('',(#3309,#3310,#3311,#3312));
#2401=EDGE_LOOP('',(#3313,#3314,#3315,#3316));
#2402=EDGE_LOOP('',(#3317,#3318,#3319,#3320));
#2403=EDGE_LOOP('',(#3321,#3322,#3323,#3324));
#2404=EDGE_LOOP('',(#3325,#3326,#3327,#3328));
#2405=EDGE_LOOP('',(#3329,#3330,#3331,#3332));
#2406=EDGE_LOOP('',(#3333,#3334,#3335,#3336));
#2407=EDGE_LOOP('',(#3337,#3338,#3339,#3340));
#2408=EDGE_LOOP('',(#3341,#3342,#3343,#3344));
#2409=EDGE_LOOP('',(#3345,#3346,#3347,#3348));
#2410=EDGE_LOOP('',(#3349,#3350,#3351,#3352));
#2411=EDGE_LOOP('',(#3353,#3354,#3355,#3356,#3357,#3358));
#2412=EDGE_LOOP('',(#3359,#3360,#3361,#3362,#3363,#3364));
#2413=EDGE_LOOP('',(#3365,#3366,#3367,#3368,#3369,#3370));
#2414=EDGE_LOOP('',(#3371,#3372,#3373,#3374,#3375,#3376));
#2415=EDGE_LOOP('',(#3377,#3378,#3379,#3380,#3381,#3382));
#2416=EDGE_LOOP('',(#3383,#3384,#3385,#3386,#3387,#3388));
#2417=EDGE_LOOP('',(#3389,#3390,#3391,#3392,#3393,#3394));
#2418=EDGE_LOOP('',(#3395,#3396,#3397,#3398));
#2419=EDGE_LOOP('',(#3399,#3400,#3401,#3402,#3403,#3404));
#2420=EDGE_LOOP('',(#3405,#3406,#3407,#3408,#3409,#3410));
#2421=EDGE_LOOP('',(#3411,#3412,#3413,#3414,#3415,#3416));
#2422=EDGE_LOOP('',(#3417,#3418,#3419,#3420,#3421,#3422));
#2423=EDGE_LOOP('',(#3423,#3424,#3425,#3426,#3427,#3428));
#2424=EDGE_LOOP('',(#3429,#3430,#3431,#3432,#3433,#3434));
#2425=EDGE_LOOP('',(#3435,#3436,#3437,#3438,#3439,#3440));
#2426=EDGE_LOOP('',(#3441,#3442,#3443,#3444,#3445,#3446));
#2427=EDGE_LOOP('',(#3447,#3448,#3449,#3450));
#2428=EDGE_LOOP('',(#3451,#3452,#3453,#3454));
#2429=EDGE_LOOP('',(#3455,#3456,#3457,#3458));
#2430=EDGE_LOOP('',(#3459,#3460,#3461,#3462));
#2431=EDGE_LOOP('',(#3463,#3464,#3465,#3466,#3467,#3468,#3469,#3470,#3471,
#3472,#3473,#3474,#3475,#3476,#3477,#3478,#3479,#3480,#3481,#3482,#3483,
#3484,#3485,#3486,#3487,#3488,#3489,#3490,#3491,#3492,#3493,#3494,#3495,
#3496,#3497,#3498,#3499,#3500,#3501,#3502,#3503,#3504,#3505,#3506,#3507,
#3508,#3509,#3510,#3511,#3512,#3513,#3514,#3515,#3516,#3517,#3518,#3519,
#3520,#3521,#3522,#3523,#3524,#3525,#3526));
#2432=EDGE_LOOP('',(#3527,#3528,#3529,#3530));
#2433=EDGE_LOOP('',(#3531,#3532,#3533,#3534));
#2434=EDGE_LOOP('',(#3535,#3536,#3537,#3538));
#2435=EDGE_LOOP('',(#3539,#3540,#3541,#3542,#3543,#3544));
#2436=EDGE_LOOP('',(#3545,#3546,#3547,#3548,#3549,#3550));
#2437=EDGE_LOOP('',(#3551,#3552,#3553,#3554,#3555,#3556));
#2438=EDGE_LOOP('',(#3557,#3558,#3559,#3560,#3561,#3562));
#2439=EDGE_LOOP('',(#3563,#3564,#3565,#3566,#3567,#3568));
#2440=EDGE_LOOP('',(#3569,#3570,#3571,#3572,#3573,#3574));
#2441=EDGE_LOOP('',(#3575,#3576,#3577,#3578,#3579,#3580));
#2442=EDGE_LOOP('',(#3581,#3582,#3583,#3584,#3585,#3586));
#2443=EDGE_LOOP('',(#3587,#3588,#3589,#3590,#3591,#3592));
#2444=EDGE_LOOP('',(#3593,#3594,#3595,#3596,#3597,#3598));
#2445=EDGE_LOOP('',(#3599,#3600,#3601,#3602,#3603,#3604));
#2446=EDGE_LOOP('',(#3605,#3606,#3607,#3608,#3609,#3610));
#2447=EDGE_LOOP('',(#3611,#3612,#3613,#3614,#3615,#3616));
#2448=EDGE_LOOP('',(#3617,#3618,#3619,#3620,#3621,#3622));
#2449=EDGE_LOOP('',(#3623,#3624,#3625,#3626,#3627,#3628));
#2450=EDGE_LOOP('',(#3629,#3630,#3631,#3632));
#2451=EDGE_LOOP('',(#3633,#3634,#3635,#3636));
#2452=EDGE_LOOP('',(#3637,#3638,#3639,#3640));
#2453=EDGE_LOOP('',(#3641,#3642,#3643,#3644));
#2454=EDGE_LOOP('',(#3645,#3646,#3647,#3648));
#2455=EDGE_LOOP('',(#3649,#3650,#3651,#3652));
#2456=EDGE_LOOP('',(#3653,#3654,#3655,#3656));
#2457=EDGE_LOOP('',(#3657,#3658,#3659,#3660));
#2458=EDGE_LOOP('',(#3661,#3662,#3663,#3664));
#2459=EDGE_LOOP('',(#3665,#3666,#3667,#3668));
#2460=EDGE_LOOP('',(#3669,#3670,#3671,#3672));
#2461=EDGE_LOOP('',(#3673,#3674,#3675,#3676));
#2462=EDGE_LOOP('',(#3677,#3678,#3679,#3680));
#2463=EDGE_LOOP('',(#3681,#3682,#3683,#3684));
#2464=EDGE_LOOP('',(#3685,#3686,#3687,#3688));
#2465=EDGE_LOOP('',(#3689,#3690,#3691,#3692));
#2466=EDGE_LOOP('',(#3693,#3694,#3695,#3696));
#2467=EDGE_LOOP('',(#3697,#3698,#3699,#3700));
#2468=EDGE_LOOP('',(#3701,#3702,#3703,#3704));
#2469=EDGE_LOOP('',(#3705,#3706,#3707,#3708));
#2470=EDGE_LOOP('',(#3709,#3710,#3711,#3712));
#2471=EDGE_LOOP('',(#3713,#3714,#3715,#3716));
#2472=EDGE_LOOP('',(#3717,#3718,#3719,#3720));
#2473=EDGE_LOOP('',(#3721,#3722,#3723,#3724));
#2474=EDGE_LOOP('',(#3725,#3726,#3727,#3728));
#2475=EDGE_LOOP('',(#3729,#3730,#3731,#3732));
#2476=EDGE_LOOP('',(#3733,#3734,#3735,#3736,#3737,#3738,#3739));
#2477=EDGE_LOOP('',(#3740,#3741,#3742,#3743,#3744,#3745,#3746));
#2478=EDGE_LOOP('',(#3747,#3748,#3749,#3750,#3751,#3752));
#2479=EDGE_LOOP('',(#3753,#3754,#3755,#3756));
#2480=EDGE_LOOP('',(#3757,#3758,#3759,#3760));
#2481=EDGE_LOOP('',(#3761,#3762,#3763,#3764));
#2482=EDGE_LOOP('',(#3765,#3766,#3767));
#2483=EDGE_LOOP('',(#3768,#3769,#3770,#3771));
#2484=EDGE_LOOP('',(#3772,#3773,#3774));
#2485=EDGE_LOOP('',(#3775,#3776,#3777,#3778));
#2486=EDGE_LOOP('',(#3779,#3780,#3781,#3782));
#2487=EDGE_LOOP('',(#3783,#3784,#3785,#3786));
#2488=EDGE_LOOP('',(#3787,#3788,#3789,#3790,#3791));
#2489=EDGE_LOOP('',(#3792,#3793,#3794,#3795,#3796));
#2490=EDGE_LOOP('',(#3797,#3798,#3799,#3800));
#2491=EDGE_LOOP('',(#3801,#3802,#3803,#3804));
#2492=EDGE_LOOP('',(#3805,#3806,#3807,#3808));
#2493=EDGE_LOOP('',(#3809,#3810,#3811,#3812));
#2494=EDGE_LOOP('',(#3813,#3814,#3815,#3816,#3817));
#2495=EDGE_LOOP('',(#3818,#3819,#3820,#3821,#3822));
#2496=EDGE_LOOP('',(#3823,#3824,#3825,#3826));
#2497=EDGE_LOOP('',(#3827,#3828,#3829,#3830));
#2498=EDGE_LOOP('',(#3831,#3832,#3833,#3834));
#2499=EDGE_LOOP('',(#3835,#3836,#3837,#3838,#3839,#3840));
#2500=EDGE_LOOP('',(#3841,#3842,#3843,#3844));
#2501=EDGE_LOOP('',(#3845,#3846,#3847,#3848));
#2502=EDGE_LOOP('',(#3849,#3850,#3851));
#2503=EDGE_LOOP('',(#3852,#3853,#3854,#3855));
#2504=EDGE_LOOP('',(#3856,#3857,#3858));
#2505=EDGE_LOOP('',(#3859,#3860,#3861,#3862));
#2506=EDGE_LOOP('',(#3863,#3864,#3865,#3866));
#2507=EDGE_LOOP('',(#3867,#3868,#3869,#3870));
#2508=EDGE_LOOP('',(#3871,#3872,#3873,#3874));
#2509=EDGE_LOOP('',(#3875,#3876,#3877,#3878));
#2510=EDGE_LOOP('',(#3879,#3880,#3881,#3882));
#2511=EDGE_LOOP('',(#3883,#3884,#3885,#3886,#3887,#3888,#3889));
#2512=EDGE_LOOP('',(#3890,#3891,#3892,#3893,#3894,#3895,#3896));
#2513=EDGE_LOOP('',(#3897,#3898,#3899,#3900));
#2514=EDGE_LOOP('',(#3901,#3902,#3903,#3904,#3905,#3906,#3907));
#2515=EDGE_LOOP('',(#3908,#3909,#3910,#3911,#3912,#3913,#3914));
#2516=EDGE_LOOP('',(#3915,#3916,#3917,#3918));
#2517=EDGE_LOOP('',(#3919,#3920,#3921,#3922));
#2518=EDGE_LOOP('',(#3923,#3924,#3925,#3926));
#2519=EDGE_LOOP('',(#3927,#3928,#3929,#3930));
#2520=EDGE_LOOP('',(#3931,#3932,#3933,#3934));
#2521=EDGE_LOOP('',(#3935,#3936,#3937,#3938,#3939,#3940,#3941));
#2522=EDGE_LOOP('',(#3942,#3943,#3944,#3945,#3946,#3947,#3948));
#2523=EDGE_LOOP('',(#3949,#3950,#3951,#3952));
#2524=EDGE_LOOP('',(#3953,#3954,#3955,#3956));
#2525=EDGE_LOOP('',(#3957,#3958,#3959,#3960));
#2526=EDGE_LOOP('',(#3961,#3962,#3963,#3964));
#2527=EDGE_LOOP('',(#3965,#3966,#3967,#3968));
#2528=EDGE_LOOP('',(#3969,#3970,#3971,#3972,#3973,#3974,#3975));
#2529=EDGE_LOOP('',(#3976,#3977,#3978,#3979,#3980,#3981,#3982));
#2530=EDGE_LOOP('',(#3983,#3984,#3985,#3986));
#2531=EDGE_LOOP('',(#3987,#3988,#3989,#3990));
#2532=EDGE_LOOP('',(#3991,#3992,#3993,#3994));
#2533=EDGE_LOOP('',(#3995,#3996,#3997,#3998));
#2534=EDGE_LOOP('',(#3999,#4000,#4001,#4002));
#2535=EDGE_LOOP('',(#4003,#4004,#4005,#4006,#4007,#4008,#4009));
#2536=EDGE_LOOP('',(#4010,#4011,#4012,#4013,#4014,#4015,#4016));
#2537=EDGE_LOOP('',(#4017,#4018,#4019,#4020));
#2538=EDGE_LOOP('',(#4021,#4022,#4023,#4024));
#2539=EDGE_LOOP('',(#4025,#4026,#4027,#4028));
#2540=EDGE_LOOP('',(#4029,#4030,#4031,#4032));
#2541=EDGE_LOOP('',(#4033,#4034,#4035,#4036));
#2542=EDGE_LOOP('',(#4037,#4038,#4039,#4040,#4041,#4042,#4043));
#2543=EDGE_LOOP('',(#4044,#4045,#4046,#4047,#4048,#4049,#4050));
#2544=EDGE_LOOP('',(#4051,#4052,#4053,#4054));
#2545=EDGE_LOOP('',(#4055,#4056,#4057,#4058));
#2546=EDGE_LOOP('',(#4059,#4060,#4061,#4062));
#2547=EDGE_LOOP('',(#4063,#4064,#4065,#4066));
#2548=EDGE_LOOP('',(#4067,#4068,#4069,#4070));
#2549=EDGE_LOOP('',(#4071,#4072,#4073,#4074,#4075,#4076,#4077));
#2550=EDGE_LOOP('',(#4078,#4079,#4080,#4081,#4082,#4083,#4084));
#2551=EDGE_LOOP('',(#4085,#4086,#4087,#4088));
#2552=EDGE_LOOP('',(#4089,#4090,#4091,#4092));
#2553=EDGE_LOOP('',(#4093,#4094,#4095,#4096));
#2554=EDGE_LOOP('',(#4097,#4098,#4099,#4100));
#2555=EDGE_LOOP('',(#4101,#4102,#4103,#4104));
#2556=EDGE_LOOP('',(#4105,#4106,#4107,#4108,#4109,#4110,#4111));
#2557=EDGE_LOOP('',(#4112,#4113,#4114,#4115,#4116,#4117,#4118));
#2558=EDGE_LOOP('',(#4119,#4120,#4121,#4122));
#2559=EDGE_LOOP('',(#4123,#4124,#4125,#4126));
#2560=EDGE_LOOP('',(#4127,#4128,#4129,#4130));
#2561=EDGE_LOOP('',(#4131,#4132,#4133,#4134));
#2562=EDGE_LOOP('',(#4135,#4136,#4137,#4138));
#2563=EDGE_LOOP('',(#4139,#4140,#4141,#4142,#4143,#4144,#4145));
#2564=EDGE_LOOP('',(#4146,#4147,#4148,#4149,#4150,#4151,#4152));
#2565=EDGE_LOOP('',(#4153,#4154,#4155,#4156));
#2566=EDGE_LOOP('',(#4157,#4158,#4159,#4160));
#2567=EDGE_LOOP('',(#4161,#4162,#4163,#4164));
#2568=EDGE_LOOP('',(#4165,#4166,#4167,#4168));
#2569=EDGE_LOOP('',(#4169,#4170,#4171,#4172));
#2570=EDGE_LOOP('',(#4173,#4174,#4175,#4176,#4177,#4178,#4179));
#2571=EDGE_LOOP('',(#4180,#4181,#4182,#4183,#4184,#4185,#4186));
#2572=EDGE_LOOP('',(#4187,#4188,#4189,#4190));
#2573=EDGE_LOOP('',(#4191,#4192,#4193,#4194));
#2574=EDGE_LOOP('',(#4195,#4196,#4197,#4198));
#2575=EDGE_LOOP('',(#4199,#4200,#4201,#4202));
#2576=EDGE_LOOP('',(#4203,#4204,#4205,#4206));
#2577=EDGE_LOOP('',(#4207,#4208,#4209,#4210,#4211,#4212,#4213));
#2578=EDGE_LOOP('',(#4214,#4215,#4216,#4217,#4218,#4219,#4220));
#2579=EDGE_LOOP('',(#4221,#4222,#4223,#4224));
#2580=EDGE_LOOP('',(#4225,#4226,#4227,#4228));
#2581=EDGE_LOOP('',(#4229,#4230,#4231,#4232));
#2582=EDGE_LOOP('',(#4233,#4234,#4235,#4236));
#2583=EDGE_LOOP('',(#4237,#4238,#4239,#4240));
#2584=EDGE_LOOP('',(#4241,#4242,#4243,#4244,#4245,#4246,#4247));
#2585=EDGE_LOOP('',(#4248,#4249,#4250,#4251,#4252,#4253,#4254));
#2586=EDGE_LOOP('',(#4255,#4256,#4257,#4258));
#2587=EDGE_LOOP('',(#4259,#4260,#4261,#4262));
#2588=EDGE_LOOP('',(#4263,#4264,#4265,#4266));
#2589=EDGE_LOOP('',(#4267,#4268,#4269,#4270));
#2590=EDGE_LOOP('',(#4271,#4272,#4273,#4274));
#2591=EDGE_LOOP('',(#4275,#4276,#4277,#4278,#4279,#4280,#4281));
#2592=EDGE_LOOP('',(#4282,#4283,#4284,#4285,#4286,#4287,#4288));
#2593=EDGE_LOOP('',(#4289,#4290,#4291,#4292));
#2594=EDGE_LOOP('',(#4293,#4294,#4295,#4296));
#2595=EDGE_LOOP('',(#4297,#4298,#4299,#4300));
#2596=EDGE_LOOP('',(#4301,#4302,#4303,#4304));
#2597=EDGE_LOOP('',(#4305,#4306,#4307,#4308));
#2598=EDGE_LOOP('',(#4309,#4310,#4311,#4312,#4313,#4314,#4315));
#2599=EDGE_LOOP('',(#4316,#4317,#4318,#4319,#4320,#4321,#4322));
#2600=EDGE_LOOP('',(#4323,#4324,#4325,#4326));
#2601=EDGE_LOOP('',(#4327,#4328,#4329,#4330));
#2602=EDGE_LOOP('',(#4331,#4332,#4333,#4334));
#2603=EDGE_LOOP('',(#4335,#4336,#4337,#4338));
#2604=EDGE_LOOP('',(#4339,#4340,#4341,#4342));
#2605=EDGE_LOOP('',(#4343,#4344,#4345,#4346,#4347,#4348,#4349));
#2606=EDGE_LOOP('',(#4350,#4351,#4352,#4353,#4354,#4355,#4356));
#2607=EDGE_LOOP('',(#4357,#4358,#4359,#4360));
#2608=EDGE_LOOP('',(#4361,#4362,#4363,#4364));
#2609=EDGE_LOOP('',(#4365,#4366,#4367,#4368));
#2610=EDGE_LOOP('',(#4369,#4370,#4371,#4372));
#2611=EDGE_LOOP('',(#4373,#4374,#4375,#4376,#4377,#4378));
#2612=EDGE_LOOP('',(#4379,#4380,#4381,#4382));
#2613=EDGE_LOOP('',(#4383,#4384,#4385,#4386));
#2614=EDGE_LOOP('',(#4387,#4388,#4389,#4390));
#2615=EDGE_LOOP('',(#4391,#4392,#4393));
#2616=EDGE_LOOP('',(#4394,#4395,#4396,#4397));
#2617=EDGE_LOOP('',(#4398,#4399,#4400));
#2618=EDGE_LOOP('',(#4401,#4402,#4403,#4404));
#2619=EDGE_LOOP('',(#4405,#4406,#4407,#4408,#4409,#4410));
#2620=EDGE_LOOP('',(#4411,#4412,#4413,#4414));
#2621=EDGE_LOOP('',(#4415,#4416,#4417,#4418));
#2622=EDGE_LOOP('',(#4419,#4420,#4421,#4422));
#2623=EDGE_LOOP('',(#4423,#4424,#4425));
#2624=EDGE_LOOP('',(#4426,#4427,#4428,#4429));
#2625=EDGE_LOOP('',(#4430,#4431,#4432));
#2626=EDGE_LOOP('',(#4433,#4434,#4435,#4436));
#2627=EDGE_LOOP('',(#4437,#4438,#4439,#4440,#4441,#4442));
#2628=EDGE_LOOP('',(#4443,#4444,#4445,#4446));
#2629=EDGE_LOOP('',(#4447,#4448,#4449,#4450));
#2630=EDGE_LOOP('',(#4451,#4452,#4453,#4454));
#2631=EDGE_LOOP('',(#4455,#4456,#4457));
#2632=EDGE_LOOP('',(#4458,#4459,#4460,#4461));
#2633=EDGE_LOOP('',(#4462,#4463,#4464));
#2634=EDGE_LOOP('',(#4465,#4466,#4467,#4468));
#2635=EDGE_LOOP('',(#4469,#4470,#4471,#4472,#4473,#4474));
#2636=EDGE_LOOP('',(#4475,#4476,#4477,#4478));
#2637=EDGE_LOOP('',(#4479,#4480,#4481,#4482));
#2638=EDGE_LOOP('',(#4483,#4484,#4485,#4486));
#2639=EDGE_LOOP('',(#4487,#4488,#4489));
#2640=EDGE_LOOP('',(#4490,#4491,#4492,#4493));
#2641=EDGE_LOOP('',(#4494,#4495,#4496));
#2642=EDGE_LOOP('',(#4497,#4498,#4499,#4500));
#2643=EDGE_LOOP('',(#4501,#4502,#4503,#4504,#4505,#4506));
#2644=EDGE_LOOP('',(#4507,#4508,#4509,#4510));
#2645=EDGE_LOOP('',(#4511,#4512,#4513,#4514));
#2646=EDGE_LOOP('',(#4515,#4516,#4517,#4518));
#2647=EDGE_LOOP('',(#4519,#4520,#4521));
#2648=EDGE_LOOP('',(#4522,#4523,#4524,#4525));
#2649=EDGE_LOOP('',(#4526,#4527,#4528));
#2650=EDGE_LOOP('',(#4529,#4530,#4531,#4532));
#2651=EDGE_LOOP('',(#4533,#4534,#4535,#4536,#4537,#4538));
#2652=EDGE_LOOP('',(#4539,#4540,#4541,#4542));
#2653=EDGE_LOOP('',(#4543,#4544,#4545,#4546));
#2654=EDGE_LOOP('',(#4547,#4548,#4549,#4550));
#2655=EDGE_LOOP('',(#4551,#4552,#4553));
#2656=EDGE_LOOP('',(#4554,#4555,#4556,#4557));
#2657=EDGE_LOOP('',(#4558,#4559,#4560));
#2658=EDGE_LOOP('',(#4561,#4562,#4563,#4564));
#2659=EDGE_LOOP('',(#4565,#4566,#4567,#4568,#4569,#4570));
#2660=EDGE_LOOP('',(#4571,#4572,#4573,#4574));
#2661=EDGE_LOOP('',(#4575,#4576,#4577,#4578));
#2662=EDGE_LOOP('',(#4579,#4580,#4581,#4582));
#2663=EDGE_LOOP('',(#4583,#4584,#4585));
#2664=EDGE_LOOP('',(#4586,#4587,#4588,#4589));
#2665=EDGE_LOOP('',(#4590,#4591,#4592));
#2666=EDGE_LOOP('',(#4593,#4594,#4595,#4596));
#2667=EDGE_LOOP('',(#4597,#4598,#4599,#4600,#4601,#4602));
#2668=EDGE_LOOP('',(#4603,#4604,#4605,#4606));
#2669=EDGE_LOOP('',(#4607,#4608,#4609,#4610));
#2670=EDGE_LOOP('',(#4611,#4612,#4613,#4614));
#2671=EDGE_LOOP('',(#4615,#4616,#4617));
#2672=EDGE_LOOP('',(#4618,#4619,#4620,#4621));
#2673=EDGE_LOOP('',(#4622,#4623,#4624));
#2674=EDGE_LOOP('',(#4625,#4626,#4627,#4628));
#2675=EDGE_LOOP('',(#4629,#4630,#4631,#4632,#4633,#4634));
#2676=EDGE_LOOP('',(#4635,#4636,#4637,#4638));
#2677=EDGE_LOOP('',(#4639,#4640,#4641,#4642));
#2678=EDGE_LOOP('',(#4643,#4644,#4645,#4646));
#2679=EDGE_LOOP('',(#4647,#4648,#4649));
#2680=EDGE_LOOP('',(#4650,#4651,#4652,#4653));
#2681=EDGE_LOOP('',(#4654,#4655,#4656));
#2682=EDGE_LOOP('',(#4657,#4658,#4659,#4660));
#2683=EDGE_LOOP('',(#4661,#4662,#4663,#4664,#4665,#4666));
#2684=EDGE_LOOP('',(#4667,#4668,#4669,#4670));
#2685=EDGE_LOOP('',(#4671,#4672,#4673,#4674));
#2686=EDGE_LOOP('',(#4675,#4676,#4677,#4678));
#2687=EDGE_LOOP('',(#4679,#4680,#4681));
#2688=EDGE_LOOP('',(#4682,#4683,#4684,#4685));
#2689=EDGE_LOOP('',(#4686,#4687,#4688));
#2690=EDGE_LOOP('',(#4689,#4690,#4691,#4692));
#2691=EDGE_LOOP('',(#4693,#4694,#4695,#4696,#4697,#4698));
#2692=EDGE_LOOP('',(#4699,#4700,#4701,#4702));
#2693=EDGE_LOOP('',(#4703,#4704,#4705,#4706));
#2694=EDGE_LOOP('',(#4707,#4708,#4709,#4710));
#2695=EDGE_LOOP('',(#4711,#4712,#4713));
#2696=EDGE_LOOP('',(#4714,#4715,#4716,#4717));
#2697=EDGE_LOOP('',(#4718,#4719,#4720));
#2698=EDGE_LOOP('',(#4721,#4722,#4723,#4724));
#2699=EDGE_LOOP('',(#4725,#4726,#4727,#4728,#4729,#4730));
#2700=EDGE_LOOP('',(#4731,#4732,#4733,#4734));
#2701=EDGE_LOOP('',(#4735,#4736,#4737,#4738));
#2702=EDGE_LOOP('',(#4739,#4740,#4741,#4742));
#2703=EDGE_LOOP('',(#4743,#4744,#4745));
#2704=EDGE_LOOP('',(#4746,#4747,#4748,#4749));
#2705=EDGE_LOOP('',(#4750,#4751,#4752));
#2706=EDGE_LOOP('',(#4753,#4754,#4755,#4756));
#2707=EDGE_LOOP('',(#4757,#4758,#4759,#4760,#4761,#4762));
#2708=EDGE_LOOP('',(#4763,#4764,#4765,#4766));
#2709=EDGE_LOOP('',(#4767,#4768,#4769,#4770));
#2710=EDGE_LOOP('',(#4771,#4772,#4773,#4774));
#2711=EDGE_LOOP('',(#4775,#4776,#4777));
#2712=EDGE_LOOP('',(#4778,#4779,#4780,#4781));
#2713=EDGE_LOOP('',(#4782,#4783,#4784));
#2714=EDGE_LOOP('',(#4785,#4786,#4787,#4788));
#2715=EDGE_LOOP('',(#4789,#4790,#4791,#4792,#4793,#4794));
#2716=EDGE_LOOP('',(#4795,#4796,#4797,#4798));
#2717=EDGE_LOOP('',(#4799,#4800,#4801,#4802));
#2718=EDGE_LOOP('',(#4803,#4804,#4805,#4806));
#2719=EDGE_LOOP('',(#4807,#4808,#4809));
#2720=EDGE_LOOP('',(#4810,#4811,#4812,#4813));
#2721=EDGE_LOOP('',(#4814,#4815,#4816));
#2722=EDGE_LOOP('',(#4817,#4818,#4819,#4820));
#2723=EDGE_LOOP('',(#4821,#4822,#4823,#4824));
#2724=EDGE_LOOP('',(#4825,#4826,#4827,#4828));
#2725=EDGE_LOOP('',(#4829,#4830,#4831,#4832,#4833));
#2726=EDGE_LOOP('',(#4834,#4835,#4836,#4837,#4838));
#2727=EDGE_LOOP('',(#4839,#4840,#4841,#4842));
#2728=EDGE_LOOP('',(#4843,#4844,#4845,#4846));
#2729=EDGE_LOOP('',(#4847,#4848,#4849,#4850));
#2730=EDGE_LOOP('',(#4851,#4852,#4853,#4854));
#2731=EDGE_LOOP('',(#4855,#4856,#4857,#4858,#4859));
#2732=EDGE_LOOP('',(#4860,#4861,#4862,#4863,#4864));
#2733=EDGE_LOOP('',(#4865,#4866,#4867,#4868));
#2734=EDGE_LOOP('',(#4869,#4870,#4871,#4872));
#2735=EDGE_LOOP('',(#4873,#4874,#4875,#4876));
#2736=EDGE_LOOP('',(#4877,#4878,#4879,#4880));
#2737=EDGE_LOOP('',(#4881,#4882,#4883,#4884,#4885));
#2738=EDGE_LOOP('',(#4886,#4887,#4888,#4889,#4890));
#2739=EDGE_LOOP('',(#4891,#4892,#4893,#4894));
#2740=EDGE_LOOP('',(#4895,#4896,#4897,#4898));
#2741=EDGE_LOOP('',(#4899,#4900,#4901,#4902));
#2742=EDGE_LOOP('',(#4903,#4904,#4905,#4906));
#2743=EDGE_LOOP('',(#4907,#4908,#4909,#4910,#4911));
#2744=EDGE_LOOP('',(#4912,#4913,#4914,#4915,#4916));
#2745=EDGE_LOOP('',(#4917,#4918,#4919,#4920));
#2746=EDGE_LOOP('',(#4921,#4922,#4923,#4924));
#2747=EDGE_LOOP('',(#4925,#4926,#4927,#4928));
#2748=EDGE_LOOP('',(#4929,#4930,#4931,#4932));
#2749=EDGE_LOOP('',(#4933,#4934,#4935,#4936,#4937));
#2750=EDGE_LOOP('',(#4938,#4939,#4940,#4941,#4942));
#2751=EDGE_LOOP('',(#4943,#4944,#4945,#4946));
#2752=EDGE_LOOP('',(#4947,#4948,#4949,#4950));
#2753=EDGE_LOOP('',(#4951,#4952,#4953,#4954));
#2754=EDGE_LOOP('',(#4955,#4956,#4957,#4958));
#2755=EDGE_LOOP('',(#4959,#4960,#4961,#4962,#4963));
#2756=EDGE_LOOP('',(#4964,#4965,#4966,#4967,#4968));
#2757=EDGE_LOOP('',(#4969,#4970,#4971,#4972));
#2758=EDGE_LOOP('',(#4973,#4974,#4975,#4976));
#2759=EDGE_LOOP('',(#4977,#4978,#4979,#4980));
#2760=EDGE_LOOP('',(#4981,#4982,#4983,#4984));
#2761=EDGE_LOOP('',(#4985,#4986,#4987,#4988,#4989));
#2762=EDGE_LOOP('',(#4990,#4991,#4992,#4993,#4994));
#2763=EDGE_LOOP('',(#4995,#4996,#4997,#4998));
#2764=EDGE_LOOP('',(#4999,#5000,#5001,#5002));
#2765=EDGE_LOOP('',(#5003,#5004,#5005,#5006));
#2766=EDGE_LOOP('',(#5007,#5008,#5009,#5010));
#2767=EDGE_LOOP('',(#5011,#5012,#5013,#5014,#5015));
#2768=EDGE_LOOP('',(#5016,#5017,#5018,#5019,#5020));
#2769=EDGE_LOOP('',(#5021,#5022,#5023,#5024));
#2770=EDGE_LOOP('',(#5025,#5026,#5027,#5028));
#2771=EDGE_LOOP('',(#5029,#5030,#5031,#5032));
#2772=EDGE_LOOP('',(#5033,#5034,#5035,#5036));
#2773=EDGE_LOOP('',(#5037,#5038,#5039,#5040,#5041));
#2774=EDGE_LOOP('',(#5042,#5043,#5044,#5045,#5046));
#2775=EDGE_LOOP('',(#5047,#5048,#5049,#5050));
#2776=EDGE_LOOP('',(#5051,#5052,#5053,#5054));
#2777=EDGE_LOOP('',(#5055,#5056,#5057,#5058));
#2778=EDGE_LOOP('',(#5059,#5060,#5061,#5062));
#2779=EDGE_LOOP('',(#5063,#5064,#5065,#5066,#5067));
#2780=EDGE_LOOP('',(#5068,#5069,#5070,#5071,#5072));
#2781=EDGE_LOOP('',(#5073,#5074,#5075,#5076));
#2782=EDGE_LOOP('',(#5077,#5078,#5079,#5080));
#2783=EDGE_LOOP('',(#5081,#5082,#5083,#5084));
#2784=EDGE_LOOP('',(#5085,#5086,#5087,#5088));
#2785=EDGE_LOOP('',(#5089,#5090,#5091,#5092,#5093));
#2786=EDGE_LOOP('',(#5094,#5095,#5096,#5097,#5098));
#2787=EDGE_LOOP('',(#5099,#5100,#5101,#5102));
#2788=EDGE_LOOP('',(#5103,#5104,#5105,#5106));
#2789=EDGE_LOOP('',(#5107,#5108,#5109,#5110));
#2790=EDGE_LOOP('',(#5111,#5112,#5113,#5114));
#2791=EDGE_LOOP('',(#5115,#5116,#5117,#5118,#5119));
#2792=EDGE_LOOP('',(#5120,#5121,#5122,#5123,#5124));
#2793=EDGE_LOOP('',(#5125,#5126,#5127,#5128));
#2794=EDGE_LOOP('',(#5129,#5130,#5131,#5132));
#2795=EDGE_LOOP('',(#5133,#5134,#5135,#5136));
#2796=EDGE_LOOP('',(#5137,#5138,#5139,#5140));
#2797=EDGE_LOOP('',(#5141,#5142,#5143,#5144,#5145));
#2798=EDGE_LOOP('',(#5146,#5147,#5148,#5149,#5150));
#2799=EDGE_LOOP('',(#5151,#5152,#5153,#5154));
#2800=EDGE_LOOP('',(#5155,#5156,#5157,#5158));
#2801=EDGE_LOOP('',(#5159,#5160,#5161,#5162));
#2802=EDGE_LOOP('',(#5163,#5164,#5165,#5166));
#2803=EDGE_LOOP('',(#5167,#5168,#5169,#5170,#5171));
#2804=EDGE_LOOP('',(#5172,#5173,#5174,#5175,#5176));
#2805=EDGE_LOOP('',(#5177,#5178,#5179,#5180));
#2806=EDGE_LOOP('',(#5181,#5182,#5183,#5184));
#2807=EDGE_LOOP('',(#5185,#5186,#5187,#5188));
#2808=EDGE_LOOP('',(#5189,#5190,#5191,#5192));
#2809=EDGE_LOOP('',(#5193,#5194,#5195,#5196,#5197));
#2810=EDGE_LOOP('',(#5198,#5199,#5200,#5201,#5202));
#2811=EDGE_LOOP('',(#5203,#5204,#5205,#5206));
#2812=EDGE_LOOP('',(#5207,#5208,#5209,#5210));
#2813=EDGE_LOOP('',(#5211,#5212,#5213,#5214));
#2814=EDGE_LOOP('',(#5215,#5216,#5217,#5218));
#2815=EDGE_LOOP('',(#5219,#5220,#5221,#5222,#5223));
#2816=EDGE_LOOP('',(#5224,#5225,#5226,#5227,#5228));
#2817=EDGE_LOOP('',(#5229,#5230,#5231,#5232));
#2818=EDGE_LOOP('',(#5233,#5234,#5235,#5236));
#2819=EDGE_LOOP('',(#5237,#5238,#5239,#5240));
#2820=EDGE_LOOP('',(#5241,#5242,#5243,#5244));
#2821=EDGE_LOOP('',(#5245,#5246,#5247,#5248,#5249));
#2822=EDGE_LOOP('',(#5250,#5251,#5252,#5253,#5254));
#2823=EDGE_LOOP('',(#5255,#5256,#5257,#5258));
#2824=EDGE_LOOP('',(#5259,#5260,#5261,#5262));
#2825=EDGE_LOOP('',(#5263,#5264,#5265,#5266));
#2826=EDGE_LOOP('',(#5267,#5268,#5269,#5270));
#2827=EDGE_LOOP('',(#5271,#5272,#5273,#5274,#5275));
#2828=EDGE_LOOP('',(#5276,#5277,#5278,#5279,#5280));
#2829=EDGE_LOOP('',(#5281,#5282,#5283,#5284));
#2830=EDGE_LOOP('',(#5285,#5286,#5287,#5288));
#2831=EDGE_LOOP('',(#5289,#5290,#5291,#5292));
#2832=EDGE_LOOP('',(#5293,#5294,#5295,#5296));
#2833=EDGE_LOOP('',(#5297,#5298,#5299,#5300,#5301));
#2834=EDGE_LOOP('',(#5302,#5303,#5304,#5305,#5306));
#2835=EDGE_LOOP('',(#5307,#5308,#5309,#5310));
#2836=EDGE_LOOP('',(#5311,#5312,#5313,#5314));
#2837=EDGE_LOOP('',(#5315,#5316,#5317,#5318));
#2838=EDGE_LOOP('',(#5319,#5320,#5321,#5322));
#2839=EDGE_LOOP('',(#5323,#5324,#5325,#5326,#5327));
#2840=EDGE_LOOP('',(#5328,#5329,#5330,#5331,#5332));
#2841=EDGE_LOOP('',(#5333,#5334,#5335,#5336));
#2842=EDGE_LOOP('',(#5337,#5338,#5339,#5340));
#2843=EDGE_LOOP('',(#5341,#5342,#5343,#5344));
#2844=EDGE_LOOP('',(#5345,#5346,#5347,#5348));
#2845=EDGE_LOOP('',(#5349,#5350,#5351,#5352,#5353));
#2846=EDGE_LOOP('',(#5354,#5355,#5356,#5357,#5358));
#2847=EDGE_LOOP('',(#5359,#5360,#5361,#5362));
#2848=EDGE_LOOP('',(#5363,#5364,#5365,#5366));
#2849=EDGE_LOOP('',(#5367,#5368,#5369,#5370));
#2850=EDGE_LOOP('',(#5371,#5372,#5373,#5374));
#2851=EDGE_LOOP('',(#5375,#5376,#5377,#5378,#5379));
#2852=EDGE_LOOP('',(#5380,#5381,#5382,#5383,#5384));
#2853=EDGE_LOOP('',(#5385,#5386,#5387,#5388));
#2854=EDGE_LOOP('',(#5389,#5390,#5391,#5392));
#2855=EDGE_LOOP('',(#5393,#5394,#5395,#5396));
#2856=EDGE_LOOP('',(#5397,#5398,#5399,#5400));
#2857=EDGE_LOOP('',(#5401,#5402,#5403,#5404,#5405));
#2858=EDGE_LOOP('',(#5406,#5407,#5408,#5409,#5410));
#2859=EDGE_LOOP('',(#5411,#5412,#5413,#5414));
#2860=EDGE_LOOP('',(#5415,#5416,#5417,#5418));
#2861=EDGE_LOOP('',(#5419,#5420,#5421,#5422));
#2862=EDGE_LOOP('',(#5423,#5424,#5425,#5426));
#2863=EDGE_LOOP('',(#5427,#5428,#5429,#5430,#5431));
#2864=EDGE_LOOP('',(#5432,#5433,#5434,#5435,#5436));
#2865=EDGE_LOOP('',(#5437,#5438,#5439,#5440));
#2866=EDGE_LOOP('',(#5441,#5442,#5443,#5444));
#2867=EDGE_LOOP('',(#5445,#5446,#5447,#5448));
#2868=EDGE_LOOP('',(#5449,#5450,#5451,#5452));
#2869=EDGE_LOOP('',(#5453,#5454,#5455,#5456,#5457));
#2870=EDGE_LOOP('',(#5458,#5459,#5460,#5461,#5462));
#2871=EDGE_LOOP('',(#5463,#5464,#5465,#5466));
#2872=EDGE_LOOP('',(#5467,#5468,#5469,#5470));
#2873=EDGE_LOOP('',(#5471,#5472,#5473,#5474));
#2874=EDGE_LOOP('',(#5475,#5476,#5477,#5478));
#2875=EDGE_LOOP('',(#5479,#5480,#5481,#5482,#5483));
#2876=EDGE_LOOP('',(#5484,#5485,#5486,#5487,#5488));
#2877=EDGE_LOOP('',(#5489,#5490,#5491,#5492));
#2878=EDGE_LOOP('',(#5493,#5494,#5495,#5496));
#2879=EDGE_LOOP('',(#5497,#5498,#5499,#5500));
#2880=EDGE_LOOP('',(#5501,#5502,#5503,#5504));
#2881=EDGE_LOOP('',(#5505,#5506,#5507,#5508,#5509));
#2882=EDGE_LOOP('',(#5510,#5511,#5512,#5513,#5514));
#2883=EDGE_LOOP('',(#5515,#5516,#5517,#5518));
#2884=EDGE_LOOP('',(#5519,#5520,#5521,#5522));
#2885=EDGE_LOOP('',(#5523,#5524,#5525,#5526));
#2886=EDGE_LOOP('',(#5527,#5528,#5529,#5530));
#2887=EDGE_LOOP('',(#5531,#5532,#5533,#5534,#5535));
#2888=EDGE_LOOP('',(#5536,#5537,#5538,#5539,#5540));
#2889=EDGE_LOOP('',(#5541,#5542,#5543,#5544));
#2890=EDGE_LOOP('',(#5545,#5546,#5547,#5548));
#2891=EDGE_LOOP('',(#5549,#5550,#5551,#5552));
#2892=EDGE_LOOP('',(#5553,#5554,#5555,#5556,#5557,#5558));
#2893=EDGE_LOOP('',(#5559,#5560,#5561,#5562));
#2894=EDGE_LOOP('',(#5563,#5564,#5565,#5566));
#2895=EDGE_LOOP('',(#5567,#5568,#5569));
#2896=EDGE_LOOP('',(#5570,#5571,#5572,#5573));
#2897=EDGE_LOOP('',(#5574,#5575,#5576));
#2898=EDGE_LOOP('',(#5577,#5578,#5579,#5580));
#2899=EDGE_LOOP('',(#5581,#5582,#5583,#5584));
#2900=EDGE_LOOP('',(#5585,#5586,#5587,#5588,#5589,#5590));
#2901=EDGE_LOOP('',(#5591,#5592,#5593,#5594));
#2902=EDGE_LOOP('',(#5595,#5596,#5597,#5598));
#2903=EDGE_LOOP('',(#5599,#5600,#5601));
#2904=EDGE_LOOP('',(#5602,#5603,#5604,#5605));
#2905=EDGE_LOOP('',(#5606,#5607,#5608));
#2906=EDGE_LOOP('',(#5609,#5610,#5611,#5612));
#2907=EDGE_LOOP('',(#5613,#5614,#5615,#5616));
#2908=EDGE_LOOP('',(#5617,#5618,#5619,#5620,#5621,#5622));
#2909=EDGE_LOOP('',(#5623,#5624,#5625,#5626));
#2910=EDGE_LOOP('',(#5627,#5628,#5629,#5630));
#2911=EDGE_LOOP('',(#5631,#5632,#5633));
#2912=EDGE_LOOP('',(#5634,#5635,#5636,#5637));
#2913=EDGE_LOOP('',(#5638,#5639,#5640));
#2914=EDGE_LOOP('',(#5641,#5642,#5643,#5644));
#2915=EDGE_LOOP('',(#5645,#5646,#5647,#5648));
#2916=EDGE_LOOP('',(#5649,#5650,#5651,#5652,#5653,#5654));
#2917=EDGE_LOOP('',(#5655,#5656,#5657,#5658));
#2918=EDGE_LOOP('',(#5659,#5660,#5661,#5662));
#2919=EDGE_LOOP('',(#5663,#5664,#5665));
#2920=EDGE_LOOP('',(#5666,#5667,#5668,#5669));
#2921=EDGE_LOOP('',(#5670,#5671,#5672));
#2922=EDGE_LOOP('',(#5673,#5674,#5675,#5676));
#2923=EDGE_LOOP('',(#5677,#5678,#5679,#5680));
#2924=EDGE_LOOP('',(#5681,#5682,#5683,#5684,#5685,#5686));
#2925=EDGE_LOOP('',(#5687,#5688,#5689,#5690));
#2926=EDGE_LOOP('',(#5691,#5692,#5693,#5694));
#2927=EDGE_LOOP('',(#5695,#5696,#5697));
#2928=EDGE_LOOP('',(#5698,#5699,#5700,#5701));
#2929=EDGE_LOOP('',(#5702,#5703,#5704));
#2930=EDGE_LOOP('',(#5705,#5706,#5707,#5708));
#2931=EDGE_LOOP('',(#5709,#5710,#5711,#5712));
#2932=EDGE_LOOP('',(#5713,#5714,#5715,#5716,#5717,#5718));
#2933=EDGE_LOOP('',(#5719,#5720,#5721,#5722));
#2934=EDGE_LOOP('',(#5723,#5724,#5725,#5726));
#2935=EDGE_LOOP('',(#5727,#5728,#5729));
#2936=EDGE_LOOP('',(#5730,#5731,#5732,#5733));
#2937=EDGE_LOOP('',(#5734,#5735,#5736));
#2938=EDGE_LOOP('',(#5737,#5738,#5739,#5740));
#2939=EDGE_LOOP('',(#5741,#5742,#5743,#5744));
#2940=EDGE_LOOP('',(#5745,#5746,#5747,#5748,#5749,#5750));
#2941=EDGE_LOOP('',(#5751,#5752,#5753,#5754));
#2942=EDGE_LOOP('',(#5755,#5756,#5757,#5758));
#2943=EDGE_LOOP('',(#5759,#5760,#5761));
#2944=EDGE_LOOP('',(#5762,#5763,#5764,#5765));
#2945=EDGE_LOOP('',(#5766,#5767,#5768));
#2946=EDGE_LOOP('',(#5769,#5770,#5771,#5772));
#2947=EDGE_LOOP('',(#5773,#5774,#5775,#5776));
#2948=EDGE_LOOP('',(#5777,#5778,#5779,#5780,#5781,#5782));
#2949=EDGE_LOOP('',(#5783,#5784,#5785,#5786));
#2950=EDGE_LOOP('',(#5787,#5788,#5789,#5790));
#2951=EDGE_LOOP('',(#5791,#5792,#5793));
#2952=EDGE_LOOP('',(#5794,#5795,#5796,#5797));
#2953=EDGE_LOOP('',(#5798,#5799,#5800));
#2954=EDGE_LOOP('',(#5801,#5802,#5803,#5804));
#2955=EDGE_LOOP('',(#5805,#5806,#5807,#5808));
#2956=EDGE_LOOP('',(#5809,#5810,#5811,#5812,#5813,#5814));
#2957=EDGE_LOOP('',(#5815,#5816,#5817,#5818));
#2958=EDGE_LOOP('',(#5819,#5820,#5821,#5822));
#2959=EDGE_LOOP('',(#5823,#5824,#5825));
#2960=EDGE_LOOP('',(#5826,#5827,#5828,#5829));
#2961=EDGE_LOOP('',(#5830,#5831,#5832));
#2962=EDGE_LOOP('',(#5833,#5834,#5835,#5836));
#2963=EDGE_LOOP('',(#5837,#5838,#5839,#5840));
#2964=EDGE_LOOP('',(#5841,#5842,#5843,#5844,#5845,#5846));
#2965=EDGE_LOOP('',(#5847,#5848,#5849,#5850));
#2966=EDGE_LOOP('',(#5851,#5852,#5853,#5854));
#2967=EDGE_LOOP('',(#5855,#5856,#5857));
#2968=EDGE_LOOP('',(#5858,#5859,#5860,#5861));
#2969=EDGE_LOOP('',(#5862,#5863,#5864));
#2970=EDGE_LOOP('',(#5865,#5866,#5867,#5868));
#2971=EDGE_LOOP('',(#5869,#5870,#5871,#5872));
#2972=EDGE_LOOP('',(#5873,#5874,#5875,#5876,#5877,#5878));
#2973=EDGE_LOOP('',(#5879,#5880,#5881,#5882));
#2974=EDGE_LOOP('',(#5883,#5884,#5885,#5886));
#2975=EDGE_LOOP('',(#5887,#5888,#5889));
#2976=EDGE_LOOP('',(#5890,#5891,#5892,#5893));
#2977=EDGE_LOOP('',(#5894,#5895,#5896));
#2978=EDGE_LOOP('',(#5897,#5898,#5899,#5900));
#2979=EDGE_LOOP('',(#5901,#5902,#5903,#5904));
#2980=EDGE_LOOP('',(#5905,#5906,#5907,#5908,#5909,#5910));
#2981=EDGE_LOOP('',(#5911,#5912,#5913,#5914));
#2982=EDGE_LOOP('',(#5915,#5916,#5917,#5918));
#2983=EDGE_LOOP('',(#5919,#5920,#5921));
#2984=EDGE_LOOP('',(#5922,#5923,#5924,#5925));
#2985=EDGE_LOOP('',(#5926,#5927,#5928));
#2986=EDGE_LOOP('',(#5929,#5930,#5931,#5932));
#2987=EDGE_LOOP('',(#5933,#5934,#5935,#5936));
#2988=EDGE_LOOP('',(#5937,#5938,#5939,#5940,#5941,#5942));
#2989=EDGE_LOOP('',(#5943,#5944,#5945,#5946));
#2990=EDGE_LOOP('',(#5947,#5948,#5949,#5950));
#2991=EDGE_LOOP('',(#5951,#5952,#5953));
#2992=EDGE_LOOP('',(#5954,#5955,#5956,#5957));
#2993=EDGE_LOOP('',(#5958,#5959,#5960));
#2994=EDGE_LOOP('',(#5961,#5962,#5963,#5964));
#2995=EDGE_LOOP('',(#5965,#5966,#5967,#5968));
#2996=EDGE_LOOP('',(#5969,#5970,#5971,#5972,#5973,#5974));
#2997=EDGE_LOOP('',(#5975,#5976,#5977,#5978));
#2998=EDGE_LOOP('',(#5979,#5980,#5981,#5982));
#2999=EDGE_LOOP('',(#5983,#5984,#5985));
#3000=EDGE_LOOP('',(#5986,#5987,#5988,#5989));
#3001=EDGE_LOOP('',(#5990,#5991,#5992));
#3002=EDGE_LOOP('',(#5993,#5994,#5995,#5996));
#3003=EDGE_LOOP('',(#5997,#5998,#5999,#6000));
#3004=EDGE_LOOP('',(#6001,#6002,#6003,#6004,#6005,#6006,#6007));
#3005=EDGE_LOOP('',(#6008,#6009,#6010,#6011,#6012,#6013,#6014));
#3006=EDGE_LOOP('',(#6015,#6016,#6017,#6018));
#3007=EDGE_LOOP('',(#6019,#6020,#6021,#6022));
#3008=EDGE_LOOP('',(#6023,#6024,#6025,#6026));
#3009=EDGE_LOOP('',(#6027,#6028,#6029,#6030));
#3010=EDGE_LOOP('',(#6031,#6032,#6033,#6034));
#3011=EDGE_LOOP('',(#6035,#6036,#6037,#6038,#6039,#6040,#6041));
#3012=EDGE_LOOP('',(#6042,#6043,#6044,#6045,#6046,#6047,#6048));
#3013=EDGE_LOOP('',(#6049,#6050,#6051,#6052));
#3014=EDGE_LOOP('',(#6053,#6054,#6055,#6056));
#3015=EDGE_LOOP('',(#6057,#6058,#6059,#6060));
#3016=EDGE_LOOP('',(#6061,#6062,#6063,#6064));
#3017=EDGE_LOOP('',(#6065,#6066,#6067,#6068));
#3018=EDGE_LOOP('',(#6069,#6070,#6071,#6072,#6073,#6074,#6075));
#3019=EDGE_LOOP('',(#6076,#6077,#6078,#6079,#6080,#6081,#6082));
#3020=EDGE_LOOP('',(#6083,#6084,#6085,#6086));
#3021=EDGE_LOOP('',(#6087,#6088,#6089,#6090));
#3022=EDGE_LOOP('',(#6091,#6092,#6093,#6094));
#3023=EDGE_LOOP('',(#6095,#6096,#6097,#6098));
#3024=EDGE_LOOP('',(#6099,#6100,#6101,#6102));
#3025=EDGE_LOOP('',(#6103,#6104,#6105,#6106,#6107,#6108,#6109));
#3026=EDGE_LOOP('',(#6110,#6111,#6112,#6113,#6114,#6115,#6116));
#3027=EDGE_LOOP('',(#6117,#6118,#6119,#6120));
#3028=EDGE_LOOP('',(#6121,#6122,#6123,#6124));
#3029=EDGE_LOOP('',(#6125,#6126,#6127,#6128));
#3030=EDGE_LOOP('',(#6129,#6130,#6131,#6132));
#3031=EDGE_LOOP('',(#6133,#6134,#6135,#6136));
#3032=EDGE_LOOP('',(#6137,#6138,#6139,#6140,#6141,#6142,#6143));
#3033=EDGE_LOOP('',(#6144,#6145,#6146,#6147,#6148,#6149,#6150));
#3034=EDGE_LOOP('',(#6151,#6152,#6153,#6154));
#3035=EDGE_LOOP('',(#6155,#6156,#6157,#6158));
#3036=EDGE_LOOP('',(#6159,#6160,#6161,#6162));
#3037=EDGE_LOOP('',(#6163,#6164,#6165,#6166));
#3038=EDGE_LOOP('',(#6167,#6168,#6169,#6170));
#3039=EDGE_LOOP('',(#6171,#6172,#6173,#6174,#6175,#6176,#6177));
#3040=EDGE_LOOP('',(#6178,#6179,#6180,#6181,#6182,#6183,#6184));
#3041=EDGE_LOOP('',(#6185,#6186,#6187,#6188));
#3042=EDGE_LOOP('',(#6189,#6190,#6191,#6192));
#3043=EDGE_LOOP('',(#6193,#6194,#6195,#6196));
#3044=EDGE_LOOP('',(#6197,#6198,#6199,#6200));
#3045=EDGE_LOOP('',(#6201,#6202,#6203,#6204));
#3046=EDGE_LOOP('',(#6205,#6206,#6207,#6208,#6209,#6210,#6211));
#3047=EDGE_LOOP('',(#6212,#6213,#6214,#6215,#6216,#6217,#6218));
#3048=EDGE_LOOP('',(#6219,#6220,#6221,#6222));
#3049=EDGE_LOOP('',(#6223,#6224,#6225,#6226));
#3050=EDGE_LOOP('',(#6227,#6228,#6229,#6230));
#3051=EDGE_LOOP('',(#6231,#6232,#6233,#6234));
#3052=EDGE_LOOP('',(#6235,#6236,#6237,#6238));
#3053=EDGE_LOOP('',(#6239,#6240,#6241,#6242,#6243,#6244,#6245));
#3054=EDGE_LOOP('',(#6246,#6247,#6248,#6249,#6250,#6251,#6252));
#3055=EDGE_LOOP('',(#6253,#6254,#6255,#6256));
#3056=EDGE_LOOP('',(#6257,#6258,#6259,#6260));
#3057=EDGE_LOOP('',(#6261,#6262,#6263,#6264));
#3058=EDGE_LOOP('',(#6265,#6266,#6267,#6268));
#3059=EDGE_LOOP('',(#6269,#6270,#6271,#6272));
#3060=EDGE_LOOP('',(#6273,#6274,#6275,#6276,#6277,#6278,#6279));
#3061=EDGE_LOOP('',(#6280,#6281,#6282,#6283,#6284,#6285,#6286));
#3062=EDGE_LOOP('',(#6287,#6288,#6289,#6290));
#3063=EDGE_LOOP('',(#6291,#6292,#6293,#6294));
#3064=EDGE_LOOP('',(#6295,#6296,#6297,#6298));
#3065=EDGE_LOOP('',(#6299,#6300,#6301,#6302));
#3066=EDGE_LOOP('',(#6303,#6304,#6305,#6306));
#3067=EDGE_LOOP('',(#6307,#6308,#6309,#6310,#6311,#6312,#6313));
#3068=EDGE_LOOP('',(#6314,#6315,#6316,#6317,#6318,#6319,#6320));
#3069=EDGE_LOOP('',(#6321,#6322,#6323,#6324));
#3070=EDGE_LOOP('',(#6325,#6326,#6327,#6328));
#3071=EDGE_LOOP('',(#6329,#6330,#6331,#6332));
#3072=EDGE_LOOP('',(#6333,#6334,#6335,#6336));
#3073=EDGE_LOOP('',(#6337,#6338,#6339,#6340));
#3074=EDGE_LOOP('',(#6341,#6342,#6343,#6344,#6345,#6346,#6347));
#3075=EDGE_LOOP('',(#6348,#6349,#6350,#6351,#6352,#6353,#6354));
#3076=EDGE_LOOP('',(#6355,#6356,#6357,#6358));
#3077=EDGE_LOOP('',(#6359,#6360,#6361,#6362));
#3078=EDGE_LOOP('',(#6363,#6364,#6365,#6366));
#3079=EDGE_LOOP('',(#6367,#6368,#6369,#6370));
#3080=EDGE_LOOP('',(#6371,#6372,#6373,#6374));
#3081=EDGE_LOOP('',(#6375,#6376,#6377,#6378,#6379,#6380,#6381));
#3082=EDGE_LOOP('',(#6382,#6383,#6384,#6385,#6386,#6387,#6388));
#3083=EDGE_LOOP('',(#6389,#6390,#6391,#6392));
#3084=EDGE_LOOP('',(#6393,#6394,#6395,#6396));
#3085=EDGE_LOOP('',(#6397,#6398,#6399,#6400));
#3086=EDGE_LOOP('',(#6401,#6402,#6403,#6404));
#3087=EDGE_LOOP('',(#6405,#6406,#6407,#6408));
#3088=EDGE_LOOP('',(#6409,#6410,#6411,#6412,#6413,#6414,#6415));
#3089=EDGE_LOOP('',(#6416,#6417,#6418,#6419,#6420,#6421,#6422));
#3090=EDGE_LOOP('',(#6423,#6424,#6425,#6426));
#3091=EDGE_LOOP('',(#6427,#6428,#6429,#6430));
#3092=EDGE_LOOP('',(#6431,#6432,#6433,#6434));
#3093=EDGE_LOOP('',(#6435,#6436,#6437,#6438));
#3094=EDGE_LOOP('',(#6439,#6440,#6441,#6442));
#3095=EDGE_LOOP('',(#6443,#6444,#6445,#6446,#6447,#6448,#6449));
#3096=EDGE_LOOP('',(#6450,#6451,#6452,#6453,#6454,#6455,#6456));
#3097=EDGE_LOOP('',(#6457,#6458,#6459,#6460));
#3098=EDGE_LOOP('',(#6461,#6462,#6463,#6464));
#3099=EDGE_LOOP('',(#6465,#6466,#6467,#6468));
#3100=EDGE_LOOP('',(#6469,#6470,#6471,#6472));
#3101=ORIENTED_EDGE('',*,*,#7577,.F.);
#3102=ORIENTED_EDGE('',*,*,#7578,.F.);
#3103=ORIENTED_EDGE('',*,*,#7579,.T.);
#3104=ORIENTED_EDGE('',*,*,#7580,.T.);
#3105=ORIENTED_EDGE('',*,*,#7581,.F.);
#3106=ORIENTED_EDGE('',*,*,#7582,.F.);
#3107=ORIENTED_EDGE('',*,*,#7583,.T.);
#3108=ORIENTED_EDGE('',*,*,#7584,.T.);
#3109=ORIENTED_EDGE('',*,*,#7585,.F.);
#3110=ORIENTED_EDGE('',*,*,#7586,.F.);
#3111=ORIENTED_EDGE('',*,*,#7587,.T.);
#3112=ORIENTED_EDGE('',*,*,#7588,.T.);
#3113=ORIENTED_EDGE('',*,*,#7589,.F.);
#3114=ORIENTED_EDGE('',*,*,#7590,.F.);
#3115=ORIENTED_EDGE('',*,*,#7591,.T.);
#3116=ORIENTED_EDGE('',*,*,#7592,.T.);
#3117=ORIENTED_EDGE('',*,*,#7593,.F.);
#3118=ORIENTED_EDGE('',*,*,#7594,.F.);
#3119=ORIENTED_EDGE('',*,*,#7595,.T.);
#3120=ORIENTED_EDGE('',*,*,#7596,.T.);
#3121=ORIENTED_EDGE('',*,*,#7597,.F.);
#3122=ORIENTED_EDGE('',*,*,#7598,.F.);
#3123=ORIENTED_EDGE('',*,*,#7599,.T.);
#3124=ORIENTED_EDGE('',*,*,#7600,.T.);
#3125=ORIENTED_EDGE('',*,*,#7601,.F.);
#3126=ORIENTED_EDGE('',*,*,#7602,.F.);
#3127=ORIENTED_EDGE('',*,*,#7603,.T.);
#3128=ORIENTED_EDGE('',*,*,#7604,.T.);
#3129=ORIENTED_EDGE('',*,*,#7605,.F.);
#3130=ORIENTED_EDGE('',*,*,#7606,.F.);
#3131=ORIENTED_EDGE('',*,*,#7607,.T.);
#3132=ORIENTED_EDGE('',*,*,#7608,.T.);
#3133=ORIENTED_EDGE('',*,*,#7609,.F.);
#3134=ORIENTED_EDGE('',*,*,#7610,.F.);
#3135=ORIENTED_EDGE('',*,*,#7611,.T.);
#3136=ORIENTED_EDGE('',*,*,#7612,.T.);
#3137=ORIENTED_EDGE('',*,*,#7613,.F.);
#3138=ORIENTED_EDGE('',*,*,#7614,.F.);
#3139=ORIENTED_EDGE('',*,*,#7615,.T.);
#3140=ORIENTED_EDGE('',*,*,#7616,.T.);
#3141=ORIENTED_EDGE('',*,*,#7617,.F.);
#3142=ORIENTED_EDGE('',*,*,#7618,.F.);
#3143=ORIENTED_EDGE('',*,*,#7619,.T.);
#3144=ORIENTED_EDGE('',*,*,#7620,.T.);
#3145=ORIENTED_EDGE('',*,*,#7621,.F.);
#3146=ORIENTED_EDGE('',*,*,#7622,.F.);
#3147=ORIENTED_EDGE('',*,*,#7623,.T.);
#3148=ORIENTED_EDGE('',*,*,#7624,.T.);
#3149=ORIENTED_EDGE('',*,*,#7625,.F.);
#3150=ORIENTED_EDGE('',*,*,#7626,.F.);
#3151=ORIENTED_EDGE('',*,*,#7627,.T.);
#3152=ORIENTED_EDGE('',*,*,#7628,.T.);
#3153=ORIENTED_EDGE('',*,*,#7629,.F.);
#3154=ORIENTED_EDGE('',*,*,#7630,.F.);
#3155=ORIENTED_EDGE('',*,*,#7631,.F.);
#3156=ORIENTED_EDGE('',*,*,#7632,.F.);
#3157=ORIENTED_EDGE('',*,*,#7633,.F.);
#3158=ORIENTED_EDGE('',*,*,#7634,.T.);
#3159=ORIENTED_EDGE('',*,*,#7635,.T.);
#3160=ORIENTED_EDGE('',*,*,#7636,.F.);
#3161=ORIENTED_EDGE('',*,*,#7637,.F.);
#3162=ORIENTED_EDGE('',*,*,#7638,.T.);
#3163=ORIENTED_EDGE('',*,*,#7639,.T.);
#3164=ORIENTED_EDGE('',*,*,#7640,.F.);
#3165=ORIENTED_EDGE('',*,*,#7641,.F.);
#3166=ORIENTED_EDGE('',*,*,#7642,.T.);
#3167=ORIENTED_EDGE('',*,*,#7643,.T.);
#3168=ORIENTED_EDGE('',*,*,#7644,.F.);
#3169=ORIENTED_EDGE('',*,*,#7645,.F.);
#3170=ORIENTED_EDGE('',*,*,#7646,.T.);
#3171=ORIENTED_EDGE('',*,*,#7647,.T.);
#3172=ORIENTED_EDGE('',*,*,#7648,.F.);
#3173=ORIENTED_EDGE('',*,*,#7649,.F.);
#3174=ORIENTED_EDGE('',*,*,#7650,.T.);
#3175=ORIENTED_EDGE('',*,*,#7651,.T.);
#3176=ORIENTED_EDGE('',*,*,#7652,.F.);
#3177=ORIENTED_EDGE('',*,*,#7653,.F.);
#3178=ORIENTED_EDGE('',*,*,#7654,.T.);
#3179=ORIENTED_EDGE('',*,*,#7655,.T.);
#3180=ORIENTED_EDGE('',*,*,#7656,.F.);
#3181=ORIENTED_EDGE('',*,*,#7657,.F.);
#3182=ORIENTED_EDGE('',*,*,#7658,.T.);
#3183=ORIENTED_EDGE('',*,*,#7659,.T.);
#3184=ORIENTED_EDGE('',*,*,#7660,.F.);
#3185=ORIENTED_EDGE('',*,*,#7661,.F.);
#3186=ORIENTED_EDGE('',*,*,#7662,.T.);
#3187=ORIENTED_EDGE('',*,*,#7663,.T.);
#3188=ORIENTED_EDGE('',*,*,#7664,.F.);
#3189=ORIENTED_EDGE('',*,*,#7665,.F.);
#3190=ORIENTED_EDGE('',*,*,#7666,.T.);
#3191=ORIENTED_EDGE('',*,*,#7667,.T.);
#3192=ORIENTED_EDGE('',*,*,#7668,.F.);
#3193=ORIENTED_EDGE('',*,*,#7669,.F.);
#3194=ORIENTED_EDGE('',*,*,#7670,.T.);
#3195=ORIENTED_EDGE('',*,*,#7671,.T.);
#3196=ORIENTED_EDGE('',*,*,#7672,.F.);
#3197=ORIENTED_EDGE('',*,*,#7673,.F.);
#3198=ORIENTED_EDGE('',*,*,#7674,.T.);
#3199=ORIENTED_EDGE('',*,*,#7675,.T.);
#3200=ORIENTED_EDGE('',*,*,#7676,.F.);
#3201=ORIENTED_EDGE('',*,*,#7677,.F.);
#3202=ORIENTED_EDGE('',*,*,#7678,.T.);
#3203=ORIENTED_EDGE('',*,*,#7679,.T.);
#3204=ORIENTED_EDGE('',*,*,#7680,.F.);
#3205=ORIENTED_EDGE('',*,*,#7681,.F.);
#3206=ORIENTED_EDGE('',*,*,#7682,.T.);
#3207=ORIENTED_EDGE('',*,*,#7683,.T.);
#3208=ORIENTED_EDGE('',*,*,#7684,.F.);
#3209=ORIENTED_EDGE('',*,*,#7685,.F.);
#3210=ORIENTED_EDGE('',*,*,#7686,.T.);
#3211=ORIENTED_EDGE('',*,*,#7687,.T.);
#3212=ORIENTED_EDGE('',*,*,#7688,.F.);
#3213=ORIENTED_EDGE('',*,*,#7689,.F.);
#3214=ORIENTED_EDGE('',*,*,#7690,.T.);
#3215=ORIENTED_EDGE('',*,*,#7691,.T.);
#3216=ORIENTED_EDGE('',*,*,#7692,.F.);
#3217=ORIENTED_EDGE('',*,*,#7693,.F.);
#3218=ORIENTED_EDGE('',*,*,#7694,.F.);
#3219=ORIENTED_EDGE('',*,*,#7695,.T.);
#3220=ORIENTED_EDGE('',*,*,#7696,.T.);
#3221=ORIENTED_EDGE('',*,*,#7697,.F.);
#3222=ORIENTED_EDGE('',*,*,#7698,.F.);
#3223=ORIENTED_EDGE('',*,*,#7699,.T.);
#3224=ORIENTED_EDGE('',*,*,#7700,.T.);
#3225=ORIENTED_EDGE('',*,*,#7701,.F.);
#3226=ORIENTED_EDGE('',*,*,#7702,.T.);
#3227=ORIENTED_EDGE('',*,*,#7703,.T.);
#3228=ORIENTED_EDGE('',*,*,#7698,.T.);
#3229=ORIENTED_EDGE('',*,*,#7704,.T.);
#3230=ORIENTED_EDGE('',*,*,#7705,.T.);
#3231=ORIENTED_EDGE('',*,*,#7706,.F.);
#3232=ORIENTED_EDGE('',*,*,#7694,.T.);
#3233=ORIENTED_EDGE('',*,*,#7707,.F.);
#3234=ORIENTED_EDGE('',*,*,#7708,.F.);
#3235=ORIENTED_EDGE('',*,*,#7709,.T.);
#3236=ORIENTED_EDGE('',*,*,#7630,.T.);
#3237=ORIENTED_EDGE('',*,*,#7710,.F.);
#3238=ORIENTED_EDGE('',*,*,#7711,.T.);
#3239=ORIENTED_EDGE('',*,*,#7712,.T.);
#3240=ORIENTED_EDGE('',*,*,#7626,.T.);
#3241=ORIENTED_EDGE('',*,*,#7713,.F.);
#3242=ORIENTED_EDGE('',*,*,#7714,.T.);
#3243=ORIENTED_EDGE('',*,*,#7715,.T.);
#3244=ORIENTED_EDGE('',*,*,#7622,.T.);
#3245=ORIENTED_EDGE('',*,*,#7716,.F.);
#3246=ORIENTED_EDGE('',*,*,#7717,.T.);
#3247=ORIENTED_EDGE('',*,*,#7718,.T.);
#3248=ORIENTED_EDGE('',*,*,#7618,.T.);
#3249=ORIENTED_EDGE('',*,*,#7719,.F.);
#3250=ORIENTED_EDGE('',*,*,#7720,.T.);
#3251=ORIENTED_EDGE('',*,*,#7721,.T.);
#3252=ORIENTED_EDGE('',*,*,#7614,.T.);
#3253=ORIENTED_EDGE('',*,*,#7722,.F.);
#3254=ORIENTED_EDGE('',*,*,#7723,.T.);
#3255=ORIENTED_EDGE('',*,*,#7724,.T.);
#3256=ORIENTED_EDGE('',*,*,#7610,.T.);
#3257=ORIENTED_EDGE('',*,*,#7725,.F.);
#3258=ORIENTED_EDGE('',*,*,#7726,.T.);
#3259=ORIENTED_EDGE('',*,*,#7727,.T.);
#3260=ORIENTED_EDGE('',*,*,#7606,.T.);
#3261=ORIENTED_EDGE('',*,*,#7728,.F.);
#3262=ORIENTED_EDGE('',*,*,#7729,.T.);
#3263=ORIENTED_EDGE('',*,*,#7730,.T.);
#3264=ORIENTED_EDGE('',*,*,#7602,.T.);
#3265=ORIENTED_EDGE('',*,*,#7731,.F.);
#3266=ORIENTED_EDGE('',*,*,#7732,.T.);
#3267=ORIENTED_EDGE('',*,*,#7733,.T.);
#3268=ORIENTED_EDGE('',*,*,#7598,.T.);
#3269=ORIENTED_EDGE('',*,*,#7734,.F.);
#3270=ORIENTED_EDGE('',*,*,#7735,.T.);
#3271=ORIENTED_EDGE('',*,*,#7736,.T.);
#3272=ORIENTED_EDGE('',*,*,#7594,.T.);
#3273=ORIENTED_EDGE('',*,*,#7737,.F.);
#3274=ORIENTED_EDGE('',*,*,#7738,.T.);
#3275=ORIENTED_EDGE('',*,*,#7739,.T.);
#3276=ORIENTED_EDGE('',*,*,#7590,.T.);
#3277=ORIENTED_EDGE('',*,*,#7740,.F.);
#3278=ORIENTED_EDGE('',*,*,#7741,.T.);
#3279=ORIENTED_EDGE('',*,*,#7742,.T.);
#3280=ORIENTED_EDGE('',*,*,#7586,.T.);
#3281=ORIENTED_EDGE('',*,*,#7743,.F.);
#3282=ORIENTED_EDGE('',*,*,#7744,.T.);
#3283=ORIENTED_EDGE('',*,*,#7745,.T.);
#3284=ORIENTED_EDGE('',*,*,#7582,.T.);
#3285=ORIENTED_EDGE('',*,*,#7746,.F.);
#3286=ORIENTED_EDGE('',*,*,#7747,.T.);
#3287=ORIENTED_EDGE('',*,*,#7748,.T.);
#3288=ORIENTED_EDGE('',*,*,#7578,.T.);
#3289=ORIENTED_EDGE('',*,*,#7749,.F.);
#3290=ORIENTED_EDGE('',*,*,#7750,.T.);
#3291=ORIENTED_EDGE('',*,*,#7751,.T.);
#3292=ORIENTED_EDGE('',*,*,#7752,.T.);
#3293=ORIENTED_EDGE('',*,*,#7753,.F.);
#3294=ORIENTED_EDGE('',*,*,#7754,.T.);
#3295=ORIENTED_EDGE('',*,*,#7755,.T.);
#3296=ORIENTED_EDGE('',*,*,#7756,.T.);
#3297=ORIENTED_EDGE('',*,*,#7757,.F.);
#3298=ORIENTED_EDGE('',*,*,#7758,.T.);
#3299=ORIENTED_EDGE('',*,*,#7759,.T.);
#3300=ORIENTED_EDGE('',*,*,#7760,.T.);
#3301=ORIENTED_EDGE('',*,*,#7761,.F.);
#3302=ORIENTED_EDGE('',*,*,#7762,.T.);
#3303=ORIENTED_EDGE('',*,*,#7763,.T.);
#3304=ORIENTED_EDGE('',*,*,#7764,.T.);
#3305=ORIENTED_EDGE('',*,*,#7765,.F.);
#3306=ORIENTED_EDGE('',*,*,#7766,.T.);
#3307=ORIENTED_EDGE('',*,*,#7767,.T.);
#3308=ORIENTED_EDGE('',*,*,#7768,.T.);
#3309=ORIENTED_EDGE('',*,*,#7769,.F.);
#3310=ORIENTED_EDGE('',*,*,#7770,.T.);
#3311=ORIENTED_EDGE('',*,*,#7771,.T.);
#3312=ORIENTED_EDGE('',*,*,#7772,.T.);
#3313=ORIENTED_EDGE('',*,*,#7773,.F.);
#3314=ORIENTED_EDGE('',*,*,#7774,.T.);
#3315=ORIENTED_EDGE('',*,*,#7775,.T.);
#3316=ORIENTED_EDGE('',*,*,#7776,.T.);
#3317=ORIENTED_EDGE('',*,*,#7777,.F.);
#3318=ORIENTED_EDGE('',*,*,#7778,.T.);
#3319=ORIENTED_EDGE('',*,*,#7779,.T.);
#3320=ORIENTED_EDGE('',*,*,#7780,.F.);
#3321=ORIENTED_EDGE('',*,*,#7781,.F.);
#3322=ORIENTED_EDGE('',*,*,#7782,.T.);
#3323=ORIENTED_EDGE('',*,*,#7783,.T.);
#3324=ORIENTED_EDGE('',*,*,#7784,.T.);
#3325=ORIENTED_EDGE('',*,*,#7785,.F.);
#3326=ORIENTED_EDGE('',*,*,#7786,.T.);
#3327=ORIENTED_EDGE('',*,*,#7787,.T.);
#3328=ORIENTED_EDGE('',*,*,#7788,.T.);
#3329=ORIENTED_EDGE('',*,*,#7789,.F.);
#3330=ORIENTED_EDGE('',*,*,#7790,.T.);
#3331=ORIENTED_EDGE('',*,*,#7791,.T.);
#3332=ORIENTED_EDGE('',*,*,#7792,.T.);
#3333=ORIENTED_EDGE('',*,*,#7793,.F.);
#3334=ORIENTED_EDGE('',*,*,#7794,.T.);
#3335=ORIENTED_EDGE('',*,*,#7795,.T.);
#3336=ORIENTED_EDGE('',*,*,#7796,.T.);
#3337=ORIENTED_EDGE('',*,*,#7797,.F.);
#3338=ORIENTED_EDGE('',*,*,#7798,.T.);
#3339=ORIENTED_EDGE('',*,*,#7799,.T.);
#3340=ORIENTED_EDGE('',*,*,#7800,.T.);
#3341=ORIENTED_EDGE('',*,*,#7801,.F.);
#3342=ORIENTED_EDGE('',*,*,#7802,.T.);
#3343=ORIENTED_EDGE('',*,*,#7803,.T.);
#3344=ORIENTED_EDGE('',*,*,#7804,.T.);
#3345=ORIENTED_EDGE('',*,*,#7805,.F.);
#3346=ORIENTED_EDGE('',*,*,#7806,.T.);
#3347=ORIENTED_EDGE('',*,*,#7807,.T.);
#3348=ORIENTED_EDGE('',*,*,#7808,.T.);
#3349=ORIENTED_EDGE('',*,*,#7809,.F.);
#3350=ORIENTED_EDGE('',*,*,#7810,.T.);
#3351=ORIENTED_EDGE('',*,*,#7811,.T.);
#3352=ORIENTED_EDGE('',*,*,#7812,.T.);
#3353=ORIENTED_EDGE('',*,*,#7813,.F.);
#3354=ORIENTED_EDGE('',*,*,#7814,.T.);
#3355=ORIENTED_EDGE('',*,*,#7815,.T.);
#3356=ORIENTED_EDGE('',*,*,#7816,.T.);
#3357=ORIENTED_EDGE('',*,*,#7817,.T.);
#3358=ORIENTED_EDGE('',*,*,#7818,.F.);
#3359=ORIENTED_EDGE('',*,*,#7819,.F.);
#3360=ORIENTED_EDGE('',*,*,#7820,.T.);
#3361=ORIENTED_EDGE('',*,*,#7821,.T.);
#3362=ORIENTED_EDGE('',*,*,#7822,.T.);
#3363=ORIENTED_EDGE('',*,*,#7823,.T.);
#3364=ORIENTED_EDGE('',*,*,#7824,.F.);
#3365=ORIENTED_EDGE('',*,*,#7825,.F.);
#3366=ORIENTED_EDGE('',*,*,#7826,.T.);
#3367=ORIENTED_EDGE('',*,*,#7827,.T.);
#3368=ORIENTED_EDGE('',*,*,#7828,.T.);
#3369=ORIENTED_EDGE('',*,*,#7829,.T.);
#3370=ORIENTED_EDGE('',*,*,#7830,.F.);
#3371=ORIENTED_EDGE('',*,*,#7831,.F.);
#3372=ORIENTED_EDGE('',*,*,#7832,.T.);
#3373=ORIENTED_EDGE('',*,*,#7833,.T.);
#3374=ORIENTED_EDGE('',*,*,#7834,.T.);
#3375=ORIENTED_EDGE('',*,*,#7835,.T.);
#3376=ORIENTED_EDGE('',*,*,#7836,.F.);
#3377=ORIENTED_EDGE('',*,*,#7837,.F.);
#3378=ORIENTED_EDGE('',*,*,#7838,.T.);
#3379=ORIENTED_EDGE('',*,*,#7839,.T.);
#3380=ORIENTED_EDGE('',*,*,#7840,.T.);
#3381=ORIENTED_EDGE('',*,*,#7841,.T.);
#3382=ORIENTED_EDGE('',*,*,#7842,.F.);
#3383=ORIENTED_EDGE('',*,*,#7843,.F.);
#3384=ORIENTED_EDGE('',*,*,#7844,.T.);
#3385=ORIENTED_EDGE('',*,*,#7845,.T.);
#3386=ORIENTED_EDGE('',*,*,#7846,.T.);
#3387=ORIENTED_EDGE('',*,*,#7847,.T.);
#3388=ORIENTED_EDGE('',*,*,#7848,.F.);
#3389=ORIENTED_EDGE('',*,*,#7849,.F.);
#3390=ORIENTED_EDGE('',*,*,#7850,.T.);
#3391=ORIENTED_EDGE('',*,*,#7851,.T.);
#3392=ORIENTED_EDGE('',*,*,#7852,.T.);
#3393=ORIENTED_EDGE('',*,*,#7853,.T.);
#3394=ORIENTED_EDGE('',*,*,#7854,.F.);
#3395=ORIENTED_EDGE('',*,*,#7855,.T.);
#3396=ORIENTED_EDGE('',*,*,#7856,.T.);
#3397=ORIENTED_EDGE('',*,*,#7857,.T.);
#3398=ORIENTED_EDGE('',*,*,#7858,.F.);
#3399=ORIENTED_EDGE('',*,*,#7859,.F.);
#3400=ORIENTED_EDGE('',*,*,#7860,.T.);
#3401=ORIENTED_EDGE('',*,*,#7861,.T.);
#3402=ORIENTED_EDGE('',*,*,#7862,.T.);
#3403=ORIENTED_EDGE('',*,*,#7863,.T.);
#3404=ORIENTED_EDGE('',*,*,#7864,.F.);
#3405=ORIENTED_EDGE('',*,*,#7865,.F.);
#3406=ORIENTED_EDGE('',*,*,#7866,.T.);
#3407=ORIENTED_EDGE('',*,*,#7867,.T.);
#3408=ORIENTED_EDGE('',*,*,#7868,.T.);
#3409=ORIENTED_EDGE('',*,*,#7869,.T.);
#3410=ORIENTED_EDGE('',*,*,#7870,.F.);
#3411=ORIENTED_EDGE('',*,*,#7871,.F.);
#3412=ORIENTED_EDGE('',*,*,#7872,.T.);
#3413=ORIENTED_EDGE('',*,*,#7873,.T.);
#3414=ORIENTED_EDGE('',*,*,#7874,.T.);
#3415=ORIENTED_EDGE('',*,*,#7875,.T.);
#3416=ORIENTED_EDGE('',*,*,#7876,.F.);
#3417=ORIENTED_EDGE('',*,*,#7877,.F.);
#3418=ORIENTED_EDGE('',*,*,#7878,.T.);
#3419=ORIENTED_EDGE('',*,*,#7879,.T.);
#3420=ORIENTED_EDGE('',*,*,#7880,.T.);
#3421=ORIENTED_EDGE('',*,*,#7881,.T.);
#3422=ORIENTED_EDGE('',*,*,#7882,.F.);
#3423=ORIENTED_EDGE('',*,*,#7883,.F.);
#3424=ORIENTED_EDGE('',*,*,#7884,.T.);
#3425=ORIENTED_EDGE('',*,*,#7885,.T.);
#3426=ORIENTED_EDGE('',*,*,#7886,.T.);
#3427=ORIENTED_EDGE('',*,*,#7887,.T.);
#3428=ORIENTED_EDGE('',*,*,#7888,.F.);
#3429=ORIENTED_EDGE('',*,*,#7889,.F.);
#3430=ORIENTED_EDGE('',*,*,#7890,.T.);
#3431=ORIENTED_EDGE('',*,*,#7891,.T.);
#3432=ORIENTED_EDGE('',*,*,#7892,.T.);
#3433=ORIENTED_EDGE('',*,*,#7893,.T.);
#3434=ORIENTED_EDGE('',*,*,#7894,.F.);
#3435=ORIENTED_EDGE('',*,*,#7895,.F.);
#3436=ORIENTED_EDGE('',*,*,#7896,.T.);
#3437=ORIENTED_EDGE('',*,*,#7897,.T.);
#3438=ORIENTED_EDGE('',*,*,#7898,.T.);
#3439=ORIENTED_EDGE('',*,*,#7899,.T.);
#3440=ORIENTED_EDGE('',*,*,#7900,.F.);
#3441=ORIENTED_EDGE('',*,*,#7901,.F.);
#3442=ORIENTED_EDGE('',*,*,#7902,.T.);
#3443=ORIENTED_EDGE('',*,*,#7903,.T.);
#3444=ORIENTED_EDGE('',*,*,#7904,.T.);
#3445=ORIENTED_EDGE('',*,*,#7905,.T.);
#3446=ORIENTED_EDGE('',*,*,#7906,.F.);
#3447=ORIENTED_EDGE('',*,*,#7907,.F.);
#3448=ORIENTED_EDGE('',*,*,#7908,.F.);
#3449=ORIENTED_EDGE('',*,*,#7909,.F.);
#3450=ORIENTED_EDGE('',*,*,#7857,.F.);
#3451=ORIENTED_EDGE('',*,*,#7779,.F.);
#3452=ORIENTED_EDGE('',*,*,#7910,.F.);
#3453=ORIENTED_EDGE('',*,*,#7911,.F.);
#3454=ORIENTED_EDGE('',*,*,#7912,.F.);
#3455=ORIENTED_EDGE('',*,*,#7707,.T.);
#3456=ORIENTED_EDGE('',*,*,#7693,.T.);
#3457=ORIENTED_EDGE('',*,*,#7913,.F.);
#3458=ORIENTED_EDGE('',*,*,#7914,.F.);
#3459=ORIENTED_EDGE('',*,*,#7631,.T.);
#3460=ORIENTED_EDGE('',*,*,#7709,.F.);
#3461=ORIENTED_EDGE('',*,*,#7915,.F.);
#3462=ORIENTED_EDGE('',*,*,#7916,.T.);
#3463=ORIENTED_EDGE('',*,*,#7917,.T.);
#3464=ORIENTED_EDGE('',*,*,#7918,.F.);
#3465=ORIENTED_EDGE('',*,*,#7632,.T.);
#3466=ORIENTED_EDGE('',*,*,#7916,.F.);
#3467=ORIENTED_EDGE('',*,*,#7919,.F.);
#3468=ORIENTED_EDGE('',*,*,#7913,.T.);
#3469=ORIENTED_EDGE('',*,*,#7692,.T.);
#3470=ORIENTED_EDGE('',*,*,#7920,.T.);
#3471=ORIENTED_EDGE('',*,*,#7921,.T.);
#3472=ORIENTED_EDGE('',*,*,#7922,.F.);
#3473=ORIENTED_EDGE('',*,*,#7688,.T.);
#3474=ORIENTED_EDGE('',*,*,#7923,.T.);
#3475=ORIENTED_EDGE('',*,*,#7924,.T.);
#3476=ORIENTED_EDGE('',*,*,#7925,.F.);
#3477=ORIENTED_EDGE('',*,*,#7684,.T.);
#3478=ORIENTED_EDGE('',*,*,#7926,.T.);
#3479=ORIENTED_EDGE('',*,*,#7927,.T.);
#3480=ORIENTED_EDGE('',*,*,#7928,.F.);
#3481=ORIENTED_EDGE('',*,*,#7680,.T.);
#3482=ORIENTED_EDGE('',*,*,#7929,.T.);
#3483=ORIENTED_EDGE('',*,*,#7930,.T.);
#3484=ORIENTED_EDGE('',*,*,#7931,.F.);
#3485=ORIENTED_EDGE('',*,*,#7676,.T.);
#3486=ORIENTED_EDGE('',*,*,#7932,.T.);
#3487=ORIENTED_EDGE('',*,*,#7933,.T.);
#3488=ORIENTED_EDGE('',*,*,#7934,.F.);
#3489=ORIENTED_EDGE('',*,*,#7672,.T.);
#3490=ORIENTED_EDGE('',*,*,#7935,.T.);
#3491=ORIENTED_EDGE('',*,*,#7936,.T.);
#3492=ORIENTED_EDGE('',*,*,#7937,.F.);
#3493=ORIENTED_EDGE('',*,*,#7668,.T.);
#3494=ORIENTED_EDGE('',*,*,#7938,.T.);
#3495=ORIENTED_EDGE('',*,*,#7939,.T.);
#3496=ORIENTED_EDGE('',*,*,#7940,.F.);
#3497=ORIENTED_EDGE('',*,*,#7664,.T.);
#3498=ORIENTED_EDGE('',*,*,#7941,.T.);
#3499=ORIENTED_EDGE('',*,*,#7942,.T.);
#3500=ORIENTED_EDGE('',*,*,#7943,.F.);
#3501=ORIENTED_EDGE('',*,*,#7660,.T.);
#3502=ORIENTED_EDGE('',*,*,#7944,.T.);
#3503=ORIENTED_EDGE('',*,*,#7945,.T.);
#3504=ORIENTED_EDGE('',*,*,#7946,.F.);
#3505=ORIENTED_EDGE('',*,*,#7656,.T.);
#3506=ORIENTED_EDGE('',*,*,#7947,.T.);
#3507=ORIENTED_EDGE('',*,*,#7948,.T.);
#3508=ORIENTED_EDGE('',*,*,#7949,.F.);
#3509=ORIENTED_EDGE('',*,*,#7652,.T.);
#3510=ORIENTED_EDGE('',*,*,#7950,.T.);
#3511=ORIENTED_EDGE('',*,*,#7951,.T.);
#3512=ORIENTED_EDGE('',*,*,#7952,.F.);
#3513=ORIENTED_EDGE('',*,*,#7648,.T.);
#3514=ORIENTED_EDGE('',*,*,#7953,.T.);
#3515=ORIENTED_EDGE('',*,*,#7954,.T.);
#3516=ORIENTED_EDGE('',*,*,#7955,.F.);
#3517=ORIENTED_EDGE('',*,*,#7644,.T.);
#3518=ORIENTED_EDGE('',*,*,#7956,.T.);
#3519=ORIENTED_EDGE('',*,*,#7957,.T.);
#3520=ORIENTED_EDGE('',*,*,#7958,.F.);
#3521=ORIENTED_EDGE('',*,*,#7640,.T.);
#3522=ORIENTED_EDGE('',*,*,#7959,.T.);
#3523=ORIENTED_EDGE('',*,*,#7960,.T.);
#3524=ORIENTED_EDGE('',*,*,#7961,.F.);
#3525=ORIENTED_EDGE('',*,*,#7636,.T.);
#3526=ORIENTED_EDGE('',*,*,#7962,.T.);
#3527=ORIENTED_EDGE('',*,*,#7963,.F.);
#3528=ORIENTED_EDGE('',*,*,#7855,.F.);
#3529=ORIENTED_EDGE('',*,*,#7964,.F.);
#3530=ORIENTED_EDGE('',*,*,#7965,.F.);
#3531=ORIENTED_EDGE('',*,*,#7915,.T.);
#3532=ORIENTED_EDGE('',*,*,#7708,.T.);
#3533=ORIENTED_EDGE('',*,*,#7914,.T.);
#3534=ORIENTED_EDGE('',*,*,#7919,.T.);
#3535=ORIENTED_EDGE('',*,*,#7963,.T.);
#3536=ORIENTED_EDGE('',*,*,#7966,.T.);
#3537=ORIENTED_EDGE('',*,*,#7907,.T.);
#3538=ORIENTED_EDGE('',*,*,#7856,.F.);
#3539=ORIENTED_EDGE('',*,*,#7967,.T.);
#3540=ORIENTED_EDGE('',*,*,#7968,.T.);
#3541=ORIENTED_EDGE('',*,*,#7969,.T.);
#3542=ORIENTED_EDGE('',*,*,#7970,.T.);
#3543=ORIENTED_EDGE('',*,*,#7971,.F.);
#3544=ORIENTED_EDGE('',*,*,#7972,.F.);
#3545=ORIENTED_EDGE('',*,*,#7973,.T.);
#3546=ORIENTED_EDGE('',*,*,#7974,.T.);
#3547=ORIENTED_EDGE('',*,*,#7975,.T.);
#3548=ORIENTED_EDGE('',*,*,#7976,.T.);
#3549=ORIENTED_EDGE('',*,*,#7977,.F.);
#3550=ORIENTED_EDGE('',*,*,#7978,.F.);
#3551=ORIENTED_EDGE('',*,*,#7979,.T.);
#3552=ORIENTED_EDGE('',*,*,#7980,.T.);
#3553=ORIENTED_EDGE('',*,*,#7981,.T.);
#3554=ORIENTED_EDGE('',*,*,#7982,.T.);
#3555=ORIENTED_EDGE('',*,*,#7983,.F.);
#3556=ORIENTED_EDGE('',*,*,#7984,.F.);
#3557=ORIENTED_EDGE('',*,*,#7985,.T.);
#3558=ORIENTED_EDGE('',*,*,#7986,.T.);
#3559=ORIENTED_EDGE('',*,*,#7987,.T.);
#3560=ORIENTED_EDGE('',*,*,#7988,.T.);
#3561=ORIENTED_EDGE('',*,*,#7989,.F.);
#3562=ORIENTED_EDGE('',*,*,#7990,.F.);
#3563=ORIENTED_EDGE('',*,*,#7991,.T.);
#3564=ORIENTED_EDGE('',*,*,#7992,.T.);
#3565=ORIENTED_EDGE('',*,*,#7993,.T.);
#3566=ORIENTED_EDGE('',*,*,#7994,.T.);
#3567=ORIENTED_EDGE('',*,*,#7995,.F.);
#3568=ORIENTED_EDGE('',*,*,#7996,.F.);
#3569=ORIENTED_EDGE('',*,*,#7997,.T.);
#3570=ORIENTED_EDGE('',*,*,#7998,.T.);
#3571=ORIENTED_EDGE('',*,*,#7999,.T.);
#3572=ORIENTED_EDGE('',*,*,#8000,.T.);
#3573=ORIENTED_EDGE('',*,*,#8001,.F.);
#3574=ORIENTED_EDGE('',*,*,#8002,.F.);
#3575=ORIENTED_EDGE('',*,*,#8003,.T.);
#3576=ORIENTED_EDGE('',*,*,#8004,.T.);
#3577=ORIENTED_EDGE('',*,*,#8005,.T.);
#3578=ORIENTED_EDGE('',*,*,#8006,.T.);
#3579=ORIENTED_EDGE('',*,*,#8007,.F.);
#3580=ORIENTED_EDGE('',*,*,#8008,.F.);
#3581=ORIENTED_EDGE('',*,*,#8009,.T.);
#3582=ORIENTED_EDGE('',*,*,#8010,.T.);
#3583=ORIENTED_EDGE('',*,*,#8011,.T.);
#3584=ORIENTED_EDGE('',*,*,#8012,.T.);
#3585=ORIENTED_EDGE('',*,*,#8013,.F.);
#3586=ORIENTED_EDGE('',*,*,#8014,.F.);
#3587=ORIENTED_EDGE('',*,*,#8015,.T.);
#3588=ORIENTED_EDGE('',*,*,#8016,.T.);
#3589=ORIENTED_EDGE('',*,*,#8017,.T.);
#3590=ORIENTED_EDGE('',*,*,#8018,.T.);
#3591=ORIENTED_EDGE('',*,*,#8019,.F.);
#3592=ORIENTED_EDGE('',*,*,#8020,.F.);
#3593=ORIENTED_EDGE('',*,*,#8021,.T.);
#3594=ORIENTED_EDGE('',*,*,#8022,.T.);
#3595=ORIENTED_EDGE('',*,*,#8023,.T.);
#3596=ORIENTED_EDGE('',*,*,#8024,.T.);
#3597=ORIENTED_EDGE('',*,*,#8025,.F.);
#3598=ORIENTED_EDGE('',*,*,#8026,.F.);
#3599=ORIENTED_EDGE('',*,*,#8027,.T.);
#3600=ORIENTED_EDGE('',*,*,#8028,.T.);
#3601=ORIENTED_EDGE('',*,*,#8029,.T.);
#3602=ORIENTED_EDGE('',*,*,#8030,.T.);
#3603=ORIENTED_EDGE('',*,*,#8031,.F.);
#3604=ORIENTED_EDGE('',*,*,#8032,.F.);
#3605=ORIENTED_EDGE('',*,*,#8033,.T.);
#3606=ORIENTED_EDGE('',*,*,#8034,.T.);
#3607=ORIENTED_EDGE('',*,*,#8035,.T.);
#3608=ORIENTED_EDGE('',*,*,#8036,.T.);
#3609=ORIENTED_EDGE('',*,*,#8037,.F.);
#3610=ORIENTED_EDGE('',*,*,#8038,.F.);
#3611=ORIENTED_EDGE('',*,*,#8039,.T.);
#3612=ORIENTED_EDGE('',*,*,#8040,.T.);
#3613=ORIENTED_EDGE('',*,*,#8041,.T.);
#3614=ORIENTED_EDGE('',*,*,#8042,.T.);
#3615=ORIENTED_EDGE('',*,*,#8043,.F.);
#3616=ORIENTED_EDGE('',*,*,#8044,.F.);
#3617=ORIENTED_EDGE('',*,*,#8045,.T.);
#3618=ORIENTED_EDGE('',*,*,#8046,.T.);
#3619=ORIENTED_EDGE('',*,*,#8047,.T.);
#3620=ORIENTED_EDGE('',*,*,#8048,.T.);
#3621=ORIENTED_EDGE('',*,*,#8049,.F.);
#3622=ORIENTED_EDGE('',*,*,#8050,.F.);
#3623=ORIENTED_EDGE('',*,*,#8051,.T.);
#3624=ORIENTED_EDGE('',*,*,#8052,.T.);
#3625=ORIENTED_EDGE('',*,*,#8053,.T.);
#3626=ORIENTED_EDGE('',*,*,#8054,.T.);
#3627=ORIENTED_EDGE('',*,*,#8055,.F.);
#3628=ORIENTED_EDGE('',*,*,#8056,.F.);
#3629=ORIENTED_EDGE('',*,*,#7965,.T.);
#3630=ORIENTED_EDGE('',*,*,#8057,.T.);
#3631=ORIENTED_EDGE('',*,*,#7908,.T.);
#3632=ORIENTED_EDGE('',*,*,#7966,.F.);
#3633=ORIENTED_EDGE('',*,*,#7964,.T.);
#3634=ORIENTED_EDGE('',*,*,#7858,.T.);
#3635=ORIENTED_EDGE('',*,*,#7909,.T.);
#3636=ORIENTED_EDGE('',*,*,#8057,.F.);
#3637=ORIENTED_EDGE('',*,*,#8058,.T.);
#3638=ORIENTED_EDGE('',*,*,#8059,.T.);
#3639=ORIENTED_EDGE('',*,*,#7777,.T.);
#3640=ORIENTED_EDGE('',*,*,#8060,.T.);
#3641=ORIENTED_EDGE('',*,*,#8059,.F.);
#3642=ORIENTED_EDGE('',*,*,#8061,.T.);
#3643=ORIENTED_EDGE('',*,*,#7910,.T.);
#3644=ORIENTED_EDGE('',*,*,#7778,.F.);
#3645=ORIENTED_EDGE('',*,*,#8060,.F.);
#3646=ORIENTED_EDGE('',*,*,#7780,.T.);
#3647=ORIENTED_EDGE('',*,*,#7912,.T.);
#3648=ORIENTED_EDGE('',*,*,#8062,.F.);
#3649=ORIENTED_EDGE('',*,*,#8063,.T.);
#3650=ORIENTED_EDGE('',*,*,#8064,.T.);
#3651=ORIENTED_EDGE('',*,*,#8065,.T.);
#3652=ORIENTED_EDGE('',*,*,#8066,.F.);
#3653=ORIENTED_EDGE('',*,*,#8067,.T.);
#3654=ORIENTED_EDGE('',*,*,#8068,.T.);
#3655=ORIENTED_EDGE('',*,*,#8069,.T.);
#3656=ORIENTED_EDGE('',*,*,#8070,.F.);
#3657=ORIENTED_EDGE('',*,*,#8071,.T.);
#3658=ORIENTED_EDGE('',*,*,#8072,.T.);
#3659=ORIENTED_EDGE('',*,*,#8073,.T.);
#3660=ORIENTED_EDGE('',*,*,#8074,.F.);
#3661=ORIENTED_EDGE('',*,*,#8075,.T.);
#3662=ORIENTED_EDGE('',*,*,#8076,.T.);
#3663=ORIENTED_EDGE('',*,*,#8077,.T.);
#3664=ORIENTED_EDGE('',*,*,#8078,.F.);
#3665=ORIENTED_EDGE('',*,*,#8079,.T.);
#3666=ORIENTED_EDGE('',*,*,#8080,.T.);
#3667=ORIENTED_EDGE('',*,*,#8081,.T.);
#3668=ORIENTED_EDGE('',*,*,#8082,.F.);
#3669=ORIENTED_EDGE('',*,*,#8083,.T.);
#3670=ORIENTED_EDGE('',*,*,#8084,.T.);
#3671=ORIENTED_EDGE('',*,*,#8085,.T.);
#3672=ORIENTED_EDGE('',*,*,#8086,.F.);
#3673=ORIENTED_EDGE('',*,*,#8087,.T.);
#3674=ORIENTED_EDGE('',*,*,#8088,.T.);
#3675=ORIENTED_EDGE('',*,*,#8089,.T.);
#3676=ORIENTED_EDGE('',*,*,#8090,.F.);
#3677=ORIENTED_EDGE('',*,*,#8091,.T.);
#3678=ORIENTED_EDGE('',*,*,#8092,.T.);
#3679=ORIENTED_EDGE('',*,*,#8093,.T.);
#3680=ORIENTED_EDGE('',*,*,#8094,.F.);
#3681=ORIENTED_EDGE('',*,*,#8095,.T.);
#3682=ORIENTED_EDGE('',*,*,#8096,.T.);
#3683=ORIENTED_EDGE('',*,*,#8097,.T.);
#3684=ORIENTED_EDGE('',*,*,#8098,.F.);
#3685=ORIENTED_EDGE('',*,*,#8099,.T.);
#3686=ORIENTED_EDGE('',*,*,#8100,.T.);
#3687=ORIENTED_EDGE('',*,*,#8101,.T.);
#3688=ORIENTED_EDGE('',*,*,#8102,.F.);
#3689=ORIENTED_EDGE('',*,*,#8103,.T.);
#3690=ORIENTED_EDGE('',*,*,#8104,.T.);
#3691=ORIENTED_EDGE('',*,*,#8105,.T.);
#3692=ORIENTED_EDGE('',*,*,#8106,.F.);
#3693=ORIENTED_EDGE('',*,*,#8107,.T.);
#3694=ORIENTED_EDGE('',*,*,#8108,.T.);
#3695=ORIENTED_EDGE('',*,*,#8109,.T.);
#3696=ORIENTED_EDGE('',*,*,#8110,.F.);
#3697=ORIENTED_EDGE('',*,*,#8111,.T.);
#3698=ORIENTED_EDGE('',*,*,#8112,.T.);
#3699=ORIENTED_EDGE('',*,*,#8113,.T.);
#3700=ORIENTED_EDGE('',*,*,#8114,.F.);
#3701=ORIENTED_EDGE('',*,*,#8115,.T.);
#3702=ORIENTED_EDGE('',*,*,#8116,.T.);
#3703=ORIENTED_EDGE('',*,*,#8117,.T.);
#3704=ORIENTED_EDGE('',*,*,#8118,.F.);
#3705=ORIENTED_EDGE('',*,*,#8119,.T.);
#3706=ORIENTED_EDGE('',*,*,#8120,.T.);
#3707=ORIENTED_EDGE('',*,*,#8121,.T.);
#3708=ORIENTED_EDGE('',*,*,#8122,.F.);
#3709=ORIENTED_EDGE('',*,*,#8058,.F.);
#3710=ORIENTED_EDGE('',*,*,#8062,.T.);
#3711=ORIENTED_EDGE('',*,*,#7911,.T.);
#3712=ORIENTED_EDGE('',*,*,#8061,.F.);
#3713=ORIENTED_EDGE('',*,*,#7690,.F.);
#3714=ORIENTED_EDGE('',*,*,#8123,.F.);
#3715=ORIENTED_EDGE('',*,*,#8124,.F.);
#3716=ORIENTED_EDGE('',*,*,#8125,.T.);
#3717=ORIENTED_EDGE('',*,*,#8126,.T.);
#3718=ORIENTED_EDGE('',*,*,#8124,.T.);
#3719=ORIENTED_EDGE('',*,*,#8127,.F.);
#3720=ORIENTED_EDGE('',*,*,#8128,.F.);
#3721=ORIENTED_EDGE('',*,*,#8129,.T.);
#3722=ORIENTED_EDGE('',*,*,#8128,.T.);
#3723=ORIENTED_EDGE('',*,*,#8130,.F.);
#3724=ORIENTED_EDGE('',*,*,#8131,.F.);
#3725=ORIENTED_EDGE('',*,*,#8132,.T.);
#3726=ORIENTED_EDGE('',*,*,#8131,.T.);
#3727=ORIENTED_EDGE('',*,*,#8133,.F.);
#3728=ORIENTED_EDGE('',*,*,#8134,.F.);
#3729=ORIENTED_EDGE('',*,*,#8135,.T.);
#3730=ORIENTED_EDGE('',*,*,#8134,.T.);
#3731=ORIENTED_EDGE('',*,*,#8136,.F.);
#3732=ORIENTED_EDGE('',*,*,#7921,.F.);
#3733=ORIENTED_EDGE('',*,*,#8123,.T.);
#3734=ORIENTED_EDGE('',*,*,#7689,.T.);
#3735=ORIENTED_EDGE('',*,*,#7922,.T.);
#3736=ORIENTED_EDGE('',*,*,#8136,.T.);
#3737=ORIENTED_EDGE('',*,*,#8133,.T.);
#3738=ORIENTED_EDGE('',*,*,#8130,.T.);
#3739=ORIENTED_EDGE('',*,*,#8127,.T.);
#3740=ORIENTED_EDGE('',*,*,#7691,.F.);
#3741=ORIENTED_EDGE('',*,*,#8125,.F.);
#3742=ORIENTED_EDGE('',*,*,#8126,.F.);
#3743=ORIENTED_EDGE('',*,*,#8129,.F.);
#3744=ORIENTED_EDGE('',*,*,#8132,.F.);
#3745=ORIENTED_EDGE('',*,*,#8135,.F.);
#3746=ORIENTED_EDGE('',*,*,#7920,.F.);
#3747=ORIENTED_EDGE('',*,*,#8137,.T.);
#3748=ORIENTED_EDGE('',*,*,#8138,.T.);
#3749=ORIENTED_EDGE('',*,*,#8139,.T.);
#3750=ORIENTED_EDGE('',*,*,#8140,.F.);
#3751=ORIENTED_EDGE('',*,*,#8141,.F.);
#3752=ORIENTED_EDGE('',*,*,#8142,.F.);
#3753=ORIENTED_EDGE('',*,*,#7863,.F.);
#3754=ORIENTED_EDGE('',*,*,#8143,.F.);
#3755=ORIENTED_EDGE('',*,*,#8139,.F.);
#3756=ORIENTED_EDGE('',*,*,#8144,.T.);
#3757=ORIENTED_EDGE('',*,*,#7860,.F.);
#3758=ORIENTED_EDGE('',*,*,#8145,.T.);
#3759=ORIENTED_EDGE('',*,*,#8146,.T.);
#3760=ORIENTED_EDGE('',*,*,#8147,.F.);
#3761=ORIENTED_EDGE('',*,*,#8145,.F.);
#3762=ORIENTED_EDGE('',*,*,#7859,.T.);
#3763=ORIENTED_EDGE('',*,*,#8137,.F.);
#3764=ORIENTED_EDGE('',*,*,#8148,.F.);
#3765=ORIENTED_EDGE('',*,*,#8138,.F.);
#3766=ORIENTED_EDGE('',*,*,#7864,.T.);
#3767=ORIENTED_EDGE('',*,*,#8144,.F.);
#3768=ORIENTED_EDGE('',*,*,#7861,.F.);
#3769=ORIENTED_EDGE('',*,*,#8147,.T.);
#3770=ORIENTED_EDGE('',*,*,#8149,.T.);
#3771=ORIENTED_EDGE('',*,*,#8141,.T.);
#3772=ORIENTED_EDGE('',*,*,#7862,.F.);
#3773=ORIENTED_EDGE('',*,*,#8140,.T.);
#3774=ORIENTED_EDGE('',*,*,#8143,.T.);
#3775=ORIENTED_EDGE('',*,*,#8149,.F.);
#3776=ORIENTED_EDGE('',*,*,#8146,.F.);
#3777=ORIENTED_EDGE('',*,*,#8148,.T.);
#3778=ORIENTED_EDGE('',*,*,#8142,.T.);
#3779=ORIENTED_EDGE('',*,*,#8121,.F.);
#3780=ORIENTED_EDGE('',*,*,#8150,.T.);
#3781=ORIENTED_EDGE('',*,*,#8151,.T.);
#3782=ORIENTED_EDGE('',*,*,#8152,.F.);
#3783=ORIENTED_EDGE('',*,*,#8119,.F.);
#3784=ORIENTED_EDGE('',*,*,#8153,.F.);
#3785=ORIENTED_EDGE('',*,*,#8154,.F.);
#3786=ORIENTED_EDGE('',*,*,#8155,.T.);
#3787=ORIENTED_EDGE('',*,*,#8120,.F.);
#3788=ORIENTED_EDGE('',*,*,#8155,.F.);
#3789=ORIENTED_EDGE('',*,*,#8156,.F.);
#3790=ORIENTED_EDGE('',*,*,#8157,.F.);
#3791=ORIENTED_EDGE('',*,*,#8150,.F.);
#3792=ORIENTED_EDGE('',*,*,#8153,.T.);
#3793=ORIENTED_EDGE('',*,*,#8122,.T.);
#3794=ORIENTED_EDGE('',*,*,#8152,.T.);
#3795=ORIENTED_EDGE('',*,*,#8158,.T.);
#3796=ORIENTED_EDGE('',*,*,#8159,.T.);
#3797=ORIENTED_EDGE('',*,*,#8158,.F.);
#3798=ORIENTED_EDGE('',*,*,#8151,.F.);
#3799=ORIENTED_EDGE('',*,*,#8157,.T.);
#3800=ORIENTED_EDGE('',*,*,#8160,.T.);
#3801=ORIENTED_EDGE('',*,*,#8159,.F.);
#3802=ORIENTED_EDGE('',*,*,#8160,.F.);
#3803=ORIENTED_EDGE('',*,*,#8156,.T.);
#3804=ORIENTED_EDGE('',*,*,#8154,.T.);
#3805=ORIENTED_EDGE('',*,*,#7784,.F.);
#3806=ORIENTED_EDGE('',*,*,#8161,.F.);
#3807=ORIENTED_EDGE('',*,*,#8162,.F.);
#3808=ORIENTED_EDGE('',*,*,#8163,.T.);
#3809=ORIENTED_EDGE('',*,*,#7782,.F.);
#3810=ORIENTED_EDGE('',*,*,#8164,.T.);
#3811=ORIENTED_EDGE('',*,*,#8165,.T.);
#3812=ORIENTED_EDGE('',*,*,#8166,.F.);
#3813=ORIENTED_EDGE('',*,*,#8164,.F.);
#3814=ORIENTED_EDGE('',*,*,#7781,.T.);
#3815=ORIENTED_EDGE('',*,*,#8163,.F.);
#3816=ORIENTED_EDGE('',*,*,#8167,.F.);
#3817=ORIENTED_EDGE('',*,*,#8168,.F.);
#3818=ORIENTED_EDGE('',*,*,#7783,.F.);
#3819=ORIENTED_EDGE('',*,*,#8166,.T.);
#3820=ORIENTED_EDGE('',*,*,#8169,.T.);
#3821=ORIENTED_EDGE('',*,*,#8170,.T.);
#3822=ORIENTED_EDGE('',*,*,#8161,.T.);
#3823=ORIENTED_EDGE('',*,*,#8170,.F.);
#3824=ORIENTED_EDGE('',*,*,#8171,.F.);
#3825=ORIENTED_EDGE('',*,*,#8167,.T.);
#3826=ORIENTED_EDGE('',*,*,#8162,.T.);
#3827=ORIENTED_EDGE('',*,*,#8169,.F.);
#3828=ORIENTED_EDGE('',*,*,#8165,.F.);
#3829=ORIENTED_EDGE('',*,*,#8168,.T.);
#3830=ORIENTED_EDGE('',*,*,#8171,.T.);
#3831=ORIENTED_EDGE('',*,*,#8054,.F.);
#3832=ORIENTED_EDGE('',*,*,#8172,.T.);
#3833=ORIENTED_EDGE('',*,*,#8173,.T.);
#3834=ORIENTED_EDGE('',*,*,#8174,.F.);
#3835=ORIENTED_EDGE('',*,*,#8175,.T.);
#3836=ORIENTED_EDGE('',*,*,#8176,.T.);
#3837=ORIENTED_EDGE('',*,*,#8177,.T.);
#3838=ORIENTED_EDGE('',*,*,#8178,.F.);
#3839=ORIENTED_EDGE('',*,*,#8179,.F.);
#3840=ORIENTED_EDGE('',*,*,#8173,.F.);
#3841=ORIENTED_EDGE('',*,*,#8051,.F.);
#3842=ORIENTED_EDGE('',*,*,#8180,.F.);
#3843=ORIENTED_EDGE('',*,*,#8181,.F.);
#3844=ORIENTED_EDGE('',*,*,#8182,.T.);
#3845=ORIENTED_EDGE('',*,*,#8052,.F.);
#3846=ORIENTED_EDGE('',*,*,#8182,.F.);
#3847=ORIENTED_EDGE('',*,*,#8183,.F.);
#3848=ORIENTED_EDGE('',*,*,#8176,.F.);
#3849=ORIENTED_EDGE('',*,*,#8053,.F.);
#3850=ORIENTED_EDGE('',*,*,#8175,.F.);
#3851=ORIENTED_EDGE('',*,*,#8172,.F.);
#3852=ORIENTED_EDGE('',*,*,#8180,.T.);
#3853=ORIENTED_EDGE('',*,*,#8056,.T.);
#3854=ORIENTED_EDGE('',*,*,#8178,.T.);
#3855=ORIENTED_EDGE('',*,*,#8184,.T.);
#3856=ORIENTED_EDGE('',*,*,#8179,.T.);
#3857=ORIENTED_EDGE('',*,*,#8055,.T.);
#3858=ORIENTED_EDGE('',*,*,#8174,.T.);
#3859=ORIENTED_EDGE('',*,*,#8184,.F.);
#3860=ORIENTED_EDGE('',*,*,#8177,.F.);
#3861=ORIENTED_EDGE('',*,*,#8183,.T.);
#3862=ORIENTED_EDGE('',*,*,#8181,.T.);
#3863=ORIENTED_EDGE('',*,*,#8185,.F.);
#3864=ORIENTED_EDGE('',*,*,#8186,.F.);
#3865=ORIENTED_EDGE('',*,*,#8187,.T.);
#3866=ORIENTED_EDGE('',*,*,#8188,.T.);
#3867=ORIENTED_EDGE('',*,*,#8189,.F.);
#3868=ORIENTED_EDGE('',*,*,#8188,.F.);
#3869=ORIENTED_EDGE('',*,*,#8190,.T.);
#3870=ORIENTED_EDGE('',*,*,#8191,.T.);
#3871=ORIENTED_EDGE('',*,*,#7696,.F.);
#3872=ORIENTED_EDGE('',*,*,#8192,.F.);
#3873=ORIENTED_EDGE('',*,*,#8191,.F.);
#3874=ORIENTED_EDGE('',*,*,#8193,.T.);
#3875=ORIENTED_EDGE('',*,*,#8194,.F.);
#3876=ORIENTED_EDGE('',*,*,#7705,.F.);
#3877=ORIENTED_EDGE('',*,*,#8195,.T.);
#3878=ORIENTED_EDGE('',*,*,#8196,.T.);
#3879=ORIENTED_EDGE('',*,*,#8197,.F.);
#3880=ORIENTED_EDGE('',*,*,#8196,.F.);
#3881=ORIENTED_EDGE('',*,*,#8198,.T.);
#3882=ORIENTED_EDGE('',*,*,#8186,.T.);
#3883=ORIENTED_EDGE('',*,*,#8195,.F.);
#3884=ORIENTED_EDGE('',*,*,#7704,.F.);
#3885=ORIENTED_EDGE('',*,*,#7697,.T.);
#3886=ORIENTED_EDGE('',*,*,#8193,.F.);
#3887=ORIENTED_EDGE('',*,*,#8190,.F.);
#3888=ORIENTED_EDGE('',*,*,#8187,.F.);
#3889=ORIENTED_EDGE('',*,*,#8198,.F.);
#3890=ORIENTED_EDGE('',*,*,#7706,.T.);
#3891=ORIENTED_EDGE('',*,*,#8194,.T.);
#3892=ORIENTED_EDGE('',*,*,#8197,.T.);
#3893=ORIENTED_EDGE('',*,*,#8185,.T.);
#3894=ORIENTED_EDGE('',*,*,#8189,.T.);
#3895=ORIENTED_EDGE('',*,*,#8192,.T.);
#3896=ORIENTED_EDGE('',*,*,#7695,.F.);
#3897=ORIENTED_EDGE('',*,*,#7634,.F.);
#3898=ORIENTED_EDGE('',*,*,#8199,.F.);
#3899=ORIENTED_EDGE('',*,*,#8200,.F.);
#3900=ORIENTED_EDGE('',*,*,#8201,.T.);
#3901=ORIENTED_EDGE('',*,*,#8199,.T.);
#3902=ORIENTED_EDGE('',*,*,#7633,.T.);
#3903=ORIENTED_EDGE('',*,*,#7918,.T.);
#3904=ORIENTED_EDGE('',*,*,#8202,.T.);
#3905=ORIENTED_EDGE('',*,*,#8203,.T.);
#3906=ORIENTED_EDGE('',*,*,#8204,.T.);
#3907=ORIENTED_EDGE('',*,*,#8205,.T.);
#3908=ORIENTED_EDGE('',*,*,#7635,.F.);
#3909=ORIENTED_EDGE('',*,*,#8201,.F.);
#3910=ORIENTED_EDGE('',*,*,#8206,.F.);
#3911=ORIENTED_EDGE('',*,*,#8207,.F.);
#3912=ORIENTED_EDGE('',*,*,#8208,.F.);
#3913=ORIENTED_EDGE('',*,*,#8209,.F.);
#3914=ORIENTED_EDGE('',*,*,#7962,.F.);
#3915=ORIENTED_EDGE('',*,*,#8206,.T.);
#3916=ORIENTED_EDGE('',*,*,#8200,.T.);
#3917=ORIENTED_EDGE('',*,*,#8205,.F.);
#3918=ORIENTED_EDGE('',*,*,#8210,.F.);
#3919=ORIENTED_EDGE('',*,*,#8207,.T.);
#3920=ORIENTED_EDGE('',*,*,#8210,.T.);
#3921=ORIENTED_EDGE('',*,*,#8204,.F.);
#3922=ORIENTED_EDGE('',*,*,#8211,.F.);
#3923=ORIENTED_EDGE('',*,*,#8208,.T.);
#3924=ORIENTED_EDGE('',*,*,#8211,.T.);
#3925=ORIENTED_EDGE('',*,*,#8203,.F.);
#3926=ORIENTED_EDGE('',*,*,#8212,.F.);
#3927=ORIENTED_EDGE('',*,*,#8209,.T.);
#3928=ORIENTED_EDGE('',*,*,#8212,.T.);
#3929=ORIENTED_EDGE('',*,*,#8202,.F.);
#3930=ORIENTED_EDGE('',*,*,#7917,.F.);
#3931=ORIENTED_EDGE('',*,*,#7638,.F.);
#3932=ORIENTED_EDGE('',*,*,#8213,.F.);
#3933=ORIENTED_EDGE('',*,*,#8214,.F.);
#3934=ORIENTED_EDGE('',*,*,#8215,.T.);
#3935=ORIENTED_EDGE('',*,*,#8213,.T.);
#3936=ORIENTED_EDGE('',*,*,#7637,.T.);
#3937=ORIENTED_EDGE('',*,*,#7961,.T.);
#3938=ORIENTED_EDGE('',*,*,#8216,.T.);
#3939=ORIENTED_EDGE('',*,*,#8217,.T.);
#3940=ORIENTED_EDGE('',*,*,#8218,.T.);
#3941=ORIENTED_EDGE('',*,*,#8219,.T.);
#3942=ORIENTED_EDGE('',*,*,#7639,.F.);
#3943=ORIENTED_EDGE('',*,*,#8215,.F.);
#3944=ORIENTED_EDGE('',*,*,#8220,.F.);
#3945=ORIENTED_EDGE('',*,*,#8221,.F.);
#3946=ORIENTED_EDGE('',*,*,#8222,.F.);
#3947=ORIENTED_EDGE('',*,*,#8223,.F.);
#3948=ORIENTED_EDGE('',*,*,#7959,.F.);
#3949=ORIENTED_EDGE('',*,*,#8220,.T.);
#3950=ORIENTED_EDGE('',*,*,#8214,.T.);
#3951=ORIENTED_EDGE('',*,*,#8219,.F.);
#3952=ORIENTED_EDGE('',*,*,#8224,.F.);
#3953=ORIENTED_EDGE('',*,*,#8221,.T.);
#3954=ORIENTED_EDGE('',*,*,#8224,.T.);
#3955=ORIENTED_EDGE('',*,*,#8218,.F.);
#3956=ORIENTED_EDGE('',*,*,#8225,.F.);
#3957=ORIENTED_EDGE('',*,*,#8222,.T.);
#3958=ORIENTED_EDGE('',*,*,#8225,.T.);
#3959=ORIENTED_EDGE('',*,*,#8217,.F.);
#3960=ORIENTED_EDGE('',*,*,#8226,.F.);
#3961=ORIENTED_EDGE('',*,*,#8223,.T.);
#3962=ORIENTED_EDGE('',*,*,#8226,.T.);
#3963=ORIENTED_EDGE('',*,*,#8216,.F.);
#3964=ORIENTED_EDGE('',*,*,#7960,.F.);
#3965=ORIENTED_EDGE('',*,*,#7642,.F.);
#3966=ORIENTED_EDGE('',*,*,#8227,.F.);
#3967=ORIENTED_EDGE('',*,*,#8228,.F.);
#3968=ORIENTED_EDGE('',*,*,#8229,.T.);
#3969=ORIENTED_EDGE('',*,*,#8227,.T.);
#3970=ORIENTED_EDGE('',*,*,#7641,.T.);
#3971=ORIENTED_EDGE('',*,*,#7958,.T.);
#3972=ORIENTED_EDGE('',*,*,#8230,.T.);
#3973=ORIENTED_EDGE('',*,*,#8231,.T.);
#3974=ORIENTED_EDGE('',*,*,#8232,.T.);
#3975=ORIENTED_EDGE('',*,*,#8233,.T.);
#3976=ORIENTED_EDGE('',*,*,#7643,.F.);
#3977=ORIENTED_EDGE('',*,*,#8229,.F.);
#3978=ORIENTED_EDGE('',*,*,#8234,.F.);
#3979=ORIENTED_EDGE('',*,*,#8235,.F.);
#3980=ORIENTED_EDGE('',*,*,#8236,.F.);
#3981=ORIENTED_EDGE('',*,*,#8237,.F.);
#3982=ORIENTED_EDGE('',*,*,#7956,.F.);
#3983=ORIENTED_EDGE('',*,*,#8234,.T.);
#3984=ORIENTED_EDGE('',*,*,#8228,.T.);
#3985=ORIENTED_EDGE('',*,*,#8233,.F.);
#3986=ORIENTED_EDGE('',*,*,#8238,.F.);
#3987=ORIENTED_EDGE('',*,*,#8235,.T.);
#3988=ORIENTED_EDGE('',*,*,#8238,.T.);
#3989=ORIENTED_EDGE('',*,*,#8232,.F.);
#3990=ORIENTED_EDGE('',*,*,#8239,.F.);
#3991=ORIENTED_EDGE('',*,*,#8236,.T.);
#3992=ORIENTED_EDGE('',*,*,#8239,.T.);
#3993=ORIENTED_EDGE('',*,*,#8231,.F.);
#3994=ORIENTED_EDGE('',*,*,#8240,.F.);
#3995=ORIENTED_EDGE('',*,*,#8237,.T.);
#3996=ORIENTED_EDGE('',*,*,#8240,.T.);
#3997=ORIENTED_EDGE('',*,*,#8230,.F.);
#3998=ORIENTED_EDGE('',*,*,#7957,.F.);
#3999=ORIENTED_EDGE('',*,*,#7646,.F.);
#4000=ORIENTED_EDGE('',*,*,#8241,.F.);
#4001=ORIENTED_EDGE('',*,*,#8242,.F.);
#4002=ORIENTED_EDGE('',*,*,#8243,.T.);
#4003=ORIENTED_EDGE('',*,*,#8241,.T.);
#4004=ORIENTED_EDGE('',*,*,#7645,.T.);
#4005=ORIENTED_EDGE('',*,*,#7955,.T.);
#4006=ORIENTED_EDGE('',*,*,#8244,.T.);
#4007=ORIENTED_EDGE('',*,*,#8245,.T.);
#4008=ORIENTED_EDGE('',*,*,#8246,.T.);
#4009=ORIENTED_EDGE('',*,*,#8247,.T.);
#4010=ORIENTED_EDGE('',*,*,#7647,.F.);
#4011=ORIENTED_EDGE('',*,*,#8243,.F.);
#4012=ORIENTED_EDGE('',*,*,#8248,.F.);
#4013=ORIENTED_EDGE('',*,*,#8249,.F.);
#4014=ORIENTED_EDGE('',*,*,#8250,.F.);
#4015=ORIENTED_EDGE('',*,*,#8251,.F.);
#4016=ORIENTED_EDGE('',*,*,#7953,.F.);
#4017=ORIENTED_EDGE('',*,*,#8248,.T.);
#4018=ORIENTED_EDGE('',*,*,#8242,.T.);
#4019=ORIENTED_EDGE('',*,*,#8247,.F.);
#4020=ORIENTED_EDGE('',*,*,#8252,.F.);
#4021=ORIENTED_EDGE('',*,*,#8249,.T.);
#4022=ORIENTED_EDGE('',*,*,#8252,.T.);
#4023=ORIENTED_EDGE('',*,*,#8246,.F.);
#4024=ORIENTED_EDGE('',*,*,#8253,.F.);
#4025=ORIENTED_EDGE('',*,*,#8250,.T.);
#4026=ORIENTED_EDGE('',*,*,#8253,.T.);
#4027=ORIENTED_EDGE('',*,*,#8245,.F.);
#4028=ORIENTED_EDGE('',*,*,#8254,.F.);
#4029=ORIENTED_EDGE('',*,*,#8251,.T.);
#4030=ORIENTED_EDGE('',*,*,#8254,.T.);
#4031=ORIENTED_EDGE('',*,*,#8244,.F.);
#4032=ORIENTED_EDGE('',*,*,#7954,.F.);
#4033=ORIENTED_EDGE('',*,*,#7650,.F.);
#4034=ORIENTED_EDGE('',*,*,#8255,.F.);
#4035=ORIENTED_EDGE('',*,*,#8256,.F.);
#4036=ORIENTED_EDGE('',*,*,#8257,.T.);
#4037=ORIENTED_EDGE('',*,*,#8255,.T.);
#4038=ORIENTED_EDGE('',*,*,#7649,.T.);
#4039=ORIENTED_EDGE('',*,*,#7952,.T.);
#4040=ORIENTED_EDGE('',*,*,#8258,.T.);
#4041=ORIENTED_EDGE('',*,*,#8259,.T.);
#4042=ORIENTED_EDGE('',*,*,#8260,.T.);
#4043=ORIENTED_EDGE('',*,*,#8261,.T.);
#4044=ORIENTED_EDGE('',*,*,#7651,.F.);
#4045=ORIENTED_EDGE('',*,*,#8257,.F.);
#4046=ORIENTED_EDGE('',*,*,#8262,.F.);
#4047=ORIENTED_EDGE('',*,*,#8263,.F.);
#4048=ORIENTED_EDGE('',*,*,#8264,.F.);
#4049=ORIENTED_EDGE('',*,*,#8265,.F.);
#4050=ORIENTED_EDGE('',*,*,#7950,.F.);
#4051=ORIENTED_EDGE('',*,*,#8262,.T.);
#4052=ORIENTED_EDGE('',*,*,#8256,.T.);
#4053=ORIENTED_EDGE('',*,*,#8261,.F.);
#4054=ORIENTED_EDGE('',*,*,#8266,.F.);
#4055=ORIENTED_EDGE('',*,*,#8263,.T.);
#4056=ORIENTED_EDGE('',*,*,#8266,.T.);
#4057=ORIENTED_EDGE('',*,*,#8260,.F.);
#4058=ORIENTED_EDGE('',*,*,#8267,.F.);
#4059=ORIENTED_EDGE('',*,*,#8264,.T.);
#4060=ORIENTED_EDGE('',*,*,#8267,.T.);
#4061=ORIENTED_EDGE('',*,*,#8259,.F.);
#4062=ORIENTED_EDGE('',*,*,#8268,.F.);
#4063=ORIENTED_EDGE('',*,*,#8265,.T.);
#4064=ORIENTED_EDGE('',*,*,#8268,.T.);
#4065=ORIENTED_EDGE('',*,*,#8258,.F.);
#4066=ORIENTED_EDGE('',*,*,#7951,.F.);
#4067=ORIENTED_EDGE('',*,*,#7654,.F.);
#4068=ORIENTED_EDGE('',*,*,#8269,.F.);
#4069=ORIENTED_EDGE('',*,*,#8270,.F.);
#4070=ORIENTED_EDGE('',*,*,#8271,.T.);
#4071=ORIENTED_EDGE('',*,*,#8269,.T.);
#4072=ORIENTED_EDGE('',*,*,#7653,.T.);
#4073=ORIENTED_EDGE('',*,*,#7949,.T.);
#4074=ORIENTED_EDGE('',*,*,#8272,.T.);
#4075=ORIENTED_EDGE('',*,*,#8273,.T.);
#4076=ORIENTED_EDGE('',*,*,#8274,.T.);
#4077=ORIENTED_EDGE('',*,*,#8275,.T.);
#4078=ORIENTED_EDGE('',*,*,#7655,.F.);
#4079=ORIENTED_EDGE('',*,*,#8271,.F.);
#4080=ORIENTED_EDGE('',*,*,#8276,.F.);
#4081=ORIENTED_EDGE('',*,*,#8277,.F.);
#4082=ORIENTED_EDGE('',*,*,#8278,.F.);
#4083=ORIENTED_EDGE('',*,*,#8279,.F.);
#4084=ORIENTED_EDGE('',*,*,#7947,.F.);
#4085=ORIENTED_EDGE('',*,*,#8276,.T.);
#4086=ORIENTED_EDGE('',*,*,#8270,.T.);
#4087=ORIENTED_EDGE('',*,*,#8275,.F.);
#4088=ORIENTED_EDGE('',*,*,#8280,.F.);
#4089=ORIENTED_EDGE('',*,*,#8277,.T.);
#4090=ORIENTED_EDGE('',*,*,#8280,.T.);
#4091=ORIENTED_EDGE('',*,*,#8274,.F.);
#4092=ORIENTED_EDGE('',*,*,#8281,.F.);
#4093=ORIENTED_EDGE('',*,*,#8278,.T.);
#4094=ORIENTED_EDGE('',*,*,#8281,.T.);
#4095=ORIENTED_EDGE('',*,*,#8273,.F.);
#4096=ORIENTED_EDGE('',*,*,#8282,.F.);
#4097=ORIENTED_EDGE('',*,*,#8279,.T.);
#4098=ORIENTED_EDGE('',*,*,#8282,.T.);
#4099=ORIENTED_EDGE('',*,*,#8272,.F.);
#4100=ORIENTED_EDGE('',*,*,#7948,.F.);
#4101=ORIENTED_EDGE('',*,*,#7658,.F.);
#4102=ORIENTED_EDGE('',*,*,#8283,.F.);
#4103=ORIENTED_EDGE('',*,*,#8284,.F.);
#4104=ORIENTED_EDGE('',*,*,#8285,.T.);
#4105=ORIENTED_EDGE('',*,*,#8283,.T.);
#4106=ORIENTED_EDGE('',*,*,#7657,.T.);
#4107=ORIENTED_EDGE('',*,*,#7946,.T.);
#4108=ORIENTED_EDGE('',*,*,#8286,.T.);
#4109=ORIENTED_EDGE('',*,*,#8287,.T.);
#4110=ORIENTED_EDGE('',*,*,#8288,.T.);
#4111=ORIENTED_EDGE('',*,*,#8289,.T.);
#4112=ORIENTED_EDGE('',*,*,#7659,.F.);
#4113=ORIENTED_EDGE('',*,*,#8285,.F.);
#4114=ORIENTED_EDGE('',*,*,#8290,.F.);
#4115=ORIENTED_EDGE('',*,*,#8291,.F.);
#4116=ORIENTED_EDGE('',*,*,#8292,.F.);
#4117=ORIENTED_EDGE('',*,*,#8293,.F.);
#4118=ORIENTED_EDGE('',*,*,#7944,.F.);
#4119=ORIENTED_EDGE('',*,*,#8290,.T.);
#4120=ORIENTED_EDGE('',*,*,#8284,.T.);
#4121=ORIENTED_EDGE('',*,*,#8289,.F.);
#4122=ORIENTED_EDGE('',*,*,#8294,.F.);
#4123=ORIENTED_EDGE('',*,*,#8291,.T.);
#4124=ORIENTED_EDGE('',*,*,#8294,.T.);
#4125=ORIENTED_EDGE('',*,*,#8288,.F.);
#4126=ORIENTED_EDGE('',*,*,#8295,.F.);
#4127=ORIENTED_EDGE('',*,*,#8292,.T.);
#4128=ORIENTED_EDGE('',*,*,#8295,.T.);
#4129=ORIENTED_EDGE('',*,*,#8287,.F.);
#4130=ORIENTED_EDGE('',*,*,#8296,.F.);
#4131=ORIENTED_EDGE('',*,*,#8293,.T.);
#4132=ORIENTED_EDGE('',*,*,#8296,.T.);
#4133=ORIENTED_EDGE('',*,*,#8286,.F.);
#4134=ORIENTED_EDGE('',*,*,#7945,.F.);
#4135=ORIENTED_EDGE('',*,*,#7662,.F.);
#4136=ORIENTED_EDGE('',*,*,#8297,.F.);
#4137=ORIENTED_EDGE('',*,*,#8298,.F.);
#4138=ORIENTED_EDGE('',*,*,#8299,.T.);
#4139=ORIENTED_EDGE('',*,*,#8297,.T.);
#4140=ORIENTED_EDGE('',*,*,#7661,.T.);
#4141=ORIENTED_EDGE('',*,*,#7943,.T.);
#4142=ORIENTED_EDGE('',*,*,#8300,.T.);
#4143=ORIENTED_EDGE('',*,*,#8301,.T.);
#4144=ORIENTED_EDGE('',*,*,#8302,.T.);
#4145=ORIENTED_EDGE('',*,*,#8303,.T.);
#4146=ORIENTED_EDGE('',*,*,#7663,.F.);
#4147=ORIENTED_EDGE('',*,*,#8299,.F.);
#4148=ORIENTED_EDGE('',*,*,#8304,.F.);
#4149=ORIENTED_EDGE('',*,*,#8305,.F.);
#4150=ORIENTED_EDGE('',*,*,#8306,.F.);
#4151=ORIENTED_EDGE('',*,*,#8307,.F.);
#4152=ORIENTED_EDGE('',*,*,#7941,.F.);
#4153=ORIENTED_EDGE('',*,*,#8304,.T.);
#4154=ORIENTED_EDGE('',*,*,#8298,.T.);
#4155=ORIENTED_EDGE('',*,*,#8303,.F.);
#4156=ORIENTED_EDGE('',*,*,#8308,.F.);
#4157=ORIENTED_EDGE('',*,*,#8305,.T.);
#4158=ORIENTED_EDGE('',*,*,#8308,.T.);
#4159=ORIENTED_EDGE('',*,*,#8302,.F.);
#4160=ORIENTED_EDGE('',*,*,#8309,.F.);
#4161=ORIENTED_EDGE('',*,*,#8306,.T.);
#4162=ORIENTED_EDGE('',*,*,#8309,.T.);
#4163=ORIENTED_EDGE('',*,*,#8301,.F.);
#4164=ORIENTED_EDGE('',*,*,#8310,.F.);
#4165=ORIENTED_EDGE('',*,*,#8307,.T.);
#4166=ORIENTED_EDGE('',*,*,#8310,.T.);
#4167=ORIENTED_EDGE('',*,*,#8300,.F.);
#4168=ORIENTED_EDGE('',*,*,#7942,.F.);
#4169=ORIENTED_EDGE('',*,*,#7666,.F.);
#4170=ORIENTED_EDGE('',*,*,#8311,.F.);
#4171=ORIENTED_EDGE('',*,*,#8312,.F.);
#4172=ORIENTED_EDGE('',*,*,#8313,.T.);
#4173=ORIENTED_EDGE('',*,*,#8311,.T.);
#4174=ORIENTED_EDGE('',*,*,#7665,.T.);
#4175=ORIENTED_EDGE('',*,*,#7940,.T.);
#4176=ORIENTED_EDGE('',*,*,#8314,.T.);
#4177=ORIENTED_EDGE('',*,*,#8315,.T.);
#4178=ORIENTED_EDGE('',*,*,#8316,.T.);
#4179=ORIENTED_EDGE('',*,*,#8317,.T.);
#4180=ORIENTED_EDGE('',*,*,#7667,.F.);
#4181=ORIENTED_EDGE('',*,*,#8313,.F.);
#4182=ORIENTED_EDGE('',*,*,#8318,.F.);
#4183=ORIENTED_EDGE('',*,*,#8319,.F.);
#4184=ORIENTED_EDGE('',*,*,#8320,.F.);
#4185=ORIENTED_EDGE('',*,*,#8321,.F.);
#4186=ORIENTED_EDGE('',*,*,#7938,.F.);
#4187=ORIENTED_EDGE('',*,*,#8318,.T.);
#4188=ORIENTED_EDGE('',*,*,#8312,.T.);
#4189=ORIENTED_EDGE('',*,*,#8317,.F.);
#4190=ORIENTED_EDGE('',*,*,#8322,.F.);
#4191=ORIENTED_EDGE('',*,*,#8319,.T.);
#4192=ORIENTED_EDGE('',*,*,#8322,.T.);
#4193=ORIENTED_EDGE('',*,*,#8316,.F.);
#4194=ORIENTED_EDGE('',*,*,#8323,.F.);
#4195=ORIENTED_EDGE('',*,*,#8320,.T.);
#4196=ORIENTED_EDGE('',*,*,#8323,.T.);
#4197=ORIENTED_EDGE('',*,*,#8315,.F.);
#4198=ORIENTED_EDGE('',*,*,#8324,.F.);
#4199=ORIENTED_EDGE('',*,*,#8321,.T.);
#4200=ORIENTED_EDGE('',*,*,#8324,.T.);
#4201=ORIENTED_EDGE('',*,*,#8314,.F.);
#4202=ORIENTED_EDGE('',*,*,#7939,.F.);
#4203=ORIENTED_EDGE('',*,*,#7670,.F.);
#4204=ORIENTED_EDGE('',*,*,#8325,.F.);
#4205=ORIENTED_EDGE('',*,*,#8326,.F.);
#4206=ORIENTED_EDGE('',*,*,#8327,.T.);
#4207=ORIENTED_EDGE('',*,*,#8325,.T.);
#4208=ORIENTED_EDGE('',*,*,#7669,.T.);
#4209=ORIENTED_EDGE('',*,*,#7937,.T.);
#4210=ORIENTED_EDGE('',*,*,#8328,.T.);
#4211=ORIENTED_EDGE('',*,*,#8329,.T.);
#4212=ORIENTED_EDGE('',*,*,#8330,.T.);
#4213=ORIENTED_EDGE('',*,*,#8331,.T.);
#4214=ORIENTED_EDGE('',*,*,#7671,.F.);
#4215=ORIENTED_EDGE('',*,*,#8327,.F.);
#4216=ORIENTED_EDGE('',*,*,#8332,.F.);
#4217=ORIENTED_EDGE('',*,*,#8333,.F.);
#4218=ORIENTED_EDGE('',*,*,#8334,.F.);
#4219=ORIENTED_EDGE('',*,*,#8335,.F.);
#4220=ORIENTED_EDGE('',*,*,#7935,.F.);
#4221=ORIENTED_EDGE('',*,*,#8332,.T.);
#4222=ORIENTED_EDGE('',*,*,#8326,.T.);
#4223=ORIENTED_EDGE('',*,*,#8331,.F.);
#4224=ORIENTED_EDGE('',*,*,#8336,.F.);
#4225=ORIENTED_EDGE('',*,*,#8333,.T.);
#4226=ORIENTED_EDGE('',*,*,#8336,.T.);
#4227=ORIENTED_EDGE('',*,*,#8330,.F.);
#4228=ORIENTED_EDGE('',*,*,#8337,.F.);
#4229=ORIENTED_EDGE('',*,*,#8334,.T.);
#4230=ORIENTED_EDGE('',*,*,#8337,.T.);
#4231=ORIENTED_EDGE('',*,*,#8329,.F.);
#4232=ORIENTED_EDGE('',*,*,#8338,.F.);
#4233=ORIENTED_EDGE('',*,*,#8335,.T.);
#4234=ORIENTED_EDGE('',*,*,#8338,.T.);
#4235=ORIENTED_EDGE('',*,*,#8328,.F.);
#4236=ORIENTED_EDGE('',*,*,#7936,.F.);
#4237=ORIENTED_EDGE('',*,*,#7674,.F.);
#4238=ORIENTED_EDGE('',*,*,#8339,.F.);
#4239=ORIENTED_EDGE('',*,*,#8340,.F.);
#4240=ORIENTED_EDGE('',*,*,#8341,.T.);
#4241=ORIENTED_EDGE('',*,*,#8339,.T.);
#4242=ORIENTED_EDGE('',*,*,#7673,.T.);
#4243=ORIENTED_EDGE('',*,*,#7934,.T.);
#4244=ORIENTED_EDGE('',*,*,#8342,.T.);
#4245=ORIENTED_EDGE('',*,*,#8343,.T.);
#4246=ORIENTED_EDGE('',*,*,#8344,.T.);
#4247=ORIENTED_EDGE('',*,*,#8345,.T.);
#4248=ORIENTED_EDGE('',*,*,#7675,.F.);
#4249=ORIENTED_EDGE('',*,*,#8341,.F.);
#4250=ORIENTED_EDGE('',*,*,#8346,.F.);
#4251=ORIENTED_EDGE('',*,*,#8347,.F.);
#4252=ORIENTED_EDGE('',*,*,#8348,.F.);
#4253=ORIENTED_EDGE('',*,*,#8349,.F.);
#4254=ORIENTED_EDGE('',*,*,#7932,.F.);
#4255=ORIENTED_EDGE('',*,*,#8346,.T.);
#4256=ORIENTED_EDGE('',*,*,#8340,.T.);
#4257=ORIENTED_EDGE('',*,*,#8345,.F.);
#4258=ORIENTED_EDGE('',*,*,#8350,.F.);
#4259=ORIENTED_EDGE('',*,*,#8347,.T.);
#4260=ORIENTED_EDGE('',*,*,#8350,.T.);
#4261=ORIENTED_EDGE('',*,*,#8344,.F.);
#4262=ORIENTED_EDGE('',*,*,#8351,.F.);
#4263=ORIENTED_EDGE('',*,*,#8348,.T.);
#4264=ORIENTED_EDGE('',*,*,#8351,.T.);
#4265=ORIENTED_EDGE('',*,*,#8343,.F.);
#4266=ORIENTED_EDGE('',*,*,#8352,.F.);
#4267=ORIENTED_EDGE('',*,*,#8349,.T.);
#4268=ORIENTED_EDGE('',*,*,#8352,.T.);
#4269=ORIENTED_EDGE('',*,*,#8342,.F.);
#4270=ORIENTED_EDGE('',*,*,#7933,.F.);
#4271=ORIENTED_EDGE('',*,*,#7678,.F.);
#4272=ORIENTED_EDGE('',*,*,#8353,.F.);
#4273=ORIENTED_EDGE('',*,*,#8354,.F.);
#4274=ORIENTED_EDGE('',*,*,#8355,.T.);
#4275=ORIENTED_EDGE('',*,*,#8353,.T.);
#4276=ORIENTED_EDGE('',*,*,#7677,.T.);
#4277=ORIENTED_EDGE('',*,*,#7931,.T.);
#4278=ORIENTED_EDGE('',*,*,#8356,.T.);
#4279=ORIENTED_EDGE('',*,*,#8357,.T.);
#4280=ORIENTED_EDGE('',*,*,#8358,.T.);
#4281=ORIENTED_EDGE('',*,*,#8359,.T.);
#4282=ORIENTED_EDGE('',*,*,#7679,.F.);
#4283=ORIENTED_EDGE('',*,*,#8355,.F.);
#4284=ORIENTED_EDGE('',*,*,#8360,.F.);
#4285=ORIENTED_EDGE('',*,*,#8361,.F.);
#4286=ORIENTED_EDGE('',*,*,#8362,.F.);
#4287=ORIENTED_EDGE('',*,*,#8363,.F.);
#4288=ORIENTED_EDGE('',*,*,#7929,.F.);
#4289=ORIENTED_EDGE('',*,*,#8360,.T.);
#4290=ORIENTED_EDGE('',*,*,#8354,.T.);
#4291=ORIENTED_EDGE('',*,*,#8359,.F.);
#4292=ORIENTED_EDGE('',*,*,#8364,.F.);
#4293=ORIENTED_EDGE('',*,*,#8361,.T.);
#4294=ORIENTED_EDGE('',*,*,#8364,.T.);
#4295=ORIENTED_EDGE('',*,*,#8358,.F.);
#4296=ORIENTED_EDGE('',*,*,#8365,.F.);
#4297=ORIENTED_EDGE('',*,*,#8362,.T.);
#4298=ORIENTED_EDGE('',*,*,#8365,.T.);
#4299=ORIENTED_EDGE('',*,*,#8357,.F.);
#4300=ORIENTED_EDGE('',*,*,#8366,.F.);
#4301=ORIENTED_EDGE('',*,*,#8363,.T.);
#4302=ORIENTED_EDGE('',*,*,#8366,.T.);
#4303=ORIENTED_EDGE('',*,*,#8356,.F.);
#4304=ORIENTED_EDGE('',*,*,#7930,.F.);
#4305=ORIENTED_EDGE('',*,*,#7682,.F.);
#4306=ORIENTED_EDGE('',*,*,#8367,.F.);
#4307=ORIENTED_EDGE('',*,*,#8368,.F.);
#4308=ORIENTED_EDGE('',*,*,#8369,.T.);
#4309=ORIENTED_EDGE('',*,*,#8367,.T.);
#4310=ORIENTED_EDGE('',*,*,#7681,.T.);
#4311=ORIENTED_EDGE('',*,*,#7928,.T.);
#4312=ORIENTED_EDGE('',*,*,#8370,.T.);
#4313=ORIENTED_EDGE('',*,*,#8371,.T.);
#4314=ORIENTED_EDGE('',*,*,#8372,.T.);
#4315=ORIENTED_EDGE('',*,*,#8373,.T.);
#4316=ORIENTED_EDGE('',*,*,#7683,.F.);
#4317=ORIENTED_EDGE('',*,*,#8369,.F.);
#4318=ORIENTED_EDGE('',*,*,#8374,.F.);
#4319=ORIENTED_EDGE('',*,*,#8375,.F.);
#4320=ORIENTED_EDGE('',*,*,#8376,.F.);
#4321=ORIENTED_EDGE('',*,*,#8377,.F.);
#4322=ORIENTED_EDGE('',*,*,#7926,.F.);
#4323=ORIENTED_EDGE('',*,*,#8374,.T.);
#4324=ORIENTED_EDGE('',*,*,#8368,.T.);
#4325=ORIENTED_EDGE('',*,*,#8373,.F.);
#4326=ORIENTED_EDGE('',*,*,#8378,.F.);
#4327=ORIENTED_EDGE('',*,*,#8375,.T.);
#4328=ORIENTED_EDGE('',*,*,#8378,.T.);
#4329=ORIENTED_EDGE('',*,*,#8372,.F.);
#4330=ORIENTED_EDGE('',*,*,#8379,.F.);
#4331=ORIENTED_EDGE('',*,*,#8376,.T.);
#4332=ORIENTED_EDGE('',*,*,#8379,.T.);
#4333=ORIENTED_EDGE('',*,*,#8371,.F.);
#4334=ORIENTED_EDGE('',*,*,#8380,.F.);
#4335=ORIENTED_EDGE('',*,*,#8377,.T.);
#4336=ORIENTED_EDGE('',*,*,#8380,.T.);
#4337=ORIENTED_EDGE('',*,*,#8370,.F.);
#4338=ORIENTED_EDGE('',*,*,#7927,.F.);
#4339=ORIENTED_EDGE('',*,*,#7686,.F.);
#4340=ORIENTED_EDGE('',*,*,#8381,.F.);
#4341=ORIENTED_EDGE('',*,*,#8382,.F.);
#4342=ORIENTED_EDGE('',*,*,#8383,.T.);
#4343=ORIENTED_EDGE('',*,*,#8381,.T.);
#4344=ORIENTED_EDGE('',*,*,#7685,.T.);
#4345=ORIENTED_EDGE('',*,*,#7925,.T.);
#4346=ORIENTED_EDGE('',*,*,#8384,.T.);
#4347=ORIENTED_EDGE('',*,*,#8385,.T.);
#4348=ORIENTED_EDGE('',*,*,#8386,.T.);
#4349=ORIENTED_EDGE('',*,*,#8387,.T.);
#4350=ORIENTED_EDGE('',*,*,#7687,.F.);
#4351=ORIENTED_EDGE('',*,*,#8383,.F.);
#4352=ORIENTED_EDGE('',*,*,#8388,.F.);
#4353=ORIENTED_EDGE('',*,*,#8389,.F.);
#4354=ORIENTED_EDGE('',*,*,#8390,.F.);
#4355=ORIENTED_EDGE('',*,*,#8391,.F.);
#4356=ORIENTED_EDGE('',*,*,#7923,.F.);
#4357=ORIENTED_EDGE('',*,*,#8388,.T.);
#4358=ORIENTED_EDGE('',*,*,#8382,.T.);
#4359=ORIENTED_EDGE('',*,*,#8387,.F.);
#4360=ORIENTED_EDGE('',*,*,#8392,.F.);
#4361=ORIENTED_EDGE('',*,*,#8389,.T.);
#4362=ORIENTED_EDGE('',*,*,#8392,.T.);
#4363=ORIENTED_EDGE('',*,*,#8386,.F.);
#4364=ORIENTED_EDGE('',*,*,#8393,.F.);
#4365=ORIENTED_EDGE('',*,*,#8390,.T.);
#4366=ORIENTED_EDGE('',*,*,#8393,.T.);
#4367=ORIENTED_EDGE('',*,*,#8385,.F.);
#4368=ORIENTED_EDGE('',*,*,#8394,.F.);
#4369=ORIENTED_EDGE('',*,*,#8391,.T.);
#4370=ORIENTED_EDGE('',*,*,#8394,.T.);
#4371=ORIENTED_EDGE('',*,*,#8384,.F.);
#4372=ORIENTED_EDGE('',*,*,#7924,.F.);
#4373=ORIENTED_EDGE('',*,*,#8395,.T.);
#4374=ORIENTED_EDGE('',*,*,#8396,.T.);
#4375=ORIENTED_EDGE('',*,*,#8397,.T.);
#4376=ORIENTED_EDGE('',*,*,#8398,.F.);
#4377=ORIENTED_EDGE('',*,*,#8399,.F.);
#4378=ORIENTED_EDGE('',*,*,#8400,.F.);
#4379=ORIENTED_EDGE('',*,*,#7853,.F.);
#4380=ORIENTED_EDGE('',*,*,#8401,.F.);
#4381=ORIENTED_EDGE('',*,*,#8397,.F.);
#4382=ORIENTED_EDGE('',*,*,#8402,.T.);
#4383=ORIENTED_EDGE('',*,*,#7850,.F.);
#4384=ORIENTED_EDGE('',*,*,#8403,.T.);
#4385=ORIENTED_EDGE('',*,*,#8404,.T.);
#4386=ORIENTED_EDGE('',*,*,#8405,.F.);
#4387=ORIENTED_EDGE('',*,*,#8403,.F.);
#4388=ORIENTED_EDGE('',*,*,#7849,.T.);
#4389=ORIENTED_EDGE('',*,*,#8395,.F.);
#4390=ORIENTED_EDGE('',*,*,#8406,.F.);
#4391=ORIENTED_EDGE('',*,*,#8396,.F.);
#4392=ORIENTED_EDGE('',*,*,#7854,.T.);
#4393=ORIENTED_EDGE('',*,*,#8402,.F.);
#4394=ORIENTED_EDGE('',*,*,#7851,.F.);
#4395=ORIENTED_EDGE('',*,*,#8405,.T.);
#4396=ORIENTED_EDGE('',*,*,#8407,.T.);
#4397=ORIENTED_EDGE('',*,*,#8399,.T.);
#4398=ORIENTED_EDGE('',*,*,#7852,.F.);
#4399=ORIENTED_EDGE('',*,*,#8398,.T.);
#4400=ORIENTED_EDGE('',*,*,#8401,.T.);
#4401=ORIENTED_EDGE('',*,*,#8407,.F.);
#4402=ORIENTED_EDGE('',*,*,#8404,.F.);
#4403=ORIENTED_EDGE('',*,*,#8406,.T.);
#4404=ORIENTED_EDGE('',*,*,#8400,.T.);
#4405=ORIENTED_EDGE('',*,*,#8408,.T.);
#4406=ORIENTED_EDGE('',*,*,#8409,.T.);
#4407=ORIENTED_EDGE('',*,*,#8410,.T.);
#4408=ORIENTED_EDGE('',*,*,#8411,.F.);
#4409=ORIENTED_EDGE('',*,*,#8412,.F.);
#4410=ORIENTED_EDGE('',*,*,#8413,.F.);
#4411=ORIENTED_EDGE('',*,*,#7869,.F.);
#4412=ORIENTED_EDGE('',*,*,#8414,.F.);
#4413=ORIENTED_EDGE('',*,*,#8410,.F.);
#4414=ORIENTED_EDGE('',*,*,#8415,.T.);
#4415=ORIENTED_EDGE('',*,*,#7866,.F.);
#4416=ORIENTED_EDGE('',*,*,#8416,.T.);
#4417=ORIENTED_EDGE('',*,*,#8417,.T.);
#4418=ORIENTED_EDGE('',*,*,#8418,.F.);
#4419=ORIENTED_EDGE('',*,*,#8416,.F.);
#4420=ORIENTED_EDGE('',*,*,#7865,.T.);
#4421=ORIENTED_EDGE('',*,*,#8408,.F.);
#4422=ORIENTED_EDGE('',*,*,#8419,.F.);
#4423=ORIENTED_EDGE('',*,*,#8409,.F.);
#4424=ORIENTED_EDGE('',*,*,#7870,.T.);
#4425=ORIENTED_EDGE('',*,*,#8415,.F.);
#4426=ORIENTED_EDGE('',*,*,#7867,.F.);
#4427=ORIENTED_EDGE('',*,*,#8418,.T.);
#4428=ORIENTED_EDGE('',*,*,#8420,.T.);
#4429=ORIENTED_EDGE('',*,*,#8412,.T.);
#4430=ORIENTED_EDGE('',*,*,#7868,.F.);
#4431=ORIENTED_EDGE('',*,*,#8411,.T.);
#4432=ORIENTED_EDGE('',*,*,#8414,.T.);
#4433=ORIENTED_EDGE('',*,*,#8420,.F.);
#4434=ORIENTED_EDGE('',*,*,#8417,.F.);
#4435=ORIENTED_EDGE('',*,*,#8419,.T.);
#4436=ORIENTED_EDGE('',*,*,#8413,.T.);
#4437=ORIENTED_EDGE('',*,*,#8421,.T.);
#4438=ORIENTED_EDGE('',*,*,#8422,.T.);
#4439=ORIENTED_EDGE('',*,*,#8423,.T.);
#4440=ORIENTED_EDGE('',*,*,#8424,.F.);
#4441=ORIENTED_EDGE('',*,*,#8425,.F.);
#4442=ORIENTED_EDGE('',*,*,#8426,.F.);
#4443=ORIENTED_EDGE('',*,*,#7847,.F.);
#4444=ORIENTED_EDGE('',*,*,#8427,.F.);
#4445=ORIENTED_EDGE('',*,*,#8423,.F.);
#4446=ORIENTED_EDGE('',*,*,#8428,.T.);
#4447=ORIENTED_EDGE('',*,*,#7844,.F.);
#4448=ORIENTED_EDGE('',*,*,#8429,.T.);
#4449=ORIENTED_EDGE('',*,*,#8430,.T.);
#4450=ORIENTED_EDGE('',*,*,#8431,.F.);
#4451=ORIENTED_EDGE('',*,*,#8429,.F.);
#4452=ORIENTED_EDGE('',*,*,#7843,.T.);
#4453=ORIENTED_EDGE('',*,*,#8421,.F.);
#4454=ORIENTED_EDGE('',*,*,#8432,.F.);
#4455=ORIENTED_EDGE('',*,*,#8422,.F.);
#4456=ORIENTED_EDGE('',*,*,#7848,.T.);
#4457=ORIENTED_EDGE('',*,*,#8428,.F.);
#4458=ORIENTED_EDGE('',*,*,#7845,.F.);
#4459=ORIENTED_EDGE('',*,*,#8431,.T.);
#4460=ORIENTED_EDGE('',*,*,#8433,.T.);
#4461=ORIENTED_EDGE('',*,*,#8425,.T.);
#4462=ORIENTED_EDGE('',*,*,#7846,.F.);
#4463=ORIENTED_EDGE('',*,*,#8424,.T.);
#4464=ORIENTED_EDGE('',*,*,#8427,.T.);
#4465=ORIENTED_EDGE('',*,*,#8433,.F.);
#4466=ORIENTED_EDGE('',*,*,#8430,.F.);
#4467=ORIENTED_EDGE('',*,*,#8432,.T.);
#4468=ORIENTED_EDGE('',*,*,#8426,.T.);
#4469=ORIENTED_EDGE('',*,*,#8434,.T.);
#4470=ORIENTED_EDGE('',*,*,#8435,.T.);
#4471=ORIENTED_EDGE('',*,*,#8436,.T.);
#4472=ORIENTED_EDGE('',*,*,#8437,.F.);
#4473=ORIENTED_EDGE('',*,*,#8438,.F.);
#4474=ORIENTED_EDGE('',*,*,#8439,.F.);
#4475=ORIENTED_EDGE('',*,*,#7875,.F.);
#4476=ORIENTED_EDGE('',*,*,#8440,.F.);
#4477=ORIENTED_EDGE('',*,*,#8436,.F.);
#4478=ORIENTED_EDGE('',*,*,#8441,.T.);
#4479=ORIENTED_EDGE('',*,*,#7872,.F.);
#4480=ORIENTED_EDGE('',*,*,#8442,.T.);
#4481=ORIENTED_EDGE('',*,*,#8443,.T.);
#4482=ORIENTED_EDGE('',*,*,#8444,.F.);
#4483=ORIENTED_EDGE('',*,*,#8442,.F.);
#4484=ORIENTED_EDGE('',*,*,#7871,.T.);
#4485=ORIENTED_EDGE('',*,*,#8434,.F.);
#4486=ORIENTED_EDGE('',*,*,#8445,.F.);
#4487=ORIENTED_EDGE('',*,*,#8435,.F.);
#4488=ORIENTED_EDGE('',*,*,#7876,.T.);
#4489=ORIENTED_EDGE('',*,*,#8441,.F.);
#4490=ORIENTED_EDGE('',*,*,#7873,.F.);
#4491=ORIENTED_EDGE('',*,*,#8444,.T.);
#4492=ORIENTED_EDGE('',*,*,#8446,.T.);
#4493=ORIENTED_EDGE('',*,*,#8438,.T.);
#4494=ORIENTED_EDGE('',*,*,#7874,.F.);
#4495=ORIENTED_EDGE('',*,*,#8437,.T.);
#4496=ORIENTED_EDGE('',*,*,#8440,.T.);
#4497=ORIENTED_EDGE('',*,*,#8446,.F.);
#4498=ORIENTED_EDGE('',*,*,#8443,.F.);
#4499=ORIENTED_EDGE('',*,*,#8445,.T.);
#4500=ORIENTED_EDGE('',*,*,#8439,.T.);
#4501=ORIENTED_EDGE('',*,*,#8447,.T.);
#4502=ORIENTED_EDGE('',*,*,#8448,.T.);
#4503=ORIENTED_EDGE('',*,*,#8449,.T.);
#4504=ORIENTED_EDGE('',*,*,#8450,.F.);
#4505=ORIENTED_EDGE('',*,*,#8451,.F.);
#4506=ORIENTED_EDGE('',*,*,#8452,.F.);
#4507=ORIENTED_EDGE('',*,*,#7841,.F.);
#4508=ORIENTED_EDGE('',*,*,#8453,.F.);
#4509=ORIENTED_EDGE('',*,*,#8449,.F.);
#4510=ORIENTED_EDGE('',*,*,#8454,.T.);
#4511=ORIENTED_EDGE('',*,*,#7838,.F.);
#4512=ORIENTED_EDGE('',*,*,#8455,.T.);
#4513=ORIENTED_EDGE('',*,*,#8456,.T.);
#4514=ORIENTED_EDGE('',*,*,#8457,.F.);
#4515=ORIENTED_EDGE('',*,*,#8455,.F.);
#4516=ORIENTED_EDGE('',*,*,#7837,.T.);
#4517=ORIENTED_EDGE('',*,*,#8447,.F.);
#4518=ORIENTED_EDGE('',*,*,#8458,.F.);
#4519=ORIENTED_EDGE('',*,*,#8448,.F.);
#4520=ORIENTED_EDGE('',*,*,#7842,.T.);
#4521=ORIENTED_EDGE('',*,*,#8454,.F.);
#4522=ORIENTED_EDGE('',*,*,#7839,.F.);
#4523=ORIENTED_EDGE('',*,*,#8457,.T.);
#4524=ORIENTED_EDGE('',*,*,#8459,.T.);
#4525=ORIENTED_EDGE('',*,*,#8451,.T.);
#4526=ORIENTED_EDGE('',*,*,#7840,.F.);
#4527=ORIENTED_EDGE('',*,*,#8450,.T.);
#4528=ORIENTED_EDGE('',*,*,#8453,.T.);
#4529=ORIENTED_EDGE('',*,*,#8459,.F.);
#4530=ORIENTED_EDGE('',*,*,#8456,.F.);
#4531=ORIENTED_EDGE('',*,*,#8458,.T.);
#4532=ORIENTED_EDGE('',*,*,#8452,.T.);
#4533=ORIENTED_EDGE('',*,*,#8460,.T.);
#4534=ORIENTED_EDGE('',*,*,#8461,.T.);
#4535=ORIENTED_EDGE('',*,*,#8462,.T.);
#4536=ORIENTED_EDGE('',*,*,#8463,.F.);
#4537=ORIENTED_EDGE('',*,*,#8464,.F.);
#4538=ORIENTED_EDGE('',*,*,#8465,.F.);
#4539=ORIENTED_EDGE('',*,*,#7881,.F.);
#4540=ORIENTED_EDGE('',*,*,#8466,.F.);
#4541=ORIENTED_EDGE('',*,*,#8462,.F.);
#4542=ORIENTED_EDGE('',*,*,#8467,.T.);
#4543=ORIENTED_EDGE('',*,*,#7878,.F.);
#4544=ORIENTED_EDGE('',*,*,#8468,.T.);
#4545=ORIENTED_EDGE('',*,*,#8469,.T.);
#4546=ORIENTED_EDGE('',*,*,#8470,.F.);
#4547=ORIENTED_EDGE('',*,*,#8468,.F.);
#4548=ORIENTED_EDGE('',*,*,#7877,.T.);
#4549=ORIENTED_EDGE('',*,*,#8460,.F.);
#4550=ORIENTED_EDGE('',*,*,#8471,.F.);
#4551=ORIENTED_EDGE('',*,*,#8461,.F.);
#4552=ORIENTED_EDGE('',*,*,#7882,.T.);
#4553=ORIENTED_EDGE('',*,*,#8467,.F.);
#4554=ORIENTED_EDGE('',*,*,#7879,.F.);
#4555=ORIENTED_EDGE('',*,*,#8470,.T.);
#4556=ORIENTED_EDGE('',*,*,#8472,.T.);
#4557=ORIENTED_EDGE('',*,*,#8464,.T.);
#4558=ORIENTED_EDGE('',*,*,#7880,.F.);
#4559=ORIENTED_EDGE('',*,*,#8463,.T.);
#4560=ORIENTED_EDGE('',*,*,#8466,.T.);
#4561=ORIENTED_EDGE('',*,*,#8472,.F.);
#4562=ORIENTED_EDGE('',*,*,#8469,.F.);
#4563=ORIENTED_EDGE('',*,*,#8471,.T.);
#4564=ORIENTED_EDGE('',*,*,#8465,.T.);
#4565=ORIENTED_EDGE('',*,*,#8473,.T.);
#4566=ORIENTED_EDGE('',*,*,#8474,.T.);
#4567=ORIENTED_EDGE('',*,*,#8475,.T.);
#4568=ORIENTED_EDGE('',*,*,#8476,.F.);
#4569=ORIENTED_EDGE('',*,*,#8477,.F.);
#4570=ORIENTED_EDGE('',*,*,#8478,.F.);
#4571=ORIENTED_EDGE('',*,*,#7835,.F.);
#4572=ORIENTED_EDGE('',*,*,#8479,.F.);
#4573=ORIENTED_EDGE('',*,*,#8475,.F.);
#4574=ORIENTED_EDGE('',*,*,#8480,.T.);
#4575=ORIENTED_EDGE('',*,*,#7832,.F.);
#4576=ORIENTED_EDGE('',*,*,#8481,.T.);
#4577=ORIENTED_EDGE('',*,*,#8482,.T.);
#4578=ORIENTED_EDGE('',*,*,#8483,.F.);
#4579=ORIENTED_EDGE('',*,*,#8481,.F.);
#4580=ORIENTED_EDGE('',*,*,#7831,.T.);
#4581=ORIENTED_EDGE('',*,*,#8473,.F.);
#4582=ORIENTED_EDGE('',*,*,#8484,.F.);
#4583=ORIENTED_EDGE('',*,*,#8474,.F.);
#4584=ORIENTED_EDGE('',*,*,#7836,.T.);
#4585=ORIENTED_EDGE('',*,*,#8480,.F.);
#4586=ORIENTED_EDGE('',*,*,#7833,.F.);
#4587=ORIENTED_EDGE('',*,*,#8483,.T.);
#4588=ORIENTED_EDGE('',*,*,#8485,.T.);
#4589=ORIENTED_EDGE('',*,*,#8477,.T.);
#4590=ORIENTED_EDGE('',*,*,#7834,.F.);
#4591=ORIENTED_EDGE('',*,*,#8476,.T.);
#4592=ORIENTED_EDGE('',*,*,#8479,.T.);
#4593=ORIENTED_EDGE('',*,*,#8485,.F.);
#4594=ORIENTED_EDGE('',*,*,#8482,.F.);
#4595=ORIENTED_EDGE('',*,*,#8484,.T.);
#4596=ORIENTED_EDGE('',*,*,#8478,.T.);
#4597=ORIENTED_EDGE('',*,*,#8486,.T.);
#4598=ORIENTED_EDGE('',*,*,#8487,.T.);
#4599=ORIENTED_EDGE('',*,*,#8488,.T.);
#4600=ORIENTED_EDGE('',*,*,#8489,.F.);
#4601=ORIENTED_EDGE('',*,*,#8490,.F.);
#4602=ORIENTED_EDGE('',*,*,#8491,.F.);
#4603=ORIENTED_EDGE('',*,*,#7887,.F.);
#4604=ORIENTED_EDGE('',*,*,#8492,.F.);
#4605=ORIENTED_EDGE('',*,*,#8488,.F.);
#4606=ORIENTED_EDGE('',*,*,#8493,.T.);
#4607=ORIENTED_EDGE('',*,*,#7884,.F.);
#4608=ORIENTED_EDGE('',*,*,#8494,.T.);
#4609=ORIENTED_EDGE('',*,*,#8495,.T.);
#4610=ORIENTED_EDGE('',*,*,#8496,.F.);
#4611=ORIENTED_EDGE('',*,*,#8494,.F.);
#4612=ORIENTED_EDGE('',*,*,#7883,.T.);
#4613=ORIENTED_EDGE('',*,*,#8486,.F.);
#4614=ORIENTED_EDGE('',*,*,#8497,.F.);
#4615=ORIENTED_EDGE('',*,*,#8487,.F.);
#4616=ORIENTED_EDGE('',*,*,#7888,.T.);
#4617=ORIENTED_EDGE('',*,*,#8493,.F.);
#4618=ORIENTED_EDGE('',*,*,#7885,.F.);
#4619=ORIENTED_EDGE('',*,*,#8496,.T.);
#4620=ORIENTED_EDGE('',*,*,#8498,.T.);
#4621=ORIENTED_EDGE('',*,*,#8490,.T.);
#4622=ORIENTED_EDGE('',*,*,#7886,.F.);
#4623=ORIENTED_EDGE('',*,*,#8489,.T.);
#4624=ORIENTED_EDGE('',*,*,#8492,.T.);
#4625=ORIENTED_EDGE('',*,*,#8498,.F.);
#4626=ORIENTED_EDGE('',*,*,#8495,.F.);
#4627=ORIENTED_EDGE('',*,*,#8497,.T.);
#4628=ORIENTED_EDGE('',*,*,#8491,.T.);
#4629=ORIENTED_EDGE('',*,*,#8499,.T.);
#4630=ORIENTED_EDGE('',*,*,#8500,.T.);
#4631=ORIENTED_EDGE('',*,*,#8501,.T.);
#4632=ORIENTED_EDGE('',*,*,#8502,.F.);
#4633=ORIENTED_EDGE('',*,*,#8503,.F.);
#4634=ORIENTED_EDGE('',*,*,#8504,.F.);
#4635=ORIENTED_EDGE('',*,*,#7829,.F.);
#4636=ORIENTED_EDGE('',*,*,#8505,.F.);
#4637=ORIENTED_EDGE('',*,*,#8501,.F.);
#4638=ORIENTED_EDGE('',*,*,#8506,.T.);
#4639=ORIENTED_EDGE('',*,*,#7826,.F.);
#4640=ORIENTED_EDGE('',*,*,#8507,.T.);
#4641=ORIENTED_EDGE('',*,*,#8508,.T.);
#4642=ORIENTED_EDGE('',*,*,#8509,.F.);
#4643=ORIENTED_EDGE('',*,*,#8507,.F.);
#4644=ORIENTED_EDGE('',*,*,#7825,.T.);
#4645=ORIENTED_EDGE('',*,*,#8499,.F.);
#4646=ORIENTED_EDGE('',*,*,#8510,.F.);
#4647=ORIENTED_EDGE('',*,*,#8500,.F.);
#4648=ORIENTED_EDGE('',*,*,#7830,.T.);
#4649=ORIENTED_EDGE('',*,*,#8506,.F.);
#4650=ORIENTED_EDGE('',*,*,#7827,.F.);
#4651=ORIENTED_EDGE('',*,*,#8509,.T.);
#4652=ORIENTED_EDGE('',*,*,#8511,.T.);
#4653=ORIENTED_EDGE('',*,*,#8503,.T.);
#4654=ORIENTED_EDGE('',*,*,#7828,.F.);
#4655=ORIENTED_EDGE('',*,*,#8502,.T.);
#4656=ORIENTED_EDGE('',*,*,#8505,.T.);
#4657=ORIENTED_EDGE('',*,*,#8511,.F.);
#4658=ORIENTED_EDGE('',*,*,#8508,.F.);
#4659=ORIENTED_EDGE('',*,*,#8510,.T.);
#4660=ORIENTED_EDGE('',*,*,#8504,.T.);
#4661=ORIENTED_EDGE('',*,*,#8512,.T.);
#4662=ORIENTED_EDGE('',*,*,#8513,.T.);
#4663=ORIENTED_EDGE('',*,*,#8514,.T.);
#4664=ORIENTED_EDGE('',*,*,#8515,.F.);
#4665=ORIENTED_EDGE('',*,*,#8516,.F.);
#4666=ORIENTED_EDGE('',*,*,#8517,.F.);
#4667=ORIENTED_EDGE('',*,*,#7893,.F.);
#4668=ORIENTED_EDGE('',*,*,#8518,.F.);
#4669=ORIENTED_EDGE('',*,*,#8514,.F.);
#4670=ORIENTED_EDGE('',*,*,#8519,.T.);
#4671=ORIENTED_EDGE('',*,*,#7890,.F.);
#4672=ORIENTED_EDGE('',*,*,#8520,.T.);
#4673=ORIENTED_EDGE('',*,*,#8521,.T.);
#4674=ORIENTED_EDGE('',*,*,#8522,.F.);
#4675=ORIENTED_EDGE('',*,*,#8520,.F.);
#4676=ORIENTED_EDGE('',*,*,#7889,.T.);
#4677=ORIENTED_EDGE('',*,*,#8512,.F.);
#4678=ORIENTED_EDGE('',*,*,#8523,.F.);
#4679=ORIENTED_EDGE('',*,*,#8513,.F.);
#4680=ORIENTED_EDGE('',*,*,#7894,.T.);
#4681=ORIENTED_EDGE('',*,*,#8519,.F.);
#4682=ORIENTED_EDGE('',*,*,#7891,.F.);
#4683=ORIENTED_EDGE('',*,*,#8522,.T.);
#4684=ORIENTED_EDGE('',*,*,#8524,.T.);
#4685=ORIENTED_EDGE('',*,*,#8516,.T.);
#4686=ORIENTED_EDGE('',*,*,#7892,.F.);
#4687=ORIENTED_EDGE('',*,*,#8515,.T.);
#4688=ORIENTED_EDGE('',*,*,#8518,.T.);
#4689=ORIENTED_EDGE('',*,*,#8524,.F.);
#4690=ORIENTED_EDGE('',*,*,#8521,.F.);
#4691=ORIENTED_EDGE('',*,*,#8523,.T.);
#4692=ORIENTED_EDGE('',*,*,#8517,.T.);
#4693=ORIENTED_EDGE('',*,*,#8525,.T.);
#4694=ORIENTED_EDGE('',*,*,#8526,.T.);
#4695=ORIENTED_EDGE('',*,*,#8527,.T.);
#4696=ORIENTED_EDGE('',*,*,#8528,.F.);
#4697=ORIENTED_EDGE('',*,*,#8529,.F.);
#4698=ORIENTED_EDGE('',*,*,#8530,.F.);
#4699=ORIENTED_EDGE('',*,*,#7823,.F.);
#4700=ORIENTED_EDGE('',*,*,#8531,.F.);
#4701=ORIENTED_EDGE('',*,*,#8527,.F.);
#4702=ORIENTED_EDGE('',*,*,#8532,.T.);
#4703=ORIENTED_EDGE('',*,*,#7820,.F.);
#4704=ORIENTED_EDGE('',*,*,#8533,.T.);
#4705=ORIENTED_EDGE('',*,*,#8534,.T.);
#4706=ORIENTED_EDGE('',*,*,#8535,.F.);
#4707=ORIENTED_EDGE('',*,*,#8533,.F.);
#4708=ORIENTED_EDGE('',*,*,#7819,.T.);
#4709=ORIENTED_EDGE('',*,*,#8525,.F.);
#4710=ORIENTED_EDGE('',*,*,#8536,.F.);
#4711=ORIENTED_EDGE('',*,*,#8526,.F.);
#4712=ORIENTED_EDGE('',*,*,#7824,.T.);
#4713=ORIENTED_EDGE('',*,*,#8532,.F.);
#4714=ORIENTED_EDGE('',*,*,#7821,.F.);
#4715=ORIENTED_EDGE('',*,*,#8535,.T.);
#4716=ORIENTED_EDGE('',*,*,#8537,.T.);
#4717=ORIENTED_EDGE('',*,*,#8529,.T.);
#4718=ORIENTED_EDGE('',*,*,#7822,.F.);
#4719=ORIENTED_EDGE('',*,*,#8528,.T.);
#4720=ORIENTED_EDGE('',*,*,#8531,.T.);
#4721=ORIENTED_EDGE('',*,*,#8537,.F.);
#4722=ORIENTED_EDGE('',*,*,#8534,.F.);
#4723=ORIENTED_EDGE('',*,*,#8536,.T.);
#4724=ORIENTED_EDGE('',*,*,#8530,.T.);
#4725=ORIENTED_EDGE('',*,*,#8538,.T.);
#4726=ORIENTED_EDGE('',*,*,#8539,.T.);
#4727=ORIENTED_EDGE('',*,*,#8540,.T.);
#4728=ORIENTED_EDGE('',*,*,#8541,.F.);
#4729=ORIENTED_EDGE('',*,*,#8542,.F.);
#4730=ORIENTED_EDGE('',*,*,#8543,.F.);
#4731=ORIENTED_EDGE('',*,*,#7899,.F.);
#4732=ORIENTED_EDGE('',*,*,#8544,.F.);
#4733=ORIENTED_EDGE('',*,*,#8540,.F.);
#4734=ORIENTED_EDGE('',*,*,#8545,.T.);
#4735=ORIENTED_EDGE('',*,*,#7896,.F.);
#4736=ORIENTED_EDGE('',*,*,#8546,.T.);
#4737=ORIENTED_EDGE('',*,*,#8547,.T.);
#4738=ORIENTED_EDGE('',*,*,#8548,.F.);
#4739=ORIENTED_EDGE('',*,*,#8546,.F.);
#4740=ORIENTED_EDGE('',*,*,#7895,.T.);
#4741=ORIENTED_EDGE('',*,*,#8538,.F.);
#4742=ORIENTED_EDGE('',*,*,#8549,.F.);
#4743=ORIENTED_EDGE('',*,*,#8539,.F.);
#4744=ORIENTED_EDGE('',*,*,#7900,.T.);
#4745=ORIENTED_EDGE('',*,*,#8545,.F.);
#4746=ORIENTED_EDGE('',*,*,#7897,.F.);
#4747=ORIENTED_EDGE('',*,*,#8548,.T.);
#4748=ORIENTED_EDGE('',*,*,#8550,.T.);
#4749=ORIENTED_EDGE('',*,*,#8542,.T.);
#4750=ORIENTED_EDGE('',*,*,#7898,.F.);
#4751=ORIENTED_EDGE('',*,*,#8541,.T.);
#4752=ORIENTED_EDGE('',*,*,#8544,.T.);
#4753=ORIENTED_EDGE('',*,*,#8550,.F.);
#4754=ORIENTED_EDGE('',*,*,#8547,.F.);
#4755=ORIENTED_EDGE('',*,*,#8549,.T.);
#4756=ORIENTED_EDGE('',*,*,#8543,.T.);
#4757=ORIENTED_EDGE('',*,*,#8551,.T.);
#4758=ORIENTED_EDGE('',*,*,#8552,.T.);
#4759=ORIENTED_EDGE('',*,*,#8553,.T.);
#4760=ORIENTED_EDGE('',*,*,#8554,.F.);
#4761=ORIENTED_EDGE('',*,*,#8555,.F.);
#4762=ORIENTED_EDGE('',*,*,#8556,.F.);
#4763=ORIENTED_EDGE('',*,*,#7817,.F.);
#4764=ORIENTED_EDGE('',*,*,#8557,.F.);
#4765=ORIENTED_EDGE('',*,*,#8553,.F.);
#4766=ORIENTED_EDGE('',*,*,#8558,.T.);
#4767=ORIENTED_EDGE('',*,*,#7814,.F.);
#4768=ORIENTED_EDGE('',*,*,#8559,.T.);
#4769=ORIENTED_EDGE('',*,*,#8560,.T.);
#4770=ORIENTED_EDGE('',*,*,#8561,.F.);
#4771=ORIENTED_EDGE('',*,*,#8559,.F.);
#4772=ORIENTED_EDGE('',*,*,#7813,.T.);
#4773=ORIENTED_EDGE('',*,*,#8551,.F.);
#4774=ORIENTED_EDGE('',*,*,#8562,.F.);
#4775=ORIENTED_EDGE('',*,*,#8552,.F.);
#4776=ORIENTED_EDGE('',*,*,#7818,.T.);
#4777=ORIENTED_EDGE('',*,*,#8558,.F.);
#4778=ORIENTED_EDGE('',*,*,#7815,.F.);
#4779=ORIENTED_EDGE('',*,*,#8561,.T.);
#4780=ORIENTED_EDGE('',*,*,#8563,.T.);
#4781=ORIENTED_EDGE('',*,*,#8555,.T.);
#4782=ORIENTED_EDGE('',*,*,#7816,.F.);
#4783=ORIENTED_EDGE('',*,*,#8554,.T.);
#4784=ORIENTED_EDGE('',*,*,#8557,.T.);
#4785=ORIENTED_EDGE('',*,*,#8563,.F.);
#4786=ORIENTED_EDGE('',*,*,#8560,.F.);
#4787=ORIENTED_EDGE('',*,*,#8562,.T.);
#4788=ORIENTED_EDGE('',*,*,#8556,.T.);
#4789=ORIENTED_EDGE('',*,*,#8564,.T.);
#4790=ORIENTED_EDGE('',*,*,#8565,.T.);
#4791=ORIENTED_EDGE('',*,*,#8566,.T.);
#4792=ORIENTED_EDGE('',*,*,#8567,.F.);
#4793=ORIENTED_EDGE('',*,*,#8568,.F.);
#4794=ORIENTED_EDGE('',*,*,#8569,.F.);
#4795=ORIENTED_EDGE('',*,*,#7905,.F.);
#4796=ORIENTED_EDGE('',*,*,#8570,.F.);
#4797=ORIENTED_EDGE('',*,*,#8566,.F.);
#4798=ORIENTED_EDGE('',*,*,#8571,.T.);
#4799=ORIENTED_EDGE('',*,*,#7902,.F.);
#4800=ORIENTED_EDGE('',*,*,#8572,.T.);
#4801=ORIENTED_EDGE('',*,*,#8573,.T.);
#4802=ORIENTED_EDGE('',*,*,#8574,.F.);
#4803=ORIENTED_EDGE('',*,*,#8572,.F.);
#4804=ORIENTED_EDGE('',*,*,#7901,.T.);
#4805=ORIENTED_EDGE('',*,*,#8564,.F.);
#4806=ORIENTED_EDGE('',*,*,#8575,.F.);
#4807=ORIENTED_EDGE('',*,*,#8565,.F.);
#4808=ORIENTED_EDGE('',*,*,#7906,.T.);
#4809=ORIENTED_EDGE('',*,*,#8571,.F.);
#4810=ORIENTED_EDGE('',*,*,#7903,.F.);
#4811=ORIENTED_EDGE('',*,*,#8574,.T.);
#4812=ORIENTED_EDGE('',*,*,#8576,.T.);
#4813=ORIENTED_EDGE('',*,*,#8568,.T.);
#4814=ORIENTED_EDGE('',*,*,#7904,.F.);
#4815=ORIENTED_EDGE('',*,*,#8567,.T.);
#4816=ORIENTED_EDGE('',*,*,#8570,.T.);
#4817=ORIENTED_EDGE('',*,*,#8576,.F.);
#4818=ORIENTED_EDGE('',*,*,#8573,.F.);
#4819=ORIENTED_EDGE('',*,*,#8575,.T.);
#4820=ORIENTED_EDGE('',*,*,#8569,.T.);
#4821=ORIENTED_EDGE('',*,*,#8117,.F.);
#4822=ORIENTED_EDGE('',*,*,#8577,.T.);
#4823=ORIENTED_EDGE('',*,*,#8578,.T.);
#4824=ORIENTED_EDGE('',*,*,#8579,.F.);
#4825=ORIENTED_EDGE('',*,*,#8115,.F.);
#4826=ORIENTED_EDGE('',*,*,#8580,.F.);
#4827=ORIENTED_EDGE('',*,*,#8581,.F.);
#4828=ORIENTED_EDGE('',*,*,#8582,.T.);
#4829=ORIENTED_EDGE('',*,*,#8116,.F.);
#4830=ORIENTED_EDGE('',*,*,#8582,.F.);
#4831=ORIENTED_EDGE('',*,*,#8583,.F.);
#4832=ORIENTED_EDGE('',*,*,#8584,.F.);
#4833=ORIENTED_EDGE('',*,*,#8577,.F.);
#4834=ORIENTED_EDGE('',*,*,#8580,.T.);
#4835=ORIENTED_EDGE('',*,*,#8118,.T.);
#4836=ORIENTED_EDGE('',*,*,#8579,.T.);
#4837=ORIENTED_EDGE('',*,*,#8585,.T.);
#4838=ORIENTED_EDGE('',*,*,#8586,.T.);
#4839=ORIENTED_EDGE('',*,*,#8585,.F.);
#4840=ORIENTED_EDGE('',*,*,#8578,.F.);
#4841=ORIENTED_EDGE('',*,*,#8584,.T.);
#4842=ORIENTED_EDGE('',*,*,#8587,.T.);
#4843=ORIENTED_EDGE('',*,*,#8586,.F.);
#4844=ORIENTED_EDGE('',*,*,#8587,.F.);
#4845=ORIENTED_EDGE('',*,*,#8583,.T.);
#4846=ORIENTED_EDGE('',*,*,#8581,.T.);
#4847=ORIENTED_EDGE('',*,*,#8113,.F.);
#4848=ORIENTED_EDGE('',*,*,#8588,.T.);
#4849=ORIENTED_EDGE('',*,*,#8589,.T.);
#4850=ORIENTED_EDGE('',*,*,#8590,.F.);
#4851=ORIENTED_EDGE('',*,*,#8111,.F.);
#4852=ORIENTED_EDGE('',*,*,#8591,.F.);
#4853=ORIENTED_EDGE('',*,*,#8592,.F.);
#4854=ORIENTED_EDGE('',*,*,#8593,.T.);
#4855=ORIENTED_EDGE('',*,*,#8112,.F.);
#4856=ORIENTED_EDGE('',*,*,#8593,.F.);
#4857=ORIENTED_EDGE('',*,*,#8594,.F.);
#4858=ORIENTED_EDGE('',*,*,#8595,.F.);
#4859=ORIENTED_EDGE('',*,*,#8588,.F.);
#4860=ORIENTED_EDGE('',*,*,#8591,.T.);
#4861=ORIENTED_EDGE('',*,*,#8114,.T.);
#4862=ORIENTED_EDGE('',*,*,#8590,.T.);
#4863=ORIENTED_EDGE('',*,*,#8596,.T.);
#4864=ORIENTED_EDGE('',*,*,#8597,.T.);
#4865=ORIENTED_EDGE('',*,*,#8596,.F.);
#4866=ORIENTED_EDGE('',*,*,#8589,.F.);
#4867=ORIENTED_EDGE('',*,*,#8595,.T.);
#4868=ORIENTED_EDGE('',*,*,#8598,.T.);
#4869=ORIENTED_EDGE('',*,*,#8597,.F.);
#4870=ORIENTED_EDGE('',*,*,#8598,.F.);
#4871=ORIENTED_EDGE('',*,*,#8594,.T.);
#4872=ORIENTED_EDGE('',*,*,#8592,.T.);
#4873=ORIENTED_EDGE('',*,*,#8109,.F.);
#4874=ORIENTED_EDGE('',*,*,#8599,.T.);
#4875=ORIENTED_EDGE('',*,*,#8600,.T.);
#4876=ORIENTED_EDGE('',*,*,#8601,.F.);
#4877=ORIENTED_EDGE('',*,*,#8107,.F.);
#4878=ORIENTED_EDGE('',*,*,#8602,.F.);
#4879=ORIENTED_EDGE('',*,*,#8603,.F.);
#4880=ORIENTED_EDGE('',*,*,#8604,.T.);
#4881=ORIENTED_EDGE('',*,*,#8108,.F.);
#4882=ORIENTED_EDGE('',*,*,#8604,.F.);
#4883=ORIENTED_EDGE('',*,*,#8605,.F.);
#4884=ORIENTED_EDGE('',*,*,#8606,.F.);
#4885=ORIENTED_EDGE('',*,*,#8599,.F.);
#4886=ORIENTED_EDGE('',*,*,#8602,.T.);
#4887=ORIENTED_EDGE('',*,*,#8110,.T.);
#4888=ORIENTED_EDGE('',*,*,#8601,.T.);
#4889=ORIENTED_EDGE('',*,*,#8607,.T.);
#4890=ORIENTED_EDGE('',*,*,#8608,.T.);
#4891=ORIENTED_EDGE('',*,*,#8607,.F.);
#4892=ORIENTED_EDGE('',*,*,#8600,.F.);
#4893=ORIENTED_EDGE('',*,*,#8606,.T.);
#4894=ORIENTED_EDGE('',*,*,#8609,.T.);
#4895=ORIENTED_EDGE('',*,*,#8608,.F.);
#4896=ORIENTED_EDGE('',*,*,#8609,.F.);
#4897=ORIENTED_EDGE('',*,*,#8605,.T.);
#4898=ORIENTED_EDGE('',*,*,#8603,.T.);
#4899=ORIENTED_EDGE('',*,*,#8105,.F.);
#4900=ORIENTED_EDGE('',*,*,#8610,.T.);
#4901=ORIENTED_EDGE('',*,*,#8611,.T.);
#4902=ORIENTED_EDGE('',*,*,#8612,.F.);
#4903=ORIENTED_EDGE('',*,*,#8103,.F.);
#4904=ORIENTED_EDGE('',*,*,#8613,.F.);
#4905=ORIENTED_EDGE('',*,*,#8614,.F.);
#4906=ORIENTED_EDGE('',*,*,#8615,.T.);
#4907=ORIENTED_EDGE('',*,*,#8104,.F.);
#4908=ORIENTED_EDGE('',*,*,#8615,.F.);
#4909=ORIENTED_EDGE('',*,*,#8616,.F.);
#4910=ORIENTED_EDGE('',*,*,#8617,.F.);
#4911=ORIENTED_EDGE('',*,*,#8610,.F.);
#4912=ORIENTED_EDGE('',*,*,#8613,.T.);
#4913=ORIENTED_EDGE('',*,*,#8106,.T.);
#4914=ORIENTED_EDGE('',*,*,#8612,.T.);
#4915=ORIENTED_EDGE('',*,*,#8618,.T.);
#4916=ORIENTED_EDGE('',*,*,#8619,.T.);
#4917=ORIENTED_EDGE('',*,*,#8618,.F.);
#4918=ORIENTED_EDGE('',*,*,#8611,.F.);
#4919=ORIENTED_EDGE('',*,*,#8617,.T.);
#4920=ORIENTED_EDGE('',*,*,#8620,.T.);
#4921=ORIENTED_EDGE('',*,*,#8619,.F.);
#4922=ORIENTED_EDGE('',*,*,#8620,.F.);
#4923=ORIENTED_EDGE('',*,*,#8616,.T.);
#4924=ORIENTED_EDGE('',*,*,#8614,.T.);
#4925=ORIENTED_EDGE('',*,*,#8101,.F.);
#4926=ORIENTED_EDGE('',*,*,#8621,.T.);
#4927=ORIENTED_EDGE('',*,*,#8622,.T.);
#4928=ORIENTED_EDGE('',*,*,#8623,.F.);
#4929=ORIENTED_EDGE('',*,*,#8099,.F.);
#4930=ORIENTED_EDGE('',*,*,#8624,.F.);
#4931=ORIENTED_EDGE('',*,*,#8625,.F.);
#4932=ORIENTED_EDGE('',*,*,#8626,.T.);
#4933=ORIENTED_EDGE('',*,*,#8100,.F.);
#4934=ORIENTED_EDGE('',*,*,#8626,.F.);
#4935=ORIENTED_EDGE('',*,*,#8627,.F.);
#4936=ORIENTED_EDGE('',*,*,#8628,.F.);
#4937=ORIENTED_EDGE('',*,*,#8621,.F.);
#4938=ORIENTED_EDGE('',*,*,#8624,.T.);
#4939=ORIENTED_EDGE('',*,*,#8102,.T.);
#4940=ORIENTED_EDGE('',*,*,#8623,.T.);
#4941=ORIENTED_EDGE('',*,*,#8629,.T.);
#4942=ORIENTED_EDGE('',*,*,#8630,.T.);
#4943=ORIENTED_EDGE('',*,*,#8629,.F.);
#4944=ORIENTED_EDGE('',*,*,#8622,.F.);
#4945=ORIENTED_EDGE('',*,*,#8628,.T.);
#4946=ORIENTED_EDGE('',*,*,#8631,.T.);
#4947=ORIENTED_EDGE('',*,*,#8630,.F.);
#4948=ORIENTED_EDGE('',*,*,#8631,.F.);
#4949=ORIENTED_EDGE('',*,*,#8627,.T.);
#4950=ORIENTED_EDGE('',*,*,#8625,.T.);
#4951=ORIENTED_EDGE('',*,*,#8097,.F.);
#4952=ORIENTED_EDGE('',*,*,#8632,.T.);
#4953=ORIENTED_EDGE('',*,*,#8633,.T.);
#4954=ORIENTED_EDGE('',*,*,#8634,.F.);
#4955=ORIENTED_EDGE('',*,*,#8095,.F.);
#4956=ORIENTED_EDGE('',*,*,#8635,.F.);
#4957=ORIENTED_EDGE('',*,*,#8636,.F.);
#4958=ORIENTED_EDGE('',*,*,#8637,.T.);
#4959=ORIENTED_EDGE('',*,*,#8096,.F.);
#4960=ORIENTED_EDGE('',*,*,#8637,.F.);
#4961=ORIENTED_EDGE('',*,*,#8638,.F.);
#4962=ORIENTED_EDGE('',*,*,#8639,.F.);
#4963=ORIENTED_EDGE('',*,*,#8632,.F.);
#4964=ORIENTED_EDGE('',*,*,#8635,.T.);
#4965=ORIENTED_EDGE('',*,*,#8098,.T.);
#4966=ORIENTED_EDGE('',*,*,#8634,.T.);
#4967=ORIENTED_EDGE('',*,*,#8640,.T.);
#4968=ORIENTED_EDGE('',*,*,#8641,.T.);
#4969=ORIENTED_EDGE('',*,*,#8640,.F.);
#4970=ORIENTED_EDGE('',*,*,#8633,.F.);
#4971=ORIENTED_EDGE('',*,*,#8639,.T.);
#4972=ORIENTED_EDGE('',*,*,#8642,.T.);
#4973=ORIENTED_EDGE('',*,*,#8641,.F.);
#4974=ORIENTED_EDGE('',*,*,#8642,.F.);
#4975=ORIENTED_EDGE('',*,*,#8638,.T.);
#4976=ORIENTED_EDGE('',*,*,#8636,.T.);
#4977=ORIENTED_EDGE('',*,*,#8093,.F.);
#4978=ORIENTED_EDGE('',*,*,#8643,.T.);
#4979=ORIENTED_EDGE('',*,*,#8644,.T.);
#4980=ORIENTED_EDGE('',*,*,#8645,.F.);
#4981=ORIENTED_EDGE('',*,*,#8091,.F.);
#4982=ORIENTED_EDGE('',*,*,#8646,.F.);
#4983=ORIENTED_EDGE('',*,*,#8647,.F.);
#4984=ORIENTED_EDGE('',*,*,#8648,.T.);
#4985=ORIENTED_EDGE('',*,*,#8092,.F.);
#4986=ORIENTED_EDGE('',*,*,#8648,.F.);
#4987=ORIENTED_EDGE('',*,*,#8649,.F.);
#4988=ORIENTED_EDGE('',*,*,#8650,.F.);
#4989=ORIENTED_EDGE('',*,*,#8643,.F.);
#4990=ORIENTED_EDGE('',*,*,#8646,.T.);
#4991=ORIENTED_EDGE('',*,*,#8094,.T.);
#4992=ORIENTED_EDGE('',*,*,#8645,.T.);
#4993=ORIENTED_EDGE('',*,*,#8651,.T.);
#4994=ORIENTED_EDGE('',*,*,#8652,.T.);
#4995=ORIENTED_EDGE('',*,*,#8651,.F.);
#4996=ORIENTED_EDGE('',*,*,#8644,.F.);
#4997=ORIENTED_EDGE('',*,*,#8650,.T.);
#4998=ORIENTED_EDGE('',*,*,#8653,.T.);
#4999=ORIENTED_EDGE('',*,*,#8652,.F.);
#5000=ORIENTED_EDGE('',*,*,#8653,.F.);
#5001=ORIENTED_EDGE('',*,*,#8649,.T.);
#5002=ORIENTED_EDGE('',*,*,#8647,.T.);
#5003=ORIENTED_EDGE('',*,*,#8089,.F.);
#5004=ORIENTED_EDGE('',*,*,#8654,.T.);
#5005=ORIENTED_EDGE('',*,*,#8655,.T.);
#5006=ORIENTED_EDGE('',*,*,#8656,.F.);
#5007=ORIENTED_EDGE('',*,*,#8087,.F.);
#5008=ORIENTED_EDGE('',*,*,#8657,.F.);
#5009=ORIENTED_EDGE('',*,*,#8658,.F.);
#5010=ORIENTED_EDGE('',*,*,#8659,.T.);
#5011=ORIENTED_EDGE('',*,*,#8088,.F.);
#5012=ORIENTED_EDGE('',*,*,#8659,.F.);
#5013=ORIENTED_EDGE('',*,*,#8660,.F.);
#5014=ORIENTED_EDGE('',*,*,#8661,.F.);
#5015=ORIENTED_EDGE('',*,*,#8654,.F.);
#5016=ORIENTED_EDGE('',*,*,#8657,.T.);
#5017=ORIENTED_EDGE('',*,*,#8090,.T.);
#5018=ORIENTED_EDGE('',*,*,#8656,.T.);
#5019=ORIENTED_EDGE('',*,*,#8662,.T.);
#5020=ORIENTED_EDGE('',*,*,#8663,.T.);
#5021=ORIENTED_EDGE('',*,*,#8662,.F.);
#5022=ORIENTED_EDGE('',*,*,#8655,.F.);
#5023=ORIENTED_EDGE('',*,*,#8661,.T.);
#5024=ORIENTED_EDGE('',*,*,#8664,.T.);
#5025=ORIENTED_EDGE('',*,*,#8663,.F.);
#5026=ORIENTED_EDGE('',*,*,#8664,.F.);
#5027=ORIENTED_EDGE('',*,*,#8660,.T.);
#5028=ORIENTED_EDGE('',*,*,#8658,.T.);
#5029=ORIENTED_EDGE('',*,*,#8085,.F.);
#5030=ORIENTED_EDGE('',*,*,#8665,.T.);
#5031=ORIENTED_EDGE('',*,*,#8666,.T.);
#5032=ORIENTED_EDGE('',*,*,#8667,.F.);
#5033=ORIENTED_EDGE('',*,*,#8083,.F.);
#5034=ORIENTED_EDGE('',*,*,#8668,.F.);
#5035=ORIENTED_EDGE('',*,*,#8669,.F.);
#5036=ORIENTED_EDGE('',*,*,#8670,.T.);
#5037=ORIENTED_EDGE('',*,*,#8084,.F.);
#5038=ORIENTED_EDGE('',*,*,#8670,.F.);
#5039=ORIENTED_EDGE('',*,*,#8671,.F.);
#5040=ORIENTED_EDGE('',*,*,#8672,.F.);
#5041=ORIENTED_EDGE('',*,*,#8665,.F.);
#5042=ORIENTED_EDGE('',*,*,#8668,.T.);
#5043=ORIENTED_EDGE('',*,*,#8086,.T.);
#5044=ORIENTED_EDGE('',*,*,#8667,.T.);
#5045=ORIENTED_EDGE('',*,*,#8673,.T.);
#5046=ORIENTED_EDGE('',*,*,#8674,.T.);
#5047=ORIENTED_EDGE('',*,*,#8673,.F.);
#5048=ORIENTED_EDGE('',*,*,#8666,.F.);
#5049=ORIENTED_EDGE('',*,*,#8672,.T.);
#5050=ORIENTED_EDGE('',*,*,#8675,.T.);
#5051=ORIENTED_EDGE('',*,*,#8674,.F.);
#5052=ORIENTED_EDGE('',*,*,#8675,.F.);
#5053=ORIENTED_EDGE('',*,*,#8671,.T.);
#5054=ORIENTED_EDGE('',*,*,#8669,.T.);
#5055=ORIENTED_EDGE('',*,*,#8081,.F.);
#5056=ORIENTED_EDGE('',*,*,#8676,.T.);
#5057=ORIENTED_EDGE('',*,*,#8677,.T.);
#5058=ORIENTED_EDGE('',*,*,#8678,.F.);
#5059=ORIENTED_EDGE('',*,*,#8079,.F.);
#5060=ORIENTED_EDGE('',*,*,#8679,.F.);
#5061=ORIENTED_EDGE('',*,*,#8680,.F.);
#5062=ORIENTED_EDGE('',*,*,#8681,.T.);
#5063=ORIENTED_EDGE('',*,*,#8080,.F.);
#5064=ORIENTED_EDGE('',*,*,#8681,.F.);
#5065=ORIENTED_EDGE('',*,*,#8682,.F.);
#5066=ORIENTED_EDGE('',*,*,#8683,.F.);
#5067=ORIENTED_EDGE('',*,*,#8676,.F.);
#5068=ORIENTED_EDGE('',*,*,#8679,.T.);
#5069=ORIENTED_EDGE('',*,*,#8082,.T.);
#5070=ORIENTED_EDGE('',*,*,#8678,.T.);
#5071=ORIENTED_EDGE('',*,*,#8684,.T.);
#5072=ORIENTED_EDGE('',*,*,#8685,.T.);
#5073=ORIENTED_EDGE('',*,*,#8684,.F.);
#5074=ORIENTED_EDGE('',*,*,#8677,.F.);
#5075=ORIENTED_EDGE('',*,*,#8683,.T.);
#5076=ORIENTED_EDGE('',*,*,#8686,.T.);
#5077=ORIENTED_EDGE('',*,*,#8685,.F.);
#5078=ORIENTED_EDGE('',*,*,#8686,.F.);
#5079=ORIENTED_EDGE('',*,*,#8682,.T.);
#5080=ORIENTED_EDGE('',*,*,#8680,.T.);
#5081=ORIENTED_EDGE('',*,*,#8077,.F.);
#5082=ORIENTED_EDGE('',*,*,#8687,.T.);
#5083=ORIENTED_EDGE('',*,*,#8688,.T.);
#5084=ORIENTED_EDGE('',*,*,#8689,.F.);
#5085=ORIENTED_EDGE('',*,*,#8075,.F.);
#5086=ORIENTED_EDGE('',*,*,#8690,.F.);
#5087=ORIENTED_EDGE('',*,*,#8691,.F.);
#5088=ORIENTED_EDGE('',*,*,#8692,.T.);
#5089=ORIENTED_EDGE('',*,*,#8076,.F.);
#5090=ORIENTED_EDGE('',*,*,#8692,.F.);
#5091=ORIENTED_EDGE('',*,*,#8693,.F.);
#5092=ORIENTED_EDGE('',*,*,#8694,.F.);
#5093=ORIENTED_EDGE('',*,*,#8687,.F.);
#5094=ORIENTED_EDGE('',*,*,#8690,.T.);
#5095=ORIENTED_EDGE('',*,*,#8078,.T.);
#5096=ORIENTED_EDGE('',*,*,#8689,.T.);
#5097=ORIENTED_EDGE('',*,*,#8695,.T.);
#5098=ORIENTED_EDGE('',*,*,#8696,.T.);
#5099=ORIENTED_EDGE('',*,*,#8695,.F.);
#5100=ORIENTED_EDGE('',*,*,#8688,.F.);
#5101=ORIENTED_EDGE('',*,*,#8694,.T.);
#5102=ORIENTED_EDGE('',*,*,#8697,.T.);
#5103=ORIENTED_EDGE('',*,*,#8696,.F.);
#5104=ORIENTED_EDGE('',*,*,#8697,.F.);
#5105=ORIENTED_EDGE('',*,*,#8693,.T.);
#5106=ORIENTED_EDGE('',*,*,#8691,.T.);
#5107=ORIENTED_EDGE('',*,*,#8073,.F.);
#5108=ORIENTED_EDGE('',*,*,#8698,.T.);
#5109=ORIENTED_EDGE('',*,*,#8699,.T.);
#5110=ORIENTED_EDGE('',*,*,#8700,.F.);
#5111=ORIENTED_EDGE('',*,*,#8071,.F.);
#5112=ORIENTED_EDGE('',*,*,#8701,.F.);
#5113=ORIENTED_EDGE('',*,*,#8702,.F.);
#5114=ORIENTED_EDGE('',*,*,#8703,.T.);
#5115=ORIENTED_EDGE('',*,*,#8072,.F.);
#5116=ORIENTED_EDGE('',*,*,#8703,.F.);
#5117=ORIENTED_EDGE('',*,*,#8704,.F.);
#5118=ORIENTED_EDGE('',*,*,#8705,.F.);
#5119=ORIENTED_EDGE('',*,*,#8698,.F.);
#5120=ORIENTED_EDGE('',*,*,#8701,.T.);
#5121=ORIENTED_EDGE('',*,*,#8074,.T.);
#5122=ORIENTED_EDGE('',*,*,#8700,.T.);
#5123=ORIENTED_EDGE('',*,*,#8706,.T.);
#5124=ORIENTED_EDGE('',*,*,#8707,.T.);
#5125=ORIENTED_EDGE('',*,*,#8706,.F.);
#5126=ORIENTED_EDGE('',*,*,#8699,.F.);
#5127=ORIENTED_EDGE('',*,*,#8705,.T.);
#5128=ORIENTED_EDGE('',*,*,#8708,.T.);
#5129=ORIENTED_EDGE('',*,*,#8707,.F.);
#5130=ORIENTED_EDGE('',*,*,#8708,.F.);
#5131=ORIENTED_EDGE('',*,*,#8704,.T.);
#5132=ORIENTED_EDGE('',*,*,#8702,.T.);
#5133=ORIENTED_EDGE('',*,*,#8069,.F.);
#5134=ORIENTED_EDGE('',*,*,#8709,.T.);
#5135=ORIENTED_EDGE('',*,*,#8710,.T.);
#5136=ORIENTED_EDGE('',*,*,#8711,.F.);
#5137=ORIENTED_EDGE('',*,*,#8067,.F.);
#5138=ORIENTED_EDGE('',*,*,#8712,.F.);
#5139=ORIENTED_EDGE('',*,*,#8713,.F.);
#5140=ORIENTED_EDGE('',*,*,#8714,.T.);
#5141=ORIENTED_EDGE('',*,*,#8068,.F.);
#5142=ORIENTED_EDGE('',*,*,#8714,.F.);
#5143=ORIENTED_EDGE('',*,*,#8715,.F.);
#5144=ORIENTED_EDGE('',*,*,#8716,.F.);
#5145=ORIENTED_EDGE('',*,*,#8709,.F.);
#5146=ORIENTED_EDGE('',*,*,#8712,.T.);
#5147=ORIENTED_EDGE('',*,*,#8070,.T.);
#5148=ORIENTED_EDGE('',*,*,#8711,.T.);
#5149=ORIENTED_EDGE('',*,*,#8717,.T.);
#5150=ORIENTED_EDGE('',*,*,#8718,.T.);
#5151=ORIENTED_EDGE('',*,*,#8717,.F.);
#5152=ORIENTED_EDGE('',*,*,#8710,.F.);
#5153=ORIENTED_EDGE('',*,*,#8716,.T.);
#5154=ORIENTED_EDGE('',*,*,#8719,.T.);
#5155=ORIENTED_EDGE('',*,*,#8718,.F.);
#5156=ORIENTED_EDGE('',*,*,#8719,.F.);
#5157=ORIENTED_EDGE('',*,*,#8715,.T.);
#5158=ORIENTED_EDGE('',*,*,#8713,.T.);
#5159=ORIENTED_EDGE('',*,*,#8065,.F.);
#5160=ORIENTED_EDGE('',*,*,#8720,.T.);
#5161=ORIENTED_EDGE('',*,*,#8721,.T.);
#5162=ORIENTED_EDGE('',*,*,#8722,.F.);
#5163=ORIENTED_EDGE('',*,*,#8063,.F.);
#5164=ORIENTED_EDGE('',*,*,#8723,.F.);
#5165=ORIENTED_EDGE('',*,*,#8724,.F.);
#5166=ORIENTED_EDGE('',*,*,#8725,.T.);
#5167=ORIENTED_EDGE('',*,*,#8064,.F.);
#5168=ORIENTED_EDGE('',*,*,#8725,.F.);
#5169=ORIENTED_EDGE('',*,*,#8726,.F.);
#5170=ORIENTED_EDGE('',*,*,#8727,.F.);
#5171=ORIENTED_EDGE('',*,*,#8720,.F.);
#5172=ORIENTED_EDGE('',*,*,#8723,.T.);
#5173=ORIENTED_EDGE('',*,*,#8066,.T.);
#5174=ORIENTED_EDGE('',*,*,#8722,.T.);
#5175=ORIENTED_EDGE('',*,*,#8728,.T.);
#5176=ORIENTED_EDGE('',*,*,#8729,.T.);
#5177=ORIENTED_EDGE('',*,*,#8728,.F.);
#5178=ORIENTED_EDGE('',*,*,#8721,.F.);
#5179=ORIENTED_EDGE('',*,*,#8727,.T.);
#5180=ORIENTED_EDGE('',*,*,#8730,.T.);
#5181=ORIENTED_EDGE('',*,*,#8729,.F.);
#5182=ORIENTED_EDGE('',*,*,#8730,.F.);
#5183=ORIENTED_EDGE('',*,*,#8726,.T.);
#5184=ORIENTED_EDGE('',*,*,#8724,.T.);
#5185=ORIENTED_EDGE('',*,*,#7776,.F.);
#5186=ORIENTED_EDGE('',*,*,#8731,.F.);
#5187=ORIENTED_EDGE('',*,*,#8732,.F.);
#5188=ORIENTED_EDGE('',*,*,#8733,.T.);
#5189=ORIENTED_EDGE('',*,*,#7774,.F.);
#5190=ORIENTED_EDGE('',*,*,#8734,.T.);
#5191=ORIENTED_EDGE('',*,*,#8735,.T.);
#5192=ORIENTED_EDGE('',*,*,#8736,.F.);
#5193=ORIENTED_EDGE('',*,*,#8734,.F.);
#5194=ORIENTED_EDGE('',*,*,#7773,.T.);
#5195=ORIENTED_EDGE('',*,*,#8733,.F.);
#5196=ORIENTED_EDGE('',*,*,#8737,.F.);
#5197=ORIENTED_EDGE('',*,*,#8738,.F.);
#5198=ORIENTED_EDGE('',*,*,#7775,.F.);
#5199=ORIENTED_EDGE('',*,*,#8736,.T.);
#5200=ORIENTED_EDGE('',*,*,#8739,.T.);
#5201=ORIENTED_EDGE('',*,*,#8740,.T.);
#5202=ORIENTED_EDGE('',*,*,#8731,.T.);
#5203=ORIENTED_EDGE('',*,*,#8740,.F.);
#5204=ORIENTED_EDGE('',*,*,#8741,.F.);
#5205=ORIENTED_EDGE('',*,*,#8737,.T.);
#5206=ORIENTED_EDGE('',*,*,#8732,.T.);
#5207=ORIENTED_EDGE('',*,*,#8739,.F.);
#5208=ORIENTED_EDGE('',*,*,#8735,.F.);
#5209=ORIENTED_EDGE('',*,*,#8738,.T.);
#5210=ORIENTED_EDGE('',*,*,#8741,.T.);
#5211=ORIENTED_EDGE('',*,*,#7788,.F.);
#5212=ORIENTED_EDGE('',*,*,#8742,.F.);
#5213=ORIENTED_EDGE('',*,*,#8743,.F.);
#5214=ORIENTED_EDGE('',*,*,#8744,.T.);
#5215=ORIENTED_EDGE('',*,*,#7786,.F.);
#5216=ORIENTED_EDGE('',*,*,#8745,.T.);
#5217=ORIENTED_EDGE('',*,*,#8746,.T.);
#5218=ORIENTED_EDGE('',*,*,#8747,.F.);
#5219=ORIENTED_EDGE('',*,*,#8745,.F.);
#5220=ORIENTED_EDGE('',*,*,#7785,.T.);
#5221=ORIENTED_EDGE('',*,*,#8744,.F.);
#5222=ORIENTED_EDGE('',*,*,#8748,.F.);
#5223=ORIENTED_EDGE('',*,*,#8749,.F.);
#5224=ORIENTED_EDGE('',*,*,#7787,.F.);
#5225=ORIENTED_EDGE('',*,*,#8747,.T.);
#5226=ORIENTED_EDGE('',*,*,#8750,.T.);
#5227=ORIENTED_EDGE('',*,*,#8751,.T.);
#5228=ORIENTED_EDGE('',*,*,#8742,.T.);
#5229=ORIENTED_EDGE('',*,*,#8751,.F.);
#5230=ORIENTED_EDGE('',*,*,#8752,.F.);
#5231=ORIENTED_EDGE('',*,*,#8748,.T.);
#5232=ORIENTED_EDGE('',*,*,#8743,.T.);
#5233=ORIENTED_EDGE('',*,*,#8750,.F.);
#5234=ORIENTED_EDGE('',*,*,#8746,.F.);
#5235=ORIENTED_EDGE('',*,*,#8749,.T.);
#5236=ORIENTED_EDGE('',*,*,#8752,.T.);
#5237=ORIENTED_EDGE('',*,*,#7772,.F.);
#5238=ORIENTED_EDGE('',*,*,#8753,.F.);
#5239=ORIENTED_EDGE('',*,*,#8754,.F.);
#5240=ORIENTED_EDGE('',*,*,#8755,.T.);
#5241=ORIENTED_EDGE('',*,*,#7770,.F.);
#5242=ORIENTED_EDGE('',*,*,#8756,.T.);
#5243=ORIENTED_EDGE('',*,*,#8757,.T.);
#5244=ORIENTED_EDGE('',*,*,#8758,.F.);
#5245=ORIENTED_EDGE('',*,*,#8756,.F.);
#5246=ORIENTED_EDGE('',*,*,#7769,.T.);
#5247=ORIENTED_EDGE('',*,*,#8755,.F.);
#5248=ORIENTED_EDGE('',*,*,#8759,.F.);
#5249=ORIENTED_EDGE('',*,*,#8760,.F.);
#5250=ORIENTED_EDGE('',*,*,#7771,.F.);
#5251=ORIENTED_EDGE('',*,*,#8758,.T.);
#5252=ORIENTED_EDGE('',*,*,#8761,.T.);
#5253=ORIENTED_EDGE('',*,*,#8762,.T.);
#5254=ORIENTED_EDGE('',*,*,#8753,.T.);
#5255=ORIENTED_EDGE('',*,*,#8762,.F.);
#5256=ORIENTED_EDGE('',*,*,#8763,.F.);
#5257=ORIENTED_EDGE('',*,*,#8759,.T.);
#5258=ORIENTED_EDGE('',*,*,#8754,.T.);
#5259=ORIENTED_EDGE('',*,*,#8761,.F.);
#5260=ORIENTED_EDGE('',*,*,#8757,.F.);
#5261=ORIENTED_EDGE('',*,*,#8760,.T.);
#5262=ORIENTED_EDGE('',*,*,#8763,.T.);
#5263=ORIENTED_EDGE('',*,*,#7792,.F.);
#5264=ORIENTED_EDGE('',*,*,#8764,.F.);
#5265=ORIENTED_EDGE('',*,*,#8765,.F.);
#5266=ORIENTED_EDGE('',*,*,#8766,.T.);
#5267=ORIENTED_EDGE('',*,*,#7790,.F.);
#5268=ORIENTED_EDGE('',*,*,#8767,.T.);
#5269=ORIENTED_EDGE('',*,*,#8768,.T.);
#5270=ORIENTED_EDGE('',*,*,#8769,.F.);
#5271=ORIENTED_EDGE('',*,*,#8767,.F.);
#5272=ORIENTED_EDGE('',*,*,#7789,.T.);
#5273=ORIENTED_EDGE('',*,*,#8766,.F.);
#5274=ORIENTED_EDGE('',*,*,#8770,.F.);
#5275=ORIENTED_EDGE('',*,*,#8771,.F.);
#5276=ORIENTED_EDGE('',*,*,#7791,.F.);
#5277=ORIENTED_EDGE('',*,*,#8769,.T.);
#5278=ORIENTED_EDGE('',*,*,#8772,.T.);
#5279=ORIENTED_EDGE('',*,*,#8773,.T.);
#5280=ORIENTED_EDGE('',*,*,#8764,.T.);
#5281=ORIENTED_EDGE('',*,*,#8773,.F.);
#5282=ORIENTED_EDGE('',*,*,#8774,.F.);
#5283=ORIENTED_EDGE('',*,*,#8770,.T.);
#5284=ORIENTED_EDGE('',*,*,#8765,.T.);
#5285=ORIENTED_EDGE('',*,*,#8772,.F.);
#5286=ORIENTED_EDGE('',*,*,#8768,.F.);
#5287=ORIENTED_EDGE('',*,*,#8771,.T.);
#5288=ORIENTED_EDGE('',*,*,#8774,.T.);
#5289=ORIENTED_EDGE('',*,*,#7768,.F.);
#5290=ORIENTED_EDGE('',*,*,#8775,.F.);
#5291=ORIENTED_EDGE('',*,*,#8776,.F.);
#5292=ORIENTED_EDGE('',*,*,#8777,.T.);
#5293=ORIENTED_EDGE('',*,*,#7766,.F.);
#5294=ORIENTED_EDGE('',*,*,#8778,.T.);
#5295=ORIENTED_EDGE('',*,*,#8779,.T.);
#5296=ORIENTED_EDGE('',*,*,#8780,.F.);
#5297=ORIENTED_EDGE('',*,*,#8778,.F.);
#5298=ORIENTED_EDGE('',*,*,#7765,.T.);
#5299=ORIENTED_EDGE('',*,*,#8777,.F.);
#5300=ORIENTED_EDGE('',*,*,#8781,.F.);
#5301=ORIENTED_EDGE('',*,*,#8782,.F.);
#5302=ORIENTED_EDGE('',*,*,#7767,.F.);
#5303=ORIENTED_EDGE('',*,*,#8780,.T.);
#5304=ORIENTED_EDGE('',*,*,#8783,.T.);
#5305=ORIENTED_EDGE('',*,*,#8784,.T.);
#5306=ORIENTED_EDGE('',*,*,#8775,.T.);
#5307=ORIENTED_EDGE('',*,*,#8784,.F.);
#5308=ORIENTED_EDGE('',*,*,#8785,.F.);
#5309=ORIENTED_EDGE('',*,*,#8781,.T.);
#5310=ORIENTED_EDGE('',*,*,#8776,.T.);
#5311=ORIENTED_EDGE('',*,*,#8783,.F.);
#5312=ORIENTED_EDGE('',*,*,#8779,.F.);
#5313=ORIENTED_EDGE('',*,*,#8782,.T.);
#5314=ORIENTED_EDGE('',*,*,#8785,.T.);
#5315=ORIENTED_EDGE('',*,*,#7796,.F.);
#5316=ORIENTED_EDGE('',*,*,#8786,.F.);
#5317=ORIENTED_EDGE('',*,*,#8787,.F.);
#5318=ORIENTED_EDGE('',*,*,#8788,.T.);
#5319=ORIENTED_EDGE('',*,*,#7794,.F.);
#5320=ORIENTED_EDGE('',*,*,#8789,.T.);
#5321=ORIENTED_EDGE('',*,*,#8790,.T.);
#5322=ORIENTED_EDGE('',*,*,#8791,.F.);
#5323=ORIENTED_EDGE('',*,*,#8789,.F.);
#5324=ORIENTED_EDGE('',*,*,#7793,.T.);
#5325=ORIENTED_EDGE('',*,*,#8788,.F.);
#5326=ORIENTED_EDGE('',*,*,#8792,.F.);
#5327=ORIENTED_EDGE('',*,*,#8793,.F.);
#5328=ORIENTED_EDGE('',*,*,#7795,.F.);
#5329=ORIENTED_EDGE('',*,*,#8791,.T.);
#5330=ORIENTED_EDGE('',*,*,#8794,.T.);
#5331=ORIENTED_EDGE('',*,*,#8795,.T.);
#5332=ORIENTED_EDGE('',*,*,#8786,.T.);
#5333=ORIENTED_EDGE('',*,*,#8795,.F.);
#5334=ORIENTED_EDGE('',*,*,#8796,.F.);
#5335=ORIENTED_EDGE('',*,*,#8792,.T.);
#5336=ORIENTED_EDGE('',*,*,#8787,.T.);
#5337=ORIENTED_EDGE('',*,*,#8794,.F.);
#5338=ORIENTED_EDGE('',*,*,#8790,.F.);
#5339=ORIENTED_EDGE('',*,*,#8793,.T.);
#5340=ORIENTED_EDGE('',*,*,#8796,.T.);
#5341=ORIENTED_EDGE('',*,*,#7764,.F.);
#5342=ORIENTED_EDGE('',*,*,#8797,.F.);
#5343=ORIENTED_EDGE('',*,*,#8798,.F.);
#5344=ORIENTED_EDGE('',*,*,#8799,.T.);
#5345=ORIENTED_EDGE('',*,*,#7762,.F.);
#5346=ORIENTED_EDGE('',*,*,#8800,.T.);
#5347=ORIENTED_EDGE('',*,*,#8801,.T.);
#5348=ORIENTED_EDGE('',*,*,#8802,.F.);
#5349=ORIENTED_EDGE('',*,*,#8800,.F.);
#5350=ORIENTED_EDGE('',*,*,#7761,.T.);
#5351=ORIENTED_EDGE('',*,*,#8799,.F.);
#5352=ORIENTED_EDGE('',*,*,#8803,.F.);
#5353=ORIENTED_EDGE('',*,*,#8804,.F.);
#5354=ORIENTED_EDGE('',*,*,#7763,.F.);
#5355=ORIENTED_EDGE('',*,*,#8802,.T.);
#5356=ORIENTED_EDGE('',*,*,#8805,.T.);
#5357=ORIENTED_EDGE('',*,*,#8806,.T.);
#5358=ORIENTED_EDGE('',*,*,#8797,.T.);
#5359=ORIENTED_EDGE('',*,*,#8806,.F.);
#5360=ORIENTED_EDGE('',*,*,#8807,.F.);
#5361=ORIENTED_EDGE('',*,*,#8803,.T.);
#5362=ORIENTED_EDGE('',*,*,#8798,.T.);
#5363=ORIENTED_EDGE('',*,*,#8805,.F.);
#5364=ORIENTED_EDGE('',*,*,#8801,.F.);
#5365=ORIENTED_EDGE('',*,*,#8804,.T.);
#5366=ORIENTED_EDGE('',*,*,#8807,.T.);
#5367=ORIENTED_EDGE('',*,*,#7800,.F.);
#5368=ORIENTED_EDGE('',*,*,#8808,.F.);
#5369=ORIENTED_EDGE('',*,*,#8809,.F.);
#5370=ORIENTED_EDGE('',*,*,#8810,.T.);
#5371=ORIENTED_EDGE('',*,*,#7798,.F.);
#5372=ORIENTED_EDGE('',*,*,#8811,.T.);
#5373=ORIENTED_EDGE('',*,*,#8812,.T.);
#5374=ORIENTED_EDGE('',*,*,#8813,.F.);
#5375=ORIENTED_EDGE('',*,*,#8811,.F.);
#5376=ORIENTED_EDGE('',*,*,#7797,.T.);
#5377=ORIENTED_EDGE('',*,*,#8810,.F.);
#5378=ORIENTED_EDGE('',*,*,#8814,.F.);
#5379=ORIENTED_EDGE('',*,*,#8815,.F.);
#5380=ORIENTED_EDGE('',*,*,#7799,.F.);
#5381=ORIENTED_EDGE('',*,*,#8813,.T.);
#5382=ORIENTED_EDGE('',*,*,#8816,.T.);
#5383=ORIENTED_EDGE('',*,*,#8817,.T.);
#5384=ORIENTED_EDGE('',*,*,#8808,.T.);
#5385=ORIENTED_EDGE('',*,*,#8817,.F.);
#5386=ORIENTED_EDGE('',*,*,#8818,.F.);
#5387=ORIENTED_EDGE('',*,*,#8814,.T.);
#5388=ORIENTED_EDGE('',*,*,#8809,.T.);
#5389=ORIENTED_EDGE('',*,*,#8816,.F.);
#5390=ORIENTED_EDGE('',*,*,#8812,.F.);
#5391=ORIENTED_EDGE('',*,*,#8815,.T.);
#5392=ORIENTED_EDGE('',*,*,#8818,.T.);
#5393=ORIENTED_EDGE('',*,*,#7760,.F.);
#5394=ORIENTED_EDGE('',*,*,#8819,.F.);
#5395=ORIENTED_EDGE('',*,*,#8820,.F.);
#5396=ORIENTED_EDGE('',*,*,#8821,.T.);
#5397=ORIENTED_EDGE('',*,*,#7758,.F.);
#5398=ORIENTED_EDGE('',*,*,#8822,.T.);
#5399=ORIENTED_EDGE('',*,*,#8823,.T.);
#5400=ORIENTED_EDGE('',*,*,#8824,.F.);
#5401=ORIENTED_EDGE('',*,*,#8822,.F.);
#5402=ORIENTED_EDGE('',*,*,#7757,.T.);
#5403=ORIENTED_EDGE('',*,*,#8821,.F.);
#5404=ORIENTED_EDGE('',*,*,#8825,.F.);
#5405=ORIENTED_EDGE('',*,*,#8826,.F.);
#5406=ORIENTED_EDGE('',*,*,#7759,.F.);
#5407=ORIENTED_EDGE('',*,*,#8824,.T.);
#5408=ORIENTED_EDGE('',*,*,#8827,.T.);
#5409=ORIENTED_EDGE('',*,*,#8828,.T.);
#5410=ORIENTED_EDGE('',*,*,#8819,.T.);
#5411=ORIENTED_EDGE('',*,*,#8828,.F.);
#5412=ORIENTED_EDGE('',*,*,#8829,.F.);
#5413=ORIENTED_EDGE('',*,*,#8825,.T.);
#5414=ORIENTED_EDGE('',*,*,#8820,.T.);
#5415=ORIENTED_EDGE('',*,*,#8827,.F.);
#5416=ORIENTED_EDGE('',*,*,#8823,.F.);
#5417=ORIENTED_EDGE('',*,*,#8826,.T.);
#5418=ORIENTED_EDGE('',*,*,#8829,.T.);
#5419=ORIENTED_EDGE('',*,*,#7804,.F.);
#5420=ORIENTED_EDGE('',*,*,#8830,.F.);
#5421=ORIENTED_EDGE('',*,*,#8831,.F.);
#5422=ORIENTED_EDGE('',*,*,#8832,.T.);
#5423=ORIENTED_EDGE('',*,*,#7802,.F.);
#5424=ORIENTED_EDGE('',*,*,#8833,.T.);
#5425=ORIENTED_EDGE('',*,*,#8834,.T.);
#5426=ORIENTED_EDGE('',*,*,#8835,.F.);
#5427=ORIENTED_EDGE('',*,*,#8833,.F.);
#5428=ORIENTED_EDGE('',*,*,#7801,.T.);
#5429=ORIENTED_EDGE('',*,*,#8832,.F.);
#5430=ORIENTED_EDGE('',*,*,#8836,.F.);
#5431=ORIENTED_EDGE('',*,*,#8837,.F.);
#5432=ORIENTED_EDGE('',*,*,#7803,.F.);
#5433=ORIENTED_EDGE('',*,*,#8835,.T.);
#5434=ORIENTED_EDGE('',*,*,#8838,.T.);
#5435=ORIENTED_EDGE('',*,*,#8839,.T.);
#5436=ORIENTED_EDGE('',*,*,#8830,.T.);
#5437=ORIENTED_EDGE('',*,*,#8839,.F.);
#5438=ORIENTED_EDGE('',*,*,#8840,.F.);
#5439=ORIENTED_EDGE('',*,*,#8836,.T.);
#5440=ORIENTED_EDGE('',*,*,#8831,.T.);
#5441=ORIENTED_EDGE('',*,*,#8838,.F.);
#5442=ORIENTED_EDGE('',*,*,#8834,.F.);
#5443=ORIENTED_EDGE('',*,*,#8837,.T.);
#5444=ORIENTED_EDGE('',*,*,#8840,.T.);
#5445=ORIENTED_EDGE('',*,*,#7756,.F.);
#5446=ORIENTED_EDGE('',*,*,#8841,.F.);
#5447=ORIENTED_EDGE('',*,*,#8842,.F.);
#5448=ORIENTED_EDGE('',*,*,#8843,.T.);
#5449=ORIENTED_EDGE('',*,*,#7754,.F.);
#5450=ORIENTED_EDGE('',*,*,#8844,.T.);
#5451=ORIENTED_EDGE('',*,*,#8845,.T.);
#5452=ORIENTED_EDGE('',*,*,#8846,.F.);
#5453=ORIENTED_EDGE('',*,*,#8844,.F.);
#5454=ORIENTED_EDGE('',*,*,#7753,.T.);
#5455=ORIENTED_EDGE('',*,*,#8843,.F.);
#5456=ORIENTED_EDGE('',*,*,#8847,.F.);
#5457=ORIENTED_EDGE('',*,*,#8848,.F.);
#5458=ORIENTED_EDGE('',*,*,#7755,.F.);
#5459=ORIENTED_EDGE('',*,*,#8846,.T.);
#5460=ORIENTED_EDGE('',*,*,#8849,.T.);
#5461=ORIENTED_EDGE('',*,*,#8850,.T.);
#5462=ORIENTED_EDGE('',*,*,#8841,.T.);
#5463=ORIENTED_EDGE('',*,*,#8850,.F.);
#5464=ORIENTED_EDGE('',*,*,#8851,.F.);
#5465=ORIENTED_EDGE('',*,*,#8847,.T.);
#5466=ORIENTED_EDGE('',*,*,#8842,.T.);
#5467=ORIENTED_EDGE('',*,*,#8849,.F.);
#5468=ORIENTED_EDGE('',*,*,#8845,.F.);
#5469=ORIENTED_EDGE('',*,*,#8848,.T.);
#5470=ORIENTED_EDGE('',*,*,#8851,.T.);
#5471=ORIENTED_EDGE('',*,*,#7808,.F.);
#5472=ORIENTED_EDGE('',*,*,#8852,.F.);
#5473=ORIENTED_EDGE('',*,*,#8853,.F.);
#5474=ORIENTED_EDGE('',*,*,#8854,.T.);
#5475=ORIENTED_EDGE('',*,*,#7806,.F.);
#5476=ORIENTED_EDGE('',*,*,#8855,.T.);
#5477=ORIENTED_EDGE('',*,*,#8856,.T.);
#5478=ORIENTED_EDGE('',*,*,#8857,.F.);
#5479=ORIENTED_EDGE('',*,*,#8855,.F.);
#5480=ORIENTED_EDGE('',*,*,#7805,.T.);
#5481=ORIENTED_EDGE('',*,*,#8854,.F.);
#5482=ORIENTED_EDGE('',*,*,#8858,.F.);
#5483=ORIENTED_EDGE('',*,*,#8859,.F.);
#5484=ORIENTED_EDGE('',*,*,#7807,.F.);
#5485=ORIENTED_EDGE('',*,*,#8857,.T.);
#5486=ORIENTED_EDGE('',*,*,#8860,.T.);
#5487=ORIENTED_EDGE('',*,*,#8861,.T.);
#5488=ORIENTED_EDGE('',*,*,#8852,.T.);
#5489=ORIENTED_EDGE('',*,*,#8861,.F.);
#5490=ORIENTED_EDGE('',*,*,#8862,.F.);
#5491=ORIENTED_EDGE('',*,*,#8858,.T.);
#5492=ORIENTED_EDGE('',*,*,#8853,.T.);
#5493=ORIENTED_EDGE('',*,*,#8860,.F.);
#5494=ORIENTED_EDGE('',*,*,#8856,.F.);
#5495=ORIENTED_EDGE('',*,*,#8859,.T.);
#5496=ORIENTED_EDGE('',*,*,#8862,.T.);
#5497=ORIENTED_EDGE('',*,*,#7752,.F.);
#5498=ORIENTED_EDGE('',*,*,#8863,.F.);
#5499=ORIENTED_EDGE('',*,*,#8864,.F.);
#5500=ORIENTED_EDGE('',*,*,#8865,.T.);
#5501=ORIENTED_EDGE('',*,*,#7750,.F.);
#5502=ORIENTED_EDGE('',*,*,#8866,.T.);
#5503=ORIENTED_EDGE('',*,*,#8867,.T.);
#5504=ORIENTED_EDGE('',*,*,#8868,.F.);
#5505=ORIENTED_EDGE('',*,*,#8866,.F.);
#5506=ORIENTED_EDGE('',*,*,#7749,.T.);
#5507=ORIENTED_EDGE('',*,*,#8865,.F.);
#5508=ORIENTED_EDGE('',*,*,#8869,.F.);
#5509=ORIENTED_EDGE('',*,*,#8870,.F.);
#5510=ORIENTED_EDGE('',*,*,#7751,.F.);
#5511=ORIENTED_EDGE('',*,*,#8868,.T.);
#5512=ORIENTED_EDGE('',*,*,#8871,.T.);
#5513=ORIENTED_EDGE('',*,*,#8872,.T.);
#5514=ORIENTED_EDGE('',*,*,#8863,.T.);
#5515=ORIENTED_EDGE('',*,*,#8872,.F.);
#5516=ORIENTED_EDGE('',*,*,#8873,.F.);
#5517=ORIENTED_EDGE('',*,*,#8869,.T.);
#5518=ORIENTED_EDGE('',*,*,#8864,.T.);
#5519=ORIENTED_EDGE('',*,*,#8871,.F.);
#5520=ORIENTED_EDGE('',*,*,#8867,.F.);
#5521=ORIENTED_EDGE('',*,*,#8870,.T.);
#5522=ORIENTED_EDGE('',*,*,#8873,.T.);
#5523=ORIENTED_EDGE('',*,*,#7812,.F.);
#5524=ORIENTED_EDGE('',*,*,#8874,.F.);
#5525=ORIENTED_EDGE('',*,*,#8875,.F.);
#5526=ORIENTED_EDGE('',*,*,#8876,.T.);
#5527=ORIENTED_EDGE('',*,*,#7810,.F.);
#5528=ORIENTED_EDGE('',*,*,#8877,.T.);
#5529=ORIENTED_EDGE('',*,*,#8878,.T.);
#5530=ORIENTED_EDGE('',*,*,#8879,.F.);
#5531=ORIENTED_EDGE('',*,*,#8877,.F.);
#5532=ORIENTED_EDGE('',*,*,#7809,.T.);
#5533=ORIENTED_EDGE('',*,*,#8876,.F.);
#5534=ORIENTED_EDGE('',*,*,#8880,.F.);
#5535=ORIENTED_EDGE('',*,*,#8881,.F.);
#5536=ORIENTED_EDGE('',*,*,#7811,.F.);
#5537=ORIENTED_EDGE('',*,*,#8879,.T.);
#5538=ORIENTED_EDGE('',*,*,#8882,.T.);
#5539=ORIENTED_EDGE('',*,*,#8883,.T.);
#5540=ORIENTED_EDGE('',*,*,#8874,.T.);
#5541=ORIENTED_EDGE('',*,*,#8883,.F.);
#5542=ORIENTED_EDGE('',*,*,#8884,.F.);
#5543=ORIENTED_EDGE('',*,*,#8880,.T.);
#5544=ORIENTED_EDGE('',*,*,#8875,.T.);
#5545=ORIENTED_EDGE('',*,*,#8882,.F.);
#5546=ORIENTED_EDGE('',*,*,#8878,.F.);
#5547=ORIENTED_EDGE('',*,*,#8881,.T.);
#5548=ORIENTED_EDGE('',*,*,#8884,.T.);
#5549=ORIENTED_EDGE('',*,*,#8048,.F.);
#5550=ORIENTED_EDGE('',*,*,#8885,.T.);
#5551=ORIENTED_EDGE('',*,*,#8886,.T.);
#5552=ORIENTED_EDGE('',*,*,#8887,.F.);
#5553=ORIENTED_EDGE('',*,*,#8888,.T.);
#5554=ORIENTED_EDGE('',*,*,#8889,.T.);
#5555=ORIENTED_EDGE('',*,*,#8890,.T.);
#5556=ORIENTED_EDGE('',*,*,#8891,.F.);
#5557=ORIENTED_EDGE('',*,*,#8892,.F.);
#5558=ORIENTED_EDGE('',*,*,#8886,.F.);
#5559=ORIENTED_EDGE('',*,*,#8045,.F.);
#5560=ORIENTED_EDGE('',*,*,#8893,.F.);
#5561=ORIENTED_EDGE('',*,*,#8894,.F.);
#5562=ORIENTED_EDGE('',*,*,#8895,.T.);
#5563=ORIENTED_EDGE('',*,*,#8046,.F.);
#5564=ORIENTED_EDGE('',*,*,#8895,.F.);
#5565=ORIENTED_EDGE('',*,*,#8896,.F.);
#5566=ORIENTED_EDGE('',*,*,#8889,.F.);
#5567=ORIENTED_EDGE('',*,*,#8047,.F.);
#5568=ORIENTED_EDGE('',*,*,#8888,.F.);
#5569=ORIENTED_EDGE('',*,*,#8885,.F.);
#5570=ORIENTED_EDGE('',*,*,#8893,.T.);
#5571=ORIENTED_EDGE('',*,*,#8050,.T.);
#5572=ORIENTED_EDGE('',*,*,#8891,.T.);
#5573=ORIENTED_EDGE('',*,*,#8897,.T.);
#5574=ORIENTED_EDGE('',*,*,#8892,.T.);
#5575=ORIENTED_EDGE('',*,*,#8049,.T.);
#5576=ORIENTED_EDGE('',*,*,#8887,.T.);
#5577=ORIENTED_EDGE('',*,*,#8897,.F.);
#5578=ORIENTED_EDGE('',*,*,#8890,.F.);
#5579=ORIENTED_EDGE('',*,*,#8896,.T.);
#5580=ORIENTED_EDGE('',*,*,#8894,.T.);
#5581=ORIENTED_EDGE('',*,*,#8042,.F.);
#5582=ORIENTED_EDGE('',*,*,#8898,.T.);
#5583=ORIENTED_EDGE('',*,*,#8899,.T.);
#5584=ORIENTED_EDGE('',*,*,#8900,.F.);
#5585=ORIENTED_EDGE('',*,*,#8901,.T.);
#5586=ORIENTED_EDGE('',*,*,#8902,.T.);
#5587=ORIENTED_EDGE('',*,*,#8903,.T.);
#5588=ORIENTED_EDGE('',*,*,#8904,.F.);
#5589=ORIENTED_EDGE('',*,*,#8905,.F.);
#5590=ORIENTED_EDGE('',*,*,#8899,.F.);
#5591=ORIENTED_EDGE('',*,*,#8039,.F.);
#5592=ORIENTED_EDGE('',*,*,#8906,.F.);
#5593=ORIENTED_EDGE('',*,*,#8907,.F.);
#5594=ORIENTED_EDGE('',*,*,#8908,.T.);
#5595=ORIENTED_EDGE('',*,*,#8040,.F.);
#5596=ORIENTED_EDGE('',*,*,#8908,.F.);
#5597=ORIENTED_EDGE('',*,*,#8909,.F.);
#5598=ORIENTED_EDGE('',*,*,#8902,.F.);
#5599=ORIENTED_EDGE('',*,*,#8041,.F.);
#5600=ORIENTED_EDGE('',*,*,#8901,.F.);
#5601=ORIENTED_EDGE('',*,*,#8898,.F.);
#5602=ORIENTED_EDGE('',*,*,#8906,.T.);
#5603=ORIENTED_EDGE('',*,*,#8044,.T.);
#5604=ORIENTED_EDGE('',*,*,#8904,.T.);
#5605=ORIENTED_EDGE('',*,*,#8910,.T.);
#5606=ORIENTED_EDGE('',*,*,#8905,.T.);
#5607=ORIENTED_EDGE('',*,*,#8043,.T.);
#5608=ORIENTED_EDGE('',*,*,#8900,.T.);
#5609=ORIENTED_EDGE('',*,*,#8910,.F.);
#5610=ORIENTED_EDGE('',*,*,#8903,.F.);
#5611=ORIENTED_EDGE('',*,*,#8909,.T.);
#5612=ORIENTED_EDGE('',*,*,#8907,.T.);
#5613=ORIENTED_EDGE('',*,*,#8036,.F.);
#5614=ORIENTED_EDGE('',*,*,#8911,.T.);
#5615=ORIENTED_EDGE('',*,*,#8912,.T.);
#5616=ORIENTED_EDGE('',*,*,#8913,.F.);
#5617=ORIENTED_EDGE('',*,*,#8914,.T.);
#5618=ORIENTED_EDGE('',*,*,#8915,.T.);
#5619=ORIENTED_EDGE('',*,*,#8916,.T.);
#5620=ORIENTED_EDGE('',*,*,#8917,.F.);
#5621=ORIENTED_EDGE('',*,*,#8918,.F.);
#5622=ORIENTED_EDGE('',*,*,#8912,.F.);
#5623=ORIENTED_EDGE('',*,*,#8033,.F.);
#5624=ORIENTED_EDGE('',*,*,#8919,.F.);
#5625=ORIENTED_EDGE('',*,*,#8920,.F.);
#5626=ORIENTED_EDGE('',*,*,#8921,.T.);
#5627=ORIENTED_EDGE('',*,*,#8034,.F.);
#5628=ORIENTED_EDGE('',*,*,#8921,.F.);
#5629=ORIENTED_EDGE('',*,*,#8922,.F.);
#5630=ORIENTED_EDGE('',*,*,#8915,.F.);
#5631=ORIENTED_EDGE('',*,*,#8035,.F.);
#5632=ORIENTED_EDGE('',*,*,#8914,.F.);
#5633=ORIENTED_EDGE('',*,*,#8911,.F.);
#5634=ORIENTED_EDGE('',*,*,#8919,.T.);
#5635=ORIENTED_EDGE('',*,*,#8038,.T.);
#5636=ORIENTED_EDGE('',*,*,#8917,.T.);
#5637=ORIENTED_EDGE('',*,*,#8923,.T.);
#5638=ORIENTED_EDGE('',*,*,#8918,.T.);
#5639=ORIENTED_EDGE('',*,*,#8037,.T.);
#5640=ORIENTED_EDGE('',*,*,#8913,.T.);
#5641=ORIENTED_EDGE('',*,*,#8923,.F.);
#5642=ORIENTED_EDGE('',*,*,#8916,.F.);
#5643=ORIENTED_EDGE('',*,*,#8922,.T.);
#5644=ORIENTED_EDGE('',*,*,#8920,.T.);
#5645=ORIENTED_EDGE('',*,*,#8030,.F.);
#5646=ORIENTED_EDGE('',*,*,#8924,.T.);
#5647=ORIENTED_EDGE('',*,*,#8925,.T.);
#5648=ORIENTED_EDGE('',*,*,#8926,.F.);
#5649=ORIENTED_EDGE('',*,*,#8927,.T.);
#5650=ORIENTED_EDGE('',*,*,#8928,.T.);
#5651=ORIENTED_EDGE('',*,*,#8929,.T.);
#5652=ORIENTED_EDGE('',*,*,#8930,.F.);
#5653=ORIENTED_EDGE('',*,*,#8931,.F.);
#5654=ORIENTED_EDGE('',*,*,#8925,.F.);
#5655=ORIENTED_EDGE('',*,*,#8027,.F.);
#5656=ORIENTED_EDGE('',*,*,#8932,.F.);
#5657=ORIENTED_EDGE('',*,*,#8933,.F.);
#5658=ORIENTED_EDGE('',*,*,#8934,.T.);
#5659=ORIENTED_EDGE('',*,*,#8028,.F.);
#5660=ORIENTED_EDGE('',*,*,#8934,.F.);
#5661=ORIENTED_EDGE('',*,*,#8935,.F.);
#5662=ORIENTED_EDGE('',*,*,#8928,.F.);
#5663=ORIENTED_EDGE('',*,*,#8029,.F.);
#5664=ORIENTED_EDGE('',*,*,#8927,.F.);
#5665=ORIENTED_EDGE('',*,*,#8924,.F.);
#5666=ORIENTED_EDGE('',*,*,#8932,.T.);
#5667=ORIENTED_EDGE('',*,*,#8032,.T.);
#5668=ORIENTED_EDGE('',*,*,#8930,.T.);
#5669=ORIENTED_EDGE('',*,*,#8936,.T.);
#5670=ORIENTED_EDGE('',*,*,#8931,.T.);
#5671=ORIENTED_EDGE('',*,*,#8031,.T.);
#5672=ORIENTED_EDGE('',*,*,#8926,.T.);
#5673=ORIENTED_EDGE('',*,*,#8936,.F.);
#5674=ORIENTED_EDGE('',*,*,#8929,.F.);
#5675=ORIENTED_EDGE('',*,*,#8935,.T.);
#5676=ORIENTED_EDGE('',*,*,#8933,.T.);
#5677=ORIENTED_EDGE('',*,*,#8024,.F.);
#5678=ORIENTED_EDGE('',*,*,#8937,.T.);
#5679=ORIENTED_EDGE('',*,*,#8938,.T.);
#5680=ORIENTED_EDGE('',*,*,#8939,.F.);
#5681=ORIENTED_EDGE('',*,*,#8940,.T.);
#5682=ORIENTED_EDGE('',*,*,#8941,.T.);
#5683=ORIENTED_EDGE('',*,*,#8942,.T.);
#5684=ORIENTED_EDGE('',*,*,#8943,.F.);
#5685=ORIENTED_EDGE('',*,*,#8944,.F.);
#5686=ORIENTED_EDGE('',*,*,#8938,.F.);
#5687=ORIENTED_EDGE('',*,*,#8021,.F.);
#5688=ORIENTED_EDGE('',*,*,#8945,.F.);
#5689=ORIENTED_EDGE('',*,*,#8946,.F.);
#5690=ORIENTED_EDGE('',*,*,#8947,.T.);
#5691=ORIENTED_EDGE('',*,*,#8022,.F.);
#5692=ORIENTED_EDGE('',*,*,#8947,.F.);
#5693=ORIENTED_EDGE('',*,*,#8948,.F.);
#5694=ORIENTED_EDGE('',*,*,#8941,.F.);
#5695=ORIENTED_EDGE('',*,*,#8023,.F.);
#5696=ORIENTED_EDGE('',*,*,#8940,.F.);
#5697=ORIENTED_EDGE('',*,*,#8937,.F.);
#5698=ORIENTED_EDGE('',*,*,#8945,.T.);
#5699=ORIENTED_EDGE('',*,*,#8026,.T.);
#5700=ORIENTED_EDGE('',*,*,#8943,.T.);
#5701=ORIENTED_EDGE('',*,*,#8949,.T.);
#5702=ORIENTED_EDGE('',*,*,#8944,.T.);
#5703=ORIENTED_EDGE('',*,*,#8025,.T.);
#5704=ORIENTED_EDGE('',*,*,#8939,.T.);
#5705=ORIENTED_EDGE('',*,*,#8949,.F.);
#5706=ORIENTED_EDGE('',*,*,#8942,.F.);
#5707=ORIENTED_EDGE('',*,*,#8948,.T.);
#5708=ORIENTED_EDGE('',*,*,#8946,.T.);
#5709=ORIENTED_EDGE('',*,*,#8018,.F.);
#5710=ORIENTED_EDGE('',*,*,#8950,.T.);
#5711=ORIENTED_EDGE('',*,*,#8951,.T.);
#5712=ORIENTED_EDGE('',*,*,#8952,.F.);
#5713=ORIENTED_EDGE('',*,*,#8953,.T.);
#5714=ORIENTED_EDGE('',*,*,#8954,.T.);
#5715=ORIENTED_EDGE('',*,*,#8955,.T.);
#5716=ORIENTED_EDGE('',*,*,#8956,.F.);
#5717=ORIENTED_EDGE('',*,*,#8957,.F.);
#5718=ORIENTED_EDGE('',*,*,#8951,.F.);
#5719=ORIENTED_EDGE('',*,*,#8015,.F.);
#5720=ORIENTED_EDGE('',*,*,#8958,.F.);
#5721=ORIENTED_EDGE('',*,*,#8959,.F.);
#5722=ORIENTED_EDGE('',*,*,#8960,.T.);
#5723=ORIENTED_EDGE('',*,*,#8016,.F.);
#5724=ORIENTED_EDGE('',*,*,#8960,.F.);
#5725=ORIENTED_EDGE('',*,*,#8961,.F.);
#5726=ORIENTED_EDGE('',*,*,#8954,.F.);
#5727=ORIENTED_EDGE('',*,*,#8017,.F.);
#5728=ORIENTED_EDGE('',*,*,#8953,.F.);
#5729=ORIENTED_EDGE('',*,*,#8950,.F.);
#5730=ORIENTED_EDGE('',*,*,#8958,.T.);
#5731=ORIENTED_EDGE('',*,*,#8020,.T.);
#5732=ORIENTED_EDGE('',*,*,#8956,.T.);
#5733=ORIENTED_EDGE('',*,*,#8962,.T.);
#5734=ORIENTED_EDGE('',*,*,#8957,.T.);
#5735=ORIENTED_EDGE('',*,*,#8019,.T.);
#5736=ORIENTED_EDGE('',*,*,#8952,.T.);
#5737=ORIENTED_EDGE('',*,*,#8962,.F.);
#5738=ORIENTED_EDGE('',*,*,#8955,.F.);
#5739=ORIENTED_EDGE('',*,*,#8961,.T.);
#5740=ORIENTED_EDGE('',*,*,#8959,.T.);
#5741=ORIENTED_EDGE('',*,*,#8012,.F.);
#5742=ORIENTED_EDGE('',*,*,#8963,.T.);
#5743=ORIENTED_EDGE('',*,*,#8964,.T.);
#5744=ORIENTED_EDGE('',*,*,#8965,.F.);
#5745=ORIENTED_EDGE('',*,*,#8966,.T.);
#5746=ORIENTED_EDGE('',*,*,#8967,.T.);
#5747=ORIENTED_EDGE('',*,*,#8968,.T.);
#5748=ORIENTED_EDGE('',*,*,#8969,.F.);
#5749=ORIENTED_EDGE('',*,*,#8970,.F.);
#5750=ORIENTED_EDGE('',*,*,#8964,.F.);
#5751=ORIENTED_EDGE('',*,*,#8009,.F.);
#5752=ORIENTED_EDGE('',*,*,#8971,.F.);
#5753=ORIENTED_EDGE('',*,*,#8972,.F.);
#5754=ORIENTED_EDGE('',*,*,#8973,.T.);
#5755=ORIENTED_EDGE('',*,*,#8010,.F.);
#5756=ORIENTED_EDGE('',*,*,#8973,.F.);
#5757=ORIENTED_EDGE('',*,*,#8974,.F.);
#5758=ORIENTED_EDGE('',*,*,#8967,.F.);
#5759=ORIENTED_EDGE('',*,*,#8011,.F.);
#5760=ORIENTED_EDGE('',*,*,#8966,.F.);
#5761=ORIENTED_EDGE('',*,*,#8963,.F.);
#5762=ORIENTED_EDGE('',*,*,#8971,.T.);
#5763=ORIENTED_EDGE('',*,*,#8014,.T.);
#5764=ORIENTED_EDGE('',*,*,#8969,.T.);
#5765=ORIENTED_EDGE('',*,*,#8975,.T.);
#5766=ORIENTED_EDGE('',*,*,#8970,.T.);
#5767=ORIENTED_EDGE('',*,*,#8013,.T.);
#5768=ORIENTED_EDGE('',*,*,#8965,.T.);
#5769=ORIENTED_EDGE('',*,*,#8975,.F.);
#5770=ORIENTED_EDGE('',*,*,#8968,.F.);
#5771=ORIENTED_EDGE('',*,*,#8974,.T.);
#5772=ORIENTED_EDGE('',*,*,#8972,.T.);
#5773=ORIENTED_EDGE('',*,*,#8006,.F.);
#5774=ORIENTED_EDGE('',*,*,#8976,.T.);
#5775=ORIENTED_EDGE('',*,*,#8977,.T.);
#5776=ORIENTED_EDGE('',*,*,#8978,.F.);
#5777=ORIENTED_EDGE('',*,*,#8979,.T.);
#5778=ORIENTED_EDGE('',*,*,#8980,.T.);
#5779=ORIENTED_EDGE('',*,*,#8981,.T.);
#5780=ORIENTED_EDGE('',*,*,#8982,.F.);
#5781=ORIENTED_EDGE('',*,*,#8983,.F.);
#5782=ORIENTED_EDGE('',*,*,#8977,.F.);
#5783=ORIENTED_EDGE('',*,*,#8003,.F.);
#5784=ORIENTED_EDGE('',*,*,#8984,.F.);
#5785=ORIENTED_EDGE('',*,*,#8985,.F.);
#5786=ORIENTED_EDGE('',*,*,#8986,.T.);
#5787=ORIENTED_EDGE('',*,*,#8004,.F.);
#5788=ORIENTED_EDGE('',*,*,#8986,.F.);
#5789=ORIENTED_EDGE('',*,*,#8987,.F.);
#5790=ORIENTED_EDGE('',*,*,#8980,.F.);
#5791=ORIENTED_EDGE('',*,*,#8005,.F.);
#5792=ORIENTED_EDGE('',*,*,#8979,.F.);
#5793=ORIENTED_EDGE('',*,*,#8976,.F.);
#5794=ORIENTED_EDGE('',*,*,#8984,.T.);
#5795=ORIENTED_EDGE('',*,*,#8008,.T.);
#5796=ORIENTED_EDGE('',*,*,#8982,.T.);
#5797=ORIENTED_EDGE('',*,*,#8988,.T.);
#5798=ORIENTED_EDGE('',*,*,#8983,.T.);
#5799=ORIENTED_EDGE('',*,*,#8007,.T.);
#5800=ORIENTED_EDGE('',*,*,#8978,.T.);
#5801=ORIENTED_EDGE('',*,*,#8988,.F.);
#5802=ORIENTED_EDGE('',*,*,#8981,.F.);
#5803=ORIENTED_EDGE('',*,*,#8987,.T.);
#5804=ORIENTED_EDGE('',*,*,#8985,.T.);
#5805=ORIENTED_EDGE('',*,*,#8000,.F.);
#5806=ORIENTED_EDGE('',*,*,#8989,.T.);
#5807=ORIENTED_EDGE('',*,*,#8990,.T.);
#5808=ORIENTED_EDGE('',*,*,#8991,.F.);
#5809=ORIENTED_EDGE('',*,*,#8992,.T.);
#5810=ORIENTED_EDGE('',*,*,#8993,.T.);
#5811=ORIENTED_EDGE('',*,*,#8994,.T.);
#5812=ORIENTED_EDGE('',*,*,#8995,.F.);
#5813=ORIENTED_EDGE('',*,*,#8996,.F.);
#5814=ORIENTED_EDGE('',*,*,#8990,.F.);
#5815=ORIENTED_EDGE('',*,*,#7997,.F.);
#5816=ORIENTED_EDGE('',*,*,#8997,.F.);
#5817=ORIENTED_EDGE('',*,*,#8998,.F.);
#5818=ORIENTED_EDGE('',*,*,#8999,.T.);
#5819=ORIENTED_EDGE('',*,*,#7998,.F.);
#5820=ORIENTED_EDGE('',*,*,#8999,.F.);
#5821=ORIENTED_EDGE('',*,*,#9000,.F.);
#5822=ORIENTED_EDGE('',*,*,#8993,.F.);
#5823=ORIENTED_EDGE('',*,*,#7999,.F.);
#5824=ORIENTED_EDGE('',*,*,#8992,.F.);
#5825=ORIENTED_EDGE('',*,*,#8989,.F.);
#5826=ORIENTED_EDGE('',*,*,#8997,.T.);
#5827=ORIENTED_EDGE('',*,*,#8002,.T.);
#5828=ORIENTED_EDGE('',*,*,#8995,.T.);
#5829=ORIENTED_EDGE('',*,*,#9001,.T.);
#5830=ORIENTED_EDGE('',*,*,#8996,.T.);
#5831=ORIENTED_EDGE('',*,*,#8001,.T.);
#5832=ORIENTED_EDGE('',*,*,#8991,.T.);
#5833=ORIENTED_EDGE('',*,*,#9001,.F.);
#5834=ORIENTED_EDGE('',*,*,#8994,.F.);
#5835=ORIENTED_EDGE('',*,*,#9000,.T.);
#5836=ORIENTED_EDGE('',*,*,#8998,.T.);
#5837=ORIENTED_EDGE('',*,*,#7994,.F.);
#5838=ORIENTED_EDGE('',*,*,#9002,.T.);
#5839=ORIENTED_EDGE('',*,*,#9003,.T.);
#5840=ORIENTED_EDGE('',*,*,#9004,.F.);
#5841=ORIENTED_EDGE('',*,*,#9005,.T.);
#5842=ORIENTED_EDGE('',*,*,#9006,.T.);
#5843=ORIENTED_EDGE('',*,*,#9007,.T.);
#5844=ORIENTED_EDGE('',*,*,#9008,.F.);
#5845=ORIENTED_EDGE('',*,*,#9009,.F.);
#5846=ORIENTED_EDGE('',*,*,#9003,.F.);
#5847=ORIENTED_EDGE('',*,*,#7991,.F.);
#5848=ORIENTED_EDGE('',*,*,#9010,.F.);
#5849=ORIENTED_EDGE('',*,*,#9011,.F.);
#5850=ORIENTED_EDGE('',*,*,#9012,.T.);
#5851=ORIENTED_EDGE('',*,*,#7992,.F.);
#5852=ORIENTED_EDGE('',*,*,#9012,.F.);
#5853=ORIENTED_EDGE('',*,*,#9013,.F.);
#5854=ORIENTED_EDGE('',*,*,#9006,.F.);
#5855=ORIENTED_EDGE('',*,*,#7993,.F.);
#5856=ORIENTED_EDGE('',*,*,#9005,.F.);
#5857=ORIENTED_EDGE('',*,*,#9002,.F.);
#5858=ORIENTED_EDGE('',*,*,#9010,.T.);
#5859=ORIENTED_EDGE('',*,*,#7996,.T.);
#5860=ORIENTED_EDGE('',*,*,#9008,.T.);
#5861=ORIENTED_EDGE('',*,*,#9014,.T.);
#5862=ORIENTED_EDGE('',*,*,#9009,.T.);
#5863=ORIENTED_EDGE('',*,*,#7995,.T.);
#5864=ORIENTED_EDGE('',*,*,#9004,.T.);
#5865=ORIENTED_EDGE('',*,*,#9014,.F.);
#5866=ORIENTED_EDGE('',*,*,#9007,.F.);
#5867=ORIENTED_EDGE('',*,*,#9013,.T.);
#5868=ORIENTED_EDGE('',*,*,#9011,.T.);
#5869=ORIENTED_EDGE('',*,*,#7988,.F.);
#5870=ORIENTED_EDGE('',*,*,#9015,.T.);
#5871=ORIENTED_EDGE('',*,*,#9016,.T.);
#5872=ORIENTED_EDGE('',*,*,#9017,.F.);
#5873=ORIENTED_EDGE('',*,*,#9018,.T.);
#5874=ORIENTED_EDGE('',*,*,#9019,.T.);
#5875=ORIENTED_EDGE('',*,*,#9020,.T.);
#5876=ORIENTED_EDGE('',*,*,#9021,.F.);
#5877=ORIENTED_EDGE('',*,*,#9022,.F.);
#5878=ORIENTED_EDGE('',*,*,#9016,.F.);
#5879=ORIENTED_EDGE('',*,*,#7985,.F.);
#5880=ORIENTED_EDGE('',*,*,#9023,.F.);
#5881=ORIENTED_EDGE('',*,*,#9024,.F.);
#5882=ORIENTED_EDGE('',*,*,#9025,.T.);
#5883=ORIENTED_EDGE('',*,*,#7986,.F.);
#5884=ORIENTED_EDGE('',*,*,#9025,.F.);
#5885=ORIENTED_EDGE('',*,*,#9026,.F.);
#5886=ORIENTED_EDGE('',*,*,#9019,.F.);
#5887=ORIENTED_EDGE('',*,*,#7987,.F.);
#5888=ORIENTED_EDGE('',*,*,#9018,.F.);
#5889=ORIENTED_EDGE('',*,*,#9015,.F.);
#5890=ORIENTED_EDGE('',*,*,#9023,.T.);
#5891=ORIENTED_EDGE('',*,*,#7990,.T.);
#5892=ORIENTED_EDGE('',*,*,#9021,.T.);
#5893=ORIENTED_EDGE('',*,*,#9027,.T.);
#5894=ORIENTED_EDGE('',*,*,#9022,.T.);
#5895=ORIENTED_EDGE('',*,*,#7989,.T.);
#5896=ORIENTED_EDGE('',*,*,#9017,.T.);
#5897=ORIENTED_EDGE('',*,*,#9027,.F.);
#5898=ORIENTED_EDGE('',*,*,#9020,.F.);
#5899=ORIENTED_EDGE('',*,*,#9026,.T.);
#5900=ORIENTED_EDGE('',*,*,#9024,.T.);
#5901=ORIENTED_EDGE('',*,*,#7982,.F.);
#5902=ORIENTED_EDGE('',*,*,#9028,.T.);
#5903=ORIENTED_EDGE('',*,*,#9029,.T.);
#5904=ORIENTED_EDGE('',*,*,#9030,.F.);
#5905=ORIENTED_EDGE('',*,*,#9031,.T.);
#5906=ORIENTED_EDGE('',*,*,#9032,.T.);
#5907=ORIENTED_EDGE('',*,*,#9033,.T.);
#5908=ORIENTED_EDGE('',*,*,#9034,.F.);
#5909=ORIENTED_EDGE('',*,*,#9035,.F.);
#5910=ORIENTED_EDGE('',*,*,#9029,.F.);
#5911=ORIENTED_EDGE('',*,*,#7979,.F.);
#5912=ORIENTED_EDGE('',*,*,#9036,.F.);
#5913=ORIENTED_EDGE('',*,*,#9037,.F.);
#5914=ORIENTED_EDGE('',*,*,#9038,.T.);
#5915=ORIENTED_EDGE('',*,*,#7980,.F.);
#5916=ORIENTED_EDGE('',*,*,#9038,.F.);
#5917=ORIENTED_EDGE('',*,*,#9039,.F.);
#5918=ORIENTED_EDGE('',*,*,#9032,.F.);
#5919=ORIENTED_EDGE('',*,*,#7981,.F.);
#5920=ORIENTED_EDGE('',*,*,#9031,.F.);
#5921=ORIENTED_EDGE('',*,*,#9028,.F.);
#5922=ORIENTED_EDGE('',*,*,#9036,.T.);
#5923=ORIENTED_EDGE('',*,*,#7984,.T.);
#5924=ORIENTED_EDGE('',*,*,#9034,.T.);
#5925=ORIENTED_EDGE('',*,*,#9040,.T.);
#5926=ORIENTED_EDGE('',*,*,#9035,.T.);
#5927=ORIENTED_EDGE('',*,*,#7983,.T.);
#5928=ORIENTED_EDGE('',*,*,#9030,.T.);
#5929=ORIENTED_EDGE('',*,*,#9040,.F.);
#5930=ORIENTED_EDGE('',*,*,#9033,.F.);
#5931=ORIENTED_EDGE('',*,*,#9039,.T.);
#5932=ORIENTED_EDGE('',*,*,#9037,.T.);
#5933=ORIENTED_EDGE('',*,*,#7976,.F.);
#5934=ORIENTED_EDGE('',*,*,#9041,.T.);
#5935=ORIENTED_EDGE('',*,*,#9042,.T.);
#5936=ORIENTED_EDGE('',*,*,#9043,.F.);
#5937=ORIENTED_EDGE('',*,*,#9044,.T.);
#5938=ORIENTED_EDGE('',*,*,#9045,.T.);
#5939=ORIENTED_EDGE('',*,*,#9046,.T.);
#5940=ORIENTED_EDGE('',*,*,#9047,.F.);
#5941=ORIENTED_EDGE('',*,*,#9048,.F.);
#5942=ORIENTED_EDGE('',*,*,#9042,.F.);
#5943=ORIENTED_EDGE('',*,*,#7973,.F.);
#5944=ORIENTED_EDGE('',*,*,#9049,.F.);
#5945=ORIENTED_EDGE('',*,*,#9050,.F.);
#5946=ORIENTED_EDGE('',*,*,#9051,.T.);
#5947=ORIENTED_EDGE('',*,*,#7974,.F.);
#5948=ORIENTED_EDGE('',*,*,#9051,.F.);
#5949=ORIENTED_EDGE('',*,*,#9052,.F.);
#5950=ORIENTED_EDGE('',*,*,#9045,.F.);
#5951=ORIENTED_EDGE('',*,*,#7975,.F.);
#5952=ORIENTED_EDGE('',*,*,#9044,.F.);
#5953=ORIENTED_EDGE('',*,*,#9041,.F.);
#5954=ORIENTED_EDGE('',*,*,#9049,.T.);
#5955=ORIENTED_EDGE('',*,*,#7978,.T.);
#5956=ORIENTED_EDGE('',*,*,#9047,.T.);
#5957=ORIENTED_EDGE('',*,*,#9053,.T.);
#5958=ORIENTED_EDGE('',*,*,#9048,.T.);
#5959=ORIENTED_EDGE('',*,*,#7977,.T.);
#5960=ORIENTED_EDGE('',*,*,#9043,.T.);
#5961=ORIENTED_EDGE('',*,*,#9053,.F.);
#5962=ORIENTED_EDGE('',*,*,#9046,.F.);
#5963=ORIENTED_EDGE('',*,*,#9052,.T.);
#5964=ORIENTED_EDGE('',*,*,#9050,.T.);
#5965=ORIENTED_EDGE('',*,*,#7970,.F.);
#5966=ORIENTED_EDGE('',*,*,#9054,.T.);
#5967=ORIENTED_EDGE('',*,*,#9055,.T.);
#5968=ORIENTED_EDGE('',*,*,#9056,.F.);
#5969=ORIENTED_EDGE('',*,*,#9057,.T.);
#5970=ORIENTED_EDGE('',*,*,#9058,.T.);
#5971=ORIENTED_EDGE('',*,*,#9059,.T.);
#5972=ORIENTED_EDGE('',*,*,#9060,.F.);
#5973=ORIENTED_EDGE('',*,*,#9061,.F.);
#5974=ORIENTED_EDGE('',*,*,#9055,.F.);
#5975=ORIENTED_EDGE('',*,*,#7967,.F.);
#5976=ORIENTED_EDGE('',*,*,#9062,.F.);
#5977=ORIENTED_EDGE('',*,*,#9063,.F.);
#5978=ORIENTED_EDGE('',*,*,#9064,.T.);
#5979=ORIENTED_EDGE('',*,*,#7968,.F.);
#5980=ORIENTED_EDGE('',*,*,#9064,.F.);
#5981=ORIENTED_EDGE('',*,*,#9065,.F.);
#5982=ORIENTED_EDGE('',*,*,#9058,.F.);
#5983=ORIENTED_EDGE('',*,*,#7969,.F.);
#5984=ORIENTED_EDGE('',*,*,#9057,.F.);
#5985=ORIENTED_EDGE('',*,*,#9054,.F.);
#5986=ORIENTED_EDGE('',*,*,#9062,.T.);
#5987=ORIENTED_EDGE('',*,*,#7972,.T.);
#5988=ORIENTED_EDGE('',*,*,#9060,.T.);
#5989=ORIENTED_EDGE('',*,*,#9066,.T.);
#5990=ORIENTED_EDGE('',*,*,#9061,.T.);
#5991=ORIENTED_EDGE('',*,*,#7971,.T.);
#5992=ORIENTED_EDGE('',*,*,#9056,.T.);
#5993=ORIENTED_EDGE('',*,*,#9066,.F.);
#5994=ORIENTED_EDGE('',*,*,#9059,.F.);
#5995=ORIENTED_EDGE('',*,*,#9065,.T.);
#5996=ORIENTED_EDGE('',*,*,#9063,.T.);
#5997=ORIENTED_EDGE('',*,*,#7628,.F.);
#5998=ORIENTED_EDGE('',*,*,#9067,.F.);
#5999=ORIENTED_EDGE('',*,*,#9068,.F.);
#6000=ORIENTED_EDGE('',*,*,#9069,.T.);
#6001=ORIENTED_EDGE('',*,*,#7710,.T.);
#6002=ORIENTED_EDGE('',*,*,#7629,.T.);
#6003=ORIENTED_EDGE('',*,*,#9069,.F.);
#6004=ORIENTED_EDGE('',*,*,#9070,.F.);
#6005=ORIENTED_EDGE('',*,*,#9071,.F.);
#6006=ORIENTED_EDGE('',*,*,#9072,.F.);
#6007=ORIENTED_EDGE('',*,*,#9073,.F.);
#6008=ORIENTED_EDGE('',*,*,#7627,.F.);
#6009=ORIENTED_EDGE('',*,*,#7712,.F.);
#6010=ORIENTED_EDGE('',*,*,#9074,.T.);
#6011=ORIENTED_EDGE('',*,*,#9075,.T.);
#6012=ORIENTED_EDGE('',*,*,#9076,.T.);
#6013=ORIENTED_EDGE('',*,*,#9077,.T.);
#6014=ORIENTED_EDGE('',*,*,#9067,.T.);
#6015=ORIENTED_EDGE('',*,*,#9076,.F.);
#6016=ORIENTED_EDGE('',*,*,#9078,.F.);
#6017=ORIENTED_EDGE('',*,*,#9071,.T.);
#6018=ORIENTED_EDGE('',*,*,#9079,.T.);
#6019=ORIENTED_EDGE('',*,*,#9077,.F.);
#6020=ORIENTED_EDGE('',*,*,#9079,.F.);
#6021=ORIENTED_EDGE('',*,*,#9070,.T.);
#6022=ORIENTED_EDGE('',*,*,#9068,.T.);
#6023=ORIENTED_EDGE('',*,*,#9074,.F.);
#6024=ORIENTED_EDGE('',*,*,#7711,.F.);
#6025=ORIENTED_EDGE('',*,*,#9073,.T.);
#6026=ORIENTED_EDGE('',*,*,#9080,.T.);
#6027=ORIENTED_EDGE('',*,*,#9075,.F.);
#6028=ORIENTED_EDGE('',*,*,#9080,.F.);
#6029=ORIENTED_EDGE('',*,*,#9072,.T.);
#6030=ORIENTED_EDGE('',*,*,#9078,.T.);
#6031=ORIENTED_EDGE('',*,*,#7624,.F.);
#6032=ORIENTED_EDGE('',*,*,#9081,.F.);
#6033=ORIENTED_EDGE('',*,*,#9082,.F.);
#6034=ORIENTED_EDGE('',*,*,#9083,.T.);
#6035=ORIENTED_EDGE('',*,*,#7713,.T.);
#6036=ORIENTED_EDGE('',*,*,#7625,.T.);
#6037=ORIENTED_EDGE('',*,*,#9083,.F.);
#6038=ORIENTED_EDGE('',*,*,#9084,.F.);
#6039=ORIENTED_EDGE('',*,*,#9085,.F.);
#6040=ORIENTED_EDGE('',*,*,#9086,.F.);
#6041=ORIENTED_EDGE('',*,*,#9087,.F.);
#6042=ORIENTED_EDGE('',*,*,#7623,.F.);
#6043=ORIENTED_EDGE('',*,*,#7715,.F.);
#6044=ORIENTED_EDGE('',*,*,#9088,.T.);
#6045=ORIENTED_EDGE('',*,*,#9089,.T.);
#6046=ORIENTED_EDGE('',*,*,#9090,.T.);
#6047=ORIENTED_EDGE('',*,*,#9091,.T.);
#6048=ORIENTED_EDGE('',*,*,#9081,.T.);
#6049=ORIENTED_EDGE('',*,*,#9090,.F.);
#6050=ORIENTED_EDGE('',*,*,#9092,.F.);
#6051=ORIENTED_EDGE('',*,*,#9085,.T.);
#6052=ORIENTED_EDGE('',*,*,#9093,.T.);
#6053=ORIENTED_EDGE('',*,*,#9091,.F.);
#6054=ORIENTED_EDGE('',*,*,#9093,.F.);
#6055=ORIENTED_EDGE('',*,*,#9084,.T.);
#6056=ORIENTED_EDGE('',*,*,#9082,.T.);
#6057=ORIENTED_EDGE('',*,*,#9088,.F.);
#6058=ORIENTED_EDGE('',*,*,#7714,.F.);
#6059=ORIENTED_EDGE('',*,*,#9087,.T.);
#6060=ORIENTED_EDGE('',*,*,#9094,.T.);
#6061=ORIENTED_EDGE('',*,*,#9089,.F.);
#6062=ORIENTED_EDGE('',*,*,#9094,.F.);
#6063=ORIENTED_EDGE('',*,*,#9086,.T.);
#6064=ORIENTED_EDGE('',*,*,#9092,.T.);
#6065=ORIENTED_EDGE('',*,*,#7620,.F.);
#6066=ORIENTED_EDGE('',*,*,#9095,.F.);
#6067=ORIENTED_EDGE('',*,*,#9096,.F.);
#6068=ORIENTED_EDGE('',*,*,#9097,.T.);
#6069=ORIENTED_EDGE('',*,*,#7716,.T.);
#6070=ORIENTED_EDGE('',*,*,#7621,.T.);
#6071=ORIENTED_EDGE('',*,*,#9097,.F.);
#6072=ORIENTED_EDGE('',*,*,#9098,.F.);
#6073=ORIENTED_EDGE('',*,*,#9099,.F.);
#6074=ORIENTED_EDGE('',*,*,#9100,.F.);
#6075=ORIENTED_EDGE('',*,*,#9101,.F.);
#6076=ORIENTED_EDGE('',*,*,#7619,.F.);
#6077=ORIENTED_EDGE('',*,*,#7718,.F.);
#6078=ORIENTED_EDGE('',*,*,#9102,.T.);
#6079=ORIENTED_EDGE('',*,*,#9103,.T.);
#6080=ORIENTED_EDGE('',*,*,#9104,.T.);
#6081=ORIENTED_EDGE('',*,*,#9105,.T.);
#6082=ORIENTED_EDGE('',*,*,#9095,.T.);
#6083=ORIENTED_EDGE('',*,*,#9104,.F.);
#6084=ORIENTED_EDGE('',*,*,#9106,.F.);
#6085=ORIENTED_EDGE('',*,*,#9099,.T.);
#6086=ORIENTED_EDGE('',*,*,#9107,.T.);
#6087=ORIENTED_EDGE('',*,*,#9105,.F.);
#6088=ORIENTED_EDGE('',*,*,#9107,.F.);
#6089=ORIENTED_EDGE('',*,*,#9098,.T.);
#6090=ORIENTED_EDGE('',*,*,#9096,.T.);
#6091=ORIENTED_EDGE('',*,*,#9102,.F.);
#6092=ORIENTED_EDGE('',*,*,#7717,.F.);
#6093=ORIENTED_EDGE('',*,*,#9101,.T.);
#6094=ORIENTED_EDGE('',*,*,#9108,.T.);
#6095=ORIENTED_EDGE('',*,*,#9103,.F.);
#6096=ORIENTED_EDGE('',*,*,#9108,.F.);
#6097=ORIENTED_EDGE('',*,*,#9100,.T.);
#6098=ORIENTED_EDGE('',*,*,#9106,.T.);
#6099=ORIENTED_EDGE('',*,*,#7616,.F.);
#6100=ORIENTED_EDGE('',*,*,#9109,.F.);
#6101=ORIENTED_EDGE('',*,*,#9110,.F.);
#6102=ORIENTED_EDGE('',*,*,#9111,.T.);
#6103=ORIENTED_EDGE('',*,*,#7719,.T.);
#6104=ORIENTED_EDGE('',*,*,#7617,.T.);
#6105=ORIENTED_EDGE('',*,*,#9111,.F.);
#6106=ORIENTED_EDGE('',*,*,#9112,.F.);
#6107=ORIENTED_EDGE('',*,*,#9113,.F.);
#6108=ORIENTED_EDGE('',*,*,#9114,.F.);
#6109=ORIENTED_EDGE('',*,*,#9115,.F.);
#6110=ORIENTED_EDGE('',*,*,#7615,.F.);
#6111=ORIENTED_EDGE('',*,*,#7721,.F.);
#6112=ORIENTED_EDGE('',*,*,#9116,.T.);
#6113=ORIENTED_EDGE('',*,*,#9117,.T.);
#6114=ORIENTED_EDGE('',*,*,#9118,.T.);
#6115=ORIENTED_EDGE('',*,*,#9119,.T.);
#6116=ORIENTED_EDGE('',*,*,#9109,.T.);
#6117=ORIENTED_EDGE('',*,*,#9118,.F.);
#6118=ORIENTED_EDGE('',*,*,#9120,.F.);
#6119=ORIENTED_EDGE('',*,*,#9113,.T.);
#6120=ORIENTED_EDGE('',*,*,#9121,.T.);
#6121=ORIENTED_EDGE('',*,*,#9119,.F.);
#6122=ORIENTED_EDGE('',*,*,#9121,.F.);
#6123=ORIENTED_EDGE('',*,*,#9112,.T.);
#6124=ORIENTED_EDGE('',*,*,#9110,.T.);
#6125=ORIENTED_EDGE('',*,*,#9116,.F.);
#6126=ORIENTED_EDGE('',*,*,#7720,.F.);
#6127=ORIENTED_EDGE('',*,*,#9115,.T.);
#6128=ORIENTED_EDGE('',*,*,#9122,.T.);
#6129=ORIENTED_EDGE('',*,*,#9117,.F.);
#6130=ORIENTED_EDGE('',*,*,#9122,.F.);
#6131=ORIENTED_EDGE('',*,*,#9114,.T.);
#6132=ORIENTED_EDGE('',*,*,#9120,.T.);
#6133=ORIENTED_EDGE('',*,*,#7612,.F.);
#6134=ORIENTED_EDGE('',*,*,#9123,.F.);
#6135=ORIENTED_EDGE('',*,*,#9124,.F.);
#6136=ORIENTED_EDGE('',*,*,#9125,.T.);
#6137=ORIENTED_EDGE('',*,*,#7722,.T.);
#6138=ORIENTED_EDGE('',*,*,#7613,.T.);
#6139=ORIENTED_EDGE('',*,*,#9125,.F.);
#6140=ORIENTED_EDGE('',*,*,#9126,.F.);
#6141=ORIENTED_EDGE('',*,*,#9127,.F.);
#6142=ORIENTED_EDGE('',*,*,#9128,.F.);
#6143=ORIENTED_EDGE('',*,*,#9129,.F.);
#6144=ORIENTED_EDGE('',*,*,#7611,.F.);
#6145=ORIENTED_EDGE('',*,*,#7724,.F.);
#6146=ORIENTED_EDGE('',*,*,#9130,.T.);
#6147=ORIENTED_EDGE('',*,*,#9131,.T.);
#6148=ORIENTED_EDGE('',*,*,#9132,.T.);
#6149=ORIENTED_EDGE('',*,*,#9133,.T.);
#6150=ORIENTED_EDGE('',*,*,#9123,.T.);
#6151=ORIENTED_EDGE('',*,*,#9132,.F.);
#6152=ORIENTED_EDGE('',*,*,#9134,.F.);
#6153=ORIENTED_EDGE('',*,*,#9127,.T.);
#6154=ORIENTED_EDGE('',*,*,#9135,.T.);
#6155=ORIENTED_EDGE('',*,*,#9133,.F.);
#6156=ORIENTED_EDGE('',*,*,#9135,.F.);
#6157=ORIENTED_EDGE('',*,*,#9126,.T.);
#6158=ORIENTED_EDGE('',*,*,#9124,.T.);
#6159=ORIENTED_EDGE('',*,*,#9130,.F.);
#6160=ORIENTED_EDGE('',*,*,#7723,.F.);
#6161=ORIENTED_EDGE('',*,*,#9129,.T.);
#6162=ORIENTED_EDGE('',*,*,#9136,.T.);
#6163=ORIENTED_EDGE('',*,*,#9131,.F.);
#6164=ORIENTED_EDGE('',*,*,#9136,.F.);
#6165=ORIENTED_EDGE('',*,*,#9128,.T.);
#6166=ORIENTED_EDGE('',*,*,#9134,.T.);
#6167=ORIENTED_EDGE('',*,*,#7608,.F.);
#6168=ORIENTED_EDGE('',*,*,#9137,.F.);
#6169=ORIENTED_EDGE('',*,*,#9138,.F.);
#6170=ORIENTED_EDGE('',*,*,#9139,.T.);
#6171=ORIENTED_EDGE('',*,*,#7725,.T.);
#6172=ORIENTED_EDGE('',*,*,#7609,.T.);
#6173=ORIENTED_EDGE('',*,*,#9139,.F.);
#6174=ORIENTED_EDGE('',*,*,#9140,.F.);
#6175=ORIENTED_EDGE('',*,*,#9141,.F.);
#6176=ORIENTED_EDGE('',*,*,#9142,.F.);
#6177=ORIENTED_EDGE('',*,*,#9143,.F.);
#6178=ORIENTED_EDGE('',*,*,#7607,.F.);
#6179=ORIENTED_EDGE('',*,*,#7727,.F.);
#6180=ORIENTED_EDGE('',*,*,#9144,.T.);
#6181=ORIENTED_EDGE('',*,*,#9145,.T.);
#6182=ORIENTED_EDGE('',*,*,#9146,.T.);
#6183=ORIENTED_EDGE('',*,*,#9147,.T.);
#6184=ORIENTED_EDGE('',*,*,#9137,.T.);
#6185=ORIENTED_EDGE('',*,*,#9146,.F.);
#6186=ORIENTED_EDGE('',*,*,#9148,.F.);
#6187=ORIENTED_EDGE('',*,*,#9141,.T.);
#6188=ORIENTED_EDGE('',*,*,#9149,.T.);
#6189=ORIENTED_EDGE('',*,*,#9147,.F.);
#6190=ORIENTED_EDGE('',*,*,#9149,.F.);
#6191=ORIENTED_EDGE('',*,*,#9140,.T.);
#6192=ORIENTED_EDGE('',*,*,#9138,.T.);
#6193=ORIENTED_EDGE('',*,*,#9144,.F.);
#6194=ORIENTED_EDGE('',*,*,#7726,.F.);
#6195=ORIENTED_EDGE('',*,*,#9143,.T.);
#6196=ORIENTED_EDGE('',*,*,#9150,.T.);
#6197=ORIENTED_EDGE('',*,*,#9145,.F.);
#6198=ORIENTED_EDGE('',*,*,#9150,.F.);
#6199=ORIENTED_EDGE('',*,*,#9142,.T.);
#6200=ORIENTED_EDGE('',*,*,#9148,.T.);
#6201=ORIENTED_EDGE('',*,*,#7604,.F.);
#6202=ORIENTED_EDGE('',*,*,#9151,.F.);
#6203=ORIENTED_EDGE('',*,*,#9152,.F.);
#6204=ORIENTED_EDGE('',*,*,#9153,.T.);
#6205=ORIENTED_EDGE('',*,*,#7728,.T.);
#6206=ORIENTED_EDGE('',*,*,#7605,.T.);
#6207=ORIENTED_EDGE('',*,*,#9153,.F.);
#6208=ORIENTED_EDGE('',*,*,#9154,.F.);
#6209=ORIENTED_EDGE('',*,*,#9155,.F.);
#6210=ORIENTED_EDGE('',*,*,#9156,.F.);
#6211=ORIENTED_EDGE('',*,*,#9157,.F.);
#6212=ORIENTED_EDGE('',*,*,#7603,.F.);
#6213=ORIENTED_EDGE('',*,*,#7730,.F.);
#6214=ORIENTED_EDGE('',*,*,#9158,.T.);
#6215=ORIENTED_EDGE('',*,*,#9159,.T.);
#6216=ORIENTED_EDGE('',*,*,#9160,.T.);
#6217=ORIENTED_EDGE('',*,*,#9161,.T.);
#6218=ORIENTED_EDGE('',*,*,#9151,.T.);
#6219=ORIENTED_EDGE('',*,*,#9160,.F.);
#6220=ORIENTED_EDGE('',*,*,#9162,.F.);
#6221=ORIENTED_EDGE('',*,*,#9155,.T.);
#6222=ORIENTED_EDGE('',*,*,#9163,.T.);
#6223=ORIENTED_EDGE('',*,*,#9161,.F.);
#6224=ORIENTED_EDGE('',*,*,#9163,.F.);
#6225=ORIENTED_EDGE('',*,*,#9154,.T.);
#6226=ORIENTED_EDGE('',*,*,#9152,.T.);
#6227=ORIENTED_EDGE('',*,*,#9158,.F.);
#6228=ORIENTED_EDGE('',*,*,#7729,.F.);
#6229=ORIENTED_EDGE('',*,*,#9157,.T.);
#6230=ORIENTED_EDGE('',*,*,#9164,.T.);
#6231=ORIENTED_EDGE('',*,*,#9159,.F.);
#6232=ORIENTED_EDGE('',*,*,#9164,.F.);
#6233=ORIENTED_EDGE('',*,*,#9156,.T.);
#6234=ORIENTED_EDGE('',*,*,#9162,.T.);
#6235=ORIENTED_EDGE('',*,*,#7600,.F.);
#6236=ORIENTED_EDGE('',*,*,#9165,.F.);
#6237=ORIENTED_EDGE('',*,*,#9166,.F.);
#6238=ORIENTED_EDGE('',*,*,#9167,.T.);
#6239=ORIENTED_EDGE('',*,*,#7731,.T.);
#6240=ORIENTED_EDGE('',*,*,#7601,.T.);
#6241=ORIENTED_EDGE('',*,*,#9167,.F.);
#6242=ORIENTED_EDGE('',*,*,#9168,.F.);
#6243=ORIENTED_EDGE('',*,*,#9169,.F.);
#6244=ORIENTED_EDGE('',*,*,#9170,.F.);
#6245=ORIENTED_EDGE('',*,*,#9171,.F.);
#6246=ORIENTED_EDGE('',*,*,#7599,.F.);
#6247=ORIENTED_EDGE('',*,*,#7733,.F.);
#6248=ORIENTED_EDGE('',*,*,#9172,.T.);
#6249=ORIENTED_EDGE('',*,*,#9173,.T.);
#6250=ORIENTED_EDGE('',*,*,#9174,.T.);
#6251=ORIENTED_EDGE('',*,*,#9175,.T.);
#6252=ORIENTED_EDGE('',*,*,#9165,.T.);
#6253=ORIENTED_EDGE('',*,*,#9174,.F.);
#6254=ORIENTED_EDGE('',*,*,#9176,.F.);
#6255=ORIENTED_EDGE('',*,*,#9169,.T.);
#6256=ORIENTED_EDGE('',*,*,#9177,.T.);
#6257=ORIENTED_EDGE('',*,*,#9175,.F.);
#6258=ORIENTED_EDGE('',*,*,#9177,.F.);
#6259=ORIENTED_EDGE('',*,*,#9168,.T.);
#6260=ORIENTED_EDGE('',*,*,#9166,.T.);
#6261=ORIENTED_EDGE('',*,*,#9172,.F.);
#6262=ORIENTED_EDGE('',*,*,#7732,.F.);
#6263=ORIENTED_EDGE('',*,*,#9171,.T.);
#6264=ORIENTED_EDGE('',*,*,#9178,.T.);
#6265=ORIENTED_EDGE('',*,*,#9173,.F.);
#6266=ORIENTED_EDGE('',*,*,#9178,.F.);
#6267=ORIENTED_EDGE('',*,*,#9170,.T.);
#6268=ORIENTED_EDGE('',*,*,#9176,.T.);
#6269=ORIENTED_EDGE('',*,*,#7596,.F.);
#6270=ORIENTED_EDGE('',*,*,#9179,.F.);
#6271=ORIENTED_EDGE('',*,*,#9180,.F.);
#6272=ORIENTED_EDGE('',*,*,#9181,.T.);
#6273=ORIENTED_EDGE('',*,*,#7734,.T.);
#6274=ORIENTED_EDGE('',*,*,#7597,.T.);
#6275=ORIENTED_EDGE('',*,*,#9181,.F.);
#6276=ORIENTED_EDGE('',*,*,#9182,.F.);
#6277=ORIENTED_EDGE('',*,*,#9183,.F.);
#6278=ORIENTED_EDGE('',*,*,#9184,.F.);
#6279=ORIENTED_EDGE('',*,*,#9185,.F.);
#6280=ORIENTED_EDGE('',*,*,#7595,.F.);
#6281=ORIENTED_EDGE('',*,*,#7736,.F.);
#6282=ORIENTED_EDGE('',*,*,#9186,.T.);
#6283=ORIENTED_EDGE('',*,*,#9187,.T.);
#6284=ORIENTED_EDGE('',*,*,#9188,.T.);
#6285=ORIENTED_EDGE('',*,*,#9189,.T.);
#6286=ORIENTED_EDGE('',*,*,#9179,.T.);
#6287=ORIENTED_EDGE('',*,*,#9188,.F.);
#6288=ORIENTED_EDGE('',*,*,#9190,.F.);
#6289=ORIENTED_EDGE('',*,*,#9183,.T.);
#6290=ORIENTED_EDGE('',*,*,#9191,.T.);
#6291=ORIENTED_EDGE('',*,*,#9189,.F.);
#6292=ORIENTED_EDGE('',*,*,#9191,.F.);
#6293=ORIENTED_EDGE('',*,*,#9182,.T.);
#6294=ORIENTED_EDGE('',*,*,#9180,.T.);
#6295=ORIENTED_EDGE('',*,*,#9186,.F.);
#6296=ORIENTED_EDGE('',*,*,#7735,.F.);
#6297=ORIENTED_EDGE('',*,*,#9185,.T.);
#6298=ORIENTED_EDGE('',*,*,#9192,.T.);
#6299=ORIENTED_EDGE('',*,*,#9187,.F.);
#6300=ORIENTED_EDGE('',*,*,#9192,.F.);
#6301=ORIENTED_EDGE('',*,*,#9184,.T.);
#6302=ORIENTED_EDGE('',*,*,#9190,.T.);
#6303=ORIENTED_EDGE('',*,*,#7592,.F.);
#6304=ORIENTED_EDGE('',*,*,#9193,.F.);
#6305=ORIENTED_EDGE('',*,*,#9194,.F.);
#6306=ORIENTED_EDGE('',*,*,#9195,.T.);
#6307=ORIENTED_EDGE('',*,*,#7737,.T.);
#6308=ORIENTED_EDGE('',*,*,#7593,.T.);
#6309=ORIENTED_EDGE('',*,*,#9195,.F.);
#6310=ORIENTED_EDGE('',*,*,#9196,.F.);
#6311=ORIENTED_EDGE('',*,*,#9197,.F.);
#6312=ORIENTED_EDGE('',*,*,#9198,.F.);
#6313=ORIENTED_EDGE('',*,*,#9199,.F.);
#6314=ORIENTED_EDGE('',*,*,#7591,.F.);
#6315=ORIENTED_EDGE('',*,*,#7739,.F.);
#6316=ORIENTED_EDGE('',*,*,#9200,.T.);
#6317=ORIENTED_EDGE('',*,*,#9201,.T.);
#6318=ORIENTED_EDGE('',*,*,#9202,.T.);
#6319=ORIENTED_EDGE('',*,*,#9203,.T.);
#6320=ORIENTED_EDGE('',*,*,#9193,.T.);
#6321=ORIENTED_EDGE('',*,*,#9202,.F.);
#6322=ORIENTED_EDGE('',*,*,#9204,.F.);
#6323=ORIENTED_EDGE('',*,*,#9197,.T.);
#6324=ORIENTED_EDGE('',*,*,#9205,.T.);
#6325=ORIENTED_EDGE('',*,*,#9203,.F.);
#6326=ORIENTED_EDGE('',*,*,#9205,.F.);
#6327=ORIENTED_EDGE('',*,*,#9196,.T.);
#6328=ORIENTED_EDGE('',*,*,#9194,.T.);
#6329=ORIENTED_EDGE('',*,*,#9200,.F.);
#6330=ORIENTED_EDGE('',*,*,#7738,.F.);
#6331=ORIENTED_EDGE('',*,*,#9199,.T.);
#6332=ORIENTED_EDGE('',*,*,#9206,.T.);
#6333=ORIENTED_EDGE('',*,*,#9201,.F.);
#6334=ORIENTED_EDGE('',*,*,#9206,.F.);
#6335=ORIENTED_EDGE('',*,*,#9198,.T.);
#6336=ORIENTED_EDGE('',*,*,#9204,.T.);
#6337=ORIENTED_EDGE('',*,*,#7588,.F.);
#6338=ORIENTED_EDGE('',*,*,#9207,.F.);
#6339=ORIENTED_EDGE('',*,*,#9208,.F.);
#6340=ORIENTED_EDGE('',*,*,#9209,.T.);
#6341=ORIENTED_EDGE('',*,*,#7740,.T.);
#6342=ORIENTED_EDGE('',*,*,#7589,.T.);
#6343=ORIENTED_EDGE('',*,*,#9209,.F.);
#6344=ORIENTED_EDGE('',*,*,#9210,.F.);
#6345=ORIENTED_EDGE('',*,*,#9211,.F.);
#6346=ORIENTED_EDGE('',*,*,#9212,.F.);
#6347=ORIENTED_EDGE('',*,*,#9213,.F.);
#6348=ORIENTED_EDGE('',*,*,#7587,.F.);
#6349=ORIENTED_EDGE('',*,*,#7742,.F.);
#6350=ORIENTED_EDGE('',*,*,#9214,.T.);
#6351=ORIENTED_EDGE('',*,*,#9215,.T.);
#6352=ORIENTED_EDGE('',*,*,#9216,.T.);
#6353=ORIENTED_EDGE('',*,*,#9217,.T.);
#6354=ORIENTED_EDGE('',*,*,#9207,.T.);
#6355=ORIENTED_EDGE('',*,*,#9216,.F.);
#6356=ORIENTED_EDGE('',*,*,#9218,.F.);
#6357=ORIENTED_EDGE('',*,*,#9211,.T.);
#6358=ORIENTED_EDGE('',*,*,#9219,.T.);
#6359=ORIENTED_EDGE('',*,*,#9217,.F.);
#6360=ORIENTED_EDGE('',*,*,#9219,.F.);
#6361=ORIENTED_EDGE('',*,*,#9210,.T.);
#6362=ORIENTED_EDGE('',*,*,#9208,.T.);
#6363=ORIENTED_EDGE('',*,*,#9214,.F.);
#6364=ORIENTED_EDGE('',*,*,#7741,.F.);
#6365=ORIENTED_EDGE('',*,*,#9213,.T.);
#6366=ORIENTED_EDGE('',*,*,#9220,.T.);
#6367=ORIENTED_EDGE('',*,*,#9215,.F.);
#6368=ORIENTED_EDGE('',*,*,#9220,.F.);
#6369=ORIENTED_EDGE('',*,*,#9212,.T.);
#6370=ORIENTED_EDGE('',*,*,#9218,.T.);
#6371=ORIENTED_EDGE('',*,*,#7584,.F.);
#6372=ORIENTED_EDGE('',*,*,#9221,.F.);
#6373=ORIENTED_EDGE('',*,*,#9222,.F.);
#6374=ORIENTED_EDGE('',*,*,#9223,.T.);
#6375=ORIENTED_EDGE('',*,*,#7743,.T.);
#6376=ORIENTED_EDGE('',*,*,#7585,.T.);
#6377=ORIENTED_EDGE('',*,*,#9223,.F.);
#6378=ORIENTED_EDGE('',*,*,#9224,.F.);
#6379=ORIENTED_EDGE('',*,*,#9225,.F.);
#6380=ORIENTED_EDGE('',*,*,#9226,.F.);
#6381=ORIENTED_EDGE('',*,*,#9227,.F.);
#6382=ORIENTED_EDGE('',*,*,#7583,.F.);
#6383=ORIENTED_EDGE('',*,*,#7745,.F.);
#6384=ORIENTED_EDGE('',*,*,#9228,.T.);
#6385=ORIENTED_EDGE('',*,*,#9229,.T.);
#6386=ORIENTED_EDGE('',*,*,#9230,.T.);
#6387=ORIENTED_EDGE('',*,*,#9231,.T.);
#6388=ORIENTED_EDGE('',*,*,#9221,.T.);
#6389=ORIENTED_EDGE('',*,*,#9230,.F.);
#6390=ORIENTED_EDGE('',*,*,#9232,.F.);
#6391=ORIENTED_EDGE('',*,*,#9225,.T.);
#6392=ORIENTED_EDGE('',*,*,#9233,.T.);
#6393=ORIENTED_EDGE('',*,*,#9231,.F.);
#6394=ORIENTED_EDGE('',*,*,#9233,.F.);
#6395=ORIENTED_EDGE('',*,*,#9224,.T.);
#6396=ORIENTED_EDGE('',*,*,#9222,.T.);
#6397=ORIENTED_EDGE('',*,*,#9228,.F.);
#6398=ORIENTED_EDGE('',*,*,#7744,.F.);
#6399=ORIENTED_EDGE('',*,*,#9227,.T.);
#6400=ORIENTED_EDGE('',*,*,#9234,.T.);
#6401=ORIENTED_EDGE('',*,*,#9229,.F.);
#6402=ORIENTED_EDGE('',*,*,#9234,.F.);
#6403=ORIENTED_EDGE('',*,*,#9226,.T.);
#6404=ORIENTED_EDGE('',*,*,#9232,.T.);
#6405=ORIENTED_EDGE('',*,*,#7580,.F.);
#6406=ORIENTED_EDGE('',*,*,#9235,.F.);
#6407=ORIENTED_EDGE('',*,*,#9236,.F.);
#6408=ORIENTED_EDGE('',*,*,#9237,.T.);
#6409=ORIENTED_EDGE('',*,*,#7746,.T.);
#6410=ORIENTED_EDGE('',*,*,#7581,.T.);
#6411=ORIENTED_EDGE('',*,*,#9237,.F.);
#6412=ORIENTED_EDGE('',*,*,#9238,.F.);
#6413=ORIENTED_EDGE('',*,*,#9239,.F.);
#6414=ORIENTED_EDGE('',*,*,#9240,.F.);
#6415=ORIENTED_EDGE('',*,*,#9241,.F.);
#6416=ORIENTED_EDGE('',*,*,#7579,.F.);
#6417=ORIENTED_EDGE('',*,*,#7748,.F.);
#6418=ORIENTED_EDGE('',*,*,#9242,.T.);
#6419=ORIENTED_EDGE('',*,*,#9243,.T.);
#6420=ORIENTED_EDGE('',*,*,#9244,.T.);
#6421=ORIENTED_EDGE('',*,*,#9245,.T.);
#6422=ORIENTED_EDGE('',*,*,#9235,.T.);
#6423=ORIENTED_EDGE('',*,*,#9244,.F.);
#6424=ORIENTED_EDGE('',*,*,#9246,.F.);
#6425=ORIENTED_EDGE('',*,*,#9239,.T.);
#6426=ORIENTED_EDGE('',*,*,#9247,.T.);
#6427=ORIENTED_EDGE('',*,*,#9245,.F.);
#6428=ORIENTED_EDGE('',*,*,#9247,.F.);
#6429=ORIENTED_EDGE('',*,*,#9238,.T.);
#6430=ORIENTED_EDGE('',*,*,#9236,.T.);
#6431=ORIENTED_EDGE('',*,*,#9242,.F.);
#6432=ORIENTED_EDGE('',*,*,#7747,.F.);
#6433=ORIENTED_EDGE('',*,*,#9241,.T.);
#6434=ORIENTED_EDGE('',*,*,#9248,.T.);
#6435=ORIENTED_EDGE('',*,*,#9243,.F.);
#6436=ORIENTED_EDGE('',*,*,#9248,.F.);
#6437=ORIENTED_EDGE('',*,*,#9240,.T.);
#6438=ORIENTED_EDGE('',*,*,#9246,.T.);
#6439=ORIENTED_EDGE('',*,*,#7700,.F.);
#6440=ORIENTED_EDGE('',*,*,#9249,.F.);
#6441=ORIENTED_EDGE('',*,*,#9250,.F.);
#6442=ORIENTED_EDGE('',*,*,#9251,.T.);
#6443=ORIENTED_EDGE('',*,*,#7701,.T.);
#6444=ORIENTED_EDGE('',*,*,#7577,.T.);
#6445=ORIENTED_EDGE('',*,*,#9251,.F.);
#6446=ORIENTED_EDGE('',*,*,#9252,.F.);
#6447=ORIENTED_EDGE('',*,*,#9253,.F.);
#6448=ORIENTED_EDGE('',*,*,#9254,.F.);
#6449=ORIENTED_EDGE('',*,*,#9255,.F.);
#6450=ORIENTED_EDGE('',*,*,#7699,.F.);
#6451=ORIENTED_EDGE('',*,*,#7703,.F.);
#6452=ORIENTED_EDGE('',*,*,#9256,.T.);
#6453=ORIENTED_EDGE('',*,*,#9257,.T.);
#6454=ORIENTED_EDGE('',*,*,#9258,.T.);
#6455=ORIENTED_EDGE('',*,*,#9259,.T.);
#6456=ORIENTED_EDGE('',*,*,#9249,.T.);
#6457=ORIENTED_EDGE('',*,*,#9258,.F.);
#6458=ORIENTED_EDGE('',*,*,#9260,.F.);
#6459=ORIENTED_EDGE('',*,*,#9253,.T.);
#6460=ORIENTED_EDGE('',*,*,#9261,.T.);
#6461=ORIENTED_EDGE('',*,*,#9259,.F.);
#6462=ORIENTED_EDGE('',*,*,#9261,.F.);
#6463=ORIENTED_EDGE('',*,*,#9252,.T.);
#6464=ORIENTED_EDGE('',*,*,#9250,.T.);
#6465=ORIENTED_EDGE('',*,*,#9256,.F.);
#6466=ORIENTED_EDGE('',*,*,#7702,.F.);
#6467=ORIENTED_EDGE('',*,*,#9255,.T.);
#6468=ORIENTED_EDGE('',*,*,#9262,.T.);
#6469=ORIENTED_EDGE('',*,*,#9257,.F.);
#6470=ORIENTED_EDGE('',*,*,#9262,.F.);
#6471=ORIENTED_EDGE('',*,*,#9254,.T.);
#6472=ORIENTED_EDGE('',*,*,#9260,.T.);
#6473=VERTEX_POINT('',#17349);
#6474=VERTEX_POINT('',#17350);
#6475=VERTEX_POINT('',#17352);
#6476=VERTEX_POINT('',#17354);
#6477=VERTEX_POINT('',#17356);
#6478=VERTEX_POINT('',#17358);
#6479=VERTEX_POINT('',#17360);
#6480=VERTEX_POINT('',#17362);
#6481=VERTEX_POINT('',#17364);
#6482=VERTEX_POINT('',#17366);
#6483=VERTEX_POINT('',#17368);
#6484=VERTEX_POINT('',#17370);
#6485=VERTEX_POINT('',#17372);
#6486=VERTEX_POINT('',#17374);
#6487=VERTEX_POINT('',#17376);
#6488=VERTEX_POINT('',#17378);
#6489=VERTEX_POINT('',#17380);
#6490=VERTEX_POINT('',#17382);
#6491=VERTEX_POINT('',#17384);
#6492=VERTEX_POINT('',#17386);
#6493=VERTEX_POINT('',#17388);
#6494=VERTEX_POINT('',#17390);
#6495=VERTEX_POINT('',#17392);
#6496=VERTEX_POINT('',#17394);
#6497=VERTEX_POINT('',#17396);
#6498=VERTEX_POINT('',#17398);
#6499=VERTEX_POINT('',#17400);
#6500=VERTEX_POINT('',#17402);
#6501=VERTEX_POINT('',#17404);
#6502=VERTEX_POINT('',#17406);
#6503=VERTEX_POINT('',#17408);
#6504=VERTEX_POINT('',#17410);
#6505=VERTEX_POINT('',#17412);
#6506=VERTEX_POINT('',#17414);
#6507=VERTEX_POINT('',#17416);
#6508=VERTEX_POINT('',#17418);
#6509=VERTEX_POINT('',#17420);
#6510=VERTEX_POINT('',#17422);
#6511=VERTEX_POINT('',#17424);
#6512=VERTEX_POINT('',#17426);
#6513=VERTEX_POINT('',#17428);
#6514=VERTEX_POINT('',#17430);
#6515=VERTEX_POINT('',#17432);
#6516=VERTEX_POINT('',#17434);
#6517=VERTEX_POINT('',#17436);
#6518=VERTEX_POINT('',#17438);
#6519=VERTEX_POINT('',#17440);
#6520=VERTEX_POINT('',#17442);
#6521=VERTEX_POINT('',#17444);
#6522=VERTEX_POINT('',#17446);
#6523=VERTEX_POINT('',#17448);
#6524=VERTEX_POINT('',#17450);
#6525=VERTEX_POINT('',#17452);
#6526=VERTEX_POINT('',#17454);
#6527=VERTEX_POINT('',#17456);
#6528=VERTEX_POINT('',#17458);
#6529=VERTEX_POINT('',#17460);
#6530=VERTEX_POINT('',#17462);
#6531=VERTEX_POINT('',#17464);
#6532=VERTEX_POINT('',#17466);
#6533=VERTEX_POINT('',#17468);
#6534=VERTEX_POINT('',#17470);
#6535=VERTEX_POINT('',#17472);
#6536=VERTEX_POINT('',#17474);
#6537=VERTEX_POINT('',#17476);
#6538=VERTEX_POINT('',#17478);
#6539=VERTEX_POINT('',#17480);
#6540=VERTEX_POINT('',#17482);
#6541=VERTEX_POINT('',#17484);
#6542=VERTEX_POINT('',#17486);
#6543=VERTEX_POINT('',#17488);
#6544=VERTEX_POINT('',#17490);
#6545=VERTEX_POINT('',#17492);
#6546=VERTEX_POINT('',#17494);
#6547=VERTEX_POINT('',#17496);
#6548=VERTEX_POINT('',#17498);
#6549=VERTEX_POINT('',#17500);
#6550=VERTEX_POINT('',#17502);
#6551=VERTEX_POINT('',#17504);
#6552=VERTEX_POINT('',#17506);
#6553=VERTEX_POINT('',#17508);
#6554=VERTEX_POINT('',#17510);
#6555=VERTEX_POINT('',#17512);
#6556=VERTEX_POINT('',#17514);
#6557=VERTEX_POINT('',#17516);
#6558=VERTEX_POINT('',#17518);
#6559=VERTEX_POINT('',#17520);
#6560=VERTEX_POINT('',#17522);
#6561=VERTEX_POINT('',#17524);
#6562=VERTEX_POINT('',#17526);
#6563=VERTEX_POINT('',#17528);
#6564=VERTEX_POINT('',#17530);
#6565=VERTEX_POINT('',#17532);
#6566=VERTEX_POINT('',#17534);
#6567=VERTEX_POINT('',#17536);
#6568=VERTEX_POINT('',#17538);
#6569=VERTEX_POINT('',#17540);
#6570=VERTEX_POINT('',#17542);
#6571=VERTEX_POINT('',#17544);
#6572=VERTEX_POINT('',#17546);
#6573=VERTEX_POINT('',#17548);
#6574=VERTEX_POINT('',#17550);
#6575=VERTEX_POINT('',#17552);
#6576=VERTEX_POINT('',#17554);
#6577=VERTEX_POINT('',#17556);
#6578=VERTEX_POINT('',#17558);
#6579=VERTEX_POINT('',#17560);
#6580=VERTEX_POINT('',#17562);
#6581=VERTEX_POINT('',#17564);
#6582=VERTEX_POINT('',#17566);
#6583=VERTEX_POINT('',#17568);
#6584=VERTEX_POINT('',#17570);
#6585=VERTEX_POINT('',#17572);
#6586=VERTEX_POINT('',#17574);
#6587=VERTEX_POINT('',#17576);
#6588=VERTEX_POINT('',#17578);
#6589=VERTEX_POINT('',#17580);
#6590=VERTEX_POINT('',#17582);
#6591=VERTEX_POINT('',#17584);
#6592=VERTEX_POINT('',#17586);
#6593=VERTEX_POINT('',#17588);
#6594=VERTEX_POINT('',#17590);
#6595=VERTEX_POINT('',#17592);
#6596=VERTEX_POINT('',#17594);
#6597=VERTEX_POINT('',#17598);
#6598=VERTEX_POINT('',#17600);
#6599=VERTEX_POINT('',#17603);
#6600=VERTEX_POINT('',#17605);
#6601=VERTEX_POINT('',#17608);
#6602=VERTEX_POINT('',#17610);
#6603=VERTEX_POINT('',#17613);
#6604=VERTEX_POINT('',#17615);
#6605=VERTEX_POINT('',#17618);
#6606=VERTEX_POINT('',#17620);
#6607=VERTEX_POINT('',#17623);
#6608=VERTEX_POINT('',#17625);
#6609=VERTEX_POINT('',#17628);
#6610=VERTEX_POINT('',#17630);
#6611=VERTEX_POINT('',#17633);
#6612=VERTEX_POINT('',#17635);
#6613=VERTEX_POINT('',#17638);
#6614=VERTEX_POINT('',#17640);
#6615=VERTEX_POINT('',#17643);
#6616=VERTEX_POINT('',#17645);
#6617=VERTEX_POINT('',#17648);
#6618=VERTEX_POINT('',#17650);
#6619=VERTEX_POINT('',#17653);
#6620=VERTEX_POINT('',#17655);
#6621=VERTEX_POINT('',#17658);
#6622=VERTEX_POINT('',#17660);
#6623=VERTEX_POINT('',#17663);
#6624=VERTEX_POINT('',#17665);
#6625=VERTEX_POINT('',#17668);
#6626=VERTEX_POINT('',#17670);
#6627=VERTEX_POINT('',#17673);
#6628=VERTEX_POINT('',#17675);
#6629=VERTEX_POINT('',#17679);
#6630=VERTEX_POINT('',#17680);
#6631=VERTEX_POINT('',#17682);
#6632=VERTEX_POINT('',#17684);
#6633=VERTEX_POINT('',#17687);
#6634=VERTEX_POINT('',#17688);
#6635=VERTEX_POINT('',#17690);
#6636=VERTEX_POINT('',#17692);
#6637=VERTEX_POINT('',#17695);
#6638=VERTEX_POINT('',#17696);
#6639=VERTEX_POINT('',#17698);
#6640=VERTEX_POINT('',#17700);
#6641=VERTEX_POINT('',#17703);
#6642=VERTEX_POINT('',#17704);
#6643=VERTEX_POINT('',#17706);
#6644=VERTEX_POINT('',#17708);
#6645=VERTEX_POINT('',#17711);
#6646=VERTEX_POINT('',#17712);
#6647=VERTEX_POINT('',#17714);
#6648=VERTEX_POINT('',#17716);
#6649=VERTEX_POINT('',#17719);
#6650=VERTEX_POINT('',#17720);
#6651=VERTEX_POINT('',#17722);
#6652=VERTEX_POINT('',#17724);
#6653=VERTEX_POINT('',#17727);
#6654=VERTEX_POINT('',#17728);
#6655=VERTEX_POINT('',#17730);
#6656=VERTEX_POINT('',#17732);
#6657=VERTEX_POINT('',#17735);
#6658=VERTEX_POINT('',#17736);
#6659=VERTEX_POINT('',#17738);
#6660=VERTEX_POINT('',#17740);
#6661=VERTEX_POINT('',#17743);
#6662=VERTEX_POINT('',#17744);
#6663=VERTEX_POINT('',#17746);
#6664=VERTEX_POINT('',#17748);
#6665=VERTEX_POINT('',#17751);
#6666=VERTEX_POINT('',#17752);
#6667=VERTEX_POINT('',#17754);
#6668=VERTEX_POINT('',#17756);
#6669=VERTEX_POINT('',#17759);
#6670=VERTEX_POINT('',#17760);
#6671=VERTEX_POINT('',#17762);
#6672=VERTEX_POINT('',#17764);
#6673=VERTEX_POINT('',#17767);
#6674=VERTEX_POINT('',#17768);
#6675=VERTEX_POINT('',#17770);
#6676=VERTEX_POINT('',#17772);
#6677=VERTEX_POINT('',#17775);
#6678=VERTEX_POINT('',#17776);
#6679=VERTEX_POINT('',#17778);
#6680=VERTEX_POINT('',#17780);
#6681=VERTEX_POINT('',#17783);
#6682=VERTEX_POINT('',#17784);
#6683=VERTEX_POINT('',#17786);
#6684=VERTEX_POINT('',#17788);
#6685=VERTEX_POINT('',#17791);
#6686=VERTEX_POINT('',#17792);
#6687=VERTEX_POINT('',#17794);
#6688=VERTEX_POINT('',#17796);
#6689=VERTEX_POINT('',#17799);
#6690=VERTEX_POINT('',#17800);
#6691=VERTEX_POINT('',#17802);
#6692=VERTEX_POINT('',#17804);
#6693=VERTEX_POINT('',#17808);
#6694=VERTEX_POINT('',#17809);
#6695=VERTEX_POINT('',#17811);
#6696=VERTEX_POINT('',#17813);
#6697=VERTEX_POINT('',#17815);
#6698=VERTEX_POINT('',#17817);
#6699=VERTEX_POINT('',#17820);
#6700=VERTEX_POINT('',#17821);
#6701=VERTEX_POINT('',#17823);
#6702=VERTEX_POINT('',#17825);
#6703=VERTEX_POINT('',#17827);
#6704=VERTEX_POINT('',#17829);
#6705=VERTEX_POINT('',#17832);
#6706=VERTEX_POINT('',#17833);
#6707=VERTEX_POINT('',#17835);
#6708=VERTEX_POINT('',#17837);
#6709=VERTEX_POINT('',#17839);
#6710=VERTEX_POINT('',#17841);
#6711=VERTEX_POINT('',#17844);
#6712=VERTEX_POINT('',#17845);
#6713=VERTEX_POINT('',#17847);
#6714=VERTEX_POINT('',#17849);
#6715=VERTEX_POINT('',#17851);
#6716=VERTEX_POINT('',#17853);
#6717=VERTEX_POINT('',#17856);
#6718=VERTEX_POINT('',#17857);
#6719=VERTEX_POINT('',#17859);
#6720=VERTEX_POINT('',#17861);
#6721=VERTEX_POINT('',#17863);
#6722=VERTEX_POINT('',#17865);
#6723=VERTEX_POINT('',#17868);
#6724=VERTEX_POINT('',#17869);
#6725=VERTEX_POINT('',#17871);
#6726=VERTEX_POINT('',#17873);
#6727=VERTEX_POINT('',#17875);
#6728=VERTEX_POINT('',#17877);
#6729=VERTEX_POINT('',#17880);
#6730=VERTEX_POINT('',#17881);
#6731=VERTEX_POINT('',#17883);
#6732=VERTEX_POINT('',#17885);
#6733=VERTEX_POINT('',#17887);
#6734=VERTEX_POINT('',#17889);
#6735=VERTEX_POINT('',#17892);
#6736=VERTEX_POINT('',#17893);
#6737=VERTEX_POINT('',#17895);
#6738=VERTEX_POINT('',#17897);
#6739=VERTEX_POINT('',#17900);
#6740=VERTEX_POINT('',#17901);
#6741=VERTEX_POINT('',#17903);
#6742=VERTEX_POINT('',#17905);
#6743=VERTEX_POINT('',#17907);
#6744=VERTEX_POINT('',#17909);
#6745=VERTEX_POINT('',#17912);
#6746=VERTEX_POINT('',#17913);
#6747=VERTEX_POINT('',#17915);
#6748=VERTEX_POINT('',#17917);
#6749=VERTEX_POINT('',#17919);
#6750=VERTEX_POINT('',#17921);
#6751=VERTEX_POINT('',#17924);
#6752=VERTEX_POINT('',#17925);
#6753=VERTEX_POINT('',#17927);
#6754=VERTEX_POINT('',#17929);
#6755=VERTEX_POINT('',#17931);
#6756=VERTEX_POINT('',#17933);
#6757=VERTEX_POINT('',#17936);
#6758=VERTEX_POINT('',#17937);
#6759=VERTEX_POINT('',#17939);
#6760=VERTEX_POINT('',#17941);
#6761=VERTEX_POINT('',#17943);
#6762=VERTEX_POINT('',#17945);
#6763=VERTEX_POINT('',#17948);
#6764=VERTEX_POINT('',#17949);
#6765=VERTEX_POINT('',#17951);
#6766=VERTEX_POINT('',#17953);
#6767=VERTEX_POINT('',#17955);
#6768=VERTEX_POINT('',#17957);
#6769=VERTEX_POINT('',#17960);
#6770=VERTEX_POINT('',#17961);
#6771=VERTEX_POINT('',#17963);
#6772=VERTEX_POINT('',#17965);
#6773=VERTEX_POINT('',#17967);
#6774=VERTEX_POINT('',#17969);
#6775=VERTEX_POINT('',#17972);
#6776=VERTEX_POINT('',#17973);
#6777=VERTEX_POINT('',#17975);
#6778=VERTEX_POINT('',#17977);
#6779=VERTEX_POINT('',#17979);
#6780=VERTEX_POINT('',#17981);
#6781=VERTEX_POINT('',#17984);
#6782=VERTEX_POINT('',#17985);
#6783=VERTEX_POINT('',#17987);
#6784=VERTEX_POINT('',#17989);
#6785=VERTEX_POINT('',#17991);
#6786=VERTEX_POINT('',#17993);
#6787=VERTEX_POINT('',#17997);
#6788=VERTEX_POINT('',#17999);
#6789=VERTEX_POINT('',#18002);
#6790=VERTEX_POINT('',#18004);
#6791=VERTEX_POINT('',#18008);
#6792=VERTEX_POINT('',#18012);
#6793=VERTEX_POINT('',#18016);
#6794=VERTEX_POINT('',#18017);
#6795=VERTEX_POINT('',#18021);
#6796=VERTEX_POINT('',#18023);
#6797=VERTEX_POINT('',#18026);
#6798=VERTEX_POINT('',#18028);
#6799=VERTEX_POINT('',#18031);
#6800=VERTEX_POINT('',#18033);
#6801=VERTEX_POINT('',#18036);
#6802=VERTEX_POINT('',#18038);
#6803=VERTEX_POINT('',#18041);
#6804=VERTEX_POINT('',#18043);
#6805=VERTEX_POINT('',#18046);
#6806=VERTEX_POINT('',#18048);
#6807=VERTEX_POINT('',#18051);
#6808=VERTEX_POINT('',#18053);
#6809=VERTEX_POINT('',#18056);
#6810=VERTEX_POINT('',#18058);
#6811=VERTEX_POINT('',#18061);
#6812=VERTEX_POINT('',#18063);
#6813=VERTEX_POINT('',#18066);
#6814=VERTEX_POINT('',#18068);
#6815=VERTEX_POINT('',#18071);
#6816=VERTEX_POINT('',#18073);
#6817=VERTEX_POINT('',#18076);
#6818=VERTEX_POINT('',#18078);
#6819=VERTEX_POINT('',#18081);
#6820=VERTEX_POINT('',#18083);
#6821=VERTEX_POINT('',#18086);
#6822=VERTEX_POINT('',#18088);
#6823=VERTEX_POINT('',#18093);
#6824=VERTEX_POINT('',#18095);
#6825=VERTEX_POINT('',#18101);
#6826=VERTEX_POINT('',#18102);
#6827=VERTEX_POINT('',#18104);
#6828=VERTEX_POINT('',#18106);
#6829=VERTEX_POINT('',#18108);
#6830=VERTEX_POINT('',#18110);
#6831=VERTEX_POINT('',#18113);
#6832=VERTEX_POINT('',#18114);
#6833=VERTEX_POINT('',#18116);
#6834=VERTEX_POINT('',#18118);
#6835=VERTEX_POINT('',#18120);
#6836=VERTEX_POINT('',#18122);
#6837=VERTEX_POINT('',#18125);
#6838=VERTEX_POINT('',#18126);
#6839=VERTEX_POINT('',#18128);
#6840=VERTEX_POINT('',#18130);
#6841=VERTEX_POINT('',#18132);
#6842=VERTEX_POINT('',#18134);
#6843=VERTEX_POINT('',#18137);
#6844=VERTEX_POINT('',#18138);
#6845=VERTEX_POINT('',#18140);
#6846=VERTEX_POINT('',#18142);
#6847=VERTEX_POINT('',#18144);
#6848=VERTEX_POINT('',#18146);
#6849=VERTEX_POINT('',#18149);
#6850=VERTEX_POINT('',#18150);
#6851=VERTEX_POINT('',#18152);
#6852=VERTEX_POINT('',#18154);
#6853=VERTEX_POINT('',#18156);
#6854=VERTEX_POINT('',#18158);
#6855=VERTEX_POINT('',#18161);
#6856=VERTEX_POINT('',#18162);
#6857=VERTEX_POINT('',#18164);
#6858=VERTEX_POINT('',#18166);
#6859=VERTEX_POINT('',#18168);
#6860=VERTEX_POINT('',#18170);
#6861=VERTEX_POINT('',#18173);
#6862=VERTEX_POINT('',#18174);
#6863=VERTEX_POINT('',#18176);
#6864=VERTEX_POINT('',#18178);
#6865=VERTEX_POINT('',#18180);
#6866=VERTEX_POINT('',#18182);
#6867=VERTEX_POINT('',#18185);
#6868=VERTEX_POINT('',#18186);
#6869=VERTEX_POINT('',#18188);
#6870=VERTEX_POINT('',#18190);
#6871=VERTEX_POINT('',#18192);
#6872=VERTEX_POINT('',#18194);
#6873=VERTEX_POINT('',#18197);
#6874=VERTEX_POINT('',#18198);
#6875=VERTEX_POINT('',#18200);
#6876=VERTEX_POINT('',#18202);
#6877=VERTEX_POINT('',#18204);
#6878=VERTEX_POINT('',#18206);
#6879=VERTEX_POINT('',#18209);
#6880=VERTEX_POINT('',#18210);
#6881=VERTEX_POINT('',#18212);
#6882=VERTEX_POINT('',#18214);
#6883=VERTEX_POINT('',#18216);
#6884=VERTEX_POINT('',#18218);
#6885=VERTEX_POINT('',#18221);
#6886=VERTEX_POINT('',#18222);
#6887=VERTEX_POINT('',#18224);
#6888=VERTEX_POINT('',#18226);
#6889=VERTEX_POINT('',#18228);
#6890=VERTEX_POINT('',#18230);
#6891=VERTEX_POINT('',#18233);
#6892=VERTEX_POINT('',#18234);
#6893=VERTEX_POINT('',#18236);
#6894=VERTEX_POINT('',#18238);
#6895=VERTEX_POINT('',#18240);
#6896=VERTEX_POINT('',#18242);
#6897=VERTEX_POINT('',#18245);
#6898=VERTEX_POINT('',#18246);
#6899=VERTEX_POINT('',#18248);
#6900=VERTEX_POINT('',#18250);
#6901=VERTEX_POINT('',#18252);
#6902=VERTEX_POINT('',#18254);
#6903=VERTEX_POINT('',#18257);
#6904=VERTEX_POINT('',#18258);
#6905=VERTEX_POINT('',#18260);
#6906=VERTEX_POINT('',#18262);
#6907=VERTEX_POINT('',#18264);
#6908=VERTEX_POINT('',#18266);
#6909=VERTEX_POINT('',#18269);
#6910=VERTEX_POINT('',#18270);
#6911=VERTEX_POINT('',#18272);
#6912=VERTEX_POINT('',#18274);
#6913=VERTEX_POINT('',#18276);
#6914=VERTEX_POINT('',#18278);
#6915=VERTEX_POINT('',#18284);
#6916=VERTEX_POINT('',#18285);
#6917=VERTEX_POINT('',#18294);
#6918=VERTEX_POINT('',#18295);
#6919=VERTEX_POINT('',#18297);
#6920=VERTEX_POINT('',#18299);
#6921=VERTEX_POINT('',#18302);
#6922=VERTEX_POINT('',#18303);
#6923=VERTEX_POINT('',#18305);
#6924=VERTEX_POINT('',#18307);
#6925=VERTEX_POINT('',#18310);
#6926=VERTEX_POINT('',#18311);
#6927=VERTEX_POINT('',#18313);
#6928=VERTEX_POINT('',#18315);
#6929=VERTEX_POINT('',#18318);
#6930=VERTEX_POINT('',#18319);
#6931=VERTEX_POINT('',#18321);
#6932=VERTEX_POINT('',#18323);
#6933=VERTEX_POINT('',#18326);
#6934=VERTEX_POINT('',#18327);
#6935=VERTEX_POINT('',#18329);
#6936=VERTEX_POINT('',#18331);
#6937=VERTEX_POINT('',#18334);
#6938=VERTEX_POINT('',#18335);
#6939=VERTEX_POINT('',#18337);
#6940=VERTEX_POINT('',#18339);
#6941=VERTEX_POINT('',#18342);
#6942=VERTEX_POINT('',#18343);
#6943=VERTEX_POINT('',#18345);
#6944=VERTEX_POINT('',#18347);
#6945=VERTEX_POINT('',#18350);
#6946=VERTEX_POINT('',#18351);
#6947=VERTEX_POINT('',#18353);
#6948=VERTEX_POINT('',#18355);
#6949=VERTEX_POINT('',#18358);
#6950=VERTEX_POINT('',#18359);
#6951=VERTEX_POINT('',#18361);
#6952=VERTEX_POINT('',#18363);
#6953=VERTEX_POINT('',#18366);
#6954=VERTEX_POINT('',#18367);
#6955=VERTEX_POINT('',#18369);
#6956=VERTEX_POINT('',#18371);
#6957=VERTEX_POINT('',#18374);
#6958=VERTEX_POINT('',#18375);
#6959=VERTEX_POINT('',#18377);
#6960=VERTEX_POINT('',#18379);
#6961=VERTEX_POINT('',#18382);
#6962=VERTEX_POINT('',#18383);
#6963=VERTEX_POINT('',#18385);
#6964=VERTEX_POINT('',#18387);
#6965=VERTEX_POINT('',#18390);
#6966=VERTEX_POINT('',#18391);
#6967=VERTEX_POINT('',#18393);
#6968=VERTEX_POINT('',#18395);
#6969=VERTEX_POINT('',#18398);
#6970=VERTEX_POINT('',#18399);
#6971=VERTEX_POINT('',#18401);
#6972=VERTEX_POINT('',#18403);
#6973=VERTEX_POINT('',#18406);
#6974=VERTEX_POINT('',#18407);
#6975=VERTEX_POINT('',#18409);
#6976=VERTEX_POINT('',#18411);
#6977=VERTEX_POINT('',#18415);
#6978=VERTEX_POINT('',#18417);
#6979=VERTEX_POINT('',#18421);
#6980=VERTEX_POINT('',#18423);
#6981=VERTEX_POINT('',#18427);
#6982=VERTEX_POINT('',#18429);
#6983=VERTEX_POINT('',#18433);
#6984=VERTEX_POINT('',#18435);
#6985=VERTEX_POINT('',#18444);
#6986=VERTEX_POINT('',#18446);
#6987=VERTEX_POINT('',#18448);
#6988=VERTEX_POINT('',#18451);
#6989=VERTEX_POINT('',#18458);
#6990=VERTEX_POINT('',#18460);
#6991=VERTEX_POINT('',#18471);
#6992=VERTEX_POINT('',#18473);
#6993=VERTEX_POINT('',#18477);
#6994=VERTEX_POINT('',#18479);
#6995=VERTEX_POINT('',#18483);
#6996=VERTEX_POINT('',#18487);
#6997=VERTEX_POINT('',#18494);
#6998=VERTEX_POINT('',#18496);
#6999=VERTEX_POINT('',#18500);
#7000=VERTEX_POINT('',#18502);
#7001=VERTEX_POINT('',#18506);
#7002=VERTEX_POINT('',#18510);
#7003=VERTEX_POINT('',#18517);
#7004=VERTEX_POINT('',#18519);
#7005=VERTEX_POINT('',#18524);
#7006=VERTEX_POINT('',#18526);
#7007=VERTEX_POINT('',#18531);
#7008=VERTEX_POINT('',#18533);
#7009=VERTEX_POINT('',#18544);
#7010=VERTEX_POINT('',#18545);
#7011=VERTEX_POINT('',#18547);
#7012=VERTEX_POINT('',#18549);
#7013=VERTEX_POINT('',#18553);
#7014=VERTEX_POINT('',#18555);
#7015=VERTEX_POINT('',#18562);
#7016=VERTEX_POINT('',#18564);
#7017=VERTEX_POINT('',#18573);
#7018=VERTEX_POINT('',#18575);
#7019=VERTEX_POINT('',#18579);
#7020=VERTEX_POINT('',#18581);
#7021=VERTEX_POINT('',#18583);
#7022=VERTEX_POINT('',#18587);
#7023=VERTEX_POINT('',#18589);
#7024=VERTEX_POINT('',#18591);
#7025=VERTEX_POINT('',#18602);
#7026=VERTEX_POINT('',#18604);
#7027=VERTEX_POINT('',#18608);
#7028=VERTEX_POINT('',#18610);
#7029=VERTEX_POINT('',#18612);
#7030=VERTEX_POINT('',#18616);
#7031=VERTEX_POINT('',#18618);
#7032=VERTEX_POINT('',#18620);
#7033=VERTEX_POINT('',#18631);
#7034=VERTEX_POINT('',#18633);
#7035=VERTEX_POINT('',#18637);
#7036=VERTEX_POINT('',#18639);
#7037=VERTEX_POINT('',#18641);
#7038=VERTEX_POINT('',#18645);
#7039=VERTEX_POINT('',#18647);
#7040=VERTEX_POINT('',#18649);
#7041=VERTEX_POINT('',#18660);
#7042=VERTEX_POINT('',#18662);
#7043=VERTEX_POINT('',#18666);
#7044=VERTEX_POINT('',#18668);
#7045=VERTEX_POINT('',#18670);
#7046=VERTEX_POINT('',#18674);
#7047=VERTEX_POINT('',#18676);
#7048=VERTEX_POINT('',#18678);
#7049=VERTEX_POINT('',#18689);
#7050=VERTEX_POINT('',#18691);
#7051=VERTEX_POINT('',#18695);
#7052=VERTEX_POINT('',#18697);
#7053=VERTEX_POINT('',#18699);
#7054=VERTEX_POINT('',#18703);
#7055=VERTEX_POINT('',#18705);
#7056=VERTEX_POINT('',#18707);
#7057=VERTEX_POINT('',#18718);
#7058=VERTEX_POINT('',#18720);
#7059=VERTEX_POINT('',#18724);
#7060=VERTEX_POINT('',#18726);
#7061=VERTEX_POINT('',#18728);
#7062=VERTEX_POINT('',#18732);
#7063=VERTEX_POINT('',#18734);
#7064=VERTEX_POINT('',#18736);
#7065=VERTEX_POINT('',#18747);
#7066=VERTEX_POINT('',#18749);
#7067=VERTEX_POINT('',#18753);
#7068=VERTEX_POINT('',#18755);
#7069=VERTEX_POINT('',#18757);
#7070=VERTEX_POINT('',#18761);
#7071=VERTEX_POINT('',#18763);
#7072=VERTEX_POINT('',#18765);
#7073=VERTEX_POINT('',#18776);
#7074=VERTEX_POINT('',#18778);
#7075=VERTEX_POINT('',#18782);
#7076=VERTEX_POINT('',#18784);
#7077=VERTEX_POINT('',#18786);
#7078=VERTEX_POINT('',#18790);
#7079=VERTEX_POINT('',#18792);
#7080=VERTEX_POINT('',#18794);
#7081=VERTEX_POINT('',#18805);
#7082=VERTEX_POINT('',#18807);
#7083=VERTEX_POINT('',#18811);
#7084=VERTEX_POINT('',#18813);
#7085=VERTEX_POINT('',#18815);
#7086=VERTEX_POINT('',#18819);
#7087=VERTEX_POINT('',#18821);
#7088=VERTEX_POINT('',#18823);
#7089=VERTEX_POINT('',#18834);
#7090=VERTEX_POINT('',#18836);
#7091=VERTEX_POINT('',#18840);
#7092=VERTEX_POINT('',#18842);
#7093=VERTEX_POINT('',#18844);
#7094=VERTEX_POINT('',#18848);
#7095=VERTEX_POINT('',#18850);
#7096=VERTEX_POINT('',#18852);
#7097=VERTEX_POINT('',#18863);
#7098=VERTEX_POINT('',#18865);
#7099=VERTEX_POINT('',#18869);
#7100=VERTEX_POINT('',#18871);
#7101=VERTEX_POINT('',#18873);
#7102=VERTEX_POINT('',#18877);
#7103=VERTEX_POINT('',#18879);
#7104=VERTEX_POINT('',#18881);
#7105=VERTEX_POINT('',#18892);
#7106=VERTEX_POINT('',#18894);
#7107=VERTEX_POINT('',#18898);
#7108=VERTEX_POINT('',#18900);
#7109=VERTEX_POINT('',#18902);
#7110=VERTEX_POINT('',#18906);
#7111=VERTEX_POINT('',#18908);
#7112=VERTEX_POINT('',#18910);
#7113=VERTEX_POINT('',#18921);
#7114=VERTEX_POINT('',#18923);
#7115=VERTEX_POINT('',#18927);
#7116=VERTEX_POINT('',#18929);
#7117=VERTEX_POINT('',#18931);
#7118=VERTEX_POINT('',#18935);
#7119=VERTEX_POINT('',#18937);
#7120=VERTEX_POINT('',#18939);
#7121=VERTEX_POINT('',#18950);
#7122=VERTEX_POINT('',#18952);
#7123=VERTEX_POINT('',#18956);
#7124=VERTEX_POINT('',#18958);
#7125=VERTEX_POINT('',#18960);
#7126=VERTEX_POINT('',#18964);
#7127=VERTEX_POINT('',#18966);
#7128=VERTEX_POINT('',#18968);
#7129=VERTEX_POINT('',#18979);
#7130=VERTEX_POINT('',#18981);
#7131=VERTEX_POINT('',#18983);
#7132=VERTEX_POINT('',#18986);
#7133=VERTEX_POINT('',#18993);
#7134=VERTEX_POINT('',#18995);
#7135=VERTEX_POINT('',#19006);
#7136=VERTEX_POINT('',#19008);
#7137=VERTEX_POINT('',#19010);
#7138=VERTEX_POINT('',#19013);
#7139=VERTEX_POINT('',#19020);
#7140=VERTEX_POINT('',#19022);
#7141=VERTEX_POINT('',#19033);
#7142=VERTEX_POINT('',#19035);
#7143=VERTEX_POINT('',#19037);
#7144=VERTEX_POINT('',#19040);
#7145=VERTEX_POINT('',#19047);
#7146=VERTEX_POINT('',#19049);
#7147=VERTEX_POINT('',#19060);
#7148=VERTEX_POINT('',#19062);
#7149=VERTEX_POINT('',#19064);
#7150=VERTEX_POINT('',#19067);
#7151=VERTEX_POINT('',#19074);
#7152=VERTEX_POINT('',#19076);
#7153=VERTEX_POINT('',#19087);
#7154=VERTEX_POINT('',#19089);
#7155=VERTEX_POINT('',#19091);
#7156=VERTEX_POINT('',#19094);
#7157=VERTEX_POINT('',#19101);
#7158=VERTEX_POINT('',#19103);
#7159=VERTEX_POINT('',#19114);
#7160=VERTEX_POINT('',#19116);
#7161=VERTEX_POINT('',#19118);
#7162=VERTEX_POINT('',#19121);
#7163=VERTEX_POINT('',#19128);
#7164=VERTEX_POINT('',#19130);
#7165=VERTEX_POINT('',#19141);
#7166=VERTEX_POINT('',#19143);
#7167=VERTEX_POINT('',#19145);
#7168=VERTEX_POINT('',#19148);
#7169=VERTEX_POINT('',#19155);
#7170=VERTEX_POINT('',#19157);
#7171=VERTEX_POINT('',#19168);
#7172=VERTEX_POINT('',#19170);
#7173=VERTEX_POINT('',#19172);
#7174=VERTEX_POINT('',#19175);
#7175=VERTEX_POINT('',#19182);
#7176=VERTEX_POINT('',#19184);
#7177=VERTEX_POINT('',#19195);
#7178=VERTEX_POINT('',#19197);
#7179=VERTEX_POINT('',#19199);
#7180=VERTEX_POINT('',#19202);
#7181=VERTEX_POINT('',#19209);
#7182=VERTEX_POINT('',#19211);
#7183=VERTEX_POINT('',#19222);
#7184=VERTEX_POINT('',#19224);
#7185=VERTEX_POINT('',#19226);
#7186=VERTEX_POINT('',#19229);
#7187=VERTEX_POINT('',#19236);
#7188=VERTEX_POINT('',#19238);
#7189=VERTEX_POINT('',#19249);
#7190=VERTEX_POINT('',#19251);
#7191=VERTEX_POINT('',#19253);
#7192=VERTEX_POINT('',#19256);
#7193=VERTEX_POINT('',#19263);
#7194=VERTEX_POINT('',#19265);
#7195=VERTEX_POINT('',#19276);
#7196=VERTEX_POINT('',#19278);
#7197=VERTEX_POINT('',#19280);
#7198=VERTEX_POINT('',#19283);
#7199=VERTEX_POINT('',#19290);
#7200=VERTEX_POINT('',#19292);
#7201=VERTEX_POINT('',#19303);
#7202=VERTEX_POINT('',#19305);
#7203=VERTEX_POINT('',#19307);
#7204=VERTEX_POINT('',#19310);
#7205=VERTEX_POINT('',#19317);
#7206=VERTEX_POINT('',#19319);
#7207=VERTEX_POINT('',#19330);
#7208=VERTEX_POINT('',#19332);
#7209=VERTEX_POINT('',#19334);
#7210=VERTEX_POINT('',#19337);
#7211=VERTEX_POINT('',#19344);
#7212=VERTEX_POINT('',#19346);
#7213=VERTEX_POINT('',#19357);
#7214=VERTEX_POINT('',#19359);
#7215=VERTEX_POINT('',#19363);
#7216=VERTEX_POINT('',#19365);
#7217=VERTEX_POINT('',#19369);
#7218=VERTEX_POINT('',#19373);
#7219=VERTEX_POINT('',#19380);
#7220=VERTEX_POINT('',#19382);
#7221=VERTEX_POINT('',#19386);
#7222=VERTEX_POINT('',#19388);
#7223=VERTEX_POINT('',#19392);
#7224=VERTEX_POINT('',#19396);
#7225=VERTEX_POINT('',#19403);
#7226=VERTEX_POINT('',#19405);
#7227=VERTEX_POINT('',#19409);
#7228=VERTEX_POINT('',#19411);
#7229=VERTEX_POINT('',#19415);
#7230=VERTEX_POINT('',#19419);
#7231=VERTEX_POINT('',#19426);
#7232=VERTEX_POINT('',#19428);
#7233=VERTEX_POINT('',#19432);
#7234=VERTEX_POINT('',#19434);
#7235=VERTEX_POINT('',#19438);
#7236=VERTEX_POINT('',#19442);
#7237=VERTEX_POINT('',#19449);
#7238=VERTEX_POINT('',#19451);
#7239=VERTEX_POINT('',#19455);
#7240=VERTEX_POINT('',#19457);
#7241=VERTEX_POINT('',#19461);
#7242=VERTEX_POINT('',#19465);
#7243=VERTEX_POINT('',#19472);
#7244=VERTEX_POINT('',#19474);
#7245=VERTEX_POINT('',#19478);
#7246=VERTEX_POINT('',#19480);
#7247=VERTEX_POINT('',#19484);
#7248=VERTEX_POINT('',#19488);
#7249=VERTEX_POINT('',#19495);
#7250=VERTEX_POINT('',#19497);
#7251=VERTEX_POINT('',#19501);
#7252=VERTEX_POINT('',#19503);
#7253=VERTEX_POINT('',#19507);
#7254=VERTEX_POINT('',#19511);
#7255=VERTEX_POINT('',#19518);
#7256=VERTEX_POINT('',#19520);
#7257=VERTEX_POINT('',#19524);
#7258=VERTEX_POINT('',#19526);
#7259=VERTEX_POINT('',#19530);
#7260=VERTEX_POINT('',#19534);
#7261=VERTEX_POINT('',#19541);
#7262=VERTEX_POINT('',#19543);
#7263=VERTEX_POINT('',#19547);
#7264=VERTEX_POINT('',#19549);
#7265=VERTEX_POINT('',#19553);
#7266=VERTEX_POINT('',#19557);
#7267=VERTEX_POINT('',#19564);
#7268=VERTEX_POINT('',#19566);
#7269=VERTEX_POINT('',#19570);
#7270=VERTEX_POINT('',#19572);
#7271=VERTEX_POINT('',#19576);
#7272=VERTEX_POINT('',#19580);
#7273=VERTEX_POINT('',#19587);
#7274=VERTEX_POINT('',#19589);
#7275=VERTEX_POINT('',#19593);
#7276=VERTEX_POINT('',#19595);
#7277=VERTEX_POINT('',#19599);
#7278=VERTEX_POINT('',#19603);
#7279=VERTEX_POINT('',#19610);
#7280=VERTEX_POINT('',#19612);
#7281=VERTEX_POINT('',#19616);
#7282=VERTEX_POINT('',#19618);
#7283=VERTEX_POINT('',#19622);
#7284=VERTEX_POINT('',#19626);
#7285=VERTEX_POINT('',#19633);
#7286=VERTEX_POINT('',#19635);
#7287=VERTEX_POINT('',#19639);
#7288=VERTEX_POINT('',#19641);
#7289=VERTEX_POINT('',#19645);
#7290=VERTEX_POINT('',#19649);
#7291=VERTEX_POINT('',#19656);
#7292=VERTEX_POINT('',#19658);
#7293=VERTEX_POINT('',#19662);
#7294=VERTEX_POINT('',#19664);
#7295=VERTEX_POINT('',#19668);
#7296=VERTEX_POINT('',#19672);
#7297=VERTEX_POINT('',#19679);
#7298=VERTEX_POINT('',#19681);
#7299=VERTEX_POINT('',#19685);
#7300=VERTEX_POINT('',#19687);
#7301=VERTEX_POINT('',#19691);
#7302=VERTEX_POINT('',#19695);
#7303=VERTEX_POINT('',#19702);
#7304=VERTEX_POINT('',#19704);
#7305=VERTEX_POINT('',#19708);
#7306=VERTEX_POINT('',#19710);
#7307=VERTEX_POINT('',#19714);
#7308=VERTEX_POINT('',#19718);
#7309=VERTEX_POINT('',#19725);
#7310=VERTEX_POINT('',#19727);
#7311=VERTEX_POINT('',#19731);
#7312=VERTEX_POINT('',#19733);
#7313=VERTEX_POINT('',#19737);
#7314=VERTEX_POINT('',#19741);
#7315=VERTEX_POINT('',#19748);
#7316=VERTEX_POINT('',#19750);
#7317=VERTEX_POINT('',#19754);
#7318=VERTEX_POINT('',#19756);
#7319=VERTEX_POINT('',#19760);
#7320=VERTEX_POINT('',#19764);
#7321=VERTEX_POINT('',#19771);
#7322=VERTEX_POINT('',#19773);
#7323=VERTEX_POINT('',#19777);
#7324=VERTEX_POINT('',#19779);
#7325=VERTEX_POINT('',#19783);
#7326=VERTEX_POINT('',#19787);
#7327=VERTEX_POINT('',#19794);
#7328=VERTEX_POINT('',#19796);
#7329=VERTEX_POINT('',#19800);
#7330=VERTEX_POINT('',#19802);
#7331=VERTEX_POINT('',#19806);
#7332=VERTEX_POINT('',#19810);
#7333=VERTEX_POINT('',#19817);
#7334=VERTEX_POINT('',#19819);
#7335=VERTEX_POINT('',#19823);
#7336=VERTEX_POINT('',#19825);
#7337=VERTEX_POINT('',#19829);
#7338=VERTEX_POINT('',#19833);
#7339=VERTEX_POINT('',#19840);
#7340=VERTEX_POINT('',#19842);
#7341=VERTEX_POINT('',#19846);
#7342=VERTEX_POINT('',#19848);
#7343=VERTEX_POINT('',#19852);
#7344=VERTEX_POINT('',#19856);
#7345=VERTEX_POINT('',#19863);
#7346=VERTEX_POINT('',#19865);
#7347=VERTEX_POINT('',#19869);
#7348=VERTEX_POINT('',#19871);
#7349=VERTEX_POINT('',#19875);
#7350=VERTEX_POINT('',#19879);
#7351=VERTEX_POINT('',#19886);
#7352=VERTEX_POINT('',#19888);
#7353=VERTEX_POINT('',#19892);
#7354=VERTEX_POINT('',#19894);
#7355=VERTEX_POINT('',#19898);
#7356=VERTEX_POINT('',#19902);
#7357=VERTEX_POINT('',#19909);
#7358=VERTEX_POINT('',#19911);
#7359=VERTEX_POINT('',#19915);
#7360=VERTEX_POINT('',#19917);
#7361=VERTEX_POINT('',#19921);
#7362=VERTEX_POINT('',#19925);
#7363=VERTEX_POINT('',#19932);
#7364=VERTEX_POINT('',#19934);
#7365=VERTEX_POINT('',#19938);
#7366=VERTEX_POINT('',#19940);
#7367=VERTEX_POINT('',#19944);
#7368=VERTEX_POINT('',#19948);
#7369=VERTEX_POINT('',#19955);
#7370=VERTEX_POINT('',#19957);
#7371=VERTEX_POINT('',#19961);
#7372=VERTEX_POINT('',#19963);
#7373=VERTEX_POINT('',#19967);
#7374=VERTEX_POINT('',#19971);
#7375=VERTEX_POINT('',#19978);
#7376=VERTEX_POINT('',#19980);
#7377=VERTEX_POINT('',#19984);
#7378=VERTEX_POINT('',#19986);
#7379=VERTEX_POINT('',#19990);
#7380=VERTEX_POINT('',#19994);
#7381=VERTEX_POINT('',#20001);
#7382=VERTEX_POINT('',#20003);
#7383=VERTEX_POINT('',#20008);
#7384=VERTEX_POINT('',#20010);
#7385=VERTEX_POINT('',#20015);
#7386=VERTEX_POINT('',#20017);
#7387=VERTEX_POINT('',#20028);
#7388=VERTEX_POINT('',#20030);
#7389=VERTEX_POINT('',#20035);
#7390=VERTEX_POINT('',#20037);
#7391=VERTEX_POINT('',#20042);
#7392=VERTEX_POINT('',#20044);
#7393=VERTEX_POINT('',#20055);
#7394=VERTEX_POINT('',#20057);
#7395=VERTEX_POINT('',#20062);
#7396=VERTEX_POINT('',#20064);
#7397=VERTEX_POINT('',#20069);
#7398=VERTEX_POINT('',#20071);
#7399=VERTEX_POINT('',#20082);
#7400=VERTEX_POINT('',#20084);
#7401=VERTEX_POINT('',#20089);
#7402=VERTEX_POINT('',#20091);
#7403=VERTEX_POINT('',#20096);
#7404=VERTEX_POINT('',#20098);
#7405=VERTEX_POINT('',#20109);
#7406=VERTEX_POINT('',#20111);
#7407=VERTEX_POINT('',#20116);
#7408=VERTEX_POINT('',#20118);
#7409=VERTEX_POINT('',#20123);
#7410=VERTEX_POINT('',#20125);
#7411=VERTEX_POINT('',#20136);
#7412=VERTEX_POINT('',#20138);
#7413=VERTEX_POINT('',#20143);
#7414=VERTEX_POINT('',#20145);
#7415=VERTEX_POINT('',#20150);
#7416=VERTEX_POINT('',#20152);
#7417=VERTEX_POINT('',#20163);
#7418=VERTEX_POINT('',#20165);
#7419=VERTEX_POINT('',#20170);
#7420=VERTEX_POINT('',#20172);
#7421=VERTEX_POINT('',#20177);
#7422=VERTEX_POINT('',#20179);
#7423=VERTEX_POINT('',#20190);
#7424=VERTEX_POINT('',#20192);
#7425=VERTEX_POINT('',#20197);
#7426=VERTEX_POINT('',#20199);
#7427=VERTEX_POINT('',#20204);
#7428=VERTEX_POINT('',#20206);
#7429=VERTEX_POINT('',#20217);
#7430=VERTEX_POINT('',#20219);
#7431=VERTEX_POINT('',#20224);
#7432=VERTEX_POINT('',#20226);
#7433=VERTEX_POINT('',#20231);
#7434=VERTEX_POINT('',#20233);
#7435=VERTEX_POINT('',#20244);
#7436=VERTEX_POINT('',#20246);
#7437=VERTEX_POINT('',#20251);
#7438=VERTEX_POINT('',#20253);
#7439=VERTEX_POINT('',#20258);
#7440=VERTEX_POINT('',#20260);
#7441=VERTEX_POINT('',#20271);
#7442=VERTEX_POINT('',#20273);
#7443=VERTEX_POINT('',#20278);
#7444=VERTEX_POINT('',#20280);
#7445=VERTEX_POINT('',#20285);
#7446=VERTEX_POINT('',#20287);
#7447=VERTEX_POINT('',#20298);
#7448=VERTEX_POINT('',#20300);
#7449=VERTEX_POINT('',#20305);
#7450=VERTEX_POINT('',#20307);
#7451=VERTEX_POINT('',#20312);
#7452=VERTEX_POINT('',#20314);
#7453=VERTEX_POINT('',#20325);
#7454=VERTEX_POINT('',#20327);
#7455=VERTEX_POINT('',#20332);
#7456=VERTEX_POINT('',#20334);
#7457=VERTEX_POINT('',#20339);
#7458=VERTEX_POINT('',#20341);
#7459=VERTEX_POINT('',#20352);
#7460=VERTEX_POINT('',#20354);
#7461=VERTEX_POINT('',#20359);
#7462=VERTEX_POINT('',#20361);
#7463=VERTEX_POINT('',#20366);
#7464=VERTEX_POINT('',#20368);
#7465=VERTEX_POINT('',#20379);
#7466=VERTEX_POINT('',#20381);
#7467=VERTEX_POINT('',#20385);
#7468=VERTEX_POINT('',#20387);
#7469=VERTEX_POINT('',#20389);
#7470=VERTEX_POINT('',#20393);
#7471=VERTEX_POINT('',#20395);
#7472=VERTEX_POINT('',#20397);
#7473=VERTEX_POINT('',#20408);
#7474=VERTEX_POINT('',#20410);
#7475=VERTEX_POINT('',#20414);
#7476=VERTEX_POINT('',#20416);
#7477=VERTEX_POINT('',#20418);
#7478=VERTEX_POINT('',#20422);
#7479=VERTEX_POINT('',#20424);
#7480=VERTEX_POINT('',#20426);
#7481=VERTEX_POINT('',#20437);
#7482=VERTEX_POINT('',#20439);
#7483=VERTEX_POINT('',#20443);
#7484=VERTEX_POINT('',#20445);
#7485=VERTEX_POINT('',#20447);
#7486=VERTEX_POINT('',#20451);
#7487=VERTEX_POINT('',#20453);
#7488=VERTEX_POINT('',#20455);
#7489=VERTEX_POINT('',#20466);
#7490=VERTEX_POINT('',#20468);
#7491=VERTEX_POINT('',#20472);
#7492=VERTEX_POINT('',#20474);
#7493=VERTEX_POINT('',#20476);
#7494=VERTEX_POINT('',#20480);
#7495=VERTEX_POINT('',#20482);
#7496=VERTEX_POINT('',#20484);
#7497=VERTEX_POINT('',#20495);
#7498=VERTEX_POINT('',#20497);
#7499=VERTEX_POINT('',#20501);
#7500=VERTEX_POINT('',#20503);
#7501=VERTEX_POINT('',#20505);
#7502=VERTEX_POINT('',#20509);
#7503=VERTEX_POINT('',#20511);
#7504=VERTEX_POINT('',#20513);
#7505=VERTEX_POINT('',#20524);
#7506=VERTEX_POINT('',#20526);
#7507=VERTEX_POINT('',#20530);
#7508=VERTEX_POINT('',#20532);
#7509=VERTEX_POINT('',#20534);
#7510=VERTEX_POINT('',#20538);
#7511=VERTEX_POINT('',#20540);
#7512=VERTEX_POINT('',#20542);
#7513=VERTEX_POINT('',#20553);
#7514=VERTEX_POINT('',#20555);
#7515=VERTEX_POINT('',#20559);
#7516=VERTEX_POINT('',#20561);
#7517=VERTEX_POINT('',#20563);
#7518=VERTEX_POINT('',#20567);
#7519=VERTEX_POINT('',#20569);
#7520=VERTEX_POINT('',#20571);
#7521=VERTEX_POINT('',#20582);
#7522=VERTEX_POINT('',#20584);
#7523=VERTEX_POINT('',#20588);
#7524=VERTEX_POINT('',#20590);
#7525=VERTEX_POINT('',#20592);
#7526=VERTEX_POINT('',#20596);
#7527=VERTEX_POINT('',#20598);
#7528=VERTEX_POINT('',#20600);
#7529=VERTEX_POINT('',#20611);
#7530=VERTEX_POINT('',#20613);
#7531=VERTEX_POINT('',#20617);
#7532=VERTEX_POINT('',#20619);
#7533=VERTEX_POINT('',#20621);
#7534=VERTEX_POINT('',#20625);
#7535=VERTEX_POINT('',#20627);
#7536=VERTEX_POINT('',#20629);
#7537=VERTEX_POINT('',#20640);
#7538=VERTEX_POINT('',#20642);
#7539=VERTEX_POINT('',#20646);
#7540=VERTEX_POINT('',#20648);
#7541=VERTEX_POINT('',#20650);
#7542=VERTEX_POINT('',#20654);
#7543=VERTEX_POINT('',#20656);
#7544=VERTEX_POINT('',#20658);
#7545=VERTEX_POINT('',#20669);
#7546=VERTEX_POINT('',#20671);
#7547=VERTEX_POINT('',#20675);
#7548=VERTEX_POINT('',#20677);
#7549=VERTEX_POINT('',#20679);
#7550=VERTEX_POINT('',#20683);
#7551=VERTEX_POINT('',#20685);
#7552=VERTEX_POINT('',#20687);
#7553=VERTEX_POINT('',#20698);
#7554=VERTEX_POINT('',#20700);
#7555=VERTEX_POINT('',#20704);
#7556=VERTEX_POINT('',#20706);
#7557=VERTEX_POINT('',#20708);
#7558=VERTEX_POINT('',#20712);
#7559=VERTEX_POINT('',#20714);
#7560=VERTEX_POINT('',#20716);
#7561=VERTEX_POINT('',#20727);
#7562=VERTEX_POINT('',#20729);
#7563=VERTEX_POINT('',#20733);
#7564=VERTEX_POINT('',#20735);
#7565=VERTEX_POINT('',#20737);
#7566=VERTEX_POINT('',#20741);
#7567=VERTEX_POINT('',#20743);
#7568=VERTEX_POINT('',#20745);
#7569=VERTEX_POINT('',#20756);
#7570=VERTEX_POINT('',#20758);
#7571=VERTEX_POINT('',#20762);
#7572=VERTEX_POINT('',#20764);
#7573=VERTEX_POINT('',#20766);
#7574=VERTEX_POINT('',#20770);
#7575=VERTEX_POINT('',#20772);
#7576=VERTEX_POINT('',#20774);
#7577=EDGE_CURVE('',#6473,#6474,#9988,.T.);
#7578=EDGE_CURVE('',#6475,#6473,#9989,.T.);
#7579=EDGE_CURVE('',#6475,#6476,#9990,.T.);
#7580=EDGE_CURVE('',#6476,#6477,#9991,.T.);
#7581=EDGE_CURVE('',#6478,#6477,#9992,.T.);
#7582=EDGE_CURVE('',#6479,#6478,#9993,.T.);
#7583=EDGE_CURVE('',#6479,#6480,#9994,.T.);
#7584=EDGE_CURVE('',#6480,#6481,#9995,.T.);
#7585=EDGE_CURVE('',#6482,#6481,#9996,.T.);
#7586=EDGE_CURVE('',#6483,#6482,#9997,.T.);
#7587=EDGE_CURVE('',#6483,#6484,#9998,.T.);
#7588=EDGE_CURVE('',#6484,#6485,#9999,.T.);
#7589=EDGE_CURVE('',#6486,#6485,#10000,.T.);
#7590=EDGE_CURVE('',#6487,#6486,#10001,.T.);
#7591=EDGE_CURVE('',#6487,#6488,#10002,.T.);
#7592=EDGE_CURVE('',#6488,#6489,#10003,.T.);
#7593=EDGE_CURVE('',#6490,#6489,#10004,.T.);
#7594=EDGE_CURVE('',#6491,#6490,#10005,.T.);
#7595=EDGE_CURVE('',#6491,#6492,#10006,.T.);
#7596=EDGE_CURVE('',#6492,#6493,#10007,.T.);
#7597=EDGE_CURVE('',#6494,#6493,#10008,.T.);
#7598=EDGE_CURVE('',#6495,#6494,#10009,.T.);
#7599=EDGE_CURVE('',#6495,#6496,#10010,.T.);
#7600=EDGE_CURVE('',#6496,#6497,#10011,.T.);
#7601=EDGE_CURVE('',#6498,#6497,#10012,.T.);
#7602=EDGE_CURVE('',#6499,#6498,#10013,.T.);
#7603=EDGE_CURVE('',#6499,#6500,#10014,.T.);
#7604=EDGE_CURVE('',#6500,#6501,#10015,.T.);
#7605=EDGE_CURVE('',#6502,#6501,#10016,.T.);
#7606=EDGE_CURVE('',#6503,#6502,#10017,.T.);
#7607=EDGE_CURVE('',#6503,#6504,#10018,.T.);
#7608=EDGE_CURVE('',#6504,#6505,#10019,.T.);
#7609=EDGE_CURVE('',#6506,#6505,#10020,.T.);
#7610=EDGE_CURVE('',#6507,#6506,#10021,.T.);
#7611=EDGE_CURVE('',#6507,#6508,#10022,.T.);
#7612=EDGE_CURVE('',#6508,#6509,#10023,.T.);
#7613=EDGE_CURVE('',#6510,#6509,#10024,.T.);
#7614=EDGE_CURVE('',#6511,#6510,#10025,.T.);
#7615=EDGE_CURVE('',#6511,#6512,#10026,.T.);
#7616=EDGE_CURVE('',#6512,#6513,#10027,.T.);
#7617=EDGE_CURVE('',#6514,#6513,#10028,.T.);
#7618=EDGE_CURVE('',#6515,#6514,#10029,.T.);
#7619=EDGE_CURVE('',#6515,#6516,#10030,.T.);
#7620=EDGE_CURVE('',#6516,#6517,#10031,.T.);
#7621=EDGE_CURVE('',#6518,#6517,#10032,.T.);
#7622=EDGE_CURVE('',#6519,#6518,#10033,.T.);
#7623=EDGE_CURVE('',#6519,#6520,#10034,.T.);
#7624=EDGE_CURVE('',#6520,#6521,#10035,.T.);
#7625=EDGE_CURVE('',#6522,#6521,#10036,.T.);
#7626=EDGE_CURVE('',#6523,#6522,#10037,.T.);
#7627=EDGE_CURVE('',#6523,#6524,#10038,.T.);
#7628=EDGE_CURVE('',#6524,#6525,#10039,.T.);
#7629=EDGE_CURVE('',#6526,#6525,#10040,.T.);
#7630=EDGE_CURVE('',#6527,#6526,#10041,.T.);
#7631=EDGE_CURVE('',#6528,#6527,#10042,.T.);
#7632=EDGE_CURVE('',#6529,#6528,#10043,.T.);
#7633=EDGE_CURVE('',#6530,#6529,#10044,.T.);
#7634=EDGE_CURVE('',#6530,#6531,#10045,.T.);
#7635=EDGE_CURVE('',#6531,#6532,#10046,.T.);
#7636=EDGE_CURVE('',#6533,#6532,#10047,.T.);
#7637=EDGE_CURVE('',#6534,#6533,#10048,.T.);
#7638=EDGE_CURVE('',#6534,#6535,#10049,.T.);
#7639=EDGE_CURVE('',#6535,#6536,#10050,.T.);
#7640=EDGE_CURVE('',#6537,#6536,#10051,.T.);
#7641=EDGE_CURVE('',#6538,#6537,#10052,.T.);
#7642=EDGE_CURVE('',#6538,#6539,#10053,.T.);
#7643=EDGE_CURVE('',#6539,#6540,#10054,.T.);
#7644=EDGE_CURVE('',#6541,#6540,#10055,.T.);
#7645=EDGE_CURVE('',#6542,#6541,#10056,.T.);
#7646=EDGE_CURVE('',#6542,#6543,#10057,.T.);
#7647=EDGE_CURVE('',#6543,#6544,#10058,.T.);
#7648=EDGE_CURVE('',#6545,#6544,#10059,.T.);
#7649=EDGE_CURVE('',#6546,#6545,#10060,.T.);
#7650=EDGE_CURVE('',#6546,#6547,#10061,.T.);
#7651=EDGE_CURVE('',#6547,#6548,#10062,.T.);
#7652=EDGE_CURVE('',#6549,#6548,#10063,.T.);
#7653=EDGE_CURVE('',#6550,#6549,#10064,.T.);
#7654=EDGE_CURVE('',#6550,#6551,#10065,.T.);
#7655=EDGE_CURVE('',#6551,#6552,#10066,.T.);
#7656=EDGE_CURVE('',#6553,#6552,#10067,.T.);
#7657=EDGE_CURVE('',#6554,#6553,#10068,.T.);
#7658=EDGE_CURVE('',#6554,#6555,#10069,.T.);
#7659=EDGE_CURVE('',#6555,#6556,#10070,.T.);
#7660=EDGE_CURVE('',#6557,#6556,#10071,.T.);
#7661=EDGE_CURVE('',#6558,#6557,#10072,.T.);
#7662=EDGE_CURVE('',#6558,#6559,#10073,.T.);
#7663=EDGE_CURVE('',#6559,#6560,#10074,.T.);
#7664=EDGE_CURVE('',#6561,#6560,#10075,.T.);
#7665=EDGE_CURVE('',#6562,#6561,#10076,.T.);
#7666=EDGE_CURVE('',#6562,#6563,#10077,.T.);
#7667=EDGE_CURVE('',#6563,#6564,#10078,.T.);
#7668=EDGE_CURVE('',#6565,#6564,#10079,.T.);
#7669=EDGE_CURVE('',#6566,#6565,#10080,.T.);
#7670=EDGE_CURVE('',#6566,#6567,#10081,.T.);
#7671=EDGE_CURVE('',#6567,#6568,#10082,.T.);
#7672=EDGE_CURVE('',#6569,#6568,#10083,.T.);
#7673=EDGE_CURVE('',#6570,#6569,#10084,.T.);
#7674=EDGE_CURVE('',#6570,#6571,#10085,.T.);
#7675=EDGE_CURVE('',#6571,#6572,#10086,.T.);
#7676=EDGE_CURVE('',#6573,#6572,#10087,.T.);
#7677=EDGE_CURVE('',#6574,#6573,#10088,.T.);
#7678=EDGE_CURVE('',#6574,#6575,#10089,.T.);
#7679=EDGE_CURVE('',#6575,#6576,#10090,.T.);
#7680=EDGE_CURVE('',#6577,#6576,#10091,.T.);
#7681=EDGE_CURVE('',#6578,#6577,#10092,.T.);
#7682=EDGE_CURVE('',#6578,#6579,#10093,.T.);
#7683=EDGE_CURVE('',#6579,#6580,#10094,.T.);
#7684=EDGE_CURVE('',#6581,#6580,#10095,.T.);
#7685=EDGE_CURVE('',#6582,#6581,#10096,.T.);
#7686=EDGE_CURVE('',#6582,#6583,#10097,.T.);
#7687=EDGE_CURVE('',#6583,#6584,#10098,.T.);
#7688=EDGE_CURVE('',#6585,#6584,#10099,.T.);
#7689=EDGE_CURVE('',#6586,#6585,#10100,.T.);
#7690=EDGE_CURVE('',#6586,#6587,#10101,.T.);
#7691=EDGE_CURVE('',#6587,#6588,#10102,.T.);
#7692=EDGE_CURVE('',#6589,#6588,#10103,.T.);
#7693=EDGE_CURVE('',#6590,#6589,#10104,.T.);
#7694=EDGE_CURVE('',#6591,#6590,#10105,.T.);
#7695=EDGE_CURVE('',#6591,#6592,#10106,.T.);
#7696=EDGE_CURVE('',#6592,#6593,#10107,.T.);
#7697=EDGE_CURVE('',#6594,#6593,#10108,.T.);
#7698=EDGE_CURVE('',#6595,#6594,#10109,.T.);
#7699=EDGE_CURVE('',#6595,#6596,#10110,.T.);
#7700=EDGE_CURVE('',#6596,#6474,#10111,.T.);
#7701=EDGE_CURVE('',#6597,#6473,#10112,.T.);
#7702=EDGE_CURVE('',#6597,#6598,#10113,.T.);
#7703=EDGE_CURVE('',#6598,#6595,#10114,.T.);
#7704=EDGE_CURVE('',#6594,#6599,#10115,.T.);
#7705=EDGE_CURVE('',#6599,#6600,#10116,.T.);
#7706=EDGE_CURVE('',#6591,#6600,#10117,.T.);
#7707=EDGE_CURVE('',#6601,#6590,#10118,.T.);
#7708=EDGE_CURVE('',#6602,#6601,#10119,.T.);
#7709=EDGE_CURVE('',#6602,#6527,#10120,.T.);
#7710=EDGE_CURVE('',#6603,#6526,#10121,.T.);
#7711=EDGE_CURVE('',#6603,#6604,#10122,.T.);
#7712=EDGE_CURVE('',#6604,#6523,#10123,.T.);
#7713=EDGE_CURVE('',#6605,#6522,#10124,.T.);
#7714=EDGE_CURVE('',#6605,#6606,#10125,.T.);
#7715=EDGE_CURVE('',#6606,#6519,#10126,.T.);
#7716=EDGE_CURVE('',#6607,#6518,#10127,.T.);
#7717=EDGE_CURVE('',#6607,#6608,#10128,.T.);
#7718=EDGE_CURVE('',#6608,#6515,#10129,.T.);
#7719=EDGE_CURVE('',#6609,#6514,#10130,.T.);
#7720=EDGE_CURVE('',#6609,#6610,#10131,.T.);
#7721=EDGE_CURVE('',#6610,#6511,#10132,.T.);
#7722=EDGE_CURVE('',#6611,#6510,#10133,.T.);
#7723=EDGE_CURVE('',#6611,#6612,#10134,.T.);
#7724=EDGE_CURVE('',#6612,#6507,#10135,.T.);
#7725=EDGE_CURVE('',#6613,#6506,#10136,.T.);
#7726=EDGE_CURVE('',#6613,#6614,#10137,.T.);
#7727=EDGE_CURVE('',#6614,#6503,#10138,.T.);
#7728=EDGE_CURVE('',#6615,#6502,#10139,.T.);
#7729=EDGE_CURVE('',#6615,#6616,#10140,.T.);
#7730=EDGE_CURVE('',#6616,#6499,#10141,.T.);
#7731=EDGE_CURVE('',#6617,#6498,#10142,.T.);
#7732=EDGE_CURVE('',#6617,#6618,#10143,.T.);
#7733=EDGE_CURVE('',#6618,#6495,#10144,.T.);
#7734=EDGE_CURVE('',#6619,#6494,#10145,.T.);
#7735=EDGE_CURVE('',#6619,#6620,#10146,.T.);
#7736=EDGE_CURVE('',#6620,#6491,#10147,.T.);
#7737=EDGE_CURVE('',#6621,#6490,#10148,.T.);
#7738=EDGE_CURVE('',#6621,#6622,#10149,.T.);
#7739=EDGE_CURVE('',#6622,#6487,#10150,.T.);
#7740=EDGE_CURVE('',#6623,#6486,#10151,.T.);
#7741=EDGE_CURVE('',#6623,#6624,#10152,.T.);
#7742=EDGE_CURVE('',#6624,#6483,#10153,.T.);
#7743=EDGE_CURVE('',#6625,#6482,#10154,.T.);
#7744=EDGE_CURVE('',#6625,#6626,#10155,.T.);
#7745=EDGE_CURVE('',#6626,#6479,#10156,.T.);
#7746=EDGE_CURVE('',#6627,#6478,#10157,.T.);
#7747=EDGE_CURVE('',#6627,#6628,#10158,.T.);
#7748=EDGE_CURVE('',#6628,#6475,#10159,.T.);
#7749=EDGE_CURVE('',#6629,#6630,#10160,.T.);
#7750=EDGE_CURVE('',#6629,#6631,#10161,.T.);
#7751=EDGE_CURVE('',#6631,#6632,#10162,.T.);
#7752=EDGE_CURVE('',#6632,#6630,#10163,.T.);
#7753=EDGE_CURVE('',#6633,#6634,#10164,.T.);
#7754=EDGE_CURVE('',#6633,#6635,#10165,.T.);
#7755=EDGE_CURVE('',#6635,#6636,#10166,.T.);
#7756=EDGE_CURVE('',#6636,#6634,#10167,.T.);
#7757=EDGE_CURVE('',#6637,#6638,#10168,.T.);
#7758=EDGE_CURVE('',#6637,#6639,#10169,.T.);
#7759=EDGE_CURVE('',#6639,#6640,#10170,.T.);
#7760=EDGE_CURVE('',#6640,#6638,#10171,.T.);
#7761=EDGE_CURVE('',#6641,#6642,#10172,.T.);
#7762=EDGE_CURVE('',#6641,#6643,#10173,.T.);
#7763=EDGE_CURVE('',#6643,#6644,#10174,.T.);
#7764=EDGE_CURVE('',#6644,#6642,#10175,.T.);
#7765=EDGE_CURVE('',#6645,#6646,#10176,.T.);
#7766=EDGE_CURVE('',#6645,#6647,#10177,.T.);
#7767=EDGE_CURVE('',#6647,#6648,#10178,.T.);
#7768=EDGE_CURVE('',#6648,#6646,#10179,.T.);
#7769=EDGE_CURVE('',#6649,#6650,#10180,.T.);
#7770=EDGE_CURVE('',#6649,#6651,#10181,.T.);
#7771=EDGE_CURVE('',#6651,#6652,#10182,.T.);
#7772=EDGE_CURVE('',#6652,#6650,#10183,.T.);
#7773=EDGE_CURVE('',#6653,#6654,#10184,.T.);
#7774=EDGE_CURVE('',#6653,#6655,#10185,.T.);
#7775=EDGE_CURVE('',#6655,#6656,#10186,.T.);
#7776=EDGE_CURVE('',#6656,#6654,#10187,.T.);
#7777=EDGE_CURVE('',#6657,#6658,#10188,.T.);
#7778=EDGE_CURVE('',#6657,#6659,#10189,.T.);
#7779=EDGE_CURVE('',#6659,#6660,#10190,.T.);
#7780=EDGE_CURVE('',#6658,#6660,#10191,.T.);
#7781=EDGE_CURVE('',#6661,#6662,#10192,.T.);
#7782=EDGE_CURVE('',#6661,#6663,#10193,.T.);
#7783=EDGE_CURVE('',#6663,#6664,#10194,.T.);
#7784=EDGE_CURVE('',#6664,#6662,#10195,.T.);
#7785=EDGE_CURVE('',#6665,#6666,#10196,.T.);
#7786=EDGE_CURVE('',#6665,#6667,#10197,.T.);
#7787=EDGE_CURVE('',#6667,#6668,#10198,.T.);
#7788=EDGE_CURVE('',#6668,#6666,#10199,.T.);
#7789=EDGE_CURVE('',#6669,#6670,#10200,.T.);
#7790=EDGE_CURVE('',#6669,#6671,#10201,.T.);
#7791=EDGE_CURVE('',#6671,#6672,#10202,.T.);
#7792=EDGE_CURVE('',#6672,#6670,#10203,.T.);
#7793=EDGE_CURVE('',#6673,#6674,#10204,.T.);
#7794=EDGE_CURVE('',#6673,#6675,#10205,.T.);
#7795=EDGE_CURVE('',#6675,#6676,#10206,.T.);
#7796=EDGE_CURVE('',#6676,#6674,#10207,.T.);
#7797=EDGE_CURVE('',#6677,#6678,#10208,.T.);
#7798=EDGE_CURVE('',#6677,#6679,#10209,.T.);
#7799=EDGE_CURVE('',#6679,#6680,#10210,.T.);
#7800=EDGE_CURVE('',#6680,#6678,#10211,.T.);
#7801=EDGE_CURVE('',#6681,#6682,#10212,.T.);
#7802=EDGE_CURVE('',#6681,#6683,#10213,.T.);
#7803=EDGE_CURVE('',#6683,#6684,#10214,.T.);
#7804=EDGE_CURVE('',#6684,#6682,#10215,.T.);
#7805=EDGE_CURVE('',#6685,#6686,#10216,.T.);
#7806=EDGE_CURVE('',#6685,#6687,#10217,.T.);
#7807=EDGE_CURVE('',#6687,#6688,#10218,.T.);
#7808=EDGE_CURVE('',#6688,#6686,#10219,.T.);
#7809=EDGE_CURVE('',#6689,#6690,#10220,.T.);
#7810=EDGE_CURVE('',#6689,#6691,#10221,.T.);
#7811=EDGE_CURVE('',#6691,#6692,#10222,.T.);
#7812=EDGE_CURVE('',#6692,#6690,#10223,.T.);
#7813=EDGE_CURVE('',#6693,#6694,#10224,.T.);
#7814=EDGE_CURVE('',#6693,#6695,#10225,.T.);
#7815=EDGE_CURVE('',#6695,#6696,#10226,.T.);
#7816=EDGE_CURVE('',#6696,#6697,#10227,.T.);
#7817=EDGE_CURVE('',#6697,#6698,#10228,.T.);
#7818=EDGE_CURVE('',#6694,#6698,#10229,.T.);
#7819=EDGE_CURVE('',#6699,#6700,#10230,.T.);
#7820=EDGE_CURVE('',#6699,#6701,#10231,.T.);
#7821=EDGE_CURVE('',#6701,#6702,#10232,.T.);
#7822=EDGE_CURVE('',#6702,#6703,#10233,.T.);
#7823=EDGE_CURVE('',#6703,#6704,#10234,.T.);
#7824=EDGE_CURVE('',#6700,#6704,#10235,.T.);
#7825=EDGE_CURVE('',#6705,#6706,#10236,.T.);
#7826=EDGE_CURVE('',#6705,#6707,#10237,.T.);
#7827=EDGE_CURVE('',#6707,#6708,#10238,.T.);
#7828=EDGE_CURVE('',#6708,#6709,#10239,.T.);
#7829=EDGE_CURVE('',#6709,#6710,#10240,.T.);
#7830=EDGE_CURVE('',#6706,#6710,#10241,.T.);
#7831=EDGE_CURVE('',#6711,#6712,#10242,.T.);
#7832=EDGE_CURVE('',#6711,#6713,#10243,.T.);
#7833=EDGE_CURVE('',#6713,#6714,#10244,.T.);
#7834=EDGE_CURVE('',#6714,#6715,#10245,.T.);
#7835=EDGE_CURVE('',#6715,#6716,#10246,.T.);
#7836=EDGE_CURVE('',#6712,#6716,#10247,.T.);
#7837=EDGE_CURVE('',#6717,#6718,#10248,.T.);
#7838=EDGE_CURVE('',#6717,#6719,#10249,.T.);
#7839=EDGE_CURVE('',#6719,#6720,#10250,.T.);
#7840=EDGE_CURVE('',#6720,#6721,#10251,.T.);
#7841=EDGE_CURVE('',#6721,#6722,#10252,.T.);
#7842=EDGE_CURVE('',#6718,#6722,#10253,.T.);
#7843=EDGE_CURVE('',#6723,#6724,#10254,.T.);
#7844=EDGE_CURVE('',#6723,#6725,#10255,.T.);
#7845=EDGE_CURVE('',#6725,#6726,#10256,.T.);
#7846=EDGE_CURVE('',#6726,#6727,#10257,.T.);
#7847=EDGE_CURVE('',#6727,#6728,#10258,.T.);
#7848=EDGE_CURVE('',#6724,#6728,#10259,.T.);
#7849=EDGE_CURVE('',#6729,#6730,#10260,.T.);
#7850=EDGE_CURVE('',#6729,#6731,#10261,.T.);
#7851=EDGE_CURVE('',#6731,#6732,#10262,.T.);
#7852=EDGE_CURVE('',#6732,#6733,#10263,.T.);
#7853=EDGE_CURVE('',#6733,#6734,#10264,.T.);
#7854=EDGE_CURVE('',#6730,#6734,#10265,.T.);
#7855=EDGE_CURVE('',#6735,#6736,#10266,.T.);
#7856=EDGE_CURVE('',#6736,#6737,#10267,.T.);
#7857=EDGE_CURVE('',#6737,#6738,#10268,.T.);
#7858=EDGE_CURVE('',#6735,#6738,#10269,.T.);
#7859=EDGE_CURVE('',#6739,#6740,#10270,.T.);
#7860=EDGE_CURVE('',#6739,#6741,#10271,.T.);
#7861=EDGE_CURVE('',#6741,#6742,#10272,.T.);
#7862=EDGE_CURVE('',#6742,#6743,#10273,.T.);
#7863=EDGE_CURVE('',#6743,#6744,#10274,.T.);
#7864=EDGE_CURVE('',#6740,#6744,#10275,.T.);
#7865=EDGE_CURVE('',#6745,#6746,#10276,.T.);
#7866=EDGE_CURVE('',#6745,#6747,#10277,.T.);
#7867=EDGE_CURVE('',#6747,#6748,#10278,.T.);
#7868=EDGE_CURVE('',#6748,#6749,#10279,.T.);
#7869=EDGE_CURVE('',#6749,#6750,#10280,.T.);
#7870=EDGE_CURVE('',#6746,#6750,#10281,.T.);
#7871=EDGE_CURVE('',#6751,#6752,#10282,.T.);
#7872=EDGE_CURVE('',#6751,#6753,#10283,.T.);
#7873=EDGE_CURVE('',#6753,#6754,#10284,.T.);
#7874=EDGE_CURVE('',#6754,#6755,#10285,.T.);
#7875=EDGE_CURVE('',#6755,#6756,#10286,.T.);
#7876=EDGE_CURVE('',#6752,#6756,#10287,.T.);
#7877=EDGE_CURVE('',#6757,#6758,#10288,.T.);
#7878=EDGE_CURVE('',#6757,#6759,#10289,.T.);
#7879=EDGE_CURVE('',#6759,#6760,#10290,.T.);
#7880=EDGE_CURVE('',#6760,#6761,#10291,.T.);
#7881=EDGE_CURVE('',#6761,#6762,#10292,.T.);
#7882=EDGE_CURVE('',#6758,#6762,#10293,.T.);
#7883=EDGE_CURVE('',#6763,#6764,#10294,.T.);
#7884=EDGE_CURVE('',#6763,#6765,#10295,.T.);
#7885=EDGE_CURVE('',#6765,#6766,#10296,.T.);
#7886=EDGE_CURVE('',#6766,#6767,#10297,.T.);
#7887=EDGE_CURVE('',#6767,#6768,#10298,.T.);
#7888=EDGE_CURVE('',#6764,#6768,#10299,.T.);
#7889=EDGE_CURVE('',#6769,#6770,#10300,.T.);
#7890=EDGE_CURVE('',#6769,#6771,#10301,.T.);
#7891=EDGE_CURVE('',#6771,#6772,#10302,.T.);
#7892=EDGE_CURVE('',#6772,#6773,#10303,.T.);
#7893=EDGE_CURVE('',#6773,#6774,#10304,.T.);
#7894=EDGE_CURVE('',#6770,#6774,#10305,.T.);
#7895=EDGE_CURVE('',#6775,#6776,#10306,.T.);
#7896=EDGE_CURVE('',#6775,#6777,#10307,.T.);
#7897=EDGE_CURVE('',#6777,#6778,#10308,.T.);
#7898=EDGE_CURVE('',#6778,#6779,#10309,.T.);
#7899=EDGE_CURVE('',#6779,#6780,#10310,.T.);
#7900=EDGE_CURVE('',#6776,#6780,#10311,.T.);
#7901=EDGE_CURVE('',#6781,#6782,#10312,.T.);
#7902=EDGE_CURVE('',#6781,#6783,#10313,.T.);
#7903=EDGE_CURVE('',#6783,#6784,#10314,.T.);
#7904=EDGE_CURVE('',#6784,#6785,#10315,.T.);
#7905=EDGE_CURVE('',#6785,#6786,#10316,.T.);
#7906=EDGE_CURVE('',#6782,#6786,#10317,.T.);
#7907=EDGE_CURVE('',#6787,#6737,#10318,.T.);
#7908=EDGE_CURVE('',#6788,#6787,#10319,.T.);
#7909=EDGE_CURVE('',#6738,#6788,#10320,.T.);
#7910=EDGE_CURVE('',#6789,#6659,#10321,.T.);
#7911=EDGE_CURVE('',#6790,#6789,#10322,.T.);
#7912=EDGE_CURVE('',#6660,#6790,#10323,.T.);
#7913=EDGE_CURVE('',#6791,#6589,#10324,.T.);
#7914=EDGE_CURVE('',#6601,#6791,#10325,.T.);
#7915=EDGE_CURVE('',#6792,#6602,#10326,.T.);
#7916=EDGE_CURVE('',#6792,#6528,#10327,.T.);
#7917=EDGE_CURVE('',#6793,#6794,#10328,.T.);
#7918=EDGE_CURVE('',#6529,#6794,#10329,.T.);
#7919=EDGE_CURVE('',#6791,#6792,#10330,.T.);
#7920=EDGE_CURVE('',#6588,#6795,#10331,.T.);
#7921=EDGE_CURVE('',#6795,#6796,#10332,.T.);
#7922=EDGE_CURVE('',#6585,#6796,#10333,.T.);
#7923=EDGE_CURVE('',#6584,#6797,#10334,.T.);
#7924=EDGE_CURVE('',#6797,#6798,#10335,.T.);
#7925=EDGE_CURVE('',#6581,#6798,#10336,.T.);
#7926=EDGE_CURVE('',#6580,#6799,#10337,.T.);
#7927=EDGE_CURVE('',#6799,#6800,#10338,.T.);
#7928=EDGE_CURVE('',#6577,#6800,#10339,.T.);
#7929=EDGE_CURVE('',#6576,#6801,#10340,.T.);
#7930=EDGE_CURVE('',#6801,#6802,#10341,.T.);
#7931=EDGE_CURVE('',#6573,#6802,#10342,.T.);
#7932=EDGE_CURVE('',#6572,#6803,#10343,.T.);
#7933=EDGE_CURVE('',#6803,#6804,#10344,.T.);
#7934=EDGE_CURVE('',#6569,#6804,#10345,.T.);
#7935=EDGE_CURVE('',#6568,#6805,#10346,.T.);
#7936=EDGE_CURVE('',#6805,#6806,#10347,.T.);
#7937=EDGE_CURVE('',#6565,#6806,#10348,.T.);
#7938=EDGE_CURVE('',#6564,#6807,#10349,.T.);
#7939=EDGE_CURVE('',#6807,#6808,#10350,.T.);
#7940=EDGE_CURVE('',#6561,#6808,#10351,.T.);
#7941=EDGE_CURVE('',#6560,#6809,#10352,.T.);
#7942=EDGE_CURVE('',#6809,#6810,#10353,.T.);
#7943=EDGE_CURVE('',#6557,#6810,#10354,.T.);
#7944=EDGE_CURVE('',#6556,#6811,#10355,.T.);
#7945=EDGE_CURVE('',#6811,#6812,#10356,.T.);
#7946=EDGE_CURVE('',#6553,#6812,#10357,.T.);
#7947=EDGE_CURVE('',#6552,#6813,#10358,.T.);
#7948=EDGE_CURVE('',#6813,#6814,#10359,.T.);
#7949=EDGE_CURVE('',#6549,#6814,#10360,.T.);
#7950=EDGE_CURVE('',#6548,#6815,#10361,.T.);
#7951=EDGE_CURVE('',#6815,#6816,#10362,.T.);
#7952=EDGE_CURVE('',#6545,#6816,#10363,.T.);
#7953=EDGE_CURVE('',#6544,#6817,#10364,.T.);
#7954=EDGE_CURVE('',#6817,#6818,#10365,.T.);
#7955=EDGE_CURVE('',#6541,#6818,#10366,.T.);
#7956=EDGE_CURVE('',#6540,#6819,#10367,.T.);
#7957=EDGE_CURVE('',#6819,#6820,#10368,.T.);
#7958=EDGE_CURVE('',#6537,#6820,#10369,.T.);
#7959=EDGE_CURVE('',#6536,#6821,#10370,.T.);
#7960=EDGE_CURVE('',#6821,#6822,#10371,.T.);
#7961=EDGE_CURVE('',#6533,#6822,#10372,.T.);
#7962=EDGE_CURVE('',#6532,#6793,#10373,.T.);
#7963=EDGE_CURVE('',#6736,#6823,#10374,.T.);
#7964=EDGE_CURVE('',#6824,#6735,#10375,.T.);
#7965=EDGE_CURVE('',#6823,#6824,#10376,.T.);
#7966=EDGE_CURVE('',#6823,#6787,#10377,.T.);
#7967=EDGE_CURVE('',#6825,#6826,#10378,.T.);
#7968=EDGE_CURVE('',#6826,#6827,#10379,.T.);
#7969=EDGE_CURVE('',#6827,#6828,#10380,.T.);
#7970=EDGE_CURVE('',#6828,#6829,#10381,.T.);
#7971=EDGE_CURVE('',#6830,#6829,#10382,.T.);
#7972=EDGE_CURVE('',#6825,#6830,#10383,.T.);
#7973=EDGE_CURVE('',#6831,#6832,#10384,.T.);
#7974=EDGE_CURVE('',#6832,#6833,#10385,.T.);
#7975=EDGE_CURVE('',#6833,#6834,#10386,.T.);
#7976=EDGE_CURVE('',#6834,#6835,#10387,.T.);
#7977=EDGE_CURVE('',#6836,#6835,#10388,.T.);
#7978=EDGE_CURVE('',#6831,#6836,#10389,.T.);
#7979=EDGE_CURVE('',#6837,#6838,#10390,.T.);
#7980=EDGE_CURVE('',#6838,#6839,#10391,.T.);
#7981=EDGE_CURVE('',#6839,#6840,#10392,.T.);
#7982=EDGE_CURVE('',#6840,#6841,#10393,.T.);
#7983=EDGE_CURVE('',#6842,#6841,#10394,.T.);
#7984=EDGE_CURVE('',#6837,#6842,#10395,.T.);
#7985=EDGE_CURVE('',#6843,#6844,#10396,.T.);
#7986=EDGE_CURVE('',#6844,#6845,#10397,.T.);
#7987=EDGE_CURVE('',#6845,#6846,#10398,.T.);
#7988=EDGE_CURVE('',#6846,#6847,#10399,.T.);
#7989=EDGE_CURVE('',#6848,#6847,#10400,.T.);
#7990=EDGE_CURVE('',#6843,#6848,#10401,.T.);
#7991=EDGE_CURVE('',#6849,#6850,#10402,.T.);
#7992=EDGE_CURVE('',#6850,#6851,#10403,.T.);
#7993=EDGE_CURVE('',#6851,#6852,#10404,.T.);
#7994=EDGE_CURVE('',#6852,#6853,#10405,.T.);
#7995=EDGE_CURVE('',#6854,#6853,#10406,.T.);
#7996=EDGE_CURVE('',#6849,#6854,#10407,.T.);
#7997=EDGE_CURVE('',#6855,#6856,#10408,.T.);
#7998=EDGE_CURVE('',#6856,#6857,#10409,.T.);
#7999=EDGE_CURVE('',#6857,#6858,#10410,.T.);
#8000=EDGE_CURVE('',#6858,#6859,#10411,.T.);
#8001=EDGE_CURVE('',#6860,#6859,#10412,.T.);
#8002=EDGE_CURVE('',#6855,#6860,#10413,.T.);
#8003=EDGE_CURVE('',#6861,#6862,#10414,.T.);
#8004=EDGE_CURVE('',#6862,#6863,#10415,.T.);
#8005=EDGE_CURVE('',#6863,#6864,#10416,.T.);
#8006=EDGE_CURVE('',#6864,#6865,#10417,.T.);
#8007=EDGE_CURVE('',#6866,#6865,#10418,.T.);
#8008=EDGE_CURVE('',#6861,#6866,#10419,.T.);
#8009=EDGE_CURVE('',#6867,#6868,#10420,.T.);
#8010=EDGE_CURVE('',#6868,#6869,#10421,.T.);
#8011=EDGE_CURVE('',#6869,#6870,#10422,.T.);
#8012=EDGE_CURVE('',#6870,#6871,#10423,.T.);
#8013=EDGE_CURVE('',#6872,#6871,#10424,.T.);
#8014=EDGE_CURVE('',#6867,#6872,#10425,.T.);
#8015=EDGE_CURVE('',#6873,#6874,#10426,.T.);
#8016=EDGE_CURVE('',#6874,#6875,#10427,.T.);
#8017=EDGE_CURVE('',#6875,#6876,#10428,.T.);
#8018=EDGE_CURVE('',#6876,#6877,#10429,.T.);
#8019=EDGE_CURVE('',#6878,#6877,#10430,.T.);
#8020=EDGE_CURVE('',#6873,#6878,#10431,.T.);
#8021=EDGE_CURVE('',#6879,#6880,#10432,.T.);
#8022=EDGE_CURVE('',#6880,#6881,#10433,.T.);
#8023=EDGE_CURVE('',#6881,#6882,#10434,.T.);
#8024=EDGE_CURVE('',#6882,#6883,#10435,.T.);
#8025=EDGE_CURVE('',#6884,#6883,#10436,.T.);
#8026=EDGE_CURVE('',#6879,#6884,#10437,.T.);
#8027=EDGE_CURVE('',#6885,#6886,#10438,.T.);
#8028=EDGE_CURVE('',#6886,#6887,#10439,.T.);
#8029=EDGE_CURVE('',#6887,#6888,#10440,.T.);
#8030=EDGE_CURVE('',#6888,#6889,#10441,.T.);
#8031=EDGE_CURVE('',#6890,#6889,#10442,.T.);
#8032=EDGE_CURVE('',#6885,#6890,#10443,.T.);
#8033=EDGE_CURVE('',#6891,#6892,#10444,.T.);
#8034=EDGE_CURVE('',#6892,#6893,#10445,.T.);
#8035=EDGE_CURVE('',#6893,#6894,#10446,.T.);
#8036=EDGE_CURVE('',#6894,#6895,#10447,.T.);
#8037=EDGE_CURVE('',#6896,#6895,#10448,.T.);
#8038=EDGE_CURVE('',#6891,#6896,#10449,.T.);
#8039=EDGE_CURVE('',#6897,#6898,#10450,.T.);
#8040=EDGE_CURVE('',#6898,#6899,#10451,.T.);
#8041=EDGE_CURVE('',#6899,#6900,#10452,.T.);
#8042=EDGE_CURVE('',#6900,#6901,#10453,.T.);
#8043=EDGE_CURVE('',#6902,#6901,#10454,.T.);
#8044=EDGE_CURVE('',#6897,#6902,#10455,.T.);
#8045=EDGE_CURVE('',#6903,#6904,#10456,.T.);
#8046=EDGE_CURVE('',#6904,#6905,#10457,.T.);
#8047=EDGE_CURVE('',#6905,#6906,#10458,.T.);
#8048=EDGE_CURVE('',#6906,#6907,#10459,.T.);
#8049=EDGE_CURVE('',#6908,#6907,#10460,.T.);
#8050=EDGE_CURVE('',#6903,#6908,#10461,.T.);
#8051=EDGE_CURVE('',#6909,#6910,#10462,.T.);
#8052=EDGE_CURVE('',#6910,#6911,#10463,.T.);
#8053=EDGE_CURVE('',#6911,#6912,#10464,.T.);
#8054=EDGE_CURVE('',#6912,#6913,#10465,.T.);
#8055=EDGE_CURVE('',#6914,#6913,#10466,.T.);
#8056=EDGE_CURVE('',#6909,#6914,#10467,.T.);
#8057=EDGE_CURVE('',#6824,#6788,#10468,.T.);
#8058=EDGE_CURVE('',#6915,#6916,#10469,.T.);
#8059=EDGE_CURVE('',#6916,#6657,#10470,.T.);
#8060=EDGE_CURVE('',#6658,#6915,#10471,.T.);
#8061=EDGE_CURVE('',#6916,#6789,#10472,.T.);
#8062=EDGE_CURVE('',#6915,#6790,#10473,.T.);
#8063=EDGE_CURVE('',#6917,#6918,#10474,.T.);
#8064=EDGE_CURVE('',#6918,#6919,#10475,.T.);
#8065=EDGE_CURVE('',#6919,#6920,#10476,.T.);
#8066=EDGE_CURVE('',#6917,#6920,#10477,.T.);
#8067=EDGE_CURVE('',#6921,#6922,#10478,.T.);
#8068=EDGE_CURVE('',#6922,#6923,#10479,.T.);
#8069=EDGE_CURVE('',#6923,#6924,#10480,.T.);
#8070=EDGE_CURVE('',#6921,#6924,#10481,.T.);
#8071=EDGE_CURVE('',#6925,#6926,#10482,.T.);
#8072=EDGE_CURVE('',#6926,#6927,#10483,.T.);
#8073=EDGE_CURVE('',#6927,#6928,#10484,.T.);
#8074=EDGE_CURVE('',#6925,#6928,#10485,.T.);
#8075=EDGE_CURVE('',#6929,#6930,#10486,.T.);
#8076=EDGE_CURVE('',#6930,#6931,#10487,.T.);
#8077=EDGE_CURVE('',#6931,#6932,#10488,.T.);
#8078=EDGE_CURVE('',#6929,#6932,#10489,.T.);
#8079=EDGE_CURVE('',#6933,#6934,#10490,.T.);
#8080=EDGE_CURVE('',#6934,#6935,#10491,.T.);
#8081=EDGE_CURVE('',#6935,#6936,#10492,.T.);
#8082=EDGE_CURVE('',#6933,#6936,#10493,.T.);
#8083=EDGE_CURVE('',#6937,#6938,#10494,.T.);
#8084=EDGE_CURVE('',#6938,#6939,#10495,.T.);
#8085=EDGE_CURVE('',#6939,#6940,#10496,.T.);
#8086=EDGE_CURVE('',#6937,#6940,#10497,.T.);
#8087=EDGE_CURVE('',#6941,#6942,#10498,.T.);
#8088=EDGE_CURVE('',#6942,#6943,#10499,.T.);
#8089=EDGE_CURVE('',#6943,#6944,#10500,.T.);
#8090=EDGE_CURVE('',#6941,#6944,#10501,.T.);
#8091=EDGE_CURVE('',#6945,#6946,#10502,.T.);
#8092=EDGE_CURVE('',#6946,#6947,#10503,.T.);
#8093=EDGE_CURVE('',#6947,#6948,#10504,.T.);
#8094=EDGE_CURVE('',#6945,#6948,#10505,.T.);
#8095=EDGE_CURVE('',#6949,#6950,#10506,.T.);
#8096=EDGE_CURVE('',#6950,#6951,#10507,.T.);
#8097=EDGE_CURVE('',#6951,#6952,#10508,.T.);
#8098=EDGE_CURVE('',#6949,#6952,#10509,.T.);
#8099=EDGE_CURVE('',#6953,#6954,#10510,.T.);
#8100=EDGE_CURVE('',#6954,#6955,#10511,.T.);
#8101=EDGE_CURVE('',#6955,#6956,#10512,.T.);
#8102=EDGE_CURVE('',#6953,#6956,#10513,.T.);
#8103=EDGE_CURVE('',#6957,#6958,#10514,.T.);
#8104=EDGE_CURVE('',#6958,#6959,#10515,.T.);
#8105=EDGE_CURVE('',#6959,#6960,#10516,.T.);
#8106=EDGE_CURVE('',#6957,#6960,#10517,.T.);
#8107=EDGE_CURVE('',#6961,#6962,#10518,.T.);
#8108=EDGE_CURVE('',#6962,#6963,#10519,.T.);
#8109=EDGE_CURVE('',#6963,#6964,#10520,.T.);
#8110=EDGE_CURVE('',#6961,#6964,#10521,.T.);
#8111=EDGE_CURVE('',#6965,#6966,#10522,.T.);
#8112=EDGE_CURVE('',#6966,#6967,#10523,.T.);
#8113=EDGE_CURVE('',#6967,#6968,#10524,.T.);
#8114=EDGE_CURVE('',#6965,#6968,#10525,.T.);
#8115=EDGE_CURVE('',#6969,#6970,#10526,.T.);
#8116=EDGE_CURVE('',#6970,#6971,#10527,.T.);
#8117=EDGE_CURVE('',#6971,#6972,#10528,.T.);
#8118=EDGE_CURVE('',#6969,#6972,#10529,.T.);
#8119=EDGE_CURVE('',#6973,#6974,#10530,.T.);
#8120=EDGE_CURVE('',#6974,#6975,#10531,.T.);
#8121=EDGE_CURVE('',#6975,#6976,#10532,.T.);
#8122=EDGE_CURVE('',#6973,#6976,#10533,.T.);
#8123=EDGE_CURVE('',#6977,#6586,#10534,.T.);
#8124=EDGE_CURVE('',#6978,#6977,#10535,.T.);
#8125=EDGE_CURVE('',#6978,#6587,#10536,.T.);
#8126=EDGE_CURVE('',#6979,#6978,#10537,.T.);
#8127=EDGE_CURVE('',#6980,#6977,#10538,.T.);
#8128=EDGE_CURVE('',#6979,#6980,#10539,.T.);
#8129=EDGE_CURVE('',#6981,#6979,#10540,.T.);
#8130=EDGE_CURVE('',#6982,#6980,#10541,.T.);
#8131=EDGE_CURVE('',#6981,#6982,#10542,.T.);
#8132=EDGE_CURVE('',#6983,#6981,#10543,.T.);
#8133=EDGE_CURVE('',#6984,#6982,#10544,.T.);
#8134=EDGE_CURVE('',#6983,#6984,#10545,.T.);
#8135=EDGE_CURVE('',#6795,#6983,#10546,.T.);
#8136=EDGE_CURVE('',#6796,#6984,#10547,.T.);
#8137=EDGE_CURVE('',#6985,#6740,#183,.T.);
#8138=EDGE_CURVE('',#6740,#6986,#184,.T.);
#8139=EDGE_CURVE('',#6986,#6987,#10548,.T.);
#8140=EDGE_CURVE('',#6742,#6987,#185,.T.);
#8141=EDGE_CURVE('',#6988,#6742,#186,.T.);
#8142=EDGE_CURVE('',#6985,#6988,#10549,.T.);
#8143=EDGE_CURVE('',#6987,#6743,#10550,.T.);
#8144=EDGE_CURVE('',#6986,#6744,#10551,.T.);
#8145=EDGE_CURVE('',#6739,#6989,#187,.T.);
#8146=EDGE_CURVE('',#6989,#6990,#10552,.T.);
#8147=EDGE_CURVE('',#6741,#6990,#188,.T.);
#8148=EDGE_CURVE('',#6989,#6985,#189,.T.);
#8149=EDGE_CURVE('',#6990,#6988,#190,.T.);
#8150=EDGE_CURVE('',#6975,#6991,#10553,.T.);
#8151=EDGE_CURVE('',#6991,#6992,#10554,.T.);
#8152=EDGE_CURVE('',#6976,#6992,#10555,.T.);
#8153=EDGE_CURVE('',#6993,#6973,#191,.T.);
#8154=EDGE_CURVE('',#6994,#6993,#10556,.T.);
#8155=EDGE_CURVE('',#6994,#6974,#192,.T.);
#8156=EDGE_CURVE('',#6995,#6994,#10557,.T.);
#8157=EDGE_CURVE('',#6991,#6995,#193,.T.);
#8158=EDGE_CURVE('',#6992,#6996,#194,.T.);
#8159=EDGE_CURVE('',#6996,#6993,#10558,.T.);
#8160=EDGE_CURVE('',#6995,#6996,#10559,.T.);
#8161=EDGE_CURVE('',#6997,#6664,#10560,.T.);
#8162=EDGE_CURVE('',#6998,#6997,#10561,.T.);
#8163=EDGE_CURVE('',#6998,#6662,#10562,.T.);
#8164=EDGE_CURVE('',#6661,#6999,#195,.T.);
#8165=EDGE_CURVE('',#6999,#7000,#10563,.T.);
#8166=EDGE_CURVE('',#6663,#7000,#196,.T.);
#8167=EDGE_CURVE('',#7001,#6998,#197,.T.);
#8168=EDGE_CURVE('',#6999,#7001,#10564,.T.);
#8169=EDGE_CURVE('',#7000,#7002,#10565,.T.);
#8170=EDGE_CURVE('',#7002,#6997,#198,.T.);
#8171=EDGE_CURVE('',#7001,#7002,#10566,.T.);
#8172=EDGE_CURVE('',#6912,#7003,#10567,.T.);
#8173=EDGE_CURVE('',#7003,#7004,#10568,.T.);
#8174=EDGE_CURVE('',#6913,#7004,#10569,.T.);
#8175=EDGE_CURVE('',#7003,#6911,#199,.T.);
#8176=EDGE_CURVE('',#6911,#7005,#200,.T.);
#8177=EDGE_CURVE('',#7005,#7006,#10570,.T.);
#8178=EDGE_CURVE('',#6914,#7006,#201,.T.);
#8179=EDGE_CURVE('',#7004,#6914,#202,.T.);
#8180=EDGE_CURVE('',#7007,#6909,#203,.T.);
#8181=EDGE_CURVE('',#7008,#7007,#10571,.T.);
#8182=EDGE_CURVE('',#7008,#6910,#204,.T.);
#8183=EDGE_CURVE('',#7005,#7008,#205,.T.);
#8184=EDGE_CURVE('',#7006,#7007,#206,.T.);
#8185=EDGE_CURVE('',#7009,#7010,#10572,.T.);
#8186=EDGE_CURVE('',#7011,#7009,#10573,.T.);
#8187=EDGE_CURVE('',#7011,#7012,#10574,.T.);
#8188=EDGE_CURVE('',#7012,#7010,#10575,.T.);
#8189=EDGE_CURVE('',#7010,#7013,#10576,.T.);
#8190=EDGE_CURVE('',#7012,#7014,#10577,.T.);
#8191=EDGE_CURVE('',#7014,#7013,#10578,.T.);
#8192=EDGE_CURVE('',#7013,#6592,#10579,.T.);
#8193=EDGE_CURVE('',#7014,#6593,#10580,.T.);
#8194=EDGE_CURVE('',#6600,#7015,#10581,.T.);
#8195=EDGE_CURVE('',#6599,#7016,#10582,.T.);
#8196=EDGE_CURVE('',#7016,#7015,#10583,.T.);
#8197=EDGE_CURVE('',#7015,#7009,#10584,.T.);
#8198=EDGE_CURVE('',#7016,#7011,#10585,.T.);
#8199=EDGE_CURVE('',#7017,#6530,#10586,.T.);
#8200=EDGE_CURVE('',#7018,#7017,#10587,.T.);
#8201=EDGE_CURVE('',#7018,#6531,#10588,.T.);
#8202=EDGE_CURVE('',#6794,#7019,#10589,.T.);
#8203=EDGE_CURVE('',#7019,#7020,#10590,.T.);
#8204=EDGE_CURVE('',#7020,#7021,#10591,.T.);
#8205=EDGE_CURVE('',#7021,#7017,#10592,.T.);
#8206=EDGE_CURVE('',#7022,#7018,#10593,.T.);
#8207=EDGE_CURVE('',#7023,#7022,#10594,.T.);
#8208=EDGE_CURVE('',#7024,#7023,#10595,.T.);
#8209=EDGE_CURVE('',#6793,#7024,#10596,.T.);
#8210=EDGE_CURVE('',#7022,#7021,#10597,.T.);
#8211=EDGE_CURVE('',#7023,#7020,#10598,.T.);
#8212=EDGE_CURVE('',#7024,#7019,#10599,.T.);
#8213=EDGE_CURVE('',#7025,#6534,#10600,.T.);
#8214=EDGE_CURVE('',#7026,#7025,#10601,.T.);
#8215=EDGE_CURVE('',#7026,#6535,#10602,.T.);
#8216=EDGE_CURVE('',#6822,#7027,#10603,.T.);
#8217=EDGE_CURVE('',#7027,#7028,#10604,.T.);
#8218=EDGE_CURVE('',#7028,#7029,#10605,.T.);
#8219=EDGE_CURVE('',#7029,#7025,#10606,.T.);
#8220=EDGE_CURVE('',#7030,#7026,#10607,.T.);
#8221=EDGE_CURVE('',#7031,#7030,#10608,.T.);
#8222=EDGE_CURVE('',#7032,#7031,#10609,.T.);
#8223=EDGE_CURVE('',#6821,#7032,#10610,.T.);
#8224=EDGE_CURVE('',#7030,#7029,#10611,.T.);
#8225=EDGE_CURVE('',#7031,#7028,#10612,.T.);
#8226=EDGE_CURVE('',#7032,#7027,#10613,.T.);
#8227=EDGE_CURVE('',#7033,#6538,#10614,.T.);
#8228=EDGE_CURVE('',#7034,#7033,#10615,.T.);
#8229=EDGE_CURVE('',#7034,#6539,#10616,.T.);
#8230=EDGE_CURVE('',#6820,#7035,#10617,.T.);
#8231=EDGE_CURVE('',#7035,#7036,#10618,.T.);
#8232=EDGE_CURVE('',#7036,#7037,#10619,.T.);
#8233=EDGE_CURVE('',#7037,#7033,#10620,.T.);
#8234=EDGE_CURVE('',#7038,#7034,#10621,.T.);
#8235=EDGE_CURVE('',#7039,#7038,#10622,.T.);
#8236=EDGE_CURVE('',#7040,#7039,#10623,.T.);
#8237=EDGE_CURVE('',#6819,#7040,#10624,.T.);
#8238=EDGE_CURVE('',#7038,#7037,#10625,.T.);
#8239=EDGE_CURVE('',#7039,#7036,#10626,.T.);
#8240=EDGE_CURVE('',#7040,#7035,#10627,.T.);
#8241=EDGE_CURVE('',#7041,#6542,#10628,.T.);
#8242=EDGE_CURVE('',#7042,#7041,#10629,.T.);
#8243=EDGE_CURVE('',#7042,#6543,#10630,.T.);
#8244=EDGE_CURVE('',#6818,#7043,#10631,.T.);
#8245=EDGE_CURVE('',#7043,#7044,#10632,.T.);
#8246=EDGE_CURVE('',#7044,#7045,#10633,.T.);
#8247=EDGE_CURVE('',#7045,#7041,#10634,.T.);
#8248=EDGE_CURVE('',#7046,#7042,#10635,.T.);
#8249=EDGE_CURVE('',#7047,#7046,#10636,.T.);
#8250=EDGE_CURVE('',#7048,#7047,#10637,.T.);
#8251=EDGE_CURVE('',#6817,#7048,#10638,.T.);
#8252=EDGE_CURVE('',#7046,#7045,#10639,.T.);
#8253=EDGE_CURVE('',#7047,#7044,#10640,.T.);
#8254=EDGE_CURVE('',#7048,#7043,#10641,.T.);
#8255=EDGE_CURVE('',#7049,#6546,#10642,.T.);
#8256=EDGE_CURVE('',#7050,#7049,#10643,.T.);
#8257=EDGE_CURVE('',#7050,#6547,#10644,.T.);
#8258=EDGE_CURVE('',#6816,#7051,#10645,.T.);
#8259=EDGE_CURVE('',#7051,#7052,#10646,.T.);
#8260=EDGE_CURVE('',#7052,#7053,#10647,.T.);
#8261=EDGE_CURVE('',#7053,#7049,#10648,.T.);
#8262=EDGE_CURVE('',#7054,#7050,#10649,.T.);
#8263=EDGE_CURVE('',#7055,#7054,#10650,.T.);
#8264=EDGE_CURVE('',#7056,#7055,#10651,.T.);
#8265=EDGE_CURVE('',#6815,#7056,#10652,.T.);
#8266=EDGE_CURVE('',#7054,#7053,#10653,.T.);
#8267=EDGE_CURVE('',#7055,#7052,#10654,.T.);
#8268=EDGE_CURVE('',#7056,#7051,#10655,.T.);
#8269=EDGE_CURVE('',#7057,#6550,#10656,.T.);
#8270=EDGE_CURVE('',#7058,#7057,#10657,.T.);
#8271=EDGE_CURVE('',#7058,#6551,#10658,.T.);
#8272=EDGE_CURVE('',#6814,#7059,#10659,.T.);
#8273=EDGE_CURVE('',#7059,#7060,#10660,.T.);
#8274=EDGE_CURVE('',#7060,#7061,#10661,.T.);
#8275=EDGE_CURVE('',#7061,#7057,#10662,.T.);
#8276=EDGE_CURVE('',#7062,#7058,#10663,.T.);
#8277=EDGE_CURVE('',#7063,#7062,#10664,.T.);
#8278=EDGE_CURVE('',#7064,#7063,#10665,.T.);
#8279=EDGE_CURVE('',#6813,#7064,#10666,.T.);
#8280=EDGE_CURVE('',#7062,#7061,#10667,.T.);
#8281=EDGE_CURVE('',#7063,#7060,#10668,.T.);
#8282=EDGE_CURVE('',#7064,#7059,#10669,.T.);
#8283=EDGE_CURVE('',#7065,#6554,#10670,.T.);
#8284=EDGE_CURVE('',#7066,#7065,#10671,.T.);
#8285=EDGE_CURVE('',#7066,#6555,#10672,.T.);
#8286=EDGE_CURVE('',#6812,#7067,#10673,.T.);
#8287=EDGE_CURVE('',#7067,#7068,#10674,.T.);
#8288=EDGE_CURVE('',#7068,#7069,#10675,.T.);
#8289=EDGE_CURVE('',#7069,#7065,#10676,.T.);
#8290=EDGE_CURVE('',#7070,#7066,#10677,.T.);
#8291=EDGE_CURVE('',#7071,#7070,#10678,.T.);
#8292=EDGE_CURVE('',#7072,#7071,#10679,.T.);
#8293=EDGE_CURVE('',#6811,#7072,#10680,.T.);
#8294=EDGE_CURVE('',#7070,#7069,#10681,.T.);
#8295=EDGE_CURVE('',#7071,#7068,#10682,.T.);
#8296=EDGE_CURVE('',#7072,#7067,#10683,.T.);
#8297=EDGE_CURVE('',#7073,#6558,#10684,.T.);
#8298=EDGE_CURVE('',#7074,#7073,#10685,.T.);
#8299=EDGE_CURVE('',#7074,#6559,#10686,.T.);
#8300=EDGE_CURVE('',#6810,#7075,#10687,.T.);
#8301=EDGE_CURVE('',#7075,#7076,#10688,.T.);
#8302=EDGE_CURVE('',#7076,#7077,#10689,.T.);
#8303=EDGE_CURVE('',#7077,#7073,#10690,.T.);
#8304=EDGE_CURVE('',#7078,#7074,#10691,.T.);
#8305=EDGE_CURVE('',#7079,#7078,#10692,.T.);
#8306=EDGE_CURVE('',#7080,#7079,#10693,.T.);
#8307=EDGE_CURVE('',#6809,#7080,#10694,.T.);
#8308=EDGE_CURVE('',#7078,#7077,#10695,.T.);
#8309=EDGE_CURVE('',#7079,#7076,#10696,.T.);
#8310=EDGE_CURVE('',#7080,#7075,#10697,.T.);
#8311=EDGE_CURVE('',#7081,#6562,#10698,.T.);
#8312=EDGE_CURVE('',#7082,#7081,#10699,.T.);
#8313=EDGE_CURVE('',#7082,#6563,#10700,.T.);
#8314=EDGE_CURVE('',#6808,#7083,#10701,.T.);
#8315=EDGE_CURVE('',#7083,#7084,#10702,.T.);
#8316=EDGE_CURVE('',#7084,#7085,#10703,.T.);
#8317=EDGE_CURVE('',#7085,#7081,#10704,.T.);
#8318=EDGE_CURVE('',#7086,#7082,#10705,.T.);
#8319=EDGE_CURVE('',#7087,#7086,#10706,.T.);
#8320=EDGE_CURVE('',#7088,#7087,#10707,.T.);
#8321=EDGE_CURVE('',#6807,#7088,#10708,.T.);
#8322=EDGE_CURVE('',#7086,#7085,#10709,.T.);
#8323=EDGE_CURVE('',#7087,#7084,#10710,.T.);
#8324=EDGE_CURVE('',#7088,#7083,#10711,.T.);
#8325=EDGE_CURVE('',#7089,#6566,#10712,.T.);
#8326=EDGE_CURVE('',#7090,#7089,#10713,.T.);
#8327=EDGE_CURVE('',#7090,#6567,#10714,.T.);
#8328=EDGE_CURVE('',#6806,#7091,#10715,.T.);
#8329=EDGE_CURVE('',#7091,#7092,#10716,.T.);
#8330=EDGE_CURVE('',#7092,#7093,#10717,.T.);
#8331=EDGE_CURVE('',#7093,#7089,#10718,.T.);
#8332=EDGE_CURVE('',#7094,#7090,#10719,.T.);
#8333=EDGE_CURVE('',#7095,#7094,#10720,.T.);
#8334=EDGE_CURVE('',#7096,#7095,#10721,.T.);
#8335=EDGE_CURVE('',#6805,#7096,#10722,.T.);
#8336=EDGE_CURVE('',#7094,#7093,#10723,.T.);
#8337=EDGE_CURVE('',#7095,#7092,#10724,.T.);
#8338=EDGE_CURVE('',#7096,#7091,#10725,.T.);
#8339=EDGE_CURVE('',#7097,#6570,#10726,.T.);
#8340=EDGE_CURVE('',#7098,#7097,#10727,.T.);
#8341=EDGE_CURVE('',#7098,#6571,#10728,.T.);
#8342=EDGE_CURVE('',#6804,#7099,#10729,.T.);
#8343=EDGE_CURVE('',#7099,#7100,#10730,.T.);
#8344=EDGE_CURVE('',#7100,#7101,#10731,.T.);
#8345=EDGE_CURVE('',#7101,#7097,#10732,.T.);
#8346=EDGE_CURVE('',#7102,#7098,#10733,.T.);
#8347=EDGE_CURVE('',#7103,#7102,#10734,.T.);
#8348=EDGE_CURVE('',#7104,#7103,#10735,.T.);
#8349=EDGE_CURVE('',#6803,#7104,#10736,.T.);
#8350=EDGE_CURVE('',#7102,#7101,#10737,.T.);
#8351=EDGE_CURVE('',#7103,#7100,#10738,.T.);
#8352=EDGE_CURVE('',#7104,#7099,#10739,.T.);
#8353=EDGE_CURVE('',#7105,#6574,#10740,.T.);
#8354=EDGE_CURVE('',#7106,#7105,#10741,.T.);
#8355=EDGE_CURVE('',#7106,#6575,#10742,.T.);
#8356=EDGE_CURVE('',#6802,#7107,#10743,.T.);
#8357=EDGE_CURVE('',#7107,#7108,#10744,.T.);
#8358=EDGE_CURVE('',#7108,#7109,#10745,.T.);
#8359=EDGE_CURVE('',#7109,#7105,#10746,.T.);
#8360=EDGE_CURVE('',#7110,#7106,#10747,.T.);
#8361=EDGE_CURVE('',#7111,#7110,#10748,.T.);
#8362=EDGE_CURVE('',#7112,#7111,#10749,.T.);
#8363=EDGE_CURVE('',#6801,#7112,#10750,.T.);
#8364=EDGE_CURVE('',#7110,#7109,#10751,.T.);
#8365=EDGE_CURVE('',#7111,#7108,#10752,.T.);
#8366=EDGE_CURVE('',#7112,#7107,#10753,.T.);
#8367=EDGE_CURVE('',#7113,#6578,#10754,.T.);
#8368=EDGE_CURVE('',#7114,#7113,#10755,.T.);
#8369=EDGE_CURVE('',#7114,#6579,#10756,.T.);
#8370=EDGE_CURVE('',#6800,#7115,#10757,.T.);
#8371=EDGE_CURVE('',#7115,#7116,#10758,.T.);
#8372=EDGE_CURVE('',#7116,#7117,#10759,.T.);
#8373=EDGE_CURVE('',#7117,#7113,#10760,.T.);
#8374=EDGE_CURVE('',#7118,#7114,#10761,.T.);
#8375=EDGE_CURVE('',#7119,#7118,#10762,.T.);
#8376=EDGE_CURVE('',#7120,#7119,#10763,.T.);
#8377=EDGE_CURVE('',#6799,#7120,#10764,.T.);
#8378=EDGE_CURVE('',#7118,#7117,#10765,.T.);
#8379=EDGE_CURVE('',#7119,#7116,#10766,.T.);
#8380=EDGE_CURVE('',#7120,#7115,#10767,.T.);
#8381=EDGE_CURVE('',#7121,#6582,#10768,.T.);
#8382=EDGE_CURVE('',#7122,#7121,#10769,.T.);
#8383=EDGE_CURVE('',#7122,#6583,#10770,.T.);
#8384=EDGE_CURVE('',#6798,#7123,#10771,.T.);
#8385=EDGE_CURVE('',#7123,#7124,#10772,.T.);
#8386=EDGE_CURVE('',#7124,#7125,#10773,.T.);
#8387=EDGE_CURVE('',#7125,#7121,#10774,.T.);
#8388=EDGE_CURVE('',#7126,#7122,#10775,.T.);
#8389=EDGE_CURVE('',#7127,#7126,#10776,.T.);
#8390=EDGE_CURVE('',#7128,#7127,#10777,.T.);
#8391=EDGE_CURVE('',#6797,#7128,#10778,.T.);
#8392=EDGE_CURVE('',#7126,#7125,#10779,.T.);
#8393=EDGE_CURVE('',#7127,#7124,#10780,.T.);
#8394=EDGE_CURVE('',#7128,#7123,#10781,.T.);
#8395=EDGE_CURVE('',#7129,#6730,#207,.T.);
#8396=EDGE_CURVE('',#6730,#7130,#208,.T.);
#8397=EDGE_CURVE('',#7130,#7131,#10782,.T.);
#8398=EDGE_CURVE('',#6732,#7131,#209,.T.);
#8399=EDGE_CURVE('',#7132,#6732,#210,.T.);
#8400=EDGE_CURVE('',#7129,#7132,#10783,.T.);
#8401=EDGE_CURVE('',#7131,#6733,#10784,.T.);
#8402=EDGE_CURVE('',#7130,#6734,#10785,.T.);
#8403=EDGE_CURVE('',#6729,#7133,#211,.T.);
#8404=EDGE_CURVE('',#7133,#7134,#10786,.T.);
#8405=EDGE_CURVE('',#6731,#7134,#212,.T.);
#8406=EDGE_CURVE('',#7133,#7129,#213,.T.);
#8407=EDGE_CURVE('',#7134,#7132,#214,.T.);
#8408=EDGE_CURVE('',#7135,#6746,#215,.T.);
#8409=EDGE_CURVE('',#6746,#7136,#216,.T.);
#8410=EDGE_CURVE('',#7136,#7137,#10787,.T.);
#8411=EDGE_CURVE('',#6748,#7137,#217,.T.);
#8412=EDGE_CURVE('',#7138,#6748,#218,.T.);
#8413=EDGE_CURVE('',#7135,#7138,#10788,.T.);
#8414=EDGE_CURVE('',#7137,#6749,#10789,.T.);
#8415=EDGE_CURVE('',#7136,#6750,#10790,.T.);
#8416=EDGE_CURVE('',#6745,#7139,#219,.T.);
#8417=EDGE_CURVE('',#7139,#7140,#10791,.T.);
#8418=EDGE_CURVE('',#6747,#7140,#220,.T.);
#8419=EDGE_CURVE('',#7139,#7135,#221,.T.);
#8420=EDGE_CURVE('',#7140,#7138,#222,.T.);
#8421=EDGE_CURVE('',#7141,#6724,#223,.T.);
#8422=EDGE_CURVE('',#6724,#7142,#224,.T.);
#8423=EDGE_CURVE('',#7142,#7143,#10792,.T.);
#8424=EDGE_CURVE('',#6726,#7143,#225,.T.);
#8425=EDGE_CURVE('',#7144,#6726,#226,.T.);
#8426=EDGE_CURVE('',#7141,#7144,#10793,.T.);
#8427=EDGE_CURVE('',#7143,#6727,#10794,.T.);
#8428=EDGE_CURVE('',#7142,#6728,#10795,.T.);
#8429=EDGE_CURVE('',#6723,#7145,#227,.T.);
#8430=EDGE_CURVE('',#7145,#7146,#10796,.T.);
#8431=EDGE_CURVE('',#6725,#7146,#228,.T.);
#8432=EDGE_CURVE('',#7145,#7141,#229,.T.);
#8433=EDGE_CURVE('',#7146,#7144,#230,.T.);
#8434=EDGE_CURVE('',#7147,#6752,#231,.T.);
#8435=EDGE_CURVE('',#6752,#7148,#232,.T.);
#8436=EDGE_CURVE('',#7148,#7149,#10797,.T.);
#8437=EDGE_CURVE('',#6754,#7149,#233,.T.);
#8438=EDGE_CURVE('',#7150,#6754,#234,.T.);
#8439=EDGE_CURVE('',#7147,#7150,#10798,.T.);
#8440=EDGE_CURVE('',#7149,#6755,#10799,.T.);
#8441=EDGE_CURVE('',#7148,#6756,#10800,.T.);
#8442=EDGE_CURVE('',#6751,#7151,#235,.T.);
#8443=EDGE_CURVE('',#7151,#7152,#10801,.T.);
#8444=EDGE_CURVE('',#6753,#7152,#236,.T.);
#8445=EDGE_CURVE('',#7151,#7147,#237,.T.);
#8446=EDGE_CURVE('',#7152,#7150,#238,.T.);
#8447=EDGE_CURVE('',#7153,#6718,#239,.T.);
#8448=EDGE_CURVE('',#6718,#7154,#240,.T.);
#8449=EDGE_CURVE('',#7154,#7155,#10802,.T.);
#8450=EDGE_CURVE('',#6720,#7155,#241,.T.);
#8451=EDGE_CURVE('',#7156,#6720,#242,.T.);
#8452=EDGE_CURVE('',#7153,#7156,#10803,.T.);
#8453=EDGE_CURVE('',#7155,#6721,#10804,.T.);
#8454=EDGE_CURVE('',#7154,#6722,#10805,.T.);
#8455=EDGE_CURVE('',#6717,#7157,#243,.T.);
#8456=EDGE_CURVE('',#7157,#7158,#10806,.T.);
#8457=EDGE_CURVE('',#6719,#7158,#244,.T.);
#8458=EDGE_CURVE('',#7157,#7153,#245,.T.);
#8459=EDGE_CURVE('',#7158,#7156,#246,.T.);
#8460=EDGE_CURVE('',#7159,#6758,#247,.T.);
#8461=EDGE_CURVE('',#6758,#7160,#248,.T.);
#8462=EDGE_CURVE('',#7160,#7161,#10807,.T.);
#8463=EDGE_CURVE('',#6760,#7161,#249,.T.);
#8464=EDGE_CURVE('',#7162,#6760,#250,.T.);
#8465=EDGE_CURVE('',#7159,#7162,#10808,.T.);
#8466=EDGE_CURVE('',#7161,#6761,#10809,.T.);
#8467=EDGE_CURVE('',#7160,#6762,#10810,.T.);
#8468=EDGE_CURVE('',#6757,#7163,#251,.T.);
#8469=EDGE_CURVE('',#7163,#7164,#10811,.T.);
#8470=EDGE_CURVE('',#6759,#7164,#252,.T.);
#8471=EDGE_CURVE('',#7163,#7159,#253,.T.);
#8472=EDGE_CURVE('',#7164,#7162,#254,.T.);
#8473=EDGE_CURVE('',#7165,#6712,#255,.T.);
#8474=EDGE_CURVE('',#6712,#7166,#256,.T.);
#8475=EDGE_CURVE('',#7166,#7167,#10812,.T.);
#8476=EDGE_CURVE('',#6714,#7167,#257,.T.);
#8477=EDGE_CURVE('',#7168,#6714,#258,.T.);
#8478=EDGE_CURVE('',#7165,#7168,#10813,.T.);
#8479=EDGE_CURVE('',#7167,#6715,#10814,.T.);
#8480=EDGE_CURVE('',#7166,#6716,#10815,.T.);
#8481=EDGE_CURVE('',#6711,#7169,#259,.T.);
#8482=EDGE_CURVE('',#7169,#7170,#10816,.T.);
#8483=EDGE_CURVE('',#6713,#7170,#260,.T.);
#8484=EDGE_CURVE('',#7169,#7165,#261,.T.);
#8485=EDGE_CURVE('',#7170,#7168,#262,.T.);
#8486=EDGE_CURVE('',#7171,#6764,#263,.T.);
#8487=EDGE_CURVE('',#6764,#7172,#264,.T.);
#8488=EDGE_CURVE('',#7172,#7173,#10817,.T.);
#8489=EDGE_CURVE('',#6766,#7173,#265,.T.);
#8490=EDGE_CURVE('',#7174,#6766,#266,.T.);
#8491=EDGE_CURVE('',#7171,#7174,#10818,.T.);
#8492=EDGE_CURVE('',#7173,#6767,#10819,.T.);
#8493=EDGE_CURVE('',#7172,#6768,#10820,.T.);
#8494=EDGE_CURVE('',#6763,#7175,#267,.T.);
#8495=EDGE_CURVE('',#7175,#7176,#10821,.T.);
#8496=EDGE_CURVE('',#6765,#7176,#268,.T.);
#8497=EDGE_CURVE('',#7175,#7171,#269,.T.);
#8498=EDGE_CURVE('',#7176,#7174,#270,.T.);
#8499=EDGE_CURVE('',#7177,#6706,#271,.T.);
#8500=EDGE_CURVE('',#6706,#7178,#272,.T.);
#8501=EDGE_CURVE('',#7178,#7179,#10822,.T.);
#8502=EDGE_CURVE('',#6708,#7179,#273,.T.);
#8503=EDGE_CURVE('',#7180,#6708,#274,.T.);
#8504=EDGE_CURVE('',#7177,#7180,#10823,.T.);
#8505=EDGE_CURVE('',#7179,#6709,#10824,.T.);
#8506=EDGE_CURVE('',#7178,#6710,#10825,.T.);
#8507=EDGE_CURVE('',#6705,#7181,#275,.T.);
#8508=EDGE_CURVE('',#7181,#7182,#10826,.T.);
#8509=EDGE_CURVE('',#6707,#7182,#276,.T.);
#8510=EDGE_CURVE('',#7181,#7177,#277,.T.);
#8511=EDGE_CURVE('',#7182,#7180,#278,.T.);
#8512=EDGE_CURVE('',#7183,#6770,#279,.T.);
#8513=EDGE_CURVE('',#6770,#7184,#280,.T.);
#8514=EDGE_CURVE('',#7184,#7185,#10827,.T.);
#8515=EDGE_CURVE('',#6772,#7185,#281,.T.);
#8516=EDGE_CURVE('',#7186,#6772,#282,.T.);
#8517=EDGE_CURVE('',#7183,#7186,#10828,.T.);
#8518=EDGE_CURVE('',#7185,#6773,#10829,.T.);
#8519=EDGE_CURVE('',#7184,#6774,#10830,.T.);
#8520=EDGE_CURVE('',#6769,#7187,#283,.T.);
#8521=EDGE_CURVE('',#7187,#7188,#10831,.T.);
#8522=EDGE_CURVE('',#6771,#7188,#284,.T.);
#8523=EDGE_CURVE('',#7187,#7183,#285,.T.);
#8524=EDGE_CURVE('',#7188,#7186,#286,.T.);
#8525=EDGE_CURVE('',#7189,#6700,#287,.T.);
#8526=EDGE_CURVE('',#6700,#7190,#288,.T.);
#8527=EDGE_CURVE('',#7190,#7191,#10832,.T.);
#8528=EDGE_CURVE('',#6702,#7191,#289,.T.);
#8529=EDGE_CURVE('',#7192,#6702,#290,.T.);
#8530=EDGE_CURVE('',#7189,#7192,#10833,.T.);
#8531=EDGE_CURVE('',#7191,#6703,#10834,.T.);
#8532=EDGE_CURVE('',#7190,#6704,#10835,.T.);
#8533=EDGE_CURVE('',#6699,#7193,#291,.T.);
#8534=EDGE_CURVE('',#7193,#7194,#10836,.T.);
#8535=EDGE_CURVE('',#6701,#7194,#292,.T.);
#8536=EDGE_CURVE('',#7193,#7189,#293,.T.);
#8537=EDGE_CURVE('',#7194,#7192,#294,.T.);
#8538=EDGE_CURVE('',#7195,#6776,#295,.T.);
#8539=EDGE_CURVE('',#6776,#7196,#296,.T.);
#8540=EDGE_CURVE('',#7196,#7197,#10837,.T.);
#8541=EDGE_CURVE('',#6778,#7197,#297,.T.);
#8542=EDGE_CURVE('',#7198,#6778,#298,.T.);
#8543=EDGE_CURVE('',#7195,#7198,#10838,.T.);
#8544=EDGE_CURVE('',#7197,#6779,#10839,.T.);
#8545=EDGE_CURVE('',#7196,#6780,#10840,.T.);
#8546=EDGE_CURVE('',#6775,#7199,#299,.T.);
#8547=EDGE_CURVE('',#7199,#7200,#10841,.T.);
#8548=EDGE_CURVE('',#6777,#7200,#300,.T.);
#8549=EDGE_CURVE('',#7199,#7195,#301,.T.);
#8550=EDGE_CURVE('',#7200,#7198,#302,.T.);
#8551=EDGE_CURVE('',#7201,#6694,#303,.T.);
#8552=EDGE_CURVE('',#6694,#7202,#304,.T.);
#8553=EDGE_CURVE('',#7202,#7203,#10842,.T.);
#8554=EDGE_CURVE('',#6696,#7203,#305,.T.);
#8555=EDGE_CURVE('',#7204,#6696,#306,.T.);
#8556=EDGE_CURVE('',#7201,#7204,#10843,.T.);
#8557=EDGE_CURVE('',#7203,#6697,#10844,.T.);
#8558=EDGE_CURVE('',#7202,#6698,#10845,.T.);
#8559=EDGE_CURVE('',#6693,#7205,#307,.T.);
#8560=EDGE_CURVE('',#7205,#7206,#10846,.T.);
#8561=EDGE_CURVE('',#6695,#7206,#308,.T.);
#8562=EDGE_CURVE('',#7205,#7201,#309,.T.);
#8563=EDGE_CURVE('',#7206,#7204,#310,.T.);
#8564=EDGE_CURVE('',#7207,#6782,#311,.T.);
#8565=EDGE_CURVE('',#6782,#7208,#312,.T.);
#8566=EDGE_CURVE('',#7208,#7209,#10847,.T.);
#8567=EDGE_CURVE('',#6784,#7209,#313,.T.);
#8568=EDGE_CURVE('',#7210,#6784,#314,.T.);
#8569=EDGE_CURVE('',#7207,#7210,#10848,.T.);
#8570=EDGE_CURVE('',#7209,#6785,#10849,.T.);
#8571=EDGE_CURVE('',#7208,#6786,#10850,.T.);
#8572=EDGE_CURVE('',#6781,#7211,#315,.T.);
#8573=EDGE_CURVE('',#7211,#7212,#10851,.T.);
#8574=EDGE_CURVE('',#6783,#7212,#316,.T.);
#8575=EDGE_CURVE('',#7211,#7207,#317,.T.);
#8576=EDGE_CURVE('',#7212,#7210,#318,.T.);
#8577=EDGE_CURVE('',#6971,#7213,#10852,.T.);
#8578=EDGE_CURVE('',#7213,#7214,#10853,.T.);
#8579=EDGE_CURVE('',#6972,#7214,#10854,.T.);
#8580=EDGE_CURVE('',#7215,#6969,#319,.T.);
#8581=EDGE_CURVE('',#7216,#7215,#10855,.T.);
#8582=EDGE_CURVE('',#7216,#6970,#320,.T.);
#8583=EDGE_CURVE('',#7217,#7216,#10856,.T.);
#8584=EDGE_CURVE('',#7213,#7217,#321,.T.);
#8585=EDGE_CURVE('',#7214,#7218,#322,.T.);
#8586=EDGE_CURVE('',#7218,#7215,#10857,.T.);
#8587=EDGE_CURVE('',#7217,#7218,#10858,.T.);
#8588=EDGE_CURVE('',#6967,#7219,#10859,.T.);
#8589=EDGE_CURVE('',#7219,#7220,#10860,.T.);
#8590=EDGE_CURVE('',#6968,#7220,#10861,.T.);
#8591=EDGE_CURVE('',#7221,#6965,#323,.T.);
#8592=EDGE_CURVE('',#7222,#7221,#10862,.T.);
#8593=EDGE_CURVE('',#7222,#6966,#324,.T.);
#8594=EDGE_CURVE('',#7223,#7222,#10863,.T.);
#8595=EDGE_CURVE('',#7219,#7223,#325,.T.);
#8596=EDGE_CURVE('',#7220,#7224,#326,.T.);
#8597=EDGE_CURVE('',#7224,#7221,#10864,.T.);
#8598=EDGE_CURVE('',#7223,#7224,#10865,.T.);
#8599=EDGE_CURVE('',#6963,#7225,#10866,.T.);
#8600=EDGE_CURVE('',#7225,#7226,#10867,.T.);
#8601=EDGE_CURVE('',#6964,#7226,#10868,.T.);
#8602=EDGE_CURVE('',#7227,#6961,#327,.T.);
#8603=EDGE_CURVE('',#7228,#7227,#10869,.T.);
#8604=EDGE_CURVE('',#7228,#6962,#328,.T.);
#8605=EDGE_CURVE('',#7229,#7228,#10870,.T.);
#8606=EDGE_CURVE('',#7225,#7229,#329,.T.);
#8607=EDGE_CURVE('',#7226,#7230,#330,.T.);
#8608=EDGE_CURVE('',#7230,#7227,#10871,.T.);
#8609=EDGE_CURVE('',#7229,#7230,#10872,.T.);
#8610=EDGE_CURVE('',#6959,#7231,#10873,.T.);
#8611=EDGE_CURVE('',#7231,#7232,#10874,.T.);
#8612=EDGE_CURVE('',#6960,#7232,#10875,.T.);
#8613=EDGE_CURVE('',#7233,#6957,#331,.T.);
#8614=EDGE_CURVE('',#7234,#7233,#10876,.T.);
#8615=EDGE_CURVE('',#7234,#6958,#332,.T.);
#8616=EDGE_CURVE('',#7235,#7234,#10877,.T.);
#8617=EDGE_CURVE('',#7231,#7235,#333,.T.);
#8618=EDGE_CURVE('',#7232,#7236,#334,.T.);
#8619=EDGE_CURVE('',#7236,#7233,#10878,.T.);
#8620=EDGE_CURVE('',#7235,#7236,#10879,.T.);
#8621=EDGE_CURVE('',#6955,#7237,#10880,.T.);
#8622=EDGE_CURVE('',#7237,#7238,#10881,.T.);
#8623=EDGE_CURVE('',#6956,#7238,#10882,.T.);
#8624=EDGE_CURVE('',#7239,#6953,#335,.T.);
#8625=EDGE_CURVE('',#7240,#7239,#10883,.T.);
#8626=EDGE_CURVE('',#7240,#6954,#336,.T.);
#8627=EDGE_CURVE('',#7241,#7240,#10884,.T.);
#8628=EDGE_CURVE('',#7237,#7241,#337,.T.);
#8629=EDGE_CURVE('',#7238,#7242,#338,.T.);
#8630=EDGE_CURVE('',#7242,#7239,#10885,.T.);
#8631=EDGE_CURVE('',#7241,#7242,#10886,.T.);
#8632=EDGE_CURVE('',#6951,#7243,#10887,.T.);
#8633=EDGE_CURVE('',#7243,#7244,#10888,.T.);
#8634=EDGE_CURVE('',#6952,#7244,#10889,.T.);
#8635=EDGE_CURVE('',#7245,#6949,#339,.T.);
#8636=EDGE_CURVE('',#7246,#7245,#10890,.T.);
#8637=EDGE_CURVE('',#7246,#6950,#340,.T.);
#8638=EDGE_CURVE('',#7247,#7246,#10891,.T.);
#8639=EDGE_CURVE('',#7243,#7247,#341,.T.);
#8640=EDGE_CURVE('',#7244,#7248,#342,.T.);
#8641=EDGE_CURVE('',#7248,#7245,#10892,.T.);
#8642=EDGE_CURVE('',#7247,#7248,#10893,.T.);
#8643=EDGE_CURVE('',#6947,#7249,#10894,.T.);
#8644=EDGE_CURVE('',#7249,#7250,#10895,.T.);
#8645=EDGE_CURVE('',#6948,#7250,#10896,.T.);
#8646=EDGE_CURVE('',#7251,#6945,#343,.T.);
#8647=EDGE_CURVE('',#7252,#7251,#10897,.T.);
#8648=EDGE_CURVE('',#7252,#6946,#344,.T.);
#8649=EDGE_CURVE('',#7253,#7252,#10898,.T.);
#8650=EDGE_CURVE('',#7249,#7253,#345,.T.);
#8651=EDGE_CURVE('',#7250,#7254,#346,.T.);
#8652=EDGE_CURVE('',#7254,#7251,#10899,.T.);
#8653=EDGE_CURVE('',#7253,#7254,#10900,.T.);
#8654=EDGE_CURVE('',#6943,#7255,#10901,.T.);
#8655=EDGE_CURVE('',#7255,#7256,#10902,.T.);
#8656=EDGE_CURVE('',#6944,#7256,#10903,.T.);
#8657=EDGE_CURVE('',#7257,#6941,#347,.T.);
#8658=EDGE_CURVE('',#7258,#7257,#10904,.T.);
#8659=EDGE_CURVE('',#7258,#6942,#348,.T.);
#8660=EDGE_CURVE('',#7259,#7258,#10905,.T.);
#8661=EDGE_CURVE('',#7255,#7259,#349,.T.);
#8662=EDGE_CURVE('',#7256,#7260,#350,.T.);
#8663=EDGE_CURVE('',#7260,#7257,#10906,.T.);
#8664=EDGE_CURVE('',#7259,#7260,#10907,.T.);
#8665=EDGE_CURVE('',#6939,#7261,#10908,.T.);
#8666=EDGE_CURVE('',#7261,#7262,#10909,.T.);
#8667=EDGE_CURVE('',#6940,#7262,#10910,.T.);
#8668=EDGE_CURVE('',#7263,#6937,#351,.T.);
#8669=EDGE_CURVE('',#7264,#7263,#10911,.T.);
#8670=EDGE_CURVE('',#7264,#6938,#352,.T.);
#8671=EDGE_CURVE('',#7265,#7264,#10912,.T.);
#8672=EDGE_CURVE('',#7261,#7265,#353,.T.);
#8673=EDGE_CURVE('',#7262,#7266,#354,.T.);
#8674=EDGE_CURVE('',#7266,#7263,#10913,.T.);
#8675=EDGE_CURVE('',#7265,#7266,#10914,.T.);
#8676=EDGE_CURVE('',#6935,#7267,#10915,.T.);
#8677=EDGE_CURVE('',#7267,#7268,#10916,.T.);
#8678=EDGE_CURVE('',#6936,#7268,#10917,.T.);
#8679=EDGE_CURVE('',#7269,#6933,#355,.T.);
#8680=EDGE_CURVE('',#7270,#7269,#10918,.T.);
#8681=EDGE_CURVE('',#7270,#6934,#356,.T.);
#8682=EDGE_CURVE('',#7271,#7270,#10919,.T.);
#8683=EDGE_CURVE('',#7267,#7271,#357,.T.);
#8684=EDGE_CURVE('',#7268,#7272,#358,.T.);
#8685=EDGE_CURVE('',#7272,#7269,#10920,.T.);
#8686=EDGE_CURVE('',#7271,#7272,#10921,.T.);
#8687=EDGE_CURVE('',#6931,#7273,#10922,.T.);
#8688=EDGE_CURVE('',#7273,#7274,#10923,.T.);
#8689=EDGE_CURVE('',#6932,#7274,#10924,.T.);
#8690=EDGE_CURVE('',#7275,#6929,#359,.T.);
#8691=EDGE_CURVE('',#7276,#7275,#10925,.T.);
#8692=EDGE_CURVE('',#7276,#6930,#360,.T.);
#8693=EDGE_CURVE('',#7277,#7276,#10926,.T.);
#8694=EDGE_CURVE('',#7273,#7277,#361,.T.);
#8695=EDGE_CURVE('',#7274,#7278,#362,.T.);
#8696=EDGE_CURVE('',#7278,#7275,#10927,.T.);
#8697=EDGE_CURVE('',#7277,#7278,#10928,.T.);
#8698=EDGE_CURVE('',#6927,#7279,#10929,.T.);
#8699=EDGE_CURVE('',#7279,#7280,#10930,.T.);
#8700=EDGE_CURVE('',#6928,#7280,#10931,.T.);
#8701=EDGE_CURVE('',#7281,#6925,#363,.T.);
#8702=EDGE_CURVE('',#7282,#7281,#10932,.T.);
#8703=EDGE_CURVE('',#7282,#6926,#364,.T.);
#8704=EDGE_CURVE('',#7283,#7282,#10933,.T.);
#8705=EDGE_CURVE('',#7279,#7283,#365,.T.);
#8706=EDGE_CURVE('',#7280,#7284,#366,.T.);
#8707=EDGE_CURVE('',#7284,#7281,#10934,.T.);
#8708=EDGE_CURVE('',#7283,#7284,#10935,.T.);
#8709=EDGE_CURVE('',#6923,#7285,#10936,.T.);
#8710=EDGE_CURVE('',#7285,#7286,#10937,.T.);
#8711=EDGE_CURVE('',#6924,#7286,#10938,.T.);
#8712=EDGE_CURVE('',#7287,#6921,#367,.T.);
#8713=EDGE_CURVE('',#7288,#7287,#10939,.T.);
#8714=EDGE_CURVE('',#7288,#6922,#368,.T.);
#8715=EDGE_CURVE('',#7289,#7288,#10940,.T.);
#8716=EDGE_CURVE('',#7285,#7289,#369,.T.);
#8717=EDGE_CURVE('',#7286,#7290,#370,.T.);
#8718=EDGE_CURVE('',#7290,#7287,#10941,.T.);
#8719=EDGE_CURVE('',#7289,#7290,#10942,.T.);
#8720=EDGE_CURVE('',#6919,#7291,#10943,.T.);
#8721=EDGE_CURVE('',#7291,#7292,#10944,.T.);
#8722=EDGE_CURVE('',#6920,#7292,#10945,.T.);
#8723=EDGE_CURVE('',#7293,#6917,#371,.T.);
#8724=EDGE_CURVE('',#7294,#7293,#10946,.T.);
#8725=EDGE_CURVE('',#7294,#6918,#372,.T.);
#8726=EDGE_CURVE('',#7295,#7294,#10947,.T.);
#8727=EDGE_CURVE('',#7291,#7295,#373,.T.);
#8728=EDGE_CURVE('',#7292,#7296,#374,.T.);
#8729=EDGE_CURVE('',#7296,#7293,#10948,.T.);
#8730=EDGE_CURVE('',#7295,#7296,#10949,.T.);
#8731=EDGE_CURVE('',#7297,#6656,#10950,.T.);
#8732=EDGE_CURVE('',#7298,#7297,#10951,.T.);
#8733=EDGE_CURVE('',#7298,#6654,#10952,.T.);
#8734=EDGE_CURVE('',#6653,#7299,#375,.T.);
#8735=EDGE_CURVE('',#7299,#7300,#10953,.T.);
#8736=EDGE_CURVE('',#6655,#7300,#376,.T.);
#8737=EDGE_CURVE('',#7301,#7298,#377,.T.);
#8738=EDGE_CURVE('',#7299,#7301,#10954,.T.);
#8739=EDGE_CURVE('',#7300,#7302,#10955,.T.);
#8740=EDGE_CURVE('',#7302,#7297,#378,.T.);
#8741=EDGE_CURVE('',#7301,#7302,#10956,.T.);
#8742=EDGE_CURVE('',#7303,#6668,#10957,.T.);
#8743=EDGE_CURVE('',#7304,#7303,#10958,.T.);
#8744=EDGE_CURVE('',#7304,#6666,#10959,.T.);
#8745=EDGE_CURVE('',#6665,#7305,#379,.T.);
#8746=EDGE_CURVE('',#7305,#7306,#10960,.T.);
#8747=EDGE_CURVE('',#6667,#7306,#380,.T.);
#8748=EDGE_CURVE('',#7307,#7304,#381,.T.);
#8749=EDGE_CURVE('',#7305,#7307,#10961,.T.);
#8750=EDGE_CURVE('',#7306,#7308,#10962,.T.);
#8751=EDGE_CURVE('',#7308,#7303,#382,.T.);
#8752=EDGE_CURVE('',#7307,#7308,#10963,.T.);
#8753=EDGE_CURVE('',#7309,#6652,#10964,.T.);
#8754=EDGE_CURVE('',#7310,#7309,#10965,.T.);
#8755=EDGE_CURVE('',#7310,#6650,#10966,.T.);
#8756=EDGE_CURVE('',#6649,#7311,#383,.T.);
#8757=EDGE_CURVE('',#7311,#7312,#10967,.T.);
#8758=EDGE_CURVE('',#6651,#7312,#384,.T.);
#8759=EDGE_CURVE('',#7313,#7310,#385,.T.);
#8760=EDGE_CURVE('',#7311,#7313,#10968,.T.);
#8761=EDGE_CURVE('',#7312,#7314,#10969,.T.);
#8762=EDGE_CURVE('',#7314,#7309,#386,.T.);
#8763=EDGE_CURVE('',#7313,#7314,#10970,.T.);
#8764=EDGE_CURVE('',#7315,#6672,#10971,.T.);
#8765=EDGE_CURVE('',#7316,#7315,#10972,.T.);
#8766=EDGE_CURVE('',#7316,#6670,#10973,.T.);
#8767=EDGE_CURVE('',#6669,#7317,#387,.T.);
#8768=EDGE_CURVE('',#7317,#7318,#10974,.T.);
#8769=EDGE_CURVE('',#6671,#7318,#388,.T.);
#8770=EDGE_CURVE('',#7319,#7316,#389,.T.);
#8771=EDGE_CURVE('',#7317,#7319,#10975,.T.);
#8772=EDGE_CURVE('',#7318,#7320,#10976,.T.);
#8773=EDGE_CURVE('',#7320,#7315,#390,.T.);
#8774=EDGE_CURVE('',#7319,#7320,#10977,.T.);
#8775=EDGE_CURVE('',#7321,#6648,#10978,.T.);
#8776=EDGE_CURVE('',#7322,#7321,#10979,.T.);
#8777=EDGE_CURVE('',#7322,#6646,#10980,.T.);
#8778=EDGE_CURVE('',#6645,#7323,#391,.T.);
#8779=EDGE_CURVE('',#7323,#7324,#10981,.T.);
#8780=EDGE_CURVE('',#6647,#7324,#392,.T.);
#8781=EDGE_CURVE('',#7325,#7322,#393,.T.);
#8782=EDGE_CURVE('',#7323,#7325,#10982,.T.);
#8783=EDGE_CURVE('',#7324,#7326,#10983,.T.);
#8784=EDGE_CURVE('',#7326,#7321,#394,.T.);
#8785=EDGE_CURVE('',#7325,#7326,#10984,.T.);
#8786=EDGE_CURVE('',#7327,#6676,#10985,.T.);
#8787=EDGE_CURVE('',#7328,#7327,#10986,.T.);
#8788=EDGE_CURVE('',#7328,#6674,#10987,.T.);
#8789=EDGE_CURVE('',#6673,#7329,#395,.T.);
#8790=EDGE_CURVE('',#7329,#7330,#10988,.T.);
#8791=EDGE_CURVE('',#6675,#7330,#396,.T.);
#8792=EDGE_CURVE('',#7331,#7328,#397,.T.);
#8793=EDGE_CURVE('',#7329,#7331,#10989,.T.);
#8794=EDGE_CURVE('',#7330,#7332,#10990,.T.);
#8795=EDGE_CURVE('',#7332,#7327,#398,.T.);
#8796=EDGE_CURVE('',#7331,#7332,#10991,.T.);
#8797=EDGE_CURVE('',#7333,#6644,#10992,.T.);
#8798=EDGE_CURVE('',#7334,#7333,#10993,.T.);
#8799=EDGE_CURVE('',#7334,#6642,#10994,.T.);
#8800=EDGE_CURVE('',#6641,#7335,#399,.T.);
#8801=EDGE_CURVE('',#7335,#7336,#10995,.T.);
#8802=EDGE_CURVE('',#6643,#7336,#400,.T.);
#8803=EDGE_CURVE('',#7337,#7334,#401,.T.);
#8804=EDGE_CURVE('',#7335,#7337,#10996,.T.);
#8805=EDGE_CURVE('',#7336,#7338,#10997,.T.);
#8806=EDGE_CURVE('',#7338,#7333,#402,.T.);
#8807=EDGE_CURVE('',#7337,#7338,#10998,.T.);
#8808=EDGE_CURVE('',#7339,#6680,#10999,.T.);
#8809=EDGE_CURVE('',#7340,#7339,#11000,.T.);
#8810=EDGE_CURVE('',#7340,#6678,#11001,.T.);
#8811=EDGE_CURVE('',#6677,#7341,#403,.T.);
#8812=EDGE_CURVE('',#7341,#7342,#11002,.T.);
#8813=EDGE_CURVE('',#6679,#7342,#404,.T.);
#8814=EDGE_CURVE('',#7343,#7340,#405,.T.);
#8815=EDGE_CURVE('',#7341,#7343,#11003,.T.);
#8816=EDGE_CURVE('',#7342,#7344,#11004,.T.);
#8817=EDGE_CURVE('',#7344,#7339,#406,.T.);
#8818=EDGE_CURVE('',#7343,#7344,#11005,.T.);
#8819=EDGE_CURVE('',#7345,#6640,#11006,.T.);
#8820=EDGE_CURVE('',#7346,#7345,#11007,.T.);
#8821=EDGE_CURVE('',#7346,#6638,#11008,.T.);
#8822=EDGE_CURVE('',#6637,#7347,#407,.T.);
#8823=EDGE_CURVE('',#7347,#7348,#11009,.T.);
#8824=EDGE_CURVE('',#6639,#7348,#408,.T.);
#8825=EDGE_CURVE('',#7349,#7346,#409,.T.);
#8826=EDGE_CURVE('',#7347,#7349,#11010,.T.);
#8827=EDGE_CURVE('',#7348,#7350,#11011,.T.);
#8828=EDGE_CURVE('',#7350,#7345,#410,.T.);
#8829=EDGE_CURVE('',#7349,#7350,#11012,.T.);
#8830=EDGE_CURVE('',#7351,#6684,#11013,.T.);
#8831=EDGE_CURVE('',#7352,#7351,#11014,.T.);
#8832=EDGE_CURVE('',#7352,#6682,#11015,.T.);
#8833=EDGE_CURVE('',#6681,#7353,#411,.T.);
#8834=EDGE_CURVE('',#7353,#7354,#11016,.T.);
#8835=EDGE_CURVE('',#6683,#7354,#412,.T.);
#8836=EDGE_CURVE('',#7355,#7352,#413,.T.);
#8837=EDGE_CURVE('',#7353,#7355,#11017,.T.);
#8838=EDGE_CURVE('',#7354,#7356,#11018,.T.);
#8839=EDGE_CURVE('',#7356,#7351,#414,.T.);
#8840=EDGE_CURVE('',#7355,#7356,#11019,.T.);
#8841=EDGE_CURVE('',#7357,#6636,#11020,.T.);
#8842=EDGE_CURVE('',#7358,#7357,#11021,.T.);
#8843=EDGE_CURVE('',#7358,#6634,#11022,.T.);
#8844=EDGE_CURVE('',#6633,#7359,#415,.T.);
#8845=EDGE_CURVE('',#7359,#7360,#11023,.T.);
#8846=EDGE_CURVE('',#6635,#7360,#416,.T.);
#8847=EDGE_CURVE('',#7361,#7358,#417,.T.);
#8848=EDGE_CURVE('',#7359,#7361,#11024,.T.);
#8849=EDGE_CURVE('',#7360,#7362,#11025,.T.);
#8850=EDGE_CURVE('',#7362,#7357,#418,.T.);
#8851=EDGE_CURVE('',#7361,#7362,#11026,.T.);
#8852=EDGE_CURVE('',#7363,#6688,#11027,.T.);
#8853=EDGE_CURVE('',#7364,#7363,#11028,.T.);
#8854=EDGE_CURVE('',#7364,#6686,#11029,.T.);
#8855=EDGE_CURVE('',#6685,#7365,#419,.T.);
#8856=EDGE_CURVE('',#7365,#7366,#11030,.T.);
#8857=EDGE_CURVE('',#6687,#7366,#420,.T.);
#8858=EDGE_CURVE('',#7367,#7364,#421,.T.);
#8859=EDGE_CURVE('',#7365,#7367,#11031,.T.);
#8860=EDGE_CURVE('',#7366,#7368,#11032,.T.);
#8861=EDGE_CURVE('',#7368,#7363,#422,.T.);
#8862=EDGE_CURVE('',#7367,#7368,#11033,.T.);
#8863=EDGE_CURVE('',#7369,#6632,#11034,.T.);
#8864=EDGE_CURVE('',#7370,#7369,#11035,.T.);
#8865=EDGE_CURVE('',#7370,#6630,#11036,.T.);
#8866=EDGE_CURVE('',#6629,#7371,#423,.T.);
#8867=EDGE_CURVE('',#7371,#7372,#11037,.T.);
#8868=EDGE_CURVE('',#6631,#7372,#424,.T.);
#8869=EDGE_CURVE('',#7373,#7370,#425,.T.);
#8870=EDGE_CURVE('',#7371,#7373,#11038,.T.);
#8871=EDGE_CURVE('',#7372,#7374,#11039,.T.);
#8872=EDGE_CURVE('',#7374,#7369,#426,.T.);
#8873=EDGE_CURVE('',#7373,#7374,#11040,.T.);
#8874=EDGE_CURVE('',#7375,#6692,#11041,.T.);
#8875=EDGE_CURVE('',#7376,#7375,#11042,.T.);
#8876=EDGE_CURVE('',#7376,#6690,#11043,.T.);
#8877=EDGE_CURVE('',#6689,#7377,#427,.T.);
#8878=EDGE_CURVE('',#7377,#7378,#11044,.T.);
#8879=EDGE_CURVE('',#6691,#7378,#428,.T.);
#8880=EDGE_CURVE('',#7379,#7376,#429,.T.);
#8881=EDGE_CURVE('',#7377,#7379,#11045,.T.);
#8882=EDGE_CURVE('',#7378,#7380,#11046,.T.);
#8883=EDGE_CURVE('',#7380,#7375,#430,.T.);
#8884=EDGE_CURVE('',#7379,#7380,#11047,.T.);
#8885=EDGE_CURVE('',#6906,#7381,#11048,.T.);
#8886=EDGE_CURVE('',#7381,#7382,#11049,.T.);
#8887=EDGE_CURVE('',#6907,#7382,#11050,.T.);
#8888=EDGE_CURVE('',#7381,#6905,#431,.T.);
#8889=EDGE_CURVE('',#6905,#7383,#432,.T.);
#8890=EDGE_CURVE('',#7383,#7384,#11051,.T.);
#8891=EDGE_CURVE('',#6908,#7384,#433,.T.);
#8892=EDGE_CURVE('',#7382,#6908,#434,.T.);
#8893=EDGE_CURVE('',#7385,#6903,#435,.T.);
#8894=EDGE_CURVE('',#7386,#7385,#11052,.T.);
#8895=EDGE_CURVE('',#7386,#6904,#436,.T.);
#8896=EDGE_CURVE('',#7383,#7386,#437,.T.);
#8897=EDGE_CURVE('',#7384,#7385,#438,.T.);
#8898=EDGE_CURVE('',#6900,#7387,#11053,.T.);
#8899=EDGE_CURVE('',#7387,#7388,#11054,.T.);
#8900=EDGE_CURVE('',#6901,#7388,#11055,.T.);
#8901=EDGE_CURVE('',#7387,#6899,#439,.T.);
#8902=EDGE_CURVE('',#6899,#7389,#440,.T.);
#8903=EDGE_CURVE('',#7389,#7390,#11056,.T.);
#8904=EDGE_CURVE('',#6902,#7390,#441,.T.);
#8905=EDGE_CURVE('',#7388,#6902,#442,.T.);
#8906=EDGE_CURVE('',#7391,#6897,#443,.T.);
#8907=EDGE_CURVE('',#7392,#7391,#11057,.T.);
#8908=EDGE_CURVE('',#7392,#6898,#444,.T.);
#8909=EDGE_CURVE('',#7389,#7392,#445,.T.);
#8910=EDGE_CURVE('',#7390,#7391,#446,.T.);
#8911=EDGE_CURVE('',#6894,#7393,#11058,.T.);
#8912=EDGE_CURVE('',#7393,#7394,#11059,.T.);
#8913=EDGE_CURVE('',#6895,#7394,#11060,.T.);
#8914=EDGE_CURVE('',#7393,#6893,#447,.T.);
#8915=EDGE_CURVE('',#6893,#7395,#448,.T.);
#8916=EDGE_CURVE('',#7395,#7396,#11061,.T.);
#8917=EDGE_CURVE('',#6896,#7396,#449,.T.);
#8918=EDGE_CURVE('',#7394,#6896,#450,.T.);
#8919=EDGE_CURVE('',#7397,#6891,#451,.T.);
#8920=EDGE_CURVE('',#7398,#7397,#11062,.T.);
#8921=EDGE_CURVE('',#7398,#6892,#452,.T.);
#8922=EDGE_CURVE('',#7395,#7398,#453,.T.);
#8923=EDGE_CURVE('',#7396,#7397,#454,.T.);
#8924=EDGE_CURVE('',#6888,#7399,#11063,.T.);
#8925=EDGE_CURVE('',#7399,#7400,#11064,.T.);
#8926=EDGE_CURVE('',#6889,#7400,#11065,.T.);
#8927=EDGE_CURVE('',#7399,#6887,#455,.T.);
#8928=EDGE_CURVE('',#6887,#7401,#456,.T.);
#8929=EDGE_CURVE('',#7401,#7402,#11066,.T.);
#8930=EDGE_CURVE('',#6890,#7402,#457,.T.);
#8931=EDGE_CURVE('',#7400,#6890,#458,.T.);
#8932=EDGE_CURVE('',#7403,#6885,#459,.T.);
#8933=EDGE_CURVE('',#7404,#7403,#11067,.T.);
#8934=EDGE_CURVE('',#7404,#6886,#460,.T.);
#8935=EDGE_CURVE('',#7401,#7404,#461,.T.);
#8936=EDGE_CURVE('',#7402,#7403,#462,.T.);
#8937=EDGE_CURVE('',#6882,#7405,#11068,.T.);
#8938=EDGE_CURVE('',#7405,#7406,#11069,.T.);
#8939=EDGE_CURVE('',#6883,#7406,#11070,.T.);
#8940=EDGE_CURVE('',#7405,#6881,#463,.T.);
#8941=EDGE_CURVE('',#6881,#7407,#464,.T.);
#8942=EDGE_CURVE('',#7407,#7408,#11071,.T.);
#8943=EDGE_CURVE('',#6884,#7408,#465,.T.);
#8944=EDGE_CURVE('',#7406,#6884,#466,.T.);
#8945=EDGE_CURVE('',#7409,#6879,#467,.T.);
#8946=EDGE_CURVE('',#7410,#7409,#11072,.T.);
#8947=EDGE_CURVE('',#7410,#6880,#468,.T.);
#8948=EDGE_CURVE('',#7407,#7410,#469,.T.);
#8949=EDGE_CURVE('',#7408,#7409,#470,.T.);
#8950=EDGE_CURVE('',#6876,#7411,#11073,.T.);
#8951=EDGE_CURVE('',#7411,#7412,#11074,.T.);
#8952=EDGE_CURVE('',#6877,#7412,#11075,.T.);
#8953=EDGE_CURVE('',#7411,#6875,#471,.T.);
#8954=EDGE_CURVE('',#6875,#7413,#472,.T.);
#8955=EDGE_CURVE('',#7413,#7414,#11076,.T.);
#8956=EDGE_CURVE('',#6878,#7414,#473,.T.);
#8957=EDGE_CURVE('',#7412,#6878,#474,.T.);
#8958=EDGE_CURVE('',#7415,#6873,#475,.T.);
#8959=EDGE_CURVE('',#7416,#7415,#11077,.T.);
#8960=EDGE_CURVE('',#7416,#6874,#476,.T.);
#8961=EDGE_CURVE('',#7413,#7416,#477,.T.);
#8962=EDGE_CURVE('',#7414,#7415,#478,.T.);
#8963=EDGE_CURVE('',#6870,#7417,#11078,.T.);
#8964=EDGE_CURVE('',#7417,#7418,#11079,.T.);
#8965=EDGE_CURVE('',#6871,#7418,#11080,.T.);
#8966=EDGE_CURVE('',#7417,#6869,#479,.T.);
#8967=EDGE_CURVE('',#6869,#7419,#480,.T.);
#8968=EDGE_CURVE('',#7419,#7420,#11081,.T.);
#8969=EDGE_CURVE('',#6872,#7420,#481,.T.);
#8970=EDGE_CURVE('',#7418,#6872,#482,.T.);
#8971=EDGE_CURVE('',#7421,#6867,#483,.T.);
#8972=EDGE_CURVE('',#7422,#7421,#11082,.T.);
#8973=EDGE_CURVE('',#7422,#6868,#484,.T.);
#8974=EDGE_CURVE('',#7419,#7422,#485,.T.);
#8975=EDGE_CURVE('',#7420,#7421,#486,.T.);
#8976=EDGE_CURVE('',#6864,#7423,#11083,.T.);
#8977=EDGE_CURVE('',#7423,#7424,#11084,.T.);
#8978=EDGE_CURVE('',#6865,#7424,#11085,.T.);
#8979=EDGE_CURVE('',#7423,#6863,#487,.T.);
#8980=EDGE_CURVE('',#6863,#7425,#488,.T.);
#8981=EDGE_CURVE('',#7425,#7426,#11086,.T.);
#8982=EDGE_CURVE('',#6866,#7426,#489,.T.);
#8983=EDGE_CURVE('',#7424,#6866,#490,.T.);
#8984=EDGE_CURVE('',#7427,#6861,#491,.T.);
#8985=EDGE_CURVE('',#7428,#7427,#11087,.T.);
#8986=EDGE_CURVE('',#7428,#6862,#492,.T.);
#8987=EDGE_CURVE('',#7425,#7428,#493,.T.);
#8988=EDGE_CURVE('',#7426,#7427,#494,.T.);
#8989=EDGE_CURVE('',#6858,#7429,#11088,.T.);
#8990=EDGE_CURVE('',#7429,#7430,#11089,.T.);
#8991=EDGE_CURVE('',#6859,#7430,#11090,.T.);
#8992=EDGE_CURVE('',#7429,#6857,#495,.T.);
#8993=EDGE_CURVE('',#6857,#7431,#496,.T.);
#8994=EDGE_CURVE('',#7431,#7432,#11091,.T.);
#8995=EDGE_CURVE('',#6860,#7432,#497,.T.);
#8996=EDGE_CURVE('',#7430,#6860,#498,.T.);
#8997=EDGE_CURVE('',#7433,#6855,#499,.T.);
#8998=EDGE_CURVE('',#7434,#7433,#11092,.T.);
#8999=EDGE_CURVE('',#7434,#6856,#500,.T.);
#9000=EDGE_CURVE('',#7431,#7434,#501,.T.);
#9001=EDGE_CURVE('',#7432,#7433,#502,.T.);
#9002=EDGE_CURVE('',#6852,#7435,#11093,.T.);
#9003=EDGE_CURVE('',#7435,#7436,#11094,.T.);
#9004=EDGE_CURVE('',#6853,#7436,#11095,.T.);
#9005=EDGE_CURVE('',#7435,#6851,#503,.T.);
#9006=EDGE_CURVE('',#6851,#7437,#504,.T.);
#9007=EDGE_CURVE('',#7437,#7438,#11096,.T.);
#9008=EDGE_CURVE('',#6854,#7438,#505,.T.);
#9009=EDGE_CURVE('',#7436,#6854,#506,.T.);
#9010=EDGE_CURVE('',#7439,#6849,#507,.T.);
#9011=EDGE_CURVE('',#7440,#7439,#11097,.T.);
#9012=EDGE_CURVE('',#7440,#6850,#508,.T.);
#9013=EDGE_CURVE('',#7437,#7440,#509,.T.);
#9014=EDGE_CURVE('',#7438,#7439,#510,.T.);
#9015=EDGE_CURVE('',#6846,#7441,#11098,.T.);
#9016=EDGE_CURVE('',#7441,#7442,#11099,.T.);
#9017=EDGE_CURVE('',#6847,#7442,#11100,.T.);
#9018=EDGE_CURVE('',#7441,#6845,#511,.T.);
#9019=EDGE_CURVE('',#6845,#7443,#512,.T.);
#9020=EDGE_CURVE('',#7443,#7444,#11101,.T.);
#9021=EDGE_CURVE('',#6848,#7444,#513,.T.);
#9022=EDGE_CURVE('',#7442,#6848,#514,.T.);
#9023=EDGE_CURVE('',#7445,#6843,#515,.T.);
#9024=EDGE_CURVE('',#7446,#7445,#11102,.T.);
#9025=EDGE_CURVE('',#7446,#6844,#516,.T.);
#9026=EDGE_CURVE('',#7443,#7446,#517,.T.);
#9027=EDGE_CURVE('',#7444,#7445,#518,.T.);
#9028=EDGE_CURVE('',#6840,#7447,#11103,.T.);
#9029=EDGE_CURVE('',#7447,#7448,#11104,.T.);
#9030=EDGE_CURVE('',#6841,#7448,#11105,.T.);
#9031=EDGE_CURVE('',#7447,#6839,#519,.T.);
#9032=EDGE_CURVE('',#6839,#7449,#520,.T.);
#9033=EDGE_CURVE('',#7449,#7450,#11106,.T.);
#9034=EDGE_CURVE('',#6842,#7450,#521,.T.);
#9035=EDGE_CURVE('',#7448,#6842,#522,.T.);
#9036=EDGE_CURVE('',#7451,#6837,#523,.T.);
#9037=EDGE_CURVE('',#7452,#7451,#11107,.T.);
#9038=EDGE_CURVE('',#7452,#6838,#524,.T.);
#9039=EDGE_CURVE('',#7449,#7452,#525,.T.);
#9040=EDGE_CURVE('',#7450,#7451,#526,.T.);
#9041=EDGE_CURVE('',#6834,#7453,#11108,.T.);
#9042=EDGE_CURVE('',#7453,#7454,#11109,.T.);
#9043=EDGE_CURVE('',#6835,#7454,#11110,.T.);
#9044=EDGE_CURVE('',#7453,#6833,#527,.T.);
#9045=EDGE_CURVE('',#6833,#7455,#528,.T.);
#9046=EDGE_CURVE('',#7455,#7456,#11111,.T.);
#9047=EDGE_CURVE('',#6836,#7456,#529,.T.);
#9048=EDGE_CURVE('',#7454,#6836,#530,.T.);
#9049=EDGE_CURVE('',#7457,#6831,#531,.T.);
#9050=EDGE_CURVE('',#7458,#7457,#11112,.T.);
#9051=EDGE_CURVE('',#7458,#6832,#532,.T.);
#9052=EDGE_CURVE('',#7455,#7458,#533,.T.);
#9053=EDGE_CURVE('',#7456,#7457,#534,.T.);
#9054=EDGE_CURVE('',#6828,#7459,#11113,.T.);
#9055=EDGE_CURVE('',#7459,#7460,#11114,.T.);
#9056=EDGE_CURVE('',#6829,#7460,#11115,.T.);
#9057=EDGE_CURVE('',#7459,#6827,#535,.T.);
#9058=EDGE_CURVE('',#6827,#7461,#536,.T.);
#9059=EDGE_CURVE('',#7461,#7462,#11116,.T.);
#9060=EDGE_CURVE('',#6830,#7462,#537,.T.);
#9061=EDGE_CURVE('',#7460,#6830,#538,.T.);
#9062=EDGE_CURVE('',#7463,#6825,#539,.T.);
#9063=EDGE_CURVE('',#7464,#7463,#11117,.T.);
#9064=EDGE_CURVE('',#7464,#6826,#540,.T.);
#9065=EDGE_CURVE('',#7461,#7464,#541,.T.);
#9066=EDGE_CURVE('',#7462,#7463,#542,.T.);
#9067=EDGE_CURVE('',#7465,#6524,#11118,.T.);
#9068=EDGE_CURVE('',#7466,#7465,#11119,.T.);
#9069=EDGE_CURVE('',#7466,#6525,#11120,.T.);
#9070=EDGE_CURVE('',#7467,#7466,#11121,.T.);
#9071=EDGE_CURVE('',#7468,#7467,#11122,.T.);
#9072=EDGE_CURVE('',#7469,#7468,#11123,.T.);
#9073=EDGE_CURVE('',#6603,#7469,#11124,.T.);
#9074=EDGE_CURVE('',#6604,#7470,#11125,.T.);
#9075=EDGE_CURVE('',#7470,#7471,#11126,.T.);
#9076=EDGE_CURVE('',#7471,#7472,#11127,.T.);
#9077=EDGE_CURVE('',#7472,#7465,#11128,.T.);
#9078=EDGE_CURVE('',#7468,#7471,#11129,.T.);
#9079=EDGE_CURVE('',#7467,#7472,#11130,.T.);
#9080=EDGE_CURVE('',#7469,#7470,#11131,.T.);
#9081=EDGE_CURVE('',#7473,#6520,#11132,.T.);
#9082=EDGE_CURVE('',#7474,#7473,#11133,.T.);
#9083=EDGE_CURVE('',#7474,#6521,#11134,.T.);
#9084=EDGE_CURVE('',#7475,#7474,#11135,.T.);
#9085=EDGE_CURVE('',#7476,#7475,#11136,.T.);
#9086=EDGE_CURVE('',#7477,#7476,#11137,.T.);
#9087=EDGE_CURVE('',#6605,#7477,#11138,.T.);
#9088=EDGE_CURVE('',#6606,#7478,#11139,.T.);
#9089=EDGE_CURVE('',#7478,#7479,#11140,.T.);
#9090=EDGE_CURVE('',#7479,#7480,#11141,.T.);
#9091=EDGE_CURVE('',#7480,#7473,#11142,.T.);
#9092=EDGE_CURVE('',#7476,#7479,#11143,.T.);
#9093=EDGE_CURVE('',#7475,#7480,#11144,.T.);
#9094=EDGE_CURVE('',#7477,#7478,#11145,.T.);
#9095=EDGE_CURVE('',#7481,#6516,#11146,.T.);
#9096=EDGE_CURVE('',#7482,#7481,#11147,.T.);
#9097=EDGE_CURVE('',#7482,#6517,#11148,.T.);
#9098=EDGE_CURVE('',#7483,#7482,#11149,.T.);
#9099=EDGE_CURVE('',#7484,#7483,#11150,.T.);
#9100=EDGE_CURVE('',#7485,#7484,#11151,.T.);
#9101=EDGE_CURVE('',#6607,#7485,#11152,.T.);
#9102=EDGE_CURVE('',#6608,#7486,#11153,.T.);
#9103=EDGE_CURVE('',#7486,#7487,#11154,.T.);
#9104=EDGE_CURVE('',#7487,#7488,#11155,.T.);
#9105=EDGE_CURVE('',#7488,#7481,#11156,.T.);
#9106=EDGE_CURVE('',#7484,#7487,#11157,.T.);
#9107=EDGE_CURVE('',#7483,#7488,#11158,.T.);
#9108=EDGE_CURVE('',#7485,#7486,#11159,.T.);
#9109=EDGE_CURVE('',#7489,#6512,#11160,.T.);
#9110=EDGE_CURVE('',#7490,#7489,#11161,.T.);
#9111=EDGE_CURVE('',#7490,#6513,#11162,.T.);
#9112=EDGE_CURVE('',#7491,#7490,#11163,.T.);
#9113=EDGE_CURVE('',#7492,#7491,#11164,.T.);
#9114=EDGE_CURVE('',#7493,#7492,#11165,.T.);
#9115=EDGE_CURVE('',#6609,#7493,#11166,.T.);
#9116=EDGE_CURVE('',#6610,#7494,#11167,.T.);
#9117=EDGE_CURVE('',#7494,#7495,#11168,.T.);
#9118=EDGE_CURVE('',#7495,#7496,#11169,.T.);
#9119=EDGE_CURVE('',#7496,#7489,#11170,.T.);
#9120=EDGE_CURVE('',#7492,#7495,#11171,.T.);
#9121=EDGE_CURVE('',#7491,#7496,#11172,.T.);
#9122=EDGE_CURVE('',#7493,#7494,#11173,.T.);
#9123=EDGE_CURVE('',#7497,#6508,#11174,.T.);
#9124=EDGE_CURVE('',#7498,#7497,#11175,.T.);
#9125=EDGE_CURVE('',#7498,#6509,#11176,.T.);
#9126=EDGE_CURVE('',#7499,#7498,#11177,.T.);
#9127=EDGE_CURVE('',#7500,#7499,#11178,.T.);
#9128=EDGE_CURVE('',#7501,#7500,#11179,.T.);
#9129=EDGE_CURVE('',#6611,#7501,#11180,.T.);
#9130=EDGE_CURVE('',#6612,#7502,#11181,.T.);
#9131=EDGE_CURVE('',#7502,#7503,#11182,.T.);
#9132=EDGE_CURVE('',#7503,#7504,#11183,.T.);
#9133=EDGE_CURVE('',#7504,#7497,#11184,.T.);
#9134=EDGE_CURVE('',#7500,#7503,#11185,.T.);
#9135=EDGE_CURVE('',#7499,#7504,#11186,.T.);
#9136=EDGE_CURVE('',#7501,#7502,#11187,.T.);
#9137=EDGE_CURVE('',#7505,#6504,#11188,.T.);
#9138=EDGE_CURVE('',#7506,#7505,#11189,.T.);
#9139=EDGE_CURVE('',#7506,#6505,#11190,.T.);
#9140=EDGE_CURVE('',#7507,#7506,#11191,.T.);
#9141=EDGE_CURVE('',#7508,#7507,#11192,.T.);
#9142=EDGE_CURVE('',#7509,#7508,#11193,.T.);
#9143=EDGE_CURVE('',#6613,#7509,#11194,.T.);
#9144=EDGE_CURVE('',#6614,#7510,#11195,.T.);
#9145=EDGE_CURVE('',#7510,#7511,#11196,.T.);
#9146=EDGE_CURVE('',#7511,#7512,#11197,.T.);
#9147=EDGE_CURVE('',#7512,#7505,#11198,.T.);
#9148=EDGE_CURVE('',#7508,#7511,#11199,.T.);
#9149=EDGE_CURVE('',#7507,#7512,#11200,.T.);
#9150=EDGE_CURVE('',#7509,#7510,#11201,.T.);
#9151=EDGE_CURVE('',#7513,#6500,#11202,.T.);
#9152=EDGE_CURVE('',#7514,#7513,#11203,.T.);
#9153=EDGE_CURVE('',#7514,#6501,#11204,.T.);
#9154=EDGE_CURVE('',#7515,#7514,#11205,.T.);
#9155=EDGE_CURVE('',#7516,#7515,#11206,.T.);
#9156=EDGE_CURVE('',#7517,#7516,#11207,.T.);
#9157=EDGE_CURVE('',#6615,#7517,#11208,.T.);
#9158=EDGE_CURVE('',#6616,#7518,#11209,.T.);
#9159=EDGE_CURVE('',#7518,#7519,#11210,.T.);
#9160=EDGE_CURVE('',#7519,#7520,#11211,.T.);
#9161=EDGE_CURVE('',#7520,#7513,#11212,.T.);
#9162=EDGE_CURVE('',#7516,#7519,#11213,.T.);
#9163=EDGE_CURVE('',#7515,#7520,#11214,.T.);
#9164=EDGE_CURVE('',#7517,#7518,#11215,.T.);
#9165=EDGE_CURVE('',#7521,#6496,#11216,.T.);
#9166=EDGE_CURVE('',#7522,#7521,#11217,.T.);
#9167=EDGE_CURVE('',#7522,#6497,#11218,.T.);
#9168=EDGE_CURVE('',#7523,#7522,#11219,.T.);
#9169=EDGE_CURVE('',#7524,#7523,#11220,.T.);
#9170=EDGE_CURVE('',#7525,#7524,#11221,.T.);
#9171=EDGE_CURVE('',#6617,#7525,#11222,.T.);
#9172=EDGE_CURVE('',#6618,#7526,#11223,.T.);
#9173=EDGE_CURVE('',#7526,#7527,#11224,.T.);
#9174=EDGE_CURVE('',#7527,#7528,#11225,.T.);
#9175=EDGE_CURVE('',#7528,#7521,#11226,.T.);
#9176=EDGE_CURVE('',#7524,#7527,#11227,.T.);
#9177=EDGE_CURVE('',#7523,#7528,#11228,.T.);
#9178=EDGE_CURVE('',#7525,#7526,#11229,.T.);
#9179=EDGE_CURVE('',#7529,#6492,#11230,.T.);
#9180=EDGE_CURVE('',#7530,#7529,#11231,.T.);
#9181=EDGE_CURVE('',#7530,#6493,#11232,.T.);
#9182=EDGE_CURVE('',#7531,#7530,#11233,.T.);
#9183=EDGE_CURVE('',#7532,#7531,#11234,.T.);
#9184=EDGE_CURVE('',#7533,#7532,#11235,.T.);
#9185=EDGE_CURVE('',#6619,#7533,#11236,.T.);
#9186=EDGE_CURVE('',#6620,#7534,#11237,.T.);
#9187=EDGE_CURVE('',#7534,#7535,#11238,.T.);
#9188=EDGE_CURVE('',#7535,#7536,#11239,.T.);
#9189=EDGE_CURVE('',#7536,#7529,#11240,.T.);
#9190=EDGE_CURVE('',#7532,#7535,#11241,.T.);
#9191=EDGE_CURVE('',#7531,#7536,#11242,.T.);
#9192=EDGE_CURVE('',#7533,#7534,#11243,.T.);
#9193=EDGE_CURVE('',#7537,#6488,#11244,.T.);
#9194=EDGE_CURVE('',#7538,#7537,#11245,.T.);
#9195=EDGE_CURVE('',#7538,#6489,#11246,.T.);
#9196=EDGE_CURVE('',#7539,#7538,#11247,.T.);
#9197=EDGE_CURVE('',#7540,#7539,#11248,.T.);
#9198=EDGE_CURVE('',#7541,#7540,#11249,.T.);
#9199=EDGE_CURVE('',#6621,#7541,#11250,.T.);
#9200=EDGE_CURVE('',#6622,#7542,#11251,.T.);
#9201=EDGE_CURVE('',#7542,#7543,#11252,.T.);
#9202=EDGE_CURVE('',#7543,#7544,#11253,.T.);
#9203=EDGE_CURVE('',#7544,#7537,#11254,.T.);
#9204=EDGE_CURVE('',#7540,#7543,#11255,.T.);
#9205=EDGE_CURVE('',#7539,#7544,#11256,.T.);
#9206=EDGE_CURVE('',#7541,#7542,#11257,.T.);
#9207=EDGE_CURVE('',#7545,#6484,#11258,.T.);
#9208=EDGE_CURVE('',#7546,#7545,#11259,.T.);
#9209=EDGE_CURVE('',#7546,#6485,#11260,.T.);
#9210=EDGE_CURVE('',#7547,#7546,#11261,.T.);
#9211=EDGE_CURVE('',#7548,#7547,#11262,.T.);
#9212=EDGE_CURVE('',#7549,#7548,#11263,.T.);
#9213=EDGE_CURVE('',#6623,#7549,#11264,.T.);
#9214=EDGE_CURVE('',#6624,#7550,#11265,.T.);
#9215=EDGE_CURVE('',#7550,#7551,#11266,.T.);
#9216=EDGE_CURVE('',#7551,#7552,#11267,.T.);
#9217=EDGE_CURVE('',#7552,#7545,#11268,.T.);
#9218=EDGE_CURVE('',#7548,#7551,#11269,.T.);
#9219=EDGE_CURVE('',#7547,#7552,#11270,.T.);
#9220=EDGE_CURVE('',#7549,#7550,#11271,.T.);
#9221=EDGE_CURVE('',#7553,#6480,#11272,.T.);
#9222=EDGE_CURVE('',#7554,#7553,#11273,.T.);
#9223=EDGE_CURVE('',#7554,#6481,#11274,.T.);
#9224=EDGE_CURVE('',#7555,#7554,#11275,.T.);
#9225=EDGE_CURVE('',#7556,#7555,#11276,.T.);
#9226=EDGE_CURVE('',#7557,#7556,#11277,.T.);
#9227=EDGE_CURVE('',#6625,#7557,#11278,.T.);
#9228=EDGE_CURVE('',#6626,#7558,#11279,.T.);
#9229=EDGE_CURVE('',#7558,#7559,#11280,.T.);
#9230=EDGE_CURVE('',#7559,#7560,#11281,.T.);
#9231=EDGE_CURVE('',#7560,#7553,#11282,.T.);
#9232=EDGE_CURVE('',#7556,#7559,#11283,.T.);
#9233=EDGE_CURVE('',#7555,#7560,#11284,.T.);
#9234=EDGE_CURVE('',#7557,#7558,#11285,.T.);
#9235=EDGE_CURVE('',#7561,#6476,#11286,.T.);
#9236=EDGE_CURVE('',#7562,#7561,#11287,.T.);
#9237=EDGE_CURVE('',#7562,#6477,#11288,.T.);
#9238=EDGE_CURVE('',#7563,#7562,#11289,.T.);
#9239=EDGE_CURVE('',#7564,#7563,#11290,.T.);
#9240=EDGE_CURVE('',#7565,#7564,#11291,.T.);
#9241=EDGE_CURVE('',#6627,#7565,#11292,.T.);
#9242=EDGE_CURVE('',#6628,#7566,#11293,.T.);
#9243=EDGE_CURVE('',#7566,#7567,#11294,.T.);
#9244=EDGE_CURVE('',#7567,#7568,#11295,.T.);
#9245=EDGE_CURVE('',#7568,#7561,#11296,.T.);
#9246=EDGE_CURVE('',#7564,#7567,#11297,.T.);
#9247=EDGE_CURVE('',#7563,#7568,#11298,.T.);
#9248=EDGE_CURVE('',#7565,#7566,#11299,.T.);
#9249=EDGE_CURVE('',#7569,#6596,#11300,.T.);
#9250=EDGE_CURVE('',#7570,#7569,#11301,.T.);
#9251=EDGE_CURVE('',#7570,#6474,#11302,.T.);
#9252=EDGE_CURVE('',#7571,#7570,#11303,.T.);
#9253=EDGE_CURVE('',#7572,#7571,#11304,.T.);
#9254=EDGE_CURVE('',#7573,#7572,#11305,.T.);
#9255=EDGE_CURVE('',#6597,#7573,#11306,.T.);
#9256=EDGE_CURVE('',#6598,#7574,#11307,.T.);
#9257=EDGE_CURVE('',#7574,#7575,#11308,.T.);
#9258=EDGE_CURVE('',#7575,#7576,#11309,.T.);
#9259=EDGE_CURVE('',#7576,#7569,#11310,.T.);
#9260=EDGE_CURVE('',#7572,#7575,#11311,.T.);
#9261=EDGE_CURVE('',#7571,#7576,#11312,.T.);
#9262=EDGE_CURVE('',#7573,#7574,#11313,.T.);
#9263=PRESENTATION_LAYER_ASSIGNMENT('1','Layer 1',(#9748,#9749,#9750,#9751,
#9752,#9753,#9754,#9755,#9756,#9757,#9758,#9759,#9760,#9761,#9762,#9763,
#9764,#9765,#9766,#9767,#9768,#9769,#9770,#9771,#9772,#9773,#9774,#9775,
#9776,#9777,#9778,#9779,#9780,#9781,#9782,#9783,#9784,#9785,#9786,#9787,
#9788,#9789,#9790,#9791,#9792,#9793,#9794,#9795,#9796,#9797,#9798,#9799,
#9800,#9801,#9802,#9803,#9804,#9805,#9806,#9807,#9808,#9809,#9810,#9811,
#9812,#9813,#9814,#9815,#9816,#9817,#9818,#9819,#9820,#9821,#9822,#9823,
#9824,#9825,#9826,#9827,#9828,#9829,#9830,#9831,#9832,#9833,#9834,#9835,
#9836,#9837,#9838,#9839,#9840,#9841,#9842,#9843,#9844,#9845,#9846,#9847,
#9848,#9849,#9850,#9851,#9852,#9853,#9854,#9855,#9856,#9857,#9858,#9859,
#9860,#9861,#9862,#9863,#9864,#9865,#9866,#9867,#31));
#9264=STYLED_ITEM('',(#9385),#9748);
#9265=STYLED_ITEM('',(#9386),#9749);
#9266=STYLED_ITEM('',(#9387),#9750);
#9267=STYLED_ITEM('',(#9388),#9751);
#9268=STYLED_ITEM('',(#9389),#9752);
#9269=STYLED_ITEM('',(#9390),#9753);
#9270=STYLED_ITEM('',(#9391),#9754);
#9271=STYLED_ITEM('',(#9392),#9755);
#9272=STYLED_ITEM('',(#9393),#9756);
#9273=STYLED_ITEM('',(#9394),#9757);
#9274=STYLED_ITEM('',(#9395),#9758);
#9275=STYLED_ITEM('',(#9396),#9759);
#9276=STYLED_ITEM('',(#9397),#9760);
#9277=STYLED_ITEM('',(#9398),#9761);
#9278=STYLED_ITEM('',(#9399),#9762);
#9279=STYLED_ITEM('',(#9400),#9763);
#9280=STYLED_ITEM('',(#9401),#9764);
#9281=STYLED_ITEM('',(#9402),#9765);
#9282=STYLED_ITEM('',(#9403),#9766);
#9283=STYLED_ITEM('',(#9404),#9767);
#9284=STYLED_ITEM('',(#9405),#9768);
#9285=STYLED_ITEM('',(#9406),#9769);
#9286=STYLED_ITEM('',(#9407),#9770);
#9287=STYLED_ITEM('',(#9408),#9771);
#9288=STYLED_ITEM('',(#9409),#9772);
#9289=STYLED_ITEM('',(#9410),#9773);
#9290=STYLED_ITEM('',(#9411),#9774);
#9291=STYLED_ITEM('',(#9412),#9775);
#9292=STYLED_ITEM('',(#9413),#9776);
#9293=STYLED_ITEM('',(#9414),#9777);
#9294=STYLED_ITEM('',(#9415),#9778);
#9295=STYLED_ITEM('',(#9416),#9779);
#9296=STYLED_ITEM('',(#9417),#9780);
#9297=STYLED_ITEM('',(#9418),#9781);
#9298=STYLED_ITEM('',(#9419),#9782);
#9299=STYLED_ITEM('',(#9420),#9783);
#9300=STYLED_ITEM('',(#9421),#9784);
#9301=STYLED_ITEM('',(#9422),#9785);
#9302=STYLED_ITEM('',(#9423),#9786);
#9303=STYLED_ITEM('',(#9424),#9787);
#9304=STYLED_ITEM('',(#9425),#9788);
#9305=STYLED_ITEM('',(#9426),#9789);
#9306=STYLED_ITEM('',(#9427),#9790);
#9307=STYLED_ITEM('',(#9428),#9791);
#9308=STYLED_ITEM('',(#9429),#9792);
#9309=STYLED_ITEM('',(#9430),#9793);
#9310=STYLED_ITEM('',(#9431),#9794);
#9311=STYLED_ITEM('',(#9432),#9795);
#9312=STYLED_ITEM('',(#9433),#9796);
#9313=STYLED_ITEM('',(#9434),#9797);
#9314=STYLED_ITEM('',(#9435),#9798);
#9315=STYLED_ITEM('',(#9436),#9799);
#9316=STYLED_ITEM('',(#9437),#9800);
#9317=STYLED_ITEM('',(#9438),#9801);
#9318=STYLED_ITEM('',(#9439),#9802);
#9319=STYLED_ITEM('',(#9440),#9803);
#9320=STYLED_ITEM('',(#9441),#9804);
#9321=STYLED_ITEM('',(#9442),#9805);
#9322=STYLED_ITEM('',(#9443),#9806);
#9323=STYLED_ITEM('',(#9444),#9807);
#9324=STYLED_ITEM('',(#9445),#9808);
#9325=STYLED_ITEM('',(#9446),#9809);
#9326=STYLED_ITEM('',(#9447),#9810);
#9327=STYLED_ITEM('',(#9448),#9811);
#9328=STYLED_ITEM('',(#9449),#9812);
#9329=STYLED_ITEM('',(#9450),#9813);
#9330=STYLED_ITEM('',(#9451),#9814);
#9331=STYLED_ITEM('',(#9452),#9815);
#9332=STYLED_ITEM('',(#9453),#9816);
#9333=STYLED_ITEM('',(#9454),#9817);
#9334=STYLED_ITEM('',(#9455),#9818);
#9335=STYLED_ITEM('',(#9456),#9819);
#9336=STYLED_ITEM('',(#9457),#9820);
#9337=STYLED_ITEM('',(#9458),#9821);
#9338=STYLED_ITEM('',(#9459),#9822);
#9339=STYLED_ITEM('',(#9460),#9823);
#9340=STYLED_ITEM('',(#9461),#9824);
#9341=STYLED_ITEM('',(#9462),#9825);
#9342=STYLED_ITEM('',(#9463),#9826);
#9343=STYLED_ITEM('',(#9464),#9827);
#9344=STYLED_ITEM('',(#9465),#9828);
#9345=STYLED_ITEM('',(#9466),#9829);
#9346=STYLED_ITEM('',(#9467),#9830);
#9347=STYLED_ITEM('',(#9468),#9831);
#9348=STYLED_ITEM('',(#9469),#9832);
#9349=STYLED_ITEM('',(#9470),#9833);
#9350=STYLED_ITEM('',(#9471),#9834);
#9351=STYLED_ITEM('',(#9472),#9835);
#9352=STYLED_ITEM('',(#9473),#9836);
#9353=STYLED_ITEM('',(#9474),#9837);
#9354=STYLED_ITEM('',(#9475),#9838);
#9355=STYLED_ITEM('',(#9476),#9839);
#9356=STYLED_ITEM('',(#9477),#9840);
#9357=STYLED_ITEM('',(#9478),#9841);
#9358=STYLED_ITEM('',(#9479),#9842);
#9359=STYLED_ITEM('',(#9480),#9843);
#9360=STYLED_ITEM('',(#9481),#9844);
#9361=STYLED_ITEM('',(#9482),#9845);
#9362=STYLED_ITEM('',(#9483),#9846);
#9363=STYLED_ITEM('',(#9484),#9847);
#9364=STYLED_ITEM('',(#9485),#9848);
#9365=STYLED_ITEM('',(#9486),#9849);
#9366=STYLED_ITEM('',(#9487),#9850);
#9367=STYLED_ITEM('',(#9488),#9851);
#9368=STYLED_ITEM('',(#9489),#9852);
#9369=STYLED_ITEM('',(#9490),#9853);
#9370=STYLED_ITEM('',(#9491),#9854);
#9371=STYLED_ITEM('',(#9492),#9855);
#9372=STYLED_ITEM('',(#9493),#9856);
#9373=STYLED_ITEM('',(#9494),#9857);
#9374=STYLED_ITEM('',(#9495),#9858);
#9375=STYLED_ITEM('',(#9496),#9859);
#9376=STYLED_ITEM('',(#9497),#9860);
#9377=STYLED_ITEM('',(#9498),#9861);
#9378=STYLED_ITEM('',(#9499),#9862);
#9379=STYLED_ITEM('',(#9500),#9863);
#9380=STYLED_ITEM('',(#9501),#9864);
#9381=STYLED_ITEM('',(#9502),#9865);
#9382=STYLED_ITEM('',(#9503),#9866);
#9383=STYLED_ITEM('',(#9504),#9867);
#9384=STYLED_ITEM('',(#9505),#31);
#9385=PRESENTATION_STYLE_ASSIGNMENT((#9506));
#9386=PRESENTATION_STYLE_ASSIGNMENT((#9507));
#9387=PRESENTATION_STYLE_ASSIGNMENT((#9508));
#9388=PRESENTATION_STYLE_ASSIGNMENT((#9509));
#9389=PRESENTATION_STYLE_ASSIGNMENT((#9510));
#9390=PRESENTATION_STYLE_ASSIGNMENT((#9511));
#9391=PRESENTATION_STYLE_ASSIGNMENT((#9512));
#9392=PRESENTATION_STYLE_ASSIGNMENT((#9513));
#9393=PRESENTATION_STYLE_ASSIGNMENT((#9514));
#9394=PRESENTATION_STYLE_ASSIGNMENT((#9515));
#9395=PRESENTATION_STYLE_ASSIGNMENT((#9516));
#9396=PRESENTATION_STYLE_ASSIGNMENT((#9517));
#9397=PRESENTATION_STYLE_ASSIGNMENT((#9518));
#9398=PRESENTATION_STYLE_ASSIGNMENT((#9519));
#9399=PRESENTATION_STYLE_ASSIGNMENT((#9520));
#9400=PRESENTATION_STYLE_ASSIGNMENT((#9521));
#9401=PRESENTATION_STYLE_ASSIGNMENT((#9522));
#9402=PRESENTATION_STYLE_ASSIGNMENT((#9523));
#9403=PRESENTATION_STYLE_ASSIGNMENT((#9524));
#9404=PRESENTATION_STYLE_ASSIGNMENT((#9525));
#9405=PRESENTATION_STYLE_ASSIGNMENT((#9526));
#9406=PRESENTATION_STYLE_ASSIGNMENT((#9527));
#9407=PRESENTATION_STYLE_ASSIGNMENT((#9528));
#9408=PRESENTATION_STYLE_ASSIGNMENT((#9529));
#9409=PRESENTATION_STYLE_ASSIGNMENT((#9530));
#9410=PRESENTATION_STYLE_ASSIGNMENT((#9531));
#9411=PRESENTATION_STYLE_ASSIGNMENT((#9532));
#9412=PRESENTATION_STYLE_ASSIGNMENT((#9533));
#9413=PRESENTATION_STYLE_ASSIGNMENT((#9534));
#9414=PRESENTATION_STYLE_ASSIGNMENT((#9535));
#9415=PRESENTATION_STYLE_ASSIGNMENT((#9536));
#9416=PRESENTATION_STYLE_ASSIGNMENT((#9537));
#9417=PRESENTATION_STYLE_ASSIGNMENT((#9538));
#9418=PRESENTATION_STYLE_ASSIGNMENT((#9539));
#9419=PRESENTATION_STYLE_ASSIGNMENT((#9540));
#9420=PRESENTATION_STYLE_ASSIGNMENT((#9541));
#9421=PRESENTATION_STYLE_ASSIGNMENT((#9542));
#9422=PRESENTATION_STYLE_ASSIGNMENT((#9543));
#9423=PRESENTATION_STYLE_ASSIGNMENT((#9544));
#9424=PRESENTATION_STYLE_ASSIGNMENT((#9545));
#9425=PRESENTATION_STYLE_ASSIGNMENT((#9546));
#9426=PRESENTATION_STYLE_ASSIGNMENT((#9547));
#9427=PRESENTATION_STYLE_ASSIGNMENT((#9548));
#9428=PRESENTATION_STYLE_ASSIGNMENT((#9549));
#9429=PRESENTATION_STYLE_ASSIGNMENT((#9550));
#9430=PRESENTATION_STYLE_ASSIGNMENT((#9551));
#9431=PRESENTATION_STYLE_ASSIGNMENT((#9552));
#9432=PRESENTATION_STYLE_ASSIGNMENT((#9553));
#9433=PRESENTATION_STYLE_ASSIGNMENT((#9554));
#9434=PRESENTATION_STYLE_ASSIGNMENT((#9555));
#9435=PRESENTATION_STYLE_ASSIGNMENT((#9556));
#9436=PRESENTATION_STYLE_ASSIGNMENT((#9557));
#9437=PRESENTATION_STYLE_ASSIGNMENT((#9558));
#9438=PRESENTATION_STYLE_ASSIGNMENT((#9559));
#9439=PRESENTATION_STYLE_ASSIGNMENT((#9560));
#9440=PRESENTATION_STYLE_ASSIGNMENT((#9561));
#9441=PRESENTATION_STYLE_ASSIGNMENT((#9562));
#9442=PRESENTATION_STYLE_ASSIGNMENT((#9563));
#9443=PRESENTATION_STYLE_ASSIGNMENT((#9564));
#9444=PRESENTATION_STYLE_ASSIGNMENT((#9565));
#9445=PRESENTATION_STYLE_ASSIGNMENT((#9566));
#9446=PRESENTATION_STYLE_ASSIGNMENT((#9567));
#9447=PRESENTATION_STYLE_ASSIGNMENT((#9568));
#9448=PRESENTATION_STYLE_ASSIGNMENT((#9569));
#9449=PRESENTATION_STYLE_ASSIGNMENT((#9570));
#9450=PRESENTATION_STYLE_ASSIGNMENT((#9571));
#9451=PRESENTATION_STYLE_ASSIGNMENT((#9572));
#9452=PRESENTATION_STYLE_ASSIGNMENT((#9573));
#9453=PRESENTATION_STYLE_ASSIGNMENT((#9574));
#9454=PRESENTATION_STYLE_ASSIGNMENT((#9575));
#9455=PRESENTATION_STYLE_ASSIGNMENT((#9576));
#9456=PRESENTATION_STYLE_ASSIGNMENT((#9577));
#9457=PRESENTATION_STYLE_ASSIGNMENT((#9578));
#9458=PRESENTATION_STYLE_ASSIGNMENT((#9579));
#9459=PRESENTATION_STYLE_ASSIGNMENT((#9580));
#9460=PRESENTATION_STYLE_ASSIGNMENT((#9581));
#9461=PRESENTATION_STYLE_ASSIGNMENT((#9582));
#9462=PRESENTATION_STYLE_ASSIGNMENT((#9583));
#9463=PRESENTATION_STYLE_ASSIGNMENT((#9584));
#9464=PRESENTATION_STYLE_ASSIGNMENT((#9585));
#9465=PRESENTATION_STYLE_ASSIGNMENT((#9586));
#9466=PRESENTATION_STYLE_ASSIGNMENT((#9587));
#9467=PRESENTATION_STYLE_ASSIGNMENT((#9588));
#9468=PRESENTATION_STYLE_ASSIGNMENT((#9589));
#9469=PRESENTATION_STYLE_ASSIGNMENT((#9590));
#9470=PRESENTATION_STYLE_ASSIGNMENT((#9591));
#9471=PRESENTATION_STYLE_ASSIGNMENT((#9592));
#9472=PRESENTATION_STYLE_ASSIGNMENT((#9593));
#9473=PRESENTATION_STYLE_ASSIGNMENT((#9594));
#9474=PRESENTATION_STYLE_ASSIGNMENT((#9595));
#9475=PRESENTATION_STYLE_ASSIGNMENT((#9596));
#9476=PRESENTATION_STYLE_ASSIGNMENT((#9597));
#9477=PRESENTATION_STYLE_ASSIGNMENT((#9598));
#9478=PRESENTATION_STYLE_ASSIGNMENT((#9599));
#9479=PRESENTATION_STYLE_ASSIGNMENT((#9600));
#9480=PRESENTATION_STYLE_ASSIGNMENT((#9601));
#9481=PRESENTATION_STYLE_ASSIGNMENT((#9602));
#9482=PRESENTATION_STYLE_ASSIGNMENT((#9603));
#9483=PRESENTATION_STYLE_ASSIGNMENT((#9604));
#9484=PRESENTATION_STYLE_ASSIGNMENT((#9605));
#9485=PRESENTATION_STYLE_ASSIGNMENT((#9606));
#9486=PRESENTATION_STYLE_ASSIGNMENT((#9607));
#9487=PRESENTATION_STYLE_ASSIGNMENT((#9608));
#9488=PRESENTATION_STYLE_ASSIGNMENT((#9609));
#9489=PRESENTATION_STYLE_ASSIGNMENT((#9610));
#9490=PRESENTATION_STYLE_ASSIGNMENT((#9611));
#9491=PRESENTATION_STYLE_ASSIGNMENT((#9612));
#9492=PRESENTATION_STYLE_ASSIGNMENT((#9613));
#9493=PRESENTATION_STYLE_ASSIGNMENT((#9614));
#9494=PRESENTATION_STYLE_ASSIGNMENT((#9615));
#9495=PRESENTATION_STYLE_ASSIGNMENT((#9616));
#9496=PRESENTATION_STYLE_ASSIGNMENT((#9617));
#9497=PRESENTATION_STYLE_ASSIGNMENT((#9618));
#9498=PRESENTATION_STYLE_ASSIGNMENT((#9619));
#9499=PRESENTATION_STYLE_ASSIGNMENT((#9620));
#9500=PRESENTATION_STYLE_ASSIGNMENT((#9621));
#9501=PRESENTATION_STYLE_ASSIGNMENT((#9622));
#9502=PRESENTATION_STYLE_ASSIGNMENT((#9623));
#9503=PRESENTATION_STYLE_ASSIGNMENT((#9624));
#9504=PRESENTATION_STYLE_ASSIGNMENT((#9625));
#9505=PRESENTATION_STYLE_ASSIGNMENT((#26));
#9506=CURVE_STYLE('',#9628,POSITIVE_LENGTH_MEASURE(0.7),#9626);
#9507=CURVE_STYLE('',#9629,POSITIVE_LENGTH_MEASURE(0.7),#9626);
#9508=CURVE_STYLE('',#9630,POSITIVE_LENGTH_MEASURE(0.7),#9626);
#9509=CURVE_STYLE('',#9631,POSITIVE_LENGTH_MEASURE(0.7),#9626);
#9510=CURVE_STYLE('',#9632,POSITIVE_LENGTH_MEASURE(0.7),#9626);
#9511=CURVE_STYLE('',#9633,POSITIVE_LENGTH_MEASURE(0.7),#9626);
#9512=CURVE_STYLE('',#9634,POSITIVE_LENGTH_MEASURE(0.7),#9626);
#9513=CURVE_STYLE('',#9635,POSITIVE_LENGTH_MEASURE(0.7),#9626);
#9514=CURVE_STYLE('',#9636,POSITIVE_LENGTH_MEASURE(0.7),#9626);
#9515=CURVE_STYLE('',#9637,POSITIVE_LENGTH_MEASURE(0.7),#9626);
#9516=CURVE_STYLE('',#9638,POSITIVE_LENGTH_MEASURE(0.7),#9626);
#9517=CURVE_STYLE('',#9639,POSITIVE_LENGTH_MEASURE(0.7),#9626);
#9518=CURVE_STYLE('',#9640,POSITIVE_LENGTH_MEASURE(0.7),#9626);
#9519=CURVE_STYLE('',#9641,POSITIVE_LENGTH_MEASURE(0.7),#9626);
#9520=CURVE_STYLE('',#9642,POSITIVE_LENGTH_MEASURE(0.7),#9626);
#9521=CURVE_STYLE('',#9643,POSITIVE_LENGTH_MEASURE(0.7),#9626);
#9522=CURVE_STYLE('',#9644,POSITIVE_LENGTH_MEASURE(0.7),#9626);
#9523=CURVE_STYLE('',#9645,POSITIVE_LENGTH_MEASURE(0.7),#9626);
#9524=CURVE_STYLE('',#9646,POSITIVE_LENGTH_MEASURE(0.7),#9626);
#9525=CURVE_STYLE('',#9647,POSITIVE_LENGTH_MEASURE(0.7),#9626);
#9526=CURVE_STYLE('',#9648,POSITIVE_LENGTH_MEASURE(0.7),#9626);
#9527=CURVE_STYLE('',#9649,POSITIVE_LENGTH_MEASURE(0.7),#9626);
#9528=CURVE_STYLE('',#9650,POSITIVE_LENGTH_MEASURE(0.7),#9626);
#9529=CURVE_STYLE('',#9651,POSITIVE_LENGTH_MEASURE(0.7),#9626);
#9530=CURVE_STYLE('',#9652,POSITIVE_LENGTH_MEASURE(0.7),#9626);
#9531=CURVE_STYLE('',#9653,POSITIVE_LENGTH_MEASURE(0.7),#9626);
#9532=CURVE_STYLE('',#9654,POSITIVE_LENGTH_MEASURE(0.7),#9626);
#9533=CURVE_STYLE('',#9655,POSITIVE_LENGTH_MEASURE(0.7),#9626);
#9534=CURVE_STYLE('',#9656,POSITIVE_LENGTH_MEASURE(0.7),#9626);
#9535=CURVE_STYLE('',#9657,POSITIVE_LENGTH_MEASURE(0.7),#9626);
#9536=CURVE_STYLE('',#9658,POSITIVE_LENGTH_MEASURE(0.7),#9626);
#9537=CURVE_STYLE('',#9659,POSITIVE_LENGTH_MEASURE(0.7),#9626);
#9538=CURVE_STYLE('',#9660,POSITIVE_LENGTH_MEASURE(0.7),#9626);
#9539=CURVE_STYLE('',#9661,POSITIVE_LENGTH_MEASURE(0.7),#9626);
#9540=CURVE_STYLE('',#9662,POSITIVE_LENGTH_MEASURE(0.7),#9626);
#9541=CURVE_STYLE('',#9663,POSITIVE_LENGTH_MEASURE(0.7),#9626);
#9542=CURVE_STYLE('',#9664,POSITIVE_LENGTH_MEASURE(0.7),#9626);
#9543=CURVE_STYLE('',#9665,POSITIVE_LENGTH_MEASURE(0.7),#9626);
#9544=CURVE_STYLE('',#9666,POSITIVE_LENGTH_MEASURE(0.7),#9626);
#9545=CURVE_STYLE('',#9667,POSITIVE_LENGTH_MEASURE(0.7),#9626);
#9546=CURVE_STYLE('',#9668,POSITIVE_LENGTH_MEASURE(0.7),#9626);
#9547=CURVE_STYLE('',#9669,POSITIVE_LENGTH_MEASURE(0.7),#9626);
#9548=CURVE_STYLE('',#9670,POSITIVE_LENGTH_MEASURE(0.7),#9626);
#9549=CURVE_STYLE('',#9671,POSITIVE_LENGTH_MEASURE(0.7),#9626);
#9550=CURVE_STYLE('',#9672,POSITIVE_LENGTH_MEASURE(0.7),#9626);
#9551=CURVE_STYLE('',#9673,POSITIVE_LENGTH_MEASURE(0.7),#9626);
#9552=CURVE_STYLE('',#9674,POSITIVE_LENGTH_MEASURE(0.7),#9626);
#9553=CURVE_STYLE('',#9675,POSITIVE_LENGTH_MEASURE(0.7),#9626);
#9554=CURVE_STYLE('',#9676,POSITIVE_LENGTH_MEASURE(0.7),#9626);
#9555=CURVE_STYLE('',#9677,POSITIVE_LENGTH_MEASURE(0.7),#9626);
#9556=CURVE_STYLE('',#9678,POSITIVE_LENGTH_MEASURE(0.7),#9626);
#9557=CURVE_STYLE('',#9679,POSITIVE_LENGTH_MEASURE(0.7),#9626);
#9558=CURVE_STYLE('',#9680,POSITIVE_LENGTH_MEASURE(0.7),#9626);
#9559=CURVE_STYLE('',#9681,POSITIVE_LENGTH_MEASURE(0.7),#9626);
#9560=CURVE_STYLE('',#9682,POSITIVE_LENGTH_MEASURE(0.7),#9626);
#9561=CURVE_STYLE('',#9683,POSITIVE_LENGTH_MEASURE(0.7),#9626);
#9562=CURVE_STYLE('',#9684,POSITIVE_LENGTH_MEASURE(0.7),#9626);
#9563=CURVE_STYLE('',#9685,POSITIVE_LENGTH_MEASURE(0.7),#9626);
#9564=CURVE_STYLE('',#9686,POSITIVE_LENGTH_MEASURE(0.7),#9626);
#9565=CURVE_STYLE('',#9687,POSITIVE_LENGTH_MEASURE(0.7),#9626);
#9566=CURVE_STYLE('',#9688,POSITIVE_LENGTH_MEASURE(0.7),#9626);
#9567=CURVE_STYLE('',#9689,POSITIVE_LENGTH_MEASURE(0.7),#9626);
#9568=CURVE_STYLE('',#9690,POSITIVE_LENGTH_MEASURE(0.7),#9626);
#9569=CURVE_STYLE('',#9691,POSITIVE_LENGTH_MEASURE(0.7),#9626);
#9570=CURVE_STYLE('',#9692,POSITIVE_LENGTH_MEASURE(0.7),#9626);
#9571=CURVE_STYLE('',#9693,POSITIVE_LENGTH_MEASURE(0.7),#9626);
#9572=CURVE_STYLE('',#9694,POSITIVE_LENGTH_MEASURE(0.7),#9626);
#9573=CURVE_STYLE('',#9695,POSITIVE_LENGTH_MEASURE(0.7),#9626);
#9574=CURVE_STYLE('',#9696,POSITIVE_LENGTH_MEASURE(0.7),#9626);
#9575=CURVE_STYLE('',#9697,POSITIVE_LENGTH_MEASURE(0.7),#9626);
#9576=CURVE_STYLE('',#9698,POSITIVE_LENGTH_MEASURE(0.7),#9626);
#9577=CURVE_STYLE('',#9699,POSITIVE_LENGTH_MEASURE(0.7),#9626);
#9578=CURVE_STYLE('',#9700,POSITIVE_LENGTH_MEASURE(0.7),#9626);
#9579=CURVE_STYLE('',#9701,POSITIVE_LENGTH_MEASURE(0.7),#9626);
#9580=CURVE_STYLE('',#9702,POSITIVE_LENGTH_MEASURE(0.7),#9626);
#9581=CURVE_STYLE('',#9703,POSITIVE_LENGTH_MEASURE(0.7),#9626);
#9582=CURVE_STYLE('',#9704,POSITIVE_LENGTH_MEASURE(0.7),#9626);
#9583=CURVE_STYLE('',#9705,POSITIVE_LENGTH_MEASURE(0.7),#9626);
#9584=CURVE_STYLE('',#9706,POSITIVE_LENGTH_MEASURE(0.7),#9626);
#9585=CURVE_STYLE('',#9707,POSITIVE_LENGTH_MEASURE(0.7),#9626);
#9586=CURVE_STYLE('',#9708,POSITIVE_LENGTH_MEASURE(0.7),#9626);
#9587=CURVE_STYLE('',#9709,POSITIVE_LENGTH_MEASURE(0.7),#9626);
#9588=CURVE_STYLE('',#9710,POSITIVE_LENGTH_MEASURE(0.7),#9626);
#9589=CURVE_STYLE('',#9711,POSITIVE_LENGTH_MEASURE(0.7),#9626);
#9590=CURVE_STYLE('',#9712,POSITIVE_LENGTH_MEASURE(0.7),#9626);
#9591=CURVE_STYLE('',#9713,POSITIVE_LENGTH_MEASURE(0.7),#9626);
#9592=CURVE_STYLE('',#9714,POSITIVE_LENGTH_MEASURE(0.7),#9626);
#9593=CURVE_STYLE('',#9715,POSITIVE_LENGTH_MEASURE(0.7),#9626);
#9594=CURVE_STYLE('',#9716,POSITIVE_LENGTH_MEASURE(0.7),#9626);
#9595=CURVE_STYLE('',#9717,POSITIVE_LENGTH_MEASURE(0.7),#9626);
#9596=CURVE_STYLE('',#9718,POSITIVE_LENGTH_MEASURE(0.7),#9626);
#9597=CURVE_STYLE('',#9719,POSITIVE_LENGTH_MEASURE(0.7),#9626);
#9598=CURVE_STYLE('',#9720,POSITIVE_LENGTH_MEASURE(0.7),#9626);
#9599=CURVE_STYLE('',#9721,POSITIVE_LENGTH_MEASURE(0.7),#9626);
#9600=CURVE_STYLE('',#9722,POSITIVE_LENGTH_MEASURE(0.7),#9626);
#9601=CURVE_STYLE('',#9723,POSITIVE_LENGTH_MEASURE(0.7),#9626);
#9602=CURVE_STYLE('',#9724,POSITIVE_LENGTH_MEASURE(0.7),#9626);
#9603=CURVE_STYLE('',#9725,POSITIVE_LENGTH_MEASURE(0.7),#9626);
#9604=CURVE_STYLE('',#9726,POSITIVE_LENGTH_MEASURE(0.7),#9626);
#9605=CURVE_STYLE('',#9727,POSITIVE_LENGTH_MEASURE(0.7),#9626);
#9606=CURVE_STYLE('',#9728,POSITIVE_LENGTH_MEASURE(0.7),#9626);
#9607=CURVE_STYLE('',#9729,POSITIVE_LENGTH_MEASURE(0.7),#9626);
#9608=CURVE_STYLE('',#9730,POSITIVE_LENGTH_MEASURE(0.7),#9626);
#9609=CURVE_STYLE('',#9731,POSITIVE_LENGTH_MEASURE(0.7),#9626);
#9610=CURVE_STYLE('',#9732,POSITIVE_LENGTH_MEASURE(0.7),#9626);
#9611=CURVE_STYLE('',#9733,POSITIVE_LENGTH_MEASURE(0.7),#9626);
#9612=CURVE_STYLE('',#9734,POSITIVE_LENGTH_MEASURE(0.7),#9626);
#9613=CURVE_STYLE('',#9735,POSITIVE_LENGTH_MEASURE(0.7),#9626);
#9614=CURVE_STYLE('',#9736,POSITIVE_LENGTH_MEASURE(0.7),#9626);
#9615=CURVE_STYLE('',#9737,POSITIVE_LENGTH_MEASURE(0.7),#9626);
#9616=CURVE_STYLE('',#9738,POSITIVE_LENGTH_MEASURE(0.7),#9626);
#9617=CURVE_STYLE('',#9739,POSITIVE_LENGTH_MEASURE(0.7),#9626);
#9618=CURVE_STYLE('',#9740,POSITIVE_LENGTH_MEASURE(0.7),#9626);
#9619=CURVE_STYLE('',#9741,POSITIVE_LENGTH_MEASURE(0.7),#9626);
#9620=CURVE_STYLE('',#9742,POSITIVE_LENGTH_MEASURE(0.7),#9626);
#9621=CURVE_STYLE('',#9743,POSITIVE_LENGTH_MEASURE(0.7),#9626);
#9622=CURVE_STYLE('',#9744,POSITIVE_LENGTH_MEASURE(0.7),#9626);
#9623=CURVE_STYLE('',#9745,POSITIVE_LENGTH_MEASURE(0.7),#9626);
#9624=CURVE_STYLE('',#9746,POSITIVE_LENGTH_MEASURE(0.7),#9626);
#9625=CURVE_STYLE('',#9747,POSITIVE_LENGTH_MEASURE(0.7),#9626);
#9626=COLOUR_RGB('Medium Royal',0.2,0.4,0.8);
#9627=COLOUR_RGB('medium steel',0.596078431372549,0.666666666666667,0.686274509803922);
#9628=DRAUGHTING_PRE_DEFINED_CURVE_FONT('continuous');
#9629=DRAUGHTING_PRE_DEFINED_CURVE_FONT('continuous');
#9630=DRAUGHTING_PRE_DEFINED_CURVE_FONT('continuous');
#9631=DRAUGHTING_PRE_DEFINED_CURVE_FONT('continuous');
#9632=DRAUGHTING_PRE_DEFINED_CURVE_FONT('continuous');
#9633=DRAUGHTING_PRE_DEFINED_CURVE_FONT('continuous');
#9634=DRAUGHTING_PRE_DEFINED_CURVE_FONT('continuous');
#9635=DRAUGHTING_PRE_DEFINED_CURVE_FONT('continuous');
#9636=DRAUGHTING_PRE_DEFINED_CURVE_FONT('continuous');
#9637=DRAUGHTING_PRE_DEFINED_CURVE_FONT('continuous');
#9638=DRAUGHTING_PRE_DEFINED_CURVE_FONT('continuous');
#9639=DRAUGHTING_PRE_DEFINED_CURVE_FONT('continuous');
#9640=DRAUGHTING_PRE_DEFINED_CURVE_FONT('continuous');
#9641=DRAUGHTING_PRE_DEFINED_CURVE_FONT('continuous');
#9642=DRAUGHTING_PRE_DEFINED_CURVE_FONT('continuous');
#9643=DRAUGHTING_PRE_DEFINED_CURVE_FONT('continuous');
#9644=DRAUGHTING_PRE_DEFINED_CURVE_FONT('continuous');
#9645=DRAUGHTING_PRE_DEFINED_CURVE_FONT('continuous');
#9646=DRAUGHTING_PRE_DEFINED_CURVE_FONT('continuous');
#9647=DRAUGHTING_PRE_DEFINED_CURVE_FONT('continuous');
#9648=DRAUGHTING_PRE_DEFINED_CURVE_FONT('continuous');
#9649=DRAUGHTING_PRE_DEFINED_CURVE_FONT('continuous');
#9650=DRAUGHTING_PRE_DEFINED_CURVE_FONT('continuous');
#9651=DRAUGHTING_PRE_DEFINED_CURVE_FONT('continuous');
#9652=DRAUGHTING_PRE_DEFINED_CURVE_FONT('continuous');
#9653=DRAUGHTING_PRE_DEFINED_CURVE_FONT('continuous');
#9654=DRAUGHTING_PRE_DEFINED_CURVE_FONT('continuous');
#9655=DRAUGHTING_PRE_DEFINED_CURVE_FONT('continuous');
#9656=DRAUGHTING_PRE_DEFINED_CURVE_FONT('continuous');
#9657=DRAUGHTING_PRE_DEFINED_CURVE_FONT('continuous');
#9658=DRAUGHTING_PRE_DEFINED_CURVE_FONT('continuous');
#9659=DRAUGHTING_PRE_DEFINED_CURVE_FONT('continuous');
#9660=DRAUGHTING_PRE_DEFINED_CURVE_FONT('continuous');
#9661=DRAUGHTING_PRE_DEFINED_CURVE_FONT('continuous');
#9662=DRAUGHTING_PRE_DEFINED_CURVE_FONT('continuous');
#9663=DRAUGHTING_PRE_DEFINED_CURVE_FONT('continuous');
#9664=DRAUGHTING_PRE_DEFINED_CURVE_FONT('continuous');
#9665=DRAUGHTING_PRE_DEFINED_CURVE_FONT('continuous');
#9666=DRAUGHTING_PRE_DEFINED_CURVE_FONT('continuous');
#9667=DRAUGHTING_PRE_DEFINED_CURVE_FONT('continuous');
#9668=DRAUGHTING_PRE_DEFINED_CURVE_FONT('continuous');
#9669=DRAUGHTING_PRE_DEFINED_CURVE_FONT('continuous');
#9670=DRAUGHTING_PRE_DEFINED_CURVE_FONT('continuous');
#9671=DRAUGHTING_PRE_DEFINED_CURVE_FONT('continuous');
#9672=DRAUGHTING_PRE_DEFINED_CURVE_FONT('continuous');
#9673=DRAUGHTING_PRE_DEFINED_CURVE_FONT('continuous');
#9674=DRAUGHTING_PRE_DEFINED_CURVE_FONT('continuous');
#9675=DRAUGHTING_PRE_DEFINED_CURVE_FONT('continuous');
#9676=DRAUGHTING_PRE_DEFINED_CURVE_FONT('continuous');
#9677=DRAUGHTING_PRE_DEFINED_CURVE_FONT('continuous');
#9678=DRAUGHTING_PRE_DEFINED_CURVE_FONT('continuous');
#9679=DRAUGHTING_PRE_DEFINED_CURVE_FONT('continuous');
#9680=DRAUGHTING_PRE_DEFINED_CURVE_FONT('continuous');
#9681=DRAUGHTING_PRE_DEFINED_CURVE_FONT('continuous');
#9682=DRAUGHTING_PRE_DEFINED_CURVE_FONT('continuous');
#9683=DRAUGHTING_PRE_DEFINED_CURVE_FONT('continuous');
#9684=DRAUGHTING_PRE_DEFINED_CURVE_FONT('continuous');
#9685=DRAUGHTING_PRE_DEFINED_CURVE_FONT('continuous');
#9686=DRAUGHTING_PRE_DEFINED_CURVE_FONT('continuous');
#9687=DRAUGHTING_PRE_DEFINED_CURVE_FONT('continuous');
#9688=DRAUGHTING_PRE_DEFINED_CURVE_FONT('continuous');
#9689=DRAUGHTING_PRE_DEFINED_CURVE_FONT('continuous');
#9690=DRAUGHTING_PRE_DEFINED_CURVE_FONT('continuous');
#9691=DRAUGHTING_PRE_DEFINED_CURVE_FONT('continuous');
#9692=DRAUGHTING_PRE_DEFINED_CURVE_FONT('continuous');
#9693=DRAUGHTING_PRE_DEFINED_CURVE_FONT('continuous');
#9694=DRAUGHTING_PRE_DEFINED_CURVE_FONT('continuous');
#9695=DRAUGHTING_PRE_DEFINED_CURVE_FONT('continuous');
#9696=DRAUGHTING_PRE_DEFINED_CURVE_FONT('continuous');
#9697=DRAUGHTING_PRE_DEFINED_CURVE_FONT('continuous');
#9698=DRAUGHTING_PRE_DEFINED_CURVE_FONT('continuous');
#9699=DRAUGHTING_PRE_DEFINED_CURVE_FONT('continuous');
#9700=DRAUGHTING_PRE_DEFINED_CURVE_FONT('continuous');
#9701=DRAUGHTING_PRE_DEFINED_CURVE_FONT('continuous');
#9702=DRAUGHTING_PRE_DEFINED_CURVE_FONT('continuous');
#9703=DRAUGHTING_PRE_DEFINED_CURVE_FONT('continuous');
#9704=DRAUGHTING_PRE_DEFINED_CURVE_FONT('continuous');
#9705=DRAUGHTING_PRE_DEFINED_CURVE_FONT('continuous');
#9706=DRAUGHTING_PRE_DEFINED_CURVE_FONT('continuous');
#9707=DRAUGHTING_PRE_DEFINED_CURVE_FONT('continuous');
#9708=DRAUGHTING_PRE_DEFINED_CURVE_FONT('continuous');
#9709=DRAUGHTING_PRE_DEFINED_CURVE_FONT('continuous');
#9710=DRAUGHTING_PRE_DEFINED_CURVE_FONT('continuous');
#9711=DRAUGHTING_PRE_DEFINED_CURVE_FONT('continuous');
#9712=DRAUGHTING_PRE_DEFINED_CURVE_FONT('continuous');
#9713=DRAUGHTING_PRE_DEFINED_CURVE_FONT('continuous');
#9714=DRAUGHTING_PRE_DEFINED_CURVE_FONT('continuous');
#9715=DRAUGHTING_PRE_DEFINED_CURVE_FONT('continuous');
#9716=DRAUGHTING_PRE_DEFINED_CURVE_FONT('continuous');
#9717=DRAUGHTING_PRE_DEFINED_CURVE_FONT('continuous');
#9718=DRAUGHTING_PRE_DEFINED_CURVE_FONT('continuous');
#9719=DRAUGHTING_PRE_DEFINED_CURVE_FONT('continuous');
#9720=DRAUGHTING_PRE_DEFINED_CURVE_FONT('continuous');
#9721=DRAUGHTING_PRE_DEFINED_CURVE_FONT('continuous');
#9722=DRAUGHTING_PRE_DEFINED_CURVE_FONT('continuous');
#9723=DRAUGHTING_PRE_DEFINED_CURVE_FONT('continuous');
#9724=DRAUGHTING_PRE_DEFINED_CURVE_FONT('continuous');
#9725=DRAUGHTING_PRE_DEFINED_CURVE_FONT('continuous');
#9726=DRAUGHTING_PRE_DEFINED_CURVE_FONT('continuous');
#9727=DRAUGHTING_PRE_DEFINED_CURVE_FONT('continuous');
#9728=DRAUGHTING_PRE_DEFINED_CURVE_FONT('continuous');
#9729=DRAUGHTING_PRE_DEFINED_CURVE_FONT('continuous');
#9730=DRAUGHTING_PRE_DEFINED_CURVE_FONT('continuous');
#9731=DRAUGHTING_PRE_DEFINED_CURVE_FONT('continuous');
#9732=DRAUGHTING_PRE_DEFINED_CURVE_FONT('continuous');
#9733=DRAUGHTING_PRE_DEFINED_CURVE_FONT('continuous');
#9734=DRAUGHTING_PRE_DEFINED_CURVE_FONT('continuous');
#9735=DRAUGHTING_PRE_DEFINED_CURVE_FONT('continuous');
#9736=DRAUGHTING_PRE_DEFINED_CURVE_FONT('continuous');
#9737=DRAUGHTING_PRE_DEFINED_CURVE_FONT('continuous');
#9738=DRAUGHTING_PRE_DEFINED_CURVE_FONT('continuous');
#9739=DRAUGHTING_PRE_DEFINED_CURVE_FONT('continuous');
#9740=DRAUGHTING_PRE_DEFINED_CURVE_FONT('continuous');
#9741=DRAUGHTING_PRE_DEFINED_CURVE_FONT('continuous');
#9742=DRAUGHTING_PRE_DEFINED_CURVE_FONT('continuous');
#9743=DRAUGHTING_PRE_DEFINED_CURVE_FONT('continuous');
#9744=DRAUGHTING_PRE_DEFINED_CURVE_FONT('continuous');
#9745=DRAUGHTING_PRE_DEFINED_CURVE_FONT('continuous');
#9746=DRAUGHTING_PRE_DEFINED_CURVE_FONT('continuous');
#9747=DRAUGHTING_PRE_DEFINED_CURVE_FONT('continuous');
#9748=TRIMMED_CURVE('Line527',#9868,(PARAMETER_VALUE(0.)),(
PARAMETER_VALUE(1.)),.T.,.PARAMETER.);
#9749=TRIMMED_CURVE('Line528',#9869,(PARAMETER_VALUE(0.)),(
PARAMETER_VALUE(1.)),.T.,.PARAMETER.);
#9750=TRIMMED_CURVE('Line529',#9870,(PARAMETER_VALUE(0.)),(
PARAMETER_VALUE(1.)),.T.,.PARAMETER.);
#9751=TRIMMED_CURVE('Line530',#9871,(PARAMETER_VALUE(0.)),(
PARAMETER_VALUE(1.)),.T.,.PARAMETER.);
#9752=TRIMMED_CURVE('Line532',#9872,(PARAMETER_VALUE(0.)),(
PARAMETER_VALUE(1.)),.T.,.PARAMETER.);
#9753=TRIMMED_CURVE('Line533',#9873,(PARAMETER_VALUE(0.)),(
PARAMETER_VALUE(1.)),.T.,.PARAMETER.);
#9754=TRIMMED_CURVE('Line534',#9874,(PARAMETER_VALUE(0.)),(
PARAMETER_VALUE(1.)),.T.,.PARAMETER.);
#9755=TRIMMED_CURVE('Line535',#9875,(PARAMETER_VALUE(0.)),(
PARAMETER_VALUE(1.)),.T.,.PARAMETER.);
#9756=TRIMMED_CURVE('Line536',#9876,(PARAMETER_VALUE(0.)),(
PARAMETER_VALUE(1.)),.T.,.PARAMETER.);
#9757=TRIMMED_CURVE('Line537',#9877,(PARAMETER_VALUE(0.)),(
PARAMETER_VALUE(1.)),.T.,.PARAMETER.);
#9758=TRIMMED_CURVE('Line538',#9878,(PARAMETER_VALUE(0.)),(
PARAMETER_VALUE(1.)),.T.,.PARAMETER.);
#9759=TRIMMED_CURVE('Line539',#9879,(PARAMETER_VALUE(0.)),(
PARAMETER_VALUE(1.)),.T.,.PARAMETER.);
#9760=TRIMMED_CURVE('Line540',#9880,(PARAMETER_VALUE(0.)),(
PARAMETER_VALUE(1.)),.T.,.PARAMETER.);
#9761=TRIMMED_CURVE('Line541',#9881,(PARAMETER_VALUE(0.)),(
PARAMETER_VALUE(1.)),.T.,.PARAMETER.);
#9762=TRIMMED_CURVE('Line542',#9882,(PARAMETER_VALUE(0.)),(
PARAMETER_VALUE(1.)),.T.,.PARAMETER.);
#9763=TRIMMED_CURVE('Line543',#9883,(PARAMETER_VALUE(0.)),(
PARAMETER_VALUE(1.)),.T.,.PARAMETER.);
#9764=TRIMMED_CURVE('Line544',#9884,(PARAMETER_VALUE(0.)),(
PARAMETER_VALUE(1.)),.T.,.PARAMETER.);
#9765=TRIMMED_CURVE('Line545',#9885,(PARAMETER_VALUE(0.)),(
PARAMETER_VALUE(1.)),.T.,.PARAMETER.);
#9766=TRIMMED_CURVE('Line546',#9886,(PARAMETER_VALUE(0.)),(
PARAMETER_VALUE(1.)),.T.,.PARAMETER.);
#9767=TRIMMED_CURVE('Line547',#9887,(PARAMETER_VALUE(0.)),(
PARAMETER_VALUE(1.)),.T.,.PARAMETER.);
#9768=TRIMMED_CURVE('Line548',#9888,(PARAMETER_VALUE(0.)),(
PARAMETER_VALUE(1.)),.T.,.PARAMETER.);
#9769=TRIMMED_CURVE('Line549',#9889,(PARAMETER_VALUE(0.)),(
PARAMETER_VALUE(1.)),.T.,.PARAMETER.);
#9770=TRIMMED_CURVE('Line550',#9890,(PARAMETER_VALUE(0.)),(
PARAMETER_VALUE(1.)),.T.,.PARAMETER.);
#9771=TRIMMED_CURVE('Line551',#9891,(PARAMETER_VALUE(0.)),(
PARAMETER_VALUE(1.)),.T.,.PARAMETER.);
#9772=TRIMMED_CURVE('Line552',#9892,(PARAMETER_VALUE(0.)),(
PARAMETER_VALUE(1.)),.T.,.PARAMETER.);
#9773=TRIMMED_CURVE('Line553',#9893,(PARAMETER_VALUE(0.)),(
PARAMETER_VALUE(1.)),.T.,.PARAMETER.);
#9774=TRIMMED_CURVE('Line554',#9894,(PARAMETER_VALUE(0.)),(
PARAMETER_VALUE(1.)),.T.,.PARAMETER.);
#9775=TRIMMED_CURVE('Line555',#9895,(PARAMETER_VALUE(0.)),(
PARAMETER_VALUE(1.)),.T.,.PARAMETER.);
#9776=TRIMMED_CURVE('Line556',#9896,(PARAMETER_VALUE(0.)),(
PARAMETER_VALUE(1.)),.T.,.PARAMETER.);
#9777=TRIMMED_CURVE('Line557',#9897,(PARAMETER_VALUE(0.)),(
PARAMETER_VALUE(1.)),.T.,.PARAMETER.);
#9778=TRIMMED_CURVE('Line558',#9898,(PARAMETER_VALUE(0.)),(
PARAMETER_VALUE(1.)),.T.,.PARAMETER.);
#9779=TRIMMED_CURVE('Line559',#9899,(PARAMETER_VALUE(0.)),(
PARAMETER_VALUE(1.)),.T.,.PARAMETER.);
#9780=TRIMMED_CURVE('Line560',#9900,(PARAMETER_VALUE(0.)),(
PARAMETER_VALUE(1.)),.T.,.PARAMETER.);
#9781=TRIMMED_CURVE('Line561',#9901,(PARAMETER_VALUE(0.)),(
PARAMETER_VALUE(1.)),.T.,.PARAMETER.);
#9782=TRIMMED_CURVE('Line562',#9902,(PARAMETER_VALUE(0.)),(
PARAMETER_VALUE(1.)),.T.,.PARAMETER.);
#9783=TRIMMED_CURVE('Line563',#9903,(PARAMETER_VALUE(0.)),(
PARAMETER_VALUE(1.)),.T.,.PARAMETER.);
#9784=TRIMMED_CURVE('Line564',#9904,(PARAMETER_VALUE(0.)),(
PARAMETER_VALUE(1.)),.T.,.PARAMETER.);
#9785=TRIMMED_CURVE('Line565',#9905,(PARAMETER_VALUE(0.)),(
PARAMETER_VALUE(1.)),.T.,.PARAMETER.);
#9786=TRIMMED_CURVE('Line566',#9906,(PARAMETER_VALUE(0.)),(
PARAMETER_VALUE(1.)),.T.,.PARAMETER.);
#9787=TRIMMED_CURVE('Line567',#9907,(PARAMETER_VALUE(0.)),(
PARAMETER_VALUE(1.)),.T.,.PARAMETER.);
#9788=TRIMMED_CURVE('Line568',#9908,(PARAMETER_VALUE(0.)),(
PARAMETER_VALUE(1.)),.T.,.PARAMETER.);
#9789=TRIMMED_CURVE('Line569',#9909,(PARAMETER_VALUE(0.)),(
PARAMETER_VALUE(1.)),.T.,.PARAMETER.);
#9790=TRIMMED_CURVE('Line570',#9910,(PARAMETER_VALUE(0.)),(
PARAMETER_VALUE(1.)),.T.,.PARAMETER.);
#9791=TRIMMED_CURVE('Line571',#9911,(PARAMETER_VALUE(0.)),(
PARAMETER_VALUE(1.)),.T.,.PARAMETER.);
#9792=TRIMMED_CURVE('Line572',#9912,(PARAMETER_VALUE(0.)),(
PARAMETER_VALUE(1.)),.T.,.PARAMETER.);
#9793=TRIMMED_CURVE('Line573',#9913,(PARAMETER_VALUE(0.)),(
PARAMETER_VALUE(1.)),.T.,.PARAMETER.);
#9794=TRIMMED_CURVE('Line574',#9914,(PARAMETER_VALUE(0.)),(
PARAMETER_VALUE(1.)),.T.,.PARAMETER.);
#9795=TRIMMED_CURVE('Line575',#9915,(PARAMETER_VALUE(0.)),(
PARAMETER_VALUE(1.)),.T.,.PARAMETER.);
#9796=TRIMMED_CURVE('Line576',#9916,(PARAMETER_VALUE(0.)),(
PARAMETER_VALUE(1.)),.T.,.PARAMETER.);
#9797=TRIMMED_CURVE('Line577',#9917,(PARAMETER_VALUE(0.)),(
PARAMETER_VALUE(1.)),.T.,.PARAMETER.);
#9798=TRIMMED_CURVE('Line578',#9918,(PARAMETER_VALUE(0.)),(
PARAMETER_VALUE(1.)),.T.,.PARAMETER.);
#9799=TRIMMED_CURVE('Line579',#9919,(PARAMETER_VALUE(0.)),(
PARAMETER_VALUE(1.)),.T.,.PARAMETER.);
#9800=TRIMMED_CURVE('Line580',#9920,(PARAMETER_VALUE(0.)),(
PARAMETER_VALUE(1.)),.T.,.PARAMETER.);
#9801=TRIMMED_CURVE('Line581',#9921,(PARAMETER_VALUE(0.)),(
PARAMETER_VALUE(1.)),.T.,.PARAMETER.);
#9802=TRIMMED_CURVE('Line582',#9922,(PARAMETER_VALUE(0.)),(
PARAMETER_VALUE(1.)),.T.,.PARAMETER.);
#9803=TRIMMED_CURVE('Line583',#9923,(PARAMETER_VALUE(0.)),(
PARAMETER_VALUE(1.)),.T.,.PARAMETER.);
#9804=TRIMMED_CURVE('Line584',#9924,(PARAMETER_VALUE(0.)),(
PARAMETER_VALUE(1.)),.T.,.PARAMETER.);
#9805=TRIMMED_CURVE('Line585',#9925,(PARAMETER_VALUE(0.)),(
PARAMETER_VALUE(1.)),.T.,.PARAMETER.);
#9806=TRIMMED_CURVE('Line586',#9926,(PARAMETER_VALUE(0.)),(
PARAMETER_VALUE(1.)),.T.,.PARAMETER.);
#9807=TRIMMED_CURVE('Line587',#9927,(PARAMETER_VALUE(0.)),(
PARAMETER_VALUE(1.)),.T.,.PARAMETER.);
#9808=TRIMMED_CURVE('Line588',#9928,(PARAMETER_VALUE(0.)),(
PARAMETER_VALUE(1.)),.T.,.PARAMETER.);
#9809=TRIMMED_CURVE('Line589',#9929,(PARAMETER_VALUE(0.)),(
PARAMETER_VALUE(1.)),.T.,.PARAMETER.);
#9810=TRIMMED_CURVE('Line590',#9930,(PARAMETER_VALUE(0.)),(
PARAMETER_VALUE(1.)),.T.,.PARAMETER.);
#9811=TRIMMED_CURVE('Line591',#9931,(PARAMETER_VALUE(0.)),(
PARAMETER_VALUE(1.)),.T.,.PARAMETER.);
#9812=TRIMMED_CURVE('Line592',#9932,(PARAMETER_VALUE(0.)),(
PARAMETER_VALUE(1.)),.T.,.PARAMETER.);
#9813=TRIMMED_CURVE('Line593',#9933,(PARAMETER_VALUE(0.)),(
PARAMETER_VALUE(1.)),.T.,.PARAMETER.);
#9814=TRIMMED_CURVE('Line594',#9934,(PARAMETER_VALUE(0.)),(
PARAMETER_VALUE(1.)),.T.,.PARAMETER.);
#9815=TRIMMED_CURVE('Line595',#9935,(PARAMETER_VALUE(0.)),(
PARAMETER_VALUE(1.)),.T.,.PARAMETER.);
#9816=TRIMMED_CURVE('Line596',#9936,(PARAMETER_VALUE(0.)),(
PARAMETER_VALUE(1.)),.T.,.PARAMETER.);
#9817=TRIMMED_CURVE('Line597',#9937,(PARAMETER_VALUE(0.)),(
PARAMETER_VALUE(1.)),.T.,.PARAMETER.);
#9818=TRIMMED_CURVE('Line598',#9938,(PARAMETER_VALUE(0.)),(
PARAMETER_VALUE(1.)),.T.,.PARAMETER.);
#9819=TRIMMED_CURVE('Line599',#9939,(PARAMETER_VALUE(0.)),(
PARAMETER_VALUE(1.)),.T.,.PARAMETER.);
#9820=TRIMMED_CURVE('Line600',#9940,(PARAMETER_VALUE(0.)),(
PARAMETER_VALUE(1.)),.T.,.PARAMETER.);
#9821=TRIMMED_CURVE('Line601',#9941,(PARAMETER_VALUE(0.)),(
PARAMETER_VALUE(1.)),.T.,.PARAMETER.);
#9822=TRIMMED_CURVE('Line602',#9942,(PARAMETER_VALUE(0.)),(
PARAMETER_VALUE(1.)),.T.,.PARAMETER.);
#9823=TRIMMED_CURVE('Line603',#9943,(PARAMETER_VALUE(0.)),(
PARAMETER_VALUE(1.)),.T.,.PARAMETER.);
#9824=TRIMMED_CURVE('Line604',#9944,(PARAMETER_VALUE(0.)),(
PARAMETER_VALUE(1.)),.T.,.PARAMETER.);
#9825=TRIMMED_CURVE('Line605',#9945,(PARAMETER_VALUE(0.)),(
PARAMETER_VALUE(1.)),.T.,.PARAMETER.);
#9826=TRIMMED_CURVE('Line606',#9946,(PARAMETER_VALUE(0.)),(
PARAMETER_VALUE(1.)),.T.,.PARAMETER.);
#9827=TRIMMED_CURVE('Line607',#9947,(PARAMETER_VALUE(0.)),(
PARAMETER_VALUE(1.)),.T.,.PARAMETER.);
#9828=TRIMMED_CURVE('Line608',#9948,(PARAMETER_VALUE(0.)),(
PARAMETER_VALUE(1.)),.T.,.PARAMETER.);
#9829=TRIMMED_CURVE('Line609',#9949,(PARAMETER_VALUE(0.)),(
PARAMETER_VALUE(1.)),.T.,.PARAMETER.);
#9830=TRIMMED_CURVE('Line610',#9950,(PARAMETER_VALUE(0.)),(
PARAMETER_VALUE(1.)),.T.,.PARAMETER.);
#9831=TRIMMED_CURVE('Line611',#9951,(PARAMETER_VALUE(0.)),(
PARAMETER_VALUE(1.)),.T.,.PARAMETER.);
#9832=TRIMMED_CURVE('Line612',#9952,(PARAMETER_VALUE(0.)),(
PARAMETER_VALUE(1.)),.T.,.PARAMETER.);
#9833=TRIMMED_CURVE('Line613',#9953,(PARAMETER_VALUE(0.)),(
PARAMETER_VALUE(1.)),.T.,.PARAMETER.);
#9834=TRIMMED_CURVE('Line614',#9954,(PARAMETER_VALUE(0.)),(
PARAMETER_VALUE(1.)),.T.,.PARAMETER.);
#9835=TRIMMED_CURVE('Line615',#9955,(PARAMETER_VALUE(0.)),(
PARAMETER_VALUE(1.)),.T.,.PARAMETER.);
#9836=TRIMMED_CURVE('Line616',#9956,(PARAMETER_VALUE(0.)),(
PARAMETER_VALUE(1.)),.T.,.PARAMETER.);
#9837=TRIMMED_CURVE('Line617',#9957,(PARAMETER_VALUE(0.)),(
PARAMETER_VALUE(1.)),.T.,.PARAMETER.);
#9838=TRIMMED_CURVE('Line618',#9958,(PARAMETER_VALUE(0.)),(
PARAMETER_VALUE(1.)),.T.,.PARAMETER.);
#9839=TRIMMED_CURVE('Line619',#9959,(PARAMETER_VALUE(0.)),(
PARAMETER_VALUE(1.)),.T.,.PARAMETER.);
#9840=TRIMMED_CURVE('Line620',#9960,(PARAMETER_VALUE(0.)),(
PARAMETER_VALUE(1.)),.T.,.PARAMETER.);
#9841=TRIMMED_CURVE('Line621',#9961,(PARAMETER_VALUE(0.)),(
PARAMETER_VALUE(1.)),.T.,.PARAMETER.);
#9842=TRIMMED_CURVE('Line622',#9962,(PARAMETER_VALUE(0.)),(
PARAMETER_VALUE(1.)),.T.,.PARAMETER.);
#9843=TRIMMED_CURVE('Line623',#9963,(PARAMETER_VALUE(0.)),(
PARAMETER_VALUE(1.)),.T.,.PARAMETER.);
#9844=TRIMMED_CURVE('Line624',#9964,(PARAMETER_VALUE(0.)),(
PARAMETER_VALUE(1.)),.T.,.PARAMETER.);
#9845=TRIMMED_CURVE('Line625',#9965,(PARAMETER_VALUE(0.)),(
PARAMETER_VALUE(1.)),.T.,.PARAMETER.);
#9846=TRIMMED_CURVE('Line626',#9966,(PARAMETER_VALUE(0.)),(
PARAMETER_VALUE(1.)),.T.,.PARAMETER.);
#9847=TRIMMED_CURVE('Line627',#9967,(PARAMETER_VALUE(0.)),(
PARAMETER_VALUE(1.)),.T.,.PARAMETER.);
#9848=TRIMMED_CURVE('Line628',#9968,(PARAMETER_VALUE(0.)),(
PARAMETER_VALUE(1.)),.T.,.PARAMETER.);
#9849=TRIMMED_CURVE('Line629',#9969,(PARAMETER_VALUE(0.)),(
PARAMETER_VALUE(1.)),.T.,.PARAMETER.);
#9850=TRIMMED_CURVE('Line630',#9970,(PARAMETER_VALUE(0.)),(
PARAMETER_VALUE(1.)),.T.,.PARAMETER.);
#9851=TRIMMED_CURVE('Line631',#9971,(PARAMETER_VALUE(0.)),(
PARAMETER_VALUE(1.)),.T.,.PARAMETER.);
#9852=TRIMMED_CURVE('Line632',#9972,(PARAMETER_VALUE(0.)),(
PARAMETER_VALUE(1.)),.T.,.PARAMETER.);
#9853=TRIMMED_CURVE('Line633',#9973,(PARAMETER_VALUE(0.)),(
PARAMETER_VALUE(1.)),.T.,.PARAMETER.);
#9854=TRIMMED_CURVE('Line634',#9974,(PARAMETER_VALUE(0.)),(
PARAMETER_VALUE(1.)),.T.,.PARAMETER.);
#9855=TRIMMED_CURVE('Line635',#9975,(PARAMETER_VALUE(0.)),(
PARAMETER_VALUE(1.)),.T.,.PARAMETER.);
#9856=TRIMMED_CURVE('Line636',#9976,(PARAMETER_VALUE(0.)),(
PARAMETER_VALUE(1.)),.T.,.PARAMETER.);
#9857=TRIMMED_CURVE('Line637',#9977,(PARAMETER_VALUE(0.)),(
PARAMETER_VALUE(1.)),.T.,.PARAMETER.);
#9858=TRIMMED_CURVE('Line638',#9978,(PARAMETER_VALUE(0.)),(
PARAMETER_VALUE(1.)),.T.,.PARAMETER.);
#9859=TRIMMED_CURVE('Line639',#9979,(PARAMETER_VALUE(0.)),(
PARAMETER_VALUE(1.)),.T.,.PARAMETER.);
#9860=TRIMMED_CURVE('Line640',#9980,(PARAMETER_VALUE(0.)),(
PARAMETER_VALUE(1.)),.T.,.PARAMETER.);
#9861=TRIMMED_CURVE('Line641',#9981,(PARAMETER_VALUE(0.)),(
PARAMETER_VALUE(1.)),.T.,.PARAMETER.);
#9862=TRIMMED_CURVE('Line642',#9982,(PARAMETER_VALUE(0.)),(
PARAMETER_VALUE(1.)),.T.,.PARAMETER.);
#9863=TRIMMED_CURVE('Line643',#9983,(PARAMETER_VALUE(0.)),(
PARAMETER_VALUE(1.)),.T.,.PARAMETER.);
#9864=TRIMMED_CURVE('Line644',#9984,(PARAMETER_VALUE(0.)),(
PARAMETER_VALUE(1.)),.T.,.PARAMETER.);
#9865=TRIMMED_CURVE('Line645',#9985,(PARAMETER_VALUE(0.)),(
PARAMETER_VALUE(1.)),.T.,.PARAMETER.);
#9866=TRIMMED_CURVE('Line646',#9986,(PARAMETER_VALUE(0.)),(
PARAMETER_VALUE(1.)),.T.,.PARAMETER.);
#9867=TRIMMED_CURVE('Line647',#9987,(PARAMETER_VALUE(0.)),(
PARAMETER_VALUE(1.)),.T.,.PARAMETER.);
#9868=LINE('Line527',#17228,#11314);
#9869=LINE('Line528',#17229,#11315);
#9870=LINE('Line529',#17230,#11316);
#9871=LINE('Line530',#17231,#11317);
#9872=LINE('Line532',#17232,#11318);
#9873=LINE('Line533',#17233,#11319);
#9874=LINE('Line534',#17234,#11320);
#9875=LINE('Line535',#17235,#11321);
#9876=LINE('Line536',#17236,#11322);
#9877=LINE('Line537',#17237,#11323);
#9878=LINE('Line538',#17238,#11324);
#9879=LINE('Line539',#17239,#11325);
#9880=LINE('Line540',#17240,#11326);
#9881=LINE('Line541',#17241,#11327);
#9882=LINE('Line542',#17242,#11328);
#9883=LINE('Line543',#17243,#11329);
#9884=LINE('Line544',#17244,#11330);
#9885=LINE('Line545',#17245,#11331);
#9886=LINE('Line546',#17246,#11332);
#9887=LINE('Line547',#17247,#11333);
#9888=LINE('Line548',#17248,#11334);
#9889=LINE('Line549',#17249,#11335);
#9890=LINE('Line550',#17250,#11336);
#9891=LINE('Line551',#17251,#11337);
#9892=LINE('Line552',#17252,#11338);
#9893=LINE('Line553',#17253,#11339);
#9894=LINE('Line554',#17254,#11340);
#9895=LINE('Line555',#17255,#11341);
#9896=LINE('Line556',#17256,#11342);
#9897=LINE('Line557',#17257,#11343);
#9898=LINE('Line558',#17258,#11344);
#9899=LINE('Line559',#17259,#11345);
#9900=LINE('Line560',#17260,#11346);
#9901=LINE('Line561',#17261,#11347);
#9902=LINE('Line562',#17262,#11348);
#9903=LINE('Line563',#17263,#11349);
#9904=LINE('Line564',#17264,#11350);
#9905=LINE('Line565',#17265,#11351);
#9906=LINE('Line566',#17266,#11352);
#9907=LINE('Line567',#17267,#11353);
#9908=LINE('Line568',#17268,#11354);
#9909=LINE('Line569',#17269,#11355);
#9910=LINE('Line570',#17270,#11356);
#9911=LINE('Line571',#17271,#11357);
#9912=LINE('Line572',#17272,#11358);
#9913=LINE('Line573',#17273,#11359);
#9914=LINE('Line574',#17274,#11360);
#9915=LINE('Line575',#17275,#11361);
#9916=LINE('Line576',#17276,#11362);
#9917=LINE('Line577',#17277,#11363);
#9918=LINE('Line578',#17278,#11364);
#9919=LINE('Line579',#17279,#11365);
#9920=LINE('Line580',#17280,#11366);
#9921=LINE('Line581',#17281,#11367);
#9922=LINE('Line582',#17282,#11368);
#9923=LINE('Line583',#17283,#11369);
#9924=LINE('Line584',#17284,#11370);
#9925=LINE('Line585',#17285,#11371);
#9926=LINE('Line586',#17286,#11372);
#9927=LINE('Line587',#17287,#11373);
#9928=LINE('Line588',#17288,#11374);
#9929=LINE('Line589',#17289,#11375);
#9930=LINE('Line590',#17290,#11376);
#9931=LINE('Line591',#17291,#11377);
#9932=LINE('Line592',#17292,#11378);
#9933=LINE('Line593',#17293,#11379);
#9934=LINE('Line594',#17294,#11380);
#9935=LINE('Line595',#17295,#11381);
#9936=LINE('Line596',#17296,#11382);
#9937=LINE('Line597',#17297,#11383);
#9938=LINE('Line598',#17298,#11384);
#9939=LINE('Line599',#17299,#11385);
#9940=LINE('Line600',#17300,#11386);
#9941=LINE('Line601',#17301,#11387);
#9942=LINE('Line602',#17302,#11388);
#9943=LINE('Line603',#17303,#11389);
#9944=LINE('Line604',#17304,#11390);
#9945=LINE('Line605',#17305,#11391);
#9946=LINE('Line606',#17306,#11392);
#9947=LINE('Line607',#17307,#11393);
#9948=LINE('Line608',#17308,#11394);
#9949=LINE('Line609',#17309,#11395);
#9950=LINE('Line610',#17310,#11396);
#9951=LINE('Line611',#17311,#11397);
#9952=LINE('Line612',#17312,#11398);
#9953=LINE('Line613',#17313,#11399);
#9954=LINE('Line614',#17314,#11400);
#9955=LINE('Line615',#17315,#11401);
#9956=LINE('Line616',#17316,#11402);
#9957=LINE('Line617',#17317,#11403);
#9958=LINE('Line618',#17318,#11404);
#9959=LINE('Line619',#17319,#11405);
#9960=LINE('Line620',#17320,#11406);
#9961=LINE('Line621',#17321,#11407);
#9962=LINE('Line622',#17322,#11408);
#9963=LINE('Line623',#17323,#11409);
#9964=LINE('Line624',#17324,#11410);
#9965=LINE('Line625',#17325,#11411);
#9966=LINE('Line626',#17326,#11412);
#9967=LINE('Line627',#17327,#11413);
#9968=LINE('Line628',#17328,#11414);
#9969=LINE('Line629',#17329,#11415);
#9970=LINE('Line630',#17330,#11416);
#9971=LINE('Line631',#17331,#11417);
#9972=LINE('Line632',#17332,#11418);
#9973=LINE('Line633',#17333,#11419);
#9974=LINE('Line634',#17334,#11420);
#9975=LINE('Line635',#17335,#11421);
#9976=LINE('Line636',#17336,#11422);
#9977=LINE('Line637',#17337,#11423);
#9978=LINE('Line638',#17338,#11424);
#9979=LINE('Line639',#17339,#11425);
#9980=LINE('Line640',#17340,#11426);
#9981=LINE('Line641',#17341,#11427);
#9982=LINE('Line642',#17342,#11428);
#9983=LINE('Line643',#17343,#11429);
#9984=LINE('Line644',#17344,#11430);
#9985=LINE('Line645',#17345,#11431);
#9986=LINE('Line646',#17346,#11432);
#9987=LINE('Line647',#17347,#11433);
#9988=LINE('',#17348,#11434);
#9989=LINE('',#17351,#11435);
#9990=LINE('',#17353,#11436);
#9991=LINE('',#17355,#11437);
#9992=LINE('',#17357,#11438);
#9993=LINE('',#17359,#11439);
#9994=LINE('',#17361,#11440);
#9995=LINE('',#17363,#11441);
#9996=LINE('',#17365,#11442);
#9997=LINE('',#17367,#11443);
#9998=LINE('',#17369,#11444);
#9999=LINE('',#17371,#11445);
#10000=LINE('',#17373,#11446);
#10001=LINE('',#17375,#11447);
#10002=LINE('',#17377,#11448);
#10003=LINE('',#17379,#11449);
#10004=LINE('',#17381,#11450);
#10005=LINE('',#17383,#11451);
#10006=LINE('',#17385,#11452);
#10007=LINE('',#17387,#11453);
#10008=LINE('',#17389,#11454);
#10009=LINE('',#17391,#11455);
#10010=LINE('',#17393,#11456);
#10011=LINE('',#17395,#11457);
#10012=LINE('',#17397,#11458);
#10013=LINE('',#17399,#11459);
#10014=LINE('',#17401,#11460);
#10015=LINE('',#17403,#11461);
#10016=LINE('',#17405,#11462);
#10017=LINE('',#17407,#11463);
#10018=LINE('',#17409,#11464);
#10019=LINE('',#17411,#11465);
#10020=LINE('',#17413,#11466);
#10021=LINE('',#17415,#11467);
#10022=LINE('',#17417,#11468);
#10023=LINE('',#17419,#11469);
#10024=LINE('',#17421,#11470);
#10025=LINE('',#17423,#11471);
#10026=LINE('',#17425,#11472);
#10027=LINE('',#17427,#11473);
#10028=LINE('',#17429,#11474);
#10029=LINE('',#17431,#11475);
#10030=LINE('',#17433,#11476);
#10031=LINE('',#17435,#11477);
#10032=LINE('',#17437,#11478);
#10033=LINE('',#17439,#11479);
#10034=LINE('',#17441,#11480);
#10035=LINE('',#17443,#11481);
#10036=LINE('',#17445,#11482);
#10037=LINE('',#17447,#11483);
#10038=LINE('',#17449,#11484);
#10039=LINE('',#17451,#11485);
#10040=LINE('',#17453,#11486);
#10041=LINE('',#17455,#11487);
#10042=LINE('',#17457,#11488);
#10043=LINE('',#17459,#11489);
#10044=LINE('',#17461,#11490);
#10045=LINE('',#17463,#11491);
#10046=LINE('',#17465,#11492);
#10047=LINE('',#17467,#11493);
#10048=LINE('',#17469,#11494);
#10049=LINE('',#17471,#11495);
#10050=LINE('',#17473,#11496);
#10051=LINE('',#17475,#11497);
#10052=LINE('',#17477,#11498);
#10053=LINE('',#17479,#11499);
#10054=LINE('',#17481,#11500);
#10055=LINE('',#17483,#11501);
#10056=LINE('',#17485,#11502);
#10057=LINE('',#17487,#11503);
#10058=LINE('',#17489,#11504);
#10059=LINE('',#17491,#11505);
#10060=LINE('',#17493,#11506);
#10061=LINE('',#17495,#11507);
#10062=LINE('',#17497,#11508);
#10063=LINE('',#17499,#11509);
#10064=LINE('',#17501,#11510);
#10065=LINE('',#17503,#11511);
#10066=LINE('',#17505,#11512);
#10067=LINE('',#17507,#11513);
#10068=LINE('',#17509,#11514);
#10069=LINE('',#17511,#11515);
#10070=LINE('',#17513,#11516);
#10071=LINE('',#17515,#11517);
#10072=LINE('',#17517,#11518);
#10073=LINE('',#17519,#11519);
#10074=LINE('',#17521,#11520);
#10075=LINE('',#17523,#11521);
#10076=LINE('',#17525,#11522);
#10077=LINE('',#17527,#11523);
#10078=LINE('',#17529,#11524);
#10079=LINE('',#17531,#11525);
#10080=LINE('',#17533,#11526);
#10081=LINE('',#17535,#11527);
#10082=LINE('',#17537,#11528);
#10083=LINE('',#17539,#11529);
#10084=LINE('',#17541,#11530);
#10085=LINE('',#17543,#11531);
#10086=LINE('',#17545,#11532);
#10087=LINE('',#17547,#11533);
#10088=LINE('',#17549,#11534);
#10089=LINE('',#17551,#11535);
#10090=LINE('',#17553,#11536);
#10091=LINE('',#17555,#11537);
#10092=LINE('',#17557,#11538);
#10093=LINE('',#17559,#11539);
#10094=LINE('',#17561,#11540);
#10095=LINE('',#17563,#11541);
#10096=LINE('',#17565,#11542);
#10097=LINE('',#17567,#11543);
#10098=LINE('',#17569,#11544);
#10099=LINE('',#17571,#11545);
#10100=LINE('',#17573,#11546);
#10101=LINE('',#17575,#11547);
#10102=LINE('',#17577,#11548);
#10103=LINE('',#17579,#11549);
#10104=LINE('',#17581,#11550);
#10105=LINE('',#17583,#11551);
#10106=LINE('',#17585,#11552);
#10107=LINE('',#17587,#11553);
#10108=LINE('',#17589,#11554);
#10109=LINE('',#17591,#11555);
#10110=LINE('',#17593,#11556);
#10111=LINE('',#17595,#11557);
#10112=LINE('',#17597,#11558);
#10113=LINE('',#17599,#11559);
#10114=LINE('',#17601,#11560);
#10115=LINE('',#17602,#11561);
#10116=LINE('',#17604,#11562);
#10117=LINE('',#17606,#11563);
#10118=LINE('',#17607,#11564);
#10119=LINE('',#17609,#11565);
#10120=LINE('',#17611,#11566);
#10121=LINE('',#17612,#11567);
#10122=LINE('',#17614,#11568);
#10123=LINE('',#17616,#11569);
#10124=LINE('',#17617,#11570);
#10125=LINE('',#17619,#11571);
#10126=LINE('',#17621,#11572);
#10127=LINE('',#17622,#11573);
#10128=LINE('',#17624,#11574);
#10129=LINE('',#17626,#11575);
#10130=LINE('',#17627,#11576);
#10131=LINE('',#17629,#11577);
#10132=LINE('',#17631,#11578);
#10133=LINE('',#17632,#11579);
#10134=LINE('',#17634,#11580);
#10135=LINE('',#17636,#11581);
#10136=LINE('',#17637,#11582);
#10137=LINE('',#17639,#11583);
#10138=LINE('',#17641,#11584);
#10139=LINE('',#17642,#11585);
#10140=LINE('',#17644,#11586);
#10141=LINE('',#17646,#11587);
#10142=LINE('',#17647,#11588);
#10143=LINE('',#17649,#11589);
#10144=LINE('',#17651,#11590);
#10145=LINE('',#17652,#11591);
#10146=LINE('',#17654,#11592);
#10147=LINE('',#17656,#11593);
#10148=LINE('',#17657,#11594);
#10149=LINE('',#17659,#11595);
#10150=LINE('',#17661,#11596);
#10151=LINE('',#17662,#11597);
#10152=LINE('',#17664,#11598);
#10153=LINE('',#17666,#11599);
#10154=LINE('',#17667,#11600);
#10155=LINE('',#17669,#11601);
#10156=LINE('',#17671,#11602);
#10157=LINE('',#17672,#11603);
#10158=LINE('',#17674,#11604);
#10159=LINE('',#17676,#11605);
#10160=LINE('',#17678,#11606);
#10161=LINE('',#17681,#11607);
#10162=LINE('',#17683,#11608);
#10163=LINE('',#17685,#11609);
#10164=LINE('',#17686,#11610);
#10165=LINE('',#17689,#11611);
#10166=LINE('',#17691,#11612);
#10167=LINE('',#17693,#11613);
#10168=LINE('',#17694,#11614);
#10169=LINE('',#17697,#11615);
#10170=LINE('',#17699,#11616);
#10171=LINE('',#17701,#11617);
#10172=LINE('',#17702,#11618);
#10173=LINE('',#17705,#11619);
#10174=LINE('',#17707,#11620);
#10175=LINE('',#17709,#11621);
#10176=LINE('',#17710,#11622);
#10177=LINE('',#17713,#11623);
#10178=LINE('',#17715,#11624);
#10179=LINE('',#17717,#11625);
#10180=LINE('',#17718,#11626);
#10181=LINE('',#17721,#11627);
#10182=LINE('',#17723,#11628);
#10183=LINE('',#17725,#11629);
#10184=LINE('',#17726,#11630);
#10185=LINE('',#17729,#11631);
#10186=LINE('',#17731,#11632);
#10187=LINE('',#17733,#11633);
#10188=LINE('',#17734,#11634);
#10189=LINE('',#17737,#11635);
#10190=LINE('',#17739,#11636);
#10191=LINE('',#17741,#11637);
#10192=LINE('',#17742,#11638);
#10193=LINE('',#17745,#11639);
#10194=LINE('',#17747,#11640);
#10195=LINE('',#17749,#11641);
#10196=LINE('',#17750,#11642);
#10197=LINE('',#17753,#11643);
#10198=LINE('',#17755,#11644);
#10199=LINE('',#17757,#11645);
#10200=LINE('',#17758,#11646);
#10201=LINE('',#17761,#11647);
#10202=LINE('',#17763,#11648);
#10203=LINE('',#17765,#11649);
#10204=LINE('',#17766,#11650);
#10205=LINE('',#17769,#11651);
#10206=LINE('',#17771,#11652);
#10207=LINE('',#17773,#11653);
#10208=LINE('',#17774,#11654);
#10209=LINE('',#17777,#11655);
#10210=LINE('',#17779,#11656);
#10211=LINE('',#17781,#11657);
#10212=LINE('',#17782,#11658);
#10213=LINE('',#17785,#11659);
#10214=LINE('',#17787,#11660);
#10215=LINE('',#17789,#11661);
#10216=LINE('',#17790,#11662);
#10217=LINE('',#17793,#11663);
#10218=LINE('',#17795,#11664);
#10219=LINE('',#17797,#11665);
#10220=LINE('',#17798,#11666);
#10221=LINE('',#17801,#11667);
#10222=LINE('',#17803,#11668);
#10223=LINE('',#17805,#11669);
#10224=LINE('',#17807,#11670);
#10225=LINE('',#17810,#11671);
#10226=LINE('',#17812,#11672);
#10227=LINE('',#17814,#11673);
#10228=LINE('',#17816,#11674);
#10229=LINE('',#17818,#11675);
#10230=LINE('',#17819,#11676);
#10231=LINE('',#17822,#11677);
#10232=LINE('',#17824,#11678);
#10233=LINE('',#17826,#11679);
#10234=LINE('',#17828,#11680);
#10235=LINE('',#17830,#11681);
#10236=LINE('',#17831,#11682);
#10237=LINE('',#17834,#11683);
#10238=LINE('',#17836,#11684);
#10239=LINE('',#17838,#11685);
#10240=LINE('',#17840,#11686);
#10241=LINE('',#17842,#11687);
#10242=LINE('',#17843,#11688);
#10243=LINE('',#17846,#11689);
#10244=LINE('',#17848,#11690);
#10245=LINE('',#17850,#11691);
#10246=LINE('',#17852,#11692);
#10247=LINE('',#17854,#11693);
#10248=LINE('',#17855,#11694);
#10249=LINE('',#17858,#11695);
#10250=LINE('',#17860,#11696);
#10251=LINE('',#17862,#11697);
#10252=LINE('',#17864,#11698);
#10253=LINE('',#17866,#11699);
#10254=LINE('',#17867,#11700);
#10255=LINE('',#17870,#11701);
#10256=LINE('',#17872,#11702);
#10257=LINE('',#17874,#11703);
#10258=LINE('',#17876,#11704);
#10259=LINE('',#17878,#11705);
#10260=LINE('',#17879,#11706);
#10261=LINE('',#17882,#11707);
#10262=LINE('',#17884,#11708);
#10263=LINE('',#17886,#11709);
#10264=LINE('',#17888,#11710);
#10265=LINE('',#17890,#11711);
#10266=LINE('',#17891,#11712);
#10267=LINE('',#17894,#11713);
#10268=LINE('',#17896,#11714);
#10269=LINE('',#17898,#11715);
#10270=LINE('',#17899,#11716);
#10271=LINE('',#17902,#11717);
#10272=LINE('',#17904,#11718);
#10273=LINE('',#17906,#11719);
#10274=LINE('',#17908,#11720);
#10275=LINE('',#17910,#11721);
#10276=LINE('',#17911,#11722);
#10277=LINE('',#17914,#11723);
#10278=LINE('',#17916,#11724);
#10279=LINE('',#17918,#11725);
#10280=LINE('',#17920,#11726);
#10281=LINE('',#17922,#11727);
#10282=LINE('',#17923,#11728);
#10283=LINE('',#17926,#11729);
#10284=LINE('',#17928,#11730);
#10285=LINE('',#17930,#11731);
#10286=LINE('',#17932,#11732);
#10287=LINE('',#17934,#11733);
#10288=LINE('',#17935,#11734);
#10289=LINE('',#17938,#11735);
#10290=LINE('',#17940,#11736);
#10291=LINE('',#17942,#11737);
#10292=LINE('',#17944,#11738);
#10293=LINE('',#17946,#11739);
#10294=LINE('',#17947,#11740);
#10295=LINE('',#17950,#11741);
#10296=LINE('',#17952,#11742);
#10297=LINE('',#17954,#11743);
#10298=LINE('',#17956,#11744);
#10299=LINE('',#17958,#11745);
#10300=LINE('',#17959,#11746);
#10301=LINE('',#17962,#11747);
#10302=LINE('',#17964,#11748);
#10303=LINE('',#17966,#11749);
#10304=LINE('',#17968,#11750);
#10305=LINE('',#17970,#11751);
#10306=LINE('',#17971,#11752);
#10307=LINE('',#17974,#11753);
#10308=LINE('',#17976,#11754);
#10309=LINE('',#17978,#11755);
#10310=LINE('',#17980,#11756);
#10311=LINE('',#17982,#11757);
#10312=LINE('',#17983,#11758);
#10313=LINE('',#17986,#11759);
#10314=LINE('',#17988,#11760);
#10315=LINE('',#17990,#11761);
#10316=LINE('',#17992,#11762);
#10317=LINE('',#17994,#11763);
#10318=LINE('',#17996,#11764);
#10319=LINE('',#17998,#11765);
#10320=LINE('',#18000,#11766);
#10321=LINE('',#18001,#11767);
#10322=LINE('',#18003,#11768);
#10323=LINE('',#18005,#11769);
#10324=LINE('',#18007,#11770);
#10325=LINE('',#18009,#11771);
#10326=LINE('',#18011,#11772);
#10327=LINE('',#18013,#11773);
#10328=LINE('',#18015,#11774);
#10329=LINE('',#18018,#11775);
#10330=LINE('',#18019,#11776);
#10331=LINE('',#18020,#11777);
#10332=LINE('',#18022,#11778);
#10333=LINE('',#18024,#11779);
#10334=LINE('',#18025,#11780);
#10335=LINE('',#18027,#11781);
#10336=LINE('',#18029,#11782);
#10337=LINE('',#18030,#11783);
#10338=LINE('',#18032,#11784);
#10339=LINE('',#18034,#11785);
#10340=LINE('',#18035,#11786);
#10341=LINE('',#18037,#11787);
#10342=LINE('',#18039,#11788);
#10343=LINE('',#18040,#11789);
#10344=LINE('',#18042,#11790);
#10345=LINE('',#18044,#11791);
#10346=LINE('',#18045,#11792);
#10347=LINE('',#18047,#11793);
#10348=LINE('',#18049,#11794);
#10349=LINE('',#18050,#11795);
#10350=LINE('',#18052,#11796);
#10351=LINE('',#18054,#11797);
#10352=LINE('',#18055,#11798);
#10353=LINE('',#18057,#11799);
#10354=LINE('',#18059,#11800);
#10355=LINE('',#18060,#11801);
#10356=LINE('',#18062,#11802);
#10357=LINE('',#18064,#11803);
#10358=LINE('',#18065,#11804);
#10359=LINE('',#18067,#11805);
#10360=LINE('',#18069,#11806);
#10361=LINE('',#18070,#11807);
#10362=LINE('',#18072,#11808);
#10363=LINE('',#18074,#11809);
#10364=LINE('',#18075,#11810);
#10365=LINE('',#18077,#11811);
#10366=LINE('',#18079,#11812);
#10367=LINE('',#18080,#11813);
#10368=LINE('',#18082,#11814);
#10369=LINE('',#18084,#11815);
#10370=LINE('',#18085,#11816);
#10371=LINE('',#18087,#11817);
#10372=LINE('',#18089,#11818);
#10373=LINE('',#18090,#11819);
#10374=LINE('',#18092,#11820);
#10375=LINE('',#18094,#11821);
#10376=LINE('',#18096,#11822);
#10377=LINE('',#18098,#11823);
#10378=LINE('',#18100,#11824);
#10379=LINE('',#18103,#11825);
#10380=LINE('',#18105,#11826);
#10381=LINE('',#18107,#11827);
#10382=LINE('',#18109,#11828);
#10383=LINE('',#18111,#11829);
#10384=LINE('',#18112,#11830);
#10385=LINE('',#18115,#11831);
#10386=LINE('',#18117,#11832);
#10387=LINE('',#18119,#11833);
#10388=LINE('',#18121,#11834);
#10389=LINE('',#18123,#11835);
#10390=LINE('',#18124,#11836);
#10391=LINE('',#18127,#11837);
#10392=LINE('',#18129,#11838);
#10393=LINE('',#18131,#11839);
#10394=LINE('',#18133,#11840);
#10395=LINE('',#18135,#11841);
#10396=LINE('',#18136,#11842);
#10397=LINE('',#18139,#11843);
#10398=LINE('',#18141,#11844);
#10399=LINE('',#18143,#11845);
#10400=LINE('',#18145,#11846);
#10401=LINE('',#18147,#11847);
#10402=LINE('',#18148,#11848);
#10403=LINE('',#18151,#11849);
#10404=LINE('',#18153,#11850);
#10405=LINE('',#18155,#11851);
#10406=LINE('',#18157,#11852);
#10407=LINE('',#18159,#11853);
#10408=LINE('',#18160,#11854);
#10409=LINE('',#18163,#11855);
#10410=LINE('',#18165,#11856);
#10411=LINE('',#18167,#11857);
#10412=LINE('',#18169,#11858);
#10413=LINE('',#18171,#11859);
#10414=LINE('',#18172,#11860);
#10415=LINE('',#18175,#11861);
#10416=LINE('',#18177,#11862);
#10417=LINE('',#18179,#11863);
#10418=LINE('',#18181,#11864);
#10419=LINE('',#18183,#11865);
#10420=LINE('',#18184,#11866);
#10421=LINE('',#18187,#11867);
#10422=LINE('',#18189,#11868);
#10423=LINE('',#18191,#11869);
#10424=LINE('',#18193,#11870);
#10425=LINE('',#18195,#11871);
#10426=LINE('',#18196,#11872);
#10427=LINE('',#18199,#11873);
#10428=LINE('',#18201,#11874);
#10429=LINE('',#18203,#11875);
#10430=LINE('',#18205,#11876);
#10431=LINE('',#18207,#11877);
#10432=LINE('',#18208,#11878);
#10433=LINE('',#18211,#11879);
#10434=LINE('',#18213,#11880);
#10435=LINE('',#18215,#11881);
#10436=LINE('',#18217,#11882);
#10437=LINE('',#18219,#11883);
#10438=LINE('',#18220,#11884);
#10439=LINE('',#18223,#11885);
#10440=LINE('',#18225,#11886);
#10441=LINE('',#18227,#11887);
#10442=LINE('',#18229,#11888);
#10443=LINE('',#18231,#11889);
#10444=LINE('',#18232,#11890);
#10445=LINE('',#18235,#11891);
#10446=LINE('',#18237,#11892);
#10447=LINE('',#18239,#11893);
#10448=LINE('',#18241,#11894);
#10449=LINE('',#18243,#11895);
#10450=LINE('',#18244,#11896);
#10451=LINE('',#18247,#11897);
#10452=LINE('',#18249,#11898);
#10453=LINE('',#18251,#11899);
#10454=LINE('',#18253,#11900);
#10455=LINE('',#18255,#11901);
#10456=LINE('',#18256,#11902);
#10457=LINE('',#18259,#11903);
#10458=LINE('',#18261,#11904);
#10459=LINE('',#18263,#11905);
#10460=LINE('',#18265,#11906);
#10461=LINE('',#18267,#11907);
#10462=LINE('',#18268,#11908);
#10463=LINE('',#18271,#11909);
#10464=LINE('',#18273,#11910);
#10465=LINE('',#18275,#11911);
#10466=LINE('',#18277,#11912);
#10467=LINE('',#18279,#11913);
#10468=LINE('',#18280,#11914);
#10469=LINE('',#18283,#11915);
#10470=LINE('',#18286,#11916);
#10471=LINE('',#18287,#11917);
#10472=LINE('',#18289,#11918);
#10473=LINE('',#18291,#11919);
#10474=LINE('',#18293,#11920);
#10475=LINE('',#18296,#11921);
#10476=LINE('',#18298,#11922);
#10477=LINE('',#18300,#11923);
#10478=LINE('',#18301,#11924);
#10479=LINE('',#18304,#11925);
#10480=LINE('',#18306,#11926);
#10481=LINE('',#18308,#11927);
#10482=LINE('',#18309,#11928);
#10483=LINE('',#18312,#11929);
#10484=LINE('',#18314,#11930);
#10485=LINE('',#18316,#11931);
#10486=LINE('',#18317,#11932);
#10487=LINE('',#18320,#11933);
#10488=LINE('',#18322,#11934);
#10489=LINE('',#18324,#11935);
#10490=LINE('',#18325,#11936);
#10491=LINE('',#18328,#11937);
#10492=LINE('',#18330,#11938);
#10493=LINE('',#18332,#11939);
#10494=LINE('',#18333,#11940);
#10495=LINE('',#18336,#11941);
#10496=LINE('',#18338,#11942);
#10497=LINE('',#18340,#11943);
#10498=LINE('',#18341,#11944);
#10499=LINE('',#18344,#11945);
#10500=LINE('',#18346,#11946);
#10501=LINE('',#18348,#11947);
#10502=LINE('',#18349,#11948);
#10503=LINE('',#18352,#11949);
#10504=LINE('',#18354,#11950);
#10505=LINE('',#18356,#11951);
#10506=LINE('',#18357,#11952);
#10507=LINE('',#18360,#11953);
#10508=LINE('',#18362,#11954);
#10509=LINE('',#18364,#11955);
#10510=LINE('',#18365,#11956);
#10511=LINE('',#18368,#11957);
#10512=LINE('',#18370,#11958);
#10513=LINE('',#18372,#11959);
#10514=LINE('',#18373,#11960);
#10515=LINE('',#18376,#11961);
#10516=LINE('',#18378,#11962);
#10517=LINE('',#18380,#11963);
#10518=LINE('',#18381,#11964);
#10519=LINE('',#18384,#11965);
#10520=LINE('',#18386,#11966);
#10521=LINE('',#18388,#11967);
#10522=LINE('',#18389,#11968);
#10523=LINE('',#18392,#11969);
#10524=LINE('',#18394,#11970);
#10525=LINE('',#18396,#11971);
#10526=LINE('',#18397,#11972);
#10527=LINE('',#18400,#11973);
#10528=LINE('',#18402,#11974);
#10529=LINE('',#18404,#11975);
#10530=LINE('',#18405,#11976);
#10531=LINE('',#18408,#11977);
#10532=LINE('',#18410,#11978);
#10533=LINE('',#18412,#11979);
#10534=LINE('',#18414,#11980);
#10535=LINE('',#18416,#11981);
#10536=LINE('',#18418,#11982);
#10537=LINE('',#18420,#11983);
#10538=LINE('',#18422,#11984);
#10539=LINE('',#18424,#11985);
#10540=LINE('',#18426,#11986);
#10541=LINE('',#18428,#11987);
#10542=LINE('',#18430,#11988);
#10543=LINE('',#18432,#11989);
#10544=LINE('',#18434,#11990);
#10545=LINE('',#18436,#11991);
#10546=LINE('',#18438,#11992);
#10547=LINE('',#18439,#11993);
#10548=LINE('',#18447,#11994);
#10549=LINE('',#18452,#11995);
#10550=LINE('',#18454,#11996);
#10551=LINE('',#18455,#11997);
#10552=LINE('',#18459,#11998);
#10553=LINE('',#18470,#11999);
#10554=LINE('',#18472,#12000);
#10555=LINE('',#18474,#12001);
#10556=LINE('',#18478,#12002);
#10557=LINE('',#18482,#12003);
#10558=LINE('',#18488,#12004);
#10559=LINE('',#18490,#12005);
#10560=LINE('',#18493,#12006);
#10561=LINE('',#18495,#12007);
#10562=LINE('',#18497,#12008);
#10563=LINE('',#18501,#12009);
#10564=LINE('',#18507,#12010);
#10565=LINE('',#18509,#12011);
#10566=LINE('',#18513,#12012);
#10567=LINE('',#18516,#12013);
#10568=LINE('',#18518,#12014);
#10569=LINE('',#18520,#12015);
#10570=LINE('',#18525,#12016);
#10571=LINE('',#18532,#12017);
#10572=LINE('',#18543,#12018);
#10573=LINE('',#18546,#12019);
#10574=LINE('',#18548,#12020);
#10575=LINE('',#18550,#12021);
#10576=LINE('',#18552,#12022);
#10577=LINE('',#18554,#12023);
#10578=LINE('',#18556,#12024);
#10579=LINE('',#18558,#12025);
#10580=LINE('',#18559,#12026);
#10581=LINE('',#18561,#12027);
#10582=LINE('',#18563,#12028);
#10583=LINE('',#18565,#12029);
#10584=LINE('',#18567,#12030);
#10585=LINE('',#18568,#12031);
#10586=LINE('',#18572,#12032);
#10587=LINE('',#18574,#12033);
#10588=LINE('',#18576,#12034);
#10589=LINE('',#18578,#12035);
#10590=LINE('',#18580,#12036);
#10591=LINE('',#18582,#12037);
#10592=LINE('',#18584,#12038);
#10593=LINE('',#18586,#12039);
#10594=LINE('',#18588,#12040);
#10595=LINE('',#18590,#12041);
#10596=LINE('',#18592,#12042);
#10597=LINE('',#18594,#12043);
#10598=LINE('',#18596,#12044);
#10599=LINE('',#18598,#12045);
#10600=LINE('',#18601,#12046);
#10601=LINE('',#18603,#12047);
#10602=LINE('',#18605,#12048);
#10603=LINE('',#18607,#12049);
#10604=LINE('',#18609,#12050);
#10605=LINE('',#18611,#12051);
#10606=LINE('',#18613,#12052);
#10607=LINE('',#18615,#12053);
#10608=LINE('',#18617,#12054);
#10609=LINE('',#18619,#12055);
#10610=LINE('',#18621,#12056);
#10611=LINE('',#18623,#12057);
#10612=LINE('',#18625,#12058);
#10613=LINE('',#18627,#12059);
#10614=LINE('',#18630,#12060);
#10615=LINE('',#18632,#12061);
#10616=LINE('',#18634,#12062);
#10617=LINE('',#18636,#12063);
#10618=LINE('',#18638,#12064);
#10619=LINE('',#18640,#12065);
#10620=LINE('',#18642,#12066);
#10621=LINE('',#18644,#12067);
#10622=LINE('',#18646,#12068);
#10623=LINE('',#18648,#12069);
#10624=LINE('',#18650,#12070);
#10625=LINE('',#18652,#12071);
#10626=LINE('',#18654,#12072);
#10627=LINE('',#18656,#12073);
#10628=LINE('',#18659,#12074);
#10629=LINE('',#18661,#12075);
#10630=LINE('',#18663,#12076);
#10631=LINE('',#18665,#12077);
#10632=LINE('',#18667,#12078);
#10633=LINE('',#18669,#12079);
#10634=LINE('',#18671,#12080);
#10635=LINE('',#18673,#12081);
#10636=LINE('',#18675,#12082);
#10637=LINE('',#18677,#12083);
#10638=LINE('',#18679,#12084);
#10639=LINE('',#18681,#12085);
#10640=LINE('',#18683,#12086);
#10641=LINE('',#18685,#12087);
#10642=LINE('',#18688,#12088);
#10643=LINE('',#18690,#12089);
#10644=LINE('',#18692,#12090);
#10645=LINE('',#18694,#12091);
#10646=LINE('',#18696,#12092);
#10647=LINE('',#18698,#12093);
#10648=LINE('',#18700,#12094);
#10649=LINE('',#18702,#12095);
#10650=LINE('',#18704,#12096);
#10651=LINE('',#18706,#12097);
#10652=LINE('',#18708,#12098);
#10653=LINE('',#18710,#12099);
#10654=LINE('',#18712,#12100);
#10655=LINE('',#18714,#12101);
#10656=LINE('',#18717,#12102);
#10657=LINE('',#18719,#12103);
#10658=LINE('',#18721,#12104);
#10659=LINE('',#18723,#12105);
#10660=LINE('',#18725,#12106);
#10661=LINE('',#18727,#12107);
#10662=LINE('',#18729,#12108);
#10663=LINE('',#18731,#12109);
#10664=LINE('',#18733,#12110);
#10665=LINE('',#18735,#12111);
#10666=LINE('',#18737,#12112);
#10667=LINE('',#18739,#12113);
#10668=LINE('',#18741,#12114);
#10669=LINE('',#18743,#12115);
#10670=LINE('',#18746,#12116);
#10671=LINE('',#18748,#12117);
#10672=LINE('',#18750,#12118);
#10673=LINE('',#18752,#12119);
#10674=LINE('',#18754,#12120);
#10675=LINE('',#18756,#12121);
#10676=LINE('',#18758,#12122);
#10677=LINE('',#18760,#12123);
#10678=LINE('',#18762,#12124);
#10679=LINE('',#18764,#12125);
#10680=LINE('',#18766,#12126);
#10681=LINE('',#18768,#12127);
#10682=LINE('',#18770,#12128);
#10683=LINE('',#18772,#12129);
#10684=LINE('',#18775,#12130);
#10685=LINE('',#18777,#12131);
#10686=LINE('',#18779,#12132);
#10687=LINE('',#18781,#12133);
#10688=LINE('',#18783,#12134);
#10689=LINE('',#18785,#12135);
#10690=LINE('',#18787,#12136);
#10691=LINE('',#18789,#12137);
#10692=LINE('',#18791,#12138);
#10693=LINE('',#18793,#12139);
#10694=LINE('',#18795,#12140);
#10695=LINE('',#18797,#12141);
#10696=LINE('',#18799,#12142);
#10697=LINE('',#18801,#12143);
#10698=LINE('',#18804,#12144);
#10699=LINE('',#18806,#12145);
#10700=LINE('',#18808,#12146);
#10701=LINE('',#18810,#12147);
#10702=LINE('',#18812,#12148);
#10703=LINE('',#18814,#12149);
#10704=LINE('',#18816,#12150);
#10705=LINE('',#18818,#12151);
#10706=LINE('',#18820,#12152);
#10707=LINE('',#18822,#12153);
#10708=LINE('',#18824,#12154);
#10709=LINE('',#18826,#12155);
#10710=LINE('',#18828,#12156);
#10711=LINE('',#18830,#12157);
#10712=LINE('',#18833,#12158);
#10713=LINE('',#18835,#12159);
#10714=LINE('',#18837,#12160);
#10715=LINE('',#18839,#12161);
#10716=LINE('',#18841,#12162);
#10717=LINE('',#18843,#12163);
#10718=LINE('',#18845,#12164);
#10719=LINE('',#18847,#12165);
#10720=LINE('',#18849,#12166);
#10721=LINE('',#18851,#12167);
#10722=LINE('',#18853,#12168);
#10723=LINE('',#18855,#12169);
#10724=LINE('',#18857,#12170);
#10725=LINE('',#18859,#12171);
#10726=LINE('',#18862,#12172);
#10727=LINE('',#18864,#12173);
#10728=LINE('',#18866,#12174);
#10729=LINE('',#18868,#12175);
#10730=LINE('',#18870,#12176);
#10731=LINE('',#18872,#12177);
#10732=LINE('',#18874,#12178);
#10733=LINE('',#18876,#12179);
#10734=LINE('',#18878,#12180);
#10735=LINE('',#18880,#12181);
#10736=LINE('',#18882,#12182);
#10737=LINE('',#18884,#12183);
#10738=LINE('',#18886,#12184);
#10739=LINE('',#18888,#12185);
#10740=LINE('',#18891,#12186);
#10741=LINE('',#18893,#12187);
#10742=LINE('',#18895,#12188);
#10743=LINE('',#18897,#12189);
#10744=LINE('',#18899,#12190);
#10745=LINE('',#18901,#12191);
#10746=LINE('',#18903,#12192);
#10747=LINE('',#18905,#12193);
#10748=LINE('',#18907,#12194);
#10749=LINE('',#18909,#12195);
#10750=LINE('',#18911,#12196);
#10751=LINE('',#18913,#12197);
#10752=LINE('',#18915,#12198);
#10753=LINE('',#18917,#12199);
#10754=LINE('',#18920,#12200);
#10755=LINE('',#18922,#12201);
#10756=LINE('',#18924,#12202);
#10757=LINE('',#18926,#12203);
#10758=LINE('',#18928,#12204);
#10759=LINE('',#18930,#12205);
#10760=LINE('',#18932,#12206);
#10761=LINE('',#18934,#12207);
#10762=LINE('',#18936,#12208);
#10763=LINE('',#18938,#12209);
#10764=LINE('',#18940,#12210);
#10765=LINE('',#18942,#12211);
#10766=LINE('',#18944,#12212);
#10767=LINE('',#18946,#12213);
#10768=LINE('',#18949,#12214);
#10769=LINE('',#18951,#12215);
#10770=LINE('',#18953,#12216);
#10771=LINE('',#18955,#12217);
#10772=LINE('',#18957,#12218);
#10773=LINE('',#18959,#12219);
#10774=LINE('',#18961,#12220);
#10775=LINE('',#18963,#12221);
#10776=LINE('',#18965,#12222);
#10777=LINE('',#18967,#12223);
#10778=LINE('',#18969,#12224);
#10779=LINE('',#18971,#12225);
#10780=LINE('',#18973,#12226);
#10781=LINE('',#18975,#12227);
#10782=LINE('',#18982,#12228);
#10783=LINE('',#18987,#12229);
#10784=LINE('',#18989,#12230);
#10785=LINE('',#18990,#12231);
#10786=LINE('',#18994,#12232);
#10787=LINE('',#19009,#12233);
#10788=LINE('',#19014,#12234);
#10789=LINE('',#19016,#12235);
#10790=LINE('',#19017,#12236);
#10791=LINE('',#19021,#12237);
#10792=LINE('',#19036,#12238);
#10793=LINE('',#19041,#12239);
#10794=LINE('',#19043,#12240);
#10795=LINE('',#19044,#12241);
#10796=LINE('',#19048,#12242);
#10797=LINE('',#19063,#12243);
#10798=LINE('',#19068,#12244);
#10799=LINE('',#19070,#12245);
#10800=LINE('',#19071,#12246);
#10801=LINE('',#19075,#12247);
#10802=LINE('',#19090,#12248);
#10803=LINE('',#19095,#12249);
#10804=LINE('',#19097,#12250);
#10805=LINE('',#19098,#12251);
#10806=LINE('',#19102,#12252);
#10807=LINE('',#19117,#12253);
#10808=LINE('',#19122,#12254);
#10809=LINE('',#19124,#12255);
#10810=LINE('',#19125,#12256);
#10811=LINE('',#19129,#12257);
#10812=LINE('',#19144,#12258);
#10813=LINE('',#19149,#12259);
#10814=LINE('',#19151,#12260);
#10815=LINE('',#19152,#12261);
#10816=LINE('',#19156,#12262);
#10817=LINE('',#19171,#12263);
#10818=LINE('',#19176,#12264);
#10819=LINE('',#19178,#12265);
#10820=LINE('',#19179,#12266);
#10821=LINE('',#19183,#12267);
#10822=LINE('',#19198,#12268);
#10823=LINE('',#19203,#12269);
#10824=LINE('',#19205,#12270);
#10825=LINE('',#19206,#12271);
#10826=LINE('',#19210,#12272);
#10827=LINE('',#19225,#12273);
#10828=LINE('',#19230,#12274);
#10829=LINE('',#19232,#12275);
#10830=LINE('',#19233,#12276);
#10831=LINE('',#19237,#12277);
#10832=LINE('',#19252,#12278);
#10833=LINE('',#19257,#12279);
#10834=LINE('',#19259,#12280);
#10835=LINE('',#19260,#12281);
#10836=LINE('',#19264,#12282);
#10837=LINE('',#19279,#12283);
#10838=LINE('',#19284,#12284);
#10839=LINE('',#19286,#12285);
#10840=LINE('',#19287,#12286);
#10841=LINE('',#19291,#12287);
#10842=LINE('',#19306,#12288);
#10843=LINE('',#19311,#12289);
#10844=LINE('',#19313,#12290);
#10845=LINE('',#19314,#12291);
#10846=LINE('',#19318,#12292);
#10847=LINE('',#19333,#12293);
#10848=LINE('',#19338,#12294);
#10849=LINE('',#19340,#12295);
#10850=LINE('',#19341,#12296);
#10851=LINE('',#19345,#12297);
#10852=LINE('',#19356,#12298);
#10853=LINE('',#19358,#12299);
#10854=LINE('',#19360,#12300);
#10855=LINE('',#19364,#12301);
#10856=LINE('',#19368,#12302);
#10857=LINE('',#19374,#12303);
#10858=LINE('',#19376,#12304);
#10859=LINE('',#19379,#12305);
#10860=LINE('',#19381,#12306);
#10861=LINE('',#19383,#12307);
#10862=LINE('',#19387,#12308);
#10863=LINE('',#19391,#12309);
#10864=LINE('',#19397,#12310);
#10865=LINE('',#19399,#12311);
#10866=LINE('',#19402,#12312);
#10867=LINE('',#19404,#12313);
#10868=LINE('',#19406,#12314);
#10869=LINE('',#19410,#12315);
#10870=LINE('',#19414,#12316);
#10871=LINE('',#19420,#12317);
#10872=LINE('',#19422,#12318);
#10873=LINE('',#19425,#12319);
#10874=LINE('',#19427,#12320);
#10875=LINE('',#19429,#12321);
#10876=LINE('',#19433,#12322);
#10877=LINE('',#19437,#12323);
#10878=LINE('',#19443,#12324);
#10879=LINE('',#19445,#12325);
#10880=LINE('',#19448,#12326);
#10881=LINE('',#19450,#12327);
#10882=LINE('',#19452,#12328);
#10883=LINE('',#19456,#12329);
#10884=LINE('',#19460,#12330);
#10885=LINE('',#19466,#12331);
#10886=LINE('',#19468,#12332);
#10887=LINE('',#19471,#12333);
#10888=LINE('',#19473,#12334);
#10889=LINE('',#19475,#12335);
#10890=LINE('',#19479,#12336);
#10891=LINE('',#19483,#12337);
#10892=LINE('',#19489,#12338);
#10893=LINE('',#19491,#12339);
#10894=LINE('',#19494,#12340);
#10895=LINE('',#19496,#12341);
#10896=LINE('',#19498,#12342);
#10897=LINE('',#19502,#12343);
#10898=LINE('',#19506,#12344);
#10899=LINE('',#19512,#12345);
#10900=LINE('',#19514,#12346);
#10901=LINE('',#19517,#12347);
#10902=LINE('',#19519,#12348);
#10903=LINE('',#19521,#12349);
#10904=LINE('',#19525,#12350);
#10905=LINE('',#19529,#12351);
#10906=LINE('',#19535,#12352);
#10907=LINE('',#19537,#12353);
#10908=LINE('',#19540,#12354);
#10909=LINE('',#19542,#12355);
#10910=LINE('',#19544,#12356);
#10911=LINE('',#19548,#12357);
#10912=LINE('',#19552,#12358);
#10913=LINE('',#19558,#12359);
#10914=LINE('',#19560,#12360);
#10915=LINE('',#19563,#12361);
#10916=LINE('',#19565,#12362);
#10917=LINE('',#19567,#12363);
#10918=LINE('',#19571,#12364);
#10919=LINE('',#19575,#12365);
#10920=LINE('',#19581,#12366);
#10921=LINE('',#19583,#12367);
#10922=LINE('',#19586,#12368);
#10923=LINE('',#19588,#12369);
#10924=LINE('',#19590,#12370);
#10925=LINE('',#19594,#12371);
#10926=LINE('',#19598,#12372);
#10927=LINE('',#19604,#12373);
#10928=LINE('',#19606,#12374);
#10929=LINE('',#19609,#12375);
#10930=LINE('',#19611,#12376);
#10931=LINE('',#19613,#12377);
#10932=LINE('',#19617,#12378);
#10933=LINE('',#19621,#12379);
#10934=LINE('',#19627,#12380);
#10935=LINE('',#19629,#12381);
#10936=LINE('',#19632,#12382);
#10937=LINE('',#19634,#12383);
#10938=LINE('',#19636,#12384);
#10939=LINE('',#19640,#12385);
#10940=LINE('',#19644,#12386);
#10941=LINE('',#19650,#12387);
#10942=LINE('',#19652,#12388);
#10943=LINE('',#19655,#12389);
#10944=LINE('',#19657,#12390);
#10945=LINE('',#19659,#12391);
#10946=LINE('',#19663,#12392);
#10947=LINE('',#19667,#12393);
#10948=LINE('',#19673,#12394);
#10949=LINE('',#19675,#12395);
#10950=LINE('',#19678,#12396);
#10951=LINE('',#19680,#12397);
#10952=LINE('',#19682,#12398);
#10953=LINE('',#19686,#12399);
#10954=LINE('',#19692,#12400);
#10955=LINE('',#19694,#12401);
#10956=LINE('',#19698,#12402);
#10957=LINE('',#19701,#12403);
#10958=LINE('',#19703,#12404);
#10959=LINE('',#19705,#12405);
#10960=LINE('',#19709,#12406);
#10961=LINE('',#19715,#12407);
#10962=LINE('',#19717,#12408);
#10963=LINE('',#19721,#12409);
#10964=LINE('',#19724,#12410);
#10965=LINE('',#19726,#12411);
#10966=LINE('',#19728,#12412);
#10967=LINE('',#19732,#12413);
#10968=LINE('',#19738,#12414);
#10969=LINE('',#19740,#12415);
#10970=LINE('',#19744,#12416);
#10971=LINE('',#19747,#12417);
#10972=LINE('',#19749,#12418);
#10973=LINE('',#19751,#12419);
#10974=LINE('',#19755,#12420);
#10975=LINE('',#19761,#12421);
#10976=LINE('',#19763,#12422);
#10977=LINE('',#19767,#12423);
#10978=LINE('',#19770,#12424);
#10979=LINE('',#19772,#12425);
#10980=LINE('',#19774,#12426);
#10981=LINE('',#19778,#12427);
#10982=LINE('',#19784,#12428);
#10983=LINE('',#19786,#12429);
#10984=LINE('',#19790,#12430);
#10985=LINE('',#19793,#12431);
#10986=LINE('',#19795,#12432);
#10987=LINE('',#19797,#12433);
#10988=LINE('',#19801,#12434);
#10989=LINE('',#19807,#12435);
#10990=LINE('',#19809,#12436);
#10991=LINE('',#19813,#12437);
#10992=LINE('',#19816,#12438);
#10993=LINE('',#19818,#12439);
#10994=LINE('',#19820,#12440);
#10995=LINE('',#19824,#12441);
#10996=LINE('',#19830,#12442);
#10997=LINE('',#19832,#12443);
#10998=LINE('',#19836,#12444);
#10999=LINE('',#19839,#12445);
#11000=LINE('',#19841,#12446);
#11001=LINE('',#19843,#12447);
#11002=LINE('',#19847,#12448);
#11003=LINE('',#19853,#12449);
#11004=LINE('',#19855,#12450);
#11005=LINE('',#19859,#12451);
#11006=LINE('',#19862,#12452);
#11007=LINE('',#19864,#12453);
#11008=LINE('',#19866,#12454);
#11009=LINE('',#19870,#12455);
#11010=LINE('',#19876,#12456);
#11011=LINE('',#19878,#12457);
#11012=LINE('',#19882,#12458);
#11013=LINE('',#19885,#12459);
#11014=LINE('',#19887,#12460);
#11015=LINE('',#19889,#12461);
#11016=LINE('',#19893,#12462);
#11017=LINE('',#19899,#12463);
#11018=LINE('',#19901,#12464);
#11019=LINE('',#19905,#12465);
#11020=LINE('',#19908,#12466);
#11021=LINE('',#19910,#12467);
#11022=LINE('',#19912,#12468);
#11023=LINE('',#19916,#12469);
#11024=LINE('',#19922,#12470);
#11025=LINE('',#19924,#12471);
#11026=LINE('',#19928,#12472);
#11027=LINE('',#19931,#12473);
#11028=LINE('',#19933,#12474);
#11029=LINE('',#19935,#12475);
#11030=LINE('',#19939,#12476);
#11031=LINE('',#19945,#12477);
#11032=LINE('',#19947,#12478);
#11033=LINE('',#19951,#12479);
#11034=LINE('',#19954,#12480);
#11035=LINE('',#19956,#12481);
#11036=LINE('',#19958,#12482);
#11037=LINE('',#19962,#12483);
#11038=LINE('',#19968,#12484);
#11039=LINE('',#19970,#12485);
#11040=LINE('',#19974,#12486);
#11041=LINE('',#19977,#12487);
#11042=LINE('',#19979,#12488);
#11043=LINE('',#19981,#12489);
#11044=LINE('',#19985,#12490);
#11045=LINE('',#19991,#12491);
#11046=LINE('',#19993,#12492);
#11047=LINE('',#19997,#12493);
#11048=LINE('',#20000,#12494);
#11049=LINE('',#20002,#12495);
#11050=LINE('',#20004,#12496);
#11051=LINE('',#20009,#12497);
#11052=LINE('',#20016,#12498);
#11053=LINE('',#20027,#12499);
#11054=LINE('',#20029,#12500);
#11055=LINE('',#20031,#12501);
#11056=LINE('',#20036,#12502);
#11057=LINE('',#20043,#12503);
#11058=LINE('',#20054,#12504);
#11059=LINE('',#20056,#12505);
#11060=LINE('',#20058,#12506);
#11061=LINE('',#20063,#12507);
#11062=LINE('',#20070,#12508);
#11063=LINE('',#20081,#12509);
#11064=LINE('',#20083,#12510);
#11065=LINE('',#20085,#12511);
#11066=LINE('',#20090,#12512);
#11067=LINE('',#20097,#12513);
#11068=LINE('',#20108,#12514);
#11069=LINE('',#20110,#12515);
#11070=LINE('',#20112,#12516);
#11071=LINE('',#20117,#12517);
#11072=LINE('',#20124,#12518);
#11073=LINE('',#20135,#12519);
#11074=LINE('',#20137,#12520);
#11075=LINE('',#20139,#12521);
#11076=LINE('',#20144,#12522);
#11077=LINE('',#20151,#12523);
#11078=LINE('',#20162,#12524);
#11079=LINE('',#20164,#12525);
#11080=LINE('',#20166,#12526);
#11081=LINE('',#20171,#12527);
#11082=LINE('',#20178,#12528);
#11083=LINE('',#20189,#12529);
#11084=LINE('',#20191,#12530);
#11085=LINE('',#20193,#12531);
#11086=LINE('',#20198,#12532);
#11087=LINE('',#20205,#12533);
#11088=LINE('',#20216,#12534);
#11089=LINE('',#20218,#12535);
#11090=LINE('',#20220,#12536);
#11091=LINE('',#20225,#12537);
#11092=LINE('',#20232,#12538);
#11093=LINE('',#20243,#12539);
#11094=LINE('',#20245,#12540);
#11095=LINE('',#20247,#12541);
#11096=LINE('',#20252,#12542);
#11097=LINE('',#20259,#12543);
#11098=LINE('',#20270,#12544);
#11099=LINE('',#20272,#12545);
#11100=LINE('',#20274,#12546);
#11101=LINE('',#20279,#12547);
#11102=LINE('',#20286,#12548);
#11103=LINE('',#20297,#12549);
#11104=LINE('',#20299,#12550);
#11105=LINE('',#20301,#12551);
#11106=LINE('',#20306,#12552);
#11107=LINE('',#20313,#12553);
#11108=LINE('',#20324,#12554);
#11109=LINE('',#20326,#12555);
#11110=LINE('',#20328,#12556);
#11111=LINE('',#20333,#12557);
#11112=LINE('',#20340,#12558);
#11113=LINE('',#20351,#12559);
#11114=LINE('',#20353,#12560);
#11115=LINE('',#20355,#12561);
#11116=LINE('',#20360,#12562);
#11117=LINE('',#20367,#12563);
#11118=LINE('',#20378,#12564);
#11119=LINE('',#20380,#12565);
#11120=LINE('',#20382,#12566);
#11121=LINE('',#20384,#12567);
#11122=LINE('',#20386,#12568);
#11123=LINE('',#20388,#12569);
#11124=LINE('',#20390,#12570);
#11125=LINE('',#20392,#12571);
#11126=LINE('',#20394,#12572);
#11127=LINE('',#20396,#12573);
#11128=LINE('',#20398,#12574);
#11129=LINE('',#20400,#12575);
#11130=LINE('',#20401,#12576);
#11131=LINE('',#20404,#12577);
#11132=LINE('',#20407,#12578);
#11133=LINE('',#20409,#12579);
#11134=LINE('',#20411,#12580);
#11135=LINE('',#20413,#12581);
#11136=LINE('',#20415,#12582);
#11137=LINE('',#20417,#12583);
#11138=LINE('',#20419,#12584);
#11139=LINE('',#20421,#12585);
#11140=LINE('',#20423,#12586);
#11141=LINE('',#20425,#12587);
#11142=LINE('',#20427,#12588);
#11143=LINE('',#20429,#12589);
#11144=LINE('',#20430,#12590);
#11145=LINE('',#20433,#12591);
#11146=LINE('',#20436,#12592);
#11147=LINE('',#20438,#12593);
#11148=LINE('',#20440,#12594);
#11149=LINE('',#20442,#12595);
#11150=LINE('',#20444,#12596);
#11151=LINE('',#20446,#12597);
#11152=LINE('',#20448,#12598);
#11153=LINE('',#20450,#12599);
#11154=LINE('',#20452,#12600);
#11155=LINE('',#20454,#12601);
#11156=LINE('',#20456,#12602);
#11157=LINE('',#20458,#12603);
#11158=LINE('',#20459,#12604);
#11159=LINE('',#20462,#12605);
#11160=LINE('',#20465,#12606);
#11161=LINE('',#20467,#12607);
#11162=LINE('',#20469,#12608);
#11163=LINE('',#20471,#12609);
#11164=LINE('',#20473,#12610);
#11165=LINE('',#20475,#12611);
#11166=LINE('',#20477,#12612);
#11167=LINE('',#20479,#12613);
#11168=LINE('',#20481,#12614);
#11169=LINE('',#20483,#12615);
#11170=LINE('',#20485,#12616);
#11171=LINE('',#20487,#12617);
#11172=LINE('',#20488,#12618);
#11173=LINE('',#20491,#12619);
#11174=LINE('',#20494,#12620);
#11175=LINE('',#20496,#12621);
#11176=LINE('',#20498,#12622);
#11177=LINE('',#20500,#12623);
#11178=LINE('',#20502,#12624);
#11179=LINE('',#20504,#12625);
#11180=LINE('',#20506,#12626);
#11181=LINE('',#20508,#12627);
#11182=LINE('',#20510,#12628);
#11183=LINE('',#20512,#12629);
#11184=LINE('',#20514,#12630);
#11185=LINE('',#20516,#12631);
#11186=LINE('',#20517,#12632);
#11187=LINE('',#20520,#12633);
#11188=LINE('',#20523,#12634);
#11189=LINE('',#20525,#12635);
#11190=LINE('',#20527,#12636);
#11191=LINE('',#20529,#12637);
#11192=LINE('',#20531,#12638);
#11193=LINE('',#20533,#12639);
#11194=LINE('',#20535,#12640);
#11195=LINE('',#20537,#12641);
#11196=LINE('',#20539,#12642);
#11197=LINE('',#20541,#12643);
#11198=LINE('',#20543,#12644);
#11199=LINE('',#20545,#12645);
#11200=LINE('',#20546,#12646);
#11201=LINE('',#20549,#12647);
#11202=LINE('',#20552,#12648);
#11203=LINE('',#20554,#12649);
#11204=LINE('',#20556,#12650);
#11205=LINE('',#20558,#12651);
#11206=LINE('',#20560,#12652);
#11207=LINE('',#20562,#12653);
#11208=LINE('',#20564,#12654);
#11209=LINE('',#20566,#12655);
#11210=LINE('',#20568,#12656);
#11211=LINE('',#20570,#12657);
#11212=LINE('',#20572,#12658);
#11213=LINE('',#20574,#12659);
#11214=LINE('',#20575,#12660);
#11215=LINE('',#20578,#12661);
#11216=LINE('',#20581,#12662);
#11217=LINE('',#20583,#12663);
#11218=LINE('',#20585,#12664);
#11219=LINE('',#20587,#12665);
#11220=LINE('',#20589,#12666);
#11221=LINE('',#20591,#12667);
#11222=LINE('',#20593,#12668);
#11223=LINE('',#20595,#12669);
#11224=LINE('',#20597,#12670);
#11225=LINE('',#20599,#12671);
#11226=LINE('',#20601,#12672);
#11227=LINE('',#20603,#12673);
#11228=LINE('',#20604,#12674);
#11229=LINE('',#20607,#12675);
#11230=LINE('',#20610,#12676);
#11231=LINE('',#20612,#12677);
#11232=LINE('',#20614,#12678);
#11233=LINE('',#20616,#12679);
#11234=LINE('',#20618,#12680);
#11235=LINE('',#20620,#12681);
#11236=LINE('',#20622,#12682);
#11237=LINE('',#20624,#12683);
#11238=LINE('',#20626,#12684);
#11239=LINE('',#20628,#12685);
#11240=LINE('',#20630,#12686);
#11241=LINE('',#20632,#12687);
#11242=LINE('',#20633,#12688);
#11243=LINE('',#20636,#12689);
#11244=LINE('',#20639,#12690);
#11245=LINE('',#20641,#12691);
#11246=LINE('',#20643,#12692);
#11247=LINE('',#20645,#12693);
#11248=LINE('',#20647,#12694);
#11249=LINE('',#20649,#12695);
#11250=LINE('',#20651,#12696);
#11251=LINE('',#20653,#12697);
#11252=LINE('',#20655,#12698);
#11253=LINE('',#20657,#12699);
#11254=LINE('',#20659,#12700);
#11255=LINE('',#20661,#12701);
#11256=LINE('',#20662,#12702);
#11257=LINE('',#20665,#12703);
#11258=LINE('',#20668,#12704);
#11259=LINE('',#20670,#12705);
#11260=LINE('',#20672,#12706);
#11261=LINE('',#20674,#12707);
#11262=LINE('',#20676,#12708);
#11263=LINE('',#20678,#12709);
#11264=LINE('',#20680,#12710);
#11265=LINE('',#20682,#12711);
#11266=LINE('',#20684,#12712);
#11267=LINE('',#20686,#12713);
#11268=LINE('',#20688,#12714);
#11269=LINE('',#20690,#12715);
#11270=LINE('',#20691,#12716);
#11271=LINE('',#20694,#12717);
#11272=LINE('',#20697,#12718);
#11273=LINE('',#20699,#12719);
#11274=LINE('',#20701,#12720);
#11275=LINE('',#20703,#12721);
#11276=LINE('',#20705,#12722);
#11277=LINE('',#20707,#12723);
#11278=LINE('',#20709,#12724);
#11279=LINE('',#20711,#12725);
#11280=LINE('',#20713,#12726);
#11281=LINE('',#20715,#12727);
#11282=LINE('',#20717,#12728);
#11283=LINE('',#20719,#12729);
#11284=LINE('',#20720,#12730);
#11285=LINE('',#20723,#12731);
#11286=LINE('',#20726,#12732);
#11287=LINE('',#20728,#12733);
#11288=LINE('',#20730,#12734);
#11289=LINE('',#20732,#12735);
#11290=LINE('',#20734,#12736);
#11291=LINE('',#20736,#12737);
#11292=LINE('',#20738,#12738);
#11293=LINE('',#20740,#12739);
#11294=LINE('',#20742,#12740);
#11295=LINE('',#20744,#12741);
#11296=LINE('',#20746,#12742);
#11297=LINE('',#20748,#12743);
#11298=LINE('',#20749,#12744);
#11299=LINE('',#20752,#12745);
#11300=LINE('',#20755,#12746);
#11301=LINE('',#20757,#12747);
#11302=LINE('',#20759,#12748);
#11303=LINE('',#20761,#12749);
#11304=LINE('',#20763,#12750);
#11305=LINE('',#20765,#12751);
#11306=LINE('',#20767,#12752);
#11307=LINE('',#20769,#12753);
#11308=LINE('',#20771,#12754);
#11309=LINE('',#20773,#12755);
#11310=LINE('',#20775,#12756);
#11311=LINE('',#20777,#12757);
#11312=LINE('',#20778,#12758);
#11313=LINE('',#20781,#12759);
#11314=VECTOR('',#13769,1.1);
#11315=VECTOR('',#13770,0.299999999999999);
#11316=VECTOR('',#13771,1.1);
#11317=VECTOR('',#13772,0.299999999999999);
#11318=VECTOR('',#13773,1.1);
#11319=VECTOR('',#13774,1.1);
#11320=VECTOR('',#13775,1.1);
#11321=VECTOR('',#13776,1.1);
#11322=VECTOR('',#13777,1.1);
#11323=VECTOR('',#13778,1.1);
#11324=VECTOR('',#13779,1.1);
#11325=VECTOR('',#13780,1.1);
#11326=VECTOR('',#13781,1.1);
#11327=VECTOR('',#13782,1.1);
#11328=VECTOR('',#13783,1.1);
#11329=VECTOR('',#13784,1.1);
#11330=VECTOR('',#13785,1.1);
#11331=VECTOR('',#13786,1.1);
#11332=VECTOR('',#13787,1.1);
#11333=VECTOR('',#13788,1.1);
#11334=VECTOR('',#13789,1.1);
#11335=VECTOR('',#13790,1.1);
#11336=VECTOR('',#13791,1.1);
#11337=VECTOR('',#13792,0.299999999999999);
#11338=VECTOR('',#13793,0.299999999999999);
#11339=VECTOR('',#13794,0.299999999999999);
#11340=VECTOR('',#13795,0.299999999999999);
#11341=VECTOR('',#13796,0.299999999999999);
#11342=VECTOR('',#13797,0.299999999999999);
#11343=VECTOR('',#13798,0.299999999999999);
#11344=VECTOR('',#13799,0.299999999999999);
#11345=VECTOR('',#13800,0.299999999999999);
#11346=VECTOR('',#13801,0.299999999999999);
#11347=VECTOR('',#13802,0.299999999999999);
#11348=VECTOR('',#13803,0.299999999999999);
#11349=VECTOR('',#13804,0.299999999999999);
#11350=VECTOR('',#13805,0.299999999999999);
#11351=VECTOR('',#13806,0.299999999999999);
#11352=VECTOR('',#13807,0.299999999999999);
#11353=VECTOR('',#13808,0.299999999999999);
#11354=VECTOR('',#13809,0.299999999999999);
#11355=VECTOR('',#13810,0.299999999999999);
#11356=VECTOR('',#13811,1.1);
#11357=VECTOR('',#13812,1.1);
#11358=VECTOR('',#13813,1.1);
#11359=VECTOR('',#13814,1.1);
#11360=VECTOR('',#13815,1.1);
#11361=VECTOR('',#13816,1.1);
#11362=VECTOR('',#13817,1.1);
#11363=VECTOR('',#13818,1.1);
#11364=VECTOR('',#13819,1.1);
#11365=VECTOR('',#13820,1.1);
#11366=VECTOR('',#13821,1.1);
#11367=VECTOR('',#13822,1.1);
#11368=VECTOR('',#13823,1.1);
#11369=VECTOR('',#13824,1.1);
#11370=VECTOR('',#13825,1.1);
#11371=VECTOR('',#13826,1.1);
#11372=VECTOR('',#13827,1.1);
#11373=VECTOR('',#13828,1.1);
#11374=VECTOR('',#13829,1.1);
#11375=VECTOR('',#13830,0.299999999999999);
#11376=VECTOR('',#13831,0.299999999999999);
#11377=VECTOR('',#13832,0.299999999999999);
#11378=VECTOR('',#13833,0.299999999999999);
#11379=VECTOR('',#13834,0.299999999999999);
#11380=VECTOR('',#13835,0.299999999999999);
#11381=VECTOR('',#13836,0.299999999999999);
#11382=VECTOR('',#13837,0.299999999999999);
#11383=VECTOR('',#13838,0.299999999999999);
#11384=VECTOR('',#13839,0.299999999999999);
#11385=VECTOR('',#13840,0.299999999999999);
#11386=VECTOR('',#13841,0.299999999999999);
#11387=VECTOR('',#13842,0.299999999999999);
#11388=VECTOR('',#13843,0.299999999999999);
#11389=VECTOR('',#13844,0.299999999999999);
#11390=VECTOR('',#13845,0.299999999999999);
#11391=VECTOR('',#13846,0.299999999999999);
#11392=VECTOR('',#13847,0.299999999999999);
#11393=VECTOR('',#13848,0.299999999999999);
#11394=VECTOR('',#13849,1.1);
#11395=VECTOR('',#13850,0.299999999999999);
#11396=VECTOR('',#13851,1.1);
#11397=VECTOR('',#13852,0.299999999999999);
#11398=VECTOR('',#13853,1.1);
#11399=VECTOR('',#13854,0.299999999999999);
#11400=VECTOR('',#13855,1.1);
#11401=VECTOR('',#13856,0.299999999999999);
#11402=VECTOR('',#13857,1.1);
#11403=VECTOR('',#13858,0.299999999999999);
#11404=VECTOR('',#13859,1.1);
#11405=VECTOR('',#13860,0.299999999999999);
#11406=VECTOR('',#13861,1.1);
#11407=VECTOR('',#13862,0.299999999999999);
#11408=VECTOR('',#13863,1.1);
#11409=VECTOR('',#13864,0.299999999999999);
#11410=VECTOR('',#13865,1.1);
#11411=VECTOR('',#13866,0.3);
#11412=VECTOR('',#13867,1.1);
#11413=VECTOR('',#13868,0.3);
#11414=VECTOR('',#13869,1.1);
#11415=VECTOR('',#13870,0.3);
#11416=VECTOR('',#13871,1.1);
#11417=VECTOR('',#13872,0.3);
#11418=VECTOR('',#13873,1.1);
#11419=VECTOR('',#13874,0.299999999999999);
#11420=VECTOR('',#13875,1.1);
#11421=VECTOR('',#13876,0.299999999999999);
#11422=VECTOR('',#13877,1.1);
#11423=VECTOR('',#13878,0.299999999999999);
#11424=VECTOR('',#13879,1.1);
#11425=VECTOR('',#13880,0.299999999999999);
#11426=VECTOR('',#13881,1.1);
#11427=VECTOR('',#13882,0.299999999999999);
#11428=VECTOR('',#13883,1.1);
#11429=VECTOR('',#13884,0.299999999999999);
#11430=VECTOR('',#13885,1.1);
#11431=VECTOR('',#13886,0.299999999999999);
#11432=VECTOR('',#13887,1.1);
#11433=VECTOR('',#13888,0.299999999999999);
#11434=VECTOR('',#13889,1.);
#11435=VECTOR('',#13890,1.);
#11436=VECTOR('',#13891,1.);
#11437=VECTOR('',#13892,1.);
#11438=VECTOR('',#13893,1.);
#11439=VECTOR('',#13894,1.);
#11440=VECTOR('',#13895,1.);
#11441=VECTOR('',#13896,1.);
#11442=VECTOR('',#13897,1.);
#11443=VECTOR('',#13898,1.);
#11444=VECTOR('',#13899,1.);
#11445=VECTOR('',#13900,1.);
#11446=VECTOR('',#13901,1.);
#11447=VECTOR('',#13902,1.);
#11448=VECTOR('',#13903,1.);
#11449=VECTOR('',#13904,1.);
#11450=VECTOR('',#13905,1.);
#11451=VECTOR('',#13906,1.);
#11452=VECTOR('',#13907,1.);
#11453=VECTOR('',#13908,1.);
#11454=VECTOR('',#13909,1.);
#11455=VECTOR('',#13910,1.);
#11456=VECTOR('',#13911,1.);
#11457=VECTOR('',#13912,1.);
#11458=VECTOR('',#13913,1.);
#11459=VECTOR('',#13914,1.);
#11460=VECTOR('',#13915,1.);
#11461=VECTOR('',#13916,1.);
#11462=VECTOR('',#13917,1.);
#11463=VECTOR('',#13918,1.);
#11464=VECTOR('',#13919,1.);
#11465=VECTOR('',#13920,1.);
#11466=VECTOR('',#13921,1.);
#11467=VECTOR('',#13922,1.);
#11468=VECTOR('',#13923,1.);
#11469=VECTOR('',#13924,1.);
#11470=VECTOR('',#13925,1.);
#11471=VECTOR('',#13926,1.);
#11472=VECTOR('',#13927,1.);
#11473=VECTOR('',#13928,1.);
#11474=VECTOR('',#13929,1.);
#11475=VECTOR('',#13930,1.);
#11476=VECTOR('',#13931,1.);
#11477=VECTOR('',#13932,1.);
#11478=VECTOR('',#13933,1.);
#11479=VECTOR('',#13934,1.);
#11480=VECTOR('',#13935,1.);
#11481=VECTOR('',#13936,1.);
#11482=VECTOR('',#13937,1.);
#11483=VECTOR('',#13938,1.);
#11484=VECTOR('',#13939,1.);
#11485=VECTOR('',#13940,1.);
#11486=VECTOR('',#13941,1.);
#11487=VECTOR('',#13942,1.);
#11488=VECTOR('',#13943,1.);
#11489=VECTOR('',#13944,1.);
#11490=VECTOR('',#13945,1.);
#11491=VECTOR('',#13946,1.);
#11492=VECTOR('',#13947,1.);
#11493=VECTOR('',#13948,1.);
#11494=VECTOR('',#13949,1.);
#11495=VECTOR('',#13950,1.);
#11496=VECTOR('',#13951,1.);
#11497=VECTOR('',#13952,1.);
#11498=VECTOR('',#13953,1.);
#11499=VECTOR('',#13954,1.);
#11500=VECTOR('',#13955,1.);
#11501=VECTOR('',#13956,1.);
#11502=VECTOR('',#13957,1.);
#11503=VECTOR('',#13958,1.);
#11504=VECTOR('',#13959,1.);
#11505=VECTOR('',#13960,1.);
#11506=VECTOR('',#13961,1.);
#11507=VECTOR('',#13962,1.);
#11508=VECTOR('',#13963,1.);
#11509=VECTOR('',#13964,1.);
#11510=VECTOR('',#13965,1.);
#11511=VECTOR('',#13966,1.);
#11512=VECTOR('',#13967,1.);
#11513=VECTOR('',#13968,1.);
#11514=VECTOR('',#13969,1.);
#11515=VECTOR('',#13970,1.);
#11516=VECTOR('',#13971,1.);
#11517=VECTOR('',#13972,1.);
#11518=VECTOR('',#13973,1.);
#11519=VECTOR('',#13974,1.);
#11520=VECTOR('',#13975,1.);
#11521=VECTOR('',#13976,1.);
#11522=VECTOR('',#13977,1.);
#11523=VECTOR('',#13978,1.);
#11524=VECTOR('',#13979,1.);
#11525=VECTOR('',#13980,1.);
#11526=VECTOR('',#13981,1.);
#11527=VECTOR('',#13982,1.);
#11528=VECTOR('',#13983,1.);
#11529=VECTOR('',#13984,1.);
#11530=VECTOR('',#13985,1.);
#11531=VECTOR('',#13986,1.);
#11532=VECTOR('',#13987,1.);
#11533=VECTOR('',#13988,1.);
#11534=VECTOR('',#13989,1.);
#11535=VECTOR('',#13990,1.);
#11536=VECTOR('',#13991,1.);
#11537=VECTOR('',#13992,1.);
#11538=VECTOR('',#13993,1.);
#11539=VECTOR('',#13994,1.);
#11540=VECTOR('',#13995,1.);
#11541=VECTOR('',#13996,1.);
#11542=VECTOR('',#13997,1.);
#11543=VECTOR('',#13998,1.);
#11544=VECTOR('',#13999,1.);
#11545=VECTOR('',#14000,1.);
#11546=VECTOR('',#14001,1.);
#11547=VECTOR('',#14002,1.);
#11548=VECTOR('',#14003,1.);
#11549=VECTOR('',#14004,1.);
#11550=VECTOR('',#14005,1.);
#11551=VECTOR('',#14006,1.);
#11552=VECTOR('',#14007,1.);
#11553=VECTOR('',#14008,1.);
#11554=VECTOR('',#14009,1.);
#11555=VECTOR('',#14010,1.);
#11556=VECTOR('',#14011,1.);
#11557=VECTOR('',#14012,1.);
#11558=VECTOR('',#14015,1.);
#11559=VECTOR('',#14016,1.);
#11560=VECTOR('',#14017,1.);
#11561=VECTOR('',#14018,1.);
#11562=VECTOR('',#14019,1.);
#11563=VECTOR('',#14020,1.);
#11564=VECTOR('',#14021,1.);
#11565=VECTOR('',#14022,1.);
#11566=VECTOR('',#14023,1.);
#11567=VECTOR('',#14024,1.);
#11568=VECTOR('',#14025,1.);
#11569=VECTOR('',#14026,1.);
#11570=VECTOR('',#14027,1.);
#11571=VECTOR('',#14028,1.);
#11572=VECTOR('',#14029,1.);
#11573=VECTOR('',#14030,1.);
#11574=VECTOR('',#14031,1.);
#11575=VECTOR('',#14032,1.);
#11576=VECTOR('',#14033,1.);
#11577=VECTOR('',#14034,1.);
#11578=VECTOR('',#14035,1.);
#11579=VECTOR('',#14036,1.);
#11580=VECTOR('',#14037,1.);
#11581=VECTOR('',#14038,1.);
#11582=VECTOR('',#14039,1.);
#11583=VECTOR('',#14040,1.);
#11584=VECTOR('',#14041,1.);
#11585=VECTOR('',#14042,1.);
#11586=VECTOR('',#14043,1.);
#11587=VECTOR('',#14044,1.);
#11588=VECTOR('',#14045,1.);
#11589=VECTOR('',#14046,1.);
#11590=VECTOR('',#14047,1.);
#11591=VECTOR('',#14048,1.);
#11592=VECTOR('',#14049,1.);
#11593=VECTOR('',#14050,1.);
#11594=VECTOR('',#14051,1.);
#11595=VECTOR('',#14052,1.);
#11596=VECTOR('',#14053,1.);
#11597=VECTOR('',#14054,1.);
#11598=VECTOR('',#14055,1.);
#11599=VECTOR('',#14056,1.);
#11600=VECTOR('',#14057,1.);
#11601=VECTOR('',#14058,1.);
#11602=VECTOR('',#14059,1.);
#11603=VECTOR('',#14060,1.);
#11604=VECTOR('',#14061,1.);
#11605=VECTOR('',#14062,1.);
#11606=VECTOR('',#14065,1.);
#11607=VECTOR('',#14066,1.);
#11608=VECTOR('',#14067,1.);
#11609=VECTOR('',#14068,1.);
#11610=VECTOR('',#14069,1.);
#11611=VECTOR('',#14070,1.);
#11612=VECTOR('',#14071,1.);
#11613=VECTOR('',#14072,1.);
#11614=VECTOR('',#14073,1.);
#11615=VECTOR('',#14074,1.);
#11616=VECTOR('',#14075,1.);
#11617=VECTOR('',#14076,1.);
#11618=VECTOR('',#14077,1.);
#11619=VECTOR('',#14078,1.);
#11620=VECTOR('',#14079,1.);
#11621=VECTOR('',#14080,1.);
#11622=VECTOR('',#14081,1.);
#11623=VECTOR('',#14082,1.);
#11624=VECTOR('',#14083,1.);
#11625=VECTOR('',#14084,1.);
#11626=VECTOR('',#14085,1.);
#11627=VECTOR('',#14086,1.);
#11628=VECTOR('',#14087,1.);
#11629=VECTOR('',#14088,1.);
#11630=VECTOR('',#14089,1.);
#11631=VECTOR('',#14090,1.);
#11632=VECTOR('',#14091,1.);
#11633=VECTOR('',#14092,1.);
#11634=VECTOR('',#14093,1.);
#11635=VECTOR('',#14094,1.);
#11636=VECTOR('',#14095,1.);
#11637=VECTOR('',#14096,1.);
#11638=VECTOR('',#14097,1.);
#11639=VECTOR('',#14098,1.);
#11640=VECTOR('',#14099,1.);
#11641=VECTOR('',#14100,1.);
#11642=VECTOR('',#14101,1.);
#11643=VECTOR('',#14102,1.);
#11644=VECTOR('',#14103,1.);
#11645=VECTOR('',#14104,1.);
#11646=VECTOR('',#14105,1.);
#11647=VECTOR('',#14106,1.);
#11648=VECTOR('',#14107,1.);
#11649=VECTOR('',#14108,1.);
#11650=VECTOR('',#14109,1.);
#11651=VECTOR('',#14110,1.);
#11652=VECTOR('',#14111,1.);
#11653=VECTOR('',#14112,1.);
#11654=VECTOR('',#14113,1.);
#11655=VECTOR('',#14114,1.);
#11656=VECTOR('',#14115,1.);
#11657=VECTOR('',#14116,1.);
#11658=VECTOR('',#14117,1.);
#11659=VECTOR('',#14118,1.);
#11660=VECTOR('',#14119,1.);
#11661=VECTOR('',#14120,1.);
#11662=VECTOR('',#14121,1.);
#11663=VECTOR('',#14122,1.);
#11664=VECTOR('',#14123,1.);
#11665=VECTOR('',#14124,1.);
#11666=VECTOR('',#14125,1.);
#11667=VECTOR('',#14126,1.);
#11668=VECTOR('',#14127,1.);
#11669=VECTOR('',#14128,1.);
#11670=VECTOR('',#14131,1.);
#11671=VECTOR('',#14132,1.);
#11672=VECTOR('',#14133,1.);
#11673=VECTOR('',#14134,1.);
#11674=VECTOR('',#14135,1.);
#11675=VECTOR('',#14136,1.);
#11676=VECTOR('',#14137,1.);
#11677=VECTOR('',#14138,1.);
#11678=VECTOR('',#14139,1.);
#11679=VECTOR('',#14140,1.);
#11680=VECTOR('',#14141,1.);
#11681=VECTOR('',#14142,1.);
#11682=VECTOR('',#14143,1.);
#11683=VECTOR('',#14144,1.);
#11684=VECTOR('',#14145,1.);
#11685=VECTOR('',#14146,1.);
#11686=VECTOR('',#14147,1.);
#11687=VECTOR('',#14148,1.);
#11688=VECTOR('',#14149,1.);
#11689=VECTOR('',#14150,1.);
#11690=VECTOR('',#14151,1.);
#11691=VECTOR('',#14152,1.);
#11692=VECTOR('',#14153,1.);
#11693=VECTOR('',#14154,1.);
#11694=VECTOR('',#14155,1.);
#11695=VECTOR('',#14156,1.);
#11696=VECTOR('',#14157,1.);
#11697=VECTOR('',#14158,1.);
#11698=VECTOR('',#14159,1.);
#11699=VECTOR('',#14160,1.);
#11700=VECTOR('',#14161,1.);
#11701=VECTOR('',#14162,1.);
#11702=VECTOR('',#14163,1.);
#11703=VECTOR('',#14164,1.);
#11704=VECTOR('',#14165,1.);
#11705=VECTOR('',#14166,1.);
#11706=VECTOR('',#14167,1.);
#11707=VECTOR('',#14168,1.);
#11708=VECTOR('',#14169,1.);
#11709=VECTOR('',#14170,1.);
#11710=VECTOR('',#14171,1.);
#11711=VECTOR('',#14172,1.);
#11712=VECTOR('',#14173,1.);
#11713=VECTOR('',#14174,1.);
#11714=VECTOR('',#14175,1.);
#11715=VECTOR('',#14176,1.);
#11716=VECTOR('',#14177,1.);
#11717=VECTOR('',#14178,1.);
#11718=VECTOR('',#14179,1.);
#11719=VECTOR('',#14180,1.);
#11720=VECTOR('',#14181,1.);
#11721=VECTOR('',#14182,1.);
#11722=VECTOR('',#14183,1.);
#11723=VECTOR('',#14184,1.);
#11724=VECTOR('',#14185,1.);
#11725=VECTOR('',#14186,1.);
#11726=VECTOR('',#14187,1.);
#11727=VECTOR('',#14188,1.);
#11728=VECTOR('',#14189,1.);
#11729=VECTOR('',#14190,1.);
#11730=VECTOR('',#14191,1.);
#11731=VECTOR('',#14192,1.);
#11732=VECTOR('',#14193,1.);
#11733=VECTOR('',#14194,1.);
#11734=VECTOR('',#14195,1.);
#11735=VECTOR('',#14196,1.);
#11736=VECTOR('',#14197,1.);
#11737=VECTOR('',#14198,1.);
#11738=VECTOR('',#14199,1.);
#11739=VECTOR('',#14200,1.);
#11740=VECTOR('',#14201,1.);
#11741=VECTOR('',#14202,1.);
#11742=VECTOR('',#14203,1.);
#11743=VECTOR('',#14204,1.);
#11744=VECTOR('',#14205,1.);
#11745=VECTOR('',#14206,1.);
#11746=VECTOR('',#14207,1.);
#11747=VECTOR('',#14208,1.);
#11748=VECTOR('',#14209,1.);
#11749=VECTOR('',#14210,1.);
#11750=VECTOR('',#14211,1.);
#11751=VECTOR('',#14212,1.);
#11752=VECTOR('',#14213,1.);
#11753=VECTOR('',#14214,1.);
#11754=VECTOR('',#14215,1.);
#11755=VECTOR('',#14216,1.);
#11756=VECTOR('',#14217,1.);
#11757=VECTOR('',#14218,1.);
#11758=VECTOR('',#14219,1.);
#11759=VECTOR('',#14220,1.);
#11760=VECTOR('',#14221,1.);
#11761=VECTOR('',#14222,1.);
#11762=VECTOR('',#14223,1.);
#11763=VECTOR('',#14224,1.);
#11764=VECTOR('',#14227,1.);
#11765=VECTOR('',#14228,1.);
#11766=VECTOR('',#14229,1.);
#11767=VECTOR('',#14230,1.);
#11768=VECTOR('',#14231,1.);
#11769=VECTOR('',#14232,1.);
#11770=VECTOR('',#14235,1.);
#11771=VECTOR('',#14236,1.);
#11772=VECTOR('',#14239,1.);
#11773=VECTOR('',#14240,1.);
#11774=VECTOR('',#14243,1.);
#11775=VECTOR('',#14244,1.);
#11776=VECTOR('',#14245,1.);
#11777=VECTOR('',#14246,1.);
#11778=VECTOR('',#14247,1.);
#11779=VECTOR('',#14248,1.);
#11780=VECTOR('',#14249,1.);
#11781=VECTOR('',#14250,1.);
#11782=VECTOR('',#14251,1.);
#11783=VECTOR('',#14252,1.);
#11784=VECTOR('',#14253,1.);
#11785=VECTOR('',#14254,1.);
#11786=VECTOR('',#14255,1.);
#11787=VECTOR('',#14256,1.);
#11788=VECTOR('',#14257,1.);
#11789=VECTOR('',#14258,1.);
#11790=VECTOR('',#14259,1.);
#11791=VECTOR('',#14260,1.);
#11792=VECTOR('',#14261,1.);
#11793=VECTOR('',#14262,1.);
#11794=VECTOR('',#14263,1.);
#11795=VECTOR('',#14264,1.);
#11796=VECTOR('',#14265,1.);
#11797=VECTOR('',#14266,1.);
#11798=VECTOR('',#14267,1.);
#11799=VECTOR('',#14268,1.);
#11800=VECTOR('',#14269,1.);
#11801=VECTOR('',#14270,1.);
#11802=VECTOR('',#14271,1.);
#11803=VECTOR('',#14272,1.);
#11804=VECTOR('',#14273,1.);
#11805=VECTOR('',#14274,1.);
#11806=VECTOR('',#14275,1.);
#11807=VECTOR('',#14276,1.);
#11808=VECTOR('',#14277,1.);
#11809=VECTOR('',#14278,1.);
#11810=VECTOR('',#14279,1.);
#11811=VECTOR('',#14280,1.);
#11812=VECTOR('',#14281,1.);
#11813=VECTOR('',#14282,1.);
#11814=VECTOR('',#14283,1.);
#11815=VECTOR('',#14284,1.);
#11816=VECTOR('',#14285,1.);
#11817=VECTOR('',#14286,1.);
#11818=VECTOR('',#14287,1.);
#11819=VECTOR('',#14288,1.);
#11820=VECTOR('',#14291,1.);
#11821=VECTOR('',#14292,1.);
#11822=VECTOR('',#14293,1.);
#11823=VECTOR('',#14296,1.);
#11824=VECTOR('',#14299,1.);
#11825=VECTOR('',#14300,1.);
#11826=VECTOR('',#14301,1.);
#11827=VECTOR('',#14302,1.);
#11828=VECTOR('',#14303,1.);
#11829=VECTOR('',#14304,1.);
#11830=VECTOR('',#14305,1.);
#11831=VECTOR('',#14306,1.);
#11832=VECTOR('',#14307,1.);
#11833=VECTOR('',#14308,1.);
#11834=VECTOR('',#14309,1.);
#11835=VECTOR('',#14310,1.);
#11836=VECTOR('',#14311,1.);
#11837=VECTOR('',#14312,1.);
#11838=VECTOR('',#14313,1.);
#11839=VECTOR('',#14314,1.);
#11840=VECTOR('',#14315,1.);
#11841=VECTOR('',#14316,1.);
#11842=VECTOR('',#14317,1.);
#11843=VECTOR('',#14318,1.);
#11844=VECTOR('',#14319,1.);
#11845=VECTOR('',#14320,1.);
#11846=VECTOR('',#14321,1.);
#11847=VECTOR('',#14322,1.);
#11848=VECTOR('',#14323,1.);
#11849=VECTOR('',#14324,1.);
#11850=VECTOR('',#14325,1.);
#11851=VECTOR('',#14326,1.);
#11852=VECTOR('',#14327,1.);
#11853=VECTOR('',#14328,1.);
#11854=VECTOR('',#14329,1.);
#11855=VECTOR('',#14330,1.);
#11856=VECTOR('',#14331,1.);
#11857=VECTOR('',#14332,1.);
#11858=VECTOR('',#14333,1.);
#11859=VECTOR('',#14334,1.);
#11860=VECTOR('',#14335,1.);
#11861=VECTOR('',#14336,1.);
#11862=VECTOR('',#14337,1.);
#11863=VECTOR('',#14338,1.);
#11864=VECTOR('',#14339,1.);
#11865=VECTOR('',#14340,1.);
#11866=VECTOR('',#14341,1.);
#11867=VECTOR('',#14342,1.);
#11868=VECTOR('',#14343,1.);
#11869=VECTOR('',#14344,1.);
#11870=VECTOR('',#14345,1.);
#11871=VECTOR('',#14346,1.);
#11872=VECTOR('',#14347,1.);
#11873=VECTOR('',#14348,1.);
#11874=VECTOR('',#14349,1.);
#11875=VECTOR('',#14350,1.);
#11876=VECTOR('',#14351,1.);
#11877=VECTOR('',#14352,1.);
#11878=VECTOR('',#14353,1.);
#11879=VECTOR('',#14354,1.);
#11880=VECTOR('',#14355,1.);
#11881=VECTOR('',#14356,1.);
#11882=VECTOR('',#14357,1.);
#11883=VECTOR('',#14358,1.);
#11884=VECTOR('',#14359,1.);
#11885=VECTOR('',#14360,1.);
#11886=VECTOR('',#14361,1.);
#11887=VECTOR('',#14362,1.);
#11888=VECTOR('',#14363,1.);
#11889=VECTOR('',#14364,1.);
#11890=VECTOR('',#14365,1.);
#11891=VECTOR('',#14366,1.);
#11892=VECTOR('',#14367,1.);
#11893=VECTOR('',#14368,1.);
#11894=VECTOR('',#14369,1.);
#11895=VECTOR('',#14370,1.);
#11896=VECTOR('',#14371,1.);
#11897=VECTOR('',#14372,1.);
#11898=VECTOR('',#14373,1.);
#11899=VECTOR('',#14374,1.);
#11900=VECTOR('',#14375,1.);
#11901=VECTOR('',#14376,1.);
#11902=VECTOR('',#14377,1.);
#11903=VECTOR('',#14378,1.);
#11904=VECTOR('',#14379,1.);
#11905=VECTOR('',#14380,1.);
#11906=VECTOR('',#14381,1.);
#11907=VECTOR('',#14382,1.);
#11908=VECTOR('',#14383,1.);
#11909=VECTOR('',#14384,1.);
#11910=VECTOR('',#14385,1.);
#11911=VECTOR('',#14386,1.);
#11912=VECTOR('',#14387,1.);
#11913=VECTOR('',#14388,1.);
#11914=VECTOR('',#14389,1.);
#11915=VECTOR('',#14394,1.);
#11916=VECTOR('',#14395,1.);
#11917=VECTOR('',#14396,1.);
#11918=VECTOR('',#14399,1.);
#11919=VECTOR('',#14402,1.);
#11920=VECTOR('',#14405,1.);
#11921=VECTOR('',#14406,1.);
#11922=VECTOR('',#14407,1.);
#11923=VECTOR('',#14408,1.);
#11924=VECTOR('',#14409,1.);
#11925=VECTOR('',#14410,1.);
#11926=VECTOR('',#14411,1.);
#11927=VECTOR('',#14412,1.);
#11928=VECTOR('',#14413,1.);
#11929=VECTOR('',#14414,1.);
#11930=VECTOR('',#14415,1.);
#11931=VECTOR('',#14416,1.);
#11932=VECTOR('',#14417,1.);
#11933=VECTOR('',#14418,1.);
#11934=VECTOR('',#14419,1.);
#11935=VECTOR('',#14420,1.);
#11936=VECTOR('',#14421,1.);
#11937=VECTOR('',#14422,1.);
#11938=VECTOR('',#14423,1.);
#11939=VECTOR('',#14424,1.);
#11940=VECTOR('',#14425,1.);
#11941=VECTOR('',#14426,1.);
#11942=VECTOR('',#14427,1.);
#11943=VECTOR('',#14428,1.);
#11944=VECTOR('',#14429,1.);
#11945=VECTOR('',#14430,1.);
#11946=VECTOR('',#14431,1.);
#11947=VECTOR('',#14432,1.);
#11948=VECTOR('',#14433,1.);
#11949=VECTOR('',#14434,1.);
#11950=VECTOR('',#14435,1.);
#11951=VECTOR('',#14436,1.);
#11952=VECTOR('',#14437,1.);
#11953=VECTOR('',#14438,1.);
#11954=VECTOR('',#14439,1.);
#11955=VECTOR('',#14440,1.);
#11956=VECTOR('',#14441,1.);
#11957=VECTOR('',#14442,1.);
#11958=VECTOR('',#14443,1.);
#11959=VECTOR('',#14444,1.);
#11960=VECTOR('',#14445,1.);
#11961=VECTOR('',#14446,1.);
#11962=VECTOR('',#14447,1.);
#11963=VECTOR('',#14448,1.);
#11964=VECTOR('',#14449,1.);
#11965=VECTOR('',#14450,1.);
#11966=VECTOR('',#14451,1.);
#11967=VECTOR('',#14452,1.);
#11968=VECTOR('',#14453,1.);
#11969=VECTOR('',#14454,1.);
#11970=VECTOR('',#14455,1.);
#11971=VECTOR('',#14456,1.);
#11972=VECTOR('',#14457,1.);
#11973=VECTOR('',#14458,1.);
#11974=VECTOR('',#14459,1.);
#11975=VECTOR('',#14460,1.);
#11976=VECTOR('',#14461,1.);
#11977=VECTOR('',#14462,1.);
#11978=VECTOR('',#14463,1.);
#11979=VECTOR('',#14464,1.);
#11980=VECTOR('',#14467,1.);
#11981=VECTOR('',#14468,1.);
#11982=VECTOR('',#14469,1.);
#11983=VECTOR('',#14472,1.);
#11984=VECTOR('',#14473,1.);
#11985=VECTOR('',#14474,1.);
#11986=VECTOR('',#14477,1.);
#11987=VECTOR('',#14478,1.);
#11988=VECTOR('',#14479,1.);
#11989=VECTOR('',#14482,1.);
#11990=VECTOR('',#14483,1.);
#11991=VECTOR('',#14484,1.);
#11992=VECTOR('',#14487,1.);
#11993=VECTOR('',#14488,1.);
#11994=VECTOR('',#14499,1.);
#11995=VECTOR('',#14504,1.);
#11996=VECTOR('',#14507,1.);
#11997=VECTOR('',#14508,1.);
#11998=VECTOR('',#14513,1.);
#11999=VECTOR('',#14532,1.);
#12000=VECTOR('',#14533,1.);
#12001=VECTOR('',#14534,1.);
#12002=VECTOR('',#14539,1.);
#12003=VECTOR('',#14544,1.);
#12004=VECTOR('',#14551,1.);
#12005=VECTOR('',#14554,1.);
#12006=VECTOR('',#14559,1.);
#12007=VECTOR('',#14560,1.);
#12008=VECTOR('',#14561,1.);
#12009=VECTOR('',#14566,1.);
#12010=VECTOR('',#14573,1.);
#12011=VECTOR('',#14576,1.);
#12012=VECTOR('',#14581,1.);
#12013=VECTOR('',#14586,1.);
#12014=VECTOR('',#14587,1.);
#12015=VECTOR('',#14588,1.);
#12016=VECTOR('',#14595,1.);
#12017=VECTOR('',#14604,1.);
#12018=VECTOR('',#14623,1.);
#12019=VECTOR('',#14624,1.);
#12020=VECTOR('',#14625,1.);
#12021=VECTOR('',#14626,1.);
#12022=VECTOR('',#14629,1.);
#12023=VECTOR('',#14630,1.);
#12024=VECTOR('',#14631,1.);
#12025=VECTOR('',#14634,1.);
#12026=VECTOR('',#14635,1.);
#12027=VECTOR('',#14638,1.);
#12028=VECTOR('',#14639,1.);
#12029=VECTOR('',#14640,1.);
#12030=VECTOR('',#14643,1.);
#12031=VECTOR('',#14644,1.);
#12032=VECTOR('',#14651,1.);
#12033=VECTOR('',#14652,1.);
#12034=VECTOR('',#14653,1.);
#12035=VECTOR('',#14656,1.);
#12036=VECTOR('',#14657,1.);
#12037=VECTOR('',#14658,1.);
#12038=VECTOR('',#14659,1.);
#12039=VECTOR('',#14662,1.);
#12040=VECTOR('',#14663,1.);
#12041=VECTOR('',#14664,1.);
#12042=VECTOR('',#14665,1.);
#12043=VECTOR('',#14668,1.);
#12044=VECTOR('',#14671,1.);
#12045=VECTOR('',#14674,1.);
#12046=VECTOR('',#14679,1.);
#12047=VECTOR('',#14680,1.);
#12048=VECTOR('',#14681,1.);
#12049=VECTOR('',#14684,1.);
#12050=VECTOR('',#14685,1.);
#12051=VECTOR('',#14686,1.);
#12052=VECTOR('',#14687,1.);
#12053=VECTOR('',#14690,1.);
#12054=VECTOR('',#14691,1.);
#12055=VECTOR('',#14692,1.);
#12056=VECTOR('',#14693,1.);
#12057=VECTOR('',#14696,1.);
#12058=VECTOR('',#14699,1.);
#12059=VECTOR('',#14702,1.);
#12060=VECTOR('',#14707,1.);
#12061=VECTOR('',#14708,1.);
#12062=VECTOR('',#14709,1.);
#12063=VECTOR('',#14712,1.);
#12064=VECTOR('',#14713,1.);
#12065=VECTOR('',#14714,1.);
#12066=VECTOR('',#14715,1.);
#12067=VECTOR('',#14718,1.);
#12068=VECTOR('',#14719,1.);
#12069=VECTOR('',#14720,1.);
#12070=VECTOR('',#14721,1.);
#12071=VECTOR('',#14724,1.);
#12072=VECTOR('',#14727,1.);
#12073=VECTOR('',#14730,1.);
#12074=VECTOR('',#14735,1.);
#12075=VECTOR('',#14736,1.);
#12076=VECTOR('',#14737,1.);
#12077=VECTOR('',#14740,1.);
#12078=VECTOR('',#14741,1.);
#12079=VECTOR('',#14742,1.);
#12080=VECTOR('',#14743,1.);
#12081=VECTOR('',#14746,1.);
#12082=VECTOR('',#14747,1.);
#12083=VECTOR('',#14748,1.);
#12084=VECTOR('',#14749,1.);
#12085=VECTOR('',#14752,1.);
#12086=VECTOR('',#14755,1.);
#12087=VECTOR('',#14758,1.);
#12088=VECTOR('',#14763,1.);
#12089=VECTOR('',#14764,1.);
#12090=VECTOR('',#14765,1.);
#12091=VECTOR('',#14768,1.);
#12092=VECTOR('',#14769,1.);
#12093=VECTOR('',#14770,1.);
#12094=VECTOR('',#14771,1.);
#12095=VECTOR('',#14774,1.);
#12096=VECTOR('',#14775,1.);
#12097=VECTOR('',#14776,1.);
#12098=VECTOR('',#14777,1.);
#12099=VECTOR('',#14780,1.);
#12100=VECTOR('',#14783,1.);
#12101=VECTOR('',#14786,1.);
#12102=VECTOR('',#14791,1.);
#12103=VECTOR('',#14792,1.);
#12104=VECTOR('',#14793,1.);
#12105=VECTOR('',#14796,1.);
#12106=VECTOR('',#14797,1.);
#12107=VECTOR('',#14798,1.);
#12108=VECTOR('',#14799,1.);
#12109=VECTOR('',#14802,1.);
#12110=VECTOR('',#14803,1.);
#12111=VECTOR('',#14804,1.);
#12112=VECTOR('',#14805,1.);
#12113=VECTOR('',#14808,1.);
#12114=VECTOR('',#14811,1.);
#12115=VECTOR('',#14814,1.);
#12116=VECTOR('',#14819,1.);
#12117=VECTOR('',#14820,1.);
#12118=VECTOR('',#14821,1.);
#12119=VECTOR('',#14824,1.);
#12120=VECTOR('',#14825,1.);
#12121=VECTOR('',#14826,1.);
#12122=VECTOR('',#14827,1.);
#12123=VECTOR('',#14830,1.);
#12124=VECTOR('',#14831,1.);
#12125=VECTOR('',#14832,1.);
#12126=VECTOR('',#14833,1.);
#12127=VECTOR('',#14836,1.);
#12128=VECTOR('',#14839,1.);
#12129=VECTOR('',#14842,1.);
#12130=VECTOR('',#14847,1.);
#12131=VECTOR('',#14848,1.);
#12132=VECTOR('',#14849,1.);
#12133=VECTOR('',#14852,1.);
#12134=VECTOR('',#14853,1.);
#12135=VECTOR('',#14854,1.);
#12136=VECTOR('',#14855,1.);
#12137=VECTOR('',#14858,1.);
#12138=VECTOR('',#14859,1.);
#12139=VECTOR('',#14860,1.);
#12140=VECTOR('',#14861,1.);
#12141=VECTOR('',#14864,1.);
#12142=VECTOR('',#14867,1.);
#12143=VECTOR('',#14870,1.);
#12144=VECTOR('',#14875,1.);
#12145=VECTOR('',#14876,1.);
#12146=VECTOR('',#14877,1.);
#12147=VECTOR('',#14880,1.);
#12148=VECTOR('',#14881,1.);
#12149=VECTOR('',#14882,1.);
#12150=VECTOR('',#14883,1.);
#12151=VECTOR('',#14886,1.);
#12152=VECTOR('',#14887,1.);
#12153=VECTOR('',#14888,1.);
#12154=VECTOR('',#14889,1.);
#12155=VECTOR('',#14892,1.);
#12156=VECTOR('',#14895,1.);
#12157=VECTOR('',#14898,1.);
#12158=VECTOR('',#14903,1.);
#12159=VECTOR('',#14904,1.);
#12160=VECTOR('',#14905,1.);
#12161=VECTOR('',#14908,1.);
#12162=VECTOR('',#14909,1.);
#12163=VECTOR('',#14910,1.);
#12164=VECTOR('',#14911,1.);
#12165=VECTOR('',#14914,1.);
#12166=VECTOR('',#14915,1.);
#12167=VECTOR('',#14916,1.);
#12168=VECTOR('',#14917,1.);
#12169=VECTOR('',#14920,1.);
#12170=VECTOR('',#14923,1.);
#12171=VECTOR('',#14926,1.);
#12172=VECTOR('',#14931,1.);
#12173=VECTOR('',#14932,1.);
#12174=VECTOR('',#14933,1.);
#12175=VECTOR('',#14936,1.);
#12176=VECTOR('',#14937,1.);
#12177=VECTOR('',#14938,1.);
#12178=VECTOR('',#14939,1.);
#12179=VECTOR('',#14942,1.);
#12180=VECTOR('',#14943,1.);
#12181=VECTOR('',#14944,1.);
#12182=VECTOR('',#14945,1.);
#12183=VECTOR('',#14948,1.);
#12184=VECTOR('',#14951,1.);
#12185=VECTOR('',#14954,1.);
#12186=VECTOR('',#14959,1.);
#12187=VECTOR('',#14960,1.);
#12188=VECTOR('',#14961,1.);
#12189=VECTOR('',#14964,1.);
#12190=VECTOR('',#14965,1.);
#12191=VECTOR('',#14966,1.);
#12192=VECTOR('',#14967,1.);
#12193=VECTOR('',#14970,1.);
#12194=VECTOR('',#14971,1.);
#12195=VECTOR('',#14972,1.);
#12196=VECTOR('',#14973,1.);
#12197=VECTOR('',#14976,1.);
#12198=VECTOR('',#14979,1.);
#12199=VECTOR('',#14982,1.);
#12200=VECTOR('',#14987,1.);
#12201=VECTOR('',#14988,1.);
#12202=VECTOR('',#14989,1.);
#12203=VECTOR('',#14992,1.);
#12204=VECTOR('',#14993,1.);
#12205=VECTOR('',#14994,1.);
#12206=VECTOR('',#14995,1.);
#12207=VECTOR('',#14998,1.);
#12208=VECTOR('',#14999,1.);
#12209=VECTOR('',#15000,1.);
#12210=VECTOR('',#15001,1.);
#12211=VECTOR('',#15004,1.);
#12212=VECTOR('',#15007,1.);
#12213=VECTOR('',#15010,1.);
#12214=VECTOR('',#15015,1.);
#12215=VECTOR('',#15016,1.);
#12216=VECTOR('',#15017,1.);
#12217=VECTOR('',#15020,1.);
#12218=VECTOR('',#15021,1.);
#12219=VECTOR('',#15022,1.);
#12220=VECTOR('',#15023,1.);
#12221=VECTOR('',#15026,1.);
#12222=VECTOR('',#15027,1.);
#12223=VECTOR('',#15028,1.);
#12224=VECTOR('',#15029,1.);
#12225=VECTOR('',#15032,1.);
#12226=VECTOR('',#15035,1.);
#12227=VECTOR('',#15038,1.);
#12228=VECTOR('',#15047,1.);
#12229=VECTOR('',#15052,1.);
#12230=VECTOR('',#15055,1.);
#12231=VECTOR('',#15056,1.);
#12232=VECTOR('',#15061,1.);
#12233=VECTOR('',#15084,1.);
#12234=VECTOR('',#15089,1.);
#12235=VECTOR('',#15092,1.);
#12236=VECTOR('',#15093,1.);
#12237=VECTOR('',#15098,1.);
#12238=VECTOR('',#15121,1.);
#12239=VECTOR('',#15126,1.);
#12240=VECTOR('',#15129,1.);
#12241=VECTOR('',#15130,1.);
#12242=VECTOR('',#15135,1.);
#12243=VECTOR('',#15158,1.);
#12244=VECTOR('',#15163,1.);
#12245=VECTOR('',#15166,1.);
#12246=VECTOR('',#15167,1.);
#12247=VECTOR('',#15172,1.);
#12248=VECTOR('',#15195,1.);
#12249=VECTOR('',#15200,1.);
#12250=VECTOR('',#15203,1.);
#12251=VECTOR('',#15204,1.);
#12252=VECTOR('',#15209,1.);
#12253=VECTOR('',#15232,1.);
#12254=VECTOR('',#15237,1.);
#12255=VECTOR('',#15240,1.);
#12256=VECTOR('',#15241,1.);
#12257=VECTOR('',#15246,1.);
#12258=VECTOR('',#15269,1.);
#12259=VECTOR('',#15274,1.);
#12260=VECTOR('',#15277,1.);
#12261=VECTOR('',#15278,1.);
#12262=VECTOR('',#15283,1.);
#12263=VECTOR('',#15306,1.);
#12264=VECTOR('',#15311,1.);
#12265=VECTOR('',#15314,1.);
#12266=VECTOR('',#15315,1.);
#12267=VECTOR('',#15320,1.);
#12268=VECTOR('',#15343,1.);
#12269=VECTOR('',#15348,1.);
#12270=VECTOR('',#15351,1.);
#12271=VECTOR('',#15352,1.);
#12272=VECTOR('',#15357,1.);
#12273=VECTOR('',#15380,1.);
#12274=VECTOR('',#15385,1.);
#12275=VECTOR('',#15388,1.);
#12276=VECTOR('',#15389,1.);
#12277=VECTOR('',#15394,1.);
#12278=VECTOR('',#15417,1.);
#12279=VECTOR('',#15422,1.);
#12280=VECTOR('',#15425,1.);
#12281=VECTOR('',#15426,1.);
#12282=VECTOR('',#15431,1.);
#12283=VECTOR('',#15454,1.);
#12284=VECTOR('',#15459,1.);
#12285=VECTOR('',#15462,1.);
#12286=VECTOR('',#15463,1.);
#12287=VECTOR('',#15468,1.);
#12288=VECTOR('',#15491,1.);
#12289=VECTOR('',#15496,1.);
#12290=VECTOR('',#15499,1.);
#12291=VECTOR('',#15500,1.);
#12292=VECTOR('',#15505,1.);
#12293=VECTOR('',#15528,1.);
#12294=VECTOR('',#15533,1.);
#12295=VECTOR('',#15536,1.);
#12296=VECTOR('',#15537,1.);
#12297=VECTOR('',#15542,1.);
#12298=VECTOR('',#15561,1.);
#12299=VECTOR('',#15562,1.);
#12300=VECTOR('',#15563,1.);
#12301=VECTOR('',#15568,1.);
#12302=VECTOR('',#15573,1.);
#12303=VECTOR('',#15580,1.);
#12304=VECTOR('',#15583,1.);
#12305=VECTOR('',#15588,1.);
#12306=VECTOR('',#15589,1.);
#12307=VECTOR('',#15590,1.);
#12308=VECTOR('',#15595,1.);
#12309=VECTOR('',#15600,1.);
#12310=VECTOR('',#15607,1.);
#12311=VECTOR('',#15610,1.);
#12312=VECTOR('',#15615,1.);
#12313=VECTOR('',#15616,1.);
#12314=VECTOR('',#15617,1.);
#12315=VECTOR('',#15622,1.);
#12316=VECTOR('',#15627,1.);
#12317=VECTOR('',#15634,1.);
#12318=VECTOR('',#15637,1.);
#12319=VECTOR('',#15642,1.);
#12320=VECTOR('',#15643,1.);
#12321=VECTOR('',#15644,1.);
#12322=VECTOR('',#15649,1.);
#12323=VECTOR('',#15654,1.);
#12324=VECTOR('',#15661,1.);
#12325=VECTOR('',#15664,1.);
#12326=VECTOR('',#15669,1.);
#12327=VECTOR('',#15670,1.);
#12328=VECTOR('',#15671,1.);
#12329=VECTOR('',#15676,1.);
#12330=VECTOR('',#15681,1.);
#12331=VECTOR('',#15688,1.);
#12332=VECTOR('',#15691,1.);
#12333=VECTOR('',#15696,1.);
#12334=VECTOR('',#15697,1.);
#12335=VECTOR('',#15698,1.);
#12336=VECTOR('',#15703,1.);
#12337=VECTOR('',#15708,1.);
#12338=VECTOR('',#15715,1.);
#12339=VECTOR('',#15718,1.);
#12340=VECTOR('',#15723,1.);
#12341=VECTOR('',#15724,1.);
#12342=VECTOR('',#15725,1.);
#12343=VECTOR('',#15730,1.);
#12344=VECTOR('',#15735,1.);
#12345=VECTOR('',#15742,1.);
#12346=VECTOR('',#15745,1.);
#12347=VECTOR('',#15750,1.);
#12348=VECTOR('',#15751,1.);
#12349=VECTOR('',#15752,1.);
#12350=VECTOR('',#15757,1.);
#12351=VECTOR('',#15762,1.);
#12352=VECTOR('',#15769,1.);
#12353=VECTOR('',#15772,1.);
#12354=VECTOR('',#15777,1.);
#12355=VECTOR('',#15778,1.);
#12356=VECTOR('',#15779,1.);
#12357=VECTOR('',#15784,1.);
#12358=VECTOR('',#15789,1.);
#12359=VECTOR('',#15796,1.);
#12360=VECTOR('',#15799,1.);
#12361=VECTOR('',#15804,1.);
#12362=VECTOR('',#15805,1.);
#12363=VECTOR('',#15806,1.);
#12364=VECTOR('',#15811,1.);
#12365=VECTOR('',#15816,1.);
#12366=VECTOR('',#15823,1.);
#12367=VECTOR('',#15826,1.);
#12368=VECTOR('',#15831,1.);
#12369=VECTOR('',#15832,1.);
#12370=VECTOR('',#15833,1.);
#12371=VECTOR('',#15838,1.);
#12372=VECTOR('',#15843,1.);
#12373=VECTOR('',#15850,1.);
#12374=VECTOR('',#15853,1.);
#12375=VECTOR('',#15858,1.);
#12376=VECTOR('',#15859,1.);
#12377=VECTOR('',#15860,1.);
#12378=VECTOR('',#15865,1.);
#12379=VECTOR('',#15870,1.);
#12380=VECTOR('',#15877,1.);
#12381=VECTOR('',#15880,1.);
#12382=VECTOR('',#15885,1.);
#12383=VECTOR('',#15886,1.);
#12384=VECTOR('',#15887,1.);
#12385=VECTOR('',#15892,1.);
#12386=VECTOR('',#15897,1.);
#12387=VECTOR('',#15904,1.);
#12388=VECTOR('',#15907,1.);
#12389=VECTOR('',#15912,1.);
#12390=VECTOR('',#15913,1.);
#12391=VECTOR('',#15914,1.);
#12392=VECTOR('',#15919,1.);
#12393=VECTOR('',#15924,1.);
#12394=VECTOR('',#15931,1.);
#12395=VECTOR('',#15934,1.);
#12396=VECTOR('',#15939,1.);
#12397=VECTOR('',#15940,1.);
#12398=VECTOR('',#15941,1.);
#12399=VECTOR('',#15946,1.);
#12400=VECTOR('',#15953,1.);
#12401=VECTOR('',#15956,1.);
#12402=VECTOR('',#15961,1.);
#12403=VECTOR('',#15966,1.);
#12404=VECTOR('',#15967,1.);
#12405=VECTOR('',#15968,1.);
#12406=VECTOR('',#15973,1.);
#12407=VECTOR('',#15980,1.);
#12408=VECTOR('',#15983,1.);
#12409=VECTOR('',#15988,1.);
#12410=VECTOR('',#15993,1.);
#12411=VECTOR('',#15994,1.);
#12412=VECTOR('',#15995,1.);
#12413=VECTOR('',#16000,1.);
#12414=VECTOR('',#16007,1.);
#12415=VECTOR('',#16010,1.);
#12416=VECTOR('',#16015,1.);
#12417=VECTOR('',#16020,1.);
#12418=VECTOR('',#16021,1.);
#12419=VECTOR('',#16022,1.);
#12420=VECTOR('',#16027,1.);
#12421=VECTOR('',#16034,1.);
#12422=VECTOR('',#16037,1.);
#12423=VECTOR('',#16042,1.);
#12424=VECTOR('',#16047,1.);
#12425=VECTOR('',#16048,1.);
#12426=VECTOR('',#16049,1.);
#12427=VECTOR('',#16054,1.);
#12428=VECTOR('',#16061,1.);
#12429=VECTOR('',#16064,1.);
#12430=VECTOR('',#16069,1.);
#12431=VECTOR('',#16074,1.);
#12432=VECTOR('',#16075,1.);
#12433=VECTOR('',#16076,1.);
#12434=VECTOR('',#16081,1.);
#12435=VECTOR('',#16088,1.);
#12436=VECTOR('',#16091,1.);
#12437=VECTOR('',#16096,1.);
#12438=VECTOR('',#16101,1.);
#12439=VECTOR('',#16102,1.);
#12440=VECTOR('',#16103,1.);
#12441=VECTOR('',#16108,1.);
#12442=VECTOR('',#16115,1.);
#12443=VECTOR('',#16118,1.);
#12444=VECTOR('',#16123,1.);
#12445=VECTOR('',#16128,1.);
#12446=VECTOR('',#16129,1.);
#12447=VECTOR('',#16130,1.);
#12448=VECTOR('',#16135,1.);
#12449=VECTOR('',#16142,1.);
#12450=VECTOR('',#16145,1.);
#12451=VECTOR('',#16150,1.);
#12452=VECTOR('',#16155,1.);
#12453=VECTOR('',#16156,1.);
#12454=VECTOR('',#16157,1.);
#12455=VECTOR('',#16162,1.);
#12456=VECTOR('',#16169,1.);
#12457=VECTOR('',#16172,1.);
#12458=VECTOR('',#16177,1.);
#12459=VECTOR('',#16182,1.);
#12460=VECTOR('',#16183,1.);
#12461=VECTOR('',#16184,1.);
#12462=VECTOR('',#16189,1.);
#12463=VECTOR('',#16196,1.);
#12464=VECTOR('',#16199,1.);
#12465=VECTOR('',#16204,1.);
#12466=VECTOR('',#16209,1.);
#12467=VECTOR('',#16210,1.);
#12468=VECTOR('',#16211,1.);
#12469=VECTOR('',#16216,1.);
#12470=VECTOR('',#16223,1.);
#12471=VECTOR('',#16226,1.);
#12472=VECTOR('',#16231,1.);
#12473=VECTOR('',#16236,1.);
#12474=VECTOR('',#16237,1.);
#12475=VECTOR('',#16238,1.);
#12476=VECTOR('',#16243,1.);
#12477=VECTOR('',#16250,1.);
#12478=VECTOR('',#16253,1.);
#12479=VECTOR('',#16258,1.);
#12480=VECTOR('',#16263,1.);
#12481=VECTOR('',#16264,1.);
#12482=VECTOR('',#16265,1.);
#12483=VECTOR('',#16270,1.);
#12484=VECTOR('',#16277,1.);
#12485=VECTOR('',#16280,1.);
#12486=VECTOR('',#16285,1.);
#12487=VECTOR('',#16290,1.);
#12488=VECTOR('',#16291,1.);
#12489=VECTOR('',#16292,1.);
#12490=VECTOR('',#16297,1.);
#12491=VECTOR('',#16304,1.);
#12492=VECTOR('',#16307,1.);
#12493=VECTOR('',#16312,1.);
#12494=VECTOR('',#16317,1.);
#12495=VECTOR('',#16318,1.);
#12496=VECTOR('',#16319,1.);
#12497=VECTOR('',#16326,1.);
#12498=VECTOR('',#16335,1.);
#12499=VECTOR('',#16354,1.);
#12500=VECTOR('',#16355,1.);
#12501=VECTOR('',#16356,1.);
#12502=VECTOR('',#16363,1.);
#12503=VECTOR('',#16372,1.);
#12504=VECTOR('',#16391,1.);
#12505=VECTOR('',#16392,1.);
#12506=VECTOR('',#16393,1.);
#12507=VECTOR('',#16400,1.);
#12508=VECTOR('',#16409,1.);
#12509=VECTOR('',#16428,1.);
#12510=VECTOR('',#16429,1.);
#12511=VECTOR('',#16430,1.);
#12512=VECTOR('',#16437,1.);
#12513=VECTOR('',#16446,1.);
#12514=VECTOR('',#16465,1.);
#12515=VECTOR('',#16466,1.);
#12516=VECTOR('',#16467,1.);
#12517=VECTOR('',#16474,1.);
#12518=VECTOR('',#16483,1.);
#12519=VECTOR('',#16502,1.);
#12520=VECTOR('',#16503,1.);
#12521=VECTOR('',#16504,1.);
#12522=VECTOR('',#16511,1.);
#12523=VECTOR('',#16520,1.);
#12524=VECTOR('',#16539,1.);
#12525=VECTOR('',#16540,1.);
#12526=VECTOR('',#16541,1.);
#12527=VECTOR('',#16548,1.);
#12528=VECTOR('',#16557,1.);
#12529=VECTOR('',#16576,1.);
#12530=VECTOR('',#16577,1.);
#12531=VECTOR('',#16578,1.);
#12532=VECTOR('',#16585,1.);
#12533=VECTOR('',#16594,1.);
#12534=VECTOR('',#16613,1.);
#12535=VECTOR('',#16614,1.);
#12536=VECTOR('',#16615,1.);
#12537=VECTOR('',#16622,1.);
#12538=VECTOR('',#16631,1.);
#12539=VECTOR('',#16650,1.);
#12540=VECTOR('',#16651,1.);
#12541=VECTOR('',#16652,1.);
#12542=VECTOR('',#16659,1.);
#12543=VECTOR('',#16668,1.);
#12544=VECTOR('',#16687,1.);
#12545=VECTOR('',#16688,1.);
#12546=VECTOR('',#16689,1.);
#12547=VECTOR('',#16696,1.);
#12548=VECTOR('',#16705,1.);
#12549=VECTOR('',#16724,1.);
#12550=VECTOR('',#16725,1.);
#12551=VECTOR('',#16726,1.);
#12552=VECTOR('',#16733,1.);
#12553=VECTOR('',#16742,1.);
#12554=VECTOR('',#16761,1.);
#12555=VECTOR('',#16762,1.);
#12556=VECTOR('',#16763,1.);
#12557=VECTOR('',#16770,1.);
#12558=VECTOR('',#16779,1.);
#12559=VECTOR('',#16798,1.);
#12560=VECTOR('',#16799,1.);
#12561=VECTOR('',#16800,1.);
#12562=VECTOR('',#16807,1.);
#12563=VECTOR('',#16816,1.);
#12564=VECTOR('',#16835,1.);
#12565=VECTOR('',#16836,1.);
#12566=VECTOR('',#16837,1.);
#12567=VECTOR('',#16840,1.);
#12568=VECTOR('',#16841,1.);
#12569=VECTOR('',#16842,1.);
#12570=VECTOR('',#16843,1.);
#12571=VECTOR('',#16846,1.);
#12572=VECTOR('',#16847,1.);
#12573=VECTOR('',#16848,1.);
#12574=VECTOR('',#16849,1.);
#12575=VECTOR('',#16852,1.);
#12576=VECTOR('',#16853,1.);
#12577=VECTOR('',#16858,1.);
#12578=VECTOR('',#16863,1.);
#12579=VECTOR('',#16864,1.);
#12580=VECTOR('',#16865,1.);
#12581=VECTOR('',#16868,1.);
#12582=VECTOR('',#16869,1.);
#12583=VECTOR('',#16870,1.);
#12584=VECTOR('',#16871,1.);
#12585=VECTOR('',#16874,1.);
#12586=VECTOR('',#16875,1.);
#12587=VECTOR('',#16876,1.);
#12588=VECTOR('',#16877,1.);
#12589=VECTOR('',#16880,1.);
#12590=VECTOR('',#16881,1.);
#12591=VECTOR('',#16886,1.);
#12592=VECTOR('',#16891,1.);
#12593=VECTOR('',#16892,1.);
#12594=VECTOR('',#16893,1.);
#12595=VECTOR('',#16896,1.);
#12596=VECTOR('',#16897,1.);
#12597=VECTOR('',#16898,1.);
#12598=VECTOR('',#16899,1.);
#12599=VECTOR('',#16902,1.);
#12600=VECTOR('',#16903,1.);
#12601=VECTOR('',#16904,1.);
#12602=VECTOR('',#16905,1.);
#12603=VECTOR('',#16908,1.);
#12604=VECTOR('',#16909,1.);
#12605=VECTOR('',#16914,1.);
#12606=VECTOR('',#16919,1.);
#12607=VECTOR('',#16920,1.);
#12608=VECTOR('',#16921,1.);
#12609=VECTOR('',#16924,1.);
#12610=VECTOR('',#16925,1.);
#12611=VECTOR('',#16926,1.);
#12612=VECTOR('',#16927,1.);
#12613=VECTOR('',#16930,1.);
#12614=VECTOR('',#16931,1.);
#12615=VECTOR('',#16932,1.);
#12616=VECTOR('',#16933,1.);
#12617=VECTOR('',#16936,1.);
#12618=VECTOR('',#16937,1.);
#12619=VECTOR('',#16942,1.);
#12620=VECTOR('',#16947,1.);
#12621=VECTOR('',#16948,1.);
#12622=VECTOR('',#16949,1.);
#12623=VECTOR('',#16952,1.);
#12624=VECTOR('',#16953,1.);
#12625=VECTOR('',#16954,1.);
#12626=VECTOR('',#16955,1.);
#12627=VECTOR('',#16958,1.);
#12628=VECTOR('',#16959,1.);
#12629=VECTOR('',#16960,1.);
#12630=VECTOR('',#16961,1.);
#12631=VECTOR('',#16964,1.);
#12632=VECTOR('',#16965,1.);
#12633=VECTOR('',#16970,1.);
#12634=VECTOR('',#16975,1.);
#12635=VECTOR('',#16976,1.);
#12636=VECTOR('',#16977,1.);
#12637=VECTOR('',#16980,1.);
#12638=VECTOR('',#16981,1.);
#12639=VECTOR('',#16982,1.);
#12640=VECTOR('',#16983,1.);
#12641=VECTOR('',#16986,1.);
#12642=VECTOR('',#16987,1.);
#12643=VECTOR('',#16988,1.);
#12644=VECTOR('',#16989,1.);
#12645=VECTOR('',#16992,1.);
#12646=VECTOR('',#16993,1.);
#12647=VECTOR('',#16998,1.);
#12648=VECTOR('',#17003,1.);
#12649=VECTOR('',#17004,1.);
#12650=VECTOR('',#17005,1.);
#12651=VECTOR('',#17008,1.);
#12652=VECTOR('',#17009,1.);
#12653=VECTOR('',#17010,1.);
#12654=VECTOR('',#17011,1.);
#12655=VECTOR('',#17014,1.);
#12656=VECTOR('',#17015,1.);
#12657=VECTOR('',#17016,1.);
#12658=VECTOR('',#17017,1.);
#12659=VECTOR('',#17020,1.);
#12660=VECTOR('',#17021,1.);
#12661=VECTOR('',#17026,1.);
#12662=VECTOR('',#17031,1.);
#12663=VECTOR('',#17032,1.);
#12664=VECTOR('',#17033,1.);
#12665=VECTOR('',#17036,1.);
#12666=VECTOR('',#17037,1.);
#12667=VECTOR('',#17038,1.);
#12668=VECTOR('',#17039,1.);
#12669=VECTOR('',#17042,1.);
#12670=VECTOR('',#17043,1.);
#12671=VECTOR('',#17044,1.);
#12672=VECTOR('',#17045,1.);
#12673=VECTOR('',#17048,1.);
#12674=VECTOR('',#17049,1.);
#12675=VECTOR('',#17054,1.);
#12676=VECTOR('',#17059,1.);
#12677=VECTOR('',#17060,1.);
#12678=VECTOR('',#17061,1.);
#12679=VECTOR('',#17064,1.);
#12680=VECTOR('',#17065,1.);
#12681=VECTOR('',#17066,1.);
#12682=VECTOR('',#17067,1.);
#12683=VECTOR('',#17070,1.);
#12684=VECTOR('',#17071,1.);
#12685=VECTOR('',#17072,1.);
#12686=VECTOR('',#17073,1.);
#12687=VECTOR('',#17076,1.);
#12688=VECTOR('',#17077,1.);
#12689=VECTOR('',#17082,1.);
#12690=VECTOR('',#17087,1.);
#12691=VECTOR('',#17088,1.);
#12692=VECTOR('',#17089,1.);
#12693=VECTOR('',#17092,1.);
#12694=VECTOR('',#17093,1.);
#12695=VECTOR('',#17094,1.);
#12696=VECTOR('',#17095,1.);
#12697=VECTOR('',#17098,1.);
#12698=VECTOR('',#17099,1.);
#12699=VECTOR('',#17100,1.);
#12700=VECTOR('',#17101,1.);
#12701=VECTOR('',#17104,1.);
#12702=VECTOR('',#17105,1.);
#12703=VECTOR('',#17110,1.);
#12704=VECTOR('',#17115,1.);
#12705=VECTOR('',#17116,1.);
#12706=VECTOR('',#17117,1.);
#12707=VECTOR('',#17120,1.);
#12708=VECTOR('',#17121,1.);
#12709=VECTOR('',#17122,1.);
#12710=VECTOR('',#17123,1.);
#12711=VECTOR('',#17126,1.);
#12712=VECTOR('',#17127,1.);
#12713=VECTOR('',#17128,1.);
#12714=VECTOR('',#17129,1.);
#12715=VECTOR('',#17132,1.);
#12716=VECTOR('',#17133,1.);
#12717=VECTOR('',#17138,1.);
#12718=VECTOR('',#17143,1.);
#12719=VECTOR('',#17144,1.);
#12720=VECTOR('',#17145,1.);
#12721=VECTOR('',#17148,1.);
#12722=VECTOR('',#17149,1.);
#12723=VECTOR('',#17150,1.);
#12724=VECTOR('',#17151,1.);
#12725=VECTOR('',#17154,1.);
#12726=VECTOR('',#17155,1.);
#12727=VECTOR('',#17156,1.);
#12728=VECTOR('',#17157,1.);
#12729=VECTOR('',#17160,1.);
#12730=VECTOR('',#17161,1.);
#12731=VECTOR('',#17166,1.);
#12732=VECTOR('',#17171,1.);
#12733=VECTOR('',#17172,1.);
#12734=VECTOR('',#17173,1.);
#12735=VECTOR('',#17176,1.);
#12736=VECTOR('',#17177,1.);
#12737=VECTOR('',#17178,1.);
#12738=VECTOR('',#17179,1.);
#12739=VECTOR('',#17182,1.);
#12740=VECTOR('',#17183,1.);
#12741=VECTOR('',#17184,1.);
#12742=VECTOR('',#17185,1.);
#12743=VECTOR('',#17188,1.);
#12744=VECTOR('',#17189,1.);
#12745=VECTOR('',#17194,1.);
#12746=VECTOR('',#17199,1.);
#12747=VECTOR('',#17200,1.);
#12748=VECTOR('',#17201,1.);
#12749=VECTOR('',#17204,1.);
#12750=VECTOR('',#17205,1.);
#12751=VECTOR('',#17206,1.);
#12752=VECTOR('',#17207,1.);
#12753=VECTOR('',#17210,1.);
#12754=VECTOR('',#17211,1.);
#12755=VECTOR('',#17212,1.);
#12756=VECTOR('',#17213,1.);
#12757=VECTOR('',#17216,1.);
#12758=VECTOR('',#17217,1.);
#12759=VECTOR('',#17222,1.);
#12760=AXIS2_PLACEMENT_3D('',#17227,#13767,#13768);
#12761=AXIS2_PLACEMENT_3D('',#17596,#14013,#14014);
#12762=AXIS2_PLACEMENT_3D('',#17677,#14063,#14064);
#12763=AXIS2_PLACEMENT_3D('',#17806,#14129,#14130);
#12764=AXIS2_PLACEMENT_3D('',#17995,#14225,#14226);
#12765=AXIS2_PLACEMENT_3D('',#18006,#14233,#14234);
#12766=AXIS2_PLACEMENT_3D('',#18010,#14237,#14238);
#12767=AXIS2_PLACEMENT_3D('',#18014,#14241,#14242);
#12768=AXIS2_PLACEMENT_3D('',#18091,#14289,#14290);
#12769=AXIS2_PLACEMENT_3D('',#18097,#14294,#14295);
#12770=AXIS2_PLACEMENT_3D('',#18099,#14297,#14298);
#12771=AXIS2_PLACEMENT_3D('',#18281,#14390,#14391);
#12772=AXIS2_PLACEMENT_3D('',#18282,#14392,#14393);
#12773=AXIS2_PLACEMENT_3D('',#18288,#14397,#14398);
#12774=AXIS2_PLACEMENT_3D('',#18290,#14400,#14401);
#12775=AXIS2_PLACEMENT_3D('',#18292,#14403,#14404);
#12776=AXIS2_PLACEMENT_3D('',#18413,#14465,#14466);
#12777=AXIS2_PLACEMENT_3D('',#18419,#14470,#14471);
#12778=AXIS2_PLACEMENT_3D('',#18425,#14475,#14476);
#12779=AXIS2_PLACEMENT_3D('',#18431,#14480,#14481);
#12780=AXIS2_PLACEMENT_3D('',#18437,#14485,#14486);
#12781=AXIS2_PLACEMENT_3D('',#18440,#14489,#14490);
#12782=AXIS2_PLACEMENT_3D('',#18441,#14491,#14492);
#12783=AXIS2_PLACEMENT_3D('',#18442,#14493,#14494);
#12784=AXIS2_PLACEMENT_3D('',#18443,#14495,#14496);
#12785=AXIS2_PLACEMENT_3D('',#18445,#14497,#14498);
#12786=AXIS2_PLACEMENT_3D('',#18449,#14500,#14501);
#12787=AXIS2_PLACEMENT_3D('',#18450,#14502,#14503);
#12788=AXIS2_PLACEMENT_3D('',#18453,#14505,#14506);
#12789=AXIS2_PLACEMENT_3D('',#18456,#14509,#14510);
#12790=AXIS2_PLACEMENT_3D('',#18457,#14511,#14512);
#12791=AXIS2_PLACEMENT_3D('',#18461,#14514,#14515);
#12792=AXIS2_PLACEMENT_3D('',#18462,#14516,#14517);
#12793=AXIS2_PLACEMENT_3D('',#18463,#14518,#14519);
#12794=AXIS2_PLACEMENT_3D('',#18464,#14520,#14521);
#12795=AXIS2_PLACEMENT_3D('',#18465,#14522,#14523);
#12796=AXIS2_PLACEMENT_3D('',#18466,#14524,#14525);
#12797=AXIS2_PLACEMENT_3D('',#18467,#14526,#14527);
#12798=AXIS2_PLACEMENT_3D('',#18468,#14528,#14529);
#12799=AXIS2_PLACEMENT_3D('',#18469,#14530,#14531);
#12800=AXIS2_PLACEMENT_3D('',#18475,#14535,#14536);
#12801=AXIS2_PLACEMENT_3D('',#18476,#14537,#14538);
#12802=AXIS2_PLACEMENT_3D('',#18480,#14540,#14541);
#12803=AXIS2_PLACEMENT_3D('',#18481,#14542,#14543);
#12804=AXIS2_PLACEMENT_3D('',#18484,#14545,#14546);
#12805=AXIS2_PLACEMENT_3D('',#18485,#14547,#14548);
#12806=AXIS2_PLACEMENT_3D('',#18486,#14549,#14550);
#12807=AXIS2_PLACEMENT_3D('',#18489,#14552,#14553);
#12808=AXIS2_PLACEMENT_3D('',#18491,#14555,#14556);
#12809=AXIS2_PLACEMENT_3D('',#18492,#14557,#14558);
#12810=AXIS2_PLACEMENT_3D('',#18498,#14562,#14563);
#12811=AXIS2_PLACEMENT_3D('',#18499,#14564,#14565);
#12812=AXIS2_PLACEMENT_3D('',#18503,#14567,#14568);
#12813=AXIS2_PLACEMENT_3D('',#18504,#14569,#14570);
#12814=AXIS2_PLACEMENT_3D('',#18505,#14571,#14572);
#12815=AXIS2_PLACEMENT_3D('',#18508,#14574,#14575);
#12816=AXIS2_PLACEMENT_3D('',#18511,#14577,#14578);
#12817=AXIS2_PLACEMENT_3D('',#18512,#14579,#14580);
#12818=AXIS2_PLACEMENT_3D('',#18514,#14582,#14583);
#12819=AXIS2_PLACEMENT_3D('',#18515,#14584,#14585);
#12820=AXIS2_PLACEMENT_3D('',#18521,#14589,#14590);
#12821=AXIS2_PLACEMENT_3D('',#18522,#14591,#14592);
#12822=AXIS2_PLACEMENT_3D('',#18523,#14593,#14594);
#12823=AXIS2_PLACEMENT_3D('',#18527,#14596,#14597);
#12824=AXIS2_PLACEMENT_3D('',#18528,#14598,#14599);
#12825=AXIS2_PLACEMENT_3D('',#18529,#14600,#14601);
#12826=AXIS2_PLACEMENT_3D('',#18530,#14602,#14603);
#12827=AXIS2_PLACEMENT_3D('',#18534,#14605,#14606);
#12828=AXIS2_PLACEMENT_3D('',#18535,#14607,#14608);
#12829=AXIS2_PLACEMENT_3D('',#18536,#14609,#14610);
#12830=AXIS2_PLACEMENT_3D('',#18537,#14611,#14612);
#12831=AXIS2_PLACEMENT_3D('',#18538,#14613,#14614);
#12832=AXIS2_PLACEMENT_3D('',#18539,#14615,#14616);
#12833=AXIS2_PLACEMENT_3D('',#18540,#14617,#14618);
#12834=AXIS2_PLACEMENT_3D('',#18541,#14619,#14620);
#12835=AXIS2_PLACEMENT_3D('',#18542,#14621,#14622);
#12836=AXIS2_PLACEMENT_3D('',#18551,#14627,#14628);
#12837=AXIS2_PLACEMENT_3D('',#18557,#14632,#14633);
#12838=AXIS2_PLACEMENT_3D('',#18560,#14636,#14637);
#12839=AXIS2_PLACEMENT_3D('',#18566,#14641,#14642);
#12840=AXIS2_PLACEMENT_3D('',#18569,#14645,#14646);
#12841=AXIS2_PLACEMENT_3D('',#18570,#14647,#14648);
#12842=AXIS2_PLACEMENT_3D('',#18571,#14649,#14650);
#12843=AXIS2_PLACEMENT_3D('',#18577,#14654,#14655);
#12844=AXIS2_PLACEMENT_3D('',#18585,#14660,#14661);
#12845=AXIS2_PLACEMENT_3D('',#18593,#14666,#14667);
#12846=AXIS2_PLACEMENT_3D('',#18595,#14669,#14670);
#12847=AXIS2_PLACEMENT_3D('',#18597,#14672,#14673);
#12848=AXIS2_PLACEMENT_3D('',#18599,#14675,#14676);
#12849=AXIS2_PLACEMENT_3D('',#18600,#14677,#14678);
#12850=AXIS2_PLACEMENT_3D('',#18606,#14682,#14683);
#12851=AXIS2_PLACEMENT_3D('',#18614,#14688,#14689);
#12852=AXIS2_PLACEMENT_3D('',#18622,#14694,#14695);
#12853=AXIS2_PLACEMENT_3D('',#18624,#14697,#14698);
#12854=AXIS2_PLACEMENT_3D('',#18626,#14700,#14701);
#12855=AXIS2_PLACEMENT_3D('',#18628,#14703,#14704);
#12856=AXIS2_PLACEMENT_3D('',#18629,#14705,#14706);
#12857=AXIS2_PLACEMENT_3D('',#18635,#14710,#14711);
#12858=AXIS2_PLACEMENT_3D('',#18643,#14716,#14717);
#12859=AXIS2_PLACEMENT_3D('',#18651,#14722,#14723);
#12860=AXIS2_PLACEMENT_3D('',#18653,#14725,#14726);
#12861=AXIS2_PLACEMENT_3D('',#18655,#14728,#14729);
#12862=AXIS2_PLACEMENT_3D('',#18657,#14731,#14732);
#12863=AXIS2_PLACEMENT_3D('',#18658,#14733,#14734);
#12864=AXIS2_PLACEMENT_3D('',#18664,#14738,#14739);
#12865=AXIS2_PLACEMENT_3D('',#18672,#14744,#14745);
#12866=AXIS2_PLACEMENT_3D('',#18680,#14750,#14751);
#12867=AXIS2_PLACEMENT_3D('',#18682,#14753,#14754);
#12868=AXIS2_PLACEMENT_3D('',#18684,#14756,#14757);
#12869=AXIS2_PLACEMENT_3D('',#18686,#14759,#14760);
#12870=AXIS2_PLACEMENT_3D('',#18687,#14761,#14762);
#12871=AXIS2_PLACEMENT_3D('',#18693,#14766,#14767);
#12872=AXIS2_PLACEMENT_3D('',#18701,#14772,#14773);
#12873=AXIS2_PLACEMENT_3D('',#18709,#14778,#14779);
#12874=AXIS2_PLACEMENT_3D('',#18711,#14781,#14782);
#12875=AXIS2_PLACEMENT_3D('',#18713,#14784,#14785);
#12876=AXIS2_PLACEMENT_3D('',#18715,#14787,#14788);
#12877=AXIS2_PLACEMENT_3D('',#18716,#14789,#14790);
#12878=AXIS2_PLACEMENT_3D('',#18722,#14794,#14795);
#12879=AXIS2_PLACEMENT_3D('',#18730,#14800,#14801);
#12880=AXIS2_PLACEMENT_3D('',#18738,#14806,#14807);
#12881=AXIS2_PLACEMENT_3D('',#18740,#14809,#14810);
#12882=AXIS2_PLACEMENT_3D('',#18742,#14812,#14813);
#12883=AXIS2_PLACEMENT_3D('',#18744,#14815,#14816);
#12884=AXIS2_PLACEMENT_3D('',#18745,#14817,#14818);
#12885=AXIS2_PLACEMENT_3D('',#18751,#14822,#14823);
#12886=AXIS2_PLACEMENT_3D('',#18759,#14828,#14829);
#12887=AXIS2_PLACEMENT_3D('',#18767,#14834,#14835);
#12888=AXIS2_PLACEMENT_3D('',#18769,#14837,#14838);
#12889=AXIS2_PLACEMENT_3D('',#18771,#14840,#14841);
#12890=AXIS2_PLACEMENT_3D('',#18773,#14843,#14844);
#12891=AXIS2_PLACEMENT_3D('',#18774,#14845,#14846);
#12892=AXIS2_PLACEMENT_3D('',#18780,#14850,#14851);
#12893=AXIS2_PLACEMENT_3D('',#18788,#14856,#14857);
#12894=AXIS2_PLACEMENT_3D('',#18796,#14862,#14863);
#12895=AXIS2_PLACEMENT_3D('',#18798,#14865,#14866);
#12896=AXIS2_PLACEMENT_3D('',#18800,#14868,#14869);
#12897=AXIS2_PLACEMENT_3D('',#18802,#14871,#14872);
#12898=AXIS2_PLACEMENT_3D('',#18803,#14873,#14874);
#12899=AXIS2_PLACEMENT_3D('',#18809,#14878,#14879);
#12900=AXIS2_PLACEMENT_3D('',#18817,#14884,#14885);
#12901=AXIS2_PLACEMENT_3D('',#18825,#14890,#14891);
#12902=AXIS2_PLACEMENT_3D('',#18827,#14893,#14894);
#12903=AXIS2_PLACEMENT_3D('',#18829,#14896,#14897);
#12904=AXIS2_PLACEMENT_3D('',#18831,#14899,#14900);
#12905=AXIS2_PLACEMENT_3D('',#18832,#14901,#14902);
#12906=AXIS2_PLACEMENT_3D('',#18838,#14906,#14907);
#12907=AXIS2_PLACEMENT_3D('',#18846,#14912,#14913);
#12908=AXIS2_PLACEMENT_3D('',#18854,#14918,#14919);
#12909=AXIS2_PLACEMENT_3D('',#18856,#14921,#14922);
#12910=AXIS2_PLACEMENT_3D('',#18858,#14924,#14925);
#12911=AXIS2_PLACEMENT_3D('',#18860,#14927,#14928);
#12912=AXIS2_PLACEMENT_3D('',#18861,#14929,#14930);
#12913=AXIS2_PLACEMENT_3D('',#18867,#14934,#14935);
#12914=AXIS2_PLACEMENT_3D('',#18875,#14940,#14941);
#12915=AXIS2_PLACEMENT_3D('',#18883,#14946,#14947);
#12916=AXIS2_PLACEMENT_3D('',#18885,#14949,#14950);
#12917=AXIS2_PLACEMENT_3D('',#18887,#14952,#14953);
#12918=AXIS2_PLACEMENT_3D('',#18889,#14955,#14956);
#12919=AXIS2_PLACEMENT_3D('',#18890,#14957,#14958);
#12920=AXIS2_PLACEMENT_3D('',#18896,#14962,#14963);
#12921=AXIS2_PLACEMENT_3D('',#18904,#14968,#14969);
#12922=AXIS2_PLACEMENT_3D('',#18912,#14974,#14975);
#12923=AXIS2_PLACEMENT_3D('',#18914,#14977,#14978);
#12924=AXIS2_PLACEMENT_3D('',#18916,#14980,#14981);
#12925=AXIS2_PLACEMENT_3D('',#18918,#14983,#14984);
#12926=AXIS2_PLACEMENT_3D('',#18919,#14985,#14986);
#12927=AXIS2_PLACEMENT_3D('',#18925,#14990,#14991);
#12928=AXIS2_PLACEMENT_3D('',#18933,#14996,#14997);
#12929=AXIS2_PLACEMENT_3D('',#18941,#15002,#15003);
#12930=AXIS2_PLACEMENT_3D('',#18943,#15005,#15006);
#12931=AXIS2_PLACEMENT_3D('',#18945,#15008,#15009);
#12932=AXIS2_PLACEMENT_3D('',#18947,#15011,#15012);
#12933=AXIS2_PLACEMENT_3D('',#18948,#15013,#15014);
#12934=AXIS2_PLACEMENT_3D('',#18954,#15018,#15019);
#12935=AXIS2_PLACEMENT_3D('',#18962,#15024,#15025);
#12936=AXIS2_PLACEMENT_3D('',#18970,#15030,#15031);
#12937=AXIS2_PLACEMENT_3D('',#18972,#15033,#15034);
#12938=AXIS2_PLACEMENT_3D('',#18974,#15036,#15037);
#12939=AXIS2_PLACEMENT_3D('',#18976,#15039,#15040);
#12940=AXIS2_PLACEMENT_3D('',#18977,#15041,#15042);
#12941=AXIS2_PLACEMENT_3D('',#18978,#15043,#15044);
#12942=AXIS2_PLACEMENT_3D('',#18980,#15045,#15046);
#12943=AXIS2_PLACEMENT_3D('',#18984,#15048,#15049);
#12944=AXIS2_PLACEMENT_3D('',#18985,#15050,#15051);
#12945=AXIS2_PLACEMENT_3D('',#18988,#15053,#15054);
#12946=AXIS2_PLACEMENT_3D('',#18991,#15057,#15058);
#12947=AXIS2_PLACEMENT_3D('',#18992,#15059,#15060);
#12948=AXIS2_PLACEMENT_3D('',#18996,#15062,#15063);
#12949=AXIS2_PLACEMENT_3D('',#18997,#15064,#15065);
#12950=AXIS2_PLACEMENT_3D('',#18998,#15066,#15067);
#12951=AXIS2_PLACEMENT_3D('',#18999,#15068,#15069);
#12952=AXIS2_PLACEMENT_3D('',#19000,#15070,#15071);
#12953=AXIS2_PLACEMENT_3D('',#19001,#15072,#15073);
#12954=AXIS2_PLACEMENT_3D('',#19002,#15074,#15075);
#12955=AXIS2_PLACEMENT_3D('',#19003,#15076,#15077);
#12956=AXIS2_PLACEMENT_3D('',#19004,#15078,#15079);
#12957=AXIS2_PLACEMENT_3D('',#19005,#15080,#15081);
#12958=AXIS2_PLACEMENT_3D('',#19007,#15082,#15083);
#12959=AXIS2_PLACEMENT_3D('',#19011,#15085,#15086);
#12960=AXIS2_PLACEMENT_3D('',#19012,#15087,#15088);
#12961=AXIS2_PLACEMENT_3D('',#19015,#15090,#15091);
#12962=AXIS2_PLACEMENT_3D('',#19018,#15094,#15095);
#12963=AXIS2_PLACEMENT_3D('',#19019,#15096,#15097);
#12964=AXIS2_PLACEMENT_3D('',#19023,#15099,#15100);
#12965=AXIS2_PLACEMENT_3D('',#19024,#15101,#15102);
#12966=AXIS2_PLACEMENT_3D('',#19025,#15103,#15104);
#12967=AXIS2_PLACEMENT_3D('',#19026,#15105,#15106);
#12968=AXIS2_PLACEMENT_3D('',#19027,#15107,#15108);
#12969=AXIS2_PLACEMENT_3D('',#19028,#15109,#15110);
#12970=AXIS2_PLACEMENT_3D('',#19029,#15111,#15112);
#12971=AXIS2_PLACEMENT_3D('',#19030,#15113,#15114);
#12972=AXIS2_PLACEMENT_3D('',#19031,#15115,#15116);
#12973=AXIS2_PLACEMENT_3D('',#19032,#15117,#15118);
#12974=AXIS2_PLACEMENT_3D('',#19034,#15119,#15120);
#12975=AXIS2_PLACEMENT_3D('',#19038,#15122,#15123);
#12976=AXIS2_PLACEMENT_3D('',#19039,#15124,#15125);
#12977=AXIS2_PLACEMENT_3D('',#19042,#15127,#15128);
#12978=AXIS2_PLACEMENT_3D('',#19045,#15131,#15132);
#12979=AXIS2_PLACEMENT_3D('',#19046,#15133,#15134);
#12980=AXIS2_PLACEMENT_3D('',#19050,#15136,#15137);
#12981=AXIS2_PLACEMENT_3D('',#19051,#15138,#15139);
#12982=AXIS2_PLACEMENT_3D('',#19052,#15140,#15141);
#12983=AXIS2_PLACEMENT_3D('',#19053,#15142,#15143);
#12984=AXIS2_PLACEMENT_3D('',#19054,#15144,#15145);
#12985=AXIS2_PLACEMENT_3D('',#19055,#15146,#15147);
#12986=AXIS2_PLACEMENT_3D('',#19056,#15148,#15149);
#12987=AXIS2_PLACEMENT_3D('',#19057,#15150,#15151);
#12988=AXIS2_PLACEMENT_3D('',#19058,#15152,#15153);
#12989=AXIS2_PLACEMENT_3D('',#19059,#15154,#15155);
#12990=AXIS2_PLACEMENT_3D('',#19061,#15156,#15157);
#12991=AXIS2_PLACEMENT_3D('',#19065,#15159,#15160);
#12992=AXIS2_PLACEMENT_3D('',#19066,#15161,#15162);
#12993=AXIS2_PLACEMENT_3D('',#19069,#15164,#15165);
#12994=AXIS2_PLACEMENT_3D('',#19072,#15168,#15169);
#12995=AXIS2_PLACEMENT_3D('',#19073,#15170,#15171);
#12996=AXIS2_PLACEMENT_3D('',#19077,#15173,#15174);
#12997=AXIS2_PLACEMENT_3D('',#19078,#15175,#15176);
#12998=AXIS2_PLACEMENT_3D('',#19079,#15177,#15178);
#12999=AXIS2_PLACEMENT_3D('',#19080,#15179,#15180);
#13000=AXIS2_PLACEMENT_3D('',#19081,#15181,#15182);
#13001=AXIS2_PLACEMENT_3D('',#19082,#15183,#15184);
#13002=AXIS2_PLACEMENT_3D('',#19083,#15185,#15186);
#13003=AXIS2_PLACEMENT_3D('',#19084,#15187,#15188);
#13004=AXIS2_PLACEMENT_3D('',#19085,#15189,#15190);
#13005=AXIS2_PLACEMENT_3D('',#19086,#15191,#15192);
#13006=AXIS2_PLACEMENT_3D('',#19088,#15193,#15194);
#13007=AXIS2_PLACEMENT_3D('',#19092,#15196,#15197);
#13008=AXIS2_PLACEMENT_3D('',#19093,#15198,#15199);
#13009=AXIS2_PLACEMENT_3D('',#19096,#15201,#15202);
#13010=AXIS2_PLACEMENT_3D('',#19099,#15205,#15206);
#13011=AXIS2_PLACEMENT_3D('',#19100,#15207,#15208);
#13012=AXIS2_PLACEMENT_3D('',#19104,#15210,#15211);
#13013=AXIS2_PLACEMENT_3D('',#19105,#15212,#15213);
#13014=AXIS2_PLACEMENT_3D('',#19106,#15214,#15215);
#13015=AXIS2_PLACEMENT_3D('',#19107,#15216,#15217);
#13016=AXIS2_PLACEMENT_3D('',#19108,#15218,#15219);
#13017=AXIS2_PLACEMENT_3D('',#19109,#15220,#15221);
#13018=AXIS2_PLACEMENT_3D('',#19110,#15222,#15223);
#13019=AXIS2_PLACEMENT_3D('',#19111,#15224,#15225);
#13020=AXIS2_PLACEMENT_3D('',#19112,#15226,#15227);
#13021=AXIS2_PLACEMENT_3D('',#19113,#15228,#15229);
#13022=AXIS2_PLACEMENT_3D('',#19115,#15230,#15231);
#13023=AXIS2_PLACEMENT_3D('',#19119,#15233,#15234);
#13024=AXIS2_PLACEMENT_3D('',#19120,#15235,#15236);
#13025=AXIS2_PLACEMENT_3D('',#19123,#15238,#15239);
#13026=AXIS2_PLACEMENT_3D('',#19126,#15242,#15243);
#13027=AXIS2_PLACEMENT_3D('',#19127,#15244,#15245);
#13028=AXIS2_PLACEMENT_3D('',#19131,#15247,#15248);
#13029=AXIS2_PLACEMENT_3D('',#19132,#15249,#15250);
#13030=AXIS2_PLACEMENT_3D('',#19133,#15251,#15252);
#13031=AXIS2_PLACEMENT_3D('',#19134,#15253,#15254);
#13032=AXIS2_PLACEMENT_3D('',#19135,#15255,#15256);
#13033=AXIS2_PLACEMENT_3D('',#19136,#15257,#15258);
#13034=AXIS2_PLACEMENT_3D('',#19137,#15259,#15260);
#13035=AXIS2_PLACEMENT_3D('',#19138,#15261,#15262);
#13036=AXIS2_PLACEMENT_3D('',#19139,#15263,#15264);
#13037=AXIS2_PLACEMENT_3D('',#19140,#15265,#15266);
#13038=AXIS2_PLACEMENT_3D('',#19142,#15267,#15268);
#13039=AXIS2_PLACEMENT_3D('',#19146,#15270,#15271);
#13040=AXIS2_PLACEMENT_3D('',#19147,#15272,#15273);
#13041=AXIS2_PLACEMENT_3D('',#19150,#15275,#15276);
#13042=AXIS2_PLACEMENT_3D('',#19153,#15279,#15280);
#13043=AXIS2_PLACEMENT_3D('',#19154,#15281,#15282);
#13044=AXIS2_PLACEMENT_3D('',#19158,#15284,#15285);
#13045=AXIS2_PLACEMENT_3D('',#19159,#15286,#15287);
#13046=AXIS2_PLACEMENT_3D('',#19160,#15288,#15289);
#13047=AXIS2_PLACEMENT_3D('',#19161,#15290,#15291);
#13048=AXIS2_PLACEMENT_3D('',#19162,#15292,#15293);
#13049=AXIS2_PLACEMENT_3D('',#19163,#15294,#15295);
#13050=AXIS2_PLACEMENT_3D('',#19164,#15296,#15297);
#13051=AXIS2_PLACEMENT_3D('',#19165,#15298,#15299);
#13052=AXIS2_PLACEMENT_3D('',#19166,#15300,#15301);
#13053=AXIS2_PLACEMENT_3D('',#19167,#15302,#15303);
#13054=AXIS2_PLACEMENT_3D('',#19169,#15304,#15305);
#13055=AXIS2_PLACEMENT_3D('',#19173,#15307,#15308);
#13056=AXIS2_PLACEMENT_3D('',#19174,#15309,#15310);
#13057=AXIS2_PLACEMENT_3D('',#19177,#15312,#15313);
#13058=AXIS2_PLACEMENT_3D('',#19180,#15316,#15317);
#13059=AXIS2_PLACEMENT_3D('',#19181,#15318,#15319);
#13060=AXIS2_PLACEMENT_3D('',#19185,#15321,#15322);
#13061=AXIS2_PLACEMENT_3D('',#19186,#15323,#15324);
#13062=AXIS2_PLACEMENT_3D('',#19187,#15325,#15326);
#13063=AXIS2_PLACEMENT_3D('',#19188,#15327,#15328);
#13064=AXIS2_PLACEMENT_3D('',#19189,#15329,#15330);
#13065=AXIS2_PLACEMENT_3D('',#19190,#15331,#15332);
#13066=AXIS2_PLACEMENT_3D('',#19191,#15333,#15334);
#13067=AXIS2_PLACEMENT_3D('',#19192,#15335,#15336);
#13068=AXIS2_PLACEMENT_3D('',#19193,#15337,#15338);
#13069=AXIS2_PLACEMENT_3D('',#19194,#15339,#15340);
#13070=AXIS2_PLACEMENT_3D('',#19196,#15341,#15342);
#13071=AXIS2_PLACEMENT_3D('',#19200,#15344,#15345);
#13072=AXIS2_PLACEMENT_3D('',#19201,#15346,#15347);
#13073=AXIS2_PLACEMENT_3D('',#19204,#15349,#15350);
#13074=AXIS2_PLACEMENT_3D('',#19207,#15353,#15354);
#13075=AXIS2_PLACEMENT_3D('',#19208,#15355,#15356);
#13076=AXIS2_PLACEMENT_3D('',#19212,#15358,#15359);
#13077=AXIS2_PLACEMENT_3D('',#19213,#15360,#15361);
#13078=AXIS2_PLACEMENT_3D('',#19214,#15362,#15363);
#13079=AXIS2_PLACEMENT_3D('',#19215,#15364,#15365);
#13080=AXIS2_PLACEMENT_3D('',#19216,#15366,#15367);
#13081=AXIS2_PLACEMENT_3D('',#19217,#15368,#15369);
#13082=AXIS2_PLACEMENT_3D('',#19218,#15370,#15371);
#13083=AXIS2_PLACEMENT_3D('',#19219,#15372,#15373);
#13084=AXIS2_PLACEMENT_3D('',#19220,#15374,#15375);
#13085=AXIS2_PLACEMENT_3D('',#19221,#15376,#15377);
#13086=AXIS2_PLACEMENT_3D('',#19223,#15378,#15379);
#13087=AXIS2_PLACEMENT_3D('',#19227,#15381,#15382);
#13088=AXIS2_PLACEMENT_3D('',#19228,#15383,#15384);
#13089=AXIS2_PLACEMENT_3D('',#19231,#15386,#15387);
#13090=AXIS2_PLACEMENT_3D('',#19234,#15390,#15391);
#13091=AXIS2_PLACEMENT_3D('',#19235,#15392,#15393);
#13092=AXIS2_PLACEMENT_3D('',#19239,#15395,#15396);
#13093=AXIS2_PLACEMENT_3D('',#19240,#15397,#15398);
#13094=AXIS2_PLACEMENT_3D('',#19241,#15399,#15400);
#13095=AXIS2_PLACEMENT_3D('',#19242,#15401,#15402);
#13096=AXIS2_PLACEMENT_3D('',#19243,#15403,#15404);
#13097=AXIS2_PLACEMENT_3D('',#19244,#15405,#15406);
#13098=AXIS2_PLACEMENT_3D('',#19245,#15407,#15408);
#13099=AXIS2_PLACEMENT_3D('',#19246,#15409,#15410);
#13100=AXIS2_PLACEMENT_3D('',#19247,#15411,#15412);
#13101=AXIS2_PLACEMENT_3D('',#19248,#15413,#15414);
#13102=AXIS2_PLACEMENT_3D('',#19250,#15415,#15416);
#13103=AXIS2_PLACEMENT_3D('',#19254,#15418,#15419);
#13104=AXIS2_PLACEMENT_3D('',#19255,#15420,#15421);
#13105=AXIS2_PLACEMENT_3D('',#19258,#15423,#15424);
#13106=AXIS2_PLACEMENT_3D('',#19261,#15427,#15428);
#13107=AXIS2_PLACEMENT_3D('',#19262,#15429,#15430);
#13108=AXIS2_PLACEMENT_3D('',#19266,#15432,#15433);
#13109=AXIS2_PLACEMENT_3D('',#19267,#15434,#15435);
#13110=AXIS2_PLACEMENT_3D('',#19268,#15436,#15437);
#13111=AXIS2_PLACEMENT_3D('',#19269,#15438,#15439);
#13112=AXIS2_PLACEMENT_3D('',#19270,#15440,#15441);
#13113=AXIS2_PLACEMENT_3D('',#19271,#15442,#15443);
#13114=AXIS2_PLACEMENT_3D('',#19272,#15444,#15445);
#13115=AXIS2_PLACEMENT_3D('',#19273,#15446,#15447);
#13116=AXIS2_PLACEMENT_3D('',#19274,#15448,#15449);
#13117=AXIS2_PLACEMENT_3D('',#19275,#15450,#15451);
#13118=AXIS2_PLACEMENT_3D('',#19277,#15452,#15453);
#13119=AXIS2_PLACEMENT_3D('',#19281,#15455,#15456);
#13120=AXIS2_PLACEMENT_3D('',#19282,#15457,#15458);
#13121=AXIS2_PLACEMENT_3D('',#19285,#15460,#15461);
#13122=AXIS2_PLACEMENT_3D('',#19288,#15464,#15465);
#13123=AXIS2_PLACEMENT_3D('',#19289,#15466,#15467);
#13124=AXIS2_PLACEMENT_3D('',#19293,#15469,#15470);
#13125=AXIS2_PLACEMENT_3D('',#19294,#15471,#15472);
#13126=AXIS2_PLACEMENT_3D('',#19295,#15473,#15474);
#13127=AXIS2_PLACEMENT_3D('',#19296,#15475,#15476);
#13128=AXIS2_PLACEMENT_3D('',#19297,#15477,#15478);
#13129=AXIS2_PLACEMENT_3D('',#19298,#15479,#15480);
#13130=AXIS2_PLACEMENT_3D('',#19299,#15481,#15482);
#13131=AXIS2_PLACEMENT_3D('',#19300,#15483,#15484);
#13132=AXIS2_PLACEMENT_3D('',#19301,#15485,#15486);
#13133=AXIS2_PLACEMENT_3D('',#19302,#15487,#15488);
#13134=AXIS2_PLACEMENT_3D('',#19304,#15489,#15490);
#13135=AXIS2_PLACEMENT_3D('',#19308,#15492,#15493);
#13136=AXIS2_PLACEMENT_3D('',#19309,#15494,#15495);
#13137=AXIS2_PLACEMENT_3D('',#19312,#15497,#15498);
#13138=AXIS2_PLACEMENT_3D('',#19315,#15501,#15502);
#13139=AXIS2_PLACEMENT_3D('',#19316,#15503,#15504);
#13140=AXIS2_PLACEMENT_3D('',#19320,#15506,#15507);
#13141=AXIS2_PLACEMENT_3D('',#19321,#15508,#15509);
#13142=AXIS2_PLACEMENT_3D('',#19322,#15510,#15511);
#13143=AXIS2_PLACEMENT_3D('',#19323,#15512,#15513);
#13144=AXIS2_PLACEMENT_3D('',#19324,#15514,#15515);
#13145=AXIS2_PLACEMENT_3D('',#19325,#15516,#15517);
#13146=AXIS2_PLACEMENT_3D('',#19326,#15518,#15519);
#13147=AXIS2_PLACEMENT_3D('',#19327,#15520,#15521);
#13148=AXIS2_PLACEMENT_3D('',#19328,#15522,#15523);
#13149=AXIS2_PLACEMENT_3D('',#19329,#15524,#15525);
#13150=AXIS2_PLACEMENT_3D('',#19331,#15526,#15527);
#13151=AXIS2_PLACEMENT_3D('',#19335,#15529,#15530);
#13152=AXIS2_PLACEMENT_3D('',#19336,#15531,#15532);
#13153=AXIS2_PLACEMENT_3D('',#19339,#15534,#15535);
#13154=AXIS2_PLACEMENT_3D('',#19342,#15538,#15539);
#13155=AXIS2_PLACEMENT_3D('',#19343,#15540,#15541);
#13156=AXIS2_PLACEMENT_3D('',#19347,#15543,#15544);
#13157=AXIS2_PLACEMENT_3D('',#19348,#15545,#15546);
#13158=AXIS2_PLACEMENT_3D('',#19349,#15547,#15548);
#13159=AXIS2_PLACEMENT_3D('',#19350,#15549,#15550);
#13160=AXIS2_PLACEMENT_3D('',#19351,#15551,#15552);
#13161=AXIS2_PLACEMENT_3D('',#19352,#15553,#15554);
#13162=AXIS2_PLACEMENT_3D('',#19353,#15555,#15556);
#13163=AXIS2_PLACEMENT_3D('',#19354,#15557,#15558);
#13164=AXIS2_PLACEMENT_3D('',#19355,#15559,#15560);
#13165=AXIS2_PLACEMENT_3D('',#19361,#15564,#15565);
#13166=AXIS2_PLACEMENT_3D('',#19362,#15566,#15567);
#13167=AXIS2_PLACEMENT_3D('',#19366,#15569,#15570);
#13168=AXIS2_PLACEMENT_3D('',#19367,#15571,#15572);
#13169=AXIS2_PLACEMENT_3D('',#19370,#15574,#15575);
#13170=AXIS2_PLACEMENT_3D('',#19371,#15576,#15577);
#13171=AXIS2_PLACEMENT_3D('',#19372,#15578,#15579);
#13172=AXIS2_PLACEMENT_3D('',#19375,#15581,#15582);
#13173=AXIS2_PLACEMENT_3D('',#19377,#15584,#15585);
#13174=AXIS2_PLACEMENT_3D('',#19378,#15586,#15587);
#13175=AXIS2_PLACEMENT_3D('',#19384,#15591,#15592);
#13176=AXIS2_PLACEMENT_3D('',#19385,#15593,#15594);
#13177=AXIS2_PLACEMENT_3D('',#19389,#15596,#15597);
#13178=AXIS2_PLACEMENT_3D('',#19390,#15598,#15599);
#13179=AXIS2_PLACEMENT_3D('',#19393,#15601,#15602);
#13180=AXIS2_PLACEMENT_3D('',#19394,#15603,#15604);
#13181=AXIS2_PLACEMENT_3D('',#19395,#15605,#15606);
#13182=AXIS2_PLACEMENT_3D('',#19398,#15608,#15609);
#13183=AXIS2_PLACEMENT_3D('',#19400,#15611,#15612);
#13184=AXIS2_PLACEMENT_3D('',#19401,#15613,#15614);
#13185=AXIS2_PLACEMENT_3D('',#19407,#15618,#15619);
#13186=AXIS2_PLACEMENT_3D('',#19408,#15620,#15621);
#13187=AXIS2_PLACEMENT_3D('',#19412,#15623,#15624);
#13188=AXIS2_PLACEMENT_3D('',#19413,#15625,#15626);
#13189=AXIS2_PLACEMENT_3D('',#19416,#15628,#15629);
#13190=AXIS2_PLACEMENT_3D('',#19417,#15630,#15631);
#13191=AXIS2_PLACEMENT_3D('',#19418,#15632,#15633);
#13192=AXIS2_PLACEMENT_3D('',#19421,#15635,#15636);
#13193=AXIS2_PLACEMENT_3D('',#19423,#15638,#15639);
#13194=AXIS2_PLACEMENT_3D('',#19424,#15640,#15641);
#13195=AXIS2_PLACEMENT_3D('',#19430,#15645,#15646);
#13196=AXIS2_PLACEMENT_3D('',#19431,#15647,#15648);
#13197=AXIS2_PLACEMENT_3D('',#19435,#15650,#15651);
#13198=AXIS2_PLACEMENT_3D('',#19436,#15652,#15653);
#13199=AXIS2_PLACEMENT_3D('',#19439,#15655,#15656);
#13200=AXIS2_PLACEMENT_3D('',#19440,#15657,#15658);
#13201=AXIS2_PLACEMENT_3D('',#19441,#15659,#15660);
#13202=AXIS2_PLACEMENT_3D('',#19444,#15662,#15663);
#13203=AXIS2_PLACEMENT_3D('',#19446,#15665,#15666);
#13204=AXIS2_PLACEMENT_3D('',#19447,#15667,#15668);
#13205=AXIS2_PLACEMENT_3D('',#19453,#15672,#15673);
#13206=AXIS2_PLACEMENT_3D('',#19454,#15674,#15675);
#13207=AXIS2_PLACEMENT_3D('',#19458,#15677,#15678);
#13208=AXIS2_PLACEMENT_3D('',#19459,#15679,#15680);
#13209=AXIS2_PLACEMENT_3D('',#19462,#15682,#15683);
#13210=AXIS2_PLACEMENT_3D('',#19463,#15684,#15685);
#13211=AXIS2_PLACEMENT_3D('',#19464,#15686,#15687);
#13212=AXIS2_PLACEMENT_3D('',#19467,#15689,#15690);
#13213=AXIS2_PLACEMENT_3D('',#19469,#15692,#15693);
#13214=AXIS2_PLACEMENT_3D('',#19470,#15694,#15695);
#13215=AXIS2_PLACEMENT_3D('',#19476,#15699,#15700);
#13216=AXIS2_PLACEMENT_3D('',#19477,#15701,#15702);
#13217=AXIS2_PLACEMENT_3D('',#19481,#15704,#15705);
#13218=AXIS2_PLACEMENT_3D('',#19482,#15706,#15707);
#13219=AXIS2_PLACEMENT_3D('',#19485,#15709,#15710);
#13220=AXIS2_PLACEMENT_3D('',#19486,#15711,#15712);
#13221=AXIS2_PLACEMENT_3D('',#19487,#15713,#15714);
#13222=AXIS2_PLACEMENT_3D('',#19490,#15716,#15717);
#13223=AXIS2_PLACEMENT_3D('',#19492,#15719,#15720);
#13224=AXIS2_PLACEMENT_3D('',#19493,#15721,#15722);
#13225=AXIS2_PLACEMENT_3D('',#19499,#15726,#15727);
#13226=AXIS2_PLACEMENT_3D('',#19500,#15728,#15729);
#13227=AXIS2_PLACEMENT_3D('',#19504,#15731,#15732);
#13228=AXIS2_PLACEMENT_3D('',#19505,#15733,#15734);
#13229=AXIS2_PLACEMENT_3D('',#19508,#15736,#15737);
#13230=AXIS2_PLACEMENT_3D('',#19509,#15738,#15739);
#13231=AXIS2_PLACEMENT_3D('',#19510,#15740,#15741);
#13232=AXIS2_PLACEMENT_3D('',#19513,#15743,#15744);
#13233=AXIS2_PLACEMENT_3D('',#19515,#15746,#15747);
#13234=AXIS2_PLACEMENT_3D('',#19516,#15748,#15749);
#13235=AXIS2_PLACEMENT_3D('',#19522,#15753,#15754);
#13236=AXIS2_PLACEMENT_3D('',#19523,#15755,#15756);
#13237=AXIS2_PLACEMENT_3D('',#19527,#15758,#15759);
#13238=AXIS2_PLACEMENT_3D('',#19528,#15760,#15761);
#13239=AXIS2_PLACEMENT_3D('',#19531,#15763,#15764);
#13240=AXIS2_PLACEMENT_3D('',#19532,#15765,#15766);
#13241=AXIS2_PLACEMENT_3D('',#19533,#15767,#15768);
#13242=AXIS2_PLACEMENT_3D('',#19536,#15770,#15771);
#13243=AXIS2_PLACEMENT_3D('',#19538,#15773,#15774);
#13244=AXIS2_PLACEMENT_3D('',#19539,#15775,#15776);
#13245=AXIS2_PLACEMENT_3D('',#19545,#15780,#15781);
#13246=AXIS2_PLACEMENT_3D('',#19546,#15782,#15783);
#13247=AXIS2_PLACEMENT_3D('',#19550,#15785,#15786);
#13248=AXIS2_PLACEMENT_3D('',#19551,#15787,#15788);
#13249=AXIS2_PLACEMENT_3D('',#19554,#15790,#15791);
#13250=AXIS2_PLACEMENT_3D('',#19555,#15792,#15793);
#13251=AXIS2_PLACEMENT_3D('',#19556,#15794,#15795);
#13252=AXIS2_PLACEMENT_3D('',#19559,#15797,#15798);
#13253=AXIS2_PLACEMENT_3D('',#19561,#15800,#15801);
#13254=AXIS2_PLACEMENT_3D('',#19562,#15802,#15803);
#13255=AXIS2_PLACEMENT_3D('',#19568,#15807,#15808);
#13256=AXIS2_PLACEMENT_3D('',#19569,#15809,#15810);
#13257=AXIS2_PLACEMENT_3D('',#19573,#15812,#15813);
#13258=AXIS2_PLACEMENT_3D('',#19574,#15814,#15815);
#13259=AXIS2_PLACEMENT_3D('',#19577,#15817,#15818);
#13260=AXIS2_PLACEMENT_3D('',#19578,#15819,#15820);
#13261=AXIS2_PLACEMENT_3D('',#19579,#15821,#15822);
#13262=AXIS2_PLACEMENT_3D('',#19582,#15824,#15825);
#13263=AXIS2_PLACEMENT_3D('',#19584,#15827,#15828);
#13264=AXIS2_PLACEMENT_3D('',#19585,#15829,#15830);
#13265=AXIS2_PLACEMENT_3D('',#19591,#15834,#15835);
#13266=AXIS2_PLACEMENT_3D('',#19592,#15836,#15837);
#13267=AXIS2_PLACEMENT_3D('',#19596,#15839,#15840);
#13268=AXIS2_PLACEMENT_3D('',#19597,#15841,#15842);
#13269=AXIS2_PLACEMENT_3D('',#19600,#15844,#15845);
#13270=AXIS2_PLACEMENT_3D('',#19601,#15846,#15847);
#13271=AXIS2_PLACEMENT_3D('',#19602,#15848,#15849);
#13272=AXIS2_PLACEMENT_3D('',#19605,#15851,#15852);
#13273=AXIS2_PLACEMENT_3D('',#19607,#15854,#15855);
#13274=AXIS2_PLACEMENT_3D('',#19608,#15856,#15857);
#13275=AXIS2_PLACEMENT_3D('',#19614,#15861,#15862);
#13276=AXIS2_PLACEMENT_3D('',#19615,#15863,#15864);
#13277=AXIS2_PLACEMENT_3D('',#19619,#15866,#15867);
#13278=AXIS2_PLACEMENT_3D('',#19620,#15868,#15869);
#13279=AXIS2_PLACEMENT_3D('',#19623,#15871,#15872);
#13280=AXIS2_PLACEMENT_3D('',#19624,#15873,#15874);
#13281=AXIS2_PLACEMENT_3D('',#19625,#15875,#15876);
#13282=AXIS2_PLACEMENT_3D('',#19628,#15878,#15879);
#13283=AXIS2_PLACEMENT_3D('',#19630,#15881,#15882);
#13284=AXIS2_PLACEMENT_3D('',#19631,#15883,#15884);
#13285=AXIS2_PLACEMENT_3D('',#19637,#15888,#15889);
#13286=AXIS2_PLACEMENT_3D('',#19638,#15890,#15891);
#13287=AXIS2_PLACEMENT_3D('',#19642,#15893,#15894);
#13288=AXIS2_PLACEMENT_3D('',#19643,#15895,#15896);
#13289=AXIS2_PLACEMENT_3D('',#19646,#15898,#15899);
#13290=AXIS2_PLACEMENT_3D('',#19647,#15900,#15901);
#13291=AXIS2_PLACEMENT_3D('',#19648,#15902,#15903);
#13292=AXIS2_PLACEMENT_3D('',#19651,#15905,#15906);
#13293=AXIS2_PLACEMENT_3D('',#19653,#15908,#15909);
#13294=AXIS2_PLACEMENT_3D('',#19654,#15910,#15911);
#13295=AXIS2_PLACEMENT_3D('',#19660,#15915,#15916);
#13296=AXIS2_PLACEMENT_3D('',#19661,#15917,#15918);
#13297=AXIS2_PLACEMENT_3D('',#19665,#15920,#15921);
#13298=AXIS2_PLACEMENT_3D('',#19666,#15922,#15923);
#13299=AXIS2_PLACEMENT_3D('',#19669,#15925,#15926);
#13300=AXIS2_PLACEMENT_3D('',#19670,#15927,#15928);
#13301=AXIS2_PLACEMENT_3D('',#19671,#15929,#15930);
#13302=AXIS2_PLACEMENT_3D('',#19674,#15932,#15933);
#13303=AXIS2_PLACEMENT_3D('',#19676,#15935,#15936);
#13304=AXIS2_PLACEMENT_3D('',#19677,#15937,#15938);
#13305=AXIS2_PLACEMENT_3D('',#19683,#15942,#15943);
#13306=AXIS2_PLACEMENT_3D('',#19684,#15944,#15945);
#13307=AXIS2_PLACEMENT_3D('',#19688,#15947,#15948);
#13308=AXIS2_PLACEMENT_3D('',#19689,#15949,#15950);
#13309=AXIS2_PLACEMENT_3D('',#19690,#15951,#15952);
#13310=AXIS2_PLACEMENT_3D('',#19693,#15954,#15955);
#13311=AXIS2_PLACEMENT_3D('',#19696,#15957,#15958);
#13312=AXIS2_PLACEMENT_3D('',#19697,#15959,#15960);
#13313=AXIS2_PLACEMENT_3D('',#19699,#15962,#15963);
#13314=AXIS2_PLACEMENT_3D('',#19700,#15964,#15965);
#13315=AXIS2_PLACEMENT_3D('',#19706,#15969,#15970);
#13316=AXIS2_PLACEMENT_3D('',#19707,#15971,#15972);
#13317=AXIS2_PLACEMENT_3D('',#19711,#15974,#15975);
#13318=AXIS2_PLACEMENT_3D('',#19712,#15976,#15977);
#13319=AXIS2_PLACEMENT_3D('',#19713,#15978,#15979);
#13320=AXIS2_PLACEMENT_3D('',#19716,#15981,#15982);
#13321=AXIS2_PLACEMENT_3D('',#19719,#15984,#15985);
#13322=AXIS2_PLACEMENT_3D('',#19720,#15986,#15987);
#13323=AXIS2_PLACEMENT_3D('',#19722,#15989,#15990);
#13324=AXIS2_PLACEMENT_3D('',#19723,#15991,#15992);
#13325=AXIS2_PLACEMENT_3D('',#19729,#15996,#15997);
#13326=AXIS2_PLACEMENT_3D('',#19730,#15998,#15999);
#13327=AXIS2_PLACEMENT_3D('',#19734,#16001,#16002);
#13328=AXIS2_PLACEMENT_3D('',#19735,#16003,#16004);
#13329=AXIS2_PLACEMENT_3D('',#19736,#16005,#16006);
#13330=AXIS2_PLACEMENT_3D('',#19739,#16008,#16009);
#13331=AXIS2_PLACEMENT_3D('',#19742,#16011,#16012);
#13332=AXIS2_PLACEMENT_3D('',#19743,#16013,#16014);
#13333=AXIS2_PLACEMENT_3D('',#19745,#16016,#16017);
#13334=AXIS2_PLACEMENT_3D('',#19746,#16018,#16019);
#13335=AXIS2_PLACEMENT_3D('',#19752,#16023,#16024);
#13336=AXIS2_PLACEMENT_3D('',#19753,#16025,#16026);
#13337=AXIS2_PLACEMENT_3D('',#19757,#16028,#16029);
#13338=AXIS2_PLACEMENT_3D('',#19758,#16030,#16031);
#13339=AXIS2_PLACEMENT_3D('',#19759,#16032,#16033);
#13340=AXIS2_PLACEMENT_3D('',#19762,#16035,#16036);
#13341=AXIS2_PLACEMENT_3D('',#19765,#16038,#16039);
#13342=AXIS2_PLACEMENT_3D('',#19766,#16040,#16041);
#13343=AXIS2_PLACEMENT_3D('',#19768,#16043,#16044);
#13344=AXIS2_PLACEMENT_3D('',#19769,#16045,#16046);
#13345=AXIS2_PLACEMENT_3D('',#19775,#16050,#16051);
#13346=AXIS2_PLACEMENT_3D('',#19776,#16052,#16053);
#13347=AXIS2_PLACEMENT_3D('',#19780,#16055,#16056);
#13348=AXIS2_PLACEMENT_3D('',#19781,#16057,#16058);
#13349=AXIS2_PLACEMENT_3D('',#19782,#16059,#16060);
#13350=AXIS2_PLACEMENT_3D('',#19785,#16062,#16063);
#13351=AXIS2_PLACEMENT_3D('',#19788,#16065,#16066);
#13352=AXIS2_PLACEMENT_3D('',#19789,#16067,#16068);
#13353=AXIS2_PLACEMENT_3D('',#19791,#16070,#16071);
#13354=AXIS2_PLACEMENT_3D('',#19792,#16072,#16073);
#13355=AXIS2_PLACEMENT_3D('',#19798,#16077,#16078);
#13356=AXIS2_PLACEMENT_3D('',#19799,#16079,#16080);
#13357=AXIS2_PLACEMENT_3D('',#19803,#16082,#16083);
#13358=AXIS2_PLACEMENT_3D('',#19804,#16084,#16085);
#13359=AXIS2_PLACEMENT_3D('',#19805,#16086,#16087);
#13360=AXIS2_PLACEMENT_3D('',#19808,#16089,#16090);
#13361=AXIS2_PLACEMENT_3D('',#19811,#16092,#16093);
#13362=AXIS2_PLACEMENT_3D('',#19812,#16094,#16095);
#13363=AXIS2_PLACEMENT_3D('',#19814,#16097,#16098);
#13364=AXIS2_PLACEMENT_3D('',#19815,#16099,#16100);
#13365=AXIS2_PLACEMENT_3D('',#19821,#16104,#16105);
#13366=AXIS2_PLACEMENT_3D('',#19822,#16106,#16107);
#13367=AXIS2_PLACEMENT_3D('',#19826,#16109,#16110);
#13368=AXIS2_PLACEMENT_3D('',#19827,#16111,#16112);
#13369=AXIS2_PLACEMENT_3D('',#19828,#16113,#16114);
#13370=AXIS2_PLACEMENT_3D('',#19831,#16116,#16117);
#13371=AXIS2_PLACEMENT_3D('',#19834,#16119,#16120);
#13372=AXIS2_PLACEMENT_3D('',#19835,#16121,#16122);
#13373=AXIS2_PLACEMENT_3D('',#19837,#16124,#16125);
#13374=AXIS2_PLACEMENT_3D('',#19838,#16126,#16127);
#13375=AXIS2_PLACEMENT_3D('',#19844,#16131,#16132);
#13376=AXIS2_PLACEMENT_3D('',#19845,#16133,#16134);
#13377=AXIS2_PLACEMENT_3D('',#19849,#16136,#16137);
#13378=AXIS2_PLACEMENT_3D('',#19850,#16138,#16139);
#13379=AXIS2_PLACEMENT_3D('',#19851,#16140,#16141);
#13380=AXIS2_PLACEMENT_3D('',#19854,#16143,#16144);
#13381=AXIS2_PLACEMENT_3D('',#19857,#16146,#16147);
#13382=AXIS2_PLACEMENT_3D('',#19858,#16148,#16149);
#13383=AXIS2_PLACEMENT_3D('',#19860,#16151,#16152);
#13384=AXIS2_PLACEMENT_3D('',#19861,#16153,#16154);
#13385=AXIS2_PLACEMENT_3D('',#19867,#16158,#16159);
#13386=AXIS2_PLACEMENT_3D('',#19868,#16160,#16161);
#13387=AXIS2_PLACEMENT_3D('',#19872,#16163,#16164);
#13388=AXIS2_PLACEMENT_3D('',#19873,#16165,#16166);
#13389=AXIS2_PLACEMENT_3D('',#19874,#16167,#16168);
#13390=AXIS2_PLACEMENT_3D('',#19877,#16170,#16171);
#13391=AXIS2_PLACEMENT_3D('',#19880,#16173,#16174);
#13392=AXIS2_PLACEMENT_3D('',#19881,#16175,#16176);
#13393=AXIS2_PLACEMENT_3D('',#19883,#16178,#16179);
#13394=AXIS2_PLACEMENT_3D('',#19884,#16180,#16181);
#13395=AXIS2_PLACEMENT_3D('',#19890,#16185,#16186);
#13396=AXIS2_PLACEMENT_3D('',#19891,#16187,#16188);
#13397=AXIS2_PLACEMENT_3D('',#19895,#16190,#16191);
#13398=AXIS2_PLACEMENT_3D('',#19896,#16192,#16193);
#13399=AXIS2_PLACEMENT_3D('',#19897,#16194,#16195);
#13400=AXIS2_PLACEMENT_3D('',#19900,#16197,#16198);
#13401=AXIS2_PLACEMENT_3D('',#19903,#16200,#16201);
#13402=AXIS2_PLACEMENT_3D('',#19904,#16202,#16203);
#13403=AXIS2_PLACEMENT_3D('',#19906,#16205,#16206);
#13404=AXIS2_PLACEMENT_3D('',#19907,#16207,#16208);
#13405=AXIS2_PLACEMENT_3D('',#19913,#16212,#16213);
#13406=AXIS2_PLACEMENT_3D('',#19914,#16214,#16215);
#13407=AXIS2_PLACEMENT_3D('',#19918,#16217,#16218);
#13408=AXIS2_PLACEMENT_3D('',#19919,#16219,#16220);
#13409=AXIS2_PLACEMENT_3D('',#19920,#16221,#16222);
#13410=AXIS2_PLACEMENT_3D('',#19923,#16224,#16225);
#13411=AXIS2_PLACEMENT_3D('',#19926,#16227,#16228);
#13412=AXIS2_PLACEMENT_3D('',#19927,#16229,#16230);
#13413=AXIS2_PLACEMENT_3D('',#19929,#16232,#16233);
#13414=AXIS2_PLACEMENT_3D('',#19930,#16234,#16235);
#13415=AXIS2_PLACEMENT_3D('',#19936,#16239,#16240);
#13416=AXIS2_PLACEMENT_3D('',#19937,#16241,#16242);
#13417=AXIS2_PLACEMENT_3D('',#19941,#16244,#16245);
#13418=AXIS2_PLACEMENT_3D('',#19942,#16246,#16247);
#13419=AXIS2_PLACEMENT_3D('',#19943,#16248,#16249);
#13420=AXIS2_PLACEMENT_3D('',#19946,#16251,#16252);
#13421=AXIS2_PLACEMENT_3D('',#19949,#16254,#16255);
#13422=AXIS2_PLACEMENT_3D('',#19950,#16256,#16257);
#13423=AXIS2_PLACEMENT_3D('',#19952,#16259,#16260);
#13424=AXIS2_PLACEMENT_3D('',#19953,#16261,#16262);
#13425=AXIS2_PLACEMENT_3D('',#19959,#16266,#16267);
#13426=AXIS2_PLACEMENT_3D('',#19960,#16268,#16269);
#13427=AXIS2_PLACEMENT_3D('',#19964,#16271,#16272);
#13428=AXIS2_PLACEMENT_3D('',#19965,#16273,#16274);
#13429=AXIS2_PLACEMENT_3D('',#19966,#16275,#16276);
#13430=AXIS2_PLACEMENT_3D('',#19969,#16278,#16279);
#13431=AXIS2_PLACEMENT_3D('',#19972,#16281,#16282);
#13432=AXIS2_PLACEMENT_3D('',#19973,#16283,#16284);
#13433=AXIS2_PLACEMENT_3D('',#19975,#16286,#16287);
#13434=AXIS2_PLACEMENT_3D('',#19976,#16288,#16289);
#13435=AXIS2_PLACEMENT_3D('',#19982,#16293,#16294);
#13436=AXIS2_PLACEMENT_3D('',#19983,#16295,#16296);
#13437=AXIS2_PLACEMENT_3D('',#19987,#16298,#16299);
#13438=AXIS2_PLACEMENT_3D('',#19988,#16300,#16301);
#13439=AXIS2_PLACEMENT_3D('',#19989,#16302,#16303);
#13440=AXIS2_PLACEMENT_3D('',#19992,#16305,#16306);
#13441=AXIS2_PLACEMENT_3D('',#19995,#16308,#16309);
#13442=AXIS2_PLACEMENT_3D('',#19996,#16310,#16311);
#13443=AXIS2_PLACEMENT_3D('',#19998,#16313,#16314);
#13444=AXIS2_PLACEMENT_3D('',#19999,#16315,#16316);
#13445=AXIS2_PLACEMENT_3D('',#20005,#16320,#16321);
#13446=AXIS2_PLACEMENT_3D('',#20006,#16322,#16323);
#13447=AXIS2_PLACEMENT_3D('',#20007,#16324,#16325);
#13448=AXIS2_PLACEMENT_3D('',#20011,#16327,#16328);
#13449=AXIS2_PLACEMENT_3D('',#20012,#16329,#16330);
#13450=AXIS2_PLACEMENT_3D('',#20013,#16331,#16332);
#13451=AXIS2_PLACEMENT_3D('',#20014,#16333,#16334);
#13452=AXIS2_PLACEMENT_3D('',#20018,#16336,#16337);
#13453=AXIS2_PLACEMENT_3D('',#20019,#16338,#16339);
#13454=AXIS2_PLACEMENT_3D('',#20020,#16340,#16341);
#13455=AXIS2_PLACEMENT_3D('',#20021,#16342,#16343);
#13456=AXIS2_PLACEMENT_3D('',#20022,#16344,#16345);
#13457=AXIS2_PLACEMENT_3D('',#20023,#16346,#16347);
#13458=AXIS2_PLACEMENT_3D('',#20024,#16348,#16349);
#13459=AXIS2_PLACEMENT_3D('',#20025,#16350,#16351);
#13460=AXIS2_PLACEMENT_3D('',#20026,#16352,#16353);
#13461=AXIS2_PLACEMENT_3D('',#20032,#16357,#16358);
#13462=AXIS2_PLACEMENT_3D('',#20033,#16359,#16360);
#13463=AXIS2_PLACEMENT_3D('',#20034,#16361,#16362);
#13464=AXIS2_PLACEMENT_3D('',#20038,#16364,#16365);
#13465=AXIS2_PLACEMENT_3D('',#20039,#16366,#16367);
#13466=AXIS2_PLACEMENT_3D('',#20040,#16368,#16369);
#13467=AXIS2_PLACEMENT_3D('',#20041,#16370,#16371);
#13468=AXIS2_PLACEMENT_3D('',#20045,#16373,#16374);
#13469=AXIS2_PLACEMENT_3D('',#20046,#16375,#16376);
#13470=AXIS2_PLACEMENT_3D('',#20047,#16377,#16378);
#13471=AXIS2_PLACEMENT_3D('',#20048,#16379,#16380);
#13472=AXIS2_PLACEMENT_3D('',#20049,#16381,#16382);
#13473=AXIS2_PLACEMENT_3D('',#20050,#16383,#16384);
#13474=AXIS2_PLACEMENT_3D('',#20051,#16385,#16386);
#13475=AXIS2_PLACEMENT_3D('',#20052,#16387,#16388);
#13476=AXIS2_PLACEMENT_3D('',#20053,#16389,#16390);
#13477=AXIS2_PLACEMENT_3D('',#20059,#16394,#16395);
#13478=AXIS2_PLACEMENT_3D('',#20060,#16396,#16397);
#13479=AXIS2_PLACEMENT_3D('',#20061,#16398,#16399);
#13480=AXIS2_PLACEMENT_3D('',#20065,#16401,#16402);
#13481=AXIS2_PLACEMENT_3D('',#20066,#16403,#16404);
#13482=AXIS2_PLACEMENT_3D('',#20067,#16405,#16406);
#13483=AXIS2_PLACEMENT_3D('',#20068,#16407,#16408);
#13484=AXIS2_PLACEMENT_3D('',#20072,#16410,#16411);
#13485=AXIS2_PLACEMENT_3D('',#20073,#16412,#16413);
#13486=AXIS2_PLACEMENT_3D('',#20074,#16414,#16415);
#13487=AXIS2_PLACEMENT_3D('',#20075,#16416,#16417);
#13488=AXIS2_PLACEMENT_3D('',#20076,#16418,#16419);
#13489=AXIS2_PLACEMENT_3D('',#20077,#16420,#16421);
#13490=AXIS2_PLACEMENT_3D('',#20078,#16422,#16423);
#13491=AXIS2_PLACEMENT_3D('',#20079,#16424,#16425);
#13492=AXIS2_PLACEMENT_3D('',#20080,#16426,#16427);
#13493=AXIS2_PLACEMENT_3D('',#20086,#16431,#16432);
#13494=AXIS2_PLACEMENT_3D('',#20087,#16433,#16434);
#13495=AXIS2_PLACEMENT_3D('',#20088,#16435,#16436);
#13496=AXIS2_PLACEMENT_3D('',#20092,#16438,#16439);
#13497=AXIS2_PLACEMENT_3D('',#20093,#16440,#16441);
#13498=AXIS2_PLACEMENT_3D('',#20094,#16442,#16443);
#13499=AXIS2_PLACEMENT_3D('',#20095,#16444,#16445);
#13500=AXIS2_PLACEMENT_3D('',#20099,#16447,#16448);
#13501=AXIS2_PLACEMENT_3D('',#20100,#16449,#16450);
#13502=AXIS2_PLACEMENT_3D('',#20101,#16451,#16452);
#13503=AXIS2_PLACEMENT_3D('',#20102,#16453,#16454);
#13504=AXIS2_PLACEMENT_3D('',#20103,#16455,#16456);
#13505=AXIS2_PLACEMENT_3D('',#20104,#16457,#16458);
#13506=AXIS2_PLACEMENT_3D('',#20105,#16459,#16460);
#13507=AXIS2_PLACEMENT_3D('',#20106,#16461,#16462);
#13508=AXIS2_PLACEMENT_3D('',#20107,#16463,#16464);
#13509=AXIS2_PLACEMENT_3D('',#20113,#16468,#16469);
#13510=AXIS2_PLACEMENT_3D('',#20114,#16470,#16471);
#13511=AXIS2_PLACEMENT_3D('',#20115,#16472,#16473);
#13512=AXIS2_PLACEMENT_3D('',#20119,#16475,#16476);
#13513=AXIS2_PLACEMENT_3D('',#20120,#16477,#16478);
#13514=AXIS2_PLACEMENT_3D('',#20121,#16479,#16480);
#13515=AXIS2_PLACEMENT_3D('',#20122,#16481,#16482);
#13516=AXIS2_PLACEMENT_3D('',#20126,#16484,#16485);
#13517=AXIS2_PLACEMENT_3D('',#20127,#16486,#16487);
#13518=AXIS2_PLACEMENT_3D('',#20128,#16488,#16489);
#13519=AXIS2_PLACEMENT_3D('',#20129,#16490,#16491);
#13520=AXIS2_PLACEMENT_3D('',#20130,#16492,#16493);
#13521=AXIS2_PLACEMENT_3D('',#20131,#16494,#16495);
#13522=AXIS2_PLACEMENT_3D('',#20132,#16496,#16497);
#13523=AXIS2_PLACEMENT_3D('',#20133,#16498,#16499);
#13524=AXIS2_PLACEMENT_3D('',#20134,#16500,#16501);
#13525=AXIS2_PLACEMENT_3D('',#20140,#16505,#16506);
#13526=AXIS2_PLACEMENT_3D('',#20141,#16507,#16508);
#13527=AXIS2_PLACEMENT_3D('',#20142,#16509,#16510);
#13528=AXIS2_PLACEMENT_3D('',#20146,#16512,#16513);
#13529=AXIS2_PLACEMENT_3D('',#20147,#16514,#16515);
#13530=AXIS2_PLACEMENT_3D('',#20148,#16516,#16517);
#13531=AXIS2_PLACEMENT_3D('',#20149,#16518,#16519);
#13532=AXIS2_PLACEMENT_3D('',#20153,#16521,#16522);
#13533=AXIS2_PLACEMENT_3D('',#20154,#16523,#16524);
#13534=AXIS2_PLACEMENT_3D('',#20155,#16525,#16526);
#13535=AXIS2_PLACEMENT_3D('',#20156,#16527,#16528);
#13536=AXIS2_PLACEMENT_3D('',#20157,#16529,#16530);
#13537=AXIS2_PLACEMENT_3D('',#20158,#16531,#16532);
#13538=AXIS2_PLACEMENT_3D('',#20159,#16533,#16534);
#13539=AXIS2_PLACEMENT_3D('',#20160,#16535,#16536);
#13540=AXIS2_PLACEMENT_3D('',#20161,#16537,#16538);
#13541=AXIS2_PLACEMENT_3D('',#20167,#16542,#16543);
#13542=AXIS2_PLACEMENT_3D('',#20168,#16544,#16545);
#13543=AXIS2_PLACEMENT_3D('',#20169,#16546,#16547);
#13544=AXIS2_PLACEMENT_3D('',#20173,#16549,#16550);
#13545=AXIS2_PLACEMENT_3D('',#20174,#16551,#16552);
#13546=AXIS2_PLACEMENT_3D('',#20175,#16553,#16554);
#13547=AXIS2_PLACEMENT_3D('',#20176,#16555,#16556);
#13548=AXIS2_PLACEMENT_3D('',#20180,#16558,#16559);
#13549=AXIS2_PLACEMENT_3D('',#20181,#16560,#16561);
#13550=AXIS2_PLACEMENT_3D('',#20182,#16562,#16563);
#13551=AXIS2_PLACEMENT_3D('',#20183,#16564,#16565);
#13552=AXIS2_PLACEMENT_3D('',#20184,#16566,#16567);
#13553=AXIS2_PLACEMENT_3D('',#20185,#16568,#16569);
#13554=AXIS2_PLACEMENT_3D('',#20186,#16570,#16571);
#13555=AXIS2_PLACEMENT_3D('',#20187,#16572,#16573);
#13556=AXIS2_PLACEMENT_3D('',#20188,#16574,#16575);
#13557=AXIS2_PLACEMENT_3D('',#20194,#16579,#16580);
#13558=AXIS2_PLACEMENT_3D('',#20195,#16581,#16582);
#13559=AXIS2_PLACEMENT_3D('',#20196,#16583,#16584);
#13560=AXIS2_PLACEMENT_3D('',#20200,#16586,#16587);
#13561=AXIS2_PLACEMENT_3D('',#20201,#16588,#16589);
#13562=AXIS2_PLACEMENT_3D('',#20202,#16590,#16591);
#13563=AXIS2_PLACEMENT_3D('',#20203,#16592,#16593);
#13564=AXIS2_PLACEMENT_3D('',#20207,#16595,#16596);
#13565=AXIS2_PLACEMENT_3D('',#20208,#16597,#16598);
#13566=AXIS2_PLACEMENT_3D('',#20209,#16599,#16600);
#13567=AXIS2_PLACEMENT_3D('',#20210,#16601,#16602);
#13568=AXIS2_PLACEMENT_3D('',#20211,#16603,#16604);
#13569=AXIS2_PLACEMENT_3D('',#20212,#16605,#16606);
#13570=AXIS2_PLACEMENT_3D('',#20213,#16607,#16608);
#13571=AXIS2_PLACEMENT_3D('',#20214,#16609,#16610);
#13572=AXIS2_PLACEMENT_3D('',#20215,#16611,#16612);
#13573=AXIS2_PLACEMENT_3D('',#20221,#16616,#16617);
#13574=AXIS2_PLACEMENT_3D('',#20222,#16618,#16619);
#13575=AXIS2_PLACEMENT_3D('',#20223,#16620,#16621);
#13576=AXIS2_PLACEMENT_3D('',#20227,#16623,#16624);
#13577=AXIS2_PLACEMENT_3D('',#20228,#16625,#16626);
#13578=AXIS2_PLACEMENT_3D('',#20229,#16627,#16628);
#13579=AXIS2_PLACEMENT_3D('',#20230,#16629,#16630);
#13580=AXIS2_PLACEMENT_3D('',#20234,#16632,#16633);
#13581=AXIS2_PLACEMENT_3D('',#20235,#16634,#16635);
#13582=AXIS2_PLACEMENT_3D('',#20236,#16636,#16637);
#13583=AXIS2_PLACEMENT_3D('',#20237,#16638,#16639);
#13584=AXIS2_PLACEMENT_3D('',#20238,#16640,#16641);
#13585=AXIS2_PLACEMENT_3D('',#20239,#16642,#16643);
#13586=AXIS2_PLACEMENT_3D('',#20240,#16644,#16645);
#13587=AXIS2_PLACEMENT_3D('',#20241,#16646,#16647);
#13588=AXIS2_PLACEMENT_3D('',#20242,#16648,#16649);
#13589=AXIS2_PLACEMENT_3D('',#20248,#16653,#16654);
#13590=AXIS2_PLACEMENT_3D('',#20249,#16655,#16656);
#13591=AXIS2_PLACEMENT_3D('',#20250,#16657,#16658);
#13592=AXIS2_PLACEMENT_3D('',#20254,#16660,#16661);
#13593=AXIS2_PLACEMENT_3D('',#20255,#16662,#16663);
#13594=AXIS2_PLACEMENT_3D('',#20256,#16664,#16665);
#13595=AXIS2_PLACEMENT_3D('',#20257,#16666,#16667);
#13596=AXIS2_PLACEMENT_3D('',#20261,#16669,#16670);
#13597=AXIS2_PLACEMENT_3D('',#20262,#16671,#16672);
#13598=AXIS2_PLACEMENT_3D('',#20263,#16673,#16674);
#13599=AXIS2_PLACEMENT_3D('',#20264,#16675,#16676);
#13600=AXIS2_PLACEMENT_3D('',#20265,#16677,#16678);
#13601=AXIS2_PLACEMENT_3D('',#20266,#16679,#16680);
#13602=AXIS2_PLACEMENT_3D('',#20267,#16681,#16682);
#13603=AXIS2_PLACEMENT_3D('',#20268,#16683,#16684);
#13604=AXIS2_PLACEMENT_3D('',#20269,#16685,#16686);
#13605=AXIS2_PLACEMENT_3D('',#20275,#16690,#16691);
#13606=AXIS2_PLACEMENT_3D('',#20276,#16692,#16693);
#13607=AXIS2_PLACEMENT_3D('',#20277,#16694,#16695);
#13608=AXIS2_PLACEMENT_3D('',#20281,#16697,#16698);
#13609=AXIS2_PLACEMENT_3D('',#20282,#16699,#16700);
#13610=AXIS2_PLACEMENT_3D('',#20283,#16701,#16702);
#13611=AXIS2_PLACEMENT_3D('',#20284,#16703,#16704);
#13612=AXIS2_PLACEMENT_3D('',#20288,#16706,#16707);
#13613=AXIS2_PLACEMENT_3D('',#20289,#16708,#16709);
#13614=AXIS2_PLACEMENT_3D('',#20290,#16710,#16711);
#13615=AXIS2_PLACEMENT_3D('',#20291,#16712,#16713);
#13616=AXIS2_PLACEMENT_3D('',#20292,#16714,#16715);
#13617=AXIS2_PLACEMENT_3D('',#20293,#16716,#16717);
#13618=AXIS2_PLACEMENT_3D('',#20294,#16718,#16719);
#13619=AXIS2_PLACEMENT_3D('',#20295,#16720,#16721);
#13620=AXIS2_PLACEMENT_3D('',#20296,#16722,#16723);
#13621=AXIS2_PLACEMENT_3D('',#20302,#16727,#16728);
#13622=AXIS2_PLACEMENT_3D('',#20303,#16729,#16730);
#13623=AXIS2_PLACEMENT_3D('',#20304,#16731,#16732);
#13624=AXIS2_PLACEMENT_3D('',#20308,#16734,#16735);
#13625=AXIS2_PLACEMENT_3D('',#20309,#16736,#16737);
#13626=AXIS2_PLACEMENT_3D('',#20310,#16738,#16739);
#13627=AXIS2_PLACEMENT_3D('',#20311,#16740,#16741);
#13628=AXIS2_PLACEMENT_3D('',#20315,#16743,#16744);
#13629=AXIS2_PLACEMENT_3D('',#20316,#16745,#16746);
#13630=AXIS2_PLACEMENT_3D('',#20317,#16747,#16748);
#13631=AXIS2_PLACEMENT_3D('',#20318,#16749,#16750);
#13632=AXIS2_PLACEMENT_3D('',#20319,#16751,#16752);
#13633=AXIS2_PLACEMENT_3D('',#20320,#16753,#16754);
#13634=AXIS2_PLACEMENT_3D('',#20321,#16755,#16756);
#13635=AXIS2_PLACEMENT_3D('',#20322,#16757,#16758);
#13636=AXIS2_PLACEMENT_3D('',#20323,#16759,#16760);
#13637=AXIS2_PLACEMENT_3D('',#20329,#16764,#16765);
#13638=AXIS2_PLACEMENT_3D('',#20330,#16766,#16767);
#13639=AXIS2_PLACEMENT_3D('',#20331,#16768,#16769);
#13640=AXIS2_PLACEMENT_3D('',#20335,#16771,#16772);
#13641=AXIS2_PLACEMENT_3D('',#20336,#16773,#16774);
#13642=AXIS2_PLACEMENT_3D('',#20337,#16775,#16776);
#13643=AXIS2_PLACEMENT_3D('',#20338,#16777,#16778);
#13644=AXIS2_PLACEMENT_3D('',#20342,#16780,#16781);
#13645=AXIS2_PLACEMENT_3D('',#20343,#16782,#16783);
#13646=AXIS2_PLACEMENT_3D('',#20344,#16784,#16785);
#13647=AXIS2_PLACEMENT_3D('',#20345,#16786,#16787);
#13648=AXIS2_PLACEMENT_3D('',#20346,#16788,#16789);
#13649=AXIS2_PLACEMENT_3D('',#20347,#16790,#16791);
#13650=AXIS2_PLACEMENT_3D('',#20348,#16792,#16793);
#13651=AXIS2_PLACEMENT_3D('',#20349,#16794,#16795);
#13652=AXIS2_PLACEMENT_3D('',#20350,#16796,#16797);
#13653=AXIS2_PLACEMENT_3D('',#20356,#16801,#16802);
#13654=AXIS2_PLACEMENT_3D('',#20357,#16803,#16804);
#13655=AXIS2_PLACEMENT_3D('',#20358,#16805,#16806);
#13656=AXIS2_PLACEMENT_3D('',#20362,#16808,#16809);
#13657=AXIS2_PLACEMENT_3D('',#20363,#16810,#16811);
#13658=AXIS2_PLACEMENT_3D('',#20364,#16812,#16813);
#13659=AXIS2_PLACEMENT_3D('',#20365,#16814,#16815);
#13660=AXIS2_PLACEMENT_3D('',#20369,#16817,#16818);
#13661=AXIS2_PLACEMENT_3D('',#20370,#16819,#16820);
#13662=AXIS2_PLACEMENT_3D('',#20371,#16821,#16822);
#13663=AXIS2_PLACEMENT_3D('',#20372,#16823,#16824);
#13664=AXIS2_PLACEMENT_3D('',#20373,#16825,#16826);
#13665=AXIS2_PLACEMENT_3D('',#20374,#16827,#16828);
#13666=AXIS2_PLACEMENT_3D('',#20375,#16829,#16830);
#13667=AXIS2_PLACEMENT_3D('',#20376,#16831,#16832);
#13668=AXIS2_PLACEMENT_3D('',#20377,#16833,#16834);
#13669=AXIS2_PLACEMENT_3D('',#20383,#16838,#16839);
#13670=AXIS2_PLACEMENT_3D('',#20391,#16844,#16845);
#13671=AXIS2_PLACEMENT_3D('',#20399,#16850,#16851);
#13672=AXIS2_PLACEMENT_3D('',#20402,#16854,#16855);
#13673=AXIS2_PLACEMENT_3D('',#20403,#16856,#16857);
#13674=AXIS2_PLACEMENT_3D('',#20405,#16859,#16860);
#13675=AXIS2_PLACEMENT_3D('',#20406,#16861,#16862);
#13676=AXIS2_PLACEMENT_3D('',#20412,#16866,#16867);
#13677=AXIS2_PLACEMENT_3D('',#20420,#16872,#16873);
#13678=AXIS2_PLACEMENT_3D('',#20428,#16878,#16879);
#13679=AXIS2_PLACEMENT_3D('',#20431,#16882,#16883);
#13680=AXIS2_PLACEMENT_3D('',#20432,#16884,#16885);
#13681=AXIS2_PLACEMENT_3D('',#20434,#16887,#16888);
#13682=AXIS2_PLACEMENT_3D('',#20435,#16889,#16890);
#13683=AXIS2_PLACEMENT_3D('',#20441,#16894,#16895);
#13684=AXIS2_PLACEMENT_3D('',#20449,#16900,#16901);
#13685=AXIS2_PLACEMENT_3D('',#20457,#16906,#16907);
#13686=AXIS2_PLACEMENT_3D('',#20460,#16910,#16911);
#13687=AXIS2_PLACEMENT_3D('',#20461,#16912,#16913);
#13688=AXIS2_PLACEMENT_3D('',#20463,#16915,#16916);
#13689=AXIS2_PLACEMENT_3D('',#20464,#16917,#16918);
#13690=AXIS2_PLACEMENT_3D('',#20470,#16922,#16923);
#13691=AXIS2_PLACEMENT_3D('',#20478,#16928,#16929);
#13692=AXIS2_PLACEMENT_3D('',#20486,#16934,#16935);
#13693=AXIS2_PLACEMENT_3D('',#20489,#16938,#16939);
#13694=AXIS2_PLACEMENT_3D('',#20490,#16940,#16941);
#13695=AXIS2_PLACEMENT_3D('',#20492,#16943,#16944);
#13696=AXIS2_PLACEMENT_3D('',#20493,#16945,#16946);
#13697=AXIS2_PLACEMENT_3D('',#20499,#16950,#16951);
#13698=AXIS2_PLACEMENT_3D('',#20507,#16956,#16957);
#13699=AXIS2_PLACEMENT_3D('',#20515,#16962,#16963);
#13700=AXIS2_PLACEMENT_3D('',#20518,#16966,#16967);
#13701=AXIS2_PLACEMENT_3D('',#20519,#16968,#16969);
#13702=AXIS2_PLACEMENT_3D('',#20521,#16971,#16972);
#13703=AXIS2_PLACEMENT_3D('',#20522,#16973,#16974);
#13704=AXIS2_PLACEMENT_3D('',#20528,#16978,#16979);
#13705=AXIS2_PLACEMENT_3D('',#20536,#16984,#16985);
#13706=AXIS2_PLACEMENT_3D('',#20544,#16990,#16991);
#13707=AXIS2_PLACEMENT_3D('',#20547,#16994,#16995);
#13708=AXIS2_PLACEMENT_3D('',#20548,#16996,#16997);
#13709=AXIS2_PLACEMENT_3D('',#20550,#16999,#17000);
#13710=AXIS2_PLACEMENT_3D('',#20551,#17001,#17002);
#13711=AXIS2_PLACEMENT_3D('',#20557,#17006,#17007);
#13712=AXIS2_PLACEMENT_3D('',#20565,#17012,#17013);
#13713=AXIS2_PLACEMENT_3D('',#20573,#17018,#17019);
#13714=AXIS2_PLACEMENT_3D('',#20576,#17022,#17023);
#13715=AXIS2_PLACEMENT_3D('',#20577,#17024,#17025);
#13716=AXIS2_PLACEMENT_3D('',#20579,#17027,#17028);
#13717=AXIS2_PLACEMENT_3D('',#20580,#17029,#17030);
#13718=AXIS2_PLACEMENT_3D('',#20586,#17034,#17035);
#13719=AXIS2_PLACEMENT_3D('',#20594,#17040,#17041);
#13720=AXIS2_PLACEMENT_3D('',#20602,#17046,#17047);
#13721=AXIS2_PLACEMENT_3D('',#20605,#17050,#17051);
#13722=AXIS2_PLACEMENT_3D('',#20606,#17052,#17053);
#13723=AXIS2_PLACEMENT_3D('',#20608,#17055,#17056);
#13724=AXIS2_PLACEMENT_3D('',#20609,#17057,#17058);
#13725=AXIS2_PLACEMENT_3D('',#20615,#17062,#17063);
#13726=AXIS2_PLACEMENT_3D('',#20623,#17068,#17069);
#13727=AXIS2_PLACEMENT_3D('',#20631,#17074,#17075);
#13728=AXIS2_PLACEMENT_3D('',#20634,#17078,#17079);
#13729=AXIS2_PLACEMENT_3D('',#20635,#17080,#17081);
#13730=AXIS2_PLACEMENT_3D('',#20637,#17083,#17084);
#13731=AXIS2_PLACEMENT_3D('',#20638,#17085,#17086);
#13732=AXIS2_PLACEMENT_3D('',#20644,#17090,#17091);
#13733=AXIS2_PLACEMENT_3D('',#20652,#17096,#17097);
#13734=AXIS2_PLACEMENT_3D('',#20660,#17102,#17103);
#13735=AXIS2_PLACEMENT_3D('',#20663,#17106,#17107);
#13736=AXIS2_PLACEMENT_3D('',#20664,#17108,#17109);
#13737=AXIS2_PLACEMENT_3D('',#20666,#17111,#17112);
#13738=AXIS2_PLACEMENT_3D('',#20667,#17113,#17114);
#13739=AXIS2_PLACEMENT_3D('',#20673,#17118,#17119);
#13740=AXIS2_PLACEMENT_3D('',#20681,#17124,#17125);
#13741=AXIS2_PLACEMENT_3D('',#20689,#17130,#17131);
#13742=AXIS2_PLACEMENT_3D('',#20692,#17134,#17135);
#13743=AXIS2_PLACEMENT_3D('',#20693,#17136,#17137);
#13744=AXIS2_PLACEMENT_3D('',#20695,#17139,#17140);
#13745=AXIS2_PLACEMENT_3D('',#20696,#17141,#17142);
#13746=AXIS2_PLACEMENT_3D('',#20702,#17146,#17147);
#13747=AXIS2_PLACEMENT_3D('',#20710,#17152,#17153);
#13748=AXIS2_PLACEMENT_3D('',#20718,#17158,#17159);
#13749=AXIS2_PLACEMENT_3D('',#20721,#17162,#17163);
#13750=AXIS2_PLACEMENT_3D('',#20722,#17164,#17165);
#13751=AXIS2_PLACEMENT_3D('',#20724,#17167,#17168);
#13752=AXIS2_PLACEMENT_3D('',#20725,#17169,#17170);
#13753=AXIS2_PLACEMENT_3D('',#20731,#17174,#17175);
#13754=AXIS2_PLACEMENT_3D('',#20739,#17180,#17181);
#13755=AXIS2_PLACEMENT_3D('',#20747,#17186,#17187);
#13756=AXIS2_PLACEMENT_3D('',#20750,#17190,#17191);
#13757=AXIS2_PLACEMENT_3D('',#20751,#17192,#17193);
#13758=AXIS2_PLACEMENT_3D('',#20753,#17195,#17196);
#13759=AXIS2_PLACEMENT_3D('',#20754,#17197,#17198);
#13760=AXIS2_PLACEMENT_3D('',#20760,#17202,#17203);
#13761=AXIS2_PLACEMENT_3D('',#20768,#17208,#17209);
#13762=AXIS2_PLACEMENT_3D('',#20776,#17214,#17215);
#13763=AXIS2_PLACEMENT_3D('',#20779,#17218,#17219);
#13764=AXIS2_PLACEMENT_3D('',#20780,#17220,#17221);
#13765=AXIS2_PLACEMENT_3D('',#20782,#17223,#17224);
#13766=AXIS2_PLACEMENT_3D('',#20783,#17225,#17226);
#13767=DIRECTION('',(0.,0.,1.));
#13768=DIRECTION('',(1.,0.,0.));
#13769=DIRECTION('',(0.,1.,0.));
#13770=DIRECTION('',(-1.,0.,0.));
#13771=DIRECTION('',(0.,-1.,0.));
#13772=DIRECTION('',(1.,0.,0.));
#13773=DIRECTION('',(0.,1.,0.));
#13774=DIRECTION('',(0.,1.,0.));
#13775=DIRECTION('',(0.,1.,0.));
#13776=DIRECTION('',(0.,1.,0.));
#13777=DIRECTION('',(0.,1.,0.));
#13778=DIRECTION('',(0.,1.,0.));
#13779=DIRECTION('',(0.,1.,0.));
#13780=DIRECTION('',(0.,1.,0.));
#13781=DIRECTION('',(0.,1.,0.));
#13782=DIRECTION('',(0.,1.,0.));
#13783=DIRECTION('',(0.,1.,0.));
#13784=DIRECTION('',(0.,1.,0.));
#13785=DIRECTION('',(0.,1.,0.));
#13786=DIRECTION('',(0.,1.,0.));
#13787=DIRECTION('',(0.,1.,0.));
#13788=DIRECTION('',(0.,1.,0.));
#13789=DIRECTION('',(0.,1.,0.));
#13790=DIRECTION('',(0.,1.,0.));
#13791=DIRECTION('',(0.,1.,0.));
#13792=DIRECTION('',(1.,0.,0.));
#13793=DIRECTION('',(1.,0.,0.));
#13794=DIRECTION('',(1.,0.,0.));
#13795=DIRECTION('',(1.,0.,0.));
#13796=DIRECTION('',(1.,0.,0.));
#13797=DIRECTION('',(1.,0.,0.));
#13798=DIRECTION('',(1.,0.,0.));
#13799=DIRECTION('',(1.,0.,0.));
#13800=DIRECTION('',(1.,0.,0.));
#13801=DIRECTION('',(1.,0.,0.));
#13802=DIRECTION('',(1.,0.,0.));
#13803=DIRECTION('',(1.,0.,0.));
#13804=DIRECTION('',(1.,0.,0.));
#13805=DIRECTION('',(1.,0.,0.));
#13806=DIRECTION('',(1.,0.,0.));
#13807=DIRECTION('',(1.,0.,0.));
#13808=DIRECTION('',(1.,0.,0.));
#13809=DIRECTION('',(1.,0.,0.));
#13810=DIRECTION('',(1.,0.,0.));
#13811=DIRECTION('',(0.,-1.,0.));
#13812=DIRECTION('',(0.,-1.,0.));
#13813=DIRECTION('',(0.,-1.,0.));
#13814=DIRECTION('',(0.,-1.,0.));
#13815=DIRECTION('',(0.,-1.,0.));
#13816=DIRECTION('',(0.,-1.,0.));
#13817=DIRECTION('',(0.,-1.,0.));
#13818=DIRECTION('',(0.,-1.,0.));
#13819=DIRECTION('',(0.,-1.,0.));
#13820=DIRECTION('',(0.,-1.,0.));
#13821=DIRECTION('',(0.,-1.,0.));
#13822=DIRECTION('',(0.,-1.,0.));
#13823=DIRECTION('',(0.,-1.,0.));
#13824=DIRECTION('',(0.,-1.,0.));
#13825=DIRECTION('',(0.,-1.,0.));
#13826=DIRECTION('',(0.,-1.,0.));
#13827=DIRECTION('',(0.,-1.,0.));
#13828=DIRECTION('',(0.,-1.,0.));
#13829=DIRECTION('',(0.,-1.,0.));
#13830=DIRECTION('',(-1.,0.,0.));
#13831=DIRECTION('',(-1.,0.,0.));
#13832=DIRECTION('',(-1.,0.,0.));
#13833=DIRECTION('',(-1.,0.,0.));
#13834=DIRECTION('',(-1.,0.,0.));
#13835=DIRECTION('',(-1.,0.,0.));
#13836=DIRECTION('',(-1.,0.,0.));
#13837=DIRECTION('',(-1.,0.,0.));
#13838=DIRECTION('',(-1.,0.,0.));
#13839=DIRECTION('',(-1.,0.,0.));
#13840=DIRECTION('',(-1.,0.,0.));
#13841=DIRECTION('',(-1.,0.,0.));
#13842=DIRECTION('',(-1.,0.,0.));
#13843=DIRECTION('',(-1.,0.,0.));
#13844=DIRECTION('',(-1.,0.,0.));
#13845=DIRECTION('',(-1.,0.,0.));
#13846=DIRECTION('',(-1.,0.,0.));
#13847=DIRECTION('',(-1.,0.,0.));
#13848=DIRECTION('',(-1.,0.,0.));
#13849=DIRECTION('',(0.,1.,0.));
#13850=DIRECTION('',(1.,0.,0.));
#13851=DIRECTION('',(0.,-1.,0.));
#13852=DIRECTION('',(-1.,0.,0.));
#13853=DIRECTION('',(0.,1.,0.));
#13854=DIRECTION('',(1.,0.,0.));
#13855=DIRECTION('',(0.,-1.,0.));
#13856=DIRECTION('',(-1.,0.,0.));
#13857=DIRECTION('',(0.,1.,0.));
#13858=DIRECTION('',(1.,0.,0.));
#13859=DIRECTION('',(0.,-1.,0.));
#13860=DIRECTION('',(-1.,0.,0.));
#13861=DIRECTION('',(0.,1.,0.));
#13862=DIRECTION('',(1.,0.,0.));
#13863=DIRECTION('',(0.,-1.,0.));
#13864=DIRECTION('',(-1.,0.,0.));
#13865=DIRECTION('',(0.,1.,0.));
#13866=DIRECTION('',(1.,0.,0.));
#13867=DIRECTION('',(0.,-1.,0.));
#13868=DIRECTION('',(-1.,0.,0.));
#13869=DIRECTION('',(0.,1.,0.));
#13870=DIRECTION('',(1.,0.,0.));
#13871=DIRECTION('',(0.,-1.,0.));
#13872=DIRECTION('',(-1.,0.,0.));
#13873=DIRECTION('',(0.,1.,0.));
#13874=DIRECTION('',(1.,0.,0.));
#13875=DIRECTION('',(0.,-1.,0.));
#13876=DIRECTION('',(-1.,0.,0.));
#13877=DIRECTION('',(0.,1.,0.));
#13878=DIRECTION('',(1.,0.,0.));
#13879=DIRECTION('',(0.,-1.,0.));
#13880=DIRECTION('',(-1.,0.,0.));
#13881=DIRECTION('',(0.,1.,0.));
#13882=DIRECTION('',(1.,0.,0.));
#13883=DIRECTION('',(0.,-1.,0.));
#13884=DIRECTION('',(-1.,0.,0.));
#13885=DIRECTION('',(0.,1.,0.));
#13886=DIRECTION('',(1.,0.,0.));
#13887=DIRECTION('',(0.,-1.,0.));
#13888=DIRECTION('',(-1.,0.,0.));
#13889=DIRECTION('',(0.,1.,0.));
#13890=DIRECTION('',(1.,0.,0.));
#13891=DIRECTION('',(0.,1.,0.));
#13892=DIRECTION('',(-1.,0.,0.));
#13893=DIRECTION('',(0.,1.,0.));
#13894=DIRECTION('',(1.,0.,0.));
#13895=DIRECTION('',(0.,1.,0.));
#13896=DIRECTION('',(-1.,0.,0.));
#13897=DIRECTION('',(0.,1.,0.));
#13898=DIRECTION('',(1.,0.,0.));
#13899=DIRECTION('',(0.,1.,0.));
#13900=DIRECTION('',(-1.,0.,0.));
#13901=DIRECTION('',(0.,1.,0.));
#13902=DIRECTION('',(1.,0.,0.));
#13903=DIRECTION('',(0.,1.,0.));
#13904=DIRECTION('',(-1.,0.,0.));
#13905=DIRECTION('',(0.,1.,0.));
#13906=DIRECTION('',(1.,0.,0.));
#13907=DIRECTION('',(0.,1.,0.));
#13908=DIRECTION('',(-1.,0.,0.));
#13909=DIRECTION('',(0.,1.,0.));
#13910=DIRECTION('',(1.,0.,0.));
#13911=DIRECTION('',(0.,1.,0.));
#13912=DIRECTION('',(-1.,0.,0.));
#13913=DIRECTION('',(0.,1.,0.));
#13914=DIRECTION('',(1.,0.,0.));
#13915=DIRECTION('',(0.,1.,0.));
#13916=DIRECTION('',(-1.,0.,0.));
#13917=DIRECTION('',(0.,1.,0.));
#13918=DIRECTION('',(1.,0.,0.));
#13919=DIRECTION('',(0.,1.,0.));
#13920=DIRECTION('',(-1.,0.,0.));
#13921=DIRECTION('',(0.,1.,0.));
#13922=DIRECTION('',(1.,0.,0.));
#13923=DIRECTION('',(0.,1.,0.));
#13924=DIRECTION('',(-1.,0.,0.));
#13925=DIRECTION('',(0.,1.,0.));
#13926=DIRECTION('',(1.,0.,0.));
#13927=DIRECTION('',(0.,1.,0.));
#13928=DIRECTION('',(-1.,0.,0.));
#13929=DIRECTION('',(0.,1.,0.));
#13930=DIRECTION('',(1.,0.,0.));
#13931=DIRECTION('',(0.,1.,0.));
#13932=DIRECTION('',(-1.,0.,0.));
#13933=DIRECTION('',(0.,1.,0.));
#13934=DIRECTION('',(1.,0.,0.));
#13935=DIRECTION('',(0.,1.,0.));
#13936=DIRECTION('',(-1.,0.,0.));
#13937=DIRECTION('',(0.,1.,0.));
#13938=DIRECTION('',(1.,0.,0.));
#13939=DIRECTION('',(0.,1.,0.));
#13940=DIRECTION('',(-1.,0.,0.));
#13941=DIRECTION('',(0.,1.,0.));
#13942=DIRECTION('',(1.,0.,0.));
#13943=DIRECTION('',(0.,-1.,0.));
#13944=DIRECTION('',(-1.,0.,0.));
#13945=DIRECTION('',(0.,1.,0.));
#13946=DIRECTION('',(1.,0.,0.));
#13947=DIRECTION('',(0.,1.,0.));
#13948=DIRECTION('',(-1.,0.,0.));
#13949=DIRECTION('',(0.,1.,0.));
#13950=DIRECTION('',(1.,0.,0.));
#13951=DIRECTION('',(0.,1.,0.));
#13952=DIRECTION('',(-1.,0.,0.));
#13953=DIRECTION('',(0.,1.,0.));
#13954=DIRECTION('',(1.,0.,0.));
#13955=DIRECTION('',(0.,1.,0.));
#13956=DIRECTION('',(-1.,0.,0.));
#13957=DIRECTION('',(0.,1.,0.));
#13958=DIRECTION('',(1.,0.,0.));
#13959=DIRECTION('',(0.,1.,0.));
#13960=DIRECTION('',(-1.,0.,0.));
#13961=DIRECTION('',(0.,1.,0.));
#13962=DIRECTION('',(1.,0.,0.));
#13963=DIRECTION('',(0.,1.,0.));
#13964=DIRECTION('',(-1.,0.,0.));
#13965=DIRECTION('',(0.,1.,0.));
#13966=DIRECTION('',(1.,0.,0.));
#13967=DIRECTION('',(0.,1.,0.));
#13968=DIRECTION('',(-1.,0.,0.));
#13969=DIRECTION('',(0.,1.,0.));
#13970=DIRECTION('',(1.,0.,0.));
#13971=DIRECTION('',(0.,1.,0.));
#13972=DIRECTION('',(-1.,0.,0.));
#13973=DIRECTION('',(0.,1.,0.));
#13974=DIRECTION('',(1.,0.,0.));
#13975=DIRECTION('',(0.,1.,0.));
#13976=DIRECTION('',(-1.,0.,0.));
#13977=DIRECTION('',(0.,1.,0.));
#13978=DIRECTION('',(1.,0.,0.));
#13979=DIRECTION('',(0.,1.,0.));
#13980=DIRECTION('',(-1.,0.,0.));
#13981=DIRECTION('',(0.,1.,0.));
#13982=DIRECTION('',(1.,0.,0.));
#13983=DIRECTION('',(0.,1.,0.));
#13984=DIRECTION('',(-1.,0.,0.));
#13985=DIRECTION('',(0.,1.,0.));
#13986=DIRECTION('',(1.,0.,0.));
#13987=DIRECTION('',(0.,1.,0.));
#13988=DIRECTION('',(-1.,0.,0.));
#13989=DIRECTION('',(0.,1.,0.));
#13990=DIRECTION('',(1.,0.,0.));
#13991=DIRECTION('',(0.,1.,0.));
#13992=DIRECTION('',(-1.,0.,0.));
#13993=DIRECTION('',(0.,1.,0.));
#13994=DIRECTION('',(1.,0.,0.));
#13995=DIRECTION('',(0.,1.,0.));
#13996=DIRECTION('',(-1.,0.,0.));
#13997=DIRECTION('',(0.,1.,0.));
#13998=DIRECTION('',(1.,0.,0.));
#13999=DIRECTION('',(0.,1.,0.));
#14000=DIRECTION('',(-1.,0.,0.));
#14001=DIRECTION('',(0.,1.,4.16333634234435E-16));
#14002=DIRECTION('',(1.,0.,0.));
#14003=DIRECTION('',(0.,1.,4.16333634234435E-16));
#14004=DIRECTION('',(-1.,0.,0.));
#14005=DIRECTION('',(0.,1.,0.));
#14006=DIRECTION('',(1.,0.,0.));
#14007=DIRECTION('',(0.,1.,-2.7755575615629E-16));
#14008=DIRECTION('',(-1.,0.,0.));
#14009=DIRECTION('',(0.,1.,-2.7755575615629E-16));
#14010=DIRECTION('',(1.,0.,0.));
#14011=DIRECTION('',(0.,1.,0.));
#14012=DIRECTION('',(-1.,0.,0.));
#14013=DIRECTION('',(0.,0.,1.));
#14014=DIRECTION('',(1.,0.,0.));
#14015=DIRECTION('',(0.,0.,-1.));
#14016=DIRECTION('',(1.,0.,0.));
#14017=DIRECTION('',(0.,0.,-1.));
#14018=DIRECTION('',(0.,0.,1.));
#14019=DIRECTION('',(1.,0.,0.));
#14020=DIRECTION('',(0.,0.,1.));
#14021=DIRECTION('',(0.,0.,-1.));
#14022=DIRECTION('',(1.,0.,0.));
#14023=DIRECTION('',(0.,0.,-1.));
#14024=DIRECTION('',(0.,0.,-1.));
#14025=DIRECTION('',(1.,0.,0.));
#14026=DIRECTION('',(0.,0.,-1.));
#14027=DIRECTION('',(0.,0.,-1.));
#14028=DIRECTION('',(1.,0.,0.));
#14029=DIRECTION('',(0.,0.,-1.));
#14030=DIRECTION('',(0.,0.,-1.));
#14031=DIRECTION('',(1.,0.,0.));
#14032=DIRECTION('',(0.,0.,-1.));
#14033=DIRECTION('',(0.,0.,-1.));
#14034=DIRECTION('',(1.,0.,0.));
#14035=DIRECTION('',(0.,0.,-1.));
#14036=DIRECTION('',(0.,0.,-1.));
#14037=DIRECTION('',(1.,0.,0.));
#14038=DIRECTION('',(0.,0.,-1.));
#14039=DIRECTION('',(0.,0.,-1.));
#14040=DIRECTION('',(1.,0.,0.));
#14041=DIRECTION('',(0.,0.,-1.));
#14042=DIRECTION('',(0.,0.,-1.));
#14043=DIRECTION('',(1.,0.,0.));
#14044=DIRECTION('',(0.,0.,-1.));
#14045=DIRECTION('',(0.,0.,-1.));
#14046=DIRECTION('',(1.,0.,0.));
#14047=DIRECTION('',(0.,0.,-1.));
#14048=DIRECTION('',(0.,0.,-1.));
#14049=DIRECTION('',(1.,0.,0.));
#14050=DIRECTION('',(0.,0.,-1.));
#14051=DIRECTION('',(0.,0.,-1.));
#14052=DIRECTION('',(1.,0.,0.));
#14053=DIRECTION('',(0.,0.,-1.));
#14054=DIRECTION('',(0.,0.,-1.));
#14055=DIRECTION('',(1.,0.,0.));
#14056=DIRECTION('',(0.,0.,-1.));
#14057=DIRECTION('',(0.,0.,-1.));
#14058=DIRECTION('',(1.,0.,0.));
#14059=DIRECTION('',(0.,0.,-1.));
#14060=DIRECTION('',(0.,0.,-1.));
#14061=DIRECTION('',(1.,0.,0.));
#14062=DIRECTION('',(0.,0.,-1.));
#14063=DIRECTION('',(0.,1.,0.));
#14064=DIRECTION('',(0.,0.,1.));
#14065=DIRECTION('',(0.,0.,-1.));
#14066=DIRECTION('',(1.,0.,0.));
#14067=DIRECTION('',(0.,0.,-1.));
#14068=DIRECTION('',(-1.,0.,0.));
#14069=DIRECTION('',(0.,0.,-1.));
#14070=DIRECTION('',(1.,0.,0.));
#14071=DIRECTION('',(0.,0.,-1.));
#14072=DIRECTION('',(-1.,0.,0.));
#14073=DIRECTION('',(0.,0.,-1.));
#14074=DIRECTION('',(1.,0.,0.));
#14075=DIRECTION('',(0.,0.,-1.));
#14076=DIRECTION('',(-1.,0.,0.));
#14077=DIRECTION('',(0.,0.,-1.));
#14078=DIRECTION('',(1.,0.,0.));
#14079=DIRECTION('',(0.,0.,-1.));
#14080=DIRECTION('',(-1.,0.,0.));
#14081=DIRECTION('',(0.,0.,-1.));
#14082=DIRECTION('',(1.,0.,0.));
#14083=DIRECTION('',(0.,0.,-1.));
#14084=DIRECTION('',(-1.,0.,0.));
#14085=DIRECTION('',(0.,0.,-1.));
#14086=DIRECTION('',(1.,0.,0.));
#14087=DIRECTION('',(0.,0.,-1.));
#14088=DIRECTION('',(-1.,0.,0.));
#14089=DIRECTION('',(0.,0.,-1.));
#14090=DIRECTION('',(1.,0.,0.));
#14091=DIRECTION('',(0.,0.,-1.));
#14092=DIRECTION('',(-1.,0.,0.));
#14093=DIRECTION('',(1.,0.,0.));
#14094=DIRECTION('',(0.,0.,-1.));
#14095=DIRECTION('',(1.,0.,0.));
#14096=DIRECTION('',(0.,0.,-1.));
#14097=DIRECTION('',(0.,0.,-1.));
#14098=DIRECTION('',(1.,0.,0.));
#14099=DIRECTION('',(0.,0.,-1.));
#14100=DIRECTION('',(-1.,0.,0.));
#14101=DIRECTION('',(0.,0.,-1.));
#14102=DIRECTION('',(1.,0.,0.));
#14103=DIRECTION('',(0.,0.,-1.));
#14104=DIRECTION('',(-1.,0.,0.));
#14105=DIRECTION('',(0.,0.,-1.));
#14106=DIRECTION('',(1.,0.,0.));
#14107=DIRECTION('',(0.,0.,-1.));
#14108=DIRECTION('',(-1.,0.,0.));
#14109=DIRECTION('',(0.,0.,-1.));
#14110=DIRECTION('',(1.,0.,0.));
#14111=DIRECTION('',(0.,0.,-1.));
#14112=DIRECTION('',(-1.,0.,0.));
#14113=DIRECTION('',(0.,0.,-1.));
#14114=DIRECTION('',(1.,0.,0.));
#14115=DIRECTION('',(0.,0.,-1.));
#14116=DIRECTION('',(-1.,0.,0.));
#14117=DIRECTION('',(0.,0.,-1.));
#14118=DIRECTION('',(1.,0.,0.));
#14119=DIRECTION('',(0.,0.,-1.));
#14120=DIRECTION('',(-1.,0.,0.));
#14121=DIRECTION('',(0.,0.,-1.));
#14122=DIRECTION('',(1.,0.,0.));
#14123=DIRECTION('',(0.,0.,-1.));
#14124=DIRECTION('',(-1.,0.,0.));
#14125=DIRECTION('',(0.,0.,-1.));
#14126=DIRECTION('',(1.,0.,0.));
#14127=DIRECTION('',(0.,0.,-1.));
#14128=DIRECTION('',(-1.,0.,0.));
#14129=DIRECTION('',(0.,1.,0.));
#14130=DIRECTION('',(0.,0.,1.));
#14131=DIRECTION('',(0.,0.,-1.));
#14132=DIRECTION('',(1.,0.,0.));
#14133=DIRECTION('',(0.,0.,-1.));
#14134=DIRECTION('',(0.,0.,-1.));
#14135=DIRECTION('',(-1.,0.,0.));
#14136=DIRECTION('',(0.,0.,-1.));
#14137=DIRECTION('',(0.,0.,-1.));
#14138=DIRECTION('',(1.,0.,0.));
#14139=DIRECTION('',(0.,0.,-1.));
#14140=DIRECTION('',(0.,0.,-1.));
#14141=DIRECTION('',(-1.,0.,0.));
#14142=DIRECTION('',(0.,0.,-1.));
#14143=DIRECTION('',(0.,0.,-1.));
#14144=DIRECTION('',(1.,0.,0.));
#14145=DIRECTION('',(0.,0.,-1.));
#14146=DIRECTION('',(0.,0.,-1.));
#14147=DIRECTION('',(-1.,0.,0.));
#14148=DIRECTION('',(0.,0.,-1.));
#14149=DIRECTION('',(0.,0.,-1.));
#14150=DIRECTION('',(1.,0.,0.));
#14151=DIRECTION('',(0.,0.,-1.));
#14152=DIRECTION('',(0.,0.,-1.));
#14153=DIRECTION('',(-1.,0.,0.));
#14154=DIRECTION('',(0.,0.,-1.));
#14155=DIRECTION('',(0.,0.,-1.));
#14156=DIRECTION('',(1.,0.,0.));
#14157=DIRECTION('',(0.,0.,-1.));
#14158=DIRECTION('',(0.,0.,-1.));
#14159=DIRECTION('',(-1.,0.,0.));
#14160=DIRECTION('',(0.,0.,-1.));
#14161=DIRECTION('',(0.,0.,-1.));
#14162=DIRECTION('',(1.,0.,0.));
#14163=DIRECTION('',(0.,0.,-1.));
#14164=DIRECTION('',(0.,0.,-1.));
#14165=DIRECTION('',(-1.,0.,0.));
#14166=DIRECTION('',(0.,0.,-1.));
#14167=DIRECTION('',(0.,0.,-1.));
#14168=DIRECTION('',(1.,0.,0.));
#14169=DIRECTION('',(0.,0.,-1.));
#14170=DIRECTION('',(0.,0.,-1.));
#14171=DIRECTION('',(-1.,0.,0.));
#14172=DIRECTION('',(0.,0.,-1.));
#14173=DIRECTION('',(-1.,0.,0.));
#14174=DIRECTION('',(0.,0.,-1.));
#14175=DIRECTION('',(1.,0.,0.));
#14176=DIRECTION('',(0.,0.,-1.));
#14177=DIRECTION('',(0.,0.,-1.));
#14178=DIRECTION('',(1.,0.,0.));
#14179=DIRECTION('',(0.,0.,-1.));
#14180=DIRECTION('',(0.,0.,-1.));
#14181=DIRECTION('',(-1.,0.,0.));
#14182=DIRECTION('',(0.,0.,-1.));
#14183=DIRECTION('',(0.,0.,-1.));
#14184=DIRECTION('',(1.,0.,0.));
#14185=DIRECTION('',(0.,0.,-1.));
#14186=DIRECTION('',(0.,0.,-1.));
#14187=DIRECTION('',(-1.,0.,0.));
#14188=DIRECTION('',(0.,0.,-1.));
#14189=DIRECTION('',(0.,0.,-1.));
#14190=DIRECTION('',(1.,0.,0.));
#14191=DIRECTION('',(0.,0.,-1.));
#14192=DIRECTION('',(0.,0.,-1.));
#14193=DIRECTION('',(-1.,0.,0.));
#14194=DIRECTION('',(0.,0.,-1.));
#14195=DIRECTION('',(0.,0.,-1.));
#14196=DIRECTION('',(1.,0.,0.));
#14197=DIRECTION('',(0.,0.,-1.));
#14198=DIRECTION('',(0.,0.,-1.));
#14199=DIRECTION('',(-1.,0.,0.));
#14200=DIRECTION('',(0.,0.,-1.));
#14201=DIRECTION('',(0.,0.,-1.));
#14202=DIRECTION('',(1.,0.,0.));
#14203=DIRECTION('',(0.,0.,-1.));
#14204=DIRECTION('',(0.,0.,-1.));
#14205=DIRECTION('',(-1.,0.,0.));
#14206=DIRECTION('',(0.,0.,-1.));
#14207=DIRECTION('',(0.,0.,-1.));
#14208=DIRECTION('',(1.,0.,0.));
#14209=DIRECTION('',(0.,0.,-1.));
#14210=DIRECTION('',(0.,0.,-1.));
#14211=DIRECTION('',(-1.,0.,0.));
#14212=DIRECTION('',(0.,0.,-1.));
#14213=DIRECTION('',(0.,0.,-1.));
#14214=DIRECTION('',(1.,0.,0.));
#14215=DIRECTION('',(0.,0.,-1.));
#14216=DIRECTION('',(0.,0.,-1.));
#14217=DIRECTION('',(-1.,0.,0.));
#14218=DIRECTION('',(0.,0.,-1.));
#14219=DIRECTION('',(0.,0.,-1.));
#14220=DIRECTION('',(1.,0.,0.));
#14221=DIRECTION('',(0.,0.,-1.));
#14222=DIRECTION('',(0.,0.,-1.));
#14223=DIRECTION('',(-1.,0.,0.));
#14224=DIRECTION('',(0.,0.,-1.));
#14225=DIRECTION('',(0.,1.,0.));
#14226=DIRECTION('',(0.,0.,1.));
#14227=DIRECTION('',(0.,1.,0.));
#14228=DIRECTION('',(-1.,0.,0.));
#14229=DIRECTION('',(0.,-1.,0.));
#14230=DIRECTION('',(0.,-1.,0.));
#14231=DIRECTION('',(-1.,0.,0.));
#14232=DIRECTION('',(0.,1.,0.));
#14233=DIRECTION('',(0.,0.,1.));
#14234=DIRECTION('',(1.,0.,0.));
#14235=DIRECTION('',(0.,0.,-1.));
#14236=DIRECTION('',(0.,1.,0.));
#14237=DIRECTION('',(-1.,0.,0.));
#14238=DIRECTION('',(0.,0.,1.));
#14239=DIRECTION('',(0.,-1.,0.));
#14240=DIRECTION('',(0.,0.,-1.));
#14241=DIRECTION('',(1.,0.,0.));
#14242=DIRECTION('',(0.,0.,-1.));
#14243=DIRECTION('',(-1.,0.,0.));
#14244=DIRECTION('',(0.,0.,1.));
#14245=DIRECTION('',(-1.,0.,0.));
#14246=DIRECTION('',(0.,0.,1.));
#14247=DIRECTION('',(-1.,0.,0.));
#14248=DIRECTION('',(0.,0.,1.));
#14249=DIRECTION('',(0.,0.,1.));
#14250=DIRECTION('',(-1.,0.,0.));
#14251=DIRECTION('',(0.,0.,1.));
#14252=DIRECTION('',(0.,0.,1.));
#14253=DIRECTION('',(-1.,0.,0.));
#14254=DIRECTION('',(0.,0.,1.));
#14255=DIRECTION('',(0.,0.,1.));
#14256=DIRECTION('',(-1.,0.,0.));
#14257=DIRECTION('',(0.,0.,1.));
#14258=DIRECTION('',(0.,0.,1.));
#14259=DIRECTION('',(-1.,0.,0.));
#14260=DIRECTION('',(0.,0.,1.));
#14261=DIRECTION('',(0.,0.,1.));
#14262=DIRECTION('',(-1.,0.,0.));
#14263=DIRECTION('',(0.,0.,1.));
#14264=DIRECTION('',(0.,0.,1.));
#14265=DIRECTION('',(-1.,0.,0.));
#14266=DIRECTION('',(0.,0.,1.));
#14267=DIRECTION('',(0.,0.,1.));
#14268=DIRECTION('',(-1.,0.,0.));
#14269=DIRECTION('',(0.,0.,1.));
#14270=DIRECTION('',(0.,0.,1.));
#14271=DIRECTION('',(-1.,0.,0.));
#14272=DIRECTION('',(0.,0.,1.));
#14273=DIRECTION('',(0.,0.,1.));
#14274=DIRECTION('',(-1.,0.,0.));
#14275=DIRECTION('',(0.,0.,1.));
#14276=DIRECTION('',(0.,0.,1.));
#14277=DIRECTION('',(-1.,0.,0.));
#14278=DIRECTION('',(0.,0.,1.));
#14279=DIRECTION('',(0.,0.,1.));
#14280=DIRECTION('',(-1.,0.,0.));
#14281=DIRECTION('',(0.,0.,1.));
#14282=DIRECTION('',(0.,0.,1.));
#14283=DIRECTION('',(-1.,0.,0.));
#14284=DIRECTION('',(0.,0.,1.));
#14285=DIRECTION('',(0.,0.,1.));
#14286=DIRECTION('',(-1.,0.,0.));
#14287=DIRECTION('',(0.,0.,1.));
#14288=DIRECTION('',(0.,0.,1.));
#14289=DIRECTION('',(0.,-1.,0.));
#14290=DIRECTION('',(0.,0.,-1.));
#14291=DIRECTION('',(0.,-1.,0.));
#14292=DIRECTION('',(0.,1.,0.));
#14293=DIRECTION('',(1.,0.,0.));
#14294=DIRECTION('',(0.,0.,1.));
#14295=DIRECTION('',(1.,0.,0.));
#14296=DIRECTION('',(0.,0.,-1.));
#14297=DIRECTION('',(-1.,0.,0.));
#14298=DIRECTION('',(0.,0.,1.));
#14299=DIRECTION('',(-1.,0.,0.));
#14300=DIRECTION('',(0.,0.,-1.));
#14301=DIRECTION('',(0.,0.,-1.));
#14302=DIRECTION('',(1.,0.,0.));
#14303=DIRECTION('',(0.,0.,-1.));
#14304=DIRECTION('',(0.,0.,-1.));
#14305=DIRECTION('',(-1.,0.,0.));
#14306=DIRECTION('',(0.,0.,-1.));
#14307=DIRECTION('',(0.,0.,-1.));
#14308=DIRECTION('',(1.,0.,0.));
#14309=DIRECTION('',(0.,0.,-1.));
#14310=DIRECTION('',(0.,0.,-1.));
#14311=DIRECTION('',(-1.,0.,0.));
#14312=DIRECTION('',(0.,0.,-1.));
#14313=DIRECTION('',(0.,0.,-1.));
#14314=DIRECTION('',(1.,0.,0.));
#14315=DIRECTION('',(0.,0.,-1.));
#14316=DIRECTION('',(0.,0.,-1.));
#14317=DIRECTION('',(-1.,0.,0.));
#14318=DIRECTION('',(0.,0.,-1.));
#14319=DIRECTION('',(0.,0.,-1.));
#14320=DIRECTION('',(1.,0.,0.));
#14321=DIRECTION('',(0.,0.,-1.));
#14322=DIRECTION('',(0.,0.,-1.));
#14323=DIRECTION('',(-1.,0.,0.));
#14324=DIRECTION('',(0.,0.,-1.));
#14325=DIRECTION('',(0.,0.,-1.));
#14326=DIRECTION('',(1.,0.,0.));
#14327=DIRECTION('',(0.,0.,-1.));
#14328=DIRECTION('',(0.,0.,-1.));
#14329=DIRECTION('',(-1.,0.,0.));
#14330=DIRECTION('',(0.,0.,-1.));
#14331=DIRECTION('',(0.,0.,-1.));
#14332=DIRECTION('',(1.,0.,0.));
#14333=DIRECTION('',(0.,0.,-1.));
#14334=DIRECTION('',(0.,0.,-1.));
#14335=DIRECTION('',(-1.,0.,0.));
#14336=DIRECTION('',(0.,0.,-1.));
#14337=DIRECTION('',(0.,0.,-1.));
#14338=DIRECTION('',(1.,0.,0.));
#14339=DIRECTION('',(0.,0.,-1.));
#14340=DIRECTION('',(0.,0.,-1.));
#14341=DIRECTION('',(-1.,0.,0.));
#14342=DIRECTION('',(0.,0.,-1.));
#14343=DIRECTION('',(0.,0.,-1.));
#14344=DIRECTION('',(1.,0.,0.));
#14345=DIRECTION('',(0.,0.,-1.));
#14346=DIRECTION('',(0.,0.,-1.));
#14347=DIRECTION('',(-1.,0.,0.));
#14348=DIRECTION('',(0.,0.,-1.));
#14349=DIRECTION('',(0.,0.,-1.));
#14350=DIRECTION('',(1.,0.,0.));
#14351=DIRECTION('',(0.,0.,-1.));
#14352=DIRECTION('',(0.,0.,-1.));
#14353=DIRECTION('',(-1.,0.,0.));
#14354=DIRECTION('',(0.,0.,-1.));
#14355=DIRECTION('',(0.,0.,-1.));
#14356=DIRECTION('',(1.,0.,0.));
#14357=DIRECTION('',(0.,0.,-1.));
#14358=DIRECTION('',(0.,0.,-1.));
#14359=DIRECTION('',(-1.,0.,0.));
#14360=DIRECTION('',(0.,0.,-1.));
#14361=DIRECTION('',(0.,0.,-1.));
#14362=DIRECTION('',(1.,0.,0.));
#14363=DIRECTION('',(0.,0.,-1.));
#14364=DIRECTION('',(0.,0.,-1.));
#14365=DIRECTION('',(-1.,0.,0.));
#14366=DIRECTION('',(0.,0.,-1.));
#14367=DIRECTION('',(0.,0.,-1.));
#14368=DIRECTION('',(1.,0.,0.));
#14369=DIRECTION('',(0.,0.,-1.));
#14370=DIRECTION('',(0.,0.,-1.));
#14371=DIRECTION('',(-1.,0.,0.));
#14372=DIRECTION('',(0.,0.,-1.));
#14373=DIRECTION('',(0.,0.,-1.));
#14374=DIRECTION('',(1.,0.,0.));
#14375=DIRECTION('',(0.,0.,-1.));
#14376=DIRECTION('',(0.,0.,-1.));
#14377=DIRECTION('',(-1.,0.,0.));
#14378=DIRECTION('',(0.,0.,-1.));
#14379=DIRECTION('',(0.,0.,-1.));
#14380=DIRECTION('',(1.,0.,0.));
#14381=DIRECTION('',(0.,0.,-1.));
#14382=DIRECTION('',(0.,0.,-1.));
#14383=DIRECTION('',(-1.,0.,0.));
#14384=DIRECTION('',(0.,0.,-1.));
#14385=DIRECTION('',(0.,0.,-1.));
#14386=DIRECTION('',(1.,0.,0.));
#14387=DIRECTION('',(0.,0.,-1.));
#14388=DIRECTION('',(0.,0.,-1.));
#14389=DIRECTION('',(0.,0.,-1.));
#14390=DIRECTION('',(0.,-1.,0.));
#14391=DIRECTION('',(0.,0.,-1.));
#14392=DIRECTION('',(1.,0.,0.));
#14393=DIRECTION('',(0.,0.,-1.));
#14394=DIRECTION('',(-1.,0.,0.));
#14395=DIRECTION('',(0.,-1.,0.));
#14396=DIRECTION('',(0.,1.,0.));
#14397=DIRECTION('',(0.,0.,1.));
#14398=DIRECTION('',(1.,0.,0.));
#14399=DIRECTION('',(0.,0.,-1.));
#14400=DIRECTION('',(1.,0.,0.));
#14401=DIRECTION('',(0.,0.,-1.));
#14402=DIRECTION('',(0.,0.,-1.));
#14403=DIRECTION('',(-1.,0.,0.));
#14404=DIRECTION('',(0.,0.,1.));
#14405=DIRECTION('',(-1.,0.,0.));
#14406=DIRECTION('',(0.,0.,-1.));
#14407=DIRECTION('',(1.,0.,0.));
#14408=DIRECTION('',(0.,0.,-1.));
#14409=DIRECTION('',(-1.,0.,0.));
#14410=DIRECTION('',(0.,0.,-1.));
#14411=DIRECTION('',(1.,0.,0.));
#14412=DIRECTION('',(0.,0.,-1.));
#14413=DIRECTION('',(-1.,0.,0.));
#14414=DIRECTION('',(0.,0.,-1.));
#14415=DIRECTION('',(1.,0.,0.));
#14416=DIRECTION('',(0.,0.,-1.));
#14417=DIRECTION('',(-1.,0.,0.));
#14418=DIRECTION('',(0.,0.,-1.));
#14419=DIRECTION('',(1.,0.,0.));
#14420=DIRECTION('',(0.,0.,-1.));
#14421=DIRECTION('',(-1.,0.,0.));
#14422=DIRECTION('',(0.,0.,-1.));
#14423=DIRECTION('',(1.,0.,0.));
#14424=DIRECTION('',(0.,0.,-1.));
#14425=DIRECTION('',(-1.,0.,0.));
#14426=DIRECTION('',(0.,0.,-1.));
#14427=DIRECTION('',(1.,0.,0.));
#14428=DIRECTION('',(0.,0.,-1.));
#14429=DIRECTION('',(-1.,0.,0.));
#14430=DIRECTION('',(0.,0.,-1.));
#14431=DIRECTION('',(1.,0.,0.));
#14432=DIRECTION('',(0.,0.,-1.));
#14433=DIRECTION('',(-1.,0.,0.));
#14434=DIRECTION('',(0.,0.,-1.));
#14435=DIRECTION('',(1.,0.,0.));
#14436=DIRECTION('',(0.,0.,-1.));
#14437=DIRECTION('',(-1.,0.,0.));
#14438=DIRECTION('',(0.,0.,-1.));
#14439=DIRECTION('',(1.,0.,0.));
#14440=DIRECTION('',(0.,0.,-1.));
#14441=DIRECTION('',(-1.,0.,0.));
#14442=DIRECTION('',(0.,0.,-1.));
#14443=DIRECTION('',(1.,0.,0.));
#14444=DIRECTION('',(0.,0.,-1.));
#14445=DIRECTION('',(-1.,0.,0.));
#14446=DIRECTION('',(0.,0.,-1.));
#14447=DIRECTION('',(1.,0.,0.));
#14448=DIRECTION('',(0.,0.,-1.));
#14449=DIRECTION('',(-1.,0.,0.));
#14450=DIRECTION('',(0.,0.,-1.));
#14451=DIRECTION('',(1.,0.,0.));
#14452=DIRECTION('',(0.,0.,-1.));
#14453=DIRECTION('',(-1.,0.,0.));
#14454=DIRECTION('',(0.,0.,-1.));
#14455=DIRECTION('',(1.,0.,0.));
#14456=DIRECTION('',(0.,0.,-1.));
#14457=DIRECTION('',(-1.,0.,0.));
#14458=DIRECTION('',(0.,0.,-1.));
#14459=DIRECTION('',(1.,0.,0.));
#14460=DIRECTION('',(0.,0.,-1.));
#14461=DIRECTION('',(-1.,0.,0.));
#14462=DIRECTION('',(0.,0.,-1.));
#14463=DIRECTION('',(1.,0.,0.));
#14464=DIRECTION('',(0.,0.,-1.));
#14465=DIRECTION('',(0.,-1.,0.));
#14466=DIRECTION('',(0.,0.,-1.));
#14467=DIRECTION('',(0.,-0.447213595499956,0.894427190999917));
#14468=DIRECTION('',(-1.,0.,0.));
#14469=DIRECTION('',(0.,-0.447213595499956,0.894427190999917));
#14470=DIRECTION('',(0.,-0.894427190999917,-0.447213595499956));
#14471=DIRECTION('',(0.,0.447213595499956,-0.894427190999917));
#14472=DIRECTION('',(0.,-1.,-3.08011980819746E-16));
#14473=DIRECTION('',(0.,-1.,-3.08011980819746E-16));
#14474=DIRECTION('',(-1.,0.,0.));
#14475=DIRECTION('',(0.,3.08011980819746E-16,-1.));
#14476=DIRECTION('',(0.,1.,3.08015060939554E-16));
#14477=DIRECTION('',(0.,0.,-1.));
#14478=DIRECTION('',(0.,0.,-1.));
#14479=DIRECTION('',(-1.,0.,0.));
#14480=DIRECTION('',(0.,1.,0.));
#14481=DIRECTION('',(0.,0.,1.));
#14482=DIRECTION('',(0.,1.,1.21838478486229E-16));
#14483=DIRECTION('',(0.,1.,1.21838478486229E-16));
#14484=DIRECTION('',(-1.,0.,0.));
#14485=DIRECTION('',(0.,-1.21838478486229E-16,1.));
#14486=DIRECTION('',(0.,-1.,-1.21837219133059E-16));
#14487=DIRECTION('',(0.,0.447213595499954,-0.894427190999918));
#14488=DIRECTION('',(0.,0.447213595499954,-0.894427190999918));
#14489=DIRECTION('',(0.,0.894427190999918,0.447213595499954));
#14490=DIRECTION('',(0.,-0.447213595499954,0.894427190999918));
#14491=DIRECTION('',(1.,0.,0.));
#14492=DIRECTION('',(0.,0.,-1.));
#14493=DIRECTION('',(1.,0.,0.));
#14494=DIRECTION('',(0.,0.,-1.));
#14495=DIRECTION('',(-1.,0.,0.));
#14496=DIRECTION('',(0.,0.,-1.));
#14497=DIRECTION('',(-1.,0.,0.));
#14498=DIRECTION('',(0.,0.,-1.));
#14499=DIRECTION('',(1.,0.,0.));
#14500=DIRECTION('',(-1.,0.,0.));
#14501=DIRECTION('',(0.,0.,-1.));
#14502=DIRECTION('',(-1.,0.,0.));
#14503=DIRECTION('',(0.,0.,-1.));
#14504=DIRECTION('',(1.,0.,0.));
#14505=DIRECTION('',(1.,0.,0.));
#14506=DIRECTION('',(0.,0.,-1.));
#14507=DIRECTION('',(0.,1.,-8.23896875069824E-16));
#14508=DIRECTION('',(0.,1.,-8.23896875069824E-16));
#14509=DIRECTION('',(0.,-8.23896875069824E-16,-1.));
#14510=DIRECTION('',(0.,1.,-8.23885230871735E-16));
#14511=DIRECTION('',(1.,0.,0.));
#14512=DIRECTION('',(0.,0.,-1.));
#14513=DIRECTION('',(1.,0.,0.));
#14514=DIRECTION('',(1.,0.,0.));
#14515=DIRECTION('',(0.,0.,-1.));
#14516=DIRECTION('',(1.,0.,0.));
#14517=DIRECTION('',(0.,0.,-1.));
#14518=DIRECTION('',(1.,0.,0.));
#14519=DIRECTION('',(0.,0.,-1.));
#14520=DIRECTION('',(1.,0.,0.));
#14521=DIRECTION('',(0.,0.,-1.));
#14522=DIRECTION('',(1.,0.,0.));
#14523=DIRECTION('',(0.,0.,-1.));
#14524=DIRECTION('',(1.,0.,0.));
#14525=DIRECTION('',(0.,0.,-1.));
#14526=DIRECTION('',(1.,0.,0.));
#14527=DIRECTION('',(0.,0.,-1.));
#14528=DIRECTION('',(1.,0.,0.));
#14529=DIRECTION('',(0.,0.,-1.));
#14530=DIRECTION('',(1.,0.,0.));
#14531=DIRECTION('',(0.,0.,-1.));
#14532=DIRECTION('',(0.,1.,0.));
#14533=DIRECTION('',(1.,0.,0.));
#14534=DIRECTION('',(0.,1.,0.));
#14535=DIRECTION('',(0.,0.,-1.));
#14536=DIRECTION('',(-1.,0.,0.));
#14537=DIRECTION('',(1.,0.,0.));
#14538=DIRECTION('',(0.,0.,-1.));
#14539=DIRECTION('',(1.,0.,0.));
#14540=DIRECTION('',(1.,0.,0.));
#14541=DIRECTION('',(0.,0.,-1.));
#14542=DIRECTION('',(1.,0.,0.));
#14543=DIRECTION('',(0.,0.,-1.));
#14544=DIRECTION('',(0.,-0.64278760968654,0.766044443118978));
#14545=DIRECTION('',(1.,0.,0.));
#14546=DIRECTION('',(0.,0.,-1.));
#14547=DIRECTION('',(-1.,0.,0.));
#14548=DIRECTION('',(0.,0.,1.));
#14549=DIRECTION('',(1.,0.,0.));
#14550=DIRECTION('',(0.,0.,-1.));
#14551=DIRECTION('',(0.,-0.64278760968654,0.766044443118978));
#14552=DIRECTION('',(-1.,0.,0.));
#14553=DIRECTION('',(0.,0.,1.));
#14554=DIRECTION('',(1.,0.,0.));
#14555=DIRECTION('',(1.,0.,0.));
#14556=DIRECTION('',(0.,0.,-1.));
#14557=DIRECTION('',(0.,0.766044443118978,0.64278760968654));
#14558=DIRECTION('',(0.,-0.64278760968654,0.766044443118978));
#14559=DIRECTION('',(0.,1.,0.));
#14560=DIRECTION('',(1.,0.,0.));
#14561=DIRECTION('',(0.,1.,0.));
#14562=DIRECTION('',(0.,0.,-1.));
#14563=DIRECTION('',(-1.,0.,0.));
#14564=DIRECTION('',(1.,0.,0.));
#14565=DIRECTION('',(0.,0.,-1.));
#14566=DIRECTION('',(1.,0.,0.));
#14567=DIRECTION('',(1.,0.,0.));
#14568=DIRECTION('',(0.,0.,-1.));
#14569=DIRECTION('',(1.,0.,0.));
#14570=DIRECTION('',(0.,0.,-1.));
#14571=DIRECTION('',(1.,0.,0.));
#14572=DIRECTION('',(0.,0.,-1.));
#14573=DIRECTION('',(0.,-0.64278760968654,-0.766044443118978));
#14574=DIRECTION('',(1.,0.,0.));
#14575=DIRECTION('',(0.,0.,-1.));
#14576=DIRECTION('',(0.,-0.64278760968654,-0.766044443118978));
#14577=DIRECTION('',(1.,0.,0.));
#14578=DIRECTION('',(0.,0.,-1.));
#14579=DIRECTION('',(1.,0.,0.));
#14580=DIRECTION('',(0.,0.,-1.));
#14581=DIRECTION('',(1.,0.,0.));
#14582=DIRECTION('',(1.,0.,0.));
#14583=DIRECTION('',(0.,0.,-1.));
#14584=DIRECTION('',(0.,-0.766044443118978,0.64278760968654));
#14585=DIRECTION('',(0.,-0.64278760968654,-0.766044443118978));
#14586=DIRECTION('',(0.,1.,1.56540406263267E-14));
#14587=DIRECTION('',(1.,0.,0.));
#14588=DIRECTION('',(0.,1.,1.56540406263267E-14));
#14589=DIRECTION('',(0.,1.56540406263267E-14,-1.));
#14590=DIRECTION('',(0.,1.,1.56540362269975E-14));
#14591=DIRECTION('',(-1.,0.,0.));
#14592=DIRECTION('',(0.,0.,-1.));
#14593=DIRECTION('',(-1.,0.,0.));
#14594=DIRECTION('',(0.,0.,-1.));
#14595=DIRECTION('',(1.,0.,0.));
#14596=DIRECTION('',(-1.,0.,0.));
#14597=DIRECTION('',(0.,0.,-1.));
#14598=DIRECTION('',(-1.,0.,0.));
#14599=DIRECTION('',(0.,0.,-1.));
#14600=DIRECTION('',(1.,0.,0.));
#14601=DIRECTION('',(0.,0.,-1.));
#14602=DIRECTION('',(1.,0.,0.));
#14603=DIRECTION('',(0.,0.,-1.));
#14604=DIRECTION('',(1.,0.,0.));
#14605=DIRECTION('',(1.,0.,0.));
#14606=DIRECTION('',(0.,0.,-1.));
#14607=DIRECTION('',(1.,0.,0.));
#14608=DIRECTION('',(0.,0.,-1.));
#14609=DIRECTION('',(1.,0.,0.));
#14610=DIRECTION('',(0.,0.,-1.));
#14611=DIRECTION('',(-1.,0.,0.));
#14612=DIRECTION('',(0.,0.,1.));
#14613=DIRECTION('',(-1.,0.,0.));
#14614=DIRECTION('',(0.,0.,1.));
#14615=DIRECTION('',(1.,0.,0.));
#14616=DIRECTION('',(0.,0.,-1.));
#14617=DIRECTION('',(-1.,0.,0.));
#14618=DIRECTION('',(0.,0.,1.));
#14619=DIRECTION('',(-1.,0.,0.));
#14620=DIRECTION('',(0.,0.,1.));
#14621=DIRECTION('',(1.,0.,0.));
#14622=DIRECTION('',(0.,0.,-1.));
#14623=DIRECTION('',(0.,0.,-1.));
#14624=DIRECTION('',(1.,0.,0.));
#14625=DIRECTION('',(0.,0.,-1.));
#14626=DIRECTION('',(1.,0.,0.));
#14627=DIRECTION('',(0.,-1.,0.));
#14628=DIRECTION('',(0.,0.,-1.));
#14629=DIRECTION('',(0.,1.,3.64686185290579E-15));
#14630=DIRECTION('',(0.,1.,3.64686185290579E-15));
#14631=DIRECTION('',(1.,0.,0.));
#14632=DIRECTION('',(0.,3.64686185290579E-15,-1.));
#14633=DIRECTION('',(0.,1.,3.64686308495371E-15));
#14634=DIRECTION('',(0.,0.447213595499956,0.894427190999917));
#14635=DIRECTION('',(0.,0.447213595499956,0.894427190999917));
#14636=DIRECTION('',(0.,0.894427190999917,-0.447213595499956));
#14637=DIRECTION('',(0.,0.447213595499956,0.894427190999917));
#14638=DIRECTION('',(0.,-0.447213595499954,-0.894427190999918));
#14639=DIRECTION('',(0.,-0.447213595499954,-0.894427190999918));
#14640=DIRECTION('',(1.,0.,0.));
#14641=DIRECTION('',(0.,-0.894427190999918,0.447213595499954));
#14642=DIRECTION('',(0.,-0.447213595499954,-0.894427190999918));
#14643=DIRECTION('',(0.,-1.,1.21838478486229E-16));
#14644=DIRECTION('',(0.,-1.,1.21838478486229E-16));
#14645=DIRECTION('',(0.,1.21838478486229E-16,1.));
#14646=DIRECTION('',(0.,-1.,1.21837219133059E-16));
#14647=DIRECTION('',(1.,0.,0.));
#14648=DIRECTION('',(0.,0.,-1.));
#14649=DIRECTION('',(1.,0.,0.));
#14650=DIRECTION('',(0.,0.,-1.));
#14651=DIRECTION('',(0.,-0.447213595499956,0.894427190999917));
#14652=DIRECTION('',(-1.,0.,0.));
#14653=DIRECTION('',(0.,-0.447213595499956,0.894427190999917));
#14654=DIRECTION('',(0.,-0.894427190999917,-0.447213595499956));
#14655=DIRECTION('',(0.,0.447213595499956,-0.894427190999917));
#14656=DIRECTION('',(0.,0.447213595499954,-0.894427190999918));
#14657=DIRECTION('',(0.,1.,1.21838478486229E-16));
#14658=DIRECTION('',(0.,0.,-1.));
#14659=DIRECTION('',(0.,-1.,-3.08011980819746E-16));
#14660=DIRECTION('',(1.,0.,0.));
#14661=DIRECTION('',(0.,0.,-1.));
#14662=DIRECTION('',(0.,-1.,-3.08011980819746E-16));
#14663=DIRECTION('',(0.,0.,-1.));
#14664=DIRECTION('',(0.,1.,1.21838478486229E-16));
#14665=DIRECTION('',(0.,0.447213595499954,-0.894427190999918));
#14666=DIRECTION('',(1.,0.,0.));
#14667=DIRECTION('',(0.,0.,-1.));
#14668=DIRECTION('',(-1.,0.,0.));
#14669=DIRECTION('',(0.,3.08011980819746E-16,-1.));
#14670=DIRECTION('',(0.,1.,3.08015060939554E-16));
#14671=DIRECTION('',(-1.,0.,0.));
#14672=DIRECTION('',(0.,1.,0.));
#14673=DIRECTION('',(0.,0.,1.));
#14674=DIRECTION('',(-1.,0.,0.));
#14675=DIRECTION('',(0.,-1.21838478486229E-16,1.));
#14676=DIRECTION('',(0.,-1.,-1.21837219133059E-16));
#14677=DIRECTION('',(0.,0.894427190999918,0.447213595499954));
#14678=DIRECTION('',(0.,-0.447213595499954,0.894427190999918));
#14679=DIRECTION('',(0.,-0.447213595499956,0.894427190999917));
#14680=DIRECTION('',(-1.,0.,0.));
#14681=DIRECTION('',(0.,-0.447213595499956,0.894427190999917));
#14682=DIRECTION('',(0.,-0.894427190999917,-0.447213595499956));
#14683=DIRECTION('',(0.,0.447213595499956,-0.894427190999917));
#14684=DIRECTION('',(0.,0.447213595499954,-0.894427190999918));
#14685=DIRECTION('',(0.,1.,1.21838478486229E-16));
#14686=DIRECTION('',(0.,0.,-1.));
#14687=DIRECTION('',(0.,-1.,-3.08011980819746E-16));
#14688=DIRECTION('',(1.,0.,0.));
#14689=DIRECTION('',(0.,0.,-1.));
#14690=DIRECTION('',(0.,-1.,-3.08011980819746E-16));
#14691=DIRECTION('',(0.,0.,-1.));
#14692=DIRECTION('',(0.,1.,1.21838478486229E-16));
#14693=DIRECTION('',(0.,0.447213595499954,-0.894427190999918));
#14694=DIRECTION('',(1.,0.,0.));
#14695=DIRECTION('',(0.,0.,-1.));
#14696=DIRECTION('',(-1.,0.,0.));
#14697=DIRECTION('',(0.,3.08011980819746E-16,-1.));
#14698=DIRECTION('',(0.,1.,3.08015060939554E-16));
#14699=DIRECTION('',(-1.,0.,0.));
#14700=DIRECTION('',(0.,1.,0.));
#14701=DIRECTION('',(0.,0.,1.));
#14702=DIRECTION('',(-1.,0.,0.));
#14703=DIRECTION('',(0.,-1.21838478486229E-16,1.));
#14704=DIRECTION('',(0.,-1.,-1.21837219133059E-16));
#14705=DIRECTION('',(0.,0.894427190999918,0.447213595499954));
#14706=DIRECTION('',(0.,-0.447213595499954,0.894427190999918));
#14707=DIRECTION('',(0.,-0.447213595499956,0.894427190999917));
#14708=DIRECTION('',(-1.,0.,0.));
#14709=DIRECTION('',(0.,-0.447213595499956,0.894427190999917));
#14710=DIRECTION('',(0.,-0.894427190999917,-0.447213595499956));
#14711=DIRECTION('',(0.,0.447213595499956,-0.894427190999917));
#14712=DIRECTION('',(0.,0.447213595499954,-0.894427190999918));
#14713=DIRECTION('',(0.,1.,1.21838478486229E-16));
#14714=DIRECTION('',(0.,0.,-1.));
#14715=DIRECTION('',(0.,-1.,-3.08011980819746E-16));
#14716=DIRECTION('',(1.,0.,0.));
#14717=DIRECTION('',(0.,0.,-1.));
#14718=DIRECTION('',(0.,-1.,-3.08011980819746E-16));
#14719=DIRECTION('',(0.,0.,-1.));
#14720=DIRECTION('',(0.,1.,1.21838478486229E-16));
#14721=DIRECTION('',(0.,0.447213595499954,-0.894427190999918));
#14722=DIRECTION('',(1.,0.,0.));
#14723=DIRECTION('',(0.,0.,-1.));
#14724=DIRECTION('',(-1.,0.,0.));
#14725=DIRECTION('',(0.,3.08011980819746E-16,-1.));
#14726=DIRECTION('',(0.,1.,3.08015060939554E-16));
#14727=DIRECTION('',(-1.,0.,0.));
#14728=DIRECTION('',(0.,1.,0.));
#14729=DIRECTION('',(0.,0.,1.));
#14730=DIRECTION('',(-1.,0.,0.));
#14731=DIRECTION('',(0.,-1.21838478486229E-16,1.));
#14732=DIRECTION('',(0.,-1.,-1.21837219133059E-16));
#14733=DIRECTION('',(0.,0.894427190999918,0.447213595499954));
#14734=DIRECTION('',(0.,-0.447213595499954,0.894427190999918));
#14735=DIRECTION('',(0.,-0.447213595499956,0.894427190999917));
#14736=DIRECTION('',(-1.,0.,0.));
#14737=DIRECTION('',(0.,-0.447213595499956,0.894427190999917));
#14738=DIRECTION('',(0.,-0.894427190999917,-0.447213595499956));
#14739=DIRECTION('',(0.,0.447213595499956,-0.894427190999917));
#14740=DIRECTION('',(0.,0.447213595499954,-0.894427190999918));
#14741=DIRECTION('',(0.,1.,1.21838478486229E-16));
#14742=DIRECTION('',(0.,0.,-1.));
#14743=DIRECTION('',(0.,-1.,-3.08011980819746E-16));
#14744=DIRECTION('',(1.,0.,0.));
#14745=DIRECTION('',(0.,0.,-1.));
#14746=DIRECTION('',(0.,-1.,-3.08011980819746E-16));
#14747=DIRECTION('',(0.,0.,-1.));
#14748=DIRECTION('',(0.,1.,1.21838478486229E-16));
#14749=DIRECTION('',(0.,0.447213595499954,-0.894427190999918));
#14750=DIRECTION('',(1.,0.,0.));
#14751=DIRECTION('',(0.,0.,-1.));
#14752=DIRECTION('',(-1.,0.,0.));
#14753=DIRECTION('',(0.,3.08011980819746E-16,-1.));
#14754=DIRECTION('',(0.,1.,3.08015060939554E-16));
#14755=DIRECTION('',(-1.,0.,0.));
#14756=DIRECTION('',(0.,1.,0.));
#14757=DIRECTION('',(0.,0.,1.));
#14758=DIRECTION('',(-1.,0.,0.));
#14759=DIRECTION('',(0.,-1.21838478486229E-16,1.));
#14760=DIRECTION('',(0.,-1.,-1.21837219133059E-16));
#14761=DIRECTION('',(0.,0.894427190999918,0.447213595499954));
#14762=DIRECTION('',(0.,-0.447213595499954,0.894427190999918));
#14763=DIRECTION('',(0.,-0.447213595499956,0.894427190999917));
#14764=DIRECTION('',(-1.,0.,0.));
#14765=DIRECTION('',(0.,-0.447213595499956,0.894427190999917));
#14766=DIRECTION('',(0.,-0.894427190999917,-0.447213595499956));
#14767=DIRECTION('',(0.,0.447213595499956,-0.894427190999917));
#14768=DIRECTION('',(0.,0.447213595499954,-0.894427190999918));
#14769=DIRECTION('',(0.,1.,1.21838478486229E-16));
#14770=DIRECTION('',(0.,0.,-1.));
#14771=DIRECTION('',(0.,-1.,-3.08011980819746E-16));
#14772=DIRECTION('',(1.,0.,0.));
#14773=DIRECTION('',(0.,0.,-1.));
#14774=DIRECTION('',(0.,-1.,-3.08011980819746E-16));
#14775=DIRECTION('',(0.,0.,-1.));
#14776=DIRECTION('',(0.,1.,1.21838478486229E-16));
#14777=DIRECTION('',(0.,0.447213595499954,-0.894427190999918));
#14778=DIRECTION('',(1.,0.,0.));
#14779=DIRECTION('',(0.,0.,-1.));
#14780=DIRECTION('',(-1.,0.,0.));
#14781=DIRECTION('',(0.,3.08011980819746E-16,-1.));
#14782=DIRECTION('',(0.,1.,3.08015060939554E-16));
#14783=DIRECTION('',(-1.,0.,0.));
#14784=DIRECTION('',(0.,1.,0.));
#14785=DIRECTION('',(0.,0.,1.));
#14786=DIRECTION('',(-1.,0.,0.));
#14787=DIRECTION('',(0.,-1.21838478486229E-16,1.));
#14788=DIRECTION('',(0.,-1.,-1.21837219133059E-16));
#14789=DIRECTION('',(0.,0.894427190999918,0.447213595499954));
#14790=DIRECTION('',(0.,-0.447213595499954,0.894427190999918));
#14791=DIRECTION('',(0.,-0.447213595499956,0.894427190999917));
#14792=DIRECTION('',(-1.,0.,0.));
#14793=DIRECTION('',(0.,-0.447213595499956,0.894427190999917));
#14794=DIRECTION('',(0.,-0.894427190999917,-0.447213595499956));
#14795=DIRECTION('',(0.,0.447213595499956,-0.894427190999917));
#14796=DIRECTION('',(0.,0.447213595499954,-0.894427190999918));
#14797=DIRECTION('',(0.,1.,1.21838478486229E-16));
#14798=DIRECTION('',(0.,0.,-1.));
#14799=DIRECTION('',(0.,-1.,-3.08011980819746E-16));
#14800=DIRECTION('',(1.,0.,0.));
#14801=DIRECTION('',(0.,0.,-1.));
#14802=DIRECTION('',(0.,-1.,-3.08011980819746E-16));
#14803=DIRECTION('',(0.,0.,-1.));
#14804=DIRECTION('',(0.,1.,1.21838478486229E-16));
#14805=DIRECTION('',(0.,0.447213595499954,-0.894427190999918));
#14806=DIRECTION('',(1.,0.,0.));
#14807=DIRECTION('',(0.,0.,-1.));
#14808=DIRECTION('',(-1.,0.,0.));
#14809=DIRECTION('',(0.,3.08011980819746E-16,-1.));
#14810=DIRECTION('',(0.,1.,3.08015060939554E-16));
#14811=DIRECTION('',(-1.,0.,0.));
#14812=DIRECTION('',(0.,1.,0.));
#14813=DIRECTION('',(0.,0.,1.));
#14814=DIRECTION('',(-1.,0.,0.));
#14815=DIRECTION('',(0.,-1.21838478486229E-16,1.));
#14816=DIRECTION('',(0.,-1.,-1.21837219133059E-16));
#14817=DIRECTION('',(0.,0.894427190999918,0.447213595499954));
#14818=DIRECTION('',(0.,-0.447213595499954,0.894427190999918));
#14819=DIRECTION('',(0.,-0.447213595499956,0.894427190999917));
#14820=DIRECTION('',(-1.,0.,0.));
#14821=DIRECTION('',(0.,-0.447213595499956,0.894427190999917));
#14822=DIRECTION('',(0.,-0.894427190999917,-0.447213595499956));
#14823=DIRECTION('',(0.,0.447213595499956,-0.894427190999917));
#14824=DIRECTION('',(0.,0.447213595499954,-0.894427190999918));
#14825=DIRECTION('',(0.,1.,1.21838478486229E-16));
#14826=DIRECTION('',(0.,0.,-1.));
#14827=DIRECTION('',(0.,-1.,-3.08011980819746E-16));
#14828=DIRECTION('',(1.,0.,0.));
#14829=DIRECTION('',(0.,0.,-1.));
#14830=DIRECTION('',(0.,-1.,-3.08011980819746E-16));
#14831=DIRECTION('',(0.,0.,-1.));
#14832=DIRECTION('',(0.,1.,1.21838478486229E-16));
#14833=DIRECTION('',(0.,0.447213595499954,-0.894427190999918));
#14834=DIRECTION('',(1.,0.,0.));
#14835=DIRECTION('',(0.,0.,-1.));
#14836=DIRECTION('',(-1.,0.,0.));
#14837=DIRECTION('',(0.,3.08011980819746E-16,-1.));
#14838=DIRECTION('',(0.,1.,3.08015060939554E-16));
#14839=DIRECTION('',(-1.,0.,0.));
#14840=DIRECTION('',(0.,1.,0.));
#14841=DIRECTION('',(0.,0.,1.));
#14842=DIRECTION('',(-1.,0.,0.));
#14843=DIRECTION('',(0.,-1.21838478486229E-16,1.));
#14844=DIRECTION('',(0.,-1.,-1.21837219133059E-16));
#14845=DIRECTION('',(0.,0.894427190999918,0.447213595499954));
#14846=DIRECTION('',(0.,-0.447213595499954,0.894427190999918));
#14847=DIRECTION('',(0.,-0.447213595499956,0.894427190999917));
#14848=DIRECTION('',(-1.,0.,0.));
#14849=DIRECTION('',(0.,-0.447213595499956,0.894427190999917));
#14850=DIRECTION('',(0.,-0.894427190999917,-0.447213595499956));
#14851=DIRECTION('',(0.,0.447213595499956,-0.894427190999917));
#14852=DIRECTION('',(0.,0.447213595499954,-0.894427190999918));
#14853=DIRECTION('',(0.,1.,1.21838478486229E-16));
#14854=DIRECTION('',(0.,0.,-1.));
#14855=DIRECTION('',(0.,-1.,-3.08011980819746E-16));
#14856=DIRECTION('',(1.,0.,0.));
#14857=DIRECTION('',(0.,0.,-1.));
#14858=DIRECTION('',(0.,-1.,-3.08011980819746E-16));
#14859=DIRECTION('',(0.,0.,-1.));
#14860=DIRECTION('',(0.,1.,1.21838478486229E-16));
#14861=DIRECTION('',(0.,0.447213595499954,-0.894427190999918));
#14862=DIRECTION('',(1.,0.,0.));
#14863=DIRECTION('',(0.,0.,-1.));
#14864=DIRECTION('',(-1.,0.,0.));
#14865=DIRECTION('',(0.,3.08011980819746E-16,-1.));
#14866=DIRECTION('',(0.,1.,3.08015060939554E-16));
#14867=DIRECTION('',(-1.,0.,0.));
#14868=DIRECTION('',(0.,1.,0.));
#14869=DIRECTION('',(0.,0.,1.));
#14870=DIRECTION('',(-1.,0.,0.));
#14871=DIRECTION('',(0.,-1.21838478486229E-16,1.));
#14872=DIRECTION('',(0.,-1.,-1.21837219133059E-16));
#14873=DIRECTION('',(0.,0.894427190999918,0.447213595499954));
#14874=DIRECTION('',(0.,-0.447213595499954,0.894427190999918));
#14875=DIRECTION('',(0.,-0.447213595499956,0.894427190999917));
#14876=DIRECTION('',(-1.,0.,0.));
#14877=DIRECTION('',(0.,-0.447213595499956,0.894427190999917));
#14878=DIRECTION('',(0.,-0.894427190999917,-0.447213595499956));
#14879=DIRECTION('',(0.,0.447213595499956,-0.894427190999917));
#14880=DIRECTION('',(0.,0.447213595499954,-0.894427190999918));
#14881=DIRECTION('',(0.,1.,1.21838478486229E-16));
#14882=DIRECTION('',(0.,0.,-1.));
#14883=DIRECTION('',(0.,-1.,-3.08011980819746E-16));
#14884=DIRECTION('',(1.,0.,0.));
#14885=DIRECTION('',(0.,0.,-1.));
#14886=DIRECTION('',(0.,-1.,-3.08011980819746E-16));
#14887=DIRECTION('',(0.,0.,-1.));
#14888=DIRECTION('',(0.,1.,1.21838478486229E-16));
#14889=DIRECTION('',(0.,0.447213595499954,-0.894427190999918));
#14890=DIRECTION('',(1.,0.,0.));
#14891=DIRECTION('',(0.,0.,-1.));
#14892=DIRECTION('',(-1.,0.,0.));
#14893=DIRECTION('',(0.,3.08011980819746E-16,-1.));
#14894=DIRECTION('',(0.,1.,3.08015060939554E-16));
#14895=DIRECTION('',(-1.,0.,0.));
#14896=DIRECTION('',(0.,1.,0.));
#14897=DIRECTION('',(0.,0.,1.));
#14898=DIRECTION('',(-1.,0.,0.));
#14899=DIRECTION('',(0.,-1.21838478486229E-16,1.));
#14900=DIRECTION('',(0.,-1.,-1.21837219133059E-16));
#14901=DIRECTION('',(0.,0.894427190999918,0.447213595499954));
#14902=DIRECTION('',(0.,-0.447213595499954,0.894427190999918));
#14903=DIRECTION('',(0.,-0.447213595499956,0.894427190999917));
#14904=DIRECTION('',(-1.,0.,0.));
#14905=DIRECTION('',(0.,-0.447213595499956,0.894427190999917));
#14906=DIRECTION('',(0.,-0.894427190999917,-0.447213595499956));
#14907=DIRECTION('',(0.,0.447213595499956,-0.894427190999917));
#14908=DIRECTION('',(0.,0.447213595499954,-0.894427190999918));
#14909=DIRECTION('',(0.,1.,1.21838478486229E-16));
#14910=DIRECTION('',(0.,0.,-1.));
#14911=DIRECTION('',(0.,-1.,-3.08011980819746E-16));
#14912=DIRECTION('',(1.,0.,0.));
#14913=DIRECTION('',(0.,0.,-1.));
#14914=DIRECTION('',(0.,-1.,-3.08011980819746E-16));
#14915=DIRECTION('',(0.,0.,-1.));
#14916=DIRECTION('',(0.,1.,1.21838478486229E-16));
#14917=DIRECTION('',(0.,0.447213595499954,-0.894427190999918));
#14918=DIRECTION('',(1.,0.,0.));
#14919=DIRECTION('',(0.,0.,-1.));
#14920=DIRECTION('',(-1.,0.,0.));
#14921=DIRECTION('',(0.,3.08011980819746E-16,-1.));
#14922=DIRECTION('',(0.,1.,3.08015060939554E-16));
#14923=DIRECTION('',(-1.,0.,0.));
#14924=DIRECTION('',(0.,1.,0.));
#14925=DIRECTION('',(0.,0.,1.));
#14926=DIRECTION('',(-1.,0.,0.));
#14927=DIRECTION('',(0.,-1.21838478486229E-16,1.));
#14928=DIRECTION('',(0.,-1.,-1.21837219133059E-16));
#14929=DIRECTION('',(0.,0.894427190999918,0.447213595499954));
#14930=DIRECTION('',(0.,-0.447213595499954,0.894427190999918));
#14931=DIRECTION('',(0.,-0.447213595499956,0.894427190999917));
#14932=DIRECTION('',(-1.,0.,0.));
#14933=DIRECTION('',(0.,-0.447213595499956,0.894427190999917));
#14934=DIRECTION('',(0.,-0.894427190999917,-0.447213595499956));
#14935=DIRECTION('',(0.,0.447213595499956,-0.894427190999917));
#14936=DIRECTION('',(0.,0.447213595499954,-0.894427190999918));
#14937=DIRECTION('',(0.,1.,1.21838478486229E-16));
#14938=DIRECTION('',(0.,0.,-1.));
#14939=DIRECTION('',(0.,-1.,-3.08011980819746E-16));
#14940=DIRECTION('',(1.,0.,0.));
#14941=DIRECTION('',(0.,0.,-1.));
#14942=DIRECTION('',(0.,-1.,-3.08011980819746E-16));
#14943=DIRECTION('',(0.,0.,-1.));
#14944=DIRECTION('',(0.,1.,1.21838478486229E-16));
#14945=DIRECTION('',(0.,0.447213595499954,-0.894427190999918));
#14946=DIRECTION('',(1.,0.,0.));
#14947=DIRECTION('',(0.,0.,-1.));
#14948=DIRECTION('',(-1.,0.,0.));
#14949=DIRECTION('',(0.,3.08011980819746E-16,-1.));
#14950=DIRECTION('',(0.,1.,3.08015060939554E-16));
#14951=DIRECTION('',(-1.,0.,0.));
#14952=DIRECTION('',(0.,1.,0.));
#14953=DIRECTION('',(0.,0.,1.));
#14954=DIRECTION('',(-1.,0.,0.));
#14955=DIRECTION('',(0.,-1.21838478486229E-16,1.));
#14956=DIRECTION('',(0.,-1.,-1.21837219133059E-16));
#14957=DIRECTION('',(0.,0.894427190999918,0.447213595499954));
#14958=DIRECTION('',(0.,-0.447213595499954,0.894427190999918));
#14959=DIRECTION('',(0.,-0.447213595499956,0.894427190999917));
#14960=DIRECTION('',(-1.,0.,0.));
#14961=DIRECTION('',(0.,-0.447213595499956,0.894427190999917));
#14962=DIRECTION('',(0.,-0.894427190999917,-0.447213595499956));
#14963=DIRECTION('',(0.,0.447213595499956,-0.894427190999917));
#14964=DIRECTION('',(0.,0.447213595499954,-0.894427190999918));
#14965=DIRECTION('',(0.,1.,1.21838478486229E-16));
#14966=DIRECTION('',(0.,0.,-1.));
#14967=DIRECTION('',(0.,-1.,-3.08011980819746E-16));
#14968=DIRECTION('',(1.,0.,0.));
#14969=DIRECTION('',(0.,0.,-1.));
#14970=DIRECTION('',(0.,-1.,-3.08011980819746E-16));
#14971=DIRECTION('',(0.,0.,-1.));
#14972=DIRECTION('',(0.,1.,1.21838478486229E-16));
#14973=DIRECTION('',(0.,0.447213595499954,-0.894427190999918));
#14974=DIRECTION('',(1.,0.,0.));
#14975=DIRECTION('',(0.,0.,-1.));
#14976=DIRECTION('',(-1.,0.,0.));
#14977=DIRECTION('',(0.,3.08011980819746E-16,-1.));
#14978=DIRECTION('',(0.,1.,3.08015060939554E-16));
#14979=DIRECTION('',(-1.,0.,0.));
#14980=DIRECTION('',(0.,1.,0.));
#14981=DIRECTION('',(0.,0.,1.));
#14982=DIRECTION('',(-1.,0.,0.));
#14983=DIRECTION('',(0.,-1.21838478486229E-16,1.));
#14984=DIRECTION('',(0.,-1.,-1.21837219133059E-16));
#14985=DIRECTION('',(0.,0.894427190999918,0.447213595499954));
#14986=DIRECTION('',(0.,-0.447213595499954,0.894427190999918));
#14987=DIRECTION('',(0.,-0.447213595499956,0.894427190999917));
#14988=DIRECTION('',(-1.,0.,0.));
#14989=DIRECTION('',(0.,-0.447213595499956,0.894427190999917));
#14990=DIRECTION('',(0.,-0.894427190999917,-0.447213595499956));
#14991=DIRECTION('',(0.,0.447213595499956,-0.894427190999917));
#14992=DIRECTION('',(0.,0.447213595499954,-0.894427190999918));
#14993=DIRECTION('',(0.,1.,1.21838478486229E-16));
#14994=DIRECTION('',(0.,0.,-1.));
#14995=DIRECTION('',(0.,-1.,-3.08011980819746E-16));
#14996=DIRECTION('',(1.,0.,0.));
#14997=DIRECTION('',(0.,0.,-1.));
#14998=DIRECTION('',(0.,-1.,-3.08011980819746E-16));
#14999=DIRECTION('',(0.,0.,-1.));
#15000=DIRECTION('',(0.,1.,1.21838478486229E-16));
#15001=DIRECTION('',(0.,0.447213595499954,-0.894427190999918));
#15002=DIRECTION('',(1.,0.,0.));
#15003=DIRECTION('',(0.,0.,-1.));
#15004=DIRECTION('',(-1.,0.,0.));
#15005=DIRECTION('',(0.,3.08011980819746E-16,-1.));
#15006=DIRECTION('',(0.,1.,3.08015060939554E-16));
#15007=DIRECTION('',(-1.,0.,0.));
#15008=DIRECTION('',(0.,1.,0.));
#15009=DIRECTION('',(0.,0.,1.));
#15010=DIRECTION('',(-1.,0.,0.));
#15011=DIRECTION('',(0.,-1.21838478486229E-16,1.));
#15012=DIRECTION('',(0.,-1.,-1.21837219133059E-16));
#15013=DIRECTION('',(0.,0.894427190999918,0.447213595499954));
#15014=DIRECTION('',(0.,-0.447213595499954,0.894427190999918));
#15015=DIRECTION('',(0.,-0.447213595499956,0.894427190999917));
#15016=DIRECTION('',(-1.,0.,0.));
#15017=DIRECTION('',(0.,-0.447213595499956,0.894427190999917));
#15018=DIRECTION('',(0.,-0.894427190999917,-0.447213595499956));
#15019=DIRECTION('',(0.,0.447213595499956,-0.894427190999917));
#15020=DIRECTION('',(0.,0.447213595499954,-0.894427190999918));
#15021=DIRECTION('',(0.,1.,1.21838478486229E-16));
#15022=DIRECTION('',(0.,0.,-1.));
#15023=DIRECTION('',(0.,-1.,-3.08011980819746E-16));
#15024=DIRECTION('',(1.,0.,0.));
#15025=DIRECTION('',(0.,0.,-1.));
#15026=DIRECTION('',(0.,-1.,-3.08011980819746E-16));
#15027=DIRECTION('',(0.,0.,-1.));
#15028=DIRECTION('',(0.,1.,1.21838478486229E-16));
#15029=DIRECTION('',(0.,0.447213595499954,-0.894427190999918));
#15030=DIRECTION('',(1.,0.,0.));
#15031=DIRECTION('',(0.,0.,-1.));
#15032=DIRECTION('',(-1.,0.,0.));
#15033=DIRECTION('',(0.,3.08011980819746E-16,-1.));
#15034=DIRECTION('',(0.,1.,3.08015060939554E-16));
#15035=DIRECTION('',(-1.,0.,0.));
#15036=DIRECTION('',(0.,1.,0.));
#15037=DIRECTION('',(0.,0.,1.));
#15038=DIRECTION('',(-1.,0.,0.));
#15039=DIRECTION('',(0.,-1.21838478486229E-16,1.));
#15040=DIRECTION('',(0.,-1.,-1.21837219133059E-16));
#15041=DIRECTION('',(0.,0.894427190999918,0.447213595499954));
#15042=DIRECTION('',(0.,-0.447213595499954,0.894427190999918));
#15043=DIRECTION('',(-1.,0.,0.));
#15044=DIRECTION('',(0.,0.,-1.));
#15045=DIRECTION('',(-1.,0.,0.));
#15046=DIRECTION('',(0.,0.,-1.));
#15047=DIRECTION('',(1.,0.,0.));
#15048=DIRECTION('',(-1.,0.,0.));
#15049=DIRECTION('',(0.,0.,-1.));
#15050=DIRECTION('',(-1.,0.,0.));
#15051=DIRECTION('',(0.,0.,-1.));
#15052=DIRECTION('',(1.,0.,0.));
#15053=DIRECTION('',(1.,0.,0.));
#15054=DIRECTION('',(0.,0.,-1.));
#15055=DIRECTION('',(0.,1.,-8.23896875069824E-16));
#15056=DIRECTION('',(0.,1.,-8.23896875069824E-16));
#15057=DIRECTION('',(0.,-8.23896875069824E-16,-1.));
#15058=DIRECTION('',(0.,1.,-8.23885230871735E-16));
#15059=DIRECTION('',(1.,0.,0.));
#15060=DIRECTION('',(0.,0.,-1.));
#15061=DIRECTION('',(1.,0.,0.));
#15062=DIRECTION('',(1.,0.,0.));
#15063=DIRECTION('',(0.,0.,-1.));
#15064=DIRECTION('',(1.,0.,0.));
#15065=DIRECTION('',(0.,0.,-1.));
#15066=DIRECTION('',(1.,0.,0.));
#15067=DIRECTION('',(0.,0.,-1.));
#15068=DIRECTION('',(1.,0.,0.));
#15069=DIRECTION('',(0.,0.,-1.));
#15070=DIRECTION('',(1.,0.,0.));
#15071=DIRECTION('',(0.,0.,-1.));
#15072=DIRECTION('',(1.,0.,0.));
#15073=DIRECTION('',(0.,0.,-1.));
#15074=DIRECTION('',(1.,0.,0.));
#15075=DIRECTION('',(0.,0.,-1.));
#15076=DIRECTION('',(1.,0.,0.));
#15077=DIRECTION('',(0.,0.,-1.));
#15078=DIRECTION('',(1.,0.,0.));
#15079=DIRECTION('',(0.,0.,-1.));
#15080=DIRECTION('',(-1.,0.,0.));
#15081=DIRECTION('',(0.,0.,-1.));
#15082=DIRECTION('',(-1.,0.,0.));
#15083=DIRECTION('',(0.,0.,-1.));
#15084=DIRECTION('',(1.,0.,0.));
#15085=DIRECTION('',(-1.,0.,0.));
#15086=DIRECTION('',(0.,0.,-1.));
#15087=DIRECTION('',(-1.,0.,0.));
#15088=DIRECTION('',(0.,0.,-1.));
#15089=DIRECTION('',(1.,0.,0.));
#15090=DIRECTION('',(1.,0.,0.));
#15091=DIRECTION('',(0.,0.,-1.));
#15092=DIRECTION('',(0.,1.,-8.23896875069824E-16));
#15093=DIRECTION('',(0.,1.,-8.23896875069824E-16));
#15094=DIRECTION('',(0.,-8.23896875069824E-16,-1.));
#15095=DIRECTION('',(0.,1.,-8.23885230871735E-16));
#15096=DIRECTION('',(1.,0.,0.));
#15097=DIRECTION('',(0.,0.,-1.));
#15098=DIRECTION('',(1.,0.,0.));
#15099=DIRECTION('',(1.,0.,0.));
#15100=DIRECTION('',(0.,0.,-1.));
#15101=DIRECTION('',(1.,0.,0.));
#15102=DIRECTION('',(0.,0.,-1.));
#15103=DIRECTION('',(1.,0.,0.));
#15104=DIRECTION('',(0.,0.,-1.));
#15105=DIRECTION('',(1.,0.,0.));
#15106=DIRECTION('',(0.,0.,-1.));
#15107=DIRECTION('',(1.,0.,0.));
#15108=DIRECTION('',(0.,0.,-1.));
#15109=DIRECTION('',(1.,0.,0.));
#15110=DIRECTION('',(0.,0.,-1.));
#15111=DIRECTION('',(1.,0.,0.));
#15112=DIRECTION('',(0.,0.,-1.));
#15113=DIRECTION('',(1.,0.,0.));
#15114=DIRECTION('',(0.,0.,-1.));
#15115=DIRECTION('',(1.,0.,0.));
#15116=DIRECTION('',(0.,0.,-1.));
#15117=DIRECTION('',(-1.,0.,0.));
#15118=DIRECTION('',(0.,0.,-1.));
#15119=DIRECTION('',(-1.,0.,0.));
#15120=DIRECTION('',(0.,0.,-1.));
#15121=DIRECTION('',(1.,0.,0.));
#15122=DIRECTION('',(-1.,0.,0.));
#15123=DIRECTION('',(0.,0.,-1.));
#15124=DIRECTION('',(-1.,0.,0.));
#15125=DIRECTION('',(0.,0.,-1.));
#15126=DIRECTION('',(1.,0.,0.));
#15127=DIRECTION('',(1.,0.,0.));
#15128=DIRECTION('',(0.,0.,-1.));
#15129=DIRECTION('',(0.,1.,-8.23896875069824E-16));
#15130=DIRECTION('',(0.,1.,-8.23896875069824E-16));
#15131=DIRECTION('',(0.,-8.23896875069824E-16,-1.));
#15132=DIRECTION('',(0.,1.,-8.23885230871735E-16));
#15133=DIRECTION('',(1.,0.,0.));
#15134=DIRECTION('',(0.,0.,-1.));
#15135=DIRECTION('',(1.,0.,0.));
#15136=DIRECTION('',(1.,0.,0.));
#15137=DIRECTION('',(0.,0.,-1.));
#15138=DIRECTION('',(1.,0.,0.));
#15139=DIRECTION('',(0.,0.,-1.));
#15140=DIRECTION('',(1.,0.,0.));
#15141=DIRECTION('',(0.,0.,-1.));
#15142=DIRECTION('',(1.,0.,0.));
#15143=DIRECTION('',(0.,0.,-1.));
#15144=DIRECTION('',(1.,0.,0.));
#15145=DIRECTION('',(0.,0.,-1.));
#15146=DIRECTION('',(1.,0.,0.));
#15147=DIRECTION('',(0.,0.,-1.));
#15148=DIRECTION('',(1.,0.,0.));
#15149=DIRECTION('',(0.,0.,-1.));
#15150=DIRECTION('',(1.,0.,0.));
#15151=DIRECTION('',(0.,0.,-1.));
#15152=DIRECTION('',(1.,0.,0.));
#15153=DIRECTION('',(0.,0.,-1.));
#15154=DIRECTION('',(-1.,0.,0.));
#15155=DIRECTION('',(0.,0.,-1.));
#15156=DIRECTION('',(-1.,0.,0.));
#15157=DIRECTION('',(0.,0.,-1.));
#15158=DIRECTION('',(1.,0.,0.));
#15159=DIRECTION('',(-1.,0.,0.));
#15160=DIRECTION('',(0.,0.,-1.));
#15161=DIRECTION('',(-1.,0.,0.));
#15162=DIRECTION('',(0.,0.,-1.));
#15163=DIRECTION('',(1.,0.,0.));
#15164=DIRECTION('',(1.,0.,0.));
#15165=DIRECTION('',(0.,0.,-1.));
#15166=DIRECTION('',(0.,1.,-8.23896875069824E-16));
#15167=DIRECTION('',(0.,1.,-8.23896875069824E-16));
#15168=DIRECTION('',(0.,-8.23896875069824E-16,-1.));
#15169=DIRECTION('',(0.,1.,-8.23885230871735E-16));
#15170=DIRECTION('',(1.,0.,0.));
#15171=DIRECTION('',(0.,0.,-1.));
#15172=DIRECTION('',(1.,0.,0.));
#15173=DIRECTION('',(1.,0.,0.));
#15174=DIRECTION('',(0.,0.,-1.));
#15175=DIRECTION('',(1.,0.,0.));
#15176=DIRECTION('',(0.,0.,-1.));
#15177=DIRECTION('',(1.,0.,0.));
#15178=DIRECTION('',(0.,0.,-1.));
#15179=DIRECTION('',(1.,0.,0.));
#15180=DIRECTION('',(0.,0.,-1.));
#15181=DIRECTION('',(1.,0.,0.));
#15182=DIRECTION('',(0.,0.,-1.));
#15183=DIRECTION('',(1.,0.,0.));
#15184=DIRECTION('',(0.,0.,-1.));
#15185=DIRECTION('',(1.,0.,0.));
#15186=DIRECTION('',(0.,0.,-1.));
#15187=DIRECTION('',(1.,0.,0.));
#15188=DIRECTION('',(0.,0.,-1.));
#15189=DIRECTION('',(1.,0.,0.));
#15190=DIRECTION('',(0.,0.,-1.));
#15191=DIRECTION('',(-1.,0.,0.));
#15192=DIRECTION('',(0.,0.,-1.));
#15193=DIRECTION('',(-1.,0.,0.));
#15194=DIRECTION('',(0.,0.,-1.));
#15195=DIRECTION('',(1.,0.,0.));
#15196=DIRECTION('',(-1.,0.,0.));
#15197=DIRECTION('',(0.,0.,-1.));
#15198=DIRECTION('',(-1.,0.,0.));
#15199=DIRECTION('',(0.,0.,-1.));
#15200=DIRECTION('',(1.,0.,0.));
#15201=DIRECTION('',(1.,0.,0.));
#15202=DIRECTION('',(0.,0.,-1.));
#15203=DIRECTION('',(0.,1.,-8.23896875069824E-16));
#15204=DIRECTION('',(0.,1.,-8.23896875069824E-16));
#15205=DIRECTION('',(0.,-8.23896875069824E-16,-1.));
#15206=DIRECTION('',(0.,1.,-8.23885230871735E-16));
#15207=DIRECTION('',(1.,0.,0.));
#15208=DIRECTION('',(0.,0.,-1.));
#15209=DIRECTION('',(1.,0.,0.));
#15210=DIRECTION('',(1.,0.,0.));
#15211=DIRECTION('',(0.,0.,-1.));
#15212=DIRECTION('',(1.,0.,0.));
#15213=DIRECTION('',(0.,0.,-1.));
#15214=DIRECTION('',(1.,0.,0.));
#15215=DIRECTION('',(0.,0.,-1.));
#15216=DIRECTION('',(1.,0.,0.));
#15217=DIRECTION('',(0.,0.,-1.));
#15218=DIRECTION('',(1.,0.,0.));
#15219=DIRECTION('',(0.,0.,-1.));
#15220=DIRECTION('',(1.,0.,0.));
#15221=DIRECTION('',(0.,0.,-1.));
#15222=DIRECTION('',(1.,0.,0.));
#15223=DIRECTION('',(0.,0.,-1.));
#15224=DIRECTION('',(1.,0.,0.));
#15225=DIRECTION('',(0.,0.,-1.));
#15226=DIRECTION('',(1.,0.,0.));
#15227=DIRECTION('',(0.,0.,-1.));
#15228=DIRECTION('',(-1.,0.,0.));
#15229=DIRECTION('',(0.,0.,-1.));
#15230=DIRECTION('',(-1.,0.,0.));
#15231=DIRECTION('',(0.,0.,-1.));
#15232=DIRECTION('',(1.,0.,0.));
#15233=DIRECTION('',(-1.,0.,0.));
#15234=DIRECTION('',(0.,0.,-1.));
#15235=DIRECTION('',(-1.,0.,0.));
#15236=DIRECTION('',(0.,0.,-1.));
#15237=DIRECTION('',(1.,0.,0.));
#15238=DIRECTION('',(1.,0.,0.));
#15239=DIRECTION('',(0.,0.,-1.));
#15240=DIRECTION('',(0.,1.,-8.23896875069824E-16));
#15241=DIRECTION('',(0.,1.,-8.23896875069824E-16));
#15242=DIRECTION('',(0.,-8.23896875069824E-16,-1.));
#15243=DIRECTION('',(0.,1.,-8.23885230871735E-16));
#15244=DIRECTION('',(1.,0.,0.));
#15245=DIRECTION('',(0.,0.,-1.));
#15246=DIRECTION('',(1.,0.,0.));
#15247=DIRECTION('',(1.,0.,0.));
#15248=DIRECTION('',(0.,0.,-1.));
#15249=DIRECTION('',(1.,0.,0.));
#15250=DIRECTION('',(0.,0.,-1.));
#15251=DIRECTION('',(1.,0.,0.));
#15252=DIRECTION('',(0.,0.,-1.));
#15253=DIRECTION('',(1.,0.,0.));
#15254=DIRECTION('',(0.,0.,-1.));
#15255=DIRECTION('',(1.,0.,0.));
#15256=DIRECTION('',(0.,0.,-1.));
#15257=DIRECTION('',(1.,0.,0.));
#15258=DIRECTION('',(0.,0.,-1.));
#15259=DIRECTION('',(1.,0.,0.));
#15260=DIRECTION('',(0.,0.,-1.));
#15261=DIRECTION('',(1.,0.,0.));
#15262=DIRECTION('',(0.,0.,-1.));
#15263=DIRECTION('',(1.,0.,0.));
#15264=DIRECTION('',(0.,0.,-1.));
#15265=DIRECTION('',(-1.,0.,0.));
#15266=DIRECTION('',(0.,0.,-1.));
#15267=DIRECTION('',(-1.,0.,0.));
#15268=DIRECTION('',(0.,0.,-1.));
#15269=DIRECTION('',(1.,0.,0.));
#15270=DIRECTION('',(-1.,0.,0.));
#15271=DIRECTION('',(0.,0.,-1.));
#15272=DIRECTION('',(-1.,0.,0.));
#15273=DIRECTION('',(0.,0.,-1.));
#15274=DIRECTION('',(1.,0.,0.));
#15275=DIRECTION('',(1.,0.,0.));
#15276=DIRECTION('',(0.,0.,-1.));
#15277=DIRECTION('',(0.,1.,-8.23896875069824E-16));
#15278=DIRECTION('',(0.,1.,-8.23896875069824E-16));
#15279=DIRECTION('',(0.,-8.23896875069824E-16,-1.));
#15280=DIRECTION('',(0.,1.,-8.23885230871735E-16));
#15281=DIRECTION('',(1.,0.,0.));
#15282=DIRECTION('',(0.,0.,-1.));
#15283=DIRECTION('',(1.,0.,0.));
#15284=DIRECTION('',(1.,0.,0.));
#15285=DIRECTION('',(0.,0.,-1.));
#15286=DIRECTION('',(1.,0.,0.));
#15287=DIRECTION('',(0.,0.,-1.));
#15288=DIRECTION('',(1.,0.,0.));
#15289=DIRECTION('',(0.,0.,-1.));
#15290=DIRECTION('',(1.,0.,0.));
#15291=DIRECTION('',(0.,0.,-1.));
#15292=DIRECTION('',(1.,0.,0.));
#15293=DIRECTION('',(0.,0.,-1.));
#15294=DIRECTION('',(1.,0.,0.));
#15295=DIRECTION('',(0.,0.,-1.));
#15296=DIRECTION('',(1.,0.,0.));
#15297=DIRECTION('',(0.,0.,-1.));
#15298=DIRECTION('',(1.,0.,0.));
#15299=DIRECTION('',(0.,0.,-1.));
#15300=DIRECTION('',(1.,0.,0.));
#15301=DIRECTION('',(0.,0.,-1.));
#15302=DIRECTION('',(-1.,0.,0.));
#15303=DIRECTION('',(0.,0.,-1.));
#15304=DIRECTION('',(-1.,0.,0.));
#15305=DIRECTION('',(0.,0.,-1.));
#15306=DIRECTION('',(1.,0.,0.));
#15307=DIRECTION('',(-1.,0.,0.));
#15308=DIRECTION('',(0.,0.,-1.));
#15309=DIRECTION('',(-1.,0.,0.));
#15310=DIRECTION('',(0.,0.,-1.));
#15311=DIRECTION('',(1.,0.,0.));
#15312=DIRECTION('',(1.,0.,0.));
#15313=DIRECTION('',(0.,0.,-1.));
#15314=DIRECTION('',(0.,1.,-8.23896875069824E-16));
#15315=DIRECTION('',(0.,1.,-8.23896875069824E-16));
#15316=DIRECTION('',(0.,-8.23896875069824E-16,-1.));
#15317=DIRECTION('',(0.,1.,-8.23885230871735E-16));
#15318=DIRECTION('',(1.,0.,0.));
#15319=DIRECTION('',(0.,0.,-1.));
#15320=DIRECTION('',(1.,0.,0.));
#15321=DIRECTION('',(1.,0.,0.));
#15322=DIRECTION('',(0.,0.,-1.));
#15323=DIRECTION('',(1.,0.,0.));
#15324=DIRECTION('',(0.,0.,-1.));
#15325=DIRECTION('',(1.,0.,0.));
#15326=DIRECTION('',(0.,0.,-1.));
#15327=DIRECTION('',(1.,0.,0.));
#15328=DIRECTION('',(0.,0.,-1.));
#15329=DIRECTION('',(1.,0.,0.));
#15330=DIRECTION('',(0.,0.,-1.));
#15331=DIRECTION('',(1.,0.,0.));
#15332=DIRECTION('',(0.,0.,-1.));
#15333=DIRECTION('',(1.,0.,0.));
#15334=DIRECTION('',(0.,0.,-1.));
#15335=DIRECTION('',(1.,0.,0.));
#15336=DIRECTION('',(0.,0.,-1.));
#15337=DIRECTION('',(1.,0.,0.));
#15338=DIRECTION('',(0.,0.,-1.));
#15339=DIRECTION('',(-1.,0.,0.));
#15340=DIRECTION('',(0.,0.,-1.));
#15341=DIRECTION('',(-1.,0.,0.));
#15342=DIRECTION('',(0.,0.,-1.));
#15343=DIRECTION('',(1.,0.,0.));
#15344=DIRECTION('',(-1.,0.,0.));
#15345=DIRECTION('',(0.,0.,-1.));
#15346=DIRECTION('',(-1.,0.,0.));
#15347=DIRECTION('',(0.,0.,-1.));
#15348=DIRECTION('',(1.,0.,0.));
#15349=DIRECTION('',(1.,0.,0.));
#15350=DIRECTION('',(0.,0.,-1.));
#15351=DIRECTION('',(0.,1.,-8.23896875069824E-16));
#15352=DIRECTION('',(0.,1.,-8.23896875069824E-16));
#15353=DIRECTION('',(0.,-8.23896875069824E-16,-1.));
#15354=DIRECTION('',(0.,1.,-8.23885230871735E-16));
#15355=DIRECTION('',(1.,0.,0.));
#15356=DIRECTION('',(0.,0.,-1.));
#15357=DIRECTION('',(1.,0.,0.));
#15358=DIRECTION('',(1.,0.,0.));
#15359=DIRECTION('',(0.,0.,-1.));
#15360=DIRECTION('',(1.,0.,0.));
#15361=DIRECTION('',(0.,0.,-1.));
#15362=DIRECTION('',(1.,0.,0.));
#15363=DIRECTION('',(0.,0.,-1.));
#15364=DIRECTION('',(1.,0.,0.));
#15365=DIRECTION('',(0.,0.,-1.));
#15366=DIRECTION('',(1.,0.,0.));
#15367=DIRECTION('',(0.,0.,-1.));
#15368=DIRECTION('',(1.,0.,0.));
#15369=DIRECTION('',(0.,0.,-1.));
#15370=DIRECTION('',(1.,0.,0.));
#15371=DIRECTION('',(0.,0.,-1.));
#15372=DIRECTION('',(1.,0.,0.));
#15373=DIRECTION('',(0.,0.,-1.));
#15374=DIRECTION('',(1.,0.,0.));
#15375=DIRECTION('',(0.,0.,-1.));
#15376=DIRECTION('',(-1.,0.,0.));
#15377=DIRECTION('',(0.,0.,-1.));
#15378=DIRECTION('',(-1.,0.,0.));
#15379=DIRECTION('',(0.,0.,-1.));
#15380=DIRECTION('',(1.,0.,0.));
#15381=DIRECTION('',(-1.,0.,0.));
#15382=DIRECTION('',(0.,0.,-1.));
#15383=DIRECTION('',(-1.,0.,0.));
#15384=DIRECTION('',(0.,0.,-1.));
#15385=DIRECTION('',(1.,0.,0.));
#15386=DIRECTION('',(1.,0.,0.));
#15387=DIRECTION('',(0.,0.,-1.));
#15388=DIRECTION('',(0.,1.,-8.23896875069824E-16));
#15389=DIRECTION('',(0.,1.,-8.23896875069824E-16));
#15390=DIRECTION('',(0.,-8.23896875069824E-16,-1.));
#15391=DIRECTION('',(0.,1.,-8.23885230871735E-16));
#15392=DIRECTION('',(1.,0.,0.));
#15393=DIRECTION('',(0.,0.,-1.));
#15394=DIRECTION('',(1.,0.,0.));
#15395=DIRECTION('',(1.,0.,0.));
#15396=DIRECTION('',(0.,0.,-1.));
#15397=DIRECTION('',(1.,0.,0.));
#15398=DIRECTION('',(0.,0.,-1.));
#15399=DIRECTION('',(1.,0.,0.));
#15400=DIRECTION('',(0.,0.,-1.));
#15401=DIRECTION('',(1.,0.,0.));
#15402=DIRECTION('',(0.,0.,-1.));
#15403=DIRECTION('',(1.,0.,0.));
#15404=DIRECTION('',(0.,0.,-1.));
#15405=DIRECTION('',(1.,0.,0.));
#15406=DIRECTION('',(0.,0.,-1.));
#15407=DIRECTION('',(1.,0.,0.));
#15408=DIRECTION('',(0.,0.,-1.));
#15409=DIRECTION('',(1.,0.,0.));
#15410=DIRECTION('',(0.,0.,-1.));
#15411=DIRECTION('',(1.,0.,0.));
#15412=DIRECTION('',(0.,0.,-1.));
#15413=DIRECTION('',(-1.,0.,0.));
#15414=DIRECTION('',(0.,0.,-1.));
#15415=DIRECTION('',(-1.,0.,0.));
#15416=DIRECTION('',(0.,0.,-1.));
#15417=DIRECTION('',(1.,0.,0.));
#15418=DIRECTION('',(-1.,0.,0.));
#15419=DIRECTION('',(0.,0.,-1.));
#15420=DIRECTION('',(-1.,0.,0.));
#15421=DIRECTION('',(0.,0.,-1.));
#15422=DIRECTION('',(1.,0.,0.));
#15423=DIRECTION('',(1.,0.,0.));
#15424=DIRECTION('',(0.,0.,-1.));
#15425=DIRECTION('',(0.,1.,-8.23896875069824E-16));
#15426=DIRECTION('',(0.,1.,-8.23896875069824E-16));
#15427=DIRECTION('',(0.,-8.23896875069824E-16,-1.));
#15428=DIRECTION('',(0.,1.,-8.23885230871735E-16));
#15429=DIRECTION('',(1.,0.,0.));
#15430=DIRECTION('',(0.,0.,-1.));
#15431=DIRECTION('',(1.,0.,0.));
#15432=DIRECTION('',(1.,0.,0.));
#15433=DIRECTION('',(0.,0.,-1.));
#15434=DIRECTION('',(1.,0.,0.));
#15435=DIRECTION('',(0.,0.,-1.));
#15436=DIRECTION('',(1.,0.,0.));
#15437=DIRECTION('',(0.,0.,-1.));
#15438=DIRECTION('',(1.,0.,0.));
#15439=DIRECTION('',(0.,0.,-1.));
#15440=DIRECTION('',(1.,0.,0.));
#15441=DIRECTION('',(0.,0.,-1.));
#15442=DIRECTION('',(1.,0.,0.));
#15443=DIRECTION('',(0.,0.,-1.));
#15444=DIRECTION('',(1.,0.,0.));
#15445=DIRECTION('',(0.,0.,-1.));
#15446=DIRECTION('',(1.,0.,0.));
#15447=DIRECTION('',(0.,0.,-1.));
#15448=DIRECTION('',(1.,0.,0.));
#15449=DIRECTION('',(0.,0.,-1.));
#15450=DIRECTION('',(-1.,0.,0.));
#15451=DIRECTION('',(0.,0.,-1.));
#15452=DIRECTION('',(-1.,0.,0.));
#15453=DIRECTION('',(0.,0.,-1.));
#15454=DIRECTION('',(1.,0.,0.));
#15455=DIRECTION('',(-1.,0.,0.));
#15456=DIRECTION('',(0.,0.,-1.));
#15457=DIRECTION('',(-1.,0.,0.));
#15458=DIRECTION('',(0.,0.,-1.));
#15459=DIRECTION('',(1.,0.,0.));
#15460=DIRECTION('',(1.,0.,0.));
#15461=DIRECTION('',(0.,0.,-1.));
#15462=DIRECTION('',(0.,1.,-8.23896875069824E-16));
#15463=DIRECTION('',(0.,1.,-8.23896875069824E-16));
#15464=DIRECTION('',(0.,-8.23896875069824E-16,-1.));
#15465=DIRECTION('',(0.,1.,-8.23885230871735E-16));
#15466=DIRECTION('',(1.,0.,0.));
#15467=DIRECTION('',(0.,0.,-1.));
#15468=DIRECTION('',(1.,0.,0.));
#15469=DIRECTION('',(1.,0.,0.));
#15470=DIRECTION('',(0.,0.,-1.));
#15471=DIRECTION('',(1.,0.,0.));
#15472=DIRECTION('',(0.,0.,-1.));
#15473=DIRECTION('',(1.,0.,0.));
#15474=DIRECTION('',(0.,0.,-1.));
#15475=DIRECTION('',(1.,0.,0.));
#15476=DIRECTION('',(0.,0.,-1.));
#15477=DIRECTION('',(1.,0.,0.));
#15478=DIRECTION('',(0.,0.,-1.));
#15479=DIRECTION('',(1.,0.,0.));
#15480=DIRECTION('',(0.,0.,-1.));
#15481=DIRECTION('',(1.,0.,0.));
#15482=DIRECTION('',(0.,0.,-1.));
#15483=DIRECTION('',(1.,0.,0.));
#15484=DIRECTION('',(0.,0.,-1.));
#15485=DIRECTION('',(1.,0.,0.));
#15486=DIRECTION('',(0.,0.,-1.));
#15487=DIRECTION('',(-1.,0.,0.));
#15488=DIRECTION('',(0.,0.,-1.));
#15489=DIRECTION('',(-1.,0.,0.));
#15490=DIRECTION('',(0.,0.,-1.));
#15491=DIRECTION('',(1.,0.,0.));
#15492=DIRECTION('',(-1.,0.,0.));
#15493=DIRECTION('',(0.,0.,-1.));
#15494=DIRECTION('',(-1.,0.,0.));
#15495=DIRECTION('',(0.,0.,-1.));
#15496=DIRECTION('',(1.,0.,0.));
#15497=DIRECTION('',(1.,0.,0.));
#15498=DIRECTION('',(0.,0.,-1.));
#15499=DIRECTION('',(0.,1.,-8.23896875069824E-16));
#15500=DIRECTION('',(0.,1.,-8.23896875069824E-16));
#15501=DIRECTION('',(0.,-8.23896875069824E-16,-1.));
#15502=DIRECTION('',(0.,1.,-8.23885230871735E-16));
#15503=DIRECTION('',(1.,0.,0.));
#15504=DIRECTION('',(0.,0.,-1.));
#15505=DIRECTION('',(1.,0.,0.));
#15506=DIRECTION('',(1.,0.,0.));
#15507=DIRECTION('',(0.,0.,-1.));
#15508=DIRECTION('',(1.,0.,0.));
#15509=DIRECTION('',(0.,0.,-1.));
#15510=DIRECTION('',(1.,0.,0.));
#15511=DIRECTION('',(0.,0.,-1.));
#15512=DIRECTION('',(1.,0.,0.));
#15513=DIRECTION('',(0.,0.,-1.));
#15514=DIRECTION('',(1.,0.,0.));
#15515=DIRECTION('',(0.,0.,-1.));
#15516=DIRECTION('',(1.,0.,0.));
#15517=DIRECTION('',(0.,0.,-1.));
#15518=DIRECTION('',(1.,0.,0.));
#15519=DIRECTION('',(0.,0.,-1.));
#15520=DIRECTION('',(1.,0.,0.));
#15521=DIRECTION('',(0.,0.,-1.));
#15522=DIRECTION('',(1.,0.,0.));
#15523=DIRECTION('',(0.,0.,-1.));
#15524=DIRECTION('',(-1.,0.,0.));
#15525=DIRECTION('',(0.,0.,-1.));
#15526=DIRECTION('',(-1.,0.,0.));
#15527=DIRECTION('',(0.,0.,-1.));
#15528=DIRECTION('',(1.,0.,0.));
#15529=DIRECTION('',(-1.,0.,0.));
#15530=DIRECTION('',(0.,0.,-1.));
#15531=DIRECTION('',(-1.,0.,0.));
#15532=DIRECTION('',(0.,0.,-1.));
#15533=DIRECTION('',(1.,0.,0.));
#15534=DIRECTION('',(1.,0.,0.));
#15535=DIRECTION('',(0.,0.,-1.));
#15536=DIRECTION('',(0.,1.,-8.23896875069824E-16));
#15537=DIRECTION('',(0.,1.,-8.23896875069824E-16));
#15538=DIRECTION('',(0.,-8.23896875069824E-16,-1.));
#15539=DIRECTION('',(0.,1.,-8.23885230871735E-16));
#15540=DIRECTION('',(1.,0.,0.));
#15541=DIRECTION('',(0.,0.,-1.));
#15542=DIRECTION('',(1.,0.,0.));
#15543=DIRECTION('',(1.,0.,0.));
#15544=DIRECTION('',(0.,0.,-1.));
#15545=DIRECTION('',(1.,0.,0.));
#15546=DIRECTION('',(0.,0.,-1.));
#15547=DIRECTION('',(1.,0.,0.));
#15548=DIRECTION('',(0.,0.,-1.));
#15549=DIRECTION('',(1.,0.,0.));
#15550=DIRECTION('',(0.,0.,-1.));
#15551=DIRECTION('',(1.,0.,0.));
#15552=DIRECTION('',(0.,0.,-1.));
#15553=DIRECTION('',(1.,0.,0.));
#15554=DIRECTION('',(0.,0.,-1.));
#15555=DIRECTION('',(1.,0.,0.));
#15556=DIRECTION('',(0.,0.,-1.));
#15557=DIRECTION('',(1.,0.,0.));
#15558=DIRECTION('',(0.,0.,-1.));
#15559=DIRECTION('',(1.,0.,0.));
#15560=DIRECTION('',(0.,0.,-1.));
#15561=DIRECTION('',(0.,1.,0.));
#15562=DIRECTION('',(1.,0.,0.));
#15563=DIRECTION('',(0.,1.,0.));
#15564=DIRECTION('',(0.,0.,-1.));
#15565=DIRECTION('',(-1.,0.,0.));
#15566=DIRECTION('',(1.,0.,0.));
#15567=DIRECTION('',(0.,0.,-1.));
#15568=DIRECTION('',(1.,0.,0.));
#15569=DIRECTION('',(1.,0.,0.));
#15570=DIRECTION('',(0.,0.,-1.));
#15571=DIRECTION('',(1.,0.,0.));
#15572=DIRECTION('',(0.,0.,-1.));
#15573=DIRECTION('',(0.,-0.64278760968654,0.766044443118978));
#15574=DIRECTION('',(1.,0.,0.));
#15575=DIRECTION('',(0.,0.,-1.));
#15576=DIRECTION('',(-1.,0.,0.));
#15577=DIRECTION('',(0.,0.,1.));
#15578=DIRECTION('',(1.,0.,0.));
#15579=DIRECTION('',(0.,0.,-1.));
#15580=DIRECTION('',(0.,-0.64278760968654,0.766044443118978));
#15581=DIRECTION('',(-1.,0.,0.));
#15582=DIRECTION('',(0.,0.,1.));
#15583=DIRECTION('',(1.,0.,0.));
#15584=DIRECTION('',(1.,0.,0.));
#15585=DIRECTION('',(0.,0.,-1.));
#15586=DIRECTION('',(0.,0.766044443118978,0.64278760968654));
#15587=DIRECTION('',(0.,-0.64278760968654,0.766044443118978));
#15588=DIRECTION('',(0.,1.,0.));
#15589=DIRECTION('',(1.,0.,0.));
#15590=DIRECTION('',(0.,1.,0.));
#15591=DIRECTION('',(0.,0.,-1.));
#15592=DIRECTION('',(-1.,0.,0.));
#15593=DIRECTION('',(1.,0.,0.));
#15594=DIRECTION('',(0.,0.,-1.));
#15595=DIRECTION('',(1.,0.,0.));
#15596=DIRECTION('',(1.,0.,0.));
#15597=DIRECTION('',(0.,0.,-1.));
#15598=DIRECTION('',(1.,0.,0.));
#15599=DIRECTION('',(0.,0.,-1.));
#15600=DIRECTION('',(0.,-0.64278760968654,0.766044443118978));
#15601=DIRECTION('',(1.,0.,0.));
#15602=DIRECTION('',(0.,0.,-1.));
#15603=DIRECTION('',(-1.,0.,0.));
#15604=DIRECTION('',(0.,0.,1.));
#15605=DIRECTION('',(1.,0.,0.));
#15606=DIRECTION('',(0.,0.,-1.));
#15607=DIRECTION('',(0.,-0.64278760968654,0.766044443118978));
#15608=DIRECTION('',(-1.,0.,0.));
#15609=DIRECTION('',(0.,0.,1.));
#15610=DIRECTION('',(1.,0.,0.));
#15611=DIRECTION('',(1.,0.,0.));
#15612=DIRECTION('',(0.,0.,-1.));
#15613=DIRECTION('',(0.,0.766044443118978,0.64278760968654));
#15614=DIRECTION('',(0.,-0.64278760968654,0.766044443118978));
#15615=DIRECTION('',(0.,1.,0.));
#15616=DIRECTION('',(1.,0.,0.));
#15617=DIRECTION('',(0.,1.,0.));
#15618=DIRECTION('',(0.,0.,-1.));
#15619=DIRECTION('',(-1.,0.,0.));
#15620=DIRECTION('',(1.,0.,0.));
#15621=DIRECTION('',(0.,0.,-1.));
#15622=DIRECTION('',(1.,0.,0.));
#15623=DIRECTION('',(1.,0.,0.));
#15624=DIRECTION('',(0.,0.,-1.));
#15625=DIRECTION('',(1.,0.,0.));
#15626=DIRECTION('',(0.,0.,-1.));
#15627=DIRECTION('',(0.,-0.64278760968654,0.766044443118978));
#15628=DIRECTION('',(1.,0.,0.));
#15629=DIRECTION('',(0.,0.,-1.));
#15630=DIRECTION('',(-1.,0.,0.));
#15631=DIRECTION('',(0.,0.,1.));
#15632=DIRECTION('',(1.,0.,0.));
#15633=DIRECTION('',(0.,0.,-1.));
#15634=DIRECTION('',(0.,-0.64278760968654,0.766044443118978));
#15635=DIRECTION('',(-1.,0.,0.));
#15636=DIRECTION('',(0.,0.,1.));
#15637=DIRECTION('',(1.,0.,0.));
#15638=DIRECTION('',(1.,0.,0.));
#15639=DIRECTION('',(0.,0.,-1.));
#15640=DIRECTION('',(0.,0.766044443118978,0.64278760968654));
#15641=DIRECTION('',(0.,-0.64278760968654,0.766044443118978));
#15642=DIRECTION('',(0.,1.,0.));
#15643=DIRECTION('',(1.,0.,0.));
#15644=DIRECTION('',(0.,1.,0.));
#15645=DIRECTION('',(0.,0.,-1.));
#15646=DIRECTION('',(-1.,0.,0.));
#15647=DIRECTION('',(1.,0.,0.));
#15648=DIRECTION('',(0.,0.,-1.));
#15649=DIRECTION('',(1.,0.,0.));
#15650=DIRECTION('',(1.,0.,0.));
#15651=DIRECTION('',(0.,0.,-1.));
#15652=DIRECTION('',(1.,0.,0.));
#15653=DIRECTION('',(0.,0.,-1.));
#15654=DIRECTION('',(0.,-0.64278760968654,0.766044443118978));
#15655=DIRECTION('',(1.,0.,0.));
#15656=DIRECTION('',(0.,0.,-1.));
#15657=DIRECTION('',(-1.,0.,0.));
#15658=DIRECTION('',(0.,0.,1.));
#15659=DIRECTION('',(1.,0.,0.));
#15660=DIRECTION('',(0.,0.,-1.));
#15661=DIRECTION('',(0.,-0.64278760968654,0.766044443118978));
#15662=DIRECTION('',(-1.,0.,0.));
#15663=DIRECTION('',(0.,0.,1.));
#15664=DIRECTION('',(1.,0.,0.));
#15665=DIRECTION('',(1.,0.,0.));
#15666=DIRECTION('',(0.,0.,-1.));
#15667=DIRECTION('',(0.,0.766044443118978,0.64278760968654));
#15668=DIRECTION('',(0.,-0.64278760968654,0.766044443118978));
#15669=DIRECTION('',(0.,1.,0.));
#15670=DIRECTION('',(1.,0.,0.));
#15671=DIRECTION('',(0.,1.,0.));
#15672=DIRECTION('',(0.,0.,-1.));
#15673=DIRECTION('',(-1.,0.,0.));
#15674=DIRECTION('',(1.,0.,0.));
#15675=DIRECTION('',(0.,0.,-1.));
#15676=DIRECTION('',(1.,0.,0.));
#15677=DIRECTION('',(1.,0.,0.));
#15678=DIRECTION('',(0.,0.,-1.));
#15679=DIRECTION('',(1.,0.,0.));
#15680=DIRECTION('',(0.,0.,-1.));
#15681=DIRECTION('',(0.,-0.64278760968654,0.766044443118978));
#15682=DIRECTION('',(1.,0.,0.));
#15683=DIRECTION('',(0.,0.,-1.));
#15684=DIRECTION('',(-1.,0.,0.));
#15685=DIRECTION('',(0.,0.,1.));
#15686=DIRECTION('',(1.,0.,0.));
#15687=DIRECTION('',(0.,0.,-1.));
#15688=DIRECTION('',(0.,-0.64278760968654,0.766044443118978));
#15689=DIRECTION('',(-1.,0.,0.));
#15690=DIRECTION('',(0.,0.,1.));
#15691=DIRECTION('',(1.,0.,0.));
#15692=DIRECTION('',(1.,0.,0.));
#15693=DIRECTION('',(0.,0.,-1.));
#15694=DIRECTION('',(0.,0.766044443118978,0.64278760968654));
#15695=DIRECTION('',(0.,-0.64278760968654,0.766044443118978));
#15696=DIRECTION('',(0.,1.,0.));
#15697=DIRECTION('',(1.,0.,0.));
#15698=DIRECTION('',(0.,1.,0.));
#15699=DIRECTION('',(0.,0.,-1.));
#15700=DIRECTION('',(-1.,0.,0.));
#15701=DIRECTION('',(1.,0.,0.));
#15702=DIRECTION('',(0.,0.,-1.));
#15703=DIRECTION('',(1.,0.,0.));
#15704=DIRECTION('',(1.,0.,0.));
#15705=DIRECTION('',(0.,0.,-1.));
#15706=DIRECTION('',(1.,0.,0.));
#15707=DIRECTION('',(0.,0.,-1.));
#15708=DIRECTION('',(0.,-0.64278760968654,0.766044443118978));
#15709=DIRECTION('',(1.,0.,0.));
#15710=DIRECTION('',(0.,0.,-1.));
#15711=DIRECTION('',(-1.,0.,0.));
#15712=DIRECTION('',(0.,0.,1.));
#15713=DIRECTION('',(1.,0.,0.));
#15714=DIRECTION('',(0.,0.,-1.));
#15715=DIRECTION('',(0.,-0.64278760968654,0.766044443118978));
#15716=DIRECTION('',(-1.,0.,0.));
#15717=DIRECTION('',(0.,0.,1.));
#15718=DIRECTION('',(1.,0.,0.));
#15719=DIRECTION('',(1.,0.,0.));
#15720=DIRECTION('',(0.,0.,-1.));
#15721=DIRECTION('',(0.,0.766044443118978,0.64278760968654));
#15722=DIRECTION('',(0.,-0.64278760968654,0.766044443118978));
#15723=DIRECTION('',(0.,1.,0.));
#15724=DIRECTION('',(1.,0.,0.));
#15725=DIRECTION('',(0.,1.,0.));
#15726=DIRECTION('',(0.,0.,-1.));
#15727=DIRECTION('',(-1.,0.,0.));
#15728=DIRECTION('',(1.,0.,0.));
#15729=DIRECTION('',(0.,0.,-1.));
#15730=DIRECTION('',(1.,0.,0.));
#15731=DIRECTION('',(1.,0.,0.));
#15732=DIRECTION('',(0.,0.,-1.));
#15733=DIRECTION('',(1.,0.,0.));
#15734=DIRECTION('',(0.,0.,-1.));
#15735=DIRECTION('',(0.,-0.64278760968654,0.766044443118978));
#15736=DIRECTION('',(1.,0.,0.));
#15737=DIRECTION('',(0.,0.,-1.));
#15738=DIRECTION('',(-1.,0.,0.));
#15739=DIRECTION('',(0.,0.,1.));
#15740=DIRECTION('',(1.,0.,0.));
#15741=DIRECTION('',(0.,0.,-1.));
#15742=DIRECTION('',(0.,-0.64278760968654,0.766044443118978));
#15743=DIRECTION('',(-1.,0.,0.));
#15744=DIRECTION('',(0.,0.,1.));
#15745=DIRECTION('',(1.,0.,0.));
#15746=DIRECTION('',(1.,0.,0.));
#15747=DIRECTION('',(0.,0.,-1.));
#15748=DIRECTION('',(0.,0.766044443118978,0.64278760968654));
#15749=DIRECTION('',(0.,-0.64278760968654,0.766044443118978));
#15750=DIRECTION('',(0.,1.,0.));
#15751=DIRECTION('',(1.,0.,0.));
#15752=DIRECTION('',(0.,1.,0.));
#15753=DIRECTION('',(0.,0.,-1.));
#15754=DIRECTION('',(-1.,0.,0.));
#15755=DIRECTION('',(1.,0.,0.));
#15756=DIRECTION('',(0.,0.,-1.));
#15757=DIRECTION('',(1.,0.,0.));
#15758=DIRECTION('',(1.,0.,0.));
#15759=DIRECTION('',(0.,0.,-1.));
#15760=DIRECTION('',(1.,0.,0.));
#15761=DIRECTION('',(0.,0.,-1.));
#15762=DIRECTION('',(0.,-0.64278760968654,0.766044443118978));
#15763=DIRECTION('',(1.,0.,0.));
#15764=DIRECTION('',(0.,0.,-1.));
#15765=DIRECTION('',(-1.,0.,0.));
#15766=DIRECTION('',(0.,0.,1.));
#15767=DIRECTION('',(1.,0.,0.));
#15768=DIRECTION('',(0.,0.,-1.));
#15769=DIRECTION('',(0.,-0.64278760968654,0.766044443118978));
#15770=DIRECTION('',(-1.,0.,0.));
#15771=DIRECTION('',(0.,0.,1.));
#15772=DIRECTION('',(1.,0.,0.));
#15773=DIRECTION('',(1.,0.,0.));
#15774=DIRECTION('',(0.,0.,-1.));
#15775=DIRECTION('',(0.,0.766044443118978,0.64278760968654));
#15776=DIRECTION('',(0.,-0.64278760968654,0.766044443118978));
#15777=DIRECTION('',(0.,1.,0.));
#15778=DIRECTION('',(1.,0.,0.));
#15779=DIRECTION('',(0.,1.,0.));
#15780=DIRECTION('',(0.,0.,-1.));
#15781=DIRECTION('',(-1.,0.,0.));
#15782=DIRECTION('',(1.,0.,0.));
#15783=DIRECTION('',(0.,0.,-1.));
#15784=DIRECTION('',(1.,0.,0.));
#15785=DIRECTION('',(1.,0.,0.));
#15786=DIRECTION('',(0.,0.,-1.));
#15787=DIRECTION('',(1.,0.,0.));
#15788=DIRECTION('',(0.,0.,-1.));
#15789=DIRECTION('',(0.,-0.64278760968654,0.766044443118978));
#15790=DIRECTION('',(1.,0.,0.));
#15791=DIRECTION('',(0.,0.,-1.));
#15792=DIRECTION('',(-1.,0.,0.));
#15793=DIRECTION('',(0.,0.,1.));
#15794=DIRECTION('',(1.,0.,0.));
#15795=DIRECTION('',(0.,0.,-1.));
#15796=DIRECTION('',(0.,-0.64278760968654,0.766044443118978));
#15797=DIRECTION('',(-1.,0.,0.));
#15798=DIRECTION('',(0.,0.,1.));
#15799=DIRECTION('',(1.,0.,0.));
#15800=DIRECTION('',(1.,0.,0.));
#15801=DIRECTION('',(0.,0.,-1.));
#15802=DIRECTION('',(0.,0.766044443118978,0.64278760968654));
#15803=DIRECTION('',(0.,-0.64278760968654,0.766044443118978));
#15804=DIRECTION('',(0.,1.,0.));
#15805=DIRECTION('',(1.,0.,0.));
#15806=DIRECTION('',(0.,1.,0.));
#15807=DIRECTION('',(0.,0.,-1.));
#15808=DIRECTION('',(-1.,0.,0.));
#15809=DIRECTION('',(1.,0.,0.));
#15810=DIRECTION('',(0.,0.,-1.));
#15811=DIRECTION('',(1.,0.,0.));
#15812=DIRECTION('',(1.,0.,0.));
#15813=DIRECTION('',(0.,0.,-1.));
#15814=DIRECTION('',(1.,0.,0.));
#15815=DIRECTION('',(0.,0.,-1.));
#15816=DIRECTION('',(0.,-0.64278760968654,0.766044443118978));
#15817=DIRECTION('',(1.,0.,0.));
#15818=DIRECTION('',(0.,0.,-1.));
#15819=DIRECTION('',(-1.,0.,0.));
#15820=DIRECTION('',(0.,0.,1.));
#15821=DIRECTION('',(1.,0.,0.));
#15822=DIRECTION('',(0.,0.,-1.));
#15823=DIRECTION('',(0.,-0.64278760968654,0.766044443118978));
#15824=DIRECTION('',(-1.,0.,0.));
#15825=DIRECTION('',(0.,0.,1.));
#15826=DIRECTION('',(1.,0.,0.));
#15827=DIRECTION('',(1.,0.,0.));
#15828=DIRECTION('',(0.,0.,-1.));
#15829=DIRECTION('',(0.,0.766044443118978,0.64278760968654));
#15830=DIRECTION('',(0.,-0.64278760968654,0.766044443118978));
#15831=DIRECTION('',(0.,1.,0.));
#15832=DIRECTION('',(1.,0.,0.));
#15833=DIRECTION('',(0.,1.,0.));
#15834=DIRECTION('',(0.,0.,-1.));
#15835=DIRECTION('',(-1.,0.,0.));
#15836=DIRECTION('',(1.,0.,0.));
#15837=DIRECTION('',(0.,0.,-1.));
#15838=DIRECTION('',(1.,0.,0.));
#15839=DIRECTION('',(1.,0.,0.));
#15840=DIRECTION('',(0.,0.,-1.));
#15841=DIRECTION('',(1.,0.,0.));
#15842=DIRECTION('',(0.,0.,-1.));
#15843=DIRECTION('',(0.,-0.64278760968654,0.766044443118978));
#15844=DIRECTION('',(1.,0.,0.));
#15845=DIRECTION('',(0.,0.,-1.));
#15846=DIRECTION('',(-1.,0.,0.));
#15847=DIRECTION('',(0.,0.,1.));
#15848=DIRECTION('',(1.,0.,0.));
#15849=DIRECTION('',(0.,0.,-1.));
#15850=DIRECTION('',(0.,-0.64278760968654,0.766044443118978));
#15851=DIRECTION('',(-1.,0.,0.));
#15852=DIRECTION('',(0.,0.,1.));
#15853=DIRECTION('',(1.,0.,0.));
#15854=DIRECTION('',(1.,0.,0.));
#15855=DIRECTION('',(0.,0.,-1.));
#15856=DIRECTION('',(0.,0.766044443118978,0.64278760968654));
#15857=DIRECTION('',(0.,-0.64278760968654,0.766044443118978));
#15858=DIRECTION('',(0.,1.,0.));
#15859=DIRECTION('',(1.,0.,0.));
#15860=DIRECTION('',(0.,1.,0.));
#15861=DIRECTION('',(0.,0.,-1.));
#15862=DIRECTION('',(-1.,0.,0.));
#15863=DIRECTION('',(1.,0.,0.));
#15864=DIRECTION('',(0.,0.,-1.));
#15865=DIRECTION('',(1.,0.,0.));
#15866=DIRECTION('',(1.,0.,0.));
#15867=DIRECTION('',(0.,0.,-1.));
#15868=DIRECTION('',(1.,0.,0.));
#15869=DIRECTION('',(0.,0.,-1.));
#15870=DIRECTION('',(0.,-0.64278760968654,0.766044443118978));
#15871=DIRECTION('',(1.,0.,0.));
#15872=DIRECTION('',(0.,0.,-1.));
#15873=DIRECTION('',(-1.,0.,0.));
#15874=DIRECTION('',(0.,0.,1.));
#15875=DIRECTION('',(1.,0.,0.));
#15876=DIRECTION('',(0.,0.,-1.));
#15877=DIRECTION('',(0.,-0.64278760968654,0.766044443118978));
#15878=DIRECTION('',(-1.,0.,0.));
#15879=DIRECTION('',(0.,0.,1.));
#15880=DIRECTION('',(1.,0.,0.));
#15881=DIRECTION('',(1.,0.,0.));
#15882=DIRECTION('',(0.,0.,-1.));
#15883=DIRECTION('',(0.,0.766044443118978,0.64278760968654));
#15884=DIRECTION('',(0.,-0.64278760968654,0.766044443118978));
#15885=DIRECTION('',(0.,1.,0.));
#15886=DIRECTION('',(1.,0.,0.));
#15887=DIRECTION('',(0.,1.,0.));
#15888=DIRECTION('',(0.,0.,-1.));
#15889=DIRECTION('',(-1.,0.,0.));
#15890=DIRECTION('',(1.,0.,0.));
#15891=DIRECTION('',(0.,0.,-1.));
#15892=DIRECTION('',(1.,0.,0.));
#15893=DIRECTION('',(1.,0.,0.));
#15894=DIRECTION('',(0.,0.,-1.));
#15895=DIRECTION('',(1.,0.,0.));
#15896=DIRECTION('',(0.,0.,-1.));
#15897=DIRECTION('',(0.,-0.64278760968654,0.766044443118978));
#15898=DIRECTION('',(1.,0.,0.));
#15899=DIRECTION('',(0.,0.,-1.));
#15900=DIRECTION('',(-1.,0.,0.));
#15901=DIRECTION('',(0.,0.,1.));
#15902=DIRECTION('',(1.,0.,0.));
#15903=DIRECTION('',(0.,0.,-1.));
#15904=DIRECTION('',(0.,-0.64278760968654,0.766044443118978));
#15905=DIRECTION('',(-1.,0.,0.));
#15906=DIRECTION('',(0.,0.,1.));
#15907=DIRECTION('',(1.,0.,0.));
#15908=DIRECTION('',(1.,0.,0.));
#15909=DIRECTION('',(0.,0.,-1.));
#15910=DIRECTION('',(0.,0.766044443118978,0.64278760968654));
#15911=DIRECTION('',(0.,-0.64278760968654,0.766044443118978));
#15912=DIRECTION('',(0.,1.,0.));
#15913=DIRECTION('',(1.,0.,0.));
#15914=DIRECTION('',(0.,1.,0.));
#15915=DIRECTION('',(0.,0.,-1.));
#15916=DIRECTION('',(-1.,0.,0.));
#15917=DIRECTION('',(1.,0.,0.));
#15918=DIRECTION('',(0.,0.,-1.));
#15919=DIRECTION('',(1.,0.,0.));
#15920=DIRECTION('',(1.,0.,0.));
#15921=DIRECTION('',(0.,0.,-1.));
#15922=DIRECTION('',(1.,0.,0.));
#15923=DIRECTION('',(0.,0.,-1.));
#15924=DIRECTION('',(0.,-0.64278760968654,0.766044443118978));
#15925=DIRECTION('',(1.,0.,0.));
#15926=DIRECTION('',(0.,0.,-1.));
#15927=DIRECTION('',(-1.,0.,0.));
#15928=DIRECTION('',(0.,0.,1.));
#15929=DIRECTION('',(1.,0.,0.));
#15930=DIRECTION('',(0.,0.,-1.));
#15931=DIRECTION('',(0.,-0.64278760968654,0.766044443118978));
#15932=DIRECTION('',(-1.,0.,0.));
#15933=DIRECTION('',(0.,0.,1.));
#15934=DIRECTION('',(1.,0.,0.));
#15935=DIRECTION('',(1.,0.,0.));
#15936=DIRECTION('',(0.,0.,-1.));
#15937=DIRECTION('',(0.,0.766044443118978,0.64278760968654));
#15938=DIRECTION('',(0.,-0.64278760968654,0.766044443118978));
#15939=DIRECTION('',(0.,1.,0.));
#15940=DIRECTION('',(1.,0.,0.));
#15941=DIRECTION('',(0.,1.,0.));
#15942=DIRECTION('',(0.,0.,-1.));
#15943=DIRECTION('',(-1.,0.,0.));
#15944=DIRECTION('',(1.,0.,0.));
#15945=DIRECTION('',(0.,0.,-1.));
#15946=DIRECTION('',(1.,0.,0.));
#15947=DIRECTION('',(1.,0.,0.));
#15948=DIRECTION('',(0.,0.,-1.));
#15949=DIRECTION('',(1.,0.,0.));
#15950=DIRECTION('',(0.,0.,-1.));
#15951=DIRECTION('',(1.,0.,0.));
#15952=DIRECTION('',(0.,0.,-1.));
#15953=DIRECTION('',(0.,-0.64278760968654,-0.766044443118978));
#15954=DIRECTION('',(1.,0.,0.));
#15955=DIRECTION('',(0.,0.,-1.));
#15956=DIRECTION('',(0.,-0.64278760968654,-0.766044443118978));
#15957=DIRECTION('',(1.,0.,0.));
#15958=DIRECTION('',(0.,0.,-1.));
#15959=DIRECTION('',(1.,0.,0.));
#15960=DIRECTION('',(0.,0.,-1.));
#15961=DIRECTION('',(1.,0.,0.));
#15962=DIRECTION('',(1.,0.,0.));
#15963=DIRECTION('',(0.,0.,-1.));
#15964=DIRECTION('',(0.,-0.766044443118978,0.64278760968654));
#15965=DIRECTION('',(0.,-0.64278760968654,-0.766044443118978));
#15966=DIRECTION('',(0.,1.,0.));
#15967=DIRECTION('',(1.,0.,0.));
#15968=DIRECTION('',(0.,1.,0.));
#15969=DIRECTION('',(0.,0.,-1.));
#15970=DIRECTION('',(-1.,0.,0.));
#15971=DIRECTION('',(1.,0.,0.));
#15972=DIRECTION('',(0.,0.,-1.));
#15973=DIRECTION('',(1.,0.,0.));
#15974=DIRECTION('',(1.,0.,0.));
#15975=DIRECTION('',(0.,0.,-1.));
#15976=DIRECTION('',(1.,0.,0.));
#15977=DIRECTION('',(0.,0.,-1.));
#15978=DIRECTION('',(1.,0.,0.));
#15979=DIRECTION('',(0.,0.,-1.));
#15980=DIRECTION('',(0.,-0.64278760968654,-0.766044443118978));
#15981=DIRECTION('',(1.,0.,0.));
#15982=DIRECTION('',(0.,0.,-1.));
#15983=DIRECTION('',(0.,-0.64278760968654,-0.766044443118978));
#15984=DIRECTION('',(1.,0.,0.));
#15985=DIRECTION('',(0.,0.,-1.));
#15986=DIRECTION('',(1.,0.,0.));
#15987=DIRECTION('',(0.,0.,-1.));
#15988=DIRECTION('',(1.,0.,0.));
#15989=DIRECTION('',(1.,0.,0.));
#15990=DIRECTION('',(0.,0.,-1.));
#15991=DIRECTION('',(0.,-0.766044443118978,0.64278760968654));
#15992=DIRECTION('',(0.,-0.64278760968654,-0.766044443118978));
#15993=DIRECTION('',(0.,1.,0.));
#15994=DIRECTION('',(1.,0.,0.));
#15995=DIRECTION('',(0.,1.,0.));
#15996=DIRECTION('',(0.,0.,-1.));
#15997=DIRECTION('',(-1.,0.,0.));
#15998=DIRECTION('',(1.,0.,0.));
#15999=DIRECTION('',(0.,0.,-1.));
#16000=DIRECTION('',(1.,0.,0.));
#16001=DIRECTION('',(1.,0.,0.));
#16002=DIRECTION('',(0.,0.,-1.));
#16003=DIRECTION('',(1.,0.,0.));
#16004=DIRECTION('',(0.,0.,-1.));
#16005=DIRECTION('',(1.,0.,0.));
#16006=DIRECTION('',(0.,0.,-1.));
#16007=DIRECTION('',(0.,-0.64278760968654,-0.766044443118978));
#16008=DIRECTION('',(1.,0.,0.));
#16009=DIRECTION('',(0.,0.,-1.));
#16010=DIRECTION('',(0.,-0.64278760968654,-0.766044443118978));
#16011=DIRECTION('',(1.,0.,0.));
#16012=DIRECTION('',(0.,0.,-1.));
#16013=DIRECTION('',(1.,0.,0.));
#16014=DIRECTION('',(0.,0.,-1.));
#16015=DIRECTION('',(1.,0.,0.));
#16016=DIRECTION('',(1.,0.,0.));
#16017=DIRECTION('',(0.,0.,-1.));
#16018=DIRECTION('',(0.,-0.766044443118978,0.64278760968654));
#16019=DIRECTION('',(0.,-0.64278760968654,-0.766044443118978));
#16020=DIRECTION('',(0.,1.,0.));
#16021=DIRECTION('',(1.,0.,0.));
#16022=DIRECTION('',(0.,1.,0.));
#16023=DIRECTION('',(0.,0.,-1.));
#16024=DIRECTION('',(-1.,0.,0.));
#16025=DIRECTION('',(1.,0.,0.));
#16026=DIRECTION('',(0.,0.,-1.));
#16027=DIRECTION('',(1.,0.,0.));
#16028=DIRECTION('',(1.,0.,0.));
#16029=DIRECTION('',(0.,0.,-1.));
#16030=DIRECTION('',(1.,0.,0.));
#16031=DIRECTION('',(0.,0.,-1.));
#16032=DIRECTION('',(1.,0.,0.));
#16033=DIRECTION('',(0.,0.,-1.));
#16034=DIRECTION('',(0.,-0.64278760968654,-0.766044443118978));
#16035=DIRECTION('',(1.,0.,0.));
#16036=DIRECTION('',(0.,0.,-1.));
#16037=DIRECTION('',(0.,-0.64278760968654,-0.766044443118978));
#16038=DIRECTION('',(1.,0.,0.));
#16039=DIRECTION('',(0.,0.,-1.));
#16040=DIRECTION('',(1.,0.,0.));
#16041=DIRECTION('',(0.,0.,-1.));
#16042=DIRECTION('',(1.,0.,0.));
#16043=DIRECTION('',(1.,0.,0.));
#16044=DIRECTION('',(0.,0.,-1.));
#16045=DIRECTION('',(0.,-0.766044443118978,0.64278760968654));
#16046=DIRECTION('',(0.,-0.64278760968654,-0.766044443118978));
#16047=DIRECTION('',(0.,1.,0.));
#16048=DIRECTION('',(1.,0.,0.));
#16049=DIRECTION('',(0.,1.,0.));
#16050=DIRECTION('',(0.,0.,-1.));
#16051=DIRECTION('',(-1.,0.,0.));
#16052=DIRECTION('',(1.,0.,0.));
#16053=DIRECTION('',(0.,0.,-1.));
#16054=DIRECTION('',(1.,0.,0.));
#16055=DIRECTION('',(1.,0.,0.));
#16056=DIRECTION('',(0.,0.,-1.));
#16057=DIRECTION('',(1.,0.,0.));
#16058=DIRECTION('',(0.,0.,-1.));
#16059=DIRECTION('',(1.,0.,0.));
#16060=DIRECTION('',(0.,0.,-1.));
#16061=DIRECTION('',(0.,-0.64278760968654,-0.766044443118978));
#16062=DIRECTION('',(1.,0.,0.));
#16063=DIRECTION('',(0.,0.,-1.));
#16064=DIRECTION('',(0.,-0.64278760968654,-0.766044443118978));
#16065=DIRECTION('',(1.,0.,0.));
#16066=DIRECTION('',(0.,0.,-1.));
#16067=DIRECTION('',(1.,0.,0.));
#16068=DIRECTION('',(0.,0.,-1.));
#16069=DIRECTION('',(1.,0.,0.));
#16070=DIRECTION('',(1.,0.,0.));
#16071=DIRECTION('',(0.,0.,-1.));
#16072=DIRECTION('',(0.,-0.766044443118978,0.64278760968654));
#16073=DIRECTION('',(0.,-0.64278760968654,-0.766044443118978));
#16074=DIRECTION('',(0.,1.,0.));
#16075=DIRECTION('',(1.,0.,0.));
#16076=DIRECTION('',(0.,1.,0.));
#16077=DIRECTION('',(0.,0.,-1.));
#16078=DIRECTION('',(-1.,0.,0.));
#16079=DIRECTION('',(1.,0.,0.));
#16080=DIRECTION('',(0.,0.,-1.));
#16081=DIRECTION('',(1.,0.,0.));
#16082=DIRECTION('',(1.,0.,0.));
#16083=DIRECTION('',(0.,0.,-1.));
#16084=DIRECTION('',(1.,0.,0.));
#16085=DIRECTION('',(0.,0.,-1.));
#16086=DIRECTION('',(1.,0.,0.));
#16087=DIRECTION('',(0.,0.,-1.));
#16088=DIRECTION('',(0.,-0.64278760968654,-0.766044443118978));
#16089=DIRECTION('',(1.,0.,0.));
#16090=DIRECTION('',(0.,0.,-1.));
#16091=DIRECTION('',(0.,-0.64278760968654,-0.766044443118978));
#16092=DIRECTION('',(1.,0.,0.));
#16093=DIRECTION('',(0.,0.,-1.));
#16094=DIRECTION('',(1.,0.,0.));
#16095=DIRECTION('',(0.,0.,-1.));
#16096=DIRECTION('',(1.,0.,0.));
#16097=DIRECTION('',(1.,0.,0.));
#16098=DIRECTION('',(0.,0.,-1.));
#16099=DIRECTION('',(0.,-0.766044443118978,0.64278760968654));
#16100=DIRECTION('',(0.,-0.64278760968654,-0.766044443118978));
#16101=DIRECTION('',(0.,1.,0.));
#16102=DIRECTION('',(1.,0.,0.));
#16103=DIRECTION('',(0.,1.,0.));
#16104=DIRECTION('',(0.,0.,-1.));
#16105=DIRECTION('',(-1.,0.,0.));
#16106=DIRECTION('',(1.,0.,0.));
#16107=DIRECTION('',(0.,0.,-1.));
#16108=DIRECTION('',(1.,0.,0.));
#16109=DIRECTION('',(1.,0.,0.));
#16110=DIRECTION('',(0.,0.,-1.));
#16111=DIRECTION('',(1.,0.,0.));
#16112=DIRECTION('',(0.,0.,-1.));
#16113=DIRECTION('',(1.,0.,0.));
#16114=DIRECTION('',(0.,0.,-1.));
#16115=DIRECTION('',(0.,-0.64278760968654,-0.766044443118978));
#16116=DIRECTION('',(1.,0.,0.));
#16117=DIRECTION('',(0.,0.,-1.));
#16118=DIRECTION('',(0.,-0.64278760968654,-0.766044443118978));
#16119=DIRECTION('',(1.,0.,0.));
#16120=DIRECTION('',(0.,0.,-1.));
#16121=DIRECTION('',(1.,0.,0.));
#16122=DIRECTION('',(0.,0.,-1.));
#16123=DIRECTION('',(1.,0.,0.));
#16124=DIRECTION('',(1.,0.,0.));
#16125=DIRECTION('',(0.,0.,-1.));
#16126=DIRECTION('',(0.,-0.766044443118978,0.64278760968654));
#16127=DIRECTION('',(0.,-0.64278760968654,-0.766044443118978));
#16128=DIRECTION('',(0.,1.,0.));
#16129=DIRECTION('',(1.,0.,0.));
#16130=DIRECTION('',(0.,1.,0.));
#16131=DIRECTION('',(0.,0.,-1.));
#16132=DIRECTION('',(-1.,0.,0.));
#16133=DIRECTION('',(1.,0.,0.));
#16134=DIRECTION('',(0.,0.,-1.));
#16135=DIRECTION('',(1.,0.,0.));
#16136=DIRECTION('',(1.,0.,0.));
#16137=DIRECTION('',(0.,0.,-1.));
#16138=DIRECTION('',(1.,0.,0.));
#16139=DIRECTION('',(0.,0.,-1.));
#16140=DIRECTION('',(1.,0.,0.));
#16141=DIRECTION('',(0.,0.,-1.));
#16142=DIRECTION('',(0.,-0.64278760968654,-0.766044443118978));
#16143=DIRECTION('',(1.,0.,0.));
#16144=DIRECTION('',(0.,0.,-1.));
#16145=DIRECTION('',(0.,-0.64278760968654,-0.766044443118978));
#16146=DIRECTION('',(1.,0.,0.));
#16147=DIRECTION('',(0.,0.,-1.));
#16148=DIRECTION('',(1.,0.,0.));
#16149=DIRECTION('',(0.,0.,-1.));
#16150=DIRECTION('',(1.,0.,0.));
#16151=DIRECTION('',(1.,0.,0.));
#16152=DIRECTION('',(0.,0.,-1.));
#16153=DIRECTION('',(0.,-0.766044443118978,0.64278760968654));
#16154=DIRECTION('',(0.,-0.64278760968654,-0.766044443118978));
#16155=DIRECTION('',(0.,1.,0.));
#16156=DIRECTION('',(1.,0.,0.));
#16157=DIRECTION('',(0.,1.,0.));
#16158=DIRECTION('',(0.,0.,-1.));
#16159=DIRECTION('',(-1.,0.,0.));
#16160=DIRECTION('',(1.,0.,0.));
#16161=DIRECTION('',(0.,0.,-1.));
#16162=DIRECTION('',(1.,0.,0.));
#16163=DIRECTION('',(1.,0.,0.));
#16164=DIRECTION('',(0.,0.,-1.));
#16165=DIRECTION('',(1.,0.,0.));
#16166=DIRECTION('',(0.,0.,-1.));
#16167=DIRECTION('',(1.,0.,0.));
#16168=DIRECTION('',(0.,0.,-1.));
#16169=DIRECTION('',(0.,-0.64278760968654,-0.766044443118978));
#16170=DIRECTION('',(1.,0.,0.));
#16171=DIRECTION('',(0.,0.,-1.));
#16172=DIRECTION('',(0.,-0.64278760968654,-0.766044443118978));
#16173=DIRECTION('',(1.,0.,0.));
#16174=DIRECTION('',(0.,0.,-1.));
#16175=DIRECTION('',(1.,0.,0.));
#16176=DIRECTION('',(0.,0.,-1.));
#16177=DIRECTION('',(1.,0.,0.));
#16178=DIRECTION('',(1.,0.,0.));
#16179=DIRECTION('',(0.,0.,-1.));
#16180=DIRECTION('',(0.,-0.766044443118978,0.64278760968654));
#16181=DIRECTION('',(0.,-0.64278760968654,-0.766044443118978));
#16182=DIRECTION('',(0.,1.,0.));
#16183=DIRECTION('',(1.,0.,0.));
#16184=DIRECTION('',(0.,1.,0.));
#16185=DIRECTION('',(0.,0.,-1.));
#16186=DIRECTION('',(-1.,0.,0.));
#16187=DIRECTION('',(1.,0.,0.));
#16188=DIRECTION('',(0.,0.,-1.));
#16189=DIRECTION('',(1.,0.,0.));
#16190=DIRECTION('',(1.,0.,0.));
#16191=DIRECTION('',(0.,0.,-1.));
#16192=DIRECTION('',(1.,0.,0.));
#16193=DIRECTION('',(0.,0.,-1.));
#16194=DIRECTION('',(1.,0.,0.));
#16195=DIRECTION('',(0.,0.,-1.));
#16196=DIRECTION('',(0.,-0.64278760968654,-0.766044443118978));
#16197=DIRECTION('',(1.,0.,0.));
#16198=DIRECTION('',(0.,0.,-1.));
#16199=DIRECTION('',(0.,-0.64278760968654,-0.766044443118978));
#16200=DIRECTION('',(1.,0.,0.));
#16201=DIRECTION('',(0.,0.,-1.));
#16202=DIRECTION('',(1.,0.,0.));
#16203=DIRECTION('',(0.,0.,-1.));
#16204=DIRECTION('',(1.,0.,0.));
#16205=DIRECTION('',(1.,0.,0.));
#16206=DIRECTION('',(0.,0.,-1.));
#16207=DIRECTION('',(0.,-0.766044443118978,0.64278760968654));
#16208=DIRECTION('',(0.,-0.64278760968654,-0.766044443118978));
#16209=DIRECTION('',(0.,1.,0.));
#16210=DIRECTION('',(1.,0.,0.));
#16211=DIRECTION('',(0.,1.,0.));
#16212=DIRECTION('',(0.,0.,-1.));
#16213=DIRECTION('',(-1.,0.,0.));
#16214=DIRECTION('',(1.,0.,0.));
#16215=DIRECTION('',(0.,0.,-1.));
#16216=DIRECTION('',(1.,0.,0.));
#16217=DIRECTION('',(1.,0.,0.));
#16218=DIRECTION('',(0.,0.,-1.));
#16219=DIRECTION('',(1.,0.,0.));
#16220=DIRECTION('',(0.,0.,-1.));
#16221=DIRECTION('',(1.,0.,0.));
#16222=DIRECTION('',(0.,0.,-1.));
#16223=DIRECTION('',(0.,-0.64278760968654,-0.766044443118978));
#16224=DIRECTION('',(1.,0.,0.));
#16225=DIRECTION('',(0.,0.,-1.));
#16226=DIRECTION('',(0.,-0.64278760968654,-0.766044443118978));
#16227=DIRECTION('',(1.,0.,0.));
#16228=DIRECTION('',(0.,0.,-1.));
#16229=DIRECTION('',(1.,0.,0.));
#16230=DIRECTION('',(0.,0.,-1.));
#16231=DIRECTION('',(1.,0.,0.));
#16232=DIRECTION('',(1.,0.,0.));
#16233=DIRECTION('',(0.,0.,-1.));
#16234=DIRECTION('',(0.,-0.766044443118978,0.64278760968654));
#16235=DIRECTION('',(0.,-0.64278760968654,-0.766044443118978));
#16236=DIRECTION('',(0.,1.,0.));
#16237=DIRECTION('',(1.,0.,0.));
#16238=DIRECTION('',(0.,1.,0.));
#16239=DIRECTION('',(0.,0.,-1.));
#16240=DIRECTION('',(-1.,0.,0.));
#16241=DIRECTION('',(1.,0.,0.));
#16242=DIRECTION('',(0.,0.,-1.));
#16243=DIRECTION('',(1.,0.,0.));
#16244=DIRECTION('',(1.,0.,0.));
#16245=DIRECTION('',(0.,0.,-1.));
#16246=DIRECTION('',(1.,0.,0.));
#16247=DIRECTION('',(0.,0.,-1.));
#16248=DIRECTION('',(1.,0.,0.));
#16249=DIRECTION('',(0.,0.,-1.));
#16250=DIRECTION('',(0.,-0.64278760968654,-0.766044443118978));
#16251=DIRECTION('',(1.,0.,0.));
#16252=DIRECTION('',(0.,0.,-1.));
#16253=DIRECTION('',(0.,-0.64278760968654,-0.766044443118978));
#16254=DIRECTION('',(1.,0.,0.));
#16255=DIRECTION('',(0.,0.,-1.));
#16256=DIRECTION('',(1.,0.,0.));
#16257=DIRECTION('',(0.,0.,-1.));
#16258=DIRECTION('',(1.,0.,0.));
#16259=DIRECTION('',(1.,0.,0.));
#16260=DIRECTION('',(0.,0.,-1.));
#16261=DIRECTION('',(0.,-0.766044443118978,0.64278760968654));
#16262=DIRECTION('',(0.,-0.64278760968654,-0.766044443118978));
#16263=DIRECTION('',(0.,1.,0.));
#16264=DIRECTION('',(1.,0.,0.));
#16265=DIRECTION('',(0.,1.,0.));
#16266=DIRECTION('',(0.,0.,-1.));
#16267=DIRECTION('',(-1.,0.,0.));
#16268=DIRECTION('',(1.,0.,0.));
#16269=DIRECTION('',(0.,0.,-1.));
#16270=DIRECTION('',(1.,0.,0.));
#16271=DIRECTION('',(1.,0.,0.));
#16272=DIRECTION('',(0.,0.,-1.));
#16273=DIRECTION('',(1.,0.,0.));
#16274=DIRECTION('',(0.,0.,-1.));
#16275=DIRECTION('',(1.,0.,0.));
#16276=DIRECTION('',(0.,0.,-1.));
#16277=DIRECTION('',(0.,-0.64278760968654,-0.766044443118978));
#16278=DIRECTION('',(1.,0.,0.));
#16279=DIRECTION('',(0.,0.,-1.));
#16280=DIRECTION('',(0.,-0.64278760968654,-0.766044443118978));
#16281=DIRECTION('',(1.,0.,0.));
#16282=DIRECTION('',(0.,0.,-1.));
#16283=DIRECTION('',(1.,0.,0.));
#16284=DIRECTION('',(0.,0.,-1.));
#16285=DIRECTION('',(1.,0.,0.));
#16286=DIRECTION('',(1.,0.,0.));
#16287=DIRECTION('',(0.,0.,-1.));
#16288=DIRECTION('',(0.,-0.766044443118978,0.64278760968654));
#16289=DIRECTION('',(0.,-0.64278760968654,-0.766044443118978));
#16290=DIRECTION('',(0.,1.,0.));
#16291=DIRECTION('',(1.,0.,0.));
#16292=DIRECTION('',(0.,1.,0.));
#16293=DIRECTION('',(0.,0.,-1.));
#16294=DIRECTION('',(-1.,0.,0.));
#16295=DIRECTION('',(1.,0.,0.));
#16296=DIRECTION('',(0.,0.,-1.));
#16297=DIRECTION('',(1.,0.,0.));
#16298=DIRECTION('',(1.,0.,0.));
#16299=DIRECTION('',(0.,0.,-1.));
#16300=DIRECTION('',(1.,0.,0.));
#16301=DIRECTION('',(0.,0.,-1.));
#16302=DIRECTION('',(1.,0.,0.));
#16303=DIRECTION('',(0.,0.,-1.));
#16304=DIRECTION('',(0.,-0.64278760968654,-0.766044443118978));
#16305=DIRECTION('',(1.,0.,0.));
#16306=DIRECTION('',(0.,0.,-1.));
#16307=DIRECTION('',(0.,-0.64278760968654,-0.766044443118978));
#16308=DIRECTION('',(1.,0.,0.));
#16309=DIRECTION('',(0.,0.,-1.));
#16310=DIRECTION('',(1.,0.,0.));
#16311=DIRECTION('',(0.,0.,-1.));
#16312=DIRECTION('',(1.,0.,0.));
#16313=DIRECTION('',(1.,0.,0.));
#16314=DIRECTION('',(0.,0.,-1.));
#16315=DIRECTION('',(0.,-0.766044443118978,0.64278760968654));
#16316=DIRECTION('',(0.,-0.64278760968654,-0.766044443118978));
#16317=DIRECTION('',(0.,1.,1.56540406263267E-14));
#16318=DIRECTION('',(1.,0.,0.));
#16319=DIRECTION('',(0.,1.,1.56540406263267E-14));
#16320=DIRECTION('',(0.,1.56540406263267E-14,-1.));
#16321=DIRECTION('',(0.,1.,1.56540362269975E-14));
#16322=DIRECTION('',(-1.,0.,0.));
#16323=DIRECTION('',(0.,0.,-1.));
#16324=DIRECTION('',(-1.,0.,0.));
#16325=DIRECTION('',(0.,0.,-1.));
#16326=DIRECTION('',(1.,0.,0.));
#16327=DIRECTION('',(-1.,0.,0.));
#16328=DIRECTION('',(0.,0.,-1.));
#16329=DIRECTION('',(-1.,0.,0.));
#16330=DIRECTION('',(0.,0.,-1.));
#16331=DIRECTION('',(1.,0.,0.));
#16332=DIRECTION('',(0.,0.,-1.));
#16333=DIRECTION('',(1.,0.,0.));
#16334=DIRECTION('',(0.,0.,-1.));
#16335=DIRECTION('',(1.,0.,0.));
#16336=DIRECTION('',(1.,0.,0.));
#16337=DIRECTION('',(0.,0.,-1.));
#16338=DIRECTION('',(1.,0.,0.));
#16339=DIRECTION('',(0.,0.,-1.));
#16340=DIRECTION('',(1.,0.,0.));
#16341=DIRECTION('',(0.,0.,-1.));
#16342=DIRECTION('',(-1.,0.,0.));
#16343=DIRECTION('',(0.,0.,1.));
#16344=DIRECTION('',(-1.,0.,0.));
#16345=DIRECTION('',(0.,0.,1.));
#16346=DIRECTION('',(1.,0.,0.));
#16347=DIRECTION('',(0.,0.,-1.));
#16348=DIRECTION('',(-1.,0.,0.));
#16349=DIRECTION('',(0.,0.,1.));
#16350=DIRECTION('',(-1.,0.,0.));
#16351=DIRECTION('',(0.,0.,1.));
#16352=DIRECTION('',(1.,0.,0.));
#16353=DIRECTION('',(0.,0.,-1.));
#16354=DIRECTION('',(0.,1.,1.56540406263267E-14));
#16355=DIRECTION('',(1.,0.,0.));
#16356=DIRECTION('',(0.,1.,1.56540406263267E-14));
#16357=DIRECTION('',(0.,1.56540406263267E-14,-1.));
#16358=DIRECTION('',(0.,1.,1.56540362269975E-14));
#16359=DIRECTION('',(-1.,0.,0.));
#16360=DIRECTION('',(0.,0.,-1.));
#16361=DIRECTION('',(-1.,0.,0.));
#16362=DIRECTION('',(0.,0.,-1.));
#16363=DIRECTION('',(1.,0.,0.));
#16364=DIRECTION('',(-1.,0.,0.));
#16365=DIRECTION('',(0.,0.,-1.));
#16366=DIRECTION('',(-1.,0.,0.));
#16367=DIRECTION('',(0.,0.,-1.));
#16368=DIRECTION('',(1.,0.,0.));
#16369=DIRECTION('',(0.,0.,-1.));
#16370=DIRECTION('',(1.,0.,0.));
#16371=DIRECTION('',(0.,0.,-1.));
#16372=DIRECTION('',(1.,0.,0.));
#16373=DIRECTION('',(1.,0.,0.));
#16374=DIRECTION('',(0.,0.,-1.));
#16375=DIRECTION('',(1.,0.,0.));
#16376=DIRECTION('',(0.,0.,-1.));
#16377=DIRECTION('',(1.,0.,0.));
#16378=DIRECTION('',(0.,0.,-1.));
#16379=DIRECTION('',(-1.,0.,0.));
#16380=DIRECTION('',(0.,0.,1.));
#16381=DIRECTION('',(-1.,0.,0.));
#16382=DIRECTION('',(0.,0.,1.));
#16383=DIRECTION('',(1.,0.,0.));
#16384=DIRECTION('',(0.,0.,-1.));
#16385=DIRECTION('',(-1.,0.,0.));
#16386=DIRECTION('',(0.,0.,1.));
#16387=DIRECTION('',(-1.,0.,0.));
#16388=DIRECTION('',(0.,0.,1.));
#16389=DIRECTION('',(1.,0.,0.));
#16390=DIRECTION('',(0.,0.,-1.));
#16391=DIRECTION('',(0.,1.,1.56540406263267E-14));
#16392=DIRECTION('',(1.,0.,0.));
#16393=DIRECTION('',(0.,1.,1.56540406263267E-14));
#16394=DIRECTION('',(0.,1.56540406263267E-14,-1.));
#16395=DIRECTION('',(0.,1.,1.56540362269975E-14));
#16396=DIRECTION('',(-1.,0.,0.));
#16397=DIRECTION('',(0.,0.,-1.));
#16398=DIRECTION('',(-1.,0.,0.));
#16399=DIRECTION('',(0.,0.,-1.));
#16400=DIRECTION('',(1.,0.,0.));
#16401=DIRECTION('',(-1.,0.,0.));
#16402=DIRECTION('',(0.,0.,-1.));
#16403=DIRECTION('',(-1.,0.,0.));
#16404=DIRECTION('',(0.,0.,-1.));
#16405=DIRECTION('',(1.,0.,0.));
#16406=DIRECTION('',(0.,0.,-1.));
#16407=DIRECTION('',(1.,0.,0.));
#16408=DIRECTION('',(0.,0.,-1.));
#16409=DIRECTION('',(1.,0.,0.));
#16410=DIRECTION('',(1.,0.,0.));
#16411=DIRECTION('',(0.,0.,-1.));
#16412=DIRECTION('',(1.,0.,0.));
#16413=DIRECTION('',(0.,0.,-1.));
#16414=DIRECTION('',(1.,0.,0.));
#16415=DIRECTION('',(0.,0.,-1.));
#16416=DIRECTION('',(-1.,0.,0.));
#16417=DIRECTION('',(0.,0.,1.));
#16418=DIRECTION('',(-1.,0.,0.));
#16419=DIRECTION('',(0.,0.,1.));
#16420=DIRECTION('',(1.,0.,0.));
#16421=DIRECTION('',(0.,0.,-1.));
#16422=DIRECTION('',(-1.,0.,0.));
#16423=DIRECTION('',(0.,0.,1.));
#16424=DIRECTION('',(-1.,0.,0.));
#16425=DIRECTION('',(0.,0.,1.));
#16426=DIRECTION('',(1.,0.,0.));
#16427=DIRECTION('',(0.,0.,-1.));
#16428=DIRECTION('',(0.,1.,1.56540406263267E-14));
#16429=DIRECTION('',(1.,0.,0.));
#16430=DIRECTION('',(0.,1.,1.56540406263267E-14));
#16431=DIRECTION('',(0.,1.56540406263267E-14,-1.));
#16432=DIRECTION('',(0.,1.,1.56540362269975E-14));
#16433=DIRECTION('',(-1.,0.,0.));
#16434=DIRECTION('',(0.,0.,-1.));
#16435=DIRECTION('',(-1.,0.,0.));
#16436=DIRECTION('',(0.,0.,-1.));
#16437=DIRECTION('',(1.,0.,0.));
#16438=DIRECTION('',(-1.,0.,0.));
#16439=DIRECTION('',(0.,0.,-1.));
#16440=DIRECTION('',(-1.,0.,0.));
#16441=DIRECTION('',(0.,0.,-1.));
#16442=DIRECTION('',(1.,0.,0.));
#16443=DIRECTION('',(0.,0.,-1.));
#16444=DIRECTION('',(1.,0.,0.));
#16445=DIRECTION('',(0.,0.,-1.));
#16446=DIRECTION('',(1.,0.,0.));
#16447=DIRECTION('',(1.,0.,0.));
#16448=DIRECTION('',(0.,0.,-1.));
#16449=DIRECTION('',(1.,0.,0.));
#16450=DIRECTION('',(0.,0.,-1.));
#16451=DIRECTION('',(1.,0.,0.));
#16452=DIRECTION('',(0.,0.,-1.));
#16453=DIRECTION('',(-1.,0.,0.));
#16454=DIRECTION('',(0.,0.,1.));
#16455=DIRECTION('',(-1.,0.,0.));
#16456=DIRECTION('',(0.,0.,1.));
#16457=DIRECTION('',(1.,0.,0.));
#16458=DIRECTION('',(0.,0.,-1.));
#16459=DIRECTION('',(-1.,0.,0.));
#16460=DIRECTION('',(0.,0.,1.));
#16461=DIRECTION('',(-1.,0.,0.));
#16462=DIRECTION('',(0.,0.,1.));
#16463=DIRECTION('',(1.,0.,0.));
#16464=DIRECTION('',(0.,0.,-1.));
#16465=DIRECTION('',(0.,1.,1.56540406263267E-14));
#16466=DIRECTION('',(1.,0.,0.));
#16467=DIRECTION('',(0.,1.,1.56540406263267E-14));
#16468=DIRECTION('',(0.,1.56540406263267E-14,-1.));
#16469=DIRECTION('',(0.,1.,1.56540362269975E-14));
#16470=DIRECTION('',(-1.,0.,0.));
#16471=DIRECTION('',(0.,0.,-1.));
#16472=DIRECTION('',(-1.,0.,0.));
#16473=DIRECTION('',(0.,0.,-1.));
#16474=DIRECTION('',(1.,0.,0.));
#16475=DIRECTION('',(-1.,0.,0.));
#16476=DIRECTION('',(0.,0.,-1.));
#16477=DIRECTION('',(-1.,0.,0.));
#16478=DIRECTION('',(0.,0.,-1.));
#16479=DIRECTION('',(1.,0.,0.));
#16480=DIRECTION('',(0.,0.,-1.));
#16481=DIRECTION('',(1.,0.,0.));
#16482=DIRECTION('',(0.,0.,-1.));
#16483=DIRECTION('',(1.,0.,0.));
#16484=DIRECTION('',(1.,0.,0.));
#16485=DIRECTION('',(0.,0.,-1.));
#16486=DIRECTION('',(1.,0.,0.));
#16487=DIRECTION('',(0.,0.,-1.));
#16488=DIRECTION('',(1.,0.,0.));
#16489=DIRECTION('',(0.,0.,-1.));
#16490=DIRECTION('',(-1.,0.,0.));
#16491=DIRECTION('',(0.,0.,1.));
#16492=DIRECTION('',(-1.,0.,0.));
#16493=DIRECTION('',(0.,0.,1.));
#16494=DIRECTION('',(1.,0.,0.));
#16495=DIRECTION('',(0.,0.,-1.));
#16496=DIRECTION('',(-1.,0.,0.));
#16497=DIRECTION('',(0.,0.,1.));
#16498=DIRECTION('',(-1.,0.,0.));
#16499=DIRECTION('',(0.,0.,1.));
#16500=DIRECTION('',(1.,0.,0.));
#16501=DIRECTION('',(0.,0.,-1.));
#16502=DIRECTION('',(0.,1.,1.56540406263267E-14));
#16503=DIRECTION('',(1.,0.,0.));
#16504=DIRECTION('',(0.,1.,1.56540406263267E-14));
#16505=DIRECTION('',(0.,1.56540406263267E-14,-1.));
#16506=DIRECTION('',(0.,1.,1.56540362269975E-14));
#16507=DIRECTION('',(-1.,0.,0.));
#16508=DIRECTION('',(0.,0.,-1.));
#16509=DIRECTION('',(-1.,0.,0.));
#16510=DIRECTION('',(0.,0.,-1.));
#16511=DIRECTION('',(1.,0.,0.));
#16512=DIRECTION('',(-1.,0.,0.));
#16513=DIRECTION('',(0.,0.,-1.));
#16514=DIRECTION('',(-1.,0.,0.));
#16515=DIRECTION('',(0.,0.,-1.));
#16516=DIRECTION('',(1.,0.,0.));
#16517=DIRECTION('',(0.,0.,-1.));
#16518=DIRECTION('',(1.,0.,0.));
#16519=DIRECTION('',(0.,0.,-1.));
#16520=DIRECTION('',(1.,0.,0.));
#16521=DIRECTION('',(1.,0.,0.));
#16522=DIRECTION('',(0.,0.,-1.));
#16523=DIRECTION('',(1.,0.,0.));
#16524=DIRECTION('',(0.,0.,-1.));
#16525=DIRECTION('',(1.,0.,0.));
#16526=DIRECTION('',(0.,0.,-1.));
#16527=DIRECTION('',(-1.,0.,0.));
#16528=DIRECTION('',(0.,0.,1.));
#16529=DIRECTION('',(-1.,0.,0.));
#16530=DIRECTION('',(0.,0.,1.));
#16531=DIRECTION('',(1.,0.,0.));
#16532=DIRECTION('',(0.,0.,-1.));
#16533=DIRECTION('',(-1.,0.,0.));
#16534=DIRECTION('',(0.,0.,1.));
#16535=DIRECTION('',(-1.,0.,0.));
#16536=DIRECTION('',(0.,0.,1.));
#16537=DIRECTION('',(1.,0.,0.));
#16538=DIRECTION('',(0.,0.,-1.));
#16539=DIRECTION('',(0.,1.,1.56540406263267E-14));
#16540=DIRECTION('',(1.,0.,0.));
#16541=DIRECTION('',(0.,1.,1.56540406263267E-14));
#16542=DIRECTION('',(0.,1.56540406263267E-14,-1.));
#16543=DIRECTION('',(0.,1.,1.56540362269975E-14));
#16544=DIRECTION('',(-1.,0.,0.));
#16545=DIRECTION('',(0.,0.,-1.));
#16546=DIRECTION('',(-1.,0.,0.));
#16547=DIRECTION('',(0.,0.,-1.));
#16548=DIRECTION('',(1.,0.,0.));
#16549=DIRECTION('',(-1.,0.,0.));
#16550=DIRECTION('',(0.,0.,-1.));
#16551=DIRECTION('',(-1.,0.,0.));
#16552=DIRECTION('',(0.,0.,-1.));
#16553=DIRECTION('',(1.,0.,0.));
#16554=DIRECTION('',(0.,0.,-1.));
#16555=DIRECTION('',(1.,0.,0.));
#16556=DIRECTION('',(0.,0.,-1.));
#16557=DIRECTION('',(1.,0.,0.));
#16558=DIRECTION('',(1.,0.,0.));
#16559=DIRECTION('',(0.,0.,-1.));
#16560=DIRECTION('',(1.,0.,0.));
#16561=DIRECTION('',(0.,0.,-1.));
#16562=DIRECTION('',(1.,0.,0.));
#16563=DIRECTION('',(0.,0.,-1.));
#16564=DIRECTION('',(-1.,0.,0.));
#16565=DIRECTION('',(0.,0.,1.));
#16566=DIRECTION('',(-1.,0.,0.));
#16567=DIRECTION('',(0.,0.,1.));
#16568=DIRECTION('',(1.,0.,0.));
#16569=DIRECTION('',(0.,0.,-1.));
#16570=DIRECTION('',(-1.,0.,0.));
#16571=DIRECTION('',(0.,0.,1.));
#16572=DIRECTION('',(-1.,0.,0.));
#16573=DIRECTION('',(0.,0.,1.));
#16574=DIRECTION('',(1.,0.,0.));
#16575=DIRECTION('',(0.,0.,-1.));
#16576=DIRECTION('',(0.,1.,1.56540406263267E-14));
#16577=DIRECTION('',(1.,0.,0.));
#16578=DIRECTION('',(0.,1.,1.56540406263267E-14));
#16579=DIRECTION('',(0.,1.56540406263267E-14,-1.));
#16580=DIRECTION('',(0.,1.,1.56540362269975E-14));
#16581=DIRECTION('',(-1.,0.,0.));
#16582=DIRECTION('',(0.,0.,-1.));
#16583=DIRECTION('',(-1.,0.,0.));
#16584=DIRECTION('',(0.,0.,-1.));
#16585=DIRECTION('',(1.,0.,0.));
#16586=DIRECTION('',(-1.,0.,0.));
#16587=DIRECTION('',(0.,0.,-1.));
#16588=DIRECTION('',(-1.,0.,0.));
#16589=DIRECTION('',(0.,0.,-1.));
#16590=DIRECTION('',(1.,0.,0.));
#16591=DIRECTION('',(0.,0.,-1.));
#16592=DIRECTION('',(1.,0.,0.));
#16593=DIRECTION('',(0.,0.,-1.));
#16594=DIRECTION('',(1.,0.,0.));
#16595=DIRECTION('',(1.,0.,0.));
#16596=DIRECTION('',(0.,0.,-1.));
#16597=DIRECTION('',(1.,0.,0.));
#16598=DIRECTION('',(0.,0.,-1.));
#16599=DIRECTION('',(1.,0.,0.));
#16600=DIRECTION('',(0.,0.,-1.));
#16601=DIRECTION('',(-1.,0.,0.));
#16602=DIRECTION('',(0.,0.,1.));
#16603=DIRECTION('',(-1.,0.,0.));
#16604=DIRECTION('',(0.,0.,1.));
#16605=DIRECTION('',(1.,0.,0.));
#16606=DIRECTION('',(0.,0.,-1.));
#16607=DIRECTION('',(-1.,0.,0.));
#16608=DIRECTION('',(0.,0.,1.));
#16609=DIRECTION('',(-1.,0.,0.));
#16610=DIRECTION('',(0.,0.,1.));
#16611=DIRECTION('',(1.,0.,0.));
#16612=DIRECTION('',(0.,0.,-1.));
#16613=DIRECTION('',(0.,1.,1.56540406263267E-14));
#16614=DIRECTION('',(1.,0.,0.));
#16615=DIRECTION('',(0.,1.,1.56540406263267E-14));
#16616=DIRECTION('',(0.,1.56540406263267E-14,-1.));
#16617=DIRECTION('',(0.,1.,1.56540362269975E-14));
#16618=DIRECTION('',(-1.,0.,0.));
#16619=DIRECTION('',(0.,0.,-1.));
#16620=DIRECTION('',(-1.,0.,0.));
#16621=DIRECTION('',(0.,0.,-1.));
#16622=DIRECTION('',(1.,0.,0.));
#16623=DIRECTION('',(-1.,0.,0.));
#16624=DIRECTION('',(0.,0.,-1.));
#16625=DIRECTION('',(-1.,0.,0.));
#16626=DIRECTION('',(0.,0.,-1.));
#16627=DIRECTION('',(1.,0.,0.));
#16628=DIRECTION('',(0.,0.,-1.));
#16629=DIRECTION('',(1.,0.,0.));
#16630=DIRECTION('',(0.,0.,-1.));
#16631=DIRECTION('',(1.,0.,0.));
#16632=DIRECTION('',(1.,0.,0.));
#16633=DIRECTION('',(0.,0.,-1.));
#16634=DIRECTION('',(1.,0.,0.));
#16635=DIRECTION('',(0.,0.,-1.));
#16636=DIRECTION('',(1.,0.,0.));
#16637=DIRECTION('',(0.,0.,-1.));
#16638=DIRECTION('',(-1.,0.,0.));
#16639=DIRECTION('',(0.,0.,1.));
#16640=DIRECTION('',(-1.,0.,0.));
#16641=DIRECTION('',(0.,0.,1.));
#16642=DIRECTION('',(1.,0.,0.));
#16643=DIRECTION('',(0.,0.,-1.));
#16644=DIRECTION('',(-1.,0.,0.));
#16645=DIRECTION('',(0.,0.,1.));
#16646=DIRECTION('',(-1.,0.,0.));
#16647=DIRECTION('',(0.,0.,1.));
#16648=DIRECTION('',(1.,0.,0.));
#16649=DIRECTION('',(0.,0.,-1.));
#16650=DIRECTION('',(0.,1.,1.56540406263267E-14));
#16651=DIRECTION('',(1.,0.,0.));
#16652=DIRECTION('',(0.,1.,1.56540406263267E-14));
#16653=DIRECTION('',(0.,1.56540406263267E-14,-1.));
#16654=DIRECTION('',(0.,1.,1.56540362269975E-14));
#16655=DIRECTION('',(-1.,0.,0.));
#16656=DIRECTION('',(0.,0.,-1.));
#16657=DIRECTION('',(-1.,0.,0.));
#16658=DIRECTION('',(0.,0.,-1.));
#16659=DIRECTION('',(1.,0.,0.));
#16660=DIRECTION('',(-1.,0.,0.));
#16661=DIRECTION('',(0.,0.,-1.));
#16662=DIRECTION('',(-1.,0.,0.));
#16663=DIRECTION('',(0.,0.,-1.));
#16664=DIRECTION('',(1.,0.,0.));
#16665=DIRECTION('',(0.,0.,-1.));
#16666=DIRECTION('',(1.,0.,0.));
#16667=DIRECTION('',(0.,0.,-1.));
#16668=DIRECTION('',(1.,0.,0.));
#16669=DIRECTION('',(1.,0.,0.));
#16670=DIRECTION('',(0.,0.,-1.));
#16671=DIRECTION('',(1.,0.,0.));
#16672=DIRECTION('',(0.,0.,-1.));
#16673=DIRECTION('',(1.,0.,0.));
#16674=DIRECTION('',(0.,0.,-1.));
#16675=DIRECTION('',(-1.,0.,0.));
#16676=DIRECTION('',(0.,0.,1.));
#16677=DIRECTION('',(-1.,0.,0.));
#16678=DIRECTION('',(0.,0.,1.));
#16679=DIRECTION('',(1.,0.,0.));
#16680=DIRECTION('',(0.,0.,-1.));
#16681=DIRECTION('',(-1.,0.,0.));
#16682=DIRECTION('',(0.,0.,1.));
#16683=DIRECTION('',(-1.,0.,0.));
#16684=DIRECTION('',(0.,0.,1.));
#16685=DIRECTION('',(1.,0.,0.));
#16686=DIRECTION('',(0.,0.,-1.));
#16687=DIRECTION('',(0.,1.,1.56540406263267E-14));
#16688=DIRECTION('',(1.,0.,0.));
#16689=DIRECTION('',(0.,1.,1.56540406263267E-14));
#16690=DIRECTION('',(0.,1.56540406263267E-14,-1.));
#16691=DIRECTION('',(0.,1.,1.56540362269975E-14));
#16692=DIRECTION('',(-1.,0.,0.));
#16693=DIRECTION('',(0.,0.,-1.));
#16694=DIRECTION('',(-1.,0.,0.));
#16695=DIRECTION('',(0.,0.,-1.));
#16696=DIRECTION('',(1.,0.,0.));
#16697=DIRECTION('',(-1.,0.,0.));
#16698=DIRECTION('',(0.,0.,-1.));
#16699=DIRECTION('',(-1.,0.,0.));
#16700=DIRECTION('',(0.,0.,-1.));
#16701=DIRECTION('',(1.,0.,0.));
#16702=DIRECTION('',(0.,0.,-1.));
#16703=DIRECTION('',(1.,0.,0.));
#16704=DIRECTION('',(0.,0.,-1.));
#16705=DIRECTION('',(1.,0.,0.));
#16706=DIRECTION('',(1.,0.,0.));
#16707=DIRECTION('',(0.,0.,-1.));
#16708=DIRECTION('',(1.,0.,0.));
#16709=DIRECTION('',(0.,0.,-1.));
#16710=DIRECTION('',(1.,0.,0.));
#16711=DIRECTION('',(0.,0.,-1.));
#16712=DIRECTION('',(-1.,0.,0.));
#16713=DIRECTION('',(0.,0.,1.));
#16714=DIRECTION('',(-1.,0.,0.));
#16715=DIRECTION('',(0.,0.,1.));
#16716=DIRECTION('',(1.,0.,0.));
#16717=DIRECTION('',(0.,0.,-1.));
#16718=DIRECTION('',(-1.,0.,0.));
#16719=DIRECTION('',(0.,0.,1.));
#16720=DIRECTION('',(-1.,0.,0.));
#16721=DIRECTION('',(0.,0.,1.));
#16722=DIRECTION('',(1.,0.,0.));
#16723=DIRECTION('',(0.,0.,-1.));
#16724=DIRECTION('',(0.,1.,1.56540406263267E-14));
#16725=DIRECTION('',(1.,0.,0.));
#16726=DIRECTION('',(0.,1.,1.56540406263267E-14));
#16727=DIRECTION('',(0.,1.56540406263267E-14,-1.));
#16728=DIRECTION('',(0.,1.,1.56540362269975E-14));
#16729=DIRECTION('',(-1.,0.,0.));
#16730=DIRECTION('',(0.,0.,-1.));
#16731=DIRECTION('',(-1.,0.,0.));
#16732=DIRECTION('',(0.,0.,-1.));
#16733=DIRECTION('',(1.,0.,0.));
#16734=DIRECTION('',(-1.,0.,0.));
#16735=DIRECTION('',(0.,0.,-1.));
#16736=DIRECTION('',(-1.,0.,0.));
#16737=DIRECTION('',(0.,0.,-1.));
#16738=DIRECTION('',(1.,0.,0.));
#16739=DIRECTION('',(0.,0.,-1.));
#16740=DIRECTION('',(1.,0.,0.));
#16741=DIRECTION('',(0.,0.,-1.));
#16742=DIRECTION('',(1.,0.,0.));
#16743=DIRECTION('',(1.,0.,0.));
#16744=DIRECTION('',(0.,0.,-1.));
#16745=DIRECTION('',(1.,0.,0.));
#16746=DIRECTION('',(0.,0.,-1.));
#16747=DIRECTION('',(1.,0.,0.));
#16748=DIRECTION('',(0.,0.,-1.));
#16749=DIRECTION('',(-1.,0.,0.));
#16750=DIRECTION('',(0.,0.,1.));
#16751=DIRECTION('',(-1.,0.,0.));
#16752=DIRECTION('',(0.,0.,1.));
#16753=DIRECTION('',(1.,0.,0.));
#16754=DIRECTION('',(0.,0.,-1.));
#16755=DIRECTION('',(-1.,0.,0.));
#16756=DIRECTION('',(0.,0.,1.));
#16757=DIRECTION('',(-1.,0.,0.));
#16758=DIRECTION('',(0.,0.,1.));
#16759=DIRECTION('',(1.,0.,0.));
#16760=DIRECTION('',(0.,0.,-1.));
#16761=DIRECTION('',(0.,1.,1.56540406263267E-14));
#16762=DIRECTION('',(1.,0.,0.));
#16763=DIRECTION('',(0.,1.,1.56540406263267E-14));
#16764=DIRECTION('',(0.,1.56540406263267E-14,-1.));
#16765=DIRECTION('',(0.,1.,1.56540362269975E-14));
#16766=DIRECTION('',(-1.,0.,0.));
#16767=DIRECTION('',(0.,0.,-1.));
#16768=DIRECTION('',(-1.,0.,0.));
#16769=DIRECTION('',(0.,0.,-1.));
#16770=DIRECTION('',(1.,0.,0.));
#16771=DIRECTION('',(-1.,0.,0.));
#16772=DIRECTION('',(0.,0.,-1.));
#16773=DIRECTION('',(-1.,0.,0.));
#16774=DIRECTION('',(0.,0.,-1.));
#16775=DIRECTION('',(1.,0.,0.));
#16776=DIRECTION('',(0.,0.,-1.));
#16777=DIRECTION('',(1.,0.,0.));
#16778=DIRECTION('',(0.,0.,-1.));
#16779=DIRECTION('',(1.,0.,0.));
#16780=DIRECTION('',(1.,0.,0.));
#16781=DIRECTION('',(0.,0.,-1.));
#16782=DIRECTION('',(1.,0.,0.));
#16783=DIRECTION('',(0.,0.,-1.));
#16784=DIRECTION('',(1.,0.,0.));
#16785=DIRECTION('',(0.,0.,-1.));
#16786=DIRECTION('',(-1.,0.,0.));
#16787=DIRECTION('',(0.,0.,1.));
#16788=DIRECTION('',(-1.,0.,0.));
#16789=DIRECTION('',(0.,0.,1.));
#16790=DIRECTION('',(1.,0.,0.));
#16791=DIRECTION('',(0.,0.,-1.));
#16792=DIRECTION('',(-1.,0.,0.));
#16793=DIRECTION('',(0.,0.,1.));
#16794=DIRECTION('',(-1.,0.,0.));
#16795=DIRECTION('',(0.,0.,1.));
#16796=DIRECTION('',(1.,0.,0.));
#16797=DIRECTION('',(0.,0.,-1.));
#16798=DIRECTION('',(0.,1.,1.56540406263267E-14));
#16799=DIRECTION('',(1.,0.,0.));
#16800=DIRECTION('',(0.,1.,1.56540406263267E-14));
#16801=DIRECTION('',(0.,1.56540406263267E-14,-1.));
#16802=DIRECTION('',(0.,1.,1.56540362269975E-14));
#16803=DIRECTION('',(-1.,0.,0.));
#16804=DIRECTION('',(0.,0.,-1.));
#16805=DIRECTION('',(-1.,0.,0.));
#16806=DIRECTION('',(0.,0.,-1.));
#16807=DIRECTION('',(1.,0.,0.));
#16808=DIRECTION('',(-1.,0.,0.));
#16809=DIRECTION('',(0.,0.,-1.));
#16810=DIRECTION('',(-1.,0.,0.));
#16811=DIRECTION('',(0.,0.,-1.));
#16812=DIRECTION('',(1.,0.,0.));
#16813=DIRECTION('',(0.,0.,-1.));
#16814=DIRECTION('',(1.,0.,0.));
#16815=DIRECTION('',(0.,0.,-1.));
#16816=DIRECTION('',(1.,0.,0.));
#16817=DIRECTION('',(1.,0.,0.));
#16818=DIRECTION('',(0.,0.,-1.));
#16819=DIRECTION('',(1.,0.,0.));
#16820=DIRECTION('',(0.,0.,-1.));
#16821=DIRECTION('',(1.,0.,0.));
#16822=DIRECTION('',(0.,0.,-1.));
#16823=DIRECTION('',(-1.,0.,0.));
#16824=DIRECTION('',(0.,0.,1.));
#16825=DIRECTION('',(-1.,0.,0.));
#16826=DIRECTION('',(0.,0.,1.));
#16827=DIRECTION('',(1.,0.,0.));
#16828=DIRECTION('',(0.,0.,-1.));
#16829=DIRECTION('',(-1.,0.,0.));
#16830=DIRECTION('',(0.,0.,1.));
#16831=DIRECTION('',(-1.,0.,0.));
#16832=DIRECTION('',(0.,0.,1.));
#16833=DIRECTION('',(1.,0.,0.));
#16834=DIRECTION('',(0.,0.,-1.));
#16835=DIRECTION('',(0.,0.447213595499956,0.894427190999917));
#16836=DIRECTION('',(1.,0.,0.));
#16837=DIRECTION('',(0.,0.447213595499956,0.894427190999917));
#16838=DIRECTION('',(0.,0.894427190999917,-0.447213595499956));
#16839=DIRECTION('',(0.,0.447213595499956,0.894427190999917));
#16840=DIRECTION('',(0.,1.,3.64686185290579E-15));
#16841=DIRECTION('',(0.,0.,-1.));
#16842=DIRECTION('',(0.,-1.,1.21838478486229E-16));
#16843=DIRECTION('',(0.,-0.447213595499954,-0.894427190999918));
#16844=DIRECTION('',(1.,0.,0.));
#16845=DIRECTION('',(0.,0.,-1.));
#16846=DIRECTION('',(0.,-0.447213595499954,-0.894427190999918));
#16847=DIRECTION('',(0.,-1.,1.21838478486229E-16));
#16848=DIRECTION('',(0.,0.,-1.));
#16849=DIRECTION('',(0.,1.,3.64686185290579E-15));
#16850=DIRECTION('',(1.,0.,0.));
#16851=DIRECTION('',(0.,0.,-1.));
#16852=DIRECTION('',(1.,0.,0.));
#16853=DIRECTION('',(1.,0.,0.));
#16854=DIRECTION('',(0.,-1.,0.));
#16855=DIRECTION('',(0.,0.,-1.));
#16856=DIRECTION('',(0.,3.64686185290579E-15,-1.));
#16857=DIRECTION('',(0.,1.,3.64686308495371E-15));
#16858=DIRECTION('',(1.,0.,0.));
#16859=DIRECTION('',(0.,-0.894427190999918,0.447213595499954));
#16860=DIRECTION('',(0.,-0.447213595499954,-0.894427190999918));
#16861=DIRECTION('',(0.,1.21838478486229E-16,1.));
#16862=DIRECTION('',(0.,-1.,1.21837219133059E-16));
#16863=DIRECTION('',(0.,0.447213595499956,0.894427190999917));
#16864=DIRECTION('',(1.,0.,0.));
#16865=DIRECTION('',(0.,0.447213595499956,0.894427190999917));
#16866=DIRECTION('',(0.,0.894427190999917,-0.447213595499956));
#16867=DIRECTION('',(0.,0.447213595499956,0.894427190999917));
#16868=DIRECTION('',(0.,1.,3.64686185290579E-15));
#16869=DIRECTION('',(0.,0.,-1.));
#16870=DIRECTION('',(0.,-1.,1.21838478486229E-16));
#16871=DIRECTION('',(0.,-0.447213595499954,-0.894427190999918));
#16872=DIRECTION('',(1.,0.,0.));
#16873=DIRECTION('',(0.,0.,-1.));
#16874=DIRECTION('',(0.,-0.447213595499954,-0.894427190999918));
#16875=DIRECTION('',(0.,-1.,1.21838478486229E-16));
#16876=DIRECTION('',(0.,0.,-1.));
#16877=DIRECTION('',(0.,1.,3.64686185290579E-15));
#16878=DIRECTION('',(1.,0.,0.));
#16879=DIRECTION('',(0.,0.,-1.));
#16880=DIRECTION('',(1.,0.,0.));
#16881=DIRECTION('',(1.,0.,0.));
#16882=DIRECTION('',(0.,-1.,0.));
#16883=DIRECTION('',(0.,0.,-1.));
#16884=DIRECTION('',(0.,3.64686185290579E-15,-1.));
#16885=DIRECTION('',(0.,1.,3.64686308495371E-15));
#16886=DIRECTION('',(1.,0.,0.));
#16887=DIRECTION('',(0.,-0.894427190999918,0.447213595499954));
#16888=DIRECTION('',(0.,-0.447213595499954,-0.894427190999918));
#16889=DIRECTION('',(0.,1.21838478486229E-16,1.));
#16890=DIRECTION('',(0.,-1.,1.21837219133059E-16));
#16891=DIRECTION('',(0.,0.447213595499956,0.894427190999917));
#16892=DIRECTION('',(1.,0.,0.));
#16893=DIRECTION('',(0.,0.447213595499956,0.894427190999917));
#16894=DIRECTION('',(0.,0.894427190999917,-0.447213595499956));
#16895=DIRECTION('',(0.,0.447213595499956,0.894427190999917));
#16896=DIRECTION('',(0.,1.,3.64686185290579E-15));
#16897=DIRECTION('',(0.,0.,-1.));
#16898=DIRECTION('',(0.,-1.,1.21838478486229E-16));
#16899=DIRECTION('',(0.,-0.447213595499954,-0.894427190999918));
#16900=DIRECTION('',(1.,0.,0.));
#16901=DIRECTION('',(0.,0.,-1.));
#16902=DIRECTION('',(0.,-0.447213595499954,-0.894427190999918));
#16903=DIRECTION('',(0.,-1.,1.21838478486229E-16));
#16904=DIRECTION('',(0.,0.,-1.));
#16905=DIRECTION('',(0.,1.,3.64686185290579E-15));
#16906=DIRECTION('',(1.,0.,0.));
#16907=DIRECTION('',(0.,0.,-1.));
#16908=DIRECTION('',(1.,0.,0.));
#16909=DIRECTION('',(1.,0.,0.));
#16910=DIRECTION('',(0.,-1.,0.));
#16911=DIRECTION('',(0.,0.,-1.));
#16912=DIRECTION('',(0.,3.64686185290579E-15,-1.));
#16913=DIRECTION('',(0.,1.,3.64686308495371E-15));
#16914=DIRECTION('',(1.,0.,0.));
#16915=DIRECTION('',(0.,-0.894427190999918,0.447213595499954));
#16916=DIRECTION('',(0.,-0.447213595499954,-0.894427190999918));
#16917=DIRECTION('',(0.,1.21838478486229E-16,1.));
#16918=DIRECTION('',(0.,-1.,1.21837219133059E-16));
#16919=DIRECTION('',(0.,0.447213595499956,0.894427190999917));
#16920=DIRECTION('',(1.,0.,0.));
#16921=DIRECTION('',(0.,0.447213595499956,0.894427190999917));
#16922=DIRECTION('',(0.,0.894427190999917,-0.447213595499956));
#16923=DIRECTION('',(0.,0.447213595499956,0.894427190999917));
#16924=DIRECTION('',(0.,1.,3.64686185290579E-15));
#16925=DIRECTION('',(0.,0.,-1.));
#16926=DIRECTION('',(0.,-1.,1.21838478486229E-16));
#16927=DIRECTION('',(0.,-0.447213595499954,-0.894427190999918));
#16928=DIRECTION('',(1.,0.,0.));
#16929=DIRECTION('',(0.,0.,-1.));
#16930=DIRECTION('',(0.,-0.447213595499954,-0.894427190999918));
#16931=DIRECTION('',(0.,-1.,1.21838478486229E-16));
#16932=DIRECTION('',(0.,0.,-1.));
#16933=DIRECTION('',(0.,1.,3.64686185290579E-15));
#16934=DIRECTION('',(1.,0.,0.));
#16935=DIRECTION('',(0.,0.,-1.));
#16936=DIRECTION('',(1.,0.,0.));
#16937=DIRECTION('',(1.,0.,0.));
#16938=DIRECTION('',(0.,-1.,0.));
#16939=DIRECTION('',(0.,0.,-1.));
#16940=DIRECTION('',(0.,3.64686185290579E-15,-1.));
#16941=DIRECTION('',(0.,1.,3.64686308495371E-15));
#16942=DIRECTION('',(1.,0.,0.));
#16943=DIRECTION('',(0.,-0.894427190999918,0.447213595499954));
#16944=DIRECTION('',(0.,-0.447213595499954,-0.894427190999918));
#16945=DIRECTION('',(0.,1.21838478486229E-16,1.));
#16946=DIRECTION('',(0.,-1.,1.21837219133059E-16));
#16947=DIRECTION('',(0.,0.447213595499956,0.894427190999917));
#16948=DIRECTION('',(1.,0.,0.));
#16949=DIRECTION('',(0.,0.447213595499956,0.894427190999917));
#16950=DIRECTION('',(0.,0.894427190999917,-0.447213595499956));
#16951=DIRECTION('',(0.,0.447213595499956,0.894427190999917));
#16952=DIRECTION('',(0.,1.,3.64686185290579E-15));
#16953=DIRECTION('',(0.,0.,-1.));
#16954=DIRECTION('',(0.,-1.,1.21838478486229E-16));
#16955=DIRECTION('',(0.,-0.447213595499954,-0.894427190999918));
#16956=DIRECTION('',(1.,0.,0.));
#16957=DIRECTION('',(0.,0.,-1.));
#16958=DIRECTION('',(0.,-0.447213595499954,-0.894427190999918));
#16959=DIRECTION('',(0.,-1.,1.21838478486229E-16));
#16960=DIRECTION('',(0.,0.,-1.));
#16961=DIRECTION('',(0.,1.,3.64686185290579E-15));
#16962=DIRECTION('',(1.,0.,0.));
#16963=DIRECTION('',(0.,0.,-1.));
#16964=DIRECTION('',(1.,0.,0.));
#16965=DIRECTION('',(1.,0.,0.));
#16966=DIRECTION('',(0.,-1.,0.));
#16967=DIRECTION('',(0.,0.,-1.));
#16968=DIRECTION('',(0.,3.64686185290579E-15,-1.));
#16969=DIRECTION('',(0.,1.,3.64686308495371E-15));
#16970=DIRECTION('',(1.,0.,0.));
#16971=DIRECTION('',(0.,-0.894427190999918,0.447213595499954));
#16972=DIRECTION('',(0.,-0.447213595499954,-0.894427190999918));
#16973=DIRECTION('',(0.,1.21838478486229E-16,1.));
#16974=DIRECTION('',(0.,-1.,1.21837219133059E-16));
#16975=DIRECTION('',(0.,0.447213595499956,0.894427190999917));
#16976=DIRECTION('',(1.,0.,0.));
#16977=DIRECTION('',(0.,0.447213595499956,0.894427190999917));
#16978=DIRECTION('',(0.,0.894427190999917,-0.447213595499956));
#16979=DIRECTION('',(0.,0.447213595499956,0.894427190999917));
#16980=DIRECTION('',(0.,1.,3.64686185290579E-15));
#16981=DIRECTION('',(0.,0.,-1.));
#16982=DIRECTION('',(0.,-1.,1.21838478486229E-16));
#16983=DIRECTION('',(0.,-0.447213595499954,-0.894427190999918));
#16984=DIRECTION('',(1.,0.,0.));
#16985=DIRECTION('',(0.,0.,-1.));
#16986=DIRECTION('',(0.,-0.447213595499954,-0.894427190999918));
#16987=DIRECTION('',(0.,-1.,1.21838478486229E-16));
#16988=DIRECTION('',(0.,0.,-1.));
#16989=DIRECTION('',(0.,1.,3.64686185290579E-15));
#16990=DIRECTION('',(1.,0.,0.));
#16991=DIRECTION('',(0.,0.,-1.));
#16992=DIRECTION('',(1.,0.,0.));
#16993=DIRECTION('',(1.,0.,0.));
#16994=DIRECTION('',(0.,-1.,0.));
#16995=DIRECTION('',(0.,0.,-1.));
#16996=DIRECTION('',(0.,3.64686185290579E-15,-1.));
#16997=DIRECTION('',(0.,1.,3.64686308495371E-15));
#16998=DIRECTION('',(1.,0.,0.));
#16999=DIRECTION('',(0.,-0.894427190999918,0.447213595499954));
#17000=DIRECTION('',(0.,-0.447213595499954,-0.894427190999918));
#17001=DIRECTION('',(0.,1.21838478486229E-16,1.));
#17002=DIRECTION('',(0.,-1.,1.21837219133059E-16));
#17003=DIRECTION('',(0.,0.447213595499956,0.894427190999917));
#17004=DIRECTION('',(1.,0.,0.));
#17005=DIRECTION('',(0.,0.447213595499956,0.894427190999917));
#17006=DIRECTION('',(0.,0.894427190999917,-0.447213595499956));
#17007=DIRECTION('',(0.,0.447213595499956,0.894427190999917));
#17008=DIRECTION('',(0.,1.,3.64686185290579E-15));
#17009=DIRECTION('',(0.,0.,-1.));
#17010=DIRECTION('',(0.,-1.,1.21838478486229E-16));
#17011=DIRECTION('',(0.,-0.447213595499954,-0.894427190999918));
#17012=DIRECTION('',(1.,0.,0.));
#17013=DIRECTION('',(0.,0.,-1.));
#17014=DIRECTION('',(0.,-0.447213595499954,-0.894427190999918));
#17015=DIRECTION('',(0.,-1.,1.21838478486229E-16));
#17016=DIRECTION('',(0.,0.,-1.));
#17017=DIRECTION('',(0.,1.,3.64686185290579E-15));
#17018=DIRECTION('',(1.,0.,0.));
#17019=DIRECTION('',(0.,0.,-1.));
#17020=DIRECTION('',(1.,0.,0.));
#17021=DIRECTION('',(1.,0.,0.));
#17022=DIRECTION('',(0.,-1.,0.));
#17023=DIRECTION('',(0.,0.,-1.));
#17024=DIRECTION('',(0.,3.64686185290579E-15,-1.));
#17025=DIRECTION('',(0.,1.,3.64686308495371E-15));
#17026=DIRECTION('',(1.,0.,0.));
#17027=DIRECTION('',(0.,-0.894427190999918,0.447213595499954));
#17028=DIRECTION('',(0.,-0.447213595499954,-0.894427190999918));
#17029=DIRECTION('',(0.,1.21838478486229E-16,1.));
#17030=DIRECTION('',(0.,-1.,1.21837219133059E-16));
#17031=DIRECTION('',(0.,0.447213595499956,0.894427190999917));
#17032=DIRECTION('',(1.,0.,0.));
#17033=DIRECTION('',(0.,0.447213595499956,0.894427190999917));
#17034=DIRECTION('',(0.,0.894427190999917,-0.447213595499956));
#17035=DIRECTION('',(0.,0.447213595499956,0.894427190999917));
#17036=DIRECTION('',(0.,1.,3.64686185290579E-15));
#17037=DIRECTION('',(0.,0.,-1.));
#17038=DIRECTION('',(0.,-1.,1.21838478486229E-16));
#17039=DIRECTION('',(0.,-0.447213595499954,-0.894427190999918));
#17040=DIRECTION('',(1.,0.,0.));
#17041=DIRECTION('',(0.,0.,-1.));
#17042=DIRECTION('',(0.,-0.447213595499954,-0.894427190999918));
#17043=DIRECTION('',(0.,-1.,1.21838478486229E-16));
#17044=DIRECTION('',(0.,0.,-1.));
#17045=DIRECTION('',(0.,1.,3.64686185290579E-15));
#17046=DIRECTION('',(1.,0.,0.));
#17047=DIRECTION('',(0.,0.,-1.));
#17048=DIRECTION('',(1.,0.,0.));
#17049=DIRECTION('',(1.,0.,0.));
#17050=DIRECTION('',(0.,-1.,0.));
#17051=DIRECTION('',(0.,0.,-1.));
#17052=DIRECTION('',(0.,3.64686185290579E-15,-1.));
#17053=DIRECTION('',(0.,1.,3.64686308495371E-15));
#17054=DIRECTION('',(1.,0.,0.));
#17055=DIRECTION('',(0.,-0.894427190999918,0.447213595499954));
#17056=DIRECTION('',(0.,-0.447213595499954,-0.894427190999918));
#17057=DIRECTION('',(0.,1.21838478486229E-16,1.));
#17058=DIRECTION('',(0.,-1.,1.21837219133059E-16));
#17059=DIRECTION('',(0.,0.447213595499956,0.894427190999917));
#17060=DIRECTION('',(1.,0.,0.));
#17061=DIRECTION('',(0.,0.447213595499956,0.894427190999917));
#17062=DIRECTION('',(0.,0.894427190999917,-0.447213595499956));
#17063=DIRECTION('',(0.,0.447213595499956,0.894427190999917));
#17064=DIRECTION('',(0.,1.,3.64686185290579E-15));
#17065=DIRECTION('',(0.,0.,-1.));
#17066=DIRECTION('',(0.,-1.,1.21838478486229E-16));
#17067=DIRECTION('',(0.,-0.447213595499954,-0.894427190999918));
#17068=DIRECTION('',(1.,0.,0.));
#17069=DIRECTION('',(0.,0.,-1.));
#17070=DIRECTION('',(0.,-0.447213595499954,-0.894427190999918));
#17071=DIRECTION('',(0.,-1.,1.21838478486229E-16));
#17072=DIRECTION('',(0.,0.,-1.));
#17073=DIRECTION('',(0.,1.,3.64686185290579E-15));
#17074=DIRECTION('',(1.,0.,0.));
#17075=DIRECTION('',(0.,0.,-1.));
#17076=DIRECTION('',(1.,0.,0.));
#17077=DIRECTION('',(1.,0.,0.));
#17078=DIRECTION('',(0.,-1.,0.));
#17079=DIRECTION('',(0.,0.,-1.));
#17080=DIRECTION('',(0.,3.64686185290579E-15,-1.));
#17081=DIRECTION('',(0.,1.,3.64686308495371E-15));
#17082=DIRECTION('',(1.,0.,0.));
#17083=DIRECTION('',(0.,-0.894427190999918,0.447213595499954));
#17084=DIRECTION('',(0.,-0.447213595499954,-0.894427190999918));
#17085=DIRECTION('',(0.,1.21838478486229E-16,1.));
#17086=DIRECTION('',(0.,-1.,1.21837219133059E-16));
#17087=DIRECTION('',(0.,0.447213595499956,0.894427190999917));
#17088=DIRECTION('',(1.,0.,0.));
#17089=DIRECTION('',(0.,0.447213595499956,0.894427190999917));
#17090=DIRECTION('',(0.,0.894427190999917,-0.447213595499956));
#17091=DIRECTION('',(0.,0.447213595499956,0.894427190999917));
#17092=DIRECTION('',(0.,1.,3.64686185290579E-15));
#17093=DIRECTION('',(0.,0.,-1.));
#17094=DIRECTION('',(0.,-1.,1.21838478486229E-16));
#17095=DIRECTION('',(0.,-0.447213595499954,-0.894427190999918));
#17096=DIRECTION('',(1.,0.,0.));
#17097=DIRECTION('',(0.,0.,-1.));
#17098=DIRECTION('',(0.,-0.447213595499954,-0.894427190999918));
#17099=DIRECTION('',(0.,-1.,1.21838478486229E-16));
#17100=DIRECTION('',(0.,0.,-1.));
#17101=DIRECTION('',(0.,1.,3.64686185290579E-15));
#17102=DIRECTION('',(1.,0.,0.));
#17103=DIRECTION('',(0.,0.,-1.));
#17104=DIRECTION('',(1.,0.,0.));
#17105=DIRECTION('',(1.,0.,0.));
#17106=DIRECTION('',(0.,-1.,0.));
#17107=DIRECTION('',(0.,0.,-1.));
#17108=DIRECTION('',(0.,3.64686185290579E-15,-1.));
#17109=DIRECTION('',(0.,1.,3.64686308495371E-15));
#17110=DIRECTION('',(1.,0.,0.));
#17111=DIRECTION('',(0.,-0.894427190999918,0.447213595499954));
#17112=DIRECTION('',(0.,-0.447213595499954,-0.894427190999918));
#17113=DIRECTION('',(0.,1.21838478486229E-16,1.));
#17114=DIRECTION('',(0.,-1.,1.21837219133059E-16));
#17115=DIRECTION('',(0.,0.447213595499956,0.894427190999917));
#17116=DIRECTION('',(1.,0.,0.));
#17117=DIRECTION('',(0.,0.447213595499956,0.894427190999917));
#17118=DIRECTION('',(0.,0.894427190999917,-0.447213595499956));
#17119=DIRECTION('',(0.,0.447213595499956,0.894427190999917));
#17120=DIRECTION('',(0.,1.,3.64686185290579E-15));
#17121=DIRECTION('',(0.,0.,-1.));
#17122=DIRECTION('',(0.,-1.,1.21838478486229E-16));
#17123=DIRECTION('',(0.,-0.447213595499954,-0.894427190999918));
#17124=DIRECTION('',(1.,0.,0.));
#17125=DIRECTION('',(0.,0.,-1.));
#17126=DIRECTION('',(0.,-0.447213595499954,-0.894427190999918));
#17127=DIRECTION('',(0.,-1.,1.21838478486229E-16));
#17128=DIRECTION('',(0.,0.,-1.));
#17129=DIRECTION('',(0.,1.,3.64686185290579E-15));
#17130=DIRECTION('',(1.,0.,0.));
#17131=DIRECTION('',(0.,0.,-1.));
#17132=DIRECTION('',(1.,0.,0.));
#17133=DIRECTION('',(1.,0.,0.));
#17134=DIRECTION('',(0.,-1.,0.));
#17135=DIRECTION('',(0.,0.,-1.));
#17136=DIRECTION('',(0.,3.64686185290579E-15,-1.));
#17137=DIRECTION('',(0.,1.,3.64686308495371E-15));
#17138=DIRECTION('',(1.,0.,0.));
#17139=DIRECTION('',(0.,-0.894427190999918,0.447213595499954));
#17140=DIRECTION('',(0.,-0.447213595499954,-0.894427190999918));
#17141=DIRECTION('',(0.,1.21838478486229E-16,1.));
#17142=DIRECTION('',(0.,-1.,1.21837219133059E-16));
#17143=DIRECTION('',(0.,0.447213595499956,0.894427190999917));
#17144=DIRECTION('',(1.,0.,0.));
#17145=DIRECTION('',(0.,0.447213595499956,0.894427190999917));
#17146=DIRECTION('',(0.,0.894427190999917,-0.447213595499956));
#17147=DIRECTION('',(0.,0.447213595499956,0.894427190999917));
#17148=DIRECTION('',(0.,1.,3.64686185290579E-15));
#17149=DIRECTION('',(0.,0.,-1.));
#17150=DIRECTION('',(0.,-1.,1.21838478486229E-16));
#17151=DIRECTION('',(0.,-0.447213595499954,-0.894427190999918));
#17152=DIRECTION('',(1.,0.,0.));
#17153=DIRECTION('',(0.,0.,-1.));
#17154=DIRECTION('',(0.,-0.447213595499954,-0.894427190999918));
#17155=DIRECTION('',(0.,-1.,1.21838478486229E-16));
#17156=DIRECTION('',(0.,0.,-1.));
#17157=DIRECTION('',(0.,1.,3.64686185290579E-15));
#17158=DIRECTION('',(1.,0.,0.));
#17159=DIRECTION('',(0.,0.,-1.));
#17160=DIRECTION('',(1.,0.,0.));
#17161=DIRECTION('',(1.,0.,0.));
#17162=DIRECTION('',(0.,-1.,0.));
#17163=DIRECTION('',(0.,0.,-1.));
#17164=DIRECTION('',(0.,3.64686185290579E-15,-1.));
#17165=DIRECTION('',(0.,1.,3.64686308495371E-15));
#17166=DIRECTION('',(1.,0.,0.));
#17167=DIRECTION('',(0.,-0.894427190999918,0.447213595499954));
#17168=DIRECTION('',(0.,-0.447213595499954,-0.894427190999918));
#17169=DIRECTION('',(0.,1.21838478486229E-16,1.));
#17170=DIRECTION('',(0.,-1.,1.21837219133059E-16));
#17171=DIRECTION('',(0.,0.447213595499956,0.894427190999917));
#17172=DIRECTION('',(1.,0.,0.));
#17173=DIRECTION('',(0.,0.447213595499956,0.894427190999917));
#17174=DIRECTION('',(0.,0.894427190999917,-0.447213595499956));
#17175=DIRECTION('',(0.,0.447213595499956,0.894427190999917));
#17176=DIRECTION('',(0.,1.,3.64686185290579E-15));
#17177=DIRECTION('',(0.,0.,-1.));
#17178=DIRECTION('',(0.,-1.,1.21838478486229E-16));
#17179=DIRECTION('',(0.,-0.447213595499954,-0.894427190999918));
#17180=DIRECTION('',(1.,0.,0.));
#17181=DIRECTION('',(0.,0.,-1.));
#17182=DIRECTION('',(0.,-0.447213595499954,-0.894427190999918));
#17183=DIRECTION('',(0.,-1.,1.21838478486229E-16));
#17184=DIRECTION('',(0.,0.,-1.));
#17185=DIRECTION('',(0.,1.,3.64686185290579E-15));
#17186=DIRECTION('',(1.,0.,0.));
#17187=DIRECTION('',(0.,0.,-1.));
#17188=DIRECTION('',(1.,0.,0.));
#17189=DIRECTION('',(1.,0.,0.));
#17190=DIRECTION('',(0.,-1.,0.));
#17191=DIRECTION('',(0.,0.,-1.));
#17192=DIRECTION('',(0.,3.64686185290579E-15,-1.));
#17193=DIRECTION('',(0.,1.,3.64686308495371E-15));
#17194=DIRECTION('',(1.,0.,0.));
#17195=DIRECTION('',(0.,-0.894427190999918,0.447213595499954));
#17196=DIRECTION('',(0.,-0.447213595499954,-0.894427190999918));
#17197=DIRECTION('',(0.,1.21838478486229E-16,1.));
#17198=DIRECTION('',(0.,-1.,1.21837219133059E-16));
#17199=DIRECTION('',(0.,0.447213595499956,0.894427190999917));
#17200=DIRECTION('',(1.,0.,0.));
#17201=DIRECTION('',(0.,0.447213595499956,0.894427190999917));
#17202=DIRECTION('',(0.,0.894427190999917,-0.447213595499956));
#17203=DIRECTION('',(0.,0.447213595499956,0.894427190999917));
#17204=DIRECTION('',(0.,1.,3.64686185290579E-15));
#17205=DIRECTION('',(0.,0.,-1.));
#17206=DIRECTION('',(0.,-1.,1.21838478486229E-16));
#17207=DIRECTION('',(0.,-0.447213595499954,-0.894427190999918));
#17208=DIRECTION('',(1.,0.,0.));
#17209=DIRECTION('',(0.,0.,-1.));
#17210=DIRECTION('',(0.,-0.447213595499954,-0.894427190999918));
#17211=DIRECTION('',(0.,-1.,1.21838478486229E-16));
#17212=DIRECTION('',(0.,0.,-1.));
#17213=DIRECTION('',(0.,1.,3.64686185290579E-15));
#17214=DIRECTION('',(1.,0.,0.));
#17215=DIRECTION('',(0.,0.,-1.));
#17216=DIRECTION('',(1.,0.,0.));
#17217=DIRECTION('',(1.,0.,0.));
#17218=DIRECTION('',(0.,-1.,0.));
#17219=DIRECTION('',(0.,0.,-1.));
#17220=DIRECTION('',(0.,3.64686185290579E-15,-1.));
#17221=DIRECTION('',(0.,1.,3.64686308495371E-15));
#17222=DIRECTION('',(1.,0.,0.));
#17223=DIRECTION('',(0.,-0.894427190999918,0.447213595499954));
#17224=DIRECTION('',(0.,-0.447213595499954,-0.894427190999918));
#17225=DIRECTION('',(0.,1.21838478486229E-16,1.));
#17226=DIRECTION('',(0.,-1.,1.21837219133059E-16));
#17227=CARTESIAN_POINT('',(0.,0.,0.));
#17228=CARTESIAN_POINT('',(3.65,2.2,0.));
#17229=CARTESIAN_POINT('',(3.65,3.3,0.));
#17230=CARTESIAN_POINT('',(3.35,3.3,0.));
#17231=CARTESIAN_POINT('',(3.35,2.2,0.));
#17232=CARTESIAN_POINT('',(3.65,-3.3,0.));
#17233=CARTESIAN_POINT('',(3.15,2.2,0.));
#17234=CARTESIAN_POINT('',(3.15,-3.3,0.));
#17235=CARTESIAN_POINT('',(2.65,2.2,0.));
#17236=CARTESIAN_POINT('',(2.65,-3.3,0.));
#17237=CARTESIAN_POINT('',(2.15,2.2,0.));
#17238=CARTESIAN_POINT('',(2.15,-3.3,0.));
#17239=CARTESIAN_POINT('',(1.65,2.2,0.));
#17240=CARTESIAN_POINT('',(1.65,-3.3,0.));
#17241=CARTESIAN_POINT('',(1.15,2.2,0.));
#17242=CARTESIAN_POINT('',(1.15,-3.3,0.));
#17243=CARTESIAN_POINT('',(0.649999999999999,2.2,0.));
#17244=CARTESIAN_POINT('',(0.649999999999999,-3.3,0.));
#17245=CARTESIAN_POINT('',(0.149999999999999,2.2,0.));
#17246=CARTESIAN_POINT('',(0.149999999999999,-3.3,0.));
#17247=CARTESIAN_POINT('',(-0.350000000000001,2.2,0.));
#17248=CARTESIAN_POINT('',(-0.350000000000001,-3.3,0.));
#17249=CARTESIAN_POINT('',(-0.850000000000001,2.2,0.));
#17250=CARTESIAN_POINT('',(-0.850000000000001,-3.3,0.));
#17251=CARTESIAN_POINT('',(3.35,-3.3,0.));
#17252=CARTESIAN_POINT('',(2.85,2.2,0.));
#17253=CARTESIAN_POINT('',(2.85,-3.3,0.));
#17254=CARTESIAN_POINT('',(2.35,2.2,0.));
#17255=CARTESIAN_POINT('',(2.35,-3.3,0.));
#17256=CARTESIAN_POINT('',(1.85,2.2,0.));
#17257=CARTESIAN_POINT('',(1.85,-3.3,0.));
#17258=CARTESIAN_POINT('',(1.35,2.2,0.));
#17259=CARTESIAN_POINT('',(1.35,-3.3,0.));
#17260=CARTESIAN_POINT('',(0.850000000000001,2.2,0.));
#17261=CARTESIAN_POINT('',(0.850000000000001,-3.3,0.));
#17262=CARTESIAN_POINT('',(0.350000000000001,2.2,0.));
#17263=CARTESIAN_POINT('',(0.350000000000001,-3.3,0.));
#17264=CARTESIAN_POINT('',(-0.149999999999999,2.2,0.));
#17265=CARTESIAN_POINT('',(-0.149999999999999,-3.3,0.));
#17266=CARTESIAN_POINT('',(-0.649999999999999,2.2,0.));
#17267=CARTESIAN_POINT('',(-0.649999999999999,-3.3,0.));
#17268=CARTESIAN_POINT('',(-1.15,2.2,0.));
#17269=CARTESIAN_POINT('',(-1.15,-3.3,0.));
#17270=CARTESIAN_POINT('',(3.35,-2.2,0.));
#17271=CARTESIAN_POINT('',(2.85,3.3,0.));
#17272=CARTESIAN_POINT('',(2.85,-2.2,0.));
#17273=CARTESIAN_POINT('',(2.35,3.3,0.));
#17274=CARTESIAN_POINT('',(2.35,-2.2,0.));
#17275=CARTESIAN_POINT('',(1.85,3.3,0.));
#17276=CARTESIAN_POINT('',(1.85,-2.2,0.));
#17277=CARTESIAN_POINT('',(1.35,3.3,0.));
#17278=CARTESIAN_POINT('',(1.35,-2.2,0.));
#17279=CARTESIAN_POINT('',(0.850000000000001,3.3,0.));
#17280=CARTESIAN_POINT('',(0.850000000000001,-2.2,0.));
#17281=CARTESIAN_POINT('',(0.350000000000001,3.3,0.));
#17282=CARTESIAN_POINT('',(0.350000000000001,-2.2,0.));
#17283=CARTESIAN_POINT('',(-0.149999999999999,3.3,0.));
#17284=CARTESIAN_POINT('',(-0.149999999999999,-2.2,0.));
#17285=CARTESIAN_POINT('',(-0.649999999999999,3.3,0.));
#17286=CARTESIAN_POINT('',(-0.649999999999999,-2.2,0.));
#17287=CARTESIAN_POINT('',(-1.15,3.3,0.));
#17288=CARTESIAN_POINT('',(-1.15,-2.2,0.));
#17289=CARTESIAN_POINT('',(3.65,-2.2,0.));
#17290=CARTESIAN_POINT('',(3.15,3.3,0.));
#17291=CARTESIAN_POINT('',(3.15,-2.2,0.));
#17292=CARTESIAN_POINT('',(2.65,3.3,0.));
#17293=CARTESIAN_POINT('',(2.65,-2.2,0.));
#17294=CARTESIAN_POINT('',(2.15,3.3,0.));
#17295=CARTESIAN_POINT('',(2.15,-2.2,0.));
#17296=CARTESIAN_POINT('',(1.65,3.3,0.));
#17297=CARTESIAN_POINT('',(1.65,-2.2,0.));
#17298=CARTESIAN_POINT('',(1.15,3.3,0.));
#17299=CARTESIAN_POINT('',(1.15,-2.2,0.));
#17300=CARTESIAN_POINT('',(0.649999999999999,3.3,0.));
#17301=CARTESIAN_POINT('',(0.649999999999999,-2.2,0.));
#17302=CARTESIAN_POINT('',(0.149999999999999,3.3,0.));
#17303=CARTESIAN_POINT('',(0.149999999999999,-2.2,0.));
#17304=CARTESIAN_POINT('',(-0.350000000000001,3.3,0.));
#17305=CARTESIAN_POINT('',(-0.350000000000001,-2.2,0.));
#17306=CARTESIAN_POINT('',(-0.850000000000001,3.3,0.));
#17307=CARTESIAN_POINT('',(-0.850000000000001,-2.2,0.));
#17308=CARTESIAN_POINT('',(-1.35,2.2,0.));
#17309=CARTESIAN_POINT('',(-1.65,2.2,0.));
#17310=CARTESIAN_POINT('',(-1.65,3.3,0.));
#17311=CARTESIAN_POINT('',(-1.35,3.3,0.));
#17312=CARTESIAN_POINT('',(-1.35,-3.3,0.));
#17313=CARTESIAN_POINT('',(-1.65,-3.3,0.));
#17314=CARTESIAN_POINT('',(-1.65,-2.2,0.));
#17315=CARTESIAN_POINT('',(-1.35,-2.2,0.));
#17316=CARTESIAN_POINT('',(-1.85,2.2,0.));
#17317=CARTESIAN_POINT('',(-2.15,2.2,0.));
#17318=CARTESIAN_POINT('',(-2.15,3.3,0.));
#17319=CARTESIAN_POINT('',(-1.85,3.3,0.));
#17320=CARTESIAN_POINT('',(-1.85,-3.3,0.));
#17321=CARTESIAN_POINT('',(-2.15,-3.3,0.));
#17322=CARTESIAN_POINT('',(-2.15,-2.2,0.));
#17323=CARTESIAN_POINT('',(-1.85,-2.2,0.));
#17324=CARTESIAN_POINT('',(-2.35,2.2,0.));
#17325=CARTESIAN_POINT('',(-2.65,2.2,0.));
#17326=CARTESIAN_POINT('',(-2.65,3.3,0.));
#17327=CARTESIAN_POINT('',(-2.35,3.3,0.));
#17328=CARTESIAN_POINT('',(-2.35,-3.3,0.));
#17329=CARTESIAN_POINT('',(-2.65,-3.3,0.));
#17330=CARTESIAN_POINT('',(-2.65,-2.2,0.));
#17331=CARTESIAN_POINT('',(-2.35,-2.2,0.));
#17332=CARTESIAN_POINT('',(-2.85,2.2,0.));
#17333=CARTESIAN_POINT('',(-3.15,2.2,0.));
#17334=CARTESIAN_POINT('',(-3.15,3.3,0.));
#17335=CARTESIAN_POINT('',(-2.85,3.3,0.));
#17336=CARTESIAN_POINT('',(-2.85,-3.3,0.));
#17337=CARTESIAN_POINT('',(-3.15,-3.3,0.));
#17338=CARTESIAN_POINT('',(-3.15,-2.2,0.));
#17339=CARTESIAN_POINT('',(-2.85,-2.2,0.));
#17340=CARTESIAN_POINT('',(-3.35,2.2,0.));
#17341=CARTESIAN_POINT('',(-3.65,2.2,0.));
#17342=CARTESIAN_POINT('',(-3.65,3.3,0.));
#17343=CARTESIAN_POINT('',(-3.35,3.3,0.));
#17344=CARTESIAN_POINT('',(-3.35,-3.3,0.));
#17345=CARTESIAN_POINT('',(-3.65,-3.3,0.));
#17346=CARTESIAN_POINT('',(-3.65,-2.2,0.));
#17347=CARTESIAN_POINT('',(-3.35,-2.2,0.));
#17348=CARTESIAN_POINT('',(2.925,0.,0.));
#17349=CARTESIAN_POINT('',(2.925,-2.5,0.));
#17350=CARTESIAN_POINT('',(2.925,-2.42504878728,5.42101086242752E-17));
#17351=CARTESIAN_POINT('',(-94.94,-2.5,5.42101086242752E-17));
#17352=CARTESIAN_POINT('',(2.57499999999999,-2.5,5.42101086242752E-17));
#17353=CARTESIAN_POINT('',(2.575,0.,0.));
#17354=CARTESIAN_POINT('',(2.575,-2.42504878728,5.42101086242752E-17));
#17355=CARTESIAN_POINT('',(0.,-2.42504878728,0.));
#17356=CARTESIAN_POINT('',(2.425,-2.42504878728,5.42101086242752E-17));
#17357=CARTESIAN_POINT('',(2.425,0.,0.));
#17358=CARTESIAN_POINT('',(2.425,-2.5,0.));
#17359=CARTESIAN_POINT('',(-94.94,-2.5,5.42101086242752E-17));
#17360=CARTESIAN_POINT('',(2.07499999999999,-2.5,5.42101086242752E-17));
#17361=CARTESIAN_POINT('',(2.075,0.,0.));
#17362=CARTESIAN_POINT('',(2.075,-2.42504878728,5.42101086242752E-17));
#17363=CARTESIAN_POINT('',(0.,-2.42504878728,0.));
#17364=CARTESIAN_POINT('',(1.925,-2.42504878728,5.42101086242752E-17));
#17365=CARTESIAN_POINT('',(1.925,0.,0.));
#17366=CARTESIAN_POINT('',(1.925,-2.5,0.));
#17367=CARTESIAN_POINT('',(-94.94,-2.5,5.42101086242752E-17));
#17368=CARTESIAN_POINT('',(1.57499999999999,-2.5,5.42101086242752E-17));
#17369=CARTESIAN_POINT('',(1.575,0.,0.));
#17370=CARTESIAN_POINT('',(1.575,-2.42504878728,5.42101086242752E-17));
#17371=CARTESIAN_POINT('',(0.,-2.42504878728,0.));
#17372=CARTESIAN_POINT('',(1.425,-2.42504878728,5.42101086242752E-17));
#17373=CARTESIAN_POINT('',(1.425,0.,0.));
#17374=CARTESIAN_POINT('',(1.425,-2.5,0.));
#17375=CARTESIAN_POINT('',(-94.94,-2.5,5.42101086242752E-17));
#17376=CARTESIAN_POINT('',(1.07500000000001,-2.5,5.42101086242752E-17));
#17377=CARTESIAN_POINT('',(1.075,0.,0.));
#17378=CARTESIAN_POINT('',(1.075,-2.42504878728,5.42101086242752E-17));
#17379=CARTESIAN_POINT('',(0.,-2.42504878728,0.));
#17380=CARTESIAN_POINT('',(0.925,-2.42504878728,5.42101086242752E-17));
#17381=CARTESIAN_POINT('',(0.925,0.,0.));
#17382=CARTESIAN_POINT('',(0.925,-2.5,0.));
#17383=CARTESIAN_POINT('',(-94.94,-2.5,5.42101086242752E-17));
#17384=CARTESIAN_POINT('',(0.575000000000006,-2.5,5.42101086242752E-17));
#17385=CARTESIAN_POINT('',(0.575,0.,0.));
#17386=CARTESIAN_POINT('',(0.575,-2.42504878728,5.42101086242752E-17));
#17387=CARTESIAN_POINT('',(0.,-2.42504878728,0.));
#17388=CARTESIAN_POINT('',(0.425,-2.42504878728,5.42101086242752E-17));
#17389=CARTESIAN_POINT('',(0.425,0.,0.));
#17390=CARTESIAN_POINT('',(0.424999999999999,-2.5,0.));
#17391=CARTESIAN_POINT('',(-94.94,-2.5,5.42101086242752E-17));
#17392=CARTESIAN_POINT('',(0.0750000000000056,-2.5,5.42101086242752E-17));
#17393=CARTESIAN_POINT('',(0.075,0.,0.));
#17394=CARTESIAN_POINT('',(0.075,-2.42504878728,5.42101086242752E-17));
#17395=CARTESIAN_POINT('',(0.,-2.42504878728,0.));
#17396=CARTESIAN_POINT('',(-0.0750000000000004,-2.42504878728,5.42101086242752E-17));
#17397=CARTESIAN_POINT('',(-0.0750000000000004,0.,0.));
#17398=CARTESIAN_POINT('',(-0.0750000000000004,-2.5,0.));
#17399=CARTESIAN_POINT('',(-94.94,-2.5,5.42101086242752E-17));
#17400=CARTESIAN_POINT('',(-0.424999999999995,-2.5,5.42101086242752E-17));
#17401=CARTESIAN_POINT('',(-0.425,0.,0.));
#17402=CARTESIAN_POINT('',(-0.425,-2.42504878728,5.42101086242752E-17));
#17403=CARTESIAN_POINT('',(0.,-2.42504878728,0.));
#17404=CARTESIAN_POINT('',(-0.575,-2.42504878728,5.42101086242752E-17));
#17405=CARTESIAN_POINT('',(-0.575,0.,0.));
#17406=CARTESIAN_POINT('',(-0.575,-2.5,0.));
#17407=CARTESIAN_POINT('',(-94.94,-2.5,5.42101086242752E-17));
#17408=CARTESIAN_POINT('',(-0.924999999999995,-2.5,5.42101086242752E-17));
#17409=CARTESIAN_POINT('',(-0.925,0.,0.));
#17410=CARTESIAN_POINT('',(-0.925,-2.42504878728,5.42101086242752E-17));
#17411=CARTESIAN_POINT('',(0.,-2.42504878728,0.));
#17412=CARTESIAN_POINT('',(-1.075,-2.42504878728,5.42101086242752E-17));
#17413=CARTESIAN_POINT('',(-1.075,0.,0.));
#17414=CARTESIAN_POINT('',(-1.075,-2.5,0.));
#17415=CARTESIAN_POINT('',(-94.94,-2.5,5.42101086242752E-17));
#17416=CARTESIAN_POINT('',(-1.425,-2.5,5.42101086242752E-17));
#17417=CARTESIAN_POINT('',(-1.425,0.,0.));
#17418=CARTESIAN_POINT('',(-1.425,-2.42504878728,5.42101086242752E-17));
#17419=CARTESIAN_POINT('',(0.,-2.42504878728,0.));
#17420=CARTESIAN_POINT('',(-1.575,-2.42504878728,5.42101086242752E-17));
#17421=CARTESIAN_POINT('',(-1.575,0.,0.));
#17422=CARTESIAN_POINT('',(-1.575,-2.5,0.));
#17423=CARTESIAN_POINT('',(-94.94,-2.5,5.42101086242752E-17));
#17424=CARTESIAN_POINT('',(-1.925,-2.5,5.42101086242752E-17));
#17425=CARTESIAN_POINT('',(-1.925,0.,0.));
#17426=CARTESIAN_POINT('',(-1.925,-2.42504878728,5.42101086242752E-17));
#17427=CARTESIAN_POINT('',(0.,-2.42504878728,0.));
#17428=CARTESIAN_POINT('',(-2.075,-2.42504878728,5.42101086242752E-17));
#17429=CARTESIAN_POINT('',(-2.075,0.,0.));
#17430=CARTESIAN_POINT('',(-2.075,-2.5,0.));
#17431=CARTESIAN_POINT('',(-94.94,-2.5,5.42101086242752E-17));
#17432=CARTESIAN_POINT('',(-2.425,-2.5,5.42101086242752E-17));
#17433=CARTESIAN_POINT('',(-2.425,0.,0.));
#17434=CARTESIAN_POINT('',(-2.425,-2.42504878728,5.42101086242752E-17));
#17435=CARTESIAN_POINT('',(0.,-2.42504878728,0.));
#17436=CARTESIAN_POINT('',(-2.575,-2.42504878728,5.42101086242752E-17));
#17437=CARTESIAN_POINT('',(-2.575,0.,0.));
#17438=CARTESIAN_POINT('',(-2.575,-2.5,0.));
#17439=CARTESIAN_POINT('',(-94.94,-2.5,5.42101086242752E-17));
#17440=CARTESIAN_POINT('',(-2.925,-2.5,5.42101086242752E-17));
#17441=CARTESIAN_POINT('',(-2.925,0.,0.));
#17442=CARTESIAN_POINT('',(-2.925,-2.42504878728,5.42101086242752E-17));
#17443=CARTESIAN_POINT('',(0.,-2.42504878728,0.));
#17444=CARTESIAN_POINT('',(-3.075,-2.42504878728,5.42101086242752E-17));
#17445=CARTESIAN_POINT('',(-3.075,0.,0.));
#17446=CARTESIAN_POINT('',(-3.075,-2.5,0.));
#17447=CARTESIAN_POINT('',(-94.94,-2.5,5.42101086242752E-17));
#17448=CARTESIAN_POINT('',(-3.425,-2.5,5.42101086242752E-17));
#17449=CARTESIAN_POINT('',(-3.425,0.,0.));
#17450=CARTESIAN_POINT('',(-3.425,-2.42504878728,5.42101086242752E-17));
#17451=CARTESIAN_POINT('',(0.,-2.42504878728,0.));
#17452=CARTESIAN_POINT('',(-3.575,-2.42504878728,5.42101086242752E-17));
#17453=CARTESIAN_POINT('',(-3.575,0.,0.));
#17454=CARTESIAN_POINT('',(-3.575,-2.5,0.));
#17455=CARTESIAN_POINT('',(-94.94,-2.5,5.42101086242752E-17));
#17456=CARTESIAN_POINT('',(-5.05,-2.5,5.42101086242752E-17));
#17457=CARTESIAN_POINT('',(-5.05,2.5,0.));
#17458=CARTESIAN_POINT('',(-5.05,2.5,5.55111512312578E-17));
#17459=CARTESIAN_POINT('',(-94.94,2.5,5.55111512312578E-17));
#17460=CARTESIAN_POINT('',(-3.575,2.5,0.));
#17461=CARTESIAN_POINT('',(-3.575,0.,0.));
#17462=CARTESIAN_POINT('',(-3.575,2.42504878728,1.35525271560688E-17));
#17463=CARTESIAN_POINT('',(0.,2.42504878728,0.));
#17464=CARTESIAN_POINT('',(-3.425,2.42504878728,1.35525271560688E-17));
#17465=CARTESIAN_POINT('',(-3.425,0.,0.));
#17466=CARTESIAN_POINT('',(-3.425,2.5,0.));
#17467=CARTESIAN_POINT('',(-94.94,2.5,5.55111512312578E-17));
#17468=CARTESIAN_POINT('',(-3.075,2.5,0.));
#17469=CARTESIAN_POINT('',(-3.075,0.,0.));
#17470=CARTESIAN_POINT('',(-3.075,2.42504878728,1.35525271560688E-17));
#17471=CARTESIAN_POINT('',(0.,2.42504878728,0.));
#17472=CARTESIAN_POINT('',(-2.925,2.42504878728,1.35525271560688E-17));
#17473=CARTESIAN_POINT('',(-2.925,0.,0.));
#17474=CARTESIAN_POINT('',(-2.925,2.5,0.));
#17475=CARTESIAN_POINT('',(-94.94,2.5,5.55111512312578E-17));
#17476=CARTESIAN_POINT('',(-2.575,2.5,0.));
#17477=CARTESIAN_POINT('',(-2.575,0.,0.));
#17478=CARTESIAN_POINT('',(-2.575,2.42504878728,1.35525271560688E-17));
#17479=CARTESIAN_POINT('',(0.,2.42504878728,0.));
#17480=CARTESIAN_POINT('',(-2.425,2.42504878728,1.35525271560688E-17));
#17481=CARTESIAN_POINT('',(-2.425,0.,0.));
#17482=CARTESIAN_POINT('',(-2.425,2.5,0.));
#17483=CARTESIAN_POINT('',(-94.94,2.5,5.55111512312578E-17));
#17484=CARTESIAN_POINT('',(-2.075,2.5,0.));
#17485=CARTESIAN_POINT('',(-2.075,0.,0.));
#17486=CARTESIAN_POINT('',(-2.075,2.42504878728,1.35525271560688E-17));
#17487=CARTESIAN_POINT('',(0.,2.42504878728,0.));
#17488=CARTESIAN_POINT('',(-1.925,2.42504878728,1.35525271560688E-17));
#17489=CARTESIAN_POINT('',(-1.925,0.,0.));
#17490=CARTESIAN_POINT('',(-1.925,2.5,0.));
#17491=CARTESIAN_POINT('',(-94.94,2.5,5.55111512312578E-17));
#17492=CARTESIAN_POINT('',(-1.575,2.5,0.));
#17493=CARTESIAN_POINT('',(-1.575,0.,0.));
#17494=CARTESIAN_POINT('',(-1.575,2.42504878728,1.35525271560688E-17));
#17495=CARTESIAN_POINT('',(0.,2.42504878728,0.));
#17496=CARTESIAN_POINT('',(-1.425,2.42504878728,1.35525271560688E-17));
#17497=CARTESIAN_POINT('',(-1.425,0.,0.));
#17498=CARTESIAN_POINT('',(-1.425,2.5,0.));
#17499=CARTESIAN_POINT('',(-94.94,2.5,5.55111512312578E-17));
#17500=CARTESIAN_POINT('',(-1.075,2.5,0.));
#17501=CARTESIAN_POINT('',(-1.075,0.,0.));
#17502=CARTESIAN_POINT('',(-1.075,2.42504878728,1.35525271560688E-17));
#17503=CARTESIAN_POINT('',(0.,2.42504878728,0.));
#17504=CARTESIAN_POINT('',(-0.925,2.42504878728,1.35525271560688E-17));
#17505=CARTESIAN_POINT('',(-0.925,0.,0.));
#17506=CARTESIAN_POINT('',(-0.925,2.5,0.));
#17507=CARTESIAN_POINT('',(-94.94,2.5,5.55111512312578E-17));
#17508=CARTESIAN_POINT('',(-0.575,2.5,0.));
#17509=CARTESIAN_POINT('',(-0.575,0.,0.));
#17510=CARTESIAN_POINT('',(-0.575,2.42504878728,1.35525271560688E-17));
#17511=CARTESIAN_POINT('',(0.,2.42504878728,0.));
#17512=CARTESIAN_POINT('',(-0.425,2.42504878728,1.35525271560688E-17));
#17513=CARTESIAN_POINT('',(-0.425,0.,0.));
#17514=CARTESIAN_POINT('',(-0.425,2.5,0.));
#17515=CARTESIAN_POINT('',(-94.94,2.5,5.55111512312578E-17));
#17516=CARTESIAN_POINT('',(-0.0750000000000004,2.5,0.));
#17517=CARTESIAN_POINT('',(-0.0750000000000004,0.,0.));
#17518=CARTESIAN_POINT('',(-0.0750000000000004,2.42504878728,1.35525271560688E-17));
#17519=CARTESIAN_POINT('',(0.,2.42504878728,0.));
#17520=CARTESIAN_POINT('',(0.075,2.42504878728,1.35525271560688E-17));
#17521=CARTESIAN_POINT('',(0.075,0.,0.));
#17522=CARTESIAN_POINT('',(0.0749999999999995,2.5,0.));
#17523=CARTESIAN_POINT('',(-94.94,2.5,5.55111512312578E-17));
#17524=CARTESIAN_POINT('',(0.424999999999999,2.5,0.));
#17525=CARTESIAN_POINT('',(0.425,0.,0.));
#17526=CARTESIAN_POINT('',(0.425,2.42504878728,1.35525271560688E-17));
#17527=CARTESIAN_POINT('',(0.,2.42504878728,0.));
#17528=CARTESIAN_POINT('',(0.575,2.42504878728,1.35525271560688E-17));
#17529=CARTESIAN_POINT('',(0.575,0.,0.));
#17530=CARTESIAN_POINT('',(0.575,2.5,0.));
#17531=CARTESIAN_POINT('',(-94.94,2.5,5.55111512312578E-17));
#17532=CARTESIAN_POINT('',(0.925,2.5,0.));
#17533=CARTESIAN_POINT('',(0.925,0.,0.));
#17534=CARTESIAN_POINT('',(0.925,2.42504878728,1.35525271560688E-17));
#17535=CARTESIAN_POINT('',(0.,2.42504878728,0.));
#17536=CARTESIAN_POINT('',(1.075,2.42504878728,1.35525271560688E-17));
#17537=CARTESIAN_POINT('',(1.075,0.,0.));
#17538=CARTESIAN_POINT('',(1.075,2.5,0.));
#17539=CARTESIAN_POINT('',(-94.94,2.5,5.55111512312578E-17));
#17540=CARTESIAN_POINT('',(1.425,2.5,0.));
#17541=CARTESIAN_POINT('',(1.425,0.,0.));
#17542=CARTESIAN_POINT('',(1.425,2.42504878728,1.35525271560688E-17));
#17543=CARTESIAN_POINT('',(0.,2.42504878728,0.));
#17544=CARTESIAN_POINT('',(1.575,2.42504878728,1.35525271560688E-17));
#17545=CARTESIAN_POINT('',(1.575,0.,0.));
#17546=CARTESIAN_POINT('',(1.575,2.5,0.));
#17547=CARTESIAN_POINT('',(-94.94,2.5,5.55111512312578E-17));
#17548=CARTESIAN_POINT('',(1.925,2.5,0.));
#17549=CARTESIAN_POINT('',(1.925,0.,0.));
#17550=CARTESIAN_POINT('',(1.925,2.42504878728,1.35525271560688E-17));
#17551=CARTESIAN_POINT('',(0.,2.42504878728,0.));
#17552=CARTESIAN_POINT('',(2.075,2.42504878728,1.35525271560688E-17));
#17553=CARTESIAN_POINT('',(2.075,0.,0.));
#17554=CARTESIAN_POINT('',(2.075,2.5,0.));
#17555=CARTESIAN_POINT('',(-94.94,2.5,5.55111512312578E-17));
#17556=CARTESIAN_POINT('',(2.425,2.5,0.));
#17557=CARTESIAN_POINT('',(2.425,0.,0.));
#17558=CARTESIAN_POINT('',(2.425,2.42504878728,1.35525271560688E-17));
#17559=CARTESIAN_POINT('',(0.,2.42504878728,0.));
#17560=CARTESIAN_POINT('',(2.575,2.42504878728,1.35525271560688E-17));
#17561=CARTESIAN_POINT('',(2.575,0.,0.));
#17562=CARTESIAN_POINT('',(2.575,2.5,0.));
#17563=CARTESIAN_POINT('',(-94.94,2.5,5.55111512312578E-17));
#17564=CARTESIAN_POINT('',(2.925,2.5,0.));
#17565=CARTESIAN_POINT('',(2.925,0.,0.));
#17566=CARTESIAN_POINT('',(2.925,2.42504878728,1.35525271560688E-17));
#17567=CARTESIAN_POINT('',(0.,2.42504878728,0.));
#17568=CARTESIAN_POINT('',(3.075,2.42504878728,1.35525271560688E-17));
#17569=CARTESIAN_POINT('',(3.075,0.,0.));
#17570=CARTESIAN_POINT('',(3.075,2.5,0.));
#17571=CARTESIAN_POINT('',(-94.94,2.5,5.55111512312578E-17));
#17572=CARTESIAN_POINT('',(3.425,2.5,5.55111512312578E-17));
#17573=CARTESIAN_POINT('',(3.425,0.,0.));
#17574=CARTESIAN_POINT('',(3.425,2.42504878728,5.42101086242752E-17));
#17575=CARTESIAN_POINT('',(3.425,2.42504878728,5.42101086242752E-17));
#17576=CARTESIAN_POINT('',(3.575,2.42504878728,1.03336324648873E-15));
#17577=CARTESIAN_POINT('',(3.575,0.,0.));
#17578=CARTESIAN_POINT('',(3.57499999999999,2.5,5.55111512312578E-17));
#17579=CARTESIAN_POINT('',(-94.94,2.5,5.55111512312578E-17));
#17580=CARTESIAN_POINT('',(5.05,2.5,5.55111512312578E-17));
#17581=CARTESIAN_POINT('',(5.05,-2.5,0.));
#17582=CARTESIAN_POINT('',(5.05,-2.5,5.42101086242752E-17));
#17583=CARTESIAN_POINT('',(-94.94,-2.5,5.42101086242752E-17));
#17584=CARTESIAN_POINT('',(3.575,-2.5,6.93889390390726E-16));
#17585=CARTESIAN_POINT('',(3.575,0.,0.));
#17586=CARTESIAN_POINT('',(3.575,-2.42504878728,7.43118939616762E-16));
#17587=CARTESIAN_POINT('',(3.425,-2.42504878728,3.3881317890172E-17));
#17588=CARTESIAN_POINT('',(3.425,-2.42504878728,7.43118939616762E-16));
#17589=CARTESIAN_POINT('',(3.425,0.,0.));
#17590=CARTESIAN_POINT('',(3.425,-2.5,6.93889390390726E-16));
#17591=CARTESIAN_POINT('',(-94.94,-2.5,5.42101086242752E-17));
#17592=CARTESIAN_POINT('',(3.07499999999999,-2.5,5.42101086242752E-17));
#17593=CARTESIAN_POINT('',(3.075,0.,0.));
#17594=CARTESIAN_POINT('',(3.075,-2.42504878728,5.42101086242752E-17));
#17595=CARTESIAN_POINT('',(0.,-2.42504878728,0.));
#17596=CARTESIAN_POINT('',(0.,0.,0.));
#17597=CARTESIAN_POINT('',(2.925,-2.5,1.15));
#17598=CARTESIAN_POINT('',(2.925,-2.5,0.230229130734966));
#17599=CARTESIAN_POINT('',(2.925,-2.5,0.230229130734966));
#17600=CARTESIAN_POINT('',(3.075,-2.5,0.230229130734966));
#17601=CARTESIAN_POINT('',(3.075,-2.5,1.15));
#17602=CARTESIAN_POINT('',(3.425,-2.5,0.));
#17603=CARTESIAN_POINT('',(3.425,-2.5,0.230229130734966));
#17604=CARTESIAN_POINT('',(3.425,-2.5,0.230229130734966));
#17605=CARTESIAN_POINT('',(3.575,-2.5,0.230229130734966));
#17606=CARTESIAN_POINT('',(3.575,-2.5,0.));
#17607=CARTESIAN_POINT('',(5.05,-2.5,1.15));
#17608=CARTESIAN_POINT('',(5.05,-2.5,1.15));
#17609=CARTESIAN_POINT('',(-5.05,-2.5,1.15));
#17610=CARTESIAN_POINT('',(-5.05,-2.5,1.15));
#17611=CARTESIAN_POINT('',(-5.05,-2.5,1.15));
#17612=CARTESIAN_POINT('',(-3.575,-2.5,1.15));
#17613=CARTESIAN_POINT('',(-3.575,-2.5,0.230229130734966));
#17614=CARTESIAN_POINT('',(-3.575,-2.5,0.230229130734966));
#17615=CARTESIAN_POINT('',(-3.425,-2.5,0.230229130734966));
#17616=CARTESIAN_POINT('',(-3.425,-2.5,1.15));
#17617=CARTESIAN_POINT('',(-3.075,-2.5,1.15));
#17618=CARTESIAN_POINT('',(-3.075,-2.5,0.230229130734966));
#17619=CARTESIAN_POINT('',(-3.075,-2.5,0.230229130734966));
#17620=CARTESIAN_POINT('',(-2.925,-2.5,0.230229130734966));
#17621=CARTESIAN_POINT('',(-2.925,-2.5,1.15));
#17622=CARTESIAN_POINT('',(-2.575,-2.5,1.15));
#17623=CARTESIAN_POINT('',(-2.575,-2.5,0.230229130734966));
#17624=CARTESIAN_POINT('',(-2.575,-2.5,0.230229130734966));
#17625=CARTESIAN_POINT('',(-2.425,-2.5,0.230229130734966));
#17626=CARTESIAN_POINT('',(-2.425,-2.5,1.15));
#17627=CARTESIAN_POINT('',(-2.075,-2.5,1.15));
#17628=CARTESIAN_POINT('',(-2.075,-2.5,0.230229130734966));
#17629=CARTESIAN_POINT('',(-2.075,-2.5,0.230229130734966));
#17630=CARTESIAN_POINT('',(-1.925,-2.5,0.230229130734966));
#17631=CARTESIAN_POINT('',(-1.925,-2.5,1.15));
#17632=CARTESIAN_POINT('',(-1.575,-2.5,1.15));
#17633=CARTESIAN_POINT('',(-1.575,-2.5,0.230229130734966));
#17634=CARTESIAN_POINT('',(-1.575,-2.5,0.230229130734966));
#17635=CARTESIAN_POINT('',(-1.425,-2.5,0.230229130734966));
#17636=CARTESIAN_POINT('',(-1.425,-2.5,1.15));
#17637=CARTESIAN_POINT('',(-1.075,-2.5,1.15));
#17638=CARTESIAN_POINT('',(-1.075,-2.5,0.230229130734966));
#17639=CARTESIAN_POINT('',(-1.075,-2.5,0.230229130734966));
#17640=CARTESIAN_POINT('',(-0.925,-2.5,0.230229130734966));
#17641=CARTESIAN_POINT('',(-0.925,-2.5,1.15));
#17642=CARTESIAN_POINT('',(-0.575,-2.5,1.15));
#17643=CARTESIAN_POINT('',(-0.575,-2.5,0.230229130734966));
#17644=CARTESIAN_POINT('',(-0.575,-2.5,0.230229130734966));
#17645=CARTESIAN_POINT('',(-0.425,-2.5,0.230229130734966));
#17646=CARTESIAN_POINT('',(-0.425,-2.5,1.15));
#17647=CARTESIAN_POINT('',(-0.0750000000000004,-2.5,1.15));
#17648=CARTESIAN_POINT('',(-0.0750000000000004,-2.5,0.230229130734966));
#17649=CARTESIAN_POINT('',(-0.0750000000000004,-2.5,0.230229130734966));
#17650=CARTESIAN_POINT('',(0.075,-2.5,0.230229130734966));
#17651=CARTESIAN_POINT('',(0.0749999999999995,-2.5,1.15));
#17652=CARTESIAN_POINT('',(0.424999999999999,-2.5,1.15));
#17653=CARTESIAN_POINT('',(0.425,-2.5,0.230229130734966));
#17654=CARTESIAN_POINT('',(0.425,-2.5,0.230229130734966));
#17655=CARTESIAN_POINT('',(0.575,-2.5,0.230229130734966));
#17656=CARTESIAN_POINT('',(0.575,-2.5,1.15));
#17657=CARTESIAN_POINT('',(0.925,-2.5,1.15));
#17658=CARTESIAN_POINT('',(0.925,-2.5,0.230229130734966));
#17659=CARTESIAN_POINT('',(0.925,-2.5,0.230229130734966));
#17660=CARTESIAN_POINT('',(1.075,-2.5,0.230229130734966));
#17661=CARTESIAN_POINT('',(1.075,-2.5,1.15));
#17662=CARTESIAN_POINT('',(1.425,-2.5,1.15));
#17663=CARTESIAN_POINT('',(1.425,-2.5,0.230229130734966));
#17664=CARTESIAN_POINT('',(1.425,-2.5,0.230229130734966));
#17665=CARTESIAN_POINT('',(1.575,-2.5,0.230229130734966));
#17666=CARTESIAN_POINT('',(1.575,-2.5,1.15));
#17667=CARTESIAN_POINT('',(1.925,-2.5,1.15));
#17668=CARTESIAN_POINT('',(1.925,-2.5,0.230229130734966));
#17669=CARTESIAN_POINT('',(1.925,-2.5,0.230229130734966));
#17670=CARTESIAN_POINT('',(2.075,-2.5,0.230229130734966));
#17671=CARTESIAN_POINT('',(2.075,-2.5,1.15));
#17672=CARTESIAN_POINT('',(2.425,-2.5,1.15));
#17673=CARTESIAN_POINT('',(2.425,-2.5,0.230229130734966));
#17674=CARTESIAN_POINT('',(2.425,-2.5,0.230229130734966));
#17675=CARTESIAN_POINT('',(2.575,-2.5,0.230229130734966));
#17676=CARTESIAN_POINT('',(2.575,-2.5,1.15));
#17677=CARTESIAN_POINT('',(-5.05,-2.5,1.15));
#17678=CARTESIAN_POINT('',(2.425,-0.824999999999999,9.16));
#17679=CARTESIAN_POINT('',(2.425,-0.824999999999999,1.05933820836326));
#17680=CARTESIAN_POINT('',(2.425,-0.824999999999999,0.87));
#17681=CARTESIAN_POINT('',(2.425,-0.824999999999999,1.05933820836326));
#17682=CARTESIAN_POINT('',(2.575,-0.824999999999999,1.05933820836326));
#17683=CARTESIAN_POINT('',(2.575,-0.824999999999999,9.16));
#17684=CARTESIAN_POINT('',(2.575,-0.824999999999999,0.869999999999999));
#17685=CARTESIAN_POINT('',(-4.,-0.824999999999999,0.869999999999999));
#17686=CARTESIAN_POINT('',(1.425,-0.824999999999999,9.16));
#17687=CARTESIAN_POINT('',(1.425,-0.824999999999999,1.05933820836326));
#17688=CARTESIAN_POINT('',(1.425,-0.824999999999999,0.87));
#17689=CARTESIAN_POINT('',(1.425,-0.824999999999999,1.05933820836326));
#17690=CARTESIAN_POINT('',(1.575,-0.824999999999999,1.05933820836326));
#17691=CARTESIAN_POINT('',(1.575,-0.824999999999999,9.16));
#17692=CARTESIAN_POINT('',(1.575,-0.824999999999999,0.869999999999999));
#17693=CARTESIAN_POINT('',(-4.,-0.824999999999999,0.869999999999999));
#17694=CARTESIAN_POINT('',(0.425,-0.824999999999999,9.16));
#17695=CARTESIAN_POINT('',(0.425,-0.824999999999999,1.05933820836326));
#17696=CARTESIAN_POINT('',(0.425,-0.824999999999999,0.87));
#17697=CARTESIAN_POINT('',(0.425,-0.824999999999999,1.05933820836326));
#17698=CARTESIAN_POINT('',(0.575,-0.824999999999999,1.05933820836326));
#17699=CARTESIAN_POINT('',(0.575,-0.824999999999999,9.16));
#17700=CARTESIAN_POINT('',(0.575,-0.824999999999999,0.869999999999999));
#17701=CARTESIAN_POINT('',(-4.,-0.824999999999999,0.869999999999999));
#17702=CARTESIAN_POINT('',(-0.575,-0.824999999999999,9.16));
#17703=CARTESIAN_POINT('',(-0.575,-0.824999999999999,1.05933820836326));
#17704=CARTESIAN_POINT('',(-0.575,-0.824999999999999,0.87));
#17705=CARTESIAN_POINT('',(-0.575,-0.824999999999999,1.05933820836326));
#17706=CARTESIAN_POINT('',(-0.425,-0.824999999999999,1.05933820836326));
#17707=CARTESIAN_POINT('',(-0.425,-0.824999999999999,9.16));
#17708=CARTESIAN_POINT('',(-0.425,-0.824999999999999,0.869999999999999));
#17709=CARTESIAN_POINT('',(-4.,-0.824999999999999,0.869999999999999));
#17710=CARTESIAN_POINT('',(-1.575,-0.824999999999999,9.16));
#17711=CARTESIAN_POINT('',(-1.575,-0.824999999999999,1.05933820836326));
#17712=CARTESIAN_POINT('',(-1.575,-0.824999999999999,0.87));
#17713=CARTESIAN_POINT('',(-1.575,-0.824999999999999,1.05933820836326));
#17714=CARTESIAN_POINT('',(-1.425,-0.824999999999999,1.05933820836326));
#17715=CARTESIAN_POINT('',(-1.425,-0.824999999999999,9.16));
#17716=CARTESIAN_POINT('',(-1.425,-0.824999999999999,0.869999999999999));
#17717=CARTESIAN_POINT('',(-4.,-0.824999999999999,0.869999999999999));
#17718=CARTESIAN_POINT('',(-2.575,-0.824999999999999,9.16));
#17719=CARTESIAN_POINT('',(-2.575,-0.824999999999999,1.05933820836326));
#17720=CARTESIAN_POINT('',(-2.575,-0.824999999999999,0.87));
#17721=CARTESIAN_POINT('',(-2.575,-0.824999999999999,1.05933820836326));
#17722=CARTESIAN_POINT('',(-2.425,-0.824999999999999,1.05933820836326));
#17723=CARTESIAN_POINT('',(-2.425,-0.824999999999999,9.16));
#17724=CARTESIAN_POINT('',(-2.425,-0.824999999999999,0.869999999999999));
#17725=CARTESIAN_POINT('',(-4.,-0.824999999999999,0.869999999999999));
#17726=CARTESIAN_POINT('',(-3.575,-0.824999999999999,9.16));
#17727=CARTESIAN_POINT('',(-3.575,-0.824999999999999,1.05933820836326));
#17728=CARTESIAN_POINT('',(-3.575,-0.824999999999999,0.87));
#17729=CARTESIAN_POINT('',(-3.575,-0.824999999999999,1.05933820836326));
#17730=CARTESIAN_POINT('',(-3.425,-0.824999999999999,1.05933820836326));
#17731=CARTESIAN_POINT('',(-3.425,-0.824999999999999,9.16));
#17732=CARTESIAN_POINT('',(-3.425,-0.824999999999999,0.869999999999999));
#17733=CARTESIAN_POINT('',(-4.,-0.824999999999999,0.869999999999999));
#17734=CARTESIAN_POINT('',(-4.,-0.824999999999999,1.15));
#17735=CARTESIAN_POINT('',(-4.,-0.824999999999999,1.15));
#17736=CARTESIAN_POINT('',(4.,-0.824999999999999,1.15));
#17737=CARTESIAN_POINT('',(-4.,-0.824999999999999,9.16));
#17738=CARTESIAN_POINT('',(-4.,-0.824999999999999,0.25));
#17739=CARTESIAN_POINT('',(-4.,-0.824999999999999,0.25));
#17740=CARTESIAN_POINT('',(4.,-0.824999999999999,0.25));
#17741=CARTESIAN_POINT('',(4.,-0.824999999999999,9.16));
#17742=CARTESIAN_POINT('',(3.425,-0.824999999999999,9.16));
#17743=CARTESIAN_POINT('',(3.425,-0.824999999999999,1.05933820836326));
#17744=CARTESIAN_POINT('',(3.425,-0.824999999999999,0.87));
#17745=CARTESIAN_POINT('',(3.425,-0.824999999999999,1.05933820836326));
#17746=CARTESIAN_POINT('',(3.575,-0.824999999999999,1.05933820836326));
#17747=CARTESIAN_POINT('',(3.575,-0.824999999999999,9.16));
#17748=CARTESIAN_POINT('',(3.575,-0.824999999999999,0.869999999999999));
#17749=CARTESIAN_POINT('',(-4.,-0.824999999999999,0.869999999999999));
#17750=CARTESIAN_POINT('',(-3.075,-0.824999999999999,9.16));
#17751=CARTESIAN_POINT('',(-3.075,-0.824999999999999,1.05933820836326));
#17752=CARTESIAN_POINT('',(-3.075,-0.824999999999999,0.87));
#17753=CARTESIAN_POINT('',(-3.075,-0.824999999999999,1.05933820836326));
#17754=CARTESIAN_POINT('',(-2.925,-0.824999999999999,1.05933820836326));
#17755=CARTESIAN_POINT('',(-2.925,-0.824999999999999,9.16));
#17756=CARTESIAN_POINT('',(-2.925,-0.824999999999999,0.869999999999999));
#17757=CARTESIAN_POINT('',(-4.,-0.824999999999999,0.869999999999999));
#17758=CARTESIAN_POINT('',(-2.075,-0.824999999999999,9.16));
#17759=CARTESIAN_POINT('',(-2.075,-0.824999999999999,1.05933820836326));
#17760=CARTESIAN_POINT('',(-2.075,-0.824999999999999,0.87));
#17761=CARTESIAN_POINT('',(-2.075,-0.824999999999999,1.05933820836326));
#17762=CARTESIAN_POINT('',(-1.925,-0.824999999999999,1.05933820836326));
#17763=CARTESIAN_POINT('',(-1.925,-0.824999999999999,9.16));
#17764=CARTESIAN_POINT('',(-1.925,-0.824999999999999,0.869999999999999));
#17765=CARTESIAN_POINT('',(-4.,-0.824999999999999,0.869999999999999));
#17766=CARTESIAN_POINT('',(-1.075,-0.824999999999999,9.16));
#17767=CARTESIAN_POINT('',(-1.075,-0.824999999999999,1.05933820836326));
#17768=CARTESIAN_POINT('',(-1.075,-0.824999999999999,0.87));
#17769=CARTESIAN_POINT('',(-1.075,-0.824999999999999,1.05933820836326));
#17770=CARTESIAN_POINT('',(-0.925,-0.824999999999999,1.05933820836326));
#17771=CARTESIAN_POINT('',(-0.925,-0.824999999999999,9.16));
#17772=CARTESIAN_POINT('',(-0.925,-0.824999999999999,0.869999999999999));
#17773=CARTESIAN_POINT('',(-4.,-0.824999999999999,0.869999999999999));
#17774=CARTESIAN_POINT('',(-0.0750000000000004,-0.824999999999999,9.16));
#17775=CARTESIAN_POINT('',(-0.0750000000000004,-0.824999999999999,1.05933820836326));
#17776=CARTESIAN_POINT('',(-0.0750000000000004,-0.824999999999999,0.87));
#17777=CARTESIAN_POINT('',(-0.0750000000000004,-0.824999999999999,1.05933820836326));
#17778=CARTESIAN_POINT('',(0.075,-0.824999999999999,1.05933820836326));
#17779=CARTESIAN_POINT('',(0.0750000000000004,-0.824999999999999,9.16));
#17780=CARTESIAN_POINT('',(0.0750000000000004,-0.824999999999999,0.869999999999999));
#17781=CARTESIAN_POINT('',(-4.,-0.824999999999999,0.869999999999999));
#17782=CARTESIAN_POINT('',(0.925,-0.824999999999999,9.16));
#17783=CARTESIAN_POINT('',(0.925,-0.824999999999999,1.05933820836326));
#17784=CARTESIAN_POINT('',(0.925,-0.824999999999999,0.87));
#17785=CARTESIAN_POINT('',(0.925,-0.824999999999999,1.05933820836326));
#17786=CARTESIAN_POINT('',(1.075,-0.824999999999999,1.05933820836326));
#17787=CARTESIAN_POINT('',(1.075,-0.824999999999999,9.16));
#17788=CARTESIAN_POINT('',(1.075,-0.824999999999999,0.869999999999999));
#17789=CARTESIAN_POINT('',(-4.,-0.824999999999999,0.869999999999999));
#17790=CARTESIAN_POINT('',(1.925,-0.824999999999999,9.16));
#17791=CARTESIAN_POINT('',(1.925,-0.824999999999999,1.05933820836326));
#17792=CARTESIAN_POINT('',(1.925,-0.824999999999999,0.87));
#17793=CARTESIAN_POINT('',(1.925,-0.824999999999999,1.05933820836326));
#17794=CARTESIAN_POINT('',(2.075,-0.824999999999999,1.05933820836326));
#17795=CARTESIAN_POINT('',(2.075,-0.824999999999999,9.16));
#17796=CARTESIAN_POINT('',(2.075,-0.824999999999999,0.869999999999999));
#17797=CARTESIAN_POINT('',(-4.,-0.824999999999999,0.869999999999999));
#17798=CARTESIAN_POINT('',(2.925,-0.824999999999999,9.16));
#17799=CARTESIAN_POINT('',(2.925,-0.824999999999999,1.05933820836326));
#17800=CARTESIAN_POINT('',(2.925,-0.824999999999999,0.87));
#17801=CARTESIAN_POINT('',(2.925,-0.824999999999999,1.05933820836326));
#17802=CARTESIAN_POINT('',(3.075,-0.824999999999999,1.05933820836326));
#17803=CARTESIAN_POINT('',(3.075,-0.824999999999999,9.16));
#17804=CARTESIAN_POINT('',(3.075,-0.824999999999999,0.869999999999999));
#17805=CARTESIAN_POINT('',(-4.,-0.824999999999999,0.869999999999999));
#17806=CARTESIAN_POINT('',(-4.,-0.824999999999999,9.16));
#17807=CARTESIAN_POINT('',(2.425,1.43,0.25));
#17808=CARTESIAN_POINT('',(2.425,1.43,0.922477628849668));
#17809=CARTESIAN_POINT('',(2.425,1.43,0.647522729151325));
#17810=CARTESIAN_POINT('',(2.425,1.43,0.922477628849668));
#17811=CARTESIAN_POINT('',(2.575,1.43,0.922477628849668));
#17812=CARTESIAN_POINT('',(2.575,1.43,0.25));
#17813=CARTESIAN_POINT('',(2.575,1.43,0.647522729151325));
#17814=CARTESIAN_POINT('',(2.575,1.43,0.25));
#17815=CARTESIAN_POINT('',(2.575,1.43,0.635));
#17816=CARTESIAN_POINT('',(4.55,1.43,0.635));
#17817=CARTESIAN_POINT('',(2.425,1.43,0.635));
#17818=CARTESIAN_POINT('',(2.425,1.43,0.25));
#17819=CARTESIAN_POINT('',(1.425,1.43,0.25));
#17820=CARTESIAN_POINT('',(1.425,1.43,0.922477628849668));
#17821=CARTESIAN_POINT('',(1.425,1.43,0.647522729151325));
#17822=CARTESIAN_POINT('',(1.425,1.43,0.922477628849668));
#17823=CARTESIAN_POINT('',(1.575,1.43,0.922477628849668));
#17824=CARTESIAN_POINT('',(1.575,1.43,0.25));
#17825=CARTESIAN_POINT('',(1.575,1.43,0.647522729151325));
#17826=CARTESIAN_POINT('',(1.575,1.43,0.25));
#17827=CARTESIAN_POINT('',(1.575,1.43,0.635));
#17828=CARTESIAN_POINT('',(4.55,1.43,0.635));
#17829=CARTESIAN_POINT('',(1.425,1.43,0.635));
#17830=CARTESIAN_POINT('',(1.425,1.43,0.25));
#17831=CARTESIAN_POINT('',(0.425,1.43,0.25));
#17832=CARTESIAN_POINT('',(0.425,1.43,0.922477628849668));
#17833=CARTESIAN_POINT('',(0.425,1.43,0.647522729151325));
#17834=CARTESIAN_POINT('',(0.425,1.43,0.922477628849668));
#17835=CARTESIAN_POINT('',(0.575,1.43,0.922477628849668));
#17836=CARTESIAN_POINT('',(0.575,1.43,0.25));
#17837=CARTESIAN_POINT('',(0.575,1.43,0.647522729151325));
#17838=CARTESIAN_POINT('',(0.575,1.43,0.25));
#17839=CARTESIAN_POINT('',(0.575,1.43,0.635));
#17840=CARTESIAN_POINT('',(4.55,1.43,0.635));
#17841=CARTESIAN_POINT('',(0.425,1.43,0.635));
#17842=CARTESIAN_POINT('',(0.425,1.43,0.25));
#17843=CARTESIAN_POINT('',(-0.575000000000001,1.43,0.25));
#17844=CARTESIAN_POINT('',(-0.575,1.43,0.922477628849668));
#17845=CARTESIAN_POINT('',(-0.575,1.43,0.647522729151325));
#17846=CARTESIAN_POINT('',(-0.575,1.43,0.922477628849668));
#17847=CARTESIAN_POINT('',(-0.425,1.43,0.922477628849668));
#17848=CARTESIAN_POINT('',(-0.425,1.43,0.25));
#17849=CARTESIAN_POINT('',(-0.425,1.43,0.647522729151325));
#17850=CARTESIAN_POINT('',(-0.425,1.43,0.25));
#17851=CARTESIAN_POINT('',(-0.425,1.43,0.635));
#17852=CARTESIAN_POINT('',(4.55,1.43,0.635));
#17853=CARTESIAN_POINT('',(-0.575,1.43,0.635));
#17854=CARTESIAN_POINT('',(-0.575000000000001,1.43,0.25));
#17855=CARTESIAN_POINT('',(-1.575,1.43,0.25));
#17856=CARTESIAN_POINT('',(-1.575,1.43,0.922477628849668));
#17857=CARTESIAN_POINT('',(-1.575,1.43,0.647522729151325));
#17858=CARTESIAN_POINT('',(-1.575,1.43,0.922477628849668));
#17859=CARTESIAN_POINT('',(-1.425,1.43,0.922477628849668));
#17860=CARTESIAN_POINT('',(-1.425,1.43,0.25));
#17861=CARTESIAN_POINT('',(-1.425,1.43,0.647522729151325));
#17862=CARTESIAN_POINT('',(-1.425,1.43,0.25));
#17863=CARTESIAN_POINT('',(-1.425,1.43,0.635));
#17864=CARTESIAN_POINT('',(4.55,1.43,0.635));
#17865=CARTESIAN_POINT('',(-1.575,1.43,0.635));
#17866=CARTESIAN_POINT('',(-1.575,1.43,0.25));
#17867=CARTESIAN_POINT('',(-2.575,1.43,0.25));
#17868=CARTESIAN_POINT('',(-2.575,1.43,0.922477628849668));
#17869=CARTESIAN_POINT('',(-2.575,1.43,0.647522729151325));
#17870=CARTESIAN_POINT('',(-2.575,1.43,0.922477628849668));
#17871=CARTESIAN_POINT('',(-2.425,1.43,0.922477628849668));
#17872=CARTESIAN_POINT('',(-2.425,1.43,0.25));
#17873=CARTESIAN_POINT('',(-2.425,1.43,0.647522729151325));
#17874=CARTESIAN_POINT('',(-2.425,1.43,0.25));
#17875=CARTESIAN_POINT('',(-2.425,1.43,0.635));
#17876=CARTESIAN_POINT('',(4.55,1.43,0.635));
#17877=CARTESIAN_POINT('',(-2.575,1.43,0.635));
#17878=CARTESIAN_POINT('',(-2.575,1.43,0.25));
#17879=CARTESIAN_POINT('',(-3.575,1.43,0.25));
#17880=CARTESIAN_POINT('',(-3.575,1.43,0.922477628849668));
#17881=CARTESIAN_POINT('',(-3.575,1.43,0.647522729151325));
#17882=CARTESIAN_POINT('',(-3.575,1.43,0.922477628849668));
#17883=CARTESIAN_POINT('',(-3.425,1.43,0.922477628849668));
#17884=CARTESIAN_POINT('',(-3.425,1.43,0.25));
#17885=CARTESIAN_POINT('',(-3.425,1.43,0.647522729151325));
#17886=CARTESIAN_POINT('',(-3.425,1.43,0.25));
#17887=CARTESIAN_POINT('',(-3.425,1.43,0.635));
#17888=CARTESIAN_POINT('',(4.55,1.43,0.635));
#17889=CARTESIAN_POINT('',(-3.575,1.43,0.635));
#17890=CARTESIAN_POINT('',(-3.575,1.43,0.25));
#17891=CARTESIAN_POINT('',(4.55,1.43,1.15));
#17892=CARTESIAN_POINT('',(4.55,1.43,1.15));
#17893=CARTESIAN_POINT('',(-4.55,1.43,1.15));
#17894=CARTESIAN_POINT('',(-4.55,1.43,0.25));
#17895=CARTESIAN_POINT('',(-4.55,1.43,0.25));
#17896=CARTESIAN_POINT('',(4.55,1.43,0.25));
#17897=CARTESIAN_POINT('',(4.55,1.43,0.25));
#17898=CARTESIAN_POINT('',(4.55,1.43,0.25));
#17899=CARTESIAN_POINT('',(3.425,1.43,0.25));
#17900=CARTESIAN_POINT('',(3.425,1.43,0.922477628849668));
#17901=CARTESIAN_POINT('',(3.425,1.43,0.647522729151325));
#17902=CARTESIAN_POINT('',(3.425,1.43,0.922477628849668));
#17903=CARTESIAN_POINT('',(3.575,1.43,0.922477628849668));
#17904=CARTESIAN_POINT('',(3.575,1.43,0.25));
#17905=CARTESIAN_POINT('',(3.575,1.43,0.647522729151325));
#17906=CARTESIAN_POINT('',(3.575,1.43,0.25));
#17907=CARTESIAN_POINT('',(3.575,1.43,0.635));
#17908=CARTESIAN_POINT('',(4.55,1.43,0.635));
#17909=CARTESIAN_POINT('',(3.425,1.43,0.635));
#17910=CARTESIAN_POINT('',(3.425,1.43,0.25));
#17911=CARTESIAN_POINT('',(-3.075,1.43,0.25));
#17912=CARTESIAN_POINT('',(-3.075,1.43,0.922477628849668));
#17913=CARTESIAN_POINT('',(-3.075,1.43,0.647522729151325));
#17914=CARTESIAN_POINT('',(-3.075,1.43,0.922477628849668));
#17915=CARTESIAN_POINT('',(-2.925,1.43,0.922477628849668));
#17916=CARTESIAN_POINT('',(-2.925,1.43,0.25));
#17917=CARTESIAN_POINT('',(-2.925,1.43,0.647522729151325));
#17918=CARTESIAN_POINT('',(-2.925,1.43,0.25));
#17919=CARTESIAN_POINT('',(-2.925,1.43,0.635));
#17920=CARTESIAN_POINT('',(4.55,1.43,0.635));
#17921=CARTESIAN_POINT('',(-3.075,1.43,0.635));
#17922=CARTESIAN_POINT('',(-3.075,1.43,0.25));
#17923=CARTESIAN_POINT('',(-2.075,1.43,0.25));
#17924=CARTESIAN_POINT('',(-2.075,1.43,0.922477628849668));
#17925=CARTESIAN_POINT('',(-2.075,1.43,0.647522729151325));
#17926=CARTESIAN_POINT('',(-2.075,1.43,0.922477628849668));
#17927=CARTESIAN_POINT('',(-1.925,1.43,0.922477628849668));
#17928=CARTESIAN_POINT('',(-1.925,1.43,0.25));
#17929=CARTESIAN_POINT('',(-1.925,1.43,0.647522729151325));
#17930=CARTESIAN_POINT('',(-1.925,1.43,0.25));
#17931=CARTESIAN_POINT('',(-1.925,1.43,0.635));
#17932=CARTESIAN_POINT('',(4.55,1.43,0.635));
#17933=CARTESIAN_POINT('',(-2.075,1.43,0.635));
#17934=CARTESIAN_POINT('',(-2.075,1.43,0.25));
#17935=CARTESIAN_POINT('',(-1.075,1.43,0.25));
#17936=CARTESIAN_POINT('',(-1.075,1.43,0.922477628849668));
#17937=CARTESIAN_POINT('',(-1.075,1.43,0.647522729151325));
#17938=CARTESIAN_POINT('',(-1.075,1.43,0.922477628849668));
#17939=CARTESIAN_POINT('',(-0.925,1.43,0.922477628849668));
#17940=CARTESIAN_POINT('',(-0.925,1.43,0.25));
#17941=CARTESIAN_POINT('',(-0.925,1.43,0.647522729151325));
#17942=CARTESIAN_POINT('',(-0.925,1.43,0.25));
#17943=CARTESIAN_POINT('',(-0.925,1.43,0.635));
#17944=CARTESIAN_POINT('',(4.55,1.43,0.635));
#17945=CARTESIAN_POINT('',(-1.075,1.43,0.635));
#17946=CARTESIAN_POINT('',(-1.075,1.43,0.25));
#17947=CARTESIAN_POINT('',(-0.0750000000000004,1.43,0.25));
#17948=CARTESIAN_POINT('',(-0.0750000000000004,1.43,0.922477628849668));
#17949=CARTESIAN_POINT('',(-0.0750000000000004,1.43,0.647522729151325));
#17950=CARTESIAN_POINT('',(-0.0750000000000004,1.43,0.922477628849668));
#17951=CARTESIAN_POINT('',(0.075,1.43,0.922477628849668));
#17952=CARTESIAN_POINT('',(0.0750000000000004,1.43,0.25));
#17953=CARTESIAN_POINT('',(0.075,1.43,0.647522729151325));
#17954=CARTESIAN_POINT('',(0.0750000000000004,1.43,0.25));
#17955=CARTESIAN_POINT('',(0.0750000000000004,1.43,0.635));
#17956=CARTESIAN_POINT('',(4.55,1.43,0.635));
#17957=CARTESIAN_POINT('',(-0.0750000000000004,1.43,0.635));
#17958=CARTESIAN_POINT('',(-0.0750000000000004,1.43,0.25));
#17959=CARTESIAN_POINT('',(0.925,1.43,0.25));
#17960=CARTESIAN_POINT('',(0.925,1.43,0.922477628849668));
#17961=CARTESIAN_POINT('',(0.925,1.43,0.647522729151325));
#17962=CARTESIAN_POINT('',(0.925,1.43,0.922477628849668));
#17963=CARTESIAN_POINT('',(1.075,1.43,0.922477628849668));
#17964=CARTESIAN_POINT('',(1.075,1.43,0.25));
#17965=CARTESIAN_POINT('',(1.075,1.43,0.647522729151325));
#17966=CARTESIAN_POINT('',(1.075,1.43,0.25));
#17967=CARTESIAN_POINT('',(1.075,1.43,0.635));
#17968=CARTESIAN_POINT('',(4.55,1.43,0.635));
#17969=CARTESIAN_POINT('',(0.925,1.43,0.635));
#17970=CARTESIAN_POINT('',(0.925,1.43,0.25));
#17971=CARTESIAN_POINT('',(1.925,1.43,0.25));
#17972=CARTESIAN_POINT('',(1.925,1.43,0.922477628849668));
#17973=CARTESIAN_POINT('',(1.925,1.43,0.647522729151325));
#17974=CARTESIAN_POINT('',(1.925,1.43,0.922477628849668));
#17975=CARTESIAN_POINT('',(2.075,1.43,0.922477628849668));
#17976=CARTESIAN_POINT('',(2.075,1.43,0.25));
#17977=CARTESIAN_POINT('',(2.075,1.43,0.647522729151325));
#17978=CARTESIAN_POINT('',(2.075,1.43,0.25));
#17979=CARTESIAN_POINT('',(2.075,1.43,0.635));
#17980=CARTESIAN_POINT('',(4.55,1.43,0.635));
#17981=CARTESIAN_POINT('',(1.925,1.43,0.635));
#17982=CARTESIAN_POINT('',(1.925,1.43,0.25));
#17983=CARTESIAN_POINT('',(2.925,1.43,0.25));
#17984=CARTESIAN_POINT('',(2.925,1.43,0.922477628849668));
#17985=CARTESIAN_POINT('',(2.925,1.43,0.647522729151325));
#17986=CARTESIAN_POINT('',(2.925,1.43,0.922477628849668));
#17987=CARTESIAN_POINT('',(3.075,1.43,0.922477628849668));
#17988=CARTESIAN_POINT('',(3.075,1.43,0.25));
#17989=CARTESIAN_POINT('',(3.075,1.43,0.647522729151325));
#17990=CARTESIAN_POINT('',(3.075,1.43,0.25));
#17991=CARTESIAN_POINT('',(3.075,1.43,0.635));
#17992=CARTESIAN_POINT('',(4.55,1.43,0.635));
#17993=CARTESIAN_POINT('',(2.925,1.43,0.635));
#17994=CARTESIAN_POINT('',(2.925,1.43,0.25));
#17995=CARTESIAN_POINT('',(4.55,1.43,0.25));
#17996=CARTESIAN_POINT('',(-4.55,1.43,0.25));
#17997=CARTESIAN_POINT('',(-4.55,-1.43,0.25));
#17998=CARTESIAN_POINT('',(-4.55,-1.43,0.25));
#17999=CARTESIAN_POINT('',(4.55,-1.43,0.25));
#18000=CARTESIAN_POINT('',(4.55,-1.43,0.25));
#18001=CARTESIAN_POINT('',(-4.,0.824999999999999,0.25));
#18002=CARTESIAN_POINT('',(-4.,0.824999999999999,0.25));
#18003=CARTESIAN_POINT('',(4.,0.824999999999999,0.25));
#18004=CARTESIAN_POINT('',(4.,0.824999999999999,0.25));
#18005=CARTESIAN_POINT('',(4.,-0.824999999999999,0.25));
#18006=CARTESIAN_POINT('',(0.,0.,0.25));
#18007=CARTESIAN_POINT('',(5.05,2.5,1.15));
#18008=CARTESIAN_POINT('',(5.05,2.5,1.15));
#18009=CARTESIAN_POINT('',(5.05,-2.5,1.15));
#18010=CARTESIAN_POINT('',(5.05,-2.5,1.15));
#18011=CARTESIAN_POINT('',(-5.05,2.5,1.15));
#18012=CARTESIAN_POINT('',(-5.05,2.5,1.15));
#18013=CARTESIAN_POINT('',(-5.05,2.5,1.15));
#18014=CARTESIAN_POINT('',(-5.05,2.5,1.15));
#18015=CARTESIAN_POINT('',(-3.575,2.5,0.230229130734966));
#18016=CARTESIAN_POINT('',(-3.425,2.5,0.230229130734968));
#18017=CARTESIAN_POINT('',(-3.575,2.5,0.230229130734966));
#18018=CARTESIAN_POINT('',(-3.575,2.5,1.15));
#18019=CARTESIAN_POINT('',(5.05,2.5,1.15));
#18020=CARTESIAN_POINT('',(3.575,2.5,0.));
#18021=CARTESIAN_POINT('',(3.575,2.5,0.230229130734966));
#18022=CARTESIAN_POINT('',(3.425,2.5,0.230229130734966));
#18023=CARTESIAN_POINT('',(3.425,2.5,0.230229130734966));
#18024=CARTESIAN_POINT('',(3.425,2.5,0.));
#18025=CARTESIAN_POINT('',(3.075,2.5,1.15));
#18026=CARTESIAN_POINT('',(3.075,2.5,0.230229130734968));
#18027=CARTESIAN_POINT('',(2.925,2.5,0.230229130734966));
#18028=CARTESIAN_POINT('',(2.925,2.5,0.230229130734966));
#18029=CARTESIAN_POINT('',(2.925,2.5,1.15));
#18030=CARTESIAN_POINT('',(2.575,2.5,1.15));
#18031=CARTESIAN_POINT('',(2.575,2.5,0.230229130734968));
#18032=CARTESIAN_POINT('',(2.425,2.5,0.230229130734966));
#18033=CARTESIAN_POINT('',(2.425,2.5,0.230229130734966));
#18034=CARTESIAN_POINT('',(2.425,2.5,1.15));
#18035=CARTESIAN_POINT('',(2.075,2.5,1.15));
#18036=CARTESIAN_POINT('',(2.075,2.5,0.230229130734968));
#18037=CARTESIAN_POINT('',(1.925,2.5,0.230229130734966));
#18038=CARTESIAN_POINT('',(1.925,2.5,0.230229130734966));
#18039=CARTESIAN_POINT('',(1.925,2.5,1.15));
#18040=CARTESIAN_POINT('',(1.575,2.5,1.15));
#18041=CARTESIAN_POINT('',(1.575,2.5,0.230229130734968));
#18042=CARTESIAN_POINT('',(1.425,2.5,0.230229130734966));
#18043=CARTESIAN_POINT('',(1.425,2.5,0.230229130734966));
#18044=CARTESIAN_POINT('',(1.425,2.5,1.15));
#18045=CARTESIAN_POINT('',(1.075,2.5,1.15));
#18046=CARTESIAN_POINT('',(1.075,2.5,0.230229130734968));
#18047=CARTESIAN_POINT('',(0.925,2.5,0.230229130734966));
#18048=CARTESIAN_POINT('',(0.925,2.5,0.230229130734966));
#18049=CARTESIAN_POINT('',(0.925,2.5,1.15));
#18050=CARTESIAN_POINT('',(0.575,2.5,1.15));
#18051=CARTESIAN_POINT('',(0.575,2.5,0.230229130734968));
#18052=CARTESIAN_POINT('',(0.425,2.5,0.230229130734966));
#18053=CARTESIAN_POINT('',(0.425,2.5,0.230229130734966));
#18054=CARTESIAN_POINT('',(0.424999999999999,2.5,1.15));
#18055=CARTESIAN_POINT('',(0.0749999999999995,2.5,1.15));
#18056=CARTESIAN_POINT('',(0.0749999999999998,2.5,0.230229130734968));
#18057=CARTESIAN_POINT('',(-0.0750000000000004,2.5,0.230229130734966));
#18058=CARTESIAN_POINT('',(-0.0750000000000004,2.5,0.230229130734966));
#18059=CARTESIAN_POINT('',(-0.0750000000000004,2.5,1.15));
#18060=CARTESIAN_POINT('',(-0.425,2.5,1.15));
#18061=CARTESIAN_POINT('',(-0.425,2.5,0.230229130734968));
#18062=CARTESIAN_POINT('',(-0.575,2.5,0.230229130734966));
#18063=CARTESIAN_POINT('',(-0.575,2.5,0.230229130734966));
#18064=CARTESIAN_POINT('',(-0.575,2.5,1.15));
#18065=CARTESIAN_POINT('',(-0.925,2.5,1.15));
#18066=CARTESIAN_POINT('',(-0.925,2.5,0.230229130734968));
#18067=CARTESIAN_POINT('',(-1.075,2.5,0.230229130734966));
#18068=CARTESIAN_POINT('',(-1.075,2.5,0.230229130734966));
#18069=CARTESIAN_POINT('',(-1.075,2.5,1.15));
#18070=CARTESIAN_POINT('',(-1.425,2.5,1.15));
#18071=CARTESIAN_POINT('',(-1.425,2.5,0.230229130734968));
#18072=CARTESIAN_POINT('',(-1.575,2.5,0.230229130734966));
#18073=CARTESIAN_POINT('',(-1.575,2.5,0.230229130734966));
#18074=CARTESIAN_POINT('',(-1.575,2.5,1.15));
#18075=CARTESIAN_POINT('',(-1.925,2.5,1.15));
#18076=CARTESIAN_POINT('',(-1.925,2.5,0.230229130734968));
#18077=CARTESIAN_POINT('',(-2.075,2.5,0.230229130734966));
#18078=CARTESIAN_POINT('',(-2.075,2.5,0.230229130734966));
#18079=CARTESIAN_POINT('',(-2.075,2.5,1.15));
#18080=CARTESIAN_POINT('',(-2.425,2.5,1.15));
#18081=CARTESIAN_POINT('',(-2.425,2.5,0.230229130734968));
#18082=CARTESIAN_POINT('',(-2.575,2.5,0.230229130734966));
#18083=CARTESIAN_POINT('',(-2.575,2.5,0.230229130734966));
#18084=CARTESIAN_POINT('',(-2.575,2.5,1.15));
#18085=CARTESIAN_POINT('',(-2.925,2.5,1.15));
#18086=CARTESIAN_POINT('',(-2.925,2.5,0.230229130734968));
#18087=CARTESIAN_POINT('',(-3.075,2.5,0.230229130734966));
#18088=CARTESIAN_POINT('',(-3.075,2.5,0.230229130734966));
#18089=CARTESIAN_POINT('',(-3.075,2.5,1.15));
#18090=CARTESIAN_POINT('',(-3.425,2.5,1.15));
#18091=CARTESIAN_POINT('',(5.05,2.5,1.15));
#18092=CARTESIAN_POINT('',(-4.55,1.43,1.15));
#18093=CARTESIAN_POINT('',(-4.55,-1.43,1.15));
#18094=CARTESIAN_POINT('',(4.55,-1.43,1.15));
#18095=CARTESIAN_POINT('',(4.55,-1.43,1.15));
#18096=CARTESIAN_POINT('',(-4.55,-1.43,1.15));
#18097=CARTESIAN_POINT('',(0.,0.,1.15));
#18098=CARTESIAN_POINT('',(-4.55,-1.43,0.25));
#18099=CARTESIAN_POINT('',(-4.55,1.43,0.25));
#18100=CARTESIAN_POINT('',(2.925,-1.43,0.922477628849668));
#18101=CARTESIAN_POINT('',(3.075,-1.43,0.922477628849668));
#18102=CARTESIAN_POINT('',(2.925,-1.43,0.922477628849668));
#18103=CARTESIAN_POINT('',(2.925,-1.43,0.25));
#18104=CARTESIAN_POINT('',(2.925,-1.43,0.647522729151325));
#18105=CARTESIAN_POINT('',(2.925,-1.43,0.25));
#18106=CARTESIAN_POINT('',(2.925,-1.43,0.635));
#18107=CARTESIAN_POINT('',(-4.55,-1.43,0.635));
#18108=CARTESIAN_POINT('',(3.075,-1.43,0.635));
#18109=CARTESIAN_POINT('',(3.075,-1.43,0.25));
#18110=CARTESIAN_POINT('',(3.075,-1.43,0.647522729151325));
#18111=CARTESIAN_POINT('',(3.075,-1.43,0.25));
#18112=CARTESIAN_POINT('',(2.425,-1.43,0.922477628849668));
#18113=CARTESIAN_POINT('',(2.575,-1.43,0.922477628849668));
#18114=CARTESIAN_POINT('',(2.425,-1.43,0.922477628849668));
#18115=CARTESIAN_POINT('',(2.425,-1.43,0.25));
#18116=CARTESIAN_POINT('',(2.425,-1.43,0.647522729151325));
#18117=CARTESIAN_POINT('',(2.425,-1.43,0.25));
#18118=CARTESIAN_POINT('',(2.425,-1.43,0.635));
#18119=CARTESIAN_POINT('',(-4.55,-1.43,0.635));
#18120=CARTESIAN_POINT('',(2.575,-1.43,0.635));
#18121=CARTESIAN_POINT('',(2.575,-1.43,0.25));
#18122=CARTESIAN_POINT('',(2.575,-1.43,0.647522729151325));
#18123=CARTESIAN_POINT('',(2.575,-1.43,0.25));
#18124=CARTESIAN_POINT('',(1.925,-1.43,0.922477628849668));
#18125=CARTESIAN_POINT('',(2.075,-1.43,0.922477628849668));
#18126=CARTESIAN_POINT('',(1.925,-1.43,0.922477628849668));
#18127=CARTESIAN_POINT('',(1.925,-1.43,0.25));
#18128=CARTESIAN_POINT('',(1.925,-1.43,0.647522729151325));
#18129=CARTESIAN_POINT('',(1.925,-1.43,0.25));
#18130=CARTESIAN_POINT('',(1.925,-1.43,0.635));
#18131=CARTESIAN_POINT('',(-4.55,-1.43,0.635));
#18132=CARTESIAN_POINT('',(2.075,-1.43,0.635));
#18133=CARTESIAN_POINT('',(2.075,-1.43,0.25));
#18134=CARTESIAN_POINT('',(2.075,-1.43,0.647522729151325));
#18135=CARTESIAN_POINT('',(2.075,-1.43,0.25));
#18136=CARTESIAN_POINT('',(1.425,-1.43,0.922477628849668));
#18137=CARTESIAN_POINT('',(1.575,-1.43,0.922477628849668));
#18138=CARTESIAN_POINT('',(1.425,-1.43,0.922477628849668));
#18139=CARTESIAN_POINT('',(1.425,-1.43,0.25));
#18140=CARTESIAN_POINT('',(1.425,-1.43,0.647522729151325));
#18141=CARTESIAN_POINT('',(1.425,-1.43,0.25));
#18142=CARTESIAN_POINT('',(1.425,-1.43,0.635));
#18143=CARTESIAN_POINT('',(-4.55,-1.43,0.635));
#18144=CARTESIAN_POINT('',(1.575,-1.43,0.635));
#18145=CARTESIAN_POINT('',(1.575,-1.43,0.25));
#18146=CARTESIAN_POINT('',(1.575,-1.43,0.647522729151325));
#18147=CARTESIAN_POINT('',(1.575,-1.43,0.25));
#18148=CARTESIAN_POINT('',(0.925,-1.43,0.922477628849668));
#18149=CARTESIAN_POINT('',(1.075,-1.43,0.922477628849668));
#18150=CARTESIAN_POINT('',(0.925,-1.43,0.922477628849668));
#18151=CARTESIAN_POINT('',(0.925,-1.43,0.25));
#18152=CARTESIAN_POINT('',(0.925,-1.43,0.647522729151325));
#18153=CARTESIAN_POINT('',(0.925,-1.43,0.25));
#18154=CARTESIAN_POINT('',(0.925,-1.43,0.635));
#18155=CARTESIAN_POINT('',(-4.55,-1.43,0.635));
#18156=CARTESIAN_POINT('',(1.075,-1.43,0.635));
#18157=CARTESIAN_POINT('',(1.075,-1.43,0.25));
#18158=CARTESIAN_POINT('',(1.075,-1.43,0.647522729151325));
#18159=CARTESIAN_POINT('',(1.075,-1.43,0.25));
#18160=CARTESIAN_POINT('',(0.425,-1.43,0.922477628849668));
#18161=CARTESIAN_POINT('',(0.575,-1.43,0.922477628849668));
#18162=CARTESIAN_POINT('',(0.425,-1.43,0.922477628849668));
#18163=CARTESIAN_POINT('',(0.425,-1.43,0.25));
#18164=CARTESIAN_POINT('',(0.425,-1.43,0.647522729151325));
#18165=CARTESIAN_POINT('',(0.425,-1.43,0.25));
#18166=CARTESIAN_POINT('',(0.424999999999999,-1.43,0.635));
#18167=CARTESIAN_POINT('',(-4.55,-1.43,0.635));
#18168=CARTESIAN_POINT('',(0.575,-1.43,0.635));
#18169=CARTESIAN_POINT('',(0.575,-1.43,0.25));
#18170=CARTESIAN_POINT('',(0.575,-1.43,0.647522729151325));
#18171=CARTESIAN_POINT('',(0.575,-1.43,0.25));
#18172=CARTESIAN_POINT('',(-0.0750000000000004,-1.43,0.922477628849668));
#18173=CARTESIAN_POINT('',(0.075,-1.43,0.922477628849668));
#18174=CARTESIAN_POINT('',(-0.0750000000000004,-1.43,0.922477628849668));
#18175=CARTESIAN_POINT('',(-0.0750000000000004,-1.43,0.25));
#18176=CARTESIAN_POINT('',(-0.0750000000000004,-1.43,0.647522729151325));
#18177=CARTESIAN_POINT('',(-0.0750000000000004,-1.43,0.25));
#18178=CARTESIAN_POINT('',(-0.0750000000000004,-1.43,0.635));
#18179=CARTESIAN_POINT('',(-4.55,-1.43,0.635));
#18180=CARTESIAN_POINT('',(0.075,-1.43,0.635));
#18181=CARTESIAN_POINT('',(0.0750000000000004,-1.43,0.25));
#18182=CARTESIAN_POINT('',(0.075,-1.43,0.647522729151325));
#18183=CARTESIAN_POINT('',(0.0750000000000004,-1.43,0.25));
#18184=CARTESIAN_POINT('',(-0.575,-1.43,0.922477628849668));
#18185=CARTESIAN_POINT('',(-0.425,-1.43,0.922477628849668));
#18186=CARTESIAN_POINT('',(-0.575,-1.43,0.922477628849668));
#18187=CARTESIAN_POINT('',(-0.575000000000001,-1.43,0.25));
#18188=CARTESIAN_POINT('',(-0.575,-1.43,0.647522729151325));
#18189=CARTESIAN_POINT('',(-0.575000000000001,-1.43,0.25));
#18190=CARTESIAN_POINT('',(-0.575000000000001,-1.43,0.635));
#18191=CARTESIAN_POINT('',(-4.55,-1.43,0.635));
#18192=CARTESIAN_POINT('',(-0.425,-1.43,0.635));
#18193=CARTESIAN_POINT('',(-0.425,-1.43,0.25));
#18194=CARTESIAN_POINT('',(-0.425,-1.43,0.647522729151325));
#18195=CARTESIAN_POINT('',(-0.425,-1.43,0.25));
#18196=CARTESIAN_POINT('',(-1.075,-1.43,0.922477628849668));
#18197=CARTESIAN_POINT('',(-0.925,-1.43,0.922477628849668));
#18198=CARTESIAN_POINT('',(-1.075,-1.43,0.922477628849668));
#18199=CARTESIAN_POINT('',(-1.075,-1.43,0.25));
#18200=CARTESIAN_POINT('',(-1.075,-1.43,0.647522729151325));
#18201=CARTESIAN_POINT('',(-1.075,-1.43,0.25));
#18202=CARTESIAN_POINT('',(-1.075,-1.43,0.635));
#18203=CARTESIAN_POINT('',(-4.55,-1.43,0.635));
#18204=CARTESIAN_POINT('',(-0.925,-1.43,0.635));
#18205=CARTESIAN_POINT('',(-0.925,-1.43,0.25));
#18206=CARTESIAN_POINT('',(-0.925,-1.43,0.647522729151325));
#18207=CARTESIAN_POINT('',(-0.925,-1.43,0.25));
#18208=CARTESIAN_POINT('',(-1.575,-1.43,0.922477628849668));
#18209=CARTESIAN_POINT('',(-1.425,-1.43,0.922477628849668));
#18210=CARTESIAN_POINT('',(-1.575,-1.43,0.922477628849668));
#18211=CARTESIAN_POINT('',(-1.575,-1.43,0.25));
#18212=CARTESIAN_POINT('',(-1.575,-1.43,0.647522729151325));
#18213=CARTESIAN_POINT('',(-1.575,-1.43,0.25));
#18214=CARTESIAN_POINT('',(-1.575,-1.43,0.635));
#18215=CARTESIAN_POINT('',(-4.55,-1.43,0.635));
#18216=CARTESIAN_POINT('',(-1.425,-1.43,0.635));
#18217=CARTESIAN_POINT('',(-1.425,-1.43,0.25));
#18218=CARTESIAN_POINT('',(-1.425,-1.43,0.647522729151325));
#18219=CARTESIAN_POINT('',(-1.425,-1.43,0.25));
#18220=CARTESIAN_POINT('',(-2.075,-1.43,0.922477628849668));
#18221=CARTESIAN_POINT('',(-1.925,-1.43,0.922477628849668));
#18222=CARTESIAN_POINT('',(-2.075,-1.43,0.922477628849668));
#18223=CARTESIAN_POINT('',(-2.075,-1.43,0.25));
#18224=CARTESIAN_POINT('',(-2.075,-1.43,0.647522729151325));
#18225=CARTESIAN_POINT('',(-2.075,-1.43,0.25));
#18226=CARTESIAN_POINT('',(-2.075,-1.43,0.635));
#18227=CARTESIAN_POINT('',(-4.55,-1.43,0.635));
#18228=CARTESIAN_POINT('',(-1.925,-1.43,0.635));
#18229=CARTESIAN_POINT('',(-1.925,-1.43,0.25));
#18230=CARTESIAN_POINT('',(-1.925,-1.43,0.647522729151325));
#18231=CARTESIAN_POINT('',(-1.925,-1.43,0.25));
#18232=CARTESIAN_POINT('',(-2.575,-1.43,0.922477628849668));
#18233=CARTESIAN_POINT('',(-2.425,-1.43,0.922477628849668));
#18234=CARTESIAN_POINT('',(-2.575,-1.43,0.922477628849668));
#18235=CARTESIAN_POINT('',(-2.575,-1.43,0.25));
#18236=CARTESIAN_POINT('',(-2.575,-1.43,0.647522729151325));
#18237=CARTESIAN_POINT('',(-2.575,-1.43,0.25));
#18238=CARTESIAN_POINT('',(-2.575,-1.43,0.635));
#18239=CARTESIAN_POINT('',(-4.55,-1.43,0.635));
#18240=CARTESIAN_POINT('',(-2.425,-1.43,0.635));
#18241=CARTESIAN_POINT('',(-2.425,-1.43,0.25));
#18242=CARTESIAN_POINT('',(-2.425,-1.43,0.647522729151325));
#18243=CARTESIAN_POINT('',(-2.425,-1.43,0.25));
#18244=CARTESIAN_POINT('',(-3.075,-1.43,0.922477628849668));
#18245=CARTESIAN_POINT('',(-2.925,-1.43,0.922477628849668));
#18246=CARTESIAN_POINT('',(-3.075,-1.43,0.922477628849668));
#18247=CARTESIAN_POINT('',(-3.075,-1.43,0.25));
#18248=CARTESIAN_POINT('',(-3.075,-1.43,0.647522729151325));
#18249=CARTESIAN_POINT('',(-3.075,-1.43,0.25));
#18250=CARTESIAN_POINT('',(-3.075,-1.43,0.635));
#18251=CARTESIAN_POINT('',(-4.55,-1.43,0.635));
#18252=CARTESIAN_POINT('',(-2.925,-1.43,0.635));
#18253=CARTESIAN_POINT('',(-2.925,-1.43,0.25));
#18254=CARTESIAN_POINT('',(-2.925,-1.43,0.647522729151325));
#18255=CARTESIAN_POINT('',(-2.925,-1.43,0.25));
#18256=CARTESIAN_POINT('',(-3.575,-1.43,0.922477628849668));
#18257=CARTESIAN_POINT('',(-3.425,-1.43,0.922477628849668));
#18258=CARTESIAN_POINT('',(-3.575,-1.43,0.922477628849668));
#18259=CARTESIAN_POINT('',(-3.575,-1.43,0.25));
#18260=CARTESIAN_POINT('',(-3.575,-1.43,0.647522729151325));
#18261=CARTESIAN_POINT('',(-3.575,-1.43,0.25));
#18262=CARTESIAN_POINT('',(-3.575,-1.43,0.635));
#18263=CARTESIAN_POINT('',(-4.55,-1.43,0.635));
#18264=CARTESIAN_POINT('',(-3.425,-1.43,0.635));
#18265=CARTESIAN_POINT('',(-3.425,-1.43,0.25));
#18266=CARTESIAN_POINT('',(-3.425,-1.43,0.647522729151325));
#18267=CARTESIAN_POINT('',(-3.425,-1.43,0.25));
#18268=CARTESIAN_POINT('',(3.425,-1.43,0.922477628849668));
#18269=CARTESIAN_POINT('',(3.575,-1.43,0.922477628849668));
#18270=CARTESIAN_POINT('',(3.425,-1.43,0.922477628849668));
#18271=CARTESIAN_POINT('',(3.425,-1.43,0.25));
#18272=CARTESIAN_POINT('',(3.425,-1.43,0.647522729151325));
#18273=CARTESIAN_POINT('',(3.425,-1.43,0.25));
#18274=CARTESIAN_POINT('',(3.425,-1.43,0.635));
#18275=CARTESIAN_POINT('',(-4.55,-1.43,0.635));
#18276=CARTESIAN_POINT('',(3.575,-1.43,0.635));
#18277=CARTESIAN_POINT('',(3.575,-1.43,0.25));
#18278=CARTESIAN_POINT('',(3.575,-1.43,0.647522729151325));
#18279=CARTESIAN_POINT('',(3.575,-1.43,0.25));
#18280=CARTESIAN_POINT('',(4.55,-1.43,0.25));
#18281=CARTESIAN_POINT('',(-4.55,-1.43,0.25));
#18282=CARTESIAN_POINT('',(4.55,-1.43,0.25));
#18283=CARTESIAN_POINT('',(4.,0.824999999999999,1.15));
#18284=CARTESIAN_POINT('',(4.,0.824999999999999,1.15));
#18285=CARTESIAN_POINT('',(-4.,0.824999999999999,1.15));
#18286=CARTESIAN_POINT('',(-4.,0.824999999999999,1.15));
#18287=CARTESIAN_POINT('',(4.,-0.824999999999999,1.15));
#18288=CARTESIAN_POINT('',(0.,0.,1.15));
#18289=CARTESIAN_POINT('',(-4.,0.824999999999999,9.16));
#18290=CARTESIAN_POINT('',(-4.,0.824999999999999,9.16));
#18291=CARTESIAN_POINT('',(4.,0.824999999999999,9.16));
#18292=CARTESIAN_POINT('',(4.,-0.824999999999999,9.16));
#18293=CARTESIAN_POINT('',(2.925,0.824999999999999,1.05933820836326));
#18294=CARTESIAN_POINT('',(3.075,0.824999999999999,1.05933820836326));
#18295=CARTESIAN_POINT('',(2.925,0.824999999999999,1.05933820836326));
#18296=CARTESIAN_POINT('',(2.925,0.824999999999999,9.16));
#18297=CARTESIAN_POINT('',(2.925,0.824999999999999,0.869999999999999));
#18298=CARTESIAN_POINT('',(4.,0.824999999999999,0.869999999999999));
#18299=CARTESIAN_POINT('',(3.075,0.824999999999999,0.87));
#18300=CARTESIAN_POINT('',(3.075,0.824999999999999,9.16));
#18301=CARTESIAN_POINT('',(2.425,0.824999999999999,1.05933820836326));
#18302=CARTESIAN_POINT('',(2.575,0.824999999999999,1.05933820836326));
#18303=CARTESIAN_POINT('',(2.425,0.824999999999999,1.05933820836326));
#18304=CARTESIAN_POINT('',(2.425,0.824999999999999,9.16));
#18305=CARTESIAN_POINT('',(2.425,0.824999999999999,0.869999999999999));
#18306=CARTESIAN_POINT('',(4.,0.824999999999999,0.869999999999999));
#18307=CARTESIAN_POINT('',(2.575,0.824999999999999,0.87));
#18308=CARTESIAN_POINT('',(2.575,0.824999999999999,9.16));
#18309=CARTESIAN_POINT('',(1.925,0.824999999999999,1.05933820836326));
#18310=CARTESIAN_POINT('',(2.075,0.824999999999999,1.05933820836326));
#18311=CARTESIAN_POINT('',(1.925,0.824999999999999,1.05933820836326));
#18312=CARTESIAN_POINT('',(1.925,0.824999999999999,9.16));
#18313=CARTESIAN_POINT('',(1.925,0.824999999999999,0.869999999999999));
#18314=CARTESIAN_POINT('',(4.,0.824999999999999,0.869999999999999));
#18315=CARTESIAN_POINT('',(2.075,0.824999999999999,0.87));
#18316=CARTESIAN_POINT('',(2.075,0.824999999999999,9.16));
#18317=CARTESIAN_POINT('',(1.425,0.824999999999999,1.05933820836326));
#18318=CARTESIAN_POINT('',(1.575,0.824999999999999,1.05933820836326));
#18319=CARTESIAN_POINT('',(1.425,0.824999999999999,1.05933820836326));
#18320=CARTESIAN_POINT('',(1.425,0.824999999999999,9.16));
#18321=CARTESIAN_POINT('',(1.425,0.824999999999999,0.869999999999999));
#18322=CARTESIAN_POINT('',(4.,0.824999999999999,0.869999999999999));
#18323=CARTESIAN_POINT('',(1.575,0.824999999999999,0.87));
#18324=CARTESIAN_POINT('',(1.575,0.824999999999999,9.16));
#18325=CARTESIAN_POINT('',(0.925,0.824999999999999,1.05933820836326));
#18326=CARTESIAN_POINT('',(1.075,0.824999999999999,1.05933820836326));
#18327=CARTESIAN_POINT('',(0.925,0.824999999999999,1.05933820836326));
#18328=CARTESIAN_POINT('',(0.925,0.824999999999999,9.16));
#18329=CARTESIAN_POINT('',(0.925,0.824999999999999,0.869999999999999));
#18330=CARTESIAN_POINT('',(4.,0.824999999999999,0.869999999999999));
#18331=CARTESIAN_POINT('',(1.075,0.824999999999999,0.87));
#18332=CARTESIAN_POINT('',(1.075,0.824999999999999,9.16));
#18333=CARTESIAN_POINT('',(0.425,0.824999999999999,1.05933820836326));
#18334=CARTESIAN_POINT('',(0.575,0.824999999999999,1.05933820836326));
#18335=CARTESIAN_POINT('',(0.425,0.824999999999999,1.05933820836326));
#18336=CARTESIAN_POINT('',(0.425,0.824999999999999,9.16));
#18337=CARTESIAN_POINT('',(0.425,0.824999999999999,0.869999999999999));
#18338=CARTESIAN_POINT('',(4.,0.824999999999999,0.869999999999999));
#18339=CARTESIAN_POINT('',(0.575,0.824999999999999,0.87));
#18340=CARTESIAN_POINT('',(0.575,0.824999999999999,9.16));
#18341=CARTESIAN_POINT('',(-0.0750000000000004,0.824999999999999,1.05933820836326));
#18342=CARTESIAN_POINT('',(0.075,0.824999999999999,1.05933820836326));
#18343=CARTESIAN_POINT('',(-0.0750000000000004,0.824999999999999,1.05933820836326));
#18344=CARTESIAN_POINT('',(-0.0750000000000004,0.824999999999999,9.16));
#18345=CARTESIAN_POINT('',(-0.0750000000000004,0.824999999999999,0.869999999999999));
#18346=CARTESIAN_POINT('',(4.,0.824999999999999,0.869999999999999));
#18347=CARTESIAN_POINT('',(0.075,0.824999999999999,0.87));
#18348=CARTESIAN_POINT('',(0.0750000000000004,0.824999999999999,9.16));
#18349=CARTESIAN_POINT('',(-0.575,0.824999999999999,1.05933820836326));
#18350=CARTESIAN_POINT('',(-0.425,0.824999999999999,1.05933820836326));
#18351=CARTESIAN_POINT('',(-0.575,0.824999999999999,1.05933820836326));
#18352=CARTESIAN_POINT('',(-0.575000000000001,0.824999999999999,9.16));
#18353=CARTESIAN_POINT('',(-0.575000000000001,0.824999999999999,0.869999999999999));
#18354=CARTESIAN_POINT('',(4.,0.824999999999999,0.869999999999999));
#18355=CARTESIAN_POINT('',(-0.425,0.824999999999999,0.87));
#18356=CARTESIAN_POINT('',(-0.425,0.824999999999999,9.16));
#18357=CARTESIAN_POINT('',(-1.075,0.824999999999999,1.05933820836326));
#18358=CARTESIAN_POINT('',(-0.925,0.824999999999999,1.05933820836326));
#18359=CARTESIAN_POINT('',(-1.075,0.824999999999999,1.05933820836326));
#18360=CARTESIAN_POINT('',(-1.075,0.824999999999999,9.16));
#18361=CARTESIAN_POINT('',(-1.075,0.824999999999999,0.869999999999999));
#18362=CARTESIAN_POINT('',(4.,0.824999999999999,0.869999999999999));
#18363=CARTESIAN_POINT('',(-0.925,0.824999999999999,0.87));
#18364=CARTESIAN_POINT('',(-0.925,0.824999999999999,9.16));
#18365=CARTESIAN_POINT('',(-1.575,0.824999999999999,1.05933820836326));
#18366=CARTESIAN_POINT('',(-1.425,0.824999999999999,1.05933820836326));
#18367=CARTESIAN_POINT('',(-1.575,0.824999999999999,1.05933820836326));
#18368=CARTESIAN_POINT('',(-1.575,0.824999999999999,9.16));
#18369=CARTESIAN_POINT('',(-1.575,0.824999999999999,0.869999999999999));
#18370=CARTESIAN_POINT('',(4.,0.824999999999999,0.869999999999999));
#18371=CARTESIAN_POINT('',(-1.425,0.824999999999999,0.87));
#18372=CARTESIAN_POINT('',(-1.425,0.824999999999999,9.16));
#18373=CARTESIAN_POINT('',(-2.075,0.824999999999999,1.05933820836326));
#18374=CARTESIAN_POINT('',(-1.925,0.824999999999999,1.05933820836326));
#18375=CARTESIAN_POINT('',(-2.075,0.824999999999999,1.05933820836326));
#18376=CARTESIAN_POINT('',(-2.075,0.824999999999999,9.16));
#18377=CARTESIAN_POINT('',(-2.075,0.824999999999999,0.869999999999999));
#18378=CARTESIAN_POINT('',(4.,0.824999999999999,0.869999999999999));
#18379=CARTESIAN_POINT('',(-1.925,0.824999999999999,0.87));
#18380=CARTESIAN_POINT('',(-1.925,0.824999999999999,9.16));
#18381=CARTESIAN_POINT('',(-2.575,0.824999999999999,1.05933820836326));
#18382=CARTESIAN_POINT('',(-2.425,0.824999999999999,1.05933820836326));
#18383=CARTESIAN_POINT('',(-2.575,0.824999999999999,1.05933820836326));
#18384=CARTESIAN_POINT('',(-2.575,0.824999999999999,9.16));
#18385=CARTESIAN_POINT('',(-2.575,0.824999999999999,0.869999999999999));
#18386=CARTESIAN_POINT('',(4.,0.824999999999999,0.869999999999999));
#18387=CARTESIAN_POINT('',(-2.425,0.824999999999999,0.87));
#18388=CARTESIAN_POINT('',(-2.425,0.824999999999999,9.16));
#18389=CARTESIAN_POINT('',(-3.075,0.824999999999999,1.05933820836326));
#18390=CARTESIAN_POINT('',(-2.925,0.824999999999999,1.05933820836326));
#18391=CARTESIAN_POINT('',(-3.075,0.824999999999999,1.05933820836326));
#18392=CARTESIAN_POINT('',(-3.075,0.824999999999999,9.16));
#18393=CARTESIAN_POINT('',(-3.075,0.824999999999999,0.869999999999999));
#18394=CARTESIAN_POINT('',(4.,0.824999999999999,0.869999999999999));
#18395=CARTESIAN_POINT('',(-2.925,0.824999999999999,0.87));
#18396=CARTESIAN_POINT('',(-2.925,0.824999999999999,9.16));
#18397=CARTESIAN_POINT('',(-3.575,0.824999999999999,1.05933820836326));
#18398=CARTESIAN_POINT('',(-3.425,0.824999999999999,1.05933820836326));
#18399=CARTESIAN_POINT('',(-3.575,0.824999999999999,1.05933820836326));
#18400=CARTESIAN_POINT('',(-3.575,0.824999999999999,9.16));
#18401=CARTESIAN_POINT('',(-3.575,0.824999999999999,0.869999999999999));
#18402=CARTESIAN_POINT('',(4.,0.824999999999999,0.869999999999999));
#18403=CARTESIAN_POINT('',(-3.425,0.824999999999999,0.87));
#18404=CARTESIAN_POINT('',(-3.425,0.824999999999999,9.16));
#18405=CARTESIAN_POINT('',(3.425,0.824999999999999,1.05933820836326));
#18406=CARTESIAN_POINT('',(3.575,0.824999999999999,1.05933820836326));
#18407=CARTESIAN_POINT('',(3.425,0.824999999999999,1.05933820836326));
#18408=CARTESIAN_POINT('',(3.425,0.824999999999999,9.16));
#18409=CARTESIAN_POINT('',(3.425,0.824999999999999,0.869999999999999));
#18410=CARTESIAN_POINT('',(4.,0.824999999999999,0.869999999999999));
#18411=CARTESIAN_POINT('',(3.575,0.824999999999999,0.87));
#18412=CARTESIAN_POINT('',(3.575,0.824999999999999,9.16));
#18413=CARTESIAN_POINT('',(4.,0.824999999999999,9.16));
#18414=CARTESIAN_POINT('',(3.425,2.35004878728,0.15));
#18415=CARTESIAN_POINT('',(3.425,2.45004878728,-0.0500000000000001));
#18416=CARTESIAN_POINT('',(3.425,2.45004878728,-0.0500000000000001));
#18417=CARTESIAN_POINT('',(3.575,2.45004878728,-0.0500000000000001));
#18418=CARTESIAN_POINT('',(3.575,2.35004878728,0.15));
#18419=CARTESIAN_POINT('',(3.425,2.35004878728,0.15));
#18420=CARTESIAN_POINT('',(3.575,2.45004878728,-0.0500000000000001));
#18421=CARTESIAN_POINT('',(3.575,3.00004878728,-0.05));
#18422=CARTESIAN_POINT('',(3.425,2.45004878728,-0.0500000000000001));
#18423=CARTESIAN_POINT('',(3.425,3.00004878728,-0.05));
#18424=CARTESIAN_POINT('',(3.425,3.00004878728,-0.05));
#18425=CARTESIAN_POINT('',(3.425,2.45004878728,-0.0500000000000001));
#18426=CARTESIAN_POINT('',(3.575,3.00004878728,-0.05));
#18427=CARTESIAN_POINT('',(3.575,3.00004878728,0.12));
#18428=CARTESIAN_POINT('',(3.425,3.00004878728,-0.05));
#18429=CARTESIAN_POINT('',(3.425,3.00004878728,0.12));
#18430=CARTESIAN_POINT('',(3.425,3.00004878728,0.12));
#18431=CARTESIAN_POINT('',(3.425,3.00004878728,-0.05));
#18432=CARTESIAN_POINT('',(3.575,3.00004878728,0.12));
#18433=CARTESIAN_POINT('',(3.575,2.55511456536748,0.12));
#18434=CARTESIAN_POINT('',(3.425,3.00004878728,0.12));
#18435=CARTESIAN_POINT('',(3.425,2.55511456536748,0.12));
#18436=CARTESIAN_POINT('',(3.425,2.55511456536748,0.12));
#18437=CARTESIAN_POINT('',(3.425,3.00004878728,0.12));
#18438=CARTESIAN_POINT('',(3.575,2.55511456536748,0.12));
#18439=CARTESIAN_POINT('',(3.425,2.55511456536748,0.12));
#18440=CARTESIAN_POINT('',(3.425,2.55511456536748,0.12));
#18441=CARTESIAN_POINT('',(3.425,0.,0.));
#18442=CARTESIAN_POINT('',(3.575,0.,0.));
#18443=CARTESIAN_POINT('',(3.425,1.37999917971,0.647522729151325));
#18444=CARTESIAN_POINT('',(3.425,1.39999917971,0.693348486100883));
#18445=CARTESIAN_POINT('',(3.425,1.37999917971,0.647522729151325));
#18446=CARTESIAN_POINT('',(3.425,1.42840559720399,0.635));
#18447=CARTESIAN_POINT('',(3.425,1.42840559720399,0.635));
#18448=CARTESIAN_POINT('',(3.575,1.42840559720399,0.635));
#18449=CARTESIAN_POINT('',(3.575,1.37999917971,0.647522729151325));
#18450=CARTESIAN_POINT('',(3.575,1.37999917971,0.647522729151325));
#18451=CARTESIAN_POINT('',(3.575,1.39999917971,0.693348486100883));
#18452=CARTESIAN_POINT('',(3.425,1.39999917971,0.693348486100883));
#18453=CARTESIAN_POINT('',(3.425,1.37999917971,0.647522729151325));
#18454=CARTESIAN_POINT('',(3.575,1.42840559720399,0.635));
#18455=CARTESIAN_POINT('',(3.425,1.42840559720399,0.635));
#18456=CARTESIAN_POINT('',(3.425,1.42840559720399,0.635));
#18457=CARTESIAN_POINT('',(3.425,1.48999917971,0.785));
#18458=CARTESIAN_POINT('',(3.425,1.33999917971,0.785));
#18459=CARTESIAN_POINT('',(3.425,1.33999917971,0.785));
#18460=CARTESIAN_POINT('',(3.575,1.33999917971,0.785));
#18461=CARTESIAN_POINT('',(3.575,1.48999917971,0.785));
#18462=CARTESIAN_POINT('',(3.425,1.48999917971,0.785));
#18463=CARTESIAN_POINT('',(3.425,1.43999917971,0.785));
#18464=CARTESIAN_POINT('',(3.425,1.43999917971,0.785));
#18465=CARTESIAN_POINT('',(3.425,1.43999917971,0.785));
#18466=CARTESIAN_POINT('',(3.575,1.43999917971,0.785));
#18467=CARTESIAN_POINT('',(3.575,1.43999917971,0.785));
#18468=CARTESIAN_POINT('',(3.575,1.43999917971,0.785));
#18469=CARTESIAN_POINT('',(3.425,1.43999917971,0.785));
#18470=CARTESIAN_POINT('',(3.425,0.82319917971,0.87));
#18471=CARTESIAN_POINT('',(3.425,0.89999917971,0.87));
#18472=CARTESIAN_POINT('',(3.425,0.89999917971,0.87));
#18473=CARTESIAN_POINT('',(3.575,0.89999917971,0.87));
#18474=CARTESIAN_POINT('',(3.575,0.82319917971,0.87));
#18475=CARTESIAN_POINT('',(3.425,0.82319917971,0.87));
#18476=CARTESIAN_POINT('',(3.575,0.769458450776771,0.92));
#18477=CARTESIAN_POINT('',(3.575,0.884365117244618,1.01641814145298));
#18478=CARTESIAN_POINT('',(3.425,0.884365117244618,1.01641814145298));
#18479=CARTESIAN_POINT('',(3.425,0.884365117244618,1.01641814145298));
#18480=CARTESIAN_POINT('',(3.425,0.769458450776771,0.92));
#18481=CARTESIAN_POINT('',(3.425,0.769458450776771,0.92));
#18482=CARTESIAN_POINT('',(3.425,0.938301401865948,0.952139380484327));
#18483=CARTESIAN_POINT('',(3.425,0.938301401865949,0.952139380484327));
#18484=CARTESIAN_POINT('',(3.425,0.89999917971,0.92));
#18485=CARTESIAN_POINT('',(3.425,0.82319917971,0.82));
#18486=CARTESIAN_POINT('',(3.575,0.89999917971,0.92));
#18487=CARTESIAN_POINT('',(3.575,0.938301401865949,0.952139380484327));
#18488=CARTESIAN_POINT('',(3.575,0.938301401865948,0.952139380484327));
#18489=CARTESIAN_POINT('',(3.575,0.82319917971,0.82));
#18490=CARTESIAN_POINT('',(3.425,0.938301401865949,0.952139380484327));
#18491=CARTESIAN_POINT('',(3.425,0.89999917971,0.92));
#18492=CARTESIAN_POINT('',(3.425,0.938301401865948,0.952139380484327));
#18493=CARTESIAN_POINT('',(3.575,-0.89999917971,0.87));
#18494=CARTESIAN_POINT('',(3.575,-0.89999917971,0.87));
#18495=CARTESIAN_POINT('',(3.425,-0.89999917971,0.87));
#18496=CARTESIAN_POINT('',(3.425,-0.89999917971,0.87));
#18497=CARTESIAN_POINT('',(3.425,-0.89999917971,0.87));
#18498=CARTESIAN_POINT('',(3.425,-0.89999917971,0.87));
#18499=CARTESIAN_POINT('',(3.425,-0.769458450776771,0.92));
#18500=CARTESIAN_POINT('',(3.425,-0.884365117244618,1.01641814145298));
#18501=CARTESIAN_POINT('',(3.425,-0.884365117244618,1.01641814145298));
#18502=CARTESIAN_POINT('',(3.575,-0.884365117244618,1.01641814145298));
#18503=CARTESIAN_POINT('',(3.575,-0.769458450776771,0.92));
#18504=CARTESIAN_POINT('',(3.425,-0.769458450776771,0.92));
#18505=CARTESIAN_POINT('',(3.425,-0.89999917971,0.92));
#18506=CARTESIAN_POINT('',(3.425,-0.938301401865949,0.952139380484327));
#18507=CARTESIAN_POINT('',(3.425,-0.884365117244618,1.01641814145298));
#18508=CARTESIAN_POINT('',(3.425,-0.89999917971,0.92));
#18509=CARTESIAN_POINT('',(3.575,-0.884365117244618,1.01641814145298));
#18510=CARTESIAN_POINT('',(3.575,-0.938301401865949,0.952139380484327));
#18511=CARTESIAN_POINT('',(3.575,-0.89999917971,0.92));
#18512=CARTESIAN_POINT('',(3.575,-0.89999917971,0.92));
#18513=CARTESIAN_POINT('',(3.425,-0.938301401865949,0.952139380484327));
#18514=CARTESIAN_POINT('',(3.425,-0.89999917971,0.92));
#18515=CARTESIAN_POINT('',(3.425,-0.884365117244618,1.01641814145298));
#18516=CARTESIAN_POINT('',(3.425,-1.56000000001,0.634999999999998));
#18517=CARTESIAN_POINT('',(3.425,-1.42840559720399,0.635));
#18518=CARTESIAN_POINT('',(3.425,-1.42840559720399,0.635));
#18519=CARTESIAN_POINT('',(3.575,-1.42840559720399,0.635));
#18520=CARTESIAN_POINT('',(3.575,-1.56000000001,0.634999999999998));
#18521=CARTESIAN_POINT('',(3.425,-1.56000000001,0.634999999999998));
#18522=CARTESIAN_POINT('',(3.425,-1.37999917971,0.647522729151325));
#18523=CARTESIAN_POINT('',(3.425,-1.37999917971,0.647522729151325));
#18524=CARTESIAN_POINT('',(3.425,-1.39999917971,0.693348486100883));
#18525=CARTESIAN_POINT('',(3.425,-1.39999917971,0.693348486100883));
#18526=CARTESIAN_POINT('',(3.575,-1.39999917971,0.693348486100883));
#18527=CARTESIAN_POINT('',(3.575,-1.37999917971,0.647522729151325));
#18528=CARTESIAN_POINT('',(3.575,-1.37999917971,0.647522729151325));
#18529=CARTESIAN_POINT('',(3.425,-1.37999917971,0.647522729151325));
#18530=CARTESIAN_POINT('',(3.575,-1.48999917971,0.785));
#18531=CARTESIAN_POINT('',(3.575,-1.33999917971,0.785));
#18532=CARTESIAN_POINT('',(3.425,-1.33999917971,0.785));
#18533=CARTESIAN_POINT('',(3.425,-1.33999917971,0.785));
#18534=CARTESIAN_POINT('',(3.425,-1.48999917971,0.785));
#18535=CARTESIAN_POINT('',(3.425,-1.48999917971,0.785));
#18536=CARTESIAN_POINT('',(3.425,-1.43999917971,0.785));
#18537=CARTESIAN_POINT('',(3.425,-1.37999917971,0.647522729151325));
#18538=CARTESIAN_POINT('',(3.425,-1.37999917971,0.647522729151325));
#18539=CARTESIAN_POINT('',(3.575,-1.43999917971,0.785));
#18540=CARTESIAN_POINT('',(3.575,-1.37999917971,0.647522729151325));
#18541=CARTESIAN_POINT('',(3.575,-1.37999917971,0.647522729151325));
#18542=CARTESIAN_POINT('',(3.425,-1.43999917971,0.785));
#18543=CARTESIAN_POINT('',(3.575,-3.00004878728,0.12));
#18544=CARTESIAN_POINT('',(3.575,-3.00004878728,0.12));
#18545=CARTESIAN_POINT('',(3.575,-3.00004878728,-0.0500000000000021));
#18546=CARTESIAN_POINT('',(3.425,-3.00004878728,0.12));
#18547=CARTESIAN_POINT('',(3.425,-3.00004878728,0.12));
#18548=CARTESIAN_POINT('',(3.425,-3.00004878728,0.12));
#18549=CARTESIAN_POINT('',(3.425,-3.00004878728,-0.0500000000000021));
#18550=CARTESIAN_POINT('',(3.425,-3.00004878728,-0.0500000000000021));
#18551=CARTESIAN_POINT('',(3.425,-3.00004878728,0.12));
#18552=CARTESIAN_POINT('',(3.575,-3.00004878728,-0.0500000000000021));
#18553=CARTESIAN_POINT('',(3.575,-2.45004878728,-0.0500000000000001));
#18554=CARTESIAN_POINT('',(3.425,-3.00004878728,-0.0500000000000021));
#18555=CARTESIAN_POINT('',(3.425,-2.45004878728,-0.0500000000000001));
#18556=CARTESIAN_POINT('',(3.425,-2.45004878728,-0.0500000000000001));
#18557=CARTESIAN_POINT('',(3.425,-3.00004878728,-0.0500000000000021));
#18558=CARTESIAN_POINT('',(3.575,-2.45004878728,-0.0500000000000001));
#18559=CARTESIAN_POINT('',(3.425,-2.45004878728,-0.0500000000000001));
#18560=CARTESIAN_POINT('',(3.425,-2.45004878728,-0.0500000000000001));
#18561=CARTESIAN_POINT('',(3.575,-2.5,0.230229130734966));
#18562=CARTESIAN_POINT('',(3.575,-2.55511456536748,0.12));
#18563=CARTESIAN_POINT('',(3.425,-2.5,0.230229130734966));
#18564=CARTESIAN_POINT('',(3.425,-2.55511456536748,0.12));
#18565=CARTESIAN_POINT('',(3.425,-2.55511456536748,0.12));
#18566=CARTESIAN_POINT('',(3.425,-2.5,0.230229130734966));
#18567=CARTESIAN_POINT('',(3.575,-2.55511456536748,0.12));
#18568=CARTESIAN_POINT('',(3.425,-2.55511456536748,0.12));
#18569=CARTESIAN_POINT('',(3.425,-2.55511456536748,0.12));
#18570=CARTESIAN_POINT('',(3.425,0.,0.));
#18571=CARTESIAN_POINT('',(3.575,0.,0.));
#18572=CARTESIAN_POINT('',(-3.575,2.35004878728,0.15));
#18573=CARTESIAN_POINT('',(-3.575,2.45004878728,-0.0500000000000001));
#18574=CARTESIAN_POINT('',(-3.575,2.45004878728,-0.0500000000000001));
#18575=CARTESIAN_POINT('',(-3.425,2.45004878728,-0.0500000000000001));
#18576=CARTESIAN_POINT('',(-3.425,2.35004878728,0.15));
#18577=CARTESIAN_POINT('',(-3.575,2.35004878728,0.15));
#18578=CARTESIAN_POINT('',(-3.575,2.55511456536748,0.12));
#18579=CARTESIAN_POINT('',(-3.575,2.55511456536748,0.12));
#18580=CARTESIAN_POINT('',(-3.575,3.00004878728,0.12));
#18581=CARTESIAN_POINT('',(-3.575,3.00004878728,0.12));
#18582=CARTESIAN_POINT('',(-3.575,3.00004878728,-0.05));
#18583=CARTESIAN_POINT('',(-3.575,3.00004878728,-0.05));
#18584=CARTESIAN_POINT('',(-3.575,2.45004878728,-0.0500000000000001));
#18585=CARTESIAN_POINT('',(-3.575,0.,0.));
#18586=CARTESIAN_POINT('',(-3.425,2.45004878728,-0.0500000000000001));
#18587=CARTESIAN_POINT('',(-3.425,3.00004878728,-0.05));
#18588=CARTESIAN_POINT('',(-3.425,3.00004878728,-0.05));
#18589=CARTESIAN_POINT('',(-3.425,3.00004878728,0.12));
#18590=CARTESIAN_POINT('',(-3.425,3.00004878728,0.12));
#18591=CARTESIAN_POINT('',(-3.425,2.55511456536748,0.12));
#18592=CARTESIAN_POINT('',(-3.425,2.55511456536748,0.12));
#18593=CARTESIAN_POINT('',(-3.425,0.,0.));
#18594=CARTESIAN_POINT('',(-3.575,3.00004878728,-0.05));
#18595=CARTESIAN_POINT('',(-3.575,2.45004878728,-0.0500000000000001));
#18596=CARTESIAN_POINT('',(-3.575,3.00004878728,0.12));
#18597=CARTESIAN_POINT('',(-3.575,3.00004878728,-0.05));
#18598=CARTESIAN_POINT('',(-3.575,2.55511456536748,0.12));
#18599=CARTESIAN_POINT('',(-3.575,3.00004878728,0.12));
#18600=CARTESIAN_POINT('',(-3.575,2.55511456536748,0.12));
#18601=CARTESIAN_POINT('',(-3.075,2.35004878728,0.15));
#18602=CARTESIAN_POINT('',(-3.075,2.45004878728,-0.0500000000000001));
#18603=CARTESIAN_POINT('',(-3.075,2.45004878728,-0.0500000000000001));
#18604=CARTESIAN_POINT('',(-2.925,2.45004878728,-0.0500000000000001));
#18605=CARTESIAN_POINT('',(-2.925,2.35004878728,0.15));
#18606=CARTESIAN_POINT('',(-3.075,2.35004878728,0.15));
#18607=CARTESIAN_POINT('',(-3.075,2.55511456536748,0.12));
#18608=CARTESIAN_POINT('',(-3.075,2.55511456536748,0.12));
#18609=CARTESIAN_POINT('',(-3.075,3.00004878728,0.12));
#18610=CARTESIAN_POINT('',(-3.075,3.00004878728,0.12));
#18611=CARTESIAN_POINT('',(-3.075,3.00004878728,-0.05));
#18612=CARTESIAN_POINT('',(-3.075,3.00004878728,-0.05));
#18613=CARTESIAN_POINT('',(-3.075,2.45004878728,-0.0500000000000001));
#18614=CARTESIAN_POINT('',(-3.075,0.,0.));
#18615=CARTESIAN_POINT('',(-2.925,2.45004878728,-0.0500000000000001));
#18616=CARTESIAN_POINT('',(-2.925,3.00004878728,-0.05));
#18617=CARTESIAN_POINT('',(-2.925,3.00004878728,-0.05));
#18618=CARTESIAN_POINT('',(-2.925,3.00004878728,0.12));
#18619=CARTESIAN_POINT('',(-2.925,3.00004878728,0.12));
#18620=CARTESIAN_POINT('',(-2.925,2.55511456536748,0.12));
#18621=CARTESIAN_POINT('',(-2.925,2.55511456536748,0.12));
#18622=CARTESIAN_POINT('',(-2.925,0.,0.));
#18623=CARTESIAN_POINT('',(-3.075,3.00004878728,-0.05));
#18624=CARTESIAN_POINT('',(-3.075,2.45004878728,-0.0500000000000001));
#18625=CARTESIAN_POINT('',(-3.075,3.00004878728,0.12));
#18626=CARTESIAN_POINT('',(-3.075,3.00004878728,-0.05));
#18627=CARTESIAN_POINT('',(-3.075,2.55511456536748,0.12));
#18628=CARTESIAN_POINT('',(-3.075,3.00004878728,0.12));
#18629=CARTESIAN_POINT('',(-3.075,2.55511456536748,0.12));
#18630=CARTESIAN_POINT('',(-2.575,2.35004878728,0.15));
#18631=CARTESIAN_POINT('',(-2.575,2.45004878728,-0.0500000000000001));
#18632=CARTESIAN_POINT('',(-2.575,2.45004878728,-0.0500000000000001));
#18633=CARTESIAN_POINT('',(-2.425,2.45004878728,-0.0500000000000001));
#18634=CARTESIAN_POINT('',(-2.425,2.35004878728,0.15));
#18635=CARTESIAN_POINT('',(-2.575,2.35004878728,0.15));
#18636=CARTESIAN_POINT('',(-2.575,2.55511456536748,0.12));
#18637=CARTESIAN_POINT('',(-2.575,2.55511456536748,0.12));
#18638=CARTESIAN_POINT('',(-2.575,3.00004878728,0.12));
#18639=CARTESIAN_POINT('',(-2.575,3.00004878728,0.12));
#18640=CARTESIAN_POINT('',(-2.575,3.00004878728,-0.05));
#18641=CARTESIAN_POINT('',(-2.575,3.00004878728,-0.05));
#18642=CARTESIAN_POINT('',(-2.575,2.45004878728,-0.0500000000000001));
#18643=CARTESIAN_POINT('',(-2.575,0.,0.));
#18644=CARTESIAN_POINT('',(-2.425,2.45004878728,-0.0500000000000001));
#18645=CARTESIAN_POINT('',(-2.425,3.00004878728,-0.05));
#18646=CARTESIAN_POINT('',(-2.425,3.00004878728,-0.05));
#18647=CARTESIAN_POINT('',(-2.425,3.00004878728,0.12));
#18648=CARTESIAN_POINT('',(-2.425,3.00004878728,0.12));
#18649=CARTESIAN_POINT('',(-2.425,2.55511456536748,0.12));
#18650=CARTESIAN_POINT('',(-2.425,2.55511456536748,0.12));
#18651=CARTESIAN_POINT('',(-2.425,0.,0.));
#18652=CARTESIAN_POINT('',(-2.575,3.00004878728,-0.05));
#18653=CARTESIAN_POINT('',(-2.575,2.45004878728,-0.0500000000000001));
#18654=CARTESIAN_POINT('',(-2.575,3.00004878728,0.12));
#18655=CARTESIAN_POINT('',(-2.575,3.00004878728,-0.05));
#18656=CARTESIAN_POINT('',(-2.575,2.55511456536748,0.12));
#18657=CARTESIAN_POINT('',(-2.575,3.00004878728,0.12));
#18658=CARTESIAN_POINT('',(-2.575,2.55511456536748,0.12));
#18659=CARTESIAN_POINT('',(-2.075,2.35004878728,0.15));
#18660=CARTESIAN_POINT('',(-2.075,2.45004878728,-0.0500000000000001));
#18661=CARTESIAN_POINT('',(-2.075,2.45004878728,-0.0500000000000001));
#18662=CARTESIAN_POINT('',(-1.925,2.45004878728,-0.0500000000000001));
#18663=CARTESIAN_POINT('',(-1.925,2.35004878728,0.15));
#18664=CARTESIAN_POINT('',(-2.075,2.35004878728,0.15));
#18665=CARTESIAN_POINT('',(-2.075,2.55511456536748,0.12));
#18666=CARTESIAN_POINT('',(-2.075,2.55511456536748,0.12));
#18667=CARTESIAN_POINT('',(-2.075,3.00004878728,0.12));
#18668=CARTESIAN_POINT('',(-2.075,3.00004878728,0.12));
#18669=CARTESIAN_POINT('',(-2.075,3.00004878728,-0.05));
#18670=CARTESIAN_POINT('',(-2.075,3.00004878728,-0.05));
#18671=CARTESIAN_POINT('',(-2.075,2.45004878728,-0.0500000000000001));
#18672=CARTESIAN_POINT('',(-2.075,0.,0.));
#18673=CARTESIAN_POINT('',(-1.925,2.45004878728,-0.0500000000000001));
#18674=CARTESIAN_POINT('',(-1.925,3.00004878728,-0.05));
#18675=CARTESIAN_POINT('',(-1.925,3.00004878728,-0.05));
#18676=CARTESIAN_POINT('',(-1.925,3.00004878728,0.12));
#18677=CARTESIAN_POINT('',(-1.925,3.00004878728,0.12));
#18678=CARTESIAN_POINT('',(-1.925,2.55511456536748,0.12));
#18679=CARTESIAN_POINT('',(-1.925,2.55511456536748,0.12));
#18680=CARTESIAN_POINT('',(-1.925,0.,0.));
#18681=CARTESIAN_POINT('',(-2.075,3.00004878728,-0.05));
#18682=CARTESIAN_POINT('',(-2.075,2.45004878728,-0.0500000000000001));
#18683=CARTESIAN_POINT('',(-2.075,3.00004878728,0.12));
#18684=CARTESIAN_POINT('',(-2.075,3.00004878728,-0.05));
#18685=CARTESIAN_POINT('',(-2.075,2.55511456536748,0.12));
#18686=CARTESIAN_POINT('',(-2.075,3.00004878728,0.12));
#18687=CARTESIAN_POINT('',(-2.075,2.55511456536748,0.12));
#18688=CARTESIAN_POINT('',(-1.575,2.35004878728,0.15));
#18689=CARTESIAN_POINT('',(-1.575,2.45004878728,-0.0500000000000001));
#18690=CARTESIAN_POINT('',(-1.575,2.45004878728,-0.0500000000000001));
#18691=CARTESIAN_POINT('',(-1.425,2.45004878728,-0.0500000000000001));
#18692=CARTESIAN_POINT('',(-1.425,2.35004878728,0.15));
#18693=CARTESIAN_POINT('',(-1.575,2.35004878728,0.15));
#18694=CARTESIAN_POINT('',(-1.575,2.55511456536748,0.12));
#18695=CARTESIAN_POINT('',(-1.575,2.55511456536748,0.12));
#18696=CARTESIAN_POINT('',(-1.575,3.00004878728,0.12));
#18697=CARTESIAN_POINT('',(-1.575,3.00004878728,0.12));
#18698=CARTESIAN_POINT('',(-1.575,3.00004878728,-0.05));
#18699=CARTESIAN_POINT('',(-1.575,3.00004878728,-0.05));
#18700=CARTESIAN_POINT('',(-1.575,2.45004878728,-0.0500000000000001));
#18701=CARTESIAN_POINT('',(-1.575,0.,0.));
#18702=CARTESIAN_POINT('',(-1.425,2.45004878728,-0.0500000000000001));
#18703=CARTESIAN_POINT('',(-1.425,3.00004878728,-0.05));
#18704=CARTESIAN_POINT('',(-1.425,3.00004878728,-0.05));
#18705=CARTESIAN_POINT('',(-1.425,3.00004878728,0.12));
#18706=CARTESIAN_POINT('',(-1.425,3.00004878728,0.12));
#18707=CARTESIAN_POINT('',(-1.425,2.55511456536748,0.12));
#18708=CARTESIAN_POINT('',(-1.425,2.55511456536748,0.12));
#18709=CARTESIAN_POINT('',(-1.425,0.,0.));
#18710=CARTESIAN_POINT('',(-1.575,3.00004878728,-0.05));
#18711=CARTESIAN_POINT('',(-1.575,2.45004878728,-0.0500000000000001));
#18712=CARTESIAN_POINT('',(-1.575,3.00004878728,0.12));
#18713=CARTESIAN_POINT('',(-1.575,3.00004878728,-0.05));
#18714=CARTESIAN_POINT('',(-1.575,2.55511456536748,0.12));
#18715=CARTESIAN_POINT('',(-1.575,3.00004878728,0.12));
#18716=CARTESIAN_POINT('',(-1.575,2.55511456536748,0.12));
#18717=CARTESIAN_POINT('',(-1.075,2.35004878728,0.15));
#18718=CARTESIAN_POINT('',(-1.075,2.45004878728,-0.0500000000000001));
#18719=CARTESIAN_POINT('',(-1.075,2.45004878728,-0.0500000000000001));
#18720=CARTESIAN_POINT('',(-0.925,2.45004878728,-0.0500000000000001));
#18721=CARTESIAN_POINT('',(-0.925,2.35004878728,0.15));
#18722=CARTESIAN_POINT('',(-1.075,2.35004878728,0.15));
#18723=CARTESIAN_POINT('',(-1.075,2.55511456536748,0.12));
#18724=CARTESIAN_POINT('',(-1.075,2.55511456536748,0.12));
#18725=CARTESIAN_POINT('',(-1.075,3.00004878728,0.12));
#18726=CARTESIAN_POINT('',(-1.075,3.00004878728,0.12));
#18727=CARTESIAN_POINT('',(-1.075,3.00004878728,-0.05));
#18728=CARTESIAN_POINT('',(-1.075,3.00004878728,-0.05));
#18729=CARTESIAN_POINT('',(-1.075,2.45004878728,-0.0500000000000001));
#18730=CARTESIAN_POINT('',(-1.075,0.,0.));
#18731=CARTESIAN_POINT('',(-0.925,2.45004878728,-0.0500000000000001));
#18732=CARTESIAN_POINT('',(-0.925,3.00004878728,-0.05));
#18733=CARTESIAN_POINT('',(-0.925,3.00004878728,-0.05));
#18734=CARTESIAN_POINT('',(-0.925,3.00004878728,0.12));
#18735=CARTESIAN_POINT('',(-0.925,3.00004878728,0.12));
#18736=CARTESIAN_POINT('',(-0.925,2.55511456536748,0.12));
#18737=CARTESIAN_POINT('',(-0.925,2.55511456536748,0.12));
#18738=CARTESIAN_POINT('',(-0.925,0.,0.));
#18739=CARTESIAN_POINT('',(-1.075,3.00004878728,-0.05));
#18740=CARTESIAN_POINT('',(-1.075,2.45004878728,-0.0500000000000001));
#18741=CARTESIAN_POINT('',(-1.075,3.00004878728,0.12));
#18742=CARTESIAN_POINT('',(-1.075,3.00004878728,-0.05));
#18743=CARTESIAN_POINT('',(-1.075,2.55511456536748,0.12));
#18744=CARTESIAN_POINT('',(-1.075,3.00004878728,0.12));
#18745=CARTESIAN_POINT('',(-1.075,2.55511456536748,0.12));
#18746=CARTESIAN_POINT('',(-0.575,2.35004878728,0.15));
#18747=CARTESIAN_POINT('',(-0.575,2.45004878728,-0.0500000000000001));
#18748=CARTESIAN_POINT('',(-0.575,2.45004878728,-0.0500000000000001));
#18749=CARTESIAN_POINT('',(-0.425,2.45004878728,-0.0500000000000001));
#18750=CARTESIAN_POINT('',(-0.425,2.35004878728,0.15));
#18751=CARTESIAN_POINT('',(-0.575,2.35004878728,0.15));
#18752=CARTESIAN_POINT('',(-0.575,2.55511456536748,0.12));
#18753=CARTESIAN_POINT('',(-0.575,2.55511456536748,0.12));
#18754=CARTESIAN_POINT('',(-0.575,3.00004878728,0.12));
#18755=CARTESIAN_POINT('',(-0.575,3.00004878728,0.12));
#18756=CARTESIAN_POINT('',(-0.575,3.00004878728,-0.05));
#18757=CARTESIAN_POINT('',(-0.575,3.00004878728,-0.05));
#18758=CARTESIAN_POINT('',(-0.575,2.45004878728,-0.0500000000000001));
#18759=CARTESIAN_POINT('',(-0.575,0.,0.));
#18760=CARTESIAN_POINT('',(-0.425,2.45004878728,-0.0500000000000001));
#18761=CARTESIAN_POINT('',(-0.425,3.00004878728,-0.05));
#18762=CARTESIAN_POINT('',(-0.425,3.00004878728,-0.05));
#18763=CARTESIAN_POINT('',(-0.425,3.00004878728,0.12));
#18764=CARTESIAN_POINT('',(-0.425,3.00004878728,0.12));
#18765=CARTESIAN_POINT('',(-0.425,2.55511456536748,0.12));
#18766=CARTESIAN_POINT('',(-0.425,2.55511456536748,0.12));
#18767=CARTESIAN_POINT('',(-0.425,0.,0.));
#18768=CARTESIAN_POINT('',(-0.575,3.00004878728,-0.05));
#18769=CARTESIAN_POINT('',(-0.575,2.45004878728,-0.0500000000000001));
#18770=CARTESIAN_POINT('',(-0.575,3.00004878728,0.12));
#18771=CARTESIAN_POINT('',(-0.575,3.00004878728,-0.05));
#18772=CARTESIAN_POINT('',(-0.575,2.55511456536748,0.12));
#18773=CARTESIAN_POINT('',(-0.575,3.00004878728,0.12));
#18774=CARTESIAN_POINT('',(-0.575,2.55511456536748,0.12));
#18775=CARTESIAN_POINT('',(-0.0750000000000004,2.35004878728,0.15));
#18776=CARTESIAN_POINT('',(-0.0750000000000004,2.45004878728,-0.0500000000000001));
#18777=CARTESIAN_POINT('',(-0.0750000000000004,2.45004878728,-0.0500000000000001));
#18778=CARTESIAN_POINT('',(0.075,2.45004878728,-0.0500000000000001));
#18779=CARTESIAN_POINT('',(0.075,2.35004878728,0.15));
#18780=CARTESIAN_POINT('',(-0.0750000000000004,2.35004878728,0.15));
#18781=CARTESIAN_POINT('',(-0.0750000000000004,2.55511456536748,0.12));
#18782=CARTESIAN_POINT('',(-0.0750000000000004,2.55511456536748,0.12));
#18783=CARTESIAN_POINT('',(-0.0750000000000004,3.00004878728,0.12));
#18784=CARTESIAN_POINT('',(-0.0750000000000004,3.00004878728,0.12));
#18785=CARTESIAN_POINT('',(-0.0750000000000004,3.00004878728,-0.05));
#18786=CARTESIAN_POINT('',(-0.0750000000000004,3.00004878728,-0.05));
#18787=CARTESIAN_POINT('',(-0.0750000000000004,2.45004878728,-0.0500000000000001));
#18788=CARTESIAN_POINT('',(-0.0750000000000004,0.,0.));
#18789=CARTESIAN_POINT('',(0.075,2.45004878728,-0.0500000000000001));
#18790=CARTESIAN_POINT('',(0.075,3.00004878728,-0.05));
#18791=CARTESIAN_POINT('',(0.075,3.00004878728,-0.05));
#18792=CARTESIAN_POINT('',(0.075,3.00004878728,0.12));
#18793=CARTESIAN_POINT('',(0.075,3.00004878728,0.12));
#18794=CARTESIAN_POINT('',(0.075,2.55511456536748,0.12));
#18795=CARTESIAN_POINT('',(0.075,2.55511456536748,0.12));
#18796=CARTESIAN_POINT('',(0.075,0.,0.));
#18797=CARTESIAN_POINT('',(-0.0750000000000004,3.00004878728,-0.05));
#18798=CARTESIAN_POINT('',(-0.0750000000000004,2.45004878728,-0.0500000000000001));
#18799=CARTESIAN_POINT('',(-0.0750000000000004,3.00004878728,0.12));
#18800=CARTESIAN_POINT('',(-0.0750000000000004,3.00004878728,-0.05));
#18801=CARTESIAN_POINT('',(-0.0750000000000004,2.55511456536748,0.12));
#18802=CARTESIAN_POINT('',(-0.0750000000000004,3.00004878728,0.12));
#18803=CARTESIAN_POINT('',(-0.0750000000000004,2.55511456536748,0.12));
#18804=CARTESIAN_POINT('',(0.425,2.35004878728,0.15));
#18805=CARTESIAN_POINT('',(0.425,2.45004878728,-0.0500000000000001));
#18806=CARTESIAN_POINT('',(0.425,2.45004878728,-0.0500000000000001));
#18807=CARTESIAN_POINT('',(0.575,2.45004878728,-0.0500000000000001));
#18808=CARTESIAN_POINT('',(0.575,2.35004878728,0.15));
#18809=CARTESIAN_POINT('',(0.425,2.35004878728,0.15));
#18810=CARTESIAN_POINT('',(0.425,2.55511456536748,0.12));
#18811=CARTESIAN_POINT('',(0.425,2.55511456536748,0.12));
#18812=CARTESIAN_POINT('',(0.425,3.00004878728,0.12));
#18813=CARTESIAN_POINT('',(0.425,3.00004878728,0.12));
#18814=CARTESIAN_POINT('',(0.425,3.00004878728,-0.05));
#18815=CARTESIAN_POINT('',(0.425,3.00004878728,-0.05));
#18816=CARTESIAN_POINT('',(0.425,2.45004878728,-0.0500000000000001));
#18817=CARTESIAN_POINT('',(0.425,0.,0.));
#18818=CARTESIAN_POINT('',(0.575,2.45004878728,-0.0500000000000001));
#18819=CARTESIAN_POINT('',(0.575,3.00004878728,-0.05));
#18820=CARTESIAN_POINT('',(0.575,3.00004878728,-0.05));
#18821=CARTESIAN_POINT('',(0.575,3.00004878728,0.12));
#18822=CARTESIAN_POINT('',(0.575,3.00004878728,0.12));
#18823=CARTESIAN_POINT('',(0.575,2.55511456536748,0.12));
#18824=CARTESIAN_POINT('',(0.575,2.55511456536748,0.12));
#18825=CARTESIAN_POINT('',(0.575,0.,0.));
#18826=CARTESIAN_POINT('',(0.425,3.00004878728,-0.05));
#18827=CARTESIAN_POINT('',(0.425,2.45004878728,-0.0500000000000001));
#18828=CARTESIAN_POINT('',(0.425,3.00004878728,0.12));
#18829=CARTESIAN_POINT('',(0.425,3.00004878728,-0.05));
#18830=CARTESIAN_POINT('',(0.425,2.55511456536748,0.12));
#18831=CARTESIAN_POINT('',(0.425,3.00004878728,0.12));
#18832=CARTESIAN_POINT('',(0.425,2.55511456536748,0.12));
#18833=CARTESIAN_POINT('',(0.925,2.35004878728,0.15));
#18834=CARTESIAN_POINT('',(0.925,2.45004878728,-0.0500000000000001));
#18835=CARTESIAN_POINT('',(0.925,2.45004878728,-0.0500000000000001));
#18836=CARTESIAN_POINT('',(1.075,2.45004878728,-0.0500000000000001));
#18837=CARTESIAN_POINT('',(1.075,2.35004878728,0.15));
#18838=CARTESIAN_POINT('',(0.925,2.35004878728,0.15));
#18839=CARTESIAN_POINT('',(0.925,2.55511456536748,0.12));
#18840=CARTESIAN_POINT('',(0.925,2.55511456536748,0.12));
#18841=CARTESIAN_POINT('',(0.925,3.00004878728,0.12));
#18842=CARTESIAN_POINT('',(0.925,3.00004878728,0.12));
#18843=CARTESIAN_POINT('',(0.925,3.00004878728,-0.05));
#18844=CARTESIAN_POINT('',(0.925,3.00004878728,-0.05));
#18845=CARTESIAN_POINT('',(0.925,2.45004878728,-0.0500000000000001));
#18846=CARTESIAN_POINT('',(0.925,0.,0.));
#18847=CARTESIAN_POINT('',(1.075,2.45004878728,-0.0500000000000001));
#18848=CARTESIAN_POINT('',(1.075,3.00004878728,-0.05));
#18849=CARTESIAN_POINT('',(1.075,3.00004878728,-0.05));
#18850=CARTESIAN_POINT('',(1.075,3.00004878728,0.12));
#18851=CARTESIAN_POINT('',(1.075,3.00004878728,0.12));
#18852=CARTESIAN_POINT('',(1.075,2.55511456536748,0.12));
#18853=CARTESIAN_POINT('',(1.075,2.55511456536748,0.12));
#18854=CARTESIAN_POINT('',(1.075,0.,0.));
#18855=CARTESIAN_POINT('',(0.925,3.00004878728,-0.05));
#18856=CARTESIAN_POINT('',(0.925,2.45004878728,-0.0500000000000001));
#18857=CARTESIAN_POINT('',(0.925,3.00004878728,0.12));
#18858=CARTESIAN_POINT('',(0.925,3.00004878728,-0.05));
#18859=CARTESIAN_POINT('',(0.925,2.55511456536748,0.12));
#18860=CARTESIAN_POINT('',(0.925,3.00004878728,0.12));
#18861=CARTESIAN_POINT('',(0.925,2.55511456536748,0.12));
#18862=CARTESIAN_POINT('',(1.425,2.35004878728,0.15));
#18863=CARTESIAN_POINT('',(1.425,2.45004878728,-0.0500000000000001));
#18864=CARTESIAN_POINT('',(1.425,2.45004878728,-0.0500000000000001));
#18865=CARTESIAN_POINT('',(1.575,2.45004878728,-0.0500000000000001));
#18866=CARTESIAN_POINT('',(1.575,2.35004878728,0.15));
#18867=CARTESIAN_POINT('',(1.425,2.35004878728,0.15));
#18868=CARTESIAN_POINT('',(1.425,2.55511456536748,0.12));
#18869=CARTESIAN_POINT('',(1.425,2.55511456536748,0.12));
#18870=CARTESIAN_POINT('',(1.425,3.00004878728,0.12));
#18871=CARTESIAN_POINT('',(1.425,3.00004878728,0.12));
#18872=CARTESIAN_POINT('',(1.425,3.00004878728,-0.05));
#18873=CARTESIAN_POINT('',(1.425,3.00004878728,-0.05));
#18874=CARTESIAN_POINT('',(1.425,2.45004878728,-0.0500000000000001));
#18875=CARTESIAN_POINT('',(1.425,0.,0.));
#18876=CARTESIAN_POINT('',(1.575,2.45004878728,-0.0500000000000001));
#18877=CARTESIAN_POINT('',(1.575,3.00004878728,-0.05));
#18878=CARTESIAN_POINT('',(1.575,3.00004878728,-0.05));
#18879=CARTESIAN_POINT('',(1.575,3.00004878728,0.12));
#18880=CARTESIAN_POINT('',(1.575,3.00004878728,0.12));
#18881=CARTESIAN_POINT('',(1.575,2.55511456536748,0.12));
#18882=CARTESIAN_POINT('',(1.575,2.55511456536748,0.12));
#18883=CARTESIAN_POINT('',(1.575,0.,0.));
#18884=CARTESIAN_POINT('',(1.425,3.00004878728,-0.05));
#18885=CARTESIAN_POINT('',(1.425,2.45004878728,-0.0500000000000001));
#18886=CARTESIAN_POINT('',(1.425,3.00004878728,0.12));
#18887=CARTESIAN_POINT('',(1.425,3.00004878728,-0.05));
#18888=CARTESIAN_POINT('',(1.425,2.55511456536748,0.12));
#18889=CARTESIAN_POINT('',(1.425,3.00004878728,0.12));
#18890=CARTESIAN_POINT('',(1.425,2.55511456536748,0.12));
#18891=CARTESIAN_POINT('',(1.925,2.35004878728,0.15));
#18892=CARTESIAN_POINT('',(1.925,2.45004878728,-0.0500000000000001));
#18893=CARTESIAN_POINT('',(1.925,2.45004878728,-0.0500000000000001));
#18894=CARTESIAN_POINT('',(2.075,2.45004878728,-0.0500000000000001));
#18895=CARTESIAN_POINT('',(2.075,2.35004878728,0.15));
#18896=CARTESIAN_POINT('',(1.925,2.35004878728,0.15));
#18897=CARTESIAN_POINT('',(1.925,2.55511456536748,0.12));
#18898=CARTESIAN_POINT('',(1.925,2.55511456536748,0.12));
#18899=CARTESIAN_POINT('',(1.925,3.00004878728,0.12));
#18900=CARTESIAN_POINT('',(1.925,3.00004878728,0.12));
#18901=CARTESIAN_POINT('',(1.925,3.00004878728,-0.05));
#18902=CARTESIAN_POINT('',(1.925,3.00004878728,-0.05));
#18903=CARTESIAN_POINT('',(1.925,2.45004878728,-0.0500000000000001));
#18904=CARTESIAN_POINT('',(1.925,0.,0.));
#18905=CARTESIAN_POINT('',(2.075,2.45004878728,-0.0500000000000001));
#18906=CARTESIAN_POINT('',(2.075,3.00004878728,-0.05));
#18907=CARTESIAN_POINT('',(2.075,3.00004878728,-0.05));
#18908=CARTESIAN_POINT('',(2.075,3.00004878728,0.12));
#18909=CARTESIAN_POINT('',(2.075,3.00004878728,0.12));
#18910=CARTESIAN_POINT('',(2.075,2.55511456536748,0.12));
#18911=CARTESIAN_POINT('',(2.075,2.55511456536748,0.12));
#18912=CARTESIAN_POINT('',(2.075,0.,0.));
#18913=CARTESIAN_POINT('',(1.925,3.00004878728,-0.05));
#18914=CARTESIAN_POINT('',(1.925,2.45004878728,-0.0500000000000001));
#18915=CARTESIAN_POINT('',(1.925,3.00004878728,0.12));
#18916=CARTESIAN_POINT('',(1.925,3.00004878728,-0.05));
#18917=CARTESIAN_POINT('',(1.925,2.55511456536748,0.12));
#18918=CARTESIAN_POINT('',(1.925,3.00004878728,0.12));
#18919=CARTESIAN_POINT('',(1.925,2.55511456536748,0.12));
#18920=CARTESIAN_POINT('',(2.425,2.35004878728,0.15));
#18921=CARTESIAN_POINT('',(2.425,2.45004878728,-0.0500000000000001));
#18922=CARTESIAN_POINT('',(2.425,2.45004878728,-0.0500000000000001));
#18923=CARTESIAN_POINT('',(2.575,2.45004878728,-0.0500000000000001));
#18924=CARTESIAN_POINT('',(2.575,2.35004878728,0.15));
#18925=CARTESIAN_POINT('',(2.425,2.35004878728,0.15));
#18926=CARTESIAN_POINT('',(2.425,2.55511456536748,0.12));
#18927=CARTESIAN_POINT('',(2.425,2.55511456536748,0.12));
#18928=CARTESIAN_POINT('',(2.425,3.00004878728,0.12));
#18929=CARTESIAN_POINT('',(2.425,3.00004878728,0.12));
#18930=CARTESIAN_POINT('',(2.425,3.00004878728,-0.05));
#18931=CARTESIAN_POINT('',(2.425,3.00004878728,-0.05));
#18932=CARTESIAN_POINT('',(2.425,2.45004878728,-0.0500000000000001));
#18933=CARTESIAN_POINT('',(2.425,0.,0.));
#18934=CARTESIAN_POINT('',(2.575,2.45004878728,-0.0500000000000001));
#18935=CARTESIAN_POINT('',(2.575,3.00004878728,-0.05));
#18936=CARTESIAN_POINT('',(2.575,3.00004878728,-0.05));
#18937=CARTESIAN_POINT('',(2.575,3.00004878728,0.12));
#18938=CARTESIAN_POINT('',(2.575,3.00004878728,0.12));
#18939=CARTESIAN_POINT('',(2.575,2.55511456536748,0.12));
#18940=CARTESIAN_POINT('',(2.575,2.55511456536748,0.12));
#18941=CARTESIAN_POINT('',(2.575,0.,0.));
#18942=CARTESIAN_POINT('',(2.425,3.00004878728,-0.05));
#18943=CARTESIAN_POINT('',(2.425,2.45004878728,-0.0500000000000001));
#18944=CARTESIAN_POINT('',(2.425,3.00004878728,0.12));
#18945=CARTESIAN_POINT('',(2.425,3.00004878728,-0.05));
#18946=CARTESIAN_POINT('',(2.425,2.55511456536748,0.12));
#18947=CARTESIAN_POINT('',(2.425,3.00004878728,0.12));
#18948=CARTESIAN_POINT('',(2.425,2.55511456536748,0.12));
#18949=CARTESIAN_POINT('',(2.925,2.35004878728,0.15));
#18950=CARTESIAN_POINT('',(2.925,2.45004878728,-0.0500000000000001));
#18951=CARTESIAN_POINT('',(2.925,2.45004878728,-0.0500000000000001));
#18952=CARTESIAN_POINT('',(3.075,2.45004878728,-0.0500000000000001));
#18953=CARTESIAN_POINT('',(3.075,2.35004878728,0.15));
#18954=CARTESIAN_POINT('',(2.925,2.35004878728,0.15));
#18955=CARTESIAN_POINT('',(2.925,2.55511456536748,0.12));
#18956=CARTESIAN_POINT('',(2.925,2.55511456536748,0.12));
#18957=CARTESIAN_POINT('',(2.925,3.00004878728,0.12));
#18958=CARTESIAN_POINT('',(2.925,3.00004878728,0.12));
#18959=CARTESIAN_POINT('',(2.925,3.00004878728,-0.05));
#18960=CARTESIAN_POINT('',(2.925,3.00004878728,-0.05));
#18961=CARTESIAN_POINT('',(2.925,2.45004878728,-0.0500000000000001));
#18962=CARTESIAN_POINT('',(2.925,0.,0.));
#18963=CARTESIAN_POINT('',(3.075,2.45004878728,-0.0500000000000001));
#18964=CARTESIAN_POINT('',(3.075,3.00004878728,-0.05));
#18965=CARTESIAN_POINT('',(3.075,3.00004878728,-0.05));
#18966=CARTESIAN_POINT('',(3.075,3.00004878728,0.12));
#18967=CARTESIAN_POINT('',(3.075,3.00004878728,0.12));
#18968=CARTESIAN_POINT('',(3.075,2.55511456536748,0.12));
#18969=CARTESIAN_POINT('',(3.075,2.55511456536748,0.12));
#18970=CARTESIAN_POINT('',(3.075,0.,0.));
#18971=CARTESIAN_POINT('',(2.925,3.00004878728,-0.05));
#18972=CARTESIAN_POINT('',(2.925,2.45004878728,-0.0500000000000001));
#18973=CARTESIAN_POINT('',(2.925,3.00004878728,0.12));
#18974=CARTESIAN_POINT('',(2.925,3.00004878728,-0.05));
#18975=CARTESIAN_POINT('',(2.925,2.55511456536748,0.12));
#18976=CARTESIAN_POINT('',(2.925,3.00004878728,0.12));
#18977=CARTESIAN_POINT('',(2.925,2.55511456536748,0.12));
#18978=CARTESIAN_POINT('',(-3.575,1.37999917971,0.647522729151325));
#18979=CARTESIAN_POINT('',(-3.575,1.39999917971,0.693348486100883));
#18980=CARTESIAN_POINT('',(-3.575,1.37999917971,0.647522729151325));
#18981=CARTESIAN_POINT('',(-3.575,1.42840559720399,0.635));
#18982=CARTESIAN_POINT('',(-3.575,1.42840559720399,0.635));
#18983=CARTESIAN_POINT('',(-3.425,1.42840559720399,0.635));
#18984=CARTESIAN_POINT('',(-3.425,1.37999917971,0.647522729151325));
#18985=CARTESIAN_POINT('',(-3.425,1.37999917971,0.647522729151325));
#18986=CARTESIAN_POINT('',(-3.425,1.39999917971,0.693348486100883));
#18987=CARTESIAN_POINT('',(-3.575,1.39999917971,0.693348486100883));
#18988=CARTESIAN_POINT('',(-3.575,1.37999917971,0.647522729151325));
#18989=CARTESIAN_POINT('',(-3.425,1.42840559720399,0.635));
#18990=CARTESIAN_POINT('',(-3.575,1.42840559720399,0.635));
#18991=CARTESIAN_POINT('',(-3.575,1.42840559720399,0.635));
#18992=CARTESIAN_POINT('',(-3.575,1.48999917971,0.785));
#18993=CARTESIAN_POINT('',(-3.575,1.33999917971,0.785));
#18994=CARTESIAN_POINT('',(-3.575,1.33999917971,0.785));
#18995=CARTESIAN_POINT('',(-3.425,1.33999917971,0.785));
#18996=CARTESIAN_POINT('',(-3.425,1.48999917971,0.785));
#18997=CARTESIAN_POINT('',(-3.575,1.48999917971,0.785));
#18998=CARTESIAN_POINT('',(-3.575,1.43999917971,0.785));
#18999=CARTESIAN_POINT('',(-3.575,1.43999917971,0.785));
#19000=CARTESIAN_POINT('',(-3.575,1.43999917971,0.785));
#19001=CARTESIAN_POINT('',(-3.425,1.43999917971,0.785));
#19002=CARTESIAN_POINT('',(-3.425,1.43999917971,0.785));
#19003=CARTESIAN_POINT('',(-3.425,1.43999917971,0.785));
#19004=CARTESIAN_POINT('',(-3.575,1.43999917971,0.785));
#19005=CARTESIAN_POINT('',(-3.075,1.37999917971,0.647522729151325));
#19006=CARTESIAN_POINT('',(-3.075,1.39999917971,0.693348486100883));
#19007=CARTESIAN_POINT('',(-3.075,1.37999917971,0.647522729151325));
#19008=CARTESIAN_POINT('',(-3.075,1.42840559720399,0.635));
#19009=CARTESIAN_POINT('',(-3.075,1.42840559720399,0.635));
#19010=CARTESIAN_POINT('',(-2.925,1.42840559720399,0.635));
#19011=CARTESIAN_POINT('',(-2.925,1.37999917971,0.647522729151325));
#19012=CARTESIAN_POINT('',(-2.925,1.37999917971,0.647522729151325));
#19013=CARTESIAN_POINT('',(-2.925,1.39999917971,0.693348486100883));
#19014=CARTESIAN_POINT('',(-3.075,1.39999917971,0.693348486100883));
#19015=CARTESIAN_POINT('',(-3.075,1.37999917971,0.647522729151325));
#19016=CARTESIAN_POINT('',(-2.925,1.42840559720399,0.635));
#19017=CARTESIAN_POINT('',(-3.075,1.42840559720399,0.635));
#19018=CARTESIAN_POINT('',(-3.075,1.42840559720399,0.635));
#19019=CARTESIAN_POINT('',(-3.075,1.48999917971,0.785));
#19020=CARTESIAN_POINT('',(-3.075,1.33999917971,0.785));
#19021=CARTESIAN_POINT('',(-3.075,1.33999917971,0.785));
#19022=CARTESIAN_POINT('',(-2.925,1.33999917971,0.785));
#19023=CARTESIAN_POINT('',(-2.925,1.48999917971,0.785));
#19024=CARTESIAN_POINT('',(-3.075,1.48999917971,0.785));
#19025=CARTESIAN_POINT('',(-3.075,1.43999917971,0.785));
#19026=CARTESIAN_POINT('',(-3.075,1.43999917971,0.785));
#19027=CARTESIAN_POINT('',(-3.075,1.43999917971,0.785));
#19028=CARTESIAN_POINT('',(-2.925,1.43999917971,0.785));
#19029=CARTESIAN_POINT('',(-2.925,1.43999917971,0.785));
#19030=CARTESIAN_POINT('',(-2.925,1.43999917971,0.785));
#19031=CARTESIAN_POINT('',(-3.075,1.43999917971,0.785));
#19032=CARTESIAN_POINT('',(-2.575,1.37999917971,0.647522729151325));
#19033=CARTESIAN_POINT('',(-2.575,1.39999917971,0.693348486100883));
#19034=CARTESIAN_POINT('',(-2.575,1.37999917971,0.647522729151325));
#19035=CARTESIAN_POINT('',(-2.575,1.42840559720399,0.635));
#19036=CARTESIAN_POINT('',(-2.575,1.42840559720399,0.635));
#19037=CARTESIAN_POINT('',(-2.425,1.42840559720399,0.635));
#19038=CARTESIAN_POINT('',(-2.425,1.37999917971,0.647522729151325));
#19039=CARTESIAN_POINT('',(-2.425,1.37999917971,0.647522729151325));
#19040=CARTESIAN_POINT('',(-2.425,1.39999917971,0.693348486100883));
#19041=CARTESIAN_POINT('',(-2.575,1.39999917971,0.693348486100883));
#19042=CARTESIAN_POINT('',(-2.575,1.37999917971,0.647522729151325));
#19043=CARTESIAN_POINT('',(-2.425,1.42840559720399,0.635));
#19044=CARTESIAN_POINT('',(-2.575,1.42840559720399,0.635));
#19045=CARTESIAN_POINT('',(-2.575,1.42840559720399,0.635));
#19046=CARTESIAN_POINT('',(-2.575,1.48999917971,0.785));
#19047=CARTESIAN_POINT('',(-2.575,1.33999917971,0.785));
#19048=CARTESIAN_POINT('',(-2.575,1.33999917971,0.785));
#19049=CARTESIAN_POINT('',(-2.425,1.33999917971,0.785));
#19050=CARTESIAN_POINT('',(-2.425,1.48999917971,0.785));
#19051=CARTESIAN_POINT('',(-2.575,1.48999917971,0.785));
#19052=CARTESIAN_POINT('',(-2.575,1.43999917971,0.785));
#19053=CARTESIAN_POINT('',(-2.575,1.43999917971,0.785));
#19054=CARTESIAN_POINT('',(-2.575,1.43999917971,0.785));
#19055=CARTESIAN_POINT('',(-2.425,1.43999917971,0.785));
#19056=CARTESIAN_POINT('',(-2.425,1.43999917971,0.785));
#19057=CARTESIAN_POINT('',(-2.425,1.43999917971,0.785));
#19058=CARTESIAN_POINT('',(-2.575,1.43999917971,0.785));
#19059=CARTESIAN_POINT('',(-2.075,1.37999917971,0.647522729151325));
#19060=CARTESIAN_POINT('',(-2.075,1.39999917971,0.693348486100883));
#19061=CARTESIAN_POINT('',(-2.075,1.37999917971,0.647522729151325));
#19062=CARTESIAN_POINT('',(-2.075,1.42840559720399,0.635));
#19063=CARTESIAN_POINT('',(-2.075,1.42840559720399,0.635));
#19064=CARTESIAN_POINT('',(-1.925,1.42840559720399,0.635));
#19065=CARTESIAN_POINT('',(-1.925,1.37999917971,0.647522729151325));
#19066=CARTESIAN_POINT('',(-1.925,1.37999917971,0.647522729151325));
#19067=CARTESIAN_POINT('',(-1.925,1.39999917971,0.693348486100883));
#19068=CARTESIAN_POINT('',(-2.075,1.39999917971,0.693348486100883));
#19069=CARTESIAN_POINT('',(-2.075,1.37999917971,0.647522729151325));
#19070=CARTESIAN_POINT('',(-1.925,1.42840559720399,0.635));
#19071=CARTESIAN_POINT('',(-2.075,1.42840559720399,0.635));
#19072=CARTESIAN_POINT('',(-2.075,1.42840559720399,0.635));
#19073=CARTESIAN_POINT('',(-2.075,1.48999917971,0.785));
#19074=CARTESIAN_POINT('',(-2.075,1.33999917971,0.785));
#19075=CARTESIAN_POINT('',(-2.075,1.33999917971,0.785));
#19076=CARTESIAN_POINT('',(-1.925,1.33999917971,0.785));
#19077=CARTESIAN_POINT('',(-1.925,1.48999917971,0.785));
#19078=CARTESIAN_POINT('',(-2.075,1.48999917971,0.785));
#19079=CARTESIAN_POINT('',(-2.075,1.43999917971,0.785));
#19080=CARTESIAN_POINT('',(-2.075,1.43999917971,0.785));
#19081=CARTESIAN_POINT('',(-2.075,1.43999917971,0.785));
#19082=CARTESIAN_POINT('',(-1.925,1.43999917971,0.785));
#19083=CARTESIAN_POINT('',(-1.925,1.43999917971,0.785));
#19084=CARTESIAN_POINT('',(-1.925,1.43999917971,0.785));
#19085=CARTESIAN_POINT('',(-2.075,1.43999917971,0.785));
#19086=CARTESIAN_POINT('',(-1.575,1.37999917971,0.647522729151325));
#19087=CARTESIAN_POINT('',(-1.575,1.39999917971,0.693348486100883));
#19088=CARTESIAN_POINT('',(-1.575,1.37999917971,0.647522729151325));
#19089=CARTESIAN_POINT('',(-1.575,1.42840559720399,0.635));
#19090=CARTESIAN_POINT('',(-1.575,1.42840559720399,0.635));
#19091=CARTESIAN_POINT('',(-1.425,1.42840559720399,0.635));
#19092=CARTESIAN_POINT('',(-1.425,1.37999917971,0.647522729151325));
#19093=CARTESIAN_POINT('',(-1.425,1.37999917971,0.647522729151325));
#19094=CARTESIAN_POINT('',(-1.425,1.39999917971,0.693348486100883));
#19095=CARTESIAN_POINT('',(-1.575,1.39999917971,0.693348486100883));
#19096=CARTESIAN_POINT('',(-1.575,1.37999917971,0.647522729151325));
#19097=CARTESIAN_POINT('',(-1.425,1.42840559720399,0.635));
#19098=CARTESIAN_POINT('',(-1.575,1.42840559720399,0.635));
#19099=CARTESIAN_POINT('',(-1.575,1.42840559720399,0.635));
#19100=CARTESIAN_POINT('',(-1.575,1.48999917971,0.785));
#19101=CARTESIAN_POINT('',(-1.575,1.33999917971,0.785));
#19102=CARTESIAN_POINT('',(-1.575,1.33999917971,0.785));
#19103=CARTESIAN_POINT('',(-1.425,1.33999917971,0.785));
#19104=CARTESIAN_POINT('',(-1.425,1.48999917971,0.785));
#19105=CARTESIAN_POINT('',(-1.575,1.48999917971,0.785));
#19106=CARTESIAN_POINT('',(-1.575,1.43999917971,0.785));
#19107=CARTESIAN_POINT('',(-1.575,1.43999917971,0.785));
#19108=CARTESIAN_POINT('',(-1.575,1.43999917971,0.785));
#19109=CARTESIAN_POINT('',(-1.425,1.43999917971,0.785));
#19110=CARTESIAN_POINT('',(-1.425,1.43999917971,0.785));
#19111=CARTESIAN_POINT('',(-1.425,1.43999917971,0.785));
#19112=CARTESIAN_POINT('',(-1.575,1.43999917971,0.785));
#19113=CARTESIAN_POINT('',(-1.075,1.37999917971,0.647522729151325));
#19114=CARTESIAN_POINT('',(-1.075,1.39999917971,0.693348486100883));
#19115=CARTESIAN_POINT('',(-1.075,1.37999917971,0.647522729151325));
#19116=CARTESIAN_POINT('',(-1.075,1.42840559720399,0.635));
#19117=CARTESIAN_POINT('',(-1.075,1.42840559720399,0.635));
#19118=CARTESIAN_POINT('',(-0.925,1.42840559720399,0.635));
#19119=CARTESIAN_POINT('',(-0.925,1.37999917971,0.647522729151325));
#19120=CARTESIAN_POINT('',(-0.925,1.37999917971,0.647522729151325));
#19121=CARTESIAN_POINT('',(-0.925,1.39999917971,0.693348486100883));
#19122=CARTESIAN_POINT('',(-1.075,1.39999917971,0.693348486100883));
#19123=CARTESIAN_POINT('',(-1.075,1.37999917971,0.647522729151325));
#19124=CARTESIAN_POINT('',(-0.925,1.42840559720399,0.635));
#19125=CARTESIAN_POINT('',(-1.075,1.42840559720399,0.635));
#19126=CARTESIAN_POINT('',(-1.075,1.42840559720399,0.635));
#19127=CARTESIAN_POINT('',(-1.075,1.48999917971,0.785));
#19128=CARTESIAN_POINT('',(-1.075,1.33999917971,0.785));
#19129=CARTESIAN_POINT('',(-1.075,1.33999917971,0.785));
#19130=CARTESIAN_POINT('',(-0.925,1.33999917971,0.785));
#19131=CARTESIAN_POINT('',(-0.925,1.48999917971,0.785));
#19132=CARTESIAN_POINT('',(-1.075,1.48999917971,0.785));
#19133=CARTESIAN_POINT('',(-1.075,1.43999917971,0.785));
#19134=CARTESIAN_POINT('',(-1.075,1.43999917971,0.785));
#19135=CARTESIAN_POINT('',(-1.075,1.43999917971,0.785));
#19136=CARTESIAN_POINT('',(-0.925,1.43999917971,0.785));
#19137=CARTESIAN_POINT('',(-0.925,1.43999917971,0.785));
#19138=CARTESIAN_POINT('',(-0.925,1.43999917971,0.785));
#19139=CARTESIAN_POINT('',(-1.075,1.43999917971,0.785));
#19140=CARTESIAN_POINT('',(-0.575,1.37999917971,0.647522729151325));
#19141=CARTESIAN_POINT('',(-0.575,1.39999917971,0.693348486100883));
#19142=CARTESIAN_POINT('',(-0.575,1.37999917971,0.647522729151325));
#19143=CARTESIAN_POINT('',(-0.575,1.42840559720399,0.635));
#19144=CARTESIAN_POINT('',(-0.575,1.42840559720399,0.635));
#19145=CARTESIAN_POINT('',(-0.425,1.42840559720399,0.635));
#19146=CARTESIAN_POINT('',(-0.425,1.37999917971,0.647522729151325));
#19147=CARTESIAN_POINT('',(-0.425,1.37999917971,0.647522729151325));
#19148=CARTESIAN_POINT('',(-0.425,1.39999917971,0.693348486100883));
#19149=CARTESIAN_POINT('',(-0.575,1.39999917971,0.693348486100883));
#19150=CARTESIAN_POINT('',(-0.575,1.37999917971,0.647522729151325));
#19151=CARTESIAN_POINT('',(-0.425,1.42840559720399,0.635));
#19152=CARTESIAN_POINT('',(-0.575,1.42840559720399,0.635));
#19153=CARTESIAN_POINT('',(-0.575,1.42840559720399,0.635));
#19154=CARTESIAN_POINT('',(-0.575,1.48999917971,0.785));
#19155=CARTESIAN_POINT('',(-0.575,1.33999917971,0.785));
#19156=CARTESIAN_POINT('',(-0.575,1.33999917971,0.785));
#19157=CARTESIAN_POINT('',(-0.425,1.33999917971,0.785));
#19158=CARTESIAN_POINT('',(-0.425,1.48999917971,0.785));
#19159=CARTESIAN_POINT('',(-0.575,1.48999917971,0.785));
#19160=CARTESIAN_POINT('',(-0.575,1.43999917971,0.785));
#19161=CARTESIAN_POINT('',(-0.575,1.43999917971,0.785));
#19162=CARTESIAN_POINT('',(-0.575,1.43999917971,0.785));
#19163=CARTESIAN_POINT('',(-0.425,1.43999917971,0.785));
#19164=CARTESIAN_POINT('',(-0.425,1.43999917971,0.785));
#19165=CARTESIAN_POINT('',(-0.425,1.43999917971,0.785));
#19166=CARTESIAN_POINT('',(-0.575,1.43999917971,0.785));
#19167=CARTESIAN_POINT('',(-0.0750000000000004,1.37999917971,0.647522729151325));
#19168=CARTESIAN_POINT('',(-0.0750000000000004,1.39999917971,0.693348486100883));
#19169=CARTESIAN_POINT('',(-0.0750000000000004,1.37999917971,0.647522729151325));
#19170=CARTESIAN_POINT('',(-0.0750000000000004,1.42840559720399,0.635));
#19171=CARTESIAN_POINT('',(-0.0750000000000004,1.42840559720399,0.635));
#19172=CARTESIAN_POINT('',(0.075,1.42840559720399,0.635));
#19173=CARTESIAN_POINT('',(0.075,1.37999917971,0.647522729151325));
#19174=CARTESIAN_POINT('',(0.075,1.37999917971,0.647522729151325));
#19175=CARTESIAN_POINT('',(0.075,1.39999917971,0.693348486100883));
#19176=CARTESIAN_POINT('',(-0.0750000000000004,1.39999917971,0.693348486100883));
#19177=CARTESIAN_POINT('',(-0.0750000000000004,1.37999917971,0.647522729151325));
#19178=CARTESIAN_POINT('',(0.075,1.42840559720399,0.635));
#19179=CARTESIAN_POINT('',(-0.0750000000000004,1.42840559720399,0.635));
#19180=CARTESIAN_POINT('',(-0.0750000000000004,1.42840559720399,0.635));
#19181=CARTESIAN_POINT('',(-0.0750000000000004,1.48999917971,0.785));
#19182=CARTESIAN_POINT('',(-0.0750000000000004,1.33999917971,0.785));
#19183=CARTESIAN_POINT('',(-0.0750000000000004,1.33999917971,0.785));
#19184=CARTESIAN_POINT('',(0.075,1.33999917971,0.785));
#19185=CARTESIAN_POINT('',(0.075,1.48999917971,0.785));
#19186=CARTESIAN_POINT('',(-0.0750000000000004,1.48999917971,0.785));
#19187=CARTESIAN_POINT('',(-0.0750000000000004,1.43999917971,0.785));
#19188=CARTESIAN_POINT('',(-0.0750000000000004,1.43999917971,0.785));
#19189=CARTESIAN_POINT('',(-0.0750000000000004,1.43999917971,0.785));
#19190=CARTESIAN_POINT('',(0.075,1.43999917971,0.785));
#19191=CARTESIAN_POINT('',(0.075,1.43999917971,0.785));
#19192=CARTESIAN_POINT('',(0.075,1.43999917971,0.785));
#19193=CARTESIAN_POINT('',(-0.0750000000000004,1.43999917971,0.785));
#19194=CARTESIAN_POINT('',(0.425,1.37999917971,0.647522729151325));
#19195=CARTESIAN_POINT('',(0.425,1.39999917971,0.693348486100883));
#19196=CARTESIAN_POINT('',(0.425,1.37999917971,0.647522729151325));
#19197=CARTESIAN_POINT('',(0.425,1.42840559720399,0.635));
#19198=CARTESIAN_POINT('',(0.425,1.42840559720399,0.635));
#19199=CARTESIAN_POINT('',(0.575,1.42840559720399,0.635));
#19200=CARTESIAN_POINT('',(0.575,1.37999917971,0.647522729151325));
#19201=CARTESIAN_POINT('',(0.575,1.37999917971,0.647522729151325));
#19202=CARTESIAN_POINT('',(0.575,1.39999917971,0.693348486100883));
#19203=CARTESIAN_POINT('',(0.425,1.39999917971,0.693348486100883));
#19204=CARTESIAN_POINT('',(0.425,1.37999917971,0.647522729151325));
#19205=CARTESIAN_POINT('',(0.575,1.42840559720399,0.635));
#19206=CARTESIAN_POINT('',(0.425,1.42840559720399,0.635));
#19207=CARTESIAN_POINT('',(0.425,1.42840559720399,0.635));
#19208=CARTESIAN_POINT('',(0.425,1.48999917971,0.785));
#19209=CARTESIAN_POINT('',(0.425,1.33999917971,0.785));
#19210=CARTESIAN_POINT('',(0.425,1.33999917971,0.785));
#19211=CARTESIAN_POINT('',(0.575,1.33999917971,0.785));
#19212=CARTESIAN_POINT('',(0.575,1.48999917971,0.785));
#19213=CARTESIAN_POINT('',(0.425,1.48999917971,0.785));
#19214=CARTESIAN_POINT('',(0.425,1.43999917971,0.785));
#19215=CARTESIAN_POINT('',(0.425,1.43999917971,0.785));
#19216=CARTESIAN_POINT('',(0.425,1.43999917971,0.785));
#19217=CARTESIAN_POINT('',(0.575,1.43999917971,0.785));
#19218=CARTESIAN_POINT('',(0.575,1.43999917971,0.785));
#19219=CARTESIAN_POINT('',(0.575,1.43999917971,0.785));
#19220=CARTESIAN_POINT('',(0.425,1.43999917971,0.785));
#19221=CARTESIAN_POINT('',(0.925,1.37999917971,0.647522729151325));
#19222=CARTESIAN_POINT('',(0.925,1.39999917971,0.693348486100883));
#19223=CARTESIAN_POINT('',(0.925,1.37999917971,0.647522729151325));
#19224=CARTESIAN_POINT('',(0.925,1.42840559720399,0.635));
#19225=CARTESIAN_POINT('',(0.925,1.42840559720399,0.635));
#19226=CARTESIAN_POINT('',(1.075,1.42840559720399,0.635));
#19227=CARTESIAN_POINT('',(1.075,1.37999917971,0.647522729151325));
#19228=CARTESIAN_POINT('',(1.075,1.37999917971,0.647522729151325));
#19229=CARTESIAN_POINT('',(1.075,1.39999917971,0.693348486100883));
#19230=CARTESIAN_POINT('',(0.925,1.39999917971,0.693348486100883));
#19231=CARTESIAN_POINT('',(0.925,1.37999917971,0.647522729151325));
#19232=CARTESIAN_POINT('',(1.075,1.42840559720399,0.635));
#19233=CARTESIAN_POINT('',(0.925,1.42840559720399,0.635));
#19234=CARTESIAN_POINT('',(0.925,1.42840559720399,0.635));
#19235=CARTESIAN_POINT('',(0.925,1.48999917971,0.785));
#19236=CARTESIAN_POINT('',(0.925,1.33999917971,0.785));
#19237=CARTESIAN_POINT('',(0.925,1.33999917971,0.785));
#19238=CARTESIAN_POINT('',(1.075,1.33999917971,0.785));
#19239=CARTESIAN_POINT('',(1.075,1.48999917971,0.785));
#19240=CARTESIAN_POINT('',(0.925,1.48999917971,0.785));
#19241=CARTESIAN_POINT('',(0.925,1.43999917971,0.785));
#19242=CARTESIAN_POINT('',(0.925,1.43999917971,0.785));
#19243=CARTESIAN_POINT('',(0.925,1.43999917971,0.785));
#19244=CARTESIAN_POINT('',(1.075,1.43999917971,0.785));
#19245=CARTESIAN_POINT('',(1.075,1.43999917971,0.785));
#19246=CARTESIAN_POINT('',(1.075,1.43999917971,0.785));
#19247=CARTESIAN_POINT('',(0.925,1.43999917971,0.785));
#19248=CARTESIAN_POINT('',(1.425,1.37999917971,0.647522729151325));
#19249=CARTESIAN_POINT('',(1.425,1.39999917971,0.693348486100883));
#19250=CARTESIAN_POINT('',(1.425,1.37999917971,0.647522729151325));
#19251=CARTESIAN_POINT('',(1.425,1.42840559720399,0.635));
#19252=CARTESIAN_POINT('',(1.425,1.42840559720399,0.635));
#19253=CARTESIAN_POINT('',(1.575,1.42840559720399,0.635));
#19254=CARTESIAN_POINT('',(1.575,1.37999917971,0.647522729151325));
#19255=CARTESIAN_POINT('',(1.575,1.37999917971,0.647522729151325));
#19256=CARTESIAN_POINT('',(1.575,1.39999917971,0.693348486100883));
#19257=CARTESIAN_POINT('',(1.425,1.39999917971,0.693348486100883));
#19258=CARTESIAN_POINT('',(1.425,1.37999917971,0.647522729151325));
#19259=CARTESIAN_POINT('',(1.575,1.42840559720399,0.635));
#19260=CARTESIAN_POINT('',(1.425,1.42840559720399,0.635));
#19261=CARTESIAN_POINT('',(1.425,1.42840559720399,0.635));
#19262=CARTESIAN_POINT('',(1.425,1.48999917971,0.785));
#19263=CARTESIAN_POINT('',(1.425,1.33999917971,0.785));
#19264=CARTESIAN_POINT('',(1.425,1.33999917971,0.785));
#19265=CARTESIAN_POINT('',(1.575,1.33999917971,0.785));
#19266=CARTESIAN_POINT('',(1.575,1.48999917971,0.785));
#19267=CARTESIAN_POINT('',(1.425,1.48999917971,0.785));
#19268=CARTESIAN_POINT('',(1.425,1.43999917971,0.785));
#19269=CARTESIAN_POINT('',(1.425,1.43999917971,0.785));
#19270=CARTESIAN_POINT('',(1.425,1.43999917971,0.785));
#19271=CARTESIAN_POINT('',(1.575,1.43999917971,0.785));
#19272=CARTESIAN_POINT('',(1.575,1.43999917971,0.785));
#19273=CARTESIAN_POINT('',(1.575,1.43999917971,0.785));
#19274=CARTESIAN_POINT('',(1.425,1.43999917971,0.785));
#19275=CARTESIAN_POINT('',(1.925,1.37999917971,0.647522729151325));
#19276=CARTESIAN_POINT('',(1.925,1.39999917971,0.693348486100883));
#19277=CARTESIAN_POINT('',(1.925,1.37999917971,0.647522729151325));
#19278=CARTESIAN_POINT('',(1.925,1.42840559720399,0.635));
#19279=CARTESIAN_POINT('',(1.925,1.42840559720399,0.635));
#19280=CARTESIAN_POINT('',(2.075,1.42840559720399,0.635));
#19281=CARTESIAN_POINT('',(2.075,1.37999917971,0.647522729151325));
#19282=CARTESIAN_POINT('',(2.075,1.37999917971,0.647522729151325));
#19283=CARTESIAN_POINT('',(2.075,1.39999917971,0.693348486100883));
#19284=CARTESIAN_POINT('',(1.925,1.39999917971,0.693348486100883));
#19285=CARTESIAN_POINT('',(1.925,1.37999917971,0.647522729151325));
#19286=CARTESIAN_POINT('',(2.075,1.42840559720399,0.635));
#19287=CARTESIAN_POINT('',(1.925,1.42840559720399,0.635));
#19288=CARTESIAN_POINT('',(1.925,1.42840559720399,0.635));
#19289=CARTESIAN_POINT('',(1.925,1.48999917971,0.785));
#19290=CARTESIAN_POINT('',(1.925,1.33999917971,0.785));
#19291=CARTESIAN_POINT('',(1.925,1.33999917971,0.785));
#19292=CARTESIAN_POINT('',(2.075,1.33999917971,0.785));
#19293=CARTESIAN_POINT('',(2.075,1.48999917971,0.785));
#19294=CARTESIAN_POINT('',(1.925,1.48999917971,0.785));
#19295=CARTESIAN_POINT('',(1.925,1.43999917971,0.785));
#19296=CARTESIAN_POINT('',(1.925,1.43999917971,0.785));
#19297=CARTESIAN_POINT('',(1.925,1.43999917971,0.785));
#19298=CARTESIAN_POINT('',(2.075,1.43999917971,0.785));
#19299=CARTESIAN_POINT('',(2.075,1.43999917971,0.785));
#19300=CARTESIAN_POINT('',(2.075,1.43999917971,0.785));
#19301=CARTESIAN_POINT('',(1.925,1.43999917971,0.785));
#19302=CARTESIAN_POINT('',(2.425,1.37999917971,0.647522729151325));
#19303=CARTESIAN_POINT('',(2.425,1.39999917971,0.693348486100883));
#19304=CARTESIAN_POINT('',(2.425,1.37999917971,0.647522729151325));
#19305=CARTESIAN_POINT('',(2.425,1.42840559720399,0.635));
#19306=CARTESIAN_POINT('',(2.425,1.42840559720399,0.635));
#19307=CARTESIAN_POINT('',(2.575,1.42840559720399,0.635));
#19308=CARTESIAN_POINT('',(2.575,1.37999917971,0.647522729151325));
#19309=CARTESIAN_POINT('',(2.575,1.37999917971,0.647522729151325));
#19310=CARTESIAN_POINT('',(2.575,1.39999917971,0.693348486100883));
#19311=CARTESIAN_POINT('',(2.425,1.39999917971,0.693348486100883));
#19312=CARTESIAN_POINT('',(2.425,1.37999917971,0.647522729151325));
#19313=CARTESIAN_POINT('',(2.575,1.42840559720399,0.635));
#19314=CARTESIAN_POINT('',(2.425,1.42840559720399,0.635));
#19315=CARTESIAN_POINT('',(2.425,1.42840559720399,0.635));
#19316=CARTESIAN_POINT('',(2.425,1.48999917971,0.785));
#19317=CARTESIAN_POINT('',(2.425,1.33999917971,0.785));
#19318=CARTESIAN_POINT('',(2.425,1.33999917971,0.785));
#19319=CARTESIAN_POINT('',(2.575,1.33999917971,0.785));
#19320=CARTESIAN_POINT('',(2.575,1.48999917971,0.785));
#19321=CARTESIAN_POINT('',(2.425,1.48999917971,0.785));
#19322=CARTESIAN_POINT('',(2.425,1.43999917971,0.785));
#19323=CARTESIAN_POINT('',(2.425,1.43999917971,0.785));
#19324=CARTESIAN_POINT('',(2.425,1.43999917971,0.785));
#19325=CARTESIAN_POINT('',(2.575,1.43999917971,0.785));
#19326=CARTESIAN_POINT('',(2.575,1.43999917971,0.785));
#19327=CARTESIAN_POINT('',(2.575,1.43999917971,0.785));
#19328=CARTESIAN_POINT('',(2.425,1.43999917971,0.785));
#19329=CARTESIAN_POINT('',(2.925,1.37999917971,0.647522729151325));
#19330=CARTESIAN_POINT('',(2.925,1.39999917971,0.693348486100883));
#19331=CARTESIAN_POINT('',(2.925,1.37999917971,0.647522729151325));
#19332=CARTESIAN_POINT('',(2.925,1.42840559720399,0.635));
#19333=CARTESIAN_POINT('',(2.925,1.42840559720399,0.635));
#19334=CARTESIAN_POINT('',(3.075,1.42840559720399,0.635));
#19335=CARTESIAN_POINT('',(3.075,1.37999917971,0.647522729151325));
#19336=CARTESIAN_POINT('',(3.075,1.37999917971,0.647522729151325));
#19337=CARTESIAN_POINT('',(3.075,1.39999917971,0.693348486100883));
#19338=CARTESIAN_POINT('',(2.925,1.39999917971,0.693348486100883));
#19339=CARTESIAN_POINT('',(2.925,1.37999917971,0.647522729151325));
#19340=CARTESIAN_POINT('',(3.075,1.42840559720399,0.635));
#19341=CARTESIAN_POINT('',(2.925,1.42840559720399,0.635));
#19342=CARTESIAN_POINT('',(2.925,1.42840559720399,0.635));
#19343=CARTESIAN_POINT('',(2.925,1.48999917971,0.785));
#19344=CARTESIAN_POINT('',(2.925,1.33999917971,0.785));
#19345=CARTESIAN_POINT('',(2.925,1.33999917971,0.785));
#19346=CARTESIAN_POINT('',(3.075,1.33999917971,0.785));
#19347=CARTESIAN_POINT('',(3.075,1.48999917971,0.785));
#19348=CARTESIAN_POINT('',(2.925,1.48999917971,0.785));
#19349=CARTESIAN_POINT('',(2.925,1.43999917971,0.785));
#19350=CARTESIAN_POINT('',(2.925,1.43999917971,0.785));
#19351=CARTESIAN_POINT('',(2.925,1.43999917971,0.785));
#19352=CARTESIAN_POINT('',(3.075,1.43999917971,0.785));
#19353=CARTESIAN_POINT('',(3.075,1.43999917971,0.785));
#19354=CARTESIAN_POINT('',(3.075,1.43999917971,0.785));
#19355=CARTESIAN_POINT('',(2.925,1.43999917971,0.785));
#19356=CARTESIAN_POINT('',(-3.575,0.82319917971,0.87));
#19357=CARTESIAN_POINT('',(-3.575,0.89999917971,0.87));
#19358=CARTESIAN_POINT('',(-3.575,0.89999917971,0.87));
#19359=CARTESIAN_POINT('',(-3.425,0.89999917971,0.87));
#19360=CARTESIAN_POINT('',(-3.425,0.82319917971,0.87));
#19361=CARTESIAN_POINT('',(-3.575,0.82319917971,0.87));
#19362=CARTESIAN_POINT('',(-3.425,0.769458450776771,0.92));
#19363=CARTESIAN_POINT('',(-3.425,0.884365117244618,1.01641814145298));
#19364=CARTESIAN_POINT('',(-3.575,0.884365117244618,1.01641814145298));
#19365=CARTESIAN_POINT('',(-3.575,0.884365117244618,1.01641814145298));
#19366=CARTESIAN_POINT('',(-3.575,0.769458450776771,0.92));
#19367=CARTESIAN_POINT('',(-3.575,0.769458450776771,0.92));
#19368=CARTESIAN_POINT('',(-3.575,0.938301401865948,0.952139380484327));
#19369=CARTESIAN_POINT('',(-3.575,0.938301401865949,0.952139380484327));
#19370=CARTESIAN_POINT('',(-3.575,0.89999917971,0.92));
#19371=CARTESIAN_POINT('',(-3.575,0.82319917971,0.82));
#19372=CARTESIAN_POINT('',(-3.425,0.89999917971,0.92));
#19373=CARTESIAN_POINT('',(-3.425,0.938301401865949,0.952139380484327));
#19374=CARTESIAN_POINT('',(-3.425,0.938301401865948,0.952139380484327));
#19375=CARTESIAN_POINT('',(-3.425,0.82319917971,0.82));
#19376=CARTESIAN_POINT('',(-3.575,0.938301401865949,0.952139380484327));
#19377=CARTESIAN_POINT('',(-3.575,0.89999917971,0.92));
#19378=CARTESIAN_POINT('',(-3.575,0.938301401865948,0.952139380484327));
#19379=CARTESIAN_POINT('',(-3.075,0.82319917971,0.87));
#19380=CARTESIAN_POINT('',(-3.075,0.89999917971,0.87));
#19381=CARTESIAN_POINT('',(-3.075,0.89999917971,0.87));
#19382=CARTESIAN_POINT('',(-2.925,0.89999917971,0.87));
#19383=CARTESIAN_POINT('',(-2.925,0.82319917971,0.87));
#19384=CARTESIAN_POINT('',(-3.075,0.82319917971,0.87));
#19385=CARTESIAN_POINT('',(-2.925,0.769458450776771,0.92));
#19386=CARTESIAN_POINT('',(-2.925,0.884365117244618,1.01641814145298));
#19387=CARTESIAN_POINT('',(-3.075,0.884365117244618,1.01641814145298));
#19388=CARTESIAN_POINT('',(-3.075,0.884365117244618,1.01641814145298));
#19389=CARTESIAN_POINT('',(-3.075,0.769458450776771,0.92));
#19390=CARTESIAN_POINT('',(-3.075,0.769458450776771,0.92));
#19391=CARTESIAN_POINT('',(-3.075,0.938301401865948,0.952139380484327));
#19392=CARTESIAN_POINT('',(-3.075,0.938301401865949,0.952139380484327));
#19393=CARTESIAN_POINT('',(-3.075,0.89999917971,0.92));
#19394=CARTESIAN_POINT('',(-3.075,0.82319917971,0.82));
#19395=CARTESIAN_POINT('',(-2.925,0.89999917971,0.92));
#19396=CARTESIAN_POINT('',(-2.925,0.938301401865949,0.952139380484327));
#19397=CARTESIAN_POINT('',(-2.925,0.938301401865948,0.952139380484327));
#19398=CARTESIAN_POINT('',(-2.925,0.82319917971,0.82));
#19399=CARTESIAN_POINT('',(-3.075,0.938301401865949,0.952139380484327));
#19400=CARTESIAN_POINT('',(-3.075,0.89999917971,0.92));
#19401=CARTESIAN_POINT('',(-3.075,0.938301401865948,0.952139380484327));
#19402=CARTESIAN_POINT('',(-2.575,0.82319917971,0.87));
#19403=CARTESIAN_POINT('',(-2.575,0.89999917971,0.87));
#19404=CARTESIAN_POINT('',(-2.575,0.89999917971,0.87));
#19405=CARTESIAN_POINT('',(-2.425,0.89999917971,0.87));
#19406=CARTESIAN_POINT('',(-2.425,0.82319917971,0.87));
#19407=CARTESIAN_POINT('',(-2.575,0.82319917971,0.87));
#19408=CARTESIAN_POINT('',(-2.425,0.769458450776771,0.92));
#19409=CARTESIAN_POINT('',(-2.425,0.884365117244618,1.01641814145298));
#19410=CARTESIAN_POINT('',(-2.575,0.884365117244618,1.01641814145298));
#19411=CARTESIAN_POINT('',(-2.575,0.884365117244618,1.01641814145298));
#19412=CARTESIAN_POINT('',(-2.575,0.769458450776771,0.92));
#19413=CARTESIAN_POINT('',(-2.575,0.769458450776771,0.92));
#19414=CARTESIAN_POINT('',(-2.575,0.938301401865948,0.952139380484327));
#19415=CARTESIAN_POINT('',(-2.575,0.938301401865949,0.952139380484327));
#19416=CARTESIAN_POINT('',(-2.575,0.89999917971,0.92));
#19417=CARTESIAN_POINT('',(-2.575,0.82319917971,0.82));
#19418=CARTESIAN_POINT('',(-2.425,0.89999917971,0.92));
#19419=CARTESIAN_POINT('',(-2.425,0.938301401865949,0.952139380484327));
#19420=CARTESIAN_POINT('',(-2.425,0.938301401865948,0.952139380484327));
#19421=CARTESIAN_POINT('',(-2.425,0.82319917971,0.82));
#19422=CARTESIAN_POINT('',(-2.575,0.938301401865949,0.952139380484327));
#19423=CARTESIAN_POINT('',(-2.575,0.89999917971,0.92));
#19424=CARTESIAN_POINT('',(-2.575,0.938301401865948,0.952139380484327));
#19425=CARTESIAN_POINT('',(-2.075,0.82319917971,0.87));
#19426=CARTESIAN_POINT('',(-2.075,0.89999917971,0.87));
#19427=CARTESIAN_POINT('',(-2.075,0.89999917971,0.87));
#19428=CARTESIAN_POINT('',(-1.925,0.89999917971,0.87));
#19429=CARTESIAN_POINT('',(-1.925,0.82319917971,0.87));
#19430=CARTESIAN_POINT('',(-2.075,0.82319917971,0.87));
#19431=CARTESIAN_POINT('',(-1.925,0.769458450776771,0.92));
#19432=CARTESIAN_POINT('',(-1.925,0.884365117244618,1.01641814145298));
#19433=CARTESIAN_POINT('',(-2.075,0.884365117244618,1.01641814145298));
#19434=CARTESIAN_POINT('',(-2.075,0.884365117244618,1.01641814145298));
#19435=CARTESIAN_POINT('',(-2.075,0.769458450776771,0.92));
#19436=CARTESIAN_POINT('',(-2.075,0.769458450776771,0.92));
#19437=CARTESIAN_POINT('',(-2.075,0.938301401865948,0.952139380484327));
#19438=CARTESIAN_POINT('',(-2.075,0.938301401865949,0.952139380484327));
#19439=CARTESIAN_POINT('',(-2.075,0.89999917971,0.92));
#19440=CARTESIAN_POINT('',(-2.075,0.82319917971,0.82));
#19441=CARTESIAN_POINT('',(-1.925,0.89999917971,0.92));
#19442=CARTESIAN_POINT('',(-1.925,0.938301401865949,0.952139380484327));
#19443=CARTESIAN_POINT('',(-1.925,0.938301401865948,0.952139380484327));
#19444=CARTESIAN_POINT('',(-1.925,0.82319917971,0.82));
#19445=CARTESIAN_POINT('',(-2.075,0.938301401865949,0.952139380484327));
#19446=CARTESIAN_POINT('',(-2.075,0.89999917971,0.92));
#19447=CARTESIAN_POINT('',(-2.075,0.938301401865948,0.952139380484327));
#19448=CARTESIAN_POINT('',(-1.575,0.82319917971,0.87));
#19449=CARTESIAN_POINT('',(-1.575,0.89999917971,0.87));
#19450=CARTESIAN_POINT('',(-1.575,0.89999917971,0.87));
#19451=CARTESIAN_POINT('',(-1.425,0.89999917971,0.87));
#19452=CARTESIAN_POINT('',(-1.425,0.82319917971,0.87));
#19453=CARTESIAN_POINT('',(-1.575,0.82319917971,0.87));
#19454=CARTESIAN_POINT('',(-1.425,0.769458450776771,0.92));
#19455=CARTESIAN_POINT('',(-1.425,0.884365117244618,1.01641814145298));
#19456=CARTESIAN_POINT('',(-1.575,0.884365117244618,1.01641814145298));
#19457=CARTESIAN_POINT('',(-1.575,0.884365117244618,1.01641814145298));
#19458=CARTESIAN_POINT('',(-1.575,0.769458450776771,0.92));
#19459=CARTESIAN_POINT('',(-1.575,0.769458450776771,0.92));
#19460=CARTESIAN_POINT('',(-1.575,0.938301401865948,0.952139380484327));
#19461=CARTESIAN_POINT('',(-1.575,0.938301401865949,0.952139380484327));
#19462=CARTESIAN_POINT('',(-1.575,0.89999917971,0.92));
#19463=CARTESIAN_POINT('',(-1.575,0.82319917971,0.82));
#19464=CARTESIAN_POINT('',(-1.425,0.89999917971,0.92));
#19465=CARTESIAN_POINT('',(-1.425,0.938301401865949,0.952139380484327));
#19466=CARTESIAN_POINT('',(-1.425,0.938301401865948,0.952139380484327));
#19467=CARTESIAN_POINT('',(-1.425,0.82319917971,0.82));
#19468=CARTESIAN_POINT('',(-1.575,0.938301401865949,0.952139380484327));
#19469=CARTESIAN_POINT('',(-1.575,0.89999917971,0.92));
#19470=CARTESIAN_POINT('',(-1.575,0.938301401865948,0.952139380484327));
#19471=CARTESIAN_POINT('',(-1.075,0.82319917971,0.87));
#19472=CARTESIAN_POINT('',(-1.075,0.89999917971,0.87));
#19473=CARTESIAN_POINT('',(-1.075,0.89999917971,0.87));
#19474=CARTESIAN_POINT('',(-0.925,0.89999917971,0.87));
#19475=CARTESIAN_POINT('',(-0.925,0.82319917971,0.87));
#19476=CARTESIAN_POINT('',(-1.075,0.82319917971,0.87));
#19477=CARTESIAN_POINT('',(-0.925,0.769458450776771,0.92));
#19478=CARTESIAN_POINT('',(-0.925,0.884365117244618,1.01641814145298));
#19479=CARTESIAN_POINT('',(-1.075,0.884365117244618,1.01641814145298));
#19480=CARTESIAN_POINT('',(-1.075,0.884365117244618,1.01641814145298));
#19481=CARTESIAN_POINT('',(-1.075,0.769458450776771,0.92));
#19482=CARTESIAN_POINT('',(-1.075,0.769458450776771,0.92));
#19483=CARTESIAN_POINT('',(-1.075,0.938301401865948,0.952139380484327));
#19484=CARTESIAN_POINT('',(-1.075,0.938301401865949,0.952139380484327));
#19485=CARTESIAN_POINT('',(-1.075,0.89999917971,0.92));
#19486=CARTESIAN_POINT('',(-1.075,0.82319917971,0.82));
#19487=CARTESIAN_POINT('',(-0.925,0.89999917971,0.92));
#19488=CARTESIAN_POINT('',(-0.925,0.938301401865949,0.952139380484327));
#19489=CARTESIAN_POINT('',(-0.925,0.938301401865948,0.952139380484327));
#19490=CARTESIAN_POINT('',(-0.925,0.82319917971,0.82));
#19491=CARTESIAN_POINT('',(-1.075,0.938301401865949,0.952139380484327));
#19492=CARTESIAN_POINT('',(-1.075,0.89999917971,0.92));
#19493=CARTESIAN_POINT('',(-1.075,0.938301401865948,0.952139380484327));
#19494=CARTESIAN_POINT('',(-0.575,0.82319917971,0.87));
#19495=CARTESIAN_POINT('',(-0.575,0.89999917971,0.87));
#19496=CARTESIAN_POINT('',(-0.575,0.89999917971,0.87));
#19497=CARTESIAN_POINT('',(-0.425,0.89999917971,0.87));
#19498=CARTESIAN_POINT('',(-0.425,0.82319917971,0.87));
#19499=CARTESIAN_POINT('',(-0.575,0.82319917971,0.87));
#19500=CARTESIAN_POINT('',(-0.425,0.769458450776771,0.92));
#19501=CARTESIAN_POINT('',(-0.425,0.884365117244618,1.01641814145298));
#19502=CARTESIAN_POINT('',(-0.575,0.884365117244618,1.01641814145298));
#19503=CARTESIAN_POINT('',(-0.575,0.884365117244618,1.01641814145298));
#19504=CARTESIAN_POINT('',(-0.575,0.769458450776771,0.92));
#19505=CARTESIAN_POINT('',(-0.575,0.769458450776771,0.92));
#19506=CARTESIAN_POINT('',(-0.575,0.938301401865948,0.952139380484327));
#19507=CARTESIAN_POINT('',(-0.575,0.938301401865949,0.952139380484327));
#19508=CARTESIAN_POINT('',(-0.575,0.89999917971,0.92));
#19509=CARTESIAN_POINT('',(-0.575,0.82319917971,0.82));
#19510=CARTESIAN_POINT('',(-0.425,0.89999917971,0.92));
#19511=CARTESIAN_POINT('',(-0.425,0.938301401865949,0.952139380484327));
#19512=CARTESIAN_POINT('',(-0.425,0.938301401865948,0.952139380484327));
#19513=CARTESIAN_POINT('',(-0.425,0.82319917971,0.82));
#19514=CARTESIAN_POINT('',(-0.575,0.938301401865949,0.952139380484327));
#19515=CARTESIAN_POINT('',(-0.575,0.89999917971,0.92));
#19516=CARTESIAN_POINT('',(-0.575,0.938301401865948,0.952139380484327));
#19517=CARTESIAN_POINT('',(-0.0750000000000004,0.82319917971,0.87));
#19518=CARTESIAN_POINT('',(-0.0750000000000004,0.89999917971,0.87));
#19519=CARTESIAN_POINT('',(-0.0750000000000004,0.89999917971,0.87));
#19520=CARTESIAN_POINT('',(0.075,0.89999917971,0.87));
#19521=CARTESIAN_POINT('',(0.075,0.82319917971,0.87));
#19522=CARTESIAN_POINT('',(-0.0750000000000004,0.82319917971,0.87));
#19523=CARTESIAN_POINT('',(0.075,0.769458450776771,0.92));
#19524=CARTESIAN_POINT('',(0.075,0.884365117244618,1.01641814145298));
#19525=CARTESIAN_POINT('',(-0.0750000000000004,0.884365117244618,1.01641814145298));
#19526=CARTESIAN_POINT('',(-0.0750000000000004,0.884365117244618,1.01641814145298));
#19527=CARTESIAN_POINT('',(-0.0750000000000004,0.769458450776771,0.92));
#19528=CARTESIAN_POINT('',(-0.0750000000000004,0.769458450776771,0.92));
#19529=CARTESIAN_POINT('',(-0.0750000000000004,0.938301401865948,0.952139380484327));
#19530=CARTESIAN_POINT('',(-0.0750000000000004,0.938301401865949,0.952139380484327));
#19531=CARTESIAN_POINT('',(-0.0750000000000004,0.89999917971,0.92));
#19532=CARTESIAN_POINT('',(-0.0750000000000004,0.82319917971,0.82));
#19533=CARTESIAN_POINT('',(0.075,0.89999917971,0.92));
#19534=CARTESIAN_POINT('',(0.075,0.938301401865949,0.952139380484327));
#19535=CARTESIAN_POINT('',(0.075,0.938301401865948,0.952139380484327));
#19536=CARTESIAN_POINT('',(0.075,0.82319917971,0.82));
#19537=CARTESIAN_POINT('',(-0.0750000000000004,0.938301401865949,0.952139380484327));
#19538=CARTESIAN_POINT('',(-0.0750000000000004,0.89999917971,0.92));
#19539=CARTESIAN_POINT('',(-0.0750000000000004,0.938301401865948,0.952139380484327));
#19540=CARTESIAN_POINT('',(0.425,0.82319917971,0.87));
#19541=CARTESIAN_POINT('',(0.425,0.89999917971,0.87));
#19542=CARTESIAN_POINT('',(0.425,0.89999917971,0.87));
#19543=CARTESIAN_POINT('',(0.575,0.89999917971,0.87));
#19544=CARTESIAN_POINT('',(0.575,0.82319917971,0.87));
#19545=CARTESIAN_POINT('',(0.425,0.82319917971,0.87));
#19546=CARTESIAN_POINT('',(0.575,0.769458450776771,0.92));
#19547=CARTESIAN_POINT('',(0.575,0.884365117244618,1.01641814145298));
#19548=CARTESIAN_POINT('',(0.425,0.884365117244618,1.01641814145298));
#19549=CARTESIAN_POINT('',(0.425,0.884365117244618,1.01641814145298));
#19550=CARTESIAN_POINT('',(0.425,0.769458450776771,0.92));
#19551=CARTESIAN_POINT('',(0.425,0.769458450776771,0.92));
#19552=CARTESIAN_POINT('',(0.425,0.938301401865948,0.952139380484327));
#19553=CARTESIAN_POINT('',(0.425,0.938301401865949,0.952139380484327));
#19554=CARTESIAN_POINT('',(0.425,0.89999917971,0.92));
#19555=CARTESIAN_POINT('',(0.425,0.82319917971,0.82));
#19556=CARTESIAN_POINT('',(0.575,0.89999917971,0.92));
#19557=CARTESIAN_POINT('',(0.575,0.938301401865949,0.952139380484327));
#19558=CARTESIAN_POINT('',(0.575,0.938301401865948,0.952139380484327));
#19559=CARTESIAN_POINT('',(0.575,0.82319917971,0.82));
#19560=CARTESIAN_POINT('',(0.425,0.938301401865949,0.952139380484327));
#19561=CARTESIAN_POINT('',(0.425,0.89999917971,0.92));
#19562=CARTESIAN_POINT('',(0.425,0.938301401865948,0.952139380484327));
#19563=CARTESIAN_POINT('',(0.925,0.82319917971,0.87));
#19564=CARTESIAN_POINT('',(0.925,0.89999917971,0.87));
#19565=CARTESIAN_POINT('',(0.925,0.89999917971,0.87));
#19566=CARTESIAN_POINT('',(1.075,0.89999917971,0.87));
#19567=CARTESIAN_POINT('',(1.075,0.82319917971,0.87));
#19568=CARTESIAN_POINT('',(0.925,0.82319917971,0.87));
#19569=CARTESIAN_POINT('',(1.075,0.769458450776771,0.92));
#19570=CARTESIAN_POINT('',(1.075,0.884365117244618,1.01641814145298));
#19571=CARTESIAN_POINT('',(0.925,0.884365117244618,1.01641814145298));
#19572=CARTESIAN_POINT('',(0.925,0.884365117244618,1.01641814145298));
#19573=CARTESIAN_POINT('',(0.925,0.769458450776771,0.92));
#19574=CARTESIAN_POINT('',(0.925,0.769458450776771,0.92));
#19575=CARTESIAN_POINT('',(0.925,0.938301401865948,0.952139380484327));
#19576=CARTESIAN_POINT('',(0.925,0.938301401865949,0.952139380484327));
#19577=CARTESIAN_POINT('',(0.925,0.89999917971,0.92));
#19578=CARTESIAN_POINT('',(0.925,0.82319917971,0.82));
#19579=CARTESIAN_POINT('',(1.075,0.89999917971,0.92));
#19580=CARTESIAN_POINT('',(1.075,0.938301401865949,0.952139380484327));
#19581=CARTESIAN_POINT('',(1.075,0.938301401865948,0.952139380484327));
#19582=CARTESIAN_POINT('',(1.075,0.82319917971,0.82));
#19583=CARTESIAN_POINT('',(0.925,0.938301401865949,0.952139380484327));
#19584=CARTESIAN_POINT('',(0.925,0.89999917971,0.92));
#19585=CARTESIAN_POINT('',(0.925,0.938301401865948,0.952139380484327));
#19586=CARTESIAN_POINT('',(1.425,0.82319917971,0.87));
#19587=CARTESIAN_POINT('',(1.425,0.89999917971,0.87));
#19588=CARTESIAN_POINT('',(1.425,0.89999917971,0.87));
#19589=CARTESIAN_POINT('',(1.575,0.89999917971,0.87));
#19590=CARTESIAN_POINT('',(1.575,0.82319917971,0.87));
#19591=CARTESIAN_POINT('',(1.425,0.82319917971,0.87));
#19592=CARTESIAN_POINT('',(1.575,0.769458450776771,0.92));
#19593=CARTESIAN_POINT('',(1.575,0.884365117244618,1.01641814145298));
#19594=CARTESIAN_POINT('',(1.425,0.884365117244618,1.01641814145298));
#19595=CARTESIAN_POINT('',(1.425,0.884365117244618,1.01641814145298));
#19596=CARTESIAN_POINT('',(1.425,0.769458450776771,0.92));
#19597=CARTESIAN_POINT('',(1.425,0.769458450776771,0.92));
#19598=CARTESIAN_POINT('',(1.425,0.938301401865948,0.952139380484327));
#19599=CARTESIAN_POINT('',(1.425,0.938301401865949,0.952139380484327));
#19600=CARTESIAN_POINT('',(1.425,0.89999917971,0.92));
#19601=CARTESIAN_POINT('',(1.425,0.82319917971,0.82));
#19602=CARTESIAN_POINT('',(1.575,0.89999917971,0.92));
#19603=CARTESIAN_POINT('',(1.575,0.938301401865949,0.952139380484327));
#19604=CARTESIAN_POINT('',(1.575,0.938301401865948,0.952139380484327));
#19605=CARTESIAN_POINT('',(1.575,0.82319917971,0.82));
#19606=CARTESIAN_POINT('',(1.425,0.938301401865949,0.952139380484327));
#19607=CARTESIAN_POINT('',(1.425,0.89999917971,0.92));
#19608=CARTESIAN_POINT('',(1.425,0.938301401865948,0.952139380484327));
#19609=CARTESIAN_POINT('',(1.925,0.82319917971,0.87));
#19610=CARTESIAN_POINT('',(1.925,0.89999917971,0.87));
#19611=CARTESIAN_POINT('',(1.925,0.89999917971,0.87));
#19612=CARTESIAN_POINT('',(2.075,0.89999917971,0.87));
#19613=CARTESIAN_POINT('',(2.075,0.82319917971,0.87));
#19614=CARTESIAN_POINT('',(1.925,0.82319917971,0.87));
#19615=CARTESIAN_POINT('',(2.075,0.769458450776771,0.92));
#19616=CARTESIAN_POINT('',(2.075,0.884365117244618,1.01641814145298));
#19617=CARTESIAN_POINT('',(1.925,0.884365117244618,1.01641814145298));
#19618=CARTESIAN_POINT('',(1.925,0.884365117244618,1.01641814145298));
#19619=CARTESIAN_POINT('',(1.925,0.769458450776771,0.92));
#19620=CARTESIAN_POINT('',(1.925,0.769458450776771,0.92));
#19621=CARTESIAN_POINT('',(1.925,0.938301401865948,0.952139380484327));
#19622=CARTESIAN_POINT('',(1.925,0.938301401865949,0.952139380484327));
#19623=CARTESIAN_POINT('',(1.925,0.89999917971,0.92));
#19624=CARTESIAN_POINT('',(1.925,0.82319917971,0.82));
#19625=CARTESIAN_POINT('',(2.075,0.89999917971,0.92));
#19626=CARTESIAN_POINT('',(2.075,0.938301401865949,0.952139380484327));
#19627=CARTESIAN_POINT('',(2.075,0.938301401865948,0.952139380484327));
#19628=CARTESIAN_POINT('',(2.075,0.82319917971,0.82));
#19629=CARTESIAN_POINT('',(1.925,0.938301401865949,0.952139380484327));
#19630=CARTESIAN_POINT('',(1.925,0.89999917971,0.92));
#19631=CARTESIAN_POINT('',(1.925,0.938301401865948,0.952139380484327));
#19632=CARTESIAN_POINT('',(2.425,0.82319917971,0.87));
#19633=CARTESIAN_POINT('',(2.425,0.89999917971,0.87));
#19634=CARTESIAN_POINT('',(2.425,0.89999917971,0.87));
#19635=CARTESIAN_POINT('',(2.575,0.89999917971,0.87));
#19636=CARTESIAN_POINT('',(2.575,0.82319917971,0.87));
#19637=CARTESIAN_POINT('',(2.425,0.82319917971,0.87));
#19638=CARTESIAN_POINT('',(2.575,0.769458450776771,0.92));
#19639=CARTESIAN_POINT('',(2.575,0.884365117244618,1.01641814145298));
#19640=CARTESIAN_POINT('',(2.425,0.884365117244618,1.01641814145298));
#19641=CARTESIAN_POINT('',(2.425,0.884365117244618,1.01641814145298));
#19642=CARTESIAN_POINT('',(2.425,0.769458450776771,0.92));
#19643=CARTESIAN_POINT('',(2.425,0.769458450776771,0.92));
#19644=CARTESIAN_POINT('',(2.425,0.938301401865948,0.952139380484327));
#19645=CARTESIAN_POINT('',(2.425,0.938301401865949,0.952139380484327));
#19646=CARTESIAN_POINT('',(2.425,0.89999917971,0.92));
#19647=CARTESIAN_POINT('',(2.425,0.82319917971,0.82));
#19648=CARTESIAN_POINT('',(2.575,0.89999917971,0.92));
#19649=CARTESIAN_POINT('',(2.575,0.938301401865949,0.952139380484327));
#19650=CARTESIAN_POINT('',(2.575,0.938301401865948,0.952139380484327));
#19651=CARTESIAN_POINT('',(2.575,0.82319917971,0.82));
#19652=CARTESIAN_POINT('',(2.425,0.938301401865949,0.952139380484327));
#19653=CARTESIAN_POINT('',(2.425,0.89999917971,0.92));
#19654=CARTESIAN_POINT('',(2.425,0.938301401865948,0.952139380484327));
#19655=CARTESIAN_POINT('',(2.925,0.82319917971,0.87));
#19656=CARTESIAN_POINT('',(2.925,0.89999917971,0.87));
#19657=CARTESIAN_POINT('',(2.925,0.89999917971,0.87));
#19658=CARTESIAN_POINT('',(3.075,0.89999917971,0.87));
#19659=CARTESIAN_POINT('',(3.075,0.82319917971,0.87));
#19660=CARTESIAN_POINT('',(2.925,0.82319917971,0.87));
#19661=CARTESIAN_POINT('',(3.075,0.769458450776771,0.92));
#19662=CARTESIAN_POINT('',(3.075,0.884365117244618,1.01641814145298));
#19663=CARTESIAN_POINT('',(2.925,0.884365117244618,1.01641814145298));
#19664=CARTESIAN_POINT('',(2.925,0.884365117244618,1.01641814145298));
#19665=CARTESIAN_POINT('',(2.925,0.769458450776771,0.92));
#19666=CARTESIAN_POINT('',(2.925,0.769458450776771,0.92));
#19667=CARTESIAN_POINT('',(2.925,0.938301401865948,0.952139380484327));
#19668=CARTESIAN_POINT('',(2.925,0.938301401865949,0.952139380484327));
#19669=CARTESIAN_POINT('',(2.925,0.89999917971,0.92));
#19670=CARTESIAN_POINT('',(2.925,0.82319917971,0.82));
#19671=CARTESIAN_POINT('',(3.075,0.89999917971,0.92));
#19672=CARTESIAN_POINT('',(3.075,0.938301401865949,0.952139380484327));
#19673=CARTESIAN_POINT('',(3.075,0.938301401865948,0.952139380484327));
#19674=CARTESIAN_POINT('',(3.075,0.82319917971,0.82));
#19675=CARTESIAN_POINT('',(2.925,0.938301401865949,0.952139380484327));
#19676=CARTESIAN_POINT('',(2.925,0.89999917971,0.92));
#19677=CARTESIAN_POINT('',(2.925,0.938301401865948,0.952139380484327));
#19678=CARTESIAN_POINT('',(-3.425,-0.89999917971,0.87));
#19679=CARTESIAN_POINT('',(-3.425,-0.89999917971,0.87));
#19680=CARTESIAN_POINT('',(-3.575,-0.89999917971,0.87));
#19681=CARTESIAN_POINT('',(-3.575,-0.89999917971,0.87));
#19682=CARTESIAN_POINT('',(-3.575,-0.89999917971,0.87));
#19683=CARTESIAN_POINT('',(-3.575,-0.89999917971,0.87));
#19684=CARTESIAN_POINT('',(-3.575,-0.769458450776771,0.92));
#19685=CARTESIAN_POINT('',(-3.575,-0.884365117244618,1.01641814145298));
#19686=CARTESIAN_POINT('',(-3.575,-0.884365117244618,1.01641814145298));
#19687=CARTESIAN_POINT('',(-3.425,-0.884365117244618,1.01641814145298));
#19688=CARTESIAN_POINT('',(-3.425,-0.769458450776771,0.92));
#19689=CARTESIAN_POINT('',(-3.575,-0.769458450776771,0.92));
#19690=CARTESIAN_POINT('',(-3.575,-0.89999917971,0.92));
#19691=CARTESIAN_POINT('',(-3.575,-0.938301401865949,0.952139380484327));
#19692=CARTESIAN_POINT('',(-3.575,-0.884365117244618,1.01641814145298));
#19693=CARTESIAN_POINT('',(-3.575,-0.89999917971,0.92));
#19694=CARTESIAN_POINT('',(-3.425,-0.884365117244618,1.01641814145298));
#19695=CARTESIAN_POINT('',(-3.425,-0.938301401865949,0.952139380484327));
#19696=CARTESIAN_POINT('',(-3.425,-0.89999917971,0.92));
#19697=CARTESIAN_POINT('',(-3.425,-0.89999917971,0.92));
#19698=CARTESIAN_POINT('',(-3.575,-0.938301401865949,0.952139380484327));
#19699=CARTESIAN_POINT('',(-3.575,-0.89999917971,0.92));
#19700=CARTESIAN_POINT('',(-3.575,-0.884365117244618,1.01641814145298));
#19701=CARTESIAN_POINT('',(-2.925,-0.89999917971,0.87));
#19702=CARTESIAN_POINT('',(-2.925,-0.89999917971,0.87));
#19703=CARTESIAN_POINT('',(-3.075,-0.89999917971,0.87));
#19704=CARTESIAN_POINT('',(-3.075,-0.89999917971,0.87));
#19705=CARTESIAN_POINT('',(-3.075,-0.89999917971,0.87));
#19706=CARTESIAN_POINT('',(-3.075,-0.89999917971,0.87));
#19707=CARTESIAN_POINT('',(-3.075,-0.769458450776771,0.92));
#19708=CARTESIAN_POINT('',(-3.075,-0.884365117244618,1.01641814145298));
#19709=CARTESIAN_POINT('',(-3.075,-0.884365117244618,1.01641814145298));
#19710=CARTESIAN_POINT('',(-2.925,-0.884365117244618,1.01641814145298));
#19711=CARTESIAN_POINT('',(-2.925,-0.769458450776771,0.92));
#19712=CARTESIAN_POINT('',(-3.075,-0.769458450776771,0.92));
#19713=CARTESIAN_POINT('',(-3.075,-0.89999917971,0.92));
#19714=CARTESIAN_POINT('',(-3.075,-0.938301401865949,0.952139380484327));
#19715=CARTESIAN_POINT('',(-3.075,-0.884365117244618,1.01641814145298));
#19716=CARTESIAN_POINT('',(-3.075,-0.89999917971,0.92));
#19717=CARTESIAN_POINT('',(-2.925,-0.884365117244618,1.01641814145298));
#19718=CARTESIAN_POINT('',(-2.925,-0.938301401865949,0.952139380484327));
#19719=CARTESIAN_POINT('',(-2.925,-0.89999917971,0.92));
#19720=CARTESIAN_POINT('',(-2.925,-0.89999917971,0.92));
#19721=CARTESIAN_POINT('',(-3.075,-0.938301401865949,0.952139380484327));
#19722=CARTESIAN_POINT('',(-3.075,-0.89999917971,0.92));
#19723=CARTESIAN_POINT('',(-3.075,-0.884365117244618,1.01641814145298));
#19724=CARTESIAN_POINT('',(-2.425,-0.89999917971,0.87));
#19725=CARTESIAN_POINT('',(-2.425,-0.89999917971,0.87));
#19726=CARTESIAN_POINT('',(-2.575,-0.89999917971,0.87));
#19727=CARTESIAN_POINT('',(-2.575,-0.89999917971,0.87));
#19728=CARTESIAN_POINT('',(-2.575,-0.89999917971,0.87));
#19729=CARTESIAN_POINT('',(-2.575,-0.89999917971,0.87));
#19730=CARTESIAN_POINT('',(-2.575,-0.769458450776771,0.92));
#19731=CARTESIAN_POINT('',(-2.575,-0.884365117244618,1.01641814145298));
#19732=CARTESIAN_POINT('',(-2.575,-0.884365117244618,1.01641814145298));
#19733=CARTESIAN_POINT('',(-2.425,-0.884365117244618,1.01641814145298));
#19734=CARTESIAN_POINT('',(-2.425,-0.769458450776771,0.92));
#19735=CARTESIAN_POINT('',(-2.575,-0.769458450776771,0.92));
#19736=CARTESIAN_POINT('',(-2.575,-0.89999917971,0.92));
#19737=CARTESIAN_POINT('',(-2.575,-0.938301401865949,0.952139380484327));
#19738=CARTESIAN_POINT('',(-2.575,-0.884365117244618,1.01641814145298));
#19739=CARTESIAN_POINT('',(-2.575,-0.89999917971,0.92));
#19740=CARTESIAN_POINT('',(-2.425,-0.884365117244618,1.01641814145298));
#19741=CARTESIAN_POINT('',(-2.425,-0.938301401865949,0.952139380484327));
#19742=CARTESIAN_POINT('',(-2.425,-0.89999917971,0.92));
#19743=CARTESIAN_POINT('',(-2.425,-0.89999917971,0.92));
#19744=CARTESIAN_POINT('',(-2.575,-0.938301401865949,0.952139380484327));
#19745=CARTESIAN_POINT('',(-2.575,-0.89999917971,0.92));
#19746=CARTESIAN_POINT('',(-2.575,-0.884365117244618,1.01641814145298));
#19747=CARTESIAN_POINT('',(-1.925,-0.89999917971,0.87));
#19748=CARTESIAN_POINT('',(-1.925,-0.89999917971,0.87));
#19749=CARTESIAN_POINT('',(-2.075,-0.89999917971,0.87));
#19750=CARTESIAN_POINT('',(-2.075,-0.89999917971,0.87));
#19751=CARTESIAN_POINT('',(-2.075,-0.89999917971,0.87));
#19752=CARTESIAN_POINT('',(-2.075,-0.89999917971,0.87));
#19753=CARTESIAN_POINT('',(-2.075,-0.769458450776771,0.92));
#19754=CARTESIAN_POINT('',(-2.075,-0.884365117244618,1.01641814145298));
#19755=CARTESIAN_POINT('',(-2.075,-0.884365117244618,1.01641814145298));
#19756=CARTESIAN_POINT('',(-1.925,-0.884365117244618,1.01641814145298));
#19757=CARTESIAN_POINT('',(-1.925,-0.769458450776771,0.92));
#19758=CARTESIAN_POINT('',(-2.075,-0.769458450776771,0.92));
#19759=CARTESIAN_POINT('',(-2.075,-0.89999917971,0.92));
#19760=CARTESIAN_POINT('',(-2.075,-0.938301401865949,0.952139380484327));
#19761=CARTESIAN_POINT('',(-2.075,-0.884365117244618,1.01641814145298));
#19762=CARTESIAN_POINT('',(-2.075,-0.89999917971,0.92));
#19763=CARTESIAN_POINT('',(-1.925,-0.884365117244618,1.01641814145298));
#19764=CARTESIAN_POINT('',(-1.925,-0.938301401865949,0.952139380484327));
#19765=CARTESIAN_POINT('',(-1.925,-0.89999917971,0.92));
#19766=CARTESIAN_POINT('',(-1.925,-0.89999917971,0.92));
#19767=CARTESIAN_POINT('',(-2.075,-0.938301401865949,0.952139380484327));
#19768=CARTESIAN_POINT('',(-2.075,-0.89999917971,0.92));
#19769=CARTESIAN_POINT('',(-2.075,-0.884365117244618,1.01641814145298));
#19770=CARTESIAN_POINT('',(-1.425,-0.89999917971,0.87));
#19771=CARTESIAN_POINT('',(-1.425,-0.89999917971,0.87));
#19772=CARTESIAN_POINT('',(-1.575,-0.89999917971,0.87));
#19773=CARTESIAN_POINT('',(-1.575,-0.89999917971,0.87));
#19774=CARTESIAN_POINT('',(-1.575,-0.89999917971,0.87));
#19775=CARTESIAN_POINT('',(-1.575,-0.89999917971,0.87));
#19776=CARTESIAN_POINT('',(-1.575,-0.769458450776771,0.92));
#19777=CARTESIAN_POINT('',(-1.575,-0.884365117244618,1.01641814145298));
#19778=CARTESIAN_POINT('',(-1.575,-0.884365117244618,1.01641814145298));
#19779=CARTESIAN_POINT('',(-1.425,-0.884365117244618,1.01641814145298));
#19780=CARTESIAN_POINT('',(-1.425,-0.769458450776771,0.92));
#19781=CARTESIAN_POINT('',(-1.575,-0.769458450776771,0.92));
#19782=CARTESIAN_POINT('',(-1.575,-0.89999917971,0.92));
#19783=CARTESIAN_POINT('',(-1.575,-0.938301401865949,0.952139380484327));
#19784=CARTESIAN_POINT('',(-1.575,-0.884365117244618,1.01641814145298));
#19785=CARTESIAN_POINT('',(-1.575,-0.89999917971,0.92));
#19786=CARTESIAN_POINT('',(-1.425,-0.884365117244618,1.01641814145298));
#19787=CARTESIAN_POINT('',(-1.425,-0.938301401865949,0.952139380484327));
#19788=CARTESIAN_POINT('',(-1.425,-0.89999917971,0.92));
#19789=CARTESIAN_POINT('',(-1.425,-0.89999917971,0.92));
#19790=CARTESIAN_POINT('',(-1.575,-0.938301401865949,0.952139380484327));
#19791=CARTESIAN_POINT('',(-1.575,-0.89999917971,0.92));
#19792=CARTESIAN_POINT('',(-1.575,-0.884365117244618,1.01641814145298));
#19793=CARTESIAN_POINT('',(-0.925,-0.89999917971,0.87));
#19794=CARTESIAN_POINT('',(-0.925,-0.89999917971,0.87));
#19795=CARTESIAN_POINT('',(-1.075,-0.89999917971,0.87));
#19796=CARTESIAN_POINT('',(-1.075,-0.89999917971,0.87));
#19797=CARTESIAN_POINT('',(-1.075,-0.89999917971,0.87));
#19798=CARTESIAN_POINT('',(-1.075,-0.89999917971,0.87));
#19799=CARTESIAN_POINT('',(-1.075,-0.769458450776771,0.92));
#19800=CARTESIAN_POINT('',(-1.075,-0.884365117244618,1.01641814145298));
#19801=CARTESIAN_POINT('',(-1.075,-0.884365117244618,1.01641814145298));
#19802=CARTESIAN_POINT('',(-0.925,-0.884365117244618,1.01641814145298));
#19803=CARTESIAN_POINT('',(-0.925,-0.769458450776771,0.92));
#19804=CARTESIAN_POINT('',(-1.075,-0.769458450776771,0.92));
#19805=CARTESIAN_POINT('',(-1.075,-0.89999917971,0.92));
#19806=CARTESIAN_POINT('',(-1.075,-0.938301401865949,0.952139380484327));
#19807=CARTESIAN_POINT('',(-1.075,-0.884365117244618,1.01641814145298));
#19808=CARTESIAN_POINT('',(-1.075,-0.89999917971,0.92));
#19809=CARTESIAN_POINT('',(-0.925,-0.884365117244618,1.01641814145298));
#19810=CARTESIAN_POINT('',(-0.925,-0.938301401865949,0.952139380484327));
#19811=CARTESIAN_POINT('',(-0.925,-0.89999917971,0.92));
#19812=CARTESIAN_POINT('',(-0.925,-0.89999917971,0.92));
#19813=CARTESIAN_POINT('',(-1.075,-0.938301401865949,0.952139380484327));
#19814=CARTESIAN_POINT('',(-1.075,-0.89999917971,0.92));
#19815=CARTESIAN_POINT('',(-1.075,-0.884365117244618,1.01641814145298));
#19816=CARTESIAN_POINT('',(-0.425,-0.89999917971,0.87));
#19817=CARTESIAN_POINT('',(-0.425,-0.89999917971,0.87));
#19818=CARTESIAN_POINT('',(-0.575,-0.89999917971,0.87));
#19819=CARTESIAN_POINT('',(-0.575,-0.89999917971,0.87));
#19820=CARTESIAN_POINT('',(-0.575,-0.89999917971,0.87));
#19821=CARTESIAN_POINT('',(-0.575,-0.89999917971,0.87));
#19822=CARTESIAN_POINT('',(-0.575,-0.769458450776771,0.92));
#19823=CARTESIAN_POINT('',(-0.575,-0.884365117244618,1.01641814145298));
#19824=CARTESIAN_POINT('',(-0.575,-0.884365117244618,1.01641814145298));
#19825=CARTESIAN_POINT('',(-0.425,-0.884365117244618,1.01641814145298));
#19826=CARTESIAN_POINT('',(-0.425,-0.769458450776771,0.92));
#19827=CARTESIAN_POINT('',(-0.575,-0.769458450776771,0.92));
#19828=CARTESIAN_POINT('',(-0.575,-0.89999917971,0.92));
#19829=CARTESIAN_POINT('',(-0.575,-0.938301401865949,0.952139380484327));
#19830=CARTESIAN_POINT('',(-0.575,-0.884365117244618,1.01641814145298));
#19831=CARTESIAN_POINT('',(-0.575,-0.89999917971,0.92));
#19832=CARTESIAN_POINT('',(-0.425,-0.884365117244618,1.01641814145298));
#19833=CARTESIAN_POINT('',(-0.425,-0.938301401865949,0.952139380484327));
#19834=CARTESIAN_POINT('',(-0.425,-0.89999917971,0.92));
#19835=CARTESIAN_POINT('',(-0.425,-0.89999917971,0.92));
#19836=CARTESIAN_POINT('',(-0.575,-0.938301401865949,0.952139380484327));
#19837=CARTESIAN_POINT('',(-0.575,-0.89999917971,0.92));
#19838=CARTESIAN_POINT('',(-0.575,-0.884365117244618,1.01641814145298));
#19839=CARTESIAN_POINT('',(0.075,-0.89999917971,0.87));
#19840=CARTESIAN_POINT('',(0.075,-0.89999917971,0.87));
#19841=CARTESIAN_POINT('',(-0.0750000000000004,-0.89999917971,0.87));
#19842=CARTESIAN_POINT('',(-0.0750000000000004,-0.89999917971,0.87));
#19843=CARTESIAN_POINT('',(-0.0750000000000004,-0.89999917971,0.87));
#19844=CARTESIAN_POINT('',(-0.0750000000000004,-0.89999917971,0.87));
#19845=CARTESIAN_POINT('',(-0.0750000000000004,-0.769458450776771,0.92));
#19846=CARTESIAN_POINT('',(-0.0750000000000004,-0.884365117244618,1.01641814145298));
#19847=CARTESIAN_POINT('',(-0.0750000000000004,-0.884365117244618,1.01641814145298));
#19848=CARTESIAN_POINT('',(0.075,-0.884365117244618,1.01641814145298));
#19849=CARTESIAN_POINT('',(0.075,-0.769458450776771,0.92));
#19850=CARTESIAN_POINT('',(-0.0750000000000004,-0.769458450776771,0.92));
#19851=CARTESIAN_POINT('',(-0.0750000000000004,-0.89999917971,0.92));
#19852=CARTESIAN_POINT('',(-0.0750000000000004,-0.938301401865949,0.952139380484327));
#19853=CARTESIAN_POINT('',(-0.0750000000000004,-0.884365117244618,1.01641814145298));
#19854=CARTESIAN_POINT('',(-0.0750000000000004,-0.89999917971,0.92));
#19855=CARTESIAN_POINT('',(0.075,-0.884365117244618,1.01641814145298));
#19856=CARTESIAN_POINT('',(0.075,-0.938301401865949,0.952139380484327));
#19857=CARTESIAN_POINT('',(0.075,-0.89999917971,0.92));
#19858=CARTESIAN_POINT('',(0.075,-0.89999917971,0.92));
#19859=CARTESIAN_POINT('',(-0.0750000000000004,-0.938301401865949,0.952139380484327));
#19860=CARTESIAN_POINT('',(-0.0750000000000004,-0.89999917971,0.92));
#19861=CARTESIAN_POINT('',(-0.0750000000000004,-0.884365117244618,1.01641814145298));
#19862=CARTESIAN_POINT('',(0.575,-0.89999917971,0.87));
#19863=CARTESIAN_POINT('',(0.575,-0.89999917971,0.87));
#19864=CARTESIAN_POINT('',(0.425,-0.89999917971,0.87));
#19865=CARTESIAN_POINT('',(0.425,-0.89999917971,0.87));
#19866=CARTESIAN_POINT('',(0.425,-0.89999917971,0.87));
#19867=CARTESIAN_POINT('',(0.425,-0.89999917971,0.87));
#19868=CARTESIAN_POINT('',(0.425,-0.769458450776771,0.92));
#19869=CARTESIAN_POINT('',(0.425,-0.884365117244618,1.01641814145298));
#19870=CARTESIAN_POINT('',(0.425,-0.884365117244618,1.01641814145298));
#19871=CARTESIAN_POINT('',(0.575,-0.884365117244618,1.01641814145298));
#19872=CARTESIAN_POINT('',(0.575,-0.769458450776771,0.92));
#19873=CARTESIAN_POINT('',(0.425,-0.769458450776771,0.92));
#19874=CARTESIAN_POINT('',(0.425,-0.89999917971,0.92));
#19875=CARTESIAN_POINT('',(0.425,-0.938301401865949,0.952139380484327));
#19876=CARTESIAN_POINT('',(0.425,-0.884365117244618,1.01641814145298));
#19877=CARTESIAN_POINT('',(0.425,-0.89999917971,0.92));
#19878=CARTESIAN_POINT('',(0.575,-0.884365117244618,1.01641814145298));
#19879=CARTESIAN_POINT('',(0.575,-0.938301401865949,0.952139380484327));
#19880=CARTESIAN_POINT('',(0.575,-0.89999917971,0.92));
#19881=CARTESIAN_POINT('',(0.575,-0.89999917971,0.92));
#19882=CARTESIAN_POINT('',(0.425,-0.938301401865949,0.952139380484327));
#19883=CARTESIAN_POINT('',(0.425,-0.89999917971,0.92));
#19884=CARTESIAN_POINT('',(0.425,-0.884365117244618,1.01641814145298));
#19885=CARTESIAN_POINT('',(1.075,-0.89999917971,0.87));
#19886=CARTESIAN_POINT('',(1.075,-0.89999917971,0.87));
#19887=CARTESIAN_POINT('',(0.925,-0.89999917971,0.87));
#19888=CARTESIAN_POINT('',(0.925,-0.89999917971,0.87));
#19889=CARTESIAN_POINT('',(0.925,-0.89999917971,0.87));
#19890=CARTESIAN_POINT('',(0.925,-0.89999917971,0.87));
#19891=CARTESIAN_POINT('',(0.925,-0.769458450776771,0.92));
#19892=CARTESIAN_POINT('',(0.925,-0.884365117244618,1.01641814145298));
#19893=CARTESIAN_POINT('',(0.925,-0.884365117244618,1.01641814145298));
#19894=CARTESIAN_POINT('',(1.075,-0.884365117244618,1.01641814145298));
#19895=CARTESIAN_POINT('',(1.075,-0.769458450776771,0.92));
#19896=CARTESIAN_POINT('',(0.925,-0.769458450776771,0.92));
#19897=CARTESIAN_POINT('',(0.925,-0.89999917971,0.92));
#19898=CARTESIAN_POINT('',(0.925,-0.938301401865949,0.952139380484327));
#19899=CARTESIAN_POINT('',(0.925,-0.884365117244618,1.01641814145298));
#19900=CARTESIAN_POINT('',(0.925,-0.89999917971,0.92));
#19901=CARTESIAN_POINT('',(1.075,-0.884365117244618,1.01641814145298));
#19902=CARTESIAN_POINT('',(1.075,-0.938301401865949,0.952139380484327));
#19903=CARTESIAN_POINT('',(1.075,-0.89999917971,0.92));
#19904=CARTESIAN_POINT('',(1.075,-0.89999917971,0.92));
#19905=CARTESIAN_POINT('',(0.925,-0.938301401865949,0.952139380484327));
#19906=CARTESIAN_POINT('',(0.925,-0.89999917971,0.92));
#19907=CARTESIAN_POINT('',(0.925,-0.884365117244618,1.01641814145298));
#19908=CARTESIAN_POINT('',(1.575,-0.89999917971,0.87));
#19909=CARTESIAN_POINT('',(1.575,-0.89999917971,0.87));
#19910=CARTESIAN_POINT('',(1.425,-0.89999917971,0.87));
#19911=CARTESIAN_POINT('',(1.425,-0.89999917971,0.87));
#19912=CARTESIAN_POINT('',(1.425,-0.89999917971,0.87));
#19913=CARTESIAN_POINT('',(1.425,-0.89999917971,0.87));
#19914=CARTESIAN_POINT('',(1.425,-0.769458450776771,0.92));
#19915=CARTESIAN_POINT('',(1.425,-0.884365117244618,1.01641814145298));
#19916=CARTESIAN_POINT('',(1.425,-0.884365117244618,1.01641814145298));
#19917=CARTESIAN_POINT('',(1.575,-0.884365117244618,1.01641814145298));
#19918=CARTESIAN_POINT('',(1.575,-0.769458450776771,0.92));
#19919=CARTESIAN_POINT('',(1.425,-0.769458450776771,0.92));
#19920=CARTESIAN_POINT('',(1.425,-0.89999917971,0.92));
#19921=CARTESIAN_POINT('',(1.425,-0.938301401865949,0.952139380484327));
#19922=CARTESIAN_POINT('',(1.425,-0.884365117244618,1.01641814145298));
#19923=CARTESIAN_POINT('',(1.425,-0.89999917971,0.92));
#19924=CARTESIAN_POINT('',(1.575,-0.884365117244618,1.01641814145298));
#19925=CARTESIAN_POINT('',(1.575,-0.938301401865949,0.952139380484327));
#19926=CARTESIAN_POINT('',(1.575,-0.89999917971,0.92));
#19927=CARTESIAN_POINT('',(1.575,-0.89999917971,0.92));
#19928=CARTESIAN_POINT('',(1.425,-0.938301401865949,0.952139380484327));
#19929=CARTESIAN_POINT('',(1.425,-0.89999917971,0.92));
#19930=CARTESIAN_POINT('',(1.425,-0.884365117244618,1.01641814145298));
#19931=CARTESIAN_POINT('',(2.075,-0.89999917971,0.87));
#19932=CARTESIAN_POINT('',(2.075,-0.89999917971,0.87));
#19933=CARTESIAN_POINT('',(1.925,-0.89999917971,0.87));
#19934=CARTESIAN_POINT('',(1.925,-0.89999917971,0.87));
#19935=CARTESIAN_POINT('',(1.925,-0.89999917971,0.87));
#19936=CARTESIAN_POINT('',(1.925,-0.89999917971,0.87));
#19937=CARTESIAN_POINT('',(1.925,-0.769458450776771,0.92));
#19938=CARTESIAN_POINT('',(1.925,-0.884365117244618,1.01641814145298));
#19939=CARTESIAN_POINT('',(1.925,-0.884365117244618,1.01641814145298));
#19940=CARTESIAN_POINT('',(2.075,-0.884365117244618,1.01641814145298));
#19941=CARTESIAN_POINT('',(2.075,-0.769458450776771,0.92));
#19942=CARTESIAN_POINT('',(1.925,-0.769458450776771,0.92));
#19943=CARTESIAN_POINT('',(1.925,-0.89999917971,0.92));
#19944=CARTESIAN_POINT('',(1.925,-0.938301401865949,0.952139380484327));
#19945=CARTESIAN_POINT('',(1.925,-0.884365117244618,1.01641814145298));
#19946=CARTESIAN_POINT('',(1.925,-0.89999917971,0.92));
#19947=CARTESIAN_POINT('',(2.075,-0.884365117244618,1.01641814145298));
#19948=CARTESIAN_POINT('',(2.075,-0.938301401865949,0.952139380484327));
#19949=CARTESIAN_POINT('',(2.075,-0.89999917971,0.92));
#19950=CARTESIAN_POINT('',(2.075,-0.89999917971,0.92));
#19951=CARTESIAN_POINT('',(1.925,-0.938301401865949,0.952139380484327));
#19952=CARTESIAN_POINT('',(1.925,-0.89999917971,0.92));
#19953=CARTESIAN_POINT('',(1.925,-0.884365117244618,1.01641814145298));
#19954=CARTESIAN_POINT('',(2.575,-0.89999917971,0.87));
#19955=CARTESIAN_POINT('',(2.575,-0.89999917971,0.87));
#19956=CARTESIAN_POINT('',(2.425,-0.89999917971,0.87));
#19957=CARTESIAN_POINT('',(2.425,-0.89999917971,0.87));
#19958=CARTESIAN_POINT('',(2.425,-0.89999917971,0.87));
#19959=CARTESIAN_POINT('',(2.425,-0.89999917971,0.87));
#19960=CARTESIAN_POINT('',(2.425,-0.769458450776771,0.92));
#19961=CARTESIAN_POINT('',(2.425,-0.884365117244618,1.01641814145298));
#19962=CARTESIAN_POINT('',(2.425,-0.884365117244618,1.01641814145298));
#19963=CARTESIAN_POINT('',(2.575,-0.884365117244618,1.01641814145298));
#19964=CARTESIAN_POINT('',(2.575,-0.769458450776771,0.92));
#19965=CARTESIAN_POINT('',(2.425,-0.769458450776771,0.92));
#19966=CARTESIAN_POINT('',(2.425,-0.89999917971,0.92));
#19967=CARTESIAN_POINT('',(2.425,-0.938301401865949,0.952139380484327));
#19968=CARTESIAN_POINT('',(2.425,-0.884365117244618,1.01641814145298));
#19969=CARTESIAN_POINT('',(2.425,-0.89999917971,0.92));
#19970=CARTESIAN_POINT('',(2.575,-0.884365117244618,1.01641814145298));
#19971=CARTESIAN_POINT('',(2.575,-0.938301401865949,0.952139380484327));
#19972=CARTESIAN_POINT('',(2.575,-0.89999917971,0.92));
#19973=CARTESIAN_POINT('',(2.575,-0.89999917971,0.92));
#19974=CARTESIAN_POINT('',(2.425,-0.938301401865949,0.952139380484327));
#19975=CARTESIAN_POINT('',(2.425,-0.89999917971,0.92));
#19976=CARTESIAN_POINT('',(2.425,-0.884365117244618,1.01641814145298));
#19977=CARTESIAN_POINT('',(3.075,-0.89999917971,0.87));
#19978=CARTESIAN_POINT('',(3.075,-0.89999917971,0.87));
#19979=CARTESIAN_POINT('',(2.925,-0.89999917971,0.87));
#19980=CARTESIAN_POINT('',(2.925,-0.89999917971,0.87));
#19981=CARTESIAN_POINT('',(2.925,-0.89999917971,0.87));
#19982=CARTESIAN_POINT('',(2.925,-0.89999917971,0.87));
#19983=CARTESIAN_POINT('',(2.925,-0.769458450776771,0.92));
#19984=CARTESIAN_POINT('',(2.925,-0.884365117244618,1.01641814145298));
#19985=CARTESIAN_POINT('',(2.925,-0.884365117244618,1.01641814145298));
#19986=CARTESIAN_POINT('',(3.075,-0.884365117244618,1.01641814145298));
#19987=CARTESIAN_POINT('',(3.075,-0.769458450776771,0.92));
#19988=CARTESIAN_POINT('',(2.925,-0.769458450776771,0.92));
#19989=CARTESIAN_POINT('',(2.925,-0.89999917971,0.92));
#19990=CARTESIAN_POINT('',(2.925,-0.938301401865949,0.952139380484327));
#19991=CARTESIAN_POINT('',(2.925,-0.884365117244618,1.01641814145298));
#19992=CARTESIAN_POINT('',(2.925,-0.89999917971,0.92));
#19993=CARTESIAN_POINT('',(3.075,-0.884365117244618,1.01641814145298));
#19994=CARTESIAN_POINT('',(3.075,-0.938301401865949,0.952139380484327));
#19995=CARTESIAN_POINT('',(3.075,-0.89999917971,0.92));
#19996=CARTESIAN_POINT('',(3.075,-0.89999917971,0.92));
#19997=CARTESIAN_POINT('',(2.925,-0.938301401865949,0.952139380484327));
#19998=CARTESIAN_POINT('',(2.925,-0.89999917971,0.92));
#19999=CARTESIAN_POINT('',(2.925,-0.884365117244618,1.01641814145298));
#20000=CARTESIAN_POINT('',(-3.575,-1.56000000001,0.634999999999998));
#20001=CARTESIAN_POINT('',(-3.575,-1.42840559720399,0.635));
#20002=CARTESIAN_POINT('',(-3.575,-1.42840559720399,0.635));
#20003=CARTESIAN_POINT('',(-3.425,-1.42840559720399,0.635));
#20004=CARTESIAN_POINT('',(-3.425,-1.56000000001,0.634999999999998));
#20005=CARTESIAN_POINT('',(-3.575,-1.56000000001,0.634999999999998));
#20006=CARTESIAN_POINT('',(-3.575,-1.37999917971,0.647522729151325));
#20007=CARTESIAN_POINT('',(-3.575,-1.37999917971,0.647522729151325));
#20008=CARTESIAN_POINT('',(-3.575,-1.39999917971,0.693348486100883));
#20009=CARTESIAN_POINT('',(-3.575,-1.39999917971,0.693348486100883));
#20010=CARTESIAN_POINT('',(-3.425,-1.39999917971,0.693348486100883));
#20011=CARTESIAN_POINT('',(-3.425,-1.37999917971,0.647522729151325));
#20012=CARTESIAN_POINT('',(-3.425,-1.37999917971,0.647522729151325));
#20013=CARTESIAN_POINT('',(-3.575,-1.37999917971,0.647522729151325));
#20014=CARTESIAN_POINT('',(-3.425,-1.48999917971,0.785));
#20015=CARTESIAN_POINT('',(-3.425,-1.33999917971,0.785));
#20016=CARTESIAN_POINT('',(-3.575,-1.33999917971,0.785));
#20017=CARTESIAN_POINT('',(-3.575,-1.33999917971,0.785));
#20018=CARTESIAN_POINT('',(-3.575,-1.48999917971,0.785));
#20019=CARTESIAN_POINT('',(-3.575,-1.48999917971,0.785));
#20020=CARTESIAN_POINT('',(-3.575,-1.43999917971,0.785));
#20021=CARTESIAN_POINT('',(-3.575,-1.37999917971,0.647522729151325));
#20022=CARTESIAN_POINT('',(-3.575,-1.37999917971,0.647522729151325));
#20023=CARTESIAN_POINT('',(-3.425,-1.43999917971,0.785));
#20024=CARTESIAN_POINT('',(-3.425,-1.37999917971,0.647522729151325));
#20025=CARTESIAN_POINT('',(-3.425,-1.37999917971,0.647522729151325));
#20026=CARTESIAN_POINT('',(-3.575,-1.43999917971,0.785));
#20027=CARTESIAN_POINT('',(-3.075,-1.56000000001,0.634999999999998));
#20028=CARTESIAN_POINT('',(-3.075,-1.42840559720399,0.635));
#20029=CARTESIAN_POINT('',(-3.075,-1.42840559720399,0.635));
#20030=CARTESIAN_POINT('',(-2.925,-1.42840559720399,0.635));
#20031=CARTESIAN_POINT('',(-2.925,-1.56000000001,0.634999999999998));
#20032=CARTESIAN_POINT('',(-3.075,-1.56000000001,0.634999999999998));
#20033=CARTESIAN_POINT('',(-3.075,-1.37999917971,0.647522729151325));
#20034=CARTESIAN_POINT('',(-3.075,-1.37999917971,0.647522729151325));
#20035=CARTESIAN_POINT('',(-3.075,-1.39999917971,0.693348486100883));
#20036=CARTESIAN_POINT('',(-3.075,-1.39999917971,0.693348486100883));
#20037=CARTESIAN_POINT('',(-2.925,-1.39999917971,0.693348486100883));
#20038=CARTESIAN_POINT('',(-2.925,-1.37999917971,0.647522729151325));
#20039=CARTESIAN_POINT('',(-2.925,-1.37999917971,0.647522729151325));
#20040=CARTESIAN_POINT('',(-3.075,-1.37999917971,0.647522729151325));
#20041=CARTESIAN_POINT('',(-2.925,-1.48999917971,0.785));
#20042=CARTESIAN_POINT('',(-2.925,-1.33999917971,0.785));
#20043=CARTESIAN_POINT('',(-3.075,-1.33999917971,0.785));
#20044=CARTESIAN_POINT('',(-3.075,-1.33999917971,0.785));
#20045=CARTESIAN_POINT('',(-3.075,-1.48999917971,0.785));
#20046=CARTESIAN_POINT('',(-3.075,-1.48999917971,0.785));
#20047=CARTESIAN_POINT('',(-3.075,-1.43999917971,0.785));
#20048=CARTESIAN_POINT('',(-3.075,-1.37999917971,0.647522729151325));
#20049=CARTESIAN_POINT('',(-3.075,-1.37999917971,0.647522729151325));
#20050=CARTESIAN_POINT('',(-2.925,-1.43999917971,0.785));
#20051=CARTESIAN_POINT('',(-2.925,-1.37999917971,0.647522729151325));
#20052=CARTESIAN_POINT('',(-2.925,-1.37999917971,0.647522729151325));
#20053=CARTESIAN_POINT('',(-3.075,-1.43999917971,0.785));
#20054=CARTESIAN_POINT('',(-2.575,-1.56000000001,0.634999999999998));
#20055=CARTESIAN_POINT('',(-2.575,-1.42840559720399,0.635));
#20056=CARTESIAN_POINT('',(-2.575,-1.42840559720399,0.635));
#20057=CARTESIAN_POINT('',(-2.425,-1.42840559720399,0.635));
#20058=CARTESIAN_POINT('',(-2.425,-1.56000000001,0.634999999999998));
#20059=CARTESIAN_POINT('',(-2.575,-1.56000000001,0.634999999999998));
#20060=CARTESIAN_POINT('',(-2.575,-1.37999917971,0.647522729151325));
#20061=CARTESIAN_POINT('',(-2.575,-1.37999917971,0.647522729151325));
#20062=CARTESIAN_POINT('',(-2.575,-1.39999917971,0.693348486100883));
#20063=CARTESIAN_POINT('',(-2.575,-1.39999917971,0.693348486100883));
#20064=CARTESIAN_POINT('',(-2.425,-1.39999917971,0.693348486100883));
#20065=CARTESIAN_POINT('',(-2.425,-1.37999917971,0.647522729151325));
#20066=CARTESIAN_POINT('',(-2.425,-1.37999917971,0.647522729151325));
#20067=CARTESIAN_POINT('',(-2.575,-1.37999917971,0.647522729151325));
#20068=CARTESIAN_POINT('',(-2.425,-1.48999917971,0.785));
#20069=CARTESIAN_POINT('',(-2.425,-1.33999917971,0.785));
#20070=CARTESIAN_POINT('',(-2.575,-1.33999917971,0.785));
#20071=CARTESIAN_POINT('',(-2.575,-1.33999917971,0.785));
#20072=CARTESIAN_POINT('',(-2.575,-1.48999917971,0.785));
#20073=CARTESIAN_POINT('',(-2.575,-1.48999917971,0.785));
#20074=CARTESIAN_POINT('',(-2.575,-1.43999917971,0.785));
#20075=CARTESIAN_POINT('',(-2.575,-1.37999917971,0.647522729151325));
#20076=CARTESIAN_POINT('',(-2.575,-1.37999917971,0.647522729151325));
#20077=CARTESIAN_POINT('',(-2.425,-1.43999917971,0.785));
#20078=CARTESIAN_POINT('',(-2.425,-1.37999917971,0.647522729151325));
#20079=CARTESIAN_POINT('',(-2.425,-1.37999917971,0.647522729151325));
#20080=CARTESIAN_POINT('',(-2.575,-1.43999917971,0.785));
#20081=CARTESIAN_POINT('',(-2.075,-1.56000000001,0.634999999999998));
#20082=CARTESIAN_POINT('',(-2.075,-1.42840559720399,0.635));
#20083=CARTESIAN_POINT('',(-2.075,-1.42840559720399,0.635));
#20084=CARTESIAN_POINT('',(-1.925,-1.42840559720399,0.635));
#20085=CARTESIAN_POINT('',(-1.925,-1.56000000001,0.634999999999998));
#20086=CARTESIAN_POINT('',(-2.075,-1.56000000001,0.634999999999998));
#20087=CARTESIAN_POINT('',(-2.075,-1.37999917971,0.647522729151325));
#20088=CARTESIAN_POINT('',(-2.075,-1.37999917971,0.647522729151325));
#20089=CARTESIAN_POINT('',(-2.075,-1.39999917971,0.693348486100883));
#20090=CARTESIAN_POINT('',(-2.075,-1.39999917971,0.693348486100883));
#20091=CARTESIAN_POINT('',(-1.925,-1.39999917971,0.693348486100883));
#20092=CARTESIAN_POINT('',(-1.925,-1.37999917971,0.647522729151325));
#20093=CARTESIAN_POINT('',(-1.925,-1.37999917971,0.647522729151325));
#20094=CARTESIAN_POINT('',(-2.075,-1.37999917971,0.647522729151325));
#20095=CARTESIAN_POINT('',(-1.925,-1.48999917971,0.785));
#20096=CARTESIAN_POINT('',(-1.925,-1.33999917971,0.785));
#20097=CARTESIAN_POINT('',(-2.075,-1.33999917971,0.785));
#20098=CARTESIAN_POINT('',(-2.075,-1.33999917971,0.785));
#20099=CARTESIAN_POINT('',(-2.075,-1.48999917971,0.785));
#20100=CARTESIAN_POINT('',(-2.075,-1.48999917971,0.785));
#20101=CARTESIAN_POINT('',(-2.075,-1.43999917971,0.785));
#20102=CARTESIAN_POINT('',(-2.075,-1.37999917971,0.647522729151325));
#20103=CARTESIAN_POINT('',(-2.075,-1.37999917971,0.647522729151325));
#20104=CARTESIAN_POINT('',(-1.925,-1.43999917971,0.785));
#20105=CARTESIAN_POINT('',(-1.925,-1.37999917971,0.647522729151325));
#20106=CARTESIAN_POINT('',(-1.925,-1.37999917971,0.647522729151325));
#20107=CARTESIAN_POINT('',(-2.075,-1.43999917971,0.785));
#20108=CARTESIAN_POINT('',(-1.575,-1.56000000001,0.634999999999998));
#20109=CARTESIAN_POINT('',(-1.575,-1.42840559720399,0.635));
#20110=CARTESIAN_POINT('',(-1.575,-1.42840559720399,0.635));
#20111=CARTESIAN_POINT('',(-1.425,-1.42840559720399,0.635));
#20112=CARTESIAN_POINT('',(-1.425,-1.56000000001,0.634999999999998));
#20113=CARTESIAN_POINT('',(-1.575,-1.56000000001,0.634999999999998));
#20114=CARTESIAN_POINT('',(-1.575,-1.37999917971,0.647522729151325));
#20115=CARTESIAN_POINT('',(-1.575,-1.37999917971,0.647522729151325));
#20116=CARTESIAN_POINT('',(-1.575,-1.39999917971,0.693348486100883));
#20117=CARTESIAN_POINT('',(-1.575,-1.39999917971,0.693348486100883));
#20118=CARTESIAN_POINT('',(-1.425,-1.39999917971,0.693348486100883));
#20119=CARTESIAN_POINT('',(-1.425,-1.37999917971,0.647522729151325));
#20120=CARTESIAN_POINT('',(-1.425,-1.37999917971,0.647522729151325));
#20121=CARTESIAN_POINT('',(-1.575,-1.37999917971,0.647522729151325));
#20122=CARTESIAN_POINT('',(-1.425,-1.48999917971,0.785));
#20123=CARTESIAN_POINT('',(-1.425,-1.33999917971,0.785));
#20124=CARTESIAN_POINT('',(-1.575,-1.33999917971,0.785));
#20125=CARTESIAN_POINT('',(-1.575,-1.33999917971,0.785));
#20126=CARTESIAN_POINT('',(-1.575,-1.48999917971,0.785));
#20127=CARTESIAN_POINT('',(-1.575,-1.48999917971,0.785));
#20128=CARTESIAN_POINT('',(-1.575,-1.43999917971,0.785));
#20129=CARTESIAN_POINT('',(-1.575,-1.37999917971,0.647522729151325));
#20130=CARTESIAN_POINT('',(-1.575,-1.37999917971,0.647522729151325));
#20131=CARTESIAN_POINT('',(-1.425,-1.43999917971,0.785));
#20132=CARTESIAN_POINT('',(-1.425,-1.37999917971,0.647522729151325));
#20133=CARTESIAN_POINT('',(-1.425,-1.37999917971,0.647522729151325));
#20134=CARTESIAN_POINT('',(-1.575,-1.43999917971,0.785));
#20135=CARTESIAN_POINT('',(-1.075,-1.56000000001,0.634999999999998));
#20136=CARTESIAN_POINT('',(-1.075,-1.42840559720399,0.635));
#20137=CARTESIAN_POINT('',(-1.075,-1.42840559720399,0.635));
#20138=CARTESIAN_POINT('',(-0.925,-1.42840559720399,0.635));
#20139=CARTESIAN_POINT('',(-0.925,-1.56000000001,0.634999999999998));
#20140=CARTESIAN_POINT('',(-1.075,-1.56000000001,0.634999999999998));
#20141=CARTESIAN_POINT('',(-1.075,-1.37999917971,0.647522729151325));
#20142=CARTESIAN_POINT('',(-1.075,-1.37999917971,0.647522729151325));
#20143=CARTESIAN_POINT('',(-1.075,-1.39999917971,0.693348486100883));
#20144=CARTESIAN_POINT('',(-1.075,-1.39999917971,0.693348486100883));
#20145=CARTESIAN_POINT('',(-0.925,-1.39999917971,0.693348486100883));
#20146=CARTESIAN_POINT('',(-0.925,-1.37999917971,0.647522729151325));
#20147=CARTESIAN_POINT('',(-0.925,-1.37999917971,0.647522729151325));
#20148=CARTESIAN_POINT('',(-1.075,-1.37999917971,0.647522729151325));
#20149=CARTESIAN_POINT('',(-0.925,-1.48999917971,0.785));
#20150=CARTESIAN_POINT('',(-0.925,-1.33999917971,0.785));
#20151=CARTESIAN_POINT('',(-1.075,-1.33999917971,0.785));
#20152=CARTESIAN_POINT('',(-1.075,-1.33999917971,0.785));
#20153=CARTESIAN_POINT('',(-1.075,-1.48999917971,0.785));
#20154=CARTESIAN_POINT('',(-1.075,-1.48999917971,0.785));
#20155=CARTESIAN_POINT('',(-1.075,-1.43999917971,0.785));
#20156=CARTESIAN_POINT('',(-1.075,-1.37999917971,0.647522729151325));
#20157=CARTESIAN_POINT('',(-1.075,-1.37999917971,0.647522729151325));
#20158=CARTESIAN_POINT('',(-0.925,-1.43999917971,0.785));
#20159=CARTESIAN_POINT('',(-0.925,-1.37999917971,0.647522729151325));
#20160=CARTESIAN_POINT('',(-0.925,-1.37999917971,0.647522729151325));
#20161=CARTESIAN_POINT('',(-1.075,-1.43999917971,0.785));
#20162=CARTESIAN_POINT('',(-0.575,-1.56000000001,0.634999999999998));
#20163=CARTESIAN_POINT('',(-0.575,-1.42840559720399,0.635));
#20164=CARTESIAN_POINT('',(-0.575,-1.42840559720399,0.635));
#20165=CARTESIAN_POINT('',(-0.425,-1.42840559720399,0.635));
#20166=CARTESIAN_POINT('',(-0.425,-1.56000000001,0.634999999999998));
#20167=CARTESIAN_POINT('',(-0.575,-1.56000000001,0.634999999999998));
#20168=CARTESIAN_POINT('',(-0.575,-1.37999917971,0.647522729151325));
#20169=CARTESIAN_POINT('',(-0.575,-1.37999917971,0.647522729151325));
#20170=CARTESIAN_POINT('',(-0.575,-1.39999917971,0.693348486100883));
#20171=CARTESIAN_POINT('',(-0.575,-1.39999917971,0.693348486100883));
#20172=CARTESIAN_POINT('',(-0.425,-1.39999917971,0.693348486100883));
#20173=CARTESIAN_POINT('',(-0.425,-1.37999917971,0.647522729151325));
#20174=CARTESIAN_POINT('',(-0.425,-1.37999917971,0.647522729151325));
#20175=CARTESIAN_POINT('',(-0.575,-1.37999917971,0.647522729151325));
#20176=CARTESIAN_POINT('',(-0.425,-1.48999917971,0.785));
#20177=CARTESIAN_POINT('',(-0.425,-1.33999917971,0.785));
#20178=CARTESIAN_POINT('',(-0.575,-1.33999917971,0.785));
#20179=CARTESIAN_POINT('',(-0.575,-1.33999917971,0.785));
#20180=CARTESIAN_POINT('',(-0.575,-1.48999917971,0.785));
#20181=CARTESIAN_POINT('',(-0.575,-1.48999917971,0.785));
#20182=CARTESIAN_POINT('',(-0.575,-1.43999917971,0.785));
#20183=CARTESIAN_POINT('',(-0.575,-1.37999917971,0.647522729151325));
#20184=CARTESIAN_POINT('',(-0.575,-1.37999917971,0.647522729151325));
#20185=CARTESIAN_POINT('',(-0.425,-1.43999917971,0.785));
#20186=CARTESIAN_POINT('',(-0.425,-1.37999917971,0.647522729151325));
#20187=CARTESIAN_POINT('',(-0.425,-1.37999917971,0.647522729151325));
#20188=CARTESIAN_POINT('',(-0.575,-1.43999917971,0.785));
#20189=CARTESIAN_POINT('',(-0.0750000000000004,-1.56000000001,0.634999999999998));
#20190=CARTESIAN_POINT('',(-0.0750000000000004,-1.42840559720399,0.635));
#20191=CARTESIAN_POINT('',(-0.0750000000000004,-1.42840559720399,0.635));
#20192=CARTESIAN_POINT('',(0.075,-1.42840559720399,0.635));
#20193=CARTESIAN_POINT('',(0.075,-1.56000000001,0.634999999999998));
#20194=CARTESIAN_POINT('',(-0.0750000000000004,-1.56000000001,0.634999999999998));
#20195=CARTESIAN_POINT('',(-0.0750000000000004,-1.37999917971,0.647522729151325));
#20196=CARTESIAN_POINT('',(-0.0750000000000004,-1.37999917971,0.647522729151325));
#20197=CARTESIAN_POINT('',(-0.0750000000000004,-1.39999917971,0.693348486100883));
#20198=CARTESIAN_POINT('',(-0.0750000000000004,-1.39999917971,0.693348486100883));
#20199=CARTESIAN_POINT('',(0.075,-1.39999917971,0.693348486100883));
#20200=CARTESIAN_POINT('',(0.075,-1.37999917971,0.647522729151325));
#20201=CARTESIAN_POINT('',(0.075,-1.37999917971,0.647522729151325));
#20202=CARTESIAN_POINT('',(-0.0750000000000004,-1.37999917971,0.647522729151325));
#20203=CARTESIAN_POINT('',(0.075,-1.48999917971,0.785));
#20204=CARTESIAN_POINT('',(0.075,-1.33999917971,0.785));
#20205=CARTESIAN_POINT('',(-0.0750000000000004,-1.33999917971,0.785));
#20206=CARTESIAN_POINT('',(-0.0750000000000004,-1.33999917971,0.785));
#20207=CARTESIAN_POINT('',(-0.0750000000000004,-1.48999917971,0.785));
#20208=CARTESIAN_POINT('',(-0.0750000000000004,-1.48999917971,0.785));
#20209=CARTESIAN_POINT('',(-0.0750000000000004,-1.43999917971,0.785));
#20210=CARTESIAN_POINT('',(-0.0750000000000004,-1.37999917971,0.647522729151325));
#20211=CARTESIAN_POINT('',(-0.0750000000000004,-1.37999917971,0.647522729151325));
#20212=CARTESIAN_POINT('',(0.075,-1.43999917971,0.785));
#20213=CARTESIAN_POINT('',(0.075,-1.37999917971,0.647522729151325));
#20214=CARTESIAN_POINT('',(0.075,-1.37999917971,0.647522729151325));
#20215=CARTESIAN_POINT('',(-0.0750000000000004,-1.43999917971,0.785));
#20216=CARTESIAN_POINT('',(0.425,-1.56000000001,0.634999999999998));
#20217=CARTESIAN_POINT('',(0.425,-1.42840559720399,0.635));
#20218=CARTESIAN_POINT('',(0.425,-1.42840559720399,0.635));
#20219=CARTESIAN_POINT('',(0.575,-1.42840559720399,0.635));
#20220=CARTESIAN_POINT('',(0.575,-1.56000000001,0.634999999999998));
#20221=CARTESIAN_POINT('',(0.425,-1.56000000001,0.634999999999998));
#20222=CARTESIAN_POINT('',(0.425,-1.37999917971,0.647522729151325));
#20223=CARTESIAN_POINT('',(0.425,-1.37999917971,0.647522729151325));
#20224=CARTESIAN_POINT('',(0.425,-1.39999917971,0.693348486100883));
#20225=CARTESIAN_POINT('',(0.425,-1.39999917971,0.693348486100883));
#20226=CARTESIAN_POINT('',(0.575,-1.39999917971,0.693348486100883));
#20227=CARTESIAN_POINT('',(0.575,-1.37999917971,0.647522729151325));
#20228=CARTESIAN_POINT('',(0.575,-1.37999917971,0.647522729151325));
#20229=CARTESIAN_POINT('',(0.425,-1.37999917971,0.647522729151325));
#20230=CARTESIAN_POINT('',(0.575,-1.48999917971,0.785));
#20231=CARTESIAN_POINT('',(0.575,-1.33999917971,0.785));
#20232=CARTESIAN_POINT('',(0.425,-1.33999917971,0.785));
#20233=CARTESIAN_POINT('',(0.425,-1.33999917971,0.785));
#20234=CARTESIAN_POINT('',(0.425,-1.48999917971,0.785));
#20235=CARTESIAN_POINT('',(0.425,-1.48999917971,0.785));
#20236=CARTESIAN_POINT('',(0.425,-1.43999917971,0.785));
#20237=CARTESIAN_POINT('',(0.425,-1.37999917971,0.647522729151325));
#20238=CARTESIAN_POINT('',(0.425,-1.37999917971,0.647522729151325));
#20239=CARTESIAN_POINT('',(0.575,-1.43999917971,0.785));
#20240=CARTESIAN_POINT('',(0.575,-1.37999917971,0.647522729151325));
#20241=CARTESIAN_POINT('',(0.575,-1.37999917971,0.647522729151325));
#20242=CARTESIAN_POINT('',(0.425,-1.43999917971,0.785));
#20243=CARTESIAN_POINT('',(0.925,-1.56000000001,0.634999999999998));
#20244=CARTESIAN_POINT('',(0.925,-1.42840559720399,0.635));
#20245=CARTESIAN_POINT('',(0.925,-1.42840559720399,0.635));
#20246=CARTESIAN_POINT('',(1.075,-1.42840559720399,0.635));
#20247=CARTESIAN_POINT('',(1.075,-1.56000000001,0.634999999999998));
#20248=CARTESIAN_POINT('',(0.925,-1.56000000001,0.634999999999998));
#20249=CARTESIAN_POINT('',(0.925,-1.37999917971,0.647522729151325));
#20250=CARTESIAN_POINT('',(0.925,-1.37999917971,0.647522729151325));
#20251=CARTESIAN_POINT('',(0.925,-1.39999917971,0.693348486100883));
#20252=CARTESIAN_POINT('',(0.925,-1.39999917971,0.693348486100883));
#20253=CARTESIAN_POINT('',(1.075,-1.39999917971,0.693348486100883));
#20254=CARTESIAN_POINT('',(1.075,-1.37999917971,0.647522729151325));
#20255=CARTESIAN_POINT('',(1.075,-1.37999917971,0.647522729151325));
#20256=CARTESIAN_POINT('',(0.925,-1.37999917971,0.647522729151325));
#20257=CARTESIAN_POINT('',(1.075,-1.48999917971,0.785));
#20258=CARTESIAN_POINT('',(1.075,-1.33999917971,0.785));
#20259=CARTESIAN_POINT('',(0.925,-1.33999917971,0.785));
#20260=CARTESIAN_POINT('',(0.925,-1.33999917971,0.785));
#20261=CARTESIAN_POINT('',(0.925,-1.48999917971,0.785));
#20262=CARTESIAN_POINT('',(0.925,-1.48999917971,0.785));
#20263=CARTESIAN_POINT('',(0.925,-1.43999917971,0.785));
#20264=CARTESIAN_POINT('',(0.925,-1.37999917971,0.647522729151325));
#20265=CARTESIAN_POINT('',(0.925,-1.37999917971,0.647522729151325));
#20266=CARTESIAN_POINT('',(1.075,-1.43999917971,0.785));
#20267=CARTESIAN_POINT('',(1.075,-1.37999917971,0.647522729151325));
#20268=CARTESIAN_POINT('',(1.075,-1.37999917971,0.647522729151325));
#20269=CARTESIAN_POINT('',(0.925,-1.43999917971,0.785));
#20270=CARTESIAN_POINT('',(1.425,-1.56000000001,0.634999999999998));
#20271=CARTESIAN_POINT('',(1.425,-1.42840559720399,0.635));
#20272=CARTESIAN_POINT('',(1.425,-1.42840559720399,0.635));
#20273=CARTESIAN_POINT('',(1.575,-1.42840559720399,0.635));
#20274=CARTESIAN_POINT('',(1.575,-1.56000000001,0.634999999999998));
#20275=CARTESIAN_POINT('',(1.425,-1.56000000001,0.634999999999998));
#20276=CARTESIAN_POINT('',(1.425,-1.37999917971,0.647522729151325));
#20277=CARTESIAN_POINT('',(1.425,-1.37999917971,0.647522729151325));
#20278=CARTESIAN_POINT('',(1.425,-1.39999917971,0.693348486100883));
#20279=CARTESIAN_POINT('',(1.425,-1.39999917971,0.693348486100883));
#20280=CARTESIAN_POINT('',(1.575,-1.39999917971,0.693348486100883));
#20281=CARTESIAN_POINT('',(1.575,-1.37999917971,0.647522729151325));
#20282=CARTESIAN_POINT('',(1.575,-1.37999917971,0.647522729151325));
#20283=CARTESIAN_POINT('',(1.425,-1.37999917971,0.647522729151325));
#20284=CARTESIAN_POINT('',(1.575,-1.48999917971,0.785));
#20285=CARTESIAN_POINT('',(1.575,-1.33999917971,0.785));
#20286=CARTESIAN_POINT('',(1.425,-1.33999917971,0.785));
#20287=CARTESIAN_POINT('',(1.425,-1.33999917971,0.785));
#20288=CARTESIAN_POINT('',(1.425,-1.48999917971,0.785));
#20289=CARTESIAN_POINT('',(1.425,-1.48999917971,0.785));
#20290=CARTESIAN_POINT('',(1.425,-1.43999917971,0.785));
#20291=CARTESIAN_POINT('',(1.425,-1.37999917971,0.647522729151325));
#20292=CARTESIAN_POINT('',(1.425,-1.37999917971,0.647522729151325));
#20293=CARTESIAN_POINT('',(1.575,-1.43999917971,0.785));
#20294=CARTESIAN_POINT('',(1.575,-1.37999917971,0.647522729151325));
#20295=CARTESIAN_POINT('',(1.575,-1.37999917971,0.647522729151325));
#20296=CARTESIAN_POINT('',(1.425,-1.43999917971,0.785));
#20297=CARTESIAN_POINT('',(1.925,-1.56000000001,0.634999999999998));
#20298=CARTESIAN_POINT('',(1.925,-1.42840559720399,0.635));
#20299=CARTESIAN_POINT('',(1.925,-1.42840559720399,0.635));
#20300=CARTESIAN_POINT('',(2.075,-1.42840559720399,0.635));
#20301=CARTESIAN_POINT('',(2.075,-1.56000000001,0.634999999999998));
#20302=CARTESIAN_POINT('',(1.925,-1.56000000001,0.634999999999998));
#20303=CARTESIAN_POINT('',(1.925,-1.37999917971,0.647522729151325));
#20304=CARTESIAN_POINT('',(1.925,-1.37999917971,0.647522729151325));
#20305=CARTESIAN_POINT('',(1.925,-1.39999917971,0.693348486100883));
#20306=CARTESIAN_POINT('',(1.925,-1.39999917971,0.693348486100883));
#20307=CARTESIAN_POINT('',(2.075,-1.39999917971,0.693348486100883));
#20308=CARTESIAN_POINT('',(2.075,-1.37999917971,0.647522729151325));
#20309=CARTESIAN_POINT('',(2.075,-1.37999917971,0.647522729151325));
#20310=CARTESIAN_POINT('',(1.925,-1.37999917971,0.647522729151325));
#20311=CARTESIAN_POINT('',(2.075,-1.48999917971,0.785));
#20312=CARTESIAN_POINT('',(2.075,-1.33999917971,0.785));
#20313=CARTESIAN_POINT('',(1.925,-1.33999917971,0.785));
#20314=CARTESIAN_POINT('',(1.925,-1.33999917971,0.785));
#20315=CARTESIAN_POINT('',(1.925,-1.48999917971,0.785));
#20316=CARTESIAN_POINT('',(1.925,-1.48999917971,0.785));
#20317=CARTESIAN_POINT('',(1.925,-1.43999917971,0.785));
#20318=CARTESIAN_POINT('',(1.925,-1.37999917971,0.647522729151325));
#20319=CARTESIAN_POINT('',(1.925,-1.37999917971,0.647522729151325));
#20320=CARTESIAN_POINT('',(2.075,-1.43999917971,0.785));
#20321=CARTESIAN_POINT('',(2.075,-1.37999917971,0.647522729151325));
#20322=CARTESIAN_POINT('',(2.075,-1.37999917971,0.647522729151325));
#20323=CARTESIAN_POINT('',(1.925,-1.43999917971,0.785));
#20324=CARTESIAN_POINT('',(2.425,-1.56000000001,0.634999999999998));
#20325=CARTESIAN_POINT('',(2.425,-1.42840559720399,0.635));
#20326=CARTESIAN_POINT('',(2.425,-1.42840559720399,0.635));
#20327=CARTESIAN_POINT('',(2.575,-1.42840559720399,0.635));
#20328=CARTESIAN_POINT('',(2.575,-1.56000000001,0.634999999999998));
#20329=CARTESIAN_POINT('',(2.425,-1.56000000001,0.634999999999998));
#20330=CARTESIAN_POINT('',(2.425,-1.37999917971,0.647522729151325));
#20331=CARTESIAN_POINT('',(2.425,-1.37999917971,0.647522729151325));
#20332=CARTESIAN_POINT('',(2.425,-1.39999917971,0.693348486100883));
#20333=CARTESIAN_POINT('',(2.425,-1.39999917971,0.693348486100883));
#20334=CARTESIAN_POINT('',(2.575,-1.39999917971,0.693348486100883));
#20335=CARTESIAN_POINT('',(2.575,-1.37999917971,0.647522729151325));
#20336=CARTESIAN_POINT('',(2.575,-1.37999917971,0.647522729151325));
#20337=CARTESIAN_POINT('',(2.425,-1.37999917971,0.647522729151325));
#20338=CARTESIAN_POINT('',(2.575,-1.48999917971,0.785));
#20339=CARTESIAN_POINT('',(2.575,-1.33999917971,0.785));
#20340=CARTESIAN_POINT('',(2.425,-1.33999917971,0.785));
#20341=CARTESIAN_POINT('',(2.425,-1.33999917971,0.785));
#20342=CARTESIAN_POINT('',(2.425,-1.48999917971,0.785));
#20343=CARTESIAN_POINT('',(2.425,-1.48999917971,0.785));
#20344=CARTESIAN_POINT('',(2.425,-1.43999917971,0.785));
#20345=CARTESIAN_POINT('',(2.425,-1.37999917971,0.647522729151325));
#20346=CARTESIAN_POINT('',(2.425,-1.37999917971,0.647522729151325));
#20347=CARTESIAN_POINT('',(2.575,-1.43999917971,0.785));
#20348=CARTESIAN_POINT('',(2.575,-1.37999917971,0.647522729151325));
#20349=CARTESIAN_POINT('',(2.575,-1.37999917971,0.647522729151325));
#20350=CARTESIAN_POINT('',(2.425,-1.43999917971,0.785));
#20351=CARTESIAN_POINT('',(2.925,-1.56000000001,0.634999999999998));
#20352=CARTESIAN_POINT('',(2.925,-1.42840559720399,0.635));
#20353=CARTESIAN_POINT('',(2.925,-1.42840559720399,0.635));
#20354=CARTESIAN_POINT('',(3.075,-1.42840559720399,0.635));
#20355=CARTESIAN_POINT('',(3.075,-1.56000000001,0.634999999999998));
#20356=CARTESIAN_POINT('',(2.925,-1.56000000001,0.634999999999998));
#20357=CARTESIAN_POINT('',(2.925,-1.37999917971,0.647522729151325));
#20358=CARTESIAN_POINT('',(2.925,-1.37999917971,0.647522729151325));
#20359=CARTESIAN_POINT('',(2.925,-1.39999917971,0.693348486100883));
#20360=CARTESIAN_POINT('',(2.925,-1.39999917971,0.693348486100883));
#20361=CARTESIAN_POINT('',(3.075,-1.39999917971,0.693348486100883));
#20362=CARTESIAN_POINT('',(3.075,-1.37999917971,0.647522729151325));
#20363=CARTESIAN_POINT('',(3.075,-1.37999917971,0.647522729151325));
#20364=CARTESIAN_POINT('',(2.925,-1.37999917971,0.647522729151325));
#20365=CARTESIAN_POINT('',(3.075,-1.48999917971,0.785));
#20366=CARTESIAN_POINT('',(3.075,-1.33999917971,0.785));
#20367=CARTESIAN_POINT('',(2.925,-1.33999917971,0.785));
#20368=CARTESIAN_POINT('',(2.925,-1.33999917971,0.785));
#20369=CARTESIAN_POINT('',(2.925,-1.48999917971,0.785));
#20370=CARTESIAN_POINT('',(2.925,-1.48999917971,0.785));
#20371=CARTESIAN_POINT('',(2.925,-1.43999917971,0.785));
#20372=CARTESIAN_POINT('',(2.925,-1.37999917971,0.647522729151325));
#20373=CARTESIAN_POINT('',(2.925,-1.37999917971,0.647522729151325));
#20374=CARTESIAN_POINT('',(3.075,-1.43999917971,0.785));
#20375=CARTESIAN_POINT('',(3.075,-1.37999917971,0.647522729151325));
#20376=CARTESIAN_POINT('',(3.075,-1.37999917971,0.647522729151325));
#20377=CARTESIAN_POINT('',(2.925,-1.43999917971,0.785));
#20378=CARTESIAN_POINT('',(-3.425,-2.45004878728,-0.0500000000000001));
#20379=CARTESIAN_POINT('',(-3.425,-2.45004878728,-0.0500000000000001));
#20380=CARTESIAN_POINT('',(-3.575,-2.45004878728,-0.0500000000000001));
#20381=CARTESIAN_POINT('',(-3.575,-2.45004878728,-0.0500000000000001));
#20382=CARTESIAN_POINT('',(-3.575,-2.45004878728,-0.0500000000000001));
#20383=CARTESIAN_POINT('',(-3.575,-2.45004878728,-0.0500000000000001));
#20384=CARTESIAN_POINT('',(-3.575,-3.00004878728,-0.0500000000000021));
#20385=CARTESIAN_POINT('',(-3.575,-3.00004878728,-0.0500000000000021));
#20386=CARTESIAN_POINT('',(-3.575,-3.00004878728,0.12));
#20387=CARTESIAN_POINT('',(-3.575,-3.00004878728,0.12));
#20388=CARTESIAN_POINT('',(-3.575,-2.55511456536748,0.12));
#20389=CARTESIAN_POINT('',(-3.575,-2.55511456536748,0.12));
#20390=CARTESIAN_POINT('',(-3.575,-2.5,0.230229130734966));
#20391=CARTESIAN_POINT('',(-3.575,0.,0.));
#20392=CARTESIAN_POINT('',(-3.425,-2.5,0.230229130734966));
#20393=CARTESIAN_POINT('',(-3.425,-2.55511456536748,0.12));
#20394=CARTESIAN_POINT('',(-3.425,-2.55511456536748,0.12));
#20395=CARTESIAN_POINT('',(-3.425,-3.00004878728,0.12));
#20396=CARTESIAN_POINT('',(-3.425,-3.00004878728,0.12));
#20397=CARTESIAN_POINT('',(-3.425,-3.00004878728,-0.0500000000000021));
#20398=CARTESIAN_POINT('',(-3.425,-3.00004878728,-0.0500000000000021));
#20399=CARTESIAN_POINT('',(-3.425,0.,0.));
#20400=CARTESIAN_POINT('',(-3.575,-3.00004878728,0.12));
#20401=CARTESIAN_POINT('',(-3.575,-3.00004878728,-0.0500000000000021));
#20402=CARTESIAN_POINT('',(-3.575,-3.00004878728,0.12));
#20403=CARTESIAN_POINT('',(-3.575,-3.00004878728,-0.0500000000000021));
#20404=CARTESIAN_POINT('',(-3.575,-2.55511456536748,0.12));
#20405=CARTESIAN_POINT('',(-3.575,-2.5,0.230229130734966));
#20406=CARTESIAN_POINT('',(-3.575,-2.55511456536748,0.12));
#20407=CARTESIAN_POINT('',(-2.925,-2.45004878728,-0.0500000000000001));
#20408=CARTESIAN_POINT('',(-2.925,-2.45004878728,-0.0500000000000001));
#20409=CARTESIAN_POINT('',(-3.075,-2.45004878728,-0.0500000000000001));
#20410=CARTESIAN_POINT('',(-3.075,-2.45004878728,-0.0500000000000001));
#20411=CARTESIAN_POINT('',(-3.075,-2.45004878728,-0.0500000000000001));
#20412=CARTESIAN_POINT('',(-3.075,-2.45004878728,-0.0500000000000001));
#20413=CARTESIAN_POINT('',(-3.075,-3.00004878728,-0.0500000000000021));
#20414=CARTESIAN_POINT('',(-3.075,-3.00004878728,-0.0500000000000021));
#20415=CARTESIAN_POINT('',(-3.075,-3.00004878728,0.12));
#20416=CARTESIAN_POINT('',(-3.075,-3.00004878728,0.12));
#20417=CARTESIAN_POINT('',(-3.075,-2.55511456536748,0.12));
#20418=CARTESIAN_POINT('',(-3.075,-2.55511456536748,0.12));
#20419=CARTESIAN_POINT('',(-3.075,-2.5,0.230229130734966));
#20420=CARTESIAN_POINT('',(-3.075,0.,0.));
#20421=CARTESIAN_POINT('',(-2.925,-2.5,0.230229130734966));
#20422=CARTESIAN_POINT('',(-2.925,-2.55511456536748,0.12));
#20423=CARTESIAN_POINT('',(-2.925,-2.55511456536748,0.12));
#20424=CARTESIAN_POINT('',(-2.925,-3.00004878728,0.12));
#20425=CARTESIAN_POINT('',(-2.925,-3.00004878728,0.12));
#20426=CARTESIAN_POINT('',(-2.925,-3.00004878728,-0.0500000000000021));
#20427=CARTESIAN_POINT('',(-2.925,-3.00004878728,-0.0500000000000021));
#20428=CARTESIAN_POINT('',(-2.925,0.,0.));
#20429=CARTESIAN_POINT('',(-3.075,-3.00004878728,0.12));
#20430=CARTESIAN_POINT('',(-3.075,-3.00004878728,-0.0500000000000021));
#20431=CARTESIAN_POINT('',(-3.075,-3.00004878728,0.12));
#20432=CARTESIAN_POINT('',(-3.075,-3.00004878728,-0.0500000000000021));
#20433=CARTESIAN_POINT('',(-3.075,-2.55511456536748,0.12));
#20434=CARTESIAN_POINT('',(-3.075,-2.5,0.230229130734966));
#20435=CARTESIAN_POINT('',(-3.075,-2.55511456536748,0.12));
#20436=CARTESIAN_POINT('',(-2.425,-2.45004878728,-0.0500000000000001));
#20437=CARTESIAN_POINT('',(-2.425,-2.45004878728,-0.0500000000000001));
#20438=CARTESIAN_POINT('',(-2.575,-2.45004878728,-0.0500000000000001));
#20439=CARTESIAN_POINT('',(-2.575,-2.45004878728,-0.0500000000000001));
#20440=CARTESIAN_POINT('',(-2.575,-2.45004878728,-0.0500000000000001));
#20441=CARTESIAN_POINT('',(-2.575,-2.45004878728,-0.0500000000000001));
#20442=CARTESIAN_POINT('',(-2.575,-3.00004878728,-0.0500000000000021));
#20443=CARTESIAN_POINT('',(-2.575,-3.00004878728,-0.0500000000000021));
#20444=CARTESIAN_POINT('',(-2.575,-3.00004878728,0.12));
#20445=CARTESIAN_POINT('',(-2.575,-3.00004878728,0.12));
#20446=CARTESIAN_POINT('',(-2.575,-2.55511456536748,0.12));
#20447=CARTESIAN_POINT('',(-2.575,-2.55511456536748,0.12));
#20448=CARTESIAN_POINT('',(-2.575,-2.5,0.230229130734966));
#20449=CARTESIAN_POINT('',(-2.575,0.,0.));
#20450=CARTESIAN_POINT('',(-2.425,-2.5,0.230229130734966));
#20451=CARTESIAN_POINT('',(-2.425,-2.55511456536748,0.12));
#20452=CARTESIAN_POINT('',(-2.425,-2.55511456536748,0.12));
#20453=CARTESIAN_POINT('',(-2.425,-3.00004878728,0.12));
#20454=CARTESIAN_POINT('',(-2.425,-3.00004878728,0.12));
#20455=CARTESIAN_POINT('',(-2.425,-3.00004878728,-0.0500000000000021));
#20456=CARTESIAN_POINT('',(-2.425,-3.00004878728,-0.0500000000000021));
#20457=CARTESIAN_POINT('',(-2.425,0.,0.));
#20458=CARTESIAN_POINT('',(-2.575,-3.00004878728,0.12));
#20459=CARTESIAN_POINT('',(-2.575,-3.00004878728,-0.0500000000000021));
#20460=CARTESIAN_POINT('',(-2.575,-3.00004878728,0.12));
#20461=CARTESIAN_POINT('',(-2.575,-3.00004878728,-0.0500000000000021));
#20462=CARTESIAN_POINT('',(-2.575,-2.55511456536748,0.12));
#20463=CARTESIAN_POINT('',(-2.575,-2.5,0.230229130734966));
#20464=CARTESIAN_POINT('',(-2.575,-2.55511456536748,0.12));
#20465=CARTESIAN_POINT('',(-1.925,-2.45004878728,-0.0500000000000001));
#20466=CARTESIAN_POINT('',(-1.925,-2.45004878728,-0.0500000000000001));
#20467=CARTESIAN_POINT('',(-2.075,-2.45004878728,-0.0500000000000001));
#20468=CARTESIAN_POINT('',(-2.075,-2.45004878728,-0.0500000000000001));
#20469=CARTESIAN_POINT('',(-2.075,-2.45004878728,-0.0500000000000001));
#20470=CARTESIAN_POINT('',(-2.075,-2.45004878728,-0.0500000000000001));
#20471=CARTESIAN_POINT('',(-2.075,-3.00004878728,-0.0500000000000021));
#20472=CARTESIAN_POINT('',(-2.075,-3.00004878728,-0.0500000000000021));
#20473=CARTESIAN_POINT('',(-2.075,-3.00004878728,0.12));
#20474=CARTESIAN_POINT('',(-2.075,-3.00004878728,0.12));
#20475=CARTESIAN_POINT('',(-2.075,-2.55511456536748,0.12));
#20476=CARTESIAN_POINT('',(-2.075,-2.55511456536748,0.12));
#20477=CARTESIAN_POINT('',(-2.075,-2.5,0.230229130734966));
#20478=CARTESIAN_POINT('',(-2.075,0.,0.));
#20479=CARTESIAN_POINT('',(-1.925,-2.5,0.230229130734966));
#20480=CARTESIAN_POINT('',(-1.925,-2.55511456536748,0.12));
#20481=CARTESIAN_POINT('',(-1.925,-2.55511456536748,0.12));
#20482=CARTESIAN_POINT('',(-1.925,-3.00004878728,0.12));
#20483=CARTESIAN_POINT('',(-1.925,-3.00004878728,0.12));
#20484=CARTESIAN_POINT('',(-1.925,-3.00004878728,-0.0500000000000021));
#20485=CARTESIAN_POINT('',(-1.925,-3.00004878728,-0.0500000000000021));
#20486=CARTESIAN_POINT('',(-1.925,0.,0.));
#20487=CARTESIAN_POINT('',(-2.075,-3.00004878728,0.12));
#20488=CARTESIAN_POINT('',(-2.075,-3.00004878728,-0.0500000000000021));
#20489=CARTESIAN_POINT('',(-2.075,-3.00004878728,0.12));
#20490=CARTESIAN_POINT('',(-2.075,-3.00004878728,-0.0500000000000021));
#20491=CARTESIAN_POINT('',(-2.075,-2.55511456536748,0.12));
#20492=CARTESIAN_POINT('',(-2.075,-2.5,0.230229130734966));
#20493=CARTESIAN_POINT('',(-2.075,-2.55511456536748,0.12));
#20494=CARTESIAN_POINT('',(-1.425,-2.45004878728,-0.0500000000000001));
#20495=CARTESIAN_POINT('',(-1.425,-2.45004878728,-0.0500000000000001));
#20496=CARTESIAN_POINT('',(-1.575,-2.45004878728,-0.0500000000000001));
#20497=CARTESIAN_POINT('',(-1.575,-2.45004878728,-0.0500000000000001));
#20498=CARTESIAN_POINT('',(-1.575,-2.45004878728,-0.0500000000000001));
#20499=CARTESIAN_POINT('',(-1.575,-2.45004878728,-0.0500000000000001));
#20500=CARTESIAN_POINT('',(-1.575,-3.00004878728,-0.0500000000000021));
#20501=CARTESIAN_POINT('',(-1.575,-3.00004878728,-0.0500000000000021));
#20502=CARTESIAN_POINT('',(-1.575,-3.00004878728,0.12));
#20503=CARTESIAN_POINT('',(-1.575,-3.00004878728,0.12));
#20504=CARTESIAN_POINT('',(-1.575,-2.55511456536748,0.12));
#20505=CARTESIAN_POINT('',(-1.575,-2.55511456536748,0.12));
#20506=CARTESIAN_POINT('',(-1.575,-2.5,0.230229130734966));
#20507=CARTESIAN_POINT('',(-1.575,0.,0.));
#20508=CARTESIAN_POINT('',(-1.425,-2.5,0.230229130734966));
#20509=CARTESIAN_POINT('',(-1.425,-2.55511456536748,0.12));
#20510=CARTESIAN_POINT('',(-1.425,-2.55511456536748,0.12));
#20511=CARTESIAN_POINT('',(-1.425,-3.00004878728,0.12));
#20512=CARTESIAN_POINT('',(-1.425,-3.00004878728,0.12));
#20513=CARTESIAN_POINT('',(-1.425,-3.00004878728,-0.0500000000000021));
#20514=CARTESIAN_POINT('',(-1.425,-3.00004878728,-0.0500000000000021));
#20515=CARTESIAN_POINT('',(-1.425,0.,0.));
#20516=CARTESIAN_POINT('',(-1.575,-3.00004878728,0.12));
#20517=CARTESIAN_POINT('',(-1.575,-3.00004878728,-0.0500000000000021));
#20518=CARTESIAN_POINT('',(-1.575,-3.00004878728,0.12));
#20519=CARTESIAN_POINT('',(-1.575,-3.00004878728,-0.0500000000000021));
#20520=CARTESIAN_POINT('',(-1.575,-2.55511456536748,0.12));
#20521=CARTESIAN_POINT('',(-1.575,-2.5,0.230229130734966));
#20522=CARTESIAN_POINT('',(-1.575,-2.55511456536748,0.12));
#20523=CARTESIAN_POINT('',(-0.925,-2.45004878728,-0.0500000000000001));
#20524=CARTESIAN_POINT('',(-0.925,-2.45004878728,-0.0500000000000001));
#20525=CARTESIAN_POINT('',(-1.075,-2.45004878728,-0.0500000000000001));
#20526=CARTESIAN_POINT('',(-1.075,-2.45004878728,-0.0500000000000001));
#20527=CARTESIAN_POINT('',(-1.075,-2.45004878728,-0.0500000000000001));
#20528=CARTESIAN_POINT('',(-1.075,-2.45004878728,-0.0500000000000001));
#20529=CARTESIAN_POINT('',(-1.075,-3.00004878728,-0.0500000000000021));
#20530=CARTESIAN_POINT('',(-1.075,-3.00004878728,-0.0500000000000021));
#20531=CARTESIAN_POINT('',(-1.075,-3.00004878728,0.12));
#20532=CARTESIAN_POINT('',(-1.075,-3.00004878728,0.12));
#20533=CARTESIAN_POINT('',(-1.075,-2.55511456536748,0.12));
#20534=CARTESIAN_POINT('',(-1.075,-2.55511456536748,0.12));
#20535=CARTESIAN_POINT('',(-1.075,-2.5,0.230229130734966));
#20536=CARTESIAN_POINT('',(-1.075,0.,0.));
#20537=CARTESIAN_POINT('',(-0.925,-2.5,0.230229130734966));
#20538=CARTESIAN_POINT('',(-0.925,-2.55511456536748,0.12));
#20539=CARTESIAN_POINT('',(-0.925,-2.55511456536748,0.12));
#20540=CARTESIAN_POINT('',(-0.925,-3.00004878728,0.12));
#20541=CARTESIAN_POINT('',(-0.925,-3.00004878728,0.12));
#20542=CARTESIAN_POINT('',(-0.925,-3.00004878728,-0.0500000000000021));
#20543=CARTESIAN_POINT('',(-0.925,-3.00004878728,-0.0500000000000021));
#20544=CARTESIAN_POINT('',(-0.925,0.,0.));
#20545=CARTESIAN_POINT('',(-1.075,-3.00004878728,0.12));
#20546=CARTESIAN_POINT('',(-1.075,-3.00004878728,-0.0500000000000021));
#20547=CARTESIAN_POINT('',(-1.075,-3.00004878728,0.12));
#20548=CARTESIAN_POINT('',(-1.075,-3.00004878728,-0.0500000000000021));
#20549=CARTESIAN_POINT('',(-1.075,-2.55511456536748,0.12));
#20550=CARTESIAN_POINT('',(-1.075,-2.5,0.230229130734966));
#20551=CARTESIAN_POINT('',(-1.075,-2.55511456536748,0.12));
#20552=CARTESIAN_POINT('',(-0.425,-2.45004878728,-0.0500000000000001));
#20553=CARTESIAN_POINT('',(-0.425,-2.45004878728,-0.0500000000000001));
#20554=CARTESIAN_POINT('',(-0.575,-2.45004878728,-0.0500000000000001));
#20555=CARTESIAN_POINT('',(-0.575,-2.45004878728,-0.0500000000000001));
#20556=CARTESIAN_POINT('',(-0.575,-2.45004878728,-0.0500000000000001));
#20557=CARTESIAN_POINT('',(-0.575,-2.45004878728,-0.0500000000000001));
#20558=CARTESIAN_POINT('',(-0.575,-3.00004878728,-0.0500000000000021));
#20559=CARTESIAN_POINT('',(-0.575,-3.00004878728,-0.0500000000000021));
#20560=CARTESIAN_POINT('',(-0.575,-3.00004878728,0.12));
#20561=CARTESIAN_POINT('',(-0.575,-3.00004878728,0.12));
#20562=CARTESIAN_POINT('',(-0.575,-2.55511456536748,0.12));
#20563=CARTESIAN_POINT('',(-0.575,-2.55511456536748,0.12));
#20564=CARTESIAN_POINT('',(-0.575,-2.5,0.230229130734966));
#20565=CARTESIAN_POINT('',(-0.575,0.,0.));
#20566=CARTESIAN_POINT('',(-0.425,-2.5,0.230229130734966));
#20567=CARTESIAN_POINT('',(-0.425,-2.55511456536748,0.12));
#20568=CARTESIAN_POINT('',(-0.425,-2.55511456536748,0.12));
#20569=CARTESIAN_POINT('',(-0.425,-3.00004878728,0.12));
#20570=CARTESIAN_POINT('',(-0.425,-3.00004878728,0.12));
#20571=CARTESIAN_POINT('',(-0.425,-3.00004878728,-0.0500000000000021));
#20572=CARTESIAN_POINT('',(-0.425,-3.00004878728,-0.0500000000000021));
#20573=CARTESIAN_POINT('',(-0.425,0.,0.));
#20574=CARTESIAN_POINT('',(-0.575,-3.00004878728,0.12));
#20575=CARTESIAN_POINT('',(-0.575,-3.00004878728,-0.0500000000000021));
#20576=CARTESIAN_POINT('',(-0.575,-3.00004878728,0.12));
#20577=CARTESIAN_POINT('',(-0.575,-3.00004878728,-0.0500000000000021));
#20578=CARTESIAN_POINT('',(-0.575,-2.55511456536748,0.12));
#20579=CARTESIAN_POINT('',(-0.575,-2.5,0.230229130734966));
#20580=CARTESIAN_POINT('',(-0.575,-2.55511456536748,0.12));
#20581=CARTESIAN_POINT('',(0.075,-2.45004878728,-0.0500000000000001));
#20582=CARTESIAN_POINT('',(0.075,-2.45004878728,-0.0500000000000001));
#20583=CARTESIAN_POINT('',(-0.0750000000000004,-2.45004878728,-0.0500000000000001));
#20584=CARTESIAN_POINT('',(-0.0750000000000004,-2.45004878728,-0.0500000000000001));
#20585=CARTESIAN_POINT('',(-0.0750000000000004,-2.45004878728,-0.0500000000000001));
#20586=CARTESIAN_POINT('',(-0.0750000000000004,-2.45004878728,-0.0500000000000001));
#20587=CARTESIAN_POINT('',(-0.0750000000000004,-3.00004878728,-0.0500000000000021));
#20588=CARTESIAN_POINT('',(-0.0750000000000004,-3.00004878728,-0.0500000000000021));
#20589=CARTESIAN_POINT('',(-0.0750000000000004,-3.00004878728,0.12));
#20590=CARTESIAN_POINT('',(-0.0750000000000004,-3.00004878728,0.12));
#20591=CARTESIAN_POINT('',(-0.0750000000000004,-2.55511456536748,0.12));
#20592=CARTESIAN_POINT('',(-0.0750000000000004,-2.55511456536748,0.12));
#20593=CARTESIAN_POINT('',(-0.0750000000000004,-2.5,0.230229130734966));
#20594=CARTESIAN_POINT('',(-0.0750000000000004,0.,0.));
#20595=CARTESIAN_POINT('',(0.075,-2.5,0.230229130734966));
#20596=CARTESIAN_POINT('',(0.075,-2.55511456536748,0.12));
#20597=CARTESIAN_POINT('',(0.075,-2.55511456536748,0.12));
#20598=CARTESIAN_POINT('',(0.075,-3.00004878728,0.12));
#20599=CARTESIAN_POINT('',(0.075,-3.00004878728,0.12));
#20600=CARTESIAN_POINT('',(0.075,-3.00004878728,-0.0500000000000021));
#20601=CARTESIAN_POINT('',(0.075,-3.00004878728,-0.0500000000000021));
#20602=CARTESIAN_POINT('',(0.075,0.,0.));
#20603=CARTESIAN_POINT('',(-0.0750000000000004,-3.00004878728,0.12));
#20604=CARTESIAN_POINT('',(-0.0750000000000004,-3.00004878728,-0.0500000000000021));
#20605=CARTESIAN_POINT('',(-0.0750000000000004,-3.00004878728,0.12));
#20606=CARTESIAN_POINT('',(-0.0750000000000004,-3.00004878728,-0.0500000000000021));
#20607=CARTESIAN_POINT('',(-0.0750000000000004,-2.55511456536748,0.12));
#20608=CARTESIAN_POINT('',(-0.0750000000000004,-2.5,0.230229130734966));
#20609=CARTESIAN_POINT('',(-0.0750000000000004,-2.55511456536748,0.12));
#20610=CARTESIAN_POINT('',(0.575,-2.45004878728,-0.0500000000000001));
#20611=CARTESIAN_POINT('',(0.575,-2.45004878728,-0.0500000000000001));
#20612=CARTESIAN_POINT('',(0.425,-2.45004878728,-0.0500000000000001));
#20613=CARTESIAN_POINT('',(0.425,-2.45004878728,-0.0500000000000001));
#20614=CARTESIAN_POINT('',(0.425,-2.45004878728,-0.0500000000000001));
#20615=CARTESIAN_POINT('',(0.425,-2.45004878728,-0.0500000000000001));
#20616=CARTESIAN_POINT('',(0.425,-3.00004878728,-0.0500000000000021));
#20617=CARTESIAN_POINT('',(0.425,-3.00004878728,-0.0500000000000021));
#20618=CARTESIAN_POINT('',(0.425,-3.00004878728,0.12));
#20619=CARTESIAN_POINT('',(0.425,-3.00004878728,0.12));
#20620=CARTESIAN_POINT('',(0.425,-2.55511456536748,0.12));
#20621=CARTESIAN_POINT('',(0.425,-2.55511456536748,0.12));
#20622=CARTESIAN_POINT('',(0.425,-2.5,0.230229130734966));
#20623=CARTESIAN_POINT('',(0.425,0.,0.));
#20624=CARTESIAN_POINT('',(0.575,-2.5,0.230229130734966));
#20625=CARTESIAN_POINT('',(0.575,-2.55511456536748,0.12));
#20626=CARTESIAN_POINT('',(0.575,-2.55511456536748,0.12));
#20627=CARTESIAN_POINT('',(0.575,-3.00004878728,0.12));
#20628=CARTESIAN_POINT('',(0.575,-3.00004878728,0.12));
#20629=CARTESIAN_POINT('',(0.575,-3.00004878728,-0.0500000000000021));
#20630=CARTESIAN_POINT('',(0.575,-3.00004878728,-0.0500000000000021));
#20631=CARTESIAN_POINT('',(0.575,0.,0.));
#20632=CARTESIAN_POINT('',(0.425,-3.00004878728,0.12));
#20633=CARTESIAN_POINT('',(0.425,-3.00004878728,-0.0500000000000021));
#20634=CARTESIAN_POINT('',(0.425,-3.00004878728,0.12));
#20635=CARTESIAN_POINT('',(0.425,-3.00004878728,-0.0500000000000021));
#20636=CARTESIAN_POINT('',(0.425,-2.55511456536748,0.12));
#20637=CARTESIAN_POINT('',(0.425,-2.5,0.230229130734966));
#20638=CARTESIAN_POINT('',(0.425,-2.55511456536748,0.12));
#20639=CARTESIAN_POINT('',(1.075,-2.45004878728,-0.0500000000000001));
#20640=CARTESIAN_POINT('',(1.075,-2.45004878728,-0.0500000000000001));
#20641=CARTESIAN_POINT('',(0.925,-2.45004878728,-0.0500000000000001));
#20642=CARTESIAN_POINT('',(0.925,-2.45004878728,-0.0500000000000001));
#20643=CARTESIAN_POINT('',(0.925,-2.45004878728,-0.0500000000000001));
#20644=CARTESIAN_POINT('',(0.925,-2.45004878728,-0.0500000000000001));
#20645=CARTESIAN_POINT('',(0.925,-3.00004878728,-0.0500000000000021));
#20646=CARTESIAN_POINT('',(0.925,-3.00004878728,-0.0500000000000021));
#20647=CARTESIAN_POINT('',(0.925,-3.00004878728,0.12));
#20648=CARTESIAN_POINT('',(0.925,-3.00004878728,0.12));
#20649=CARTESIAN_POINT('',(0.925,-2.55511456536748,0.12));
#20650=CARTESIAN_POINT('',(0.925,-2.55511456536748,0.12));
#20651=CARTESIAN_POINT('',(0.925,-2.5,0.230229130734966));
#20652=CARTESIAN_POINT('',(0.925,0.,0.));
#20653=CARTESIAN_POINT('',(1.075,-2.5,0.230229130734966));
#20654=CARTESIAN_POINT('',(1.075,-2.55511456536748,0.12));
#20655=CARTESIAN_POINT('',(1.075,-2.55511456536748,0.12));
#20656=CARTESIAN_POINT('',(1.075,-3.00004878728,0.12));
#20657=CARTESIAN_POINT('',(1.075,-3.00004878728,0.12));
#20658=CARTESIAN_POINT('',(1.075,-3.00004878728,-0.0500000000000021));
#20659=CARTESIAN_POINT('',(1.075,-3.00004878728,-0.0500000000000021));
#20660=CARTESIAN_POINT('',(1.075,0.,0.));
#20661=CARTESIAN_POINT('',(0.925,-3.00004878728,0.12));
#20662=CARTESIAN_POINT('',(0.925,-3.00004878728,-0.0500000000000021));
#20663=CARTESIAN_POINT('',(0.925,-3.00004878728,0.12));
#20664=CARTESIAN_POINT('',(0.925,-3.00004878728,-0.0500000000000021));
#20665=CARTESIAN_POINT('',(0.925,-2.55511456536748,0.12));
#20666=CARTESIAN_POINT('',(0.925,-2.5,0.230229130734966));
#20667=CARTESIAN_POINT('',(0.925,-2.55511456536748,0.12));
#20668=CARTESIAN_POINT('',(1.575,-2.45004878728,-0.0500000000000001));
#20669=CARTESIAN_POINT('',(1.575,-2.45004878728,-0.0500000000000001));
#20670=CARTESIAN_POINT('',(1.425,-2.45004878728,-0.0500000000000001));
#20671=CARTESIAN_POINT('',(1.425,-2.45004878728,-0.0500000000000001));
#20672=CARTESIAN_POINT('',(1.425,-2.45004878728,-0.0500000000000001));
#20673=CARTESIAN_POINT('',(1.425,-2.45004878728,-0.0500000000000001));
#20674=CARTESIAN_POINT('',(1.425,-3.00004878728,-0.0500000000000021));
#20675=CARTESIAN_POINT('',(1.425,-3.00004878728,-0.0500000000000021));
#20676=CARTESIAN_POINT('',(1.425,-3.00004878728,0.12));
#20677=CARTESIAN_POINT('',(1.425,-3.00004878728,0.12));
#20678=CARTESIAN_POINT('',(1.425,-2.55511456536748,0.12));
#20679=CARTESIAN_POINT('',(1.425,-2.55511456536748,0.12));
#20680=CARTESIAN_POINT('',(1.425,-2.5,0.230229130734966));
#20681=CARTESIAN_POINT('',(1.425,0.,0.));
#20682=CARTESIAN_POINT('',(1.575,-2.5,0.230229130734966));
#20683=CARTESIAN_POINT('',(1.575,-2.55511456536748,0.12));
#20684=CARTESIAN_POINT('',(1.575,-2.55511456536748,0.12));
#20685=CARTESIAN_POINT('',(1.575,-3.00004878728,0.12));
#20686=CARTESIAN_POINT('',(1.575,-3.00004878728,0.12));
#20687=CARTESIAN_POINT('',(1.575,-3.00004878728,-0.0500000000000021));
#20688=CARTESIAN_POINT('',(1.575,-3.00004878728,-0.0500000000000021));
#20689=CARTESIAN_POINT('',(1.575,0.,0.));
#20690=CARTESIAN_POINT('',(1.425,-3.00004878728,0.12));
#20691=CARTESIAN_POINT('',(1.425,-3.00004878728,-0.0500000000000021));
#20692=CARTESIAN_POINT('',(1.425,-3.00004878728,0.12));
#20693=CARTESIAN_POINT('',(1.425,-3.00004878728,-0.0500000000000021));
#20694=CARTESIAN_POINT('',(1.425,-2.55511456536748,0.12));
#20695=CARTESIAN_POINT('',(1.425,-2.5,0.230229130734966));
#20696=CARTESIAN_POINT('',(1.425,-2.55511456536748,0.12));
#20697=CARTESIAN_POINT('',(2.075,-2.45004878728,-0.0500000000000001));
#20698=CARTESIAN_POINT('',(2.075,-2.45004878728,-0.0500000000000001));
#20699=CARTESIAN_POINT('',(1.925,-2.45004878728,-0.0500000000000001));
#20700=CARTESIAN_POINT('',(1.925,-2.45004878728,-0.0500000000000001));
#20701=CARTESIAN_POINT('',(1.925,-2.45004878728,-0.0500000000000001));
#20702=CARTESIAN_POINT('',(1.925,-2.45004878728,-0.0500000000000001));
#20703=CARTESIAN_POINT('',(1.925,-3.00004878728,-0.0500000000000021));
#20704=CARTESIAN_POINT('',(1.925,-3.00004878728,-0.0500000000000021));
#20705=CARTESIAN_POINT('',(1.925,-3.00004878728,0.12));
#20706=CARTESIAN_POINT('',(1.925,-3.00004878728,0.12));
#20707=CARTESIAN_POINT('',(1.925,-2.55511456536748,0.12));
#20708=CARTESIAN_POINT('',(1.925,-2.55511456536748,0.12));
#20709=CARTESIAN_POINT('',(1.925,-2.5,0.230229130734966));
#20710=CARTESIAN_POINT('',(1.925,0.,0.));
#20711=CARTESIAN_POINT('',(2.075,-2.5,0.230229130734966));
#20712=CARTESIAN_POINT('',(2.075,-2.55511456536748,0.12));
#20713=CARTESIAN_POINT('',(2.075,-2.55511456536748,0.12));
#20714=CARTESIAN_POINT('',(2.075,-3.00004878728,0.12));
#20715=CARTESIAN_POINT('',(2.075,-3.00004878728,0.12));
#20716=CARTESIAN_POINT('',(2.075,-3.00004878728,-0.0500000000000021));
#20717=CARTESIAN_POINT('',(2.075,-3.00004878728,-0.0500000000000021));
#20718=CARTESIAN_POINT('',(2.075,0.,0.));
#20719=CARTESIAN_POINT('',(1.925,-3.00004878728,0.12));
#20720=CARTESIAN_POINT('',(1.925,-3.00004878728,-0.0500000000000021));
#20721=CARTESIAN_POINT('',(1.925,-3.00004878728,0.12));
#20722=CARTESIAN_POINT('',(1.925,-3.00004878728,-0.0500000000000021));
#20723=CARTESIAN_POINT('',(1.925,-2.55511456536748,0.12));
#20724=CARTESIAN_POINT('',(1.925,-2.5,0.230229130734966));
#20725=CARTESIAN_POINT('',(1.925,-2.55511456536748,0.12));
#20726=CARTESIAN_POINT('',(2.575,-2.45004878728,-0.0500000000000001));
#20727=CARTESIAN_POINT('',(2.575,-2.45004878728,-0.0500000000000001));
#20728=CARTESIAN_POINT('',(2.425,-2.45004878728,-0.0500000000000001));
#20729=CARTESIAN_POINT('',(2.425,-2.45004878728,-0.0500000000000001));
#20730=CARTESIAN_POINT('',(2.425,-2.45004878728,-0.0500000000000001));
#20731=CARTESIAN_POINT('',(2.425,-2.45004878728,-0.0500000000000001));
#20732=CARTESIAN_POINT('',(2.425,-3.00004878728,-0.0500000000000021));
#20733=CARTESIAN_POINT('',(2.425,-3.00004878728,-0.0500000000000021));
#20734=CARTESIAN_POINT('',(2.425,-3.00004878728,0.12));
#20735=CARTESIAN_POINT('',(2.425,-3.00004878728,0.12));
#20736=CARTESIAN_POINT('',(2.425,-2.55511456536748,0.12));
#20737=CARTESIAN_POINT('',(2.425,-2.55511456536748,0.12));
#20738=CARTESIAN_POINT('',(2.425,-2.5,0.230229130734966));
#20739=CARTESIAN_POINT('',(2.425,0.,0.));
#20740=CARTESIAN_POINT('',(2.575,-2.5,0.230229130734966));
#20741=CARTESIAN_POINT('',(2.575,-2.55511456536748,0.12));
#20742=CARTESIAN_POINT('',(2.575,-2.55511456536748,0.12));
#20743=CARTESIAN_POINT('',(2.575,-3.00004878728,0.12));
#20744=CARTESIAN_POINT('',(2.575,-3.00004878728,0.12));
#20745=CARTESIAN_POINT('',(2.575,-3.00004878728,-0.0500000000000021));
#20746=CARTESIAN_POINT('',(2.575,-3.00004878728,-0.0500000000000021));
#20747=CARTESIAN_POINT('',(2.575,0.,0.));
#20748=CARTESIAN_POINT('',(2.425,-3.00004878728,0.12));
#20749=CARTESIAN_POINT('',(2.425,-3.00004878728,-0.0500000000000021));
#20750=CARTESIAN_POINT('',(2.425,-3.00004878728,0.12));
#20751=CARTESIAN_POINT('',(2.425,-3.00004878728,-0.0500000000000021));
#20752=CARTESIAN_POINT('',(2.425,-2.55511456536748,0.12));
#20753=CARTESIAN_POINT('',(2.425,-2.5,0.230229130734966));
#20754=CARTESIAN_POINT('',(2.425,-2.55511456536748,0.12));
#20755=CARTESIAN_POINT('',(3.075,-2.45004878728,-0.0500000000000001));
#20756=CARTESIAN_POINT('',(3.075,-2.45004878728,-0.0500000000000001));
#20757=CARTESIAN_POINT('',(2.925,-2.45004878728,-0.0500000000000001));
#20758=CARTESIAN_POINT('',(2.925,-2.45004878728,-0.0500000000000001));
#20759=CARTESIAN_POINT('',(2.925,-2.45004878728,-0.0500000000000001));
#20760=CARTESIAN_POINT('',(2.925,-2.45004878728,-0.0500000000000001));
#20761=CARTESIAN_POINT('',(2.925,-3.00004878728,-0.0500000000000021));
#20762=CARTESIAN_POINT('',(2.925,-3.00004878728,-0.0500000000000021));
#20763=CARTESIAN_POINT('',(2.925,-3.00004878728,0.12));
#20764=CARTESIAN_POINT('',(2.925,-3.00004878728,0.12));
#20765=CARTESIAN_POINT('',(2.925,-2.55511456536748,0.12));
#20766=CARTESIAN_POINT('',(2.925,-2.55511456536748,0.12));
#20767=CARTESIAN_POINT('',(2.925,-2.5,0.230229130734966));
#20768=CARTESIAN_POINT('',(2.925,0.,0.));
#20769=CARTESIAN_POINT('',(3.075,-2.5,0.230229130734966));
#20770=CARTESIAN_POINT('',(3.075,-2.55511456536748,0.12));
#20771=CARTESIAN_POINT('',(3.075,-2.55511456536748,0.12));
#20772=CARTESIAN_POINT('',(3.075,-3.00004878728,0.12));
#20773=CARTESIAN_POINT('',(3.075,-3.00004878728,0.12));
#20774=CARTESIAN_POINT('',(3.075,-3.00004878728,-0.0500000000000021));
#20775=CARTESIAN_POINT('',(3.075,-3.00004878728,-0.0500000000000021));
#20776=CARTESIAN_POINT('',(3.075,0.,0.));
#20777=CARTESIAN_POINT('',(2.925,-3.00004878728,0.12));
#20778=CARTESIAN_POINT('',(2.925,-3.00004878728,-0.0500000000000021));
#20779=CARTESIAN_POINT('',(2.925,-3.00004878728,0.12));
#20780=CARTESIAN_POINT('',(2.925,-3.00004878728,-0.0500000000000021));
#20781=CARTESIAN_POINT('',(2.925,-2.55511456536748,0.12));
#20782=CARTESIAN_POINT('',(2.925,-2.5,0.230229130734966));
#20783=CARTESIAN_POINT('',(2.925,-2.55511456536748,0.12));
#20784=MECHANICAL_DESIGN_GEOMETRIC_PRESENTATION_REPRESENTATION('',(#9264,
#9265,#9266,#9267,#9268,#9269,#9270,#9271,#9272,#9273,#9274,#9275,#9276,
#9277,#9278,#9279,#9280,#9281,#9282,#9283,#9284,#9285,#9286,#9287,#9288,
#9289,#9290,#9291,#9292,#9293,#9294,#9295,#9296,#9297,#9298,#9299,#9300,
#9301,#9302,#9303,#9304,#9305,#9306,#9307,#9308,#9309,#9310,#9311,#9312,
#9313,#9314,#9315,#9316,#9317,#9318,#9319,#9320,#9321,#9322,#9323,#9324,
#9325,#9326,#9327,#9328,#9329,#9330,#9331,#9332,#9333,#9334,#9335,#9336,
#9337,#9338,#9339,#9340,#9341,#9342,#9343,#9344,#9345,#9346,#9347,#9348,
#9349,#9350,#9351,#9352,#9353,#9354,#9355,#9356,#9357,#9358,#9359,#9360,
#9361,#9362,#9363,#9364,#9365,#9366,#9367,#9368,#9369,#9370,#9371,#9372,
#9373,#9374,#9375,#9376,#9377,#9378,#9379,#9380,#9381,#9382,#9383,#9384),
#20785);
#20785=(
GEOMETRIC_REPRESENTATION_CONTEXT(3)
GLOBAL_UNCERTAINTY_ASSIGNED_CONTEXT((#20786))
GLOBAL_UNIT_ASSIGNED_CONTEXT((#20792,#20788,#20787))
REPRESENTATION_CONTEXT('547220304wbm000_02_214',
'TOP_LEVEL_ASSEMBLY_PART')
);
#20786=UNCERTAINTY_MEASURE_WITH_UNIT(LENGTH_MEASURE(2.E-5),#20792,
'DISTANCE_ACCURACY_VALUE','Maximum Tolerance applied to model');
#20787=(
NAMED_UNIT(*)
SI_UNIT($,.STERADIAN.)
SOLID_ANGLE_UNIT()
);
#20788=(
CONVERSION_BASED_UNIT('DEGREE',#20790)
NAMED_UNIT(#20789)
PLANE_ANGLE_UNIT()
);
#20789=DIMENSIONAL_EXPONENTS(0.,0.,0.,0.,0.,0.,0.);
#20790=PLANE_ANGLE_MEASURE_WITH_UNIT(PLANE_ANGLE_MEASURE(0.0174532925),
#20791);
#20791=(
NAMED_UNIT(*)
PLANE_ANGLE_UNIT()
SI_UNIT($,.RADIAN.)
);
#20792=(
LENGTH_UNIT()
NAMED_UNIT(*)
SI_UNIT(.MILLI.,.METRE.)
);
ENDSEC;
END-ISO-10303-21;
