ISO-10303-21;
HEADER;
/* Generated by software containing ST-Developer
 * from STEP Tools, Inc. (www.steptools.com) 
 */
/* OPTION: using custom schema-name function */

FILE_DESCRIPTION(
/* description */ (''),
/* implementation_level */ '2;1');

FILE_NAME(
/* name */ '555600307wbm000_01_214.stp',
/* time_stamp */ '2022-11-30T16:31:09+08:00',
/* author */ (''),
/* organization */ (''),
/* preprocessor_version */ 'ST-DEVELOPER v16.7',
/* originating_system */ 'SIEMENS PLM Software NX 1919',
/* authorisation */ '');

FILE_SCHEMA (('AUTOMOTIVE_DESIGN { 1 0 10303 214 3 1 1 1 }'));
ENDSEC;

DATA;
#10=SHAPE_REPRESENTATION_RELATIONSHIP('None',
'relationship between 555600307wbm000_01-None and 555600307wbm000_01-N
one',#22,#11);
#11=ADVANCED_BREP_SHAPE_REPRESENTATION('555600307wbm000_01-None',(#32),
#8669);
#12=SHAPE_DEFINITION_REPRESENTATION(#13,#22);
#13=PRODUCT_DEFINITION_SHAPE('','',#14);
#14=PRODUCT_DEFINITION(' ','',#16,#15);
#15=PRODUCT_DEFINITION_CONTEXT('part definition',#21,'design');
#16=PRODUCT_DEFINITION_FORMATION_WITH_SPECIFIED_SOURCE(' ',' ',#18,
 .NOT_KNOWN.);
#17=PRODUCT_RELATED_PRODUCT_CATEGORY('part','',(#18));
#18=PRODUCT('555600307wbm000_01','555600307wbm000_01',' ',(#19));
#19=PRODUCT_CONTEXT(' ',#21,'mechanical');
#20=APPLICATION_PROTOCOL_DEFINITION('international standard',
'automotive_design',2010,#21);
#21=APPLICATION_CONTEXT(
'core data for automotive mechanical design processes');
#22=SHAPE_REPRESENTATION('555600307wbm000_01-None',(#5316),#8669);
#23=PRESENTATION_LAYER_ASSIGNMENT('1','Layer 1',(#32));
#24=STYLED_ITEM('',(#25),#32);
#25=PRESENTATION_STYLE_ASSIGNMENT((#26));
#26=SURFACE_STYLE_USAGE(.BOTH.,#27);
#27=SURFACE_SIDE_STYLE('',(#28));
#28=SURFACE_STYLE_FILL_AREA(#29);
#29=FILL_AREA_STYLE('',(#30));
#30=FILL_AREA_STYLE_COLOUR('',#31);
#31=COLOUR_RGB('Medium Steel',0.596063172350652,0.666666666666667,0.686259250782025);
#32=MANIFOLD_SOLID_BREP('',#33);
#33=CLOSED_SHELL('',(#492,#493,#494,#495,#496,#497,#498,#499,#500,#501,
#502,#503,#504,#505,#506,#507,#508,#509,#510,#511,#512,#513,#514,#515,#516,
#517,#518,#519,#520,#521,#522,#523,#524,#525,#526,#527,#528,#529,#530,#531,
#532,#533,#534,#535,#536,#537,#538,#539,#540,#541,#542,#543,#544,#545,#546,
#547,#548,#549,#550,#551,#552,#553,#554,#555,#556,#557,#558,#559,#560,#561,
#562,#563,#564,#565,#566,#567,#568,#569,#570,#571,#572,#573,#574,#575,#576,
#577,#578,#579,#580,#581,#582,#583,#584,#585,#586,#587,#588,#589,#590,#591,
#592,#593,#594,#595,#596,#597,#598,#599,#600,#601,#602,#603,#604,#605,#606,
#607,#608,#609,#610,#611,#612,#613,#614,#615,#616,#617,#618,#619,#620,#621,
#622,#623,#624,#625,#626,#627,#628,#629,#630,#631,#632,#633,#634,#635,#636,
#637,#638,#639,#640,#641,#642,#643,#644,#645,#646,#647,#648,#649,#650,#651,
#652,#653,#654,#655,#656,#657,#658,#659,#660,#661,#662,#663,#664,#665,#666,
#667,#668,#669,#670,#671,#672,#673,#674,#675,#676,#677,#678,#679,#680,#681,
#682,#683,#684,#685,#686,#687,#688,#689,#690,#691,#692,#693,#694,#695,#696,
#697,#698,#699,#700,#701,#702,#703,#704,#705,#706,#707,#708,#709,#710,#711,
#712,#713,#714,#715,#716,#717,#718,#719,#720,#721,#722,#723,#724,#725,#726,
#727,#728,#729,#730,#731,#732,#733,#734,#735,#736,#737,#738,#739,#740,#741,
#742,#743,#744,#745,#746,#747,#748,#749,#750,#751,#752,#753,#754,#755,#756,
#757,#758,#759,#760,#761,#762,#763,#764,#765,#766,#767,#768,#769,#770,#771,
#772));
#34=CYLINDRICAL_SURFACE('',#5331,0.15);
#35=CYLINDRICAL_SURFACE('',#5337,0.15);
#36=CYLINDRICAL_SURFACE('',#5345,0.15);
#37=CYLINDRICAL_SURFACE('',#5350,0.15);
#38=CYLINDRICAL_SURFACE('',#5357,0.15);
#39=CYLINDRICAL_SURFACE('',#5363,0.15);
#40=CYLINDRICAL_SURFACE('',#5370,0.15);
#41=CYLINDRICAL_SURFACE('',#5376,0.15);
#42=CYLINDRICAL_SURFACE('',#5383,0.15);
#43=CYLINDRICAL_SURFACE('',#5389,0.15);
#44=CYLINDRICAL_SURFACE('',#5396,0.15);
#45=CYLINDRICAL_SURFACE('',#5402,0.15);
#46=CYLINDRICAL_SURFACE('',#5409,0.15);
#47=CYLINDRICAL_SURFACE('',#5415,0.15);
#48=CYLINDRICAL_SURFACE('',#5422,0.15);
#49=CYLINDRICAL_SURFACE('',#5428,0.15);
#50=CYLINDRICAL_SURFACE('',#5435,0.15);
#51=CYLINDRICAL_SURFACE('',#5441,0.15);
#52=CYLINDRICAL_SURFACE('',#5448,0.15);
#53=CYLINDRICAL_SURFACE('',#5454,0.15);
#54=CYLINDRICAL_SURFACE('',#5461,0.15);
#55=CYLINDRICAL_SURFACE('',#5467,0.15);
#56=CYLINDRICAL_SURFACE('',#5474,0.15);
#57=CYLINDRICAL_SURFACE('',#5480,0.15);
#58=CYLINDRICAL_SURFACE('',#5487,0.15);
#59=CYLINDRICAL_SURFACE('',#5493,0.15);
#60=CYLINDRICAL_SURFACE('',#5500,0.15);
#61=CYLINDRICAL_SURFACE('',#5506,0.15);
#62=CYLINDRICAL_SURFACE('',#5513,0.15);
#63=CYLINDRICAL_SURFACE('',#5519,0.15);
#64=CYLINDRICAL_SURFACE('',#5526,0.15);
#65=CYLINDRICAL_SURFACE('',#5532,0.15);
#66=CYLINDRICAL_SURFACE('',#5540,0.15);
#67=CYLINDRICAL_SURFACE('',#5545,0.15);
#68=CYLINDRICAL_SURFACE('',#5553,0.15);
#69=CYLINDRICAL_SURFACE('',#5558,0.15);
#70=CYLINDRICAL_SURFACE('',#5566,0.15);
#71=CYLINDRICAL_SURFACE('',#5571,0.15);
#72=CYLINDRICAL_SURFACE('',#5579,0.15);
#73=CYLINDRICAL_SURFACE('',#5584,0.15);
#74=CYLINDRICAL_SURFACE('',#5592,0.15);
#75=CYLINDRICAL_SURFACE('',#5597,0.15);
#76=CYLINDRICAL_SURFACE('',#5605,0.15);
#77=CYLINDRICAL_SURFACE('',#5610,0.15);
#78=CYLINDRICAL_SURFACE('',#5618,0.15);
#79=CYLINDRICAL_SURFACE('',#5623,0.15);
#80=CYLINDRICAL_SURFACE('',#5631,0.15);
#81=CYLINDRICAL_SURFACE('',#5636,0.15);
#82=CYLINDRICAL_SURFACE('',#5644,0.15);
#83=CYLINDRICAL_SURFACE('',#5649,0.15);
#84=CYLINDRICAL_SURFACE('',#5657,0.15);
#85=CYLINDRICAL_SURFACE('',#5662,0.15);
#86=CYLINDRICAL_SURFACE('',#5670,0.15);
#87=CYLINDRICAL_SURFACE('',#5675,0.15);
#88=CYLINDRICAL_SURFACE('',#5683,0.15);
#89=CYLINDRICAL_SURFACE('',#5688,0.15);
#90=CYLINDRICAL_SURFACE('',#5696,0.15);
#91=CYLINDRICAL_SURFACE('',#5701,0.15);
#92=CYLINDRICAL_SURFACE('',#5709,0.15);
#93=CYLINDRICAL_SURFACE('',#5714,0.15);
#94=CIRCLE('',#5329,0.15);
#95=CIRCLE('',#5330,0.15);
#96=CIRCLE('',#5335,0.15);
#97=CIRCLE('',#5336,0.15);
#98=CIRCLE('',#5343,0.15);
#99=CIRCLE('',#5344,0.15);
#100=CIRCLE('',#5348,0.15);
#101=CIRCLE('',#5349,0.15);
#102=CIRCLE('',#5355,0.15);
#103=CIRCLE('',#5356,0.15);
#104=CIRCLE('',#5361,0.15);
#105=CIRCLE('',#5362,0.15);
#106=CIRCLE('',#5368,0.15);
#107=CIRCLE('',#5369,0.15);
#108=CIRCLE('',#5374,0.15);
#109=CIRCLE('',#5375,0.15);
#110=CIRCLE('',#5381,0.15);
#111=CIRCLE('',#5382,0.15);
#112=CIRCLE('',#5387,0.15);
#113=CIRCLE('',#5388,0.15);
#114=CIRCLE('',#5394,0.15);
#115=CIRCLE('',#5395,0.15);
#116=CIRCLE('',#5400,0.15);
#117=CIRCLE('',#5401,0.15);
#118=CIRCLE('',#5407,0.15);
#119=CIRCLE('',#5408,0.15);
#120=CIRCLE('',#5413,0.15);
#121=CIRCLE('',#5414,0.15);
#122=CIRCLE('',#5420,0.15);
#123=CIRCLE('',#5421,0.15);
#124=CIRCLE('',#5426,0.15);
#125=CIRCLE('',#5427,0.15);
#126=CIRCLE('',#5433,0.15);
#127=CIRCLE('',#5434,0.15);
#128=CIRCLE('',#5439,0.15);
#129=CIRCLE('',#5440,0.15);
#130=CIRCLE('',#5446,0.15);
#131=CIRCLE('',#5447,0.15);
#132=CIRCLE('',#5452,0.15);
#133=CIRCLE('',#5453,0.15);
#134=CIRCLE('',#5459,0.15);
#135=CIRCLE('',#5460,0.15);
#136=CIRCLE('',#5465,0.15);
#137=CIRCLE('',#5466,0.15);
#138=CIRCLE('',#5472,0.15);
#139=CIRCLE('',#5473,0.15);
#140=CIRCLE('',#5478,0.15);
#141=CIRCLE('',#5479,0.15);
#142=CIRCLE('',#5485,0.15);
#143=CIRCLE('',#5486,0.15);
#144=CIRCLE('',#5491,0.15);
#145=CIRCLE('',#5492,0.15);
#146=CIRCLE('',#5498,0.15);
#147=CIRCLE('',#5499,0.15);
#148=CIRCLE('',#5504,0.15);
#149=CIRCLE('',#5505,0.15);
#150=CIRCLE('',#5511,0.15);
#151=CIRCLE('',#5512,0.15);
#152=CIRCLE('',#5517,0.15);
#153=CIRCLE('',#5518,0.15);
#154=CIRCLE('',#5524,0.15);
#155=CIRCLE('',#5525,0.15);
#156=CIRCLE('',#5530,0.15);
#157=CIRCLE('',#5531,0.15);
#158=CIRCLE('',#5538,0.15);
#159=CIRCLE('',#5539,0.15);
#160=CIRCLE('',#5543,0.15);
#161=CIRCLE('',#5544,0.15);
#162=CIRCLE('',#5551,0.15);
#163=CIRCLE('',#5552,0.15);
#164=CIRCLE('',#5556,0.15);
#165=CIRCLE('',#5557,0.15);
#166=CIRCLE('',#5564,0.15);
#167=CIRCLE('',#5565,0.15);
#168=CIRCLE('',#5569,0.15);
#169=CIRCLE('',#5570,0.15);
#170=CIRCLE('',#5577,0.15);
#171=CIRCLE('',#5578,0.15);
#172=CIRCLE('',#5582,0.15);
#173=CIRCLE('',#5583,0.15);
#174=CIRCLE('',#5590,0.15);
#175=CIRCLE('',#5591,0.15);
#176=CIRCLE('',#5595,0.15);
#177=CIRCLE('',#5596,0.15);
#178=CIRCLE('',#5603,0.15);
#179=CIRCLE('',#5604,0.15);
#180=CIRCLE('',#5608,0.15);
#181=CIRCLE('',#5609,0.15);
#182=CIRCLE('',#5616,0.15);
#183=CIRCLE('',#5617,0.15);
#184=CIRCLE('',#5621,0.15);
#185=CIRCLE('',#5622,0.15);
#186=CIRCLE('',#5629,0.15);
#187=CIRCLE('',#5630,0.15);
#188=CIRCLE('',#5634,0.15);
#189=CIRCLE('',#5635,0.15);
#190=CIRCLE('',#5642,0.15);
#191=CIRCLE('',#5643,0.15);
#192=CIRCLE('',#5647,0.15);
#193=CIRCLE('',#5648,0.15);
#194=CIRCLE('',#5655,0.15);
#195=CIRCLE('',#5656,0.15);
#196=CIRCLE('',#5660,0.15);
#197=CIRCLE('',#5661,0.15);
#198=CIRCLE('',#5668,0.15);
#199=CIRCLE('',#5669,0.15);
#200=CIRCLE('',#5673,0.15);
#201=CIRCLE('',#5674,0.15);
#202=CIRCLE('',#5681,0.15);
#203=CIRCLE('',#5682,0.15);
#204=CIRCLE('',#5686,0.15);
#205=CIRCLE('',#5687,0.15);
#206=CIRCLE('',#5694,0.15);
#207=CIRCLE('',#5695,0.15);
#208=CIRCLE('',#5699,0.15);
#209=CIRCLE('',#5700,0.15);
#210=CIRCLE('',#5707,0.15);
#211=CIRCLE('',#5708,0.15);
#212=CIRCLE('',#5712,0.15);
#213=CIRCLE('',#5713,0.15);
#214=FACE_OUTER_BOUND('',#1062,.T.);
#215=FACE_OUTER_BOUND('',#1063,.T.);
#216=FACE_OUTER_BOUND('',#1064,.T.);
#217=FACE_OUTER_BOUND('',#1065,.T.);
#218=FACE_OUTER_BOUND('',#1066,.T.);
#219=FACE_OUTER_BOUND('',#1067,.T.);
#220=FACE_OUTER_BOUND('',#1068,.T.);
#221=FACE_OUTER_BOUND('',#1069,.T.);
#222=FACE_OUTER_BOUND('',#1070,.T.);
#223=FACE_OUTER_BOUND('',#1071,.T.);
#224=FACE_OUTER_BOUND('',#1072,.T.);
#225=FACE_OUTER_BOUND('',#1073,.T.);
#226=FACE_OUTER_BOUND('',#1074,.T.);
#227=FACE_OUTER_BOUND('',#1075,.T.);
#228=FACE_OUTER_BOUND('',#1076,.T.);
#229=FACE_OUTER_BOUND('',#1077,.T.);
#230=FACE_OUTER_BOUND('',#1078,.T.);
#231=FACE_OUTER_BOUND('',#1079,.T.);
#232=FACE_OUTER_BOUND('',#1080,.T.);
#233=FACE_OUTER_BOUND('',#1081,.T.);
#234=FACE_OUTER_BOUND('',#1082,.T.);
#235=FACE_OUTER_BOUND('',#1083,.T.);
#236=FACE_OUTER_BOUND('',#1084,.T.);
#237=FACE_OUTER_BOUND('',#1085,.T.);
#238=FACE_OUTER_BOUND('',#1086,.T.);
#239=FACE_OUTER_BOUND('',#1087,.T.);
#240=FACE_OUTER_BOUND('',#1088,.T.);
#241=FACE_OUTER_BOUND('',#1089,.T.);
#242=FACE_OUTER_BOUND('',#1090,.T.);
#243=FACE_OUTER_BOUND('',#1091,.T.);
#244=FACE_OUTER_BOUND('',#1092,.T.);
#245=FACE_OUTER_BOUND('',#1093,.T.);
#246=FACE_OUTER_BOUND('',#1094,.T.);
#247=FACE_OUTER_BOUND('',#1095,.T.);
#248=FACE_OUTER_BOUND('',#1096,.T.);
#249=FACE_OUTER_BOUND('',#1097,.T.);
#250=FACE_OUTER_BOUND('',#1098,.T.);
#251=FACE_OUTER_BOUND('',#1099,.T.);
#252=FACE_OUTER_BOUND('',#1100,.T.);
#253=FACE_OUTER_BOUND('',#1101,.T.);
#254=FACE_OUTER_BOUND('',#1102,.T.);
#255=FACE_OUTER_BOUND('',#1103,.T.);
#256=FACE_OUTER_BOUND('',#1104,.T.);
#257=FACE_OUTER_BOUND('',#1105,.T.);
#258=FACE_OUTER_BOUND('',#1106,.T.);
#259=FACE_OUTER_BOUND('',#1107,.T.);
#260=FACE_OUTER_BOUND('',#1108,.T.);
#261=FACE_OUTER_BOUND('',#1109,.T.);
#262=FACE_OUTER_BOUND('',#1110,.T.);
#263=FACE_OUTER_BOUND('',#1111,.T.);
#264=FACE_OUTER_BOUND('',#1112,.T.);
#265=FACE_OUTER_BOUND('',#1113,.T.);
#266=FACE_OUTER_BOUND('',#1114,.T.);
#267=FACE_OUTER_BOUND('',#1115,.T.);
#268=FACE_OUTER_BOUND('',#1116,.T.);
#269=FACE_OUTER_BOUND('',#1117,.T.);
#270=FACE_OUTER_BOUND('',#1118,.T.);
#271=FACE_OUTER_BOUND('',#1119,.T.);
#272=FACE_OUTER_BOUND('',#1120,.T.);
#273=FACE_OUTER_BOUND('',#1121,.T.);
#274=FACE_OUTER_BOUND('',#1122,.T.);
#275=FACE_OUTER_BOUND('',#1123,.T.);
#276=FACE_OUTER_BOUND('',#1124,.T.);
#277=FACE_OUTER_BOUND('',#1125,.T.);
#278=FACE_OUTER_BOUND('',#1126,.T.);
#279=FACE_OUTER_BOUND('',#1127,.T.);
#280=FACE_OUTER_BOUND('',#1128,.T.);
#281=FACE_OUTER_BOUND('',#1129,.T.);
#282=FACE_OUTER_BOUND('',#1130,.T.);
#283=FACE_OUTER_BOUND('',#1131,.T.);
#284=FACE_OUTER_BOUND('',#1132,.T.);
#285=FACE_OUTER_BOUND('',#1133,.T.);
#286=FACE_OUTER_BOUND('',#1134,.T.);
#287=FACE_OUTER_BOUND('',#1135,.T.);
#288=FACE_OUTER_BOUND('',#1136,.T.);
#289=FACE_OUTER_BOUND('',#1137,.T.);
#290=FACE_OUTER_BOUND('',#1138,.T.);
#291=FACE_OUTER_BOUND('',#1139,.T.);
#292=FACE_OUTER_BOUND('',#1140,.T.);
#293=FACE_OUTER_BOUND('',#1141,.T.);
#294=FACE_OUTER_BOUND('',#1142,.T.);
#295=FACE_OUTER_BOUND('',#1143,.T.);
#296=FACE_OUTER_BOUND('',#1144,.T.);
#297=FACE_OUTER_BOUND('',#1145,.T.);
#298=FACE_OUTER_BOUND('',#1146,.T.);
#299=FACE_OUTER_BOUND('',#1147,.T.);
#300=FACE_OUTER_BOUND('',#1148,.T.);
#301=FACE_OUTER_BOUND('',#1149,.T.);
#302=FACE_OUTER_BOUND('',#1150,.T.);
#303=FACE_OUTER_BOUND('',#1151,.T.);
#304=FACE_OUTER_BOUND('',#1152,.T.);
#305=FACE_OUTER_BOUND('',#1153,.T.);
#306=FACE_OUTER_BOUND('',#1154,.T.);
#307=FACE_OUTER_BOUND('',#1155,.T.);
#308=FACE_OUTER_BOUND('',#1156,.T.);
#309=FACE_OUTER_BOUND('',#1157,.T.);
#310=FACE_OUTER_BOUND('',#1158,.T.);
#311=FACE_OUTER_BOUND('',#1159,.T.);
#312=FACE_OUTER_BOUND('',#1160,.T.);
#313=FACE_OUTER_BOUND('',#1161,.T.);
#314=FACE_OUTER_BOUND('',#1162,.T.);
#315=FACE_OUTER_BOUND('',#1163,.T.);
#316=FACE_OUTER_BOUND('',#1164,.T.);
#317=FACE_OUTER_BOUND('',#1165,.T.);
#318=FACE_OUTER_BOUND('',#1166,.T.);
#319=FACE_OUTER_BOUND('',#1167,.T.);
#320=FACE_OUTER_BOUND('',#1168,.T.);
#321=FACE_OUTER_BOUND('',#1169,.T.);
#322=FACE_OUTER_BOUND('',#1170,.T.);
#323=FACE_OUTER_BOUND('',#1171,.T.);
#324=FACE_OUTER_BOUND('',#1172,.T.);
#325=FACE_OUTER_BOUND('',#1173,.T.);
#326=FACE_OUTER_BOUND('',#1174,.T.);
#327=FACE_OUTER_BOUND('',#1175,.T.);
#328=FACE_OUTER_BOUND('',#1176,.T.);
#329=FACE_OUTER_BOUND('',#1177,.T.);
#330=FACE_OUTER_BOUND('',#1178,.T.);
#331=FACE_OUTER_BOUND('',#1179,.T.);
#332=FACE_OUTER_BOUND('',#1180,.T.);
#333=FACE_OUTER_BOUND('',#1181,.T.);
#334=FACE_OUTER_BOUND('',#1182,.T.);
#335=FACE_OUTER_BOUND('',#1183,.T.);
#336=FACE_OUTER_BOUND('',#1184,.T.);
#337=FACE_OUTER_BOUND('',#1185,.T.);
#338=FACE_OUTER_BOUND('',#1186,.T.);
#339=FACE_OUTER_BOUND('',#1187,.T.);
#340=FACE_OUTER_BOUND('',#1188,.T.);
#341=FACE_OUTER_BOUND('',#1189,.T.);
#342=FACE_OUTER_BOUND('',#1190,.T.);
#343=FACE_OUTER_BOUND('',#1191,.T.);
#344=FACE_OUTER_BOUND('',#1192,.T.);
#345=FACE_OUTER_BOUND('',#1193,.T.);
#346=FACE_OUTER_BOUND('',#1194,.T.);
#347=FACE_OUTER_BOUND('',#1195,.T.);
#348=FACE_OUTER_BOUND('',#1196,.T.);
#349=FACE_OUTER_BOUND('',#1197,.T.);
#350=FACE_OUTER_BOUND('',#1198,.T.);
#351=FACE_OUTER_BOUND('',#1199,.T.);
#352=FACE_OUTER_BOUND('',#1200,.T.);
#353=FACE_OUTER_BOUND('',#1201,.T.);
#354=FACE_OUTER_BOUND('',#1202,.T.);
#355=FACE_OUTER_BOUND('',#1203,.T.);
#356=FACE_OUTER_BOUND('',#1204,.T.);
#357=FACE_OUTER_BOUND('',#1205,.T.);
#358=FACE_OUTER_BOUND('',#1206,.T.);
#359=FACE_OUTER_BOUND('',#1207,.T.);
#360=FACE_OUTER_BOUND('',#1208,.T.);
#361=FACE_OUTER_BOUND('',#1209,.T.);
#362=FACE_OUTER_BOUND('',#1210,.T.);
#363=FACE_OUTER_BOUND('',#1211,.T.);
#364=FACE_OUTER_BOUND('',#1212,.T.);
#365=FACE_OUTER_BOUND('',#1213,.T.);
#366=FACE_OUTER_BOUND('',#1214,.T.);
#367=FACE_OUTER_BOUND('',#1215,.T.);
#368=FACE_OUTER_BOUND('',#1216,.T.);
#369=FACE_OUTER_BOUND('',#1217,.T.);
#370=FACE_OUTER_BOUND('',#1218,.T.);
#371=FACE_OUTER_BOUND('',#1219,.T.);
#372=FACE_OUTER_BOUND('',#1220,.T.);
#373=FACE_OUTER_BOUND('',#1221,.T.);
#374=FACE_OUTER_BOUND('',#1222,.T.);
#375=FACE_OUTER_BOUND('',#1223,.T.);
#376=FACE_OUTER_BOUND('',#1224,.T.);
#377=FACE_OUTER_BOUND('',#1225,.T.);
#378=FACE_OUTER_BOUND('',#1226,.T.);
#379=FACE_OUTER_BOUND('',#1227,.T.);
#380=FACE_OUTER_BOUND('',#1228,.T.);
#381=FACE_OUTER_BOUND('',#1229,.T.);
#382=FACE_OUTER_BOUND('',#1230,.T.);
#383=FACE_OUTER_BOUND('',#1231,.T.);
#384=FACE_OUTER_BOUND('',#1232,.T.);
#385=FACE_OUTER_BOUND('',#1233,.T.);
#386=FACE_OUTER_BOUND('',#1234,.T.);
#387=FACE_OUTER_BOUND('',#1235,.T.);
#388=FACE_OUTER_BOUND('',#1236,.T.);
#389=FACE_OUTER_BOUND('',#1237,.T.);
#390=FACE_OUTER_BOUND('',#1238,.T.);
#391=FACE_OUTER_BOUND('',#1239,.T.);
#392=FACE_OUTER_BOUND('',#1240,.T.);
#393=FACE_OUTER_BOUND('',#1241,.T.);
#394=FACE_OUTER_BOUND('',#1242,.T.);
#395=FACE_OUTER_BOUND('',#1243,.T.);
#396=FACE_OUTER_BOUND('',#1244,.T.);
#397=FACE_OUTER_BOUND('',#1245,.T.);
#398=FACE_OUTER_BOUND('',#1246,.T.);
#399=FACE_OUTER_BOUND('',#1247,.T.);
#400=FACE_OUTER_BOUND('',#1248,.T.);
#401=FACE_OUTER_BOUND('',#1249,.T.);
#402=FACE_OUTER_BOUND('',#1250,.T.);
#403=FACE_OUTER_BOUND('',#1251,.T.);
#404=FACE_OUTER_BOUND('',#1252,.T.);
#405=FACE_OUTER_BOUND('',#1253,.T.);
#406=FACE_OUTER_BOUND('',#1254,.T.);
#407=FACE_OUTER_BOUND('',#1255,.T.);
#408=FACE_OUTER_BOUND('',#1256,.T.);
#409=FACE_OUTER_BOUND('',#1257,.T.);
#410=FACE_OUTER_BOUND('',#1258,.T.);
#411=FACE_OUTER_BOUND('',#1259,.T.);
#412=FACE_OUTER_BOUND('',#1260,.T.);
#413=FACE_OUTER_BOUND('',#1261,.T.);
#414=FACE_OUTER_BOUND('',#1262,.T.);
#415=FACE_OUTER_BOUND('',#1263,.T.);
#416=FACE_OUTER_BOUND('',#1264,.T.);
#417=FACE_OUTER_BOUND('',#1265,.T.);
#418=FACE_OUTER_BOUND('',#1266,.T.);
#419=FACE_OUTER_BOUND('',#1267,.T.);
#420=FACE_OUTER_BOUND('',#1268,.T.);
#421=FACE_OUTER_BOUND('',#1269,.T.);
#422=FACE_OUTER_BOUND('',#1270,.T.);
#423=FACE_OUTER_BOUND('',#1271,.T.);
#424=FACE_OUTER_BOUND('',#1272,.T.);
#425=FACE_OUTER_BOUND('',#1273,.T.);
#426=FACE_OUTER_BOUND('',#1274,.T.);
#427=FACE_OUTER_BOUND('',#1275,.T.);
#428=FACE_OUTER_BOUND('',#1276,.T.);
#429=FACE_OUTER_BOUND('',#1277,.T.);
#430=FACE_OUTER_BOUND('',#1278,.T.);
#431=FACE_OUTER_BOUND('',#1279,.T.);
#432=FACE_OUTER_BOUND('',#1280,.T.);
#433=FACE_OUTER_BOUND('',#1281,.T.);
#434=FACE_OUTER_BOUND('',#1282,.T.);
#435=FACE_OUTER_BOUND('',#1283,.T.);
#436=FACE_OUTER_BOUND('',#1284,.T.);
#437=FACE_OUTER_BOUND('',#1285,.T.);
#438=FACE_OUTER_BOUND('',#1286,.T.);
#439=FACE_OUTER_BOUND('',#1287,.T.);
#440=FACE_OUTER_BOUND('',#1288,.T.);
#441=FACE_OUTER_BOUND('',#1289,.T.);
#442=FACE_OUTER_BOUND('',#1290,.T.);
#443=FACE_OUTER_BOUND('',#1291,.T.);
#444=FACE_OUTER_BOUND('',#1292,.T.);
#445=FACE_OUTER_BOUND('',#1293,.T.);
#446=FACE_OUTER_BOUND('',#1294,.T.);
#447=FACE_OUTER_BOUND('',#1295,.T.);
#448=FACE_OUTER_BOUND('',#1296,.T.);
#449=FACE_OUTER_BOUND('',#1297,.T.);
#450=FACE_OUTER_BOUND('',#1298,.T.);
#451=FACE_OUTER_BOUND('',#1299,.T.);
#452=FACE_OUTER_BOUND('',#1300,.T.);
#453=FACE_OUTER_BOUND('',#1301,.T.);
#454=FACE_OUTER_BOUND('',#1302,.T.);
#455=FACE_OUTER_BOUND('',#1303,.T.);
#456=FACE_OUTER_BOUND('',#1304,.T.);
#457=FACE_OUTER_BOUND('',#1305,.T.);
#458=FACE_OUTER_BOUND('',#1306,.T.);
#459=FACE_OUTER_BOUND('',#1307,.T.);
#460=FACE_OUTER_BOUND('',#1308,.T.);
#461=FACE_OUTER_BOUND('',#1309,.T.);
#462=FACE_OUTER_BOUND('',#1310,.T.);
#463=FACE_OUTER_BOUND('',#1311,.T.);
#464=FACE_OUTER_BOUND('',#1312,.T.);
#465=FACE_OUTER_BOUND('',#1313,.T.);
#466=FACE_OUTER_BOUND('',#1314,.T.);
#467=FACE_OUTER_BOUND('',#1315,.T.);
#468=FACE_OUTER_BOUND('',#1316,.T.);
#469=FACE_OUTER_BOUND('',#1317,.T.);
#470=FACE_OUTER_BOUND('',#1318,.T.);
#471=FACE_OUTER_BOUND('',#1319,.T.);
#472=FACE_OUTER_BOUND('',#1320,.T.);
#473=FACE_OUTER_BOUND('',#1321,.T.);
#474=FACE_OUTER_BOUND('',#1322,.T.);
#475=FACE_OUTER_BOUND('',#1323,.T.);
#476=FACE_OUTER_BOUND('',#1324,.T.);
#477=FACE_OUTER_BOUND('',#1325,.T.);
#478=FACE_OUTER_BOUND('',#1326,.T.);
#479=FACE_OUTER_BOUND('',#1327,.T.);
#480=FACE_OUTER_BOUND('',#1328,.T.);
#481=FACE_OUTER_BOUND('',#1329,.T.);
#482=FACE_OUTER_BOUND('',#1330,.T.);
#483=FACE_OUTER_BOUND('',#1331,.T.);
#484=FACE_OUTER_BOUND('',#1332,.T.);
#485=FACE_OUTER_BOUND('',#1333,.T.);
#486=FACE_OUTER_BOUND('',#1334,.T.);
#487=FACE_OUTER_BOUND('',#1335,.T.);
#488=FACE_OUTER_BOUND('',#1336,.T.);
#489=FACE_OUTER_BOUND('',#1337,.T.);
#490=FACE_OUTER_BOUND('',#1338,.T.);
#491=FACE_OUTER_BOUND('',#1339,.T.);
#492=ADVANCED_FACE('',(#994,#995,#996,#997,#998,#999,#1000,#1001,#1002,
#1003,#1004,#1005,#1006,#1007,#1008,#1009),#773,.F.);
#493=ADVANCED_FACE('',(#1010,#1011,#1012,#1013,#1014,#1015,#1016,#1017,
#1018,#1019,#1020,#1021,#1022,#1023,#1024,#1025),#774,.F.);
#494=ADVANCED_FACE('',(#1026,#1027),#775,.F.);
#495=ADVANCED_FACE('',(#214),#776,.F.);
#496=ADVANCED_FACE('',(#215),#777,.T.);
#497=ADVANCED_FACE('',(#216),#778,.F.);
#498=ADVANCED_FACE('',(#217),#779,.F.);
#499=ADVANCED_FACE('',(#218),#780,.F.);
#500=ADVANCED_FACE('',(#219),#781,.F.);
#501=ADVANCED_FACE('',(#220),#782,.F.);
#502=ADVANCED_FACE('',(#221),#783,.T.);
#503=ADVANCED_FACE('',(#222),#784,.T.);
#504=ADVANCED_FACE('',(#223),#34,.T.);
#505=ADVANCED_FACE('',(#224),#785,.T.);
#506=ADVANCED_FACE('',(#225),#786,.T.);
#507=ADVANCED_FACE('',(#226),#787,.T.);
#508=ADVANCED_FACE('',(#227),#35,.T.);
#509=ADVANCED_FACE('',(#228),#788,.T.);
#510=ADVANCED_FACE('',(#229),#789,.F.);
#511=ADVANCED_FACE('',(#230),#790,.T.);
#512=ADVANCED_FACE('',(#231),#791,.T.);
#513=ADVANCED_FACE('',(#232),#792,.T.);
#514=ADVANCED_FACE('',(#233),#36,.T.);
#515=ADVANCED_FACE('',(#234),#793,.T.);
#516=ADVANCED_FACE('',(#235),#794,.T.);
#517=ADVANCED_FACE('',(#236),#37,.T.);
#518=ADVANCED_FACE('',(#237),#795,.T.);
#519=ADVANCED_FACE('',(#238),#796,.F.);
#520=ADVANCED_FACE('',(#239),#797,.T.);
#521=ADVANCED_FACE('',(#240),#798,.T.);
#522=ADVANCED_FACE('',(#241),#38,.T.);
#523=ADVANCED_FACE('',(#242),#799,.T.);
#524=ADVANCED_FACE('',(#243),#800,.T.);
#525=ADVANCED_FACE('',(#244),#801,.T.);
#526=ADVANCED_FACE('',(#245),#39,.T.);
#527=ADVANCED_FACE('',(#246),#802,.T.);
#528=ADVANCED_FACE('',(#247),#803,.F.);
#529=ADVANCED_FACE('',(#248),#804,.T.);
#530=ADVANCED_FACE('',(#249),#805,.T.);
#531=ADVANCED_FACE('',(#250),#40,.T.);
#532=ADVANCED_FACE('',(#251),#806,.T.);
#533=ADVANCED_FACE('',(#252),#807,.T.);
#534=ADVANCED_FACE('',(#253),#808,.T.);
#535=ADVANCED_FACE('',(#254),#41,.T.);
#536=ADVANCED_FACE('',(#255),#809,.T.);
#537=ADVANCED_FACE('',(#256),#810,.F.);
#538=ADVANCED_FACE('',(#257),#811,.T.);
#539=ADVANCED_FACE('',(#258),#812,.T.);
#540=ADVANCED_FACE('',(#259),#42,.T.);
#541=ADVANCED_FACE('',(#260),#813,.T.);
#542=ADVANCED_FACE('',(#261),#814,.T.);
#543=ADVANCED_FACE('',(#262),#815,.T.);
#544=ADVANCED_FACE('',(#263),#43,.T.);
#545=ADVANCED_FACE('',(#264),#816,.T.);
#546=ADVANCED_FACE('',(#265),#817,.F.);
#547=ADVANCED_FACE('',(#266),#818,.T.);
#548=ADVANCED_FACE('',(#267),#819,.T.);
#549=ADVANCED_FACE('',(#268),#44,.T.);
#550=ADVANCED_FACE('',(#269),#820,.T.);
#551=ADVANCED_FACE('',(#270),#821,.T.);
#552=ADVANCED_FACE('',(#271),#822,.T.);
#553=ADVANCED_FACE('',(#272),#45,.T.);
#554=ADVANCED_FACE('',(#273),#823,.T.);
#555=ADVANCED_FACE('',(#274),#824,.F.);
#556=ADVANCED_FACE('',(#275),#825,.T.);
#557=ADVANCED_FACE('',(#276),#826,.T.);
#558=ADVANCED_FACE('',(#277),#46,.T.);
#559=ADVANCED_FACE('',(#278),#827,.T.);
#560=ADVANCED_FACE('',(#279),#828,.T.);
#561=ADVANCED_FACE('',(#280),#829,.T.);
#562=ADVANCED_FACE('',(#281),#47,.T.);
#563=ADVANCED_FACE('',(#282),#830,.T.);
#564=ADVANCED_FACE('',(#283),#831,.F.);
#565=ADVANCED_FACE('',(#284),#832,.T.);
#566=ADVANCED_FACE('',(#285),#833,.T.);
#567=ADVANCED_FACE('',(#286),#48,.T.);
#568=ADVANCED_FACE('',(#287),#834,.T.);
#569=ADVANCED_FACE('',(#288),#835,.T.);
#570=ADVANCED_FACE('',(#289),#836,.T.);
#571=ADVANCED_FACE('',(#290),#49,.T.);
#572=ADVANCED_FACE('',(#291),#837,.T.);
#573=ADVANCED_FACE('',(#292),#838,.F.);
#574=ADVANCED_FACE('',(#293),#839,.T.);
#575=ADVANCED_FACE('',(#294),#840,.T.);
#576=ADVANCED_FACE('',(#295),#50,.T.);
#577=ADVANCED_FACE('',(#296),#841,.T.);
#578=ADVANCED_FACE('',(#297),#842,.T.);
#579=ADVANCED_FACE('',(#298),#843,.T.);
#580=ADVANCED_FACE('',(#299),#51,.T.);
#581=ADVANCED_FACE('',(#300),#844,.T.);
#582=ADVANCED_FACE('',(#301),#845,.F.);
#583=ADVANCED_FACE('',(#302),#846,.T.);
#584=ADVANCED_FACE('',(#303),#847,.T.);
#585=ADVANCED_FACE('',(#304),#52,.T.);
#586=ADVANCED_FACE('',(#305),#848,.T.);
#587=ADVANCED_FACE('',(#306),#849,.T.);
#588=ADVANCED_FACE('',(#307),#850,.T.);
#589=ADVANCED_FACE('',(#308),#53,.T.);
#590=ADVANCED_FACE('',(#309),#851,.T.);
#591=ADVANCED_FACE('',(#310),#852,.F.);
#592=ADVANCED_FACE('',(#311),#853,.T.);
#593=ADVANCED_FACE('',(#312),#854,.T.);
#594=ADVANCED_FACE('',(#313),#54,.T.);
#595=ADVANCED_FACE('',(#314),#855,.T.);
#596=ADVANCED_FACE('',(#315),#856,.T.);
#597=ADVANCED_FACE('',(#316),#857,.T.);
#598=ADVANCED_FACE('',(#317),#55,.T.);
#599=ADVANCED_FACE('',(#318),#858,.T.);
#600=ADVANCED_FACE('',(#319),#859,.F.);
#601=ADVANCED_FACE('',(#320),#860,.T.);
#602=ADVANCED_FACE('',(#321),#861,.T.);
#603=ADVANCED_FACE('',(#322),#56,.T.);
#604=ADVANCED_FACE('',(#323),#862,.T.);
#605=ADVANCED_FACE('',(#324),#863,.T.);
#606=ADVANCED_FACE('',(#325),#864,.T.);
#607=ADVANCED_FACE('',(#326),#57,.T.);
#608=ADVANCED_FACE('',(#327),#865,.T.);
#609=ADVANCED_FACE('',(#328),#866,.F.);
#610=ADVANCED_FACE('',(#329),#867,.T.);
#611=ADVANCED_FACE('',(#330),#868,.T.);
#612=ADVANCED_FACE('',(#331),#58,.T.);
#613=ADVANCED_FACE('',(#332),#869,.T.);
#614=ADVANCED_FACE('',(#333),#870,.T.);
#615=ADVANCED_FACE('',(#334),#871,.T.);
#616=ADVANCED_FACE('',(#335),#59,.T.);
#617=ADVANCED_FACE('',(#336),#872,.T.);
#618=ADVANCED_FACE('',(#337),#873,.F.);
#619=ADVANCED_FACE('',(#338),#874,.T.);
#620=ADVANCED_FACE('',(#339),#875,.T.);
#621=ADVANCED_FACE('',(#340),#60,.T.);
#622=ADVANCED_FACE('',(#341),#876,.T.);
#623=ADVANCED_FACE('',(#342),#877,.T.);
#624=ADVANCED_FACE('',(#343),#878,.T.);
#625=ADVANCED_FACE('',(#344),#61,.T.);
#626=ADVANCED_FACE('',(#345),#879,.T.);
#627=ADVANCED_FACE('',(#346),#880,.F.);
#628=ADVANCED_FACE('',(#347),#881,.T.);
#629=ADVANCED_FACE('',(#348),#882,.T.);
#630=ADVANCED_FACE('',(#349),#62,.T.);
#631=ADVANCED_FACE('',(#350),#883,.T.);
#632=ADVANCED_FACE('',(#351),#884,.T.);
#633=ADVANCED_FACE('',(#352),#885,.T.);
#634=ADVANCED_FACE('',(#353),#63,.T.);
#635=ADVANCED_FACE('',(#354),#886,.T.);
#636=ADVANCED_FACE('',(#355),#887,.F.);
#637=ADVANCED_FACE('',(#356),#888,.T.);
#638=ADVANCED_FACE('',(#357),#889,.T.);
#639=ADVANCED_FACE('',(#358),#64,.T.);
#640=ADVANCED_FACE('',(#359),#890,.T.);
#641=ADVANCED_FACE('',(#360),#891,.T.);
#642=ADVANCED_FACE('',(#361),#892,.T.);
#643=ADVANCED_FACE('',(#362),#65,.T.);
#644=ADVANCED_FACE('',(#363),#893,.T.);
#645=ADVANCED_FACE('',(#364),#894,.F.);
#646=ADVANCED_FACE('',(#365),#895,.T.);
#647=ADVANCED_FACE('',(#366),#896,.T.);
#648=ADVANCED_FACE('',(#367),#897,.T.);
#649=ADVANCED_FACE('',(#368),#66,.T.);
#650=ADVANCED_FACE('',(#369),#898,.T.);
#651=ADVANCED_FACE('',(#370),#899,.T.);
#652=ADVANCED_FACE('',(#371),#67,.T.);
#653=ADVANCED_FACE('',(#372),#900,.T.);
#654=ADVANCED_FACE('',(#373),#901,.F.);
#655=ADVANCED_FACE('',(#374),#902,.T.);
#656=ADVANCED_FACE('',(#375),#903,.T.);
#657=ADVANCED_FACE('',(#376),#904,.T.);
#658=ADVANCED_FACE('',(#377),#68,.T.);
#659=ADVANCED_FACE('',(#378),#905,.T.);
#660=ADVANCED_FACE('',(#379),#906,.T.);
#661=ADVANCED_FACE('',(#380),#69,.T.);
#662=ADVANCED_FACE('',(#381),#907,.T.);
#663=ADVANCED_FACE('',(#382),#908,.F.);
#664=ADVANCED_FACE('',(#383),#909,.T.);
#665=ADVANCED_FACE('',(#384),#910,.T.);
#666=ADVANCED_FACE('',(#385),#911,.T.);
#667=ADVANCED_FACE('',(#386),#70,.T.);
#668=ADVANCED_FACE('',(#387),#912,.T.);
#669=ADVANCED_FACE('',(#388),#913,.T.);
#670=ADVANCED_FACE('',(#389),#71,.T.);
#671=ADVANCED_FACE('',(#390),#914,.T.);
#672=ADVANCED_FACE('',(#391),#915,.F.);
#673=ADVANCED_FACE('',(#392),#916,.T.);
#674=ADVANCED_FACE('',(#393),#917,.T.);
#675=ADVANCED_FACE('',(#394),#918,.T.);
#676=ADVANCED_FACE('',(#395),#72,.T.);
#677=ADVANCED_FACE('',(#396),#919,.T.);
#678=ADVANCED_FACE('',(#397),#920,.T.);
#679=ADVANCED_FACE('',(#398),#73,.T.);
#680=ADVANCED_FACE('',(#399),#921,.T.);
#681=ADVANCED_FACE('',(#400),#922,.F.);
#682=ADVANCED_FACE('',(#401),#923,.T.);
#683=ADVANCED_FACE('',(#402),#924,.T.);
#684=ADVANCED_FACE('',(#403),#925,.T.);
#685=ADVANCED_FACE('',(#404),#74,.T.);
#686=ADVANCED_FACE('',(#405),#926,.T.);
#687=ADVANCED_FACE('',(#406),#927,.T.);
#688=ADVANCED_FACE('',(#407),#75,.T.);
#689=ADVANCED_FACE('',(#408),#928,.T.);
#690=ADVANCED_FACE('',(#409),#929,.F.);
#691=ADVANCED_FACE('',(#410),#930,.T.);
#692=ADVANCED_FACE('',(#411),#931,.T.);
#693=ADVANCED_FACE('',(#412),#932,.T.);
#694=ADVANCED_FACE('',(#413),#76,.T.);
#695=ADVANCED_FACE('',(#414),#933,.T.);
#696=ADVANCED_FACE('',(#415),#934,.T.);
#697=ADVANCED_FACE('',(#416),#77,.T.);
#698=ADVANCED_FACE('',(#417),#935,.T.);
#699=ADVANCED_FACE('',(#418),#936,.F.);
#700=ADVANCED_FACE('',(#419),#937,.T.);
#701=ADVANCED_FACE('',(#420),#938,.T.);
#702=ADVANCED_FACE('',(#421),#939,.T.);
#703=ADVANCED_FACE('',(#422),#78,.T.);
#704=ADVANCED_FACE('',(#423),#940,.T.);
#705=ADVANCED_FACE('',(#424),#941,.T.);
#706=ADVANCED_FACE('',(#425),#79,.T.);
#707=ADVANCED_FACE('',(#426),#942,.T.);
#708=ADVANCED_FACE('',(#427),#943,.F.);
#709=ADVANCED_FACE('',(#428),#944,.T.);
#710=ADVANCED_FACE('',(#429),#945,.T.);
#711=ADVANCED_FACE('',(#430),#946,.T.);
#712=ADVANCED_FACE('',(#431),#80,.T.);
#713=ADVANCED_FACE('',(#432),#947,.T.);
#714=ADVANCED_FACE('',(#433),#948,.T.);
#715=ADVANCED_FACE('',(#434),#81,.T.);
#716=ADVANCED_FACE('',(#435),#949,.T.);
#717=ADVANCED_FACE('',(#436),#950,.F.);
#718=ADVANCED_FACE('',(#437),#951,.T.);
#719=ADVANCED_FACE('',(#438),#952,.T.);
#720=ADVANCED_FACE('',(#439),#953,.T.);
#721=ADVANCED_FACE('',(#440),#82,.T.);
#722=ADVANCED_FACE('',(#441),#954,.T.);
#723=ADVANCED_FACE('',(#442),#955,.T.);
#724=ADVANCED_FACE('',(#443),#83,.T.);
#725=ADVANCED_FACE('',(#444),#956,.T.);
#726=ADVANCED_FACE('',(#445),#957,.F.);
#727=ADVANCED_FACE('',(#446),#958,.T.);
#728=ADVANCED_FACE('',(#447),#959,.T.);
#729=ADVANCED_FACE('',(#448),#960,.T.);
#730=ADVANCED_FACE('',(#449),#84,.T.);
#731=ADVANCED_FACE('',(#450),#961,.T.);
#732=ADVANCED_FACE('',(#451),#962,.T.);
#733=ADVANCED_FACE('',(#452),#85,.T.);
#734=ADVANCED_FACE('',(#453),#963,.T.);
#735=ADVANCED_FACE('',(#454),#964,.F.);
#736=ADVANCED_FACE('',(#455),#965,.T.);
#737=ADVANCED_FACE('',(#456),#966,.T.);
#738=ADVANCED_FACE('',(#457),#967,.T.);
#739=ADVANCED_FACE('',(#458),#86,.T.);
#740=ADVANCED_FACE('',(#459),#968,.T.);
#741=ADVANCED_FACE('',(#460),#969,.T.);
#742=ADVANCED_FACE('',(#461),#87,.T.);
#743=ADVANCED_FACE('',(#462),#970,.T.);
#744=ADVANCED_FACE('',(#463),#971,.F.);
#745=ADVANCED_FACE('',(#464),#972,.T.);
#746=ADVANCED_FACE('',(#465),#973,.T.);
#747=ADVANCED_FACE('',(#466),#974,.T.);
#748=ADVANCED_FACE('',(#467),#88,.T.);
#749=ADVANCED_FACE('',(#468),#975,.T.);
#750=ADVANCED_FACE('',(#469),#976,.T.);
#751=ADVANCED_FACE('',(#470),#89,.T.);
#752=ADVANCED_FACE('',(#471),#977,.T.);
#753=ADVANCED_FACE('',(#472),#978,.F.);
#754=ADVANCED_FACE('',(#473),#979,.T.);
#755=ADVANCED_FACE('',(#474),#980,.T.);
#756=ADVANCED_FACE('',(#475),#981,.T.);
#757=ADVANCED_FACE('',(#476),#90,.T.);
#758=ADVANCED_FACE('',(#477),#982,.T.);
#759=ADVANCED_FACE('',(#478),#983,.T.);
#760=ADVANCED_FACE('',(#479),#91,.T.);
#761=ADVANCED_FACE('',(#480),#984,.T.);
#762=ADVANCED_FACE('',(#481),#985,.F.);
#763=ADVANCED_FACE('',(#482),#986,.T.);
#764=ADVANCED_FACE('',(#483),#987,.T.);
#765=ADVANCED_FACE('',(#484),#988,.T.);
#766=ADVANCED_FACE('',(#485),#92,.T.);
#767=ADVANCED_FACE('',(#486),#989,.T.);
#768=ADVANCED_FACE('',(#487),#990,.T.);
#769=ADVANCED_FACE('',(#488),#93,.T.);
#770=ADVANCED_FACE('',(#489),#991,.T.);
#771=ADVANCED_FACE('',(#490),#992,.F.);
#772=ADVANCED_FACE('',(#491),#993,.T.);
#773=PLANE('',#5317);
#774=PLANE('',#5318);
#775=PLANE('',#5319);
#776=PLANE('',#5320);
#777=PLANE('',#5321);
#778=PLANE('',#5322);
#779=PLANE('',#5323);
#780=PLANE('',#5324);
#781=PLANE('',#5325);
#782=PLANE('',#5326);
#783=PLANE('',#5327);
#784=PLANE('',#5328);
#785=PLANE('',#5332);
#786=PLANE('',#5333);
#787=PLANE('',#5334);
#788=PLANE('',#5338);
#789=PLANE('',#5339);
#790=PLANE('',#5340);
#791=PLANE('',#5341);
#792=PLANE('',#5342);
#793=PLANE('',#5346);
#794=PLANE('',#5347);
#795=PLANE('',#5351);
#796=PLANE('',#5352);
#797=PLANE('',#5353);
#798=PLANE('',#5354);
#799=PLANE('',#5358);
#800=PLANE('',#5359);
#801=PLANE('',#5360);
#802=PLANE('',#5364);
#803=PLANE('',#5365);
#804=PLANE('',#5366);
#805=PLANE('',#5367);
#806=PLANE('',#5371);
#807=PLANE('',#5372);
#808=PLANE('',#5373);
#809=PLANE('',#5377);
#810=PLANE('',#5378);
#811=PLANE('',#5379);
#812=PLANE('',#5380);
#813=PLANE('',#5384);
#814=PLANE('',#5385);
#815=PLANE('',#5386);
#816=PLANE('',#5390);
#817=PLANE('',#5391);
#818=PLANE('',#5392);
#819=PLANE('',#5393);
#820=PLANE('',#5397);
#821=PLANE('',#5398);
#822=PLANE('',#5399);
#823=PLANE('',#5403);
#824=PLANE('',#5404);
#825=PLANE('',#5405);
#826=PLANE('',#5406);
#827=PLANE('',#5410);
#828=PLANE('',#5411);
#829=PLANE('',#5412);
#830=PLANE('',#5416);
#831=PLANE('',#5417);
#832=PLANE('',#5418);
#833=PLANE('',#5419);
#834=PLANE('',#5423);
#835=PLANE('',#5424);
#836=PLANE('',#5425);
#837=PLANE('',#5429);
#838=PLANE('',#5430);
#839=PLANE('',#5431);
#840=PLANE('',#5432);
#841=PLANE('',#5436);
#842=PLANE('',#5437);
#843=PLANE('',#5438);
#844=PLANE('',#5442);
#845=PLANE('',#5443);
#846=PLANE('',#5444);
#847=PLANE('',#5445);
#848=PLANE('',#5449);
#849=PLANE('',#5450);
#850=PLANE('',#5451);
#851=PLANE('',#5455);
#852=PLANE('',#5456);
#853=PLANE('',#5457);
#854=PLANE('',#5458);
#855=PLANE('',#5462);
#856=PLANE('',#5463);
#857=PLANE('',#5464);
#858=PLANE('',#5468);
#859=PLANE('',#5469);
#860=PLANE('',#5470);
#861=PLANE('',#5471);
#862=PLANE('',#5475);
#863=PLANE('',#5476);
#864=PLANE('',#5477);
#865=PLANE('',#5481);
#866=PLANE('',#5482);
#867=PLANE('',#5483);
#868=PLANE('',#5484);
#869=PLANE('',#5488);
#870=PLANE('',#5489);
#871=PLANE('',#5490);
#872=PLANE('',#5494);
#873=PLANE('',#5495);
#874=PLANE('',#5496);
#875=PLANE('',#5497);
#876=PLANE('',#5501);
#877=PLANE('',#5502);
#878=PLANE('',#5503);
#879=PLANE('',#5507);
#880=PLANE('',#5508);
#881=PLANE('',#5509);
#882=PLANE('',#5510);
#883=PLANE('',#5514);
#884=PLANE('',#5515);
#885=PLANE('',#5516);
#886=PLANE('',#5520);
#887=PLANE('',#5521);
#888=PLANE('',#5522);
#889=PLANE('',#5523);
#890=PLANE('',#5527);
#891=PLANE('',#5528);
#892=PLANE('',#5529);
#893=PLANE('',#5533);
#894=PLANE('',#5534);
#895=PLANE('',#5535);
#896=PLANE('',#5536);
#897=PLANE('',#5537);
#898=PLANE('',#5541);
#899=PLANE('',#5542);
#900=PLANE('',#5546);
#901=PLANE('',#5547);
#902=PLANE('',#5548);
#903=PLANE('',#5549);
#904=PLANE('',#5550);
#905=PLANE('',#5554);
#906=PLANE('',#5555);
#907=PLANE('',#5559);
#908=PLANE('',#5560);
#909=PLANE('',#5561);
#910=PLANE('',#5562);
#911=PLANE('',#5563);
#912=PLANE('',#5567);
#913=PLANE('',#5568);
#914=PLANE('',#5572);
#915=PLANE('',#5573);
#916=PLANE('',#5574);
#917=PLANE('',#5575);
#918=PLANE('',#5576);
#919=PLANE('',#5580);
#920=PLANE('',#5581);
#921=PLANE('',#5585);
#922=PLANE('',#5586);
#923=PLANE('',#5587);
#924=PLANE('',#5588);
#925=PLANE('',#5589);
#926=PLANE('',#5593);
#927=PLANE('',#5594);
#928=PLANE('',#5598);
#929=PLANE('',#5599);
#930=PLANE('',#5600);
#931=PLANE('',#5601);
#932=PLANE('',#5602);
#933=PLANE('',#5606);
#934=PLANE('',#5607);
#935=PLANE('',#5611);
#936=PLANE('',#5612);
#937=PLANE('',#5613);
#938=PLANE('',#5614);
#939=PLANE('',#5615);
#940=PLANE('',#5619);
#941=PLANE('',#5620);
#942=PLANE('',#5624);
#943=PLANE('',#5625);
#944=PLANE('',#5626);
#945=PLANE('',#5627);
#946=PLANE('',#5628);
#947=PLANE('',#5632);
#948=PLANE('',#5633);
#949=PLANE('',#5637);
#950=PLANE('',#5638);
#951=PLANE('',#5639);
#952=PLANE('',#5640);
#953=PLANE('',#5641);
#954=PLANE('',#5645);
#955=PLANE('',#5646);
#956=PLANE('',#5650);
#957=PLANE('',#5651);
#958=PLANE('',#5652);
#959=PLANE('',#5653);
#960=PLANE('',#5654);
#961=PLANE('',#5658);
#962=PLANE('',#5659);
#963=PLANE('',#5663);
#964=PLANE('',#5664);
#965=PLANE('',#5665);
#966=PLANE('',#5666);
#967=PLANE('',#5667);
#968=PLANE('',#5671);
#969=PLANE('',#5672);
#970=PLANE('',#5676);
#971=PLANE('',#5677);
#972=PLANE('',#5678);
#973=PLANE('',#5679);
#974=PLANE('',#5680);
#975=PLANE('',#5684);
#976=PLANE('',#5685);
#977=PLANE('',#5689);
#978=PLANE('',#5690);
#979=PLANE('',#5691);
#980=PLANE('',#5692);
#981=PLANE('',#5693);
#982=PLANE('',#5697);
#983=PLANE('',#5698);
#984=PLANE('',#5702);
#985=PLANE('',#5703);
#986=PLANE('',#5704);
#987=PLANE('',#5705);
#988=PLANE('',#5706);
#989=PLANE('',#5710);
#990=PLANE('',#5711);
#991=PLANE('',#5715);
#992=PLANE('',#5716);
#993=PLANE('',#5717);
#994=FACE_BOUND('',#1028,.T.);
#995=FACE_BOUND('',#1029,.T.);
#996=FACE_BOUND('',#1030,.T.);
#997=FACE_BOUND('',#1031,.T.);
#998=FACE_BOUND('',#1032,.T.);
#999=FACE_BOUND('',#1033,.T.);
#1000=FACE_BOUND('',#1034,.T.);
#1001=FACE_BOUND('',#1035,.T.);
#1002=FACE_BOUND('',#1036,.T.);
#1003=FACE_BOUND('',#1037,.T.);
#1004=FACE_BOUND('',#1038,.T.);
#1005=FACE_BOUND('',#1039,.T.);
#1006=FACE_BOUND('',#1040,.T.);
#1007=FACE_BOUND('',#1041,.T.);
#1008=FACE_BOUND('',#1042,.T.);
#1009=FACE_BOUND('',#1043,.T.);
#1010=FACE_BOUND('',#1044,.T.);
#1011=FACE_BOUND('',#1045,.T.);
#1012=FACE_BOUND('',#1046,.T.);
#1013=FACE_BOUND('',#1047,.T.);
#1014=FACE_BOUND('',#1048,.T.);
#1015=FACE_BOUND('',#1049,.T.);
#1016=FACE_BOUND('',#1050,.T.);
#1017=FACE_BOUND('',#1051,.T.);
#1018=FACE_BOUND('',#1052,.T.);
#1019=FACE_BOUND('',#1053,.T.);
#1020=FACE_BOUND('',#1054,.T.);
#1021=FACE_BOUND('',#1055,.T.);
#1022=FACE_BOUND('',#1056,.T.);
#1023=FACE_BOUND('',#1057,.T.);
#1024=FACE_BOUND('',#1058,.T.);
#1025=FACE_BOUND('',#1059,.T.);
#1026=FACE_BOUND('',#1060,.T.);
#1027=FACE_BOUND('',#1061,.T.);
#1028=EDGE_LOOP('',(#1340,#1341,#1342,#1343));
#1029=EDGE_LOOP('',(#1344,#1345,#1346,#1347));
#1030=EDGE_LOOP('',(#1348,#1349,#1350,#1351));
#1031=EDGE_LOOP('',(#1352,#1353,#1354,#1355));
#1032=EDGE_LOOP('',(#1356,#1357,#1358,#1359));
#1033=EDGE_LOOP('',(#1360,#1361,#1362,#1363));
#1034=EDGE_LOOP('',(#1364,#1365,#1366,#1367));
#1035=EDGE_LOOP('',(#1368,#1369,#1370,#1371));
#1036=EDGE_LOOP('',(#1372,#1373,#1374,#1375));
#1037=EDGE_LOOP('',(#1376,#1377,#1378,#1379));
#1038=EDGE_LOOP('',(#1380,#1381,#1382,#1383));
#1039=EDGE_LOOP('',(#1384,#1385,#1386,#1387));
#1040=EDGE_LOOP('',(#1388,#1389,#1390,#1391));
#1041=EDGE_LOOP('',(#1392,#1393,#1394,#1395));
#1042=EDGE_LOOP('',(#1396,#1397,#1398,#1399));
#1043=EDGE_LOOP('',(#1400,#1401,#1402,#1403));
#1044=EDGE_LOOP('',(#1404,#1405,#1406,#1407));
#1045=EDGE_LOOP('',(#1408,#1409,#1410,#1411));
#1046=EDGE_LOOP('',(#1412,#1413,#1414,#1415));
#1047=EDGE_LOOP('',(#1416,#1417,#1418,#1419));
#1048=EDGE_LOOP('',(#1420,#1421,#1422,#1423));
#1049=EDGE_LOOP('',(#1424,#1425,#1426,#1427));
#1050=EDGE_LOOP('',(#1428,#1429,#1430,#1431));
#1051=EDGE_LOOP('',(#1432,#1433,#1434,#1435));
#1052=EDGE_LOOP('',(#1436,#1437,#1438,#1439));
#1053=EDGE_LOOP('',(#1440,#1441,#1442,#1443));
#1054=EDGE_LOOP('',(#1444,#1445,#1446,#1447));
#1055=EDGE_LOOP('',(#1448,#1449,#1450,#1451));
#1056=EDGE_LOOP('',(#1452,#1453,#1454,#1455));
#1057=EDGE_LOOP('',(#1456,#1457,#1458,#1459));
#1058=EDGE_LOOP('',(#1460,#1461,#1462,#1463));
#1059=EDGE_LOOP('',(#1464,#1465,#1466,#1467));
#1060=EDGE_LOOP('',(#1468,#1469,#1470,#1471));
#1061=EDGE_LOOP('',(#1472,#1473,#1474,#1475));
#1062=EDGE_LOOP('',(#1476,#1477,#1478,#1479));
#1063=EDGE_LOOP('',(#1480,#1481,#1482,#1483));
#1064=EDGE_LOOP('',(#1484,#1485,#1486,#1487));
#1065=EDGE_LOOP('',(#1488,#1489,#1490,#1491));
#1066=EDGE_LOOP('',(#1492,#1493,#1494,#1495));
#1067=EDGE_LOOP('',(#1496,#1497,#1498,#1499));
#1068=EDGE_LOOP('',(#1500,#1501,#1502,#1503));
#1069=EDGE_LOOP('',(#1504,#1505,#1506,#1507));
#1070=EDGE_LOOP('',(#1508,#1509,#1510,#1511));
#1071=EDGE_LOOP('',(#1512,#1513,#1514,#1515));
#1072=EDGE_LOOP('',(#1516,#1517,#1518,#1519));
#1073=EDGE_LOOP('',(#1520,#1521,#1522,#1523));
#1074=EDGE_LOOP('',(#1524,#1525,#1526,#1527));
#1075=EDGE_LOOP('',(#1528,#1529,#1530,#1531));
#1076=EDGE_LOOP('',(#1532,#1533,#1534,#1535));
#1077=EDGE_LOOP('',(#1536,#1537,#1538,#1539,#1540,#1541,#1542,#1543));
#1078=EDGE_LOOP('',(#1544,#1545,#1546,#1547,#1548,#1549,#1550,#1551));
#1079=EDGE_LOOP('',(#1552,#1553,#1554,#1555));
#1080=EDGE_LOOP('',(#1556,#1557,#1558,#1559));
#1081=EDGE_LOOP('',(#1560,#1561,#1562,#1563));
#1082=EDGE_LOOP('',(#1564,#1565,#1566,#1567));
#1083=EDGE_LOOP('',(#1568,#1569,#1570,#1571));
#1084=EDGE_LOOP('',(#1572,#1573,#1574,#1575));
#1085=EDGE_LOOP('',(#1576,#1577,#1578,#1579));
#1086=EDGE_LOOP('',(#1580,#1581,#1582,#1583,#1584,#1585,#1586,#1587));
#1087=EDGE_LOOP('',(#1588,#1589,#1590,#1591,#1592,#1593,#1594,#1595));
#1088=EDGE_LOOP('',(#1596,#1597,#1598,#1599));
#1089=EDGE_LOOP('',(#1600,#1601,#1602,#1603));
#1090=EDGE_LOOP('',(#1604,#1605,#1606,#1607));
#1091=EDGE_LOOP('',(#1608,#1609,#1610,#1611));
#1092=EDGE_LOOP('',(#1612,#1613,#1614,#1615));
#1093=EDGE_LOOP('',(#1616,#1617,#1618,#1619));
#1094=EDGE_LOOP('',(#1620,#1621,#1622,#1623));
#1095=EDGE_LOOP('',(#1624,#1625,#1626,#1627,#1628,#1629,#1630,#1631));
#1096=EDGE_LOOP('',(#1632,#1633,#1634,#1635,#1636,#1637,#1638,#1639));
#1097=EDGE_LOOP('',(#1640,#1641,#1642,#1643));
#1098=EDGE_LOOP('',(#1644,#1645,#1646,#1647));
#1099=EDGE_LOOP('',(#1648,#1649,#1650,#1651));
#1100=EDGE_LOOP('',(#1652,#1653,#1654,#1655));
#1101=EDGE_LOOP('',(#1656,#1657,#1658,#1659));
#1102=EDGE_LOOP('',(#1660,#1661,#1662,#1663));
#1103=EDGE_LOOP('',(#1664,#1665,#1666,#1667));
#1104=EDGE_LOOP('',(#1668,#1669,#1670,#1671,#1672,#1673,#1674,#1675));
#1105=EDGE_LOOP('',(#1676,#1677,#1678,#1679,#1680,#1681,#1682,#1683));
#1106=EDGE_LOOP('',(#1684,#1685,#1686,#1687));
#1107=EDGE_LOOP('',(#1688,#1689,#1690,#1691));
#1108=EDGE_LOOP('',(#1692,#1693,#1694,#1695));
#1109=EDGE_LOOP('',(#1696,#1697,#1698,#1699));
#1110=EDGE_LOOP('',(#1700,#1701,#1702,#1703));
#1111=EDGE_LOOP('',(#1704,#1705,#1706,#1707));
#1112=EDGE_LOOP('',(#1708,#1709,#1710,#1711));
#1113=EDGE_LOOP('',(#1712,#1713,#1714,#1715,#1716,#1717,#1718,#1719));
#1114=EDGE_LOOP('',(#1720,#1721,#1722,#1723,#1724,#1725,#1726,#1727));
#1115=EDGE_LOOP('',(#1728,#1729,#1730,#1731));
#1116=EDGE_LOOP('',(#1732,#1733,#1734,#1735));
#1117=EDGE_LOOP('',(#1736,#1737,#1738,#1739));
#1118=EDGE_LOOP('',(#1740,#1741,#1742,#1743));
#1119=EDGE_LOOP('',(#1744,#1745,#1746,#1747));
#1120=EDGE_LOOP('',(#1748,#1749,#1750,#1751));
#1121=EDGE_LOOP('',(#1752,#1753,#1754,#1755));
#1122=EDGE_LOOP('',(#1756,#1757,#1758,#1759,#1760,#1761,#1762,#1763));
#1123=EDGE_LOOP('',(#1764,#1765,#1766,#1767,#1768,#1769,#1770,#1771));
#1124=EDGE_LOOP('',(#1772,#1773,#1774,#1775));
#1125=EDGE_LOOP('',(#1776,#1777,#1778,#1779));
#1126=EDGE_LOOP('',(#1780,#1781,#1782,#1783));
#1127=EDGE_LOOP('',(#1784,#1785,#1786,#1787));
#1128=EDGE_LOOP('',(#1788,#1789,#1790,#1791));
#1129=EDGE_LOOP('',(#1792,#1793,#1794,#1795));
#1130=EDGE_LOOP('',(#1796,#1797,#1798,#1799));
#1131=EDGE_LOOP('',(#1800,#1801,#1802,#1803,#1804,#1805,#1806,#1807));
#1132=EDGE_LOOP('',(#1808,#1809,#1810,#1811,#1812,#1813,#1814,#1815));
#1133=EDGE_LOOP('',(#1816,#1817,#1818,#1819));
#1134=EDGE_LOOP('',(#1820,#1821,#1822,#1823));
#1135=EDGE_LOOP('',(#1824,#1825,#1826,#1827));
#1136=EDGE_LOOP('',(#1828,#1829,#1830,#1831));
#1137=EDGE_LOOP('',(#1832,#1833,#1834,#1835));
#1138=EDGE_LOOP('',(#1836,#1837,#1838,#1839));
#1139=EDGE_LOOP('',(#1840,#1841,#1842,#1843));
#1140=EDGE_LOOP('',(#1844,#1845,#1846,#1847,#1848,#1849,#1850,#1851));
#1141=EDGE_LOOP('',(#1852,#1853,#1854,#1855,#1856,#1857,#1858,#1859));
#1142=EDGE_LOOP('',(#1860,#1861,#1862,#1863));
#1143=EDGE_LOOP('',(#1864,#1865,#1866,#1867));
#1144=EDGE_LOOP('',(#1868,#1869,#1870,#1871));
#1145=EDGE_LOOP('',(#1872,#1873,#1874,#1875));
#1146=EDGE_LOOP('',(#1876,#1877,#1878,#1879));
#1147=EDGE_LOOP('',(#1880,#1881,#1882,#1883));
#1148=EDGE_LOOP('',(#1884,#1885,#1886,#1887));
#1149=EDGE_LOOP('',(#1888,#1889,#1890,#1891,#1892,#1893,#1894,#1895));
#1150=EDGE_LOOP('',(#1896,#1897,#1898,#1899,#1900,#1901,#1902,#1903));
#1151=EDGE_LOOP('',(#1904,#1905,#1906,#1907));
#1152=EDGE_LOOP('',(#1908,#1909,#1910,#1911));
#1153=EDGE_LOOP('',(#1912,#1913,#1914,#1915));
#1154=EDGE_LOOP('',(#1916,#1917,#1918,#1919));
#1155=EDGE_LOOP('',(#1920,#1921,#1922,#1923));
#1156=EDGE_LOOP('',(#1924,#1925,#1926,#1927));
#1157=EDGE_LOOP('',(#1928,#1929,#1930,#1931));
#1158=EDGE_LOOP('',(#1932,#1933,#1934,#1935,#1936,#1937,#1938,#1939));
#1159=EDGE_LOOP('',(#1940,#1941,#1942,#1943,#1944,#1945,#1946,#1947));
#1160=EDGE_LOOP('',(#1948,#1949,#1950,#1951));
#1161=EDGE_LOOP('',(#1952,#1953,#1954,#1955));
#1162=EDGE_LOOP('',(#1956,#1957,#1958,#1959));
#1163=EDGE_LOOP('',(#1960,#1961,#1962,#1963));
#1164=EDGE_LOOP('',(#1964,#1965,#1966,#1967));
#1165=EDGE_LOOP('',(#1968,#1969,#1970,#1971));
#1166=EDGE_LOOP('',(#1972,#1973,#1974,#1975));
#1167=EDGE_LOOP('',(#1976,#1977,#1978,#1979,#1980,#1981,#1982,#1983));
#1168=EDGE_LOOP('',(#1984,#1985,#1986,#1987,#1988,#1989,#1990,#1991));
#1169=EDGE_LOOP('',(#1992,#1993,#1994,#1995));
#1170=EDGE_LOOP('',(#1996,#1997,#1998,#1999));
#1171=EDGE_LOOP('',(#2000,#2001,#2002,#2003));
#1172=EDGE_LOOP('',(#2004,#2005,#2006,#2007));
#1173=EDGE_LOOP('',(#2008,#2009,#2010,#2011));
#1174=EDGE_LOOP('',(#2012,#2013,#2014,#2015));
#1175=EDGE_LOOP('',(#2016,#2017,#2018,#2019));
#1176=EDGE_LOOP('',(#2020,#2021,#2022,#2023,#2024,#2025,#2026,#2027));
#1177=EDGE_LOOP('',(#2028,#2029,#2030,#2031,#2032,#2033,#2034,#2035));
#1178=EDGE_LOOP('',(#2036,#2037,#2038,#2039));
#1179=EDGE_LOOP('',(#2040,#2041,#2042,#2043));
#1180=EDGE_LOOP('',(#2044,#2045,#2046,#2047));
#1181=EDGE_LOOP('',(#2048,#2049,#2050,#2051));
#1182=EDGE_LOOP('',(#2052,#2053,#2054,#2055));
#1183=EDGE_LOOP('',(#2056,#2057,#2058,#2059));
#1184=EDGE_LOOP('',(#2060,#2061,#2062,#2063));
#1185=EDGE_LOOP('',(#2064,#2065,#2066,#2067,#2068,#2069,#2070,#2071));
#1186=EDGE_LOOP('',(#2072,#2073,#2074,#2075,#2076,#2077,#2078,#2079));
#1187=EDGE_LOOP('',(#2080,#2081,#2082,#2083));
#1188=EDGE_LOOP('',(#2084,#2085,#2086,#2087));
#1189=EDGE_LOOP('',(#2088,#2089,#2090,#2091));
#1190=EDGE_LOOP('',(#2092,#2093,#2094,#2095));
#1191=EDGE_LOOP('',(#2096,#2097,#2098,#2099));
#1192=EDGE_LOOP('',(#2100,#2101,#2102,#2103));
#1193=EDGE_LOOP('',(#2104,#2105,#2106,#2107));
#1194=EDGE_LOOP('',(#2108,#2109,#2110,#2111,#2112,#2113,#2114,#2115));
#1195=EDGE_LOOP('',(#2116,#2117,#2118,#2119,#2120,#2121,#2122,#2123));
#1196=EDGE_LOOP('',(#2124,#2125,#2126,#2127));
#1197=EDGE_LOOP('',(#2128,#2129,#2130,#2131));
#1198=EDGE_LOOP('',(#2132,#2133,#2134,#2135));
#1199=EDGE_LOOP('',(#2136,#2137,#2138,#2139));
#1200=EDGE_LOOP('',(#2140,#2141,#2142,#2143));
#1201=EDGE_LOOP('',(#2144,#2145,#2146,#2147));
#1202=EDGE_LOOP('',(#2148,#2149,#2150,#2151));
#1203=EDGE_LOOP('',(#2152,#2153,#2154,#2155,#2156,#2157,#2158,#2159));
#1204=EDGE_LOOP('',(#2160,#2161,#2162,#2163,#2164,#2165,#2166,#2167));
#1205=EDGE_LOOP('',(#2168,#2169,#2170,#2171));
#1206=EDGE_LOOP('',(#2172,#2173,#2174,#2175));
#1207=EDGE_LOOP('',(#2176,#2177,#2178,#2179));
#1208=EDGE_LOOP('',(#2180,#2181,#2182,#2183));
#1209=EDGE_LOOP('',(#2184,#2185,#2186,#2187));
#1210=EDGE_LOOP('',(#2188,#2189,#2190,#2191));
#1211=EDGE_LOOP('',(#2192,#2193,#2194,#2195));
#1212=EDGE_LOOP('',(#2196,#2197,#2198,#2199,#2200,#2201,#2202,#2203));
#1213=EDGE_LOOP('',(#2204,#2205,#2206,#2207,#2208,#2209,#2210,#2211));
#1214=EDGE_LOOP('',(#2212,#2213,#2214,#2215));
#1215=EDGE_LOOP('',(#2216,#2217,#2218,#2219));
#1216=EDGE_LOOP('',(#2220,#2221,#2222,#2223));
#1217=EDGE_LOOP('',(#2224,#2225,#2226,#2227));
#1218=EDGE_LOOP('',(#2228,#2229,#2230,#2231));
#1219=EDGE_LOOP('',(#2232,#2233,#2234,#2235));
#1220=EDGE_LOOP('',(#2236,#2237,#2238,#2239));
#1221=EDGE_LOOP('',(#2240,#2241,#2242,#2243,#2244,#2245,#2246,#2247));
#1222=EDGE_LOOP('',(#2248,#2249,#2250,#2251,#2252,#2253,#2254,#2255));
#1223=EDGE_LOOP('',(#2256,#2257,#2258,#2259));
#1224=EDGE_LOOP('',(#2260,#2261,#2262,#2263));
#1225=EDGE_LOOP('',(#2264,#2265,#2266,#2267));
#1226=EDGE_LOOP('',(#2268,#2269,#2270,#2271));
#1227=EDGE_LOOP('',(#2272,#2273,#2274,#2275));
#1228=EDGE_LOOP('',(#2276,#2277,#2278,#2279));
#1229=EDGE_LOOP('',(#2280,#2281,#2282,#2283));
#1230=EDGE_LOOP('',(#2284,#2285,#2286,#2287,#2288,#2289,#2290,#2291));
#1231=EDGE_LOOP('',(#2292,#2293,#2294,#2295,#2296,#2297,#2298,#2299));
#1232=EDGE_LOOP('',(#2300,#2301,#2302,#2303));
#1233=EDGE_LOOP('',(#2304,#2305,#2306,#2307));
#1234=EDGE_LOOP('',(#2308,#2309,#2310,#2311));
#1235=EDGE_LOOP('',(#2312,#2313,#2314,#2315));
#1236=EDGE_LOOP('',(#2316,#2317,#2318,#2319));
#1237=EDGE_LOOP('',(#2320,#2321,#2322,#2323));
#1238=EDGE_LOOP('',(#2324,#2325,#2326,#2327));
#1239=EDGE_LOOP('',(#2328,#2329,#2330,#2331,#2332,#2333,#2334,#2335));
#1240=EDGE_LOOP('',(#2336,#2337,#2338,#2339,#2340,#2341,#2342,#2343));
#1241=EDGE_LOOP('',(#2344,#2345,#2346,#2347));
#1242=EDGE_LOOP('',(#2348,#2349,#2350,#2351));
#1243=EDGE_LOOP('',(#2352,#2353,#2354,#2355));
#1244=EDGE_LOOP('',(#2356,#2357,#2358,#2359));
#1245=EDGE_LOOP('',(#2360,#2361,#2362,#2363));
#1246=EDGE_LOOP('',(#2364,#2365,#2366,#2367));
#1247=EDGE_LOOP('',(#2368,#2369,#2370,#2371));
#1248=EDGE_LOOP('',(#2372,#2373,#2374,#2375,#2376,#2377,#2378,#2379));
#1249=EDGE_LOOP('',(#2380,#2381,#2382,#2383,#2384,#2385,#2386,#2387));
#1250=EDGE_LOOP('',(#2388,#2389,#2390,#2391));
#1251=EDGE_LOOP('',(#2392,#2393,#2394,#2395));
#1252=EDGE_LOOP('',(#2396,#2397,#2398,#2399));
#1253=EDGE_LOOP('',(#2400,#2401,#2402,#2403));
#1254=EDGE_LOOP('',(#2404,#2405,#2406,#2407));
#1255=EDGE_LOOP('',(#2408,#2409,#2410,#2411));
#1256=EDGE_LOOP('',(#2412,#2413,#2414,#2415));
#1257=EDGE_LOOP('',(#2416,#2417,#2418,#2419,#2420,#2421,#2422,#2423));
#1258=EDGE_LOOP('',(#2424,#2425,#2426,#2427,#2428,#2429,#2430,#2431));
#1259=EDGE_LOOP('',(#2432,#2433,#2434,#2435));
#1260=EDGE_LOOP('',(#2436,#2437,#2438,#2439));
#1261=EDGE_LOOP('',(#2440,#2441,#2442,#2443));
#1262=EDGE_LOOP('',(#2444,#2445,#2446,#2447));
#1263=EDGE_LOOP('',(#2448,#2449,#2450,#2451));
#1264=EDGE_LOOP('',(#2452,#2453,#2454,#2455));
#1265=EDGE_LOOP('',(#2456,#2457,#2458,#2459));
#1266=EDGE_LOOP('',(#2460,#2461,#2462,#2463,#2464,#2465,#2466,#2467));
#1267=EDGE_LOOP('',(#2468,#2469,#2470,#2471,#2472,#2473,#2474,#2475));
#1268=EDGE_LOOP('',(#2476,#2477,#2478,#2479));
#1269=EDGE_LOOP('',(#2480,#2481,#2482,#2483));
#1270=EDGE_LOOP('',(#2484,#2485,#2486,#2487));
#1271=EDGE_LOOP('',(#2488,#2489,#2490,#2491));
#1272=EDGE_LOOP('',(#2492,#2493,#2494,#2495));
#1273=EDGE_LOOP('',(#2496,#2497,#2498,#2499));
#1274=EDGE_LOOP('',(#2500,#2501,#2502,#2503));
#1275=EDGE_LOOP('',(#2504,#2505,#2506,#2507,#2508,#2509,#2510,#2511));
#1276=EDGE_LOOP('',(#2512,#2513,#2514,#2515,#2516,#2517,#2518,#2519));
#1277=EDGE_LOOP('',(#2520,#2521,#2522,#2523));
#1278=EDGE_LOOP('',(#2524,#2525,#2526,#2527));
#1279=EDGE_LOOP('',(#2528,#2529,#2530,#2531));
#1280=EDGE_LOOP('',(#2532,#2533,#2534,#2535));
#1281=EDGE_LOOP('',(#2536,#2537,#2538,#2539));
#1282=EDGE_LOOP('',(#2540,#2541,#2542,#2543));
#1283=EDGE_LOOP('',(#2544,#2545,#2546,#2547));
#1284=EDGE_LOOP('',(#2548,#2549,#2550,#2551,#2552,#2553,#2554,#2555));
#1285=EDGE_LOOP('',(#2556,#2557,#2558,#2559,#2560,#2561,#2562,#2563));
#1286=EDGE_LOOP('',(#2564,#2565,#2566,#2567));
#1287=EDGE_LOOP('',(#2568,#2569,#2570,#2571));
#1288=EDGE_LOOP('',(#2572,#2573,#2574,#2575));
#1289=EDGE_LOOP('',(#2576,#2577,#2578,#2579));
#1290=EDGE_LOOP('',(#2580,#2581,#2582,#2583));
#1291=EDGE_LOOP('',(#2584,#2585,#2586,#2587));
#1292=EDGE_LOOP('',(#2588,#2589,#2590,#2591));
#1293=EDGE_LOOP('',(#2592,#2593,#2594,#2595,#2596,#2597,#2598,#2599));
#1294=EDGE_LOOP('',(#2600,#2601,#2602,#2603,#2604,#2605,#2606,#2607));
#1295=EDGE_LOOP('',(#2608,#2609,#2610,#2611));
#1296=EDGE_LOOP('',(#2612,#2613,#2614,#2615));
#1297=EDGE_LOOP('',(#2616,#2617,#2618,#2619));
#1298=EDGE_LOOP('',(#2620,#2621,#2622,#2623));
#1299=EDGE_LOOP('',(#2624,#2625,#2626,#2627));
#1300=EDGE_LOOP('',(#2628,#2629,#2630,#2631));
#1301=EDGE_LOOP('',(#2632,#2633,#2634,#2635));
#1302=EDGE_LOOP('',(#2636,#2637,#2638,#2639,#2640,#2641,#2642,#2643));
#1303=EDGE_LOOP('',(#2644,#2645,#2646,#2647,#2648,#2649,#2650,#2651));
#1304=EDGE_LOOP('',(#2652,#2653,#2654,#2655));
#1305=EDGE_LOOP('',(#2656,#2657,#2658,#2659));
#1306=EDGE_LOOP('',(#2660,#2661,#2662,#2663));
#1307=EDGE_LOOP('',(#2664,#2665,#2666,#2667));
#1308=EDGE_LOOP('',(#2668,#2669,#2670,#2671));
#1309=EDGE_LOOP('',(#2672,#2673,#2674,#2675));
#1310=EDGE_LOOP('',(#2676,#2677,#2678,#2679));
#1311=EDGE_LOOP('',(#2680,#2681,#2682,#2683,#2684,#2685,#2686,#2687));
#1312=EDGE_LOOP('',(#2688,#2689,#2690,#2691,#2692,#2693,#2694,#2695));
#1313=EDGE_LOOP('',(#2696,#2697,#2698,#2699));
#1314=EDGE_LOOP('',(#2700,#2701,#2702,#2703));
#1315=EDGE_LOOP('',(#2704,#2705,#2706,#2707));
#1316=EDGE_LOOP('',(#2708,#2709,#2710,#2711));
#1317=EDGE_LOOP('',(#2712,#2713,#2714,#2715));
#1318=EDGE_LOOP('',(#2716,#2717,#2718,#2719));
#1319=EDGE_LOOP('',(#2720,#2721,#2722,#2723));
#1320=EDGE_LOOP('',(#2724,#2725,#2726,#2727,#2728,#2729,#2730,#2731));
#1321=EDGE_LOOP('',(#2732,#2733,#2734,#2735,#2736,#2737,#2738,#2739));
#1322=EDGE_LOOP('',(#2740,#2741,#2742,#2743));
#1323=EDGE_LOOP('',(#2744,#2745,#2746,#2747));
#1324=EDGE_LOOP('',(#2748,#2749,#2750,#2751));
#1325=EDGE_LOOP('',(#2752,#2753,#2754,#2755));
#1326=EDGE_LOOP('',(#2756,#2757,#2758,#2759));
#1327=EDGE_LOOP('',(#2760,#2761,#2762,#2763));
#1328=EDGE_LOOP('',(#2764,#2765,#2766,#2767));
#1329=EDGE_LOOP('',(#2768,#2769,#2770,#2771,#2772,#2773,#2774,#2775));
#1330=EDGE_LOOP('',(#2776,#2777,#2778,#2779,#2780,#2781,#2782,#2783));
#1331=EDGE_LOOP('',(#2784,#2785,#2786,#2787));
#1332=EDGE_LOOP('',(#2788,#2789,#2790,#2791));
#1333=EDGE_LOOP('',(#2792,#2793,#2794,#2795));
#1334=EDGE_LOOP('',(#2796,#2797,#2798,#2799));
#1335=EDGE_LOOP('',(#2800,#2801,#2802,#2803));
#1336=EDGE_LOOP('',(#2804,#2805,#2806,#2807));
#1337=EDGE_LOOP('',(#2808,#2809,#2810,#2811));
#1338=EDGE_LOOP('',(#2812,#2813,#2814,#2815,#2816,#2817,#2818,#2819));
#1339=EDGE_LOOP('',(#2820,#2821,#2822,#2823,#2824,#2825,#2826,#2827));
#1340=ORIENTED_EDGE('',*,*,#3324,.T.);
#1341=ORIENTED_EDGE('',*,*,#3325,.T.);
#1342=ORIENTED_EDGE('',*,*,#3326,.F.);
#1343=ORIENTED_EDGE('',*,*,#3327,.F.);
#1344=ORIENTED_EDGE('',*,*,#3328,.T.);
#1345=ORIENTED_EDGE('',*,*,#3329,.T.);
#1346=ORIENTED_EDGE('',*,*,#3330,.F.);
#1347=ORIENTED_EDGE('',*,*,#3331,.F.);
#1348=ORIENTED_EDGE('',*,*,#3332,.T.);
#1349=ORIENTED_EDGE('',*,*,#3333,.T.);
#1350=ORIENTED_EDGE('',*,*,#3334,.F.);
#1351=ORIENTED_EDGE('',*,*,#3335,.F.);
#1352=ORIENTED_EDGE('',*,*,#3336,.T.);
#1353=ORIENTED_EDGE('',*,*,#3337,.T.);
#1354=ORIENTED_EDGE('',*,*,#3338,.F.);
#1355=ORIENTED_EDGE('',*,*,#3339,.F.);
#1356=ORIENTED_EDGE('',*,*,#3340,.T.);
#1357=ORIENTED_EDGE('',*,*,#3341,.T.);
#1358=ORIENTED_EDGE('',*,*,#3342,.F.);
#1359=ORIENTED_EDGE('',*,*,#3343,.F.);
#1360=ORIENTED_EDGE('',*,*,#3344,.T.);
#1361=ORIENTED_EDGE('',*,*,#3345,.T.);
#1362=ORIENTED_EDGE('',*,*,#3346,.F.);
#1363=ORIENTED_EDGE('',*,*,#3347,.F.);
#1364=ORIENTED_EDGE('',*,*,#3348,.T.);
#1365=ORIENTED_EDGE('',*,*,#3349,.T.);
#1366=ORIENTED_EDGE('',*,*,#3350,.F.);
#1367=ORIENTED_EDGE('',*,*,#3351,.F.);
#1368=ORIENTED_EDGE('',*,*,#3352,.T.);
#1369=ORIENTED_EDGE('',*,*,#3353,.F.);
#1370=ORIENTED_EDGE('',*,*,#3354,.F.);
#1371=ORIENTED_EDGE('',*,*,#3355,.T.);
#1372=ORIENTED_EDGE('',*,*,#3356,.F.);
#1373=ORIENTED_EDGE('',*,*,#3357,.F.);
#1374=ORIENTED_EDGE('',*,*,#3358,.T.);
#1375=ORIENTED_EDGE('',*,*,#3359,.T.);
#1376=ORIENTED_EDGE('',*,*,#3360,.T.);
#1377=ORIENTED_EDGE('',*,*,#3361,.T.);
#1378=ORIENTED_EDGE('',*,*,#3362,.F.);
#1379=ORIENTED_EDGE('',*,*,#3363,.F.);
#1380=ORIENTED_EDGE('',*,*,#3364,.T.);
#1381=ORIENTED_EDGE('',*,*,#3365,.T.);
#1382=ORIENTED_EDGE('',*,*,#3366,.F.);
#1383=ORIENTED_EDGE('',*,*,#3367,.F.);
#1384=ORIENTED_EDGE('',*,*,#3368,.T.);
#1385=ORIENTED_EDGE('',*,*,#3369,.T.);
#1386=ORIENTED_EDGE('',*,*,#3370,.F.);
#1387=ORIENTED_EDGE('',*,*,#3371,.F.);
#1388=ORIENTED_EDGE('',*,*,#3372,.T.);
#1389=ORIENTED_EDGE('',*,*,#3373,.T.);
#1390=ORIENTED_EDGE('',*,*,#3374,.F.);
#1391=ORIENTED_EDGE('',*,*,#3375,.F.);
#1392=ORIENTED_EDGE('',*,*,#3376,.T.);
#1393=ORIENTED_EDGE('',*,*,#3377,.T.);
#1394=ORIENTED_EDGE('',*,*,#3378,.F.);
#1395=ORIENTED_EDGE('',*,*,#3379,.F.);
#1396=ORIENTED_EDGE('',*,*,#3380,.T.);
#1397=ORIENTED_EDGE('',*,*,#3381,.T.);
#1398=ORIENTED_EDGE('',*,*,#3382,.F.);
#1399=ORIENTED_EDGE('',*,*,#3383,.F.);
#1400=ORIENTED_EDGE('',*,*,#3384,.T.);
#1401=ORIENTED_EDGE('',*,*,#3385,.T.);
#1402=ORIENTED_EDGE('',*,*,#3386,.F.);
#1403=ORIENTED_EDGE('',*,*,#3387,.F.);
#1404=ORIENTED_EDGE('',*,*,#3388,.F.);
#1405=ORIENTED_EDGE('',*,*,#3389,.T.);
#1406=ORIENTED_EDGE('',*,*,#3390,.T.);
#1407=ORIENTED_EDGE('',*,*,#3391,.F.);
#1408=ORIENTED_EDGE('',*,*,#3392,.F.);
#1409=ORIENTED_EDGE('',*,*,#3393,.T.);
#1410=ORIENTED_EDGE('',*,*,#3394,.T.);
#1411=ORIENTED_EDGE('',*,*,#3395,.F.);
#1412=ORIENTED_EDGE('',*,*,#3396,.F.);
#1413=ORIENTED_EDGE('',*,*,#3397,.T.);
#1414=ORIENTED_EDGE('',*,*,#3398,.T.);
#1415=ORIENTED_EDGE('',*,*,#3399,.F.);
#1416=ORIENTED_EDGE('',*,*,#3400,.F.);
#1417=ORIENTED_EDGE('',*,*,#3401,.T.);
#1418=ORIENTED_EDGE('',*,*,#3402,.T.);
#1419=ORIENTED_EDGE('',*,*,#3403,.F.);
#1420=ORIENTED_EDGE('',*,*,#3404,.F.);
#1421=ORIENTED_EDGE('',*,*,#3405,.T.);
#1422=ORIENTED_EDGE('',*,*,#3406,.T.);
#1423=ORIENTED_EDGE('',*,*,#3407,.F.);
#1424=ORIENTED_EDGE('',*,*,#3408,.F.);
#1425=ORIENTED_EDGE('',*,*,#3409,.T.);
#1426=ORIENTED_EDGE('',*,*,#3410,.T.);
#1427=ORIENTED_EDGE('',*,*,#3411,.F.);
#1428=ORIENTED_EDGE('',*,*,#3412,.F.);
#1429=ORIENTED_EDGE('',*,*,#3413,.T.);
#1430=ORIENTED_EDGE('',*,*,#3414,.T.);
#1431=ORIENTED_EDGE('',*,*,#3415,.F.);
#1432=ORIENTED_EDGE('',*,*,#3416,.F.);
#1433=ORIENTED_EDGE('',*,*,#3417,.T.);
#1434=ORIENTED_EDGE('',*,*,#3418,.T.);
#1435=ORIENTED_EDGE('',*,*,#3419,.F.);
#1436=ORIENTED_EDGE('',*,*,#3420,.F.);
#1437=ORIENTED_EDGE('',*,*,#3421,.T.);
#1438=ORIENTED_EDGE('',*,*,#3422,.T.);
#1439=ORIENTED_EDGE('',*,*,#3423,.F.);
#1440=ORIENTED_EDGE('',*,*,#3424,.F.);
#1441=ORIENTED_EDGE('',*,*,#3425,.T.);
#1442=ORIENTED_EDGE('',*,*,#3426,.T.);
#1443=ORIENTED_EDGE('',*,*,#3427,.F.);
#1444=ORIENTED_EDGE('',*,*,#3428,.F.);
#1445=ORIENTED_EDGE('',*,*,#3429,.T.);
#1446=ORIENTED_EDGE('',*,*,#3430,.T.);
#1447=ORIENTED_EDGE('',*,*,#3431,.F.);
#1448=ORIENTED_EDGE('',*,*,#3432,.F.);
#1449=ORIENTED_EDGE('',*,*,#3433,.T.);
#1450=ORIENTED_EDGE('',*,*,#3434,.T.);
#1451=ORIENTED_EDGE('',*,*,#3435,.F.);
#1452=ORIENTED_EDGE('',*,*,#3436,.F.);
#1453=ORIENTED_EDGE('',*,*,#3437,.T.);
#1454=ORIENTED_EDGE('',*,*,#3438,.T.);
#1455=ORIENTED_EDGE('',*,*,#3439,.F.);
#1456=ORIENTED_EDGE('',*,*,#3440,.F.);
#1457=ORIENTED_EDGE('',*,*,#3441,.T.);
#1458=ORIENTED_EDGE('',*,*,#3442,.T.);
#1459=ORIENTED_EDGE('',*,*,#3443,.F.);
#1460=ORIENTED_EDGE('',*,*,#3444,.T.);
#1461=ORIENTED_EDGE('',*,*,#3445,.F.);
#1462=ORIENTED_EDGE('',*,*,#3446,.F.);
#1463=ORIENTED_EDGE('',*,*,#3447,.T.);
#1464=ORIENTED_EDGE('',*,*,#3448,.F.);
#1465=ORIENTED_EDGE('',*,*,#3449,.F.);
#1466=ORIENTED_EDGE('',*,*,#3450,.T.);
#1467=ORIENTED_EDGE('',*,*,#3451,.T.);
#1468=ORIENTED_EDGE('',*,*,#3452,.F.);
#1469=ORIENTED_EDGE('',*,*,#3453,.F.);
#1470=ORIENTED_EDGE('',*,*,#3454,.F.);
#1471=ORIENTED_EDGE('',*,*,#3455,.F.);
#1472=ORIENTED_EDGE('',*,*,#3456,.T.);
#1473=ORIENTED_EDGE('',*,*,#3447,.F.);
#1474=ORIENTED_EDGE('',*,*,#3457,.F.);
#1475=ORIENTED_EDGE('',*,*,#3353,.T.);
#1476=ORIENTED_EDGE('',*,*,#3458,.T.);
#1477=ORIENTED_EDGE('',*,*,#3355,.F.);
#1478=ORIENTED_EDGE('',*,*,#3459,.F.);
#1479=ORIENTED_EDGE('',*,*,#3445,.T.);
#1480=ORIENTED_EDGE('',*,*,#3354,.T.);
#1481=ORIENTED_EDGE('',*,*,#3457,.T.);
#1482=ORIENTED_EDGE('',*,*,#3446,.T.);
#1483=ORIENTED_EDGE('',*,*,#3459,.T.);
#1484=ORIENTED_EDGE('',*,*,#3352,.F.);
#1485=ORIENTED_EDGE('',*,*,#3458,.F.);
#1486=ORIENTED_EDGE('',*,*,#3444,.F.);
#1487=ORIENTED_EDGE('',*,*,#3456,.F.);
#1488=ORIENTED_EDGE('',*,*,#3453,.T.);
#1489=ORIENTED_EDGE('',*,*,#3460,.T.);
#1490=ORIENTED_EDGE('',*,*,#3461,.T.);
#1491=ORIENTED_EDGE('',*,*,#3462,.F.);
#1492=ORIENTED_EDGE('',*,*,#3452,.T.);
#1493=ORIENTED_EDGE('',*,*,#3463,.T.);
#1494=ORIENTED_EDGE('',*,*,#3464,.T.);
#1495=ORIENTED_EDGE('',*,*,#3460,.F.);
#1496=ORIENTED_EDGE('',*,*,#3455,.T.);
#1497=ORIENTED_EDGE('',*,*,#3465,.T.);
#1498=ORIENTED_EDGE('',*,*,#3466,.T.);
#1499=ORIENTED_EDGE('',*,*,#3463,.F.);
#1500=ORIENTED_EDGE('',*,*,#3454,.T.);
#1501=ORIENTED_EDGE('',*,*,#3462,.T.);
#1502=ORIENTED_EDGE('',*,*,#3467,.T.);
#1503=ORIENTED_EDGE('',*,*,#3465,.F.);
#1504=ORIENTED_EDGE('',*,*,#3461,.F.);
#1505=ORIENTED_EDGE('',*,*,#3464,.F.);
#1506=ORIENTED_EDGE('',*,*,#3466,.F.);
#1507=ORIENTED_EDGE('',*,*,#3467,.F.);
#1508=ORIENTED_EDGE('',*,*,#3468,.F.);
#1509=ORIENTED_EDGE('',*,*,#3451,.F.);
#1510=ORIENTED_EDGE('',*,*,#3469,.T.);
#1511=ORIENTED_EDGE('',*,*,#3470,.T.);
#1512=ORIENTED_EDGE('',*,*,#3471,.F.);
#1513=ORIENTED_EDGE('',*,*,#3470,.F.);
#1514=ORIENTED_EDGE('',*,*,#3472,.T.);
#1515=ORIENTED_EDGE('',*,*,#3473,.T.);
#1516=ORIENTED_EDGE('',*,*,#3474,.F.);
#1517=ORIENTED_EDGE('',*,*,#3473,.F.);
#1518=ORIENTED_EDGE('',*,*,#3475,.T.);
#1519=ORIENTED_EDGE('',*,*,#3476,.T.);
#1520=ORIENTED_EDGE('',*,*,#3477,.F.);
#1521=ORIENTED_EDGE('',*,*,#3476,.F.);
#1522=ORIENTED_EDGE('',*,*,#3478,.T.);
#1523=ORIENTED_EDGE('',*,*,#3479,.T.);
#1524=ORIENTED_EDGE('',*,*,#3480,.F.);
#1525=ORIENTED_EDGE('',*,*,#3479,.F.);
#1526=ORIENTED_EDGE('',*,*,#3481,.T.);
#1527=ORIENTED_EDGE('',*,*,#3482,.T.);
#1528=ORIENTED_EDGE('',*,*,#3483,.F.);
#1529=ORIENTED_EDGE('',*,*,#3482,.F.);
#1530=ORIENTED_EDGE('',*,*,#3484,.T.);
#1531=ORIENTED_EDGE('',*,*,#3485,.T.);
#1532=ORIENTED_EDGE('',*,*,#3486,.F.);
#1533=ORIENTED_EDGE('',*,*,#3485,.F.);
#1534=ORIENTED_EDGE('',*,*,#3487,.T.);
#1535=ORIENTED_EDGE('',*,*,#3449,.T.);
#1536=ORIENTED_EDGE('',*,*,#3450,.F.);
#1537=ORIENTED_EDGE('',*,*,#3487,.F.);
#1538=ORIENTED_EDGE('',*,*,#3484,.F.);
#1539=ORIENTED_EDGE('',*,*,#3481,.F.);
#1540=ORIENTED_EDGE('',*,*,#3478,.F.);
#1541=ORIENTED_EDGE('',*,*,#3475,.F.);
#1542=ORIENTED_EDGE('',*,*,#3472,.F.);
#1543=ORIENTED_EDGE('',*,*,#3469,.F.);
#1544=ORIENTED_EDGE('',*,*,#3448,.T.);
#1545=ORIENTED_EDGE('',*,*,#3468,.T.);
#1546=ORIENTED_EDGE('',*,*,#3471,.T.);
#1547=ORIENTED_EDGE('',*,*,#3474,.T.);
#1548=ORIENTED_EDGE('',*,*,#3477,.T.);
#1549=ORIENTED_EDGE('',*,*,#3480,.T.);
#1550=ORIENTED_EDGE('',*,*,#3483,.T.);
#1551=ORIENTED_EDGE('',*,*,#3486,.T.);
#1552=ORIENTED_EDGE('',*,*,#3488,.F.);
#1553=ORIENTED_EDGE('',*,*,#3489,.F.);
#1554=ORIENTED_EDGE('',*,*,#3490,.T.);
#1555=ORIENTED_EDGE('',*,*,#3491,.T.);
#1556=ORIENTED_EDGE('',*,*,#3492,.F.);
#1557=ORIENTED_EDGE('',*,*,#3491,.F.);
#1558=ORIENTED_EDGE('',*,*,#3493,.T.);
#1559=ORIENTED_EDGE('',*,*,#3494,.T.);
#1560=ORIENTED_EDGE('',*,*,#3495,.F.);
#1561=ORIENTED_EDGE('',*,*,#3494,.F.);
#1562=ORIENTED_EDGE('',*,*,#3496,.T.);
#1563=ORIENTED_EDGE('',*,*,#3497,.T.);
#1564=ORIENTED_EDGE('',*,*,#3498,.F.);
#1565=ORIENTED_EDGE('',*,*,#3497,.F.);
#1566=ORIENTED_EDGE('',*,*,#3499,.T.);
#1567=ORIENTED_EDGE('',*,*,#3357,.T.);
#1568=ORIENTED_EDGE('',*,*,#3500,.F.);
#1569=ORIENTED_EDGE('',*,*,#3359,.F.);
#1570=ORIENTED_EDGE('',*,*,#3501,.T.);
#1571=ORIENTED_EDGE('',*,*,#3502,.T.);
#1572=ORIENTED_EDGE('',*,*,#3503,.F.);
#1573=ORIENTED_EDGE('',*,*,#3502,.F.);
#1574=ORIENTED_EDGE('',*,*,#3504,.T.);
#1575=ORIENTED_EDGE('',*,*,#3505,.T.);
#1576=ORIENTED_EDGE('',*,*,#3506,.F.);
#1577=ORIENTED_EDGE('',*,*,#3505,.F.);
#1578=ORIENTED_EDGE('',*,*,#3507,.T.);
#1579=ORIENTED_EDGE('',*,*,#3489,.T.);
#1580=ORIENTED_EDGE('',*,*,#3490,.F.);
#1581=ORIENTED_EDGE('',*,*,#3507,.F.);
#1582=ORIENTED_EDGE('',*,*,#3504,.F.);
#1583=ORIENTED_EDGE('',*,*,#3501,.F.);
#1584=ORIENTED_EDGE('',*,*,#3358,.F.);
#1585=ORIENTED_EDGE('',*,*,#3499,.F.);
#1586=ORIENTED_EDGE('',*,*,#3496,.F.);
#1587=ORIENTED_EDGE('',*,*,#3493,.F.);
#1588=ORIENTED_EDGE('',*,*,#3488,.T.);
#1589=ORIENTED_EDGE('',*,*,#3492,.T.);
#1590=ORIENTED_EDGE('',*,*,#3495,.T.);
#1591=ORIENTED_EDGE('',*,*,#3498,.T.);
#1592=ORIENTED_EDGE('',*,*,#3356,.T.);
#1593=ORIENTED_EDGE('',*,*,#3500,.T.);
#1594=ORIENTED_EDGE('',*,*,#3503,.T.);
#1595=ORIENTED_EDGE('',*,*,#3506,.T.);
#1596=ORIENTED_EDGE('',*,*,#3508,.F.);
#1597=ORIENTED_EDGE('',*,*,#3442,.F.);
#1598=ORIENTED_EDGE('',*,*,#3509,.T.);
#1599=ORIENTED_EDGE('',*,*,#3510,.T.);
#1600=ORIENTED_EDGE('',*,*,#3511,.F.);
#1601=ORIENTED_EDGE('',*,*,#3510,.F.);
#1602=ORIENTED_EDGE('',*,*,#3512,.T.);
#1603=ORIENTED_EDGE('',*,*,#3513,.T.);
#1604=ORIENTED_EDGE('',*,*,#3514,.F.);
#1605=ORIENTED_EDGE('',*,*,#3513,.F.);
#1606=ORIENTED_EDGE('',*,*,#3515,.T.);
#1607=ORIENTED_EDGE('',*,*,#3516,.T.);
#1608=ORIENTED_EDGE('',*,*,#3517,.F.);
#1609=ORIENTED_EDGE('',*,*,#3516,.F.);
#1610=ORIENTED_EDGE('',*,*,#3518,.T.);
#1611=ORIENTED_EDGE('',*,*,#3519,.T.);
#1612=ORIENTED_EDGE('',*,*,#3520,.F.);
#1613=ORIENTED_EDGE('',*,*,#3519,.F.);
#1614=ORIENTED_EDGE('',*,*,#3521,.T.);
#1615=ORIENTED_EDGE('',*,*,#3522,.T.);
#1616=ORIENTED_EDGE('',*,*,#3523,.F.);
#1617=ORIENTED_EDGE('',*,*,#3522,.F.);
#1618=ORIENTED_EDGE('',*,*,#3524,.T.);
#1619=ORIENTED_EDGE('',*,*,#3525,.T.);
#1620=ORIENTED_EDGE('',*,*,#3526,.F.);
#1621=ORIENTED_EDGE('',*,*,#3525,.F.);
#1622=ORIENTED_EDGE('',*,*,#3527,.T.);
#1623=ORIENTED_EDGE('',*,*,#3440,.T.);
#1624=ORIENTED_EDGE('',*,*,#3441,.F.);
#1625=ORIENTED_EDGE('',*,*,#3527,.F.);
#1626=ORIENTED_EDGE('',*,*,#3524,.F.);
#1627=ORIENTED_EDGE('',*,*,#3521,.F.);
#1628=ORIENTED_EDGE('',*,*,#3518,.F.);
#1629=ORIENTED_EDGE('',*,*,#3515,.F.);
#1630=ORIENTED_EDGE('',*,*,#3512,.F.);
#1631=ORIENTED_EDGE('',*,*,#3509,.F.);
#1632=ORIENTED_EDGE('',*,*,#3443,.T.);
#1633=ORIENTED_EDGE('',*,*,#3508,.T.);
#1634=ORIENTED_EDGE('',*,*,#3511,.T.);
#1635=ORIENTED_EDGE('',*,*,#3514,.T.);
#1636=ORIENTED_EDGE('',*,*,#3517,.T.);
#1637=ORIENTED_EDGE('',*,*,#3520,.T.);
#1638=ORIENTED_EDGE('',*,*,#3523,.T.);
#1639=ORIENTED_EDGE('',*,*,#3526,.T.);
#1640=ORIENTED_EDGE('',*,*,#3528,.F.);
#1641=ORIENTED_EDGE('',*,*,#3438,.F.);
#1642=ORIENTED_EDGE('',*,*,#3529,.T.);
#1643=ORIENTED_EDGE('',*,*,#3530,.T.);
#1644=ORIENTED_EDGE('',*,*,#3531,.F.);
#1645=ORIENTED_EDGE('',*,*,#3530,.F.);
#1646=ORIENTED_EDGE('',*,*,#3532,.T.);
#1647=ORIENTED_EDGE('',*,*,#3533,.T.);
#1648=ORIENTED_EDGE('',*,*,#3534,.F.);
#1649=ORIENTED_EDGE('',*,*,#3533,.F.);
#1650=ORIENTED_EDGE('',*,*,#3535,.T.);
#1651=ORIENTED_EDGE('',*,*,#3536,.T.);
#1652=ORIENTED_EDGE('',*,*,#3537,.F.);
#1653=ORIENTED_EDGE('',*,*,#3536,.F.);
#1654=ORIENTED_EDGE('',*,*,#3538,.T.);
#1655=ORIENTED_EDGE('',*,*,#3539,.T.);
#1656=ORIENTED_EDGE('',*,*,#3540,.F.);
#1657=ORIENTED_EDGE('',*,*,#3539,.F.);
#1658=ORIENTED_EDGE('',*,*,#3541,.T.);
#1659=ORIENTED_EDGE('',*,*,#3542,.T.);
#1660=ORIENTED_EDGE('',*,*,#3543,.F.);
#1661=ORIENTED_EDGE('',*,*,#3542,.F.);
#1662=ORIENTED_EDGE('',*,*,#3544,.T.);
#1663=ORIENTED_EDGE('',*,*,#3545,.T.);
#1664=ORIENTED_EDGE('',*,*,#3546,.F.);
#1665=ORIENTED_EDGE('',*,*,#3545,.F.);
#1666=ORIENTED_EDGE('',*,*,#3547,.T.);
#1667=ORIENTED_EDGE('',*,*,#3436,.T.);
#1668=ORIENTED_EDGE('',*,*,#3437,.F.);
#1669=ORIENTED_EDGE('',*,*,#3547,.F.);
#1670=ORIENTED_EDGE('',*,*,#3544,.F.);
#1671=ORIENTED_EDGE('',*,*,#3541,.F.);
#1672=ORIENTED_EDGE('',*,*,#3538,.F.);
#1673=ORIENTED_EDGE('',*,*,#3535,.F.);
#1674=ORIENTED_EDGE('',*,*,#3532,.F.);
#1675=ORIENTED_EDGE('',*,*,#3529,.F.);
#1676=ORIENTED_EDGE('',*,*,#3439,.T.);
#1677=ORIENTED_EDGE('',*,*,#3528,.T.);
#1678=ORIENTED_EDGE('',*,*,#3531,.T.);
#1679=ORIENTED_EDGE('',*,*,#3534,.T.);
#1680=ORIENTED_EDGE('',*,*,#3537,.T.);
#1681=ORIENTED_EDGE('',*,*,#3540,.T.);
#1682=ORIENTED_EDGE('',*,*,#3543,.T.);
#1683=ORIENTED_EDGE('',*,*,#3546,.T.);
#1684=ORIENTED_EDGE('',*,*,#3548,.F.);
#1685=ORIENTED_EDGE('',*,*,#3434,.F.);
#1686=ORIENTED_EDGE('',*,*,#3549,.T.);
#1687=ORIENTED_EDGE('',*,*,#3550,.T.);
#1688=ORIENTED_EDGE('',*,*,#3551,.F.);
#1689=ORIENTED_EDGE('',*,*,#3550,.F.);
#1690=ORIENTED_EDGE('',*,*,#3552,.T.);
#1691=ORIENTED_EDGE('',*,*,#3553,.T.);
#1692=ORIENTED_EDGE('',*,*,#3554,.F.);
#1693=ORIENTED_EDGE('',*,*,#3553,.F.);
#1694=ORIENTED_EDGE('',*,*,#3555,.T.);
#1695=ORIENTED_EDGE('',*,*,#3556,.T.);
#1696=ORIENTED_EDGE('',*,*,#3557,.F.);
#1697=ORIENTED_EDGE('',*,*,#3556,.F.);
#1698=ORIENTED_EDGE('',*,*,#3558,.T.);
#1699=ORIENTED_EDGE('',*,*,#3559,.T.);
#1700=ORIENTED_EDGE('',*,*,#3560,.F.);
#1701=ORIENTED_EDGE('',*,*,#3559,.F.);
#1702=ORIENTED_EDGE('',*,*,#3561,.T.);
#1703=ORIENTED_EDGE('',*,*,#3562,.T.);
#1704=ORIENTED_EDGE('',*,*,#3563,.F.);
#1705=ORIENTED_EDGE('',*,*,#3562,.F.);
#1706=ORIENTED_EDGE('',*,*,#3564,.T.);
#1707=ORIENTED_EDGE('',*,*,#3565,.T.);
#1708=ORIENTED_EDGE('',*,*,#3566,.F.);
#1709=ORIENTED_EDGE('',*,*,#3565,.F.);
#1710=ORIENTED_EDGE('',*,*,#3567,.T.);
#1711=ORIENTED_EDGE('',*,*,#3432,.T.);
#1712=ORIENTED_EDGE('',*,*,#3433,.F.);
#1713=ORIENTED_EDGE('',*,*,#3567,.F.);
#1714=ORIENTED_EDGE('',*,*,#3564,.F.);
#1715=ORIENTED_EDGE('',*,*,#3561,.F.);
#1716=ORIENTED_EDGE('',*,*,#3558,.F.);
#1717=ORIENTED_EDGE('',*,*,#3555,.F.);
#1718=ORIENTED_EDGE('',*,*,#3552,.F.);
#1719=ORIENTED_EDGE('',*,*,#3549,.F.);
#1720=ORIENTED_EDGE('',*,*,#3435,.T.);
#1721=ORIENTED_EDGE('',*,*,#3548,.T.);
#1722=ORIENTED_EDGE('',*,*,#3551,.T.);
#1723=ORIENTED_EDGE('',*,*,#3554,.T.);
#1724=ORIENTED_EDGE('',*,*,#3557,.T.);
#1725=ORIENTED_EDGE('',*,*,#3560,.T.);
#1726=ORIENTED_EDGE('',*,*,#3563,.T.);
#1727=ORIENTED_EDGE('',*,*,#3566,.T.);
#1728=ORIENTED_EDGE('',*,*,#3568,.F.);
#1729=ORIENTED_EDGE('',*,*,#3430,.F.);
#1730=ORIENTED_EDGE('',*,*,#3569,.T.);
#1731=ORIENTED_EDGE('',*,*,#3570,.T.);
#1732=ORIENTED_EDGE('',*,*,#3571,.F.);
#1733=ORIENTED_EDGE('',*,*,#3570,.F.);
#1734=ORIENTED_EDGE('',*,*,#3572,.T.);
#1735=ORIENTED_EDGE('',*,*,#3573,.T.);
#1736=ORIENTED_EDGE('',*,*,#3574,.F.);
#1737=ORIENTED_EDGE('',*,*,#3573,.F.);
#1738=ORIENTED_EDGE('',*,*,#3575,.T.);
#1739=ORIENTED_EDGE('',*,*,#3576,.T.);
#1740=ORIENTED_EDGE('',*,*,#3577,.F.);
#1741=ORIENTED_EDGE('',*,*,#3576,.F.);
#1742=ORIENTED_EDGE('',*,*,#3578,.T.);
#1743=ORIENTED_EDGE('',*,*,#3579,.T.);
#1744=ORIENTED_EDGE('',*,*,#3580,.F.);
#1745=ORIENTED_EDGE('',*,*,#3579,.F.);
#1746=ORIENTED_EDGE('',*,*,#3581,.T.);
#1747=ORIENTED_EDGE('',*,*,#3582,.T.);
#1748=ORIENTED_EDGE('',*,*,#3583,.F.);
#1749=ORIENTED_EDGE('',*,*,#3582,.F.);
#1750=ORIENTED_EDGE('',*,*,#3584,.T.);
#1751=ORIENTED_EDGE('',*,*,#3585,.T.);
#1752=ORIENTED_EDGE('',*,*,#3586,.F.);
#1753=ORIENTED_EDGE('',*,*,#3585,.F.);
#1754=ORIENTED_EDGE('',*,*,#3587,.T.);
#1755=ORIENTED_EDGE('',*,*,#3428,.T.);
#1756=ORIENTED_EDGE('',*,*,#3429,.F.);
#1757=ORIENTED_EDGE('',*,*,#3587,.F.);
#1758=ORIENTED_EDGE('',*,*,#3584,.F.);
#1759=ORIENTED_EDGE('',*,*,#3581,.F.);
#1760=ORIENTED_EDGE('',*,*,#3578,.F.);
#1761=ORIENTED_EDGE('',*,*,#3575,.F.);
#1762=ORIENTED_EDGE('',*,*,#3572,.F.);
#1763=ORIENTED_EDGE('',*,*,#3569,.F.);
#1764=ORIENTED_EDGE('',*,*,#3431,.T.);
#1765=ORIENTED_EDGE('',*,*,#3568,.T.);
#1766=ORIENTED_EDGE('',*,*,#3571,.T.);
#1767=ORIENTED_EDGE('',*,*,#3574,.T.);
#1768=ORIENTED_EDGE('',*,*,#3577,.T.);
#1769=ORIENTED_EDGE('',*,*,#3580,.T.);
#1770=ORIENTED_EDGE('',*,*,#3583,.T.);
#1771=ORIENTED_EDGE('',*,*,#3586,.T.);
#1772=ORIENTED_EDGE('',*,*,#3588,.F.);
#1773=ORIENTED_EDGE('',*,*,#3426,.F.);
#1774=ORIENTED_EDGE('',*,*,#3589,.T.);
#1775=ORIENTED_EDGE('',*,*,#3590,.T.);
#1776=ORIENTED_EDGE('',*,*,#3591,.F.);
#1777=ORIENTED_EDGE('',*,*,#3590,.F.);
#1778=ORIENTED_EDGE('',*,*,#3592,.T.);
#1779=ORIENTED_EDGE('',*,*,#3593,.T.);
#1780=ORIENTED_EDGE('',*,*,#3594,.F.);
#1781=ORIENTED_EDGE('',*,*,#3593,.F.);
#1782=ORIENTED_EDGE('',*,*,#3595,.T.);
#1783=ORIENTED_EDGE('',*,*,#3596,.T.);
#1784=ORIENTED_EDGE('',*,*,#3597,.F.);
#1785=ORIENTED_EDGE('',*,*,#3596,.F.);
#1786=ORIENTED_EDGE('',*,*,#3598,.T.);
#1787=ORIENTED_EDGE('',*,*,#3599,.T.);
#1788=ORIENTED_EDGE('',*,*,#3600,.F.);
#1789=ORIENTED_EDGE('',*,*,#3599,.F.);
#1790=ORIENTED_EDGE('',*,*,#3601,.T.);
#1791=ORIENTED_EDGE('',*,*,#3602,.T.);
#1792=ORIENTED_EDGE('',*,*,#3603,.F.);
#1793=ORIENTED_EDGE('',*,*,#3602,.F.);
#1794=ORIENTED_EDGE('',*,*,#3604,.T.);
#1795=ORIENTED_EDGE('',*,*,#3605,.T.);
#1796=ORIENTED_EDGE('',*,*,#3606,.F.);
#1797=ORIENTED_EDGE('',*,*,#3605,.F.);
#1798=ORIENTED_EDGE('',*,*,#3607,.T.);
#1799=ORIENTED_EDGE('',*,*,#3424,.T.);
#1800=ORIENTED_EDGE('',*,*,#3425,.F.);
#1801=ORIENTED_EDGE('',*,*,#3607,.F.);
#1802=ORIENTED_EDGE('',*,*,#3604,.F.);
#1803=ORIENTED_EDGE('',*,*,#3601,.F.);
#1804=ORIENTED_EDGE('',*,*,#3598,.F.);
#1805=ORIENTED_EDGE('',*,*,#3595,.F.);
#1806=ORIENTED_EDGE('',*,*,#3592,.F.);
#1807=ORIENTED_EDGE('',*,*,#3589,.F.);
#1808=ORIENTED_EDGE('',*,*,#3427,.T.);
#1809=ORIENTED_EDGE('',*,*,#3588,.T.);
#1810=ORIENTED_EDGE('',*,*,#3591,.T.);
#1811=ORIENTED_EDGE('',*,*,#3594,.T.);
#1812=ORIENTED_EDGE('',*,*,#3597,.T.);
#1813=ORIENTED_EDGE('',*,*,#3600,.T.);
#1814=ORIENTED_EDGE('',*,*,#3603,.T.);
#1815=ORIENTED_EDGE('',*,*,#3606,.T.);
#1816=ORIENTED_EDGE('',*,*,#3608,.F.);
#1817=ORIENTED_EDGE('',*,*,#3422,.F.);
#1818=ORIENTED_EDGE('',*,*,#3609,.T.);
#1819=ORIENTED_EDGE('',*,*,#3610,.T.);
#1820=ORIENTED_EDGE('',*,*,#3611,.F.);
#1821=ORIENTED_EDGE('',*,*,#3610,.F.);
#1822=ORIENTED_EDGE('',*,*,#3612,.T.);
#1823=ORIENTED_EDGE('',*,*,#3613,.T.);
#1824=ORIENTED_EDGE('',*,*,#3614,.F.);
#1825=ORIENTED_EDGE('',*,*,#3613,.F.);
#1826=ORIENTED_EDGE('',*,*,#3615,.T.);
#1827=ORIENTED_EDGE('',*,*,#3616,.T.);
#1828=ORIENTED_EDGE('',*,*,#3617,.F.);
#1829=ORIENTED_EDGE('',*,*,#3616,.F.);
#1830=ORIENTED_EDGE('',*,*,#3618,.T.);
#1831=ORIENTED_EDGE('',*,*,#3619,.T.);
#1832=ORIENTED_EDGE('',*,*,#3620,.F.);
#1833=ORIENTED_EDGE('',*,*,#3619,.F.);
#1834=ORIENTED_EDGE('',*,*,#3621,.T.);
#1835=ORIENTED_EDGE('',*,*,#3622,.T.);
#1836=ORIENTED_EDGE('',*,*,#3623,.F.);
#1837=ORIENTED_EDGE('',*,*,#3622,.F.);
#1838=ORIENTED_EDGE('',*,*,#3624,.T.);
#1839=ORIENTED_EDGE('',*,*,#3625,.T.);
#1840=ORIENTED_EDGE('',*,*,#3626,.F.);
#1841=ORIENTED_EDGE('',*,*,#3625,.F.);
#1842=ORIENTED_EDGE('',*,*,#3627,.T.);
#1843=ORIENTED_EDGE('',*,*,#3420,.T.);
#1844=ORIENTED_EDGE('',*,*,#3421,.F.);
#1845=ORIENTED_EDGE('',*,*,#3627,.F.);
#1846=ORIENTED_EDGE('',*,*,#3624,.F.);
#1847=ORIENTED_EDGE('',*,*,#3621,.F.);
#1848=ORIENTED_EDGE('',*,*,#3618,.F.);
#1849=ORIENTED_EDGE('',*,*,#3615,.F.);
#1850=ORIENTED_EDGE('',*,*,#3612,.F.);
#1851=ORIENTED_EDGE('',*,*,#3609,.F.);
#1852=ORIENTED_EDGE('',*,*,#3423,.T.);
#1853=ORIENTED_EDGE('',*,*,#3608,.T.);
#1854=ORIENTED_EDGE('',*,*,#3611,.T.);
#1855=ORIENTED_EDGE('',*,*,#3614,.T.);
#1856=ORIENTED_EDGE('',*,*,#3617,.T.);
#1857=ORIENTED_EDGE('',*,*,#3620,.T.);
#1858=ORIENTED_EDGE('',*,*,#3623,.T.);
#1859=ORIENTED_EDGE('',*,*,#3626,.T.);
#1860=ORIENTED_EDGE('',*,*,#3628,.F.);
#1861=ORIENTED_EDGE('',*,*,#3418,.F.);
#1862=ORIENTED_EDGE('',*,*,#3629,.T.);
#1863=ORIENTED_EDGE('',*,*,#3630,.T.);
#1864=ORIENTED_EDGE('',*,*,#3631,.F.);
#1865=ORIENTED_EDGE('',*,*,#3630,.F.);
#1866=ORIENTED_EDGE('',*,*,#3632,.T.);
#1867=ORIENTED_EDGE('',*,*,#3633,.T.);
#1868=ORIENTED_EDGE('',*,*,#3634,.F.);
#1869=ORIENTED_EDGE('',*,*,#3633,.F.);
#1870=ORIENTED_EDGE('',*,*,#3635,.T.);
#1871=ORIENTED_EDGE('',*,*,#3636,.T.);
#1872=ORIENTED_EDGE('',*,*,#3637,.F.);
#1873=ORIENTED_EDGE('',*,*,#3636,.F.);
#1874=ORIENTED_EDGE('',*,*,#3638,.T.);
#1875=ORIENTED_EDGE('',*,*,#3639,.T.);
#1876=ORIENTED_EDGE('',*,*,#3640,.F.);
#1877=ORIENTED_EDGE('',*,*,#3639,.F.);
#1878=ORIENTED_EDGE('',*,*,#3641,.T.);
#1879=ORIENTED_EDGE('',*,*,#3642,.T.);
#1880=ORIENTED_EDGE('',*,*,#3643,.F.);
#1881=ORIENTED_EDGE('',*,*,#3642,.F.);
#1882=ORIENTED_EDGE('',*,*,#3644,.T.);
#1883=ORIENTED_EDGE('',*,*,#3645,.T.);
#1884=ORIENTED_EDGE('',*,*,#3646,.F.);
#1885=ORIENTED_EDGE('',*,*,#3645,.F.);
#1886=ORIENTED_EDGE('',*,*,#3647,.T.);
#1887=ORIENTED_EDGE('',*,*,#3416,.T.);
#1888=ORIENTED_EDGE('',*,*,#3417,.F.);
#1889=ORIENTED_EDGE('',*,*,#3647,.F.);
#1890=ORIENTED_EDGE('',*,*,#3644,.F.);
#1891=ORIENTED_EDGE('',*,*,#3641,.F.);
#1892=ORIENTED_EDGE('',*,*,#3638,.F.);
#1893=ORIENTED_EDGE('',*,*,#3635,.F.);
#1894=ORIENTED_EDGE('',*,*,#3632,.F.);
#1895=ORIENTED_EDGE('',*,*,#3629,.F.);
#1896=ORIENTED_EDGE('',*,*,#3419,.T.);
#1897=ORIENTED_EDGE('',*,*,#3628,.T.);
#1898=ORIENTED_EDGE('',*,*,#3631,.T.);
#1899=ORIENTED_EDGE('',*,*,#3634,.T.);
#1900=ORIENTED_EDGE('',*,*,#3637,.T.);
#1901=ORIENTED_EDGE('',*,*,#3640,.T.);
#1902=ORIENTED_EDGE('',*,*,#3643,.T.);
#1903=ORIENTED_EDGE('',*,*,#3646,.T.);
#1904=ORIENTED_EDGE('',*,*,#3648,.F.);
#1905=ORIENTED_EDGE('',*,*,#3414,.F.);
#1906=ORIENTED_EDGE('',*,*,#3649,.T.);
#1907=ORIENTED_EDGE('',*,*,#3650,.T.);
#1908=ORIENTED_EDGE('',*,*,#3651,.F.);
#1909=ORIENTED_EDGE('',*,*,#3650,.F.);
#1910=ORIENTED_EDGE('',*,*,#3652,.T.);
#1911=ORIENTED_EDGE('',*,*,#3653,.T.);
#1912=ORIENTED_EDGE('',*,*,#3654,.F.);
#1913=ORIENTED_EDGE('',*,*,#3653,.F.);
#1914=ORIENTED_EDGE('',*,*,#3655,.T.);
#1915=ORIENTED_EDGE('',*,*,#3656,.T.);
#1916=ORIENTED_EDGE('',*,*,#3657,.F.);
#1917=ORIENTED_EDGE('',*,*,#3656,.F.);
#1918=ORIENTED_EDGE('',*,*,#3658,.T.);
#1919=ORIENTED_EDGE('',*,*,#3659,.T.);
#1920=ORIENTED_EDGE('',*,*,#3660,.F.);
#1921=ORIENTED_EDGE('',*,*,#3659,.F.);
#1922=ORIENTED_EDGE('',*,*,#3661,.T.);
#1923=ORIENTED_EDGE('',*,*,#3662,.T.);
#1924=ORIENTED_EDGE('',*,*,#3663,.F.);
#1925=ORIENTED_EDGE('',*,*,#3662,.F.);
#1926=ORIENTED_EDGE('',*,*,#3664,.T.);
#1927=ORIENTED_EDGE('',*,*,#3665,.T.);
#1928=ORIENTED_EDGE('',*,*,#3666,.F.);
#1929=ORIENTED_EDGE('',*,*,#3665,.F.);
#1930=ORIENTED_EDGE('',*,*,#3667,.T.);
#1931=ORIENTED_EDGE('',*,*,#3412,.T.);
#1932=ORIENTED_EDGE('',*,*,#3413,.F.);
#1933=ORIENTED_EDGE('',*,*,#3667,.F.);
#1934=ORIENTED_EDGE('',*,*,#3664,.F.);
#1935=ORIENTED_EDGE('',*,*,#3661,.F.);
#1936=ORIENTED_EDGE('',*,*,#3658,.F.);
#1937=ORIENTED_EDGE('',*,*,#3655,.F.);
#1938=ORIENTED_EDGE('',*,*,#3652,.F.);
#1939=ORIENTED_EDGE('',*,*,#3649,.F.);
#1940=ORIENTED_EDGE('',*,*,#3415,.T.);
#1941=ORIENTED_EDGE('',*,*,#3648,.T.);
#1942=ORIENTED_EDGE('',*,*,#3651,.T.);
#1943=ORIENTED_EDGE('',*,*,#3654,.T.);
#1944=ORIENTED_EDGE('',*,*,#3657,.T.);
#1945=ORIENTED_EDGE('',*,*,#3660,.T.);
#1946=ORIENTED_EDGE('',*,*,#3663,.T.);
#1947=ORIENTED_EDGE('',*,*,#3666,.T.);
#1948=ORIENTED_EDGE('',*,*,#3668,.F.);
#1949=ORIENTED_EDGE('',*,*,#3410,.F.);
#1950=ORIENTED_EDGE('',*,*,#3669,.T.);
#1951=ORIENTED_EDGE('',*,*,#3670,.T.);
#1952=ORIENTED_EDGE('',*,*,#3671,.F.);
#1953=ORIENTED_EDGE('',*,*,#3670,.F.);
#1954=ORIENTED_EDGE('',*,*,#3672,.T.);
#1955=ORIENTED_EDGE('',*,*,#3673,.T.);
#1956=ORIENTED_EDGE('',*,*,#3674,.F.);
#1957=ORIENTED_EDGE('',*,*,#3673,.F.);
#1958=ORIENTED_EDGE('',*,*,#3675,.T.);
#1959=ORIENTED_EDGE('',*,*,#3676,.T.);
#1960=ORIENTED_EDGE('',*,*,#3677,.F.);
#1961=ORIENTED_EDGE('',*,*,#3676,.F.);
#1962=ORIENTED_EDGE('',*,*,#3678,.T.);
#1963=ORIENTED_EDGE('',*,*,#3679,.T.);
#1964=ORIENTED_EDGE('',*,*,#3680,.F.);
#1965=ORIENTED_EDGE('',*,*,#3679,.F.);
#1966=ORIENTED_EDGE('',*,*,#3681,.T.);
#1967=ORIENTED_EDGE('',*,*,#3682,.T.);
#1968=ORIENTED_EDGE('',*,*,#3683,.F.);
#1969=ORIENTED_EDGE('',*,*,#3682,.F.);
#1970=ORIENTED_EDGE('',*,*,#3684,.T.);
#1971=ORIENTED_EDGE('',*,*,#3685,.T.);
#1972=ORIENTED_EDGE('',*,*,#3686,.F.);
#1973=ORIENTED_EDGE('',*,*,#3685,.F.);
#1974=ORIENTED_EDGE('',*,*,#3687,.T.);
#1975=ORIENTED_EDGE('',*,*,#3408,.T.);
#1976=ORIENTED_EDGE('',*,*,#3409,.F.);
#1977=ORIENTED_EDGE('',*,*,#3687,.F.);
#1978=ORIENTED_EDGE('',*,*,#3684,.F.);
#1979=ORIENTED_EDGE('',*,*,#3681,.F.);
#1980=ORIENTED_EDGE('',*,*,#3678,.F.);
#1981=ORIENTED_EDGE('',*,*,#3675,.F.);
#1982=ORIENTED_EDGE('',*,*,#3672,.F.);
#1983=ORIENTED_EDGE('',*,*,#3669,.F.);
#1984=ORIENTED_EDGE('',*,*,#3411,.T.);
#1985=ORIENTED_EDGE('',*,*,#3668,.T.);
#1986=ORIENTED_EDGE('',*,*,#3671,.T.);
#1987=ORIENTED_EDGE('',*,*,#3674,.T.);
#1988=ORIENTED_EDGE('',*,*,#3677,.T.);
#1989=ORIENTED_EDGE('',*,*,#3680,.T.);
#1990=ORIENTED_EDGE('',*,*,#3683,.T.);
#1991=ORIENTED_EDGE('',*,*,#3686,.T.);
#1992=ORIENTED_EDGE('',*,*,#3688,.F.);
#1993=ORIENTED_EDGE('',*,*,#3406,.F.);
#1994=ORIENTED_EDGE('',*,*,#3689,.T.);
#1995=ORIENTED_EDGE('',*,*,#3690,.T.);
#1996=ORIENTED_EDGE('',*,*,#3691,.F.);
#1997=ORIENTED_EDGE('',*,*,#3690,.F.);
#1998=ORIENTED_EDGE('',*,*,#3692,.T.);
#1999=ORIENTED_EDGE('',*,*,#3693,.T.);
#2000=ORIENTED_EDGE('',*,*,#3694,.F.);
#2001=ORIENTED_EDGE('',*,*,#3693,.F.);
#2002=ORIENTED_EDGE('',*,*,#3695,.T.);
#2003=ORIENTED_EDGE('',*,*,#3696,.T.);
#2004=ORIENTED_EDGE('',*,*,#3697,.F.);
#2005=ORIENTED_EDGE('',*,*,#3696,.F.);
#2006=ORIENTED_EDGE('',*,*,#3698,.T.);
#2007=ORIENTED_EDGE('',*,*,#3699,.T.);
#2008=ORIENTED_EDGE('',*,*,#3700,.F.);
#2009=ORIENTED_EDGE('',*,*,#3699,.F.);
#2010=ORIENTED_EDGE('',*,*,#3701,.T.);
#2011=ORIENTED_EDGE('',*,*,#3702,.T.);
#2012=ORIENTED_EDGE('',*,*,#3703,.F.);
#2013=ORIENTED_EDGE('',*,*,#3702,.F.);
#2014=ORIENTED_EDGE('',*,*,#3704,.T.);
#2015=ORIENTED_EDGE('',*,*,#3705,.T.);
#2016=ORIENTED_EDGE('',*,*,#3706,.F.);
#2017=ORIENTED_EDGE('',*,*,#3705,.F.);
#2018=ORIENTED_EDGE('',*,*,#3707,.T.);
#2019=ORIENTED_EDGE('',*,*,#3404,.T.);
#2020=ORIENTED_EDGE('',*,*,#3405,.F.);
#2021=ORIENTED_EDGE('',*,*,#3707,.F.);
#2022=ORIENTED_EDGE('',*,*,#3704,.F.);
#2023=ORIENTED_EDGE('',*,*,#3701,.F.);
#2024=ORIENTED_EDGE('',*,*,#3698,.F.);
#2025=ORIENTED_EDGE('',*,*,#3695,.F.);
#2026=ORIENTED_EDGE('',*,*,#3692,.F.);
#2027=ORIENTED_EDGE('',*,*,#3689,.F.);
#2028=ORIENTED_EDGE('',*,*,#3407,.T.);
#2029=ORIENTED_EDGE('',*,*,#3688,.T.);
#2030=ORIENTED_EDGE('',*,*,#3691,.T.);
#2031=ORIENTED_EDGE('',*,*,#3694,.T.);
#2032=ORIENTED_EDGE('',*,*,#3697,.T.);
#2033=ORIENTED_EDGE('',*,*,#3700,.T.);
#2034=ORIENTED_EDGE('',*,*,#3703,.T.);
#2035=ORIENTED_EDGE('',*,*,#3706,.T.);
#2036=ORIENTED_EDGE('',*,*,#3708,.F.);
#2037=ORIENTED_EDGE('',*,*,#3402,.F.);
#2038=ORIENTED_EDGE('',*,*,#3709,.T.);
#2039=ORIENTED_EDGE('',*,*,#3710,.T.);
#2040=ORIENTED_EDGE('',*,*,#3711,.F.);
#2041=ORIENTED_EDGE('',*,*,#3710,.F.);
#2042=ORIENTED_EDGE('',*,*,#3712,.T.);
#2043=ORIENTED_EDGE('',*,*,#3713,.T.);
#2044=ORIENTED_EDGE('',*,*,#3714,.F.);
#2045=ORIENTED_EDGE('',*,*,#3713,.F.);
#2046=ORIENTED_EDGE('',*,*,#3715,.T.);
#2047=ORIENTED_EDGE('',*,*,#3716,.T.);
#2048=ORIENTED_EDGE('',*,*,#3717,.F.);
#2049=ORIENTED_EDGE('',*,*,#3716,.F.);
#2050=ORIENTED_EDGE('',*,*,#3718,.T.);
#2051=ORIENTED_EDGE('',*,*,#3719,.T.);
#2052=ORIENTED_EDGE('',*,*,#3720,.F.);
#2053=ORIENTED_EDGE('',*,*,#3719,.F.);
#2054=ORIENTED_EDGE('',*,*,#3721,.T.);
#2055=ORIENTED_EDGE('',*,*,#3722,.T.);
#2056=ORIENTED_EDGE('',*,*,#3723,.F.);
#2057=ORIENTED_EDGE('',*,*,#3722,.F.);
#2058=ORIENTED_EDGE('',*,*,#3724,.T.);
#2059=ORIENTED_EDGE('',*,*,#3725,.T.);
#2060=ORIENTED_EDGE('',*,*,#3726,.F.);
#2061=ORIENTED_EDGE('',*,*,#3725,.F.);
#2062=ORIENTED_EDGE('',*,*,#3727,.T.);
#2063=ORIENTED_EDGE('',*,*,#3400,.T.);
#2064=ORIENTED_EDGE('',*,*,#3401,.F.);
#2065=ORIENTED_EDGE('',*,*,#3727,.F.);
#2066=ORIENTED_EDGE('',*,*,#3724,.F.);
#2067=ORIENTED_EDGE('',*,*,#3721,.F.);
#2068=ORIENTED_EDGE('',*,*,#3718,.F.);
#2069=ORIENTED_EDGE('',*,*,#3715,.F.);
#2070=ORIENTED_EDGE('',*,*,#3712,.F.);
#2071=ORIENTED_EDGE('',*,*,#3709,.F.);
#2072=ORIENTED_EDGE('',*,*,#3403,.T.);
#2073=ORIENTED_EDGE('',*,*,#3708,.T.);
#2074=ORIENTED_EDGE('',*,*,#3711,.T.);
#2075=ORIENTED_EDGE('',*,*,#3714,.T.);
#2076=ORIENTED_EDGE('',*,*,#3717,.T.);
#2077=ORIENTED_EDGE('',*,*,#3720,.T.);
#2078=ORIENTED_EDGE('',*,*,#3723,.T.);
#2079=ORIENTED_EDGE('',*,*,#3726,.T.);
#2080=ORIENTED_EDGE('',*,*,#3728,.F.);
#2081=ORIENTED_EDGE('',*,*,#3398,.F.);
#2082=ORIENTED_EDGE('',*,*,#3729,.T.);
#2083=ORIENTED_EDGE('',*,*,#3730,.T.);
#2084=ORIENTED_EDGE('',*,*,#3731,.F.);
#2085=ORIENTED_EDGE('',*,*,#3730,.F.);
#2086=ORIENTED_EDGE('',*,*,#3732,.T.);
#2087=ORIENTED_EDGE('',*,*,#3733,.T.);
#2088=ORIENTED_EDGE('',*,*,#3734,.F.);
#2089=ORIENTED_EDGE('',*,*,#3733,.F.);
#2090=ORIENTED_EDGE('',*,*,#3735,.T.);
#2091=ORIENTED_EDGE('',*,*,#3736,.T.);
#2092=ORIENTED_EDGE('',*,*,#3737,.F.);
#2093=ORIENTED_EDGE('',*,*,#3736,.F.);
#2094=ORIENTED_EDGE('',*,*,#3738,.T.);
#2095=ORIENTED_EDGE('',*,*,#3739,.T.);
#2096=ORIENTED_EDGE('',*,*,#3740,.F.);
#2097=ORIENTED_EDGE('',*,*,#3739,.F.);
#2098=ORIENTED_EDGE('',*,*,#3741,.T.);
#2099=ORIENTED_EDGE('',*,*,#3742,.T.);
#2100=ORIENTED_EDGE('',*,*,#3743,.F.);
#2101=ORIENTED_EDGE('',*,*,#3742,.F.);
#2102=ORIENTED_EDGE('',*,*,#3744,.T.);
#2103=ORIENTED_EDGE('',*,*,#3745,.T.);
#2104=ORIENTED_EDGE('',*,*,#3746,.F.);
#2105=ORIENTED_EDGE('',*,*,#3745,.F.);
#2106=ORIENTED_EDGE('',*,*,#3747,.T.);
#2107=ORIENTED_EDGE('',*,*,#3396,.T.);
#2108=ORIENTED_EDGE('',*,*,#3397,.F.);
#2109=ORIENTED_EDGE('',*,*,#3747,.F.);
#2110=ORIENTED_EDGE('',*,*,#3744,.F.);
#2111=ORIENTED_EDGE('',*,*,#3741,.F.);
#2112=ORIENTED_EDGE('',*,*,#3738,.F.);
#2113=ORIENTED_EDGE('',*,*,#3735,.F.);
#2114=ORIENTED_EDGE('',*,*,#3732,.F.);
#2115=ORIENTED_EDGE('',*,*,#3729,.F.);
#2116=ORIENTED_EDGE('',*,*,#3399,.T.);
#2117=ORIENTED_EDGE('',*,*,#3728,.T.);
#2118=ORIENTED_EDGE('',*,*,#3731,.T.);
#2119=ORIENTED_EDGE('',*,*,#3734,.T.);
#2120=ORIENTED_EDGE('',*,*,#3737,.T.);
#2121=ORIENTED_EDGE('',*,*,#3740,.T.);
#2122=ORIENTED_EDGE('',*,*,#3743,.T.);
#2123=ORIENTED_EDGE('',*,*,#3746,.T.);
#2124=ORIENTED_EDGE('',*,*,#3748,.F.);
#2125=ORIENTED_EDGE('',*,*,#3394,.F.);
#2126=ORIENTED_EDGE('',*,*,#3749,.T.);
#2127=ORIENTED_EDGE('',*,*,#3750,.T.);
#2128=ORIENTED_EDGE('',*,*,#3751,.F.);
#2129=ORIENTED_EDGE('',*,*,#3750,.F.);
#2130=ORIENTED_EDGE('',*,*,#3752,.T.);
#2131=ORIENTED_EDGE('',*,*,#3753,.T.);
#2132=ORIENTED_EDGE('',*,*,#3754,.F.);
#2133=ORIENTED_EDGE('',*,*,#3753,.F.);
#2134=ORIENTED_EDGE('',*,*,#3755,.T.);
#2135=ORIENTED_EDGE('',*,*,#3756,.T.);
#2136=ORIENTED_EDGE('',*,*,#3757,.F.);
#2137=ORIENTED_EDGE('',*,*,#3756,.F.);
#2138=ORIENTED_EDGE('',*,*,#3758,.T.);
#2139=ORIENTED_EDGE('',*,*,#3759,.T.);
#2140=ORIENTED_EDGE('',*,*,#3760,.F.);
#2141=ORIENTED_EDGE('',*,*,#3759,.F.);
#2142=ORIENTED_EDGE('',*,*,#3761,.T.);
#2143=ORIENTED_EDGE('',*,*,#3762,.T.);
#2144=ORIENTED_EDGE('',*,*,#3763,.F.);
#2145=ORIENTED_EDGE('',*,*,#3762,.F.);
#2146=ORIENTED_EDGE('',*,*,#3764,.T.);
#2147=ORIENTED_EDGE('',*,*,#3765,.T.);
#2148=ORIENTED_EDGE('',*,*,#3766,.F.);
#2149=ORIENTED_EDGE('',*,*,#3765,.F.);
#2150=ORIENTED_EDGE('',*,*,#3767,.T.);
#2151=ORIENTED_EDGE('',*,*,#3392,.T.);
#2152=ORIENTED_EDGE('',*,*,#3393,.F.);
#2153=ORIENTED_EDGE('',*,*,#3767,.F.);
#2154=ORIENTED_EDGE('',*,*,#3764,.F.);
#2155=ORIENTED_EDGE('',*,*,#3761,.F.);
#2156=ORIENTED_EDGE('',*,*,#3758,.F.);
#2157=ORIENTED_EDGE('',*,*,#3755,.F.);
#2158=ORIENTED_EDGE('',*,*,#3752,.F.);
#2159=ORIENTED_EDGE('',*,*,#3749,.F.);
#2160=ORIENTED_EDGE('',*,*,#3395,.T.);
#2161=ORIENTED_EDGE('',*,*,#3748,.T.);
#2162=ORIENTED_EDGE('',*,*,#3751,.T.);
#2163=ORIENTED_EDGE('',*,*,#3754,.T.);
#2164=ORIENTED_EDGE('',*,*,#3757,.T.);
#2165=ORIENTED_EDGE('',*,*,#3760,.T.);
#2166=ORIENTED_EDGE('',*,*,#3763,.T.);
#2167=ORIENTED_EDGE('',*,*,#3766,.T.);
#2168=ORIENTED_EDGE('',*,*,#3768,.F.);
#2169=ORIENTED_EDGE('',*,*,#3390,.F.);
#2170=ORIENTED_EDGE('',*,*,#3769,.T.);
#2171=ORIENTED_EDGE('',*,*,#3770,.T.);
#2172=ORIENTED_EDGE('',*,*,#3771,.F.);
#2173=ORIENTED_EDGE('',*,*,#3770,.F.);
#2174=ORIENTED_EDGE('',*,*,#3772,.T.);
#2175=ORIENTED_EDGE('',*,*,#3773,.T.);
#2176=ORIENTED_EDGE('',*,*,#3774,.F.);
#2177=ORIENTED_EDGE('',*,*,#3773,.F.);
#2178=ORIENTED_EDGE('',*,*,#3775,.T.);
#2179=ORIENTED_EDGE('',*,*,#3776,.T.);
#2180=ORIENTED_EDGE('',*,*,#3777,.F.);
#2181=ORIENTED_EDGE('',*,*,#3776,.F.);
#2182=ORIENTED_EDGE('',*,*,#3778,.T.);
#2183=ORIENTED_EDGE('',*,*,#3779,.T.);
#2184=ORIENTED_EDGE('',*,*,#3780,.F.);
#2185=ORIENTED_EDGE('',*,*,#3779,.F.);
#2186=ORIENTED_EDGE('',*,*,#3781,.T.);
#2187=ORIENTED_EDGE('',*,*,#3782,.T.);
#2188=ORIENTED_EDGE('',*,*,#3783,.F.);
#2189=ORIENTED_EDGE('',*,*,#3782,.F.);
#2190=ORIENTED_EDGE('',*,*,#3784,.T.);
#2191=ORIENTED_EDGE('',*,*,#3785,.T.);
#2192=ORIENTED_EDGE('',*,*,#3786,.F.);
#2193=ORIENTED_EDGE('',*,*,#3785,.F.);
#2194=ORIENTED_EDGE('',*,*,#3787,.T.);
#2195=ORIENTED_EDGE('',*,*,#3388,.T.);
#2196=ORIENTED_EDGE('',*,*,#3389,.F.);
#2197=ORIENTED_EDGE('',*,*,#3787,.F.);
#2198=ORIENTED_EDGE('',*,*,#3784,.F.);
#2199=ORIENTED_EDGE('',*,*,#3781,.F.);
#2200=ORIENTED_EDGE('',*,*,#3778,.F.);
#2201=ORIENTED_EDGE('',*,*,#3775,.F.);
#2202=ORIENTED_EDGE('',*,*,#3772,.F.);
#2203=ORIENTED_EDGE('',*,*,#3769,.F.);
#2204=ORIENTED_EDGE('',*,*,#3391,.T.);
#2205=ORIENTED_EDGE('',*,*,#3768,.T.);
#2206=ORIENTED_EDGE('',*,*,#3771,.T.);
#2207=ORIENTED_EDGE('',*,*,#3774,.T.);
#2208=ORIENTED_EDGE('',*,*,#3777,.T.);
#2209=ORIENTED_EDGE('',*,*,#3780,.T.);
#2210=ORIENTED_EDGE('',*,*,#3783,.T.);
#2211=ORIENTED_EDGE('',*,*,#3786,.T.);
#2212=ORIENTED_EDGE('',*,*,#3788,.F.);
#2213=ORIENTED_EDGE('',*,*,#3789,.F.);
#2214=ORIENTED_EDGE('',*,*,#3790,.T.);
#2215=ORIENTED_EDGE('',*,*,#3791,.T.);
#2216=ORIENTED_EDGE('',*,*,#3792,.F.);
#2217=ORIENTED_EDGE('',*,*,#3791,.F.);
#2218=ORIENTED_EDGE('',*,*,#3793,.T.);
#2219=ORIENTED_EDGE('',*,*,#3794,.T.);
#2220=ORIENTED_EDGE('',*,*,#3795,.F.);
#2221=ORIENTED_EDGE('',*,*,#3794,.F.);
#2222=ORIENTED_EDGE('',*,*,#3796,.T.);
#2223=ORIENTED_EDGE('',*,*,#3797,.T.);
#2224=ORIENTED_EDGE('',*,*,#3798,.F.);
#2225=ORIENTED_EDGE('',*,*,#3797,.F.);
#2226=ORIENTED_EDGE('',*,*,#3799,.T.);
#2227=ORIENTED_EDGE('',*,*,#3351,.T.);
#2228=ORIENTED_EDGE('',*,*,#3800,.F.);
#2229=ORIENTED_EDGE('',*,*,#3349,.F.);
#2230=ORIENTED_EDGE('',*,*,#3801,.T.);
#2231=ORIENTED_EDGE('',*,*,#3802,.T.);
#2232=ORIENTED_EDGE('',*,*,#3803,.F.);
#2233=ORIENTED_EDGE('',*,*,#3802,.F.);
#2234=ORIENTED_EDGE('',*,*,#3804,.T.);
#2235=ORIENTED_EDGE('',*,*,#3805,.T.);
#2236=ORIENTED_EDGE('',*,*,#3806,.F.);
#2237=ORIENTED_EDGE('',*,*,#3805,.F.);
#2238=ORIENTED_EDGE('',*,*,#3807,.T.);
#2239=ORIENTED_EDGE('',*,*,#3789,.T.);
#2240=ORIENTED_EDGE('',*,*,#3790,.F.);
#2241=ORIENTED_EDGE('',*,*,#3807,.F.);
#2242=ORIENTED_EDGE('',*,*,#3804,.F.);
#2243=ORIENTED_EDGE('',*,*,#3801,.F.);
#2244=ORIENTED_EDGE('',*,*,#3348,.F.);
#2245=ORIENTED_EDGE('',*,*,#3799,.F.);
#2246=ORIENTED_EDGE('',*,*,#3796,.F.);
#2247=ORIENTED_EDGE('',*,*,#3793,.F.);
#2248=ORIENTED_EDGE('',*,*,#3788,.T.);
#2249=ORIENTED_EDGE('',*,*,#3792,.T.);
#2250=ORIENTED_EDGE('',*,*,#3795,.T.);
#2251=ORIENTED_EDGE('',*,*,#3798,.T.);
#2252=ORIENTED_EDGE('',*,*,#3350,.T.);
#2253=ORIENTED_EDGE('',*,*,#3800,.T.);
#2254=ORIENTED_EDGE('',*,*,#3803,.T.);
#2255=ORIENTED_EDGE('',*,*,#3806,.T.);
#2256=ORIENTED_EDGE('',*,*,#3808,.F.);
#2257=ORIENTED_EDGE('',*,*,#3809,.F.);
#2258=ORIENTED_EDGE('',*,*,#3810,.T.);
#2259=ORIENTED_EDGE('',*,*,#3811,.T.);
#2260=ORIENTED_EDGE('',*,*,#3812,.F.);
#2261=ORIENTED_EDGE('',*,*,#3811,.F.);
#2262=ORIENTED_EDGE('',*,*,#3813,.T.);
#2263=ORIENTED_EDGE('',*,*,#3814,.T.);
#2264=ORIENTED_EDGE('',*,*,#3815,.F.);
#2265=ORIENTED_EDGE('',*,*,#3814,.F.);
#2266=ORIENTED_EDGE('',*,*,#3816,.T.);
#2267=ORIENTED_EDGE('',*,*,#3817,.T.);
#2268=ORIENTED_EDGE('',*,*,#3818,.F.);
#2269=ORIENTED_EDGE('',*,*,#3817,.F.);
#2270=ORIENTED_EDGE('',*,*,#3819,.T.);
#2271=ORIENTED_EDGE('',*,*,#3363,.T.);
#2272=ORIENTED_EDGE('',*,*,#3820,.F.);
#2273=ORIENTED_EDGE('',*,*,#3361,.F.);
#2274=ORIENTED_EDGE('',*,*,#3821,.T.);
#2275=ORIENTED_EDGE('',*,*,#3822,.T.);
#2276=ORIENTED_EDGE('',*,*,#3823,.F.);
#2277=ORIENTED_EDGE('',*,*,#3822,.F.);
#2278=ORIENTED_EDGE('',*,*,#3824,.T.);
#2279=ORIENTED_EDGE('',*,*,#3825,.T.);
#2280=ORIENTED_EDGE('',*,*,#3826,.F.);
#2281=ORIENTED_EDGE('',*,*,#3825,.F.);
#2282=ORIENTED_EDGE('',*,*,#3827,.T.);
#2283=ORIENTED_EDGE('',*,*,#3809,.T.);
#2284=ORIENTED_EDGE('',*,*,#3810,.F.);
#2285=ORIENTED_EDGE('',*,*,#3827,.F.);
#2286=ORIENTED_EDGE('',*,*,#3824,.F.);
#2287=ORIENTED_EDGE('',*,*,#3821,.F.);
#2288=ORIENTED_EDGE('',*,*,#3360,.F.);
#2289=ORIENTED_EDGE('',*,*,#3819,.F.);
#2290=ORIENTED_EDGE('',*,*,#3816,.F.);
#2291=ORIENTED_EDGE('',*,*,#3813,.F.);
#2292=ORIENTED_EDGE('',*,*,#3808,.T.);
#2293=ORIENTED_EDGE('',*,*,#3812,.T.);
#2294=ORIENTED_EDGE('',*,*,#3815,.T.);
#2295=ORIENTED_EDGE('',*,*,#3818,.T.);
#2296=ORIENTED_EDGE('',*,*,#3362,.T.);
#2297=ORIENTED_EDGE('',*,*,#3820,.T.);
#2298=ORIENTED_EDGE('',*,*,#3823,.T.);
#2299=ORIENTED_EDGE('',*,*,#3826,.T.);
#2300=ORIENTED_EDGE('',*,*,#3828,.F.);
#2301=ORIENTED_EDGE('',*,*,#3829,.F.);
#2302=ORIENTED_EDGE('',*,*,#3830,.T.);
#2303=ORIENTED_EDGE('',*,*,#3831,.T.);
#2304=ORIENTED_EDGE('',*,*,#3832,.F.);
#2305=ORIENTED_EDGE('',*,*,#3831,.F.);
#2306=ORIENTED_EDGE('',*,*,#3833,.T.);
#2307=ORIENTED_EDGE('',*,*,#3834,.T.);
#2308=ORIENTED_EDGE('',*,*,#3835,.F.);
#2309=ORIENTED_EDGE('',*,*,#3834,.F.);
#2310=ORIENTED_EDGE('',*,*,#3836,.T.);
#2311=ORIENTED_EDGE('',*,*,#3837,.T.);
#2312=ORIENTED_EDGE('',*,*,#3838,.F.);
#2313=ORIENTED_EDGE('',*,*,#3837,.F.);
#2314=ORIENTED_EDGE('',*,*,#3839,.T.);
#2315=ORIENTED_EDGE('',*,*,#3347,.T.);
#2316=ORIENTED_EDGE('',*,*,#3840,.F.);
#2317=ORIENTED_EDGE('',*,*,#3345,.F.);
#2318=ORIENTED_EDGE('',*,*,#3841,.T.);
#2319=ORIENTED_EDGE('',*,*,#3842,.T.);
#2320=ORIENTED_EDGE('',*,*,#3843,.F.);
#2321=ORIENTED_EDGE('',*,*,#3842,.F.);
#2322=ORIENTED_EDGE('',*,*,#3844,.T.);
#2323=ORIENTED_EDGE('',*,*,#3845,.T.);
#2324=ORIENTED_EDGE('',*,*,#3846,.F.);
#2325=ORIENTED_EDGE('',*,*,#3845,.F.);
#2326=ORIENTED_EDGE('',*,*,#3847,.T.);
#2327=ORIENTED_EDGE('',*,*,#3829,.T.);
#2328=ORIENTED_EDGE('',*,*,#3830,.F.);
#2329=ORIENTED_EDGE('',*,*,#3847,.F.);
#2330=ORIENTED_EDGE('',*,*,#3844,.F.);
#2331=ORIENTED_EDGE('',*,*,#3841,.F.);
#2332=ORIENTED_EDGE('',*,*,#3344,.F.);
#2333=ORIENTED_EDGE('',*,*,#3839,.F.);
#2334=ORIENTED_EDGE('',*,*,#3836,.F.);
#2335=ORIENTED_EDGE('',*,*,#3833,.F.);
#2336=ORIENTED_EDGE('',*,*,#3828,.T.);
#2337=ORIENTED_EDGE('',*,*,#3832,.T.);
#2338=ORIENTED_EDGE('',*,*,#3835,.T.);
#2339=ORIENTED_EDGE('',*,*,#3838,.T.);
#2340=ORIENTED_EDGE('',*,*,#3346,.T.);
#2341=ORIENTED_EDGE('',*,*,#3840,.T.);
#2342=ORIENTED_EDGE('',*,*,#3843,.T.);
#2343=ORIENTED_EDGE('',*,*,#3846,.T.);
#2344=ORIENTED_EDGE('',*,*,#3848,.F.);
#2345=ORIENTED_EDGE('',*,*,#3849,.F.);
#2346=ORIENTED_EDGE('',*,*,#3850,.T.);
#2347=ORIENTED_EDGE('',*,*,#3851,.T.);
#2348=ORIENTED_EDGE('',*,*,#3852,.F.);
#2349=ORIENTED_EDGE('',*,*,#3851,.F.);
#2350=ORIENTED_EDGE('',*,*,#3853,.T.);
#2351=ORIENTED_EDGE('',*,*,#3854,.T.);
#2352=ORIENTED_EDGE('',*,*,#3855,.F.);
#2353=ORIENTED_EDGE('',*,*,#3854,.F.);
#2354=ORIENTED_EDGE('',*,*,#3856,.T.);
#2355=ORIENTED_EDGE('',*,*,#3857,.T.);
#2356=ORIENTED_EDGE('',*,*,#3858,.F.);
#2357=ORIENTED_EDGE('',*,*,#3857,.F.);
#2358=ORIENTED_EDGE('',*,*,#3859,.T.);
#2359=ORIENTED_EDGE('',*,*,#3367,.T.);
#2360=ORIENTED_EDGE('',*,*,#3860,.F.);
#2361=ORIENTED_EDGE('',*,*,#3365,.F.);
#2362=ORIENTED_EDGE('',*,*,#3861,.T.);
#2363=ORIENTED_EDGE('',*,*,#3862,.T.);
#2364=ORIENTED_EDGE('',*,*,#3863,.F.);
#2365=ORIENTED_EDGE('',*,*,#3862,.F.);
#2366=ORIENTED_EDGE('',*,*,#3864,.T.);
#2367=ORIENTED_EDGE('',*,*,#3865,.T.);
#2368=ORIENTED_EDGE('',*,*,#3866,.F.);
#2369=ORIENTED_EDGE('',*,*,#3865,.F.);
#2370=ORIENTED_EDGE('',*,*,#3867,.T.);
#2371=ORIENTED_EDGE('',*,*,#3849,.T.);
#2372=ORIENTED_EDGE('',*,*,#3850,.F.);
#2373=ORIENTED_EDGE('',*,*,#3867,.F.);
#2374=ORIENTED_EDGE('',*,*,#3864,.F.);
#2375=ORIENTED_EDGE('',*,*,#3861,.F.);
#2376=ORIENTED_EDGE('',*,*,#3364,.F.);
#2377=ORIENTED_EDGE('',*,*,#3859,.F.);
#2378=ORIENTED_EDGE('',*,*,#3856,.F.);
#2379=ORIENTED_EDGE('',*,*,#3853,.F.);
#2380=ORIENTED_EDGE('',*,*,#3848,.T.);
#2381=ORIENTED_EDGE('',*,*,#3852,.T.);
#2382=ORIENTED_EDGE('',*,*,#3855,.T.);
#2383=ORIENTED_EDGE('',*,*,#3858,.T.);
#2384=ORIENTED_EDGE('',*,*,#3366,.T.);
#2385=ORIENTED_EDGE('',*,*,#3860,.T.);
#2386=ORIENTED_EDGE('',*,*,#3863,.T.);
#2387=ORIENTED_EDGE('',*,*,#3866,.T.);
#2388=ORIENTED_EDGE('',*,*,#3868,.F.);
#2389=ORIENTED_EDGE('',*,*,#3869,.F.);
#2390=ORIENTED_EDGE('',*,*,#3870,.T.);
#2391=ORIENTED_EDGE('',*,*,#3871,.T.);
#2392=ORIENTED_EDGE('',*,*,#3872,.F.);
#2393=ORIENTED_EDGE('',*,*,#3871,.F.);
#2394=ORIENTED_EDGE('',*,*,#3873,.T.);
#2395=ORIENTED_EDGE('',*,*,#3874,.T.);
#2396=ORIENTED_EDGE('',*,*,#3875,.F.);
#2397=ORIENTED_EDGE('',*,*,#3874,.F.);
#2398=ORIENTED_EDGE('',*,*,#3876,.T.);
#2399=ORIENTED_EDGE('',*,*,#3877,.T.);
#2400=ORIENTED_EDGE('',*,*,#3878,.F.);
#2401=ORIENTED_EDGE('',*,*,#3877,.F.);
#2402=ORIENTED_EDGE('',*,*,#3879,.T.);
#2403=ORIENTED_EDGE('',*,*,#3343,.T.);
#2404=ORIENTED_EDGE('',*,*,#3880,.F.);
#2405=ORIENTED_EDGE('',*,*,#3341,.F.);
#2406=ORIENTED_EDGE('',*,*,#3881,.T.);
#2407=ORIENTED_EDGE('',*,*,#3882,.T.);
#2408=ORIENTED_EDGE('',*,*,#3883,.F.);
#2409=ORIENTED_EDGE('',*,*,#3882,.F.);
#2410=ORIENTED_EDGE('',*,*,#3884,.T.);
#2411=ORIENTED_EDGE('',*,*,#3885,.T.);
#2412=ORIENTED_EDGE('',*,*,#3886,.F.);
#2413=ORIENTED_EDGE('',*,*,#3885,.F.);
#2414=ORIENTED_EDGE('',*,*,#3887,.T.);
#2415=ORIENTED_EDGE('',*,*,#3869,.T.);
#2416=ORIENTED_EDGE('',*,*,#3870,.F.);
#2417=ORIENTED_EDGE('',*,*,#3887,.F.);
#2418=ORIENTED_EDGE('',*,*,#3884,.F.);
#2419=ORIENTED_EDGE('',*,*,#3881,.F.);
#2420=ORIENTED_EDGE('',*,*,#3340,.F.);
#2421=ORIENTED_EDGE('',*,*,#3879,.F.);
#2422=ORIENTED_EDGE('',*,*,#3876,.F.);
#2423=ORIENTED_EDGE('',*,*,#3873,.F.);
#2424=ORIENTED_EDGE('',*,*,#3868,.T.);
#2425=ORIENTED_EDGE('',*,*,#3872,.T.);
#2426=ORIENTED_EDGE('',*,*,#3875,.T.);
#2427=ORIENTED_EDGE('',*,*,#3878,.T.);
#2428=ORIENTED_EDGE('',*,*,#3342,.T.);
#2429=ORIENTED_EDGE('',*,*,#3880,.T.);
#2430=ORIENTED_EDGE('',*,*,#3883,.T.);
#2431=ORIENTED_EDGE('',*,*,#3886,.T.);
#2432=ORIENTED_EDGE('',*,*,#3888,.F.);
#2433=ORIENTED_EDGE('',*,*,#3889,.F.);
#2434=ORIENTED_EDGE('',*,*,#3890,.T.);
#2435=ORIENTED_EDGE('',*,*,#3891,.T.);
#2436=ORIENTED_EDGE('',*,*,#3892,.F.);
#2437=ORIENTED_EDGE('',*,*,#3891,.F.);
#2438=ORIENTED_EDGE('',*,*,#3893,.T.);
#2439=ORIENTED_EDGE('',*,*,#3894,.T.);
#2440=ORIENTED_EDGE('',*,*,#3895,.F.);
#2441=ORIENTED_EDGE('',*,*,#3894,.F.);
#2442=ORIENTED_EDGE('',*,*,#3896,.T.);
#2443=ORIENTED_EDGE('',*,*,#3897,.T.);
#2444=ORIENTED_EDGE('',*,*,#3898,.F.);
#2445=ORIENTED_EDGE('',*,*,#3897,.F.);
#2446=ORIENTED_EDGE('',*,*,#3899,.T.);
#2447=ORIENTED_EDGE('',*,*,#3371,.T.);
#2448=ORIENTED_EDGE('',*,*,#3900,.F.);
#2449=ORIENTED_EDGE('',*,*,#3369,.F.);
#2450=ORIENTED_EDGE('',*,*,#3901,.T.);
#2451=ORIENTED_EDGE('',*,*,#3902,.T.);
#2452=ORIENTED_EDGE('',*,*,#3903,.F.);
#2453=ORIENTED_EDGE('',*,*,#3902,.F.);
#2454=ORIENTED_EDGE('',*,*,#3904,.T.);
#2455=ORIENTED_EDGE('',*,*,#3905,.T.);
#2456=ORIENTED_EDGE('',*,*,#3906,.F.);
#2457=ORIENTED_EDGE('',*,*,#3905,.F.);
#2458=ORIENTED_EDGE('',*,*,#3907,.T.);
#2459=ORIENTED_EDGE('',*,*,#3889,.T.);
#2460=ORIENTED_EDGE('',*,*,#3890,.F.);
#2461=ORIENTED_EDGE('',*,*,#3907,.F.);
#2462=ORIENTED_EDGE('',*,*,#3904,.F.);
#2463=ORIENTED_EDGE('',*,*,#3901,.F.);
#2464=ORIENTED_EDGE('',*,*,#3368,.F.);
#2465=ORIENTED_EDGE('',*,*,#3899,.F.);
#2466=ORIENTED_EDGE('',*,*,#3896,.F.);
#2467=ORIENTED_EDGE('',*,*,#3893,.F.);
#2468=ORIENTED_EDGE('',*,*,#3888,.T.);
#2469=ORIENTED_EDGE('',*,*,#3892,.T.);
#2470=ORIENTED_EDGE('',*,*,#3895,.T.);
#2471=ORIENTED_EDGE('',*,*,#3898,.T.);
#2472=ORIENTED_EDGE('',*,*,#3370,.T.);
#2473=ORIENTED_EDGE('',*,*,#3900,.T.);
#2474=ORIENTED_EDGE('',*,*,#3903,.T.);
#2475=ORIENTED_EDGE('',*,*,#3906,.T.);
#2476=ORIENTED_EDGE('',*,*,#3908,.F.);
#2477=ORIENTED_EDGE('',*,*,#3909,.F.);
#2478=ORIENTED_EDGE('',*,*,#3910,.T.);
#2479=ORIENTED_EDGE('',*,*,#3911,.T.);
#2480=ORIENTED_EDGE('',*,*,#3912,.F.);
#2481=ORIENTED_EDGE('',*,*,#3911,.F.);
#2482=ORIENTED_EDGE('',*,*,#3913,.T.);
#2483=ORIENTED_EDGE('',*,*,#3914,.T.);
#2484=ORIENTED_EDGE('',*,*,#3915,.F.);
#2485=ORIENTED_EDGE('',*,*,#3914,.F.);
#2486=ORIENTED_EDGE('',*,*,#3916,.T.);
#2487=ORIENTED_EDGE('',*,*,#3917,.T.);
#2488=ORIENTED_EDGE('',*,*,#3918,.F.);
#2489=ORIENTED_EDGE('',*,*,#3917,.F.);
#2490=ORIENTED_EDGE('',*,*,#3919,.T.);
#2491=ORIENTED_EDGE('',*,*,#3339,.T.);
#2492=ORIENTED_EDGE('',*,*,#3920,.F.);
#2493=ORIENTED_EDGE('',*,*,#3337,.F.);
#2494=ORIENTED_EDGE('',*,*,#3921,.T.);
#2495=ORIENTED_EDGE('',*,*,#3922,.T.);
#2496=ORIENTED_EDGE('',*,*,#3923,.F.);
#2497=ORIENTED_EDGE('',*,*,#3922,.F.);
#2498=ORIENTED_EDGE('',*,*,#3924,.T.);
#2499=ORIENTED_EDGE('',*,*,#3925,.T.);
#2500=ORIENTED_EDGE('',*,*,#3926,.F.);
#2501=ORIENTED_EDGE('',*,*,#3925,.F.);
#2502=ORIENTED_EDGE('',*,*,#3927,.T.);
#2503=ORIENTED_EDGE('',*,*,#3909,.T.);
#2504=ORIENTED_EDGE('',*,*,#3910,.F.);
#2505=ORIENTED_EDGE('',*,*,#3927,.F.);
#2506=ORIENTED_EDGE('',*,*,#3924,.F.);
#2507=ORIENTED_EDGE('',*,*,#3921,.F.);
#2508=ORIENTED_EDGE('',*,*,#3336,.F.);
#2509=ORIENTED_EDGE('',*,*,#3919,.F.);
#2510=ORIENTED_EDGE('',*,*,#3916,.F.);
#2511=ORIENTED_EDGE('',*,*,#3913,.F.);
#2512=ORIENTED_EDGE('',*,*,#3908,.T.);
#2513=ORIENTED_EDGE('',*,*,#3912,.T.);
#2514=ORIENTED_EDGE('',*,*,#3915,.T.);
#2515=ORIENTED_EDGE('',*,*,#3918,.T.);
#2516=ORIENTED_EDGE('',*,*,#3338,.T.);
#2517=ORIENTED_EDGE('',*,*,#3920,.T.);
#2518=ORIENTED_EDGE('',*,*,#3923,.T.);
#2519=ORIENTED_EDGE('',*,*,#3926,.T.);
#2520=ORIENTED_EDGE('',*,*,#3928,.F.);
#2521=ORIENTED_EDGE('',*,*,#3929,.F.);
#2522=ORIENTED_EDGE('',*,*,#3930,.T.);
#2523=ORIENTED_EDGE('',*,*,#3931,.T.);
#2524=ORIENTED_EDGE('',*,*,#3932,.F.);
#2525=ORIENTED_EDGE('',*,*,#3931,.F.);
#2526=ORIENTED_EDGE('',*,*,#3933,.T.);
#2527=ORIENTED_EDGE('',*,*,#3934,.T.);
#2528=ORIENTED_EDGE('',*,*,#3935,.F.);
#2529=ORIENTED_EDGE('',*,*,#3934,.F.);
#2530=ORIENTED_EDGE('',*,*,#3936,.T.);
#2531=ORIENTED_EDGE('',*,*,#3937,.T.);
#2532=ORIENTED_EDGE('',*,*,#3938,.F.);
#2533=ORIENTED_EDGE('',*,*,#3937,.F.);
#2534=ORIENTED_EDGE('',*,*,#3939,.T.);
#2535=ORIENTED_EDGE('',*,*,#3375,.T.);
#2536=ORIENTED_EDGE('',*,*,#3940,.F.);
#2537=ORIENTED_EDGE('',*,*,#3373,.F.);
#2538=ORIENTED_EDGE('',*,*,#3941,.T.);
#2539=ORIENTED_EDGE('',*,*,#3942,.T.);
#2540=ORIENTED_EDGE('',*,*,#3943,.F.);
#2541=ORIENTED_EDGE('',*,*,#3942,.F.);
#2542=ORIENTED_EDGE('',*,*,#3944,.T.);
#2543=ORIENTED_EDGE('',*,*,#3945,.T.);
#2544=ORIENTED_EDGE('',*,*,#3946,.F.);
#2545=ORIENTED_EDGE('',*,*,#3945,.F.);
#2546=ORIENTED_EDGE('',*,*,#3947,.T.);
#2547=ORIENTED_EDGE('',*,*,#3929,.T.);
#2548=ORIENTED_EDGE('',*,*,#3930,.F.);
#2549=ORIENTED_EDGE('',*,*,#3947,.F.);
#2550=ORIENTED_EDGE('',*,*,#3944,.F.);
#2551=ORIENTED_EDGE('',*,*,#3941,.F.);
#2552=ORIENTED_EDGE('',*,*,#3372,.F.);
#2553=ORIENTED_EDGE('',*,*,#3939,.F.);
#2554=ORIENTED_EDGE('',*,*,#3936,.F.);
#2555=ORIENTED_EDGE('',*,*,#3933,.F.);
#2556=ORIENTED_EDGE('',*,*,#3928,.T.);
#2557=ORIENTED_EDGE('',*,*,#3932,.T.);
#2558=ORIENTED_EDGE('',*,*,#3935,.T.);
#2559=ORIENTED_EDGE('',*,*,#3938,.T.);
#2560=ORIENTED_EDGE('',*,*,#3374,.T.);
#2561=ORIENTED_EDGE('',*,*,#3940,.T.);
#2562=ORIENTED_EDGE('',*,*,#3943,.T.);
#2563=ORIENTED_EDGE('',*,*,#3946,.T.);
#2564=ORIENTED_EDGE('',*,*,#3948,.F.);
#2565=ORIENTED_EDGE('',*,*,#3949,.F.);
#2566=ORIENTED_EDGE('',*,*,#3950,.T.);
#2567=ORIENTED_EDGE('',*,*,#3951,.T.);
#2568=ORIENTED_EDGE('',*,*,#3952,.F.);
#2569=ORIENTED_EDGE('',*,*,#3951,.F.);
#2570=ORIENTED_EDGE('',*,*,#3953,.T.);
#2571=ORIENTED_EDGE('',*,*,#3954,.T.);
#2572=ORIENTED_EDGE('',*,*,#3955,.F.);
#2573=ORIENTED_EDGE('',*,*,#3954,.F.);
#2574=ORIENTED_EDGE('',*,*,#3956,.T.);
#2575=ORIENTED_EDGE('',*,*,#3957,.T.);
#2576=ORIENTED_EDGE('',*,*,#3958,.F.);
#2577=ORIENTED_EDGE('',*,*,#3957,.F.);
#2578=ORIENTED_EDGE('',*,*,#3959,.T.);
#2579=ORIENTED_EDGE('',*,*,#3335,.T.);
#2580=ORIENTED_EDGE('',*,*,#3960,.F.);
#2581=ORIENTED_EDGE('',*,*,#3333,.F.);
#2582=ORIENTED_EDGE('',*,*,#3961,.T.);
#2583=ORIENTED_EDGE('',*,*,#3962,.T.);
#2584=ORIENTED_EDGE('',*,*,#3963,.F.);
#2585=ORIENTED_EDGE('',*,*,#3962,.F.);
#2586=ORIENTED_EDGE('',*,*,#3964,.T.);
#2587=ORIENTED_EDGE('',*,*,#3965,.T.);
#2588=ORIENTED_EDGE('',*,*,#3966,.F.);
#2589=ORIENTED_EDGE('',*,*,#3965,.F.);
#2590=ORIENTED_EDGE('',*,*,#3967,.T.);
#2591=ORIENTED_EDGE('',*,*,#3949,.T.);
#2592=ORIENTED_EDGE('',*,*,#3950,.F.);
#2593=ORIENTED_EDGE('',*,*,#3967,.F.);
#2594=ORIENTED_EDGE('',*,*,#3964,.F.);
#2595=ORIENTED_EDGE('',*,*,#3961,.F.);
#2596=ORIENTED_EDGE('',*,*,#3332,.F.);
#2597=ORIENTED_EDGE('',*,*,#3959,.F.);
#2598=ORIENTED_EDGE('',*,*,#3956,.F.);
#2599=ORIENTED_EDGE('',*,*,#3953,.F.);
#2600=ORIENTED_EDGE('',*,*,#3948,.T.);
#2601=ORIENTED_EDGE('',*,*,#3952,.T.);
#2602=ORIENTED_EDGE('',*,*,#3955,.T.);
#2603=ORIENTED_EDGE('',*,*,#3958,.T.);
#2604=ORIENTED_EDGE('',*,*,#3334,.T.);
#2605=ORIENTED_EDGE('',*,*,#3960,.T.);
#2606=ORIENTED_EDGE('',*,*,#3963,.T.);
#2607=ORIENTED_EDGE('',*,*,#3966,.T.);
#2608=ORIENTED_EDGE('',*,*,#3968,.F.);
#2609=ORIENTED_EDGE('',*,*,#3969,.F.);
#2610=ORIENTED_EDGE('',*,*,#3970,.T.);
#2611=ORIENTED_EDGE('',*,*,#3971,.T.);
#2612=ORIENTED_EDGE('',*,*,#3972,.F.);
#2613=ORIENTED_EDGE('',*,*,#3971,.F.);
#2614=ORIENTED_EDGE('',*,*,#3973,.T.);
#2615=ORIENTED_EDGE('',*,*,#3974,.T.);
#2616=ORIENTED_EDGE('',*,*,#3975,.F.);
#2617=ORIENTED_EDGE('',*,*,#3974,.F.);
#2618=ORIENTED_EDGE('',*,*,#3976,.T.);
#2619=ORIENTED_EDGE('',*,*,#3977,.T.);
#2620=ORIENTED_EDGE('',*,*,#3978,.F.);
#2621=ORIENTED_EDGE('',*,*,#3977,.F.);
#2622=ORIENTED_EDGE('',*,*,#3979,.T.);
#2623=ORIENTED_EDGE('',*,*,#3379,.T.);
#2624=ORIENTED_EDGE('',*,*,#3980,.F.);
#2625=ORIENTED_EDGE('',*,*,#3377,.F.);
#2626=ORIENTED_EDGE('',*,*,#3981,.T.);
#2627=ORIENTED_EDGE('',*,*,#3982,.T.);
#2628=ORIENTED_EDGE('',*,*,#3983,.F.);
#2629=ORIENTED_EDGE('',*,*,#3982,.F.);
#2630=ORIENTED_EDGE('',*,*,#3984,.T.);
#2631=ORIENTED_EDGE('',*,*,#3985,.T.);
#2632=ORIENTED_EDGE('',*,*,#3986,.F.);
#2633=ORIENTED_EDGE('',*,*,#3985,.F.);
#2634=ORIENTED_EDGE('',*,*,#3987,.T.);
#2635=ORIENTED_EDGE('',*,*,#3969,.T.);
#2636=ORIENTED_EDGE('',*,*,#3970,.F.);
#2637=ORIENTED_EDGE('',*,*,#3987,.F.);
#2638=ORIENTED_EDGE('',*,*,#3984,.F.);
#2639=ORIENTED_EDGE('',*,*,#3981,.F.);
#2640=ORIENTED_EDGE('',*,*,#3376,.F.);
#2641=ORIENTED_EDGE('',*,*,#3979,.F.);
#2642=ORIENTED_EDGE('',*,*,#3976,.F.);
#2643=ORIENTED_EDGE('',*,*,#3973,.F.);
#2644=ORIENTED_EDGE('',*,*,#3968,.T.);
#2645=ORIENTED_EDGE('',*,*,#3972,.T.);
#2646=ORIENTED_EDGE('',*,*,#3975,.T.);
#2647=ORIENTED_EDGE('',*,*,#3978,.T.);
#2648=ORIENTED_EDGE('',*,*,#3378,.T.);
#2649=ORIENTED_EDGE('',*,*,#3980,.T.);
#2650=ORIENTED_EDGE('',*,*,#3983,.T.);
#2651=ORIENTED_EDGE('',*,*,#3986,.T.);
#2652=ORIENTED_EDGE('',*,*,#3988,.F.);
#2653=ORIENTED_EDGE('',*,*,#3989,.F.);
#2654=ORIENTED_EDGE('',*,*,#3990,.T.);
#2655=ORIENTED_EDGE('',*,*,#3991,.T.);
#2656=ORIENTED_EDGE('',*,*,#3992,.F.);
#2657=ORIENTED_EDGE('',*,*,#3991,.F.);
#2658=ORIENTED_EDGE('',*,*,#3993,.T.);
#2659=ORIENTED_EDGE('',*,*,#3994,.T.);
#2660=ORIENTED_EDGE('',*,*,#3995,.F.);
#2661=ORIENTED_EDGE('',*,*,#3994,.F.);
#2662=ORIENTED_EDGE('',*,*,#3996,.T.);
#2663=ORIENTED_EDGE('',*,*,#3997,.T.);
#2664=ORIENTED_EDGE('',*,*,#3998,.F.);
#2665=ORIENTED_EDGE('',*,*,#3997,.F.);
#2666=ORIENTED_EDGE('',*,*,#3999,.T.);
#2667=ORIENTED_EDGE('',*,*,#3331,.T.);
#2668=ORIENTED_EDGE('',*,*,#4000,.F.);
#2669=ORIENTED_EDGE('',*,*,#3329,.F.);
#2670=ORIENTED_EDGE('',*,*,#4001,.T.);
#2671=ORIENTED_EDGE('',*,*,#4002,.T.);
#2672=ORIENTED_EDGE('',*,*,#4003,.F.);
#2673=ORIENTED_EDGE('',*,*,#4002,.F.);
#2674=ORIENTED_EDGE('',*,*,#4004,.T.);
#2675=ORIENTED_EDGE('',*,*,#4005,.T.);
#2676=ORIENTED_EDGE('',*,*,#4006,.F.);
#2677=ORIENTED_EDGE('',*,*,#4005,.F.);
#2678=ORIENTED_EDGE('',*,*,#4007,.T.);
#2679=ORIENTED_EDGE('',*,*,#3989,.T.);
#2680=ORIENTED_EDGE('',*,*,#3990,.F.);
#2681=ORIENTED_EDGE('',*,*,#4007,.F.);
#2682=ORIENTED_EDGE('',*,*,#4004,.F.);
#2683=ORIENTED_EDGE('',*,*,#4001,.F.);
#2684=ORIENTED_EDGE('',*,*,#3328,.F.);
#2685=ORIENTED_EDGE('',*,*,#3999,.F.);
#2686=ORIENTED_EDGE('',*,*,#3996,.F.);
#2687=ORIENTED_EDGE('',*,*,#3993,.F.);
#2688=ORIENTED_EDGE('',*,*,#3988,.T.);
#2689=ORIENTED_EDGE('',*,*,#3992,.T.);
#2690=ORIENTED_EDGE('',*,*,#3995,.T.);
#2691=ORIENTED_EDGE('',*,*,#3998,.T.);
#2692=ORIENTED_EDGE('',*,*,#3330,.T.);
#2693=ORIENTED_EDGE('',*,*,#4000,.T.);
#2694=ORIENTED_EDGE('',*,*,#4003,.T.);
#2695=ORIENTED_EDGE('',*,*,#4006,.T.);
#2696=ORIENTED_EDGE('',*,*,#4008,.F.);
#2697=ORIENTED_EDGE('',*,*,#4009,.F.);
#2698=ORIENTED_EDGE('',*,*,#4010,.T.);
#2699=ORIENTED_EDGE('',*,*,#4011,.T.);
#2700=ORIENTED_EDGE('',*,*,#4012,.F.);
#2701=ORIENTED_EDGE('',*,*,#4011,.F.);
#2702=ORIENTED_EDGE('',*,*,#4013,.T.);
#2703=ORIENTED_EDGE('',*,*,#4014,.T.);
#2704=ORIENTED_EDGE('',*,*,#4015,.F.);
#2705=ORIENTED_EDGE('',*,*,#4014,.F.);
#2706=ORIENTED_EDGE('',*,*,#4016,.T.);
#2707=ORIENTED_EDGE('',*,*,#4017,.T.);
#2708=ORIENTED_EDGE('',*,*,#4018,.F.);
#2709=ORIENTED_EDGE('',*,*,#4017,.F.);
#2710=ORIENTED_EDGE('',*,*,#4019,.T.);
#2711=ORIENTED_EDGE('',*,*,#3383,.T.);
#2712=ORIENTED_EDGE('',*,*,#4020,.F.);
#2713=ORIENTED_EDGE('',*,*,#3381,.F.);
#2714=ORIENTED_EDGE('',*,*,#4021,.T.);
#2715=ORIENTED_EDGE('',*,*,#4022,.T.);
#2716=ORIENTED_EDGE('',*,*,#4023,.F.);
#2717=ORIENTED_EDGE('',*,*,#4022,.F.);
#2718=ORIENTED_EDGE('',*,*,#4024,.T.);
#2719=ORIENTED_EDGE('',*,*,#4025,.T.);
#2720=ORIENTED_EDGE('',*,*,#4026,.F.);
#2721=ORIENTED_EDGE('',*,*,#4025,.F.);
#2722=ORIENTED_EDGE('',*,*,#4027,.T.);
#2723=ORIENTED_EDGE('',*,*,#4009,.T.);
#2724=ORIENTED_EDGE('',*,*,#4010,.F.);
#2725=ORIENTED_EDGE('',*,*,#4027,.F.);
#2726=ORIENTED_EDGE('',*,*,#4024,.F.);
#2727=ORIENTED_EDGE('',*,*,#4021,.F.);
#2728=ORIENTED_EDGE('',*,*,#3380,.F.);
#2729=ORIENTED_EDGE('',*,*,#4019,.F.);
#2730=ORIENTED_EDGE('',*,*,#4016,.F.);
#2731=ORIENTED_EDGE('',*,*,#4013,.F.);
#2732=ORIENTED_EDGE('',*,*,#4008,.T.);
#2733=ORIENTED_EDGE('',*,*,#4012,.T.);
#2734=ORIENTED_EDGE('',*,*,#4015,.T.);
#2735=ORIENTED_EDGE('',*,*,#4018,.T.);
#2736=ORIENTED_EDGE('',*,*,#3382,.T.);
#2737=ORIENTED_EDGE('',*,*,#4020,.T.);
#2738=ORIENTED_EDGE('',*,*,#4023,.T.);
#2739=ORIENTED_EDGE('',*,*,#4026,.T.);
#2740=ORIENTED_EDGE('',*,*,#4028,.F.);
#2741=ORIENTED_EDGE('',*,*,#4029,.F.);
#2742=ORIENTED_EDGE('',*,*,#4030,.T.);
#2743=ORIENTED_EDGE('',*,*,#4031,.T.);
#2744=ORIENTED_EDGE('',*,*,#4032,.F.);
#2745=ORIENTED_EDGE('',*,*,#4031,.F.);
#2746=ORIENTED_EDGE('',*,*,#4033,.T.);
#2747=ORIENTED_EDGE('',*,*,#4034,.T.);
#2748=ORIENTED_EDGE('',*,*,#4035,.F.);
#2749=ORIENTED_EDGE('',*,*,#4034,.F.);
#2750=ORIENTED_EDGE('',*,*,#4036,.T.);
#2751=ORIENTED_EDGE('',*,*,#4037,.T.);
#2752=ORIENTED_EDGE('',*,*,#4038,.F.);
#2753=ORIENTED_EDGE('',*,*,#4037,.F.);
#2754=ORIENTED_EDGE('',*,*,#4039,.T.);
#2755=ORIENTED_EDGE('',*,*,#3327,.T.);
#2756=ORIENTED_EDGE('',*,*,#4040,.F.);
#2757=ORIENTED_EDGE('',*,*,#3325,.F.);
#2758=ORIENTED_EDGE('',*,*,#4041,.T.);
#2759=ORIENTED_EDGE('',*,*,#4042,.T.);
#2760=ORIENTED_EDGE('',*,*,#4043,.F.);
#2761=ORIENTED_EDGE('',*,*,#4042,.F.);
#2762=ORIENTED_EDGE('',*,*,#4044,.T.);
#2763=ORIENTED_EDGE('',*,*,#4045,.T.);
#2764=ORIENTED_EDGE('',*,*,#4046,.F.);
#2765=ORIENTED_EDGE('',*,*,#4045,.F.);
#2766=ORIENTED_EDGE('',*,*,#4047,.T.);
#2767=ORIENTED_EDGE('',*,*,#4029,.T.);
#2768=ORIENTED_EDGE('',*,*,#4030,.F.);
#2769=ORIENTED_EDGE('',*,*,#4047,.F.);
#2770=ORIENTED_EDGE('',*,*,#4044,.F.);
#2771=ORIENTED_EDGE('',*,*,#4041,.F.);
#2772=ORIENTED_EDGE('',*,*,#3324,.F.);
#2773=ORIENTED_EDGE('',*,*,#4039,.F.);
#2774=ORIENTED_EDGE('',*,*,#4036,.F.);
#2775=ORIENTED_EDGE('',*,*,#4033,.F.);
#2776=ORIENTED_EDGE('',*,*,#4028,.T.);
#2777=ORIENTED_EDGE('',*,*,#4032,.T.);
#2778=ORIENTED_EDGE('',*,*,#4035,.T.);
#2779=ORIENTED_EDGE('',*,*,#4038,.T.);
#2780=ORIENTED_EDGE('',*,*,#3326,.T.);
#2781=ORIENTED_EDGE('',*,*,#4040,.T.);
#2782=ORIENTED_EDGE('',*,*,#4043,.T.);
#2783=ORIENTED_EDGE('',*,*,#4046,.T.);
#2784=ORIENTED_EDGE('',*,*,#4048,.F.);
#2785=ORIENTED_EDGE('',*,*,#4049,.F.);
#2786=ORIENTED_EDGE('',*,*,#4050,.T.);
#2787=ORIENTED_EDGE('',*,*,#4051,.T.);
#2788=ORIENTED_EDGE('',*,*,#4052,.F.);
#2789=ORIENTED_EDGE('',*,*,#4051,.F.);
#2790=ORIENTED_EDGE('',*,*,#4053,.T.);
#2791=ORIENTED_EDGE('',*,*,#4054,.T.);
#2792=ORIENTED_EDGE('',*,*,#4055,.F.);
#2793=ORIENTED_EDGE('',*,*,#4054,.F.);
#2794=ORIENTED_EDGE('',*,*,#4056,.T.);
#2795=ORIENTED_EDGE('',*,*,#4057,.T.);
#2796=ORIENTED_EDGE('',*,*,#4058,.F.);
#2797=ORIENTED_EDGE('',*,*,#4057,.F.);
#2798=ORIENTED_EDGE('',*,*,#4059,.T.);
#2799=ORIENTED_EDGE('',*,*,#3387,.T.);
#2800=ORIENTED_EDGE('',*,*,#4060,.F.);
#2801=ORIENTED_EDGE('',*,*,#3385,.F.);
#2802=ORIENTED_EDGE('',*,*,#4061,.T.);
#2803=ORIENTED_EDGE('',*,*,#4062,.T.);
#2804=ORIENTED_EDGE('',*,*,#4063,.F.);
#2805=ORIENTED_EDGE('',*,*,#4062,.F.);
#2806=ORIENTED_EDGE('',*,*,#4064,.T.);
#2807=ORIENTED_EDGE('',*,*,#4065,.T.);
#2808=ORIENTED_EDGE('',*,*,#4066,.F.);
#2809=ORIENTED_EDGE('',*,*,#4065,.F.);
#2810=ORIENTED_EDGE('',*,*,#4067,.T.);
#2811=ORIENTED_EDGE('',*,*,#4049,.T.);
#2812=ORIENTED_EDGE('',*,*,#4050,.F.);
#2813=ORIENTED_EDGE('',*,*,#4067,.F.);
#2814=ORIENTED_EDGE('',*,*,#4064,.F.);
#2815=ORIENTED_EDGE('',*,*,#4061,.F.);
#2816=ORIENTED_EDGE('',*,*,#3384,.F.);
#2817=ORIENTED_EDGE('',*,*,#4059,.F.);
#2818=ORIENTED_EDGE('',*,*,#4056,.F.);
#2819=ORIENTED_EDGE('',*,*,#4053,.F.);
#2820=ORIENTED_EDGE('',*,*,#4048,.T.);
#2821=ORIENTED_EDGE('',*,*,#4052,.T.);
#2822=ORIENTED_EDGE('',*,*,#4055,.T.);
#2823=ORIENTED_EDGE('',*,*,#4058,.T.);
#2824=ORIENTED_EDGE('',*,*,#3386,.T.);
#2825=ORIENTED_EDGE('',*,*,#4060,.T.);
#2826=ORIENTED_EDGE('',*,*,#4063,.T.);
#2827=ORIENTED_EDGE('',*,*,#4066,.T.);
#2828=VERTEX_POINT('',#7148);
#2829=VERTEX_POINT('',#7149);
#2830=VERTEX_POINT('',#7151);
#2831=VERTEX_POINT('',#7153);
#2832=VERTEX_POINT('',#7156);
#2833=VERTEX_POINT('',#7157);
#2834=VERTEX_POINT('',#7159);
#2835=VERTEX_POINT('',#7161);
#2836=VERTEX_POINT('',#7164);
#2837=VERTEX_POINT('',#7165);
#2838=VERTEX_POINT('',#7167);
#2839=VERTEX_POINT('',#7169);
#2840=VERTEX_POINT('',#7172);
#2841=VERTEX_POINT('',#7173);
#2842=VERTEX_POINT('',#7175);
#2843=VERTEX_POINT('',#7177);
#2844=VERTEX_POINT('',#7180);
#2845=VERTEX_POINT('',#7181);
#2846=VERTEX_POINT('',#7183);
#2847=VERTEX_POINT('',#7185);
#2848=VERTEX_POINT('',#7188);
#2849=VERTEX_POINT('',#7189);
#2850=VERTEX_POINT('',#7191);
#2851=VERTEX_POINT('',#7193);
#2852=VERTEX_POINT('',#7196);
#2853=VERTEX_POINT('',#7197);
#2854=VERTEX_POINT('',#7199);
#2855=VERTEX_POINT('',#7201);
#2856=VERTEX_POINT('',#7204);
#2857=VERTEX_POINT('',#7205);
#2858=VERTEX_POINT('',#7207);
#2859=VERTEX_POINT('',#7209);
#2860=VERTEX_POINT('',#7212);
#2861=VERTEX_POINT('',#7213);
#2862=VERTEX_POINT('',#7215);
#2863=VERTEX_POINT('',#7217);
#2864=VERTEX_POINT('',#7220);
#2865=VERTEX_POINT('',#7221);
#2866=VERTEX_POINT('',#7223);
#2867=VERTEX_POINT('',#7225);
#2868=VERTEX_POINT('',#7228);
#2869=VERTEX_POINT('',#7229);
#2870=VERTEX_POINT('',#7231);
#2871=VERTEX_POINT('',#7233);
#2872=VERTEX_POINT('',#7236);
#2873=VERTEX_POINT('',#7237);
#2874=VERTEX_POINT('',#7239);
#2875=VERTEX_POINT('',#7241);
#2876=VERTEX_POINT('',#7244);
#2877=VERTEX_POINT('',#7245);
#2878=VERTEX_POINT('',#7247);
#2879=VERTEX_POINT('',#7249);
#2880=VERTEX_POINT('',#7252);
#2881=VERTEX_POINT('',#7253);
#2882=VERTEX_POINT('',#7255);
#2883=VERTEX_POINT('',#7257);
#2884=VERTEX_POINT('',#7260);
#2885=VERTEX_POINT('',#7261);
#2886=VERTEX_POINT('',#7263);
#2887=VERTEX_POINT('',#7265);
#2888=VERTEX_POINT('',#7268);
#2889=VERTEX_POINT('',#7269);
#2890=VERTEX_POINT('',#7271);
#2891=VERTEX_POINT('',#7273);
#2892=VERTEX_POINT('',#7277);
#2893=VERTEX_POINT('',#7278);
#2894=VERTEX_POINT('',#7280);
#2895=VERTEX_POINT('',#7282);
#2896=VERTEX_POINT('',#7285);
#2897=VERTEX_POINT('',#7286);
#2898=VERTEX_POINT('',#7288);
#2899=VERTEX_POINT('',#7290);
#2900=VERTEX_POINT('',#7293);
#2901=VERTEX_POINT('',#7294);
#2902=VERTEX_POINT('',#7296);
#2903=VERTEX_POINT('',#7298);
#2904=VERTEX_POINT('',#7301);
#2905=VERTEX_POINT('',#7302);
#2906=VERTEX_POINT('',#7304);
#2907=VERTEX_POINT('',#7306);
#2908=VERTEX_POINT('',#7309);
#2909=VERTEX_POINT('',#7310);
#2910=VERTEX_POINT('',#7312);
#2911=VERTEX_POINT('',#7314);
#2912=VERTEX_POINT('',#7317);
#2913=VERTEX_POINT('',#7318);
#2914=VERTEX_POINT('',#7320);
#2915=VERTEX_POINT('',#7322);
#2916=VERTEX_POINT('',#7325);
#2917=VERTEX_POINT('',#7326);
#2918=VERTEX_POINT('',#7328);
#2919=VERTEX_POINT('',#7330);
#2920=VERTEX_POINT('',#7333);
#2921=VERTEX_POINT('',#7334);
#2922=VERTEX_POINT('',#7336);
#2923=VERTEX_POINT('',#7338);
#2924=VERTEX_POINT('',#7341);
#2925=VERTEX_POINT('',#7342);
#2926=VERTEX_POINT('',#7344);
#2927=VERTEX_POINT('',#7346);
#2928=VERTEX_POINT('',#7349);
#2929=VERTEX_POINT('',#7350);
#2930=VERTEX_POINT('',#7352);
#2931=VERTEX_POINT('',#7354);
#2932=VERTEX_POINT('',#7357);
#2933=VERTEX_POINT('',#7358);
#2934=VERTEX_POINT('',#7360);
#2935=VERTEX_POINT('',#7362);
#2936=VERTEX_POINT('',#7365);
#2937=VERTEX_POINT('',#7366);
#2938=VERTEX_POINT('',#7368);
#2939=VERTEX_POINT('',#7370);
#2940=VERTEX_POINT('',#7373);
#2941=VERTEX_POINT('',#7374);
#2942=VERTEX_POINT('',#7376);
#2943=VERTEX_POINT('',#7378);
#2944=VERTEX_POINT('',#7381);
#2945=VERTEX_POINT('',#7382);
#2946=VERTEX_POINT('',#7384);
#2947=VERTEX_POINT('',#7386);
#2948=VERTEX_POINT('',#7389);
#2949=VERTEX_POINT('',#7390);
#2950=VERTEX_POINT('',#7392);
#2951=VERTEX_POINT('',#7394);
#2952=VERTEX_POINT('',#7397);
#2953=VERTEX_POINT('',#7398);
#2954=VERTEX_POINT('',#7400);
#2955=VERTEX_POINT('',#7402);
#2956=VERTEX_POINT('',#7406);
#2957=VERTEX_POINT('',#7407);
#2958=VERTEX_POINT('',#7409);
#2959=VERTEX_POINT('',#7411);
#2960=VERTEX_POINT('',#7422);
#2961=VERTEX_POINT('',#7424);
#2962=VERTEX_POINT('',#7428);
#2963=VERTEX_POINT('',#7432);
#2964=VERTEX_POINT('',#7439);
#2965=VERTEX_POINT('',#7441);
#2966=VERTEX_POINT('',#7445);
#2967=VERTEX_POINT('',#7447);
#2968=VERTEX_POINT('',#7451);
#2969=VERTEX_POINT('',#7453);
#2970=VERTEX_POINT('',#7457);
#2971=VERTEX_POINT('',#7459);
#2972=VERTEX_POINT('',#7463);
#2973=VERTEX_POINT('',#7465);
#2974=VERTEX_POINT('',#7469);
#2975=VERTEX_POINT('',#7471);
#2976=VERTEX_POINT('',#7480);
#2977=VERTEX_POINT('',#7481);
#2978=VERTEX_POINT('',#7483);
#2979=VERTEX_POINT('',#7485);
#2980=VERTEX_POINT('',#7489);
#2981=VERTEX_POINT('',#7491);
#2982=VERTEX_POINT('',#7495);
#2983=VERTEX_POINT('',#7497);
#2984=VERTEX_POINT('',#7504);
#2985=VERTEX_POINT('',#7506);
#2986=VERTEX_POINT('',#7510);
#2987=VERTEX_POINT('',#7512);
#2988=VERTEX_POINT('',#7521);
#2989=VERTEX_POINT('',#7523);
#2990=VERTEX_POINT('',#7527);
#2991=VERTEX_POINT('',#7529);
#2992=VERTEX_POINT('',#7533);
#2993=VERTEX_POINT('',#7535);
#2994=VERTEX_POINT('',#7539);
#2995=VERTEX_POINT('',#7541);
#2996=VERTEX_POINT('',#7545);
#2997=VERTEX_POINT('',#7547);
#2998=VERTEX_POINT('',#7551);
#2999=VERTEX_POINT('',#7553);
#3000=VERTEX_POINT('',#7562);
#3001=VERTEX_POINT('',#7564);
#3002=VERTEX_POINT('',#7568);
#3003=VERTEX_POINT('',#7570);
#3004=VERTEX_POINT('',#7574);
#3005=VERTEX_POINT('',#7576);
#3006=VERTEX_POINT('',#7580);
#3007=VERTEX_POINT('',#7582);
#3008=VERTEX_POINT('',#7586);
#3009=VERTEX_POINT('',#7588);
#3010=VERTEX_POINT('',#7592);
#3011=VERTEX_POINT('',#7594);
#3012=VERTEX_POINT('',#7603);
#3013=VERTEX_POINT('',#7605);
#3014=VERTEX_POINT('',#7609);
#3015=VERTEX_POINT('',#7611);
#3016=VERTEX_POINT('',#7615);
#3017=VERTEX_POINT('',#7617);
#3018=VERTEX_POINT('',#7621);
#3019=VERTEX_POINT('',#7623);
#3020=VERTEX_POINT('',#7627);
#3021=VERTEX_POINT('',#7629);
#3022=VERTEX_POINT('',#7633);
#3023=VERTEX_POINT('',#7635);
#3024=VERTEX_POINT('',#7644);
#3025=VERTEX_POINT('',#7646);
#3026=VERTEX_POINT('',#7650);
#3027=VERTEX_POINT('',#7652);
#3028=VERTEX_POINT('',#7656);
#3029=VERTEX_POINT('',#7658);
#3030=VERTEX_POINT('',#7662);
#3031=VERTEX_POINT('',#7664);
#3032=VERTEX_POINT('',#7668);
#3033=VERTEX_POINT('',#7670);
#3034=VERTEX_POINT('',#7674);
#3035=VERTEX_POINT('',#7676);
#3036=VERTEX_POINT('',#7685);
#3037=VERTEX_POINT('',#7687);
#3038=VERTEX_POINT('',#7691);
#3039=VERTEX_POINT('',#7693);
#3040=VERTEX_POINT('',#7697);
#3041=VERTEX_POINT('',#7699);
#3042=VERTEX_POINT('',#7703);
#3043=VERTEX_POINT('',#7705);
#3044=VERTEX_POINT('',#7709);
#3045=VERTEX_POINT('',#7711);
#3046=VERTEX_POINT('',#7715);
#3047=VERTEX_POINT('',#7717);
#3048=VERTEX_POINT('',#7726);
#3049=VERTEX_POINT('',#7728);
#3050=VERTEX_POINT('',#7732);
#3051=VERTEX_POINT('',#7734);
#3052=VERTEX_POINT('',#7738);
#3053=VERTEX_POINT('',#7740);
#3054=VERTEX_POINT('',#7744);
#3055=VERTEX_POINT('',#7746);
#3056=VERTEX_POINT('',#7750);
#3057=VERTEX_POINT('',#7752);
#3058=VERTEX_POINT('',#7756);
#3059=VERTEX_POINT('',#7758);
#3060=VERTEX_POINT('',#7767);
#3061=VERTEX_POINT('',#7769);
#3062=VERTEX_POINT('',#7773);
#3063=VERTEX_POINT('',#7775);
#3064=VERTEX_POINT('',#7779);
#3065=VERTEX_POINT('',#7781);
#3066=VERTEX_POINT('',#7785);
#3067=VERTEX_POINT('',#7787);
#3068=VERTEX_POINT('',#7791);
#3069=VERTEX_POINT('',#7793);
#3070=VERTEX_POINT('',#7797);
#3071=VERTEX_POINT('',#7799);
#3072=VERTEX_POINT('',#7808);
#3073=VERTEX_POINT('',#7810);
#3074=VERTEX_POINT('',#7814);
#3075=VERTEX_POINT('',#7816);
#3076=VERTEX_POINT('',#7820);
#3077=VERTEX_POINT('',#7822);
#3078=VERTEX_POINT('',#7826);
#3079=VERTEX_POINT('',#7828);
#3080=VERTEX_POINT('',#7832);
#3081=VERTEX_POINT('',#7834);
#3082=VERTEX_POINT('',#7838);
#3083=VERTEX_POINT('',#7840);
#3084=VERTEX_POINT('',#7849);
#3085=VERTEX_POINT('',#7851);
#3086=VERTEX_POINT('',#7855);
#3087=VERTEX_POINT('',#7857);
#3088=VERTEX_POINT('',#7861);
#3089=VERTEX_POINT('',#7863);
#3090=VERTEX_POINT('',#7867);
#3091=VERTEX_POINT('',#7869);
#3092=VERTEX_POINT('',#7873);
#3093=VERTEX_POINT('',#7875);
#3094=VERTEX_POINT('',#7879);
#3095=VERTEX_POINT('',#7881);
#3096=VERTEX_POINT('',#7890);
#3097=VERTEX_POINT('',#7892);
#3098=VERTEX_POINT('',#7896);
#3099=VERTEX_POINT('',#7898);
#3100=VERTEX_POINT('',#7902);
#3101=VERTEX_POINT('',#7904);
#3102=VERTEX_POINT('',#7908);
#3103=VERTEX_POINT('',#7910);
#3104=VERTEX_POINT('',#7914);
#3105=VERTEX_POINT('',#7916);
#3106=VERTEX_POINT('',#7920);
#3107=VERTEX_POINT('',#7922);
#3108=VERTEX_POINT('',#7931);
#3109=VERTEX_POINT('',#7933);
#3110=VERTEX_POINT('',#7937);
#3111=VERTEX_POINT('',#7939);
#3112=VERTEX_POINT('',#7943);
#3113=VERTEX_POINT('',#7945);
#3114=VERTEX_POINT('',#7949);
#3115=VERTEX_POINT('',#7951);
#3116=VERTEX_POINT('',#7955);
#3117=VERTEX_POINT('',#7957);
#3118=VERTEX_POINT('',#7961);
#3119=VERTEX_POINT('',#7963);
#3120=VERTEX_POINT('',#7972);
#3121=VERTEX_POINT('',#7974);
#3122=VERTEX_POINT('',#7978);
#3123=VERTEX_POINT('',#7980);
#3124=VERTEX_POINT('',#7984);
#3125=VERTEX_POINT('',#7986);
#3126=VERTEX_POINT('',#7990);
#3127=VERTEX_POINT('',#7992);
#3128=VERTEX_POINT('',#7996);
#3129=VERTEX_POINT('',#7998);
#3130=VERTEX_POINT('',#8002);
#3131=VERTEX_POINT('',#8004);
#3132=VERTEX_POINT('',#8013);
#3133=VERTEX_POINT('',#8015);
#3134=VERTEX_POINT('',#8019);
#3135=VERTEX_POINT('',#8021);
#3136=VERTEX_POINT('',#8025);
#3137=VERTEX_POINT('',#8027);
#3138=VERTEX_POINT('',#8031);
#3139=VERTEX_POINT('',#8033);
#3140=VERTEX_POINT('',#8037);
#3141=VERTEX_POINT('',#8039);
#3142=VERTEX_POINT('',#8043);
#3143=VERTEX_POINT('',#8045);
#3144=VERTEX_POINT('',#8054);
#3145=VERTEX_POINT('',#8056);
#3146=VERTEX_POINT('',#8060);
#3147=VERTEX_POINT('',#8062);
#3148=VERTEX_POINT('',#8066);
#3149=VERTEX_POINT('',#8068);
#3150=VERTEX_POINT('',#8072);
#3151=VERTEX_POINT('',#8074);
#3152=VERTEX_POINT('',#8078);
#3153=VERTEX_POINT('',#8080);
#3154=VERTEX_POINT('',#8084);
#3155=VERTEX_POINT('',#8086);
#3156=VERTEX_POINT('',#8095);
#3157=VERTEX_POINT('',#8096);
#3158=VERTEX_POINT('',#8098);
#3159=VERTEX_POINT('',#8100);
#3160=VERTEX_POINT('',#8104);
#3161=VERTEX_POINT('',#8106);
#3162=VERTEX_POINT('',#8110);
#3163=VERTEX_POINT('',#8112);
#3164=VERTEX_POINT('',#8119);
#3165=VERTEX_POINT('',#8121);
#3166=VERTEX_POINT('',#8125);
#3167=VERTEX_POINT('',#8127);
#3168=VERTEX_POINT('',#8136);
#3169=VERTEX_POINT('',#8137);
#3170=VERTEX_POINT('',#8139);
#3171=VERTEX_POINT('',#8141);
#3172=VERTEX_POINT('',#8145);
#3173=VERTEX_POINT('',#8147);
#3174=VERTEX_POINT('',#8151);
#3175=VERTEX_POINT('',#8153);
#3176=VERTEX_POINT('',#8160);
#3177=VERTEX_POINT('',#8162);
#3178=VERTEX_POINT('',#8166);
#3179=VERTEX_POINT('',#8168);
#3180=VERTEX_POINT('',#8177);
#3181=VERTEX_POINT('',#8178);
#3182=VERTEX_POINT('',#8180);
#3183=VERTEX_POINT('',#8182);
#3184=VERTEX_POINT('',#8186);
#3185=VERTEX_POINT('',#8188);
#3186=VERTEX_POINT('',#8192);
#3187=VERTEX_POINT('',#8194);
#3188=VERTEX_POINT('',#8201);
#3189=VERTEX_POINT('',#8203);
#3190=VERTEX_POINT('',#8207);
#3191=VERTEX_POINT('',#8209);
#3192=VERTEX_POINT('',#8218);
#3193=VERTEX_POINT('',#8219);
#3194=VERTEX_POINT('',#8221);
#3195=VERTEX_POINT('',#8223);
#3196=VERTEX_POINT('',#8227);
#3197=VERTEX_POINT('',#8229);
#3198=VERTEX_POINT('',#8233);
#3199=VERTEX_POINT('',#8235);
#3200=VERTEX_POINT('',#8242);
#3201=VERTEX_POINT('',#8244);
#3202=VERTEX_POINT('',#8248);
#3203=VERTEX_POINT('',#8250);
#3204=VERTEX_POINT('',#8259);
#3205=VERTEX_POINT('',#8260);
#3206=VERTEX_POINT('',#8262);
#3207=VERTEX_POINT('',#8264);
#3208=VERTEX_POINT('',#8268);
#3209=VERTEX_POINT('',#8270);
#3210=VERTEX_POINT('',#8274);
#3211=VERTEX_POINT('',#8276);
#3212=VERTEX_POINT('',#8283);
#3213=VERTEX_POINT('',#8285);
#3214=VERTEX_POINT('',#8289);
#3215=VERTEX_POINT('',#8291);
#3216=VERTEX_POINT('',#8300);
#3217=VERTEX_POINT('',#8301);
#3218=VERTEX_POINT('',#8303);
#3219=VERTEX_POINT('',#8305);
#3220=VERTEX_POINT('',#8309);
#3221=VERTEX_POINT('',#8311);
#3222=VERTEX_POINT('',#8315);
#3223=VERTEX_POINT('',#8317);
#3224=VERTEX_POINT('',#8324);
#3225=VERTEX_POINT('',#8326);
#3226=VERTEX_POINT('',#8330);
#3227=VERTEX_POINT('',#8332);
#3228=VERTEX_POINT('',#8341);
#3229=VERTEX_POINT('',#8342);
#3230=VERTEX_POINT('',#8344);
#3231=VERTEX_POINT('',#8346);
#3232=VERTEX_POINT('',#8350);
#3233=VERTEX_POINT('',#8352);
#3234=VERTEX_POINT('',#8356);
#3235=VERTEX_POINT('',#8358);
#3236=VERTEX_POINT('',#8365);
#3237=VERTEX_POINT('',#8367);
#3238=VERTEX_POINT('',#8371);
#3239=VERTEX_POINT('',#8373);
#3240=VERTEX_POINT('',#8382);
#3241=VERTEX_POINT('',#8383);
#3242=VERTEX_POINT('',#8385);
#3243=VERTEX_POINT('',#8387);
#3244=VERTEX_POINT('',#8391);
#3245=VERTEX_POINT('',#8393);
#3246=VERTEX_POINT('',#8397);
#3247=VERTEX_POINT('',#8399);
#3248=VERTEX_POINT('',#8406);
#3249=VERTEX_POINT('',#8408);
#3250=VERTEX_POINT('',#8412);
#3251=VERTEX_POINT('',#8414);
#3252=VERTEX_POINT('',#8423);
#3253=VERTEX_POINT('',#8424);
#3254=VERTEX_POINT('',#8426);
#3255=VERTEX_POINT('',#8428);
#3256=VERTEX_POINT('',#8432);
#3257=VERTEX_POINT('',#8434);
#3258=VERTEX_POINT('',#8438);
#3259=VERTEX_POINT('',#8440);
#3260=VERTEX_POINT('',#8447);
#3261=VERTEX_POINT('',#8449);
#3262=VERTEX_POINT('',#8453);
#3263=VERTEX_POINT('',#8455);
#3264=VERTEX_POINT('',#8464);
#3265=VERTEX_POINT('',#8465);
#3266=VERTEX_POINT('',#8467);
#3267=VERTEX_POINT('',#8469);
#3268=VERTEX_POINT('',#8473);
#3269=VERTEX_POINT('',#8475);
#3270=VERTEX_POINT('',#8479);
#3271=VERTEX_POINT('',#8481);
#3272=VERTEX_POINT('',#8488);
#3273=VERTEX_POINT('',#8490);
#3274=VERTEX_POINT('',#8494);
#3275=VERTEX_POINT('',#8496);
#3276=VERTEX_POINT('',#8505);
#3277=VERTEX_POINT('',#8506);
#3278=VERTEX_POINT('',#8508);
#3279=VERTEX_POINT('',#8510);
#3280=VERTEX_POINT('',#8514);
#3281=VERTEX_POINT('',#8516);
#3282=VERTEX_POINT('',#8520);
#3283=VERTEX_POINT('',#8522);
#3284=VERTEX_POINT('',#8529);
#3285=VERTEX_POINT('',#8531);
#3286=VERTEX_POINT('',#8535);
#3287=VERTEX_POINT('',#8537);
#3288=VERTEX_POINT('',#8546);
#3289=VERTEX_POINT('',#8547);
#3290=VERTEX_POINT('',#8549);
#3291=VERTEX_POINT('',#8551);
#3292=VERTEX_POINT('',#8555);
#3293=VERTEX_POINT('',#8557);
#3294=VERTEX_POINT('',#8561);
#3295=VERTEX_POINT('',#8563);
#3296=VERTEX_POINT('',#8570);
#3297=VERTEX_POINT('',#8572);
#3298=VERTEX_POINT('',#8576);
#3299=VERTEX_POINT('',#8578);
#3300=VERTEX_POINT('',#8587);
#3301=VERTEX_POINT('',#8588);
#3302=VERTEX_POINT('',#8590);
#3303=VERTEX_POINT('',#8592);
#3304=VERTEX_POINT('',#8596);
#3305=VERTEX_POINT('',#8598);
#3306=VERTEX_POINT('',#8602);
#3307=VERTEX_POINT('',#8604);
#3308=VERTEX_POINT('',#8611);
#3309=VERTEX_POINT('',#8613);
#3310=VERTEX_POINT('',#8617);
#3311=VERTEX_POINT('',#8619);
#3312=VERTEX_POINT('',#8628);
#3313=VERTEX_POINT('',#8629);
#3314=VERTEX_POINT('',#8631);
#3315=VERTEX_POINT('',#8633);
#3316=VERTEX_POINT('',#8637);
#3317=VERTEX_POINT('',#8639);
#3318=VERTEX_POINT('',#8643);
#3319=VERTEX_POINT('',#8645);
#3320=VERTEX_POINT('',#8652);
#3321=VERTEX_POINT('',#8654);
#3322=VERTEX_POINT('',#8658);
#3323=VERTEX_POINT('',#8660);
#3324=EDGE_CURVE('',#2828,#2829,#4068,.T.);
#3325=EDGE_CURVE('',#2829,#2830,#4069,.T.);
#3326=EDGE_CURVE('',#2831,#2830,#4070,.T.);
#3327=EDGE_CURVE('',#2828,#2831,#4071,.T.);
#3328=EDGE_CURVE('',#2832,#2833,#4072,.T.);
#3329=EDGE_CURVE('',#2833,#2834,#4073,.T.);
#3330=EDGE_CURVE('',#2835,#2834,#4074,.T.);
#3331=EDGE_CURVE('',#2832,#2835,#4075,.T.);
#3332=EDGE_CURVE('',#2836,#2837,#4076,.T.);
#3333=EDGE_CURVE('',#2837,#2838,#4077,.T.);
#3334=EDGE_CURVE('',#2839,#2838,#4078,.T.);
#3335=EDGE_CURVE('',#2836,#2839,#4079,.T.);
#3336=EDGE_CURVE('',#2840,#2841,#4080,.T.);
#3337=EDGE_CURVE('',#2841,#2842,#4081,.T.);
#3338=EDGE_CURVE('',#2843,#2842,#4082,.T.);
#3339=EDGE_CURVE('',#2840,#2843,#4083,.T.);
#3340=EDGE_CURVE('',#2844,#2845,#4084,.T.);
#3341=EDGE_CURVE('',#2845,#2846,#4085,.T.);
#3342=EDGE_CURVE('',#2847,#2846,#4086,.T.);
#3343=EDGE_CURVE('',#2844,#2847,#4087,.T.);
#3344=EDGE_CURVE('',#2848,#2849,#4088,.T.);
#3345=EDGE_CURVE('',#2849,#2850,#4089,.T.);
#3346=EDGE_CURVE('',#2851,#2850,#4090,.T.);
#3347=EDGE_CURVE('',#2848,#2851,#4091,.T.);
#3348=EDGE_CURVE('',#2852,#2853,#4092,.T.);
#3349=EDGE_CURVE('',#2853,#2854,#4093,.T.);
#3350=EDGE_CURVE('',#2855,#2854,#4094,.T.);
#3351=EDGE_CURVE('',#2852,#2855,#4095,.T.);
#3352=EDGE_CURVE('',#2856,#2857,#4096,.T.);
#3353=EDGE_CURVE('',#2858,#2857,#4097,.T.);
#3354=EDGE_CURVE('',#2859,#2858,#4098,.T.);
#3355=EDGE_CURVE('',#2859,#2856,#4099,.T.);
#3356=EDGE_CURVE('',#2860,#2861,#4100,.T.);
#3357=EDGE_CURVE('',#2862,#2860,#4101,.T.);
#3358=EDGE_CURVE('',#2862,#2863,#4102,.T.);
#3359=EDGE_CURVE('',#2863,#2861,#4103,.T.);
#3360=EDGE_CURVE('',#2864,#2865,#4104,.T.);
#3361=EDGE_CURVE('',#2865,#2866,#4105,.T.);
#3362=EDGE_CURVE('',#2867,#2866,#4106,.T.);
#3363=EDGE_CURVE('',#2864,#2867,#4107,.T.);
#3364=EDGE_CURVE('',#2868,#2869,#4108,.T.);
#3365=EDGE_CURVE('',#2869,#2870,#4109,.T.);
#3366=EDGE_CURVE('',#2871,#2870,#4110,.T.);
#3367=EDGE_CURVE('',#2868,#2871,#4111,.T.);
#3368=EDGE_CURVE('',#2872,#2873,#4112,.T.);
#3369=EDGE_CURVE('',#2873,#2874,#4113,.T.);
#3370=EDGE_CURVE('',#2875,#2874,#4114,.T.);
#3371=EDGE_CURVE('',#2872,#2875,#4115,.T.);
#3372=EDGE_CURVE('',#2876,#2877,#4116,.T.);
#3373=EDGE_CURVE('',#2877,#2878,#4117,.T.);
#3374=EDGE_CURVE('',#2879,#2878,#4118,.T.);
#3375=EDGE_CURVE('',#2876,#2879,#4119,.T.);
#3376=EDGE_CURVE('',#2880,#2881,#4120,.T.);
#3377=EDGE_CURVE('',#2881,#2882,#4121,.T.);
#3378=EDGE_CURVE('',#2883,#2882,#4122,.T.);
#3379=EDGE_CURVE('',#2880,#2883,#4123,.T.);
#3380=EDGE_CURVE('',#2884,#2885,#4124,.T.);
#3381=EDGE_CURVE('',#2885,#2886,#4125,.T.);
#3382=EDGE_CURVE('',#2887,#2886,#4126,.T.);
#3383=EDGE_CURVE('',#2884,#2887,#4127,.T.);
#3384=EDGE_CURVE('',#2888,#2889,#4128,.T.);
#3385=EDGE_CURVE('',#2889,#2890,#4129,.T.);
#3386=EDGE_CURVE('',#2891,#2890,#4130,.T.);
#3387=EDGE_CURVE('',#2888,#2891,#4131,.T.);
#3388=EDGE_CURVE('',#2892,#2893,#4132,.T.);
#3389=EDGE_CURVE('',#2892,#2894,#4133,.T.);
#3390=EDGE_CURVE('',#2894,#2895,#4134,.T.);
#3391=EDGE_CURVE('',#2893,#2895,#4135,.T.);
#3392=EDGE_CURVE('',#2896,#2897,#4136,.T.);
#3393=EDGE_CURVE('',#2896,#2898,#4137,.T.);
#3394=EDGE_CURVE('',#2898,#2899,#4138,.T.);
#3395=EDGE_CURVE('',#2897,#2899,#4139,.T.);
#3396=EDGE_CURVE('',#2900,#2901,#4140,.T.);
#3397=EDGE_CURVE('',#2900,#2902,#4141,.T.);
#3398=EDGE_CURVE('',#2902,#2903,#4142,.T.);
#3399=EDGE_CURVE('',#2901,#2903,#4143,.T.);
#3400=EDGE_CURVE('',#2904,#2905,#4144,.T.);
#3401=EDGE_CURVE('',#2904,#2906,#4145,.T.);
#3402=EDGE_CURVE('',#2906,#2907,#4146,.T.);
#3403=EDGE_CURVE('',#2905,#2907,#4147,.T.);
#3404=EDGE_CURVE('',#2908,#2909,#4148,.T.);
#3405=EDGE_CURVE('',#2908,#2910,#4149,.T.);
#3406=EDGE_CURVE('',#2910,#2911,#4150,.T.);
#3407=EDGE_CURVE('',#2909,#2911,#4151,.T.);
#3408=EDGE_CURVE('',#2912,#2913,#4152,.T.);
#3409=EDGE_CURVE('',#2912,#2914,#4153,.T.);
#3410=EDGE_CURVE('',#2914,#2915,#4154,.T.);
#3411=EDGE_CURVE('',#2913,#2915,#4155,.T.);
#3412=EDGE_CURVE('',#2916,#2917,#4156,.T.);
#3413=EDGE_CURVE('',#2916,#2918,#4157,.T.);
#3414=EDGE_CURVE('',#2918,#2919,#4158,.T.);
#3415=EDGE_CURVE('',#2917,#2919,#4159,.T.);
#3416=EDGE_CURVE('',#2920,#2921,#4160,.T.);
#3417=EDGE_CURVE('',#2920,#2922,#4161,.T.);
#3418=EDGE_CURVE('',#2922,#2923,#4162,.T.);
#3419=EDGE_CURVE('',#2921,#2923,#4163,.T.);
#3420=EDGE_CURVE('',#2924,#2925,#4164,.T.);
#3421=EDGE_CURVE('',#2924,#2926,#4165,.T.);
#3422=EDGE_CURVE('',#2926,#2927,#4166,.T.);
#3423=EDGE_CURVE('',#2925,#2927,#4167,.T.);
#3424=EDGE_CURVE('',#2928,#2929,#4168,.T.);
#3425=EDGE_CURVE('',#2928,#2930,#4169,.T.);
#3426=EDGE_CURVE('',#2930,#2931,#4170,.T.);
#3427=EDGE_CURVE('',#2929,#2931,#4171,.T.);
#3428=EDGE_CURVE('',#2932,#2933,#4172,.T.);
#3429=EDGE_CURVE('',#2932,#2934,#4173,.T.);
#3430=EDGE_CURVE('',#2934,#2935,#4174,.T.);
#3431=EDGE_CURVE('',#2933,#2935,#4175,.T.);
#3432=EDGE_CURVE('',#2936,#2937,#4176,.T.);
#3433=EDGE_CURVE('',#2936,#2938,#4177,.T.);
#3434=EDGE_CURVE('',#2938,#2939,#4178,.T.);
#3435=EDGE_CURVE('',#2937,#2939,#4179,.T.);
#3436=EDGE_CURVE('',#2940,#2941,#4180,.T.);
#3437=EDGE_CURVE('',#2940,#2942,#4181,.T.);
#3438=EDGE_CURVE('',#2942,#2943,#4182,.T.);
#3439=EDGE_CURVE('',#2941,#2943,#4183,.T.);
#3440=EDGE_CURVE('',#2944,#2945,#4184,.T.);
#3441=EDGE_CURVE('',#2944,#2946,#4185,.T.);
#3442=EDGE_CURVE('',#2946,#2947,#4186,.T.);
#3443=EDGE_CURVE('',#2945,#2947,#4187,.T.);
#3444=EDGE_CURVE('',#2948,#2949,#4188,.T.);
#3445=EDGE_CURVE('',#2950,#2949,#4189,.T.);
#3446=EDGE_CURVE('',#2951,#2950,#4190,.T.);
#3447=EDGE_CURVE('',#2951,#2948,#4191,.T.);
#3448=EDGE_CURVE('',#2952,#2953,#4192,.T.);
#3449=EDGE_CURVE('',#2954,#2952,#4193,.T.);
#3450=EDGE_CURVE('',#2954,#2955,#4194,.T.);
#3451=EDGE_CURVE('',#2955,#2953,#4195,.T.);
#3452=EDGE_CURVE('',#2956,#2957,#4196,.T.);
#3453=EDGE_CURVE('',#2958,#2956,#4197,.T.);
#3454=EDGE_CURVE('',#2959,#2958,#4198,.T.);
#3455=EDGE_CURVE('',#2957,#2959,#4199,.T.);
#3456=EDGE_CURVE('',#2857,#2948,#4200,.T.);
#3457=EDGE_CURVE('',#2858,#2951,#4201,.T.);
#3458=EDGE_CURVE('',#2949,#2856,#4202,.T.);
#3459=EDGE_CURVE('',#2950,#2859,#4203,.T.);
#3460=EDGE_CURVE('',#2956,#2960,#4204,.T.);
#3461=EDGE_CURVE('',#2960,#2961,#4205,.T.);
#3462=EDGE_CURVE('',#2958,#2961,#4206,.T.);
#3463=EDGE_CURVE('',#2957,#2962,#4207,.T.);
#3464=EDGE_CURVE('',#2962,#2960,#4208,.T.);
#3465=EDGE_CURVE('',#2959,#2963,#4209,.T.);
#3466=EDGE_CURVE('',#2963,#2962,#4210,.T.);
#3467=EDGE_CURVE('',#2961,#2963,#4211,.T.);
#3468=EDGE_CURVE('',#2953,#2964,#4212,.T.);
#3469=EDGE_CURVE('',#2955,#2965,#4213,.T.);
#3470=EDGE_CURVE('',#2965,#2964,#4214,.T.);
#3471=EDGE_CURVE('',#2964,#2966,#94,.T.);
#3472=EDGE_CURVE('',#2965,#2967,#95,.T.);
#3473=EDGE_CURVE('',#2967,#2966,#4215,.T.);
#3474=EDGE_CURVE('',#2966,#2968,#4216,.T.);
#3475=EDGE_CURVE('',#2967,#2969,#4217,.T.);
#3476=EDGE_CURVE('',#2969,#2968,#4218,.T.);
#3477=EDGE_CURVE('',#2968,#2970,#4219,.T.);
#3478=EDGE_CURVE('',#2969,#2971,#4220,.T.);
#3479=EDGE_CURVE('',#2971,#2970,#4221,.T.);
#3480=EDGE_CURVE('',#2970,#2972,#4222,.T.);
#3481=EDGE_CURVE('',#2971,#2973,#4223,.T.);
#3482=EDGE_CURVE('',#2973,#2972,#4224,.T.);
#3483=EDGE_CURVE('',#2972,#2974,#96,.T.);
#3484=EDGE_CURVE('',#2973,#2975,#97,.T.);
#3485=EDGE_CURVE('',#2975,#2974,#4225,.T.);
#3486=EDGE_CURVE('',#2974,#2952,#4226,.T.);
#3487=EDGE_CURVE('',#2975,#2954,#4227,.T.);
#3488=EDGE_CURVE('',#2976,#2977,#4228,.T.);
#3489=EDGE_CURVE('',#2978,#2976,#4229,.T.);
#3490=EDGE_CURVE('',#2978,#2979,#4230,.T.);
#3491=EDGE_CURVE('',#2979,#2977,#4231,.T.);
#3492=EDGE_CURVE('',#2977,#2980,#4232,.T.);
#3493=EDGE_CURVE('',#2979,#2981,#4233,.T.);
#3494=EDGE_CURVE('',#2981,#2980,#4234,.T.);
#3495=EDGE_CURVE('',#2980,#2982,#98,.T.);
#3496=EDGE_CURVE('',#2981,#2983,#99,.T.);
#3497=EDGE_CURVE('',#2983,#2982,#4235,.T.);
#3498=EDGE_CURVE('',#2982,#2860,#4236,.T.);
#3499=EDGE_CURVE('',#2983,#2862,#4237,.T.);
#3500=EDGE_CURVE('',#2861,#2984,#4238,.T.);
#3501=EDGE_CURVE('',#2863,#2985,#4239,.T.);
#3502=EDGE_CURVE('',#2985,#2984,#4240,.T.);
#3503=EDGE_CURVE('',#2984,#2986,#100,.T.);
#3504=EDGE_CURVE('',#2985,#2987,#101,.T.);
#3505=EDGE_CURVE('',#2987,#2986,#4241,.T.);
#3506=EDGE_CURVE('',#2986,#2976,#4242,.T.);
#3507=EDGE_CURVE('',#2987,#2978,#4243,.T.);
#3508=EDGE_CURVE('',#2947,#2988,#4244,.T.);
#3509=EDGE_CURVE('',#2946,#2989,#4245,.T.);
#3510=EDGE_CURVE('',#2989,#2988,#4246,.T.);
#3511=EDGE_CURVE('',#2988,#2990,#102,.T.);
#3512=EDGE_CURVE('',#2989,#2991,#103,.T.);
#3513=EDGE_CURVE('',#2991,#2990,#4247,.T.);
#3514=EDGE_CURVE('',#2990,#2992,#4248,.T.);
#3515=EDGE_CURVE('',#2991,#2993,#4249,.T.);
#3516=EDGE_CURVE('',#2993,#2992,#4250,.T.);
#3517=EDGE_CURVE('',#2992,#2994,#4251,.T.);
#3518=EDGE_CURVE('',#2993,#2995,#4252,.T.);
#3519=EDGE_CURVE('',#2995,#2994,#4253,.T.);
#3520=EDGE_CURVE('',#2994,#2996,#4254,.T.);
#3521=EDGE_CURVE('',#2995,#2997,#4255,.T.);
#3522=EDGE_CURVE('',#2997,#2996,#4256,.T.);
#3523=EDGE_CURVE('',#2996,#2998,#104,.T.);
#3524=EDGE_CURVE('',#2997,#2999,#105,.T.);
#3525=EDGE_CURVE('',#2999,#2998,#4257,.T.);
#3526=EDGE_CURVE('',#2998,#2945,#4258,.T.);
#3527=EDGE_CURVE('',#2999,#2944,#4259,.T.);
#3528=EDGE_CURVE('',#2943,#3000,#4260,.T.);
#3529=EDGE_CURVE('',#2942,#3001,#4261,.T.);
#3530=EDGE_CURVE('',#3001,#3000,#4262,.T.);
#3531=EDGE_CURVE('',#3000,#3002,#106,.T.);
#3532=EDGE_CURVE('',#3001,#3003,#107,.T.);
#3533=EDGE_CURVE('',#3003,#3002,#4263,.T.);
#3534=EDGE_CURVE('',#3002,#3004,#4264,.T.);
#3535=EDGE_CURVE('',#3003,#3005,#4265,.T.);
#3536=EDGE_CURVE('',#3005,#3004,#4266,.T.);
#3537=EDGE_CURVE('',#3004,#3006,#4267,.T.);
#3538=EDGE_CURVE('',#3005,#3007,#4268,.T.);
#3539=EDGE_CURVE('',#3007,#3006,#4269,.T.);
#3540=EDGE_CURVE('',#3006,#3008,#4270,.T.);
#3541=EDGE_CURVE('',#3007,#3009,#4271,.T.);
#3542=EDGE_CURVE('',#3009,#3008,#4272,.T.);
#3543=EDGE_CURVE('',#3008,#3010,#108,.T.);
#3544=EDGE_CURVE('',#3009,#3011,#109,.T.);
#3545=EDGE_CURVE('',#3011,#3010,#4273,.T.);
#3546=EDGE_CURVE('',#3010,#2941,#4274,.T.);
#3547=EDGE_CURVE('',#3011,#2940,#4275,.T.);
#3548=EDGE_CURVE('',#2939,#3012,#4276,.T.);
#3549=EDGE_CURVE('',#2938,#3013,#4277,.T.);
#3550=EDGE_CURVE('',#3013,#3012,#4278,.T.);
#3551=EDGE_CURVE('',#3012,#3014,#110,.T.);
#3552=EDGE_CURVE('',#3013,#3015,#111,.T.);
#3553=EDGE_CURVE('',#3015,#3014,#4279,.T.);
#3554=EDGE_CURVE('',#3014,#3016,#4280,.T.);
#3555=EDGE_CURVE('',#3015,#3017,#4281,.T.);
#3556=EDGE_CURVE('',#3017,#3016,#4282,.T.);
#3557=EDGE_CURVE('',#3016,#3018,#4283,.T.);
#3558=EDGE_CURVE('',#3017,#3019,#4284,.T.);
#3559=EDGE_CURVE('',#3019,#3018,#4285,.T.);
#3560=EDGE_CURVE('',#3018,#3020,#4286,.T.);
#3561=EDGE_CURVE('',#3019,#3021,#4287,.T.);
#3562=EDGE_CURVE('',#3021,#3020,#4288,.T.);
#3563=EDGE_CURVE('',#3020,#3022,#112,.T.);
#3564=EDGE_CURVE('',#3021,#3023,#113,.T.);
#3565=EDGE_CURVE('',#3023,#3022,#4289,.T.);
#3566=EDGE_CURVE('',#3022,#2937,#4290,.T.);
#3567=EDGE_CURVE('',#3023,#2936,#4291,.T.);
#3568=EDGE_CURVE('',#2935,#3024,#4292,.T.);
#3569=EDGE_CURVE('',#2934,#3025,#4293,.T.);
#3570=EDGE_CURVE('',#3025,#3024,#4294,.T.);
#3571=EDGE_CURVE('',#3024,#3026,#114,.T.);
#3572=EDGE_CURVE('',#3025,#3027,#115,.T.);
#3573=EDGE_CURVE('',#3027,#3026,#4295,.T.);
#3574=EDGE_CURVE('',#3026,#3028,#4296,.T.);
#3575=EDGE_CURVE('',#3027,#3029,#4297,.T.);
#3576=EDGE_CURVE('',#3029,#3028,#4298,.T.);
#3577=EDGE_CURVE('',#3028,#3030,#4299,.T.);
#3578=EDGE_CURVE('',#3029,#3031,#4300,.T.);
#3579=EDGE_CURVE('',#3031,#3030,#4301,.T.);
#3580=EDGE_CURVE('',#3030,#3032,#4302,.T.);
#3581=EDGE_CURVE('',#3031,#3033,#4303,.T.);
#3582=EDGE_CURVE('',#3033,#3032,#4304,.T.);
#3583=EDGE_CURVE('',#3032,#3034,#116,.T.);
#3584=EDGE_CURVE('',#3033,#3035,#117,.T.);
#3585=EDGE_CURVE('',#3035,#3034,#4305,.T.);
#3586=EDGE_CURVE('',#3034,#2933,#4306,.T.);
#3587=EDGE_CURVE('',#3035,#2932,#4307,.T.);
#3588=EDGE_CURVE('',#2931,#3036,#4308,.T.);
#3589=EDGE_CURVE('',#2930,#3037,#4309,.T.);
#3590=EDGE_CURVE('',#3037,#3036,#4310,.T.);
#3591=EDGE_CURVE('',#3036,#3038,#118,.T.);
#3592=EDGE_CURVE('',#3037,#3039,#119,.T.);
#3593=EDGE_CURVE('',#3039,#3038,#4311,.T.);
#3594=EDGE_CURVE('',#3038,#3040,#4312,.T.);
#3595=EDGE_CURVE('',#3039,#3041,#4313,.T.);
#3596=EDGE_CURVE('',#3041,#3040,#4314,.T.);
#3597=EDGE_CURVE('',#3040,#3042,#4315,.T.);
#3598=EDGE_CURVE('',#3041,#3043,#4316,.T.);
#3599=EDGE_CURVE('',#3043,#3042,#4317,.T.);
#3600=EDGE_CURVE('',#3042,#3044,#4318,.T.);
#3601=EDGE_CURVE('',#3043,#3045,#4319,.T.);
#3602=EDGE_CURVE('',#3045,#3044,#4320,.T.);
#3603=EDGE_CURVE('',#3044,#3046,#120,.T.);
#3604=EDGE_CURVE('',#3045,#3047,#121,.T.);
#3605=EDGE_CURVE('',#3047,#3046,#4321,.T.);
#3606=EDGE_CURVE('',#3046,#2929,#4322,.T.);
#3607=EDGE_CURVE('',#3047,#2928,#4323,.T.);
#3608=EDGE_CURVE('',#2927,#3048,#4324,.T.);
#3609=EDGE_CURVE('',#2926,#3049,#4325,.T.);
#3610=EDGE_CURVE('',#3049,#3048,#4326,.T.);
#3611=EDGE_CURVE('',#3048,#3050,#122,.T.);
#3612=EDGE_CURVE('',#3049,#3051,#123,.T.);
#3613=EDGE_CURVE('',#3051,#3050,#4327,.T.);
#3614=EDGE_CURVE('',#3050,#3052,#4328,.T.);
#3615=EDGE_CURVE('',#3051,#3053,#4329,.T.);
#3616=EDGE_CURVE('',#3053,#3052,#4330,.T.);
#3617=EDGE_CURVE('',#3052,#3054,#4331,.T.);
#3618=EDGE_CURVE('',#3053,#3055,#4332,.T.);
#3619=EDGE_CURVE('',#3055,#3054,#4333,.T.);
#3620=EDGE_CURVE('',#3054,#3056,#4334,.T.);
#3621=EDGE_CURVE('',#3055,#3057,#4335,.T.);
#3622=EDGE_CURVE('',#3057,#3056,#4336,.T.);
#3623=EDGE_CURVE('',#3056,#3058,#124,.T.);
#3624=EDGE_CURVE('',#3057,#3059,#125,.T.);
#3625=EDGE_CURVE('',#3059,#3058,#4337,.T.);
#3626=EDGE_CURVE('',#3058,#2925,#4338,.T.);
#3627=EDGE_CURVE('',#3059,#2924,#4339,.T.);
#3628=EDGE_CURVE('',#2923,#3060,#4340,.T.);
#3629=EDGE_CURVE('',#2922,#3061,#4341,.T.);
#3630=EDGE_CURVE('',#3061,#3060,#4342,.T.);
#3631=EDGE_CURVE('',#3060,#3062,#126,.T.);
#3632=EDGE_CURVE('',#3061,#3063,#127,.T.);
#3633=EDGE_CURVE('',#3063,#3062,#4343,.T.);
#3634=EDGE_CURVE('',#3062,#3064,#4344,.T.);
#3635=EDGE_CURVE('',#3063,#3065,#4345,.T.);
#3636=EDGE_CURVE('',#3065,#3064,#4346,.T.);
#3637=EDGE_CURVE('',#3064,#3066,#4347,.T.);
#3638=EDGE_CURVE('',#3065,#3067,#4348,.T.);
#3639=EDGE_CURVE('',#3067,#3066,#4349,.T.);
#3640=EDGE_CURVE('',#3066,#3068,#4350,.T.);
#3641=EDGE_CURVE('',#3067,#3069,#4351,.T.);
#3642=EDGE_CURVE('',#3069,#3068,#4352,.T.);
#3643=EDGE_CURVE('',#3068,#3070,#128,.T.);
#3644=EDGE_CURVE('',#3069,#3071,#129,.T.);
#3645=EDGE_CURVE('',#3071,#3070,#4353,.T.);
#3646=EDGE_CURVE('',#3070,#2921,#4354,.T.);
#3647=EDGE_CURVE('',#3071,#2920,#4355,.T.);
#3648=EDGE_CURVE('',#2919,#3072,#4356,.T.);
#3649=EDGE_CURVE('',#2918,#3073,#4357,.T.);
#3650=EDGE_CURVE('',#3073,#3072,#4358,.T.);
#3651=EDGE_CURVE('',#3072,#3074,#130,.T.);
#3652=EDGE_CURVE('',#3073,#3075,#131,.T.);
#3653=EDGE_CURVE('',#3075,#3074,#4359,.T.);
#3654=EDGE_CURVE('',#3074,#3076,#4360,.T.);
#3655=EDGE_CURVE('',#3075,#3077,#4361,.T.);
#3656=EDGE_CURVE('',#3077,#3076,#4362,.T.);
#3657=EDGE_CURVE('',#3076,#3078,#4363,.T.);
#3658=EDGE_CURVE('',#3077,#3079,#4364,.T.);
#3659=EDGE_CURVE('',#3079,#3078,#4365,.T.);
#3660=EDGE_CURVE('',#3078,#3080,#4366,.T.);
#3661=EDGE_CURVE('',#3079,#3081,#4367,.T.);
#3662=EDGE_CURVE('',#3081,#3080,#4368,.T.);
#3663=EDGE_CURVE('',#3080,#3082,#132,.T.);
#3664=EDGE_CURVE('',#3081,#3083,#133,.T.);
#3665=EDGE_CURVE('',#3083,#3082,#4369,.T.);
#3666=EDGE_CURVE('',#3082,#2917,#4370,.T.);
#3667=EDGE_CURVE('',#3083,#2916,#4371,.T.);
#3668=EDGE_CURVE('',#2915,#3084,#4372,.T.);
#3669=EDGE_CURVE('',#2914,#3085,#4373,.T.);
#3670=EDGE_CURVE('',#3085,#3084,#4374,.T.);
#3671=EDGE_CURVE('',#3084,#3086,#134,.T.);
#3672=EDGE_CURVE('',#3085,#3087,#135,.T.);
#3673=EDGE_CURVE('',#3087,#3086,#4375,.T.);
#3674=EDGE_CURVE('',#3086,#3088,#4376,.T.);
#3675=EDGE_CURVE('',#3087,#3089,#4377,.T.);
#3676=EDGE_CURVE('',#3089,#3088,#4378,.T.);
#3677=EDGE_CURVE('',#3088,#3090,#4379,.T.);
#3678=EDGE_CURVE('',#3089,#3091,#4380,.T.);
#3679=EDGE_CURVE('',#3091,#3090,#4381,.T.);
#3680=EDGE_CURVE('',#3090,#3092,#4382,.T.);
#3681=EDGE_CURVE('',#3091,#3093,#4383,.T.);
#3682=EDGE_CURVE('',#3093,#3092,#4384,.T.);
#3683=EDGE_CURVE('',#3092,#3094,#136,.T.);
#3684=EDGE_CURVE('',#3093,#3095,#137,.T.);
#3685=EDGE_CURVE('',#3095,#3094,#4385,.T.);
#3686=EDGE_CURVE('',#3094,#2913,#4386,.T.);
#3687=EDGE_CURVE('',#3095,#2912,#4387,.T.);
#3688=EDGE_CURVE('',#2911,#3096,#4388,.T.);
#3689=EDGE_CURVE('',#2910,#3097,#4389,.T.);
#3690=EDGE_CURVE('',#3097,#3096,#4390,.T.);
#3691=EDGE_CURVE('',#3096,#3098,#138,.T.);
#3692=EDGE_CURVE('',#3097,#3099,#139,.T.);
#3693=EDGE_CURVE('',#3099,#3098,#4391,.T.);
#3694=EDGE_CURVE('',#3098,#3100,#4392,.T.);
#3695=EDGE_CURVE('',#3099,#3101,#4393,.T.);
#3696=EDGE_CURVE('',#3101,#3100,#4394,.T.);
#3697=EDGE_CURVE('',#3100,#3102,#4395,.T.);
#3698=EDGE_CURVE('',#3101,#3103,#4396,.T.);
#3699=EDGE_CURVE('',#3103,#3102,#4397,.T.);
#3700=EDGE_CURVE('',#3102,#3104,#4398,.T.);
#3701=EDGE_CURVE('',#3103,#3105,#4399,.T.);
#3702=EDGE_CURVE('',#3105,#3104,#4400,.T.);
#3703=EDGE_CURVE('',#3104,#3106,#140,.T.);
#3704=EDGE_CURVE('',#3105,#3107,#141,.T.);
#3705=EDGE_CURVE('',#3107,#3106,#4401,.T.);
#3706=EDGE_CURVE('',#3106,#2909,#4402,.T.);
#3707=EDGE_CURVE('',#3107,#2908,#4403,.T.);
#3708=EDGE_CURVE('',#2907,#3108,#4404,.T.);
#3709=EDGE_CURVE('',#2906,#3109,#4405,.T.);
#3710=EDGE_CURVE('',#3109,#3108,#4406,.T.);
#3711=EDGE_CURVE('',#3108,#3110,#142,.T.);
#3712=EDGE_CURVE('',#3109,#3111,#143,.T.);
#3713=EDGE_CURVE('',#3111,#3110,#4407,.T.);
#3714=EDGE_CURVE('',#3110,#3112,#4408,.T.);
#3715=EDGE_CURVE('',#3111,#3113,#4409,.T.);
#3716=EDGE_CURVE('',#3113,#3112,#4410,.T.);
#3717=EDGE_CURVE('',#3112,#3114,#4411,.T.);
#3718=EDGE_CURVE('',#3113,#3115,#4412,.T.);
#3719=EDGE_CURVE('',#3115,#3114,#4413,.T.);
#3720=EDGE_CURVE('',#3114,#3116,#4414,.T.);
#3721=EDGE_CURVE('',#3115,#3117,#4415,.T.);
#3722=EDGE_CURVE('',#3117,#3116,#4416,.T.);
#3723=EDGE_CURVE('',#3116,#3118,#144,.T.);
#3724=EDGE_CURVE('',#3117,#3119,#145,.T.);
#3725=EDGE_CURVE('',#3119,#3118,#4417,.T.);
#3726=EDGE_CURVE('',#3118,#2905,#4418,.T.);
#3727=EDGE_CURVE('',#3119,#2904,#4419,.T.);
#3728=EDGE_CURVE('',#2903,#3120,#4420,.T.);
#3729=EDGE_CURVE('',#2902,#3121,#4421,.T.);
#3730=EDGE_CURVE('',#3121,#3120,#4422,.T.);
#3731=EDGE_CURVE('',#3120,#3122,#146,.T.);
#3732=EDGE_CURVE('',#3121,#3123,#147,.T.);
#3733=EDGE_CURVE('',#3123,#3122,#4423,.T.);
#3734=EDGE_CURVE('',#3122,#3124,#4424,.T.);
#3735=EDGE_CURVE('',#3123,#3125,#4425,.T.);
#3736=EDGE_CURVE('',#3125,#3124,#4426,.T.);
#3737=EDGE_CURVE('',#3124,#3126,#4427,.T.);
#3738=EDGE_CURVE('',#3125,#3127,#4428,.T.);
#3739=EDGE_CURVE('',#3127,#3126,#4429,.T.);
#3740=EDGE_CURVE('',#3126,#3128,#4430,.T.);
#3741=EDGE_CURVE('',#3127,#3129,#4431,.T.);
#3742=EDGE_CURVE('',#3129,#3128,#4432,.T.);
#3743=EDGE_CURVE('',#3128,#3130,#148,.T.);
#3744=EDGE_CURVE('',#3129,#3131,#149,.T.);
#3745=EDGE_CURVE('',#3131,#3130,#4433,.T.);
#3746=EDGE_CURVE('',#3130,#2901,#4434,.T.);
#3747=EDGE_CURVE('',#3131,#2900,#4435,.T.);
#3748=EDGE_CURVE('',#2899,#3132,#4436,.T.);
#3749=EDGE_CURVE('',#2898,#3133,#4437,.T.);
#3750=EDGE_CURVE('',#3133,#3132,#4438,.T.);
#3751=EDGE_CURVE('',#3132,#3134,#150,.T.);
#3752=EDGE_CURVE('',#3133,#3135,#151,.T.);
#3753=EDGE_CURVE('',#3135,#3134,#4439,.T.);
#3754=EDGE_CURVE('',#3134,#3136,#4440,.T.);
#3755=EDGE_CURVE('',#3135,#3137,#4441,.T.);
#3756=EDGE_CURVE('',#3137,#3136,#4442,.T.);
#3757=EDGE_CURVE('',#3136,#3138,#4443,.T.);
#3758=EDGE_CURVE('',#3137,#3139,#4444,.T.);
#3759=EDGE_CURVE('',#3139,#3138,#4445,.T.);
#3760=EDGE_CURVE('',#3138,#3140,#4446,.T.);
#3761=EDGE_CURVE('',#3139,#3141,#4447,.T.);
#3762=EDGE_CURVE('',#3141,#3140,#4448,.T.);
#3763=EDGE_CURVE('',#3140,#3142,#152,.T.);
#3764=EDGE_CURVE('',#3141,#3143,#153,.T.);
#3765=EDGE_CURVE('',#3143,#3142,#4449,.T.);
#3766=EDGE_CURVE('',#3142,#2897,#4450,.T.);
#3767=EDGE_CURVE('',#3143,#2896,#4451,.T.);
#3768=EDGE_CURVE('',#2895,#3144,#4452,.T.);
#3769=EDGE_CURVE('',#2894,#3145,#4453,.T.);
#3770=EDGE_CURVE('',#3145,#3144,#4454,.T.);
#3771=EDGE_CURVE('',#3144,#3146,#154,.T.);
#3772=EDGE_CURVE('',#3145,#3147,#155,.T.);
#3773=EDGE_CURVE('',#3147,#3146,#4455,.T.);
#3774=EDGE_CURVE('',#3146,#3148,#4456,.T.);
#3775=EDGE_CURVE('',#3147,#3149,#4457,.T.);
#3776=EDGE_CURVE('',#3149,#3148,#4458,.T.);
#3777=EDGE_CURVE('',#3148,#3150,#4459,.T.);
#3778=EDGE_CURVE('',#3149,#3151,#4460,.T.);
#3779=EDGE_CURVE('',#3151,#3150,#4461,.T.);
#3780=EDGE_CURVE('',#3150,#3152,#4462,.T.);
#3781=EDGE_CURVE('',#3151,#3153,#4463,.T.);
#3782=EDGE_CURVE('',#3153,#3152,#4464,.T.);
#3783=EDGE_CURVE('',#3152,#3154,#156,.T.);
#3784=EDGE_CURVE('',#3153,#3155,#157,.T.);
#3785=EDGE_CURVE('',#3155,#3154,#4465,.T.);
#3786=EDGE_CURVE('',#3154,#2893,#4466,.T.);
#3787=EDGE_CURVE('',#3155,#2892,#4467,.T.);
#3788=EDGE_CURVE('',#3156,#3157,#4468,.T.);
#3789=EDGE_CURVE('',#3158,#3156,#4469,.T.);
#3790=EDGE_CURVE('',#3158,#3159,#4470,.T.);
#3791=EDGE_CURVE('',#3159,#3157,#4471,.T.);
#3792=EDGE_CURVE('',#3157,#3160,#4472,.T.);
#3793=EDGE_CURVE('',#3159,#3161,#4473,.T.);
#3794=EDGE_CURVE('',#3161,#3160,#4474,.T.);
#3795=EDGE_CURVE('',#3160,#3162,#158,.T.);
#3796=EDGE_CURVE('',#3161,#3163,#159,.T.);
#3797=EDGE_CURVE('',#3163,#3162,#4475,.T.);
#3798=EDGE_CURVE('',#3162,#2855,#4476,.T.);
#3799=EDGE_CURVE('',#3163,#2852,#4477,.T.);
#3800=EDGE_CURVE('',#2854,#3164,#4478,.T.);
#3801=EDGE_CURVE('',#2853,#3165,#4479,.T.);
#3802=EDGE_CURVE('',#3165,#3164,#4480,.T.);
#3803=EDGE_CURVE('',#3164,#3166,#160,.T.);
#3804=EDGE_CURVE('',#3165,#3167,#161,.T.);
#3805=EDGE_CURVE('',#3167,#3166,#4481,.T.);
#3806=EDGE_CURVE('',#3166,#3156,#4482,.T.);
#3807=EDGE_CURVE('',#3167,#3158,#4483,.T.);
#3808=EDGE_CURVE('',#3168,#3169,#4484,.T.);
#3809=EDGE_CURVE('',#3170,#3168,#4485,.T.);
#3810=EDGE_CURVE('',#3170,#3171,#4486,.T.);
#3811=EDGE_CURVE('',#3171,#3169,#4487,.T.);
#3812=EDGE_CURVE('',#3169,#3172,#4488,.T.);
#3813=EDGE_CURVE('',#3171,#3173,#4489,.T.);
#3814=EDGE_CURVE('',#3173,#3172,#4490,.T.);
#3815=EDGE_CURVE('',#3172,#3174,#162,.T.);
#3816=EDGE_CURVE('',#3173,#3175,#163,.T.);
#3817=EDGE_CURVE('',#3175,#3174,#4491,.T.);
#3818=EDGE_CURVE('',#3174,#2867,#4492,.T.);
#3819=EDGE_CURVE('',#3175,#2864,#4493,.T.);
#3820=EDGE_CURVE('',#2866,#3176,#4494,.T.);
#3821=EDGE_CURVE('',#2865,#3177,#4495,.T.);
#3822=EDGE_CURVE('',#3177,#3176,#4496,.T.);
#3823=EDGE_CURVE('',#3176,#3178,#164,.T.);
#3824=EDGE_CURVE('',#3177,#3179,#165,.T.);
#3825=EDGE_CURVE('',#3179,#3178,#4497,.T.);
#3826=EDGE_CURVE('',#3178,#3168,#4498,.T.);
#3827=EDGE_CURVE('',#3179,#3170,#4499,.T.);
#3828=EDGE_CURVE('',#3180,#3181,#4500,.T.);
#3829=EDGE_CURVE('',#3182,#3180,#4501,.T.);
#3830=EDGE_CURVE('',#3182,#3183,#4502,.T.);
#3831=EDGE_CURVE('',#3183,#3181,#4503,.T.);
#3832=EDGE_CURVE('',#3181,#3184,#4504,.T.);
#3833=EDGE_CURVE('',#3183,#3185,#4505,.T.);
#3834=EDGE_CURVE('',#3185,#3184,#4506,.T.);
#3835=EDGE_CURVE('',#3184,#3186,#166,.T.);
#3836=EDGE_CURVE('',#3185,#3187,#167,.T.);
#3837=EDGE_CURVE('',#3187,#3186,#4507,.T.);
#3838=EDGE_CURVE('',#3186,#2851,#4508,.T.);
#3839=EDGE_CURVE('',#3187,#2848,#4509,.T.);
#3840=EDGE_CURVE('',#2850,#3188,#4510,.T.);
#3841=EDGE_CURVE('',#2849,#3189,#4511,.T.);
#3842=EDGE_CURVE('',#3189,#3188,#4512,.T.);
#3843=EDGE_CURVE('',#3188,#3190,#168,.T.);
#3844=EDGE_CURVE('',#3189,#3191,#169,.T.);
#3845=EDGE_CURVE('',#3191,#3190,#4513,.T.);
#3846=EDGE_CURVE('',#3190,#3180,#4514,.T.);
#3847=EDGE_CURVE('',#3191,#3182,#4515,.T.);
#3848=EDGE_CURVE('',#3192,#3193,#4516,.T.);
#3849=EDGE_CURVE('',#3194,#3192,#4517,.T.);
#3850=EDGE_CURVE('',#3194,#3195,#4518,.T.);
#3851=EDGE_CURVE('',#3195,#3193,#4519,.T.);
#3852=EDGE_CURVE('',#3193,#3196,#4520,.T.);
#3853=EDGE_CURVE('',#3195,#3197,#4521,.T.);
#3854=EDGE_CURVE('',#3197,#3196,#4522,.T.);
#3855=EDGE_CURVE('',#3196,#3198,#170,.T.);
#3856=EDGE_CURVE('',#3197,#3199,#171,.T.);
#3857=EDGE_CURVE('',#3199,#3198,#4523,.T.);
#3858=EDGE_CURVE('',#3198,#2871,#4524,.T.);
#3859=EDGE_CURVE('',#3199,#2868,#4525,.T.);
#3860=EDGE_CURVE('',#2870,#3200,#4526,.T.);
#3861=EDGE_CURVE('',#2869,#3201,#4527,.T.);
#3862=EDGE_CURVE('',#3201,#3200,#4528,.T.);
#3863=EDGE_CURVE('',#3200,#3202,#172,.T.);
#3864=EDGE_CURVE('',#3201,#3203,#173,.T.);
#3865=EDGE_CURVE('',#3203,#3202,#4529,.T.);
#3866=EDGE_CURVE('',#3202,#3192,#4530,.T.);
#3867=EDGE_CURVE('',#3203,#3194,#4531,.T.);
#3868=EDGE_CURVE('',#3204,#3205,#4532,.T.);
#3869=EDGE_CURVE('',#3206,#3204,#4533,.T.);
#3870=EDGE_CURVE('',#3206,#3207,#4534,.T.);
#3871=EDGE_CURVE('',#3207,#3205,#4535,.T.);
#3872=EDGE_CURVE('',#3205,#3208,#4536,.T.);
#3873=EDGE_CURVE('',#3207,#3209,#4537,.T.);
#3874=EDGE_CURVE('',#3209,#3208,#4538,.T.);
#3875=EDGE_CURVE('',#3208,#3210,#174,.T.);
#3876=EDGE_CURVE('',#3209,#3211,#175,.T.);
#3877=EDGE_CURVE('',#3211,#3210,#4539,.T.);
#3878=EDGE_CURVE('',#3210,#2847,#4540,.T.);
#3879=EDGE_CURVE('',#3211,#2844,#4541,.T.);
#3880=EDGE_CURVE('',#2846,#3212,#4542,.T.);
#3881=EDGE_CURVE('',#2845,#3213,#4543,.T.);
#3882=EDGE_CURVE('',#3213,#3212,#4544,.T.);
#3883=EDGE_CURVE('',#3212,#3214,#176,.T.);
#3884=EDGE_CURVE('',#3213,#3215,#177,.T.);
#3885=EDGE_CURVE('',#3215,#3214,#4545,.T.);
#3886=EDGE_CURVE('',#3214,#3204,#4546,.T.);
#3887=EDGE_CURVE('',#3215,#3206,#4547,.T.);
#3888=EDGE_CURVE('',#3216,#3217,#4548,.T.);
#3889=EDGE_CURVE('',#3218,#3216,#4549,.T.);
#3890=EDGE_CURVE('',#3218,#3219,#4550,.T.);
#3891=EDGE_CURVE('',#3219,#3217,#4551,.T.);
#3892=EDGE_CURVE('',#3217,#3220,#4552,.T.);
#3893=EDGE_CURVE('',#3219,#3221,#4553,.T.);
#3894=EDGE_CURVE('',#3221,#3220,#4554,.T.);
#3895=EDGE_CURVE('',#3220,#3222,#178,.T.);
#3896=EDGE_CURVE('',#3221,#3223,#179,.T.);
#3897=EDGE_CURVE('',#3223,#3222,#4555,.T.);
#3898=EDGE_CURVE('',#3222,#2875,#4556,.T.);
#3899=EDGE_CURVE('',#3223,#2872,#4557,.T.);
#3900=EDGE_CURVE('',#2874,#3224,#4558,.T.);
#3901=EDGE_CURVE('',#2873,#3225,#4559,.T.);
#3902=EDGE_CURVE('',#3225,#3224,#4560,.T.);
#3903=EDGE_CURVE('',#3224,#3226,#180,.T.);
#3904=EDGE_CURVE('',#3225,#3227,#181,.T.);
#3905=EDGE_CURVE('',#3227,#3226,#4561,.T.);
#3906=EDGE_CURVE('',#3226,#3216,#4562,.T.);
#3907=EDGE_CURVE('',#3227,#3218,#4563,.T.);
#3908=EDGE_CURVE('',#3228,#3229,#4564,.T.);
#3909=EDGE_CURVE('',#3230,#3228,#4565,.T.);
#3910=EDGE_CURVE('',#3230,#3231,#4566,.T.);
#3911=EDGE_CURVE('',#3231,#3229,#4567,.T.);
#3912=EDGE_CURVE('',#3229,#3232,#4568,.T.);
#3913=EDGE_CURVE('',#3231,#3233,#4569,.T.);
#3914=EDGE_CURVE('',#3233,#3232,#4570,.T.);
#3915=EDGE_CURVE('',#3232,#3234,#182,.T.);
#3916=EDGE_CURVE('',#3233,#3235,#183,.T.);
#3917=EDGE_CURVE('',#3235,#3234,#4571,.T.);
#3918=EDGE_CURVE('',#3234,#2843,#4572,.T.);
#3919=EDGE_CURVE('',#3235,#2840,#4573,.T.);
#3920=EDGE_CURVE('',#2842,#3236,#4574,.T.);
#3921=EDGE_CURVE('',#2841,#3237,#4575,.T.);
#3922=EDGE_CURVE('',#3237,#3236,#4576,.T.);
#3923=EDGE_CURVE('',#3236,#3238,#184,.T.);
#3924=EDGE_CURVE('',#3237,#3239,#185,.T.);
#3925=EDGE_CURVE('',#3239,#3238,#4577,.T.);
#3926=EDGE_CURVE('',#3238,#3228,#4578,.T.);
#3927=EDGE_CURVE('',#3239,#3230,#4579,.T.);
#3928=EDGE_CURVE('',#3240,#3241,#4580,.T.);
#3929=EDGE_CURVE('',#3242,#3240,#4581,.T.);
#3930=EDGE_CURVE('',#3242,#3243,#4582,.T.);
#3931=EDGE_CURVE('',#3243,#3241,#4583,.T.);
#3932=EDGE_CURVE('',#3241,#3244,#4584,.T.);
#3933=EDGE_CURVE('',#3243,#3245,#4585,.T.);
#3934=EDGE_CURVE('',#3245,#3244,#4586,.T.);
#3935=EDGE_CURVE('',#3244,#3246,#186,.T.);
#3936=EDGE_CURVE('',#3245,#3247,#187,.T.);
#3937=EDGE_CURVE('',#3247,#3246,#4587,.T.);
#3938=EDGE_CURVE('',#3246,#2879,#4588,.T.);
#3939=EDGE_CURVE('',#3247,#2876,#4589,.T.);
#3940=EDGE_CURVE('',#2878,#3248,#4590,.T.);
#3941=EDGE_CURVE('',#2877,#3249,#4591,.T.);
#3942=EDGE_CURVE('',#3249,#3248,#4592,.T.);
#3943=EDGE_CURVE('',#3248,#3250,#188,.T.);
#3944=EDGE_CURVE('',#3249,#3251,#189,.T.);
#3945=EDGE_CURVE('',#3251,#3250,#4593,.T.);
#3946=EDGE_CURVE('',#3250,#3240,#4594,.T.);
#3947=EDGE_CURVE('',#3251,#3242,#4595,.T.);
#3948=EDGE_CURVE('',#3252,#3253,#4596,.T.);
#3949=EDGE_CURVE('',#3254,#3252,#4597,.T.);
#3950=EDGE_CURVE('',#3254,#3255,#4598,.T.);
#3951=EDGE_CURVE('',#3255,#3253,#4599,.T.);
#3952=EDGE_CURVE('',#3253,#3256,#4600,.T.);
#3953=EDGE_CURVE('',#3255,#3257,#4601,.T.);
#3954=EDGE_CURVE('',#3257,#3256,#4602,.T.);
#3955=EDGE_CURVE('',#3256,#3258,#190,.T.);
#3956=EDGE_CURVE('',#3257,#3259,#191,.T.);
#3957=EDGE_CURVE('',#3259,#3258,#4603,.T.);
#3958=EDGE_CURVE('',#3258,#2839,#4604,.T.);
#3959=EDGE_CURVE('',#3259,#2836,#4605,.T.);
#3960=EDGE_CURVE('',#2838,#3260,#4606,.T.);
#3961=EDGE_CURVE('',#2837,#3261,#4607,.T.);
#3962=EDGE_CURVE('',#3261,#3260,#4608,.T.);
#3963=EDGE_CURVE('',#3260,#3262,#192,.T.);
#3964=EDGE_CURVE('',#3261,#3263,#193,.T.);
#3965=EDGE_CURVE('',#3263,#3262,#4609,.T.);
#3966=EDGE_CURVE('',#3262,#3252,#4610,.T.);
#3967=EDGE_CURVE('',#3263,#3254,#4611,.T.);
#3968=EDGE_CURVE('',#3264,#3265,#4612,.T.);
#3969=EDGE_CURVE('',#3266,#3264,#4613,.T.);
#3970=EDGE_CURVE('',#3266,#3267,#4614,.T.);
#3971=EDGE_CURVE('',#3267,#3265,#4615,.T.);
#3972=EDGE_CURVE('',#3265,#3268,#4616,.T.);
#3973=EDGE_CURVE('',#3267,#3269,#4617,.T.);
#3974=EDGE_CURVE('',#3269,#3268,#4618,.T.);
#3975=EDGE_CURVE('',#3268,#3270,#194,.T.);
#3976=EDGE_CURVE('',#3269,#3271,#195,.T.);
#3977=EDGE_CURVE('',#3271,#3270,#4619,.T.);
#3978=EDGE_CURVE('',#3270,#2883,#4620,.T.);
#3979=EDGE_CURVE('',#3271,#2880,#4621,.T.);
#3980=EDGE_CURVE('',#2882,#3272,#4622,.T.);
#3981=EDGE_CURVE('',#2881,#3273,#4623,.T.);
#3982=EDGE_CURVE('',#3273,#3272,#4624,.T.);
#3983=EDGE_CURVE('',#3272,#3274,#196,.T.);
#3984=EDGE_CURVE('',#3273,#3275,#197,.T.);
#3985=EDGE_CURVE('',#3275,#3274,#4625,.T.);
#3986=EDGE_CURVE('',#3274,#3264,#4626,.T.);
#3987=EDGE_CURVE('',#3275,#3266,#4627,.T.);
#3988=EDGE_CURVE('',#3276,#3277,#4628,.T.);
#3989=EDGE_CURVE('',#3278,#3276,#4629,.T.);
#3990=EDGE_CURVE('',#3278,#3279,#4630,.T.);
#3991=EDGE_CURVE('',#3279,#3277,#4631,.T.);
#3992=EDGE_CURVE('',#3277,#3280,#4632,.T.);
#3993=EDGE_CURVE('',#3279,#3281,#4633,.T.);
#3994=EDGE_CURVE('',#3281,#3280,#4634,.T.);
#3995=EDGE_CURVE('',#3280,#3282,#198,.T.);
#3996=EDGE_CURVE('',#3281,#3283,#199,.T.);
#3997=EDGE_CURVE('',#3283,#3282,#4635,.T.);
#3998=EDGE_CURVE('',#3282,#2835,#4636,.T.);
#3999=EDGE_CURVE('',#3283,#2832,#4637,.T.);
#4000=EDGE_CURVE('',#2834,#3284,#4638,.T.);
#4001=EDGE_CURVE('',#2833,#3285,#4639,.T.);
#4002=EDGE_CURVE('',#3285,#3284,#4640,.T.);
#4003=EDGE_CURVE('',#3284,#3286,#200,.T.);
#4004=EDGE_CURVE('',#3285,#3287,#201,.T.);
#4005=EDGE_CURVE('',#3287,#3286,#4641,.T.);
#4006=EDGE_CURVE('',#3286,#3276,#4642,.T.);
#4007=EDGE_CURVE('',#3287,#3278,#4643,.T.);
#4008=EDGE_CURVE('',#3288,#3289,#4644,.T.);
#4009=EDGE_CURVE('',#3290,#3288,#4645,.T.);
#4010=EDGE_CURVE('',#3290,#3291,#4646,.T.);
#4011=EDGE_CURVE('',#3291,#3289,#4647,.T.);
#4012=EDGE_CURVE('',#3289,#3292,#4648,.T.);
#4013=EDGE_CURVE('',#3291,#3293,#4649,.T.);
#4014=EDGE_CURVE('',#3293,#3292,#4650,.T.);
#4015=EDGE_CURVE('',#3292,#3294,#202,.T.);
#4016=EDGE_CURVE('',#3293,#3295,#203,.T.);
#4017=EDGE_CURVE('',#3295,#3294,#4651,.T.);
#4018=EDGE_CURVE('',#3294,#2887,#4652,.T.);
#4019=EDGE_CURVE('',#3295,#2884,#4653,.T.);
#4020=EDGE_CURVE('',#2886,#3296,#4654,.T.);
#4021=EDGE_CURVE('',#2885,#3297,#4655,.T.);
#4022=EDGE_CURVE('',#3297,#3296,#4656,.T.);
#4023=EDGE_CURVE('',#3296,#3298,#204,.T.);
#4024=EDGE_CURVE('',#3297,#3299,#205,.T.);
#4025=EDGE_CURVE('',#3299,#3298,#4657,.T.);
#4026=EDGE_CURVE('',#3298,#3288,#4658,.T.);
#4027=EDGE_CURVE('',#3299,#3290,#4659,.T.);
#4028=EDGE_CURVE('',#3300,#3301,#4660,.T.);
#4029=EDGE_CURVE('',#3302,#3300,#4661,.T.);
#4030=EDGE_CURVE('',#3302,#3303,#4662,.T.);
#4031=EDGE_CURVE('',#3303,#3301,#4663,.T.);
#4032=EDGE_CURVE('',#3301,#3304,#4664,.T.);
#4033=EDGE_CURVE('',#3303,#3305,#4665,.T.);
#4034=EDGE_CURVE('',#3305,#3304,#4666,.T.);
#4035=EDGE_CURVE('',#3304,#3306,#206,.T.);
#4036=EDGE_CURVE('',#3305,#3307,#207,.T.);
#4037=EDGE_CURVE('',#3307,#3306,#4667,.T.);
#4038=EDGE_CURVE('',#3306,#2831,#4668,.T.);
#4039=EDGE_CURVE('',#3307,#2828,#4669,.T.);
#4040=EDGE_CURVE('',#2830,#3308,#4670,.T.);
#4041=EDGE_CURVE('',#2829,#3309,#4671,.T.);
#4042=EDGE_CURVE('',#3309,#3308,#4672,.T.);
#4043=EDGE_CURVE('',#3308,#3310,#208,.T.);
#4044=EDGE_CURVE('',#3309,#3311,#209,.T.);
#4045=EDGE_CURVE('',#3311,#3310,#4673,.T.);
#4046=EDGE_CURVE('',#3310,#3300,#4674,.T.);
#4047=EDGE_CURVE('',#3311,#3302,#4675,.T.);
#4048=EDGE_CURVE('',#3312,#3313,#4676,.T.);
#4049=EDGE_CURVE('',#3314,#3312,#4677,.T.);
#4050=EDGE_CURVE('',#3314,#3315,#4678,.T.);
#4051=EDGE_CURVE('',#3315,#3313,#4679,.T.);
#4052=EDGE_CURVE('',#3313,#3316,#4680,.T.);
#4053=EDGE_CURVE('',#3315,#3317,#4681,.T.);
#4054=EDGE_CURVE('',#3317,#3316,#4682,.T.);
#4055=EDGE_CURVE('',#3316,#3318,#210,.T.);
#4056=EDGE_CURVE('',#3317,#3319,#211,.T.);
#4057=EDGE_CURVE('',#3319,#3318,#4683,.T.);
#4058=EDGE_CURVE('',#3318,#2891,#4684,.T.);
#4059=EDGE_CURVE('',#3319,#2888,#4685,.T.);
#4060=EDGE_CURVE('',#2890,#3320,#4686,.T.);
#4061=EDGE_CURVE('',#2889,#3321,#4687,.T.);
#4062=EDGE_CURVE('',#3321,#3320,#4688,.T.);
#4063=EDGE_CURVE('',#3320,#3322,#212,.T.);
#4064=EDGE_CURVE('',#3321,#3323,#213,.T.);
#4065=EDGE_CURVE('',#3323,#3322,#4689,.T.);
#4066=EDGE_CURVE('',#3322,#3312,#4690,.T.);
#4067=EDGE_CURVE('',#3323,#3314,#4691,.T.);
#4068=LINE('',#7147,#4692);
#4069=LINE('',#7150,#4693);
#4070=LINE('',#7152,#4694);
#4071=LINE('',#7154,#4695);
#4072=LINE('',#7155,#4696);
#4073=LINE('',#7158,#4697);
#4074=LINE('',#7160,#4698);
#4075=LINE('',#7162,#4699);
#4076=LINE('',#7163,#4700);
#4077=LINE('',#7166,#4701);
#4078=LINE('',#7168,#4702);
#4079=LINE('',#7170,#4703);
#4080=LINE('',#7171,#4704);
#4081=LINE('',#7174,#4705);
#4082=LINE('',#7176,#4706);
#4083=LINE('',#7178,#4707);
#4084=LINE('',#7179,#4708);
#4085=LINE('',#7182,#4709);
#4086=LINE('',#7184,#4710);
#4087=LINE('',#7186,#4711);
#4088=LINE('',#7187,#4712);
#4089=LINE('',#7190,#4713);
#4090=LINE('',#7192,#4714);
#4091=LINE('',#7194,#4715);
#4092=LINE('',#7195,#4716);
#4093=LINE('',#7198,#4717);
#4094=LINE('',#7200,#4718);
#4095=LINE('',#7202,#4719);
#4096=LINE('',#7203,#4720);
#4097=LINE('',#7206,#4721);
#4098=LINE('',#7208,#4722);
#4099=LINE('',#7210,#4723);
#4100=LINE('',#7211,#4724);
#4101=LINE('',#7214,#4725);
#4102=LINE('',#7216,#4726);
#4103=LINE('',#7218,#4727);
#4104=LINE('',#7219,#4728);
#4105=LINE('',#7222,#4729);
#4106=LINE('',#7224,#4730);
#4107=LINE('',#7226,#4731);
#4108=LINE('',#7227,#4732);
#4109=LINE('',#7230,#4733);
#4110=LINE('',#7232,#4734);
#4111=LINE('',#7234,#4735);
#4112=LINE('',#7235,#4736);
#4113=LINE('',#7238,#4737);
#4114=LINE('',#7240,#4738);
#4115=LINE('',#7242,#4739);
#4116=LINE('',#7243,#4740);
#4117=LINE('',#7246,#4741);
#4118=LINE('',#7248,#4742);
#4119=LINE('',#7250,#4743);
#4120=LINE('',#7251,#4744);
#4121=LINE('',#7254,#4745);
#4122=LINE('',#7256,#4746);
#4123=LINE('',#7258,#4747);
#4124=LINE('',#7259,#4748);
#4125=LINE('',#7262,#4749);
#4126=LINE('',#7264,#4750);
#4127=LINE('',#7266,#4751);
#4128=LINE('',#7267,#4752);
#4129=LINE('',#7270,#4753);
#4130=LINE('',#7272,#4754);
#4131=LINE('',#7274,#4755);
#4132=LINE('',#7276,#4756);
#4133=LINE('',#7279,#4757);
#4134=LINE('',#7281,#4758);
#4135=LINE('',#7283,#4759);
#4136=LINE('',#7284,#4760);
#4137=LINE('',#7287,#4761);
#4138=LINE('',#7289,#4762);
#4139=LINE('',#7291,#4763);
#4140=LINE('',#7292,#4764);
#4141=LINE('',#7295,#4765);
#4142=LINE('',#7297,#4766);
#4143=LINE('',#7299,#4767);
#4144=LINE('',#7300,#4768);
#4145=LINE('',#7303,#4769);
#4146=LINE('',#7305,#4770);
#4147=LINE('',#7307,#4771);
#4148=LINE('',#7308,#4772);
#4149=LINE('',#7311,#4773);
#4150=LINE('',#7313,#4774);
#4151=LINE('',#7315,#4775);
#4152=LINE('',#7316,#4776);
#4153=LINE('',#7319,#4777);
#4154=LINE('',#7321,#4778);
#4155=LINE('',#7323,#4779);
#4156=LINE('',#7324,#4780);
#4157=LINE('',#7327,#4781);
#4158=LINE('',#7329,#4782);
#4159=LINE('',#7331,#4783);
#4160=LINE('',#7332,#4784);
#4161=LINE('',#7335,#4785);
#4162=LINE('',#7337,#4786);
#4163=LINE('',#7339,#4787);
#4164=LINE('',#7340,#4788);
#4165=LINE('',#7343,#4789);
#4166=LINE('',#7345,#4790);
#4167=LINE('',#7347,#4791);
#4168=LINE('',#7348,#4792);
#4169=LINE('',#7351,#4793);
#4170=LINE('',#7353,#4794);
#4171=LINE('',#7355,#4795);
#4172=LINE('',#7356,#4796);
#4173=LINE('',#7359,#4797);
#4174=LINE('',#7361,#4798);
#4175=LINE('',#7363,#4799);
#4176=LINE('',#7364,#4800);
#4177=LINE('',#7367,#4801);
#4178=LINE('',#7369,#4802);
#4179=LINE('',#7371,#4803);
#4180=LINE('',#7372,#4804);
#4181=LINE('',#7375,#4805);
#4182=LINE('',#7377,#4806);
#4183=LINE('',#7379,#4807);
#4184=LINE('',#7380,#4808);
#4185=LINE('',#7383,#4809);
#4186=LINE('',#7385,#4810);
#4187=LINE('',#7387,#4811);
#4188=LINE('',#7388,#4812);
#4189=LINE('',#7391,#4813);
#4190=LINE('',#7393,#4814);
#4191=LINE('',#7395,#4815);
#4192=LINE('',#7396,#4816);
#4193=LINE('',#7399,#4817);
#4194=LINE('',#7401,#4818);
#4195=LINE('',#7403,#4819);
#4196=LINE('',#7405,#4820);
#4197=LINE('',#7408,#4821);
#4198=LINE('',#7410,#4822);
#4199=LINE('',#7412,#4823);
#4200=LINE('',#7413,#4824);
#4201=LINE('',#7414,#4825);
#4202=LINE('',#7416,#4826);
#4203=LINE('',#7417,#4827);
#4204=LINE('',#7421,#4828);
#4205=LINE('',#7423,#4829);
#4206=LINE('',#7425,#4830);
#4207=LINE('',#7427,#4831);
#4208=LINE('',#7429,#4832);
#4209=LINE('',#7431,#4833);
#4210=LINE('',#7433,#4834);
#4211=LINE('',#7435,#4835);
#4212=LINE('',#7438,#4836);
#4213=LINE('',#7440,#4837);
#4214=LINE('',#7442,#4838);
#4215=LINE('',#7448,#4839);
#4216=LINE('',#7450,#4840);
#4217=LINE('',#7452,#4841);
#4218=LINE('',#7454,#4842);
#4219=LINE('',#7456,#4843);
#4220=LINE('',#7458,#4844);
#4221=LINE('',#7460,#4845);
#4222=LINE('',#7462,#4846);
#4223=LINE('',#7464,#4847);
#4224=LINE('',#7466,#4848);
#4225=LINE('',#7472,#4849);
#4226=LINE('',#7474,#4850);
#4227=LINE('',#7475,#4851);
#4228=LINE('',#7479,#4852);
#4229=LINE('',#7482,#4853);
#4230=LINE('',#7484,#4854);
#4231=LINE('',#7486,#4855);
#4232=LINE('',#7488,#4856);
#4233=LINE('',#7490,#4857);
#4234=LINE('',#7492,#4858);
#4235=LINE('',#7498,#4859);
#4236=LINE('',#7500,#4860);
#4237=LINE('',#7501,#4861);
#4238=LINE('',#7503,#4862);
#4239=LINE('',#7505,#4863);
#4240=LINE('',#7507,#4864);
#4241=LINE('',#7513,#4865);
#4242=LINE('',#7515,#4866);
#4243=LINE('',#7516,#4867);
#4244=LINE('',#7520,#4868);
#4245=LINE('',#7522,#4869);
#4246=LINE('',#7524,#4870);
#4247=LINE('',#7530,#4871);
#4248=LINE('',#7532,#4872);
#4249=LINE('',#7534,#4873);
#4250=LINE('',#7536,#4874);
#4251=LINE('',#7538,#4875);
#4252=LINE('',#7540,#4876);
#4253=LINE('',#7542,#4877);
#4254=LINE('',#7544,#4878);
#4255=LINE('',#7546,#4879);
#4256=LINE('',#7548,#4880);
#4257=LINE('',#7554,#4881);
#4258=LINE('',#7556,#4882);
#4259=LINE('',#7557,#4883);
#4260=LINE('',#7561,#4884);
#4261=LINE('',#7563,#4885);
#4262=LINE('',#7565,#4886);
#4263=LINE('',#7571,#4887);
#4264=LINE('',#7573,#4888);
#4265=LINE('',#7575,#4889);
#4266=LINE('',#7577,#4890);
#4267=LINE('',#7579,#4891);
#4268=LINE('',#7581,#4892);
#4269=LINE('',#7583,#4893);
#4270=LINE('',#7585,#4894);
#4271=LINE('',#7587,#4895);
#4272=LINE('',#7589,#4896);
#4273=LINE('',#7595,#4897);
#4274=LINE('',#7597,#4898);
#4275=LINE('',#7598,#4899);
#4276=LINE('',#7602,#4900);
#4277=LINE('',#7604,#4901);
#4278=LINE('',#7606,#4902);
#4279=LINE('',#7612,#4903);
#4280=LINE('',#7614,#4904);
#4281=LINE('',#7616,#4905);
#4282=LINE('',#7618,#4906);
#4283=LINE('',#7620,#4907);
#4284=LINE('',#7622,#4908);
#4285=LINE('',#7624,#4909);
#4286=LINE('',#7626,#4910);
#4287=LINE('',#7628,#4911);
#4288=LINE('',#7630,#4912);
#4289=LINE('',#7636,#4913);
#4290=LINE('',#7638,#4914);
#4291=LINE('',#7639,#4915);
#4292=LINE('',#7643,#4916);
#4293=LINE('',#7645,#4917);
#4294=LINE('',#7647,#4918);
#4295=LINE('',#7653,#4919);
#4296=LINE('',#7655,#4920);
#4297=LINE('',#7657,#4921);
#4298=LINE('',#7659,#4922);
#4299=LINE('',#7661,#4923);
#4300=LINE('',#7663,#4924);
#4301=LINE('',#7665,#4925);
#4302=LINE('',#7667,#4926);
#4303=LINE('',#7669,#4927);
#4304=LINE('',#7671,#4928);
#4305=LINE('',#7677,#4929);
#4306=LINE('',#7679,#4930);
#4307=LINE('',#7680,#4931);
#4308=LINE('',#7684,#4932);
#4309=LINE('',#7686,#4933);
#4310=LINE('',#7688,#4934);
#4311=LINE('',#7694,#4935);
#4312=LINE('',#7696,#4936);
#4313=LINE('',#7698,#4937);
#4314=LINE('',#7700,#4938);
#4315=LINE('',#7702,#4939);
#4316=LINE('',#7704,#4940);
#4317=LINE('',#7706,#4941);
#4318=LINE('',#7708,#4942);
#4319=LINE('',#7710,#4943);
#4320=LINE('',#7712,#4944);
#4321=LINE('',#7718,#4945);
#4322=LINE('',#7720,#4946);
#4323=LINE('',#7721,#4947);
#4324=LINE('',#7725,#4948);
#4325=LINE('',#7727,#4949);
#4326=LINE('',#7729,#4950);
#4327=LINE('',#7735,#4951);
#4328=LINE('',#7737,#4952);
#4329=LINE('',#7739,#4953);
#4330=LINE('',#7741,#4954);
#4331=LINE('',#7743,#4955);
#4332=LINE('',#7745,#4956);
#4333=LINE('',#7747,#4957);
#4334=LINE('',#7749,#4958);
#4335=LINE('',#7751,#4959);
#4336=LINE('',#7753,#4960);
#4337=LINE('',#7759,#4961);
#4338=LINE('',#7761,#4962);
#4339=LINE('',#7762,#4963);
#4340=LINE('',#7766,#4964);
#4341=LINE('',#7768,#4965);
#4342=LINE('',#7770,#4966);
#4343=LINE('',#7776,#4967);
#4344=LINE('',#7778,#4968);
#4345=LINE('',#7780,#4969);
#4346=LINE('',#7782,#4970);
#4347=LINE('',#7784,#4971);
#4348=LINE('',#7786,#4972);
#4349=LINE('',#7788,#4973);
#4350=LINE('',#7790,#4974);
#4351=LINE('',#7792,#4975);
#4352=LINE('',#7794,#4976);
#4353=LINE('',#7800,#4977);
#4354=LINE('',#7802,#4978);
#4355=LINE('',#7803,#4979);
#4356=LINE('',#7807,#4980);
#4357=LINE('',#7809,#4981);
#4358=LINE('',#7811,#4982);
#4359=LINE('',#7817,#4983);
#4360=LINE('',#7819,#4984);
#4361=LINE('',#7821,#4985);
#4362=LINE('',#7823,#4986);
#4363=LINE('',#7825,#4987);
#4364=LINE('',#7827,#4988);
#4365=LINE('',#7829,#4989);
#4366=LINE('',#7831,#4990);
#4367=LINE('',#7833,#4991);
#4368=LINE('',#7835,#4992);
#4369=LINE('',#7841,#4993);
#4370=LINE('',#7843,#4994);
#4371=LINE('',#7844,#4995);
#4372=LINE('',#7848,#4996);
#4373=LINE('',#7850,#4997);
#4374=LINE('',#7852,#4998);
#4375=LINE('',#7858,#4999);
#4376=LINE('',#7860,#5000);
#4377=LINE('',#7862,#5001);
#4378=LINE('',#7864,#5002);
#4379=LINE('',#7866,#5003);
#4380=LINE('',#7868,#5004);
#4381=LINE('',#7870,#5005);
#4382=LINE('',#7872,#5006);
#4383=LINE('',#7874,#5007);
#4384=LINE('',#7876,#5008);
#4385=LINE('',#7882,#5009);
#4386=LINE('',#7884,#5010);
#4387=LINE('',#7885,#5011);
#4388=LINE('',#7889,#5012);
#4389=LINE('',#7891,#5013);
#4390=LINE('',#7893,#5014);
#4391=LINE('',#7899,#5015);
#4392=LINE('',#7901,#5016);
#4393=LINE('',#7903,#5017);
#4394=LINE('',#7905,#5018);
#4395=LINE('',#7907,#5019);
#4396=LINE('',#7909,#5020);
#4397=LINE('',#7911,#5021);
#4398=LINE('',#7913,#5022);
#4399=LINE('',#7915,#5023);
#4400=LINE('',#7917,#5024);
#4401=LINE('',#7923,#5025);
#4402=LINE('',#7925,#5026);
#4403=LINE('',#7926,#5027);
#4404=LINE('',#7930,#5028);
#4405=LINE('',#7932,#5029);
#4406=LINE('',#7934,#5030);
#4407=LINE('',#7940,#5031);
#4408=LINE('',#7942,#5032);
#4409=LINE('',#7944,#5033);
#4410=LINE('',#7946,#5034);
#4411=LINE('',#7948,#5035);
#4412=LINE('',#7950,#5036);
#4413=LINE('',#7952,#5037);
#4414=LINE('',#7954,#5038);
#4415=LINE('',#7956,#5039);
#4416=LINE('',#7958,#5040);
#4417=LINE('',#7964,#5041);
#4418=LINE('',#7966,#5042);
#4419=LINE('',#7967,#5043);
#4420=LINE('',#7971,#5044);
#4421=LINE('',#7973,#5045);
#4422=LINE('',#7975,#5046);
#4423=LINE('',#7981,#5047);
#4424=LINE('',#7983,#5048);
#4425=LINE('',#7985,#5049);
#4426=LINE('',#7987,#5050);
#4427=LINE('',#7989,#5051);
#4428=LINE('',#7991,#5052);
#4429=LINE('',#7993,#5053);
#4430=LINE('',#7995,#5054);
#4431=LINE('',#7997,#5055);
#4432=LINE('',#7999,#5056);
#4433=LINE('',#8005,#5057);
#4434=LINE('',#8007,#5058);
#4435=LINE('',#8008,#5059);
#4436=LINE('',#8012,#5060);
#4437=LINE('',#8014,#5061);
#4438=LINE('',#8016,#5062);
#4439=LINE('',#8022,#5063);
#4440=LINE('',#8024,#5064);
#4441=LINE('',#8026,#5065);
#4442=LINE('',#8028,#5066);
#4443=LINE('',#8030,#5067);
#4444=LINE('',#8032,#5068);
#4445=LINE('',#8034,#5069);
#4446=LINE('',#8036,#5070);
#4447=LINE('',#8038,#5071);
#4448=LINE('',#8040,#5072);
#4449=LINE('',#8046,#5073);
#4450=LINE('',#8048,#5074);
#4451=LINE('',#8049,#5075);
#4452=LINE('',#8053,#5076);
#4453=LINE('',#8055,#5077);
#4454=LINE('',#8057,#5078);
#4455=LINE('',#8063,#5079);
#4456=LINE('',#8065,#5080);
#4457=LINE('',#8067,#5081);
#4458=LINE('',#8069,#5082);
#4459=LINE('',#8071,#5083);
#4460=LINE('',#8073,#5084);
#4461=LINE('',#8075,#5085);
#4462=LINE('',#8077,#5086);
#4463=LINE('',#8079,#5087);
#4464=LINE('',#8081,#5088);
#4465=LINE('',#8087,#5089);
#4466=LINE('',#8089,#5090);
#4467=LINE('',#8090,#5091);
#4468=LINE('',#8094,#5092);
#4469=LINE('',#8097,#5093);
#4470=LINE('',#8099,#5094);
#4471=LINE('',#8101,#5095);
#4472=LINE('',#8103,#5096);
#4473=LINE('',#8105,#5097);
#4474=LINE('',#8107,#5098);
#4475=LINE('',#8113,#5099);
#4476=LINE('',#8115,#5100);
#4477=LINE('',#8116,#5101);
#4478=LINE('',#8118,#5102);
#4479=LINE('',#8120,#5103);
#4480=LINE('',#8122,#5104);
#4481=LINE('',#8128,#5105);
#4482=LINE('',#8130,#5106);
#4483=LINE('',#8131,#5107);
#4484=LINE('',#8135,#5108);
#4485=LINE('',#8138,#5109);
#4486=LINE('',#8140,#5110);
#4487=LINE('',#8142,#5111);
#4488=LINE('',#8144,#5112);
#4489=LINE('',#8146,#5113);
#4490=LINE('',#8148,#5114);
#4491=LINE('',#8154,#5115);
#4492=LINE('',#8156,#5116);
#4493=LINE('',#8157,#5117);
#4494=LINE('',#8159,#5118);
#4495=LINE('',#8161,#5119);
#4496=LINE('',#8163,#5120);
#4497=LINE('',#8169,#5121);
#4498=LINE('',#8171,#5122);
#4499=LINE('',#8172,#5123);
#4500=LINE('',#8176,#5124);
#4501=LINE('',#8179,#5125);
#4502=LINE('',#8181,#5126);
#4503=LINE('',#8183,#5127);
#4504=LINE('',#8185,#5128);
#4505=LINE('',#8187,#5129);
#4506=LINE('',#8189,#5130);
#4507=LINE('',#8195,#5131);
#4508=LINE('',#8197,#5132);
#4509=LINE('',#8198,#5133);
#4510=LINE('',#8200,#5134);
#4511=LINE('',#8202,#5135);
#4512=LINE('',#8204,#5136);
#4513=LINE('',#8210,#5137);
#4514=LINE('',#8212,#5138);
#4515=LINE('',#8213,#5139);
#4516=LINE('',#8217,#5140);
#4517=LINE('',#8220,#5141);
#4518=LINE('',#8222,#5142);
#4519=LINE('',#8224,#5143);
#4520=LINE('',#8226,#5144);
#4521=LINE('',#8228,#5145);
#4522=LINE('',#8230,#5146);
#4523=LINE('',#8236,#5147);
#4524=LINE('',#8238,#5148);
#4525=LINE('',#8239,#5149);
#4526=LINE('',#8241,#5150);
#4527=LINE('',#8243,#5151);
#4528=LINE('',#8245,#5152);
#4529=LINE('',#8251,#5153);
#4530=LINE('',#8253,#5154);
#4531=LINE('',#8254,#5155);
#4532=LINE('',#8258,#5156);
#4533=LINE('',#8261,#5157);
#4534=LINE('',#8263,#5158);
#4535=LINE('',#8265,#5159);
#4536=LINE('',#8267,#5160);
#4537=LINE('',#8269,#5161);
#4538=LINE('',#8271,#5162);
#4539=LINE('',#8277,#5163);
#4540=LINE('',#8279,#5164);
#4541=LINE('',#8280,#5165);
#4542=LINE('',#8282,#5166);
#4543=LINE('',#8284,#5167);
#4544=LINE('',#8286,#5168);
#4545=LINE('',#8292,#5169);
#4546=LINE('',#8294,#5170);
#4547=LINE('',#8295,#5171);
#4548=LINE('',#8299,#5172);
#4549=LINE('',#8302,#5173);
#4550=LINE('',#8304,#5174);
#4551=LINE('',#8306,#5175);
#4552=LINE('',#8308,#5176);
#4553=LINE('',#8310,#5177);
#4554=LINE('',#8312,#5178);
#4555=LINE('',#8318,#5179);
#4556=LINE('',#8320,#5180);
#4557=LINE('',#8321,#5181);
#4558=LINE('',#8323,#5182);
#4559=LINE('',#8325,#5183);
#4560=LINE('',#8327,#5184);
#4561=LINE('',#8333,#5185);
#4562=LINE('',#8335,#5186);
#4563=LINE('',#8336,#5187);
#4564=LINE('',#8340,#5188);
#4565=LINE('',#8343,#5189);
#4566=LINE('',#8345,#5190);
#4567=LINE('',#8347,#5191);
#4568=LINE('',#8349,#5192);
#4569=LINE('',#8351,#5193);
#4570=LINE('',#8353,#5194);
#4571=LINE('',#8359,#5195);
#4572=LINE('',#8361,#5196);
#4573=LINE('',#8362,#5197);
#4574=LINE('',#8364,#5198);
#4575=LINE('',#8366,#5199);
#4576=LINE('',#8368,#5200);
#4577=LINE('',#8374,#5201);
#4578=LINE('',#8376,#5202);
#4579=LINE('',#8377,#5203);
#4580=LINE('',#8381,#5204);
#4581=LINE('',#8384,#5205);
#4582=LINE('',#8386,#5206);
#4583=LINE('',#8388,#5207);
#4584=LINE('',#8390,#5208);
#4585=LINE('',#8392,#5209);
#4586=LINE('',#8394,#5210);
#4587=LINE('',#8400,#5211);
#4588=LINE('',#8402,#5212);
#4589=LINE('',#8403,#5213);
#4590=LINE('',#8405,#5214);
#4591=LINE('',#8407,#5215);
#4592=LINE('',#8409,#5216);
#4593=LINE('',#8415,#5217);
#4594=LINE('',#8417,#5218);
#4595=LINE('',#8418,#5219);
#4596=LINE('',#8422,#5220);
#4597=LINE('',#8425,#5221);
#4598=LINE('',#8427,#5222);
#4599=LINE('',#8429,#5223);
#4600=LINE('',#8431,#5224);
#4601=LINE('',#8433,#5225);
#4602=LINE('',#8435,#5226);
#4603=LINE('',#8441,#5227);
#4604=LINE('',#8443,#5228);
#4605=LINE('',#8444,#5229);
#4606=LINE('',#8446,#5230);
#4607=LINE('',#8448,#5231);
#4608=LINE('',#8450,#5232);
#4609=LINE('',#8456,#5233);
#4610=LINE('',#8458,#5234);
#4611=LINE('',#8459,#5235);
#4612=LINE('',#8463,#5236);
#4613=LINE('',#8466,#5237);
#4614=LINE('',#8468,#5238);
#4615=LINE('',#8470,#5239);
#4616=LINE('',#8472,#5240);
#4617=LINE('',#8474,#5241);
#4618=LINE('',#8476,#5242);
#4619=LINE('',#8482,#5243);
#4620=LINE('',#8484,#5244);
#4621=LINE('',#8485,#5245);
#4622=LINE('',#8487,#5246);
#4623=LINE('',#8489,#5247);
#4624=LINE('',#8491,#5248);
#4625=LINE('',#8497,#5249);
#4626=LINE('',#8499,#5250);
#4627=LINE('',#8500,#5251);
#4628=LINE('',#8504,#5252);
#4629=LINE('',#8507,#5253);
#4630=LINE('',#8509,#5254);
#4631=LINE('',#8511,#5255);
#4632=LINE('',#8513,#5256);
#4633=LINE('',#8515,#5257);
#4634=LINE('',#8517,#5258);
#4635=LINE('',#8523,#5259);
#4636=LINE('',#8525,#5260);
#4637=LINE('',#8526,#5261);
#4638=LINE('',#8528,#5262);
#4639=LINE('',#8530,#5263);
#4640=LINE('',#8532,#5264);
#4641=LINE('',#8538,#5265);
#4642=LINE('',#8540,#5266);
#4643=LINE('',#8541,#5267);
#4644=LINE('',#8545,#5268);
#4645=LINE('',#8548,#5269);
#4646=LINE('',#8550,#5270);
#4647=LINE('',#8552,#5271);
#4648=LINE('',#8554,#5272);
#4649=LINE('',#8556,#5273);
#4650=LINE('',#8558,#5274);
#4651=LINE('',#8564,#5275);
#4652=LINE('',#8566,#5276);
#4653=LINE('',#8567,#5277);
#4654=LINE('',#8569,#5278);
#4655=LINE('',#8571,#5279);
#4656=LINE('',#8573,#5280);
#4657=LINE('',#8579,#5281);
#4658=LINE('',#8581,#5282);
#4659=LINE('',#8582,#5283);
#4660=LINE('',#8586,#5284);
#4661=LINE('',#8589,#5285);
#4662=LINE('',#8591,#5286);
#4663=LINE('',#8593,#5287);
#4664=LINE('',#8595,#5288);
#4665=LINE('',#8597,#5289);
#4666=LINE('',#8599,#5290);
#4667=LINE('',#8605,#5291);
#4668=LINE('',#8607,#5292);
#4669=LINE('',#8608,#5293);
#4670=LINE('',#8610,#5294);
#4671=LINE('',#8612,#5295);
#4672=LINE('',#8614,#5296);
#4673=LINE('',#8620,#5297);
#4674=LINE('',#8622,#5298);
#4675=LINE('',#8623,#5299);
#4676=LINE('',#8627,#5300);
#4677=LINE('',#8630,#5301);
#4678=LINE('',#8632,#5302);
#4679=LINE('',#8634,#5303);
#4680=LINE('',#8636,#5304);
#4681=LINE('',#8638,#5305);
#4682=LINE('',#8640,#5306);
#4683=LINE('',#8646,#5307);
#4684=LINE('',#8648,#5308);
#4685=LINE('',#8649,#5309);
#4686=LINE('',#8651,#5310);
#4687=LINE('',#8653,#5311);
#4688=LINE('',#8655,#5312);
#4689=LINE('',#8661,#5313);
#4690=LINE('',#8663,#5314);
#4691=LINE('',#8664,#5315);
#4692=VECTOR('',#5720,1.);
#4693=VECTOR('',#5721,1.);
#4694=VECTOR('',#5722,1.);
#4695=VECTOR('',#5723,1.);
#4696=VECTOR('',#5724,1.);
#4697=VECTOR('',#5725,1.);
#4698=VECTOR('',#5726,1.);
#4699=VECTOR('',#5727,1.);
#4700=VECTOR('',#5728,1.);
#4701=VECTOR('',#5729,1.);
#4702=VECTOR('',#5730,1.);
#4703=VECTOR('',#5731,1.);
#4704=VECTOR('',#5732,1.);
#4705=VECTOR('',#5733,1.);
#4706=VECTOR('',#5734,1.);
#4707=VECTOR('',#5735,1.);
#4708=VECTOR('',#5736,1.);
#4709=VECTOR('',#5737,1.);
#4710=VECTOR('',#5738,1.);
#4711=VECTOR('',#5739,1.);
#4712=VECTOR('',#5740,1.);
#4713=VECTOR('',#5741,1.);
#4714=VECTOR('',#5742,1.);
#4715=VECTOR('',#5743,1.);
#4716=VECTOR('',#5744,1.);
#4717=VECTOR('',#5745,1.);
#4718=VECTOR('',#5746,1.);
#4719=VECTOR('',#5747,1.);
#4720=VECTOR('',#5748,1.);
#4721=VECTOR('',#5749,1.);
#4722=VECTOR('',#5750,1.);
#4723=VECTOR('',#5751,1.);
#4724=VECTOR('',#5752,1.);
#4725=VECTOR('',#5753,1.);
#4726=VECTOR('',#5754,1.);
#4727=VECTOR('',#5755,1.);
#4728=VECTOR('',#5756,1.);
#4729=VECTOR('',#5757,1.);
#4730=VECTOR('',#5758,1.);
#4731=VECTOR('',#5759,1.);
#4732=VECTOR('',#5760,1.);
#4733=VECTOR('',#5761,1.);
#4734=VECTOR('',#5762,1.);
#4735=VECTOR('',#5763,1.);
#4736=VECTOR('',#5764,1.);
#4737=VECTOR('',#5765,1.);
#4738=VECTOR('',#5766,1.);
#4739=VECTOR('',#5767,1.);
#4740=VECTOR('',#5768,1.);
#4741=VECTOR('',#5769,1.);
#4742=VECTOR('',#5770,1.);
#4743=VECTOR('',#5771,1.);
#4744=VECTOR('',#5772,1.);
#4745=VECTOR('',#5773,1.);
#4746=VECTOR('',#5774,1.);
#4747=VECTOR('',#5775,1.);
#4748=VECTOR('',#5776,1.);
#4749=VECTOR('',#5777,1.);
#4750=VECTOR('',#5778,1.);
#4751=VECTOR('',#5779,1.);
#4752=VECTOR('',#5780,1.);
#4753=VECTOR('',#5781,1.);
#4754=VECTOR('',#5782,1.);
#4755=VECTOR('',#5783,1.);
#4756=VECTOR('',#5786,1.);
#4757=VECTOR('',#5787,1.);
#4758=VECTOR('',#5788,1.);
#4759=VECTOR('',#5789,1.);
#4760=VECTOR('',#5790,1.);
#4761=VECTOR('',#5791,1.);
#4762=VECTOR('',#5792,1.);
#4763=VECTOR('',#5793,1.);
#4764=VECTOR('',#5794,1.);
#4765=VECTOR('',#5795,1.);
#4766=VECTOR('',#5796,1.);
#4767=VECTOR('',#5797,1.);
#4768=VECTOR('',#5798,1.);
#4769=VECTOR('',#5799,1.);
#4770=VECTOR('',#5800,1.);
#4771=VECTOR('',#5801,1.);
#4772=VECTOR('',#5802,1.);
#4773=VECTOR('',#5803,1.);
#4774=VECTOR('',#5804,1.);
#4775=VECTOR('',#5805,1.);
#4776=VECTOR('',#5806,1.);
#4777=VECTOR('',#5807,1.);
#4778=VECTOR('',#5808,1.);
#4779=VECTOR('',#5809,1.);
#4780=VECTOR('',#5810,1.);
#4781=VECTOR('',#5811,1.);
#4782=VECTOR('',#5812,1.);
#4783=VECTOR('',#5813,1.);
#4784=VECTOR('',#5814,1.);
#4785=VECTOR('',#5815,1.);
#4786=VECTOR('',#5816,1.);
#4787=VECTOR('',#5817,1.);
#4788=VECTOR('',#5818,1.);
#4789=VECTOR('',#5819,1.);
#4790=VECTOR('',#5820,1.);
#4791=VECTOR('',#5821,1.);
#4792=VECTOR('',#5822,1.);
#4793=VECTOR('',#5823,1.);
#4794=VECTOR('',#5824,1.);
#4795=VECTOR('',#5825,1.);
#4796=VECTOR('',#5826,1.);
#4797=VECTOR('',#5827,1.);
#4798=VECTOR('',#5828,1.);
#4799=VECTOR('',#5829,1.);
#4800=VECTOR('',#5830,1.);
#4801=VECTOR('',#5831,1.);
#4802=VECTOR('',#5832,1.);
#4803=VECTOR('',#5833,1.);
#4804=VECTOR('',#5834,1.);
#4805=VECTOR('',#5835,1.);
#4806=VECTOR('',#5836,1.);
#4807=VECTOR('',#5837,1.);
#4808=VECTOR('',#5838,1.);
#4809=VECTOR('',#5839,1.);
#4810=VECTOR('',#5840,1.);
#4811=VECTOR('',#5841,1.);
#4812=VECTOR('',#5842,1.);
#4813=VECTOR('',#5843,1.);
#4814=VECTOR('',#5844,1.);
#4815=VECTOR('',#5845,1.);
#4816=VECTOR('',#5846,1.);
#4817=VECTOR('',#5847,1.);
#4818=VECTOR('',#5848,1.);
#4819=VECTOR('',#5849,1.);
#4820=VECTOR('',#5852,1.);
#4821=VECTOR('',#5853,1.);
#4822=VECTOR('',#5854,1.);
#4823=VECTOR('',#5855,1.);
#4824=VECTOR('',#5856,1.);
#4825=VECTOR('',#5857,1.);
#4826=VECTOR('',#5860,1.);
#4827=VECTOR('',#5861,1.);
#4828=VECTOR('',#5868,1.);
#4829=VECTOR('',#5869,1.);
#4830=VECTOR('',#5870,1.);
#4831=VECTOR('',#5873,1.);
#4832=VECTOR('',#5874,1.);
#4833=VECTOR('',#5877,1.);
#4834=VECTOR('',#5878,1.);
#4835=VECTOR('',#5881,1.);
#4836=VECTOR('',#5886,1.);
#4837=VECTOR('',#5887,1.);
#4838=VECTOR('',#5888,1.);
#4839=VECTOR('',#5895,1.);
#4840=VECTOR('',#5898,1.);
#4841=VECTOR('',#5899,1.);
#4842=VECTOR('',#5900,1.);
#4843=VECTOR('',#5903,1.);
#4844=VECTOR('',#5904,1.);
#4845=VECTOR('',#5905,1.);
#4846=VECTOR('',#5908,1.);
#4847=VECTOR('',#5909,1.);
#4848=VECTOR('',#5910,1.);
#4849=VECTOR('',#5917,1.);
#4850=VECTOR('',#5920,1.);
#4851=VECTOR('',#5921,1.);
#4852=VECTOR('',#5928,1.);
#4853=VECTOR('',#5929,1.);
#4854=VECTOR('',#5930,1.);
#4855=VECTOR('',#5931,1.);
#4856=VECTOR('',#5934,1.);
#4857=VECTOR('',#5935,1.);
#4858=VECTOR('',#5936,1.);
#4859=VECTOR('',#5943,1.);
#4860=VECTOR('',#5946,1.);
#4861=VECTOR('',#5947,1.);
#4862=VECTOR('',#5950,1.);
#4863=VECTOR('',#5951,1.);
#4864=VECTOR('',#5952,1.);
#4865=VECTOR('',#5959,1.);
#4866=VECTOR('',#5962,1.);
#4867=VECTOR('',#5963,1.);
#4868=VECTOR('',#5970,1.);
#4869=VECTOR('',#5971,1.);
#4870=VECTOR('',#5972,1.);
#4871=VECTOR('',#5979,1.);
#4872=VECTOR('',#5982,1.);
#4873=VECTOR('',#5983,1.);
#4874=VECTOR('',#5984,1.);
#4875=VECTOR('',#5987,1.);
#4876=VECTOR('',#5988,1.);
#4877=VECTOR('',#5989,1.);
#4878=VECTOR('',#5992,1.);
#4879=VECTOR('',#5993,1.);
#4880=VECTOR('',#5994,1.);
#4881=VECTOR('',#6001,1.);
#4882=VECTOR('',#6004,1.);
#4883=VECTOR('',#6005,1.);
#4884=VECTOR('',#6012,1.);
#4885=VECTOR('',#6013,1.);
#4886=VECTOR('',#6014,1.);
#4887=VECTOR('',#6021,1.);
#4888=VECTOR('',#6024,1.);
#4889=VECTOR('',#6025,1.);
#4890=VECTOR('',#6026,1.);
#4891=VECTOR('',#6029,1.);
#4892=VECTOR('',#6030,1.);
#4893=VECTOR('',#6031,1.);
#4894=VECTOR('',#6034,1.);
#4895=VECTOR('',#6035,1.);
#4896=VECTOR('',#6036,1.);
#4897=VECTOR('',#6043,1.);
#4898=VECTOR('',#6046,1.);
#4899=VECTOR('',#6047,1.);
#4900=VECTOR('',#6054,1.);
#4901=VECTOR('',#6055,1.);
#4902=VECTOR('',#6056,1.);
#4903=VECTOR('',#6063,1.);
#4904=VECTOR('',#6066,1.);
#4905=VECTOR('',#6067,1.);
#4906=VECTOR('',#6068,1.);
#4907=VECTOR('',#6071,1.);
#4908=VECTOR('',#6072,1.);
#4909=VECTOR('',#6073,1.);
#4910=VECTOR('',#6076,1.);
#4911=VECTOR('',#6077,1.);
#4912=VECTOR('',#6078,1.);
#4913=VECTOR('',#6085,1.);
#4914=VECTOR('',#6088,1.);
#4915=VECTOR('',#6089,1.);
#4916=VECTOR('',#6096,1.);
#4917=VECTOR('',#6097,1.);
#4918=VECTOR('',#6098,1.);
#4919=VECTOR('',#6105,1.);
#4920=VECTOR('',#6108,1.);
#4921=VECTOR('',#6109,1.);
#4922=VECTOR('',#6110,1.);
#4923=VECTOR('',#6113,1.);
#4924=VECTOR('',#6114,1.);
#4925=VECTOR('',#6115,1.);
#4926=VECTOR('',#6118,1.);
#4927=VECTOR('',#6119,1.);
#4928=VECTOR('',#6120,1.);
#4929=VECTOR('',#6127,1.);
#4930=VECTOR('',#6130,1.);
#4931=VECTOR('',#6131,1.);
#4932=VECTOR('',#6138,1.);
#4933=VECTOR('',#6139,1.);
#4934=VECTOR('',#6140,1.);
#4935=VECTOR('',#6147,1.);
#4936=VECTOR('',#6150,1.);
#4937=VECTOR('',#6151,1.);
#4938=VECTOR('',#6152,1.);
#4939=VECTOR('',#6155,1.);
#4940=VECTOR('',#6156,1.);
#4941=VECTOR('',#6157,1.);
#4942=VECTOR('',#6160,1.);
#4943=VECTOR('',#6161,1.);
#4944=VECTOR('',#6162,1.);
#4945=VECTOR('',#6169,1.);
#4946=VECTOR('',#6172,1.);
#4947=VECTOR('',#6173,1.);
#4948=VECTOR('',#6180,1.);
#4949=VECTOR('',#6181,1.);
#4950=VECTOR('',#6182,1.);
#4951=VECTOR('',#6189,1.);
#4952=VECTOR('',#6192,1.);
#4953=VECTOR('',#6193,1.);
#4954=VECTOR('',#6194,1.);
#4955=VECTOR('',#6197,1.);
#4956=VECTOR('',#6198,1.);
#4957=VECTOR('',#6199,1.);
#4958=VECTOR('',#6202,1.);
#4959=VECTOR('',#6203,1.);
#4960=VECTOR('',#6204,1.);
#4961=VECTOR('',#6211,1.);
#4962=VECTOR('',#6214,1.);
#4963=VECTOR('',#6215,1.);
#4964=VECTOR('',#6222,1.);
#4965=VECTOR('',#6223,1.);
#4966=VECTOR('',#6224,1.);
#4967=VECTOR('',#6231,1.);
#4968=VECTOR('',#6234,1.);
#4969=VECTOR('',#6235,1.);
#4970=VECTOR('',#6236,1.);
#4971=VECTOR('',#6239,1.);
#4972=VECTOR('',#6240,1.);
#4973=VECTOR('',#6241,1.);
#4974=VECTOR('',#6244,1.);
#4975=VECTOR('',#6245,1.);
#4976=VECTOR('',#6246,1.);
#4977=VECTOR('',#6253,1.);
#4978=VECTOR('',#6256,1.);
#4979=VECTOR('',#6257,1.);
#4980=VECTOR('',#6264,1.);
#4981=VECTOR('',#6265,1.);
#4982=VECTOR('',#6266,1.);
#4983=VECTOR('',#6273,1.);
#4984=VECTOR('',#6276,1.);
#4985=VECTOR('',#6277,1.);
#4986=VECTOR('',#6278,1.);
#4987=VECTOR('',#6281,1.);
#4988=VECTOR('',#6282,1.);
#4989=VECTOR('',#6283,1.);
#4990=VECTOR('',#6286,1.);
#4991=VECTOR('',#6287,1.);
#4992=VECTOR('',#6288,1.);
#4993=VECTOR('',#6295,1.);
#4994=VECTOR('',#6298,1.);
#4995=VECTOR('',#6299,1.);
#4996=VECTOR('',#6306,1.);
#4997=VECTOR('',#6307,1.);
#4998=VECTOR('',#6308,1.);
#4999=VECTOR('',#6315,1.);
#5000=VECTOR('',#6318,1.);
#5001=VECTOR('',#6319,1.);
#5002=VECTOR('',#6320,1.);
#5003=VECTOR('',#6323,1.);
#5004=VECTOR('',#6324,1.);
#5005=VECTOR('',#6325,1.);
#5006=VECTOR('',#6328,1.);
#5007=VECTOR('',#6329,1.);
#5008=VECTOR('',#6330,1.);
#5009=VECTOR('',#6337,1.);
#5010=VECTOR('',#6340,1.);
#5011=VECTOR('',#6341,1.);
#5012=VECTOR('',#6348,1.);
#5013=VECTOR('',#6349,1.);
#5014=VECTOR('',#6350,1.);
#5015=VECTOR('',#6357,1.);
#5016=VECTOR('',#6360,1.);
#5017=VECTOR('',#6361,1.);
#5018=VECTOR('',#6362,1.);
#5019=VECTOR('',#6365,1.);
#5020=VECTOR('',#6366,1.);
#5021=VECTOR('',#6367,1.);
#5022=VECTOR('',#6370,1.);
#5023=VECTOR('',#6371,1.);
#5024=VECTOR('',#6372,1.);
#5025=VECTOR('',#6379,1.);
#5026=VECTOR('',#6382,1.);
#5027=VECTOR('',#6383,1.);
#5028=VECTOR('',#6390,1.);
#5029=VECTOR('',#6391,1.);
#5030=VECTOR('',#6392,1.);
#5031=VECTOR('',#6399,1.);
#5032=VECTOR('',#6402,1.);
#5033=VECTOR('',#6403,1.);
#5034=VECTOR('',#6404,1.);
#5035=VECTOR('',#6407,1.);
#5036=VECTOR('',#6408,1.);
#5037=VECTOR('',#6409,1.);
#5038=VECTOR('',#6412,1.);
#5039=VECTOR('',#6413,1.);
#5040=VECTOR('',#6414,1.);
#5041=VECTOR('',#6421,1.);
#5042=VECTOR('',#6424,1.);
#5043=VECTOR('',#6425,1.);
#5044=VECTOR('',#6432,1.);
#5045=VECTOR('',#6433,1.);
#5046=VECTOR('',#6434,1.);
#5047=VECTOR('',#6441,1.);
#5048=VECTOR('',#6444,1.);
#5049=VECTOR('',#6445,1.);
#5050=VECTOR('',#6446,1.);
#5051=VECTOR('',#6449,1.);
#5052=VECTOR('',#6450,1.);
#5053=VECTOR('',#6451,1.);
#5054=VECTOR('',#6454,1.);
#5055=VECTOR('',#6455,1.);
#5056=VECTOR('',#6456,1.);
#5057=VECTOR('',#6463,1.);
#5058=VECTOR('',#6466,1.);
#5059=VECTOR('',#6467,1.);
#5060=VECTOR('',#6474,1.);
#5061=VECTOR('',#6475,1.);
#5062=VECTOR('',#6476,1.);
#5063=VECTOR('',#6483,1.);
#5064=VECTOR('',#6486,1.);
#5065=VECTOR('',#6487,1.);
#5066=VECTOR('',#6488,1.);
#5067=VECTOR('',#6491,1.);
#5068=VECTOR('',#6492,1.);
#5069=VECTOR('',#6493,1.);
#5070=VECTOR('',#6496,1.);
#5071=VECTOR('',#6497,1.);
#5072=VECTOR('',#6498,1.);
#5073=VECTOR('',#6505,1.);
#5074=VECTOR('',#6508,1.);
#5075=VECTOR('',#6509,1.);
#5076=VECTOR('',#6516,1.);
#5077=VECTOR('',#6517,1.);
#5078=VECTOR('',#6518,1.);
#5079=VECTOR('',#6525,1.);
#5080=VECTOR('',#6528,1.);
#5081=VECTOR('',#6529,1.);
#5082=VECTOR('',#6530,1.);
#5083=VECTOR('',#6533,1.);
#5084=VECTOR('',#6534,1.);
#5085=VECTOR('',#6535,1.);
#5086=VECTOR('',#6538,1.);
#5087=VECTOR('',#6539,1.);
#5088=VECTOR('',#6540,1.);
#5089=VECTOR('',#6547,1.);
#5090=VECTOR('',#6550,1.);
#5091=VECTOR('',#6551,1.);
#5092=VECTOR('',#6558,1.);
#5093=VECTOR('',#6559,1.);
#5094=VECTOR('',#6560,1.);
#5095=VECTOR('',#6561,1.);
#5096=VECTOR('',#6564,1.);
#5097=VECTOR('',#6565,1.);
#5098=VECTOR('',#6566,1.);
#5099=VECTOR('',#6573,1.);
#5100=VECTOR('',#6576,1.);
#5101=VECTOR('',#6577,1.);
#5102=VECTOR('',#6580,1.);
#5103=VECTOR('',#6581,1.);
#5104=VECTOR('',#6582,1.);
#5105=VECTOR('',#6589,1.);
#5106=VECTOR('',#6592,1.);
#5107=VECTOR('',#6593,1.);
#5108=VECTOR('',#6600,1.);
#5109=VECTOR('',#6601,1.);
#5110=VECTOR('',#6602,1.);
#5111=VECTOR('',#6603,1.);
#5112=VECTOR('',#6606,1.);
#5113=VECTOR('',#6607,1.);
#5114=VECTOR('',#6608,1.);
#5115=VECTOR('',#6615,1.);
#5116=VECTOR('',#6618,1.);
#5117=VECTOR('',#6619,1.);
#5118=VECTOR('',#6622,1.);
#5119=VECTOR('',#6623,1.);
#5120=VECTOR('',#6624,1.);
#5121=VECTOR('',#6631,1.);
#5122=VECTOR('',#6634,1.);
#5123=VECTOR('',#6635,1.);
#5124=VECTOR('',#6642,1.);
#5125=VECTOR('',#6643,1.);
#5126=VECTOR('',#6644,1.);
#5127=VECTOR('',#6645,1.);
#5128=VECTOR('',#6648,1.);
#5129=VECTOR('',#6649,1.);
#5130=VECTOR('',#6650,1.);
#5131=VECTOR('',#6657,1.);
#5132=VECTOR('',#6660,1.);
#5133=VECTOR('',#6661,1.);
#5134=VECTOR('',#6664,1.);
#5135=VECTOR('',#6665,1.);
#5136=VECTOR('',#6666,1.);
#5137=VECTOR('',#6673,1.);
#5138=VECTOR('',#6676,1.);
#5139=VECTOR('',#6677,1.);
#5140=VECTOR('',#6684,1.);
#5141=VECTOR('',#6685,1.);
#5142=VECTOR('',#6686,1.);
#5143=VECTOR('',#6687,1.);
#5144=VECTOR('',#6690,1.);
#5145=VECTOR('',#6691,1.);
#5146=VECTOR('',#6692,1.);
#5147=VECTOR('',#6699,1.);
#5148=VECTOR('',#6702,1.);
#5149=VECTOR('',#6703,1.);
#5150=VECTOR('',#6706,1.);
#5151=VECTOR('',#6707,1.);
#5152=VECTOR('',#6708,1.);
#5153=VECTOR('',#6715,1.);
#5154=VECTOR('',#6718,1.);
#5155=VECTOR('',#6719,1.);
#5156=VECTOR('',#6726,1.);
#5157=VECTOR('',#6727,1.);
#5158=VECTOR('',#6728,1.);
#5159=VECTOR('',#6729,1.);
#5160=VECTOR('',#6732,1.);
#5161=VECTOR('',#6733,1.);
#5162=VECTOR('',#6734,1.);
#5163=VECTOR('',#6741,1.);
#5164=VECTOR('',#6744,1.);
#5165=VECTOR('',#6745,1.);
#5166=VECTOR('',#6748,1.);
#5167=VECTOR('',#6749,1.);
#5168=VECTOR('',#6750,1.);
#5169=VECTOR('',#6757,1.);
#5170=VECTOR('',#6760,1.);
#5171=VECTOR('',#6761,1.);
#5172=VECTOR('',#6768,1.);
#5173=VECTOR('',#6769,1.);
#5174=VECTOR('',#6770,1.);
#5175=VECTOR('',#6771,1.);
#5176=VECTOR('',#6774,1.);
#5177=VECTOR('',#6775,1.);
#5178=VECTOR('',#6776,1.);
#5179=VECTOR('',#6783,1.);
#5180=VECTOR('',#6786,1.);
#5181=VECTOR('',#6787,1.);
#5182=VECTOR('',#6790,1.);
#5183=VECTOR('',#6791,1.);
#5184=VECTOR('',#6792,1.);
#5185=VECTOR('',#6799,1.);
#5186=VECTOR('',#6802,1.);
#5187=VECTOR('',#6803,1.);
#5188=VECTOR('',#6810,1.);
#5189=VECTOR('',#6811,1.);
#5190=VECTOR('',#6812,1.);
#5191=VECTOR('',#6813,1.);
#5192=VECTOR('',#6816,1.);
#5193=VECTOR('',#6817,1.);
#5194=VECTOR('',#6818,1.);
#5195=VECTOR('',#6825,1.);
#5196=VECTOR('',#6828,1.);
#5197=VECTOR('',#6829,1.);
#5198=VECTOR('',#6832,1.);
#5199=VECTOR('',#6833,1.);
#5200=VECTOR('',#6834,1.);
#5201=VECTOR('',#6841,1.);
#5202=VECTOR('',#6844,1.);
#5203=VECTOR('',#6845,1.);
#5204=VECTOR('',#6852,1.);
#5205=VECTOR('',#6853,1.);
#5206=VECTOR('',#6854,1.);
#5207=VECTOR('',#6855,1.);
#5208=VECTOR('',#6858,1.);
#5209=VECTOR('',#6859,1.);
#5210=VECTOR('',#6860,1.);
#5211=VECTOR('',#6867,1.);
#5212=VECTOR('',#6870,1.);
#5213=VECTOR('',#6871,1.);
#5214=VECTOR('',#6874,1.);
#5215=VECTOR('',#6875,1.);
#5216=VECTOR('',#6876,1.);
#5217=VECTOR('',#6883,1.);
#5218=VECTOR('',#6886,1.);
#5219=VECTOR('',#6887,1.);
#5220=VECTOR('',#6894,1.);
#5221=VECTOR('',#6895,1.);
#5222=VECTOR('',#6896,1.);
#5223=VECTOR('',#6897,1.);
#5224=VECTOR('',#6900,1.);
#5225=VECTOR('',#6901,1.);
#5226=VECTOR('',#6902,1.);
#5227=VECTOR('',#6909,1.);
#5228=VECTOR('',#6912,1.);
#5229=VECTOR('',#6913,1.);
#5230=VECTOR('',#6916,1.);
#5231=VECTOR('',#6917,1.);
#5232=VECTOR('',#6918,1.);
#5233=VECTOR('',#6925,1.);
#5234=VECTOR('',#6928,1.);
#5235=VECTOR('',#6929,1.);
#5236=VECTOR('',#6936,1.);
#5237=VECTOR('',#6937,1.);
#5238=VECTOR('',#6938,1.);
#5239=VECTOR('',#6939,1.);
#5240=VECTOR('',#6942,1.);
#5241=VECTOR('',#6943,1.);
#5242=VECTOR('',#6944,1.);
#5243=VECTOR('',#6951,1.);
#5244=VECTOR('',#6954,1.);
#5245=VECTOR('',#6955,1.);
#5246=VECTOR('',#6958,1.);
#5247=VECTOR('',#6959,1.);
#5248=VECTOR('',#6960,1.);
#5249=VECTOR('',#6967,1.);
#5250=VECTOR('',#6970,1.);
#5251=VECTOR('',#6971,1.);
#5252=VECTOR('',#6978,1.);
#5253=VECTOR('',#6979,1.);
#5254=VECTOR('',#6980,1.);
#5255=VECTOR('',#6981,1.);
#5256=VECTOR('',#6984,1.);
#5257=VECTOR('',#6985,1.);
#5258=VECTOR('',#6986,1.);
#5259=VECTOR('',#6993,1.);
#5260=VECTOR('',#6996,1.);
#5261=VECTOR('',#6997,1.);
#5262=VECTOR('',#7000,1.);
#5263=VECTOR('',#7001,1.);
#5264=VECTOR('',#7002,1.);
#5265=VECTOR('',#7009,1.);
#5266=VECTOR('',#7012,1.);
#5267=VECTOR('',#7013,1.);
#5268=VECTOR('',#7020,1.);
#5269=VECTOR('',#7021,1.);
#5270=VECTOR('',#7022,1.);
#5271=VECTOR('',#7023,1.);
#5272=VECTOR('',#7026,1.);
#5273=VECTOR('',#7027,1.);
#5274=VECTOR('',#7028,1.);
#5275=VECTOR('',#7035,1.);
#5276=VECTOR('',#7038,1.);
#5277=VECTOR('',#7039,1.);
#5278=VECTOR('',#7042,1.);
#5279=VECTOR('',#7043,1.);
#5280=VECTOR('',#7044,1.);
#5281=VECTOR('',#7051,1.);
#5282=VECTOR('',#7054,1.);
#5283=VECTOR('',#7055,1.);
#5284=VECTOR('',#7062,1.);
#5285=VECTOR('',#7063,1.);
#5286=VECTOR('',#7064,1.);
#5287=VECTOR('',#7065,1.);
#5288=VECTOR('',#7068,1.);
#5289=VECTOR('',#7069,1.);
#5290=VECTOR('',#7070,1.);
#5291=VECTOR('',#7077,1.);
#5292=VECTOR('',#7080,1.);
#5293=VECTOR('',#7081,1.);
#5294=VECTOR('',#7084,1.);
#5295=VECTOR('',#7085,1.);
#5296=VECTOR('',#7086,1.);
#5297=VECTOR('',#7093,1.);
#5298=VECTOR('',#7096,1.);
#5299=VECTOR('',#7097,1.);
#5300=VECTOR('',#7104,1.);
#5301=VECTOR('',#7105,1.);
#5302=VECTOR('',#7106,1.);
#5303=VECTOR('',#7107,1.);
#5304=VECTOR('',#7110,1.);
#5305=VECTOR('',#7111,1.);
#5306=VECTOR('',#7112,1.);
#5307=VECTOR('',#7119,1.);
#5308=VECTOR('',#7122,1.);
#5309=VECTOR('',#7123,1.);
#5310=VECTOR('',#7126,1.);
#5311=VECTOR('',#7127,1.);
#5312=VECTOR('',#7128,1.);
#5313=VECTOR('',#7135,1.);
#5314=VECTOR('',#7138,1.);
#5315=VECTOR('',#7139,1.);
#5316=AXIS2_PLACEMENT_3D('',#7146,#5718,#5719);
#5317=AXIS2_PLACEMENT_3D('',#7275,#5784,#5785);
#5318=AXIS2_PLACEMENT_3D('',#7404,#5850,#5851);
#5319=AXIS2_PLACEMENT_3D('',#7415,#5858,#5859);
#5320=AXIS2_PLACEMENT_3D('',#7418,#5862,#5863);
#5321=AXIS2_PLACEMENT_3D('',#7419,#5864,#5865);
#5322=AXIS2_PLACEMENT_3D('',#7420,#5866,#5867);
#5323=AXIS2_PLACEMENT_3D('',#7426,#5871,#5872);
#5324=AXIS2_PLACEMENT_3D('',#7430,#5875,#5876);
#5325=AXIS2_PLACEMENT_3D('',#7434,#5879,#5880);
#5326=AXIS2_PLACEMENT_3D('',#7436,#5882,#5883);
#5327=AXIS2_PLACEMENT_3D('',#7437,#5884,#5885);
#5328=AXIS2_PLACEMENT_3D('',#7443,#5889,#5890);
#5329=AXIS2_PLACEMENT_3D('',#7444,#5891,#5892);
#5330=AXIS2_PLACEMENT_3D('',#7446,#5893,#5894);
#5331=AXIS2_PLACEMENT_3D('',#7449,#5896,#5897);
#5332=AXIS2_PLACEMENT_3D('',#7455,#5901,#5902);
#5333=AXIS2_PLACEMENT_3D('',#7461,#5906,#5907);
#5334=AXIS2_PLACEMENT_3D('',#7467,#5911,#5912);
#5335=AXIS2_PLACEMENT_3D('',#7468,#5913,#5914);
#5336=AXIS2_PLACEMENT_3D('',#7470,#5915,#5916);
#5337=AXIS2_PLACEMENT_3D('',#7473,#5918,#5919);
#5338=AXIS2_PLACEMENT_3D('',#7476,#5922,#5923);
#5339=AXIS2_PLACEMENT_3D('',#7477,#5924,#5925);
#5340=AXIS2_PLACEMENT_3D('',#7478,#5926,#5927);
#5341=AXIS2_PLACEMENT_3D('',#7487,#5932,#5933);
#5342=AXIS2_PLACEMENT_3D('',#7493,#5937,#5938);
#5343=AXIS2_PLACEMENT_3D('',#7494,#5939,#5940);
#5344=AXIS2_PLACEMENT_3D('',#7496,#5941,#5942);
#5345=AXIS2_PLACEMENT_3D('',#7499,#5944,#5945);
#5346=AXIS2_PLACEMENT_3D('',#7502,#5948,#5949);
#5347=AXIS2_PLACEMENT_3D('',#7508,#5953,#5954);
#5348=AXIS2_PLACEMENT_3D('',#7509,#5955,#5956);
#5349=AXIS2_PLACEMENT_3D('',#7511,#5957,#5958);
#5350=AXIS2_PLACEMENT_3D('',#7514,#5960,#5961);
#5351=AXIS2_PLACEMENT_3D('',#7517,#5964,#5965);
#5352=AXIS2_PLACEMENT_3D('',#7518,#5966,#5967);
#5353=AXIS2_PLACEMENT_3D('',#7519,#5968,#5969);
#5354=AXIS2_PLACEMENT_3D('',#7525,#5973,#5974);
#5355=AXIS2_PLACEMENT_3D('',#7526,#5975,#5976);
#5356=AXIS2_PLACEMENT_3D('',#7528,#5977,#5978);
#5357=AXIS2_PLACEMENT_3D('',#7531,#5980,#5981);
#5358=AXIS2_PLACEMENT_3D('',#7537,#5985,#5986);
#5359=AXIS2_PLACEMENT_3D('',#7543,#5990,#5991);
#5360=AXIS2_PLACEMENT_3D('',#7549,#5995,#5996);
#5361=AXIS2_PLACEMENT_3D('',#7550,#5997,#5998);
#5362=AXIS2_PLACEMENT_3D('',#7552,#5999,#6000);
#5363=AXIS2_PLACEMENT_3D('',#7555,#6002,#6003);
#5364=AXIS2_PLACEMENT_3D('',#7558,#6006,#6007);
#5365=AXIS2_PLACEMENT_3D('',#7559,#6008,#6009);
#5366=AXIS2_PLACEMENT_3D('',#7560,#6010,#6011);
#5367=AXIS2_PLACEMENT_3D('',#7566,#6015,#6016);
#5368=AXIS2_PLACEMENT_3D('',#7567,#6017,#6018);
#5369=AXIS2_PLACEMENT_3D('',#7569,#6019,#6020);
#5370=AXIS2_PLACEMENT_3D('',#7572,#6022,#6023);
#5371=AXIS2_PLACEMENT_3D('',#7578,#6027,#6028);
#5372=AXIS2_PLACEMENT_3D('',#7584,#6032,#6033);
#5373=AXIS2_PLACEMENT_3D('',#7590,#6037,#6038);
#5374=AXIS2_PLACEMENT_3D('',#7591,#6039,#6040);
#5375=AXIS2_PLACEMENT_3D('',#7593,#6041,#6042);
#5376=AXIS2_PLACEMENT_3D('',#7596,#6044,#6045);
#5377=AXIS2_PLACEMENT_3D('',#7599,#6048,#6049);
#5378=AXIS2_PLACEMENT_3D('',#7600,#6050,#6051);
#5379=AXIS2_PLACEMENT_3D('',#7601,#6052,#6053);
#5380=AXIS2_PLACEMENT_3D('',#7607,#6057,#6058);
#5381=AXIS2_PLACEMENT_3D('',#7608,#6059,#6060);
#5382=AXIS2_PLACEMENT_3D('',#7610,#6061,#6062);
#5383=AXIS2_PLACEMENT_3D('',#7613,#6064,#6065);
#5384=AXIS2_PLACEMENT_3D('',#7619,#6069,#6070);
#5385=AXIS2_PLACEMENT_3D('',#7625,#6074,#6075);
#5386=AXIS2_PLACEMENT_3D('',#7631,#6079,#6080);
#5387=AXIS2_PLACEMENT_3D('',#7632,#6081,#6082);
#5388=AXIS2_PLACEMENT_3D('',#7634,#6083,#6084);
#5389=AXIS2_PLACEMENT_3D('',#7637,#6086,#6087);
#5390=AXIS2_PLACEMENT_3D('',#7640,#6090,#6091);
#5391=AXIS2_PLACEMENT_3D('',#7641,#6092,#6093);
#5392=AXIS2_PLACEMENT_3D('',#7642,#6094,#6095);
#5393=AXIS2_PLACEMENT_3D('',#7648,#6099,#6100);
#5394=AXIS2_PLACEMENT_3D('',#7649,#6101,#6102);
#5395=AXIS2_PLACEMENT_3D('',#7651,#6103,#6104);
#5396=AXIS2_PLACEMENT_3D('',#7654,#6106,#6107);
#5397=AXIS2_PLACEMENT_3D('',#7660,#6111,#6112);
#5398=AXIS2_PLACEMENT_3D('',#7666,#6116,#6117);
#5399=AXIS2_PLACEMENT_3D('',#7672,#6121,#6122);
#5400=AXIS2_PLACEMENT_3D('',#7673,#6123,#6124);
#5401=AXIS2_PLACEMENT_3D('',#7675,#6125,#6126);
#5402=AXIS2_PLACEMENT_3D('',#7678,#6128,#6129);
#5403=AXIS2_PLACEMENT_3D('',#7681,#6132,#6133);
#5404=AXIS2_PLACEMENT_3D('',#7682,#6134,#6135);
#5405=AXIS2_PLACEMENT_3D('',#7683,#6136,#6137);
#5406=AXIS2_PLACEMENT_3D('',#7689,#6141,#6142);
#5407=AXIS2_PLACEMENT_3D('',#7690,#6143,#6144);
#5408=AXIS2_PLACEMENT_3D('',#7692,#6145,#6146);
#5409=AXIS2_PLACEMENT_3D('',#7695,#6148,#6149);
#5410=AXIS2_PLACEMENT_3D('',#7701,#6153,#6154);
#5411=AXIS2_PLACEMENT_3D('',#7707,#6158,#6159);
#5412=AXIS2_PLACEMENT_3D('',#7713,#6163,#6164);
#5413=AXIS2_PLACEMENT_3D('',#7714,#6165,#6166);
#5414=AXIS2_PLACEMENT_3D('',#7716,#6167,#6168);
#5415=AXIS2_PLACEMENT_3D('',#7719,#6170,#6171);
#5416=AXIS2_PLACEMENT_3D('',#7722,#6174,#6175);
#5417=AXIS2_PLACEMENT_3D('',#7723,#6176,#6177);
#5418=AXIS2_PLACEMENT_3D('',#7724,#6178,#6179);
#5419=AXIS2_PLACEMENT_3D('',#7730,#6183,#6184);
#5420=AXIS2_PLACEMENT_3D('',#7731,#6185,#6186);
#5421=AXIS2_PLACEMENT_3D('',#7733,#6187,#6188);
#5422=AXIS2_PLACEMENT_3D('',#7736,#6190,#6191);
#5423=AXIS2_PLACEMENT_3D('',#7742,#6195,#6196);
#5424=AXIS2_PLACEMENT_3D('',#7748,#6200,#6201);
#5425=AXIS2_PLACEMENT_3D('',#7754,#6205,#6206);
#5426=AXIS2_PLACEMENT_3D('',#7755,#6207,#6208);
#5427=AXIS2_PLACEMENT_3D('',#7757,#6209,#6210);
#5428=AXIS2_PLACEMENT_3D('',#7760,#6212,#6213);
#5429=AXIS2_PLACEMENT_3D('',#7763,#6216,#6217);
#5430=AXIS2_PLACEMENT_3D('',#7764,#6218,#6219);
#5431=AXIS2_PLACEMENT_3D('',#7765,#6220,#6221);
#5432=AXIS2_PLACEMENT_3D('',#7771,#6225,#6226);
#5433=AXIS2_PLACEMENT_3D('',#7772,#6227,#6228);
#5434=AXIS2_PLACEMENT_3D('',#7774,#6229,#6230);
#5435=AXIS2_PLACEMENT_3D('',#7777,#6232,#6233);
#5436=AXIS2_PLACEMENT_3D('',#7783,#6237,#6238);
#5437=AXIS2_PLACEMENT_3D('',#7789,#6242,#6243);
#5438=AXIS2_PLACEMENT_3D('',#7795,#6247,#6248);
#5439=AXIS2_PLACEMENT_3D('',#7796,#6249,#6250);
#5440=AXIS2_PLACEMENT_3D('',#7798,#6251,#6252);
#5441=AXIS2_PLACEMENT_3D('',#7801,#6254,#6255);
#5442=AXIS2_PLACEMENT_3D('',#7804,#6258,#6259);
#5443=AXIS2_PLACEMENT_3D('',#7805,#6260,#6261);
#5444=AXIS2_PLACEMENT_3D('',#7806,#6262,#6263);
#5445=AXIS2_PLACEMENT_3D('',#7812,#6267,#6268);
#5446=AXIS2_PLACEMENT_3D('',#7813,#6269,#6270);
#5447=AXIS2_PLACEMENT_3D('',#7815,#6271,#6272);
#5448=AXIS2_PLACEMENT_3D('',#7818,#6274,#6275);
#5449=AXIS2_PLACEMENT_3D('',#7824,#6279,#6280);
#5450=AXIS2_PLACEMENT_3D('',#7830,#6284,#6285);
#5451=AXIS2_PLACEMENT_3D('',#7836,#6289,#6290);
#5452=AXIS2_PLACEMENT_3D('',#7837,#6291,#6292);
#5453=AXIS2_PLACEMENT_3D('',#7839,#6293,#6294);
#5454=AXIS2_PLACEMENT_3D('',#7842,#6296,#6297);
#5455=AXIS2_PLACEMENT_3D('',#7845,#6300,#6301);
#5456=AXIS2_PLACEMENT_3D('',#7846,#6302,#6303);
#5457=AXIS2_PLACEMENT_3D('',#7847,#6304,#6305);
#5458=AXIS2_PLACEMENT_3D('',#7853,#6309,#6310);
#5459=AXIS2_PLACEMENT_3D('',#7854,#6311,#6312);
#5460=AXIS2_PLACEMENT_3D('',#7856,#6313,#6314);
#5461=AXIS2_PLACEMENT_3D('',#7859,#6316,#6317);
#5462=AXIS2_PLACEMENT_3D('',#7865,#6321,#6322);
#5463=AXIS2_PLACEMENT_3D('',#7871,#6326,#6327);
#5464=AXIS2_PLACEMENT_3D('',#7877,#6331,#6332);
#5465=AXIS2_PLACEMENT_3D('',#7878,#6333,#6334);
#5466=AXIS2_PLACEMENT_3D('',#7880,#6335,#6336);
#5467=AXIS2_PLACEMENT_3D('',#7883,#6338,#6339);
#5468=AXIS2_PLACEMENT_3D('',#7886,#6342,#6343);
#5469=AXIS2_PLACEMENT_3D('',#7887,#6344,#6345);
#5470=AXIS2_PLACEMENT_3D('',#7888,#6346,#6347);
#5471=AXIS2_PLACEMENT_3D('',#7894,#6351,#6352);
#5472=AXIS2_PLACEMENT_3D('',#7895,#6353,#6354);
#5473=AXIS2_PLACEMENT_3D('',#7897,#6355,#6356);
#5474=AXIS2_PLACEMENT_3D('',#7900,#6358,#6359);
#5475=AXIS2_PLACEMENT_3D('',#7906,#6363,#6364);
#5476=AXIS2_PLACEMENT_3D('',#7912,#6368,#6369);
#5477=AXIS2_PLACEMENT_3D('',#7918,#6373,#6374);
#5478=AXIS2_PLACEMENT_3D('',#7919,#6375,#6376);
#5479=AXIS2_PLACEMENT_3D('',#7921,#6377,#6378);
#5480=AXIS2_PLACEMENT_3D('',#7924,#6380,#6381);
#5481=AXIS2_PLACEMENT_3D('',#7927,#6384,#6385);
#5482=AXIS2_PLACEMENT_3D('',#7928,#6386,#6387);
#5483=AXIS2_PLACEMENT_3D('',#7929,#6388,#6389);
#5484=AXIS2_PLACEMENT_3D('',#7935,#6393,#6394);
#5485=AXIS2_PLACEMENT_3D('',#7936,#6395,#6396);
#5486=AXIS2_PLACEMENT_3D('',#7938,#6397,#6398);
#5487=AXIS2_PLACEMENT_3D('',#7941,#6400,#6401);
#5488=AXIS2_PLACEMENT_3D('',#7947,#6405,#6406);
#5489=AXIS2_PLACEMENT_3D('',#7953,#6410,#6411);
#5490=AXIS2_PLACEMENT_3D('',#7959,#6415,#6416);
#5491=AXIS2_PLACEMENT_3D('',#7960,#6417,#6418);
#5492=AXIS2_PLACEMENT_3D('',#7962,#6419,#6420);
#5493=AXIS2_PLACEMENT_3D('',#7965,#6422,#6423);
#5494=AXIS2_PLACEMENT_3D('',#7968,#6426,#6427);
#5495=AXIS2_PLACEMENT_3D('',#7969,#6428,#6429);
#5496=AXIS2_PLACEMENT_3D('',#7970,#6430,#6431);
#5497=AXIS2_PLACEMENT_3D('',#7976,#6435,#6436);
#5498=AXIS2_PLACEMENT_3D('',#7977,#6437,#6438);
#5499=AXIS2_PLACEMENT_3D('',#7979,#6439,#6440);
#5500=AXIS2_PLACEMENT_3D('',#7982,#6442,#6443);
#5501=AXIS2_PLACEMENT_3D('',#7988,#6447,#6448);
#5502=AXIS2_PLACEMENT_3D('',#7994,#6452,#6453);
#5503=AXIS2_PLACEMENT_3D('',#8000,#6457,#6458);
#5504=AXIS2_PLACEMENT_3D('',#8001,#6459,#6460);
#5505=AXIS2_PLACEMENT_3D('',#8003,#6461,#6462);
#5506=AXIS2_PLACEMENT_3D('',#8006,#6464,#6465);
#5507=AXIS2_PLACEMENT_3D('',#8009,#6468,#6469);
#5508=AXIS2_PLACEMENT_3D('',#8010,#6470,#6471);
#5509=AXIS2_PLACEMENT_3D('',#8011,#6472,#6473);
#5510=AXIS2_PLACEMENT_3D('',#8017,#6477,#6478);
#5511=AXIS2_PLACEMENT_3D('',#8018,#6479,#6480);
#5512=AXIS2_PLACEMENT_3D('',#8020,#6481,#6482);
#5513=AXIS2_PLACEMENT_3D('',#8023,#6484,#6485);
#5514=AXIS2_PLACEMENT_3D('',#8029,#6489,#6490);
#5515=AXIS2_PLACEMENT_3D('',#8035,#6494,#6495);
#5516=AXIS2_PLACEMENT_3D('',#8041,#6499,#6500);
#5517=AXIS2_PLACEMENT_3D('',#8042,#6501,#6502);
#5518=AXIS2_PLACEMENT_3D('',#8044,#6503,#6504);
#5519=AXIS2_PLACEMENT_3D('',#8047,#6506,#6507);
#5520=AXIS2_PLACEMENT_3D('',#8050,#6510,#6511);
#5521=AXIS2_PLACEMENT_3D('',#8051,#6512,#6513);
#5522=AXIS2_PLACEMENT_3D('',#8052,#6514,#6515);
#5523=AXIS2_PLACEMENT_3D('',#8058,#6519,#6520);
#5524=AXIS2_PLACEMENT_3D('',#8059,#6521,#6522);
#5525=AXIS2_PLACEMENT_3D('',#8061,#6523,#6524);
#5526=AXIS2_PLACEMENT_3D('',#8064,#6526,#6527);
#5527=AXIS2_PLACEMENT_3D('',#8070,#6531,#6532);
#5528=AXIS2_PLACEMENT_3D('',#8076,#6536,#6537);
#5529=AXIS2_PLACEMENT_3D('',#8082,#6541,#6542);
#5530=AXIS2_PLACEMENT_3D('',#8083,#6543,#6544);
#5531=AXIS2_PLACEMENT_3D('',#8085,#6545,#6546);
#5532=AXIS2_PLACEMENT_3D('',#8088,#6548,#6549);
#5533=AXIS2_PLACEMENT_3D('',#8091,#6552,#6553);
#5534=AXIS2_PLACEMENT_3D('',#8092,#6554,#6555);
#5535=AXIS2_PLACEMENT_3D('',#8093,#6556,#6557);
#5536=AXIS2_PLACEMENT_3D('',#8102,#6562,#6563);
#5537=AXIS2_PLACEMENT_3D('',#8108,#6567,#6568);
#5538=AXIS2_PLACEMENT_3D('',#8109,#6569,#6570);
#5539=AXIS2_PLACEMENT_3D('',#8111,#6571,#6572);
#5540=AXIS2_PLACEMENT_3D('',#8114,#6574,#6575);
#5541=AXIS2_PLACEMENT_3D('',#8117,#6578,#6579);
#5542=AXIS2_PLACEMENT_3D('',#8123,#6583,#6584);
#5543=AXIS2_PLACEMENT_3D('',#8124,#6585,#6586);
#5544=AXIS2_PLACEMENT_3D('',#8126,#6587,#6588);
#5545=AXIS2_PLACEMENT_3D('',#8129,#6590,#6591);
#5546=AXIS2_PLACEMENT_3D('',#8132,#6594,#6595);
#5547=AXIS2_PLACEMENT_3D('',#8133,#6596,#6597);
#5548=AXIS2_PLACEMENT_3D('',#8134,#6598,#6599);
#5549=AXIS2_PLACEMENT_3D('',#8143,#6604,#6605);
#5550=AXIS2_PLACEMENT_3D('',#8149,#6609,#6610);
#5551=AXIS2_PLACEMENT_3D('',#8150,#6611,#6612);
#5552=AXIS2_PLACEMENT_3D('',#8152,#6613,#6614);
#5553=AXIS2_PLACEMENT_3D('',#8155,#6616,#6617);
#5554=AXIS2_PLACEMENT_3D('',#8158,#6620,#6621);
#5555=AXIS2_PLACEMENT_3D('',#8164,#6625,#6626);
#5556=AXIS2_PLACEMENT_3D('',#8165,#6627,#6628);
#5557=AXIS2_PLACEMENT_3D('',#8167,#6629,#6630);
#5558=AXIS2_PLACEMENT_3D('',#8170,#6632,#6633);
#5559=AXIS2_PLACEMENT_3D('',#8173,#6636,#6637);
#5560=AXIS2_PLACEMENT_3D('',#8174,#6638,#6639);
#5561=AXIS2_PLACEMENT_3D('',#8175,#6640,#6641);
#5562=AXIS2_PLACEMENT_3D('',#8184,#6646,#6647);
#5563=AXIS2_PLACEMENT_3D('',#8190,#6651,#6652);
#5564=AXIS2_PLACEMENT_3D('',#8191,#6653,#6654);
#5565=AXIS2_PLACEMENT_3D('',#8193,#6655,#6656);
#5566=AXIS2_PLACEMENT_3D('',#8196,#6658,#6659);
#5567=AXIS2_PLACEMENT_3D('',#8199,#6662,#6663);
#5568=AXIS2_PLACEMENT_3D('',#8205,#6667,#6668);
#5569=AXIS2_PLACEMENT_3D('',#8206,#6669,#6670);
#5570=AXIS2_PLACEMENT_3D('',#8208,#6671,#6672);
#5571=AXIS2_PLACEMENT_3D('',#8211,#6674,#6675);
#5572=AXIS2_PLACEMENT_3D('',#8214,#6678,#6679);
#5573=AXIS2_PLACEMENT_3D('',#8215,#6680,#6681);
#5574=AXIS2_PLACEMENT_3D('',#8216,#6682,#6683);
#5575=AXIS2_PLACEMENT_3D('',#8225,#6688,#6689);
#5576=AXIS2_PLACEMENT_3D('',#8231,#6693,#6694);
#5577=AXIS2_PLACEMENT_3D('',#8232,#6695,#6696);
#5578=AXIS2_PLACEMENT_3D('',#8234,#6697,#6698);
#5579=AXIS2_PLACEMENT_3D('',#8237,#6700,#6701);
#5580=AXIS2_PLACEMENT_3D('',#8240,#6704,#6705);
#5581=AXIS2_PLACEMENT_3D('',#8246,#6709,#6710);
#5582=AXIS2_PLACEMENT_3D('',#8247,#6711,#6712);
#5583=AXIS2_PLACEMENT_3D('',#8249,#6713,#6714);
#5584=AXIS2_PLACEMENT_3D('',#8252,#6716,#6717);
#5585=AXIS2_PLACEMENT_3D('',#8255,#6720,#6721);
#5586=AXIS2_PLACEMENT_3D('',#8256,#6722,#6723);
#5587=AXIS2_PLACEMENT_3D('',#8257,#6724,#6725);
#5588=AXIS2_PLACEMENT_3D('',#8266,#6730,#6731);
#5589=AXIS2_PLACEMENT_3D('',#8272,#6735,#6736);
#5590=AXIS2_PLACEMENT_3D('',#8273,#6737,#6738);
#5591=AXIS2_PLACEMENT_3D('',#8275,#6739,#6740);
#5592=AXIS2_PLACEMENT_3D('',#8278,#6742,#6743);
#5593=AXIS2_PLACEMENT_3D('',#8281,#6746,#6747);
#5594=AXIS2_PLACEMENT_3D('',#8287,#6751,#6752);
#5595=AXIS2_PLACEMENT_3D('',#8288,#6753,#6754);
#5596=AXIS2_PLACEMENT_3D('',#8290,#6755,#6756);
#5597=AXIS2_PLACEMENT_3D('',#8293,#6758,#6759);
#5598=AXIS2_PLACEMENT_3D('',#8296,#6762,#6763);
#5599=AXIS2_PLACEMENT_3D('',#8297,#6764,#6765);
#5600=AXIS2_PLACEMENT_3D('',#8298,#6766,#6767);
#5601=AXIS2_PLACEMENT_3D('',#8307,#6772,#6773);
#5602=AXIS2_PLACEMENT_3D('',#8313,#6777,#6778);
#5603=AXIS2_PLACEMENT_3D('',#8314,#6779,#6780);
#5604=AXIS2_PLACEMENT_3D('',#8316,#6781,#6782);
#5605=AXIS2_PLACEMENT_3D('',#8319,#6784,#6785);
#5606=AXIS2_PLACEMENT_3D('',#8322,#6788,#6789);
#5607=AXIS2_PLACEMENT_3D('',#8328,#6793,#6794);
#5608=AXIS2_PLACEMENT_3D('',#8329,#6795,#6796);
#5609=AXIS2_PLACEMENT_3D('',#8331,#6797,#6798);
#5610=AXIS2_PLACEMENT_3D('',#8334,#6800,#6801);
#5611=AXIS2_PLACEMENT_3D('',#8337,#6804,#6805);
#5612=AXIS2_PLACEMENT_3D('',#8338,#6806,#6807);
#5613=AXIS2_PLACEMENT_3D('',#8339,#6808,#6809);
#5614=AXIS2_PLACEMENT_3D('',#8348,#6814,#6815);
#5615=AXIS2_PLACEMENT_3D('',#8354,#6819,#6820);
#5616=AXIS2_PLACEMENT_3D('',#8355,#6821,#6822);
#5617=AXIS2_PLACEMENT_3D('',#8357,#6823,#6824);
#5618=AXIS2_PLACEMENT_3D('',#8360,#6826,#6827);
#5619=AXIS2_PLACEMENT_3D('',#8363,#6830,#6831);
#5620=AXIS2_PLACEMENT_3D('',#8369,#6835,#6836);
#5621=AXIS2_PLACEMENT_3D('',#8370,#6837,#6838);
#5622=AXIS2_PLACEMENT_3D('',#8372,#6839,#6840);
#5623=AXIS2_PLACEMENT_3D('',#8375,#6842,#6843);
#5624=AXIS2_PLACEMENT_3D('',#8378,#6846,#6847);
#5625=AXIS2_PLACEMENT_3D('',#8379,#6848,#6849);
#5626=AXIS2_PLACEMENT_3D('',#8380,#6850,#6851);
#5627=AXIS2_PLACEMENT_3D('',#8389,#6856,#6857);
#5628=AXIS2_PLACEMENT_3D('',#8395,#6861,#6862);
#5629=AXIS2_PLACEMENT_3D('',#8396,#6863,#6864);
#5630=AXIS2_PLACEMENT_3D('',#8398,#6865,#6866);
#5631=AXIS2_PLACEMENT_3D('',#8401,#6868,#6869);
#5632=AXIS2_PLACEMENT_3D('',#8404,#6872,#6873);
#5633=AXIS2_PLACEMENT_3D('',#8410,#6877,#6878);
#5634=AXIS2_PLACEMENT_3D('',#8411,#6879,#6880);
#5635=AXIS2_PLACEMENT_3D('',#8413,#6881,#6882);
#5636=AXIS2_PLACEMENT_3D('',#8416,#6884,#6885);
#5637=AXIS2_PLACEMENT_3D('',#8419,#6888,#6889);
#5638=AXIS2_PLACEMENT_3D('',#8420,#6890,#6891);
#5639=AXIS2_PLACEMENT_3D('',#8421,#6892,#6893);
#5640=AXIS2_PLACEMENT_3D('',#8430,#6898,#6899);
#5641=AXIS2_PLACEMENT_3D('',#8436,#6903,#6904);
#5642=AXIS2_PLACEMENT_3D('',#8437,#6905,#6906);
#5643=AXIS2_PLACEMENT_3D('',#8439,#6907,#6908);
#5644=AXIS2_PLACEMENT_3D('',#8442,#6910,#6911);
#5645=AXIS2_PLACEMENT_3D('',#8445,#6914,#6915);
#5646=AXIS2_PLACEMENT_3D('',#8451,#6919,#6920);
#5647=AXIS2_PLACEMENT_3D('',#8452,#6921,#6922);
#5648=AXIS2_PLACEMENT_3D('',#8454,#6923,#6924);
#5649=AXIS2_PLACEMENT_3D('',#8457,#6926,#6927);
#5650=AXIS2_PLACEMENT_3D('',#8460,#6930,#6931);
#5651=AXIS2_PLACEMENT_3D('',#8461,#6932,#6933);
#5652=AXIS2_PLACEMENT_3D('',#8462,#6934,#6935);
#5653=AXIS2_PLACEMENT_3D('',#8471,#6940,#6941);
#5654=AXIS2_PLACEMENT_3D('',#8477,#6945,#6946);
#5655=AXIS2_PLACEMENT_3D('',#8478,#6947,#6948);
#5656=AXIS2_PLACEMENT_3D('',#8480,#6949,#6950);
#5657=AXIS2_PLACEMENT_3D('',#8483,#6952,#6953);
#5658=AXIS2_PLACEMENT_3D('',#8486,#6956,#6957);
#5659=AXIS2_PLACEMENT_3D('',#8492,#6961,#6962);
#5660=AXIS2_PLACEMENT_3D('',#8493,#6963,#6964);
#5661=AXIS2_PLACEMENT_3D('',#8495,#6965,#6966);
#5662=AXIS2_PLACEMENT_3D('',#8498,#6968,#6969);
#5663=AXIS2_PLACEMENT_3D('',#8501,#6972,#6973);
#5664=AXIS2_PLACEMENT_3D('',#8502,#6974,#6975);
#5665=AXIS2_PLACEMENT_3D('',#8503,#6976,#6977);
#5666=AXIS2_PLACEMENT_3D('',#8512,#6982,#6983);
#5667=AXIS2_PLACEMENT_3D('',#8518,#6987,#6988);
#5668=AXIS2_PLACEMENT_3D('',#8519,#6989,#6990);
#5669=AXIS2_PLACEMENT_3D('',#8521,#6991,#6992);
#5670=AXIS2_PLACEMENT_3D('',#8524,#6994,#6995);
#5671=AXIS2_PLACEMENT_3D('',#8527,#6998,#6999);
#5672=AXIS2_PLACEMENT_3D('',#8533,#7003,#7004);
#5673=AXIS2_PLACEMENT_3D('',#8534,#7005,#7006);
#5674=AXIS2_PLACEMENT_3D('',#8536,#7007,#7008);
#5675=AXIS2_PLACEMENT_3D('',#8539,#7010,#7011);
#5676=AXIS2_PLACEMENT_3D('',#8542,#7014,#7015);
#5677=AXIS2_PLACEMENT_3D('',#8543,#7016,#7017);
#5678=AXIS2_PLACEMENT_3D('',#8544,#7018,#7019);
#5679=AXIS2_PLACEMENT_3D('',#8553,#7024,#7025);
#5680=AXIS2_PLACEMENT_3D('',#8559,#7029,#7030);
#5681=AXIS2_PLACEMENT_3D('',#8560,#7031,#7032);
#5682=AXIS2_PLACEMENT_3D('',#8562,#7033,#7034);
#5683=AXIS2_PLACEMENT_3D('',#8565,#7036,#7037);
#5684=AXIS2_PLACEMENT_3D('',#8568,#7040,#7041);
#5685=AXIS2_PLACEMENT_3D('',#8574,#7045,#7046);
#5686=AXIS2_PLACEMENT_3D('',#8575,#7047,#7048);
#5687=AXIS2_PLACEMENT_3D('',#8577,#7049,#7050);
#5688=AXIS2_PLACEMENT_3D('',#8580,#7052,#7053);
#5689=AXIS2_PLACEMENT_3D('',#8583,#7056,#7057);
#5690=AXIS2_PLACEMENT_3D('',#8584,#7058,#7059);
#5691=AXIS2_PLACEMENT_3D('',#8585,#7060,#7061);
#5692=AXIS2_PLACEMENT_3D('',#8594,#7066,#7067);
#5693=AXIS2_PLACEMENT_3D('',#8600,#7071,#7072);
#5694=AXIS2_PLACEMENT_3D('',#8601,#7073,#7074);
#5695=AXIS2_PLACEMENT_3D('',#8603,#7075,#7076);
#5696=AXIS2_PLACEMENT_3D('',#8606,#7078,#7079);
#5697=AXIS2_PLACEMENT_3D('',#8609,#7082,#7083);
#5698=AXIS2_PLACEMENT_3D('',#8615,#7087,#7088);
#5699=AXIS2_PLACEMENT_3D('',#8616,#7089,#7090);
#5700=AXIS2_PLACEMENT_3D('',#8618,#7091,#7092);
#5701=AXIS2_PLACEMENT_3D('',#8621,#7094,#7095);
#5702=AXIS2_PLACEMENT_3D('',#8624,#7098,#7099);
#5703=AXIS2_PLACEMENT_3D('',#8625,#7100,#7101);
#5704=AXIS2_PLACEMENT_3D('',#8626,#7102,#7103);
#5705=AXIS2_PLACEMENT_3D('',#8635,#7108,#7109);
#5706=AXIS2_PLACEMENT_3D('',#8641,#7113,#7114);
#5707=AXIS2_PLACEMENT_3D('',#8642,#7115,#7116);
#5708=AXIS2_PLACEMENT_3D('',#8644,#7117,#7118);
#5709=AXIS2_PLACEMENT_3D('',#8647,#7120,#7121);
#5710=AXIS2_PLACEMENT_3D('',#8650,#7124,#7125);
#5711=AXIS2_PLACEMENT_3D('',#8656,#7129,#7130);
#5712=AXIS2_PLACEMENT_3D('',#8657,#7131,#7132);
#5713=AXIS2_PLACEMENT_3D('',#8659,#7133,#7134);
#5714=AXIS2_PLACEMENT_3D('',#8662,#7136,#7137);
#5715=AXIS2_PLACEMENT_3D('',#8665,#7140,#7141);
#5716=AXIS2_PLACEMENT_3D('',#8666,#7142,#7143);
#5717=AXIS2_PLACEMENT_3D('',#8667,#7144,#7145);
#5718=DIRECTION('',(0.,0.,1.));
#5719=DIRECTION('',(1.,0.,0.));
#5720=DIRECTION('',(0.,-1.44560289664734E-15,1.));
#5721=DIRECTION('',(1.,0.,0.));
#5722=DIRECTION('',(0.,-1.44560289664734E-15,1.));
#5723=DIRECTION('',(1.,0.,0.));
#5724=DIRECTION('',(0.,-1.44560289664734E-15,1.));
#5725=DIRECTION('',(1.,0.,0.));
#5726=DIRECTION('',(0.,-1.44560289664734E-15,1.));
#5727=DIRECTION('',(1.,0.,0.));
#5728=DIRECTION('',(0.,-1.44560289664734E-15,1.));
#5729=DIRECTION('',(1.,0.,0.));
#5730=DIRECTION('',(0.,-1.44560289664734E-15,1.));
#5731=DIRECTION('',(1.,0.,0.));
#5732=DIRECTION('',(0.,-1.44560289664734E-15,1.));
#5733=DIRECTION('',(1.,0.,0.));
#5734=DIRECTION('',(0.,-1.44560289664734E-15,1.));
#5735=DIRECTION('',(1.,0.,0.));
#5736=DIRECTION('',(0.,-1.44560289664734E-15,1.));
#5737=DIRECTION('',(1.,0.,0.));
#5738=DIRECTION('',(0.,-1.44560289664734E-15,1.));
#5739=DIRECTION('',(1.,0.,0.));
#5740=DIRECTION('',(0.,-1.44560289664734E-15,1.));
#5741=DIRECTION('',(1.,0.,0.));
#5742=DIRECTION('',(0.,-1.44560289664734E-15,1.));
#5743=DIRECTION('',(1.,0.,0.));
#5744=DIRECTION('',(0.,-1.44560289664734E-15,1.));
#5745=DIRECTION('',(1.,0.,0.));
#5746=DIRECTION('',(0.,-1.44560289664734E-15,1.));
#5747=DIRECTION('',(1.,0.,0.));
#5748=DIRECTION('',(0.,0.,-1.));
#5749=DIRECTION('',(-1.,0.,0.));
#5750=DIRECTION('',(0.,0.,-1.));
#5751=DIRECTION('',(-1.,0.,0.));
#5752=DIRECTION('',(0.,-1.44560289664734E-15,1.));
#5753=DIRECTION('',(1.,0.,0.));
#5754=DIRECTION('',(0.,-1.44560289664734E-15,1.));
#5755=DIRECTION('',(1.,0.,0.));
#5756=DIRECTION('',(0.,-1.44560289664734E-15,1.));
#5757=DIRECTION('',(1.,0.,0.));
#5758=DIRECTION('',(0.,-1.44560289664734E-15,1.));
#5759=DIRECTION('',(1.,0.,0.));
#5760=DIRECTION('',(0.,-1.44560289664734E-15,1.));
#5761=DIRECTION('',(1.,0.,0.));
#5762=DIRECTION('',(0.,-1.44560289664734E-15,1.));
#5763=DIRECTION('',(1.,0.,0.));
#5764=DIRECTION('',(0.,-1.44560289664734E-15,1.));
#5765=DIRECTION('',(1.,0.,0.));
#5766=DIRECTION('',(0.,-1.44560289664734E-15,1.));
#5767=DIRECTION('',(1.,0.,0.));
#5768=DIRECTION('',(0.,-1.44560289664734E-15,1.));
#5769=DIRECTION('',(1.,0.,0.));
#5770=DIRECTION('',(0.,-1.44560289664734E-15,1.));
#5771=DIRECTION('',(1.,0.,0.));
#5772=DIRECTION('',(0.,-1.44560289664734E-15,1.));
#5773=DIRECTION('',(1.,0.,0.));
#5774=DIRECTION('',(0.,-1.44560289664734E-15,1.));
#5775=DIRECTION('',(1.,0.,0.));
#5776=DIRECTION('',(0.,-1.44560289664734E-15,1.));
#5777=DIRECTION('',(1.,0.,0.));
#5778=DIRECTION('',(0.,-1.44560289664734E-15,1.));
#5779=DIRECTION('',(1.,0.,0.));
#5780=DIRECTION('',(0.,-1.44560289664734E-15,1.));
#5781=DIRECTION('',(1.,0.,0.));
#5782=DIRECTION('',(0.,-1.44560289664734E-15,1.));
#5783=DIRECTION('',(1.,0.,0.));
#5784=DIRECTION('',(0.,1.,0.));
#5785=DIRECTION('',(0.,0.,1.));
#5786=DIRECTION('',(1.,0.,0.));
#5787=DIRECTION('',(0.,-1.44560289664734E-15,-1.));
#5788=DIRECTION('',(1.,0.,0.));
#5789=DIRECTION('',(0.,-1.44560289664734E-15,-1.));
#5790=DIRECTION('',(1.,0.,0.));
#5791=DIRECTION('',(0.,-1.44560289664734E-15,-1.));
#5792=DIRECTION('',(1.,0.,0.));
#5793=DIRECTION('',(0.,-1.44560289664734E-15,-1.));
#5794=DIRECTION('',(1.,0.,0.));
#5795=DIRECTION('',(0.,-1.44560289664734E-15,-1.));
#5796=DIRECTION('',(1.,0.,0.));
#5797=DIRECTION('',(0.,-1.44560289664734E-15,-1.));
#5798=DIRECTION('',(1.,0.,0.));
#5799=DIRECTION('',(0.,-1.44560289664734E-15,-1.));
#5800=DIRECTION('',(1.,0.,0.));
#5801=DIRECTION('',(0.,-1.44560289664734E-15,-1.));
#5802=DIRECTION('',(1.,0.,0.));
#5803=DIRECTION('',(0.,-1.44560289664734E-15,-1.));
#5804=DIRECTION('',(1.,0.,0.));
#5805=DIRECTION('',(0.,-1.44560289664734E-15,-1.));
#5806=DIRECTION('',(1.,0.,0.));
#5807=DIRECTION('',(0.,-1.44560289664734E-15,-1.));
#5808=DIRECTION('',(1.,0.,0.));
#5809=DIRECTION('',(0.,-1.44560289664734E-15,-1.));
#5810=DIRECTION('',(1.,0.,0.));
#5811=DIRECTION('',(0.,-1.44560289664734E-15,-1.));
#5812=DIRECTION('',(1.,0.,0.));
#5813=DIRECTION('',(0.,-1.44560289664734E-15,-1.));
#5814=DIRECTION('',(1.,0.,0.));
#5815=DIRECTION('',(0.,-1.44560289664734E-15,-1.));
#5816=DIRECTION('',(1.,0.,0.));
#5817=DIRECTION('',(0.,-1.44560289664734E-15,-1.));
#5818=DIRECTION('',(1.,0.,0.));
#5819=DIRECTION('',(0.,-1.44560289664734E-15,-1.));
#5820=DIRECTION('',(1.,0.,0.));
#5821=DIRECTION('',(0.,-1.44560289664734E-15,-1.));
#5822=DIRECTION('',(1.,0.,0.));
#5823=DIRECTION('',(0.,-1.44560289664734E-15,-1.));
#5824=DIRECTION('',(1.,0.,0.));
#5825=DIRECTION('',(0.,-1.44560289664734E-15,-1.));
#5826=DIRECTION('',(1.,0.,0.));
#5827=DIRECTION('',(0.,-1.44560289664734E-15,-1.));
#5828=DIRECTION('',(1.,0.,0.));
#5829=DIRECTION('',(0.,-1.44560289664734E-15,-1.));
#5830=DIRECTION('',(1.,0.,0.));
#5831=DIRECTION('',(0.,-1.44560289664734E-15,-1.));
#5832=DIRECTION('',(1.,0.,0.));
#5833=DIRECTION('',(0.,-1.44560289664734E-15,-1.));
#5834=DIRECTION('',(1.,0.,0.));
#5835=DIRECTION('',(0.,-1.44560289664734E-15,-1.));
#5836=DIRECTION('',(1.,0.,0.));
#5837=DIRECTION('',(0.,-1.44560289664734E-15,-1.));
#5838=DIRECTION('',(1.,0.,0.));
#5839=DIRECTION('',(0.,-1.44560289664734E-15,-1.));
#5840=DIRECTION('',(1.,0.,0.));
#5841=DIRECTION('',(0.,-1.44560289664734E-15,-1.));
#5842=DIRECTION('',(0.,0.,1.));
#5843=DIRECTION('',(-1.,0.,0.));
#5844=DIRECTION('',(0.,0.,1.));
#5845=DIRECTION('',(-1.,0.,0.));
#5846=DIRECTION('',(0.,-1.44560289664734E-15,-1.));
#5847=DIRECTION('',(1.,0.,0.));
#5848=DIRECTION('',(0.,-1.44560289664734E-15,-1.));
#5849=DIRECTION('',(1.,0.,0.));
#5850=DIRECTION('',(0.,-1.,0.));
#5851=DIRECTION('',(0.,0.,-1.));
#5852=DIRECTION('',(1.,0.,0.));
#5853=DIRECTION('',(0.,1.,0.));
#5854=DIRECTION('',(-1.,0.,0.));
#5855=DIRECTION('',(0.,-1.,0.));
#5856=DIRECTION('',(0.,1.,0.));
#5857=DIRECTION('',(0.,1.,0.));
#5858=DIRECTION('',(0.,0.,1.));
#5859=DIRECTION('',(1.,0.,0.));
#5860=DIRECTION('',(0.,-1.,0.));
#5861=DIRECTION('',(0.,-1.,0.));
#5862=DIRECTION('',(0.,0.,-1.));
#5863=DIRECTION('',(-1.,0.,0.));
#5864=DIRECTION('',(1.,0.,0.));
#5865=DIRECTION('',(0.,0.,-1.));
#5866=DIRECTION('',(1.,0.,0.));
#5867=DIRECTION('',(0.,0.,-1.));
#5868=DIRECTION('',(0.,0.,1.));
#5869=DIRECTION('',(0.,-1.,0.));
#5870=DIRECTION('',(0.,0.,1.));
#5871=DIRECTION('',(-1.,0.,0.));
#5872=DIRECTION('',(0.,0.,1.));
#5873=DIRECTION('',(0.,0.,1.));
#5874=DIRECTION('',(-1.,0.,0.));
#5875=DIRECTION('',(0.,1.,0.));
#5876=DIRECTION('',(0.,0.,1.));
#5877=DIRECTION('',(0.,0.,1.));
#5878=DIRECTION('',(0.,1.,0.));
#5879=DIRECTION('',(1.,0.,0.));
#5880=DIRECTION('',(0.,0.,-1.));
#5881=DIRECTION('',(1.,0.,0.));
#5882=DIRECTION('',(0.,-1.,0.));
#5883=DIRECTION('',(0.,0.,-1.));
#5884=DIRECTION('',(0.,0.,-1.));
#5885=DIRECTION('',(-1.,0.,0.));
#5886=DIRECTION('',(0.,1.,0.));
#5887=DIRECTION('',(0.,1.,0.));
#5888=DIRECTION('',(1.,0.,0.));
#5889=DIRECTION('',(0.,0.,-1.));
#5890=DIRECTION('',(-1.,0.,0.));
#5891=DIRECTION('',(1.,0.,0.));
#5892=DIRECTION('',(0.,0.,-1.));
#5893=DIRECTION('',(1.,0.,0.));
#5894=DIRECTION('',(0.,0.,-1.));
#5895=DIRECTION('',(1.,0.,0.));
#5896=DIRECTION('',(1.,0.,0.));
#5897=DIRECTION('',(0.,0.,-1.));
#5898=DIRECTION('',(0.,1.,0.));
#5899=DIRECTION('',(0.,1.,0.));
#5900=DIRECTION('',(1.,0.,0.));
#5901=DIRECTION('',(0.,0.,-1.));
#5902=DIRECTION('',(-1.,0.,0.));
#5903=DIRECTION('',(0.,0.,1.));
#5904=DIRECTION('',(0.,0.,1.));
#5905=DIRECTION('',(1.,0.,0.));
#5906=DIRECTION('',(0.,1.,0.));
#5907=DIRECTION('',(0.,0.,1.));
#5908=DIRECTION('',(0.,-1.,0.));
#5909=DIRECTION('',(0.,-1.,0.));
#5910=DIRECTION('',(1.,0.,0.));
#5911=DIRECTION('',(0.,0.,1.));
#5912=DIRECTION('',(1.,0.,0.));
#5913=DIRECTION('',(1.,0.,0.));
#5914=DIRECTION('',(0.,0.,-1.));
#5915=DIRECTION('',(1.,0.,0.));
#5916=DIRECTION('',(0.,0.,-1.));
#5917=DIRECTION('',(1.,0.,0.));
#5918=DIRECTION('',(1.,0.,0.));
#5919=DIRECTION('',(0.,0.,-1.));
#5920=DIRECTION('',(0.,-1.,0.));
#5921=DIRECTION('',(0.,-1.,0.));
#5922=DIRECTION('',(0.,0.,1.));
#5923=DIRECTION('',(1.,0.,0.));
#5924=DIRECTION('',(1.,0.,0.));
#5925=DIRECTION('',(0.,0.,-1.));
#5926=DIRECTION('',(1.,0.,0.));
#5927=DIRECTION('',(0.,0.,-1.));
#5928=DIRECTION('',(0.,0.,-1.));
#5929=DIRECTION('',(1.,0.,0.));
#5930=DIRECTION('',(0.,0.,-1.));
#5931=DIRECTION('',(1.,0.,0.));
#5932=DIRECTION('',(0.,-1.,0.));
#5933=DIRECTION('',(0.,0.,-1.));
#5934=DIRECTION('',(0.,1.,0.));
#5935=DIRECTION('',(0.,1.,0.));
#5936=DIRECTION('',(1.,0.,0.));
#5937=DIRECTION('',(0.,0.,-1.));
#5938=DIRECTION('',(-1.,0.,0.));
#5939=DIRECTION('',(1.,0.,0.));
#5940=DIRECTION('',(0.,0.,-1.));
#5941=DIRECTION('',(1.,0.,0.));
#5942=DIRECTION('',(0.,0.,-1.));
#5943=DIRECTION('',(1.,0.,0.));
#5944=DIRECTION('',(1.,0.,0.));
#5945=DIRECTION('',(0.,0.,-1.));
#5946=DIRECTION('',(0.,1.,0.));
#5947=DIRECTION('',(0.,1.,0.));
#5948=DIRECTION('',(0.,0.,-1.));
#5949=DIRECTION('',(-1.,0.,0.));
#5950=DIRECTION('',(0.,-1.,0.));
#5951=DIRECTION('',(0.,-1.,0.));
#5952=DIRECTION('',(1.,0.,0.));
#5953=DIRECTION('',(0.,0.,1.));
#5954=DIRECTION('',(1.,0.,0.));
#5955=DIRECTION('',(1.,0.,0.));
#5956=DIRECTION('',(0.,0.,-1.));
#5957=DIRECTION('',(1.,0.,0.));
#5958=DIRECTION('',(0.,0.,-1.));
#5959=DIRECTION('',(1.,0.,0.));
#5960=DIRECTION('',(1.,0.,0.));
#5961=DIRECTION('',(0.,0.,-1.));
#5962=DIRECTION('',(0.,-1.,0.));
#5963=DIRECTION('',(0.,-1.,0.));
#5964=DIRECTION('',(0.,0.,1.));
#5965=DIRECTION('',(1.,0.,0.));
#5966=DIRECTION('',(1.,0.,0.));
#5967=DIRECTION('',(0.,0.,-1.));
#5968=DIRECTION('',(1.,0.,0.));
#5969=DIRECTION('',(0.,0.,-1.));
#5970=DIRECTION('',(0.,1.,0.));
#5971=DIRECTION('',(0.,1.,0.));
#5972=DIRECTION('',(1.,0.,0.));
#5973=DIRECTION('',(0.,0.,-1.));
#5974=DIRECTION('',(-1.,0.,0.));
#5975=DIRECTION('',(1.,0.,0.));
#5976=DIRECTION('',(0.,0.,-1.));
#5977=DIRECTION('',(1.,0.,0.));
#5978=DIRECTION('',(0.,0.,-1.));
#5979=DIRECTION('',(1.,0.,0.));
#5980=DIRECTION('',(1.,0.,0.));
#5981=DIRECTION('',(0.,0.,-1.));
#5982=DIRECTION('',(0.,1.,0.));
#5983=DIRECTION('',(0.,1.,0.));
#5984=DIRECTION('',(1.,0.,0.));
#5985=DIRECTION('',(0.,0.,-1.));
#5986=DIRECTION('',(-1.,0.,0.));
#5987=DIRECTION('',(0.,0.,1.));
#5988=DIRECTION('',(0.,0.,1.));
#5989=DIRECTION('',(1.,0.,0.));
#5990=DIRECTION('',(0.,1.,0.));
#5991=DIRECTION('',(0.,0.,1.));
#5992=DIRECTION('',(0.,-1.,0.));
#5993=DIRECTION('',(0.,-1.,0.));
#5994=DIRECTION('',(1.,0.,0.));
#5995=DIRECTION('',(0.,0.,1.));
#5996=DIRECTION('',(1.,0.,0.));
#5997=DIRECTION('',(1.,0.,0.));
#5998=DIRECTION('',(0.,0.,-1.));
#5999=DIRECTION('',(1.,0.,0.));
#6000=DIRECTION('',(0.,0.,-1.));
#6001=DIRECTION('',(1.,0.,0.));
#6002=DIRECTION('',(1.,0.,0.));
#6003=DIRECTION('',(0.,0.,-1.));
#6004=DIRECTION('',(0.,-1.,0.));
#6005=DIRECTION('',(0.,-1.,0.));
#6006=DIRECTION('',(0.,0.,1.));
#6007=DIRECTION('',(1.,0.,0.));
#6008=DIRECTION('',(1.,0.,0.));
#6009=DIRECTION('',(0.,0.,-1.));
#6010=DIRECTION('',(1.,0.,0.));
#6011=DIRECTION('',(0.,0.,-1.));
#6012=DIRECTION('',(0.,1.,0.));
#6013=DIRECTION('',(0.,1.,0.));
#6014=DIRECTION('',(1.,0.,0.));
#6015=DIRECTION('',(0.,0.,-1.));
#6016=DIRECTION('',(-1.,0.,0.));
#6017=DIRECTION('',(1.,0.,0.));
#6018=DIRECTION('',(0.,0.,-1.));
#6019=DIRECTION('',(1.,0.,0.));
#6020=DIRECTION('',(0.,0.,-1.));
#6021=DIRECTION('',(1.,0.,0.));
#6022=DIRECTION('',(1.,0.,0.));
#6023=DIRECTION('',(0.,0.,-1.));
#6024=DIRECTION('',(0.,1.,0.));
#6025=DIRECTION('',(0.,1.,0.));
#6026=DIRECTION('',(1.,0.,0.));
#6027=DIRECTION('',(0.,0.,-1.));
#6028=DIRECTION('',(-1.,0.,0.));
#6029=DIRECTION('',(0.,0.,1.));
#6030=DIRECTION('',(0.,0.,1.));
#6031=DIRECTION('',(1.,0.,0.));
#6032=DIRECTION('',(0.,1.,0.));
#6033=DIRECTION('',(0.,0.,1.));
#6034=DIRECTION('',(0.,-1.,0.));
#6035=DIRECTION('',(0.,-1.,0.));
#6036=DIRECTION('',(1.,0.,0.));
#6037=DIRECTION('',(0.,0.,1.));
#6038=DIRECTION('',(1.,0.,0.));
#6039=DIRECTION('',(1.,0.,0.));
#6040=DIRECTION('',(0.,0.,-1.));
#6041=DIRECTION('',(1.,0.,0.));
#6042=DIRECTION('',(0.,0.,-1.));
#6043=DIRECTION('',(1.,0.,0.));
#6044=DIRECTION('',(1.,0.,0.));
#6045=DIRECTION('',(0.,0.,-1.));
#6046=DIRECTION('',(0.,-1.,0.));
#6047=DIRECTION('',(0.,-1.,0.));
#6048=DIRECTION('',(0.,0.,1.));
#6049=DIRECTION('',(1.,0.,0.));
#6050=DIRECTION('',(1.,0.,0.));
#6051=DIRECTION('',(0.,0.,-1.));
#6052=DIRECTION('',(1.,0.,0.));
#6053=DIRECTION('',(0.,0.,-1.));
#6054=DIRECTION('',(0.,1.,0.));
#6055=DIRECTION('',(0.,1.,0.));
#6056=DIRECTION('',(1.,0.,0.));
#6057=DIRECTION('',(0.,0.,-1.));
#6058=DIRECTION('',(-1.,0.,0.));
#6059=DIRECTION('',(1.,0.,0.));
#6060=DIRECTION('',(0.,0.,-1.));
#6061=DIRECTION('',(1.,0.,0.));
#6062=DIRECTION('',(0.,0.,-1.));
#6063=DIRECTION('',(1.,0.,0.));
#6064=DIRECTION('',(1.,0.,0.));
#6065=DIRECTION('',(0.,0.,-1.));
#6066=DIRECTION('',(0.,1.,0.));
#6067=DIRECTION('',(0.,1.,0.));
#6068=DIRECTION('',(1.,0.,0.));
#6069=DIRECTION('',(0.,0.,-1.));
#6070=DIRECTION('',(-1.,0.,0.));
#6071=DIRECTION('',(0.,0.,1.));
#6072=DIRECTION('',(0.,0.,1.));
#6073=DIRECTION('',(1.,0.,0.));
#6074=DIRECTION('',(0.,1.,0.));
#6075=DIRECTION('',(0.,0.,1.));
#6076=DIRECTION('',(0.,-1.,0.));
#6077=DIRECTION('',(0.,-1.,0.));
#6078=DIRECTION('',(1.,0.,0.));
#6079=DIRECTION('',(0.,0.,1.));
#6080=DIRECTION('',(1.,0.,0.));
#6081=DIRECTION('',(1.,0.,0.));
#6082=DIRECTION('',(0.,0.,-1.));
#6083=DIRECTION('',(1.,0.,0.));
#6084=DIRECTION('',(0.,0.,-1.));
#6085=DIRECTION('',(1.,0.,0.));
#6086=DIRECTION('',(1.,0.,0.));
#6087=DIRECTION('',(0.,0.,-1.));
#6088=DIRECTION('',(0.,-1.,0.));
#6089=DIRECTION('',(0.,-1.,0.));
#6090=DIRECTION('',(0.,0.,1.));
#6091=DIRECTION('',(1.,0.,0.));
#6092=DIRECTION('',(1.,0.,0.));
#6093=DIRECTION('',(0.,0.,-1.));
#6094=DIRECTION('',(1.,0.,0.));
#6095=DIRECTION('',(0.,0.,-1.));
#6096=DIRECTION('',(0.,1.,0.));
#6097=DIRECTION('',(0.,1.,0.));
#6098=DIRECTION('',(1.,0.,0.));
#6099=DIRECTION('',(0.,0.,-1.));
#6100=DIRECTION('',(-1.,0.,0.));
#6101=DIRECTION('',(1.,0.,0.));
#6102=DIRECTION('',(0.,0.,-1.));
#6103=DIRECTION('',(1.,0.,0.));
#6104=DIRECTION('',(0.,0.,-1.));
#6105=DIRECTION('',(1.,0.,0.));
#6106=DIRECTION('',(1.,0.,0.));
#6107=DIRECTION('',(0.,0.,-1.));
#6108=DIRECTION('',(0.,1.,0.));
#6109=DIRECTION('',(0.,1.,0.));
#6110=DIRECTION('',(1.,0.,0.));
#6111=DIRECTION('',(0.,0.,-1.));
#6112=DIRECTION('',(-1.,0.,0.));
#6113=DIRECTION('',(0.,0.,1.));
#6114=DIRECTION('',(0.,0.,1.));
#6115=DIRECTION('',(1.,0.,0.));
#6116=DIRECTION('',(0.,1.,0.));
#6117=DIRECTION('',(0.,0.,1.));
#6118=DIRECTION('',(0.,-1.,0.));
#6119=DIRECTION('',(0.,-1.,0.));
#6120=DIRECTION('',(1.,0.,0.));
#6121=DIRECTION('',(0.,0.,1.));
#6122=DIRECTION('',(1.,0.,0.));
#6123=DIRECTION('',(1.,0.,0.));
#6124=DIRECTION('',(0.,0.,-1.));
#6125=DIRECTION('',(1.,0.,0.));
#6126=DIRECTION('',(0.,0.,-1.));
#6127=DIRECTION('',(1.,0.,0.));
#6128=DIRECTION('',(1.,0.,0.));
#6129=DIRECTION('',(0.,0.,-1.));
#6130=DIRECTION('',(0.,-1.,0.));
#6131=DIRECTION('',(0.,-1.,0.));
#6132=DIRECTION('',(0.,0.,1.));
#6133=DIRECTION('',(1.,0.,0.));
#6134=DIRECTION('',(1.,0.,0.));
#6135=DIRECTION('',(0.,0.,-1.));
#6136=DIRECTION('',(1.,0.,0.));
#6137=DIRECTION('',(0.,0.,-1.));
#6138=DIRECTION('',(0.,1.,0.));
#6139=DIRECTION('',(0.,1.,0.));
#6140=DIRECTION('',(1.,0.,0.));
#6141=DIRECTION('',(0.,0.,-1.));
#6142=DIRECTION('',(-1.,0.,0.));
#6143=DIRECTION('',(1.,0.,0.));
#6144=DIRECTION('',(0.,0.,-1.));
#6145=DIRECTION('',(1.,0.,0.));
#6146=DIRECTION('',(0.,0.,-1.));
#6147=DIRECTION('',(1.,0.,0.));
#6148=DIRECTION('',(1.,0.,0.));
#6149=DIRECTION('',(0.,0.,-1.));
#6150=DIRECTION('',(0.,1.,0.));
#6151=DIRECTION('',(0.,1.,0.));
#6152=DIRECTION('',(1.,0.,0.));
#6153=DIRECTION('',(0.,0.,-1.));
#6154=DIRECTION('',(-1.,0.,0.));
#6155=DIRECTION('',(0.,0.,1.));
#6156=DIRECTION('',(0.,0.,1.));
#6157=DIRECTION('',(1.,0.,0.));
#6158=DIRECTION('',(0.,1.,0.));
#6159=DIRECTION('',(0.,0.,1.));
#6160=DIRECTION('',(0.,-1.,0.));
#6161=DIRECTION('',(0.,-1.,0.));
#6162=DIRECTION('',(1.,0.,0.));
#6163=DIRECTION('',(0.,0.,1.));
#6164=DIRECTION('',(1.,0.,0.));
#6165=DIRECTION('',(1.,0.,0.));
#6166=DIRECTION('',(0.,0.,-1.));
#6167=DIRECTION('',(1.,0.,0.));
#6168=DIRECTION('',(0.,0.,-1.));
#6169=DIRECTION('',(1.,0.,0.));
#6170=DIRECTION('',(1.,0.,0.));
#6171=DIRECTION('',(0.,0.,-1.));
#6172=DIRECTION('',(0.,-1.,0.));
#6173=DIRECTION('',(0.,-1.,0.));
#6174=DIRECTION('',(0.,0.,1.));
#6175=DIRECTION('',(1.,0.,0.));
#6176=DIRECTION('',(1.,0.,0.));
#6177=DIRECTION('',(0.,0.,-1.));
#6178=DIRECTION('',(1.,0.,0.));
#6179=DIRECTION('',(0.,0.,-1.));
#6180=DIRECTION('',(0.,1.,0.));
#6181=DIRECTION('',(0.,1.,0.));
#6182=DIRECTION('',(1.,0.,0.));
#6183=DIRECTION('',(0.,0.,-1.));
#6184=DIRECTION('',(-1.,0.,0.));
#6185=DIRECTION('',(1.,0.,0.));
#6186=DIRECTION('',(0.,0.,-1.));
#6187=DIRECTION('',(1.,0.,0.));
#6188=DIRECTION('',(0.,0.,-1.));
#6189=DIRECTION('',(1.,0.,0.));
#6190=DIRECTION('',(1.,0.,0.));
#6191=DIRECTION('',(0.,0.,-1.));
#6192=DIRECTION('',(0.,1.,0.));
#6193=DIRECTION('',(0.,1.,0.));
#6194=DIRECTION('',(1.,0.,0.));
#6195=DIRECTION('',(0.,0.,-1.));
#6196=DIRECTION('',(-1.,0.,0.));
#6197=DIRECTION('',(0.,0.,1.));
#6198=DIRECTION('',(0.,0.,1.));
#6199=DIRECTION('',(1.,0.,0.));
#6200=DIRECTION('',(0.,1.,0.));
#6201=DIRECTION('',(0.,0.,1.));
#6202=DIRECTION('',(0.,-1.,0.));
#6203=DIRECTION('',(0.,-1.,0.));
#6204=DIRECTION('',(1.,0.,0.));
#6205=DIRECTION('',(0.,0.,1.));
#6206=DIRECTION('',(1.,0.,0.));
#6207=DIRECTION('',(1.,0.,0.));
#6208=DIRECTION('',(0.,0.,-1.));
#6209=DIRECTION('',(1.,0.,0.));
#6210=DIRECTION('',(0.,0.,-1.));
#6211=DIRECTION('',(1.,0.,0.));
#6212=DIRECTION('',(1.,0.,0.));
#6213=DIRECTION('',(0.,0.,-1.));
#6214=DIRECTION('',(0.,-1.,0.));
#6215=DIRECTION('',(0.,-1.,0.));
#6216=DIRECTION('',(0.,0.,1.));
#6217=DIRECTION('',(1.,0.,0.));
#6218=DIRECTION('',(1.,0.,0.));
#6219=DIRECTION('',(0.,0.,-1.));
#6220=DIRECTION('',(1.,0.,0.));
#6221=DIRECTION('',(0.,0.,-1.));
#6222=DIRECTION('',(0.,1.,0.));
#6223=DIRECTION('',(0.,1.,0.));
#6224=DIRECTION('',(1.,0.,0.));
#6225=DIRECTION('',(0.,0.,-1.));
#6226=DIRECTION('',(-1.,0.,0.));
#6227=DIRECTION('',(1.,0.,0.));
#6228=DIRECTION('',(0.,0.,-1.));
#6229=DIRECTION('',(1.,0.,0.));
#6230=DIRECTION('',(0.,0.,-1.));
#6231=DIRECTION('',(1.,0.,0.));
#6232=DIRECTION('',(1.,0.,0.));
#6233=DIRECTION('',(0.,0.,-1.));
#6234=DIRECTION('',(0.,1.,0.));
#6235=DIRECTION('',(0.,1.,0.));
#6236=DIRECTION('',(1.,0.,0.));
#6237=DIRECTION('',(0.,0.,-1.));
#6238=DIRECTION('',(-1.,0.,0.));
#6239=DIRECTION('',(0.,0.,1.));
#6240=DIRECTION('',(0.,0.,1.));
#6241=DIRECTION('',(1.,0.,0.));
#6242=DIRECTION('',(0.,1.,0.));
#6243=DIRECTION('',(0.,0.,1.));
#6244=DIRECTION('',(0.,-1.,0.));
#6245=DIRECTION('',(0.,-1.,0.));
#6246=DIRECTION('',(1.,0.,0.));
#6247=DIRECTION('',(0.,0.,1.));
#6248=DIRECTION('',(1.,0.,0.));
#6249=DIRECTION('',(1.,0.,0.));
#6250=DIRECTION('',(0.,0.,-1.));
#6251=DIRECTION('',(1.,0.,0.));
#6252=DIRECTION('',(0.,0.,-1.));
#6253=DIRECTION('',(1.,0.,0.));
#6254=DIRECTION('',(1.,0.,0.));
#6255=DIRECTION('',(0.,0.,-1.));
#6256=DIRECTION('',(0.,-1.,0.));
#6257=DIRECTION('',(0.,-1.,0.));
#6258=DIRECTION('',(0.,0.,1.));
#6259=DIRECTION('',(1.,0.,0.));
#6260=DIRECTION('',(1.,0.,0.));
#6261=DIRECTION('',(0.,0.,-1.));
#6262=DIRECTION('',(1.,0.,0.));
#6263=DIRECTION('',(0.,0.,-1.));
#6264=DIRECTION('',(0.,1.,0.));
#6265=DIRECTION('',(0.,1.,0.));
#6266=DIRECTION('',(1.,0.,0.));
#6267=DIRECTION('',(0.,0.,-1.));
#6268=DIRECTION('',(-1.,0.,0.));
#6269=DIRECTION('',(1.,0.,0.));
#6270=DIRECTION('',(0.,0.,-1.));
#6271=DIRECTION('',(1.,0.,0.));
#6272=DIRECTION('',(0.,0.,-1.));
#6273=DIRECTION('',(1.,0.,0.));
#6274=DIRECTION('',(1.,0.,0.));
#6275=DIRECTION('',(0.,0.,-1.));
#6276=DIRECTION('',(0.,1.,0.));
#6277=DIRECTION('',(0.,1.,0.));
#6278=DIRECTION('',(1.,0.,0.));
#6279=DIRECTION('',(0.,0.,-1.));
#6280=DIRECTION('',(-1.,0.,0.));
#6281=DIRECTION('',(0.,0.,1.));
#6282=DIRECTION('',(0.,0.,1.));
#6283=DIRECTION('',(1.,0.,0.));
#6284=DIRECTION('',(0.,1.,0.));
#6285=DIRECTION('',(0.,0.,1.));
#6286=DIRECTION('',(0.,-1.,0.));
#6287=DIRECTION('',(0.,-1.,0.));
#6288=DIRECTION('',(1.,0.,0.));
#6289=DIRECTION('',(0.,0.,1.));
#6290=DIRECTION('',(1.,0.,0.));
#6291=DIRECTION('',(1.,0.,0.));
#6292=DIRECTION('',(0.,0.,-1.));
#6293=DIRECTION('',(1.,0.,0.));
#6294=DIRECTION('',(0.,0.,-1.));
#6295=DIRECTION('',(1.,0.,0.));
#6296=DIRECTION('',(1.,0.,0.));
#6297=DIRECTION('',(0.,0.,-1.));
#6298=DIRECTION('',(0.,-1.,0.));
#6299=DIRECTION('',(0.,-1.,0.));
#6300=DIRECTION('',(0.,0.,1.));
#6301=DIRECTION('',(1.,0.,0.));
#6302=DIRECTION('',(1.,0.,0.));
#6303=DIRECTION('',(0.,0.,-1.));
#6304=DIRECTION('',(1.,0.,0.));
#6305=DIRECTION('',(0.,0.,-1.));
#6306=DIRECTION('',(0.,1.,0.));
#6307=DIRECTION('',(0.,1.,0.));
#6308=DIRECTION('',(1.,0.,0.));
#6309=DIRECTION('',(0.,0.,-1.));
#6310=DIRECTION('',(-1.,0.,0.));
#6311=DIRECTION('',(1.,0.,0.));
#6312=DIRECTION('',(0.,0.,-1.));
#6313=DIRECTION('',(1.,0.,0.));
#6314=DIRECTION('',(0.,0.,-1.));
#6315=DIRECTION('',(1.,0.,0.));
#6316=DIRECTION('',(1.,0.,0.));
#6317=DIRECTION('',(0.,0.,-1.));
#6318=DIRECTION('',(0.,1.,0.));
#6319=DIRECTION('',(0.,1.,0.));
#6320=DIRECTION('',(1.,0.,0.));
#6321=DIRECTION('',(0.,0.,-1.));
#6322=DIRECTION('',(-1.,0.,0.));
#6323=DIRECTION('',(0.,0.,1.));
#6324=DIRECTION('',(0.,0.,1.));
#6325=DIRECTION('',(1.,0.,0.));
#6326=DIRECTION('',(0.,1.,0.));
#6327=DIRECTION('',(0.,0.,1.));
#6328=DIRECTION('',(0.,-1.,0.));
#6329=DIRECTION('',(0.,-1.,0.));
#6330=DIRECTION('',(1.,0.,0.));
#6331=DIRECTION('',(0.,0.,1.));
#6332=DIRECTION('',(1.,0.,0.));
#6333=DIRECTION('',(1.,0.,0.));
#6334=DIRECTION('',(0.,0.,-1.));
#6335=DIRECTION('',(1.,0.,0.));
#6336=DIRECTION('',(0.,0.,-1.));
#6337=DIRECTION('',(1.,0.,0.));
#6338=DIRECTION('',(1.,0.,0.));
#6339=DIRECTION('',(0.,0.,-1.));
#6340=DIRECTION('',(0.,-1.,0.));
#6341=DIRECTION('',(0.,-1.,0.));
#6342=DIRECTION('',(0.,0.,1.));
#6343=DIRECTION('',(1.,0.,0.));
#6344=DIRECTION('',(1.,0.,0.));
#6345=DIRECTION('',(0.,0.,-1.));
#6346=DIRECTION('',(1.,0.,0.));
#6347=DIRECTION('',(0.,0.,-1.));
#6348=DIRECTION('',(0.,1.,0.));
#6349=DIRECTION('',(0.,1.,0.));
#6350=DIRECTION('',(1.,0.,0.));
#6351=DIRECTION('',(0.,0.,-1.));
#6352=DIRECTION('',(-1.,0.,0.));
#6353=DIRECTION('',(1.,0.,0.));
#6354=DIRECTION('',(0.,0.,-1.));
#6355=DIRECTION('',(1.,0.,0.));
#6356=DIRECTION('',(0.,0.,-1.));
#6357=DIRECTION('',(1.,0.,0.));
#6358=DIRECTION('',(1.,0.,0.));
#6359=DIRECTION('',(0.,0.,-1.));
#6360=DIRECTION('',(0.,1.,0.));
#6361=DIRECTION('',(0.,1.,0.));
#6362=DIRECTION('',(1.,0.,0.));
#6363=DIRECTION('',(0.,0.,-1.));
#6364=DIRECTION('',(-1.,0.,0.));
#6365=DIRECTION('',(0.,0.,1.));
#6366=DIRECTION('',(0.,0.,1.));
#6367=DIRECTION('',(1.,0.,0.));
#6368=DIRECTION('',(0.,1.,0.));
#6369=DIRECTION('',(0.,0.,1.));
#6370=DIRECTION('',(0.,-1.,0.));
#6371=DIRECTION('',(0.,-1.,0.));
#6372=DIRECTION('',(1.,0.,0.));
#6373=DIRECTION('',(0.,0.,1.));
#6374=DIRECTION('',(1.,0.,0.));
#6375=DIRECTION('',(1.,0.,0.));
#6376=DIRECTION('',(0.,0.,-1.));
#6377=DIRECTION('',(1.,0.,0.));
#6378=DIRECTION('',(0.,0.,-1.));
#6379=DIRECTION('',(1.,0.,0.));
#6380=DIRECTION('',(1.,0.,0.));
#6381=DIRECTION('',(0.,0.,-1.));
#6382=DIRECTION('',(0.,-1.,0.));
#6383=DIRECTION('',(0.,-1.,0.));
#6384=DIRECTION('',(0.,0.,1.));
#6385=DIRECTION('',(1.,0.,0.));
#6386=DIRECTION('',(1.,0.,0.));
#6387=DIRECTION('',(0.,0.,-1.));
#6388=DIRECTION('',(1.,0.,0.));
#6389=DIRECTION('',(0.,0.,-1.));
#6390=DIRECTION('',(0.,1.,0.));
#6391=DIRECTION('',(0.,1.,0.));
#6392=DIRECTION('',(1.,0.,0.));
#6393=DIRECTION('',(0.,0.,-1.));
#6394=DIRECTION('',(-1.,0.,0.));
#6395=DIRECTION('',(1.,0.,0.));
#6396=DIRECTION('',(0.,0.,-1.));
#6397=DIRECTION('',(1.,0.,0.));
#6398=DIRECTION('',(0.,0.,-1.));
#6399=DIRECTION('',(1.,0.,0.));
#6400=DIRECTION('',(1.,0.,0.));
#6401=DIRECTION('',(0.,0.,-1.));
#6402=DIRECTION('',(0.,1.,0.));
#6403=DIRECTION('',(0.,1.,0.));
#6404=DIRECTION('',(1.,0.,0.));
#6405=DIRECTION('',(0.,0.,-1.));
#6406=DIRECTION('',(-1.,0.,0.));
#6407=DIRECTION('',(0.,0.,1.));
#6408=DIRECTION('',(0.,0.,1.));
#6409=DIRECTION('',(1.,0.,0.));
#6410=DIRECTION('',(0.,1.,0.));
#6411=DIRECTION('',(0.,0.,1.));
#6412=DIRECTION('',(0.,-1.,0.));
#6413=DIRECTION('',(0.,-1.,0.));
#6414=DIRECTION('',(1.,0.,0.));
#6415=DIRECTION('',(0.,0.,1.));
#6416=DIRECTION('',(1.,0.,0.));
#6417=DIRECTION('',(1.,0.,0.));
#6418=DIRECTION('',(0.,0.,-1.));
#6419=DIRECTION('',(1.,0.,0.));
#6420=DIRECTION('',(0.,0.,-1.));
#6421=DIRECTION('',(1.,0.,0.));
#6422=DIRECTION('',(1.,0.,0.));
#6423=DIRECTION('',(0.,0.,-1.));
#6424=DIRECTION('',(0.,-1.,0.));
#6425=DIRECTION('',(0.,-1.,0.));
#6426=DIRECTION('',(0.,0.,1.));
#6427=DIRECTION('',(1.,0.,0.));
#6428=DIRECTION('',(1.,0.,0.));
#6429=DIRECTION('',(0.,0.,-1.));
#6430=DIRECTION('',(1.,0.,0.));
#6431=DIRECTION('',(0.,0.,-1.));
#6432=DIRECTION('',(0.,1.,0.));
#6433=DIRECTION('',(0.,1.,0.));
#6434=DIRECTION('',(1.,0.,0.));
#6435=DIRECTION('',(0.,0.,-1.));
#6436=DIRECTION('',(-1.,0.,0.));
#6437=DIRECTION('',(1.,0.,0.));
#6438=DIRECTION('',(0.,0.,-1.));
#6439=DIRECTION('',(1.,0.,0.));
#6440=DIRECTION('',(0.,0.,-1.));
#6441=DIRECTION('',(1.,0.,0.));
#6442=DIRECTION('',(1.,0.,0.));
#6443=DIRECTION('',(0.,0.,-1.));
#6444=DIRECTION('',(0.,1.,0.));
#6445=DIRECTION('',(0.,1.,0.));
#6446=DIRECTION('',(1.,0.,0.));
#6447=DIRECTION('',(0.,0.,-1.));
#6448=DIRECTION('',(-1.,0.,0.));
#6449=DIRECTION('',(0.,0.,1.));
#6450=DIRECTION('',(0.,0.,1.));
#6451=DIRECTION('',(1.,0.,0.));
#6452=DIRECTION('',(0.,1.,0.));
#6453=DIRECTION('',(0.,0.,1.));
#6454=DIRECTION('',(0.,-1.,0.));
#6455=DIRECTION('',(0.,-1.,0.));
#6456=DIRECTION('',(1.,0.,0.));
#6457=DIRECTION('',(0.,0.,1.));
#6458=DIRECTION('',(1.,0.,0.));
#6459=DIRECTION('',(1.,0.,0.));
#6460=DIRECTION('',(0.,0.,-1.));
#6461=DIRECTION('',(1.,0.,0.));
#6462=DIRECTION('',(0.,0.,-1.));
#6463=DIRECTION('',(1.,0.,0.));
#6464=DIRECTION('',(1.,0.,0.));
#6465=DIRECTION('',(0.,0.,-1.));
#6466=DIRECTION('',(0.,-1.,0.));
#6467=DIRECTION('',(0.,-1.,0.));
#6468=DIRECTION('',(0.,0.,1.));
#6469=DIRECTION('',(1.,0.,0.));
#6470=DIRECTION('',(1.,0.,0.));
#6471=DIRECTION('',(0.,0.,-1.));
#6472=DIRECTION('',(1.,0.,0.));
#6473=DIRECTION('',(0.,0.,-1.));
#6474=DIRECTION('',(0.,1.,0.));
#6475=DIRECTION('',(0.,1.,0.));
#6476=DIRECTION('',(1.,0.,0.));
#6477=DIRECTION('',(0.,0.,-1.));
#6478=DIRECTION('',(-1.,0.,0.));
#6479=DIRECTION('',(1.,0.,0.));
#6480=DIRECTION('',(0.,0.,-1.));
#6481=DIRECTION('',(1.,0.,0.));
#6482=DIRECTION('',(0.,0.,-1.));
#6483=DIRECTION('',(1.,0.,0.));
#6484=DIRECTION('',(1.,0.,0.));
#6485=DIRECTION('',(0.,0.,-1.));
#6486=DIRECTION('',(0.,1.,0.));
#6487=DIRECTION('',(0.,1.,0.));
#6488=DIRECTION('',(1.,0.,0.));
#6489=DIRECTION('',(0.,0.,-1.));
#6490=DIRECTION('',(-1.,0.,0.));
#6491=DIRECTION('',(0.,0.,1.));
#6492=DIRECTION('',(0.,0.,1.));
#6493=DIRECTION('',(1.,0.,0.));
#6494=DIRECTION('',(0.,1.,0.));
#6495=DIRECTION('',(0.,0.,1.));
#6496=DIRECTION('',(0.,-1.,0.));
#6497=DIRECTION('',(0.,-1.,0.));
#6498=DIRECTION('',(1.,0.,0.));
#6499=DIRECTION('',(0.,0.,1.));
#6500=DIRECTION('',(1.,0.,0.));
#6501=DIRECTION('',(1.,0.,0.));
#6502=DIRECTION('',(0.,0.,-1.));
#6503=DIRECTION('',(1.,0.,0.));
#6504=DIRECTION('',(0.,0.,-1.));
#6505=DIRECTION('',(1.,0.,0.));
#6506=DIRECTION('',(1.,0.,0.));
#6507=DIRECTION('',(0.,0.,-1.));
#6508=DIRECTION('',(0.,-1.,0.));
#6509=DIRECTION('',(0.,-1.,0.));
#6510=DIRECTION('',(0.,0.,1.));
#6511=DIRECTION('',(1.,0.,0.));
#6512=DIRECTION('',(1.,0.,0.));
#6513=DIRECTION('',(0.,0.,-1.));
#6514=DIRECTION('',(1.,0.,0.));
#6515=DIRECTION('',(0.,0.,-1.));
#6516=DIRECTION('',(0.,1.,0.));
#6517=DIRECTION('',(0.,1.,0.));
#6518=DIRECTION('',(1.,0.,0.));
#6519=DIRECTION('',(0.,0.,-1.));
#6520=DIRECTION('',(-1.,0.,0.));
#6521=DIRECTION('',(1.,0.,0.));
#6522=DIRECTION('',(0.,0.,-1.));
#6523=DIRECTION('',(1.,0.,0.));
#6524=DIRECTION('',(0.,0.,-1.));
#6525=DIRECTION('',(1.,0.,0.));
#6526=DIRECTION('',(1.,0.,0.));
#6527=DIRECTION('',(0.,0.,-1.));
#6528=DIRECTION('',(0.,1.,0.));
#6529=DIRECTION('',(0.,1.,0.));
#6530=DIRECTION('',(1.,0.,0.));
#6531=DIRECTION('',(0.,0.,-1.));
#6532=DIRECTION('',(-1.,0.,0.));
#6533=DIRECTION('',(0.,0.,1.));
#6534=DIRECTION('',(0.,0.,1.));
#6535=DIRECTION('',(1.,0.,0.));
#6536=DIRECTION('',(0.,1.,0.));
#6537=DIRECTION('',(0.,0.,1.));
#6538=DIRECTION('',(0.,-1.,0.));
#6539=DIRECTION('',(0.,-1.,0.));
#6540=DIRECTION('',(1.,0.,0.));
#6541=DIRECTION('',(0.,0.,1.));
#6542=DIRECTION('',(1.,0.,0.));
#6543=DIRECTION('',(1.,0.,0.));
#6544=DIRECTION('',(0.,0.,-1.));
#6545=DIRECTION('',(1.,0.,0.));
#6546=DIRECTION('',(0.,0.,-1.));
#6547=DIRECTION('',(1.,0.,0.));
#6548=DIRECTION('',(1.,0.,0.));
#6549=DIRECTION('',(0.,0.,-1.));
#6550=DIRECTION('',(0.,-1.,0.));
#6551=DIRECTION('',(0.,-1.,0.));
#6552=DIRECTION('',(0.,0.,1.));
#6553=DIRECTION('',(1.,0.,0.));
#6554=DIRECTION('',(1.,0.,0.));
#6555=DIRECTION('',(0.,0.,-1.));
#6556=DIRECTION('',(1.,0.,0.));
#6557=DIRECTION('',(0.,0.,-1.));
#6558=DIRECTION('',(0.,0.,-1.));
#6559=DIRECTION('',(1.,0.,0.));
#6560=DIRECTION('',(0.,0.,-1.));
#6561=DIRECTION('',(1.,0.,0.));
#6562=DIRECTION('',(0.,-1.,0.));
#6563=DIRECTION('',(0.,0.,-1.));
#6564=DIRECTION('',(0.,1.,0.));
#6565=DIRECTION('',(0.,1.,0.));
#6566=DIRECTION('',(1.,0.,0.));
#6567=DIRECTION('',(0.,0.,-1.));
#6568=DIRECTION('',(-1.,0.,0.));
#6569=DIRECTION('',(1.,0.,0.));
#6570=DIRECTION('',(0.,0.,-1.));
#6571=DIRECTION('',(1.,0.,0.));
#6572=DIRECTION('',(0.,0.,-1.));
#6573=DIRECTION('',(1.,0.,0.));
#6574=DIRECTION('',(1.,0.,0.));
#6575=DIRECTION('',(0.,0.,-1.));
#6576=DIRECTION('',(0.,1.,0.));
#6577=DIRECTION('',(0.,1.,0.));
#6578=DIRECTION('',(0.,0.,-1.));
#6579=DIRECTION('',(-1.,0.,0.));
#6580=DIRECTION('',(0.,-1.,0.));
#6581=DIRECTION('',(0.,-1.,0.));
#6582=DIRECTION('',(1.,0.,0.));
#6583=DIRECTION('',(0.,0.,1.));
#6584=DIRECTION('',(1.,0.,0.));
#6585=DIRECTION('',(1.,0.,0.));
#6586=DIRECTION('',(0.,0.,-1.));
#6587=DIRECTION('',(1.,0.,0.));
#6588=DIRECTION('',(0.,0.,-1.));
#6589=DIRECTION('',(1.,0.,0.));
#6590=DIRECTION('',(1.,0.,0.));
#6591=DIRECTION('',(0.,0.,-1.));
#6592=DIRECTION('',(0.,-1.,0.));
#6593=DIRECTION('',(0.,-1.,0.));
#6594=DIRECTION('',(0.,0.,1.));
#6595=DIRECTION('',(1.,0.,0.));
#6596=DIRECTION('',(1.,0.,0.));
#6597=DIRECTION('',(0.,0.,-1.));
#6598=DIRECTION('',(1.,0.,0.));
#6599=DIRECTION('',(0.,0.,-1.));
#6600=DIRECTION('',(0.,0.,-1.));
#6601=DIRECTION('',(1.,0.,0.));
#6602=DIRECTION('',(0.,0.,-1.));
#6603=DIRECTION('',(1.,0.,0.));
#6604=DIRECTION('',(0.,-1.,0.));
#6605=DIRECTION('',(0.,0.,-1.));
#6606=DIRECTION('',(0.,1.,0.));
#6607=DIRECTION('',(0.,1.,0.));
#6608=DIRECTION('',(1.,0.,0.));
#6609=DIRECTION('',(0.,0.,-1.));
#6610=DIRECTION('',(-1.,0.,0.));
#6611=DIRECTION('',(1.,0.,0.));
#6612=DIRECTION('',(0.,0.,-1.));
#6613=DIRECTION('',(1.,0.,0.));
#6614=DIRECTION('',(0.,0.,-1.));
#6615=DIRECTION('',(1.,0.,0.));
#6616=DIRECTION('',(1.,0.,0.));
#6617=DIRECTION('',(0.,0.,-1.));
#6618=DIRECTION('',(0.,1.,0.));
#6619=DIRECTION('',(0.,1.,0.));
#6620=DIRECTION('',(0.,0.,-1.));
#6621=DIRECTION('',(-1.,0.,0.));
#6622=DIRECTION('',(0.,-1.,0.));
#6623=DIRECTION('',(0.,-1.,0.));
#6624=DIRECTION('',(1.,0.,0.));
#6625=DIRECTION('',(0.,0.,1.));
#6626=DIRECTION('',(1.,0.,0.));
#6627=DIRECTION('',(1.,0.,0.));
#6628=DIRECTION('',(0.,0.,-1.));
#6629=DIRECTION('',(1.,0.,0.));
#6630=DIRECTION('',(0.,0.,-1.));
#6631=DIRECTION('',(1.,0.,0.));
#6632=DIRECTION('',(1.,0.,0.));
#6633=DIRECTION('',(0.,0.,-1.));
#6634=DIRECTION('',(0.,-1.,0.));
#6635=DIRECTION('',(0.,-1.,0.));
#6636=DIRECTION('',(0.,0.,1.));
#6637=DIRECTION('',(1.,0.,0.));
#6638=DIRECTION('',(1.,0.,0.));
#6639=DIRECTION('',(0.,0.,-1.));
#6640=DIRECTION('',(1.,0.,0.));
#6641=DIRECTION('',(0.,0.,-1.));
#6642=DIRECTION('',(0.,0.,-1.));
#6643=DIRECTION('',(1.,0.,0.));
#6644=DIRECTION('',(0.,0.,-1.));
#6645=DIRECTION('',(1.,0.,0.));
#6646=DIRECTION('',(0.,-1.,0.));
#6647=DIRECTION('',(0.,0.,-1.));
#6648=DIRECTION('',(0.,1.,0.));
#6649=DIRECTION('',(0.,1.,0.));
#6650=DIRECTION('',(1.,0.,0.));
#6651=DIRECTION('',(0.,0.,-1.));
#6652=DIRECTION('',(-1.,0.,0.));
#6653=DIRECTION('',(1.,0.,0.));
#6654=DIRECTION('',(0.,0.,-1.));
#6655=DIRECTION('',(1.,0.,0.));
#6656=DIRECTION('',(0.,0.,-1.));
#6657=DIRECTION('',(1.,0.,0.));
#6658=DIRECTION('',(1.,0.,0.));
#6659=DIRECTION('',(0.,0.,-1.));
#6660=DIRECTION('',(0.,1.,0.));
#6661=DIRECTION('',(0.,1.,0.));
#6662=DIRECTION('',(0.,0.,-1.));
#6663=DIRECTION('',(-1.,0.,0.));
#6664=DIRECTION('',(0.,-1.,0.));
#6665=DIRECTION('',(0.,-1.,0.));
#6666=DIRECTION('',(1.,0.,0.));
#6667=DIRECTION('',(0.,0.,1.));
#6668=DIRECTION('',(1.,0.,0.));
#6669=DIRECTION('',(1.,0.,0.));
#6670=DIRECTION('',(0.,0.,-1.));
#6671=DIRECTION('',(1.,0.,0.));
#6672=DIRECTION('',(0.,0.,-1.));
#6673=DIRECTION('',(1.,0.,0.));
#6674=DIRECTION('',(1.,0.,0.));
#6675=DIRECTION('',(0.,0.,-1.));
#6676=DIRECTION('',(0.,-1.,0.));
#6677=DIRECTION('',(0.,-1.,0.));
#6678=DIRECTION('',(0.,0.,1.));
#6679=DIRECTION('',(1.,0.,0.));
#6680=DIRECTION('',(1.,0.,0.));
#6681=DIRECTION('',(0.,0.,-1.));
#6682=DIRECTION('',(1.,0.,0.));
#6683=DIRECTION('',(0.,0.,-1.));
#6684=DIRECTION('',(0.,0.,-1.));
#6685=DIRECTION('',(1.,0.,0.));
#6686=DIRECTION('',(0.,0.,-1.));
#6687=DIRECTION('',(1.,0.,0.));
#6688=DIRECTION('',(0.,-1.,0.));
#6689=DIRECTION('',(0.,0.,-1.));
#6690=DIRECTION('',(0.,1.,0.));
#6691=DIRECTION('',(0.,1.,0.));
#6692=DIRECTION('',(1.,0.,0.));
#6693=DIRECTION('',(0.,0.,-1.));
#6694=DIRECTION('',(-1.,0.,0.));
#6695=DIRECTION('',(1.,0.,0.));
#6696=DIRECTION('',(0.,0.,-1.));
#6697=DIRECTION('',(1.,0.,0.));
#6698=DIRECTION('',(0.,0.,-1.));
#6699=DIRECTION('',(1.,0.,0.));
#6700=DIRECTION('',(1.,0.,0.));
#6701=DIRECTION('',(0.,0.,-1.));
#6702=DIRECTION('',(0.,1.,0.));
#6703=DIRECTION('',(0.,1.,0.));
#6704=DIRECTION('',(0.,0.,-1.));
#6705=DIRECTION('',(-1.,0.,0.));
#6706=DIRECTION('',(0.,-1.,0.));
#6707=DIRECTION('',(0.,-1.,0.));
#6708=DIRECTION('',(1.,0.,0.));
#6709=DIRECTION('',(0.,0.,1.));
#6710=DIRECTION('',(1.,0.,0.));
#6711=DIRECTION('',(1.,0.,0.));
#6712=DIRECTION('',(0.,0.,-1.));
#6713=DIRECTION('',(1.,0.,0.));
#6714=DIRECTION('',(0.,0.,-1.));
#6715=DIRECTION('',(1.,0.,0.));
#6716=DIRECTION('',(1.,0.,0.));
#6717=DIRECTION('',(0.,0.,-1.));
#6718=DIRECTION('',(0.,-1.,0.));
#6719=DIRECTION('',(0.,-1.,0.));
#6720=DIRECTION('',(0.,0.,1.));
#6721=DIRECTION('',(1.,0.,0.));
#6722=DIRECTION('',(1.,0.,0.));
#6723=DIRECTION('',(0.,0.,-1.));
#6724=DIRECTION('',(1.,0.,0.));
#6725=DIRECTION('',(0.,0.,-1.));
#6726=DIRECTION('',(0.,0.,-1.));
#6727=DIRECTION('',(1.,0.,0.));
#6728=DIRECTION('',(0.,0.,-1.));
#6729=DIRECTION('',(1.,0.,0.));
#6730=DIRECTION('',(0.,-1.,0.));
#6731=DIRECTION('',(0.,0.,-1.));
#6732=DIRECTION('',(0.,1.,0.));
#6733=DIRECTION('',(0.,1.,0.));
#6734=DIRECTION('',(1.,0.,0.));
#6735=DIRECTION('',(0.,0.,-1.));
#6736=DIRECTION('',(-1.,0.,0.));
#6737=DIRECTION('',(1.,0.,0.));
#6738=DIRECTION('',(0.,0.,-1.));
#6739=DIRECTION('',(1.,0.,0.));
#6740=DIRECTION('',(0.,0.,-1.));
#6741=DIRECTION('',(1.,0.,0.));
#6742=DIRECTION('',(1.,0.,0.));
#6743=DIRECTION('',(0.,0.,-1.));
#6744=DIRECTION('',(0.,1.,0.));
#6745=DIRECTION('',(0.,1.,0.));
#6746=DIRECTION('',(0.,0.,-1.));
#6747=DIRECTION('',(-1.,0.,0.));
#6748=DIRECTION('',(0.,-1.,0.));
#6749=DIRECTION('',(0.,-1.,0.));
#6750=DIRECTION('',(1.,0.,0.));
#6751=DIRECTION('',(0.,0.,1.));
#6752=DIRECTION('',(1.,0.,0.));
#6753=DIRECTION('',(1.,0.,0.));
#6754=DIRECTION('',(0.,0.,-1.));
#6755=DIRECTION('',(1.,0.,0.));
#6756=DIRECTION('',(0.,0.,-1.));
#6757=DIRECTION('',(1.,0.,0.));
#6758=DIRECTION('',(1.,0.,0.));
#6759=DIRECTION('',(0.,0.,-1.));
#6760=DIRECTION('',(0.,-1.,0.));
#6761=DIRECTION('',(0.,-1.,0.));
#6762=DIRECTION('',(0.,0.,1.));
#6763=DIRECTION('',(1.,0.,0.));
#6764=DIRECTION('',(1.,0.,0.));
#6765=DIRECTION('',(0.,0.,-1.));
#6766=DIRECTION('',(1.,0.,0.));
#6767=DIRECTION('',(0.,0.,-1.));
#6768=DIRECTION('',(0.,0.,-1.));
#6769=DIRECTION('',(1.,0.,0.));
#6770=DIRECTION('',(0.,0.,-1.));
#6771=DIRECTION('',(1.,0.,0.));
#6772=DIRECTION('',(0.,-1.,0.));
#6773=DIRECTION('',(0.,0.,-1.));
#6774=DIRECTION('',(0.,1.,0.));
#6775=DIRECTION('',(0.,1.,0.));
#6776=DIRECTION('',(1.,0.,0.));
#6777=DIRECTION('',(0.,0.,-1.));
#6778=DIRECTION('',(-1.,0.,0.));
#6779=DIRECTION('',(1.,0.,0.));
#6780=DIRECTION('',(0.,0.,-1.));
#6781=DIRECTION('',(1.,0.,0.));
#6782=DIRECTION('',(0.,0.,-1.));
#6783=DIRECTION('',(1.,0.,0.));
#6784=DIRECTION('',(1.,0.,0.));
#6785=DIRECTION('',(0.,0.,-1.));
#6786=DIRECTION('',(0.,1.,0.));
#6787=DIRECTION('',(0.,1.,0.));
#6788=DIRECTION('',(0.,0.,-1.));
#6789=DIRECTION('',(-1.,0.,0.));
#6790=DIRECTION('',(0.,-1.,0.));
#6791=DIRECTION('',(0.,-1.,0.));
#6792=DIRECTION('',(1.,0.,0.));
#6793=DIRECTION('',(0.,0.,1.));
#6794=DIRECTION('',(1.,0.,0.));
#6795=DIRECTION('',(1.,0.,0.));
#6796=DIRECTION('',(0.,0.,-1.));
#6797=DIRECTION('',(1.,0.,0.));
#6798=DIRECTION('',(0.,0.,-1.));
#6799=DIRECTION('',(1.,0.,0.));
#6800=DIRECTION('',(1.,0.,0.));
#6801=DIRECTION('',(0.,0.,-1.));
#6802=DIRECTION('',(0.,-1.,0.));
#6803=DIRECTION('',(0.,-1.,0.));
#6804=DIRECTION('',(0.,0.,1.));
#6805=DIRECTION('',(1.,0.,0.));
#6806=DIRECTION('',(1.,0.,0.));
#6807=DIRECTION('',(0.,0.,-1.));
#6808=DIRECTION('',(1.,0.,0.));
#6809=DIRECTION('',(0.,0.,-1.));
#6810=DIRECTION('',(0.,0.,-1.));
#6811=DIRECTION('',(1.,0.,0.));
#6812=DIRECTION('',(0.,0.,-1.));
#6813=DIRECTION('',(1.,0.,0.));
#6814=DIRECTION('',(0.,-1.,0.));
#6815=DIRECTION('',(0.,0.,-1.));
#6816=DIRECTION('',(0.,1.,0.));
#6817=DIRECTION('',(0.,1.,0.));
#6818=DIRECTION('',(1.,0.,0.));
#6819=DIRECTION('',(0.,0.,-1.));
#6820=DIRECTION('',(-1.,0.,0.));
#6821=DIRECTION('',(1.,0.,0.));
#6822=DIRECTION('',(0.,0.,-1.));
#6823=DIRECTION('',(1.,0.,0.));
#6824=DIRECTION('',(0.,0.,-1.));
#6825=DIRECTION('',(1.,0.,0.));
#6826=DIRECTION('',(1.,0.,0.));
#6827=DIRECTION('',(0.,0.,-1.));
#6828=DIRECTION('',(0.,1.,0.));
#6829=DIRECTION('',(0.,1.,0.));
#6830=DIRECTION('',(0.,0.,-1.));
#6831=DIRECTION('',(-1.,0.,0.));
#6832=DIRECTION('',(0.,-1.,0.));
#6833=DIRECTION('',(0.,-1.,0.));
#6834=DIRECTION('',(1.,0.,0.));
#6835=DIRECTION('',(0.,0.,1.));
#6836=DIRECTION('',(1.,0.,0.));
#6837=DIRECTION('',(1.,0.,0.));
#6838=DIRECTION('',(0.,0.,-1.));
#6839=DIRECTION('',(1.,0.,0.));
#6840=DIRECTION('',(0.,0.,-1.));
#6841=DIRECTION('',(1.,0.,0.));
#6842=DIRECTION('',(1.,0.,0.));
#6843=DIRECTION('',(0.,0.,-1.));
#6844=DIRECTION('',(0.,-1.,0.));
#6845=DIRECTION('',(0.,-1.,0.));
#6846=DIRECTION('',(0.,0.,1.));
#6847=DIRECTION('',(1.,0.,0.));
#6848=DIRECTION('',(1.,0.,0.));
#6849=DIRECTION('',(0.,0.,-1.));
#6850=DIRECTION('',(1.,0.,0.));
#6851=DIRECTION('',(0.,0.,-1.));
#6852=DIRECTION('',(0.,0.,-1.));
#6853=DIRECTION('',(1.,0.,0.));
#6854=DIRECTION('',(0.,0.,-1.));
#6855=DIRECTION('',(1.,0.,0.));
#6856=DIRECTION('',(0.,-1.,0.));
#6857=DIRECTION('',(0.,0.,-1.));
#6858=DIRECTION('',(0.,1.,0.));
#6859=DIRECTION('',(0.,1.,0.));
#6860=DIRECTION('',(1.,0.,0.));
#6861=DIRECTION('',(0.,0.,-1.));
#6862=DIRECTION('',(-1.,0.,0.));
#6863=DIRECTION('',(1.,0.,0.));
#6864=DIRECTION('',(0.,0.,-1.));
#6865=DIRECTION('',(1.,0.,0.));
#6866=DIRECTION('',(0.,0.,-1.));
#6867=DIRECTION('',(1.,0.,0.));
#6868=DIRECTION('',(1.,0.,0.));
#6869=DIRECTION('',(0.,0.,-1.));
#6870=DIRECTION('',(0.,1.,0.));
#6871=DIRECTION('',(0.,1.,0.));
#6872=DIRECTION('',(0.,0.,-1.));
#6873=DIRECTION('',(-1.,0.,0.));
#6874=DIRECTION('',(0.,-1.,0.));
#6875=DIRECTION('',(0.,-1.,0.));
#6876=DIRECTION('',(1.,0.,0.));
#6877=DIRECTION('',(0.,0.,1.));
#6878=DIRECTION('',(1.,0.,0.));
#6879=DIRECTION('',(1.,0.,0.));
#6880=DIRECTION('',(0.,0.,-1.));
#6881=DIRECTION('',(1.,0.,0.));
#6882=DIRECTION('',(0.,0.,-1.));
#6883=DIRECTION('',(1.,0.,0.));
#6884=DIRECTION('',(1.,0.,0.));
#6885=DIRECTION('',(0.,0.,-1.));
#6886=DIRECTION('',(0.,-1.,0.));
#6887=DIRECTION('',(0.,-1.,0.));
#6888=DIRECTION('',(0.,0.,1.));
#6889=DIRECTION('',(1.,0.,0.));
#6890=DIRECTION('',(1.,0.,0.));
#6891=DIRECTION('',(0.,0.,-1.));
#6892=DIRECTION('',(1.,0.,0.));
#6893=DIRECTION('',(0.,0.,-1.));
#6894=DIRECTION('',(0.,0.,-1.));
#6895=DIRECTION('',(1.,0.,0.));
#6896=DIRECTION('',(0.,0.,-1.));
#6897=DIRECTION('',(1.,0.,0.));
#6898=DIRECTION('',(0.,-1.,0.));
#6899=DIRECTION('',(0.,0.,-1.));
#6900=DIRECTION('',(0.,1.,0.));
#6901=DIRECTION('',(0.,1.,0.));
#6902=DIRECTION('',(1.,0.,0.));
#6903=DIRECTION('',(0.,0.,-1.));
#6904=DIRECTION('',(-1.,0.,0.));
#6905=DIRECTION('',(1.,0.,0.));
#6906=DIRECTION('',(0.,0.,-1.));
#6907=DIRECTION('',(1.,0.,0.));
#6908=DIRECTION('',(0.,0.,-1.));
#6909=DIRECTION('',(1.,0.,0.));
#6910=DIRECTION('',(1.,0.,0.));
#6911=DIRECTION('',(0.,0.,-1.));
#6912=DIRECTION('',(0.,1.,0.));
#6913=DIRECTION('',(0.,1.,0.));
#6914=DIRECTION('',(0.,0.,-1.));
#6915=DIRECTION('',(-1.,0.,0.));
#6916=DIRECTION('',(0.,-1.,0.));
#6917=DIRECTION('',(0.,-1.,0.));
#6918=DIRECTION('',(1.,0.,0.));
#6919=DIRECTION('',(0.,0.,1.));
#6920=DIRECTION('',(1.,0.,0.));
#6921=DIRECTION('',(1.,0.,0.));
#6922=DIRECTION('',(0.,0.,-1.));
#6923=DIRECTION('',(1.,0.,0.));
#6924=DIRECTION('',(0.,0.,-1.));
#6925=DIRECTION('',(1.,0.,0.));
#6926=DIRECTION('',(1.,0.,0.));
#6927=DIRECTION('',(0.,0.,-1.));
#6928=DIRECTION('',(0.,-1.,0.));
#6929=DIRECTION('',(0.,-1.,0.));
#6930=DIRECTION('',(0.,0.,1.));
#6931=DIRECTION('',(1.,0.,0.));
#6932=DIRECTION('',(1.,0.,0.));
#6933=DIRECTION('',(0.,0.,-1.));
#6934=DIRECTION('',(1.,0.,0.));
#6935=DIRECTION('',(0.,0.,-1.));
#6936=DIRECTION('',(0.,0.,-1.));
#6937=DIRECTION('',(1.,0.,0.));
#6938=DIRECTION('',(0.,0.,-1.));
#6939=DIRECTION('',(1.,0.,0.));
#6940=DIRECTION('',(0.,-1.,0.));
#6941=DIRECTION('',(0.,0.,-1.));
#6942=DIRECTION('',(0.,1.,0.));
#6943=DIRECTION('',(0.,1.,0.));
#6944=DIRECTION('',(1.,0.,0.));
#6945=DIRECTION('',(0.,0.,-1.));
#6946=DIRECTION('',(-1.,0.,0.));
#6947=DIRECTION('',(1.,0.,0.));
#6948=DIRECTION('',(0.,0.,-1.));
#6949=DIRECTION('',(1.,0.,0.));
#6950=DIRECTION('',(0.,0.,-1.));
#6951=DIRECTION('',(1.,0.,0.));
#6952=DIRECTION('',(1.,0.,0.));
#6953=DIRECTION('',(0.,0.,-1.));
#6954=DIRECTION('',(0.,1.,0.));
#6955=DIRECTION('',(0.,1.,0.));
#6956=DIRECTION('',(0.,0.,-1.));
#6957=DIRECTION('',(-1.,0.,0.));
#6958=DIRECTION('',(0.,-1.,0.));
#6959=DIRECTION('',(0.,-1.,0.));
#6960=DIRECTION('',(1.,0.,0.));
#6961=DIRECTION('',(0.,0.,1.));
#6962=DIRECTION('',(1.,0.,0.));
#6963=DIRECTION('',(1.,0.,0.));
#6964=DIRECTION('',(0.,0.,-1.));
#6965=DIRECTION('',(1.,0.,0.));
#6966=DIRECTION('',(0.,0.,-1.));
#6967=DIRECTION('',(1.,0.,0.));
#6968=DIRECTION('',(1.,0.,0.));
#6969=DIRECTION('',(0.,0.,-1.));
#6970=DIRECTION('',(0.,-1.,0.));
#6971=DIRECTION('',(0.,-1.,0.));
#6972=DIRECTION('',(0.,0.,1.));
#6973=DIRECTION('',(1.,0.,0.));
#6974=DIRECTION('',(1.,0.,0.));
#6975=DIRECTION('',(0.,0.,-1.));
#6976=DIRECTION('',(1.,0.,0.));
#6977=DIRECTION('',(0.,0.,-1.));
#6978=DIRECTION('',(0.,0.,-1.));
#6979=DIRECTION('',(1.,0.,0.));
#6980=DIRECTION('',(0.,0.,-1.));
#6981=DIRECTION('',(1.,0.,0.));
#6982=DIRECTION('',(0.,-1.,0.));
#6983=DIRECTION('',(0.,0.,-1.));
#6984=DIRECTION('',(0.,1.,0.));
#6985=DIRECTION('',(0.,1.,0.));
#6986=DIRECTION('',(1.,0.,0.));
#6987=DIRECTION('',(0.,0.,-1.));
#6988=DIRECTION('',(-1.,0.,0.));
#6989=DIRECTION('',(1.,0.,0.));
#6990=DIRECTION('',(0.,0.,-1.));
#6991=DIRECTION('',(1.,0.,0.));
#6992=DIRECTION('',(0.,0.,-1.));
#6993=DIRECTION('',(1.,0.,0.));
#6994=DIRECTION('',(1.,0.,0.));
#6995=DIRECTION('',(0.,0.,-1.));
#6996=DIRECTION('',(0.,1.,0.));
#6997=DIRECTION('',(0.,1.,0.));
#6998=DIRECTION('',(0.,0.,-1.));
#6999=DIRECTION('',(-1.,0.,0.));
#7000=DIRECTION('',(0.,-1.,0.));
#7001=DIRECTION('',(0.,-1.,0.));
#7002=DIRECTION('',(1.,0.,0.));
#7003=DIRECTION('',(0.,0.,1.));
#7004=DIRECTION('',(1.,0.,0.));
#7005=DIRECTION('',(1.,0.,0.));
#7006=DIRECTION('',(0.,0.,-1.));
#7007=DIRECTION('',(1.,0.,0.));
#7008=DIRECTION('',(0.,0.,-1.));
#7009=DIRECTION('',(1.,0.,0.));
#7010=DIRECTION('',(1.,0.,0.));
#7011=DIRECTION('',(0.,0.,-1.));
#7012=DIRECTION('',(0.,-1.,0.));
#7013=DIRECTION('',(0.,-1.,0.));
#7014=DIRECTION('',(0.,0.,1.));
#7015=DIRECTION('',(1.,0.,0.));
#7016=DIRECTION('',(1.,0.,0.));
#7017=DIRECTION('',(0.,0.,-1.));
#7018=DIRECTION('',(1.,0.,0.));
#7019=DIRECTION('',(0.,0.,-1.));
#7020=DIRECTION('',(0.,0.,-1.));
#7021=DIRECTION('',(1.,0.,0.));
#7022=DIRECTION('',(0.,0.,-1.));
#7023=DIRECTION('',(1.,0.,0.));
#7024=DIRECTION('',(0.,-1.,0.));
#7025=DIRECTION('',(0.,0.,-1.));
#7026=DIRECTION('',(0.,1.,0.));
#7027=DIRECTION('',(0.,1.,0.));
#7028=DIRECTION('',(1.,0.,0.));
#7029=DIRECTION('',(0.,0.,-1.));
#7030=DIRECTION('',(-1.,0.,0.));
#7031=DIRECTION('',(1.,0.,0.));
#7032=DIRECTION('',(0.,0.,-1.));
#7033=DIRECTION('',(1.,0.,0.));
#7034=DIRECTION('',(0.,0.,-1.));
#7035=DIRECTION('',(1.,0.,0.));
#7036=DIRECTION('',(1.,0.,0.));
#7037=DIRECTION('',(0.,0.,-1.));
#7038=DIRECTION('',(0.,1.,0.));
#7039=DIRECTION('',(0.,1.,0.));
#7040=DIRECTION('',(0.,0.,-1.));
#7041=DIRECTION('',(-1.,0.,0.));
#7042=DIRECTION('',(0.,-1.,0.));
#7043=DIRECTION('',(0.,-1.,0.));
#7044=DIRECTION('',(1.,0.,0.));
#7045=DIRECTION('',(0.,0.,1.));
#7046=DIRECTION('',(1.,0.,0.));
#7047=DIRECTION('',(1.,0.,0.));
#7048=DIRECTION('',(0.,0.,-1.));
#7049=DIRECTION('',(1.,0.,0.));
#7050=DIRECTION('',(0.,0.,-1.));
#7051=DIRECTION('',(1.,0.,0.));
#7052=DIRECTION('',(1.,0.,0.));
#7053=DIRECTION('',(0.,0.,-1.));
#7054=DIRECTION('',(0.,-1.,0.));
#7055=DIRECTION('',(0.,-1.,0.));
#7056=DIRECTION('',(0.,0.,1.));
#7057=DIRECTION('',(1.,0.,0.));
#7058=DIRECTION('',(1.,0.,0.));
#7059=DIRECTION('',(0.,0.,-1.));
#7060=DIRECTION('',(1.,0.,0.));
#7061=DIRECTION('',(0.,0.,-1.));
#7062=DIRECTION('',(0.,0.,-1.));
#7063=DIRECTION('',(1.,0.,0.));
#7064=DIRECTION('',(0.,0.,-1.));
#7065=DIRECTION('',(1.,0.,0.));
#7066=DIRECTION('',(0.,-1.,0.));
#7067=DIRECTION('',(0.,0.,-1.));
#7068=DIRECTION('',(0.,1.,0.));
#7069=DIRECTION('',(0.,1.,0.));
#7070=DIRECTION('',(1.,0.,0.));
#7071=DIRECTION('',(0.,0.,-1.));
#7072=DIRECTION('',(-1.,0.,0.));
#7073=DIRECTION('',(1.,0.,0.));
#7074=DIRECTION('',(0.,0.,-1.));
#7075=DIRECTION('',(1.,0.,0.));
#7076=DIRECTION('',(0.,0.,-1.));
#7077=DIRECTION('',(1.,0.,0.));
#7078=DIRECTION('',(1.,0.,0.));
#7079=DIRECTION('',(0.,0.,-1.));
#7080=DIRECTION('',(0.,1.,0.));
#7081=DIRECTION('',(0.,1.,0.));
#7082=DIRECTION('',(0.,0.,-1.));
#7083=DIRECTION('',(-1.,0.,0.));
#7084=DIRECTION('',(0.,-1.,0.));
#7085=DIRECTION('',(0.,-1.,0.));
#7086=DIRECTION('',(1.,0.,0.));
#7087=DIRECTION('',(0.,0.,1.));
#7088=DIRECTION('',(1.,0.,0.));
#7089=DIRECTION('',(1.,0.,0.));
#7090=DIRECTION('',(0.,0.,-1.));
#7091=DIRECTION('',(1.,0.,0.));
#7092=DIRECTION('',(0.,0.,-1.));
#7093=DIRECTION('',(1.,0.,0.));
#7094=DIRECTION('',(1.,0.,0.));
#7095=DIRECTION('',(0.,0.,-1.));
#7096=DIRECTION('',(0.,-1.,0.));
#7097=DIRECTION('',(0.,-1.,0.));
#7098=DIRECTION('',(0.,0.,1.));
#7099=DIRECTION('',(1.,0.,0.));
#7100=DIRECTION('',(1.,0.,0.));
#7101=DIRECTION('',(0.,0.,-1.));
#7102=DIRECTION('',(1.,0.,0.));
#7103=DIRECTION('',(0.,0.,-1.));
#7104=DIRECTION('',(0.,0.,-1.));
#7105=DIRECTION('',(1.,0.,0.));
#7106=DIRECTION('',(0.,0.,-1.));
#7107=DIRECTION('',(1.,0.,0.));
#7108=DIRECTION('',(0.,-1.,0.));
#7109=DIRECTION('',(0.,0.,-1.));
#7110=DIRECTION('',(0.,1.,0.));
#7111=DIRECTION('',(0.,1.,0.));
#7112=DIRECTION('',(1.,0.,0.));
#7113=DIRECTION('',(0.,0.,-1.));
#7114=DIRECTION('',(-1.,0.,0.));
#7115=DIRECTION('',(1.,0.,0.));
#7116=DIRECTION('',(0.,0.,-1.));
#7117=DIRECTION('',(1.,0.,0.));
#7118=DIRECTION('',(0.,0.,-1.));
#7119=DIRECTION('',(1.,0.,0.));
#7120=DIRECTION('',(1.,0.,0.));
#7121=DIRECTION('',(0.,0.,-1.));
#7122=DIRECTION('',(0.,1.,0.));
#7123=DIRECTION('',(0.,1.,0.));
#7124=DIRECTION('',(0.,0.,-1.));
#7125=DIRECTION('',(-1.,0.,0.));
#7126=DIRECTION('',(0.,-1.,0.));
#7127=DIRECTION('',(0.,-1.,0.));
#7128=DIRECTION('',(1.,0.,0.));
#7129=DIRECTION('',(0.,0.,1.));
#7130=DIRECTION('',(1.,0.,0.));
#7131=DIRECTION('',(1.,0.,0.));
#7132=DIRECTION('',(0.,0.,-1.));
#7133=DIRECTION('',(1.,0.,0.));
#7134=DIRECTION('',(0.,0.,-1.));
#7135=DIRECTION('',(1.,0.,0.));
#7136=DIRECTION('',(1.,0.,0.));
#7137=DIRECTION('',(0.,0.,-1.));
#7138=DIRECTION('',(0.,-1.,0.));
#7139=DIRECTION('',(0.,-1.,0.));
#7140=DIRECTION('',(0.,0.,1.));
#7141=DIRECTION('',(1.,0.,0.));
#7142=DIRECTION('',(1.,0.,0.));
#7143=DIRECTION('',(0.,0.,-1.));
#7144=DIRECTION('',(1.,0.,0.));
#7145=DIRECTION('',(0.,0.,-1.));
#7146=CARTESIAN_POINT('',(0.,0.,0.));
#7147=CARTESIAN_POINT('',(2.415,-1.41499999999999,1.15));
#7148=CARTESIAN_POINT('',(2.415,-1.41499999999999,1.15));
#7149=CARTESIAN_POINT('',(2.415,-1.41499999999999,1.3));
#7150=CARTESIAN_POINT('',(2.415,-1.41499999999999,1.3));
#7151=CARTESIAN_POINT('',(2.585,-1.41499999999999,1.3));
#7152=CARTESIAN_POINT('',(2.585,-1.41499999999999,1.15));
#7153=CARTESIAN_POINT('',(2.585,-1.415,1.15));
#7154=CARTESIAN_POINT('',(2.415,-1.41499999999999,1.15));
#7155=CARTESIAN_POINT('',(1.415,-1.41499999999999,1.15));
#7156=CARTESIAN_POINT('',(1.415,-1.41499999999999,1.15));
#7157=CARTESIAN_POINT('',(1.415,-1.41499999999999,1.3));
#7158=CARTESIAN_POINT('',(1.415,-1.41499999999999,1.3));
#7159=CARTESIAN_POINT('',(1.585,-1.41499999999999,1.3));
#7160=CARTESIAN_POINT('',(1.585,-1.41499999999999,1.15));
#7161=CARTESIAN_POINT('',(1.585,-1.415,1.15));
#7162=CARTESIAN_POINT('',(1.415,-1.41499999999999,1.15));
#7163=CARTESIAN_POINT('',(0.415,-1.41499999999999,1.15));
#7164=CARTESIAN_POINT('',(0.415,-1.41499999999999,1.15));
#7165=CARTESIAN_POINT('',(0.415,-1.41499999999999,1.3));
#7166=CARTESIAN_POINT('',(0.415,-1.41499999999999,1.3));
#7167=CARTESIAN_POINT('',(0.585,-1.41499999999999,1.3));
#7168=CARTESIAN_POINT('',(0.585,-1.41499999999999,1.15));
#7169=CARTESIAN_POINT('',(0.585,-1.415,1.15));
#7170=CARTESIAN_POINT('',(0.415,-1.41499999999999,1.15));
#7171=CARTESIAN_POINT('',(-0.585,-1.41499999999999,1.15));
#7172=CARTESIAN_POINT('',(-0.585,-1.41499999999999,1.15));
#7173=CARTESIAN_POINT('',(-0.585,-1.41499999999999,1.3));
#7174=CARTESIAN_POINT('',(-0.585,-1.41499999999999,1.3));
#7175=CARTESIAN_POINT('',(-0.415,-1.41499999999999,1.3));
#7176=CARTESIAN_POINT('',(-0.415,-1.41499999999999,1.15));
#7177=CARTESIAN_POINT('',(-0.415,-1.415,1.15));
#7178=CARTESIAN_POINT('',(-0.585,-1.41499999999999,1.15));
#7179=CARTESIAN_POINT('',(-1.585,-1.41499999999999,1.15));
#7180=CARTESIAN_POINT('',(-1.585,-1.41499999999999,1.15));
#7181=CARTESIAN_POINT('',(-1.585,-1.41499999999999,1.3));
#7182=CARTESIAN_POINT('',(-1.585,-1.41499999999999,1.3));
#7183=CARTESIAN_POINT('',(-1.415,-1.41499999999999,1.3));
#7184=CARTESIAN_POINT('',(-1.415,-1.41499999999999,1.15));
#7185=CARTESIAN_POINT('',(-1.415,-1.415,1.15));
#7186=CARTESIAN_POINT('',(-1.585,-1.41499999999999,1.15));
#7187=CARTESIAN_POINT('',(-2.585,-1.41499999999999,1.15));
#7188=CARTESIAN_POINT('',(-2.585,-1.41499999999999,1.15));
#7189=CARTESIAN_POINT('',(-2.585,-1.41499999999999,1.3));
#7190=CARTESIAN_POINT('',(-2.585,-1.41499999999999,1.3));
#7191=CARTESIAN_POINT('',(-2.415,-1.41499999999999,1.3));
#7192=CARTESIAN_POINT('',(-2.415,-1.41499999999999,1.15));
#7193=CARTESIAN_POINT('',(-2.415,-1.415,1.15));
#7194=CARTESIAN_POINT('',(-2.585,-1.41499999999999,1.15));
#7195=CARTESIAN_POINT('',(-3.585,-1.41499999999999,1.15));
#7196=CARTESIAN_POINT('',(-3.585,-1.41499999999999,1.15));
#7197=CARTESIAN_POINT('',(-3.585,-1.41499999999999,1.3));
#7198=CARTESIAN_POINT('',(-3.585,-1.41499999999999,1.3));
#7199=CARTESIAN_POINT('',(-3.415,-1.41499999999999,1.3));
#7200=CARTESIAN_POINT('',(-3.415,-1.41499999999999,1.15));
#7201=CARTESIAN_POINT('',(-3.415,-1.415,1.15));
#7202=CARTESIAN_POINT('',(-3.585,-1.41499999999999,1.15));
#7203=CARTESIAN_POINT('',(-4.475,-1.415,1.39));
#7204=CARTESIAN_POINT('',(-4.475,-1.415,1.39));
#7205=CARTESIAN_POINT('',(-4.475,-1.415,0.24));
#7206=CARTESIAN_POINT('',(4.475,-1.415,0.24));
#7207=CARTESIAN_POINT('',(4.475,-1.415,0.24));
#7208=CARTESIAN_POINT('',(4.475,-1.415,1.39));
#7209=CARTESIAN_POINT('',(4.475,-1.415,1.39));
#7210=CARTESIAN_POINT('',(4.475,-1.415,1.39));
#7211=CARTESIAN_POINT('',(3.585,-1.41499999999999,1.15));
#7212=CARTESIAN_POINT('',(3.585,-1.41499999999999,1.15));
#7213=CARTESIAN_POINT('',(3.585,-1.41499999999999,1.3));
#7214=CARTESIAN_POINT('',(3.415,-1.41499999999999,1.15));
#7215=CARTESIAN_POINT('',(3.415,-1.41499999999999,1.15));
#7216=CARTESIAN_POINT('',(3.415,-1.41499999999999,1.15));
#7217=CARTESIAN_POINT('',(3.415,-1.41499999999999,1.3));
#7218=CARTESIAN_POINT('',(3.415,-1.41499999999999,1.3));
#7219=CARTESIAN_POINT('',(-3.085,-1.41499999999999,1.15));
#7220=CARTESIAN_POINT('',(-3.085,-1.41499999999999,1.15));
#7221=CARTESIAN_POINT('',(-3.085,-1.41499999999999,1.3));
#7222=CARTESIAN_POINT('',(-3.085,-1.41499999999999,1.3));
#7223=CARTESIAN_POINT('',(-2.915,-1.41499999999999,1.3));
#7224=CARTESIAN_POINT('',(-2.915,-1.41499999999999,1.15));
#7225=CARTESIAN_POINT('',(-2.915,-1.415,1.15));
#7226=CARTESIAN_POINT('',(-3.085,-1.41499999999999,1.15));
#7227=CARTESIAN_POINT('',(-2.085,-1.41499999999999,1.15));
#7228=CARTESIAN_POINT('',(-2.085,-1.41499999999999,1.15));
#7229=CARTESIAN_POINT('',(-2.085,-1.41499999999999,1.3));
#7230=CARTESIAN_POINT('',(-2.085,-1.41499999999999,1.3));
#7231=CARTESIAN_POINT('',(-1.915,-1.41499999999999,1.3));
#7232=CARTESIAN_POINT('',(-1.915,-1.41499999999999,1.15));
#7233=CARTESIAN_POINT('',(-1.915,-1.415,1.15));
#7234=CARTESIAN_POINT('',(-2.085,-1.41499999999999,1.15));
#7235=CARTESIAN_POINT('',(-1.085,-1.41499999999999,1.15));
#7236=CARTESIAN_POINT('',(-1.085,-1.41499999999999,1.15));
#7237=CARTESIAN_POINT('',(-1.085,-1.41499999999999,1.3));
#7238=CARTESIAN_POINT('',(-1.085,-1.41499999999999,1.3));
#7239=CARTESIAN_POINT('',(-0.915,-1.41499999999999,1.3));
#7240=CARTESIAN_POINT('',(-0.915,-1.41499999999999,1.15));
#7241=CARTESIAN_POINT('',(-0.915000000000001,-1.415,1.15));
#7242=CARTESIAN_POINT('',(-1.085,-1.41499999999999,1.15));
#7243=CARTESIAN_POINT('',(-0.085,-1.41499999999999,1.15));
#7244=CARTESIAN_POINT('',(-0.085,-1.41499999999999,1.15));
#7245=CARTESIAN_POINT('',(-0.085,-1.41499999999999,1.3));
#7246=CARTESIAN_POINT('',(-0.085,-1.41499999999999,1.3));
#7247=CARTESIAN_POINT('',(0.085,-1.41499999999999,1.3));
#7248=CARTESIAN_POINT('',(0.085,-1.41499999999999,1.15));
#7249=CARTESIAN_POINT('',(0.085,-1.415,1.15));
#7250=CARTESIAN_POINT('',(-0.085,-1.41499999999999,1.15));
#7251=CARTESIAN_POINT('',(0.915,-1.41499999999999,1.15));
#7252=CARTESIAN_POINT('',(0.915,-1.41499999999999,1.15));
#7253=CARTESIAN_POINT('',(0.915,-1.41499999999999,1.3));
#7254=CARTESIAN_POINT('',(0.915,-1.41499999999999,1.3));
#7255=CARTESIAN_POINT('',(1.085,-1.41499999999999,1.3));
#7256=CARTESIAN_POINT('',(1.085,-1.41499999999999,1.15));
#7257=CARTESIAN_POINT('',(1.085,-1.415,1.15));
#7258=CARTESIAN_POINT('',(0.915,-1.41499999999999,1.15));
#7259=CARTESIAN_POINT('',(1.915,-1.41499999999999,1.15));
#7260=CARTESIAN_POINT('',(1.915,-1.41499999999999,1.15));
#7261=CARTESIAN_POINT('',(1.915,-1.41499999999999,1.3));
#7262=CARTESIAN_POINT('',(1.915,-1.41499999999999,1.3));
#7263=CARTESIAN_POINT('',(2.085,-1.41499999999999,1.3));
#7264=CARTESIAN_POINT('',(2.085,-1.41499999999999,1.15));
#7265=CARTESIAN_POINT('',(2.085,-1.415,1.15));
#7266=CARTESIAN_POINT('',(1.915,-1.41499999999999,1.15));
#7267=CARTESIAN_POINT('',(2.915,-1.41499999999999,1.15));
#7268=CARTESIAN_POINT('',(2.915,-1.41499999999999,1.15));
#7269=CARTESIAN_POINT('',(2.915,-1.41499999999999,1.3));
#7270=CARTESIAN_POINT('',(2.915,-1.41499999999999,1.3));
#7271=CARTESIAN_POINT('',(3.085,-1.41499999999999,1.3));
#7272=CARTESIAN_POINT('',(3.085,-1.41499999999999,1.15));
#7273=CARTESIAN_POINT('',(3.085,-1.415,1.15));
#7274=CARTESIAN_POINT('',(2.915,-1.41499999999999,1.15));
#7275=CARTESIAN_POINT('',(4.475,-1.415,1.39));
#7276=CARTESIAN_POINT('',(2.915,1.41499999999999,1.3));
#7277=CARTESIAN_POINT('',(2.915,1.41499999999999,1.3));
#7278=CARTESIAN_POINT('',(3.085,1.415,1.3));
#7279=CARTESIAN_POINT('',(2.915,1.41499999999999,1.3));
#7280=CARTESIAN_POINT('',(2.915,1.41499999999999,1.15));
#7281=CARTESIAN_POINT('',(2.915,1.41499999999999,1.15));
#7282=CARTESIAN_POINT('',(3.085,1.41499999999999,1.15));
#7283=CARTESIAN_POINT('',(3.085,1.41499999999999,1.3));
#7284=CARTESIAN_POINT('',(2.415,1.41499999999999,1.3));
#7285=CARTESIAN_POINT('',(2.415,1.41499999999999,1.3));
#7286=CARTESIAN_POINT('',(2.585,1.415,1.3));
#7287=CARTESIAN_POINT('',(2.415,1.41499999999999,1.3));
#7288=CARTESIAN_POINT('',(2.415,1.41499999999999,1.15));
#7289=CARTESIAN_POINT('',(2.415,1.41499999999999,1.15));
#7290=CARTESIAN_POINT('',(2.585,1.41499999999999,1.15));
#7291=CARTESIAN_POINT('',(2.585,1.41499999999999,1.3));
#7292=CARTESIAN_POINT('',(1.915,1.41499999999999,1.3));
#7293=CARTESIAN_POINT('',(1.915,1.41499999999999,1.3));
#7294=CARTESIAN_POINT('',(2.085,1.415,1.3));
#7295=CARTESIAN_POINT('',(1.915,1.41499999999999,1.3));
#7296=CARTESIAN_POINT('',(1.915,1.41499999999999,1.15));
#7297=CARTESIAN_POINT('',(1.915,1.41499999999999,1.15));
#7298=CARTESIAN_POINT('',(2.085,1.41499999999999,1.15));
#7299=CARTESIAN_POINT('',(2.085,1.41499999999999,1.3));
#7300=CARTESIAN_POINT('',(1.415,1.41499999999999,1.3));
#7301=CARTESIAN_POINT('',(1.415,1.41499999999999,1.3));
#7302=CARTESIAN_POINT('',(1.585,1.415,1.3));
#7303=CARTESIAN_POINT('',(1.415,1.41499999999999,1.3));
#7304=CARTESIAN_POINT('',(1.415,1.41499999999999,1.15));
#7305=CARTESIAN_POINT('',(1.415,1.41499999999999,1.15));
#7306=CARTESIAN_POINT('',(1.585,1.41499999999999,1.15));
#7307=CARTESIAN_POINT('',(1.585,1.41499999999999,1.3));
#7308=CARTESIAN_POINT('',(0.915,1.41499999999999,1.3));
#7309=CARTESIAN_POINT('',(0.915,1.41499999999999,1.3));
#7310=CARTESIAN_POINT('',(1.085,1.415,1.3));
#7311=CARTESIAN_POINT('',(0.915,1.41499999999999,1.3));
#7312=CARTESIAN_POINT('',(0.915,1.41499999999999,1.15));
#7313=CARTESIAN_POINT('',(0.915,1.41499999999999,1.15));
#7314=CARTESIAN_POINT('',(1.085,1.41499999999999,1.15));
#7315=CARTESIAN_POINT('',(1.085,1.41499999999999,1.3));
#7316=CARTESIAN_POINT('',(0.415,1.41499999999999,1.3));
#7317=CARTESIAN_POINT('',(0.415,1.41499999999999,1.3));
#7318=CARTESIAN_POINT('',(0.585,1.415,1.3));
#7319=CARTESIAN_POINT('',(0.415,1.41499999999999,1.3));
#7320=CARTESIAN_POINT('',(0.415,1.41499999999999,1.15));
#7321=CARTESIAN_POINT('',(0.415,1.41499999999999,1.15));
#7322=CARTESIAN_POINT('',(0.585,1.41499999999999,1.15));
#7323=CARTESIAN_POINT('',(0.585,1.41499999999999,1.3));
#7324=CARTESIAN_POINT('',(-0.085,1.41499999999999,1.3));
#7325=CARTESIAN_POINT('',(-0.085,1.41499999999999,1.3));
#7326=CARTESIAN_POINT('',(0.085,1.415,1.3));
#7327=CARTESIAN_POINT('',(-0.085,1.41499999999999,1.3));
#7328=CARTESIAN_POINT('',(-0.085,1.41499999999999,1.15));
#7329=CARTESIAN_POINT('',(-0.085,1.41499999999999,1.15));
#7330=CARTESIAN_POINT('',(0.085,1.41499999999999,1.15));
#7331=CARTESIAN_POINT('',(0.085,1.41499999999999,1.3));
#7332=CARTESIAN_POINT('',(-0.585,1.41499999999999,1.3));
#7333=CARTESIAN_POINT('',(-0.585,1.41499999999999,1.3));
#7334=CARTESIAN_POINT('',(-0.415,1.415,1.3));
#7335=CARTESIAN_POINT('',(-0.585,1.41499999999999,1.3));
#7336=CARTESIAN_POINT('',(-0.585,1.41499999999999,1.15));
#7337=CARTESIAN_POINT('',(-0.585,1.41499999999999,1.15));
#7338=CARTESIAN_POINT('',(-0.415,1.41499999999999,1.15));
#7339=CARTESIAN_POINT('',(-0.415,1.41499999999999,1.3));
#7340=CARTESIAN_POINT('',(-1.085,1.41499999999999,1.3));
#7341=CARTESIAN_POINT('',(-1.085,1.41499999999999,1.3));
#7342=CARTESIAN_POINT('',(-0.915000000000001,1.415,1.3));
#7343=CARTESIAN_POINT('',(-1.085,1.41499999999999,1.3));
#7344=CARTESIAN_POINT('',(-1.085,1.41499999999999,1.15));
#7345=CARTESIAN_POINT('',(-1.085,1.41499999999999,1.15));
#7346=CARTESIAN_POINT('',(-0.915,1.41499999999999,1.15));
#7347=CARTESIAN_POINT('',(-0.915,1.41499999999999,1.3));
#7348=CARTESIAN_POINT('',(-1.585,1.41499999999999,1.3));
#7349=CARTESIAN_POINT('',(-1.585,1.41499999999999,1.3));
#7350=CARTESIAN_POINT('',(-1.415,1.415,1.3));
#7351=CARTESIAN_POINT('',(-1.585,1.41499999999999,1.3));
#7352=CARTESIAN_POINT('',(-1.585,1.41499999999999,1.15));
#7353=CARTESIAN_POINT('',(-1.585,1.41499999999999,1.15));
#7354=CARTESIAN_POINT('',(-1.415,1.41499999999999,1.15));
#7355=CARTESIAN_POINT('',(-1.415,1.41499999999999,1.3));
#7356=CARTESIAN_POINT('',(-2.085,1.41499999999999,1.3));
#7357=CARTESIAN_POINT('',(-2.085,1.41499999999999,1.3));
#7358=CARTESIAN_POINT('',(-1.915,1.415,1.3));
#7359=CARTESIAN_POINT('',(-2.085,1.41499999999999,1.3));
#7360=CARTESIAN_POINT('',(-2.085,1.41499999999999,1.15));
#7361=CARTESIAN_POINT('',(-2.085,1.41499999999999,1.15));
#7362=CARTESIAN_POINT('',(-1.915,1.41499999999999,1.15));
#7363=CARTESIAN_POINT('',(-1.915,1.41499999999999,1.3));
#7364=CARTESIAN_POINT('',(-2.585,1.41499999999999,1.3));
#7365=CARTESIAN_POINT('',(-2.585,1.41499999999999,1.3));
#7366=CARTESIAN_POINT('',(-2.415,1.415,1.3));
#7367=CARTESIAN_POINT('',(-2.585,1.41499999999999,1.3));
#7368=CARTESIAN_POINT('',(-2.585,1.41499999999999,1.15));
#7369=CARTESIAN_POINT('',(-2.585,1.41499999999999,1.15));
#7370=CARTESIAN_POINT('',(-2.415,1.41499999999999,1.15));
#7371=CARTESIAN_POINT('',(-2.415,1.41499999999999,1.3));
#7372=CARTESIAN_POINT('',(-3.085,1.41499999999999,1.3));
#7373=CARTESIAN_POINT('',(-3.085,1.41499999999999,1.3));
#7374=CARTESIAN_POINT('',(-2.915,1.415,1.3));
#7375=CARTESIAN_POINT('',(-3.085,1.41499999999999,1.3));
#7376=CARTESIAN_POINT('',(-3.085,1.41499999999999,1.15));
#7377=CARTESIAN_POINT('',(-3.085,1.41499999999999,1.15));
#7378=CARTESIAN_POINT('',(-2.915,1.41499999999999,1.15));
#7379=CARTESIAN_POINT('',(-2.915,1.41499999999999,1.3));
#7380=CARTESIAN_POINT('',(-3.585,1.41499999999999,1.3));
#7381=CARTESIAN_POINT('',(-3.585,1.41499999999999,1.3));
#7382=CARTESIAN_POINT('',(-3.415,1.415,1.3));
#7383=CARTESIAN_POINT('',(-3.585,1.41499999999999,1.3));
#7384=CARTESIAN_POINT('',(-3.585,1.41499999999999,1.15));
#7385=CARTESIAN_POINT('',(-3.585,1.41499999999999,1.15));
#7386=CARTESIAN_POINT('',(-3.415,1.41499999999999,1.15));
#7387=CARTESIAN_POINT('',(-3.415,1.41499999999999,1.3));
#7388=CARTESIAN_POINT('',(-4.475,1.415,0.24));
#7389=CARTESIAN_POINT('',(-4.475,1.415,0.24));
#7390=CARTESIAN_POINT('',(-4.475,1.415,1.39));
#7391=CARTESIAN_POINT('',(4.475,1.415,1.39));
#7392=CARTESIAN_POINT('',(4.475,1.415,1.39));
#7393=CARTESIAN_POINT('',(4.475,1.415,0.24));
#7394=CARTESIAN_POINT('',(4.475,1.415,0.24));
#7395=CARTESIAN_POINT('',(4.475,1.415,0.24));
#7396=CARTESIAN_POINT('',(3.585,1.41499999999999,1.3));
#7397=CARTESIAN_POINT('',(3.585,1.41499999999999,1.3));
#7398=CARTESIAN_POINT('',(3.585,1.41499999999999,1.15));
#7399=CARTESIAN_POINT('',(3.415,1.41499999999999,1.3));
#7400=CARTESIAN_POINT('',(3.415,1.41499999999999,1.3));
#7401=CARTESIAN_POINT('',(3.415,1.41499999999999,1.3));
#7402=CARTESIAN_POINT('',(3.415,1.41499999999999,1.15));
#7403=CARTESIAN_POINT('',(3.415,1.41499999999999,1.15));
#7404=CARTESIAN_POINT('',(4.475,1.415,0.24));
#7405=CARTESIAN_POINT('',(-4.025,0.85,0.24));
#7406=CARTESIAN_POINT('',(-4.025,0.85,0.24));
#7407=CARTESIAN_POINT('',(4.025,0.85,0.24));
#7408=CARTESIAN_POINT('',(-4.025,-0.85,0.24));
#7409=CARTESIAN_POINT('',(-4.025,-0.85,0.24));
#7410=CARTESIAN_POINT('',(4.025,-0.85,0.24));
#7411=CARTESIAN_POINT('',(4.025,-0.85,0.24));
#7412=CARTESIAN_POINT('',(4.025,0.85,0.24));
#7413=CARTESIAN_POINT('',(-4.475,-1.415,0.24));
#7414=CARTESIAN_POINT('',(4.475,-1.415,0.24));
#7415=CARTESIAN_POINT('',(4.475,-1.415,0.24));
#7416=CARTESIAN_POINT('',(-4.475,1.415,1.39));
#7417=CARTESIAN_POINT('',(4.475,1.415,1.39));
#7418=CARTESIAN_POINT('',(4.475,1.415,1.39));
#7419=CARTESIAN_POINT('',(4.475,0.,0.));
#7420=CARTESIAN_POINT('',(-4.475,0.,0.));
#7421=CARTESIAN_POINT('',(-4.025,0.85,1.14));
#7422=CARTESIAN_POINT('',(-4.025,0.85,1.14));
#7423=CARTESIAN_POINT('',(-4.025,-0.85,1.14));
#7424=CARTESIAN_POINT('',(-4.025,-0.85,1.14));
#7425=CARTESIAN_POINT('',(-4.025,-0.85,1.14));
#7426=CARTESIAN_POINT('',(-4.025,-0.85,1.14));
#7427=CARTESIAN_POINT('',(4.025,0.85,1.14));
#7428=CARTESIAN_POINT('',(4.025,0.85,1.14));
#7429=CARTESIAN_POINT('',(-4.025,0.85,1.14));
#7430=CARTESIAN_POINT('',(-4.025,0.85,1.14));
#7431=CARTESIAN_POINT('',(4.025,-0.85,1.14));
#7432=CARTESIAN_POINT('',(4.025,-0.85,1.14));
#7433=CARTESIAN_POINT('',(4.025,0.85,1.14));
#7434=CARTESIAN_POINT('',(4.025,0.85,1.14));
#7435=CARTESIAN_POINT('',(4.025,-0.85,1.14));
#7436=CARTESIAN_POINT('',(4.025,-0.85,1.14));
#7437=CARTESIAN_POINT('',(0.,0.,1.14));
#7438=CARTESIAN_POINT('',(3.585,1.41499999999999,1.15));
#7439=CARTESIAN_POINT('',(3.585,1.5,1.15));
#7440=CARTESIAN_POINT('',(3.415,1.41499999999999,1.15));
#7441=CARTESIAN_POINT('',(3.415,1.5,1.15));
#7442=CARTESIAN_POINT('',(3.415,1.5,1.15));
#7443=CARTESIAN_POINT('',(3.415,1.41499999999999,1.15));
#7444=CARTESIAN_POINT('',(3.585,1.5,1.3));
#7445=CARTESIAN_POINT('',(3.585,1.65,1.3));
#7446=CARTESIAN_POINT('',(3.415,1.5,1.3));
#7447=CARTESIAN_POINT('',(3.415,1.65,1.3));
#7448=CARTESIAN_POINT('',(3.415,1.65,1.3));
#7449=CARTESIAN_POINT('',(3.415,1.5,1.3));
#7450=CARTESIAN_POINT('',(3.585,1.65,1.3));
#7451=CARTESIAN_POINT('',(3.585,2.14999999999999,1.3));
#7452=CARTESIAN_POINT('',(3.415,1.65,1.3));
#7453=CARTESIAN_POINT('',(3.415,2.14999999999999,1.3));
#7454=CARTESIAN_POINT('',(3.415,2.14999999999999,1.3));
#7455=CARTESIAN_POINT('',(3.415,1.65,1.3));
#7456=CARTESIAN_POINT('',(3.585,2.14999999999999,1.3));
#7457=CARTESIAN_POINT('',(3.585,2.14999999999999,1.45));
#7458=CARTESIAN_POINT('',(3.415,2.14999999999999,1.3));
#7459=CARTESIAN_POINT('',(3.415,2.14999999999999,1.45));
#7460=CARTESIAN_POINT('',(3.415,2.14999999999999,1.45));
#7461=CARTESIAN_POINT('',(3.415,2.14999999999999,1.3));
#7462=CARTESIAN_POINT('',(3.585,2.14999999999999,1.45));
#7463=CARTESIAN_POINT('',(3.585,1.64999999999999,1.45));
#7464=CARTESIAN_POINT('',(3.415,2.14999999999999,1.45));
#7465=CARTESIAN_POINT('',(3.415,1.64999999999999,1.45));
#7466=CARTESIAN_POINT('',(3.415,1.64999999999999,1.45));
#7467=CARTESIAN_POINT('',(3.415,2.14999999999999,1.45));
#7468=CARTESIAN_POINT('',(3.585,1.64999999999999,1.3));
#7469=CARTESIAN_POINT('',(3.585,1.49999999999999,1.3));
#7470=CARTESIAN_POINT('',(3.415,1.64999999999999,1.3));
#7471=CARTESIAN_POINT('',(3.415,1.49999999999999,1.3));
#7472=CARTESIAN_POINT('',(3.415,1.49999999999999,1.3));
#7473=CARTESIAN_POINT('',(3.415,1.64999999999999,1.3));
#7474=CARTESIAN_POINT('',(3.585,1.49999999999999,1.3));
#7475=CARTESIAN_POINT('',(3.415,1.49999999999999,1.3));
#7476=CARTESIAN_POINT('',(3.415,1.49999999999999,1.3));
#7477=CARTESIAN_POINT('',(3.415,1.5,1.3));
#7478=CARTESIAN_POINT('',(3.585,1.5,1.3));
#7479=CARTESIAN_POINT('',(3.585,-2.14999999999999,1.45));
#7480=CARTESIAN_POINT('',(3.585,-2.14999999999999,1.45));
#7481=CARTESIAN_POINT('',(3.585,-2.14999999999999,1.3));
#7482=CARTESIAN_POINT('',(3.415,-2.14999999999999,1.45));
#7483=CARTESIAN_POINT('',(3.415,-2.14999999999999,1.45));
#7484=CARTESIAN_POINT('',(3.415,-2.14999999999999,1.45));
#7485=CARTESIAN_POINT('',(3.415,-2.14999999999999,1.3));
#7486=CARTESIAN_POINT('',(3.415,-2.14999999999999,1.3));
#7487=CARTESIAN_POINT('',(3.415,-2.14999999999999,1.45));
#7488=CARTESIAN_POINT('',(3.585,-2.14999999999999,1.3));
#7489=CARTESIAN_POINT('',(3.585,-1.65,1.3));
#7490=CARTESIAN_POINT('',(3.415,-2.14999999999999,1.3));
#7491=CARTESIAN_POINT('',(3.415,-1.65,1.3));
#7492=CARTESIAN_POINT('',(3.415,-1.65,1.3));
#7493=CARTESIAN_POINT('',(3.415,-2.14999999999999,1.3));
#7494=CARTESIAN_POINT('',(3.585,-1.5,1.3));
#7495=CARTESIAN_POINT('',(3.585,-1.5,1.15));
#7496=CARTESIAN_POINT('',(3.415,-1.5,1.3));
#7497=CARTESIAN_POINT('',(3.415,-1.5,1.15));
#7498=CARTESIAN_POINT('',(3.415,-1.5,1.15));
#7499=CARTESIAN_POINT('',(3.415,-1.5,1.3));
#7500=CARTESIAN_POINT('',(3.585,-1.5,1.15));
#7501=CARTESIAN_POINT('',(3.415,-1.5,1.15));
#7502=CARTESIAN_POINT('',(3.415,-1.5,1.15));
#7503=CARTESIAN_POINT('',(3.585,-1.41499999999999,1.3));
#7504=CARTESIAN_POINT('',(3.585,-1.49999999999999,1.3));
#7505=CARTESIAN_POINT('',(3.415,-1.41499999999999,1.3));
#7506=CARTESIAN_POINT('',(3.415,-1.49999999999999,1.3));
#7507=CARTESIAN_POINT('',(3.415,-1.49999999999999,1.3));
#7508=CARTESIAN_POINT('',(3.415,-1.41499999999999,1.3));
#7509=CARTESIAN_POINT('',(3.585,-1.64999999999999,1.3));
#7510=CARTESIAN_POINT('',(3.585,-1.64999999999999,1.45));
#7511=CARTESIAN_POINT('',(3.415,-1.64999999999999,1.3));
#7512=CARTESIAN_POINT('',(3.415,-1.64999999999999,1.45));
#7513=CARTESIAN_POINT('',(3.415,-1.64999999999999,1.45));
#7514=CARTESIAN_POINT('',(3.415,-1.64999999999999,1.3));
#7515=CARTESIAN_POINT('',(3.585,-1.64999999999999,1.45));
#7516=CARTESIAN_POINT('',(3.415,-1.64999999999999,1.45));
#7517=CARTESIAN_POINT('',(3.415,-1.64999999999999,1.45));
#7518=CARTESIAN_POINT('',(3.415,-1.5,1.3));
#7519=CARTESIAN_POINT('',(3.585,-1.5,1.3));
#7520=CARTESIAN_POINT('',(-3.415,1.41499999999999,1.15));
#7521=CARTESIAN_POINT('',(-3.415,1.5,1.15));
#7522=CARTESIAN_POINT('',(-3.585,1.41499999999999,1.15));
#7523=CARTESIAN_POINT('',(-3.585,1.5,1.15));
#7524=CARTESIAN_POINT('',(-3.585,1.5,1.15));
#7525=CARTESIAN_POINT('',(-3.585,1.41499999999999,1.15));
#7526=CARTESIAN_POINT('',(-3.415,1.5,1.3));
#7527=CARTESIAN_POINT('',(-3.415,1.65,1.3));
#7528=CARTESIAN_POINT('',(-3.585,1.5,1.3));
#7529=CARTESIAN_POINT('',(-3.585,1.65,1.3));
#7530=CARTESIAN_POINT('',(-3.585,1.65,1.3));
#7531=CARTESIAN_POINT('',(-3.585,1.5,1.3));
#7532=CARTESIAN_POINT('',(-3.415,1.65,1.3));
#7533=CARTESIAN_POINT('',(-3.415,2.14999999999999,1.3));
#7534=CARTESIAN_POINT('',(-3.585,1.65,1.3));
#7535=CARTESIAN_POINT('',(-3.585,2.14999999999999,1.3));
#7536=CARTESIAN_POINT('',(-3.585,2.14999999999999,1.3));
#7537=CARTESIAN_POINT('',(-3.585,1.65,1.3));
#7538=CARTESIAN_POINT('',(-3.415,2.14999999999999,1.3));
#7539=CARTESIAN_POINT('',(-3.415,2.14999999999999,1.45));
#7540=CARTESIAN_POINT('',(-3.585,2.14999999999999,1.3));
#7541=CARTESIAN_POINT('',(-3.585,2.14999999999999,1.45));
#7542=CARTESIAN_POINT('',(-3.585,2.14999999999999,1.45));
#7543=CARTESIAN_POINT('',(-3.585,2.14999999999999,1.3));
#7544=CARTESIAN_POINT('',(-3.415,2.14999999999999,1.45));
#7545=CARTESIAN_POINT('',(-3.415,1.64999999999999,1.45));
#7546=CARTESIAN_POINT('',(-3.585,2.14999999999999,1.45));
#7547=CARTESIAN_POINT('',(-3.585,1.64999999999999,1.45));
#7548=CARTESIAN_POINT('',(-3.585,1.64999999999999,1.45));
#7549=CARTESIAN_POINT('',(-3.585,2.14999999999999,1.45));
#7550=CARTESIAN_POINT('',(-3.415,1.64999999999999,1.3));
#7551=CARTESIAN_POINT('',(-3.415,1.49999999999999,1.3));
#7552=CARTESIAN_POINT('',(-3.585,1.64999999999999,1.3));
#7553=CARTESIAN_POINT('',(-3.585,1.49999999999999,1.3));
#7554=CARTESIAN_POINT('',(-3.585,1.49999999999999,1.3));
#7555=CARTESIAN_POINT('',(-3.585,1.64999999999999,1.3));
#7556=CARTESIAN_POINT('',(-3.415,1.49999999999999,1.3));
#7557=CARTESIAN_POINT('',(-3.585,1.49999999999999,1.3));
#7558=CARTESIAN_POINT('',(-3.585,1.49999999999999,1.3));
#7559=CARTESIAN_POINT('',(-3.585,1.5,1.3));
#7560=CARTESIAN_POINT('',(-3.415,1.5,1.3));
#7561=CARTESIAN_POINT('',(-2.915,1.41499999999999,1.15));
#7562=CARTESIAN_POINT('',(-2.915,1.5,1.15));
#7563=CARTESIAN_POINT('',(-3.085,1.41499999999999,1.15));
#7564=CARTESIAN_POINT('',(-3.085,1.5,1.15));
#7565=CARTESIAN_POINT('',(-3.085,1.5,1.15));
#7566=CARTESIAN_POINT('',(-3.085,1.41499999999999,1.15));
#7567=CARTESIAN_POINT('',(-2.915,1.5,1.3));
#7568=CARTESIAN_POINT('',(-2.915,1.65,1.3));
#7569=CARTESIAN_POINT('',(-3.085,1.5,1.3));
#7570=CARTESIAN_POINT('',(-3.085,1.65,1.3));
#7571=CARTESIAN_POINT('',(-3.085,1.65,1.3));
#7572=CARTESIAN_POINT('',(-3.085,1.5,1.3));
#7573=CARTESIAN_POINT('',(-2.915,1.65,1.3));
#7574=CARTESIAN_POINT('',(-2.915,2.14999999999999,1.3));
#7575=CARTESIAN_POINT('',(-3.085,1.65,1.3));
#7576=CARTESIAN_POINT('',(-3.085,2.14999999999999,1.3));
#7577=CARTESIAN_POINT('',(-3.085,2.14999999999999,1.3));
#7578=CARTESIAN_POINT('',(-3.085,1.65,1.3));
#7579=CARTESIAN_POINT('',(-2.915,2.14999999999999,1.3));
#7580=CARTESIAN_POINT('',(-2.915,2.14999999999999,1.45));
#7581=CARTESIAN_POINT('',(-3.085,2.14999999999999,1.3));
#7582=CARTESIAN_POINT('',(-3.085,2.14999999999999,1.45));
#7583=CARTESIAN_POINT('',(-3.085,2.14999999999999,1.45));
#7584=CARTESIAN_POINT('',(-3.085,2.14999999999999,1.3));
#7585=CARTESIAN_POINT('',(-2.915,2.14999999999999,1.45));
#7586=CARTESIAN_POINT('',(-2.915,1.64999999999999,1.45));
#7587=CARTESIAN_POINT('',(-3.085,2.14999999999999,1.45));
#7588=CARTESIAN_POINT('',(-3.085,1.64999999999999,1.45));
#7589=CARTESIAN_POINT('',(-3.085,1.64999999999999,1.45));
#7590=CARTESIAN_POINT('',(-3.085,2.14999999999999,1.45));
#7591=CARTESIAN_POINT('',(-2.915,1.64999999999999,1.3));
#7592=CARTESIAN_POINT('',(-2.915,1.49999999999999,1.3));
#7593=CARTESIAN_POINT('',(-3.085,1.64999999999999,1.3));
#7594=CARTESIAN_POINT('',(-3.085,1.49999999999999,1.3));
#7595=CARTESIAN_POINT('',(-3.085,1.49999999999999,1.3));
#7596=CARTESIAN_POINT('',(-3.085,1.64999999999999,1.3));
#7597=CARTESIAN_POINT('',(-2.915,1.49999999999999,1.3));
#7598=CARTESIAN_POINT('',(-3.085,1.49999999999999,1.3));
#7599=CARTESIAN_POINT('',(-3.085,1.49999999999999,1.3));
#7600=CARTESIAN_POINT('',(-3.085,1.5,1.3));
#7601=CARTESIAN_POINT('',(-2.915,1.5,1.3));
#7602=CARTESIAN_POINT('',(-2.415,1.41499999999999,1.15));
#7603=CARTESIAN_POINT('',(-2.415,1.5,1.15));
#7604=CARTESIAN_POINT('',(-2.585,1.41499999999999,1.15));
#7605=CARTESIAN_POINT('',(-2.585,1.5,1.15));
#7606=CARTESIAN_POINT('',(-2.585,1.5,1.15));
#7607=CARTESIAN_POINT('',(-2.585,1.41499999999999,1.15));
#7608=CARTESIAN_POINT('',(-2.415,1.5,1.3));
#7609=CARTESIAN_POINT('',(-2.415,1.65,1.3));
#7610=CARTESIAN_POINT('',(-2.585,1.5,1.3));
#7611=CARTESIAN_POINT('',(-2.585,1.65,1.3));
#7612=CARTESIAN_POINT('',(-2.585,1.65,1.3));
#7613=CARTESIAN_POINT('',(-2.585,1.5,1.3));
#7614=CARTESIAN_POINT('',(-2.415,1.65,1.3));
#7615=CARTESIAN_POINT('',(-2.415,2.14999999999999,1.3));
#7616=CARTESIAN_POINT('',(-2.585,1.65,1.3));
#7617=CARTESIAN_POINT('',(-2.585,2.14999999999999,1.3));
#7618=CARTESIAN_POINT('',(-2.585,2.14999999999999,1.3));
#7619=CARTESIAN_POINT('',(-2.585,1.65,1.3));
#7620=CARTESIAN_POINT('',(-2.415,2.14999999999999,1.3));
#7621=CARTESIAN_POINT('',(-2.415,2.14999999999999,1.45));
#7622=CARTESIAN_POINT('',(-2.585,2.14999999999999,1.3));
#7623=CARTESIAN_POINT('',(-2.585,2.14999999999999,1.45));
#7624=CARTESIAN_POINT('',(-2.585,2.14999999999999,1.45));
#7625=CARTESIAN_POINT('',(-2.585,2.14999999999999,1.3));
#7626=CARTESIAN_POINT('',(-2.415,2.14999999999999,1.45));
#7627=CARTESIAN_POINT('',(-2.415,1.64999999999999,1.45));
#7628=CARTESIAN_POINT('',(-2.585,2.14999999999999,1.45));
#7629=CARTESIAN_POINT('',(-2.585,1.64999999999999,1.45));
#7630=CARTESIAN_POINT('',(-2.585,1.64999999999999,1.45));
#7631=CARTESIAN_POINT('',(-2.585,2.14999999999999,1.45));
#7632=CARTESIAN_POINT('',(-2.415,1.64999999999999,1.3));
#7633=CARTESIAN_POINT('',(-2.415,1.49999999999999,1.3));
#7634=CARTESIAN_POINT('',(-2.585,1.64999999999999,1.3));
#7635=CARTESIAN_POINT('',(-2.585,1.49999999999999,1.3));
#7636=CARTESIAN_POINT('',(-2.585,1.49999999999999,1.3));
#7637=CARTESIAN_POINT('',(-2.585,1.64999999999999,1.3));
#7638=CARTESIAN_POINT('',(-2.415,1.49999999999999,1.3));
#7639=CARTESIAN_POINT('',(-2.585,1.49999999999999,1.3));
#7640=CARTESIAN_POINT('',(-2.585,1.49999999999999,1.3));
#7641=CARTESIAN_POINT('',(-2.585,1.5,1.3));
#7642=CARTESIAN_POINT('',(-2.415,1.5,1.3));
#7643=CARTESIAN_POINT('',(-1.915,1.41499999999999,1.15));
#7644=CARTESIAN_POINT('',(-1.915,1.5,1.15));
#7645=CARTESIAN_POINT('',(-2.085,1.41499999999999,1.15));
#7646=CARTESIAN_POINT('',(-2.085,1.5,1.15));
#7647=CARTESIAN_POINT('',(-2.085,1.5,1.15));
#7648=CARTESIAN_POINT('',(-2.085,1.41499999999999,1.15));
#7649=CARTESIAN_POINT('',(-1.915,1.5,1.3));
#7650=CARTESIAN_POINT('',(-1.915,1.65,1.3));
#7651=CARTESIAN_POINT('',(-2.085,1.5,1.3));
#7652=CARTESIAN_POINT('',(-2.085,1.65,1.3));
#7653=CARTESIAN_POINT('',(-2.085,1.65,1.3));
#7654=CARTESIAN_POINT('',(-2.085,1.5,1.3));
#7655=CARTESIAN_POINT('',(-1.915,1.65,1.3));
#7656=CARTESIAN_POINT('',(-1.915,2.14999999999999,1.3));
#7657=CARTESIAN_POINT('',(-2.085,1.65,1.3));
#7658=CARTESIAN_POINT('',(-2.085,2.14999999999999,1.3));
#7659=CARTESIAN_POINT('',(-2.085,2.14999999999999,1.3));
#7660=CARTESIAN_POINT('',(-2.085,1.65,1.3));
#7661=CARTESIAN_POINT('',(-1.915,2.14999999999999,1.3));
#7662=CARTESIAN_POINT('',(-1.915,2.14999999999999,1.45));
#7663=CARTESIAN_POINT('',(-2.085,2.14999999999999,1.3));
#7664=CARTESIAN_POINT('',(-2.085,2.14999999999999,1.45));
#7665=CARTESIAN_POINT('',(-2.085,2.14999999999999,1.45));
#7666=CARTESIAN_POINT('',(-2.085,2.14999999999999,1.3));
#7667=CARTESIAN_POINT('',(-1.915,2.14999999999999,1.45));
#7668=CARTESIAN_POINT('',(-1.915,1.64999999999999,1.45));
#7669=CARTESIAN_POINT('',(-2.085,2.14999999999999,1.45));
#7670=CARTESIAN_POINT('',(-2.085,1.64999999999999,1.45));
#7671=CARTESIAN_POINT('',(-2.085,1.64999999999999,1.45));
#7672=CARTESIAN_POINT('',(-2.085,2.14999999999999,1.45));
#7673=CARTESIAN_POINT('',(-1.915,1.64999999999999,1.3));
#7674=CARTESIAN_POINT('',(-1.915,1.49999999999999,1.3));
#7675=CARTESIAN_POINT('',(-2.085,1.64999999999999,1.3));
#7676=CARTESIAN_POINT('',(-2.085,1.49999999999999,1.3));
#7677=CARTESIAN_POINT('',(-2.085,1.49999999999999,1.3));
#7678=CARTESIAN_POINT('',(-2.085,1.64999999999999,1.3));
#7679=CARTESIAN_POINT('',(-1.915,1.49999999999999,1.3));
#7680=CARTESIAN_POINT('',(-2.085,1.49999999999999,1.3));
#7681=CARTESIAN_POINT('',(-2.085,1.49999999999999,1.3));
#7682=CARTESIAN_POINT('',(-2.085,1.5,1.3));
#7683=CARTESIAN_POINT('',(-1.915,1.5,1.3));
#7684=CARTESIAN_POINT('',(-1.415,1.41499999999999,1.15));
#7685=CARTESIAN_POINT('',(-1.415,1.5,1.15));
#7686=CARTESIAN_POINT('',(-1.585,1.41499999999999,1.15));
#7687=CARTESIAN_POINT('',(-1.585,1.5,1.15));
#7688=CARTESIAN_POINT('',(-1.585,1.5,1.15));
#7689=CARTESIAN_POINT('',(-1.585,1.41499999999999,1.15));
#7690=CARTESIAN_POINT('',(-1.415,1.5,1.3));
#7691=CARTESIAN_POINT('',(-1.415,1.65,1.3));
#7692=CARTESIAN_POINT('',(-1.585,1.5,1.3));
#7693=CARTESIAN_POINT('',(-1.585,1.65,1.3));
#7694=CARTESIAN_POINT('',(-1.585,1.65,1.3));
#7695=CARTESIAN_POINT('',(-1.585,1.5,1.3));
#7696=CARTESIAN_POINT('',(-1.415,1.65,1.3));
#7697=CARTESIAN_POINT('',(-1.415,2.14999999999999,1.3));
#7698=CARTESIAN_POINT('',(-1.585,1.65,1.3));
#7699=CARTESIAN_POINT('',(-1.585,2.14999999999999,1.3));
#7700=CARTESIAN_POINT('',(-1.585,2.14999999999999,1.3));
#7701=CARTESIAN_POINT('',(-1.585,1.65,1.3));
#7702=CARTESIAN_POINT('',(-1.415,2.14999999999999,1.3));
#7703=CARTESIAN_POINT('',(-1.415,2.14999999999999,1.45));
#7704=CARTESIAN_POINT('',(-1.585,2.14999999999999,1.3));
#7705=CARTESIAN_POINT('',(-1.585,2.14999999999999,1.45));
#7706=CARTESIAN_POINT('',(-1.585,2.14999999999999,1.45));
#7707=CARTESIAN_POINT('',(-1.585,2.14999999999999,1.3));
#7708=CARTESIAN_POINT('',(-1.415,2.14999999999999,1.45));
#7709=CARTESIAN_POINT('',(-1.415,1.64999999999999,1.45));
#7710=CARTESIAN_POINT('',(-1.585,2.14999999999999,1.45));
#7711=CARTESIAN_POINT('',(-1.585,1.64999999999999,1.45));
#7712=CARTESIAN_POINT('',(-1.585,1.64999999999999,1.45));
#7713=CARTESIAN_POINT('',(-1.585,2.14999999999999,1.45));
#7714=CARTESIAN_POINT('',(-1.415,1.64999999999999,1.3));
#7715=CARTESIAN_POINT('',(-1.415,1.49999999999999,1.3));
#7716=CARTESIAN_POINT('',(-1.585,1.64999999999999,1.3));
#7717=CARTESIAN_POINT('',(-1.585,1.49999999999999,1.3));
#7718=CARTESIAN_POINT('',(-1.585,1.49999999999999,1.3));
#7719=CARTESIAN_POINT('',(-1.585,1.64999999999999,1.3));
#7720=CARTESIAN_POINT('',(-1.415,1.49999999999999,1.3));
#7721=CARTESIAN_POINT('',(-1.585,1.49999999999999,1.3));
#7722=CARTESIAN_POINT('',(-1.585,1.49999999999999,1.3));
#7723=CARTESIAN_POINT('',(-1.585,1.5,1.3));
#7724=CARTESIAN_POINT('',(-1.415,1.5,1.3));
#7725=CARTESIAN_POINT('',(-0.915,1.41499999999999,1.15));
#7726=CARTESIAN_POINT('',(-0.915,1.5,1.15));
#7727=CARTESIAN_POINT('',(-1.085,1.41499999999999,1.15));
#7728=CARTESIAN_POINT('',(-1.085,1.5,1.15));
#7729=CARTESIAN_POINT('',(-1.085,1.5,1.15));
#7730=CARTESIAN_POINT('',(-1.085,1.41499999999999,1.15));
#7731=CARTESIAN_POINT('',(-0.915,1.5,1.3));
#7732=CARTESIAN_POINT('',(-0.915,1.65,1.3));
#7733=CARTESIAN_POINT('',(-1.085,1.5,1.3));
#7734=CARTESIAN_POINT('',(-1.085,1.65,1.3));
#7735=CARTESIAN_POINT('',(-1.085,1.65,1.3));
#7736=CARTESIAN_POINT('',(-1.085,1.5,1.3));
#7737=CARTESIAN_POINT('',(-0.915,1.65,1.3));
#7738=CARTESIAN_POINT('',(-0.915,2.14999999999999,1.3));
#7739=CARTESIAN_POINT('',(-1.085,1.65,1.3));
#7740=CARTESIAN_POINT('',(-1.085,2.14999999999999,1.3));
#7741=CARTESIAN_POINT('',(-1.085,2.14999999999999,1.3));
#7742=CARTESIAN_POINT('',(-1.085,1.65,1.3));
#7743=CARTESIAN_POINT('',(-0.915,2.14999999999999,1.3));
#7744=CARTESIAN_POINT('',(-0.915,2.14999999999999,1.45));
#7745=CARTESIAN_POINT('',(-1.085,2.14999999999999,1.3));
#7746=CARTESIAN_POINT('',(-1.085,2.14999999999999,1.45));
#7747=CARTESIAN_POINT('',(-1.085,2.14999999999999,1.45));
#7748=CARTESIAN_POINT('',(-1.085,2.14999999999999,1.3));
#7749=CARTESIAN_POINT('',(-0.915,2.14999999999999,1.45));
#7750=CARTESIAN_POINT('',(-0.915,1.64999999999999,1.45));
#7751=CARTESIAN_POINT('',(-1.085,2.14999999999999,1.45));
#7752=CARTESIAN_POINT('',(-1.085,1.64999999999999,1.45));
#7753=CARTESIAN_POINT('',(-1.085,1.64999999999999,1.45));
#7754=CARTESIAN_POINT('',(-1.085,2.14999999999999,1.45));
#7755=CARTESIAN_POINT('',(-0.915,1.64999999999999,1.3));
#7756=CARTESIAN_POINT('',(-0.915,1.49999999999999,1.3));
#7757=CARTESIAN_POINT('',(-1.085,1.64999999999999,1.3));
#7758=CARTESIAN_POINT('',(-1.085,1.49999999999999,1.3));
#7759=CARTESIAN_POINT('',(-1.085,1.49999999999999,1.3));
#7760=CARTESIAN_POINT('',(-1.085,1.64999999999999,1.3));
#7761=CARTESIAN_POINT('',(-0.915,1.49999999999999,1.3));
#7762=CARTESIAN_POINT('',(-1.085,1.49999999999999,1.3));
#7763=CARTESIAN_POINT('',(-1.085,1.49999999999999,1.3));
#7764=CARTESIAN_POINT('',(-1.085,1.5,1.3));
#7765=CARTESIAN_POINT('',(-0.915,1.5,1.3));
#7766=CARTESIAN_POINT('',(-0.415,1.41499999999999,1.15));
#7767=CARTESIAN_POINT('',(-0.415,1.5,1.15));
#7768=CARTESIAN_POINT('',(-0.585,1.41499999999999,1.15));
#7769=CARTESIAN_POINT('',(-0.585,1.5,1.15));
#7770=CARTESIAN_POINT('',(-0.585,1.5,1.15));
#7771=CARTESIAN_POINT('',(-0.585,1.41499999999999,1.15));
#7772=CARTESIAN_POINT('',(-0.415,1.5,1.3));
#7773=CARTESIAN_POINT('',(-0.415,1.65,1.3));
#7774=CARTESIAN_POINT('',(-0.585,1.5,1.3));
#7775=CARTESIAN_POINT('',(-0.585,1.65,1.3));
#7776=CARTESIAN_POINT('',(-0.585,1.65,1.3));
#7777=CARTESIAN_POINT('',(-0.585,1.5,1.3));
#7778=CARTESIAN_POINT('',(-0.415,1.65,1.3));
#7779=CARTESIAN_POINT('',(-0.415,2.14999999999999,1.3));
#7780=CARTESIAN_POINT('',(-0.585,1.65,1.3));
#7781=CARTESIAN_POINT('',(-0.585,2.14999999999999,1.3));
#7782=CARTESIAN_POINT('',(-0.585,2.14999999999999,1.3));
#7783=CARTESIAN_POINT('',(-0.585,1.65,1.3));
#7784=CARTESIAN_POINT('',(-0.415,2.14999999999999,1.3));
#7785=CARTESIAN_POINT('',(-0.415,2.14999999999999,1.45));
#7786=CARTESIAN_POINT('',(-0.585,2.14999999999999,1.3));
#7787=CARTESIAN_POINT('',(-0.585,2.14999999999999,1.45));
#7788=CARTESIAN_POINT('',(-0.585,2.14999999999999,1.45));
#7789=CARTESIAN_POINT('',(-0.585,2.14999999999999,1.3));
#7790=CARTESIAN_POINT('',(-0.415,2.14999999999999,1.45));
#7791=CARTESIAN_POINT('',(-0.415,1.64999999999999,1.45));
#7792=CARTESIAN_POINT('',(-0.585,2.14999999999999,1.45));
#7793=CARTESIAN_POINT('',(-0.585,1.64999999999999,1.45));
#7794=CARTESIAN_POINT('',(-0.585,1.64999999999999,1.45));
#7795=CARTESIAN_POINT('',(-0.585,2.14999999999999,1.45));
#7796=CARTESIAN_POINT('',(-0.415,1.64999999999999,1.3));
#7797=CARTESIAN_POINT('',(-0.415,1.49999999999999,1.3));
#7798=CARTESIAN_POINT('',(-0.585,1.64999999999999,1.3));
#7799=CARTESIAN_POINT('',(-0.585,1.49999999999999,1.3));
#7800=CARTESIAN_POINT('',(-0.585,1.49999999999999,1.3));
#7801=CARTESIAN_POINT('',(-0.585,1.64999999999999,1.3));
#7802=CARTESIAN_POINT('',(-0.415,1.49999999999999,1.3));
#7803=CARTESIAN_POINT('',(-0.585,1.49999999999999,1.3));
#7804=CARTESIAN_POINT('',(-0.585,1.49999999999999,1.3));
#7805=CARTESIAN_POINT('',(-0.585,1.5,1.3));
#7806=CARTESIAN_POINT('',(-0.415,1.5,1.3));
#7807=CARTESIAN_POINT('',(0.085,1.41499999999999,1.15));
#7808=CARTESIAN_POINT('',(0.085,1.5,1.15));
#7809=CARTESIAN_POINT('',(-0.085,1.41499999999999,1.15));
#7810=CARTESIAN_POINT('',(-0.085,1.5,1.15));
#7811=CARTESIAN_POINT('',(-0.085,1.5,1.15));
#7812=CARTESIAN_POINT('',(-0.085,1.41499999999999,1.15));
#7813=CARTESIAN_POINT('',(0.085,1.5,1.3));
#7814=CARTESIAN_POINT('',(0.085,1.65,1.3));
#7815=CARTESIAN_POINT('',(-0.085,1.5,1.3));
#7816=CARTESIAN_POINT('',(-0.085,1.65,1.3));
#7817=CARTESIAN_POINT('',(-0.085,1.65,1.3));
#7818=CARTESIAN_POINT('',(-0.085,1.5,1.3));
#7819=CARTESIAN_POINT('',(0.085,1.65,1.3));
#7820=CARTESIAN_POINT('',(0.085,2.14999999999999,1.3));
#7821=CARTESIAN_POINT('',(-0.085,1.65,1.3));
#7822=CARTESIAN_POINT('',(-0.085,2.14999999999999,1.3));
#7823=CARTESIAN_POINT('',(-0.085,2.14999999999999,1.3));
#7824=CARTESIAN_POINT('',(-0.085,1.65,1.3));
#7825=CARTESIAN_POINT('',(0.085,2.14999999999999,1.3));
#7826=CARTESIAN_POINT('',(0.085,2.14999999999999,1.45));
#7827=CARTESIAN_POINT('',(-0.085,2.14999999999999,1.3));
#7828=CARTESIAN_POINT('',(-0.085,2.14999999999999,1.45));
#7829=CARTESIAN_POINT('',(-0.085,2.14999999999999,1.45));
#7830=CARTESIAN_POINT('',(-0.085,2.14999999999999,1.3));
#7831=CARTESIAN_POINT('',(0.085,2.14999999999999,1.45));
#7832=CARTESIAN_POINT('',(0.085,1.64999999999999,1.45));
#7833=CARTESIAN_POINT('',(-0.085,2.14999999999999,1.45));
#7834=CARTESIAN_POINT('',(-0.085,1.64999999999999,1.45));
#7835=CARTESIAN_POINT('',(-0.085,1.64999999999999,1.45));
#7836=CARTESIAN_POINT('',(-0.085,2.14999999999999,1.45));
#7837=CARTESIAN_POINT('',(0.085,1.64999999999999,1.3));
#7838=CARTESIAN_POINT('',(0.085,1.49999999999999,1.3));
#7839=CARTESIAN_POINT('',(-0.085,1.64999999999999,1.3));
#7840=CARTESIAN_POINT('',(-0.085,1.49999999999999,1.3));
#7841=CARTESIAN_POINT('',(-0.085,1.49999999999999,1.3));
#7842=CARTESIAN_POINT('',(-0.085,1.64999999999999,1.3));
#7843=CARTESIAN_POINT('',(0.085,1.49999999999999,1.3));
#7844=CARTESIAN_POINT('',(-0.085,1.49999999999999,1.3));
#7845=CARTESIAN_POINT('',(-0.085,1.49999999999999,1.3));
#7846=CARTESIAN_POINT('',(-0.085,1.5,1.3));
#7847=CARTESIAN_POINT('',(0.085,1.5,1.3));
#7848=CARTESIAN_POINT('',(0.585,1.41499999999999,1.15));
#7849=CARTESIAN_POINT('',(0.585,1.5,1.15));
#7850=CARTESIAN_POINT('',(0.415,1.41499999999999,1.15));
#7851=CARTESIAN_POINT('',(0.415,1.5,1.15));
#7852=CARTESIAN_POINT('',(0.415,1.5,1.15));
#7853=CARTESIAN_POINT('',(0.415,1.41499999999999,1.15));
#7854=CARTESIAN_POINT('',(0.585,1.5,1.3));
#7855=CARTESIAN_POINT('',(0.585,1.65,1.3));
#7856=CARTESIAN_POINT('',(0.415,1.5,1.3));
#7857=CARTESIAN_POINT('',(0.415,1.65,1.3));
#7858=CARTESIAN_POINT('',(0.415,1.65,1.3));
#7859=CARTESIAN_POINT('',(0.415,1.5,1.3));
#7860=CARTESIAN_POINT('',(0.585,1.65,1.3));
#7861=CARTESIAN_POINT('',(0.585,2.14999999999999,1.3));
#7862=CARTESIAN_POINT('',(0.415,1.65,1.3));
#7863=CARTESIAN_POINT('',(0.415,2.14999999999999,1.3));
#7864=CARTESIAN_POINT('',(0.415,2.14999999999999,1.3));
#7865=CARTESIAN_POINT('',(0.415,1.65,1.3));
#7866=CARTESIAN_POINT('',(0.585,2.14999999999999,1.3));
#7867=CARTESIAN_POINT('',(0.585,2.14999999999999,1.45));
#7868=CARTESIAN_POINT('',(0.415,2.14999999999999,1.3));
#7869=CARTESIAN_POINT('',(0.415,2.14999999999999,1.45));
#7870=CARTESIAN_POINT('',(0.415,2.14999999999999,1.45));
#7871=CARTESIAN_POINT('',(0.415,2.14999999999999,1.3));
#7872=CARTESIAN_POINT('',(0.585,2.14999999999999,1.45));
#7873=CARTESIAN_POINT('',(0.585,1.64999999999999,1.45));
#7874=CARTESIAN_POINT('',(0.415,2.14999999999999,1.45));
#7875=CARTESIAN_POINT('',(0.415,1.64999999999999,1.45));
#7876=CARTESIAN_POINT('',(0.415,1.64999999999999,1.45));
#7877=CARTESIAN_POINT('',(0.415,2.14999999999999,1.45));
#7878=CARTESIAN_POINT('',(0.585,1.64999999999999,1.3));
#7879=CARTESIAN_POINT('',(0.585,1.49999999999999,1.3));
#7880=CARTESIAN_POINT('',(0.415,1.64999999999999,1.3));
#7881=CARTESIAN_POINT('',(0.415,1.49999999999999,1.3));
#7882=CARTESIAN_POINT('',(0.415,1.49999999999999,1.3));
#7883=CARTESIAN_POINT('',(0.415,1.64999999999999,1.3));
#7884=CARTESIAN_POINT('',(0.585,1.49999999999999,1.3));
#7885=CARTESIAN_POINT('',(0.415,1.49999999999999,1.3));
#7886=CARTESIAN_POINT('',(0.415,1.49999999999999,1.3));
#7887=CARTESIAN_POINT('',(0.415,1.5,1.3));
#7888=CARTESIAN_POINT('',(0.585,1.5,1.3));
#7889=CARTESIAN_POINT('',(1.085,1.41499999999999,1.15));
#7890=CARTESIAN_POINT('',(1.085,1.5,1.15));
#7891=CARTESIAN_POINT('',(0.915,1.41499999999999,1.15));
#7892=CARTESIAN_POINT('',(0.915,1.5,1.15));
#7893=CARTESIAN_POINT('',(0.915,1.5,1.15));
#7894=CARTESIAN_POINT('',(0.915,1.41499999999999,1.15));
#7895=CARTESIAN_POINT('',(1.085,1.5,1.3));
#7896=CARTESIAN_POINT('',(1.085,1.65,1.3));
#7897=CARTESIAN_POINT('',(0.915,1.5,1.3));
#7898=CARTESIAN_POINT('',(0.915,1.65,1.3));
#7899=CARTESIAN_POINT('',(0.915,1.65,1.3));
#7900=CARTESIAN_POINT('',(0.915,1.5,1.3));
#7901=CARTESIAN_POINT('',(1.085,1.65,1.3));
#7902=CARTESIAN_POINT('',(1.085,2.14999999999999,1.3));
#7903=CARTESIAN_POINT('',(0.915,1.65,1.3));
#7904=CARTESIAN_POINT('',(0.915,2.14999999999999,1.3));
#7905=CARTESIAN_POINT('',(0.915,2.14999999999999,1.3));
#7906=CARTESIAN_POINT('',(0.915,1.65,1.3));
#7907=CARTESIAN_POINT('',(1.085,2.14999999999999,1.3));
#7908=CARTESIAN_POINT('',(1.085,2.14999999999999,1.45));
#7909=CARTESIAN_POINT('',(0.915,2.14999999999999,1.3));
#7910=CARTESIAN_POINT('',(0.915,2.14999999999999,1.45));
#7911=CARTESIAN_POINT('',(0.915,2.14999999999999,1.45));
#7912=CARTESIAN_POINT('',(0.915,2.14999999999999,1.3));
#7913=CARTESIAN_POINT('',(1.085,2.14999999999999,1.45));
#7914=CARTESIAN_POINT('',(1.085,1.64999999999999,1.45));
#7915=CARTESIAN_POINT('',(0.915,2.14999999999999,1.45));
#7916=CARTESIAN_POINT('',(0.915,1.64999999999999,1.45));
#7917=CARTESIAN_POINT('',(0.915,1.64999999999999,1.45));
#7918=CARTESIAN_POINT('',(0.915,2.14999999999999,1.45));
#7919=CARTESIAN_POINT('',(1.085,1.64999999999999,1.3));
#7920=CARTESIAN_POINT('',(1.085,1.49999999999999,1.3));
#7921=CARTESIAN_POINT('',(0.915,1.64999999999999,1.3));
#7922=CARTESIAN_POINT('',(0.915,1.49999999999999,1.3));
#7923=CARTESIAN_POINT('',(0.915,1.49999999999999,1.3));
#7924=CARTESIAN_POINT('',(0.915,1.64999999999999,1.3));
#7925=CARTESIAN_POINT('',(1.085,1.49999999999999,1.3));
#7926=CARTESIAN_POINT('',(0.915,1.49999999999999,1.3));
#7927=CARTESIAN_POINT('',(0.915,1.49999999999999,1.3));
#7928=CARTESIAN_POINT('',(0.915,1.5,1.3));
#7929=CARTESIAN_POINT('',(1.085,1.5,1.3));
#7930=CARTESIAN_POINT('',(1.585,1.41499999999999,1.15));
#7931=CARTESIAN_POINT('',(1.585,1.5,1.15));
#7932=CARTESIAN_POINT('',(1.415,1.41499999999999,1.15));
#7933=CARTESIAN_POINT('',(1.415,1.5,1.15));
#7934=CARTESIAN_POINT('',(1.415,1.5,1.15));
#7935=CARTESIAN_POINT('',(1.415,1.41499999999999,1.15));
#7936=CARTESIAN_POINT('',(1.585,1.5,1.3));
#7937=CARTESIAN_POINT('',(1.585,1.65,1.3));
#7938=CARTESIAN_POINT('',(1.415,1.5,1.3));
#7939=CARTESIAN_POINT('',(1.415,1.65,1.3));
#7940=CARTESIAN_POINT('',(1.415,1.65,1.3));
#7941=CARTESIAN_POINT('',(1.415,1.5,1.3));
#7942=CARTESIAN_POINT('',(1.585,1.65,1.3));
#7943=CARTESIAN_POINT('',(1.585,2.14999999999999,1.3));
#7944=CARTESIAN_POINT('',(1.415,1.65,1.3));
#7945=CARTESIAN_POINT('',(1.415,2.14999999999999,1.3));
#7946=CARTESIAN_POINT('',(1.415,2.14999999999999,1.3));
#7947=CARTESIAN_POINT('',(1.415,1.65,1.3));
#7948=CARTESIAN_POINT('',(1.585,2.14999999999999,1.3));
#7949=CARTESIAN_POINT('',(1.585,2.14999999999999,1.45));
#7950=CARTESIAN_POINT('',(1.415,2.14999999999999,1.3));
#7951=CARTESIAN_POINT('',(1.415,2.14999999999999,1.45));
#7952=CARTESIAN_POINT('',(1.415,2.14999999999999,1.45));
#7953=CARTESIAN_POINT('',(1.415,2.14999999999999,1.3));
#7954=CARTESIAN_POINT('',(1.585,2.14999999999999,1.45));
#7955=CARTESIAN_POINT('',(1.585,1.64999999999999,1.45));
#7956=CARTESIAN_POINT('',(1.415,2.14999999999999,1.45));
#7957=CARTESIAN_POINT('',(1.415,1.64999999999999,1.45));
#7958=CARTESIAN_POINT('',(1.415,1.64999999999999,1.45));
#7959=CARTESIAN_POINT('',(1.415,2.14999999999999,1.45));
#7960=CARTESIAN_POINT('',(1.585,1.64999999999999,1.3));
#7961=CARTESIAN_POINT('',(1.585,1.49999999999999,1.3));
#7962=CARTESIAN_POINT('',(1.415,1.64999999999999,1.3));
#7963=CARTESIAN_POINT('',(1.415,1.49999999999999,1.3));
#7964=CARTESIAN_POINT('',(1.415,1.49999999999999,1.3));
#7965=CARTESIAN_POINT('',(1.415,1.64999999999999,1.3));
#7966=CARTESIAN_POINT('',(1.585,1.49999999999999,1.3));
#7967=CARTESIAN_POINT('',(1.415,1.49999999999999,1.3));
#7968=CARTESIAN_POINT('',(1.415,1.49999999999999,1.3));
#7969=CARTESIAN_POINT('',(1.415,1.5,1.3));
#7970=CARTESIAN_POINT('',(1.585,1.5,1.3));
#7971=CARTESIAN_POINT('',(2.085,1.41499999999999,1.15));
#7972=CARTESIAN_POINT('',(2.085,1.5,1.15));
#7973=CARTESIAN_POINT('',(1.915,1.41499999999999,1.15));
#7974=CARTESIAN_POINT('',(1.915,1.5,1.15));
#7975=CARTESIAN_POINT('',(1.915,1.5,1.15));
#7976=CARTESIAN_POINT('',(1.915,1.41499999999999,1.15));
#7977=CARTESIAN_POINT('',(2.085,1.5,1.3));
#7978=CARTESIAN_POINT('',(2.085,1.65,1.3));
#7979=CARTESIAN_POINT('',(1.915,1.5,1.3));
#7980=CARTESIAN_POINT('',(1.915,1.65,1.3));
#7981=CARTESIAN_POINT('',(1.915,1.65,1.3));
#7982=CARTESIAN_POINT('',(1.915,1.5,1.3));
#7983=CARTESIAN_POINT('',(2.085,1.65,1.3));
#7984=CARTESIAN_POINT('',(2.085,2.14999999999999,1.3));
#7985=CARTESIAN_POINT('',(1.915,1.65,1.3));
#7986=CARTESIAN_POINT('',(1.915,2.14999999999999,1.3));
#7987=CARTESIAN_POINT('',(1.915,2.14999999999999,1.3));
#7988=CARTESIAN_POINT('',(1.915,1.65,1.3));
#7989=CARTESIAN_POINT('',(2.085,2.14999999999999,1.3));
#7990=CARTESIAN_POINT('',(2.085,2.14999999999999,1.45));
#7991=CARTESIAN_POINT('',(1.915,2.14999999999999,1.3));
#7992=CARTESIAN_POINT('',(1.915,2.14999999999999,1.45));
#7993=CARTESIAN_POINT('',(1.915,2.14999999999999,1.45));
#7994=CARTESIAN_POINT('',(1.915,2.14999999999999,1.3));
#7995=CARTESIAN_POINT('',(2.085,2.14999999999999,1.45));
#7996=CARTESIAN_POINT('',(2.085,1.64999999999999,1.45));
#7997=CARTESIAN_POINT('',(1.915,2.14999999999999,1.45));
#7998=CARTESIAN_POINT('',(1.915,1.64999999999999,1.45));
#7999=CARTESIAN_POINT('',(1.915,1.64999999999999,1.45));
#8000=CARTESIAN_POINT('',(1.915,2.14999999999999,1.45));
#8001=CARTESIAN_POINT('',(2.085,1.64999999999999,1.3));
#8002=CARTESIAN_POINT('',(2.085,1.49999999999999,1.3));
#8003=CARTESIAN_POINT('',(1.915,1.64999999999999,1.3));
#8004=CARTESIAN_POINT('',(1.915,1.49999999999999,1.3));
#8005=CARTESIAN_POINT('',(1.915,1.49999999999999,1.3));
#8006=CARTESIAN_POINT('',(1.915,1.64999999999999,1.3));
#8007=CARTESIAN_POINT('',(2.085,1.49999999999999,1.3));
#8008=CARTESIAN_POINT('',(1.915,1.49999999999999,1.3));
#8009=CARTESIAN_POINT('',(1.915,1.49999999999999,1.3));
#8010=CARTESIAN_POINT('',(1.915,1.5,1.3));
#8011=CARTESIAN_POINT('',(2.085,1.5,1.3));
#8012=CARTESIAN_POINT('',(2.585,1.41499999999999,1.15));
#8013=CARTESIAN_POINT('',(2.585,1.5,1.15));
#8014=CARTESIAN_POINT('',(2.415,1.41499999999999,1.15));
#8015=CARTESIAN_POINT('',(2.415,1.5,1.15));
#8016=CARTESIAN_POINT('',(2.415,1.5,1.15));
#8017=CARTESIAN_POINT('',(2.415,1.41499999999999,1.15));
#8018=CARTESIAN_POINT('',(2.585,1.5,1.3));
#8019=CARTESIAN_POINT('',(2.585,1.65,1.3));
#8020=CARTESIAN_POINT('',(2.415,1.5,1.3));
#8021=CARTESIAN_POINT('',(2.415,1.65,1.3));
#8022=CARTESIAN_POINT('',(2.415,1.65,1.3));
#8023=CARTESIAN_POINT('',(2.415,1.5,1.3));
#8024=CARTESIAN_POINT('',(2.585,1.65,1.3));
#8025=CARTESIAN_POINT('',(2.585,2.14999999999999,1.3));
#8026=CARTESIAN_POINT('',(2.415,1.65,1.3));
#8027=CARTESIAN_POINT('',(2.415,2.14999999999999,1.3));
#8028=CARTESIAN_POINT('',(2.415,2.14999999999999,1.3));
#8029=CARTESIAN_POINT('',(2.415,1.65,1.3));
#8030=CARTESIAN_POINT('',(2.585,2.14999999999999,1.3));
#8031=CARTESIAN_POINT('',(2.585,2.14999999999999,1.45));
#8032=CARTESIAN_POINT('',(2.415,2.14999999999999,1.3));
#8033=CARTESIAN_POINT('',(2.415,2.14999999999999,1.45));
#8034=CARTESIAN_POINT('',(2.415,2.14999999999999,1.45));
#8035=CARTESIAN_POINT('',(2.415,2.14999999999999,1.3));
#8036=CARTESIAN_POINT('',(2.585,2.14999999999999,1.45));
#8037=CARTESIAN_POINT('',(2.585,1.64999999999999,1.45));
#8038=CARTESIAN_POINT('',(2.415,2.14999999999999,1.45));
#8039=CARTESIAN_POINT('',(2.415,1.64999999999999,1.45));
#8040=CARTESIAN_POINT('',(2.415,1.64999999999999,1.45));
#8041=CARTESIAN_POINT('',(2.415,2.14999999999999,1.45));
#8042=CARTESIAN_POINT('',(2.585,1.64999999999999,1.3));
#8043=CARTESIAN_POINT('',(2.585,1.49999999999999,1.3));
#8044=CARTESIAN_POINT('',(2.415,1.64999999999999,1.3));
#8045=CARTESIAN_POINT('',(2.415,1.49999999999999,1.3));
#8046=CARTESIAN_POINT('',(2.415,1.49999999999999,1.3));
#8047=CARTESIAN_POINT('',(2.415,1.64999999999999,1.3));
#8048=CARTESIAN_POINT('',(2.585,1.49999999999999,1.3));
#8049=CARTESIAN_POINT('',(2.415,1.49999999999999,1.3));
#8050=CARTESIAN_POINT('',(2.415,1.49999999999999,1.3));
#8051=CARTESIAN_POINT('',(2.415,1.5,1.3));
#8052=CARTESIAN_POINT('',(2.585,1.5,1.3));
#8053=CARTESIAN_POINT('',(3.085,1.41499999999999,1.15));
#8054=CARTESIAN_POINT('',(3.085,1.5,1.15));
#8055=CARTESIAN_POINT('',(2.915,1.41499999999999,1.15));
#8056=CARTESIAN_POINT('',(2.915,1.5,1.15));
#8057=CARTESIAN_POINT('',(2.915,1.5,1.15));
#8058=CARTESIAN_POINT('',(2.915,1.41499999999999,1.15));
#8059=CARTESIAN_POINT('',(3.085,1.5,1.3));
#8060=CARTESIAN_POINT('',(3.085,1.65,1.3));
#8061=CARTESIAN_POINT('',(2.915,1.5,1.3));
#8062=CARTESIAN_POINT('',(2.915,1.65,1.3));
#8063=CARTESIAN_POINT('',(2.915,1.65,1.3));
#8064=CARTESIAN_POINT('',(2.915,1.5,1.3));
#8065=CARTESIAN_POINT('',(3.085,1.65,1.3));
#8066=CARTESIAN_POINT('',(3.085,2.14999999999999,1.3));
#8067=CARTESIAN_POINT('',(2.915,1.65,1.3));
#8068=CARTESIAN_POINT('',(2.915,2.14999999999999,1.3));
#8069=CARTESIAN_POINT('',(2.915,2.14999999999999,1.3));
#8070=CARTESIAN_POINT('',(2.915,1.65,1.3));
#8071=CARTESIAN_POINT('',(3.085,2.14999999999999,1.3));
#8072=CARTESIAN_POINT('',(3.085,2.14999999999999,1.45));
#8073=CARTESIAN_POINT('',(2.915,2.14999999999999,1.3));
#8074=CARTESIAN_POINT('',(2.915,2.14999999999999,1.45));
#8075=CARTESIAN_POINT('',(2.915,2.14999999999999,1.45));
#8076=CARTESIAN_POINT('',(2.915,2.14999999999999,1.3));
#8077=CARTESIAN_POINT('',(3.085,2.14999999999999,1.45));
#8078=CARTESIAN_POINT('',(3.085,1.64999999999999,1.45));
#8079=CARTESIAN_POINT('',(2.915,2.14999999999999,1.45));
#8080=CARTESIAN_POINT('',(2.915,1.64999999999999,1.45));
#8081=CARTESIAN_POINT('',(2.915,1.64999999999999,1.45));
#8082=CARTESIAN_POINT('',(2.915,2.14999999999999,1.45));
#8083=CARTESIAN_POINT('',(3.085,1.64999999999999,1.3));
#8084=CARTESIAN_POINT('',(3.085,1.49999999999999,1.3));
#8085=CARTESIAN_POINT('',(2.915,1.64999999999999,1.3));
#8086=CARTESIAN_POINT('',(2.915,1.49999999999999,1.3));
#8087=CARTESIAN_POINT('',(2.915,1.49999999999999,1.3));
#8088=CARTESIAN_POINT('',(2.915,1.64999999999999,1.3));
#8089=CARTESIAN_POINT('',(3.085,1.49999999999999,1.3));
#8090=CARTESIAN_POINT('',(2.915,1.49999999999999,1.3));
#8091=CARTESIAN_POINT('',(2.915,1.49999999999999,1.3));
#8092=CARTESIAN_POINT('',(2.915,1.5,1.3));
#8093=CARTESIAN_POINT('',(3.085,1.5,1.3));
#8094=CARTESIAN_POINT('',(-3.415,-2.14999999999999,1.45));
#8095=CARTESIAN_POINT('',(-3.415,-2.14999999999999,1.45));
#8096=CARTESIAN_POINT('',(-3.415,-2.14999999999999,1.3));
#8097=CARTESIAN_POINT('',(-3.585,-2.14999999999999,1.45));
#8098=CARTESIAN_POINT('',(-3.585,-2.14999999999999,1.45));
#8099=CARTESIAN_POINT('',(-3.585,-2.14999999999999,1.45));
#8100=CARTESIAN_POINT('',(-3.585,-2.14999999999999,1.3));
#8101=CARTESIAN_POINT('',(-3.585,-2.14999999999999,1.3));
#8102=CARTESIAN_POINT('',(-3.585,-2.14999999999999,1.45));
#8103=CARTESIAN_POINT('',(-3.415,-2.14999999999999,1.3));
#8104=CARTESIAN_POINT('',(-3.415,-1.65,1.3));
#8105=CARTESIAN_POINT('',(-3.585,-2.14999999999999,1.3));
#8106=CARTESIAN_POINT('',(-3.585,-1.65,1.3));
#8107=CARTESIAN_POINT('',(-3.585,-1.65,1.3));
#8108=CARTESIAN_POINT('',(-3.585,-2.14999999999999,1.3));
#8109=CARTESIAN_POINT('',(-3.415,-1.5,1.3));
#8110=CARTESIAN_POINT('',(-3.415,-1.5,1.15));
#8111=CARTESIAN_POINT('',(-3.585,-1.5,1.3));
#8112=CARTESIAN_POINT('',(-3.585,-1.5,1.15));
#8113=CARTESIAN_POINT('',(-3.585,-1.5,1.15));
#8114=CARTESIAN_POINT('',(-3.585,-1.5,1.3));
#8115=CARTESIAN_POINT('',(-3.415,-1.5,1.15));
#8116=CARTESIAN_POINT('',(-3.585,-1.5,1.15));
#8117=CARTESIAN_POINT('',(-3.585,-1.5,1.15));
#8118=CARTESIAN_POINT('',(-3.415,-1.41499999999999,1.3));
#8119=CARTESIAN_POINT('',(-3.415,-1.49999999999999,1.3));
#8120=CARTESIAN_POINT('',(-3.585,-1.41499999999999,1.3));
#8121=CARTESIAN_POINT('',(-3.585,-1.49999999999999,1.3));
#8122=CARTESIAN_POINT('',(-3.585,-1.49999999999999,1.3));
#8123=CARTESIAN_POINT('',(-3.585,-1.41499999999999,1.3));
#8124=CARTESIAN_POINT('',(-3.415,-1.64999999999999,1.3));
#8125=CARTESIAN_POINT('',(-3.415,-1.64999999999999,1.45));
#8126=CARTESIAN_POINT('',(-3.585,-1.64999999999999,1.3));
#8127=CARTESIAN_POINT('',(-3.585,-1.64999999999999,1.45));
#8128=CARTESIAN_POINT('',(-3.585,-1.64999999999999,1.45));
#8129=CARTESIAN_POINT('',(-3.585,-1.64999999999999,1.3));
#8130=CARTESIAN_POINT('',(-3.415,-1.64999999999999,1.45));
#8131=CARTESIAN_POINT('',(-3.585,-1.64999999999999,1.45));
#8132=CARTESIAN_POINT('',(-3.585,-1.64999999999999,1.45));
#8133=CARTESIAN_POINT('',(-3.585,-1.5,1.3));
#8134=CARTESIAN_POINT('',(-3.415,-1.5,1.3));
#8135=CARTESIAN_POINT('',(-2.915,-2.14999999999999,1.45));
#8136=CARTESIAN_POINT('',(-2.915,-2.14999999999999,1.45));
#8137=CARTESIAN_POINT('',(-2.915,-2.14999999999999,1.3));
#8138=CARTESIAN_POINT('',(-3.085,-2.14999999999999,1.45));
#8139=CARTESIAN_POINT('',(-3.085,-2.14999999999999,1.45));
#8140=CARTESIAN_POINT('',(-3.085,-2.14999999999999,1.45));
#8141=CARTESIAN_POINT('',(-3.085,-2.14999999999999,1.3));
#8142=CARTESIAN_POINT('',(-3.085,-2.14999999999999,1.3));
#8143=CARTESIAN_POINT('',(-3.085,-2.14999999999999,1.45));
#8144=CARTESIAN_POINT('',(-2.915,-2.14999999999999,1.3));
#8145=CARTESIAN_POINT('',(-2.915,-1.65,1.3));
#8146=CARTESIAN_POINT('',(-3.085,-2.14999999999999,1.3));
#8147=CARTESIAN_POINT('',(-3.085,-1.65,1.3));
#8148=CARTESIAN_POINT('',(-3.085,-1.65,1.3));
#8149=CARTESIAN_POINT('',(-3.085,-2.14999999999999,1.3));
#8150=CARTESIAN_POINT('',(-2.915,-1.5,1.3));
#8151=CARTESIAN_POINT('',(-2.915,-1.5,1.15));
#8152=CARTESIAN_POINT('',(-3.085,-1.5,1.3));
#8153=CARTESIAN_POINT('',(-3.085,-1.5,1.15));
#8154=CARTESIAN_POINT('',(-3.085,-1.5,1.15));
#8155=CARTESIAN_POINT('',(-3.085,-1.5,1.3));
#8156=CARTESIAN_POINT('',(-2.915,-1.5,1.15));
#8157=CARTESIAN_POINT('',(-3.085,-1.5,1.15));
#8158=CARTESIAN_POINT('',(-3.085,-1.5,1.15));
#8159=CARTESIAN_POINT('',(-2.915,-1.41499999999999,1.3));
#8160=CARTESIAN_POINT('',(-2.915,-1.49999999999999,1.3));
#8161=CARTESIAN_POINT('',(-3.085,-1.41499999999999,1.3));
#8162=CARTESIAN_POINT('',(-3.085,-1.49999999999999,1.3));
#8163=CARTESIAN_POINT('',(-3.085,-1.49999999999999,1.3));
#8164=CARTESIAN_POINT('',(-3.085,-1.41499999999999,1.3));
#8165=CARTESIAN_POINT('',(-2.915,-1.64999999999999,1.3));
#8166=CARTESIAN_POINT('',(-2.915,-1.64999999999999,1.45));
#8167=CARTESIAN_POINT('',(-3.085,-1.64999999999999,1.3));
#8168=CARTESIAN_POINT('',(-3.085,-1.64999999999999,1.45));
#8169=CARTESIAN_POINT('',(-3.085,-1.64999999999999,1.45));
#8170=CARTESIAN_POINT('',(-3.085,-1.64999999999999,1.3));
#8171=CARTESIAN_POINT('',(-2.915,-1.64999999999999,1.45));
#8172=CARTESIAN_POINT('',(-3.085,-1.64999999999999,1.45));
#8173=CARTESIAN_POINT('',(-3.085,-1.64999999999999,1.45));
#8174=CARTESIAN_POINT('',(-3.085,-1.5,1.3));
#8175=CARTESIAN_POINT('',(-2.915,-1.5,1.3));
#8176=CARTESIAN_POINT('',(-2.415,-2.14999999999999,1.45));
#8177=CARTESIAN_POINT('',(-2.415,-2.14999999999999,1.45));
#8178=CARTESIAN_POINT('',(-2.415,-2.14999999999999,1.3));
#8179=CARTESIAN_POINT('',(-2.585,-2.14999999999999,1.45));
#8180=CARTESIAN_POINT('',(-2.585,-2.14999999999999,1.45));
#8181=CARTESIAN_POINT('',(-2.585,-2.14999999999999,1.45));
#8182=CARTESIAN_POINT('',(-2.585,-2.14999999999999,1.3));
#8183=CARTESIAN_POINT('',(-2.585,-2.14999999999999,1.3));
#8184=CARTESIAN_POINT('',(-2.585,-2.14999999999999,1.45));
#8185=CARTESIAN_POINT('',(-2.415,-2.14999999999999,1.3));
#8186=CARTESIAN_POINT('',(-2.415,-1.65,1.3));
#8187=CARTESIAN_POINT('',(-2.585,-2.14999999999999,1.3));
#8188=CARTESIAN_POINT('',(-2.585,-1.65,1.3));
#8189=CARTESIAN_POINT('',(-2.585,-1.65,1.3));
#8190=CARTESIAN_POINT('',(-2.585,-2.14999999999999,1.3));
#8191=CARTESIAN_POINT('',(-2.415,-1.5,1.3));
#8192=CARTESIAN_POINT('',(-2.415,-1.5,1.15));
#8193=CARTESIAN_POINT('',(-2.585,-1.5,1.3));
#8194=CARTESIAN_POINT('',(-2.585,-1.5,1.15));
#8195=CARTESIAN_POINT('',(-2.585,-1.5,1.15));
#8196=CARTESIAN_POINT('',(-2.585,-1.5,1.3));
#8197=CARTESIAN_POINT('',(-2.415,-1.5,1.15));
#8198=CARTESIAN_POINT('',(-2.585,-1.5,1.15));
#8199=CARTESIAN_POINT('',(-2.585,-1.5,1.15));
#8200=CARTESIAN_POINT('',(-2.415,-1.41499999999999,1.3));
#8201=CARTESIAN_POINT('',(-2.415,-1.49999999999999,1.3));
#8202=CARTESIAN_POINT('',(-2.585,-1.41499999999999,1.3));
#8203=CARTESIAN_POINT('',(-2.585,-1.49999999999999,1.3));
#8204=CARTESIAN_POINT('',(-2.585,-1.49999999999999,1.3));
#8205=CARTESIAN_POINT('',(-2.585,-1.41499999999999,1.3));
#8206=CARTESIAN_POINT('',(-2.415,-1.64999999999999,1.3));
#8207=CARTESIAN_POINT('',(-2.415,-1.64999999999999,1.45));
#8208=CARTESIAN_POINT('',(-2.585,-1.64999999999999,1.3));
#8209=CARTESIAN_POINT('',(-2.585,-1.64999999999999,1.45));
#8210=CARTESIAN_POINT('',(-2.585,-1.64999999999999,1.45));
#8211=CARTESIAN_POINT('',(-2.585,-1.64999999999999,1.3));
#8212=CARTESIAN_POINT('',(-2.415,-1.64999999999999,1.45));
#8213=CARTESIAN_POINT('',(-2.585,-1.64999999999999,1.45));
#8214=CARTESIAN_POINT('',(-2.585,-1.64999999999999,1.45));
#8215=CARTESIAN_POINT('',(-2.585,-1.5,1.3));
#8216=CARTESIAN_POINT('',(-2.415,-1.5,1.3));
#8217=CARTESIAN_POINT('',(-1.915,-2.14999999999999,1.45));
#8218=CARTESIAN_POINT('',(-1.915,-2.14999999999999,1.45));
#8219=CARTESIAN_POINT('',(-1.915,-2.14999999999999,1.3));
#8220=CARTESIAN_POINT('',(-2.085,-2.14999999999999,1.45));
#8221=CARTESIAN_POINT('',(-2.085,-2.14999999999999,1.45));
#8222=CARTESIAN_POINT('',(-2.085,-2.14999999999999,1.45));
#8223=CARTESIAN_POINT('',(-2.085,-2.14999999999999,1.3));
#8224=CARTESIAN_POINT('',(-2.085,-2.14999999999999,1.3));
#8225=CARTESIAN_POINT('',(-2.085,-2.14999999999999,1.45));
#8226=CARTESIAN_POINT('',(-1.915,-2.14999999999999,1.3));
#8227=CARTESIAN_POINT('',(-1.915,-1.65,1.3));
#8228=CARTESIAN_POINT('',(-2.085,-2.14999999999999,1.3));
#8229=CARTESIAN_POINT('',(-2.085,-1.65,1.3));
#8230=CARTESIAN_POINT('',(-2.085,-1.65,1.3));
#8231=CARTESIAN_POINT('',(-2.085,-2.14999999999999,1.3));
#8232=CARTESIAN_POINT('',(-1.915,-1.5,1.3));
#8233=CARTESIAN_POINT('',(-1.915,-1.5,1.15));
#8234=CARTESIAN_POINT('',(-2.085,-1.5,1.3));
#8235=CARTESIAN_POINT('',(-2.085,-1.5,1.15));
#8236=CARTESIAN_POINT('',(-2.085,-1.5,1.15));
#8237=CARTESIAN_POINT('',(-2.085,-1.5,1.3));
#8238=CARTESIAN_POINT('',(-1.915,-1.5,1.15));
#8239=CARTESIAN_POINT('',(-2.085,-1.5,1.15));
#8240=CARTESIAN_POINT('',(-2.085,-1.5,1.15));
#8241=CARTESIAN_POINT('',(-1.915,-1.41499999999999,1.3));
#8242=CARTESIAN_POINT('',(-1.915,-1.49999999999999,1.3));
#8243=CARTESIAN_POINT('',(-2.085,-1.41499999999999,1.3));
#8244=CARTESIAN_POINT('',(-2.085,-1.49999999999999,1.3));
#8245=CARTESIAN_POINT('',(-2.085,-1.49999999999999,1.3));
#8246=CARTESIAN_POINT('',(-2.085,-1.41499999999999,1.3));
#8247=CARTESIAN_POINT('',(-1.915,-1.64999999999999,1.3));
#8248=CARTESIAN_POINT('',(-1.915,-1.64999999999999,1.45));
#8249=CARTESIAN_POINT('',(-2.085,-1.64999999999999,1.3));
#8250=CARTESIAN_POINT('',(-2.085,-1.64999999999999,1.45));
#8251=CARTESIAN_POINT('',(-2.085,-1.64999999999999,1.45));
#8252=CARTESIAN_POINT('',(-2.085,-1.64999999999999,1.3));
#8253=CARTESIAN_POINT('',(-1.915,-1.64999999999999,1.45));
#8254=CARTESIAN_POINT('',(-2.085,-1.64999999999999,1.45));
#8255=CARTESIAN_POINT('',(-2.085,-1.64999999999999,1.45));
#8256=CARTESIAN_POINT('',(-2.085,-1.5,1.3));
#8257=CARTESIAN_POINT('',(-1.915,-1.5,1.3));
#8258=CARTESIAN_POINT('',(-1.415,-2.14999999999999,1.45));
#8259=CARTESIAN_POINT('',(-1.415,-2.14999999999999,1.45));
#8260=CARTESIAN_POINT('',(-1.415,-2.14999999999999,1.3));
#8261=CARTESIAN_POINT('',(-1.585,-2.14999999999999,1.45));
#8262=CARTESIAN_POINT('',(-1.585,-2.14999999999999,1.45));
#8263=CARTESIAN_POINT('',(-1.585,-2.14999999999999,1.45));
#8264=CARTESIAN_POINT('',(-1.585,-2.14999999999999,1.3));
#8265=CARTESIAN_POINT('',(-1.585,-2.14999999999999,1.3));
#8266=CARTESIAN_POINT('',(-1.585,-2.14999999999999,1.45));
#8267=CARTESIAN_POINT('',(-1.415,-2.14999999999999,1.3));
#8268=CARTESIAN_POINT('',(-1.415,-1.65,1.3));
#8269=CARTESIAN_POINT('',(-1.585,-2.14999999999999,1.3));
#8270=CARTESIAN_POINT('',(-1.585,-1.65,1.3));
#8271=CARTESIAN_POINT('',(-1.585,-1.65,1.3));
#8272=CARTESIAN_POINT('',(-1.585,-2.14999999999999,1.3));
#8273=CARTESIAN_POINT('',(-1.415,-1.5,1.3));
#8274=CARTESIAN_POINT('',(-1.415,-1.5,1.15));
#8275=CARTESIAN_POINT('',(-1.585,-1.5,1.3));
#8276=CARTESIAN_POINT('',(-1.585,-1.5,1.15));
#8277=CARTESIAN_POINT('',(-1.585,-1.5,1.15));
#8278=CARTESIAN_POINT('',(-1.585,-1.5,1.3));
#8279=CARTESIAN_POINT('',(-1.415,-1.5,1.15));
#8280=CARTESIAN_POINT('',(-1.585,-1.5,1.15));
#8281=CARTESIAN_POINT('',(-1.585,-1.5,1.15));
#8282=CARTESIAN_POINT('',(-1.415,-1.41499999999999,1.3));
#8283=CARTESIAN_POINT('',(-1.415,-1.49999999999999,1.3));
#8284=CARTESIAN_POINT('',(-1.585,-1.41499999999999,1.3));
#8285=CARTESIAN_POINT('',(-1.585,-1.49999999999999,1.3));
#8286=CARTESIAN_POINT('',(-1.585,-1.49999999999999,1.3));
#8287=CARTESIAN_POINT('',(-1.585,-1.41499999999999,1.3));
#8288=CARTESIAN_POINT('',(-1.415,-1.64999999999999,1.3));
#8289=CARTESIAN_POINT('',(-1.415,-1.64999999999999,1.45));
#8290=CARTESIAN_POINT('',(-1.585,-1.64999999999999,1.3));
#8291=CARTESIAN_POINT('',(-1.585,-1.64999999999999,1.45));
#8292=CARTESIAN_POINT('',(-1.585,-1.64999999999999,1.45));
#8293=CARTESIAN_POINT('',(-1.585,-1.64999999999999,1.3));
#8294=CARTESIAN_POINT('',(-1.415,-1.64999999999999,1.45));
#8295=CARTESIAN_POINT('',(-1.585,-1.64999999999999,1.45));
#8296=CARTESIAN_POINT('',(-1.585,-1.64999999999999,1.45));
#8297=CARTESIAN_POINT('',(-1.585,-1.5,1.3));
#8298=CARTESIAN_POINT('',(-1.415,-1.5,1.3));
#8299=CARTESIAN_POINT('',(-0.915,-2.14999999999999,1.45));
#8300=CARTESIAN_POINT('',(-0.915,-2.14999999999999,1.45));
#8301=CARTESIAN_POINT('',(-0.915,-2.14999999999999,1.3));
#8302=CARTESIAN_POINT('',(-1.085,-2.14999999999999,1.45));
#8303=CARTESIAN_POINT('',(-1.085,-2.14999999999999,1.45));
#8304=CARTESIAN_POINT('',(-1.085,-2.14999999999999,1.45));
#8305=CARTESIAN_POINT('',(-1.085,-2.14999999999999,1.3));
#8306=CARTESIAN_POINT('',(-1.085,-2.14999999999999,1.3));
#8307=CARTESIAN_POINT('',(-1.085,-2.14999999999999,1.45));
#8308=CARTESIAN_POINT('',(-0.915,-2.14999999999999,1.3));
#8309=CARTESIAN_POINT('',(-0.915,-1.65,1.3));
#8310=CARTESIAN_POINT('',(-1.085,-2.14999999999999,1.3));
#8311=CARTESIAN_POINT('',(-1.085,-1.65,1.3));
#8312=CARTESIAN_POINT('',(-1.085,-1.65,1.3));
#8313=CARTESIAN_POINT('',(-1.085,-2.14999999999999,1.3));
#8314=CARTESIAN_POINT('',(-0.915,-1.5,1.3));
#8315=CARTESIAN_POINT('',(-0.915,-1.5,1.15));
#8316=CARTESIAN_POINT('',(-1.085,-1.5,1.3));
#8317=CARTESIAN_POINT('',(-1.085,-1.5,1.15));
#8318=CARTESIAN_POINT('',(-1.085,-1.5,1.15));
#8319=CARTESIAN_POINT('',(-1.085,-1.5,1.3));
#8320=CARTESIAN_POINT('',(-0.915,-1.5,1.15));
#8321=CARTESIAN_POINT('',(-1.085,-1.5,1.15));
#8322=CARTESIAN_POINT('',(-1.085,-1.5,1.15));
#8323=CARTESIAN_POINT('',(-0.915,-1.41499999999999,1.3));
#8324=CARTESIAN_POINT('',(-0.915,-1.49999999999999,1.3));
#8325=CARTESIAN_POINT('',(-1.085,-1.41499999999999,1.3));
#8326=CARTESIAN_POINT('',(-1.085,-1.49999999999999,1.3));
#8327=CARTESIAN_POINT('',(-1.085,-1.49999999999999,1.3));
#8328=CARTESIAN_POINT('',(-1.085,-1.41499999999999,1.3));
#8329=CARTESIAN_POINT('',(-0.915,-1.64999999999999,1.3));
#8330=CARTESIAN_POINT('',(-0.915,-1.64999999999999,1.45));
#8331=CARTESIAN_POINT('',(-1.085,-1.64999999999999,1.3));
#8332=CARTESIAN_POINT('',(-1.085,-1.64999999999999,1.45));
#8333=CARTESIAN_POINT('',(-1.085,-1.64999999999999,1.45));
#8334=CARTESIAN_POINT('',(-1.085,-1.64999999999999,1.3));
#8335=CARTESIAN_POINT('',(-0.915,-1.64999999999999,1.45));
#8336=CARTESIAN_POINT('',(-1.085,-1.64999999999999,1.45));
#8337=CARTESIAN_POINT('',(-1.085,-1.64999999999999,1.45));
#8338=CARTESIAN_POINT('',(-1.085,-1.5,1.3));
#8339=CARTESIAN_POINT('',(-0.915,-1.5,1.3));
#8340=CARTESIAN_POINT('',(-0.415,-2.14999999999999,1.45));
#8341=CARTESIAN_POINT('',(-0.415,-2.14999999999999,1.45));
#8342=CARTESIAN_POINT('',(-0.415,-2.14999999999999,1.3));
#8343=CARTESIAN_POINT('',(-0.585,-2.14999999999999,1.45));
#8344=CARTESIAN_POINT('',(-0.585,-2.14999999999999,1.45));
#8345=CARTESIAN_POINT('',(-0.585,-2.14999999999999,1.45));
#8346=CARTESIAN_POINT('',(-0.585,-2.14999999999999,1.3));
#8347=CARTESIAN_POINT('',(-0.585,-2.14999999999999,1.3));
#8348=CARTESIAN_POINT('',(-0.585,-2.14999999999999,1.45));
#8349=CARTESIAN_POINT('',(-0.415,-2.14999999999999,1.3));
#8350=CARTESIAN_POINT('',(-0.415,-1.65,1.3));
#8351=CARTESIAN_POINT('',(-0.585,-2.14999999999999,1.3));
#8352=CARTESIAN_POINT('',(-0.585,-1.65,1.3));
#8353=CARTESIAN_POINT('',(-0.585,-1.65,1.3));
#8354=CARTESIAN_POINT('',(-0.585,-2.14999999999999,1.3));
#8355=CARTESIAN_POINT('',(-0.415,-1.5,1.3));
#8356=CARTESIAN_POINT('',(-0.415,-1.5,1.15));
#8357=CARTESIAN_POINT('',(-0.585,-1.5,1.3));
#8358=CARTESIAN_POINT('',(-0.585,-1.5,1.15));
#8359=CARTESIAN_POINT('',(-0.585,-1.5,1.15));
#8360=CARTESIAN_POINT('',(-0.585,-1.5,1.3));
#8361=CARTESIAN_POINT('',(-0.415,-1.5,1.15));
#8362=CARTESIAN_POINT('',(-0.585,-1.5,1.15));
#8363=CARTESIAN_POINT('',(-0.585,-1.5,1.15));
#8364=CARTESIAN_POINT('',(-0.415,-1.41499999999999,1.3));
#8365=CARTESIAN_POINT('',(-0.415,-1.49999999999999,1.3));
#8366=CARTESIAN_POINT('',(-0.585,-1.41499999999999,1.3));
#8367=CARTESIAN_POINT('',(-0.585,-1.49999999999999,1.3));
#8368=CARTESIAN_POINT('',(-0.585,-1.49999999999999,1.3));
#8369=CARTESIAN_POINT('',(-0.585,-1.41499999999999,1.3));
#8370=CARTESIAN_POINT('',(-0.415,-1.64999999999999,1.3));
#8371=CARTESIAN_POINT('',(-0.415,-1.64999999999999,1.45));
#8372=CARTESIAN_POINT('',(-0.585,-1.64999999999999,1.3));
#8373=CARTESIAN_POINT('',(-0.585,-1.64999999999999,1.45));
#8374=CARTESIAN_POINT('',(-0.585,-1.64999999999999,1.45));
#8375=CARTESIAN_POINT('',(-0.585,-1.64999999999999,1.3));
#8376=CARTESIAN_POINT('',(-0.415,-1.64999999999999,1.45));
#8377=CARTESIAN_POINT('',(-0.585,-1.64999999999999,1.45));
#8378=CARTESIAN_POINT('',(-0.585,-1.64999999999999,1.45));
#8379=CARTESIAN_POINT('',(-0.585,-1.5,1.3));
#8380=CARTESIAN_POINT('',(-0.415,-1.5,1.3));
#8381=CARTESIAN_POINT('',(0.085,-2.14999999999999,1.45));
#8382=CARTESIAN_POINT('',(0.085,-2.14999999999999,1.45));
#8383=CARTESIAN_POINT('',(0.085,-2.14999999999999,1.3));
#8384=CARTESIAN_POINT('',(-0.085,-2.14999999999999,1.45));
#8385=CARTESIAN_POINT('',(-0.085,-2.14999999999999,1.45));
#8386=CARTESIAN_POINT('',(-0.085,-2.14999999999999,1.45));
#8387=CARTESIAN_POINT('',(-0.085,-2.14999999999999,1.3));
#8388=CARTESIAN_POINT('',(-0.085,-2.14999999999999,1.3));
#8389=CARTESIAN_POINT('',(-0.085,-2.14999999999999,1.45));
#8390=CARTESIAN_POINT('',(0.085,-2.14999999999999,1.3));
#8391=CARTESIAN_POINT('',(0.085,-1.65,1.3));
#8392=CARTESIAN_POINT('',(-0.085,-2.14999999999999,1.3));
#8393=CARTESIAN_POINT('',(-0.085,-1.65,1.3));
#8394=CARTESIAN_POINT('',(-0.085,-1.65,1.3));
#8395=CARTESIAN_POINT('',(-0.085,-2.14999999999999,1.3));
#8396=CARTESIAN_POINT('',(0.085,-1.5,1.3));
#8397=CARTESIAN_POINT('',(0.085,-1.5,1.15));
#8398=CARTESIAN_POINT('',(-0.085,-1.5,1.3));
#8399=CARTESIAN_POINT('',(-0.085,-1.5,1.15));
#8400=CARTESIAN_POINT('',(-0.085,-1.5,1.15));
#8401=CARTESIAN_POINT('',(-0.085,-1.5,1.3));
#8402=CARTESIAN_POINT('',(0.085,-1.5,1.15));
#8403=CARTESIAN_POINT('',(-0.085,-1.5,1.15));
#8404=CARTESIAN_POINT('',(-0.085,-1.5,1.15));
#8405=CARTESIAN_POINT('',(0.085,-1.41499999999999,1.3));
#8406=CARTESIAN_POINT('',(0.085,-1.49999999999999,1.3));
#8407=CARTESIAN_POINT('',(-0.085,-1.41499999999999,1.3));
#8408=CARTESIAN_POINT('',(-0.085,-1.49999999999999,1.3));
#8409=CARTESIAN_POINT('',(-0.085,-1.49999999999999,1.3));
#8410=CARTESIAN_POINT('',(-0.085,-1.41499999999999,1.3));
#8411=CARTESIAN_POINT('',(0.085,-1.64999999999999,1.3));
#8412=CARTESIAN_POINT('',(0.085,-1.64999999999999,1.45));
#8413=CARTESIAN_POINT('',(-0.085,-1.64999999999999,1.3));
#8414=CARTESIAN_POINT('',(-0.085,-1.64999999999999,1.45));
#8415=CARTESIAN_POINT('',(-0.085,-1.64999999999999,1.45));
#8416=CARTESIAN_POINT('',(-0.085,-1.64999999999999,1.3));
#8417=CARTESIAN_POINT('',(0.085,-1.64999999999999,1.45));
#8418=CARTESIAN_POINT('',(-0.085,-1.64999999999999,1.45));
#8419=CARTESIAN_POINT('',(-0.085,-1.64999999999999,1.45));
#8420=CARTESIAN_POINT('',(-0.085,-1.5,1.3));
#8421=CARTESIAN_POINT('',(0.085,-1.5,1.3));
#8422=CARTESIAN_POINT('',(0.585,-2.14999999999999,1.45));
#8423=CARTESIAN_POINT('',(0.585,-2.14999999999999,1.45));
#8424=CARTESIAN_POINT('',(0.585,-2.14999999999999,1.3));
#8425=CARTESIAN_POINT('',(0.415,-2.14999999999999,1.45));
#8426=CARTESIAN_POINT('',(0.415,-2.14999999999999,1.45));
#8427=CARTESIAN_POINT('',(0.415,-2.14999999999999,1.45));
#8428=CARTESIAN_POINT('',(0.415,-2.14999999999999,1.3));
#8429=CARTESIAN_POINT('',(0.415,-2.14999999999999,1.3));
#8430=CARTESIAN_POINT('',(0.415,-2.14999999999999,1.45));
#8431=CARTESIAN_POINT('',(0.585,-2.14999999999999,1.3));
#8432=CARTESIAN_POINT('',(0.585,-1.65,1.3));
#8433=CARTESIAN_POINT('',(0.415,-2.14999999999999,1.3));
#8434=CARTESIAN_POINT('',(0.415,-1.65,1.3));
#8435=CARTESIAN_POINT('',(0.415,-1.65,1.3));
#8436=CARTESIAN_POINT('',(0.415,-2.14999999999999,1.3));
#8437=CARTESIAN_POINT('',(0.585,-1.5,1.3));
#8438=CARTESIAN_POINT('',(0.585,-1.5,1.15));
#8439=CARTESIAN_POINT('',(0.415,-1.5,1.3));
#8440=CARTESIAN_POINT('',(0.415,-1.5,1.15));
#8441=CARTESIAN_POINT('',(0.415,-1.5,1.15));
#8442=CARTESIAN_POINT('',(0.415,-1.5,1.3));
#8443=CARTESIAN_POINT('',(0.585,-1.5,1.15));
#8444=CARTESIAN_POINT('',(0.415,-1.5,1.15));
#8445=CARTESIAN_POINT('',(0.415,-1.5,1.15));
#8446=CARTESIAN_POINT('',(0.585,-1.41499999999999,1.3));
#8447=CARTESIAN_POINT('',(0.585,-1.49999999999999,1.3));
#8448=CARTESIAN_POINT('',(0.415,-1.41499999999999,1.3));
#8449=CARTESIAN_POINT('',(0.415,-1.49999999999999,1.3));
#8450=CARTESIAN_POINT('',(0.415,-1.49999999999999,1.3));
#8451=CARTESIAN_POINT('',(0.415,-1.41499999999999,1.3));
#8452=CARTESIAN_POINT('',(0.585,-1.64999999999999,1.3));
#8453=CARTESIAN_POINT('',(0.585,-1.64999999999999,1.45));
#8454=CARTESIAN_POINT('',(0.415,-1.64999999999999,1.3));
#8455=CARTESIAN_POINT('',(0.415,-1.64999999999999,1.45));
#8456=CARTESIAN_POINT('',(0.415,-1.64999999999999,1.45));
#8457=CARTESIAN_POINT('',(0.415,-1.64999999999999,1.3));
#8458=CARTESIAN_POINT('',(0.585,-1.64999999999999,1.45));
#8459=CARTESIAN_POINT('',(0.415,-1.64999999999999,1.45));
#8460=CARTESIAN_POINT('',(0.415,-1.64999999999999,1.45));
#8461=CARTESIAN_POINT('',(0.415,-1.5,1.3));
#8462=CARTESIAN_POINT('',(0.585,-1.5,1.3));
#8463=CARTESIAN_POINT('',(1.085,-2.14999999999999,1.45));
#8464=CARTESIAN_POINT('',(1.085,-2.14999999999999,1.45));
#8465=CARTESIAN_POINT('',(1.085,-2.14999999999999,1.3));
#8466=CARTESIAN_POINT('',(0.915,-2.14999999999999,1.45));
#8467=CARTESIAN_POINT('',(0.915,-2.14999999999999,1.45));
#8468=CARTESIAN_POINT('',(0.915,-2.14999999999999,1.45));
#8469=CARTESIAN_POINT('',(0.915,-2.14999999999999,1.3));
#8470=CARTESIAN_POINT('',(0.915,-2.14999999999999,1.3));
#8471=CARTESIAN_POINT('',(0.915,-2.14999999999999,1.45));
#8472=CARTESIAN_POINT('',(1.085,-2.14999999999999,1.3));
#8473=CARTESIAN_POINT('',(1.085,-1.65,1.3));
#8474=CARTESIAN_POINT('',(0.915,-2.14999999999999,1.3));
#8475=CARTESIAN_POINT('',(0.915,-1.65,1.3));
#8476=CARTESIAN_POINT('',(0.915,-1.65,1.3));
#8477=CARTESIAN_POINT('',(0.915,-2.14999999999999,1.3));
#8478=CARTESIAN_POINT('',(1.085,-1.5,1.3));
#8479=CARTESIAN_POINT('',(1.085,-1.5,1.15));
#8480=CARTESIAN_POINT('',(0.915,-1.5,1.3));
#8481=CARTESIAN_POINT('',(0.915,-1.5,1.15));
#8482=CARTESIAN_POINT('',(0.915,-1.5,1.15));
#8483=CARTESIAN_POINT('',(0.915,-1.5,1.3));
#8484=CARTESIAN_POINT('',(1.085,-1.5,1.15));
#8485=CARTESIAN_POINT('',(0.915,-1.5,1.15));
#8486=CARTESIAN_POINT('',(0.915,-1.5,1.15));
#8487=CARTESIAN_POINT('',(1.085,-1.41499999999999,1.3));
#8488=CARTESIAN_POINT('',(1.085,-1.49999999999999,1.3));
#8489=CARTESIAN_POINT('',(0.915,-1.41499999999999,1.3));
#8490=CARTESIAN_POINT('',(0.915,-1.49999999999999,1.3));
#8491=CARTESIAN_POINT('',(0.915,-1.49999999999999,1.3));
#8492=CARTESIAN_POINT('',(0.915,-1.41499999999999,1.3));
#8493=CARTESIAN_POINT('',(1.085,-1.64999999999999,1.3));
#8494=CARTESIAN_POINT('',(1.085,-1.64999999999999,1.45));
#8495=CARTESIAN_POINT('',(0.915,-1.64999999999999,1.3));
#8496=CARTESIAN_POINT('',(0.915,-1.64999999999999,1.45));
#8497=CARTESIAN_POINT('',(0.915,-1.64999999999999,1.45));
#8498=CARTESIAN_POINT('',(0.915,-1.64999999999999,1.3));
#8499=CARTESIAN_POINT('',(1.085,-1.64999999999999,1.45));
#8500=CARTESIAN_POINT('',(0.915,-1.64999999999999,1.45));
#8501=CARTESIAN_POINT('',(0.915,-1.64999999999999,1.45));
#8502=CARTESIAN_POINT('',(0.915,-1.5,1.3));
#8503=CARTESIAN_POINT('',(1.085,-1.5,1.3));
#8504=CARTESIAN_POINT('',(1.585,-2.14999999999999,1.45));
#8505=CARTESIAN_POINT('',(1.585,-2.14999999999999,1.45));
#8506=CARTESIAN_POINT('',(1.585,-2.14999999999999,1.3));
#8507=CARTESIAN_POINT('',(1.415,-2.14999999999999,1.45));
#8508=CARTESIAN_POINT('',(1.415,-2.14999999999999,1.45));
#8509=CARTESIAN_POINT('',(1.415,-2.14999999999999,1.45));
#8510=CARTESIAN_POINT('',(1.415,-2.14999999999999,1.3));
#8511=CARTESIAN_POINT('',(1.415,-2.14999999999999,1.3));
#8512=CARTESIAN_POINT('',(1.415,-2.14999999999999,1.45));
#8513=CARTESIAN_POINT('',(1.585,-2.14999999999999,1.3));
#8514=CARTESIAN_POINT('',(1.585,-1.65,1.3));
#8515=CARTESIAN_POINT('',(1.415,-2.14999999999999,1.3));
#8516=CARTESIAN_POINT('',(1.415,-1.65,1.3));
#8517=CARTESIAN_POINT('',(1.415,-1.65,1.3));
#8518=CARTESIAN_POINT('',(1.415,-2.14999999999999,1.3));
#8519=CARTESIAN_POINT('',(1.585,-1.5,1.3));
#8520=CARTESIAN_POINT('',(1.585,-1.5,1.15));
#8521=CARTESIAN_POINT('',(1.415,-1.5,1.3));
#8522=CARTESIAN_POINT('',(1.415,-1.5,1.15));
#8523=CARTESIAN_POINT('',(1.415,-1.5,1.15));
#8524=CARTESIAN_POINT('',(1.415,-1.5,1.3));
#8525=CARTESIAN_POINT('',(1.585,-1.5,1.15));
#8526=CARTESIAN_POINT('',(1.415,-1.5,1.15));
#8527=CARTESIAN_POINT('',(1.415,-1.5,1.15));
#8528=CARTESIAN_POINT('',(1.585,-1.41499999999999,1.3));
#8529=CARTESIAN_POINT('',(1.585,-1.49999999999999,1.3));
#8530=CARTESIAN_POINT('',(1.415,-1.41499999999999,1.3));
#8531=CARTESIAN_POINT('',(1.415,-1.49999999999999,1.3));
#8532=CARTESIAN_POINT('',(1.415,-1.49999999999999,1.3));
#8533=CARTESIAN_POINT('',(1.415,-1.41499999999999,1.3));
#8534=CARTESIAN_POINT('',(1.585,-1.64999999999999,1.3));
#8535=CARTESIAN_POINT('',(1.585,-1.64999999999999,1.45));
#8536=CARTESIAN_POINT('',(1.415,-1.64999999999999,1.3));
#8537=CARTESIAN_POINT('',(1.415,-1.64999999999999,1.45));
#8538=CARTESIAN_POINT('',(1.415,-1.64999999999999,1.45));
#8539=CARTESIAN_POINT('',(1.415,-1.64999999999999,1.3));
#8540=CARTESIAN_POINT('',(1.585,-1.64999999999999,1.45));
#8541=CARTESIAN_POINT('',(1.415,-1.64999999999999,1.45));
#8542=CARTESIAN_POINT('',(1.415,-1.64999999999999,1.45));
#8543=CARTESIAN_POINT('',(1.415,-1.5,1.3));
#8544=CARTESIAN_POINT('',(1.585,-1.5,1.3));
#8545=CARTESIAN_POINT('',(2.085,-2.14999999999999,1.45));
#8546=CARTESIAN_POINT('',(2.085,-2.14999999999999,1.45));
#8547=CARTESIAN_POINT('',(2.085,-2.14999999999999,1.3));
#8548=CARTESIAN_POINT('',(1.915,-2.14999999999999,1.45));
#8549=CARTESIAN_POINT('',(1.915,-2.14999999999999,1.45));
#8550=CARTESIAN_POINT('',(1.915,-2.14999999999999,1.45));
#8551=CARTESIAN_POINT('',(1.915,-2.14999999999999,1.3));
#8552=CARTESIAN_POINT('',(1.915,-2.14999999999999,1.3));
#8553=CARTESIAN_POINT('',(1.915,-2.14999999999999,1.45));
#8554=CARTESIAN_POINT('',(2.085,-2.14999999999999,1.3));
#8555=CARTESIAN_POINT('',(2.085,-1.65,1.3));
#8556=CARTESIAN_POINT('',(1.915,-2.14999999999999,1.3));
#8557=CARTESIAN_POINT('',(1.915,-1.65,1.3));
#8558=CARTESIAN_POINT('',(1.915,-1.65,1.3));
#8559=CARTESIAN_POINT('',(1.915,-2.14999999999999,1.3));
#8560=CARTESIAN_POINT('',(2.085,-1.5,1.3));
#8561=CARTESIAN_POINT('',(2.085,-1.5,1.15));
#8562=CARTESIAN_POINT('',(1.915,-1.5,1.3));
#8563=CARTESIAN_POINT('',(1.915,-1.5,1.15));
#8564=CARTESIAN_POINT('',(1.915,-1.5,1.15));
#8565=CARTESIAN_POINT('',(1.915,-1.5,1.3));
#8566=CARTESIAN_POINT('',(2.085,-1.5,1.15));
#8567=CARTESIAN_POINT('',(1.915,-1.5,1.15));
#8568=CARTESIAN_POINT('',(1.915,-1.5,1.15));
#8569=CARTESIAN_POINT('',(2.085,-1.41499999999999,1.3));
#8570=CARTESIAN_POINT('',(2.085,-1.49999999999999,1.3));
#8571=CARTESIAN_POINT('',(1.915,-1.41499999999999,1.3));
#8572=CARTESIAN_POINT('',(1.915,-1.49999999999999,1.3));
#8573=CARTESIAN_POINT('',(1.915,-1.49999999999999,1.3));
#8574=CARTESIAN_POINT('',(1.915,-1.41499999999999,1.3));
#8575=CARTESIAN_POINT('',(2.085,-1.64999999999999,1.3));
#8576=CARTESIAN_POINT('',(2.085,-1.64999999999999,1.45));
#8577=CARTESIAN_POINT('',(1.915,-1.64999999999999,1.3));
#8578=CARTESIAN_POINT('',(1.915,-1.64999999999999,1.45));
#8579=CARTESIAN_POINT('',(1.915,-1.64999999999999,1.45));
#8580=CARTESIAN_POINT('',(1.915,-1.64999999999999,1.3));
#8581=CARTESIAN_POINT('',(2.085,-1.64999999999999,1.45));
#8582=CARTESIAN_POINT('',(1.915,-1.64999999999999,1.45));
#8583=CARTESIAN_POINT('',(1.915,-1.64999999999999,1.45));
#8584=CARTESIAN_POINT('',(1.915,-1.5,1.3));
#8585=CARTESIAN_POINT('',(2.085,-1.5,1.3));
#8586=CARTESIAN_POINT('',(2.585,-2.14999999999999,1.45));
#8587=CARTESIAN_POINT('',(2.585,-2.14999999999999,1.45));
#8588=CARTESIAN_POINT('',(2.585,-2.14999999999999,1.3));
#8589=CARTESIAN_POINT('',(2.415,-2.14999999999999,1.45));
#8590=CARTESIAN_POINT('',(2.415,-2.14999999999999,1.45));
#8591=CARTESIAN_POINT('',(2.415,-2.14999999999999,1.45));
#8592=CARTESIAN_POINT('',(2.415,-2.14999999999999,1.3));
#8593=CARTESIAN_POINT('',(2.415,-2.14999999999999,1.3));
#8594=CARTESIAN_POINT('',(2.415,-2.14999999999999,1.45));
#8595=CARTESIAN_POINT('',(2.585,-2.14999999999999,1.3));
#8596=CARTESIAN_POINT('',(2.585,-1.65,1.3));
#8597=CARTESIAN_POINT('',(2.415,-2.14999999999999,1.3));
#8598=CARTESIAN_POINT('',(2.415,-1.65,1.3));
#8599=CARTESIAN_POINT('',(2.415,-1.65,1.3));
#8600=CARTESIAN_POINT('',(2.415,-2.14999999999999,1.3));
#8601=CARTESIAN_POINT('',(2.585,-1.5,1.3));
#8602=CARTESIAN_POINT('',(2.585,-1.5,1.15));
#8603=CARTESIAN_POINT('',(2.415,-1.5,1.3));
#8604=CARTESIAN_POINT('',(2.415,-1.5,1.15));
#8605=CARTESIAN_POINT('',(2.415,-1.5,1.15));
#8606=CARTESIAN_POINT('',(2.415,-1.5,1.3));
#8607=CARTESIAN_POINT('',(2.585,-1.5,1.15));
#8608=CARTESIAN_POINT('',(2.415,-1.5,1.15));
#8609=CARTESIAN_POINT('',(2.415,-1.5,1.15));
#8610=CARTESIAN_POINT('',(2.585,-1.41499999999999,1.3));
#8611=CARTESIAN_POINT('',(2.585,-1.49999999999999,1.3));
#8612=CARTESIAN_POINT('',(2.415,-1.41499999999999,1.3));
#8613=CARTESIAN_POINT('',(2.415,-1.49999999999999,1.3));
#8614=CARTESIAN_POINT('',(2.415,-1.49999999999999,1.3));
#8615=CARTESIAN_POINT('',(2.415,-1.41499999999999,1.3));
#8616=CARTESIAN_POINT('',(2.585,-1.64999999999999,1.3));
#8617=CARTESIAN_POINT('',(2.585,-1.64999999999999,1.45));
#8618=CARTESIAN_POINT('',(2.415,-1.64999999999999,1.3));
#8619=CARTESIAN_POINT('',(2.415,-1.64999999999999,1.45));
#8620=CARTESIAN_POINT('',(2.415,-1.64999999999999,1.45));
#8621=CARTESIAN_POINT('',(2.415,-1.64999999999999,1.3));
#8622=CARTESIAN_POINT('',(2.585,-1.64999999999999,1.45));
#8623=CARTESIAN_POINT('',(2.415,-1.64999999999999,1.45));
#8624=CARTESIAN_POINT('',(2.415,-1.64999999999999,1.45));
#8625=CARTESIAN_POINT('',(2.415,-1.5,1.3));
#8626=CARTESIAN_POINT('',(2.585,-1.5,1.3));
#8627=CARTESIAN_POINT('',(3.085,-2.14999999999999,1.45));
#8628=CARTESIAN_POINT('',(3.085,-2.14999999999999,1.45));
#8629=CARTESIAN_POINT('',(3.085,-2.14999999999999,1.3));
#8630=CARTESIAN_POINT('',(2.915,-2.14999999999999,1.45));
#8631=CARTESIAN_POINT('',(2.915,-2.14999999999999,1.45));
#8632=CARTESIAN_POINT('',(2.915,-2.14999999999999,1.45));
#8633=CARTESIAN_POINT('',(2.915,-2.14999999999999,1.3));
#8634=CARTESIAN_POINT('',(2.915,-2.14999999999999,1.3));
#8635=CARTESIAN_POINT('',(2.915,-2.14999999999999,1.45));
#8636=CARTESIAN_POINT('',(3.085,-2.14999999999999,1.3));
#8637=CARTESIAN_POINT('',(3.085,-1.65,1.3));
#8638=CARTESIAN_POINT('',(2.915,-2.14999999999999,1.3));
#8639=CARTESIAN_POINT('',(2.915,-1.65,1.3));
#8640=CARTESIAN_POINT('',(2.915,-1.65,1.3));
#8641=CARTESIAN_POINT('',(2.915,-2.14999999999999,1.3));
#8642=CARTESIAN_POINT('',(3.085,-1.5,1.3));
#8643=CARTESIAN_POINT('',(3.085,-1.5,1.15));
#8644=CARTESIAN_POINT('',(2.915,-1.5,1.3));
#8645=CARTESIAN_POINT('',(2.915,-1.5,1.15));
#8646=CARTESIAN_POINT('',(2.915,-1.5,1.15));
#8647=CARTESIAN_POINT('',(2.915,-1.5,1.3));
#8648=CARTESIAN_POINT('',(3.085,-1.5,1.15));
#8649=CARTESIAN_POINT('',(2.915,-1.5,1.15));
#8650=CARTESIAN_POINT('',(2.915,-1.5,1.15));
#8651=CARTESIAN_POINT('',(3.085,-1.41499999999999,1.3));
#8652=CARTESIAN_POINT('',(3.085,-1.49999999999999,1.3));
#8653=CARTESIAN_POINT('',(2.915,-1.41499999999999,1.3));
#8654=CARTESIAN_POINT('',(2.915,-1.49999999999999,1.3));
#8655=CARTESIAN_POINT('',(2.915,-1.49999999999999,1.3));
#8656=CARTESIAN_POINT('',(2.915,-1.41499999999999,1.3));
#8657=CARTESIAN_POINT('',(3.085,-1.64999999999999,1.3));
#8658=CARTESIAN_POINT('',(3.085,-1.64999999999999,1.45));
#8659=CARTESIAN_POINT('',(2.915,-1.64999999999999,1.3));
#8660=CARTESIAN_POINT('',(2.915,-1.64999999999999,1.45));
#8661=CARTESIAN_POINT('',(2.915,-1.64999999999999,1.45));
#8662=CARTESIAN_POINT('',(2.915,-1.64999999999999,1.3));
#8663=CARTESIAN_POINT('',(3.085,-1.64999999999999,1.45));
#8664=CARTESIAN_POINT('',(2.915,-1.64999999999999,1.45));
#8665=CARTESIAN_POINT('',(2.915,-1.64999999999999,1.45));
#8666=CARTESIAN_POINT('',(2.915,-1.5,1.3));
#8667=CARTESIAN_POINT('',(3.085,-1.5,1.3));
#8668=MECHANICAL_DESIGN_GEOMETRIC_PRESENTATION_REPRESENTATION('',(#24),
#8669);
#8669=(
GEOMETRIC_REPRESENTATION_CONTEXT(3)
GLOBAL_UNCERTAINTY_ASSIGNED_CONTEXT((#8670))
GLOBAL_UNIT_ASSIGNED_CONTEXT((#8676,#8672,#8671))
REPRESENTATION_CONTEXT('555600307wbm000_01_214',
'TOP_LEVEL_ASSEMBLY_PART')
);
#8670=UNCERTAINTY_MEASURE_WITH_UNIT(LENGTH_MEASURE(2.E-5),#8676,
'DISTANCE_ACCURACY_VALUE','Maximum Tolerance applied to model');
#8671=(
NAMED_UNIT(*)
SI_UNIT($,.STERADIAN.)
SOLID_ANGLE_UNIT()
);
#8672=(
CONVERSION_BASED_UNIT('DEGREE',#8674)
NAMED_UNIT(#8673)
PLANE_ANGLE_UNIT()
);
#8673=DIMENSIONAL_EXPONENTS(0.,0.,0.,0.,0.,0.,0.);
#8674=PLANE_ANGLE_MEASURE_WITH_UNIT(PLANE_ANGLE_MEASURE(0.0174532925),#8675);
#8675=(
NAMED_UNIT(*)
PLANE_ANGLE_UNIT()
SI_UNIT($,.RADIAN.)
);
#8676=(
LENGTH_UNIT()
NAMED_UNIT(*)
SI_UNIT(.MILLI.,.METRE.)
);
ENDSEC;
END-ISO-10303-21;
