ISO-10303-21;
HEADER;
FILE_DESCRIPTION((''),'2;1');
FILE_NAME('SIL0010D_ASM','2018-08-28T07:36:01',('a0412086'),(''),
'CREO PARAMETRIC BY PTC INC, 2018020','CREO PARAMETRIC BY PTC INC, 2018020','');
FILE_SCHEMA(('AUTOMOTIVE_DESIGN { 1 0 10303 214 1 1 1 1 }'));
ENDSEC;
DATA;
#31=DIRECTION('',(1.E0,0.E0,0.E0));
#32=VECTOR('',#31,6.375E-1);
#33=CARTESIAN_POINT('',(-1.E0,0.E0,-1.125E0));
#34=LINE('',#33,#32);
#35=DRAUGHTING_PRE_DEFINED_CURVE_FONT('continuous');
#36=CURVE_STYLE('',#35,POSITIVE_LENGTH_MEASURE(2.E-2),#29);
#37=PRESENTATION_STYLE_ASSIGNMENT((#36));
#38=STYLED_ITEM('',(#37),#34);
#39=DIRECTION('',(0.E0,0.E0,-1.E0));
#40=VECTOR('',#39,1.875E-1);
#41=CARTESIAN_POINT('',(-3.E-1,0.E0,-8.75E-1));
#42=LINE('',#41,#40);
#43=CURVE_STYLE('',#35,POSITIVE_LENGTH_MEASURE(2.E-2),#29);
#44=PRESENTATION_STYLE_ASSIGNMENT((#43));
#45=STYLED_ITEM('',(#44),#42);
#46=DIRECTION('',(1.E0,0.E0,0.E0));
#47=VECTOR('',#46,7.E-1);
#48=CARTESIAN_POINT('',(-1.E0,0.E0,-8.75E-1));
#49=LINE('',#48,#47);
#50=CURVE_STYLE('',#35,POSITIVE_LENGTH_MEASURE(2.E-2),#29);
#51=PRESENTATION_STYLE_ASSIGNMENT((#50));
#52=STYLED_ITEM('',(#51),#49);
#53=DIRECTION('',(0.E0,0.E0,1.E0));
#54=VECTOR('',#53,2.5E-1);
#55=CARTESIAN_POINT('',(-1.E0,0.E0,-8.75E-1));
#56=LINE('',#55,#54);
#57=CURVE_STYLE('',#35,POSITIVE_LENGTH_MEASURE(2.E-2),#29);
#58=PRESENTATION_STYLE_ASSIGNMENT((#57));
#59=STYLED_ITEM('',(#58),#56);
#60=DIRECTION('',(1.E0,0.E0,0.E0));
#61=VECTOR('',#60,7.E-1);
#62=CARTESIAN_POINT('',(-1.E0,0.E0,-6.25E-1));
#63=LINE('',#62,#61);
#64=CURVE_STYLE('',#35,POSITIVE_LENGTH_MEASURE(2.E-2),#29);
#65=PRESENTATION_STYLE_ASSIGNMENT((#64));
#66=STYLED_ITEM('',(#65),#63);
#67=DIRECTION('',(0.E0,0.E0,-1.E0));
#68=VECTOR('',#67,2.5E-1);
#69=CARTESIAN_POINT('',(-3.E-1,0.E0,-3.75E-1));
#70=LINE('',#69,#68);
#71=CURVE_STYLE('',#35,POSITIVE_LENGTH_MEASURE(2.E-2),#29);
#72=PRESENTATION_STYLE_ASSIGNMENT((#71));
#73=STYLED_ITEM('',(#72),#70);
#74=DIRECTION('',(1.E0,0.E0,0.E0));
#75=VECTOR('',#74,7.E-1);
#76=CARTESIAN_POINT('',(-1.E0,0.E0,-3.75E-1));
#77=LINE('',#76,#75);
#78=CURVE_STYLE('',#35,POSITIVE_LENGTH_MEASURE(2.E-2),#29);
#79=PRESENTATION_STYLE_ASSIGNMENT((#78));
#80=STYLED_ITEM('',(#79),#77);
#81=DIRECTION('',(0.E0,0.E0,1.E0));
#82=VECTOR('',#81,2.5E-1);
#83=CARTESIAN_POINT('',(-1.E0,0.E0,-3.75E-1));
#84=LINE('',#83,#82);
#85=CURVE_STYLE('',#35,POSITIVE_LENGTH_MEASURE(2.E-2),#29);
#86=PRESENTATION_STYLE_ASSIGNMENT((#85));
#87=STYLED_ITEM('',(#86),#84);
#88=DIRECTION('',(1.E0,0.E0,0.E0));
#89=VECTOR('',#88,7.E-1);
#90=CARTESIAN_POINT('',(-1.E0,0.E0,-1.25E-1));
#91=LINE('',#90,#89);
#92=CURVE_STYLE('',#35,POSITIVE_LENGTH_MEASURE(2.E-2),#29);
#93=PRESENTATION_STYLE_ASSIGNMENT((#92));
#94=STYLED_ITEM('',(#93),#91);
#95=DIRECTION('',(0.E0,0.E0,-1.E0));
#96=VECTOR('',#95,2.5E-1);
#97=CARTESIAN_POINT('',(-3.E-1,0.E0,1.25E-1));
#98=LINE('',#97,#96);
#99=CURVE_STYLE('',#35,POSITIVE_LENGTH_MEASURE(2.E-2),#29);
#100=PRESENTATION_STYLE_ASSIGNMENT((#99));
#101=STYLED_ITEM('',(#100),#98);
#102=DIRECTION('',(1.E0,0.E0,0.E0));
#103=VECTOR('',#102,7.E-1);
#104=CARTESIAN_POINT('',(-1.E0,0.E0,1.25E-1));
#105=LINE('',#104,#103);
#106=CURVE_STYLE('',#35,POSITIVE_LENGTH_MEASURE(2.E-2),#29);
#107=PRESENTATION_STYLE_ASSIGNMENT((#106));
#108=STYLED_ITEM('',(#107),#105);
#109=DIRECTION('',(0.E0,0.E0,1.E0));
#110=VECTOR('',#109,2.5E-1);
#111=CARTESIAN_POINT('',(-1.E0,0.E0,1.25E-1));
#112=LINE('',#111,#110);
#113=CURVE_STYLE('',#35,POSITIVE_LENGTH_MEASURE(2.E-2),#29);
#114=PRESENTATION_STYLE_ASSIGNMENT((#113));
#115=STYLED_ITEM('',(#114),#112);
#116=DIRECTION('',(1.E0,0.E0,0.E0));
#117=VECTOR('',#116,7.E-1);
#118=CARTESIAN_POINT('',(-1.E0,0.E0,3.75E-1));
#119=LINE('',#118,#117);
#120=CURVE_STYLE('',#35,POSITIVE_LENGTH_MEASURE(2.E-2),#29);
#121=PRESENTATION_STYLE_ASSIGNMENT((#120));
#122=STYLED_ITEM('',(#121),#119);
#123=DIRECTION('',(0.E0,0.E0,-1.E0));
#124=VECTOR('',#123,2.5E-1);
#125=CARTESIAN_POINT('',(-3.E-1,0.E0,6.25E-1));
#126=LINE('',#125,#124);
#127=CURVE_STYLE('',#35,POSITIVE_LENGTH_MEASURE(2.E-2),#29);
#128=PRESENTATION_STYLE_ASSIGNMENT((#127));
#129=STYLED_ITEM('',(#128),#126);
#130=DIRECTION('',(1.E0,0.E0,0.E0));
#131=VECTOR('',#130,7.E-1);
#132=CARTESIAN_POINT('',(-1.E0,0.E0,6.25E-1));
#133=LINE('',#132,#131);
#134=CURVE_STYLE('',#35,POSITIVE_LENGTH_MEASURE(2.E-2),#29);
#135=PRESENTATION_STYLE_ASSIGNMENT((#134));
#136=STYLED_ITEM('',(#135),#133);
#137=DIRECTION('',(0.E0,0.E0,1.E0));
#138=VECTOR('',#137,2.5E-1);
#139=CARTESIAN_POINT('',(-1.E0,0.E0,6.25E-1));
#140=LINE('',#139,#138);
#141=CURVE_STYLE('',#35,POSITIVE_LENGTH_MEASURE(2.E-2),#29);
#142=PRESENTATION_STYLE_ASSIGNMENT((#141));
#143=STYLED_ITEM('',(#142),#140);
#144=DIRECTION('',(1.E0,0.E0,0.E0));
#145=VECTOR('',#144,7.E-1);
#146=CARTESIAN_POINT('',(-1.E0,0.E0,8.75E-1));
#147=LINE('',#146,#145);
#148=CURVE_STYLE('',#35,POSITIVE_LENGTH_MEASURE(2.E-2),#29);
#149=PRESENTATION_STYLE_ASSIGNMENT((#148));
#150=STYLED_ITEM('',(#149),#147);
#151=DIRECTION('',(0.E0,0.E0,-1.E0));
#152=VECTOR('',#151,2.5E-1);
#153=CARTESIAN_POINT('',(-3.E-1,0.E0,1.125E0));
#154=LINE('',#153,#152);
#155=CURVE_STYLE('',#35,POSITIVE_LENGTH_MEASURE(2.E-2),#29);
#156=PRESENTATION_STYLE_ASSIGNMENT((#155));
#157=STYLED_ITEM('',(#156),#154);
#158=DIRECTION('',(1.E0,0.E0,0.E0));
#159=VECTOR('',#158,7.E-1);
#160=CARTESIAN_POINT('',(-1.E0,0.E0,1.125E0));
#161=LINE('',#160,#159);
#162=CURVE_STYLE('',#35,POSITIVE_LENGTH_MEASURE(2.E-2),#29);
#163=PRESENTATION_STYLE_ASSIGNMENT((#162));
#164=STYLED_ITEM('',(#163),#161);
#165=DIRECTION('',(0.E0,0.E0,1.E0));
#166=VECTOR('',#165,1.25E-1);
#167=CARTESIAN_POINT('',(-1.E0,0.E0,1.125E0));
#168=LINE('',#167,#166);
#169=CURVE_STYLE('',#35,POSITIVE_LENGTH_MEASURE(2.E-2),#29);
#170=PRESENTATION_STYLE_ASSIGNMENT((#169));
#171=STYLED_ITEM('',(#170),#168);
#172=DIRECTION('',(1.E0,0.E0,0.E0));
#173=VECTOR('',#172,2.E0);
#174=CARTESIAN_POINT('',(-1.E0,0.E0,1.25E0));
#175=LINE('',#174,#173);
#176=CURVE_STYLE('',#35,POSITIVE_LENGTH_MEASURE(2.E-2),#29);
#177=PRESENTATION_STYLE_ASSIGNMENT((#176));
#178=STYLED_ITEM('',(#177),#175);
#179=DIRECTION('',(0.E0,0.E0,-1.E0));
#180=VECTOR('',#179,1.25E-1);
#181=CARTESIAN_POINT('',(1.E0,0.E0,1.25E0));
#182=LINE('',#181,#180);
#183=CURVE_STYLE('',#35,POSITIVE_LENGTH_MEASURE(2.E-2),#29);
#184=PRESENTATION_STYLE_ASSIGNMENT((#183));
#185=STYLED_ITEM('',(#184),#182);
#186=DIRECTION('',(-1.E0,0.E0,0.E0));
#187=VECTOR('',#186,7.E-1);
#188=CARTESIAN_POINT('',(1.E0,0.E0,1.125E0));
#189=LINE('',#188,#187);
#190=CURVE_STYLE('',#35,POSITIVE_LENGTH_MEASURE(2.E-2),#29);
#191=PRESENTATION_STYLE_ASSIGNMENT((#190));
#192=STYLED_ITEM('',(#191),#189);
#193=DIRECTION('',(0.E0,0.E0,-1.E0));
#194=VECTOR('',#193,2.5E-1);
#195=CARTESIAN_POINT('',(3.E-1,0.E0,1.125E0));
#196=LINE('',#195,#194);
#197=CURVE_STYLE('',#35,POSITIVE_LENGTH_MEASURE(2.E-2),#29);
#198=PRESENTATION_STYLE_ASSIGNMENT((#197));
#199=STYLED_ITEM('',(#198),#196);
#200=DIRECTION('',(-1.E0,0.E0,0.E0));
#201=VECTOR('',#200,7.E-1);
#202=CARTESIAN_POINT('',(1.E0,0.E0,8.75E-1));
#203=LINE('',#202,#201);
#204=CURVE_STYLE('',#35,POSITIVE_LENGTH_MEASURE(2.E-2),#29);
#205=PRESENTATION_STYLE_ASSIGNMENT((#204));
#206=STYLED_ITEM('',(#205),#203);
#207=DIRECTION('',(0.E0,0.E0,-1.E0));
#208=VECTOR('',#207,2.5E-1);
#209=CARTESIAN_POINT('',(1.E0,0.E0,8.75E-1));
#210=LINE('',#209,#208);
#211=CURVE_STYLE('',#35,POSITIVE_LENGTH_MEASURE(2.E-2),#29);
#212=PRESENTATION_STYLE_ASSIGNMENT((#211));
#213=STYLED_ITEM('',(#212),#210);
#214=DIRECTION('',(-1.E0,0.E0,0.E0));
#215=VECTOR('',#214,7.E-1);
#216=CARTESIAN_POINT('',(1.E0,0.E0,6.25E-1));
#217=LINE('',#216,#215);
#218=CURVE_STYLE('',#35,POSITIVE_LENGTH_MEASURE(2.E-2),#29);
#219=PRESENTATION_STYLE_ASSIGNMENT((#218));
#220=STYLED_ITEM('',(#219),#217);
#221=DIRECTION('',(0.E0,0.E0,-1.E0));
#222=VECTOR('',#221,2.5E-1);
#223=CARTESIAN_POINT('',(3.E-1,0.E0,6.25E-1));
#224=LINE('',#223,#222);
#225=CURVE_STYLE('',#35,POSITIVE_LENGTH_MEASURE(2.E-2),#29);
#226=PRESENTATION_STYLE_ASSIGNMENT((#225));
#227=STYLED_ITEM('',(#226),#224);
#228=DIRECTION('',(-1.E0,0.E0,0.E0));
#229=VECTOR('',#228,7.E-1);
#230=CARTESIAN_POINT('',(1.E0,0.E0,3.75E-1));
#231=LINE('',#230,#229);
#232=CURVE_STYLE('',#35,POSITIVE_LENGTH_MEASURE(2.E-2),#29);
#233=PRESENTATION_STYLE_ASSIGNMENT((#232));
#234=STYLED_ITEM('',(#233),#231);
#235=DIRECTION('',(0.E0,0.E0,-1.E0));
#236=VECTOR('',#235,2.5E-1);
#237=CARTESIAN_POINT('',(1.E0,0.E0,3.75E-1));
#238=LINE('',#237,#236);
#239=CURVE_STYLE('',#35,POSITIVE_LENGTH_MEASURE(2.E-2),#29);
#240=PRESENTATION_STYLE_ASSIGNMENT((#239));
#241=STYLED_ITEM('',(#240),#238);
#242=DIRECTION('',(-1.E0,0.E0,0.E0));
#243=VECTOR('',#242,7.E-1);
#244=CARTESIAN_POINT('',(1.E0,0.E0,1.25E-1));
#245=LINE('',#244,#243);
#246=CURVE_STYLE('',#35,POSITIVE_LENGTH_MEASURE(2.E-2),#29);
#247=PRESENTATION_STYLE_ASSIGNMENT((#246));
#248=STYLED_ITEM('',(#247),#245);
#249=DIRECTION('',(0.E0,0.E0,-1.E0));
#250=VECTOR('',#249,2.5E-1);
#251=CARTESIAN_POINT('',(3.E-1,0.E0,1.25E-1));
#252=LINE('',#251,#250);
#253=CURVE_STYLE('',#35,POSITIVE_LENGTH_MEASURE(2.E-2),#29);
#254=PRESENTATION_STYLE_ASSIGNMENT((#253));
#255=STYLED_ITEM('',(#254),#252);
#256=DIRECTION('',(-1.E0,0.E0,0.E0));
#257=VECTOR('',#256,7.E-1);
#258=CARTESIAN_POINT('',(1.E0,0.E0,-1.25E-1));
#259=LINE('',#258,#257);
#260=CURVE_STYLE('',#35,POSITIVE_LENGTH_MEASURE(2.E-2),#29);
#261=PRESENTATION_STYLE_ASSIGNMENT((#260));
#262=STYLED_ITEM('',(#261),#259);
#263=DIRECTION('',(0.E0,0.E0,-1.E0));
#264=VECTOR('',#263,2.5E-1);
#265=CARTESIAN_POINT('',(1.E0,0.E0,-1.25E-1));
#266=LINE('',#265,#264);
#267=CURVE_STYLE('',#35,POSITIVE_LENGTH_MEASURE(2.E-2),#29);
#268=PRESENTATION_STYLE_ASSIGNMENT((#267));
#269=STYLED_ITEM('',(#268),#266);
#270=DIRECTION('',(-1.E0,0.E0,0.E0));
#271=VECTOR('',#270,7.E-1);
#272=CARTESIAN_POINT('',(1.E0,0.E0,-3.75E-1));
#273=LINE('',#272,#271);
#274=CURVE_STYLE('',#35,POSITIVE_LENGTH_MEASURE(2.E-2),#29);
#275=PRESENTATION_STYLE_ASSIGNMENT((#274));
#276=STYLED_ITEM('',(#275),#273);
#277=DIRECTION('',(0.E0,0.E0,-1.E0));
#278=VECTOR('',#277,2.5E-1);
#279=CARTESIAN_POINT('',(3.E-1,0.E0,-3.75E-1));
#280=LINE('',#279,#278);
#281=CURVE_STYLE('',#35,POSITIVE_LENGTH_MEASURE(2.E-2),#29);
#282=PRESENTATION_STYLE_ASSIGNMENT((#281));
#283=STYLED_ITEM('',(#282),#280);
#284=DIRECTION('',(-1.E0,0.E0,0.E0));
#285=VECTOR('',#284,7.E-1);
#286=CARTESIAN_POINT('',(1.E0,0.E0,-6.25E-1));
#287=LINE('',#286,#285);
#288=CURVE_STYLE('',#35,POSITIVE_LENGTH_MEASURE(2.E-2),#29);
#289=PRESENTATION_STYLE_ASSIGNMENT((#288));
#290=STYLED_ITEM('',(#289),#287);
#291=DIRECTION('',(0.E0,0.E0,-1.E0));
#292=VECTOR('',#291,2.5E-1);
#293=CARTESIAN_POINT('',(1.E0,0.E0,-6.25E-1));
#294=LINE('',#293,#292);
#295=CURVE_STYLE('',#35,POSITIVE_LENGTH_MEASURE(2.E-2),#29);
#296=PRESENTATION_STYLE_ASSIGNMENT((#295));
#297=STYLED_ITEM('',(#296),#294);
#298=DIRECTION('',(-1.E0,0.E0,0.E0));
#299=VECTOR('',#298,7.E-1);
#300=CARTESIAN_POINT('',(1.E0,0.E0,-8.75E-1));
#301=LINE('',#300,#299);
#302=CURVE_STYLE('',#35,POSITIVE_LENGTH_MEASURE(2.E-2),#29);
#303=PRESENTATION_STYLE_ASSIGNMENT((#302));
#304=STYLED_ITEM('',(#303),#301);
#305=DIRECTION('',(0.E0,0.E0,-1.E0));
#306=VECTOR('',#305,2.5E-1);
#307=CARTESIAN_POINT('',(3.E-1,0.E0,-8.75E-1));
#308=LINE('',#307,#306);
#309=CURVE_STYLE('',#35,POSITIVE_LENGTH_MEASURE(2.E-2),#29);
#310=PRESENTATION_STYLE_ASSIGNMENT((#309));
#311=STYLED_ITEM('',(#310),#308);
#312=DIRECTION('',(-1.E0,0.E0,0.E0));
#313=VECTOR('',#312,7.E-1);
#314=CARTESIAN_POINT('',(1.E0,0.E0,-1.125E0));
#315=LINE('',#314,#313);
#316=CURVE_STYLE('',#35,POSITIVE_LENGTH_MEASURE(2.E-2),#29);
#317=PRESENTATION_STYLE_ASSIGNMENT((#316));
#318=STYLED_ITEM('',(#317),#315);
#319=DIRECTION('',(0.E0,0.E0,-1.E0));
#320=VECTOR('',#319,1.25E-1);
#321=CARTESIAN_POINT('',(1.E0,0.E0,-1.125E0));
#322=LINE('',#321,#320);
#323=CURVE_STYLE('',#35,POSITIVE_LENGTH_MEASURE(2.E-2),#29);
#324=PRESENTATION_STYLE_ASSIGNMENT((#323));
#325=STYLED_ITEM('',(#324),#322);
#326=DIRECTION('',(-1.E0,0.E0,0.E0));
#327=VECTOR('',#326,2.E0);
#328=CARTESIAN_POINT('',(1.E0,0.E0,-1.25E0));
#329=LINE('',#328,#327);
#330=CURVE_STYLE('',#35,POSITIVE_LENGTH_MEASURE(2.E-2),#29);
#331=PRESENTATION_STYLE_ASSIGNMENT((#330));
#332=STYLED_ITEM('',(#331),#329);
#333=DIRECTION('',(0.E0,0.E0,1.E0));
#334=VECTOR('',#333,1.25E-1);
#335=CARTESIAN_POINT('',(-1.E0,0.E0,-1.25E0));
#336=LINE('',#335,#334);
#337=CURVE_STYLE('',#35,POSITIVE_LENGTH_MEASURE(2.E-2),#29);
#338=PRESENTATION_STYLE_ASSIGNMENT((#337));
#339=STYLED_ITEM('',(#338),#336);
#340=DIRECTION('',(0.E0,-1.E0,0.E0));
#341=VECTOR('',#340,3.E-2);
#342=CARTESIAN_POINT('',(-3.625E-1,3.E-2,-1.125E0));
#343=LINE('',#342,#341);
#344=CURVE_STYLE('',#35,POSITIVE_LENGTH_MEASURE(2.E-2),#29);
#345=PRESENTATION_STYLE_ASSIGNMENT((#344));
#346=STYLED_ITEM('',(#345),#343);
#347=DIRECTION('',(7.071067811865E-1,0.E0,7.071067811865E-1));
#348=VECTOR('',#347,8.838834764832E-2);
#349=CARTESIAN_POINT('',(-3.625E-1,3.E-2,-1.125E0));
#350=LINE('',#349,#348);
#351=CURVE_STYLE('',#35,POSITIVE_LENGTH_MEASURE(2.E-2),#29);
#352=PRESENTATION_STYLE_ASSIGNMENT((#351));
#353=STYLED_ITEM('',(#352),#350);
#354=DIRECTION('',(-7.071067811865E-1,0.E0,-7.071067811865E-1));
#355=VECTOR('',#354,8.838834764832E-2);
#356=CARTESIAN_POINT('',(-3.E-1,0.E0,-1.0625E0));
#357=LINE('',#356,#355);
#358=CURVE_STYLE('',#35,POSITIVE_LENGTH_MEASURE(2.E-2),#29);
#359=PRESENTATION_STYLE_ASSIGNMENT((#358));
#360=STYLED_ITEM('',(#359),#357);
#361=DIRECTION('',(0.E0,0.E0,-1.E0));
#362=VECTOR('',#361,1.875E-1);
#363=CARTESIAN_POINT('',(-3.E-1,3.E-2,-8.75E-1));
#364=LINE('',#363,#362);
#365=CURVE_STYLE('',#35,POSITIVE_LENGTH_MEASURE(2.E-2),#29);
#366=PRESENTATION_STYLE_ASSIGNMENT((#365));
#367=STYLED_ITEM('',(#366),#364);
#368=DIRECTION('',(1.E0,0.E0,0.E0));
#369=VECTOR('',#368,6.375E-1);
#370=CARTESIAN_POINT('',(-1.E0,3.E-2,-1.125E0));
#371=LINE('',#370,#369);
#372=CURVE_STYLE('',#35,POSITIVE_LENGTH_MEASURE(2.E-2),#29);
#373=PRESENTATION_STYLE_ASSIGNMENT((#372));
#374=STYLED_ITEM('',(#373),#371);
#375=DIRECTION('',(0.E0,0.E0,1.E0));
#376=VECTOR('',#375,1.25E-1);
#377=CARTESIAN_POINT('',(-1.E0,3.E-2,-1.25E0));
#378=LINE('',#377,#376);
#379=CURVE_STYLE('',#35,POSITIVE_LENGTH_MEASURE(2.E-2),#29);
#380=PRESENTATION_STYLE_ASSIGNMENT((#379));
#381=STYLED_ITEM('',(#380),#378);
#382=DIRECTION('',(-1.E0,0.E0,0.E0));
#383=VECTOR('',#382,2.E0);
#384=CARTESIAN_POINT('',(1.E0,3.E-2,-1.25E0));
#385=LINE('',#384,#383);
#386=CURVE_STYLE('',#35,POSITIVE_LENGTH_MEASURE(2.E-2),#29);
#387=PRESENTATION_STYLE_ASSIGNMENT((#386));
#388=STYLED_ITEM('',(#387),#385);
#389=DIRECTION('',(0.E0,0.E0,-1.E0));
#390=VECTOR('',#389,1.25E-1);
#391=CARTESIAN_POINT('',(1.E0,3.E-2,-1.125E0));
#392=LINE('',#391,#390);
#393=CURVE_STYLE('',#35,POSITIVE_LENGTH_MEASURE(2.E-2),#29);
#394=PRESENTATION_STYLE_ASSIGNMENT((#393));
#395=STYLED_ITEM('',(#394),#392);
#396=DIRECTION('',(-1.E0,0.E0,0.E0));
#397=VECTOR('',#396,7.E-1);
#398=CARTESIAN_POINT('',(1.E0,3.E-2,-1.125E0));
#399=LINE('',#398,#397);
#400=CURVE_STYLE('',#35,POSITIVE_LENGTH_MEASURE(2.E-2),#29);
#401=PRESENTATION_STYLE_ASSIGNMENT((#400));
#402=STYLED_ITEM('',(#401),#399);
#403=DIRECTION('',(0.E0,0.E0,-1.E0));
#404=VECTOR('',#403,2.5E-1);
#405=CARTESIAN_POINT('',(3.E-1,3.E-2,-8.75E-1));
#406=LINE('',#405,#404);
#407=CURVE_STYLE('',#35,POSITIVE_LENGTH_MEASURE(2.E-2),#29);
#408=PRESENTATION_STYLE_ASSIGNMENT((#407));
#409=STYLED_ITEM('',(#408),#406);
#410=DIRECTION('',(-1.E0,0.E0,0.E0));
#411=VECTOR('',#410,7.E-1);
#412=CARTESIAN_POINT('',(1.E0,3.E-2,-8.75E-1));
#413=LINE('',#412,#411);
#414=CURVE_STYLE('',#35,POSITIVE_LENGTH_MEASURE(2.E-2),#29);
#415=PRESENTATION_STYLE_ASSIGNMENT((#414));
#416=STYLED_ITEM('',(#415),#413);
#417=DIRECTION('',(0.E0,0.E0,-1.E0));
#418=VECTOR('',#417,2.5E-1);
#419=CARTESIAN_POINT('',(1.E0,3.E-2,-6.25E-1));
#420=LINE('',#419,#418);
#421=CURVE_STYLE('',#35,POSITIVE_LENGTH_MEASURE(2.E-2),#29);
#422=PRESENTATION_STYLE_ASSIGNMENT((#421));
#423=STYLED_ITEM('',(#422),#420);
#424=DIRECTION('',(-1.E0,0.E0,0.E0));
#425=VECTOR('',#424,7.E-1);
#426=CARTESIAN_POINT('',(1.E0,3.E-2,-6.25E-1));
#427=LINE('',#426,#425);
#428=CURVE_STYLE('',#35,POSITIVE_LENGTH_MEASURE(2.E-2),#29);
#429=PRESENTATION_STYLE_ASSIGNMENT((#428));
#430=STYLED_ITEM('',(#429),#427);
#431=DIRECTION('',(0.E0,0.E0,-1.E0));
#432=VECTOR('',#431,2.5E-1);
#433=CARTESIAN_POINT('',(3.E-1,3.E-2,-3.75E-1));
#434=LINE('',#433,#432);
#435=CURVE_STYLE('',#35,POSITIVE_LENGTH_MEASURE(2.E-2),#29);
#436=PRESENTATION_STYLE_ASSIGNMENT((#435));
#437=STYLED_ITEM('',(#436),#434);
#438=DIRECTION('',(-1.E0,0.E0,0.E0));
#439=VECTOR('',#438,7.E-1);
#440=CARTESIAN_POINT('',(1.E0,3.E-2,-3.75E-1));
#441=LINE('',#440,#439);
#442=CURVE_STYLE('',#35,POSITIVE_LENGTH_MEASURE(2.E-2),#29);
#443=PRESENTATION_STYLE_ASSIGNMENT((#442));
#444=STYLED_ITEM('',(#443),#441);
#445=DIRECTION('',(0.E0,0.E0,-1.E0));
#446=VECTOR('',#445,2.5E-1);
#447=CARTESIAN_POINT('',(1.E0,3.E-2,-1.25E-1));
#448=LINE('',#447,#446);
#449=CURVE_STYLE('',#35,POSITIVE_LENGTH_MEASURE(2.E-2),#29);
#450=PRESENTATION_STYLE_ASSIGNMENT((#449));
#451=STYLED_ITEM('',(#450),#448);
#452=DIRECTION('',(-1.E0,0.E0,0.E0));
#453=VECTOR('',#452,7.E-1);
#454=CARTESIAN_POINT('',(1.E0,3.E-2,-1.25E-1));
#455=LINE('',#454,#453);
#456=CURVE_STYLE('',#35,POSITIVE_LENGTH_MEASURE(2.E-2),#29);
#457=PRESENTATION_STYLE_ASSIGNMENT((#456));
#458=STYLED_ITEM('',(#457),#455);
#459=DIRECTION('',(0.E0,0.E0,-1.E0));
#460=VECTOR('',#459,2.5E-1);
#461=CARTESIAN_POINT('',(3.E-1,3.E-2,1.25E-1));
#462=LINE('',#461,#460);
#463=CURVE_STYLE('',#35,POSITIVE_LENGTH_MEASURE(2.E-2),#29);
#464=PRESENTATION_STYLE_ASSIGNMENT((#463));
#465=STYLED_ITEM('',(#464),#462);
#466=DIRECTION('',(-1.E0,0.E0,0.E0));
#467=VECTOR('',#466,7.E-1);
#468=CARTESIAN_POINT('',(1.E0,3.E-2,1.25E-1));
#469=LINE('',#468,#467);
#470=CURVE_STYLE('',#35,POSITIVE_LENGTH_MEASURE(2.E-2),#29);
#471=PRESENTATION_STYLE_ASSIGNMENT((#470));
#472=STYLED_ITEM('',(#471),#469);
#473=DIRECTION('',(0.E0,0.E0,-1.E0));
#474=VECTOR('',#473,2.5E-1);
#475=CARTESIAN_POINT('',(1.E0,3.E-2,3.75E-1));
#476=LINE('',#475,#474);
#477=CURVE_STYLE('',#35,POSITIVE_LENGTH_MEASURE(2.E-2),#29);
#478=PRESENTATION_STYLE_ASSIGNMENT((#477));
#479=STYLED_ITEM('',(#478),#476);
#480=DIRECTION('',(-1.E0,0.E0,0.E0));
#481=VECTOR('',#480,7.E-1);
#482=CARTESIAN_POINT('',(1.E0,3.E-2,3.75E-1));
#483=LINE('',#482,#481);
#484=CURVE_STYLE('',#35,POSITIVE_LENGTH_MEASURE(2.E-2),#29);
#485=PRESENTATION_STYLE_ASSIGNMENT((#484));
#486=STYLED_ITEM('',(#485),#483);
#487=DIRECTION('',(0.E0,0.E0,-1.E0));
#488=VECTOR('',#487,2.5E-1);
#489=CARTESIAN_POINT('',(3.E-1,3.E-2,6.25E-1));
#490=LINE('',#489,#488);
#491=CURVE_STYLE('',#35,POSITIVE_LENGTH_MEASURE(2.E-2),#29);
#492=PRESENTATION_STYLE_ASSIGNMENT((#491));
#493=STYLED_ITEM('',(#492),#490);
#494=DIRECTION('',(-1.E0,0.E0,0.E0));
#495=VECTOR('',#494,7.E-1);
#496=CARTESIAN_POINT('',(1.E0,3.E-2,6.25E-1));
#497=LINE('',#496,#495);
#498=CURVE_STYLE('',#35,POSITIVE_LENGTH_MEASURE(2.E-2),#29);
#499=PRESENTATION_STYLE_ASSIGNMENT((#498));
#500=STYLED_ITEM('',(#499),#497);
#501=DIRECTION('',(0.E0,0.E0,-1.E0));
#502=VECTOR('',#501,2.5E-1);
#503=CARTESIAN_POINT('',(1.E0,3.E-2,8.75E-1));
#504=LINE('',#503,#502);
#505=CURVE_STYLE('',#35,POSITIVE_LENGTH_MEASURE(2.E-2),#29);
#506=PRESENTATION_STYLE_ASSIGNMENT((#505));
#507=STYLED_ITEM('',(#506),#504);
#508=DIRECTION('',(-1.E0,0.E0,0.E0));
#509=VECTOR('',#508,7.E-1);
#510=CARTESIAN_POINT('',(1.E0,3.E-2,8.75E-1));
#511=LINE('',#510,#509);
#512=CURVE_STYLE('',#35,POSITIVE_LENGTH_MEASURE(2.E-2),#29);
#513=PRESENTATION_STYLE_ASSIGNMENT((#512));
#514=STYLED_ITEM('',(#513),#511);
#515=DIRECTION('',(0.E0,0.E0,-1.E0));
#516=VECTOR('',#515,2.5E-1);
#517=CARTESIAN_POINT('',(3.E-1,3.E-2,1.125E0));
#518=LINE('',#517,#516);
#519=CURVE_STYLE('',#35,POSITIVE_LENGTH_MEASURE(2.E-2),#29);
#520=PRESENTATION_STYLE_ASSIGNMENT((#519));
#521=STYLED_ITEM('',(#520),#518);
#522=DIRECTION('',(-1.E0,0.E0,0.E0));
#523=VECTOR('',#522,7.E-1);
#524=CARTESIAN_POINT('',(1.E0,3.E-2,1.125E0));
#525=LINE('',#524,#523);
#526=CURVE_STYLE('',#35,POSITIVE_LENGTH_MEASURE(2.E-2),#29);
#527=PRESENTATION_STYLE_ASSIGNMENT((#526));
#528=STYLED_ITEM('',(#527),#525);
#529=DIRECTION('',(0.E0,0.E0,-1.E0));
#530=VECTOR('',#529,1.25E-1);
#531=CARTESIAN_POINT('',(1.E0,3.E-2,1.25E0));
#532=LINE('',#531,#530);
#533=CURVE_STYLE('',#35,POSITIVE_LENGTH_MEASURE(2.E-2),#29);
#534=PRESENTATION_STYLE_ASSIGNMENT((#533));
#535=STYLED_ITEM('',(#534),#532);
#536=DIRECTION('',(1.E0,0.E0,0.E0));
#537=VECTOR('',#536,2.E0);
#538=CARTESIAN_POINT('',(-1.E0,3.E-2,1.25E0));
#539=LINE('',#538,#537);
#540=CURVE_STYLE('',#35,POSITIVE_LENGTH_MEASURE(2.E-2),#29);
#541=PRESENTATION_STYLE_ASSIGNMENT((#540));
#542=STYLED_ITEM('',(#541),#539);
#543=DIRECTION('',(0.E0,0.E0,1.E0));
#544=VECTOR('',#543,1.25E-1);
#545=CARTESIAN_POINT('',(-1.E0,3.E-2,1.125E0));
#546=LINE('',#545,#544);
#547=CURVE_STYLE('',#35,POSITIVE_LENGTH_MEASURE(2.E-2),#29);
#548=PRESENTATION_STYLE_ASSIGNMENT((#547));
#549=STYLED_ITEM('',(#548),#546);
#550=DIRECTION('',(1.E0,0.E0,0.E0));
#551=VECTOR('',#550,7.E-1);
#552=CARTESIAN_POINT('',(-1.E0,3.E-2,1.125E0));
#553=LINE('',#552,#551);
#554=CURVE_STYLE('',#35,POSITIVE_LENGTH_MEASURE(2.E-2),#29);
#555=PRESENTATION_STYLE_ASSIGNMENT((#554));
#556=STYLED_ITEM('',(#555),#553);
#557=DIRECTION('',(0.E0,0.E0,-1.E0));
#558=VECTOR('',#557,2.5E-1);
#559=CARTESIAN_POINT('',(-3.E-1,3.E-2,1.125E0));
#560=LINE('',#559,#558);
#561=CURVE_STYLE('',#35,POSITIVE_LENGTH_MEASURE(2.E-2),#29);
#562=PRESENTATION_STYLE_ASSIGNMENT((#561));
#563=STYLED_ITEM('',(#562),#560);
#564=DIRECTION('',(1.E0,0.E0,0.E0));
#565=VECTOR('',#564,7.E-1);
#566=CARTESIAN_POINT('',(-1.E0,3.E-2,8.75E-1));
#567=LINE('',#566,#565);
#568=CURVE_STYLE('',#35,POSITIVE_LENGTH_MEASURE(2.E-2),#29);
#569=PRESENTATION_STYLE_ASSIGNMENT((#568));
#570=STYLED_ITEM('',(#569),#567);
#571=DIRECTION('',(0.E0,0.E0,1.E0));
#572=VECTOR('',#571,2.5E-1);
#573=CARTESIAN_POINT('',(-1.E0,3.E-2,6.25E-1));
#574=LINE('',#573,#572);
#575=CURVE_STYLE('',#35,POSITIVE_LENGTH_MEASURE(2.E-2),#29);
#576=PRESENTATION_STYLE_ASSIGNMENT((#575));
#577=STYLED_ITEM('',(#576),#574);
#578=DIRECTION('',(1.E0,0.E0,0.E0));
#579=VECTOR('',#578,7.E-1);
#580=CARTESIAN_POINT('',(-1.E0,3.E-2,6.25E-1));
#581=LINE('',#580,#579);
#582=CURVE_STYLE('',#35,POSITIVE_LENGTH_MEASURE(2.E-2),#29);
#583=PRESENTATION_STYLE_ASSIGNMENT((#582));
#584=STYLED_ITEM('',(#583),#581);
#585=DIRECTION('',(0.E0,0.E0,-1.E0));
#586=VECTOR('',#585,2.5E-1);
#587=CARTESIAN_POINT('',(-3.E-1,3.E-2,6.25E-1));
#588=LINE('',#587,#586);
#589=CURVE_STYLE('',#35,POSITIVE_LENGTH_MEASURE(2.E-2),#29);
#590=PRESENTATION_STYLE_ASSIGNMENT((#589));
#591=STYLED_ITEM('',(#590),#588);
#592=DIRECTION('',(1.E0,0.E0,0.E0));
#593=VECTOR('',#592,7.E-1);
#594=CARTESIAN_POINT('',(-1.E0,3.E-2,3.75E-1));
#595=LINE('',#594,#593);
#596=CURVE_STYLE('',#35,POSITIVE_LENGTH_MEASURE(2.E-2),#29);
#597=PRESENTATION_STYLE_ASSIGNMENT((#596));
#598=STYLED_ITEM('',(#597),#595);
#599=DIRECTION('',(0.E0,0.E0,1.E0));
#600=VECTOR('',#599,2.5E-1);
#601=CARTESIAN_POINT('',(-1.E0,3.E-2,1.25E-1));
#602=LINE('',#601,#600);
#603=CURVE_STYLE('',#35,POSITIVE_LENGTH_MEASURE(2.E-2),#29);
#604=PRESENTATION_STYLE_ASSIGNMENT((#603));
#605=STYLED_ITEM('',(#604),#602);
#606=DIRECTION('',(1.E0,0.E0,0.E0));
#607=VECTOR('',#606,7.E-1);
#608=CARTESIAN_POINT('',(-1.E0,3.E-2,1.25E-1));
#609=LINE('',#608,#607);
#610=CURVE_STYLE('',#35,POSITIVE_LENGTH_MEASURE(2.E-2),#29);
#611=PRESENTATION_STYLE_ASSIGNMENT((#610));
#612=STYLED_ITEM('',(#611),#609);
#613=DIRECTION('',(0.E0,0.E0,-1.E0));
#614=VECTOR('',#613,2.5E-1);
#615=CARTESIAN_POINT('',(-3.E-1,3.E-2,1.25E-1));
#616=LINE('',#615,#614);
#617=CURVE_STYLE('',#35,POSITIVE_LENGTH_MEASURE(2.E-2),#29);
#618=PRESENTATION_STYLE_ASSIGNMENT((#617));
#619=STYLED_ITEM('',(#618),#616);
#620=DIRECTION('',(1.E0,0.E0,0.E0));
#621=VECTOR('',#620,7.E-1);
#622=CARTESIAN_POINT('',(-1.E0,3.E-2,-1.25E-1));
#623=LINE('',#622,#621);
#624=CURVE_STYLE('',#35,POSITIVE_LENGTH_MEASURE(2.E-2),#29);
#625=PRESENTATION_STYLE_ASSIGNMENT((#624));
#626=STYLED_ITEM('',(#625),#623);
#627=DIRECTION('',(0.E0,0.E0,1.E0));
#628=VECTOR('',#627,2.5E-1);
#629=CARTESIAN_POINT('',(-1.E0,3.E-2,-3.75E-1));
#630=LINE('',#629,#628);
#631=CURVE_STYLE('',#35,POSITIVE_LENGTH_MEASURE(2.E-2),#29);
#632=PRESENTATION_STYLE_ASSIGNMENT((#631));
#633=STYLED_ITEM('',(#632),#630);
#634=DIRECTION('',(1.E0,0.E0,0.E0));
#635=VECTOR('',#634,7.E-1);
#636=CARTESIAN_POINT('',(-1.E0,3.E-2,-3.75E-1));
#637=LINE('',#636,#635);
#638=CURVE_STYLE('',#35,POSITIVE_LENGTH_MEASURE(2.E-2),#29);
#639=PRESENTATION_STYLE_ASSIGNMENT((#638));
#640=STYLED_ITEM('',(#639),#637);
#641=DIRECTION('',(0.E0,0.E0,-1.E0));
#642=VECTOR('',#641,2.5E-1);
#643=CARTESIAN_POINT('',(-3.E-1,3.E-2,-3.75E-1));
#644=LINE('',#643,#642);
#645=CURVE_STYLE('',#35,POSITIVE_LENGTH_MEASURE(2.E-2),#29);
#646=PRESENTATION_STYLE_ASSIGNMENT((#645));
#647=STYLED_ITEM('',(#646),#644);
#648=DIRECTION('',(1.E0,0.E0,0.E0));
#649=VECTOR('',#648,7.E-1);
#650=CARTESIAN_POINT('',(-1.E0,3.E-2,-6.25E-1));
#651=LINE('',#650,#649);
#652=CURVE_STYLE('',#35,POSITIVE_LENGTH_MEASURE(2.E-2),#29);
#653=PRESENTATION_STYLE_ASSIGNMENT((#652));
#654=STYLED_ITEM('',(#653),#651);
#655=DIRECTION('',(0.E0,0.E0,1.E0));
#656=VECTOR('',#655,2.5E-1);
#657=CARTESIAN_POINT('',(-1.E0,3.E-2,-8.75E-1));
#658=LINE('',#657,#656);
#659=CURVE_STYLE('',#35,POSITIVE_LENGTH_MEASURE(2.E-2),#29);
#660=PRESENTATION_STYLE_ASSIGNMENT((#659));
#661=STYLED_ITEM('',(#660),#658);
#662=DIRECTION('',(1.E0,0.E0,0.E0));
#663=VECTOR('',#662,7.E-1);
#664=CARTESIAN_POINT('',(-1.E0,3.E-2,-8.75E-1));
#665=LINE('',#664,#663);
#666=CURVE_STYLE('',#35,POSITIVE_LENGTH_MEASURE(2.E-2),#29);
#667=PRESENTATION_STYLE_ASSIGNMENT((#666));
#668=STYLED_ITEM('',(#667),#665);
#669=DIRECTION('',(0.E0,-1.E0,0.E0));
#670=VECTOR('',#669,3.E-2);
#671=CARTESIAN_POINT('',(-3.E-1,3.E-2,-1.0625E0));
#672=LINE('',#671,#670);
#673=CURVE_STYLE('',#35,POSITIVE_LENGTH_MEASURE(2.E-2),#29);
#674=PRESENTATION_STYLE_ASSIGNMENT((#673));
#675=STYLED_ITEM('',(#674),#672);
#676=DIRECTION('',(0.E0,1.E0,0.E0));
#677=VECTOR('',#676,3.E-2);
#678=CARTESIAN_POINT('',(-3.E-1,0.E0,-8.75E-1));
#679=LINE('',#678,#677);
#680=CURVE_STYLE('',#35,POSITIVE_LENGTH_MEASURE(2.E-2),#29);
#681=PRESENTATION_STYLE_ASSIGNMENT((#680));
#682=STYLED_ITEM('',(#681),#679);
#683=DIRECTION('',(0.E0,1.E0,0.E0));
#684=VECTOR('',#683,3.E-2);
#685=CARTESIAN_POINT('',(-1.E0,0.E0,-1.125E0));
#686=LINE('',#685,#684);
#687=CURVE_STYLE('',#35,POSITIVE_LENGTH_MEASURE(2.E-2),#29);
#688=PRESENTATION_STYLE_ASSIGNMENT((#687));
#689=STYLED_ITEM('',(#688),#686);
#690=DIRECTION('',(0.E0,1.E0,0.E0));
#691=VECTOR('',#690,3.E-2);
#692=CARTESIAN_POINT('',(-1.E0,0.E0,-1.25E0));
#693=LINE('',#692,#691);
#694=CURVE_STYLE('',#35,POSITIVE_LENGTH_MEASURE(2.E-2),#29);
#695=PRESENTATION_STYLE_ASSIGNMENT((#694));
#696=STYLED_ITEM('',(#695),#693);
#697=DIRECTION('',(0.E0,1.E0,0.E0));
#698=VECTOR('',#697,3.E-2);
#699=CARTESIAN_POINT('',(-1.E0,0.E0,-6.25E-1));
#700=LINE('',#699,#698);
#701=CURVE_STYLE('',#35,POSITIVE_LENGTH_MEASURE(2.E-2),#29);
#702=PRESENTATION_STYLE_ASSIGNMENT((#701));
#703=STYLED_ITEM('',(#702),#700);
#704=DIRECTION('',(0.E0,1.E0,0.E0));
#705=VECTOR('',#704,3.E-2);
#706=CARTESIAN_POINT('',(-1.E0,0.E0,-8.75E-1));
#707=LINE('',#706,#705);
#708=CURVE_STYLE('',#35,POSITIVE_LENGTH_MEASURE(2.E-2),#29);
#709=PRESENTATION_STYLE_ASSIGNMENT((#708));
#710=STYLED_ITEM('',(#709),#707);
#711=DIRECTION('',(0.E0,1.E0,0.E0));
#712=VECTOR('',#711,3.E-2);
#713=CARTESIAN_POINT('',(-1.E0,0.E0,-1.25E-1));
#714=LINE('',#713,#712);
#715=CURVE_STYLE('',#35,POSITIVE_LENGTH_MEASURE(2.E-2),#29);
#716=PRESENTATION_STYLE_ASSIGNMENT((#715));
#717=STYLED_ITEM('',(#716),#714);
#718=DIRECTION('',(0.E0,1.E0,0.E0));
#719=VECTOR('',#718,3.E-2);
#720=CARTESIAN_POINT('',(-1.E0,0.E0,-3.75E-1));
#721=LINE('',#720,#719);
#722=CURVE_STYLE('',#35,POSITIVE_LENGTH_MEASURE(2.E-2),#29);
#723=PRESENTATION_STYLE_ASSIGNMENT((#722));
#724=STYLED_ITEM('',(#723),#721);
#725=DIRECTION('',(0.E0,1.E0,0.E0));
#726=VECTOR('',#725,3.E-2);
#727=CARTESIAN_POINT('',(-1.E0,0.E0,3.75E-1));
#728=LINE('',#727,#726);
#729=CURVE_STYLE('',#35,POSITIVE_LENGTH_MEASURE(2.E-2),#29);
#730=PRESENTATION_STYLE_ASSIGNMENT((#729));
#731=STYLED_ITEM('',(#730),#728);
#732=DIRECTION('',(0.E0,1.E0,0.E0));
#733=VECTOR('',#732,3.E-2);
#734=CARTESIAN_POINT('',(-1.E0,0.E0,1.25E-1));
#735=LINE('',#734,#733);
#736=CURVE_STYLE('',#35,POSITIVE_LENGTH_MEASURE(2.E-2),#29);
#737=PRESENTATION_STYLE_ASSIGNMENT((#736));
#738=STYLED_ITEM('',(#737),#735);
#739=DIRECTION('',(0.E0,1.E0,0.E0));
#740=VECTOR('',#739,3.E-2);
#741=CARTESIAN_POINT('',(-1.E0,0.E0,1.125E0));
#742=LINE('',#741,#740);
#743=CURVE_STYLE('',#35,POSITIVE_LENGTH_MEASURE(2.E-2),#29);
#744=PRESENTATION_STYLE_ASSIGNMENT((#743));
#745=STYLED_ITEM('',(#744),#742);
#746=DIRECTION('',(0.E0,1.E0,0.E0));
#747=VECTOR('',#746,3.E-2);
#748=CARTESIAN_POINT('',(-1.E0,0.E0,8.75E-1));
#749=LINE('',#748,#747);
#750=CURVE_STYLE('',#35,POSITIVE_LENGTH_MEASURE(2.E-2),#29);
#751=PRESENTATION_STYLE_ASSIGNMENT((#750));
#752=STYLED_ITEM('',(#751),#749);
#753=DIRECTION('',(0.E0,1.E0,0.E0));
#754=VECTOR('',#753,3.E-2);
#755=CARTESIAN_POINT('',(-1.E0,0.E0,6.25E-1));
#756=LINE('',#755,#754);
#757=CURVE_STYLE('',#35,POSITIVE_LENGTH_MEASURE(2.E-2),#29);
#758=PRESENTATION_STYLE_ASSIGNMENT((#757));
#759=STYLED_ITEM('',(#758),#756);
#760=DIRECTION('',(0.E0,1.E0,0.E0));
#761=VECTOR('',#760,3.E-2);
#762=CARTESIAN_POINT('',(1.E0,0.E0,-1.25E0));
#763=LINE('',#762,#761);
#764=CURVE_STYLE('',#35,POSITIVE_LENGTH_MEASURE(2.E-2),#29);
#765=PRESENTATION_STYLE_ASSIGNMENT((#764));
#766=STYLED_ITEM('',(#765),#763);
#767=DIRECTION('',(0.E0,1.E0,0.E0));
#768=VECTOR('',#767,3.E-2);
#769=CARTESIAN_POINT('',(1.E0,0.E0,-1.125E0));
#770=LINE('',#769,#768);
#771=CURVE_STYLE('',#35,POSITIVE_LENGTH_MEASURE(2.E-2),#29);
#772=PRESENTATION_STYLE_ASSIGNMENT((#771));
#773=STYLED_ITEM('',(#772),#770);
#774=DIRECTION('',(0.E0,1.E0,0.E0));
#775=VECTOR('',#774,3.E-2);
#776=CARTESIAN_POINT('',(1.E0,0.E0,-6.25E-1));
#777=LINE('',#776,#775);
#778=CURVE_STYLE('',#35,POSITIVE_LENGTH_MEASURE(2.E-2),#29);
#779=PRESENTATION_STYLE_ASSIGNMENT((#778));
#780=STYLED_ITEM('',(#779),#777);
#781=DIRECTION('',(0.E0,1.E0,0.E0));
#782=VECTOR('',#781,3.E-2);
#783=CARTESIAN_POINT('',(1.E0,0.E0,-8.75E-1));
#784=LINE('',#783,#782);
#785=CURVE_STYLE('',#35,POSITIVE_LENGTH_MEASURE(2.E-2),#29);
#786=PRESENTATION_STYLE_ASSIGNMENT((#785));
#787=STYLED_ITEM('',(#786),#784);
#788=DIRECTION('',(0.E0,1.E0,0.E0));
#789=VECTOR('',#788,3.E-2);
#790=CARTESIAN_POINT('',(1.E0,0.E0,-1.25E-1));
#791=LINE('',#790,#789);
#792=CURVE_STYLE('',#35,POSITIVE_LENGTH_MEASURE(2.E-2),#29);
#793=PRESENTATION_STYLE_ASSIGNMENT((#792));
#794=STYLED_ITEM('',(#793),#791);
#795=DIRECTION('',(0.E0,1.E0,0.E0));
#796=VECTOR('',#795,3.E-2);
#797=CARTESIAN_POINT('',(1.E0,0.E0,-3.75E-1));
#798=LINE('',#797,#796);
#799=CURVE_STYLE('',#35,POSITIVE_LENGTH_MEASURE(2.E-2),#29);
#800=PRESENTATION_STYLE_ASSIGNMENT((#799));
#801=STYLED_ITEM('',(#800),#798);
#802=DIRECTION('',(0.E0,1.E0,0.E0));
#803=VECTOR('',#802,3.E-2);
#804=CARTESIAN_POINT('',(1.E0,0.E0,3.75E-1));
#805=LINE('',#804,#803);
#806=CURVE_STYLE('',#35,POSITIVE_LENGTH_MEASURE(2.E-2),#29);
#807=PRESENTATION_STYLE_ASSIGNMENT((#806));
#808=STYLED_ITEM('',(#807),#805);
#809=DIRECTION('',(0.E0,1.E0,0.E0));
#810=VECTOR('',#809,3.E-2);
#811=CARTESIAN_POINT('',(1.E0,0.E0,1.25E-1));
#812=LINE('',#811,#810);
#813=CURVE_STYLE('',#35,POSITIVE_LENGTH_MEASURE(2.E-2),#29);
#814=PRESENTATION_STYLE_ASSIGNMENT((#813));
#815=STYLED_ITEM('',(#814),#812);
#816=DIRECTION('',(0.E0,1.E0,0.E0));
#817=VECTOR('',#816,3.E-2);
#818=CARTESIAN_POINT('',(1.E0,0.E0,1.125E0));
#819=LINE('',#818,#817);
#820=CURVE_STYLE('',#35,POSITIVE_LENGTH_MEASURE(2.E-2),#29);
#821=PRESENTATION_STYLE_ASSIGNMENT((#820));
#822=STYLED_ITEM('',(#821),#819);
#823=DIRECTION('',(0.E0,1.E0,0.E0));
#824=VECTOR('',#823,3.E-2);
#825=CARTESIAN_POINT('',(1.E0,0.E0,1.25E0));
#826=LINE('',#825,#824);
#827=CURVE_STYLE('',#35,POSITIVE_LENGTH_MEASURE(2.E-2),#29);
#828=PRESENTATION_STYLE_ASSIGNMENT((#827));
#829=STYLED_ITEM('',(#828),#826);
#830=DIRECTION('',(0.E0,1.E0,0.E0));
#831=VECTOR('',#830,3.E-2);
#832=CARTESIAN_POINT('',(1.E0,0.E0,8.75E-1));
#833=LINE('',#832,#831);
#834=CURVE_STYLE('',#35,POSITIVE_LENGTH_MEASURE(2.E-2),#29);
#835=PRESENTATION_STYLE_ASSIGNMENT((#834));
#836=STYLED_ITEM('',(#835),#833);
#837=DIRECTION('',(0.E0,1.E0,0.E0));
#838=VECTOR('',#837,3.E-2);
#839=CARTESIAN_POINT('',(1.E0,0.E0,6.25E-1));
#840=LINE('',#839,#838);
#841=CURVE_STYLE('',#35,POSITIVE_LENGTH_MEASURE(2.E-2),#29);
#842=PRESENTATION_STYLE_ASSIGNMENT((#841));
#843=STYLED_ITEM('',(#842),#840);
#844=DIRECTION('',(0.E0,1.E0,0.E0));
#845=VECTOR('',#844,3.E-2);
#846=CARTESIAN_POINT('',(3.E-1,0.E0,-1.125E0));
#847=LINE('',#846,#845);
#848=CURVE_STYLE('',#35,POSITIVE_LENGTH_MEASURE(2.E-2),#29);
#849=PRESENTATION_STYLE_ASSIGNMENT((#848));
#850=STYLED_ITEM('',(#849),#847);
#851=DIRECTION('',(0.E0,1.E0,0.E0));
#852=VECTOR('',#851,3.E-2);
#853=CARTESIAN_POINT('',(3.E-1,0.E0,-8.75E-1));
#854=LINE('',#853,#852);
#855=CURVE_STYLE('',#35,POSITIVE_LENGTH_MEASURE(2.E-2),#29);
#856=PRESENTATION_STYLE_ASSIGNMENT((#855));
#857=STYLED_ITEM('',(#856),#854);
#858=DIRECTION('',(0.E0,1.E0,0.E0));
#859=VECTOR('',#858,3.E-2);
#860=CARTESIAN_POINT('',(3.E-1,0.E0,-6.25E-1));
#861=LINE('',#860,#859);
#862=CURVE_STYLE('',#35,POSITIVE_LENGTH_MEASURE(2.E-2),#29);
#863=PRESENTATION_STYLE_ASSIGNMENT((#862));
#864=STYLED_ITEM('',(#863),#861);
#865=DIRECTION('',(0.E0,1.E0,0.E0));
#866=VECTOR('',#865,3.E-2);
#867=CARTESIAN_POINT('',(3.E-1,0.E0,-3.75E-1));
#868=LINE('',#867,#866);
#869=CURVE_STYLE('',#35,POSITIVE_LENGTH_MEASURE(2.E-2),#29);
#870=PRESENTATION_STYLE_ASSIGNMENT((#869));
#871=STYLED_ITEM('',(#870),#868);
#872=DIRECTION('',(0.E0,1.E0,0.E0));
#873=VECTOR('',#872,3.E-2);
#874=CARTESIAN_POINT('',(3.E-1,0.E0,-1.25E-1));
#875=LINE('',#874,#873);
#876=CURVE_STYLE('',#35,POSITIVE_LENGTH_MEASURE(2.E-2),#29);
#877=PRESENTATION_STYLE_ASSIGNMENT((#876));
#878=STYLED_ITEM('',(#877),#875);
#879=DIRECTION('',(0.E0,1.E0,0.E0));
#880=VECTOR('',#879,3.E-2);
#881=CARTESIAN_POINT('',(3.E-1,0.E0,1.25E-1));
#882=LINE('',#881,#880);
#883=CURVE_STYLE('',#35,POSITIVE_LENGTH_MEASURE(2.E-2),#29);
#884=PRESENTATION_STYLE_ASSIGNMENT((#883));
#885=STYLED_ITEM('',(#884),#882);
#886=DIRECTION('',(0.E0,1.E0,0.E0));
#887=VECTOR('',#886,3.E-2);
#888=CARTESIAN_POINT('',(3.E-1,0.E0,3.75E-1));
#889=LINE('',#888,#887);
#890=CURVE_STYLE('',#35,POSITIVE_LENGTH_MEASURE(2.E-2),#29);
#891=PRESENTATION_STYLE_ASSIGNMENT((#890));
#892=STYLED_ITEM('',(#891),#889);
#893=DIRECTION('',(0.E0,1.E0,0.E0));
#894=VECTOR('',#893,3.E-2);
#895=CARTESIAN_POINT('',(3.E-1,0.E0,6.25E-1));
#896=LINE('',#895,#894);
#897=CURVE_STYLE('',#35,POSITIVE_LENGTH_MEASURE(2.E-2),#29);
#898=PRESENTATION_STYLE_ASSIGNMENT((#897));
#899=STYLED_ITEM('',(#898),#896);
#900=DIRECTION('',(0.E0,1.E0,0.E0));
#901=VECTOR('',#900,3.E-2);
#902=CARTESIAN_POINT('',(3.E-1,0.E0,1.125E0));
#903=LINE('',#902,#901);
#904=CURVE_STYLE('',#35,POSITIVE_LENGTH_MEASURE(2.E-2),#29);
#905=PRESENTATION_STYLE_ASSIGNMENT((#904));
#906=STYLED_ITEM('',(#905),#903);
#907=DIRECTION('',(0.E0,1.E0,0.E0));
#908=VECTOR('',#907,3.E-2);
#909=CARTESIAN_POINT('',(3.E-1,0.E0,8.75E-1));
#910=LINE('',#909,#908);
#911=CURVE_STYLE('',#35,POSITIVE_LENGTH_MEASURE(2.E-2),#29);
#912=PRESENTATION_STYLE_ASSIGNMENT((#911));
#913=STYLED_ITEM('',(#912),#910);
#914=DIRECTION('',(0.E0,1.E0,0.E0));
#915=VECTOR('',#914,3.E-2);
#916=CARTESIAN_POINT('',(-1.E0,0.E0,1.25E0));
#917=LINE('',#916,#915);
#918=CURVE_STYLE('',#35,POSITIVE_LENGTH_MEASURE(2.E-2),#29);
#919=PRESENTATION_STYLE_ASSIGNMENT((#918));
#920=STYLED_ITEM('',(#919),#917);
#921=DIRECTION('',(0.E0,1.E0,0.E0));
#922=VECTOR('',#921,3.E-2);
#923=CARTESIAN_POINT('',(-3.E-1,0.E0,-6.25E-1));
#924=LINE('',#923,#922);
#925=CURVE_STYLE('',#35,POSITIVE_LENGTH_MEASURE(2.E-2),#29);
#926=PRESENTATION_STYLE_ASSIGNMENT((#925));
#927=STYLED_ITEM('',(#926),#924);
#928=DIRECTION('',(0.E0,1.E0,0.E0));
#929=VECTOR('',#928,3.E-2);
#930=CARTESIAN_POINT('',(-3.E-1,0.E0,-3.75E-1));
#931=LINE('',#930,#929);
#932=CURVE_STYLE('',#35,POSITIVE_LENGTH_MEASURE(2.E-2),#29);
#933=PRESENTATION_STYLE_ASSIGNMENT((#932));
#934=STYLED_ITEM('',(#933),#931);
#935=DIRECTION('',(0.E0,1.E0,0.E0));
#936=VECTOR('',#935,3.E-2);
#937=CARTESIAN_POINT('',(-3.E-1,0.E0,-1.25E-1));
#938=LINE('',#937,#936);
#939=CURVE_STYLE('',#35,POSITIVE_LENGTH_MEASURE(2.E-2),#29);
#940=PRESENTATION_STYLE_ASSIGNMENT((#939));
#941=STYLED_ITEM('',(#940),#938);
#942=DIRECTION('',(0.E0,1.E0,0.E0));
#943=VECTOR('',#942,3.E-2);
#944=CARTESIAN_POINT('',(-3.E-1,0.E0,1.25E-1));
#945=LINE('',#944,#943);
#946=CURVE_STYLE('',#35,POSITIVE_LENGTH_MEASURE(2.E-2),#29);
#947=PRESENTATION_STYLE_ASSIGNMENT((#946));
#948=STYLED_ITEM('',(#947),#945);
#949=DIRECTION('',(0.E0,1.E0,0.E0));
#950=VECTOR('',#949,3.E-2);
#951=CARTESIAN_POINT('',(-3.E-1,0.E0,3.75E-1));
#952=LINE('',#951,#950);
#953=CURVE_STYLE('',#35,POSITIVE_LENGTH_MEASURE(2.E-2),#29);
#954=PRESENTATION_STYLE_ASSIGNMENT((#953));
#955=STYLED_ITEM('',(#954),#952);
#956=DIRECTION('',(0.E0,1.E0,0.E0));
#957=VECTOR('',#956,3.E-2);
#958=CARTESIAN_POINT('',(-3.E-1,0.E0,6.25E-1));
#959=LINE('',#958,#957);
#960=CURVE_STYLE('',#35,POSITIVE_LENGTH_MEASURE(2.E-2),#29);
#961=PRESENTATION_STYLE_ASSIGNMENT((#960));
#962=STYLED_ITEM('',(#961),#959);
#963=DIRECTION('',(0.E0,1.E0,0.E0));
#964=VECTOR('',#963,3.E-2);
#965=CARTESIAN_POINT('',(-3.E-1,0.E0,1.125E0));
#966=LINE('',#965,#964);
#967=CURVE_STYLE('',#35,POSITIVE_LENGTH_MEASURE(2.E-2),#29);
#968=PRESENTATION_STYLE_ASSIGNMENT((#967));
#969=STYLED_ITEM('',(#968),#966);
#970=DIRECTION('',(0.E0,1.E0,0.E0));
#971=VECTOR('',#970,3.E-2);
#972=CARTESIAN_POINT('',(-3.E-1,0.E0,8.75E-1));
#973=LINE('',#972,#971);
#974=CURVE_STYLE('',#35,POSITIVE_LENGTH_MEASURE(2.E-2),#29);
#975=PRESENTATION_STYLE_ASSIGNMENT((#974));
#976=STYLED_ITEM('',(#975),#973);
#977=CARTESIAN_POINT('',(-1.E0,0.E0,1.25E0));
#978=CARTESIAN_POINT('',(1.E0,0.E0,1.25E0));
#979=VERTEX_POINT('',#977);
#980=VERTEX_POINT('',#978);
#981=CARTESIAN_POINT('',(1.E0,0.E0,-1.25E0));
#982=CARTESIAN_POINT('',(-1.E0,0.E0,-1.25E0));
#983=VERTEX_POINT('',#981);
#984=VERTEX_POINT('',#982);
#985=CARTESIAN_POINT('',(-1.E0,3.E-2,1.25E0));
#986=CARTESIAN_POINT('',(1.E0,3.E-2,1.25E0));
#987=VERTEX_POINT('',#985);
#988=VERTEX_POINT('',#986);
#989=CARTESIAN_POINT('',(1.E0,3.E-2,-1.25E0));
#990=CARTESIAN_POINT('',(-1.E0,3.E-2,-1.25E0));
#991=VERTEX_POINT('',#989);
#992=VERTEX_POINT('',#990);
#993=CARTESIAN_POINT('',(-1.E0,0.E0,-8.75E-1));
#994=CARTESIAN_POINT('',(-3.E-1,0.E0,-8.75E-1));
#995=VERTEX_POINT('',#993);
#996=VERTEX_POINT('',#994);
#997=CARTESIAN_POINT('',(-1.E0,3.E-2,-8.75E-1));
#998=CARTESIAN_POINT('',(-3.E-1,3.E-2,-8.75E-1));
#999=VERTEX_POINT('',#997);
#1000=VERTEX_POINT('',#998);
#1001=CARTESIAN_POINT('',(-1.E0,0.E0,-1.125E0));
#1002=CARTESIAN_POINT('',(-1.E0,3.E-2,-1.125E0));
#1003=VERTEX_POINT('',#1001);
#1004=VERTEX_POINT('',#1002);
#1005=CARTESIAN_POINT('',(-1.E0,0.E0,-3.75E-1));
#1006=CARTESIAN_POINT('',(-3.E-1,0.E0,-3.75E-1));
#1007=VERTEX_POINT('',#1005);
#1008=VERTEX_POINT('',#1006);
#1009=CARTESIAN_POINT('',(-3.E-1,0.E0,-6.25E-1));
#1010=VERTEX_POINT('',#1009);
#1011=CARTESIAN_POINT('',(-1.E0,0.E0,-6.25E-1));
#1012=VERTEX_POINT('',#1011);
#1013=CARTESIAN_POINT('',(-1.E0,3.E-2,-3.75E-1));
#1014=CARTESIAN_POINT('',(-3.E-1,3.E-2,-3.75E-1));
#1015=VERTEX_POINT('',#1013);
#1016=VERTEX_POINT('',#1014);
#1017=CARTESIAN_POINT('',(-3.E-1,3.E-2,-6.25E-1));
#1018=VERTEX_POINT('',#1017);
#1019=CARTESIAN_POINT('',(-1.E0,3.E-2,-6.25E-1));
#1020=VERTEX_POINT('',#1019);
#1021=CARTESIAN_POINT('',(-1.E0,0.E0,1.25E-1));
#1022=CARTESIAN_POINT('',(-3.E-1,0.E0,1.25E-1));
#1023=VERTEX_POINT('',#1021);
#1024=VERTEX_POINT('',#1022);
#1025=CARTESIAN_POINT('',(-3.E-1,0.E0,-1.25E-1));
#1026=VERTEX_POINT('',#1025);
#1027=CARTESIAN_POINT('',(-1.E0,0.E0,-1.25E-1));
#1028=VERTEX_POINT('',#1027);
#1029=CARTESIAN_POINT('',(-1.E0,3.E-2,1.25E-1));
#1030=CARTESIAN_POINT('',(-3.E-1,3.E-2,1.25E-1));
#1031=VERTEX_POINT('',#1029);
#1032=VERTEX_POINT('',#1030);
#1033=CARTESIAN_POINT('',(-3.E-1,3.E-2,-1.25E-1));
#1034=VERTEX_POINT('',#1033);
#1035=CARTESIAN_POINT('',(-1.E0,3.E-2,-1.25E-1));
#1036=VERTEX_POINT('',#1035);
#1037=CARTESIAN_POINT('',(-1.E0,0.E0,6.25E-1));
#1038=CARTESIAN_POINT('',(-3.E-1,0.E0,6.25E-1));
#1039=VERTEX_POINT('',#1037);
#1040=VERTEX_POINT('',#1038);
#1041=CARTESIAN_POINT('',(-3.E-1,0.E0,3.75E-1));
#1042=VERTEX_POINT('',#1041);
#1043=CARTESIAN_POINT('',(-1.E0,0.E0,3.75E-1));
#1044=VERTEX_POINT('',#1043);
#1045=CARTESIAN_POINT('',(-1.E0,3.E-2,6.25E-1));
#1046=CARTESIAN_POINT('',(-3.E-1,3.E-2,6.25E-1));
#1047=VERTEX_POINT('',#1045);
#1048=VERTEX_POINT('',#1046);
#1049=CARTESIAN_POINT('',(-3.E-1,3.E-2,3.75E-1));
#1050=VERTEX_POINT('',#1049);
#1051=CARTESIAN_POINT('',(-1.E0,3.E-2,3.75E-1));
#1052=VERTEX_POINT('',#1051);
#1053=CARTESIAN_POINT('',(-1.E0,0.E0,1.125E0));
#1054=CARTESIAN_POINT('',(-3.E-1,0.E0,1.125E0));
#1055=VERTEX_POINT('',#1053);
#1056=VERTEX_POINT('',#1054);
#1057=CARTESIAN_POINT('',(-3.E-1,0.E0,8.75E-1));
#1058=VERTEX_POINT('',#1057);
#1059=CARTESIAN_POINT('',(-1.E0,0.E0,8.75E-1));
#1060=VERTEX_POINT('',#1059);
#1061=CARTESIAN_POINT('',(-1.E0,3.E-2,1.125E0));
#1062=CARTESIAN_POINT('',(-3.E-1,3.E-2,1.125E0));
#1063=VERTEX_POINT('',#1061);
#1064=VERTEX_POINT('',#1062);
#1065=CARTESIAN_POINT('',(-3.E-1,3.E-2,8.75E-1));
#1066=VERTEX_POINT('',#1065);
#1067=CARTESIAN_POINT('',(-1.E0,3.E-2,8.75E-1));
#1068=VERTEX_POINT('',#1067);
#1069=CARTESIAN_POINT('',(3.E-1,0.E0,-8.75E-1));
#1070=CARTESIAN_POINT('',(3.E-1,3.E-2,-8.75E-1));
#1071=VERTEX_POINT('',#1069);
#1072=VERTEX_POINT('',#1070);
#1073=CARTESIAN_POINT('',(3.E-1,0.E0,-1.125E0));
#1074=CARTESIAN_POINT('',(3.E-1,3.E-2,-1.125E0));
#1075=VERTEX_POINT('',#1073);
#1076=VERTEX_POINT('',#1074);
#1077=CARTESIAN_POINT('',(3.E-1,0.E0,-3.75E-1));
#1078=CARTESIAN_POINT('',(3.E-1,3.E-2,-3.75E-1));
#1079=VERTEX_POINT('',#1077);
#1080=VERTEX_POINT('',#1078);
#1081=CARTESIAN_POINT('',(3.E-1,0.E0,-6.25E-1));
#1082=CARTESIAN_POINT('',(3.E-1,3.E-2,-6.25E-1));
#1083=VERTEX_POINT('',#1081);
#1084=VERTEX_POINT('',#1082);
#1085=CARTESIAN_POINT('',(3.E-1,0.E0,1.25E-1));
#1086=CARTESIAN_POINT('',(3.E-1,3.E-2,1.25E-1));
#1087=VERTEX_POINT('',#1085);
#1088=VERTEX_POINT('',#1086);
#1089=CARTESIAN_POINT('',(3.E-1,0.E0,-1.25E-1));
#1090=CARTESIAN_POINT('',(3.E-1,3.E-2,-1.25E-1));
#1091=VERTEX_POINT('',#1089);
#1092=VERTEX_POINT('',#1090);
#1093=CARTESIAN_POINT('',(3.E-1,0.E0,6.25E-1));
#1094=CARTESIAN_POINT('',(3.E-1,3.E-2,6.25E-1));
#1095=VERTEX_POINT('',#1093);
#1096=VERTEX_POINT('',#1094);
#1097=CARTESIAN_POINT('',(3.E-1,0.E0,3.75E-1));
#1098=CARTESIAN_POINT('',(3.E-1,3.E-2,3.75E-1));
#1099=VERTEX_POINT('',#1097);
#1100=VERTEX_POINT('',#1098);
#1101=CARTESIAN_POINT('',(3.E-1,0.E0,1.125E0));
#1102=CARTESIAN_POINT('',(3.E-1,3.E-2,1.125E0));
#1103=VERTEX_POINT('',#1101);
#1104=VERTEX_POINT('',#1102);
#1105=CARTESIAN_POINT('',(3.E-1,0.E0,8.75E-1));
#1106=CARTESIAN_POINT('',(3.E-1,3.E-2,8.75E-1));
#1107=VERTEX_POINT('',#1105);
#1108=VERTEX_POINT('',#1106);
#1109=CARTESIAN_POINT('',(1.E0,0.E0,-8.75E-1));
#1110=VERTEX_POINT('',#1109);
#1111=CARTESIAN_POINT('',(1.E0,0.E0,-1.125E0));
#1112=VERTEX_POINT('',#1111);
#1113=CARTESIAN_POINT('',(1.E0,3.E-2,-8.75E-1));
#1114=VERTEX_POINT('',#1113);
#1115=CARTESIAN_POINT('',(1.E0,3.E-2,-1.125E0));
#1116=VERTEX_POINT('',#1115);
#1117=CARTESIAN_POINT('',(1.E0,0.E0,-3.75E-1));
#1118=VERTEX_POINT('',#1117);
#1119=CARTESIAN_POINT('',(1.E0,0.E0,-6.25E-1));
#1120=VERTEX_POINT('',#1119);
#1121=CARTESIAN_POINT('',(1.E0,3.E-2,-3.75E-1));
#1122=VERTEX_POINT('',#1121);
#1123=CARTESIAN_POINT('',(1.E0,3.E-2,-6.25E-1));
#1124=VERTEX_POINT('',#1123);
#1125=CARTESIAN_POINT('',(1.E0,0.E0,1.25E-1));
#1126=VERTEX_POINT('',#1125);
#1127=CARTESIAN_POINT('',(1.E0,0.E0,-1.25E-1));
#1128=VERTEX_POINT('',#1127);
#1129=CARTESIAN_POINT('',(1.E0,3.E-2,1.25E-1));
#1130=VERTEX_POINT('',#1129);
#1131=CARTESIAN_POINT('',(1.E0,3.E-2,-1.25E-1));
#1132=VERTEX_POINT('',#1131);
#1133=CARTESIAN_POINT('',(1.E0,0.E0,6.25E-1));
#1134=VERTEX_POINT('',#1133);
#1135=CARTESIAN_POINT('',(1.E0,0.E0,3.75E-1));
#1136=VERTEX_POINT('',#1135);
#1137=CARTESIAN_POINT('',(1.E0,3.E-2,6.25E-1));
#1138=VERTEX_POINT('',#1137);
#1139=CARTESIAN_POINT('',(1.E0,3.E-2,3.75E-1));
#1140=VERTEX_POINT('',#1139);
#1141=CARTESIAN_POINT('',(1.E0,0.E0,1.125E0));
#1142=VERTEX_POINT('',#1141);
#1143=CARTESIAN_POINT('',(1.E0,0.E0,8.75E-1));
#1144=VERTEX_POINT('',#1143);
#1145=CARTESIAN_POINT('',(1.E0,3.E-2,1.125E0));
#1146=VERTEX_POINT('',#1145);
#1147=CARTESIAN_POINT('',(1.E0,3.E-2,8.75E-1));
#1148=VERTEX_POINT('',#1147);
#1149=CARTESIAN_POINT('',(-3.625E-1,3.E-2,-1.125E0));
#1150=CARTESIAN_POINT('',(-3.625E-1,0.E0,-1.125E0));
#1151=VERTEX_POINT('',#1149);
#1152=VERTEX_POINT('',#1150);
#1153=CARTESIAN_POINT('',(-3.E-1,3.E-2,-1.0625E0));
#1154=CARTESIAN_POINT('',(-3.E-1,0.E0,-1.0625E0));
#1155=VERTEX_POINT('',#1153);
#1156=VERTEX_POINT('',#1154);
#1157=CARTESIAN_POINT('',(0.E0,0.E0,0.E0));
#1158=DIRECTION('',(0.E0,1.E0,0.E0));
#1159=DIRECTION('',(1.E0,0.E0,0.E0));
#1160=AXIS2_PLACEMENT_3D('',#1157,#1158,#1159);
#1161=PLANE('',#1160);
#1163=ORIENTED_EDGE('',*,*,#1162,.T.);
#1165=ORIENTED_EDGE('',*,*,#1164,.F.);
#1167=ORIENTED_EDGE('',*,*,#1166,.F.);
#1169=ORIENTED_EDGE('',*,*,#1168,.F.);
#1171=ORIENTED_EDGE('',*,*,#1170,.T.);
#1173=ORIENTED_EDGE('',*,*,#1172,.T.);
#1175=ORIENTED_EDGE('',*,*,#1174,.F.);
#1177=ORIENTED_EDGE('',*,*,#1176,.F.);
#1179=ORIENTED_EDGE('',*,*,#1178,.T.);
#1181=ORIENTED_EDGE('',*,*,#1180,.T.);
#1183=ORIENTED_EDGE('',*,*,#1182,.F.);
#1185=ORIENTED_EDGE('',*,*,#1184,.F.);
#1187=ORIENTED_EDGE('',*,*,#1186,.T.);
#1189=ORIENTED_EDGE('',*,*,#1188,.T.);
#1191=ORIENTED_EDGE('',*,*,#1190,.F.);
#1193=ORIENTED_EDGE('',*,*,#1192,.F.);
#1195=ORIENTED_EDGE('',*,*,#1194,.T.);
#1197=ORIENTED_EDGE('',*,*,#1196,.T.);
#1199=ORIENTED_EDGE('',*,*,#1198,.F.);
#1201=ORIENTED_EDGE('',*,*,#1200,.F.);
#1203=ORIENTED_EDGE('',*,*,#1202,.T.);
#1205=ORIENTED_EDGE('',*,*,#1204,.T.);
#1207=ORIENTED_EDGE('',*,*,#1206,.T.);
#1209=ORIENTED_EDGE('',*,*,#1208,.T.);
#1211=ORIENTED_EDGE('',*,*,#1210,.T.);
#1213=ORIENTED_EDGE('',*,*,#1212,.F.);
#1215=ORIENTED_EDGE('',*,*,#1214,.T.);
#1217=ORIENTED_EDGE('',*,*,#1216,.T.);
#1219=ORIENTED_EDGE('',*,*,#1218,.T.);
#1221=ORIENTED_EDGE('',*,*,#1220,.F.);
#1223=ORIENTED_EDGE('',*,*,#1222,.T.);
#1225=ORIENTED_EDGE('',*,*,#1224,.T.);
#1227=ORIENTED_EDGE('',*,*,#1226,.T.);
#1229=ORIENTED_EDGE('',*,*,#1228,.F.);
#1231=ORIENTED_EDGE('',*,*,#1230,.T.);
#1233=ORIENTED_EDGE('',*,*,#1232,.T.);
#1235=ORIENTED_EDGE('',*,*,#1234,.T.);
#1237=ORIENTED_EDGE('',*,*,#1236,.F.);
#1239=ORIENTED_EDGE('',*,*,#1238,.T.);
#1241=ORIENTED_EDGE('',*,*,#1240,.T.);
#1243=ORIENTED_EDGE('',*,*,#1242,.T.);
#1245=ORIENTED_EDGE('',*,*,#1244,.F.);
#1247=ORIENTED_EDGE('',*,*,#1246,.T.);
#1249=ORIENTED_EDGE('',*,*,#1248,.T.);
#1251=ORIENTED_EDGE('',*,*,#1250,.T.);
#1252=EDGE_LOOP('',(#1163,#1165,#1167,#1169,#1171,#1173,#1175,#1177,#1179,#1181,
#1183,#1185,#1187,#1189,#1191,#1193,#1195,#1197,#1199,#1201,#1203,#1205,#1207,
#1209,#1211,#1213,#1215,#1217,#1219,#1221,#1223,#1225,#1227,#1229,#1231,#1233,
#1235,#1237,#1239,#1241,#1243,#1245,#1247,#1249,#1251));
#1253=FACE_OUTER_BOUND('',#1252,.F.);
#1255=CARTESIAN_POINT('',(-3.E-1,0.E0,-1.125E0));
#1256=DIRECTION('',(0.E0,0.E0,-1.E0));
#1257=DIRECTION('',(-1.E0,0.E0,0.E0));
#1258=AXIS2_PLACEMENT_3D('',#1255,#1256,#1257);
#1259=PLANE('',#1258);
#1261=ORIENTED_EDGE('',*,*,#1260,.T.);
#1262=ORIENTED_EDGE('',*,*,#1162,.F.);
#1264=ORIENTED_EDGE('',*,*,#1263,.T.);
#1266=ORIENTED_EDGE('',*,*,#1265,.T.);
#1267=EDGE_LOOP('',(#1261,#1262,#1264,#1266));
#1268=FACE_OUTER_BOUND('',#1267,.F.);
#1270=CARTESIAN_POINT('',(-3.3125E-1,1.5E-2,-1.09375E0));
#1271=DIRECTION('',(-7.071067811865E-1,0.E0,7.071067811865E-1));
#1272=DIRECTION('',(-7.071067811865E-1,0.E0,-7.071067811865E-1));
#1273=AXIS2_PLACEMENT_3D('',#1270,#1271,#1272);
#1274=PLANE('',#1273);
#1275=ORIENTED_EDGE('',*,*,#1260,.F.);
#1277=ORIENTED_EDGE('',*,*,#1276,.T.);
#1279=ORIENTED_EDGE('',*,*,#1278,.T.);
#1280=ORIENTED_EDGE('',*,*,#1164,.T.);
#1281=EDGE_LOOP('',(#1275,#1277,#1279,#1280));
#1282=FACE_OUTER_BOUND('',#1281,.F.);
#1284=CARTESIAN_POINT('',(0.E0,3.E-2,0.E0));
#1285=DIRECTION('',(0.E0,1.E0,0.E0));
#1286=DIRECTION('',(1.E0,0.E0,0.E0));
#1287=AXIS2_PLACEMENT_3D('',#1284,#1285,#1286);
#1288=PLANE('',#1287);
#1290=ORIENTED_EDGE('',*,*,#1289,.T.);
#1291=ORIENTED_EDGE('',*,*,#1276,.F.);
#1292=ORIENTED_EDGE('',*,*,#1265,.F.);
#1294=ORIENTED_EDGE('',*,*,#1293,.F.);
#1296=ORIENTED_EDGE('',*,*,#1295,.F.);
#1298=ORIENTED_EDGE('',*,*,#1297,.F.);
#1300=ORIENTED_EDGE('',*,*,#1299,.T.);
#1302=ORIENTED_EDGE('',*,*,#1301,.F.);
#1304=ORIENTED_EDGE('',*,*,#1303,.F.);
#1306=ORIENTED_EDGE('',*,*,#1305,.F.);
#1308=ORIENTED_EDGE('',*,*,#1307,.T.);
#1310=ORIENTED_EDGE('',*,*,#1309,.F.);
#1312=ORIENTED_EDGE('',*,*,#1311,.F.);
#1314=ORIENTED_EDGE('',*,*,#1313,.F.);
#1316=ORIENTED_EDGE('',*,*,#1315,.T.);
#1318=ORIENTED_EDGE('',*,*,#1317,.F.);
#1320=ORIENTED_EDGE('',*,*,#1319,.F.);
#1322=ORIENTED_EDGE('',*,*,#1321,.F.);
#1324=ORIENTED_EDGE('',*,*,#1323,.T.);
#1326=ORIENTED_EDGE('',*,*,#1325,.F.);
#1328=ORIENTED_EDGE('',*,*,#1327,.F.);
#1330=ORIENTED_EDGE('',*,*,#1329,.F.);
#1332=ORIENTED_EDGE('',*,*,#1331,.T.);
#1334=ORIENTED_EDGE('',*,*,#1333,.F.);
#1336=ORIENTED_EDGE('',*,*,#1335,.F.);
#1338=ORIENTED_EDGE('',*,*,#1337,.F.);
#1340=ORIENTED_EDGE('',*,*,#1339,.F.);
#1342=ORIENTED_EDGE('',*,*,#1341,.F.);
#1344=ORIENTED_EDGE('',*,*,#1343,.T.);
#1346=ORIENTED_EDGE('',*,*,#1345,.T.);
#1348=ORIENTED_EDGE('',*,*,#1347,.F.);
#1350=ORIENTED_EDGE('',*,*,#1349,.F.);
#1352=ORIENTED_EDGE('',*,*,#1351,.T.);
#1354=ORIENTED_EDGE('',*,*,#1353,.T.);
#1356=ORIENTED_EDGE('',*,*,#1355,.F.);
#1358=ORIENTED_EDGE('',*,*,#1357,.F.);
#1360=ORIENTED_EDGE('',*,*,#1359,.T.);
#1362=ORIENTED_EDGE('',*,*,#1361,.T.);
#1364=ORIENTED_EDGE('',*,*,#1363,.F.);
#1366=ORIENTED_EDGE('',*,*,#1365,.F.);
#1368=ORIENTED_EDGE('',*,*,#1367,.T.);
#1370=ORIENTED_EDGE('',*,*,#1369,.T.);
#1372=ORIENTED_EDGE('',*,*,#1371,.F.);
#1374=ORIENTED_EDGE('',*,*,#1373,.F.);
#1376=ORIENTED_EDGE('',*,*,#1375,.T.);
#1377=EDGE_LOOP('',(#1290,#1291,#1292,#1294,#1296,#1298,#1300,#1302,#1304,#1306,
#1308,#1310,#1312,#1314,#1316,#1318,#1320,#1322,#1324,#1326,#1328,#1330,#1332,
#1334,#1336,#1338,#1340,#1342,#1344,#1346,#1348,#1350,#1352,#1354,#1356,#1358,
#1360,#1362,#1364,#1366,#1368,#1370,#1372,#1374,#1376));
#1378=FACE_OUTER_BOUND('',#1377,.F.);
#1380=CARTESIAN_POINT('',(-3.E-1,0.E0,-8.75E-1));
#1381=DIRECTION('',(1.E0,0.E0,0.E0));
#1382=DIRECTION('',(0.E0,0.E0,-1.E0));
#1383=AXIS2_PLACEMENT_3D('',#1380,#1381,#1382);
#1384=PLANE('',#1383);
#1385=ORIENTED_EDGE('',*,*,#1278,.F.);
#1386=ORIENTED_EDGE('',*,*,#1289,.F.);
#1388=ORIENTED_EDGE('',*,*,#1387,.F.);
#1389=ORIENTED_EDGE('',*,*,#1166,.T.);
#1390=EDGE_LOOP('',(#1385,#1386,#1388,#1389));
#1391=FACE_OUTER_BOUND('',#1390,.F.);
#1393=CARTESIAN_POINT('',(-1.E0,0.E0,-8.75E-1));
#1394=DIRECTION('',(0.E0,0.E0,1.E0));
#1395=DIRECTION('',(1.E0,0.E0,0.E0));
#1396=AXIS2_PLACEMENT_3D('',#1393,#1394,#1395);
#1397=PLANE('',#1396);
#1398=ORIENTED_EDGE('',*,*,#1168,.T.);
#1399=ORIENTED_EDGE('',*,*,#1387,.T.);
#1400=ORIENTED_EDGE('',*,*,#1375,.F.);
#1402=ORIENTED_EDGE('',*,*,#1401,.F.);
#1403=EDGE_LOOP('',(#1398,#1399,#1400,#1402));
#1404=FACE_OUTER_BOUND('',#1403,.F.);
#1406=CARTESIAN_POINT('',(-1.E0,0.E0,-1.25E0));
#1407=DIRECTION('',(-1.E0,0.E0,0.E0));
#1408=DIRECTION('',(0.E0,0.E0,1.E0));
#1409=AXIS2_PLACEMENT_3D('',#1406,#1407,#1408);
#1410=PLANE('',#1409);
#1411=ORIENTED_EDGE('',*,*,#1263,.F.);
#1412=ORIENTED_EDGE('',*,*,#1250,.F.);
#1414=ORIENTED_EDGE('',*,*,#1413,.T.);
#1415=ORIENTED_EDGE('',*,*,#1293,.T.);
#1416=EDGE_LOOP('',(#1411,#1412,#1414,#1415));
#1417=FACE_OUTER_BOUND('',#1416,.F.);
#1419=CARTESIAN_POINT('',(-1.E0,0.E0,-1.25E0));
#1420=DIRECTION('',(-1.E0,0.E0,0.E0));
#1421=DIRECTION('',(0.E0,0.E0,1.E0));
#1422=AXIS2_PLACEMENT_3D('',#1419,#1420,#1421);
#1423=PLANE('',#1422);
#1425=ORIENTED_EDGE('',*,*,#1424,.F.);
#1426=ORIENTED_EDGE('',*,*,#1170,.F.);
#1427=ORIENTED_EDGE('',*,*,#1401,.T.);
#1428=ORIENTED_EDGE('',*,*,#1373,.T.);
#1429=EDGE_LOOP('',(#1425,#1426,#1427,#1428));
#1430=FACE_OUTER_BOUND('',#1429,.F.);
#1432=CARTESIAN_POINT('',(-1.E0,0.E0,-1.25E0));
#1433=DIRECTION('',(-1.E0,0.E0,0.E0));
#1434=DIRECTION('',(0.E0,0.E0,1.E0));
#1435=AXIS2_PLACEMENT_3D('',#1432,#1433,#1434);
#1436=PLANE('',#1435);
#1438=ORIENTED_EDGE('',*,*,#1437,.F.);
#1439=ORIENTED_EDGE('',*,*,#1178,.F.);
#1441=ORIENTED_EDGE('',*,*,#1440,.T.);
#1442=ORIENTED_EDGE('',*,*,#1365,.T.);
#1443=EDGE_LOOP('',(#1438,#1439,#1441,#1442));
#1444=FACE_OUTER_BOUND('',#1443,.F.);
#1446=CARTESIAN_POINT('',(-1.E0,0.E0,-1.25E0));
#1447=DIRECTION('',(-1.E0,0.E0,0.E0));
#1448=DIRECTION('',(0.E0,0.E0,1.E0));
#1449=AXIS2_PLACEMENT_3D('',#1446,#1447,#1448);
#1450=PLANE('',#1449);
#1452=ORIENTED_EDGE('',*,*,#1451,.F.);
#1453=ORIENTED_EDGE('',*,*,#1186,.F.);
#1455=ORIENTED_EDGE('',*,*,#1454,.T.);
#1456=ORIENTED_EDGE('',*,*,#1357,.T.);
#1457=EDGE_LOOP('',(#1452,#1453,#1455,#1456));
#1458=FACE_OUTER_BOUND('',#1457,.F.);
#1460=CARTESIAN_POINT('',(-1.E0,0.E0,-1.25E0));
#1461=DIRECTION('',(-1.E0,0.E0,0.E0));
#1462=DIRECTION('',(0.E0,0.E0,1.E0));
#1463=AXIS2_PLACEMENT_3D('',#1460,#1461,#1462);
#1464=PLANE('',#1463);
#1466=ORIENTED_EDGE('',*,*,#1465,.T.);
#1467=ORIENTED_EDGE('',*,*,#1341,.T.);
#1469=ORIENTED_EDGE('',*,*,#1468,.F.);
#1470=ORIENTED_EDGE('',*,*,#1202,.F.);
#1471=EDGE_LOOP('',(#1466,#1467,#1469,#1470));
#1472=FACE_OUTER_BOUND('',#1471,.F.);
#1474=CARTESIAN_POINT('',(-1.E0,0.E0,-1.25E0));
#1475=DIRECTION('',(-1.E0,0.E0,0.E0));
#1476=DIRECTION('',(0.E0,0.E0,1.E0));
#1477=AXIS2_PLACEMENT_3D('',#1474,#1475,#1476);
#1478=PLANE('',#1477);
#1480=ORIENTED_EDGE('',*,*,#1479,.F.);
#1481=ORIENTED_EDGE('',*,*,#1194,.F.);
#1483=ORIENTED_EDGE('',*,*,#1482,.T.);
#1484=ORIENTED_EDGE('',*,*,#1349,.T.);
#1485=EDGE_LOOP('',(#1480,#1481,#1483,#1484));
#1486=FACE_OUTER_BOUND('',#1485,.F.);
#1488=CARTESIAN_POINT('',(1.E0,0.E0,-1.25E0));
#1489=DIRECTION('',(0.E0,0.E0,-1.E0));
#1490=DIRECTION('',(-1.E0,0.E0,0.E0));
#1491=AXIS2_PLACEMENT_3D('',#1488,#1489,#1490);
#1492=PLANE('',#1491);
#1493=ORIENTED_EDGE('',*,*,#1248,.F.);
#1495=ORIENTED_EDGE('',*,*,#1494,.T.);
#1496=ORIENTED_EDGE('',*,*,#1295,.T.);
#1497=ORIENTED_EDGE('',*,*,#1413,.F.);
#1498=EDGE_LOOP('',(#1493,#1495,#1496,#1497));
#1499=FACE_OUTER_BOUND('',#1498,.F.);
#1501=CARTESIAN_POINT('',(1.E0,0.E0,1.25E0));
#1502=DIRECTION('',(1.E0,0.E0,0.E0));
#1503=DIRECTION('',(0.E0,0.E0,-1.E0));
#1504=AXIS2_PLACEMENT_3D('',#1501,#1502,#1503);
#1505=PLANE('',#1504);
#1507=ORIENTED_EDGE('',*,*,#1506,.T.);
#1508=ORIENTED_EDGE('',*,*,#1297,.T.);
#1509=ORIENTED_EDGE('',*,*,#1494,.F.);
#1510=ORIENTED_EDGE('',*,*,#1246,.F.);
#1511=EDGE_LOOP('',(#1507,#1508,#1509,#1510));
#1512=FACE_OUTER_BOUND('',#1511,.F.);
#1514=CARTESIAN_POINT('',(1.E0,0.E0,1.25E0));
#1515=DIRECTION('',(1.E0,0.E0,0.E0));
#1516=DIRECTION('',(0.E0,0.E0,-1.E0));
#1517=AXIS2_PLACEMENT_3D('',#1514,#1515,#1516);
#1518=PLANE('',#1517);
#1520=ORIENTED_EDGE('',*,*,#1519,.T.);
#1521=ORIENTED_EDGE('',*,*,#1305,.T.);
#1523=ORIENTED_EDGE('',*,*,#1522,.F.);
#1524=ORIENTED_EDGE('',*,*,#1238,.F.);
#1525=EDGE_LOOP('',(#1520,#1521,#1523,#1524));
#1526=FACE_OUTER_BOUND('',#1525,.F.);
#1528=CARTESIAN_POINT('',(1.E0,0.E0,1.25E0));
#1529=DIRECTION('',(1.E0,0.E0,0.E0));
#1530=DIRECTION('',(0.E0,0.E0,-1.E0));
#1531=AXIS2_PLACEMENT_3D('',#1528,#1529,#1530);
#1532=PLANE('',#1531);
#1534=ORIENTED_EDGE('',*,*,#1533,.T.);
#1535=ORIENTED_EDGE('',*,*,#1313,.T.);
#1537=ORIENTED_EDGE('',*,*,#1536,.F.);
#1538=ORIENTED_EDGE('',*,*,#1230,.F.);
#1539=EDGE_LOOP('',(#1534,#1535,#1537,#1538));
#1540=FACE_OUTER_BOUND('',#1539,.F.);
#1542=CARTESIAN_POINT('',(1.E0,0.E0,1.25E0));
#1543=DIRECTION('',(1.E0,0.E0,0.E0));
#1544=DIRECTION('',(0.E0,0.E0,-1.E0));
#1545=AXIS2_PLACEMENT_3D('',#1542,#1543,#1544);
#1546=PLANE('',#1545);
#1548=ORIENTED_EDGE('',*,*,#1547,.T.);
#1549=ORIENTED_EDGE('',*,*,#1321,.T.);
#1551=ORIENTED_EDGE('',*,*,#1550,.F.);
#1552=ORIENTED_EDGE('',*,*,#1222,.F.);
#1553=EDGE_LOOP('',(#1548,#1549,#1551,#1552));
#1554=FACE_OUTER_BOUND('',#1553,.F.);
#1556=CARTESIAN_POINT('',(1.E0,0.E0,1.25E0));
#1557=DIRECTION('',(1.E0,0.E0,0.E0));
#1558=DIRECTION('',(0.E0,0.E0,-1.E0));
#1559=AXIS2_PLACEMENT_3D('',#1556,#1557,#1558);
#1560=PLANE('',#1559);
#1562=ORIENTED_EDGE('',*,*,#1561,.F.);
#1563=ORIENTED_EDGE('',*,*,#1206,.F.);
#1565=ORIENTED_EDGE('',*,*,#1564,.T.);
#1566=ORIENTED_EDGE('',*,*,#1337,.T.);
#1567=EDGE_LOOP('',(#1562,#1563,#1565,#1566));
#1568=FACE_OUTER_BOUND('',#1567,.F.);
#1570=CARTESIAN_POINT('',(1.E0,0.E0,1.25E0));
#1571=DIRECTION('',(1.E0,0.E0,0.E0));
#1572=DIRECTION('',(0.E0,0.E0,-1.E0));
#1573=AXIS2_PLACEMENT_3D('',#1570,#1571,#1572);
#1574=PLANE('',#1573);
#1576=ORIENTED_EDGE('',*,*,#1575,.T.);
#1577=ORIENTED_EDGE('',*,*,#1329,.T.);
#1579=ORIENTED_EDGE('',*,*,#1578,.F.);
#1580=ORIENTED_EDGE('',*,*,#1214,.F.);
#1581=EDGE_LOOP('',(#1576,#1577,#1579,#1580));
#1582=FACE_OUTER_BOUND('',#1581,.F.);
#1584=CARTESIAN_POINT('',(3.E-1,0.E0,-1.125E0));
#1585=DIRECTION('',(0.E0,0.E0,1.E0));
#1586=DIRECTION('',(1.E0,0.E0,0.E0));
#1587=AXIS2_PLACEMENT_3D('',#1584,#1585,#1586);
#1588=PLANE('',#1587);
#1590=ORIENTED_EDGE('',*,*,#1589,.T.);
#1591=ORIENTED_EDGE('',*,*,#1299,.F.);
#1592=ORIENTED_EDGE('',*,*,#1506,.F.);
#1593=ORIENTED_EDGE('',*,*,#1244,.T.);
#1594=EDGE_LOOP('',(#1590,#1591,#1592,#1593));
#1595=FACE_OUTER_BOUND('',#1594,.F.);
#1597=CARTESIAN_POINT('',(3.E-1,0.E0,-8.75E-1));
#1598=DIRECTION('',(1.E0,0.E0,0.E0));
#1599=DIRECTION('',(0.E0,0.E0,-1.E0));
#1600=AXIS2_PLACEMENT_3D('',#1597,#1598,#1599);
#1601=PLANE('',#1600);
#1603=ORIENTED_EDGE('',*,*,#1602,.T.);
#1604=ORIENTED_EDGE('',*,*,#1301,.T.);
#1605=ORIENTED_EDGE('',*,*,#1589,.F.);
#1606=ORIENTED_EDGE('',*,*,#1242,.F.);
#1607=EDGE_LOOP('',(#1603,#1604,#1605,#1606));
#1608=FACE_OUTER_BOUND('',#1607,.F.);
#1610=CARTESIAN_POINT('',(1.E0,0.E0,-8.75E-1));
#1611=DIRECTION('',(0.E0,0.E0,-1.E0));
#1612=DIRECTION('',(-1.E0,0.E0,0.E0));
#1613=AXIS2_PLACEMENT_3D('',#1610,#1611,#1612);
#1614=PLANE('',#1613);
#1615=ORIENTED_EDGE('',*,*,#1602,.F.);
#1616=ORIENTED_EDGE('',*,*,#1240,.F.);
#1617=ORIENTED_EDGE('',*,*,#1522,.T.);
#1618=ORIENTED_EDGE('',*,*,#1303,.T.);
#1619=EDGE_LOOP('',(#1615,#1616,#1617,#1618));
#1620=FACE_OUTER_BOUND('',#1619,.F.);
#1622=CARTESIAN_POINT('',(3.E-1,0.E0,-6.25E-1));
#1623=DIRECTION('',(0.E0,0.E0,1.E0));
#1624=DIRECTION('',(1.E0,0.E0,0.E0));
#1625=AXIS2_PLACEMENT_3D('',#1622,#1623,#1624);
#1626=PLANE('',#1625);
#1628=ORIENTED_EDGE('',*,*,#1627,.T.);
#1629=ORIENTED_EDGE('',*,*,#1307,.F.);
#1630=ORIENTED_EDGE('',*,*,#1519,.F.);
#1631=ORIENTED_EDGE('',*,*,#1236,.T.);
#1632=EDGE_LOOP('',(#1628,#1629,#1630,#1631));
#1633=FACE_OUTER_BOUND('',#1632,.F.);
#1635=CARTESIAN_POINT('',(3.E-1,0.E0,-3.75E-1));
#1636=DIRECTION('',(1.E0,0.E0,0.E0));
#1637=DIRECTION('',(0.E0,0.E0,-1.E0));
#1638=AXIS2_PLACEMENT_3D('',#1635,#1636,#1637);
#1639=PLANE('',#1638);
#1641=ORIENTED_EDGE('',*,*,#1640,.T.);
#1642=ORIENTED_EDGE('',*,*,#1309,.T.);
#1643=ORIENTED_EDGE('',*,*,#1627,.F.);
#1644=ORIENTED_EDGE('',*,*,#1234,.F.);
#1645=EDGE_LOOP('',(#1641,#1642,#1643,#1644));
#1646=FACE_OUTER_BOUND('',#1645,.F.);
#1648=CARTESIAN_POINT('',(1.E0,0.E0,-3.75E-1));
#1649=DIRECTION('',(0.E0,0.E0,-1.E0));
#1650=DIRECTION('',(-1.E0,0.E0,0.E0));
#1651=AXIS2_PLACEMENT_3D('',#1648,#1649,#1650);
#1652=PLANE('',#1651);
#1653=ORIENTED_EDGE('',*,*,#1640,.F.);
#1654=ORIENTED_EDGE('',*,*,#1232,.F.);
#1655=ORIENTED_EDGE('',*,*,#1536,.T.);
#1656=ORIENTED_EDGE('',*,*,#1311,.T.);
#1657=EDGE_LOOP('',(#1653,#1654,#1655,#1656));
#1658=FACE_OUTER_BOUND('',#1657,.F.);
#1660=CARTESIAN_POINT('',(3.E-1,0.E0,-1.25E-1));
#1661=DIRECTION('',(0.E0,0.E0,1.E0));
#1662=DIRECTION('',(1.E0,0.E0,0.E0));
#1663=AXIS2_PLACEMENT_3D('',#1660,#1661,#1662);
#1664=PLANE('',#1663);
#1666=ORIENTED_EDGE('',*,*,#1665,.T.);
#1667=ORIENTED_EDGE('',*,*,#1315,.F.);
#1668=ORIENTED_EDGE('',*,*,#1533,.F.);
#1669=ORIENTED_EDGE('',*,*,#1228,.T.);
#1670=EDGE_LOOP('',(#1666,#1667,#1668,#1669));
#1671=FACE_OUTER_BOUND('',#1670,.F.);
#1673=CARTESIAN_POINT('',(3.E-1,0.E0,1.25E-1));
#1674=DIRECTION('',(1.E0,0.E0,0.E0));
#1675=DIRECTION('',(0.E0,0.E0,-1.E0));
#1676=AXIS2_PLACEMENT_3D('',#1673,#1674,#1675);
#1677=PLANE('',#1676);
#1679=ORIENTED_EDGE('',*,*,#1678,.T.);
#1680=ORIENTED_EDGE('',*,*,#1317,.T.);
#1681=ORIENTED_EDGE('',*,*,#1665,.F.);
#1682=ORIENTED_EDGE('',*,*,#1226,.F.);
#1683=EDGE_LOOP('',(#1679,#1680,#1681,#1682));
#1684=FACE_OUTER_BOUND('',#1683,.F.);
#1686=CARTESIAN_POINT('',(1.E0,0.E0,1.25E-1));
#1687=DIRECTION('',(0.E0,0.E0,-1.E0));
#1688=DIRECTION('',(-1.E0,0.E0,0.E0));
#1689=AXIS2_PLACEMENT_3D('',#1686,#1687,#1688);
#1690=PLANE('',#1689);
#1691=ORIENTED_EDGE('',*,*,#1678,.F.);
#1692=ORIENTED_EDGE('',*,*,#1224,.F.);
#1693=ORIENTED_EDGE('',*,*,#1550,.T.);
#1694=ORIENTED_EDGE('',*,*,#1319,.T.);
#1695=EDGE_LOOP('',(#1691,#1692,#1693,#1694));
#1696=FACE_OUTER_BOUND('',#1695,.F.);
#1698=CARTESIAN_POINT('',(3.E-1,0.E0,3.75E-1));
#1699=DIRECTION('',(0.E0,0.E0,1.E0));
#1700=DIRECTION('',(1.E0,0.E0,0.E0));
#1701=AXIS2_PLACEMENT_3D('',#1698,#1699,#1700);
#1702=PLANE('',#1701);
#1704=ORIENTED_EDGE('',*,*,#1703,.T.);
#1705=ORIENTED_EDGE('',*,*,#1323,.F.);
#1706=ORIENTED_EDGE('',*,*,#1547,.F.);
#1707=ORIENTED_EDGE('',*,*,#1220,.T.);
#1708=EDGE_LOOP('',(#1704,#1705,#1706,#1707));
#1709=FACE_OUTER_BOUND('',#1708,.F.);
#1711=CARTESIAN_POINT('',(3.E-1,0.E0,6.25E-1));
#1712=DIRECTION('',(1.E0,0.E0,0.E0));
#1713=DIRECTION('',(0.E0,0.E0,-1.E0));
#1714=AXIS2_PLACEMENT_3D('',#1711,#1712,#1713);
#1715=PLANE('',#1714);
#1717=ORIENTED_EDGE('',*,*,#1716,.T.);
#1718=ORIENTED_EDGE('',*,*,#1325,.T.);
#1719=ORIENTED_EDGE('',*,*,#1703,.F.);
#1720=ORIENTED_EDGE('',*,*,#1218,.F.);
#1721=EDGE_LOOP('',(#1717,#1718,#1719,#1720));
#1722=FACE_OUTER_BOUND('',#1721,.F.);
#1724=CARTESIAN_POINT('',(1.E0,0.E0,6.25E-1));
#1725=DIRECTION('',(0.E0,0.E0,-1.E0));
#1726=DIRECTION('',(-1.E0,0.E0,0.E0));
#1727=AXIS2_PLACEMENT_3D('',#1724,#1725,#1726);
#1728=PLANE('',#1727);
#1729=ORIENTED_EDGE('',*,*,#1716,.F.);
#1730=ORIENTED_EDGE('',*,*,#1216,.F.);
#1731=ORIENTED_EDGE('',*,*,#1578,.T.);
#1732=ORIENTED_EDGE('',*,*,#1327,.T.);
#1733=EDGE_LOOP('',(#1729,#1730,#1731,#1732));
#1734=FACE_OUTER_BOUND('',#1733,.F.);
#1736=CARTESIAN_POINT('',(1.E0,0.E0,1.125E0));
#1737=DIRECTION('',(0.E0,0.E0,-1.E0));
#1738=DIRECTION('',(-1.E0,0.E0,0.E0));
#1739=AXIS2_PLACEMENT_3D('',#1736,#1737,#1738);
#1740=PLANE('',#1739);
#1742=ORIENTED_EDGE('',*,*,#1741,.F.);
#1743=ORIENTED_EDGE('',*,*,#1208,.F.);
#1744=ORIENTED_EDGE('',*,*,#1561,.T.);
#1745=ORIENTED_EDGE('',*,*,#1335,.T.);
#1746=EDGE_LOOP('',(#1742,#1743,#1744,#1745));
#1747=FACE_OUTER_BOUND('',#1746,.F.);
#1749=CARTESIAN_POINT('',(3.E-1,0.E0,1.125E0));
#1750=DIRECTION('',(1.E0,0.E0,0.E0));
#1751=DIRECTION('',(0.E0,0.E0,-1.E0));
#1752=AXIS2_PLACEMENT_3D('',#1749,#1750,#1751);
#1753=PLANE('',#1752);
#1754=ORIENTED_EDGE('',*,*,#1741,.T.);
#1755=ORIENTED_EDGE('',*,*,#1333,.T.);
#1757=ORIENTED_EDGE('',*,*,#1756,.F.);
#1758=ORIENTED_EDGE('',*,*,#1210,.F.);
#1759=EDGE_LOOP('',(#1754,#1755,#1757,#1758));
#1760=FACE_OUTER_BOUND('',#1759,.F.);
#1762=CARTESIAN_POINT('',(3.E-1,0.E0,8.75E-1));
#1763=DIRECTION('',(0.E0,0.E0,1.E0));
#1764=DIRECTION('',(1.E0,0.E0,0.E0));
#1765=AXIS2_PLACEMENT_3D('',#1762,#1763,#1764);
#1766=PLANE('',#1765);
#1767=ORIENTED_EDGE('',*,*,#1756,.T.);
#1768=ORIENTED_EDGE('',*,*,#1331,.F.);
#1769=ORIENTED_EDGE('',*,*,#1575,.F.);
#1770=ORIENTED_EDGE('',*,*,#1212,.T.);
#1771=EDGE_LOOP('',(#1767,#1768,#1769,#1770));
#1772=FACE_OUTER_BOUND('',#1771,.F.);
#1774=CARTESIAN_POINT('',(-1.E0,0.E0,1.25E0));
#1775=DIRECTION('',(0.E0,0.E0,1.E0));
#1776=DIRECTION('',(1.E0,0.E0,0.E0));
#1777=AXIS2_PLACEMENT_3D('',#1774,#1775,#1776);
#1778=PLANE('',#1777);
#1779=ORIENTED_EDGE('',*,*,#1204,.F.);
#1780=ORIENTED_EDGE('',*,*,#1468,.T.);
#1781=ORIENTED_EDGE('',*,*,#1339,.T.);
#1782=ORIENTED_EDGE('',*,*,#1564,.F.);
#1783=EDGE_LOOP('',(#1779,#1780,#1781,#1782));
#1784=FACE_OUTER_BOUND('',#1783,.F.);
#1786=CARTESIAN_POINT('',(-3.E-1,0.E0,-6.25E-1));
#1787=DIRECTION('',(0.E0,0.E0,-1.E0));
#1788=DIRECTION('',(-1.E0,0.E0,0.E0));
#1789=AXIS2_PLACEMENT_3D('',#1786,#1787,#1788);
#1790=PLANE('',#1789);
#1791=ORIENTED_EDGE('',*,*,#1172,.F.);
#1792=ORIENTED_EDGE('',*,*,#1424,.T.);
#1793=ORIENTED_EDGE('',*,*,#1371,.T.);
#1795=ORIENTED_EDGE('',*,*,#1794,.F.);
#1796=EDGE_LOOP('',(#1791,#1792,#1793,#1795));
#1797=FACE_OUTER_BOUND('',#1796,.F.);
#1799=CARTESIAN_POINT('',(-3.E-1,0.E0,-3.75E-1));
#1800=DIRECTION('',(1.E0,0.E0,0.E0));
#1801=DIRECTION('',(0.E0,0.E0,-1.E0));
#1802=AXIS2_PLACEMENT_3D('',#1799,#1800,#1801);
#1803=PLANE('',#1802);
#1804=ORIENTED_EDGE('',*,*,#1174,.T.);
#1805=ORIENTED_EDGE('',*,*,#1794,.T.);
#1806=ORIENTED_EDGE('',*,*,#1369,.F.);
#1808=ORIENTED_EDGE('',*,*,#1807,.F.);
#1809=EDGE_LOOP('',(#1804,#1805,#1806,#1808));
#1810=FACE_OUTER_BOUND('',#1809,.F.);
#1812=CARTESIAN_POINT('',(-1.E0,0.E0,-3.75E-1));
#1813=DIRECTION('',(0.E0,0.E0,1.E0));
#1814=DIRECTION('',(1.E0,0.E0,0.E0));
#1815=AXIS2_PLACEMENT_3D('',#1812,#1813,#1814);
#1816=PLANE('',#1815);
#1817=ORIENTED_EDGE('',*,*,#1176,.T.);
#1818=ORIENTED_EDGE('',*,*,#1807,.T.);
#1819=ORIENTED_EDGE('',*,*,#1367,.F.);
#1820=ORIENTED_EDGE('',*,*,#1440,.F.);
#1821=EDGE_LOOP('',(#1817,#1818,#1819,#1820));
#1822=FACE_OUTER_BOUND('',#1821,.F.);
#1824=CARTESIAN_POINT('',(-3.E-1,0.E0,-1.25E-1));
#1825=DIRECTION('',(0.E0,0.E0,-1.E0));
#1826=DIRECTION('',(-1.E0,0.E0,0.E0));
#1827=AXIS2_PLACEMENT_3D('',#1824,#1825,#1826);
#1828=PLANE('',#1827);
#1829=ORIENTED_EDGE('',*,*,#1180,.F.);
#1830=ORIENTED_EDGE('',*,*,#1437,.T.);
#1831=ORIENTED_EDGE('',*,*,#1363,.T.);
#1833=ORIENTED_EDGE('',*,*,#1832,.F.);
#1834=EDGE_LOOP('',(#1829,#1830,#1831,#1833));
#1835=FACE_OUTER_BOUND('',#1834,.F.);
#1837=CARTESIAN_POINT('',(-3.E-1,0.E0,1.25E-1));
#1838=DIRECTION('',(1.E0,0.E0,0.E0));
#1839=DIRECTION('',(0.E0,0.E0,-1.E0));
#1840=AXIS2_PLACEMENT_3D('',#1837,#1838,#1839);
#1841=PLANE('',#1840);
#1842=ORIENTED_EDGE('',*,*,#1182,.T.);
#1843=ORIENTED_EDGE('',*,*,#1832,.T.);
#1844=ORIENTED_EDGE('',*,*,#1361,.F.);
#1846=ORIENTED_EDGE('',*,*,#1845,.F.);
#1847=EDGE_LOOP('',(#1842,#1843,#1844,#1846));
#1848=FACE_OUTER_BOUND('',#1847,.F.);
#1850=CARTESIAN_POINT('',(-1.E0,0.E0,1.25E-1));
#1851=DIRECTION('',(0.E0,0.E0,1.E0));
#1852=DIRECTION('',(1.E0,0.E0,0.E0));
#1853=AXIS2_PLACEMENT_3D('',#1850,#1851,#1852);
#1854=PLANE('',#1853);
#1855=ORIENTED_EDGE('',*,*,#1184,.T.);
#1856=ORIENTED_EDGE('',*,*,#1845,.T.);
#1857=ORIENTED_EDGE('',*,*,#1359,.F.);
#1858=ORIENTED_EDGE('',*,*,#1454,.F.);
#1859=EDGE_LOOP('',(#1855,#1856,#1857,#1858));
#1860=FACE_OUTER_BOUND('',#1859,.F.);
#1862=CARTESIAN_POINT('',(-3.E-1,0.E0,3.75E-1));
#1863=DIRECTION('',(0.E0,0.E0,-1.E0));
#1864=DIRECTION('',(-1.E0,0.E0,0.E0));
#1865=AXIS2_PLACEMENT_3D('',#1862,#1863,#1864);
#1866=PLANE('',#1865);
#1867=ORIENTED_EDGE('',*,*,#1188,.F.);
#1868=ORIENTED_EDGE('',*,*,#1451,.T.);
#1869=ORIENTED_EDGE('',*,*,#1355,.T.);
#1871=ORIENTED_EDGE('',*,*,#1870,.F.);
#1872=EDGE_LOOP('',(#1867,#1868,#1869,#1871));
#1873=FACE_OUTER_BOUND('',#1872,.F.);
#1875=CARTESIAN_POINT('',(-3.E-1,0.E0,6.25E-1));
#1876=DIRECTION('',(1.E0,0.E0,0.E0));
#1877=DIRECTION('',(0.E0,0.E0,-1.E0));
#1878=AXIS2_PLACEMENT_3D('',#1875,#1876,#1877);
#1879=PLANE('',#1878);
#1880=ORIENTED_EDGE('',*,*,#1190,.T.);
#1881=ORIENTED_EDGE('',*,*,#1870,.T.);
#1882=ORIENTED_EDGE('',*,*,#1353,.F.);
#1884=ORIENTED_EDGE('',*,*,#1883,.F.);
#1885=EDGE_LOOP('',(#1880,#1881,#1882,#1884));
#1886=FACE_OUTER_BOUND('',#1885,.F.);
#1888=CARTESIAN_POINT('',(-1.E0,0.E0,6.25E-1));
#1889=DIRECTION('',(0.E0,0.E0,1.E0));
#1890=DIRECTION('',(1.E0,0.E0,0.E0));
#1891=AXIS2_PLACEMENT_3D('',#1888,#1889,#1890);
#1892=PLANE('',#1891);
#1893=ORIENTED_EDGE('',*,*,#1192,.T.);
#1894=ORIENTED_EDGE('',*,*,#1883,.T.);
#1895=ORIENTED_EDGE('',*,*,#1351,.F.);
#1896=ORIENTED_EDGE('',*,*,#1482,.F.);
#1897=EDGE_LOOP('',(#1893,#1894,#1895,#1896));
#1898=FACE_OUTER_BOUND('',#1897,.F.);
#1900=CARTESIAN_POINT('',(-1.E0,0.E0,1.125E0));
#1901=DIRECTION('',(0.E0,0.E0,1.E0));
#1902=DIRECTION('',(1.E0,0.E0,0.E0));
#1903=AXIS2_PLACEMENT_3D('',#1900,#1901,#1902);
#1904=PLANE('',#1903);
#1905=ORIENTED_EDGE('',*,*,#1200,.T.);
#1907=ORIENTED_EDGE('',*,*,#1906,.T.);
#1908=ORIENTED_EDGE('',*,*,#1343,.F.);
#1909=ORIENTED_EDGE('',*,*,#1465,.F.);
#1910=EDGE_LOOP('',(#1905,#1907,#1908,#1909));
#1911=FACE_OUTER_BOUND('',#1910,.F.);
#1913=CARTESIAN_POINT('',(-3.E-1,0.E0,1.125E0));
#1914=DIRECTION('',(1.E0,0.E0,0.E0));
#1915=DIRECTION('',(0.E0,0.E0,-1.E0));
#1916=AXIS2_PLACEMENT_3D('',#1913,#1914,#1915);
#1917=PLANE('',#1916);
#1918=ORIENTED_EDGE('',*,*,#1198,.T.);
#1920=ORIENTED_EDGE('',*,*,#1919,.T.);
#1921=ORIENTED_EDGE('',*,*,#1345,.F.);
#1922=ORIENTED_EDGE('',*,*,#1906,.F.);
#1923=EDGE_LOOP('',(#1918,#1920,#1921,#1922));
#1924=FACE_OUTER_BOUND('',#1923,.F.);
#1926=CARTESIAN_POINT('',(-3.E-1,0.E0,8.75E-1));
#1927=DIRECTION('',(0.E0,0.E0,-1.E0));
#1928=DIRECTION('',(-1.E0,0.E0,0.E0));
#1929=AXIS2_PLACEMENT_3D('',#1926,#1927,#1928);
#1930=PLANE('',#1929);
#1931=ORIENTED_EDGE('',*,*,#1196,.F.);
#1932=ORIENTED_EDGE('',*,*,#1479,.T.);
#1933=ORIENTED_EDGE('',*,*,#1347,.T.);
#1934=ORIENTED_EDGE('',*,*,#1919,.F.);
#1935=EDGE_LOOP('',(#1931,#1932,#1933,#1934));
#1936=FACE_OUTER_BOUND('',#1935,.F.);
#1938=CLOSED_SHELL('',(#1254,#1269,#1283,#1379,#1392,#1405,#1418,#1431,#1445,
#1459,#1473,#1487,#1500,#1513,#1527,#1541,#1555,#1569,#1583,#1596,#1609,#1621,
#1634,#1647,#1659,#1672,#1685,#1697,#1710,#1723,#1735,#1748,#1761,#1773,#1785,
#1798,#1811,#1823,#1836,#1849,#1861,#1874,#1887,#1899,#1912,#1925,#1937));
#1939=MANIFOLD_SOLID_BREP('',#1938);
#1940=FILL_AREA_STYLE_COLOUR('',#29);
#1941=FILL_AREA_STYLE('',(#1940));
#1942=SURFACE_STYLE_FILL_AREA(#1941);
#1943=SURFACE_SIDE_STYLE('',(#1942));
#1944=SURFACE_STYLE_USAGE(.BOTH.,#1943);
#1945=PRESENTATION_STYLE_ASSIGNMENT((#1944));
#30=STYLED_ITEM('',(#1945),#1939);
#1948=PLANE_ANGLE_MEASURE_WITH_UNIT(PLANE_ANGLE_MEASURE(1.745329251994E-2),
#1947);
#1949=(CONVERSION_BASED_UNIT('DEGREE',#1948)NAMED_UNIT(*)PLANE_ANGLE_UNIT());
#1951=UNCERTAINTY_MEASURE_WITH_UNIT(LENGTH_MEASURE(3.521577461855E-4),#1946,
'distance_accuracy_value',
'Maximum model space distance between geometric entities at asserted connectivities');
#1953=CARTESIAN_POINT('',(0.E0,0.E0,0.E0));
#1954=DIRECTION('',(0.E0,0.E0,1.E0));
#1955=DIRECTION('',(1.E0,0.E0,0.E0));
#1958=APPLICATION_CONTEXT('automotive_design');
#1959=APPLICATION_PROTOCOL_DEFINITION('international standard',
'automotive_design',2001,#1958);
#1960=PRODUCT_DEFINITION_CONTEXT('part definition',#1958,'design');
#1961=PRODUCT_CONTEXT('',#1958,'mechanical');
#1962=PRODUCT('SOLDERMASK-BTM-SIL0010D','SOLDERMASK-BTM-SIL0010D',
'NOT SPECIFIED',(#1961));
#1963=PRODUCT_DEFINITION_FORMATION('70','LAST_VERSION',#1962);
#1971=DERIVED_UNIT_ELEMENT(#1970,2.E0);
#1972=DERIVED_UNIT((#1971));
#1973=MEASURE_REPRESENTATION_ITEM('surface area measure',AREA_MEASURE(
7.192807900429E0),#1972);
#1978=DERIVED_UNIT_ELEMENT(#1977,3.E0);
#1979=DERIVED_UNIT((#1978));
#1980=MEASURE_REPRESENTATION_ITEM('volume measure',VOLUME_MEASURE
(9.755859375E-2),#1979);
#1984=CARTESIAN_POINT('centre point',(-1.926926926927E-4,1.5E-2,
-6.631631631631E-4));
#1989=DERIVED_UNIT_ELEMENT(#1988,2.E0);
#1990=DERIVED_UNIT((#1989));
#1991=MEASURE_REPRESENTATION_ITEM('surface area measure',AREA_MEASURE(
7.192807900429E0),#1990);
#1996=DERIVED_UNIT_ELEMENT(#1995,3.E0);
#1997=DERIVED_UNIT((#1996));
#1998=MEASURE_REPRESENTATION_ITEM('volume measure',VOLUME_MEASURE
(9.755859375E-2),#1997);
#2002=CARTESIAN_POINT('centre point',(-1.926926926927E-4,1.5E-2,
-6.631631631631E-4));
#2007=(GEOMETRIC_REPRESENTATION_CONTEXT(2)PARAMETRIC_REPRESENTATION_CONTEXT()REPRESENTATION_CONTEXT('2D coordinate system context','2'));
#2008=DRAUGHTING_MODEL('Default',(#2020,#2021,#2037),#2007);
#2009=PRESENTATION_VIEW('Default',(#2028,#2041),#2007);
#2010=CARTESIAN_POINT('',(0.E0,0.E0,0.E0));
#2011=CARTESIAN_POINT('',(-1.569229043322E0,-1.310852169654E0,
6.505142829551E0));
#2012=DIRECTION('',(0.E0,0.E0,1.E0));
#2013=DIRECTION('',(1.E0,0.E0,0.E0));
#2014=AXIS2_PLACEMENT_3D('',#2011,#2012,#2013);
#2016=VIEW_VOLUME(.PARALLEL.,#2010,6.505142829551E0,6.505142829551E0,.T.,0.E0,
.F.,.T.,#2015);
#2017=CARTESIAN_POINT('',(1.087866274704E0,4.357249393701E0,5.131142282514E0));
#2018=DIRECTION('',(3.894183423087E-1,7.214918620107E-1,5.725406952575E-1));
#2019=DIRECTION('',(9.210609940029E-1,-3.050418666329E-1,-2.420663234065E-1));
#2020=AXIS2_PLACEMENT_3D('',#2017,#2018,#2019);
#2021=CAMERA_MODEL_D3_WITH_HLHSR('DEFAULT',#2020,#2016,.F.);
#2023=CARTESIAN_POINT('',(-5.014621857961E2,-4.188953786242E2,
2.078780759319E3));
#2024=DIRECTION('',(0.E0,0.E0,1.E0));
#2025=DIRECTION('',(1.E0,0.E0,0.E0));
#2026=AXIS2_PLACEMENT_3D('',#2023,#2024,#2025);
#2028=(CAMERA_IMAGE()CAMERA_IMAGE_3D_WITH_SCALE()GEOMETRIC_REPRESENTATION_ITEM()MAPPED_ITEM(#2022,#2027)REPRESENTATION_ITEM(''));
#2029=CARTESIAN_POINT('',(-1.569229043322E0,-1.310852169654E0,
6.505142829551E0));
#2030=DIRECTION('',(0.E0,0.E0,1.E0));
#2031=DIRECTION('',(1.E0,0.E0,0.E0));
#2032=AXIS2_PLACEMENT_3D('',#2029,#2030,#2031);
#2033=REPRESENTATION_MAP(#2032,#1957);
#2034=CARTESIAN_POINT('',(0.E0,0.E0));
#2035=DIRECTION('',(1.E0,0.E0));
#2036=AXIS2_PLACEMENT_2D('',#2034,#2035);
#2037=MAPPED_ITEM('',#2033,#2036);
#2038=CARTESIAN_POINT('',(-1.569229043322E0,-1.310852169654E0,
6.505142829551E0));
#2039=DIRECTION('',(0.E0,0.E0,1.E0));
#2040=DIRECTION('',(1.E0,0.E0,0.E0));
#2041=AXIS2_PLACEMENT_3D('',#2038,#2039,#2040);
#2042=REPRESENTATION_MAP(#2041,#2009);
#2043=CARTESIAN_POINT('',(0.E0,0.E0));
#2044=DIRECTION('',(1.E0,0.E0));
#2045=AXIS2_PLACEMENT_2D('',#2043,#2044);
#2046=MAPPED_ITEM('',#2042,#2045);
#2048=CARTESIAN_POINT('',(0.E0,0.E0));
#2049=DIRECTION('',(1.E0,0.E0));
#2050=AXIS2_PLACEMENT_2D('',#2048,#2049);
#2051=PLANAR_BOX('',1.E3,8.4375E2,#2050);
#2052=PRESENTATION_SIZE(#2047,#2051);
#2053=PRESENTATION_SET();
#2054=AREA_IN_SET(#2047,#2053);
#2055=APPLIED_PRESENTED_ITEM((#1964));
#2056=PRESENTED_ITEM_REPRESENTATION(#2053,#2055);
#2062=CARTESIAN_POINT('centre point',(-1.926926926927E-4,6.631631631631E-4,
1.5E-2));
#2066=CARTESIAN_POINT('',(0.E0,0.E0,0.E0));
#2067=DIRECTION('',(0.E0,-1.E0,0.E0));
#2068=DIRECTION('',(1.E0,0.E0,0.E0));
#2069=AXIS2_PLACEMENT_3D('',#2066,#2067,#2068);
#2070=ITEM_DEFINED_TRANSFORMATION('','',#1956,#2069);
#2071=(REPRESENTATION_RELATIONSHIP('','',#1957,#2059)REPRESENTATION_RELATIONSHIP_WITH_TRANSFORMATION(#2070)SHAPE_REPRESENTATION_RELATIONSHIP());
#2072=CONTEXT_DEPENDENT_SHAPE_REPRESENTATION(#2071,#2061);
#2074=DIRECTION('',(0.E0,0.E0,1.E0));
#2075=VECTOR('',#2074,2.5E0);
#2076=CARTESIAN_POINT('',(-1.E0,0.E0,-1.25E0));
#2077=LINE('',#2076,#2075);
#2078=CURVE_STYLE('',#35,POSITIVE_LENGTH_MEASURE(2.E-2),#21);
#2079=PRESENTATION_STYLE_ASSIGNMENT((#2078));
#2080=STYLED_ITEM('',(#2079),#2077);
#2081=DIRECTION('',(1.E0,0.E0,0.E0));
#2082=VECTOR('',#2081,2.E0);
#2083=CARTESIAN_POINT('',(-1.E0,0.E0,1.25E0));
#2084=LINE('',#2083,#2082);
#2085=CURVE_STYLE('',#35,POSITIVE_LENGTH_MEASURE(2.E-2),#21);
#2086=PRESENTATION_STYLE_ASSIGNMENT((#2085));
#2087=STYLED_ITEM('',(#2086),#2084);
#2088=DIRECTION('',(0.E0,0.E0,-1.E0));
#2089=VECTOR('',#2088,2.5E0);
#2090=CARTESIAN_POINT('',(1.E0,0.E0,1.25E0));
#2091=LINE('',#2090,#2089);
#2092=CURVE_STYLE('',#35,POSITIVE_LENGTH_MEASURE(2.E-2),#21);
#2093=PRESENTATION_STYLE_ASSIGNMENT((#2092));
#2094=STYLED_ITEM('',(#2093),#2091);
#2095=DIRECTION('',(-1.E0,0.E0,0.E0));
#2096=VECTOR('',#2095,2.E0);
#2097=CARTESIAN_POINT('',(1.E0,0.E0,-1.25E0));
#2098=LINE('',#2097,#2096);
#2099=CURVE_STYLE('',#35,POSITIVE_LENGTH_MEASURE(2.E-2),#21);
#2100=PRESENTATION_STYLE_ASSIGNMENT((#2099));
#2101=STYLED_ITEM('',(#2100),#2098);
#2102=DIRECTION('',(0.E0,1.E0,0.E0));
#2103=VECTOR('',#2102,1.4E-1);
#2104=CARTESIAN_POINT('',(-1.E0,0.E0,-1.25E0));
#2105=LINE('',#2104,#2103);
#2106=CURVE_STYLE('',#35,POSITIVE_LENGTH_MEASURE(2.E-2),#21);
#2107=PRESENTATION_STYLE_ASSIGNMENT((#2106));
#2108=STYLED_ITEM('',(#2107),#2105);
#2109=DIRECTION('',(0.E0,1.E0,0.E0));
#2110=VECTOR('',#2109,1.4E-1);
#2111=CARTESIAN_POINT('',(1.E0,0.E0,-1.25E0));
#2112=LINE('',#2111,#2110);
#2113=CURVE_STYLE('',#35,POSITIVE_LENGTH_MEASURE(2.E-2),#21);
#2114=PRESENTATION_STYLE_ASSIGNMENT((#2113));
#2115=STYLED_ITEM('',(#2114),#2112);
#2116=DIRECTION('',(0.E0,1.E0,0.E0));
#2117=VECTOR('',#2116,1.4E-1);
#2118=CARTESIAN_POINT('',(1.E0,0.E0,1.25E0));
#2119=LINE('',#2118,#2117);
#2120=CURVE_STYLE('',#35,POSITIVE_LENGTH_MEASURE(2.E-2),#21);
#2121=PRESENTATION_STYLE_ASSIGNMENT((#2120));
#2122=STYLED_ITEM('',(#2121),#2119);
#2123=DIRECTION('',(0.E0,1.E0,0.E0));
#2124=VECTOR('',#2123,1.4E-1);
#2125=CARTESIAN_POINT('',(-1.E0,0.E0,1.25E0));
#2126=LINE('',#2125,#2124);
#2127=CURVE_STYLE('',#35,POSITIVE_LENGTH_MEASURE(2.E-2),#21);
#2128=PRESENTATION_STYLE_ASSIGNMENT((#2127));
#2129=STYLED_ITEM('',(#2128),#2126);
#2130=DIRECTION('',(0.E0,0.E0,1.E0));
#2131=VECTOR('',#2130,2.5E0);
#2132=CARTESIAN_POINT('',(-1.E0,1.4E-1,-1.25E0));
#2133=LINE('',#2132,#2131);
#2134=CURVE_STYLE('',#35,POSITIVE_LENGTH_MEASURE(2.E-2),#21);
#2135=PRESENTATION_STYLE_ASSIGNMENT((#2134));
#2136=STYLED_ITEM('',(#2135),#2133);
#2137=DIRECTION('',(-1.E0,0.E0,0.E0));
#2138=VECTOR('',#2137,2.E0);
#2139=CARTESIAN_POINT('',(1.E0,1.4E-1,-1.25E0));
#2140=LINE('',#2139,#2138);
#2141=CURVE_STYLE('',#35,POSITIVE_LENGTH_MEASURE(2.E-2),#21);
#2142=PRESENTATION_STYLE_ASSIGNMENT((#2141));
#2143=STYLED_ITEM('',(#2142),#2140);
#2144=DIRECTION('',(0.E0,0.E0,-1.E0));
#2145=VECTOR('',#2144,2.5E0);
#2146=CARTESIAN_POINT('',(1.E0,1.4E-1,1.25E0));
#2147=LINE('',#2146,#2145);
#2148=CURVE_STYLE('',#35,POSITIVE_LENGTH_MEASURE(2.E-2),#21);
#2149=PRESENTATION_STYLE_ASSIGNMENT((#2148));
#2150=STYLED_ITEM('',(#2149),#2147);
#2151=DIRECTION('',(1.E0,0.E0,0.E0));
#2152=VECTOR('',#2151,2.E0);
#2153=CARTESIAN_POINT('',(-1.E0,1.4E-1,1.25E0));
#2154=LINE('',#2153,#2152);
#2155=CURVE_STYLE('',#35,POSITIVE_LENGTH_MEASURE(2.E-2),#21);
#2156=PRESENTATION_STYLE_ASSIGNMENT((#2155));
#2157=STYLED_ITEM('',(#2156),#2154);
#2158=CARTESIAN_POINT('',(-1.E0,0.E0,-1.25E0));
#2159=CARTESIAN_POINT('',(-1.E0,0.E0,1.25E0));
#2160=VERTEX_POINT('',#2158);
#2161=VERTEX_POINT('',#2159);
#2162=CARTESIAN_POINT('',(1.E0,0.E0,1.25E0));
#2163=VERTEX_POINT('',#2162);
#2164=CARTESIAN_POINT('',(1.E0,0.E0,-1.25E0));
#2165=VERTEX_POINT('',#2164);
#2166=CARTESIAN_POINT('',(-1.E0,1.4E-1,-1.25E0));
#2167=CARTESIAN_POINT('',(-1.E0,1.4E-1,1.25E0));
#2168=VERTEX_POINT('',#2166);
#2169=VERTEX_POINT('',#2167);
#2170=CARTESIAN_POINT('',(1.E0,1.4E-1,1.25E0));
#2171=VERTEX_POINT('',#2170);
#2172=CARTESIAN_POINT('',(1.E0,1.4E-1,-1.25E0));
#2173=VERTEX_POINT('',#2172);
#2174=CARTESIAN_POINT('',(0.E0,0.E0,0.E0));
#2175=DIRECTION('',(0.E0,1.E0,0.E0));
#2176=DIRECTION('',(1.E0,0.E0,0.E0));
#2177=AXIS2_PLACEMENT_3D('',#2174,#2175,#2176);
#2178=PLANE('',#2177);
#2180=ORIENTED_EDGE('',*,*,#2179,.T.);
#2182=ORIENTED_EDGE('',*,*,#2181,.T.);
#2184=ORIENTED_EDGE('',*,*,#2183,.T.);
#2186=ORIENTED_EDGE('',*,*,#2185,.T.);
#2187=EDGE_LOOP('',(#2180,#2182,#2184,#2186));
#2188=FACE_OUTER_BOUND('',#2187,.F.);
#2190=CARTESIAN_POINT('',(-1.E0,0.E0,-1.25E0));
#2191=DIRECTION('',(-1.E0,0.E0,0.E0));
#2192=DIRECTION('',(0.E0,0.E0,1.E0));
#2193=AXIS2_PLACEMENT_3D('',#2190,#2191,#2192);
#2194=PLANE('',#2193);
#2195=ORIENTED_EDGE('',*,*,#2179,.F.);
#2197=ORIENTED_EDGE('',*,*,#2196,.T.);
#2199=ORIENTED_EDGE('',*,*,#2198,.T.);
#2201=ORIENTED_EDGE('',*,*,#2200,.F.);
#2202=EDGE_LOOP('',(#2195,#2197,#2199,#2201));
#2203=FACE_OUTER_BOUND('',#2202,.F.);
#2205=CARTESIAN_POINT('',(1.E0,0.E0,-1.25E0));
#2206=DIRECTION('',(0.E0,0.E0,-1.E0));
#2207=DIRECTION('',(-1.E0,0.E0,0.E0));
#2208=AXIS2_PLACEMENT_3D('',#2205,#2206,#2207);
#2209=PLANE('',#2208);
#2210=ORIENTED_EDGE('',*,*,#2185,.F.);
#2212=ORIENTED_EDGE('',*,*,#2211,.T.);
#2214=ORIENTED_EDGE('',*,*,#2213,.T.);
#2215=ORIENTED_EDGE('',*,*,#2196,.F.);
#2216=EDGE_LOOP('',(#2210,#2212,#2214,#2215));
#2217=FACE_OUTER_BOUND('',#2216,.F.);
#2219=CARTESIAN_POINT('',(1.E0,0.E0,1.25E0));
#2220=DIRECTION('',(1.E0,0.E0,0.E0));
#2221=DIRECTION('',(0.E0,0.E0,-1.E0));
#2222=AXIS2_PLACEMENT_3D('',#2219,#2220,#2221);
#2223=PLANE('',#2222);
#2224=ORIENTED_EDGE('',*,*,#2183,.F.);
#2226=ORIENTED_EDGE('',*,*,#2225,.T.);
#2228=ORIENTED_EDGE('',*,*,#2227,.T.);
#2229=ORIENTED_EDGE('',*,*,#2211,.F.);
#2230=EDGE_LOOP('',(#2224,#2226,#2228,#2229));
#2231=FACE_OUTER_BOUND('',#2230,.F.);
#2233=CARTESIAN_POINT('',(-1.E0,0.E0,1.25E0));
#2234=DIRECTION('',(0.E0,0.E0,1.E0));
#2235=DIRECTION('',(1.E0,0.E0,0.E0));
#2236=AXIS2_PLACEMENT_3D('',#2233,#2234,#2235);
#2237=PLANE('',#2236);
#2238=ORIENTED_EDGE('',*,*,#2181,.F.);
#2239=ORIENTED_EDGE('',*,*,#2200,.T.);
#2241=ORIENTED_EDGE('',*,*,#2240,.T.);
#2242=ORIENTED_EDGE('',*,*,#2225,.F.);
#2243=EDGE_LOOP('',(#2238,#2239,#2241,#2242));
#2244=FACE_OUTER_BOUND('',#2243,.F.);
#2246=CARTESIAN_POINT('',(0.E0,1.4E-1,0.E0));
#2247=DIRECTION('',(0.E0,1.E0,0.E0));
#2248=DIRECTION('',(1.E0,0.E0,0.E0));
#2249=AXIS2_PLACEMENT_3D('',#2246,#2247,#2248);
#2250=PLANE('',#2249);
#2251=ORIENTED_EDGE('',*,*,#2198,.F.);
#2252=ORIENTED_EDGE('',*,*,#2213,.F.);
#2253=ORIENTED_EDGE('',*,*,#2227,.F.);
#2254=ORIENTED_EDGE('',*,*,#2240,.F.);
#2255=EDGE_LOOP('',(#2251,#2252,#2253,#2254));
#2256=FACE_OUTER_BOUND('',#2255,.F.);
#2258=CLOSED_SHELL('',(#2189,#2204,#2218,#2232,#2245,#2257));
#2259=MANIFOLD_SOLID_BREP('',#2258);
#2260=FILL_AREA_STYLE_COLOUR('',#21);
#2261=FILL_AREA_STYLE('',(#2260));
#2262=SURFACE_STYLE_FILL_AREA(#2261);
#2263=SURFACE_SIDE_STYLE('',(#2262));
#2264=SURFACE_STYLE_USAGE(.BOTH.,#2263);
#2265=PRESENTATION_STYLE_ASSIGNMENT((#2264));
#2073=STYLED_ITEM('',(#2265),#2259);
#2268=PLANE_ANGLE_MEASURE_WITH_UNIT(PLANE_ANGLE_MEASURE(1.745329251994E-2),
#2267);
#2269=(CONVERSION_BASED_UNIT('DEGREE',#2268)NAMED_UNIT(*)PLANE_ANGLE_UNIT());
#2271=UNCERTAINTY_MEASURE_WITH_UNIT(LENGTH_MEASURE(3.521577461855E-4),#2266,
'distance_accuracy_value',
'Maximum model space distance between geometric entities at asserted connectivities');
#2273=CARTESIAN_POINT('',(0.E0,0.E0,0.E0));
#2274=DIRECTION('',(0.E0,0.E0,1.E0));
#2275=DIRECTION('',(1.E0,0.E0,0.E0));
#2278=PRODUCT_CONTEXT('',#1958,'mechanical');
#2279=PRODUCT('SUBSTRATE-SIP','SUBSTRATE-SIP','NOT SPECIFIED',(#2278));
#2280=PRODUCT_DEFINITION_FORMATION('25','LAST_VERSION',#2279);
#2288=DERIVED_UNIT_ELEMENT(#2287,2.E0);
#2289=DERIVED_UNIT((#2288));
#2290=MEASURE_REPRESENTATION_ITEM('surface area measure',AREA_MEASURE(1.126E1),
#2289);
#2295=DERIVED_UNIT_ELEMENT(#2294,3.E0);
#2296=DERIVED_UNIT((#2295));
#2297=MEASURE_REPRESENTATION_ITEM('volume measure',VOLUME_MEASURE(7.E-1),#2296);
#2301=CARTESIAN_POINT('centre point',(0.E0,7.E-2,0.E0));
#2306=DERIVED_UNIT_ELEMENT(#2305,2.E0);
#2307=DERIVED_UNIT((#2306));
#2308=MEASURE_REPRESENTATION_ITEM('surface area measure',AREA_MEASURE(1.126E1),
#2307);
#2313=DERIVED_UNIT_ELEMENT(#2312,3.E0);
#2314=DERIVED_UNIT((#2313));
#2315=MEASURE_REPRESENTATION_ITEM('volume measure',VOLUME_MEASURE(7.E-1),#2314);
#2319=CARTESIAN_POINT('centre point',(0.E0,7.E-2,0.E0));
#2324=DRAUGHTING_MODEL('Default',(#2336,#2337,#2353),#2007);
#2325=PRESENTATION_VIEW('Default',(#2344,#2357),#2007);
#2326=CARTESIAN_POINT('',(0.E0,0.E0,0.E0));
#2327=CARTESIAN_POINT('',(-1.607004759143E0,-1.294381032500E0,
6.552833173271E0));
#2328=DIRECTION('',(0.E0,0.E0,1.E0));
#2329=DIRECTION('',(1.E0,0.E0,0.E0));
#2330=AXIS2_PLACEMENT_3D('',#2327,#2328,#2329);
#2332=VIEW_VOLUME(.PARALLEL.,#2326,6.552833173271E0,6.552833173271E0,.T.,0.E0,
.F.,.T.,#2331);
#2333=CARTESIAN_POINT('',(1.071644030937E0,4.413419386503E0,5.154688888741E0));
#2334=DIRECTION('',(3.894183423087E-1,7.214918620107E-1,5.725406952575E-1));
#2335=DIRECTION('',(9.210609940029E-1,-3.050418666329E-1,-2.420663234065E-1));
#2336=AXIS2_PLACEMENT_3D('',#2333,#2334,#2335);
#2337=CAMERA_MODEL_D3_WITH_HLHSR('DEFAULT',#2336,#2332,.F.);
#2339=CARTESIAN_POINT('',(-5.067331712677E2,-4.081542395539E2,
2.066290044126E3));
#2340=DIRECTION('',(0.E0,0.E0,1.E0));
#2341=DIRECTION('',(1.E0,0.E0,0.E0));
#2342=AXIS2_PLACEMENT_3D('',#2339,#2340,#2341);
#2344=(CAMERA_IMAGE()CAMERA_IMAGE_3D_WITH_SCALE()GEOMETRIC_REPRESENTATION_ITEM()MAPPED_ITEM(#2338,#2343)REPRESENTATION_ITEM(''));
#2345=CARTESIAN_POINT('',(-1.607004759143E0,-1.294381032500E0,
6.552833173271E0));
#2346=DIRECTION('',(0.E0,0.E0,1.E0));
#2347=DIRECTION('',(1.E0,0.E0,0.E0));
#2348=AXIS2_PLACEMENT_3D('',#2345,#2346,#2347);
#2349=REPRESENTATION_MAP(#2348,#2277);
#2350=CARTESIAN_POINT('',(0.E0,0.E0));
#2351=DIRECTION('',(1.E0,0.E0));
#2352=AXIS2_PLACEMENT_2D('',#2350,#2351);
#2353=MAPPED_ITEM('',#2349,#2352);
#2354=CARTESIAN_POINT('',(-1.607004759143E0,-1.294381032500E0,
6.552833173271E0));
#2355=DIRECTION('',(0.E0,0.E0,1.E0));
#2356=DIRECTION('',(1.E0,0.E0,0.E0));
#2357=AXIS2_PLACEMENT_3D('',#2354,#2355,#2356);
#2358=REPRESENTATION_MAP(#2357,#2325);
#2359=CARTESIAN_POINT('',(0.E0,0.E0));
#2360=DIRECTION('',(1.E0,0.E0));
#2361=AXIS2_PLACEMENT_2D('',#2359,#2360);
#2362=MAPPED_ITEM('',#2358,#2361);
#2364=CARTESIAN_POINT('',(0.E0,0.E0));
#2365=DIRECTION('',(1.E0,0.E0));
#2366=AXIS2_PLACEMENT_2D('',#2364,#2365);
#2367=PLANAR_BOX('',1.E3,8.4375E2,#2366);
#2368=PRESENTATION_SIZE(#2363,#2367);
#2369=PRESENTATION_SET();
#2370=AREA_IN_SET(#2363,#2369);
#2371=APPLIED_PRESENTED_ITEM((#2281));
#2372=PRESENTED_ITEM_REPRESENTATION(#2369,#2371);
#2375=CARTESIAN_POINT('centre point',(0.E0,0.E0,1.E-1));
#2379=CARTESIAN_POINT('',(0.E0,0.E0,3.E-2));
#2380=DIRECTION('',(0.E0,-1.E0,0.E0));
#2381=DIRECTION('',(1.E0,0.E0,0.E0));
#2382=AXIS2_PLACEMENT_3D('',#2379,#2380,#2381);
#2383=ITEM_DEFINED_TRANSFORMATION('','',#2276,#2382);
#2384=(REPRESENTATION_RELATIONSHIP('','',#2277,#2059)REPRESENTATION_RELATIONSHIP_WITH_TRANSFORMATION(#2383)SHAPE_REPRESENTATION_RELATIONSHIP());
#2385=CONTEXT_DEPENDENT_SHAPE_REPRESENTATION(#2384,#2374);
#2388=DIRECTION('',(0.E0,0.E0,1.E0));
#2389=VECTOR('',#2388,2.5E0);
#2390=CARTESIAN_POINT('',(-1.E0,0.E0,-1.25E0));
#2391=LINE('',#2390,#2389);
#2392=CURVE_STYLE('',#35,POSITIVE_LENGTH_MEASURE(2.E-2),#2386);
#2393=PRESENTATION_STYLE_ASSIGNMENT((#2392));
#2394=STYLED_ITEM('',(#2393),#2391);
#2395=DIRECTION('',(1.E0,0.E0,0.E0));
#2396=VECTOR('',#2395,2.E0);
#2397=CARTESIAN_POINT('',(-1.E0,0.E0,1.25E0));
#2398=LINE('',#2397,#2396);
#2399=CURVE_STYLE('',#35,POSITIVE_LENGTH_MEASURE(2.E-2),#2386);
#2400=PRESENTATION_STYLE_ASSIGNMENT((#2399));
#2401=STYLED_ITEM('',(#2400),#2398);
#2402=DIRECTION('',(0.E0,0.E0,-1.E0));
#2403=VECTOR('',#2402,2.5E0);
#2404=CARTESIAN_POINT('',(1.E0,0.E0,1.25E0));
#2405=LINE('',#2404,#2403);
#2406=CURVE_STYLE('',#35,POSITIVE_LENGTH_MEASURE(2.E-2),#2386);
#2407=PRESENTATION_STYLE_ASSIGNMENT((#2406));
#2408=STYLED_ITEM('',(#2407),#2405);
#2409=DIRECTION('',(-1.E0,0.E0,0.E0));
#2410=VECTOR('',#2409,2.E0);
#2411=CARTESIAN_POINT('',(1.E0,0.E0,-1.25E0));
#2412=LINE('',#2411,#2410);
#2413=CURVE_STYLE('',#35,POSITIVE_LENGTH_MEASURE(2.E-2),#2386);
#2414=PRESENTATION_STYLE_ASSIGNMENT((#2413));
#2415=STYLED_ITEM('',(#2414),#2412);
#2416=DIRECTION('',(1.E0,0.E0,0.E0));
#2417=VECTOR('',#2416,1.2E0);
#2418=CARTESIAN_POINT('',(-6.E-1,0.E0,-3.E-1));
#2419=LINE('',#2418,#2417);
#2420=CURVE_STYLE('',#35,POSITIVE_LENGTH_MEASURE(2.E-2),#2386);
#2421=PRESENTATION_STYLE_ASSIGNMENT((#2420));
#2422=STYLED_ITEM('',(#2421),#2419);
#2423=DIRECTION('',(0.E0,0.E0,1.E0));
#2424=VECTOR('',#2423,6.5E-1);
#2425=CARTESIAN_POINT('',(-6.5E-1,0.E0,-1.E0));
#2426=LINE('',#2425,#2424);
#2427=CURVE_STYLE('',#35,POSITIVE_LENGTH_MEASURE(2.E-2),#2386);
#2428=PRESENTATION_STYLE_ASSIGNMENT((#2427));
#2429=STYLED_ITEM('',(#2428),#2426);
#2430=DIRECTION('',(-1.E0,0.E0,0.E0));
#2431=VECTOR('',#2430,1.2E0);
#2432=CARTESIAN_POINT('',(6.E-1,0.E0,-1.05E0));
#2433=LINE('',#2432,#2431);
#2434=CURVE_STYLE('',#35,POSITIVE_LENGTH_MEASURE(2.E-2),#2386);
#2435=PRESENTATION_STYLE_ASSIGNMENT((#2434));
#2436=STYLED_ITEM('',(#2435),#2433);
#2437=DIRECTION('',(0.E0,0.E0,-1.E0));
#2438=VECTOR('',#2437,6.5E-1);
#2439=CARTESIAN_POINT('',(6.5E-1,0.E0,-3.5E-1));
#2440=LINE('',#2439,#2438);
#2441=CURVE_STYLE('',#35,POSITIVE_LENGTH_MEASURE(2.E-2),#2386);
#2442=PRESENTATION_STYLE_ASSIGNMENT((#2441));
#2443=STYLED_ITEM('',(#2442),#2440);
#2444=DIRECTION('',(1.E0,0.E0,0.E0));
#2445=VECTOR('',#2444,1.2E0);
#2446=CARTESIAN_POINT('',(-6.E-1,0.E0,3.E-1));
#2447=LINE('',#2446,#2445);
#2448=CURVE_STYLE('',#35,POSITIVE_LENGTH_MEASURE(2.E-2),#2386);
#2449=PRESENTATION_STYLE_ASSIGNMENT((#2448));
#2450=STYLED_ITEM('',(#2449),#2447);
#2451=DIRECTION('',(0.E0,0.E0,1.E0));
#2452=VECTOR('',#2451,6.5E-1);
#2453=CARTESIAN_POINT('',(6.5E-1,0.E0,3.5E-1));
#2454=LINE('',#2453,#2452);
#2455=CURVE_STYLE('',#35,POSITIVE_LENGTH_MEASURE(2.E-2),#2386);
#2456=PRESENTATION_STYLE_ASSIGNMENT((#2455));
#2457=STYLED_ITEM('',(#2456),#2454);
#2458=DIRECTION('',(-1.E0,0.E0,0.E0));
#2459=VECTOR('',#2458,1.2E0);
#2460=CARTESIAN_POINT('',(6.E-1,0.E0,1.05E0));
#2461=LINE('',#2460,#2459);
#2462=CURVE_STYLE('',#35,POSITIVE_LENGTH_MEASURE(2.E-2),#2386);
#2463=PRESENTATION_STYLE_ASSIGNMENT((#2462));
#2464=STYLED_ITEM('',(#2463),#2461);
#2465=DIRECTION('',(0.E0,0.E0,-1.E0));
#2466=VECTOR('',#2465,6.5E-1);
#2467=CARTESIAN_POINT('',(-6.5E-1,0.E0,1.E0));
#2468=LINE('',#2467,#2466);
#2469=CURVE_STYLE('',#35,POSITIVE_LENGTH_MEASURE(2.E-2),#2386);
#2470=PRESENTATION_STYLE_ASSIGNMENT((#2469));
#2471=STYLED_ITEM('',(#2470),#2468);
#2472=CARTESIAN_POINT('',(-8.E-1,0.E0,-1.05E0));
#2473=DIRECTION('',(0.E0,-1.E0,0.E0));
#2474=DIRECTION('',(1.E0,0.E0,0.E0));
#2475=AXIS2_PLACEMENT_3D('',#2472,#2473,#2474);
#2477=CURVE_STYLE('',#35,POSITIVE_LENGTH_MEASURE(2.E-2),#2386);
#2478=PRESENTATION_STYLE_ASSIGNMENT((#2477));
#2479=STYLED_ITEM('',(#2478),#2476);
#2480=CARTESIAN_POINT('',(-8.E-1,0.E0,-1.05E0));
#2481=DIRECTION('',(0.E0,-1.E0,0.E0));
#2482=DIRECTION('',(-1.E0,0.E0,0.E0));
#2483=AXIS2_PLACEMENT_3D('',#2480,#2481,#2482);
#2485=CURVE_STYLE('',#35,POSITIVE_LENGTH_MEASURE(2.E-2),#2386);
#2486=PRESENTATION_STYLE_ASSIGNMENT((#2485));
#2487=STYLED_ITEM('',(#2486),#2484);
#2488=DIRECTION('',(0.E0,1.E0,0.E0));
#2489=VECTOR('',#2488,3.E-2);
#2490=CARTESIAN_POINT('',(-1.E0,0.E0,-1.25E0));
#2491=LINE('',#2490,#2489);
#2492=CURVE_STYLE('',#35,POSITIVE_LENGTH_MEASURE(2.E-2),#2386);
#2493=PRESENTATION_STYLE_ASSIGNMENT((#2492));
#2494=STYLED_ITEM('',(#2493),#2491);
#2495=DIRECTION('',(0.E0,1.E0,0.E0));
#2496=VECTOR('',#2495,3.E-2);
#2497=CARTESIAN_POINT('',(1.E0,0.E0,-1.25E0));
#2498=LINE('',#2497,#2496);
#2499=CURVE_STYLE('',#35,POSITIVE_LENGTH_MEASURE(2.E-2),#2386);
#2500=PRESENTATION_STYLE_ASSIGNMENT((#2499));
#2501=STYLED_ITEM('',(#2500),#2498);
#2502=DIRECTION('',(0.E0,1.E0,0.E0));
#2503=VECTOR('',#2502,3.E-2);
#2504=CARTESIAN_POINT('',(1.E0,0.E0,1.25E0));
#2505=LINE('',#2504,#2503);
#2506=CURVE_STYLE('',#35,POSITIVE_LENGTH_MEASURE(2.E-2),#2386);
#2507=PRESENTATION_STYLE_ASSIGNMENT((#2506));
#2508=STYLED_ITEM('',(#2507),#2505);
#2509=DIRECTION('',(0.E0,1.E0,0.E0));
#2510=VECTOR('',#2509,3.E-2);
#2511=CARTESIAN_POINT('',(-1.E0,0.E0,1.25E0));
#2512=LINE('',#2511,#2510);
#2513=CURVE_STYLE('',#35,POSITIVE_LENGTH_MEASURE(2.E-2),#2386);
#2514=PRESENTATION_STYLE_ASSIGNMENT((#2513));
#2515=STYLED_ITEM('',(#2514),#2512);
#2516=DIRECTION('',(0.E0,0.E0,1.E0));
#2517=VECTOR('',#2516,2.5E0);
#2518=CARTESIAN_POINT('',(-1.E0,3.E-2,-1.25E0));
#2519=LINE('',#2518,#2517);
#2520=CURVE_STYLE('',#35,POSITIVE_LENGTH_MEASURE(2.E-2),#2386);
#2521=PRESENTATION_STYLE_ASSIGNMENT((#2520));
#2522=STYLED_ITEM('',(#2521),#2519);
#2523=DIRECTION('',(-1.E0,0.E0,0.E0));
#2524=VECTOR('',#2523,2.E0);
#2525=CARTESIAN_POINT('',(1.E0,3.E-2,-1.25E0));
#2526=LINE('',#2525,#2524);
#2527=CURVE_STYLE('',#35,POSITIVE_LENGTH_MEASURE(2.E-2),#2386);
#2528=PRESENTATION_STYLE_ASSIGNMENT((#2527));
#2529=STYLED_ITEM('',(#2528),#2526);
#2530=DIRECTION('',(0.E0,0.E0,-1.E0));
#2531=VECTOR('',#2530,2.5E0);
#2532=CARTESIAN_POINT('',(1.E0,3.E-2,1.25E0));
#2533=LINE('',#2532,#2531);
#2534=CURVE_STYLE('',#35,POSITIVE_LENGTH_MEASURE(2.E-2),#2386);
#2535=PRESENTATION_STYLE_ASSIGNMENT((#2534));
#2536=STYLED_ITEM('',(#2535),#2533);
#2537=DIRECTION('',(1.E0,0.E0,0.E0));
#2538=VECTOR('',#2537,2.E0);
#2539=CARTESIAN_POINT('',(-1.E0,3.E-2,1.25E0));
#2540=LINE('',#2539,#2538);
#2541=CURVE_STYLE('',#35,POSITIVE_LENGTH_MEASURE(2.E-2),#2386);
#2542=PRESENTATION_STYLE_ASSIGNMENT((#2541));
#2543=STYLED_ITEM('',(#2542),#2540);
#2544=DIRECTION('',(0.E0,0.E0,1.E0));
#2545=VECTOR('',#2544,6.5E-1);
#2546=CARTESIAN_POINT('',(-6.5E-1,3.E-2,-1.E0));
#2547=LINE('',#2546,#2545);
#2548=CURVE_STYLE('',#35,POSITIVE_LENGTH_MEASURE(2.E-2),#2386);
#2549=PRESENTATION_STYLE_ASSIGNMENT((#2548));
#2550=STYLED_ITEM('',(#2549),#2547);
#2551=DIRECTION('',(1.E0,0.E0,0.E0));
#2552=VECTOR('',#2551,1.2E0);
#2553=CARTESIAN_POINT('',(-6.E-1,3.E-2,-3.E-1));
#2554=LINE('',#2553,#2552);
#2555=CURVE_STYLE('',#35,POSITIVE_LENGTH_MEASURE(2.E-2),#2386);
#2556=PRESENTATION_STYLE_ASSIGNMENT((#2555));
#2557=STYLED_ITEM('',(#2556),#2554);
#2558=DIRECTION('',(0.E0,0.E0,-1.E0));
#2559=VECTOR('',#2558,6.5E-1);
#2560=CARTESIAN_POINT('',(6.5E-1,3.E-2,-3.5E-1));
#2561=LINE('',#2560,#2559);
#2562=CURVE_STYLE('',#35,POSITIVE_LENGTH_MEASURE(2.E-2),#2386);
#2563=PRESENTATION_STYLE_ASSIGNMENT((#2562));
#2564=STYLED_ITEM('',(#2563),#2561);
#2565=DIRECTION('',(-1.E0,0.E0,0.E0));
#2566=VECTOR('',#2565,1.2E0);
#2567=CARTESIAN_POINT('',(6.E-1,3.E-2,-1.05E0));
#2568=LINE('',#2567,#2566);
#2569=CURVE_STYLE('',#35,POSITIVE_LENGTH_MEASURE(2.E-2),#2386);
#2570=PRESENTATION_STYLE_ASSIGNMENT((#2569));
#2571=STYLED_ITEM('',(#2570),#2568);
#2572=DIRECTION('',(0.E0,0.E0,1.E0));
#2573=VECTOR('',#2572,6.5E-1);
#2574=CARTESIAN_POINT('',(6.5E-1,3.E-2,3.5E-1));
#2575=LINE('',#2574,#2573);
#2576=CURVE_STYLE('',#35,POSITIVE_LENGTH_MEASURE(2.E-2),#2386);
#2577=PRESENTATION_STYLE_ASSIGNMENT((#2576));
#2578=STYLED_ITEM('',(#2577),#2575);
#2579=DIRECTION('',(1.E0,0.E0,0.E0));
#2580=VECTOR('',#2579,1.2E0);
#2581=CARTESIAN_POINT('',(-6.E-1,3.E-2,3.E-1));
#2582=LINE('',#2581,#2580);
#2583=CURVE_STYLE('',#35,POSITIVE_LENGTH_MEASURE(2.E-2),#2386);
#2584=PRESENTATION_STYLE_ASSIGNMENT((#2583));
#2585=STYLED_ITEM('',(#2584),#2582);
#2586=DIRECTION('',(0.E0,0.E0,-1.E0));
#2587=VECTOR('',#2586,6.5E-1);
#2588=CARTESIAN_POINT('',(-6.5E-1,3.E-2,1.E0));
#2589=LINE('',#2588,#2587);
#2590=CURVE_STYLE('',#35,POSITIVE_LENGTH_MEASURE(2.E-2),#2386);
#2591=PRESENTATION_STYLE_ASSIGNMENT((#2590));
#2592=STYLED_ITEM('',(#2591),#2589);
#2593=DIRECTION('',(-1.E0,0.E0,0.E0));
#2594=VECTOR('',#2593,1.2E0);
#2595=CARTESIAN_POINT('',(6.E-1,3.E-2,1.05E0));
#2596=LINE('',#2595,#2594);
#2597=CURVE_STYLE('',#35,POSITIVE_LENGTH_MEASURE(2.E-2),#2386);
#2598=PRESENTATION_STYLE_ASSIGNMENT((#2597));
#2599=STYLED_ITEM('',(#2598),#2596);
#2600=CARTESIAN_POINT('',(-8.E-1,3.E-2,-1.05E0));
#2601=DIRECTION('',(0.E0,-1.E0,0.E0));
#2602=DIRECTION('',(1.E0,0.E0,0.E0));
#2603=AXIS2_PLACEMENT_3D('',#2600,#2601,#2602);
#2605=CURVE_STYLE('',#35,POSITIVE_LENGTH_MEASURE(2.E-2),#2386);
#2606=PRESENTATION_STYLE_ASSIGNMENT((#2605));
#2607=STYLED_ITEM('',(#2606),#2604);
#2608=CARTESIAN_POINT('',(-8.E-1,3.E-2,-1.05E0));
#2609=DIRECTION('',(0.E0,-1.E0,0.E0));
#2610=DIRECTION('',(-1.E0,0.E0,0.E0));
#2611=AXIS2_PLACEMENT_3D('',#2608,#2609,#2610);
#2613=CURVE_STYLE('',#35,POSITIVE_LENGTH_MEASURE(2.E-2),#2386);
#2614=PRESENTATION_STYLE_ASSIGNMENT((#2613));
#2615=STYLED_ITEM('',(#2614),#2612);
#2616=DIRECTION('',(0.E0,-1.E0,0.E0));
#2617=VECTOR('',#2616,3.E-2);
#2618=CARTESIAN_POINT('',(-6.5E-1,3.E-2,-1.E0));
#2619=LINE('',#2618,#2617);
#2620=CURVE_STYLE('',#35,POSITIVE_LENGTH_MEASURE(2.E-2),#2386);
#2621=PRESENTATION_STYLE_ASSIGNMENT((#2620));
#2622=STYLED_ITEM('',(#2621),#2619);
#2623=DIRECTION('',(0.E0,-1.E0,0.E0));
#2624=VECTOR('',#2623,3.E-2);
#2625=CARTESIAN_POINT('',(-6.5E-1,3.E-2,-3.5E-1));
#2626=LINE('',#2625,#2624);
#2627=CURVE_STYLE('',#35,POSITIVE_LENGTH_MEASURE(2.E-2),#2386);
#2628=PRESENTATION_STYLE_ASSIGNMENT((#2627));
#2629=STYLED_ITEM('',(#2628),#2626);
#2630=CARTESIAN_POINT('',(-6.E-1,3.E-2,-1.E0));
#2631=DIRECTION('',(0.E0,-1.E0,0.E0));
#2632=DIRECTION('',(-1.E0,0.E0,0.E0));
#2633=AXIS2_PLACEMENT_3D('',#2630,#2631,#2632);
#2635=CURVE_STYLE('',#35,POSITIVE_LENGTH_MEASURE(2.E-2),#2386);
#2636=PRESENTATION_STYLE_ASSIGNMENT((#2635));
#2637=STYLED_ITEM('',(#2636),#2634);
#2638=CARTESIAN_POINT('',(-6.E-1,0.E0,-1.E0));
#2639=DIRECTION('',(0.E0,1.E0,0.E0));
#2640=DIRECTION('',(0.E0,0.E0,-1.E0));
#2641=AXIS2_PLACEMENT_3D('',#2638,#2639,#2640);
#2643=CURVE_STYLE('',#35,POSITIVE_LENGTH_MEASURE(2.E-2),#2386);
#2644=PRESENTATION_STYLE_ASSIGNMENT((#2643));
#2645=STYLED_ITEM('',(#2644),#2642);
#2646=DIRECTION('',(0.E0,-1.E0,0.E0));
#2647=VECTOR('',#2646,3.E-2);
#2648=CARTESIAN_POINT('',(-6.E-1,3.E-2,-1.05E0));
#2649=LINE('',#2648,#2647);
#2650=CURVE_STYLE('',#35,POSITIVE_LENGTH_MEASURE(2.E-2),#2386);
#2651=PRESENTATION_STYLE_ASSIGNMENT((#2650));
#2652=STYLED_ITEM('',(#2651),#2649);
#2653=DIRECTION('',(0.E0,-1.E0,0.E0));
#2654=VECTOR('',#2653,3.E-2);
#2655=CARTESIAN_POINT('',(6.E-1,3.E-2,-1.05E0));
#2656=LINE('',#2655,#2654);
#2657=CURVE_STYLE('',#35,POSITIVE_LENGTH_MEASURE(2.E-2),#2386);
#2658=PRESENTATION_STYLE_ASSIGNMENT((#2657));
#2659=STYLED_ITEM('',(#2658),#2656);
#2660=CARTESIAN_POINT('',(6.E-1,3.E-2,-1.E0));
#2661=DIRECTION('',(0.E0,-1.E0,0.E0));
#2662=DIRECTION('',(0.E0,0.E0,-1.E0));
#2663=AXIS2_PLACEMENT_3D('',#2660,#2661,#2662);
#2665=CURVE_STYLE('',#35,POSITIVE_LENGTH_MEASURE(2.E-2),#2386);
#2666=PRESENTATION_STYLE_ASSIGNMENT((#2665));
#2667=STYLED_ITEM('',(#2666),#2664);
#2668=CARTESIAN_POINT('',(6.E-1,0.E0,-1.E0));
#2669=DIRECTION('',(0.E0,1.E0,0.E0));
#2670=DIRECTION('',(1.E0,0.E0,0.E0));
#2671=AXIS2_PLACEMENT_3D('',#2668,#2669,#2670);
#2673=CURVE_STYLE('',#35,POSITIVE_LENGTH_MEASURE(2.E-2),#2386);
#2674=PRESENTATION_STYLE_ASSIGNMENT((#2673));
#2675=STYLED_ITEM('',(#2674),#2672);
#2676=DIRECTION('',(0.E0,-1.E0,0.E0));
#2677=VECTOR('',#2676,3.E-2);
#2678=CARTESIAN_POINT('',(6.5E-1,3.E-2,-3.5E-1));
#2679=LINE('',#2678,#2677);
#2680=CURVE_STYLE('',#35,POSITIVE_LENGTH_MEASURE(2.E-2),#2386);
#2681=PRESENTATION_STYLE_ASSIGNMENT((#2680));
#2682=STYLED_ITEM('',(#2681),#2679);
#2683=DIRECTION('',(0.E0,-1.E0,0.E0));
#2684=VECTOR('',#2683,3.E-2);
#2685=CARTESIAN_POINT('',(6.5E-1,3.E-2,-1.E0));
#2686=LINE('',#2685,#2684);
#2687=CURVE_STYLE('',#35,POSITIVE_LENGTH_MEASURE(2.E-2),#2386);
#2688=PRESENTATION_STYLE_ASSIGNMENT((#2687));
#2689=STYLED_ITEM('',(#2688),#2686);
#2690=CARTESIAN_POINT('',(6.E-1,3.E-2,-3.5E-1));
#2691=DIRECTION('',(0.E0,-1.E0,0.E0));
#2692=DIRECTION('',(1.E0,0.E0,0.E0));
#2693=AXIS2_PLACEMENT_3D('',#2690,#2691,#2692);
#2695=CURVE_STYLE('',#35,POSITIVE_LENGTH_MEASURE(2.E-2),#2386);
#2696=PRESENTATION_STYLE_ASSIGNMENT((#2695));
#2697=STYLED_ITEM('',(#2696),#2694);
#2698=CARTESIAN_POINT('',(6.E-1,0.E0,-3.5E-1));
#2699=DIRECTION('',(0.E0,1.E0,0.E0));
#2700=DIRECTION('',(0.E0,0.E0,1.E0));
#2701=AXIS2_PLACEMENT_3D('',#2698,#2699,#2700);
#2703=CURVE_STYLE('',#35,POSITIVE_LENGTH_MEASURE(2.E-2),#2386);
#2704=PRESENTATION_STYLE_ASSIGNMENT((#2703));
#2705=STYLED_ITEM('',(#2704),#2702);
#2706=DIRECTION('',(0.E0,-1.E0,0.E0));
#2707=VECTOR('',#2706,3.E-2);
#2708=CARTESIAN_POINT('',(-6.E-1,3.E-2,-3.E-1));
#2709=LINE('',#2708,#2707);
#2710=CURVE_STYLE('',#35,POSITIVE_LENGTH_MEASURE(2.E-2),#2386);
#2711=PRESENTATION_STYLE_ASSIGNMENT((#2710));
#2712=STYLED_ITEM('',(#2711),#2709);
#2713=DIRECTION('',(0.E0,-1.E0,0.E0));
#2714=VECTOR('',#2713,3.E-2);
#2715=CARTESIAN_POINT('',(6.E-1,3.E-2,-3.E-1));
#2716=LINE('',#2715,#2714);
#2717=CURVE_STYLE('',#35,POSITIVE_LENGTH_MEASURE(2.E-2),#2386);
#2718=PRESENTATION_STYLE_ASSIGNMENT((#2717));
#2719=STYLED_ITEM('',(#2718),#2716);
#2720=CARTESIAN_POINT('',(-6.E-1,3.E-2,-3.5E-1));
#2721=DIRECTION('',(0.E0,-1.E0,0.E0));
#2722=DIRECTION('',(0.E0,0.E0,1.E0));
#2723=AXIS2_PLACEMENT_3D('',#2720,#2721,#2722);
#2725=CURVE_STYLE('',#35,POSITIVE_LENGTH_MEASURE(2.E-2),#2386);
#2726=PRESENTATION_STYLE_ASSIGNMENT((#2725));
#2727=STYLED_ITEM('',(#2726),#2724);
#2728=CARTESIAN_POINT('',(-6.E-1,0.E0,-3.5E-1));
#2729=DIRECTION('',(0.E0,1.E0,0.E0));
#2730=DIRECTION('',(-1.E0,0.E0,0.E0));
#2731=AXIS2_PLACEMENT_3D('',#2728,#2729,#2730);
#2733=CURVE_STYLE('',#35,POSITIVE_LENGTH_MEASURE(2.E-2),#2386);
#2734=PRESENTATION_STYLE_ASSIGNMENT((#2733));
#2735=STYLED_ITEM('',(#2734),#2732);
#2736=DIRECTION('',(0.E0,1.E0,0.E0));
#2737=VECTOR('',#2736,3.E-2);
#2738=CARTESIAN_POINT('',(6.5E-1,0.E0,3.5E-1));
#2739=LINE('',#2738,#2737);
#2740=CURVE_STYLE('',#35,POSITIVE_LENGTH_MEASURE(2.E-2),#2386);
#2741=PRESENTATION_STYLE_ASSIGNMENT((#2740));
#2742=STYLED_ITEM('',(#2741),#2739);
#2743=DIRECTION('',(0.E0,1.E0,0.E0));
#2744=VECTOR('',#2743,3.E-2);
#2745=CARTESIAN_POINT('',(6.5E-1,0.E0,1.E0));
#2746=LINE('',#2745,#2744);
#2747=CURVE_STYLE('',#35,POSITIVE_LENGTH_MEASURE(2.E-2),#2386);
#2748=PRESENTATION_STYLE_ASSIGNMENT((#2747));
#2749=STYLED_ITEM('',(#2748),#2746);
#2750=CARTESIAN_POINT('',(6.E-1,0.E0,3.5E-1));
#2751=DIRECTION('',(0.E0,1.E0,0.E0));
#2752=DIRECTION('',(1.E0,0.E0,0.E0));
#2753=AXIS2_PLACEMENT_3D('',#2750,#2751,#2752);
#2755=CURVE_STYLE('',#35,POSITIVE_LENGTH_MEASURE(2.E-2),#2386);
#2756=PRESENTATION_STYLE_ASSIGNMENT((#2755));
#2757=STYLED_ITEM('',(#2756),#2754);
#2758=CARTESIAN_POINT('',(6.E-1,3.E-2,3.5E-1));
#2759=DIRECTION('',(0.E0,-1.E0,0.E0));
#2760=DIRECTION('',(0.E0,0.E0,-1.E0));
#2761=AXIS2_PLACEMENT_3D('',#2758,#2759,#2760);
#2763=CURVE_STYLE('',#35,POSITIVE_LENGTH_MEASURE(2.E-2),#2386);
#2764=PRESENTATION_STYLE_ASSIGNMENT((#2763));
#2765=STYLED_ITEM('',(#2764),#2762);
#2766=DIRECTION('',(0.E0,1.E0,0.E0));
#2767=VECTOR('',#2766,3.E-2);
#2768=CARTESIAN_POINT('',(6.E-1,0.E0,3.E-1));
#2769=LINE('',#2768,#2767);
#2770=CURVE_STYLE('',#35,POSITIVE_LENGTH_MEASURE(2.E-2),#2386);
#2771=PRESENTATION_STYLE_ASSIGNMENT((#2770));
#2772=STYLED_ITEM('',(#2771),#2769);
#2773=DIRECTION('',(0.E0,1.E0,0.E0));
#2774=VECTOR('',#2773,3.E-2);
#2775=CARTESIAN_POINT('',(-6.E-1,0.E0,3.E-1));
#2776=LINE('',#2775,#2774);
#2777=CURVE_STYLE('',#35,POSITIVE_LENGTH_MEASURE(2.E-2),#2386);
#2778=PRESENTATION_STYLE_ASSIGNMENT((#2777));
#2779=STYLED_ITEM('',(#2778),#2776);
#2780=CARTESIAN_POINT('',(-6.E-1,0.E0,3.5E-1));
#2781=DIRECTION('',(0.E0,1.E0,0.E0));
#2782=DIRECTION('',(0.E0,0.E0,-1.E0));
#2783=AXIS2_PLACEMENT_3D('',#2780,#2781,#2782);
#2785=CURVE_STYLE('',#35,POSITIVE_LENGTH_MEASURE(2.E-2),#2386);
#2786=PRESENTATION_STYLE_ASSIGNMENT((#2785));
#2787=STYLED_ITEM('',(#2786),#2784);
#2788=CARTESIAN_POINT('',(-6.E-1,3.E-2,3.5E-1));
#2789=DIRECTION('',(0.E0,-1.E0,0.E0));
#2790=DIRECTION('',(-1.E0,0.E0,0.E0));
#2791=AXIS2_PLACEMENT_3D('',#2788,#2789,#2790);
#2793=CURVE_STYLE('',#35,POSITIVE_LENGTH_MEASURE(2.E-2),#2386);
#2794=PRESENTATION_STYLE_ASSIGNMENT((#2793));
#2795=STYLED_ITEM('',(#2794),#2792);
#2796=DIRECTION('',(0.E0,1.E0,0.E0));
#2797=VECTOR('',#2796,3.E-2);
#2798=CARTESIAN_POINT('',(-6.5E-1,0.E0,3.5E-1));
#2799=LINE('',#2798,#2797);
#2800=CURVE_STYLE('',#35,POSITIVE_LENGTH_MEASURE(2.E-2),#2386);
#2801=PRESENTATION_STYLE_ASSIGNMENT((#2800));
#2802=STYLED_ITEM('',(#2801),#2799);
#2803=DIRECTION('',(0.E0,1.E0,0.E0));
#2804=VECTOR('',#2803,3.E-2);
#2805=CARTESIAN_POINT('',(-6.5E-1,0.E0,1.E0));
#2806=LINE('',#2805,#2804);
#2807=CURVE_STYLE('',#35,POSITIVE_LENGTH_MEASURE(2.E-2),#2386);
#2808=PRESENTATION_STYLE_ASSIGNMENT((#2807));
#2809=STYLED_ITEM('',(#2808),#2806);
#2810=CARTESIAN_POINT('',(-6.E-1,0.E0,1.E0));
#2811=DIRECTION('',(0.E0,1.E0,0.E0));
#2812=DIRECTION('',(-1.E0,0.E0,0.E0));
#2813=AXIS2_PLACEMENT_3D('',#2810,#2811,#2812);
#2815=CURVE_STYLE('',#35,POSITIVE_LENGTH_MEASURE(2.E-2),#2386);
#2816=PRESENTATION_STYLE_ASSIGNMENT((#2815));
#2817=STYLED_ITEM('',(#2816),#2814);
#2818=CARTESIAN_POINT('',(-6.E-1,3.E-2,1.E0));
#2819=DIRECTION('',(0.E0,-1.E0,0.E0));
#2820=DIRECTION('',(0.E0,0.E0,1.E0));
#2821=AXIS2_PLACEMENT_3D('',#2818,#2819,#2820);
#2823=CURVE_STYLE('',#35,POSITIVE_LENGTH_MEASURE(2.E-2),#2386);
#2824=PRESENTATION_STYLE_ASSIGNMENT((#2823));
#2825=STYLED_ITEM('',(#2824),#2822);
#2826=DIRECTION('',(0.E0,1.E0,0.E0));
#2827=VECTOR('',#2826,3.E-2);
#2828=CARTESIAN_POINT('',(-6.E-1,0.E0,1.05E0));
#2829=LINE('',#2828,#2827);
#2830=CURVE_STYLE('',#35,POSITIVE_LENGTH_MEASURE(2.E-2),#2386);
#2831=PRESENTATION_STYLE_ASSIGNMENT((#2830));
#2832=STYLED_ITEM('',(#2831),#2829);
#2833=DIRECTION('',(0.E0,1.E0,0.E0));
#2834=VECTOR('',#2833,3.E-2);
#2835=CARTESIAN_POINT('',(6.E-1,0.E0,1.05E0));
#2836=LINE('',#2835,#2834);
#2837=CURVE_STYLE('',#35,POSITIVE_LENGTH_MEASURE(2.E-2),#2386);
#2838=PRESENTATION_STYLE_ASSIGNMENT((#2837));
#2839=STYLED_ITEM('',(#2838),#2836);
#2840=CARTESIAN_POINT('',(6.E-1,0.E0,1.E0));
#2841=DIRECTION('',(0.E0,1.E0,0.E0));
#2842=DIRECTION('',(0.E0,0.E0,1.E0));
#2843=AXIS2_PLACEMENT_3D('',#2840,#2841,#2842);
#2845=CURVE_STYLE('',#35,POSITIVE_LENGTH_MEASURE(2.E-2),#2386);
#2846=PRESENTATION_STYLE_ASSIGNMENT((#2845));
#2847=STYLED_ITEM('',(#2846),#2844);
#2848=CARTESIAN_POINT('',(6.E-1,3.E-2,1.E0));
#2849=DIRECTION('',(0.E0,-1.E0,0.E0));
#2850=DIRECTION('',(1.E0,0.E0,0.E0));
#2851=AXIS2_PLACEMENT_3D('',#2848,#2849,#2850);
#2853=CURVE_STYLE('',#35,POSITIVE_LENGTH_MEASURE(2.E-2),#2386);
#2854=PRESENTATION_STYLE_ASSIGNMENT((#2853));
#2855=STYLED_ITEM('',(#2854),#2852);
#2856=DIRECTION('',(0.E0,-1.E0,0.E0));
#2857=VECTOR('',#2856,3.E-2);
#2858=CARTESIAN_POINT('',(-7.25E-1,3.E-2,-1.05E0));
#2859=LINE('',#2858,#2857);
#2860=CURVE_STYLE('',#35,POSITIVE_LENGTH_MEASURE(2.E-2),#2386);
#2861=PRESENTATION_STYLE_ASSIGNMENT((#2860));
#2862=STYLED_ITEM('',(#2861),#2859);
#2863=DIRECTION('',(0.E0,-1.E0,0.E0));
#2864=VECTOR('',#2863,3.E-2);
#2865=CARTESIAN_POINT('',(-8.75E-1,3.E-2,-1.05E0));
#2866=LINE('',#2865,#2864);
#2867=CURVE_STYLE('',#35,POSITIVE_LENGTH_MEASURE(2.E-2),#2386);
#2868=PRESENTATION_STYLE_ASSIGNMENT((#2867));
#2869=STYLED_ITEM('',(#2868),#2866);
#2870=CARTESIAN_POINT('',(-1.E0,0.E0,-1.25E0));
#2871=CARTESIAN_POINT('',(-1.E0,0.E0,1.25E0));
#2872=VERTEX_POINT('',#2870);
#2873=VERTEX_POINT('',#2871);
#2874=CARTESIAN_POINT('',(1.E0,0.E0,1.25E0));
#2875=VERTEX_POINT('',#2874);
#2876=CARTESIAN_POINT('',(1.E0,0.E0,-1.25E0));
#2877=VERTEX_POINT('',#2876);
#2878=CARTESIAN_POINT('',(-1.E0,3.E-2,-1.25E0));
#2879=CARTESIAN_POINT('',(-1.E0,3.E-2,1.25E0));
#2880=VERTEX_POINT('',#2878);
#2881=VERTEX_POINT('',#2879);
#2882=CARTESIAN_POINT('',(1.E0,3.E-2,1.25E0));
#2883=VERTEX_POINT('',#2882);
#2884=CARTESIAN_POINT('',(1.E0,3.E-2,-1.25E0));
#2885=VERTEX_POINT('',#2884);
#2886=CARTESIAN_POINT('',(-6.5E-1,3.E-2,-1.E0));
#2887=CARTESIAN_POINT('',(-6.5E-1,0.E0,-1.E0));
#2888=VERTEX_POINT('',#2886);
#2889=VERTEX_POINT('',#2887);
#2890=CARTESIAN_POINT('',(-6.E-1,3.E-2,-1.05E0));
#2891=CARTESIAN_POINT('',(-6.E-1,0.E0,-1.05E0));
#2892=VERTEX_POINT('',#2890);
#2893=VERTEX_POINT('',#2891);
#2894=CARTESIAN_POINT('',(-6.E-1,3.E-2,-3.E-1));
#2895=CARTESIAN_POINT('',(-6.E-1,0.E0,-3.E-1));
#2896=VERTEX_POINT('',#2894);
#2897=VERTEX_POINT('',#2895);
#2898=CARTESIAN_POINT('',(-6.5E-1,3.E-2,-3.5E-1));
#2899=CARTESIAN_POINT('',(-6.5E-1,0.E0,-3.5E-1));
#2900=VERTEX_POINT('',#2898);
#2901=VERTEX_POINT('',#2899);
#2902=CARTESIAN_POINT('',(6.5E-1,3.E-2,-3.5E-1));
#2903=CARTESIAN_POINT('',(6.5E-1,0.E0,-3.5E-1));
#2904=VERTEX_POINT('',#2902);
#2905=VERTEX_POINT('',#2903);
#2906=CARTESIAN_POINT('',(6.E-1,3.E-2,-3.E-1));
#2907=CARTESIAN_POINT('',(6.E-1,0.E0,-3.E-1));
#2908=VERTEX_POINT('',#2906);
#2909=VERTEX_POINT('',#2907);
#2910=CARTESIAN_POINT('',(6.E-1,3.E-2,-1.05E0));
#2911=CARTESIAN_POINT('',(6.E-1,0.E0,-1.05E0));
#2912=VERTEX_POINT('',#2910);
#2913=VERTEX_POINT('',#2911);
#2914=CARTESIAN_POINT('',(6.5E-1,3.E-2,-1.E0));
#2915=CARTESIAN_POINT('',(6.5E-1,0.E0,-1.E0));
#2916=VERTEX_POINT('',#2914);
#2917=VERTEX_POINT('',#2915);
#2918=CARTESIAN_POINT('',(6.5E-1,0.E0,3.5E-1));
#2919=CARTESIAN_POINT('',(6.5E-1,3.E-2,3.5E-1));
#2920=VERTEX_POINT('',#2918);
#2921=VERTEX_POINT('',#2919);
#2922=CARTESIAN_POINT('',(6.E-1,0.E0,3.E-1));
#2923=CARTESIAN_POINT('',(6.E-1,3.E-2,3.E-1));
#2924=VERTEX_POINT('',#2922);
#2925=VERTEX_POINT('',#2923);
#2926=CARTESIAN_POINT('',(-6.E-1,0.E0,3.E-1));
#2927=CARTESIAN_POINT('',(-6.E-1,3.E-2,3.E-1));
#2928=VERTEX_POINT('',#2926);
#2929=VERTEX_POINT('',#2927);
#2930=CARTESIAN_POINT('',(-6.5E-1,0.E0,3.5E-1));
#2931=CARTESIAN_POINT('',(-6.5E-1,3.E-2,3.5E-1));
#2932=VERTEX_POINT('',#2930);
#2933=VERTEX_POINT('',#2931);
#2934=CARTESIAN_POINT('',(-6.5E-1,0.E0,1.E0));
#2935=CARTESIAN_POINT('',(-6.5E-1,3.E-2,1.E0));
#2936=VERTEX_POINT('',#2934);
#2937=VERTEX_POINT('',#2935);
#2938=CARTESIAN_POINT('',(-6.E-1,0.E0,1.05E0));
#2939=CARTESIAN_POINT('',(-6.E-1,3.E-2,1.05E0));
#2940=VERTEX_POINT('',#2938);
#2941=VERTEX_POINT('',#2939);
#2942=CARTESIAN_POINT('',(6.E-1,0.E0,1.05E0));
#2943=CARTESIAN_POINT('',(6.E-1,3.E-2,1.05E0));
#2944=VERTEX_POINT('',#2942);
#2945=VERTEX_POINT('',#2943);
#2946=CARTESIAN_POINT('',(6.5E-1,0.E0,1.E0));
#2947=CARTESIAN_POINT('',(6.5E-1,3.E-2,1.E0));
#2948=VERTEX_POINT('',#2946);
#2949=VERTEX_POINT('',#2947);
#2950=CARTESIAN_POINT('',(-7.25E-1,0.E0,-1.05E0));
#2951=CARTESIAN_POINT('',(-8.75E-1,0.E0,-1.05E0));
#2952=VERTEX_POINT('',#2950);
#2953=VERTEX_POINT('',#2951);
#2954=CARTESIAN_POINT('',(-7.25E-1,3.E-2,-1.05E0));
#2955=CARTESIAN_POINT('',(-8.75E-1,3.E-2,-1.05E0));
#2956=VERTEX_POINT('',#2954);
#2957=VERTEX_POINT('',#2955);
#2958=CARTESIAN_POINT('',(0.E0,0.E0,0.E0));
#2959=DIRECTION('',(0.E0,1.E0,0.E0));
#2960=DIRECTION('',(1.E0,0.E0,0.E0));
#2961=AXIS2_PLACEMENT_3D('',#2958,#2959,#2960);
#2962=PLANE('',#2961);
#2964=ORIENTED_EDGE('',*,*,#2963,.T.);
#2966=ORIENTED_EDGE('',*,*,#2965,.T.);
#2968=ORIENTED_EDGE('',*,*,#2967,.T.);
#2970=ORIENTED_EDGE('',*,*,#2969,.T.);
#2971=EDGE_LOOP('',(#2964,#2966,#2968,#2970));
#2972=FACE_OUTER_BOUND('',#2971,.F.);
#2974=ORIENTED_EDGE('',*,*,#2973,.F.);
#2976=ORIENTED_EDGE('',*,*,#2975,.F.);
#2978=ORIENTED_EDGE('',*,*,#2977,.F.);
#2980=ORIENTED_EDGE('',*,*,#2979,.F.);
#2982=ORIENTED_EDGE('',*,*,#2981,.F.);
#2984=ORIENTED_EDGE('',*,*,#2983,.F.);
#2986=ORIENTED_EDGE('',*,*,#2985,.F.);
#2988=ORIENTED_EDGE('',*,*,#2987,.F.);
#2989=EDGE_LOOP('',(#2974,#2976,#2978,#2980,#2982,#2984,#2986,#2988));
#2990=FACE_BOUND('',#2989,.F.);
#2992=ORIENTED_EDGE('',*,*,#2991,.T.);
#2994=ORIENTED_EDGE('',*,*,#2993,.F.);
#2996=ORIENTED_EDGE('',*,*,#2995,.T.);
#2998=ORIENTED_EDGE('',*,*,#2997,.F.);
#3000=ORIENTED_EDGE('',*,*,#2999,.T.);
#3002=ORIENTED_EDGE('',*,*,#3001,.F.);
#3004=ORIENTED_EDGE('',*,*,#3003,.T.);
#3006=ORIENTED_EDGE('',*,*,#3005,.F.);
#3007=EDGE_LOOP('',(#2992,#2994,#2996,#2998,#3000,#3002,#3004,#3006));
#3008=FACE_BOUND('',#3007,.F.);
#3010=ORIENTED_EDGE('',*,*,#3009,.T.);
#3012=ORIENTED_EDGE('',*,*,#3011,.T.);
#3013=EDGE_LOOP('',(#3010,#3012));
#3014=FACE_BOUND('',#3013,.F.);
#3016=CARTESIAN_POINT('',(-1.E0,0.E0,-1.25E0));
#3017=DIRECTION('',(-1.E0,0.E0,0.E0));
#3018=DIRECTION('',(0.E0,0.E0,1.E0));
#3019=AXIS2_PLACEMENT_3D('',#3016,#3017,#3018);
#3020=PLANE('',#3019);
#3021=ORIENTED_EDGE('',*,*,#2963,.F.);
#3023=ORIENTED_EDGE('',*,*,#3022,.T.);
#3025=ORIENTED_EDGE('',*,*,#3024,.T.);
#3027=ORIENTED_EDGE('',*,*,#3026,.F.);
#3028=EDGE_LOOP('',(#3021,#3023,#3025,#3027));
#3029=FACE_OUTER_BOUND('',#3028,.F.);
#3031=CARTESIAN_POINT('',(1.E0,0.E0,-1.25E0));
#3032=DIRECTION('',(0.E0,0.E0,-1.E0));
#3033=DIRECTION('',(-1.E0,0.E0,0.E0));
#3034=AXIS2_PLACEMENT_3D('',#3031,#3032,#3033);
#3035=PLANE('',#3034);
#3036=ORIENTED_EDGE('',*,*,#2969,.F.);
#3038=ORIENTED_EDGE('',*,*,#3037,.T.);
#3040=ORIENTED_EDGE('',*,*,#3039,.T.);
#3041=ORIENTED_EDGE('',*,*,#3022,.F.);
#3042=EDGE_LOOP('',(#3036,#3038,#3040,#3041));
#3043=FACE_OUTER_BOUND('',#3042,.F.);
#3045=CARTESIAN_POINT('',(1.E0,0.E0,1.25E0));
#3046=DIRECTION('',(1.E0,0.E0,0.E0));
#3047=DIRECTION('',(0.E0,0.E0,-1.E0));
#3048=AXIS2_PLACEMENT_3D('',#3045,#3046,#3047);
#3049=PLANE('',#3048);
#3050=ORIENTED_EDGE('',*,*,#2967,.F.);
#3052=ORIENTED_EDGE('',*,*,#3051,.T.);
#3054=ORIENTED_EDGE('',*,*,#3053,.T.);
#3055=ORIENTED_EDGE('',*,*,#3037,.F.);
#3056=EDGE_LOOP('',(#3050,#3052,#3054,#3055));
#3057=FACE_OUTER_BOUND('',#3056,.F.);
#3059=CARTESIAN_POINT('',(-1.E0,0.E0,1.25E0));
#3060=DIRECTION('',(0.E0,0.E0,1.E0));
#3061=DIRECTION('',(1.E0,0.E0,0.E0));
#3062=AXIS2_PLACEMENT_3D('',#3059,#3060,#3061);
#3063=PLANE('',#3062);
#3064=ORIENTED_EDGE('',*,*,#2965,.F.);
#3065=ORIENTED_EDGE('',*,*,#3026,.T.);
#3067=ORIENTED_EDGE('',*,*,#3066,.T.);
#3068=ORIENTED_EDGE('',*,*,#3051,.F.);
#3069=EDGE_LOOP('',(#3064,#3065,#3067,#3068));
#3070=FACE_OUTER_BOUND('',#3069,.F.);
#3072=CARTESIAN_POINT('',(0.E0,3.E-2,0.E0));
#3073=DIRECTION('',(0.E0,1.E0,0.E0));
#3074=DIRECTION('',(1.E0,0.E0,0.E0));
#3075=AXIS2_PLACEMENT_3D('',#3072,#3073,#3074);
#3076=PLANE('',#3075);
#3077=ORIENTED_EDGE('',*,*,#3024,.F.);
#3078=ORIENTED_EDGE('',*,*,#3039,.F.);
#3079=ORIENTED_EDGE('',*,*,#3053,.F.);
#3080=ORIENTED_EDGE('',*,*,#3066,.F.);
#3081=EDGE_LOOP('',(#3077,#3078,#3079,#3080));
#3082=FACE_OUTER_BOUND('',#3081,.F.);
#3084=ORIENTED_EDGE('',*,*,#3083,.T.);
#3086=ORIENTED_EDGE('',*,*,#3085,.F.);
#3088=ORIENTED_EDGE('',*,*,#3087,.T.);
#3090=ORIENTED_EDGE('',*,*,#3089,.F.);
#3092=ORIENTED_EDGE('',*,*,#3091,.T.);
#3094=ORIENTED_EDGE('',*,*,#3093,.F.);
#3096=ORIENTED_EDGE('',*,*,#3095,.T.);
#3098=ORIENTED_EDGE('',*,*,#3097,.F.);
#3099=EDGE_LOOP('',(#3084,#3086,#3088,#3090,#3092,#3094,#3096,#3098));
#3100=FACE_BOUND('',#3099,.F.);
#3102=ORIENTED_EDGE('',*,*,#3101,.F.);
#3104=ORIENTED_EDGE('',*,*,#3103,.F.);
#3106=ORIENTED_EDGE('',*,*,#3105,.F.);
#3108=ORIENTED_EDGE('',*,*,#3107,.F.);
#3110=ORIENTED_EDGE('',*,*,#3109,.F.);
#3112=ORIENTED_EDGE('',*,*,#3111,.F.);
#3114=ORIENTED_EDGE('',*,*,#3113,.F.);
#3116=ORIENTED_EDGE('',*,*,#3115,.F.);
#3117=EDGE_LOOP('',(#3102,#3104,#3106,#3108,#3110,#3112,#3114,#3116));
#3118=FACE_BOUND('',#3117,.F.);
#3120=ORIENTED_EDGE('',*,*,#3119,.F.);
#3122=ORIENTED_EDGE('',*,*,#3121,.F.);
#3123=EDGE_LOOP('',(#3120,#3122));
#3124=FACE_BOUND('',#3123,.F.);
#3126=CARTESIAN_POINT('',(-6.5E-1,0.E0,-1.05E0));
#3127=DIRECTION('',(-1.E0,0.E0,0.E0));
#3128=DIRECTION('',(0.E0,0.E0,1.E0));
#3129=AXIS2_PLACEMENT_3D('',#3126,#3127,#3128);
#3130=PLANE('',#3129);
#3132=ORIENTED_EDGE('',*,*,#3131,.T.);
#3133=ORIENTED_EDGE('',*,*,#2977,.T.);
#3135=ORIENTED_EDGE('',*,*,#3134,.F.);
#3136=ORIENTED_EDGE('',*,*,#3083,.F.);
#3137=EDGE_LOOP('',(#3132,#3133,#3135,#3136));
#3138=FACE_OUTER_BOUND('',#3137,.F.);
#3140=CARTESIAN_POINT('',(-6.E-1,9.3156E-2,-1.E0));
#3141=DIRECTION('',(0.E0,-1.E0,0.E0));
#3142=DIRECTION('',(-1.E0,0.E0,0.E0));
#3143=AXIS2_PLACEMENT_3D('',#3140,#3141,#3142);
#3144=CYLINDRICAL_SURFACE('',#3143,5.E-2);
#3145=ORIENTED_EDGE('',*,*,#3131,.F.);
#3146=ORIENTED_EDGE('',*,*,#3097,.T.);
#3148=ORIENTED_EDGE('',*,*,#3147,.T.);
#3149=ORIENTED_EDGE('',*,*,#2979,.T.);
#3150=EDGE_LOOP('',(#3145,#3146,#3148,#3149));
#3151=FACE_OUTER_BOUND('',#3150,.F.);
#3153=CARTESIAN_POINT('',(6.5E-1,0.E0,-1.05E0));
#3154=DIRECTION('',(0.E0,0.E0,-1.E0));
#3155=DIRECTION('',(-1.E0,0.E0,0.E0));
#3156=AXIS2_PLACEMENT_3D('',#3153,#3154,#3155);
#3157=PLANE('',#3156);
#3158=ORIENTED_EDGE('',*,*,#3147,.F.);
#3159=ORIENTED_EDGE('',*,*,#3095,.F.);
#3161=ORIENTED_EDGE('',*,*,#3160,.T.);
#3162=ORIENTED_EDGE('',*,*,#2981,.T.);
#3163=EDGE_LOOP('',(#3158,#3159,#3161,#3162));
#3164=FACE_OUTER_BOUND('',#3163,.F.);
#3166=CARTESIAN_POINT('',(6.E-1,9.3156E-2,-1.E0));
#3167=DIRECTION('',(0.E0,-1.E0,0.E0));
#3168=DIRECTION('',(0.E0,0.E0,-1.E0));
#3169=AXIS2_PLACEMENT_3D('',#3166,#3167,#3168);
#3170=CYLINDRICAL_SURFACE('',#3169,5.E-2);
#3171=ORIENTED_EDGE('',*,*,#3160,.F.);
#3172=ORIENTED_EDGE('',*,*,#3093,.T.);
#3174=ORIENTED_EDGE('',*,*,#3173,.T.);
#3175=ORIENTED_EDGE('',*,*,#2983,.T.);
#3176=EDGE_LOOP('',(#3171,#3172,#3174,#3175));
#3177=FACE_OUTER_BOUND('',#3176,.F.);
#3179=CARTESIAN_POINT('',(6.5E-1,0.E0,-3.E-1));
#3180=DIRECTION('',(1.E0,0.E0,0.E0));
#3181=DIRECTION('',(0.E0,0.E0,-1.E0));
#3182=AXIS2_PLACEMENT_3D('',#3179,#3180,#3181);
#3183=PLANE('',#3182);
#3185=ORIENTED_EDGE('',*,*,#3184,.T.);
#3186=ORIENTED_EDGE('',*,*,#2985,.T.);
#3187=ORIENTED_EDGE('',*,*,#3173,.F.);
#3188=ORIENTED_EDGE('',*,*,#3091,.F.);
#3189=EDGE_LOOP('',(#3185,#3186,#3187,#3188));
#3190=FACE_OUTER_BOUND('',#3189,.F.);
#3192=CARTESIAN_POINT('',(6.E-1,9.3156E-2,-3.5E-1));
#3193=DIRECTION('',(0.E0,-1.E0,0.E0));
#3194=DIRECTION('',(1.E0,0.E0,0.E0));
#3195=AXIS2_PLACEMENT_3D('',#3192,#3193,#3194);
#3196=CYLINDRICAL_SURFACE('',#3195,5.E-2);
#3197=ORIENTED_EDGE('',*,*,#3184,.F.);
#3198=ORIENTED_EDGE('',*,*,#3089,.T.);
#3200=ORIENTED_EDGE('',*,*,#3199,.T.);
#3201=ORIENTED_EDGE('',*,*,#2987,.T.);
#3202=EDGE_LOOP('',(#3197,#3198,#3200,#3201));
#3203=FACE_OUTER_BOUND('',#3202,.F.);
#3205=CARTESIAN_POINT('',(-6.5E-1,0.E0,-3.E-1));
#3206=DIRECTION('',(0.E0,0.E0,1.E0));
#3207=DIRECTION('',(1.E0,0.E0,0.E0));
#3208=AXIS2_PLACEMENT_3D('',#3205,#3206,#3207);
#3209=PLANE('',#3208);
#3211=ORIENTED_EDGE('',*,*,#3210,.T.);
#3212=ORIENTED_EDGE('',*,*,#2973,.T.);
#3213=ORIENTED_EDGE('',*,*,#3199,.F.);
#3214=ORIENTED_EDGE('',*,*,#3087,.F.);
#3215=EDGE_LOOP('',(#3211,#3212,#3213,#3214));
#3216=FACE_OUTER_BOUND('',#3215,.F.);
#3218=CARTESIAN_POINT('',(-6.E-1,9.3156E-2,-3.5E-1));
#3219=DIRECTION('',(0.E0,-1.E0,0.E0));
#3220=DIRECTION('',(0.E0,0.E0,1.E0));
#3221=AXIS2_PLACEMENT_3D('',#3218,#3219,#3220);
#3222=CYLINDRICAL_SURFACE('',#3221,5.E-2);
#3223=ORIENTED_EDGE('',*,*,#3210,.F.);
#3224=ORIENTED_EDGE('',*,*,#3085,.T.);
#3225=ORIENTED_EDGE('',*,*,#3134,.T.);
#3226=ORIENTED_EDGE('',*,*,#2975,.T.);
#3227=EDGE_LOOP('',(#3223,#3224,#3225,#3226));
#3228=FACE_OUTER_BOUND('',#3227,.F.);
#3230=CARTESIAN_POINT('',(6.5E-1,0.E0,3.E-1));
#3231=DIRECTION('',(-1.E0,0.E0,0.E0));
#3232=DIRECTION('',(0.E0,0.E0,1.E0));
#3233=AXIS2_PLACEMENT_3D('',#3230,#3231,#3232);
#3234=PLANE('',#3233);
#3236=ORIENTED_EDGE('',*,*,#3235,.T.);
#3237=ORIENTED_EDGE('',*,*,#3101,.T.);
#3239=ORIENTED_EDGE('',*,*,#3238,.F.);
#3240=ORIENTED_EDGE('',*,*,#2995,.F.);
#3241=EDGE_LOOP('',(#3236,#3237,#3239,#3240));
#3242=FACE_OUTER_BOUND('',#3241,.F.);
#3244=CARTESIAN_POINT('',(6.E-1,-6.3156E-2,3.5E-1));
#3245=DIRECTION('',(0.E0,1.E0,0.E0));
#3246=DIRECTION('',(1.E0,0.E0,0.E0));
#3247=AXIS2_PLACEMENT_3D('',#3244,#3245,#3246);
#3248=CYLINDRICAL_SURFACE('',#3247,5.E-2);
#3249=ORIENTED_EDGE('',*,*,#3235,.F.);
#3250=ORIENTED_EDGE('',*,*,#2993,.T.);
#3252=ORIENTED_EDGE('',*,*,#3251,.T.);
#3253=ORIENTED_EDGE('',*,*,#3103,.T.);
#3254=EDGE_LOOP('',(#3249,#3250,#3252,#3253));
#3255=FACE_OUTER_BOUND('',#3254,.F.);
#3257=CARTESIAN_POINT('',(-6.5E-1,0.E0,3.E-1));
#3258=DIRECTION('',(0.E0,0.E0,1.E0));
#3259=DIRECTION('',(1.E0,0.E0,0.E0));
#3260=AXIS2_PLACEMENT_3D('',#3257,#3258,#3259);
#3261=PLANE('',#3260);
#3262=ORIENTED_EDGE('',*,*,#3251,.F.);
#3263=ORIENTED_EDGE('',*,*,#2991,.F.);
#3265=ORIENTED_EDGE('',*,*,#3264,.T.);
#3266=ORIENTED_EDGE('',*,*,#3105,.T.);
#3267=EDGE_LOOP('',(#3262,#3263,#3265,#3266));
#3268=FACE_OUTER_BOUND('',#3267,.F.);
#3270=CARTESIAN_POINT('',(-6.E-1,-6.3156E-2,3.5E-1));
#3271=DIRECTION('',(0.E0,1.E0,0.E0));
#3272=DIRECTION('',(0.E0,0.E0,-1.E0));
#3273=AXIS2_PLACEMENT_3D('',#3270,#3271,#3272);
#3274=CYLINDRICAL_SURFACE('',#3273,5.E-2);
#3275=ORIENTED_EDGE('',*,*,#3264,.F.);
#3276=ORIENTED_EDGE('',*,*,#3005,.T.);
#3278=ORIENTED_EDGE('',*,*,#3277,.T.);
#3279=ORIENTED_EDGE('',*,*,#3107,.T.);
#3280=EDGE_LOOP('',(#3275,#3276,#3278,#3279));
#3281=FACE_OUTER_BOUND('',#3280,.F.);
#3283=CARTESIAN_POINT('',(-6.5E-1,0.E0,1.05E0));
#3284=DIRECTION('',(1.E0,0.E0,0.E0));
#3285=DIRECTION('',(0.E0,0.E0,-1.E0));
#3286=AXIS2_PLACEMENT_3D('',#3283,#3284,#3285);
#3287=PLANE('',#3286);
#3288=ORIENTED_EDGE('',*,*,#3277,.F.);
#3289=ORIENTED_EDGE('',*,*,#3003,.F.);
#3291=ORIENTED_EDGE('',*,*,#3290,.T.);
#3292=ORIENTED_EDGE('',*,*,#3109,.T.);
#3293=EDGE_LOOP('',(#3288,#3289,#3291,#3292));
#3294=FACE_OUTER_BOUND('',#3293,.F.);
#3296=CARTESIAN_POINT('',(-6.E-1,-6.3156E-2,1.E0));
#3297=DIRECTION('',(0.E0,1.E0,0.E0));
#3298=DIRECTION('',(-1.E0,0.E0,0.E0));
#3299=AXIS2_PLACEMENT_3D('',#3296,#3297,#3298);
#3300=CYLINDRICAL_SURFACE('',#3299,5.E-2);
#3301=ORIENTED_EDGE('',*,*,#3290,.F.);
#3302=ORIENTED_EDGE('',*,*,#3001,.T.);
#3304=ORIENTED_EDGE('',*,*,#3303,.T.);
#3305=ORIENTED_EDGE('',*,*,#3111,.T.);
#3306=EDGE_LOOP('',(#3301,#3302,#3304,#3305));
#3307=FACE_OUTER_BOUND('',#3306,.F.);
#3309=CARTESIAN_POINT('',(6.5E-1,0.E0,1.05E0));
#3310=DIRECTION('',(0.E0,0.E0,-1.E0));
#3311=DIRECTION('',(-1.E0,0.E0,0.E0));
#3312=AXIS2_PLACEMENT_3D('',#3309,#3310,#3311);
#3313=PLANE('',#3312);
#3314=ORIENTED_EDGE('',*,*,#3303,.F.);
#3315=ORIENTED_EDGE('',*,*,#2999,.F.);
#3317=ORIENTED_EDGE('',*,*,#3316,.T.);
#3318=ORIENTED_EDGE('',*,*,#3113,.T.);
#3319=EDGE_LOOP('',(#3314,#3315,#3317,#3318));
#3320=FACE_OUTER_BOUND('',#3319,.F.);
#3322=CARTESIAN_POINT('',(6.E-1,-6.3156E-2,1.E0));
#3323=DIRECTION('',(0.E0,1.E0,0.E0));
#3324=DIRECTION('',(0.E0,0.E0,1.E0));
#3325=AXIS2_PLACEMENT_3D('',#3322,#3323,#3324);
#3326=CYLINDRICAL_SURFACE('',#3325,5.E-2);
#3327=ORIENTED_EDGE('',*,*,#3316,.F.);
#3328=ORIENTED_EDGE('',*,*,#2997,.T.);
#3329=ORIENTED_EDGE('',*,*,#3238,.T.);
#3330=ORIENTED_EDGE('',*,*,#3115,.T.);
#3331=EDGE_LOOP('',(#3327,#3328,#3329,#3330));
#3332=FACE_OUTER_BOUND('',#3331,.F.);
#3334=CARTESIAN_POINT('',(-8.E-1,3.E-2,-1.05E0));
#3335=DIRECTION('',(0.E0,-1.E0,0.E0));
#3336=DIRECTION('',(1.E0,0.E0,0.E0));
#3337=AXIS2_PLACEMENT_3D('',#3334,#3335,#3336);
#3338=CYLINDRICAL_SURFACE('',#3337,7.5E-2);
#3339=ORIENTED_EDGE('',*,*,#3009,.F.);
#3341=ORIENTED_EDGE('',*,*,#3340,.F.);
#3342=ORIENTED_EDGE('',*,*,#3119,.T.);
#3344=ORIENTED_EDGE('',*,*,#3343,.T.);
#3345=EDGE_LOOP('',(#3339,#3341,#3342,#3344));
#3346=FACE_OUTER_BOUND('',#3345,.F.);
#3348=CARTESIAN_POINT('',(-8.E-1,3.E-2,-1.05E0));
#3349=DIRECTION('',(0.E0,-1.E0,0.E0));
#3350=DIRECTION('',(1.E0,0.E0,0.E0));
#3351=AXIS2_PLACEMENT_3D('',#3348,#3349,#3350);
#3352=CYLINDRICAL_SURFACE('',#3351,7.5E-2);
#3353=ORIENTED_EDGE('',*,*,#3011,.F.);
#3354=ORIENTED_EDGE('',*,*,#3343,.F.);
#3355=ORIENTED_EDGE('',*,*,#3121,.T.);
#3356=ORIENTED_EDGE('',*,*,#3340,.T.);
#3357=EDGE_LOOP('',(#3353,#3354,#3355,#3356));
#3358=FACE_OUTER_BOUND('',#3357,.F.);
#3360=CLOSED_SHELL('',(#3015,#3030,#3044,#3058,#3071,#3125,#3139,#3152,#3165,
#3178,#3191,#3204,#3217,#3229,#3243,#3256,#3269,#3282,#3295,#3308,#3321,#3333,
#3347,#3359));
#3361=MANIFOLD_SOLID_BREP('',#3360);
#3362=FILL_AREA_STYLE_COLOUR('',#2386);
#3363=FILL_AREA_STYLE('',(#3362));
#3364=SURFACE_STYLE_FILL_AREA(#3363);
#3365=SURFACE_SIDE_STYLE('',(#3364));
#3366=SURFACE_STYLE_USAGE(.BOTH.,#3365);
#3367=PRESENTATION_STYLE_ASSIGNMENT((#3366));
#2387=STYLED_ITEM('',(#3367),#3361);
#3370=PLANE_ANGLE_MEASURE_WITH_UNIT(PLANE_ANGLE_MEASURE(1.745329251994E-2),
#3369);
#3371=(CONVERSION_BASED_UNIT('DEGREE',#3370)NAMED_UNIT(*)PLANE_ANGLE_UNIT());
#3373=UNCERTAINTY_MEASURE_WITH_UNIT(LENGTH_MEASURE(3.521577461855E-4),#3368,
'distance_accuracy_value',
'Maximum model space distance between geometric entities at asserted connectivities');
#3375=CARTESIAN_POINT('',(0.E0,0.E0,0.E0));
#3376=DIRECTION('',(0.E0,0.E0,1.E0));
#3377=DIRECTION('',(1.E0,0.E0,0.E0));
#3380=PRODUCT_DEFINITION_CONTEXT('part definition',#1958,'design');
#3381=PRODUCT_CONTEXT('',#1958,'mechanical');
#3382=PRODUCT('SOLDERMASK-TOP','SOLDERMASK-TOP','NOT SPECIFIED',(#3381));
#3383=PRODUCT_DEFINITION_FORMATION('7','LAST_VERSION',#3382);
#3391=DERIVED_UNIT_ELEMENT(#3390,2.E0);
#3392=DERIVED_UNIT((#3391));
#3393=MEASURE_REPRESENTATION_ITEM('surface area measure',AREA_MEASURE(
6.598227879054E0),#3392);
#3398=DERIVED_UNIT_ELEMENT(#3397,3.E0);
#3399=DERIVED_UNIT((#3398));
#3400=MEASURE_REPRESENTATION_ITEM('volume measure',VOLUME_MEASURE(
9.109861736555E-2),#3399);
#3404=CARTESIAN_POINT('centre point',(4.655559135222E-3,1.5E-2,
6.110421277055E-3));
#3409=DERIVED_UNIT_ELEMENT(#3408,2.E0);
#3410=DERIVED_UNIT((#3409));
#3411=MEASURE_REPRESENTATION_ITEM('surface area measure',AREA_MEASURE(
6.598227879054E0),#3410);
#3416=DERIVED_UNIT_ELEMENT(#3415,3.E0);
#3417=DERIVED_UNIT((#3416));
#3418=MEASURE_REPRESENTATION_ITEM('volume measure',VOLUME_MEASURE(
9.109861736555E-2),#3417);
#3422=CARTESIAN_POINT('centre point',(4.655559135222E-3,1.5E-2,
6.110421277055E-3));
#3427=DRAUGHTING_MODEL('Default',(#3439,#3440,#3456),#2007);
#3428=PRESENTATION_VIEW('Default',(#3447,#3460),#2007);
#3429=CARTESIAN_POINT('',(0.E0,0.E0,0.E0));
#3430=CARTESIAN_POINT('',(-1.569229043322E0,-1.310852169654E0,
6.505142829551E0));
#3431=DIRECTION('',(0.E0,0.E0,1.E0));
#3432=DIRECTION('',(1.E0,0.E0,0.E0));
#3433=AXIS2_PLACEMENT_3D('',#3430,#3431,#3432);
#3435=VIEW_VOLUME(.PARALLEL.,#3429,6.505142829551E0,6.505142829551E0,.T.,0.E0,
.F.,.T.,#3434);
#3436=CARTESIAN_POINT('',(1.087866274704E0,4.357249393701E0,5.131142282514E0));
#3437=DIRECTION('',(3.894183423087E-1,7.214918620107E-1,5.725406952575E-1));
#3438=DIRECTION('',(9.210609940029E-1,-3.050418666329E-1,-2.420663234065E-1));
#3439=AXIS2_PLACEMENT_3D('',#3436,#3437,#3438);
#3440=CAMERA_MODEL_D3_WITH_HLHSR('DEFAULT',#3439,#3435,.F.);
#3442=CARTESIAN_POINT('',(-5.014621857961E2,-4.188953786242E2,
2.078780759319E3));
#3443=DIRECTION('',(0.E0,0.E0,1.E0));
#3444=DIRECTION('',(1.E0,0.E0,0.E0));
#3445=AXIS2_PLACEMENT_3D('',#3442,#3443,#3444);
#3447=(CAMERA_IMAGE()CAMERA_IMAGE_3D_WITH_SCALE()GEOMETRIC_REPRESENTATION_ITEM()MAPPED_ITEM(#3441,#3446)REPRESENTATION_ITEM(''));
#3448=CARTESIAN_POINT('',(-1.569229043322E0,-1.310852169654E0,
6.505142829551E0));
#3449=DIRECTION('',(0.E0,0.E0,1.E0));
#3450=DIRECTION('',(1.E0,0.E0,0.E0));
#3451=AXIS2_PLACEMENT_3D('',#3448,#3449,#3450);
#3452=REPRESENTATION_MAP(#3451,#3379);
#3453=CARTESIAN_POINT('',(0.E0,0.E0));
#3454=DIRECTION('',(1.E0,0.E0));
#3455=AXIS2_PLACEMENT_2D('',#3453,#3454);
#3456=MAPPED_ITEM('',#3452,#3455);
#3457=CARTESIAN_POINT('',(-1.569229043322E0,-1.310852169654E0,
6.505142829551E0));
#3458=DIRECTION('',(0.E0,0.E0,1.E0));
#3459=DIRECTION('',(1.E0,0.E0,0.E0));
#3460=AXIS2_PLACEMENT_3D('',#3457,#3458,#3459);
#3461=REPRESENTATION_MAP(#3460,#3428);
#3462=CARTESIAN_POINT('',(0.E0,0.E0));
#3463=DIRECTION('',(1.E0,0.E0));
#3464=AXIS2_PLACEMENT_2D('',#3462,#3463);
#3465=MAPPED_ITEM('',#3461,#3464);
#3467=CARTESIAN_POINT('',(0.E0,0.E0));
#3468=DIRECTION('',(1.E0,0.E0));
#3469=AXIS2_PLACEMENT_2D('',#3467,#3468);
#3470=PLANAR_BOX('',1.E3,8.4375E2,#3469);
#3471=PRESENTATION_SIZE(#3466,#3470);
#3472=PRESENTATION_SET();
#3473=AREA_IN_SET(#3466,#3472);
#3474=APPLIED_PRESENTED_ITEM((#3384));
#3475=PRESENTED_ITEM_REPRESENTATION(#3472,#3474);
#3478=CARTESIAN_POINT('centre point',(4.655559135222E-3,-6.110421277055E-3,
1.85E-1));
#3482=CARTESIAN_POINT('',(0.E0,0.E0,1.7E-1));
#3483=DIRECTION('',(0.E0,-1.E0,0.E0));
#3484=DIRECTION('',(1.E0,0.E0,0.E0));
#3485=AXIS2_PLACEMENT_3D('',#3482,#3483,#3484);
#3486=ITEM_DEFINED_TRANSFORMATION('','',#3378,#3485);
#3487=(REPRESENTATION_RELATIONSHIP('','',#3379,#2059)REPRESENTATION_RELATIONSHIP_WITH_TRANSFORMATION(#3486)SHAPE_REPRESENTATION_RELATIONSHIP());
#3488=CONTEXT_DEPENDENT_SHAPE_REPRESENTATION(#3487,#3477);
#3491=DIRECTION('',(0.E0,1.E0,0.E0));
#3492=VECTOR('',#3491,1.5E-2);
#3493=CARTESIAN_POINT('',(-2.499999999999E-1,0.E0,-1.075E0));
#3494=LINE('',#3493,#3492);
#3495=CURVE_STYLE('',#35,POSITIVE_LENGTH_MEASURE(2.E-2),#26);
#3496=PRESENTATION_STYLE_ASSIGNMENT((#3495));
#3497=STYLED_ITEM('',(#3496),#3494);
#3498=DIRECTION('',(-1.E0,0.E0,0.E0));
#3499=VECTOR('',#3498,5.975E-1);
#3500=CARTESIAN_POINT('',(-3.4E-1,0.E0,-1.165E0));
#3501=LINE('',#3500,#3499);
#3502=CURVE_STYLE('',#35,POSITIVE_LENGTH_MEASURE(2.E-2),#26);
#3503=PRESENTATION_STYLE_ASSIGNMENT((#3502));
#3504=STYLED_ITEM('',(#3503),#3501);
#3505=CARTESIAN_POINT('',(-9.375E-1,0.E0,-1.1525E0));
#3506=DIRECTION('',(0.E0,1.E0,0.E0));
#3507=DIRECTION('',(-3.312905505481E-12,0.E0,-1.E0));
#3508=AXIS2_PLACEMENT_3D('',#3505,#3506,#3507);
#3510=CURVE_STYLE('',#35,POSITIVE_LENGTH_MEASURE(2.E-2),#26);
#3511=PRESENTATION_STYLE_ASSIGNMENT((#3510));
#3512=STYLED_ITEM('',(#3511),#3509);
#3513=DIRECTION('',(0.E0,0.E0,1.E0));
#3514=VECTOR('',#3513,9.249999999999E-1);
#3515=CARTESIAN_POINT('',(-9.5E-1,0.E0,-1.1525E0));
#3516=LINE('',#3515,#3514);
#3517=CURVE_STYLE('',#35,POSITIVE_LENGTH_MEASURE(2.E-2),#26);
#3518=PRESENTATION_STYLE_ASSIGNMENT((#3517));
#3519=STYLED_ITEM('',(#3518),#3516);
#3520=CARTESIAN_POINT('',(-9.25E-1,0.E0,-2.275000000001E-1));
#3521=DIRECTION('',(0.E0,1.E0,0.E0));
#3522=DIRECTION('',(-1.E0,0.E0,4.554134847012E-12));
#3523=AXIS2_PLACEMENT_3D('',#3520,#3521,#3522);
#3525=CURVE_STYLE('',#35,POSITIVE_LENGTH_MEASURE(2.E-2),#26);
#3526=PRESENTATION_STYLE_ASSIGNMENT((#3525));
#3527=STYLED_ITEM('',(#3526),#3524);
#3528=DIRECTION('',(1.E0,0.E0,-1.165734175856E-14));
#3529=VECTOR('',#3528,6.5E-1);
#3530=CARTESIAN_POINT('',(-9.25E-1,0.E0,-2.025000000001E-1));
#3531=LINE('',#3530,#3529);
#3532=CURVE_STYLE('',#35,POSITIVE_LENGTH_MEASURE(2.E-2),#26);
#3533=PRESENTATION_STYLE_ASSIGNMENT((#3532));
#3534=STYLED_ITEM('',(#3533),#3531);
#3535=DIRECTION('',(7.071067811898E-1,0.E0,-7.071067811833E-1));
#3536=VECTOR('',#3535,3.535533905930E-2);
#3537=CARTESIAN_POINT('',(-2.75E-1,0.E0,-2.025000000001E-1));
#3538=LINE('',#3537,#3536);
#3539=CURVE_STYLE('',#35,POSITIVE_LENGTH_MEASURE(2.E-2),#26);
#3540=PRESENTATION_STYLE_ASSIGNMENT((#3539));
#3541=STYLED_ITEM('',(#3540),#3538);
#3542=DIRECTION('',(0.E0,0.E0,-1.E0));
#3543=VECTOR('',#3542,8.475000000001E-1);
#3544=CARTESIAN_POINT('',(-2.499999999999E-1,0.E0,-2.275E-1));
#3545=LINE('',#3544,#3543);
#3546=CURVE_STYLE('',#35,POSITIVE_LENGTH_MEASURE(2.E-2),#26);
#3547=PRESENTATION_STYLE_ASSIGNMENT((#3546));
#3548=STYLED_ITEM('',(#3547),#3545);
#3549=DIRECTION('',(-7.071067811870E-1,0.E0,-7.071067811861E-1));
#3550=VECTOR('',#3549,1.272792206135E-1);
#3551=CARTESIAN_POINT('',(-2.499999999999E-1,0.E0,-1.075E0));
#3552=LINE('',#3551,#3550);
#3553=CURVE_STYLE('',#35,POSITIVE_LENGTH_MEASURE(2.E-2),#26);
#3554=PRESENTATION_STYLE_ASSIGNMENT((#3553));
#3555=STYLED_ITEM('',(#3554),#3552);
#3556=DIRECTION('',(0.E0,1.E0,0.E0));
#3557=VECTOR('',#3556,1.5E-2);
#3558=CARTESIAN_POINT('',(-3.4E-1,0.E0,-1.165E0));
#3559=LINE('',#3558,#3557);
#3560=CURVE_STYLE('',#35,POSITIVE_LENGTH_MEASURE(2.E-2),#26);
#3561=PRESENTATION_STYLE_ASSIGNMENT((#3560));
#3562=STYLED_ITEM('',(#3561),#3559);
#3563=DIRECTION('',(-1.E0,0.E0,0.E0));
#3564=VECTOR('',#3563,5.975E-1);
#3565=CARTESIAN_POINT('',(-3.4E-1,1.5E-2,-1.165E0));
#3566=LINE('',#3565,#3564);
#3567=CURVE_STYLE('',#35,POSITIVE_LENGTH_MEASURE(2.E-2),#26);
#3568=PRESENTATION_STYLE_ASSIGNMENT((#3567));
#3569=STYLED_ITEM('',(#3568),#3566);
#3570=DIRECTION('',(-7.071067811870E-1,0.E0,-7.071067811861E-1));
#3571=VECTOR('',#3570,1.272792206135E-1);
#3572=CARTESIAN_POINT('',(-2.499999999999E-1,1.5E-2,-1.075E0));
#3573=LINE('',#3572,#3571);
#3574=CURVE_STYLE('',#35,POSITIVE_LENGTH_MEASURE(2.E-2),#26);
#3575=PRESENTATION_STYLE_ASSIGNMENT((#3574));
#3576=STYLED_ITEM('',(#3575),#3573);
#3577=DIRECTION('',(0.E0,0.E0,-1.E0));
#3578=VECTOR('',#3577,8.475000000001E-1);
#3579=CARTESIAN_POINT('',(-2.499999999999E-1,1.5E-2,-2.275E-1));
#3580=LINE('',#3579,#3578);
#3581=CURVE_STYLE('',#35,POSITIVE_LENGTH_MEASURE(2.E-2),#26);
#3582=PRESENTATION_STYLE_ASSIGNMENT((#3581));
#3583=STYLED_ITEM('',(#3582),#3580);
#3584=DIRECTION('',(7.071067811898E-1,0.E0,-7.071067811833E-1));
#3585=VECTOR('',#3584,3.535533905930E-2);
#3586=CARTESIAN_POINT('',(-2.75E-1,1.5E-2,-2.025000000001E-1));
#3587=LINE('',#3586,#3585);
#3588=CURVE_STYLE('',#35,POSITIVE_LENGTH_MEASURE(2.E-2),#26);
#3589=PRESENTATION_STYLE_ASSIGNMENT((#3588));
#3590=STYLED_ITEM('',(#3589),#3587);
#3591=DIRECTION('',(1.E0,0.E0,-1.165734175856E-14));
#3592=VECTOR('',#3591,6.5E-1);
#3593=CARTESIAN_POINT('',(-9.25E-1,1.5E-2,-2.025000000001E-1));
#3594=LINE('',#3593,#3592);
#3595=CURVE_STYLE('',#35,POSITIVE_LENGTH_MEASURE(2.E-2),#26);
#3596=PRESENTATION_STYLE_ASSIGNMENT((#3595));
#3597=STYLED_ITEM('',(#3596),#3594);
#3598=CARTESIAN_POINT('',(-9.25E-1,1.5E-2,-2.275000000001E-1));
#3599=DIRECTION('',(0.E0,1.E0,0.E0));
#3600=DIRECTION('',(-1.E0,0.E0,4.554134847012E-12));
#3601=AXIS2_PLACEMENT_3D('',#3598,#3599,#3600);
#3603=CURVE_STYLE('',#35,POSITIVE_LENGTH_MEASURE(2.E-2),#26);
#3604=PRESENTATION_STYLE_ASSIGNMENT((#3603));
#3605=STYLED_ITEM('',(#3604),#3602);
#3606=DIRECTION('',(0.E0,0.E0,1.E0));
#3607=VECTOR('',#3606,9.249999999999E-1);
#3608=CARTESIAN_POINT('',(-9.5E-1,1.5E-2,-1.1525E0));
#3609=LINE('',#3608,#3607);
#3610=CURVE_STYLE('',#35,POSITIVE_LENGTH_MEASURE(2.E-2),#26);
#3611=PRESENTATION_STYLE_ASSIGNMENT((#3610));
#3612=STYLED_ITEM('',(#3611),#3609);
#3613=CARTESIAN_POINT('',(-9.375E-1,1.5E-2,-1.1525E0));
#3614=DIRECTION('',(0.E0,1.E0,0.E0));
#3615=DIRECTION('',(-3.312905505481E-12,0.E0,-1.E0));
#3616=AXIS2_PLACEMENT_3D('',#3613,#3614,#3615);
#3618=CURVE_STYLE('',#35,POSITIVE_LENGTH_MEASURE(2.E-2),#26);
#3619=PRESENTATION_STYLE_ASSIGNMENT((#3618));
#3620=STYLED_ITEM('',(#3619),#3617);
#3621=DIRECTION('',(0.E0,1.E0,0.E0));
#3622=VECTOR('',#3621,1.5E-2);
#3623=CARTESIAN_POINT('',(-2.499999999999E-1,0.E0,-2.275E-1));
#3624=LINE('',#3623,#3622);
#3625=CURVE_STYLE('',#35,POSITIVE_LENGTH_MEASURE(2.E-2),#26);
#3626=PRESENTATION_STYLE_ASSIGNMENT((#3625));
#3627=STYLED_ITEM('',(#3626),#3624);
#3628=DIRECTION('',(0.E0,1.E0,0.E0));
#3629=VECTOR('',#3628,1.5E-2);
#3630=CARTESIAN_POINT('',(-2.75E-1,0.E0,-2.025000000001E-1));
#3631=LINE('',#3630,#3629);
#3632=CURVE_STYLE('',#35,POSITIVE_LENGTH_MEASURE(2.E-2),#26);
#3633=PRESENTATION_STYLE_ASSIGNMENT((#3632));
#3634=STYLED_ITEM('',(#3633),#3631);
#3635=DIRECTION('',(0.E0,1.E0,0.E0));
#3636=VECTOR('',#3635,1.5E-2);
#3637=CARTESIAN_POINT('',(-9.25E-1,0.E0,-2.025000000001E-1));
#3638=LINE('',#3637,#3636);
#3639=CURVE_STYLE('',#35,POSITIVE_LENGTH_MEASURE(2.E-2),#26);
#3640=PRESENTATION_STYLE_ASSIGNMENT((#3639));
#3641=STYLED_ITEM('',(#3640),#3638);
#3642=DIRECTION('',(0.E0,1.E0,0.E0));
#3643=VECTOR('',#3642,1.5E-2);
#3644=CARTESIAN_POINT('',(-9.5E-1,0.E0,-2.275E-1));
#3645=LINE('',#3644,#3643);
#3646=CURVE_STYLE('',#35,POSITIVE_LENGTH_MEASURE(2.E-2),#26);
#3647=PRESENTATION_STYLE_ASSIGNMENT((#3646));
#3648=STYLED_ITEM('',(#3647),#3645);
#3649=DIRECTION('',(0.E0,1.E0,0.E0));
#3650=VECTOR('',#3649,1.5E-2);
#3651=CARTESIAN_POINT('',(-9.5E-1,0.E0,-1.1525E0));
#3652=LINE('',#3651,#3650);
#3653=CURVE_STYLE('',#35,POSITIVE_LENGTH_MEASURE(2.E-2),#26);
#3654=PRESENTATION_STYLE_ASSIGNMENT((#3653));
#3655=STYLED_ITEM('',(#3654),#3652);
#3656=DIRECTION('',(0.E0,1.E0,0.E0));
#3657=VECTOR('',#3656,1.5E-2);
#3658=CARTESIAN_POINT('',(-9.375E-1,0.E0,-1.165E0));
#3659=LINE('',#3658,#3657);
#3660=CURVE_STYLE('',#35,POSITIVE_LENGTH_MEASURE(2.E-2),#26);
#3661=PRESENTATION_STYLE_ASSIGNMENT((#3660));
#3662=STYLED_ITEM('',(#3661),#3659);
#3663=CARTESIAN_POINT('',(-3.4E-1,0.E0,-1.165E0));
#3664=CARTESIAN_POINT('',(-9.375E-1,0.E0,-1.165E0));
#3665=VERTEX_POINT('',#3663);
#3666=VERTEX_POINT('',#3664);
#3667=CARTESIAN_POINT('',(-9.5E-1,0.E0,-1.1525E0));
#3668=VERTEX_POINT('',#3667);
#3669=CARTESIAN_POINT('',(-9.5E-1,0.E0,-2.275E-1));
#3670=VERTEX_POINT('',#3669);
#3671=CARTESIAN_POINT('',(-9.250000000001E-1,0.E0,-2.025000000001E-1));
#3672=VERTEX_POINT('',#3671);
#3673=CARTESIAN_POINT('',(-2.75E-1,0.E0,-2.025000000001E-1));
#3674=VERTEX_POINT('',#3673);
#3675=CARTESIAN_POINT('',(-2.499999999999E-1,0.E0,-2.275E-1));
#3676=VERTEX_POINT('',#3675);
#3677=CARTESIAN_POINT('',(-2.499999999999E-1,0.E0,-1.075E0));
#3678=VERTEX_POINT('',#3677);
#3679=CARTESIAN_POINT('',(-3.4E-1,1.5E-2,-1.165E0));
#3680=CARTESIAN_POINT('',(-9.375E-1,1.5E-2,-1.165E0));
#3681=VERTEX_POINT('',#3679);
#3682=VERTEX_POINT('',#3680);
#3683=CARTESIAN_POINT('',(-9.5E-1,1.5E-2,-1.1525E0));
#3684=VERTEX_POINT('',#3683);
#3685=CARTESIAN_POINT('',(-9.5E-1,1.5E-2,-2.275E-1));
#3686=VERTEX_POINT('',#3685);
#3687=CARTESIAN_POINT('',(-9.250000000001E-1,1.5E-2,-2.025000000001E-1));
#3688=VERTEX_POINT('',#3687);
#3689=CARTESIAN_POINT('',(-2.75E-1,1.5E-2,-2.025000000001E-1));
#3690=VERTEX_POINT('',#3689);
#3691=CARTESIAN_POINT('',(-2.499999999999E-1,1.5E-2,-2.275E-1));
#3692=VERTEX_POINT('',#3691);
#3693=CARTESIAN_POINT('',(-2.499999999999E-1,1.5E-2,-1.075E0));
#3694=VERTEX_POINT('',#3693);
#3695=CARTESIAN_POINT('',(-2.499999999999E-1,0.E0,-1.075E0));
#3696=DIRECTION('',(7.071067811861E-1,0.E0,-7.071067811870E-1));
#3697=DIRECTION('',(-7.071067811870E-1,0.E0,-7.071067811861E-1));
#3698=AXIS2_PLACEMENT_3D('',#3695,#3696,#3697);
#3699=PLANE('',#3698);
#3701=ORIENTED_EDGE('',*,*,#3700,.F.);
#3703=ORIENTED_EDGE('',*,*,#3702,.T.);
#3705=ORIENTED_EDGE('',*,*,#3704,.T.);
#3707=ORIENTED_EDGE('',*,*,#3706,.F.);
#3708=EDGE_LOOP('',(#3701,#3703,#3705,#3707));
#3709=FACE_OUTER_BOUND('',#3708,.F.);
#3711=CARTESIAN_POINT('',(0.E0,0.E0,0.E0));
#3712=DIRECTION('',(0.E0,1.E0,0.E0));
#3713=DIRECTION('',(1.E0,0.E0,0.E0));
#3714=AXIS2_PLACEMENT_3D('',#3711,#3712,#3713);
#3715=PLANE('',#3714);
#3717=ORIENTED_EDGE('',*,*,#3716,.T.);
#3719=ORIENTED_EDGE('',*,*,#3718,.T.);
#3721=ORIENTED_EDGE('',*,*,#3720,.T.);
#3723=ORIENTED_EDGE('',*,*,#3722,.T.);
#3725=ORIENTED_EDGE('',*,*,#3724,.T.);
#3727=ORIENTED_EDGE('',*,*,#3726,.T.);
#3729=ORIENTED_EDGE('',*,*,#3728,.T.);
#3730=ORIENTED_EDGE('',*,*,#3700,.T.);
#3731=EDGE_LOOP('',(#3717,#3719,#3721,#3723,#3725,#3727,#3729,#3730));
#3732=FACE_OUTER_BOUND('',#3731,.F.);
#3734=CARTESIAN_POINT('',(-3.4E-1,0.E0,-1.165E0));
#3735=DIRECTION('',(0.E0,0.E0,-1.E0));
#3736=DIRECTION('',(-1.E0,0.E0,0.E0));
#3737=AXIS2_PLACEMENT_3D('',#3734,#3735,#3736);
#3738=PLANE('',#3737);
#3739=ORIENTED_EDGE('',*,*,#3716,.F.);
#3740=ORIENTED_EDGE('',*,*,#3706,.T.);
#3742=ORIENTED_EDGE('',*,*,#3741,.T.);
#3744=ORIENTED_EDGE('',*,*,#3743,.F.);
#3745=EDGE_LOOP('',(#3739,#3740,#3742,#3744));
#3746=FACE_OUTER_BOUND('',#3745,.F.);
#3748=CARTESIAN_POINT('',(0.E0,1.5E-2,0.E0));
#3749=DIRECTION('',(0.E0,1.E0,0.E0));
#3750=DIRECTION('',(1.E0,0.E0,0.E0));
#3751=AXIS2_PLACEMENT_3D('',#3748,#3749,#3750);
#3752=PLANE('',#3751);
#3753=ORIENTED_EDGE('',*,*,#3741,.F.);
#3754=ORIENTED_EDGE('',*,*,#3704,.F.);
#3756=ORIENTED_EDGE('',*,*,#3755,.F.);
#3758=ORIENTED_EDGE('',*,*,#3757,.F.);
#3760=ORIENTED_EDGE('',*,*,#3759,.F.);
#3762=ORIENTED_EDGE('',*,*,#3761,.F.);
#3764=ORIENTED_EDGE('',*,*,#3763,.F.);
#3766=ORIENTED_EDGE('',*,*,#3765,.F.);
#3767=EDGE_LOOP('',(#3753,#3754,#3756,#3758,#3760,#3762,#3764,#3766));
#3768=FACE_OUTER_BOUND('',#3767,.F.);
#3770=CARTESIAN_POINT('',(-2.499999999999E-1,0.E0,-2.275E-1));
#3771=DIRECTION('',(1.E0,0.E0,0.E0));
#3772=DIRECTION('',(0.E0,0.E0,-1.E0));
#3773=AXIS2_PLACEMENT_3D('',#3770,#3771,#3772);
#3774=PLANE('',#3773);
#3775=ORIENTED_EDGE('',*,*,#3728,.F.);
#3777=ORIENTED_EDGE('',*,*,#3776,.T.);
#3778=ORIENTED_EDGE('',*,*,#3755,.T.);
#3779=ORIENTED_EDGE('',*,*,#3702,.F.);
#3780=EDGE_LOOP('',(#3775,#3777,#3778,#3779));
#3781=FACE_OUTER_BOUND('',#3780,.F.);
#3783=CARTESIAN_POINT('',(-2.75E-1,0.E0,-2.025000000001E-1));
#3784=DIRECTION('',(7.071067811833E-1,0.E0,7.071067811898E-1));
#3785=DIRECTION('',(7.071067811898E-1,0.E0,-7.071067811833E-1));
#3786=AXIS2_PLACEMENT_3D('',#3783,#3784,#3785);
#3787=PLANE('',#3786);
#3788=ORIENTED_EDGE('',*,*,#3726,.F.);
#3790=ORIENTED_EDGE('',*,*,#3789,.T.);
#3791=ORIENTED_EDGE('',*,*,#3757,.T.);
#3792=ORIENTED_EDGE('',*,*,#3776,.F.);
#3793=EDGE_LOOP('',(#3788,#3790,#3791,#3792));
#3794=FACE_OUTER_BOUND('',#3793,.F.);
#3796=CARTESIAN_POINT('',(-9.25E-1,0.E0,-2.025000000001E-1));
#3797=DIRECTION('',(0.E0,0.E0,1.E0));
#3798=DIRECTION('',(1.E0,0.E0,0.E0));
#3799=AXIS2_PLACEMENT_3D('',#3796,#3797,#3798);
#3800=PLANE('',#3799);
#3801=ORIENTED_EDGE('',*,*,#3724,.F.);
#3803=ORIENTED_EDGE('',*,*,#3802,.T.);
#3804=ORIENTED_EDGE('',*,*,#3759,.T.);
#3805=ORIENTED_EDGE('',*,*,#3789,.F.);
#3806=EDGE_LOOP('',(#3801,#3803,#3804,#3805));
#3807=FACE_OUTER_BOUND('',#3806,.F.);
#3809=CARTESIAN_POINT('',(-9.25E-1,0.E0,-2.275000000001E-1));
#3810=DIRECTION('',(0.E0,1.E0,0.E0));
#3811=DIRECTION('',(1.E0,0.E0,0.E0));
#3812=AXIS2_PLACEMENT_3D('',#3809,#3810,#3811);
#3813=CYLINDRICAL_SURFACE('',#3812,2.5E-2);
#3814=ORIENTED_EDGE('',*,*,#3722,.F.);
#3816=ORIENTED_EDGE('',*,*,#3815,.T.);
#3817=ORIENTED_EDGE('',*,*,#3761,.T.);
#3818=ORIENTED_EDGE('',*,*,#3802,.F.);
#3819=EDGE_LOOP('',(#3814,#3816,#3817,#3818));
#3820=FACE_OUTER_BOUND('',#3819,.F.);
#3822=CARTESIAN_POINT('',(-9.5E-1,0.E0,-1.1525E0));
#3823=DIRECTION('',(-1.E0,0.E0,0.E0));
#3824=DIRECTION('',(0.E0,0.E0,1.E0));
#3825=AXIS2_PLACEMENT_3D('',#3822,#3823,#3824);
#3826=PLANE('',#3825);
#3827=ORIENTED_EDGE('',*,*,#3720,.F.);
#3829=ORIENTED_EDGE('',*,*,#3828,.T.);
#3830=ORIENTED_EDGE('',*,*,#3763,.T.);
#3831=ORIENTED_EDGE('',*,*,#3815,.F.);
#3832=EDGE_LOOP('',(#3827,#3829,#3830,#3831));
#3833=FACE_OUTER_BOUND('',#3832,.F.);
#3835=CARTESIAN_POINT('',(-9.375E-1,0.E0,-1.1525E0));
#3836=DIRECTION('',(0.E0,1.E0,0.E0));
#3837=DIRECTION('',(1.E0,0.E0,0.E0));
#3838=AXIS2_PLACEMENT_3D('',#3835,#3836,#3837);
#3839=CYLINDRICAL_SURFACE('',#3838,1.25E-2);
#3840=ORIENTED_EDGE('',*,*,#3718,.F.);
#3841=ORIENTED_EDGE('',*,*,#3743,.T.);
#3842=ORIENTED_EDGE('',*,*,#3765,.T.);
#3843=ORIENTED_EDGE('',*,*,#3828,.F.);
#3844=EDGE_LOOP('',(#3840,#3841,#3842,#3843));
#3845=FACE_OUTER_BOUND('',#3844,.F.);
#3847=CLOSED_SHELL('',(#3710,#3733,#3747,#3769,#3782,#3795,#3808,#3821,#3834,
#3846));
#3848=MANIFOLD_SOLID_BREP('',#3847);
#3849=FILL_AREA_STYLE_COLOUR('',#26);
#3850=FILL_AREA_STYLE('',(#3849));
#3851=SURFACE_STYLE_FILL_AREA(#3850);
#3852=SURFACE_SIDE_STYLE('',(#3851));
#3853=SURFACE_STYLE_USAGE(.BOTH.,#3852);
#3854=PRESENTATION_STYLE_ASSIGNMENT((#3853));
#3490=STYLED_ITEM('',(#3854),#3848);
#3856=DIRECTION('',(0.E0,1.E0,0.E0));
#3857=VECTOR('',#3856,1.5E-2);
#3858=CARTESIAN_POINT('',(-2.499999999999E-1,0.E0,1.625E-1));
#3859=LINE('',#3858,#3857);
#3860=CURVE_STYLE('',#35,POSITIVE_LENGTH_MEASURE(2.E-2),#26);
#3861=PRESENTATION_STYLE_ASSIGNMENT((#3860));
#3862=STYLED_ITEM('',(#3861),#3859);
#3863=CARTESIAN_POINT('',(-2.749999999999E-1,0.E0,-1.374999999999E-1));
#3864=DIRECTION('',(0.E0,1.E0,0.E0));
#3865=DIRECTION('',(1.E0,0.E0,-1.665334536939E-14));
#3866=AXIS2_PLACEMENT_3D('',#3863,#3864,#3865);
#3868=CURVE_STYLE('',#35,POSITIVE_LENGTH_MEASURE(2.E-2),#26);
#3869=PRESENTATION_STYLE_ASSIGNMENT((#3868));
#3870=STYLED_ITEM('',(#3869),#3867);
#3871=DIRECTION('',(-1.E0,0.E0,0.E0));
#3872=VECTOR('',#3871,6.625000000001E-1);
#3873=CARTESIAN_POINT('',(-2.749999999999E-1,0.E0,-1.624999999999E-1));
#3874=LINE('',#3873,#3872);
#3875=CURVE_STYLE('',#35,POSITIVE_LENGTH_MEASURE(2.E-2),#26);
#3876=PRESENTATION_STYLE_ASSIGNMENT((#3875));
#3877=STYLED_ITEM('',(#3876),#3874);
#3878=CARTESIAN_POINT('',(-9.375E-1,0.E0,-1.499999999999E-1));
#3879=DIRECTION('',(0.E0,1.E0,0.E0));
#3880=DIRECTION('',(-3.401723347451E-12,0.E0,-1.E0));
#3881=AXIS2_PLACEMENT_3D('',#3878,#3879,#3880);
#3883=CURVE_STYLE('',#35,POSITIVE_LENGTH_MEASURE(2.E-2),#26);
#3884=PRESENTATION_STYLE_ASSIGNMENT((#3883));
#3885=STYLED_ITEM('',(#3884),#3882);
#3886=DIRECTION('',(-1.207922650792E-14,0.E0,1.E0));
#3887=VECTOR('',#3886,3.125E-1);
#3888=CARTESIAN_POINT('',(-9.5E-1,0.E0,-1.499999999999E-1));
#3889=LINE('',#3888,#3887);
#3890=CURVE_STYLE('',#35,POSITIVE_LENGTH_MEASURE(2.E-2),#26);
#3891=PRESENTATION_STYLE_ASSIGNMENT((#3890));
#3892=STYLED_ITEM('',(#3891),#3889);
#3893=CARTESIAN_POINT('',(-9.25E-1,0.E0,1.625E-1));
#3894=DIRECTION('',(0.E0,1.E0,0.E0));
#3895=DIRECTION('',(-1.E0,0.E0,4.554134847012E-12));
#3896=AXIS2_PLACEMENT_3D('',#3893,#3894,#3895);
#3898=CURVE_STYLE('',#35,POSITIVE_LENGTH_MEASURE(2.E-2),#26);
#3899=PRESENTATION_STYLE_ASSIGNMENT((#3898));
#3900=STYLED_ITEM('',(#3899),#3897);
#3901=DIRECTION('',(1.E0,0.E0,-1.161464087300E-14));
#3902=VECTOR('',#3901,6.500000000001E-1);
#3903=CARTESIAN_POINT('',(-9.25E-1,0.E0,1.875E-1));
#3904=LINE('',#3903,#3902);
#3905=CURVE_STYLE('',#35,POSITIVE_LENGTH_MEASURE(2.E-2),#26);
#3906=PRESENTATION_STYLE_ASSIGNMENT((#3905));
#3907=STYLED_ITEM('',(#3906),#3904);
#3908=CARTESIAN_POINT('',(-2.749999999999E-1,0.E0,1.625E-1));
#3909=DIRECTION('',(0.E0,1.E0,0.E0));
#3910=DIRECTION('',(0.E0,0.E0,1.E0));
#3911=AXIS2_PLACEMENT_3D('',#3908,#3909,#3910);
#3913=CURVE_STYLE('',#35,POSITIVE_LENGTH_MEASURE(2.E-2),#26);
#3914=PRESENTATION_STYLE_ASSIGNMENT((#3913));
#3915=STYLED_ITEM('',(#3914),#3912);
#3916=DIRECTION('',(0.E0,0.E0,-1.E0));
#3917=VECTOR('',#3916,3.E-1);
#3918=CARTESIAN_POINT('',(-2.499999999999E-1,0.E0,1.625E-1));
#3919=LINE('',#3918,#3917);
#3920=CURVE_STYLE('',#35,POSITIVE_LENGTH_MEASURE(2.E-2),#26);
#3921=PRESENTATION_STYLE_ASSIGNMENT((#3920));
#3922=STYLED_ITEM('',(#3921),#3919);
#3923=DIRECTION('',(0.E0,1.E0,0.E0));
#3924=VECTOR('',#3923,1.5E-2);
#3925=CARTESIAN_POINT('',(-2.499999999999E-1,0.E0,-1.374999999999E-1));
#3926=LINE('',#3925,#3924);
#3927=CURVE_STYLE('',#35,POSITIVE_LENGTH_MEASURE(2.E-2),#26);
#3928=PRESENTATION_STYLE_ASSIGNMENT((#3927));
#3929=STYLED_ITEM('',(#3928),#3926);
#3930=CARTESIAN_POINT('',(-2.749999999999E-1,1.5E-2,-1.374999999999E-1));
#3931=DIRECTION('',(0.E0,1.E0,0.E0));
#3932=DIRECTION('',(1.E0,0.E0,-1.665334536939E-14));
#3933=AXIS2_PLACEMENT_3D('',#3930,#3931,#3932);
#3935=CURVE_STYLE('',#35,POSITIVE_LENGTH_MEASURE(2.E-2),#26);
#3936=PRESENTATION_STYLE_ASSIGNMENT((#3935));
#3937=STYLED_ITEM('',(#3936),#3934);
#3938=DIRECTION('',(0.E0,0.E0,-1.E0));
#3939=VECTOR('',#3938,3.E-1);
#3940=CARTESIAN_POINT('',(-2.499999999999E-1,1.5E-2,1.625E-1));
#3941=LINE('',#3940,#3939);
#3942=CURVE_STYLE('',#35,POSITIVE_LENGTH_MEASURE(2.E-2),#26);
#3943=PRESENTATION_STYLE_ASSIGNMENT((#3942));
#3944=STYLED_ITEM('',(#3943),#3941);
#3945=CARTESIAN_POINT('',(-2.749999999999E-1,1.5E-2,1.625E-1));
#3946=DIRECTION('',(0.E0,1.E0,0.E0));
#3947=DIRECTION('',(0.E0,0.E0,1.E0));
#3948=AXIS2_PLACEMENT_3D('',#3945,#3946,#3947);
#3950=CURVE_STYLE('',#35,POSITIVE_LENGTH_MEASURE(2.E-2),#26);
#3951=PRESENTATION_STYLE_ASSIGNMENT((#3950));
#3952=STYLED_ITEM('',(#3951),#3949);
#3953=DIRECTION('',(1.E0,0.E0,-1.161464087300E-14));
#3954=VECTOR('',#3953,6.500000000001E-1);
#3955=CARTESIAN_POINT('',(-9.25E-1,1.5E-2,1.875E-1));
#3956=LINE('',#3955,#3954);
#3957=CURVE_STYLE('',#35,POSITIVE_LENGTH_MEASURE(2.E-2),#26);
#3958=PRESENTATION_STYLE_ASSIGNMENT((#3957));
#3959=STYLED_ITEM('',(#3958),#3956);
#3960=CARTESIAN_POINT('',(-9.25E-1,1.5E-2,1.625E-1));
#3961=DIRECTION('',(0.E0,1.E0,0.E0));
#3962=DIRECTION('',(-1.E0,0.E0,4.554134847012E-12));
#3963=AXIS2_PLACEMENT_3D('',#3960,#3961,#3962);
#3965=CURVE_STYLE('',#35,POSITIVE_LENGTH_MEASURE(2.E-2),#26);
#3966=PRESENTATION_STYLE_ASSIGNMENT((#3965));
#3967=STYLED_ITEM('',(#3966),#3964);
#3968=DIRECTION('',(-1.243449787580E-14,0.E0,1.E0));
#3969=VECTOR('',#3968,3.125E-1);
#3970=CARTESIAN_POINT('',(-9.5E-1,1.5E-2,-1.499999999999E-1));
#3971=LINE('',#3970,#3969);
#3972=CURVE_STYLE('',#35,POSITIVE_LENGTH_MEASURE(2.E-2),#26);
#3973=PRESENTATION_STYLE_ASSIGNMENT((#3972));
#3974=STYLED_ITEM('',(#3973),#3971);
#3975=CARTESIAN_POINT('',(-9.375E-1,1.5E-2,-1.499999999999E-1));
#3976=DIRECTION('',(0.E0,1.E0,0.E0));
#3977=DIRECTION('',(-3.401723347451E-12,0.E0,-1.E0));
#3978=AXIS2_PLACEMENT_3D('',#3975,#3976,#3977);
#3980=CURVE_STYLE('',#35,POSITIVE_LENGTH_MEASURE(2.E-2),#26);
#3981=PRESENTATION_STYLE_ASSIGNMENT((#3980));
#3982=STYLED_ITEM('',(#3981),#3979);
#3983=DIRECTION('',(-1.E0,0.E0,0.E0));
#3984=VECTOR('',#3983,6.625000000001E-1);
#3985=CARTESIAN_POINT('',(-2.749999999999E-1,1.5E-2,-1.624999999999E-1));
#3986=LINE('',#3985,#3984);
#3987=CURVE_STYLE('',#35,POSITIVE_LENGTH_MEASURE(2.E-2),#26);
#3988=PRESENTATION_STYLE_ASSIGNMENT((#3987));
#3989=STYLED_ITEM('',(#3988),#3986);
#3990=DIRECTION('',(0.E0,1.E0,0.E0));
#3991=VECTOR('',#3990,1.5E-2);
#3992=CARTESIAN_POINT('',(-2.749999999999E-1,0.E0,1.875E-1));
#3993=LINE('',#3992,#3991);
#3994=CURVE_STYLE('',#35,POSITIVE_LENGTH_MEASURE(2.E-2),#26);
#3995=PRESENTATION_STYLE_ASSIGNMENT((#3994));
#3996=STYLED_ITEM('',(#3995),#3993);
#3997=DIRECTION('',(0.E0,1.E0,0.E0));
#3998=VECTOR('',#3997,1.5E-2);
#3999=CARTESIAN_POINT('',(-9.25E-1,0.E0,1.875E-1));
#4000=LINE('',#3999,#3998);
#4001=CURVE_STYLE('',#35,POSITIVE_LENGTH_MEASURE(2.E-2),#26);
#4002=PRESENTATION_STYLE_ASSIGNMENT((#4001));
#4003=STYLED_ITEM('',(#4002),#4000);
#4004=DIRECTION('',(0.E0,1.E0,0.E0));
#4005=VECTOR('',#4004,1.5E-2);
#4006=CARTESIAN_POINT('',(-9.5E-1,0.E0,1.625000000001E-1));
#4007=LINE('',#4006,#4005);
#4008=CURVE_STYLE('',#35,POSITIVE_LENGTH_MEASURE(2.E-2),#26);
#4009=PRESENTATION_STYLE_ASSIGNMENT((#4008));
#4010=STYLED_ITEM('',(#4009),#4007);
#4011=DIRECTION('',(0.E0,1.E0,0.E0));
#4012=VECTOR('',#4011,1.5E-2);
#4013=CARTESIAN_POINT('',(-9.5E-1,0.E0,-1.499999999999E-1));
#4014=LINE('',#4013,#4012);
#4015=CURVE_STYLE('',#35,POSITIVE_LENGTH_MEASURE(2.E-2),#26);
#4016=PRESENTATION_STYLE_ASSIGNMENT((#4015));
#4017=STYLED_ITEM('',(#4016),#4014);
#4018=DIRECTION('',(0.E0,1.E0,0.E0));
#4019=VECTOR('',#4018,1.5E-2);
#4020=CARTESIAN_POINT('',(-9.375E-1,0.E0,-1.624999999999E-1));
#4021=LINE('',#4020,#4019);
#4022=CURVE_STYLE('',#35,POSITIVE_LENGTH_MEASURE(2.E-2),#26);
#4023=PRESENTATION_STYLE_ASSIGNMENT((#4022));
#4024=STYLED_ITEM('',(#4023),#4021);
#4025=DIRECTION('',(0.E0,1.E0,0.E0));
#4026=VECTOR('',#4025,1.5E-2);
#4027=CARTESIAN_POINT('',(-2.749999999999E-1,0.E0,-1.624999999999E-1));
#4028=LINE('',#4027,#4026);
#4029=CURVE_STYLE('',#35,POSITIVE_LENGTH_MEASURE(2.E-2),#26);
#4030=PRESENTATION_STYLE_ASSIGNMENT((#4029));
#4031=STYLED_ITEM('',(#4030),#4028);
#4032=CARTESIAN_POINT('',(-2.499999999999E-1,0.E0,-1.374999999999E-1));
#4033=CARTESIAN_POINT('',(-2.749999999999E-1,0.E0,-1.624999999999E-1));
#4034=VERTEX_POINT('',#4032);
#4035=VERTEX_POINT('',#4033);
#4036=CARTESIAN_POINT('',(-9.375E-1,0.E0,-1.624999999999E-1));
#4037=VERTEX_POINT('',#4036);
#4038=CARTESIAN_POINT('',(-9.5E-1,0.E0,-1.5E-1));
#4039=VERTEX_POINT('',#4038);
#4040=CARTESIAN_POINT('',(-9.5E-1,0.E0,1.625000000001E-1));
#4041=VERTEX_POINT('',#4040);
#4042=CARTESIAN_POINT('',(-9.250000000001E-1,0.E0,1.875E-1));
#4043=VERTEX_POINT('',#4042);
#4044=CARTESIAN_POINT('',(-2.749999999999E-1,0.E0,1.875E-1));
#4045=VERTEX_POINT('',#4044);
#4046=CARTESIAN_POINT('',(-2.499999999999E-1,0.E0,1.625E-1));
#4047=VERTEX_POINT('',#4046);
#4048=CARTESIAN_POINT('',(-2.499999999999E-1,1.5E-2,-1.374999999999E-1));
#4049=CARTESIAN_POINT('',(-2.749999999999E-1,1.5E-2,-1.624999999999E-1));
#4050=VERTEX_POINT('',#4048);
#4051=VERTEX_POINT('',#4049);
#4052=CARTESIAN_POINT('',(-9.375E-1,1.5E-2,-1.624999999999E-1));
#4053=VERTEX_POINT('',#4052);
#4054=CARTESIAN_POINT('',(-9.5E-1,1.5E-2,-1.5E-1));
#4055=VERTEX_POINT('',#4054);
#4056=CARTESIAN_POINT('',(-9.5E-1,1.5E-2,1.625000000001E-1));
#4057=VERTEX_POINT('',#4056);
#4058=CARTESIAN_POINT('',(-9.250000000001E-1,1.5E-2,1.875E-1));
#4059=VERTEX_POINT('',#4058);
#4060=CARTESIAN_POINT('',(-2.749999999999E-1,1.5E-2,1.875E-1));
#4061=VERTEX_POINT('',#4060);
#4062=CARTESIAN_POINT('',(-2.499999999999E-1,1.5E-2,1.625E-1));
#4063=VERTEX_POINT('',#4062);
#4064=CARTESIAN_POINT('',(-2.499999999999E-1,0.E0,1.625E-1));
#4065=DIRECTION('',(1.E0,0.E0,0.E0));
#4066=DIRECTION('',(0.E0,0.E0,-1.E0));
#4067=AXIS2_PLACEMENT_3D('',#4064,#4065,#4066);
#4068=PLANE('',#4067);
#4070=ORIENTED_EDGE('',*,*,#4069,.F.);
#4072=ORIENTED_EDGE('',*,*,#4071,.T.);
#4074=ORIENTED_EDGE('',*,*,#4073,.T.);
#4076=ORIENTED_EDGE('',*,*,#4075,.F.);
#4077=EDGE_LOOP('',(#4070,#4072,#4074,#4076));
#4078=FACE_OUTER_BOUND('',#4077,.F.);
#4080=CARTESIAN_POINT('',(0.E0,0.E0,0.E0));
#4081=DIRECTION('',(0.E0,1.E0,0.E0));
#4082=DIRECTION('',(1.E0,0.E0,0.E0));
#4083=AXIS2_PLACEMENT_3D('',#4080,#4081,#4082);
#4084=PLANE('',#4083);
#4086=ORIENTED_EDGE('',*,*,#4085,.T.);
#4088=ORIENTED_EDGE('',*,*,#4087,.T.);
#4090=ORIENTED_EDGE('',*,*,#4089,.T.);
#4092=ORIENTED_EDGE('',*,*,#4091,.T.);
#4094=ORIENTED_EDGE('',*,*,#4093,.T.);
#4096=ORIENTED_EDGE('',*,*,#4095,.T.);
#4098=ORIENTED_EDGE('',*,*,#4097,.T.);
#4099=ORIENTED_EDGE('',*,*,#4069,.T.);
#4100=EDGE_LOOP('',(#4086,#4088,#4090,#4092,#4094,#4096,#4098,#4099));
#4101=FACE_OUTER_BOUND('',#4100,.F.);
#4103=CARTESIAN_POINT('',(-2.749999999999E-1,0.E0,-1.374999999999E-1));
#4104=DIRECTION('',(0.E0,1.E0,0.E0));
#4105=DIRECTION('',(1.E0,0.E0,0.E0));
#4106=AXIS2_PLACEMENT_3D('',#4103,#4104,#4105);
#4107=CYLINDRICAL_SURFACE('',#4106,2.499999999998E-2);
#4108=ORIENTED_EDGE('',*,*,#4085,.F.);
#4109=ORIENTED_EDGE('',*,*,#4075,.T.);
#4111=ORIENTED_EDGE('',*,*,#4110,.T.);
#4113=ORIENTED_EDGE('',*,*,#4112,.F.);
#4114=EDGE_LOOP('',(#4108,#4109,#4111,#4113));
#4115=FACE_OUTER_BOUND('',#4114,.F.);
#4117=CARTESIAN_POINT('',(0.E0,1.5E-2,0.E0));
#4118=DIRECTION('',(0.E0,1.E0,0.E0));
#4119=DIRECTION('',(1.E0,0.E0,0.E0));
#4120=AXIS2_PLACEMENT_3D('',#4117,#4118,#4119);
#4121=PLANE('',#4120);
#4122=ORIENTED_EDGE('',*,*,#4110,.F.);
#4123=ORIENTED_EDGE('',*,*,#4073,.F.);
#4125=ORIENTED_EDGE('',*,*,#4124,.F.);
#4127=ORIENTED_EDGE('',*,*,#4126,.F.);
#4129=ORIENTED_EDGE('',*,*,#4128,.F.);
#4131=ORIENTED_EDGE('',*,*,#4130,.F.);
#4133=ORIENTED_EDGE('',*,*,#4132,.F.);
#4135=ORIENTED_EDGE('',*,*,#4134,.F.);
#4136=EDGE_LOOP('',(#4122,#4123,#4125,#4127,#4129,#4131,#4133,#4135));
#4137=FACE_OUTER_BOUND('',#4136,.F.);
#4139=CARTESIAN_POINT('',(-2.749999999999E-1,0.E0,1.625E-1));
#4140=DIRECTION('',(0.E0,1.E0,0.E0));
#4141=DIRECTION('',(1.E0,0.E0,0.E0));
#4142=AXIS2_PLACEMENT_3D('',#4139,#4140,#4141);
#4143=CYLINDRICAL_SURFACE('',#4142,2.499999999998E-2);
#4144=ORIENTED_EDGE('',*,*,#4097,.F.);
#4146=ORIENTED_EDGE('',*,*,#4145,.T.);
#4147=ORIENTED_EDGE('',*,*,#4124,.T.);
#4148=ORIENTED_EDGE('',*,*,#4071,.F.);
#4149=EDGE_LOOP('',(#4144,#4146,#4147,#4148));
#4150=FACE_OUTER_BOUND('',#4149,.F.);
#4152=CARTESIAN_POINT('',(-9.25E-1,0.E0,1.875E-1));
#4153=DIRECTION('',(0.E0,0.E0,1.E0));
#4154=DIRECTION('',(1.E0,0.E0,0.E0));
#4155=AXIS2_PLACEMENT_3D('',#4152,#4153,#4154);
#4156=PLANE('',#4155);
#4157=ORIENTED_EDGE('',*,*,#4095,.F.);
#4159=ORIENTED_EDGE('',*,*,#4158,.T.);
#4160=ORIENTED_EDGE('',*,*,#4126,.T.);
#4161=ORIENTED_EDGE('',*,*,#4145,.F.);
#4162=EDGE_LOOP('',(#4157,#4159,#4160,#4161));
#4163=FACE_OUTER_BOUND('',#4162,.F.);
#4165=CARTESIAN_POINT('',(-9.25E-1,0.E0,1.625E-1));
#4166=DIRECTION('',(0.E0,1.E0,0.E0));
#4167=DIRECTION('',(1.E0,0.E0,0.E0));
#4168=AXIS2_PLACEMENT_3D('',#4165,#4166,#4167);
#4169=CYLINDRICAL_SURFACE('',#4168,2.5E-2);
#4170=ORIENTED_EDGE('',*,*,#4093,.F.);
#4172=ORIENTED_EDGE('',*,*,#4171,.T.);
#4173=ORIENTED_EDGE('',*,*,#4128,.T.);
#4174=ORIENTED_EDGE('',*,*,#4158,.F.);
#4175=EDGE_LOOP('',(#4170,#4172,#4173,#4174));
#4176=FACE_OUTER_BOUND('',#4175,.F.);
#4178=CARTESIAN_POINT('',(-9.5E-1,0.E0,-1.499999999999E-1));
#4179=DIRECTION('',(-1.E0,0.E0,0.E0));
#4180=DIRECTION('',(0.E0,0.E0,1.E0));
#4181=AXIS2_PLACEMENT_3D('',#4178,#4179,#4180);
#4182=PLANE('',#4181);
#4183=ORIENTED_EDGE('',*,*,#4091,.F.);
#4185=ORIENTED_EDGE('',*,*,#4184,.T.);
#4186=ORIENTED_EDGE('',*,*,#4130,.T.);
#4187=ORIENTED_EDGE('',*,*,#4171,.F.);
#4188=EDGE_LOOP('',(#4183,#4185,#4186,#4187));
#4189=FACE_OUTER_BOUND('',#4188,.F.);
#4191=CARTESIAN_POINT('',(-9.375E-1,0.E0,-1.499999999999E-1));
#4192=DIRECTION('',(0.E0,1.E0,0.E0));
#4193=DIRECTION('',(1.E0,0.E0,0.E0));
#4194=AXIS2_PLACEMENT_3D('',#4191,#4192,#4193);
#4195=CYLINDRICAL_SURFACE('',#4194,1.25E-2);
#4196=ORIENTED_EDGE('',*,*,#4089,.F.);
#4198=ORIENTED_EDGE('',*,*,#4197,.T.);
#4199=ORIENTED_EDGE('',*,*,#4132,.T.);
#4200=ORIENTED_EDGE('',*,*,#4184,.F.);
#4201=EDGE_LOOP('',(#4196,#4198,#4199,#4200));
#4202=FACE_OUTER_BOUND('',#4201,.F.);
#4204=CARTESIAN_POINT('',(-2.749999999999E-1,0.E0,-1.624999999999E-1));
#4205=DIRECTION('',(0.E0,0.E0,-1.E0));
#4206=DIRECTION('',(-1.E0,0.E0,0.E0));
#4207=AXIS2_PLACEMENT_3D('',#4204,#4205,#4206);
#4208=PLANE('',#4207);
#4209=ORIENTED_EDGE('',*,*,#4087,.F.);
#4210=ORIENTED_EDGE('',*,*,#4112,.T.);
#4211=ORIENTED_EDGE('',*,*,#4134,.T.);
#4212=ORIENTED_EDGE('',*,*,#4197,.F.);
#4213=EDGE_LOOP('',(#4209,#4210,#4211,#4212));
#4214=FACE_OUTER_BOUND('',#4213,.F.);
#4216=CLOSED_SHELL('',(#4079,#4102,#4116,#4138,#4151,#4164,#4177,#4190,#4203,
#4215));
#4217=MANIFOLD_SOLID_BREP('',#4216);
#4218=FILL_AREA_STYLE_COLOUR('',#26);
#4219=FILL_AREA_STYLE('',(#4218));
#4220=SURFACE_STYLE_FILL_AREA(#4219);
#4221=SURFACE_SIDE_STYLE('',(#4220));
#4222=SURFACE_STYLE_USAGE(.POSITIVE.,#4221);
#4223=PRESENTATION_STYLE_ASSIGNMENT((#4222));
#3855=STYLED_ITEM('',(#4223),#4217);
#4225=DIRECTION('',(0.E0,1.E0,0.E0));
#4226=VECTOR('',#4225,1.5E-2);
#4227=CARTESIAN_POINT('',(-7.499999999999E-2,0.E0,1.564350000001E-1));
#4228=LINE('',#4227,#4226);
#4229=CURVE_STYLE('',#35,POSITIVE_LENGTH_MEASURE(2.E-2),#26);
#4230=PRESENTATION_STYLE_ASSIGNMENT((#4229));
#4231=STYLED_ITEM('',(#4230),#4228);
#4232=DIRECTION('',(-1.E0,0.E0,0.E0));
#4233=VECTOR('',#4232,6.81435E-1);
#4234=CARTESIAN_POINT('',(-2.56065E-1,0.E0,3.375000000001E-1));
#4235=LINE('',#4234,#4233);
#4236=CURVE_STYLE('',#35,POSITIVE_LENGTH_MEASURE(2.E-2),#26);
#4237=PRESENTATION_STYLE_ASSIGNMENT((#4236));
#4238=STYLED_ITEM('',(#4237),#4235);
#4239=CARTESIAN_POINT('',(-9.375E-1,0.E0,3.500000000001E-1));
#4240=DIRECTION('',(0.E0,1.E0,0.E0));
#4241=DIRECTION('',(-3.383959779057E-12,0.E0,-1.E0));
#4242=AXIS2_PLACEMENT_3D('',#4239,#4240,#4241);
#4244=CURVE_STYLE('',#35,POSITIVE_LENGTH_MEASURE(2.E-2),#26);
#4245=PRESENTATION_STYLE_ASSIGNMENT((#4244));
#4246=STYLED_ITEM('',(#4245),#4243);
#4247=DIRECTION('',(-1.207922650792E-14,0.E0,1.E0));
#4248=VECTOR('',#4247,3.125E-1);
#4249=CARTESIAN_POINT('',(-9.5E-1,0.E0,3.500000000001E-1));
#4250=LINE('',#4249,#4248);
#4251=CURVE_STYLE('',#35,POSITIVE_LENGTH_MEASURE(2.E-2),#26);
#4252=PRESENTATION_STYLE_ASSIGNMENT((#4251));
#4253=STYLED_ITEM('',(#4252),#4250);
#4254=CARTESIAN_POINT('',(-9.25E-1,0.E0,6.625E-1));
#4255=DIRECTION('',(0.E0,1.E0,0.E0));
#4256=DIRECTION('',(-1.E0,0.E0,4.556355293062E-12));
#4257=AXIS2_PLACEMENT_3D('',#4254,#4255,#4256);
#4259=CURVE_STYLE('',#35,POSITIVE_LENGTH_MEASURE(2.E-2),#26);
#4260=PRESENTATION_STYLE_ASSIGNMENT((#4259));
#4261=STYLED_ITEM('',(#4260),#4258);
#4262=DIRECTION('',(1.E0,0.E0,-1.178544441525E-14));
#4263=VECTOR('',#4262,6.500000000001E-1);
#4264=CARTESIAN_POINT('',(-9.25E-1,0.E0,6.875E-1));
#4265=LINE('',#4264,#4263);
#4266=CURVE_STYLE('',#35,POSITIVE_LENGTH_MEASURE(2.E-2),#26);
#4267=PRESENTATION_STYLE_ASSIGNMENT((#4266));
#4268=STYLED_ITEM('',(#4267),#4265);
#4269=CARTESIAN_POINT('',(-2.749999999999E-1,0.E0,6.625E-1));
#4270=DIRECTION('',(0.E0,1.E0,0.E0));
#4271=DIRECTION('',(2.220446049252E-14,0.E0,1.E0));
#4272=AXIS2_PLACEMENT_3D('',#4269,#4270,#4271);
#4274=CURVE_STYLE('',#35,POSITIVE_LENGTH_MEASURE(2.E-2),#26);
#4275=PRESENTATION_STYLE_ASSIGNMENT((#4274));
#4276=STYLED_ITEM('',(#4275),#4273);
#4277=DIRECTION('',(0.E0,0.E0,-1.E0));
#4278=VECTOR('',#4277,1.189350000001E-1);
#4279=CARTESIAN_POINT('',(-2.499999999999E-1,0.E0,6.625E-1));
#4280=LINE('',#4279,#4278);
#4281=CURVE_STYLE('',#35,POSITIVE_LENGTH_MEASURE(2.E-2),#26);
#4282=PRESENTATION_STYLE_ASSIGNMENT((#4281));
#4283=STYLED_ITEM('',(#4282),#4280);
#4284=DIRECTION('',(7.071067811865E-1,0.E0,-7.071067811865E-1));
#4285=VECTOR('',#4284,4.282238666865E-1);
#4286=CARTESIAN_POINT('',(-2.499999999999E-1,0.E0,5.435649999999E-1));
#4287=LINE('',#4286,#4285);
#4288=CURVE_STYLE('',#35,POSITIVE_LENGTH_MEASURE(2.E-2),#26);
#4289=PRESENTATION_STYLE_ASSIGNMENT((#4288));
#4290=STYLED_ITEM('',(#4289),#4287);
#4291=CARTESIAN_POINT('',(1.625972146260E-5,0.E0,1.875067789039E-1));
#4292=DIRECTION('',(0.E0,1.E0,0.E0));
#4293=DIRECTION('',(7.039358115075E-1,0.E0,7.102635942220E-1));
#4294=AXIS2_PLACEMENT_3D('',#4291,#4292,#4293);
#4296=CURVE_STYLE('',#35,POSITIVE_LENGTH_MEASURE(2.E-2),#26);
#4297=PRESENTATION_STYLE_ASSIGNMENT((#4296));
#4298=STYLED_ITEM('',(#4297),#4295);
#4299=DIRECTION('',(0.E0,0.E0,-1.E0));
#4300=VECTOR('',#4299,1.656499999999E-1);
#4301=CARTESIAN_POINT('',(7.499999999999E-2,0.E0,1.875E-1));
#4302=LINE('',#4301,#4300);
#4303=CURVE_STYLE('',#35,POSITIVE_LENGTH_MEASURE(2.E-2),#26);
#4304=PRESENTATION_STYLE_ASSIGNMENT((#4303));
#4305=STYLED_ITEM('',(#4304),#4302);
#4306=CARTESIAN_POINT('',(0.E0,0.E0,-2.790082289783E-2));
#4307=DIRECTION('',(0.E0,1.E0,0.E0));
#4308=DIRECTION('',(8.333259065282E-1,0.E0,5.527819945592E-1));
#4309=AXIS2_PLACEMENT_3D('',#4306,#4307,#4308);
#4311=CURVE_STYLE('',#35,POSITIVE_LENGTH_MEASURE(2.E-2),#26);
#4312=PRESENTATION_STYLE_ASSIGNMENT((#4311));
#4313=STYLED_ITEM('',(#4312),#4310);
#4314=DIRECTION('',(0.E0,0.E0,1.E0));
#4315=VECTOR('',#4314,1.34585E-1);
#4316=CARTESIAN_POINT('',(-7.499999999999E-2,0.E0,2.185000000009E-2));
#4317=LINE('',#4316,#4315);
#4318=CURVE_STYLE('',#35,POSITIVE_LENGTH_MEASURE(2.E-2),#26);
#4319=PRESENTATION_STYLE_ASSIGNMENT((#4318));
#4320=STYLED_ITEM('',(#4319),#4317);
#4321=DIRECTION('',(-7.071067811865E-1,0.E0,7.071067811865E-1));
#4322=VECTOR('',#4321,2.560645786711E-1);
#4323=CARTESIAN_POINT('',(-7.499999999999E-2,0.E0,1.564350000001E-1));
#4324=LINE('',#4323,#4322);
#4325=CURVE_STYLE('',#35,POSITIVE_LENGTH_MEASURE(2.E-2),#26);
#4326=PRESENTATION_STYLE_ASSIGNMENT((#4325));
#4327=STYLED_ITEM('',(#4326),#4324);
#4328=DIRECTION('',(0.E0,1.E0,0.E0));
#4329=VECTOR('',#4328,1.5E-2);
#4330=CARTESIAN_POINT('',(-2.56065E-1,0.E0,3.375000000001E-1));
#4331=LINE('',#4330,#4329);
#4332=CURVE_STYLE('',#35,POSITIVE_LENGTH_MEASURE(2.E-2),#26);
#4333=PRESENTATION_STYLE_ASSIGNMENT((#4332));
#4334=STYLED_ITEM('',(#4333),#4331);
#4335=DIRECTION('',(-1.E0,0.E0,0.E0));
#4336=VECTOR('',#4335,6.81435E-1);
#4337=CARTESIAN_POINT('',(-2.56065E-1,1.5E-2,3.375000000001E-1));
#4338=LINE('',#4337,#4336);
#4339=CURVE_STYLE('',#35,POSITIVE_LENGTH_MEASURE(2.E-2),#26);
#4340=PRESENTATION_STYLE_ASSIGNMENT((#4339));
#4341=STYLED_ITEM('',(#4340),#4338);
#4342=DIRECTION('',(-7.071067811865E-1,0.E0,7.071067811865E-1));
#4343=VECTOR('',#4342,2.560645786711E-1);
#4344=CARTESIAN_POINT('',(-7.499999999999E-2,1.5E-2,1.564350000001E-1));
#4345=LINE('',#4344,#4343);
#4346=CURVE_STYLE('',#35,POSITIVE_LENGTH_MEASURE(2.E-2),#26);
#4347=PRESENTATION_STYLE_ASSIGNMENT((#4346));
#4348=STYLED_ITEM('',(#4347),#4345);
#4349=DIRECTION('',(0.E0,0.E0,1.E0));
#4350=VECTOR('',#4349,1.34585E-1);
#4351=CARTESIAN_POINT('',(-7.499999999999E-2,1.5E-2,2.185000000009E-2));
#4352=LINE('',#4351,#4350);
#4353=CURVE_STYLE('',#35,POSITIVE_LENGTH_MEASURE(2.E-2),#26);
#4354=PRESENTATION_STYLE_ASSIGNMENT((#4353));
#4355=STYLED_ITEM('',(#4354),#4352);
#4356=CARTESIAN_POINT('',(0.E0,1.5E-2,-2.790082289783E-2));
#4357=DIRECTION('',(0.E0,1.E0,0.E0));
#4358=DIRECTION('',(8.333259065282E-1,0.E0,5.527819945592E-1));
#4359=AXIS2_PLACEMENT_3D('',#4356,#4357,#4358);
#4361=CURVE_STYLE('',#35,POSITIVE_LENGTH_MEASURE(2.E-2),#26);
#4362=PRESENTATION_STYLE_ASSIGNMENT((#4361));
#4363=STYLED_ITEM('',(#4362),#4360);
#4364=DIRECTION('',(0.E0,0.E0,-1.E0));
#4365=VECTOR('',#4364,1.656499999999E-1);
#4366=CARTESIAN_POINT('',(7.499999999999E-2,1.5E-2,1.875E-1));
#4367=LINE('',#4366,#4365);
#4368=CURVE_STYLE('',#35,POSITIVE_LENGTH_MEASURE(2.E-2),#26);
#4369=PRESENTATION_STYLE_ASSIGNMENT((#4368));
#4370=STYLED_ITEM('',(#4369),#4367);
#4371=CARTESIAN_POINT('',(1.625972146260E-5,1.5E-2,1.875067789039E-1));
#4372=DIRECTION('',(0.E0,1.E0,0.E0));
#4373=DIRECTION('',(7.039358115075E-1,0.E0,7.102635942220E-1));
#4374=AXIS2_PLACEMENT_3D('',#4371,#4372,#4373);
#4376=CURVE_STYLE('',#35,POSITIVE_LENGTH_MEASURE(2.E-2),#26);
#4377=PRESENTATION_STYLE_ASSIGNMENT((#4376));
#4378=STYLED_ITEM('',(#4377),#4375);
#4379=DIRECTION('',(7.071067811865E-1,0.E0,-7.071067811865E-1));
#4380=VECTOR('',#4379,4.282238666865E-1);
#4381=CARTESIAN_POINT('',(-2.499999999999E-1,1.5E-2,5.435649999999E-1));
#4382=LINE('',#4381,#4380);
#4383=CURVE_STYLE('',#35,POSITIVE_LENGTH_MEASURE(2.E-2),#26);
#4384=PRESENTATION_STYLE_ASSIGNMENT((#4383));
#4385=STYLED_ITEM('',(#4384),#4382);
#4386=DIRECTION('',(0.E0,0.E0,-1.E0));
#4387=VECTOR('',#4386,1.189350000001E-1);
#4388=CARTESIAN_POINT('',(-2.499999999999E-1,1.5E-2,6.625E-1));
#4389=LINE('',#4388,#4387);
#4390=CURVE_STYLE('',#35,POSITIVE_LENGTH_MEASURE(2.E-2),#26);
#4391=PRESENTATION_STYLE_ASSIGNMENT((#4390));
#4392=STYLED_ITEM('',(#4391),#4389);
#4393=CARTESIAN_POINT('',(-2.749999999999E-1,1.5E-2,6.625E-1));
#4394=DIRECTION('',(0.E0,1.E0,0.E0));
#4395=DIRECTION('',(2.220446049252E-14,0.E0,1.E0));
#4396=AXIS2_PLACEMENT_3D('',#4393,#4394,#4395);
#4398=CURVE_STYLE('',#35,POSITIVE_LENGTH_MEASURE(2.E-2),#26);
#4399=PRESENTATION_STYLE_ASSIGNMENT((#4398));
#4400=STYLED_ITEM('',(#4399),#4397);
#4401=DIRECTION('',(1.E0,0.E0,-1.178544441525E-14));
#4402=VECTOR('',#4401,6.500000000001E-1);
#4403=CARTESIAN_POINT('',(-9.25E-1,1.5E-2,6.875E-1));
#4404=LINE('',#4403,#4402);
#4405=CURVE_STYLE('',#35,POSITIVE_LENGTH_MEASURE(2.E-2),#26);
#4406=PRESENTATION_STYLE_ASSIGNMENT((#4405));
#4407=STYLED_ITEM('',(#4406),#4404);
#4408=CARTESIAN_POINT('',(-9.25E-1,1.5E-2,6.625E-1));
#4409=DIRECTION('',(0.E0,1.E0,0.E0));
#4410=DIRECTION('',(-1.E0,0.E0,4.556355293062E-12));
#4411=AXIS2_PLACEMENT_3D('',#4408,#4409,#4410);
#4413=CURVE_STYLE('',#35,POSITIVE_LENGTH_MEASURE(2.E-2),#26);
#4414=PRESENTATION_STYLE_ASSIGNMENT((#4413));
#4415=STYLED_ITEM('',(#4414),#4412);
#4416=DIRECTION('',(-1.243449787580E-14,0.E0,1.E0));
#4417=VECTOR('',#4416,3.125E-1);
#4418=CARTESIAN_POINT('',(-9.5E-1,1.5E-2,3.500000000001E-1));
#4419=LINE('',#4418,#4417);
#4420=CURVE_STYLE('',#35,POSITIVE_LENGTH_MEASURE(2.E-2),#26);
#4421=PRESENTATION_STYLE_ASSIGNMENT((#4420));
#4422=STYLED_ITEM('',(#4421),#4419);
#4423=CARTESIAN_POINT('',(-9.375E-1,1.5E-2,3.500000000001E-1));
#4424=DIRECTION('',(0.E0,1.E0,0.E0));
#4425=DIRECTION('',(-3.383959779057E-12,0.E0,-1.E0));
#4426=AXIS2_PLACEMENT_3D('',#4423,#4424,#4425);
#4428=CURVE_STYLE('',#35,POSITIVE_LENGTH_MEASURE(2.E-2),#26);
#4429=PRESENTATION_STYLE_ASSIGNMENT((#4428));
#4430=STYLED_ITEM('',(#4429),#4427);
#4431=DIRECTION('',(0.E0,1.E0,0.E0));
#4432=VECTOR('',#4431,1.5E-2);
#4433=CARTESIAN_POINT('',(-7.499999999999E-2,0.E0,2.185000000009E-2));
#4434=LINE('',#4433,#4432);
#4435=CURVE_STYLE('',#35,POSITIVE_LENGTH_MEASURE(2.E-2),#26);
#4436=PRESENTATION_STYLE_ASSIGNMENT((#4435));
#4437=STYLED_ITEM('',(#4436),#4434);
#4438=DIRECTION('',(0.E0,1.E0,0.E0));
#4439=VECTOR('',#4438,1.5E-2);
#4440=CARTESIAN_POINT('',(7.499999999999E-2,0.E0,2.185000000009E-2));
#4441=LINE('',#4440,#4439);
#4442=CURVE_STYLE('',#35,POSITIVE_LENGTH_MEASURE(2.E-2),#26);
#4443=PRESENTATION_STYLE_ASSIGNMENT((#4442));
#4444=STYLED_ITEM('',(#4443),#4441);
#4445=DIRECTION('',(0.E0,1.E0,0.E0));
#4446=VECTOR('',#4445,1.5E-2);
#4447=CARTESIAN_POINT('',(7.499999999999E-2,0.E0,1.875E-1));
#4448=LINE('',#4447,#4446);
#4449=CURVE_STYLE('',#35,POSITIVE_LENGTH_MEASURE(2.E-2),#26);
#4450=PRESENTATION_STYLE_ASSIGNMENT((#4449));
#4451=STYLED_ITEM('',(#4450),#4448);
#4452=DIRECTION('',(0.E0,1.E0,0.E0));
#4453=VECTOR('',#4452,1.5E-2);
#4454=CARTESIAN_POINT('',(5.279999999999E-2,0.E0,2.40765E-1));
#4455=LINE('',#4454,#4453);
#4456=CURVE_STYLE('',#35,POSITIVE_LENGTH_MEASURE(2.E-2),#26);
#4457=PRESENTATION_STYLE_ASSIGNMENT((#4456));
#4458=STYLED_ITEM('',(#4457),#4455);
#4459=DIRECTION('',(0.E0,1.E0,0.E0));
#4460=VECTOR('',#4459,1.5E-2);
#4461=CARTESIAN_POINT('',(-2.499999999999E-1,0.E0,5.435649999999E-1));
#4462=LINE('',#4461,#4460);
#4463=CURVE_STYLE('',#35,POSITIVE_LENGTH_MEASURE(2.E-2),#26);
#4464=PRESENTATION_STYLE_ASSIGNMENT((#4463));
#4465=STYLED_ITEM('',(#4464),#4462);
#4466=DIRECTION('',(0.E0,1.E0,0.E0));
#4467=VECTOR('',#4466,1.5E-2);
#4468=CARTESIAN_POINT('',(-2.499999999999E-1,0.E0,6.625E-1));
#4469=LINE('',#4468,#4467);
#4470=CURVE_STYLE('',#35,POSITIVE_LENGTH_MEASURE(2.E-2),#26);
#4471=PRESENTATION_STYLE_ASSIGNMENT((#4470));
#4472=STYLED_ITEM('',(#4471),#4469);
#4473=DIRECTION('',(0.E0,1.E0,0.E0));
#4474=VECTOR('',#4473,1.5E-2);
#4475=CARTESIAN_POINT('',(-2.749999999999E-1,0.E0,6.875E-1));
#4476=LINE('',#4475,#4474);
#4477=CURVE_STYLE('',#35,POSITIVE_LENGTH_MEASURE(2.E-2),#26);
#4478=PRESENTATION_STYLE_ASSIGNMENT((#4477));
#4479=STYLED_ITEM('',(#4478),#4476);
#4480=DIRECTION('',(0.E0,1.E0,0.E0));
#4481=VECTOR('',#4480,1.5E-2);
#4482=CARTESIAN_POINT('',(-9.25E-1,0.E0,6.875E-1));
#4483=LINE('',#4482,#4481);
#4484=CURVE_STYLE('',#35,POSITIVE_LENGTH_MEASURE(2.E-2),#26);
#4485=PRESENTATION_STYLE_ASSIGNMENT((#4484));
#4486=STYLED_ITEM('',(#4485),#4483);
#4487=DIRECTION('',(0.E0,1.E0,0.E0));
#4488=VECTOR('',#4487,1.5E-2);
#4489=CARTESIAN_POINT('',(-9.5E-1,0.E0,6.625000000001E-1));
#4490=LINE('',#4489,#4488);
#4491=CURVE_STYLE('',#35,POSITIVE_LENGTH_MEASURE(2.E-2),#26);
#4492=PRESENTATION_STYLE_ASSIGNMENT((#4491));
#4493=STYLED_ITEM('',(#4492),#4490);
#4494=DIRECTION('',(0.E0,1.E0,0.E0));
#4495=VECTOR('',#4494,1.5E-2);
#4496=CARTESIAN_POINT('',(-9.5E-1,0.E0,3.500000000001E-1));
#4497=LINE('',#4496,#4495);
#4498=CURVE_STYLE('',#35,POSITIVE_LENGTH_MEASURE(2.E-2),#26);
#4499=PRESENTATION_STYLE_ASSIGNMENT((#4498));
#4500=STYLED_ITEM('',(#4499),#4497);
#4501=DIRECTION('',(0.E0,1.E0,0.E0));
#4502=VECTOR('',#4501,1.5E-2);
#4503=CARTESIAN_POINT('',(-9.375E-1,0.E0,3.375000000001E-1));
#4504=LINE('',#4503,#4502);
#4505=CURVE_STYLE('',#35,POSITIVE_LENGTH_MEASURE(2.E-2),#26);
#4506=PRESENTATION_STYLE_ASSIGNMENT((#4505));
#4507=STYLED_ITEM('',(#4506),#4504);
#4508=CARTESIAN_POINT('',(-2.56065E-1,0.E0,3.375000000001E-1));
#4509=CARTESIAN_POINT('',(-9.375E-1,0.E0,3.375000000001E-1));
#4510=VERTEX_POINT('',#4508);
#4511=VERTEX_POINT('',#4509);
#4512=CARTESIAN_POINT('',(-9.5E-1,0.E0,3.5E-1));
#4513=VERTEX_POINT('',#4512);
#4514=CARTESIAN_POINT('',(-9.5E-1,0.E0,6.625000000001E-1));
#4515=VERTEX_POINT('',#4514);
#4516=CARTESIAN_POINT('',(-9.250000000001E-1,0.E0,6.875E-1));
#4517=VERTEX_POINT('',#4516);
#4518=CARTESIAN_POINT('',(-2.749999999999E-1,0.E0,6.875E-1));
#4519=VERTEX_POINT('',#4518);
#4520=CARTESIAN_POINT('',(-2.499999999999E-1,0.E0,6.625E-1));
#4521=VERTEX_POINT('',#4520);
#4522=CARTESIAN_POINT('',(-2.499999999999E-1,0.E0,5.435649999999E-1));
#4523=VERTEX_POINT('',#4522);
#4524=CARTESIAN_POINT('',(5.279999999999E-2,0.E0,2.40765E-1));
#4525=VERTEX_POINT('',#4524);
#4526=CARTESIAN_POINT('',(7.499999999999E-2,0.E0,1.875E-1));
#4527=VERTEX_POINT('',#4526);
#4528=CARTESIAN_POINT('',(7.499999999999E-2,0.E0,2.185000000009E-2));
#4529=VERTEX_POINT('',#4528);
#4530=CARTESIAN_POINT('',(-7.499999999999E-2,0.E0,2.185000000009E-2));
#4531=VERTEX_POINT('',#4530);
#4532=CARTESIAN_POINT('',(-7.499999999999E-2,0.E0,1.564350000001E-1));
#4533=VERTEX_POINT('',#4532);
#4534=CARTESIAN_POINT('',(-2.56065E-1,1.5E-2,3.375000000001E-1));
#4535=CARTESIAN_POINT('',(-9.375E-1,1.5E-2,3.375000000001E-1));
#4536=VERTEX_POINT('',#4534);
#4537=VERTEX_POINT('',#4535);
#4538=CARTESIAN_POINT('',(-9.5E-1,1.5E-2,3.5E-1));
#4539=VERTEX_POINT('',#4538);
#4540=CARTESIAN_POINT('',(-9.5E-1,1.5E-2,6.625000000001E-1));
#4541=VERTEX_POINT('',#4540);
#4542=CARTESIAN_POINT('',(-9.250000000001E-1,1.5E-2,6.875E-1));
#4543=VERTEX_POINT('',#4542);
#4544=CARTESIAN_POINT('',(-2.749999999999E-1,1.5E-2,6.875E-1));
#4545=VERTEX_POINT('',#4544);
#4546=CARTESIAN_POINT('',(-2.499999999999E-1,1.5E-2,6.625E-1));
#4547=VERTEX_POINT('',#4546);
#4548=CARTESIAN_POINT('',(-2.499999999999E-1,1.5E-2,5.435649999999E-1));
#4549=VERTEX_POINT('',#4548);
#4550=CARTESIAN_POINT('',(5.279999999999E-2,1.5E-2,2.40765E-1));
#4551=VERTEX_POINT('',#4550);
#4552=CARTESIAN_POINT('',(7.499999999999E-2,1.5E-2,1.875E-1));
#4553=VERTEX_POINT('',#4552);
#4554=CARTESIAN_POINT('',(7.499999999999E-2,1.5E-2,2.185000000009E-2));
#4555=VERTEX_POINT('',#4554);
#4556=CARTESIAN_POINT('',(-7.499999999999E-2,1.5E-2,2.185000000009E-2));
#4557=VERTEX_POINT('',#4556);
#4558=CARTESIAN_POINT('',(-7.499999999999E-2,1.5E-2,1.564350000001E-1));
#4559=VERTEX_POINT('',#4558);
#4560=CARTESIAN_POINT('',(-7.499999999999E-2,0.E0,1.564350000001E-1));
#4561=DIRECTION('',(-7.071067811865E-1,0.E0,-7.071067811865E-1));
#4562=DIRECTION('',(-7.071067811865E-1,0.E0,7.071067811865E-1));
#4563=AXIS2_PLACEMENT_3D('',#4560,#4561,#4562);
#4564=PLANE('',#4563);
#4566=ORIENTED_EDGE('',*,*,#4565,.F.);
#4568=ORIENTED_EDGE('',*,*,#4567,.T.);
#4570=ORIENTED_EDGE('',*,*,#4569,.T.);
#4572=ORIENTED_EDGE('',*,*,#4571,.F.);
#4573=EDGE_LOOP('',(#4566,#4568,#4570,#4572));
#4574=FACE_OUTER_BOUND('',#4573,.F.);
#4576=CARTESIAN_POINT('',(0.E0,0.E0,0.E0));
#4577=DIRECTION('',(0.E0,1.E0,0.E0));
#4578=DIRECTION('',(1.E0,0.E0,0.E0));
#4579=AXIS2_PLACEMENT_3D('',#4576,#4577,#4578);
#4580=PLANE('',#4579);
#4582=ORIENTED_EDGE('',*,*,#4581,.T.);
#4584=ORIENTED_EDGE('',*,*,#4583,.T.);
#4586=ORIENTED_EDGE('',*,*,#4585,.T.);
#4588=ORIENTED_EDGE('',*,*,#4587,.T.);
#4590=ORIENTED_EDGE('',*,*,#4589,.T.);
#4592=ORIENTED_EDGE('',*,*,#4591,.T.);
#4594=ORIENTED_EDGE('',*,*,#4593,.T.);
#4596=ORIENTED_EDGE('',*,*,#4595,.T.);
#4598=ORIENTED_EDGE('',*,*,#4597,.T.);
#4600=ORIENTED_EDGE('',*,*,#4599,.T.);
#4602=ORIENTED_EDGE('',*,*,#4601,.T.);
#4604=ORIENTED_EDGE('',*,*,#4603,.T.);
#4605=ORIENTED_EDGE('',*,*,#4565,.T.);
#4606=EDGE_LOOP('',(#4582,#4584,#4586,#4588,#4590,#4592,#4594,#4596,#4598,#4600,
#4602,#4604,#4605));
#4607=FACE_OUTER_BOUND('',#4606,.F.);
#4609=CARTESIAN_POINT('',(-2.56065E-1,0.E0,3.375000000001E-1));
#4610=DIRECTION('',(0.E0,0.E0,-1.E0));
#4611=DIRECTION('',(-1.E0,0.E0,0.E0));
#4612=AXIS2_PLACEMENT_3D('',#4609,#4610,#4611);
#4613=PLANE('',#4612);
#4614=ORIENTED_EDGE('',*,*,#4581,.F.);
#4615=ORIENTED_EDGE('',*,*,#4571,.T.);
#4617=ORIENTED_EDGE('',*,*,#4616,.T.);
#4619=ORIENTED_EDGE('',*,*,#4618,.F.);
#4620=EDGE_LOOP('',(#4614,#4615,#4617,#4619));
#4621=FACE_OUTER_BOUND('',#4620,.F.);
#4623=CARTESIAN_POINT('',(0.E0,1.5E-2,0.E0));
#4624=DIRECTION('',(0.E0,1.E0,0.E0));
#4625=DIRECTION('',(1.E0,0.E0,0.E0));
#4626=AXIS2_PLACEMENT_3D('',#4623,#4624,#4625);
#4627=PLANE('',#4626);
#4628=ORIENTED_EDGE('',*,*,#4616,.F.);
#4629=ORIENTED_EDGE('',*,*,#4569,.F.);
#4631=ORIENTED_EDGE('',*,*,#4630,.F.);
#4633=ORIENTED_EDGE('',*,*,#4632,.F.);
#4635=ORIENTED_EDGE('',*,*,#4634,.F.);
#4637=ORIENTED_EDGE('',*,*,#4636,.F.);
#4639=ORIENTED_EDGE('',*,*,#4638,.F.);
#4641=ORIENTED_EDGE('',*,*,#4640,.F.);
#4643=ORIENTED_EDGE('',*,*,#4642,.F.);
#4645=ORIENTED_EDGE('',*,*,#4644,.F.);
#4647=ORIENTED_EDGE('',*,*,#4646,.F.);
#4649=ORIENTED_EDGE('',*,*,#4648,.F.);
#4651=ORIENTED_EDGE('',*,*,#4650,.F.);
#4652=EDGE_LOOP('',(#4628,#4629,#4631,#4633,#4635,#4637,#4639,#4641,#4643,#4645,
#4647,#4649,#4651));
#4653=FACE_OUTER_BOUND('',#4652,.F.);
#4655=CARTESIAN_POINT('',(-7.499999999999E-2,0.E0,2.185000000009E-2));
#4656=DIRECTION('',(-1.E0,0.E0,0.E0));
#4657=DIRECTION('',(0.E0,0.E0,1.E0));
#4658=AXIS2_PLACEMENT_3D('',#4655,#4656,#4657);
#4659=PLANE('',#4658);
#4660=ORIENTED_EDGE('',*,*,#4603,.F.);
#4662=ORIENTED_EDGE('',*,*,#4661,.T.);
#4663=ORIENTED_EDGE('',*,*,#4630,.T.);
#4664=ORIENTED_EDGE('',*,*,#4567,.F.);
#4665=EDGE_LOOP('',(#4660,#4662,#4663,#4664));
#4666=FACE_OUTER_BOUND('',#4665,.F.);
#4668=CARTESIAN_POINT('',(0.E0,0.E0,-2.790082289783E-2));
#4669=DIRECTION('',(0.E0,1.E0,0.E0));
#4670=DIRECTION('',(1.E0,0.E0,0.E0));
#4671=AXIS2_PLACEMENT_3D('',#4668,#4669,#4670);
#4672=CYLINDRICAL_SURFACE('',#4671,9.000080210208E-2);
#4673=ORIENTED_EDGE('',*,*,#4601,.F.);
#4675=ORIENTED_EDGE('',*,*,#4674,.T.);
#4676=ORIENTED_EDGE('',*,*,#4632,.T.);
#4677=ORIENTED_EDGE('',*,*,#4661,.F.);
#4678=EDGE_LOOP('',(#4673,#4675,#4676,#4677));
#4679=FACE_OUTER_BOUND('',#4678,.F.);
#4681=CARTESIAN_POINT('',(7.499999999999E-2,0.E0,1.875E-1));
#4682=DIRECTION('',(1.E0,0.E0,0.E0));
#4683=DIRECTION('',(0.E0,0.E0,-1.E0));
#4684=AXIS2_PLACEMENT_3D('',#4681,#4682,#4683);
#4685=PLANE('',#4684);
#4686=ORIENTED_EDGE('',*,*,#4599,.F.);
#4688=ORIENTED_EDGE('',*,*,#4687,.T.);
#4689=ORIENTED_EDGE('',*,*,#4634,.T.);
#4690=ORIENTED_EDGE('',*,*,#4674,.F.);
#4691=EDGE_LOOP('',(#4686,#4688,#4689,#4690));
#4692=FACE_OUTER_BOUND('',#4691,.F.);
#4694=CARTESIAN_POINT('',(1.625972146260E-5,0.E0,1.875067789039E-1));
#4695=DIRECTION('',(0.E0,1.E0,0.E0));
#4696=DIRECTION('',(1.E0,0.E0,0.E0));
#4697=AXIS2_PLACEMENT_3D('',#4694,#4695,#4696);
#4698=CYLINDRICAL_SURFACE('',#4697,7.498374058495E-2);
#4699=ORIENTED_EDGE('',*,*,#4597,.F.);
#4701=ORIENTED_EDGE('',*,*,#4700,.T.);
#4702=ORIENTED_EDGE('',*,*,#4636,.T.);
#4703=ORIENTED_EDGE('',*,*,#4687,.F.);
#4704=EDGE_LOOP('',(#4699,#4701,#4702,#4703));
#4705=FACE_OUTER_BOUND('',#4704,.F.);
#4707=CARTESIAN_POINT('',(-2.499999999999E-1,0.E0,5.435649999999E-1));
#4708=DIRECTION('',(7.071067811865E-1,0.E0,7.071067811865E-1));
#4709=DIRECTION('',(7.071067811865E-1,0.E0,-7.071067811865E-1));
#4710=AXIS2_PLACEMENT_3D('',#4707,#4708,#4709);
#4711=PLANE('',#4710);
#4712=ORIENTED_EDGE('',*,*,#4595,.F.);
#4714=ORIENTED_EDGE('',*,*,#4713,.T.);
#4715=ORIENTED_EDGE('',*,*,#4638,.T.);
#4716=ORIENTED_EDGE('',*,*,#4700,.F.);
#4717=EDGE_LOOP('',(#4712,#4714,#4715,#4716));
#4718=FACE_OUTER_BOUND('',#4717,.F.);
#4720=CARTESIAN_POINT('',(-2.499999999999E-1,0.E0,6.625E-1));
#4721=DIRECTION('',(1.E0,0.E0,0.E0));
#4722=DIRECTION('',(0.E0,0.E0,-1.E0));
#4723=AXIS2_PLACEMENT_3D('',#4720,#4721,#4722);
#4724=PLANE('',#4723);
#4725=ORIENTED_EDGE('',*,*,#4593,.F.);
#4727=ORIENTED_EDGE('',*,*,#4726,.T.);
#4728=ORIENTED_EDGE('',*,*,#4640,.T.);
#4729=ORIENTED_EDGE('',*,*,#4713,.F.);
#4730=EDGE_LOOP('',(#4725,#4727,#4728,#4729));
#4731=FACE_OUTER_BOUND('',#4730,.F.);
#4733=CARTESIAN_POINT('',(-2.749999999999E-1,0.E0,6.625E-1));
#4734=DIRECTION('',(0.E0,1.E0,0.E0));
#4735=DIRECTION('',(1.E0,0.E0,0.E0));
#4736=AXIS2_PLACEMENT_3D('',#4733,#4734,#4735);
#4737=CYLINDRICAL_SURFACE('',#4736,2.499999999998E-2);
#4738=ORIENTED_EDGE('',*,*,#4591,.F.);
#4740=ORIENTED_EDGE('',*,*,#4739,.T.);
#4741=ORIENTED_EDGE('',*,*,#4642,.T.);
#4742=ORIENTED_EDGE('',*,*,#4726,.F.);
#4743=EDGE_LOOP('',(#4738,#4740,#4741,#4742));
#4744=FACE_OUTER_BOUND('',#4743,.F.);
#4746=CARTESIAN_POINT('',(-9.25E-1,0.E0,6.875E-1));
#4747=DIRECTION('',(0.E0,0.E0,1.E0));
#4748=DIRECTION('',(1.E0,0.E0,0.E0));
#4749=AXIS2_PLACEMENT_3D('',#4746,#4747,#4748);
#4750=PLANE('',#4749);
#4751=ORIENTED_EDGE('',*,*,#4589,.F.);
#4753=ORIENTED_EDGE('',*,*,#4752,.T.);
#4754=ORIENTED_EDGE('',*,*,#4644,.T.);
#4755=ORIENTED_EDGE('',*,*,#4739,.F.);
#4756=EDGE_LOOP('',(#4751,#4753,#4754,#4755));
#4757=FACE_OUTER_BOUND('',#4756,.F.);
#4759=CARTESIAN_POINT('',(-9.25E-1,0.E0,6.625E-1));
#4760=DIRECTION('',(0.E0,1.E0,0.E0));
#4761=DIRECTION('',(1.E0,0.E0,0.E0));
#4762=AXIS2_PLACEMENT_3D('',#4759,#4760,#4761);
#4763=CYLINDRICAL_SURFACE('',#4762,2.5E-2);
#4764=ORIENTED_EDGE('',*,*,#4587,.F.);
#4766=ORIENTED_EDGE('',*,*,#4765,.T.);
#4767=ORIENTED_EDGE('',*,*,#4646,.T.);
#4768=ORIENTED_EDGE('',*,*,#4752,.F.);
#4769=EDGE_LOOP('',(#4764,#4766,#4767,#4768));
#4770=FACE_OUTER_BOUND('',#4769,.F.);
#4772=CARTESIAN_POINT('',(-9.5E-1,0.E0,3.500000000001E-1));
#4773=DIRECTION('',(-1.E0,0.E0,0.E0));
#4774=DIRECTION('',(0.E0,0.E0,1.E0));
#4775=AXIS2_PLACEMENT_3D('',#4772,#4773,#4774);
#4776=PLANE('',#4775);
#4777=ORIENTED_EDGE('',*,*,#4585,.F.);
#4779=ORIENTED_EDGE('',*,*,#4778,.T.);
#4780=ORIENTED_EDGE('',*,*,#4648,.T.);
#4781=ORIENTED_EDGE('',*,*,#4765,.F.);
#4782=EDGE_LOOP('',(#4777,#4779,#4780,#4781));
#4783=FACE_OUTER_BOUND('',#4782,.F.);
#4785=CARTESIAN_POINT('',(-9.375E-1,0.E0,3.500000000001E-1));
#4786=DIRECTION('',(0.E0,1.E0,0.E0));
#4787=DIRECTION('',(1.E0,0.E0,0.E0));
#4788=AXIS2_PLACEMENT_3D('',#4785,#4786,#4787);
#4789=CYLINDRICAL_SURFACE('',#4788,1.25E-2);
#4790=ORIENTED_EDGE('',*,*,#4583,.F.);
#4791=ORIENTED_EDGE('',*,*,#4618,.T.);
#4792=ORIENTED_EDGE('',*,*,#4650,.T.);
#4793=ORIENTED_EDGE('',*,*,#4778,.F.);
#4794=EDGE_LOOP('',(#4790,#4791,#4792,#4793));
#4795=FACE_OUTER_BOUND('',#4794,.F.);
#4797=CLOSED_SHELL('',(#4575,#4608,#4622,#4654,#4667,#4680,#4693,#4706,#4719,
#4732,#4745,#4758,#4771,#4784,#4796));
#4798=MANIFOLD_SOLID_BREP('',#4797);
#4799=FILL_AREA_STYLE_COLOUR('',#26);
#4800=FILL_AREA_STYLE('',(#4799));
#4801=SURFACE_STYLE_FILL_AREA(#4800);
#4802=SURFACE_SIDE_STYLE('',(#4801));
#4803=SURFACE_STYLE_USAGE(.POSITIVE.,#4802);
#4804=PRESENTATION_STYLE_ASSIGNMENT((#4803));
#4224=STYLED_ITEM('',(#4804),#4798);
#4806=DIRECTION('',(0.E0,1.E0,0.E0));
#4807=VECTOR('',#4806,1.5E-2);
#4808=CARTESIAN_POINT('',(1.875000000001E-1,0.E0,3.375000000001E-1));
#4809=LINE('',#4808,#4807);
#4810=CURVE_STYLE('',#35,POSITIVE_LENGTH_MEASURE(2.E-2),#26);
#4811=PRESENTATION_STYLE_ASSIGNMENT((#4810));
#4812=STYLED_ITEM('',(#4811),#4809);
#4813=DIRECTION('',(-1.E0,0.E0,-1.078502366779E-14));
#4814=VECTOR('',#4813,7.000000000001E-1);
#4815=CARTESIAN_POINT('',(-2.25E-1,0.E0,7.5E-1));
#4816=LINE('',#4815,#4814);
#4817=CURVE_STYLE('',#35,POSITIVE_LENGTH_MEASURE(2.E-2),#26);
#4818=PRESENTATION_STYLE_ASSIGNMENT((#4817));
#4819=STYLED_ITEM('',(#4818),#4816);
#4820=CARTESIAN_POINT('',(-9.25E-1,0.E0,7.75E-1));
#4821=DIRECTION('',(0.E0,1.E0,0.E0));
#4822=DIRECTION('',(-4.578559753554E-12,0.E0,-1.E0));
#4823=AXIS2_PLACEMENT_3D('',#4820,#4821,#4822);
#4825=CURVE_STYLE('',#35,POSITIVE_LENGTH_MEASURE(2.E-2),#26);
#4826=PRESENTATION_STYLE_ASSIGNMENT((#4825));
#4827=STYLED_ITEM('',(#4826),#4824);
#4828=DIRECTION('',(1.029345850645E-14,0.E0,1.E0));
#4829=VECTOR('',#4828,3.775000000002E-1);
#4830=CARTESIAN_POINT('',(-9.5E-1,0.E0,7.749999999999E-1));
#4831=LINE('',#4830,#4829);
#4832=CURVE_STYLE('',#35,POSITIVE_LENGTH_MEASURE(2.E-2),#26);
#4833=PRESENTATION_STYLE_ASSIGNMENT((#4832));
#4834=STYLED_ITEM('',(#4833),#4831);
#4835=CARTESIAN_POINT('',(-9.375E-1,0.E0,1.1525E0));
#4836=DIRECTION('',(0.E0,1.E0,0.E0));
#4837=DIRECTION('',(-1.E0,0.E0,3.375077994860E-12));
#4838=AXIS2_PLACEMENT_3D('',#4835,#4836,#4837);
#4840=CURVE_STYLE('',#35,POSITIVE_LENGTH_MEASURE(2.E-2),#26);
#4841=PRESENTATION_STYLE_ASSIGNMENT((#4840));
#4842=STYLED_ITEM('',(#4841),#4839);
#4843=DIRECTION('',(1.E0,0.E0,0.E0));
#4844=VECTOR('',#4843,1.8625E0);
#4845=CARTESIAN_POINT('',(-9.375E-1,0.E0,1.165E0));
#4846=LINE('',#4845,#4844);
#4847=CURVE_STYLE('',#35,POSITIVE_LENGTH_MEASURE(2.E-2),#26);
#4848=PRESENTATION_STYLE_ASSIGNMENT((#4847));
#4849=STYLED_ITEM('',(#4848),#4846);
#4850=CARTESIAN_POINT('',(9.25E-1,0.E0,1.14E0));
#4851=DIRECTION('',(0.E0,1.E0,0.E0));
#4852=DIRECTION('',(4.600764214047E-12,0.E0,1.E0));
#4853=AXIS2_PLACEMENT_3D('',#4850,#4851,#4852);
#4855=CURVE_STYLE('',#35,POSITIVE_LENGTH_MEASURE(2.E-2),#26);
#4856=PRESENTATION_STYLE_ASSIGNMENT((#4855));
#4857=STYLED_ITEM('',(#4856),#4854);
#4858=DIRECTION('',(0.E0,0.E0,-1.E0));
#4859=VECTOR('',#4858,7.900000000001E-1);
#4860=CARTESIAN_POINT('',(9.5E-1,0.E0,1.14E0));
#4861=LINE('',#4860,#4859);
#4862=CURVE_STYLE('',#35,POSITIVE_LENGTH_MEASURE(2.E-2),#26);
#4863=PRESENTATION_STYLE_ASSIGNMENT((#4862));
#4864=STYLED_ITEM('',(#4863),#4861);
#4865=CARTESIAN_POINT('',(9.375E-1,0.E0,3.500000000001E-1));
#4866=DIRECTION('',(0.E0,1.E0,0.E0));
#4867=DIRECTION('',(1.E0,0.E0,-3.379518886959E-12));
#4868=AXIS2_PLACEMENT_3D('',#4865,#4866,#4867);
#4870=CURVE_STYLE('',#35,POSITIVE_LENGTH_MEASURE(2.E-2),#26);
#4871=PRESENTATION_STYLE_ASSIGNMENT((#4870));
#4872=STYLED_ITEM('',(#4871),#4869);
#4873=DIRECTION('',(-1.E0,0.E0,0.E0));
#4874=VECTOR('',#4873,7.5E-1);
#4875=CARTESIAN_POINT('',(9.375E-1,0.E0,3.375000000001E-1));
#4876=LINE('',#4875,#4874);
#4877=CURVE_STYLE('',#35,POSITIVE_LENGTH_MEASURE(2.E-2),#26);
#4878=PRESENTATION_STYLE_ASSIGNMENT((#4877));
#4879=STYLED_ITEM('',(#4878),#4876);
#4880=DIRECTION('',(-7.071067811866E-1,0.E0,7.071067811865E-1));
#4881=VECTOR('',#4880,5.833630944789E-1);
#4882=CARTESIAN_POINT('',(1.875000000001E-1,0.E0,3.375000000001E-1));
#4883=LINE('',#4882,#4881);
#4884=CURVE_STYLE('',#35,POSITIVE_LENGTH_MEASURE(2.E-2),#26);
#4885=PRESENTATION_STYLE_ASSIGNMENT((#4884));
#4886=STYLED_ITEM('',(#4885),#4883);
#4887=DIRECTION('',(0.E0,1.E0,0.E0));
#4888=VECTOR('',#4887,1.5E-2);
#4889=CARTESIAN_POINT('',(-2.25E-1,0.E0,7.5E-1));
#4890=LINE('',#4889,#4888);
#4891=CURVE_STYLE('',#35,POSITIVE_LENGTH_MEASURE(2.E-2),#26);
#4892=PRESENTATION_STYLE_ASSIGNMENT((#4891));
#4893=STYLED_ITEM('',(#4892),#4890);
#4894=DIRECTION('',(-1.E0,0.E0,-1.078502366779E-14));
#4895=VECTOR('',#4894,7.000000000001E-1);
#4896=CARTESIAN_POINT('',(-2.25E-1,1.5E-2,7.5E-1));
#4897=LINE('',#4896,#4895);
#4898=CURVE_STYLE('',#35,POSITIVE_LENGTH_MEASURE(2.E-2),#26);
#4899=PRESENTATION_STYLE_ASSIGNMENT((#4898));
#4900=STYLED_ITEM('',(#4899),#4897);
#4901=DIRECTION('',(-7.071067811866E-1,0.E0,7.071067811865E-1));
#4902=VECTOR('',#4901,5.833630944789E-1);
#4903=CARTESIAN_POINT('',(1.875000000001E-1,1.5E-2,3.375000000001E-1));
#4904=LINE('',#4903,#4902);
#4905=CURVE_STYLE('',#35,POSITIVE_LENGTH_MEASURE(2.E-2),#26);
#4906=PRESENTATION_STYLE_ASSIGNMENT((#4905));
#4907=STYLED_ITEM('',(#4906),#4904);
#4908=DIRECTION('',(-1.E0,0.E0,0.E0));
#4909=VECTOR('',#4908,7.5E-1);
#4910=CARTESIAN_POINT('',(9.375E-1,1.5E-2,3.375000000001E-1));
#4911=LINE('',#4910,#4909);
#4912=CURVE_STYLE('',#35,POSITIVE_LENGTH_MEASURE(2.E-2),#26);
#4913=PRESENTATION_STYLE_ASSIGNMENT((#4912));
#4914=STYLED_ITEM('',(#4913),#4911);
#4915=CARTESIAN_POINT('',(9.375E-1,1.5E-2,3.500000000001E-1));
#4916=DIRECTION('',(0.E0,1.E0,0.E0));
#4917=DIRECTION('',(1.E0,0.E0,-3.379518886959E-12));
#4918=AXIS2_PLACEMENT_3D('',#4915,#4916,#4917);
#4920=CURVE_STYLE('',#35,POSITIVE_LENGTH_MEASURE(2.E-2),#26);
#4921=PRESENTATION_STYLE_ASSIGNMENT((#4920));
#4922=STYLED_ITEM('',(#4921),#4919);
#4923=DIRECTION('',(0.E0,0.E0,-1.E0));
#4924=VECTOR('',#4923,7.900000000001E-1);
#4925=CARTESIAN_POINT('',(9.5E-1,1.5E-2,1.14E0));
#4926=LINE('',#4925,#4924);
#4927=CURVE_STYLE('',#35,POSITIVE_LENGTH_MEASURE(2.E-2),#26);
#4928=PRESENTATION_STYLE_ASSIGNMENT((#4927));
#4929=STYLED_ITEM('',(#4928),#4926);
#4930=CARTESIAN_POINT('',(9.25E-1,1.5E-2,1.14E0));
#4931=DIRECTION('',(0.E0,1.E0,0.E0));
#4932=DIRECTION('',(4.600764214047E-12,0.E0,1.E0));
#4933=AXIS2_PLACEMENT_3D('',#4930,#4931,#4932);
#4935=CURVE_STYLE('',#35,POSITIVE_LENGTH_MEASURE(2.E-2),#26);
#4936=PRESENTATION_STYLE_ASSIGNMENT((#4935));
#4937=STYLED_ITEM('',(#4936),#4934);
#4938=DIRECTION('',(1.E0,0.E0,0.E0));
#4939=VECTOR('',#4938,1.8625E0);
#4940=CARTESIAN_POINT('',(-9.375E-1,1.5E-2,1.165E0));
#4941=LINE('',#4940,#4939);
#4942=CURVE_STYLE('',#35,POSITIVE_LENGTH_MEASURE(2.E-2),#26);
#4943=PRESENTATION_STYLE_ASSIGNMENT((#4942));
#4944=STYLED_ITEM('',(#4943),#4941);
#4945=CARTESIAN_POINT('',(-9.375E-1,1.5E-2,1.1525E0));
#4946=DIRECTION('',(0.E0,1.E0,0.E0));
#4947=DIRECTION('',(-1.E0,0.E0,3.375077994860E-12));
#4948=AXIS2_PLACEMENT_3D('',#4945,#4946,#4947);
#4950=CURVE_STYLE('',#35,POSITIVE_LENGTH_MEASURE(2.E-2),#26);
#4951=PRESENTATION_STYLE_ASSIGNMENT((#4950));
#4952=STYLED_ITEM('',(#4951),#4949);
#4953=DIRECTION('',(1.029345850645E-14,0.E0,1.E0));
#4954=VECTOR('',#4953,3.775000000002E-1);
#4955=CARTESIAN_POINT('',(-9.5E-1,1.5E-2,7.749999999999E-1));
#4956=LINE('',#4955,#4954);
#4957=CURVE_STYLE('',#35,POSITIVE_LENGTH_MEASURE(2.E-2),#26);
#4958=PRESENTATION_STYLE_ASSIGNMENT((#4957));
#4959=STYLED_ITEM('',(#4958),#4956);
#4960=CARTESIAN_POINT('',(-9.25E-1,1.5E-2,7.75E-1));
#4961=DIRECTION('',(0.E0,1.E0,0.E0));
#4962=DIRECTION('',(-4.578559753554E-12,0.E0,-1.E0));
#4963=AXIS2_PLACEMENT_3D('',#4960,#4961,#4962);
#4965=CURVE_STYLE('',#35,POSITIVE_LENGTH_MEASURE(2.E-2),#26);
#4966=PRESENTATION_STYLE_ASSIGNMENT((#4965));
#4967=STYLED_ITEM('',(#4966),#4964);
#4968=DIRECTION('',(0.E0,1.E0,0.E0));
#4969=VECTOR('',#4968,1.5E-2);
#4970=CARTESIAN_POINT('',(9.375E-1,0.E0,3.375000000001E-1));
#4971=LINE('',#4970,#4969);
#4972=CURVE_STYLE('',#35,POSITIVE_LENGTH_MEASURE(2.E-2),#26);
#4973=PRESENTATION_STYLE_ASSIGNMENT((#4972));
#4974=STYLED_ITEM('',(#4973),#4971);
#4975=DIRECTION('',(0.E0,1.E0,0.E0));
#4976=VECTOR('',#4975,1.5E-2);
#4977=CARTESIAN_POINT('',(9.5E-1,0.E0,3.500000000001E-1));
#4978=LINE('',#4977,#4976);
#4979=CURVE_STYLE('',#35,POSITIVE_LENGTH_MEASURE(2.E-2),#26);
#4980=PRESENTATION_STYLE_ASSIGNMENT((#4979));
#4981=STYLED_ITEM('',(#4980),#4978);
#4982=DIRECTION('',(0.E0,1.E0,0.E0));
#4983=VECTOR('',#4982,1.5E-2);
#4984=CARTESIAN_POINT('',(9.5E-1,0.E0,1.14E0));
#4985=LINE('',#4984,#4983);
#4986=CURVE_STYLE('',#35,POSITIVE_LENGTH_MEASURE(2.E-2),#26);
#4987=PRESENTATION_STYLE_ASSIGNMENT((#4986));
#4988=STYLED_ITEM('',(#4987),#4985);
#4989=DIRECTION('',(0.E0,1.E0,0.E0));
#4990=VECTOR('',#4989,1.5E-2);
#4991=CARTESIAN_POINT('',(9.25E-1,0.E0,1.165E0));
#4992=LINE('',#4991,#4990);
#4993=CURVE_STYLE('',#35,POSITIVE_LENGTH_MEASURE(2.E-2),#26);
#4994=PRESENTATION_STYLE_ASSIGNMENT((#4993));
#4995=STYLED_ITEM('',(#4994),#4992);
#4996=DIRECTION('',(0.E0,1.E0,0.E0));
#4997=VECTOR('',#4996,1.5E-2);
#4998=CARTESIAN_POINT('',(-9.375E-1,0.E0,1.165E0));
#4999=LINE('',#4998,#4997);
#5000=CURVE_STYLE('',#35,POSITIVE_LENGTH_MEASURE(2.E-2),#26);
#5001=PRESENTATION_STYLE_ASSIGNMENT((#5000));
#5002=STYLED_ITEM('',(#5001),#4999);
#5003=DIRECTION('',(0.E0,1.E0,0.E0));
#5004=VECTOR('',#5003,1.5E-2);
#5005=CARTESIAN_POINT('',(-9.5E-1,0.E0,1.1525E0));
#5006=LINE('',#5005,#5004);
#5007=CURVE_STYLE('',#35,POSITIVE_LENGTH_MEASURE(2.E-2),#26);
#5008=PRESENTATION_STYLE_ASSIGNMENT((#5007));
#5009=STYLED_ITEM('',(#5008),#5006);
#5010=DIRECTION('',(0.E0,1.E0,0.E0));
#5011=VECTOR('',#5010,1.5E-2);
#5012=CARTESIAN_POINT('',(-9.5E-1,0.E0,7.749999999999E-1));
#5013=LINE('',#5012,#5011);
#5014=CURVE_STYLE('',#35,POSITIVE_LENGTH_MEASURE(2.E-2),#26);
#5015=PRESENTATION_STYLE_ASSIGNMENT((#5014));
#5016=STYLED_ITEM('',(#5015),#5013);
#5017=DIRECTION('',(0.E0,1.E0,0.E0));
#5018=VECTOR('',#5017,1.5E-2);
#5019=CARTESIAN_POINT('',(-9.25E-1,0.E0,7.5E-1));
#5020=LINE('',#5019,#5018);
#5021=CURVE_STYLE('',#35,POSITIVE_LENGTH_MEASURE(2.E-2),#26);
#5022=PRESENTATION_STYLE_ASSIGNMENT((#5021));
#5023=STYLED_ITEM('',(#5022),#5020);
#5024=CARTESIAN_POINT('',(-2.25E-1,0.E0,7.5E-1));
#5025=CARTESIAN_POINT('',(-9.25E-1,0.E0,7.5E-1));
#5026=VERTEX_POINT('',#5024);
#5027=VERTEX_POINT('',#5025);
#5028=CARTESIAN_POINT('',(-9.5E-1,0.E0,7.749999999999E-1));
#5029=VERTEX_POINT('',#5028);
#5030=CARTESIAN_POINT('',(-9.5E-1,0.E0,1.1525E0));
#5031=VERTEX_POINT('',#5030);
#5032=CARTESIAN_POINT('',(-9.375E-1,0.E0,1.165E0));
#5033=VERTEX_POINT('',#5032);
#5034=CARTESIAN_POINT('',(9.25E-1,0.E0,1.165E0));
#5035=VERTEX_POINT('',#5034);
#5036=CARTESIAN_POINT('',(9.5E-1,0.E0,1.14E0));
#5037=VERTEX_POINT('',#5036);
#5038=CARTESIAN_POINT('',(9.5E-1,0.E0,3.500000000001E-1));
#5039=VERTEX_POINT('',#5038);
#5040=CARTESIAN_POINT('',(9.375E-1,0.E0,3.375000000001E-1));
#5041=VERTEX_POINT('',#5040);
#5042=CARTESIAN_POINT('',(1.875000000001E-1,0.E0,3.375000000001E-1));
#5043=VERTEX_POINT('',#5042);
#5044=CARTESIAN_POINT('',(-2.25E-1,1.5E-2,7.5E-1));
#5045=CARTESIAN_POINT('',(-9.25E-1,1.5E-2,7.5E-1));
#5046=VERTEX_POINT('',#5044);
#5047=VERTEX_POINT('',#5045);
#5048=CARTESIAN_POINT('',(-9.5E-1,1.5E-2,7.749999999999E-1));
#5049=VERTEX_POINT('',#5048);
#5050=CARTESIAN_POINT('',(-9.5E-1,1.5E-2,1.1525E0));
#5051=VERTEX_POINT('',#5050);
#5052=CARTESIAN_POINT('',(-9.375E-1,1.5E-2,1.165E0));
#5053=VERTEX_POINT('',#5052);
#5054=CARTESIAN_POINT('',(9.25E-1,1.5E-2,1.165E0));
#5055=VERTEX_POINT('',#5054);
#5056=CARTESIAN_POINT('',(9.5E-1,1.5E-2,1.14E0));
#5057=VERTEX_POINT('',#5056);
#5058=CARTESIAN_POINT('',(9.5E-1,1.5E-2,3.500000000001E-1));
#5059=VERTEX_POINT('',#5058);
#5060=CARTESIAN_POINT('',(9.375E-1,1.5E-2,3.375000000001E-1));
#5061=VERTEX_POINT('',#5060);
#5062=CARTESIAN_POINT('',(1.875000000001E-1,1.5E-2,3.375000000001E-1));
#5063=VERTEX_POINT('',#5062);
#5064=CARTESIAN_POINT('',(1.875000000001E-1,0.E0,3.375000000001E-1));
#5065=DIRECTION('',(-7.071067811865E-1,0.E0,-7.071067811866E-1));
#5066=DIRECTION('',(-7.071067811866E-1,0.E0,7.071067811865E-1));
#5067=AXIS2_PLACEMENT_3D('',#5064,#5065,#5066);
#5068=PLANE('',#5067);
#5070=ORIENTED_EDGE('',*,*,#5069,.F.);
#5072=ORIENTED_EDGE('',*,*,#5071,.T.);
#5074=ORIENTED_EDGE('',*,*,#5073,.T.);
#5076=ORIENTED_EDGE('',*,*,#5075,.F.);
#5077=EDGE_LOOP('',(#5070,#5072,#5074,#5076));
#5078=FACE_OUTER_BOUND('',#5077,.F.);
#5080=CARTESIAN_POINT('',(0.E0,0.E0,0.E0));
#5081=DIRECTION('',(0.E0,1.E0,0.E0));
#5082=DIRECTION('',(1.E0,0.E0,0.E0));
#5083=AXIS2_PLACEMENT_3D('',#5080,#5081,#5082);
#5084=PLANE('',#5083);
#5086=ORIENTED_EDGE('',*,*,#5085,.T.);
#5088=ORIENTED_EDGE('',*,*,#5087,.T.);
#5090=ORIENTED_EDGE('',*,*,#5089,.T.);
#5092=ORIENTED_EDGE('',*,*,#5091,.T.);
#5094=ORIENTED_EDGE('',*,*,#5093,.T.);
#5096=ORIENTED_EDGE('',*,*,#5095,.T.);
#5098=ORIENTED_EDGE('',*,*,#5097,.T.);
#5100=ORIENTED_EDGE('',*,*,#5099,.T.);
#5102=ORIENTED_EDGE('',*,*,#5101,.T.);
#5103=ORIENTED_EDGE('',*,*,#5069,.T.);
#5104=EDGE_LOOP('',(#5086,#5088,#5090,#5092,#5094,#5096,#5098,#5100,#5102,
#5103));
#5105=FACE_OUTER_BOUND('',#5104,.F.);
#5107=CARTESIAN_POINT('',(-2.25E-1,0.E0,7.5E-1));
#5108=DIRECTION('',(0.E0,0.E0,-1.E0));
#5109=DIRECTION('',(-1.E0,0.E0,0.E0));
#5110=AXIS2_PLACEMENT_3D('',#5107,#5108,#5109);
#5111=PLANE('',#5110);
#5112=ORIENTED_EDGE('',*,*,#5085,.F.);
#5113=ORIENTED_EDGE('',*,*,#5075,.T.);
#5115=ORIENTED_EDGE('',*,*,#5114,.T.);
#5117=ORIENTED_EDGE('',*,*,#5116,.F.);
#5118=EDGE_LOOP('',(#5112,#5113,#5115,#5117));
#5119=FACE_OUTER_BOUND('',#5118,.F.);
#5121=CARTESIAN_POINT('',(0.E0,1.5E-2,0.E0));
#5122=DIRECTION('',(0.E0,1.E0,0.E0));
#5123=DIRECTION('',(1.E0,0.E0,0.E0));
#5124=AXIS2_PLACEMENT_3D('',#5121,#5122,#5123);
#5125=PLANE('',#5124);
#5126=ORIENTED_EDGE('',*,*,#5114,.F.);
#5127=ORIENTED_EDGE('',*,*,#5073,.F.);
#5129=ORIENTED_EDGE('',*,*,#5128,.F.);
#5131=ORIENTED_EDGE('',*,*,#5130,.F.);
#5133=ORIENTED_EDGE('',*,*,#5132,.F.);
#5135=ORIENTED_EDGE('',*,*,#5134,.F.);
#5137=ORIENTED_EDGE('',*,*,#5136,.F.);
#5139=ORIENTED_EDGE('',*,*,#5138,.F.);
#5141=ORIENTED_EDGE('',*,*,#5140,.F.);
#5143=ORIENTED_EDGE('',*,*,#5142,.F.);
#5144=EDGE_LOOP('',(#5126,#5127,#5129,#5131,#5133,#5135,#5137,#5139,#5141,
#5143));
#5145=FACE_OUTER_BOUND('',#5144,.F.);
#5147=CARTESIAN_POINT('',(9.375E-1,0.E0,3.375000000001E-1));
#5148=DIRECTION('',(0.E0,0.E0,-1.E0));
#5149=DIRECTION('',(-1.E0,0.E0,0.E0));
#5150=AXIS2_PLACEMENT_3D('',#5147,#5148,#5149);
#5151=PLANE('',#5150);
#5152=ORIENTED_EDGE('',*,*,#5101,.F.);
#5154=ORIENTED_EDGE('',*,*,#5153,.T.);
#5155=ORIENTED_EDGE('',*,*,#5128,.T.);
#5156=ORIENTED_EDGE('',*,*,#5071,.F.);
#5157=EDGE_LOOP('',(#5152,#5154,#5155,#5156));
#5158=FACE_OUTER_BOUND('',#5157,.F.);
#5160=CARTESIAN_POINT('',(9.375E-1,0.E0,3.500000000001E-1));
#5161=DIRECTION('',(0.E0,1.E0,0.E0));
#5162=DIRECTION('',(1.E0,0.E0,0.E0));
#5163=AXIS2_PLACEMENT_3D('',#5160,#5161,#5162);
#5164=CYLINDRICAL_SURFACE('',#5163,1.25E-2);
#5165=ORIENTED_EDGE('',*,*,#5099,.F.);
#5167=ORIENTED_EDGE('',*,*,#5166,.T.);
#5168=ORIENTED_EDGE('',*,*,#5130,.T.);
#5169=ORIENTED_EDGE('',*,*,#5153,.F.);
#5170=EDGE_LOOP('',(#5165,#5167,#5168,#5169));
#5171=FACE_OUTER_BOUND('',#5170,.F.);
#5173=CARTESIAN_POINT('',(9.5E-1,0.E0,1.14E0));
#5174=DIRECTION('',(1.E0,0.E0,0.E0));
#5175=DIRECTION('',(0.E0,0.E0,-1.E0));
#5176=AXIS2_PLACEMENT_3D('',#5173,#5174,#5175);
#5177=PLANE('',#5176);
#5178=ORIENTED_EDGE('',*,*,#5097,.F.);
#5180=ORIENTED_EDGE('',*,*,#5179,.T.);
#5181=ORIENTED_EDGE('',*,*,#5132,.T.);
#5182=ORIENTED_EDGE('',*,*,#5166,.F.);
#5183=EDGE_LOOP('',(#5178,#5180,#5181,#5182));
#5184=FACE_OUTER_BOUND('',#5183,.F.);
#5186=CARTESIAN_POINT('',(9.25E-1,0.E0,1.14E0));
#5187=DIRECTION('',(0.E0,1.E0,0.E0));
#5188=DIRECTION('',(1.E0,0.E0,0.E0));
#5189=AXIS2_PLACEMENT_3D('',#5186,#5187,#5188);
#5190=CYLINDRICAL_SURFACE('',#5189,2.5E-2);
#5191=ORIENTED_EDGE('',*,*,#5095,.F.);
#5193=ORIENTED_EDGE('',*,*,#5192,.T.);
#5194=ORIENTED_EDGE('',*,*,#5134,.T.);
#5195=ORIENTED_EDGE('',*,*,#5179,.F.);
#5196=EDGE_LOOP('',(#5191,#5193,#5194,#5195));
#5197=FACE_OUTER_BOUND('',#5196,.F.);
#5199=CARTESIAN_POINT('',(-9.375E-1,0.E0,1.165E0));
#5200=DIRECTION('',(0.E0,0.E0,1.E0));
#5201=DIRECTION('',(1.E0,0.E0,0.E0));
#5202=AXIS2_PLACEMENT_3D('',#5199,#5200,#5201);
#5203=PLANE('',#5202);
#5204=ORIENTED_EDGE('',*,*,#5093,.F.);
#5206=ORIENTED_EDGE('',*,*,#5205,.T.);
#5207=ORIENTED_EDGE('',*,*,#5136,.T.);
#5208=ORIENTED_EDGE('',*,*,#5192,.F.);
#5209=EDGE_LOOP('',(#5204,#5206,#5207,#5208));
#5210=FACE_OUTER_BOUND('',#5209,.F.);
#5212=CARTESIAN_POINT('',(-9.375E-1,0.E0,1.1525E0));
#5213=DIRECTION('',(0.E0,1.E0,0.E0));
#5214=DIRECTION('',(1.E0,0.E0,0.E0));
#5215=AXIS2_PLACEMENT_3D('',#5212,#5213,#5214);
#5216=CYLINDRICAL_SURFACE('',#5215,1.25E-2);
#5217=ORIENTED_EDGE('',*,*,#5091,.F.);
#5219=ORIENTED_EDGE('',*,*,#5218,.T.);
#5220=ORIENTED_EDGE('',*,*,#5138,.T.);
#5221=ORIENTED_EDGE('',*,*,#5205,.F.);
#5222=EDGE_LOOP('',(#5217,#5219,#5220,#5221));
#5223=FACE_OUTER_BOUND('',#5222,.F.);
#5225=CARTESIAN_POINT('',(-9.5E-1,0.E0,7.75E-1));
#5226=DIRECTION('',(-1.E0,0.E0,0.E0));
#5227=DIRECTION('',(0.E0,0.E0,1.E0));
#5228=AXIS2_PLACEMENT_3D('',#5225,#5226,#5227);
#5229=PLANE('',#5228);
#5230=ORIENTED_EDGE('',*,*,#5089,.F.);
#5232=ORIENTED_EDGE('',*,*,#5231,.T.);
#5233=ORIENTED_EDGE('',*,*,#5140,.T.);
#5234=ORIENTED_EDGE('',*,*,#5218,.F.);
#5235=EDGE_LOOP('',(#5230,#5232,#5233,#5234));
#5236=FACE_OUTER_BOUND('',#5235,.F.);
#5238=CARTESIAN_POINT('',(-9.25E-1,0.E0,7.75E-1));
#5239=DIRECTION('',(0.E0,1.E0,0.E0));
#5240=DIRECTION('',(1.E0,0.E0,0.E0));
#5241=AXIS2_PLACEMENT_3D('',#5238,#5239,#5240);
#5242=CYLINDRICAL_SURFACE('',#5241,2.5E-2);
#5243=ORIENTED_EDGE('',*,*,#5087,.F.);
#5244=ORIENTED_EDGE('',*,*,#5116,.T.);
#5245=ORIENTED_EDGE('',*,*,#5142,.T.);
#5246=ORIENTED_EDGE('',*,*,#5231,.F.);
#5247=EDGE_LOOP('',(#5243,#5244,#5245,#5246));
#5248=FACE_OUTER_BOUND('',#5247,.F.);
#5250=CLOSED_SHELL('',(#5079,#5106,#5120,#5146,#5159,#5172,#5185,#5198,#5211,
#5224,#5237,#5249));
#5251=MANIFOLD_SOLID_BREP('',#5250);
#5252=FILL_AREA_STYLE_COLOUR('',#26);
#5253=FILL_AREA_STYLE('',(#5252));
#5254=SURFACE_STYLE_FILL_AREA(#5253);
#5255=SURFACE_SIDE_STYLE('',(#5254));
#5256=SURFACE_STYLE_USAGE(.POSITIVE.,#5255);
#5257=PRESENTATION_STYLE_ASSIGNMENT((#5256));
#4805=STYLED_ITEM('',(#5257),#5251);
#5259=DIRECTION('',(0.E0,1.E0,0.E0));
#5260=VECTOR('',#5259,1.5E-2);
#5261=CARTESIAN_POINT('',(2.500000000001E-1,0.E0,-1.374999999999E-1));
#5262=LINE('',#5261,#5260);
#5263=CURVE_STYLE('',#35,POSITIVE_LENGTH_MEASURE(2.E-2),#26);
#5264=PRESENTATION_STYLE_ASSIGNMENT((#5263));
#5265=STYLED_ITEM('',(#5264),#5262);
#5266=CARTESIAN_POINT('',(2.75E-1,0.E0,1.625E-1));
#5267=DIRECTION('',(0.E0,1.E0,0.E0));
#5268=DIRECTION('',(-1.E0,0.E0,0.E0));
#5269=AXIS2_PLACEMENT_3D('',#5266,#5267,#5268);
#5271=CURVE_STYLE('',#35,POSITIVE_LENGTH_MEASURE(2.E-2),#26);
#5272=PRESENTATION_STYLE_ASSIGNMENT((#5271));
#5273=STYLED_ITEM('',(#5272),#5270);
#5274=DIRECTION('',(1.E0,0.E0,0.E0));
#5275=VECTOR('',#5274,6.5E-1);
#5276=CARTESIAN_POINT('',(2.75E-1,0.E0,1.875E-1));
#5277=LINE('',#5276,#5275);
#5278=CURVE_STYLE('',#35,POSITIVE_LENGTH_MEASURE(2.E-2),#26);
#5279=PRESENTATION_STYLE_ASSIGNMENT((#5278));
#5280=STYLED_ITEM('',(#5279),#5277);
#5281=CARTESIAN_POINT('',(9.25E-1,0.E0,1.625E-1));
#5282=DIRECTION('',(0.E0,1.E0,0.E0));
#5283=DIRECTION('',(0.E0,0.E0,1.E0));
#5284=AXIS2_PLACEMENT_3D('',#5281,#5282,#5283);
#5286=CURVE_STYLE('',#35,POSITIVE_LENGTH_MEASURE(2.E-2),#26);
#5287=PRESENTATION_STYLE_ASSIGNMENT((#5286));
#5288=STYLED_ITEM('',(#5287),#5285);
#5289=DIRECTION('',(1.207922650792E-14,0.E0,-1.E0));
#5290=VECTOR('',#5289,3.125E-1);
#5291=CARTESIAN_POINT('',(9.5E-1,0.E0,1.625E-1));
#5292=LINE('',#5291,#5290);
#5293=CURVE_STYLE('',#35,POSITIVE_LENGTH_MEASURE(2.E-2),#26);
#5294=PRESENTATION_STYLE_ASSIGNMENT((#5293));
#5295=STYLED_ITEM('',(#5294),#5292);
#5296=CARTESIAN_POINT('',(9.375E-1,0.E0,-1.499999999999E-1));
#5297=DIRECTION('',(0.E0,1.E0,0.E0));
#5298=DIRECTION('',(1.E0,0.E0,-3.381739333008E-12));
#5299=AXIS2_PLACEMENT_3D('',#5296,#5297,#5298);
#5301=CURVE_STYLE('',#35,POSITIVE_LENGTH_MEASURE(2.E-2),#26);
#5302=PRESENTATION_STYLE_ASSIGNMENT((#5301));
#5303=STYLED_ITEM('',(#5302),#5300);
#5304=DIRECTION('',(-1.E0,0.E0,0.E0));
#5305=VECTOR('',#5304,6.625E-1);
#5306=CARTESIAN_POINT('',(9.375E-1,0.E0,-1.624999999999E-1));
#5307=LINE('',#5306,#5305);
#5308=CURVE_STYLE('',#35,POSITIVE_LENGTH_MEASURE(2.E-2),#26);
#5309=PRESENTATION_STYLE_ASSIGNMENT((#5308));
#5310=STYLED_ITEM('',(#5309),#5307);
#5311=CARTESIAN_POINT('',(2.75E-1,0.E0,-1.374999999999E-1));
#5312=DIRECTION('',(0.E0,1.E0,0.E0));
#5313=DIRECTION('',(-1.776356839402E-14,0.E0,-1.E0));
#5314=AXIS2_PLACEMENT_3D('',#5311,#5312,#5313);
#5316=CURVE_STYLE('',#35,POSITIVE_LENGTH_MEASURE(2.E-2),#26);
#5317=PRESENTATION_STYLE_ASSIGNMENT((#5316));
#5318=STYLED_ITEM('',(#5317),#5315);
#5319=DIRECTION('',(0.E0,0.E0,1.E0));
#5320=VECTOR('',#5319,3.E-1);
#5321=CARTESIAN_POINT('',(2.500000000001E-1,0.E0,-1.374999999999E-1));
#5322=LINE('',#5321,#5320);
#5323=CURVE_STYLE('',#35,POSITIVE_LENGTH_MEASURE(2.E-2),#26);
#5324=PRESENTATION_STYLE_ASSIGNMENT((#5323));
#5325=STYLED_ITEM('',(#5324),#5322);
#5326=DIRECTION('',(0.E0,1.E0,0.E0));
#5327=VECTOR('',#5326,1.5E-2);
#5328=CARTESIAN_POINT('',(2.500000000001E-1,0.E0,1.625E-1));
#5329=LINE('',#5328,#5327);
#5330=CURVE_STYLE('',#35,POSITIVE_LENGTH_MEASURE(2.E-2),#26);
#5331=PRESENTATION_STYLE_ASSIGNMENT((#5330));
#5332=STYLED_ITEM('',(#5331),#5329);
#5333=CARTESIAN_POINT('',(2.75E-1,1.5E-2,1.625E-1));
#5334=DIRECTION('',(0.E0,1.E0,0.E0));
#5335=DIRECTION('',(-1.E0,0.E0,0.E0));
#5336=AXIS2_PLACEMENT_3D('',#5333,#5334,#5335);
#5338=CURVE_STYLE('',#35,POSITIVE_LENGTH_MEASURE(2.E-2),#26);
#5339=PRESENTATION_STYLE_ASSIGNMENT((#5338));
#5340=STYLED_ITEM('',(#5339),#5337);
#5341=DIRECTION('',(0.E0,0.E0,1.E0));
#5342=VECTOR('',#5341,3.E-1);
#5343=CARTESIAN_POINT('',(2.500000000001E-1,1.5E-2,-1.374999999999E-1));
#5344=LINE('',#5343,#5342);
#5345=CURVE_STYLE('',#35,POSITIVE_LENGTH_MEASURE(2.E-2),#26);
#5346=PRESENTATION_STYLE_ASSIGNMENT((#5345));
#5347=STYLED_ITEM('',(#5346),#5344);
#5348=CARTESIAN_POINT('',(2.75E-1,1.5E-2,-1.374999999999E-1));
#5349=DIRECTION('',(0.E0,1.E0,0.E0));
#5350=DIRECTION('',(-1.776356839402E-14,0.E0,-1.E0));
#5351=AXIS2_PLACEMENT_3D('',#5348,#5349,#5350);
#5353=CURVE_STYLE('',#35,POSITIVE_LENGTH_MEASURE(2.E-2),#26);
#5354=PRESENTATION_STYLE_ASSIGNMENT((#5353));
#5355=STYLED_ITEM('',(#5354),#5352);
#5356=DIRECTION('',(-1.E0,0.E0,0.E0));
#5357=VECTOR('',#5356,6.625E-1);
#5358=CARTESIAN_POINT('',(9.375E-1,1.5E-2,-1.624999999999E-1));
#5359=LINE('',#5358,#5357);
#5360=CURVE_STYLE('',#35,POSITIVE_LENGTH_MEASURE(2.E-2),#26);
#5361=PRESENTATION_STYLE_ASSIGNMENT((#5360));
#5362=STYLED_ITEM('',(#5361),#5359);
#5363=CARTESIAN_POINT('',(9.375E-1,1.5E-2,-1.499999999999E-1));
#5364=DIRECTION('',(0.E0,1.E0,0.E0));
#5365=DIRECTION('',(1.E0,0.E0,-3.381739333008E-12));
#5366=AXIS2_PLACEMENT_3D('',#5363,#5364,#5365);
#5368=CURVE_STYLE('',#35,POSITIVE_LENGTH_MEASURE(2.E-2),#26);
#5369=PRESENTATION_STYLE_ASSIGNMENT((#5368));
#5370=STYLED_ITEM('',(#5369),#5367);
#5371=DIRECTION('',(1.207922650792E-14,0.E0,-1.E0));
#5372=VECTOR('',#5371,3.125E-1);
#5373=CARTESIAN_POINT('',(9.5E-1,1.5E-2,1.625E-1));
#5374=LINE('',#5373,#5372);
#5375=CURVE_STYLE('',#35,POSITIVE_LENGTH_MEASURE(2.E-2),#26);
#5376=PRESENTATION_STYLE_ASSIGNMENT((#5375));
#5377=STYLED_ITEM('',(#5376),#5374);
#5378=CARTESIAN_POINT('',(9.25E-1,1.5E-2,1.625E-1));
#5379=DIRECTION('',(0.E0,1.E0,0.E0));
#5380=DIRECTION('',(0.E0,0.E0,1.E0));
#5381=AXIS2_PLACEMENT_3D('',#5378,#5379,#5380);
#5383=CURVE_STYLE('',#35,POSITIVE_LENGTH_MEASURE(2.E-2),#26);
#5384=PRESENTATION_STYLE_ASSIGNMENT((#5383));
#5385=STYLED_ITEM('',(#5384),#5382);
#5386=DIRECTION('',(1.E0,0.E0,0.E0));
#5387=VECTOR('',#5386,6.5E-1);
#5388=CARTESIAN_POINT('',(2.75E-1,1.5E-2,1.875E-1));
#5389=LINE('',#5388,#5387);
#5390=CURVE_STYLE('',#35,POSITIVE_LENGTH_MEASURE(2.E-2),#26);
#5391=PRESENTATION_STYLE_ASSIGNMENT((#5390));
#5392=STYLED_ITEM('',(#5391),#5389);
#5393=DIRECTION('',(0.E0,1.E0,0.E0));
#5394=VECTOR('',#5393,1.5E-2);
#5395=CARTESIAN_POINT('',(2.75E-1,0.E0,-1.624999999999E-1));
#5396=LINE('',#5395,#5394);
#5397=CURVE_STYLE('',#35,POSITIVE_LENGTH_MEASURE(2.E-2),#26);
#5398=PRESENTATION_STYLE_ASSIGNMENT((#5397));
#5399=STYLED_ITEM('',(#5398),#5396);
#5400=DIRECTION('',(0.E0,1.E0,0.E0));
#5401=VECTOR('',#5400,1.5E-2);
#5402=CARTESIAN_POINT('',(9.375E-1,0.E0,-1.624999999999E-1));
#5403=LINE('',#5402,#5401);
#5404=CURVE_STYLE('',#35,POSITIVE_LENGTH_MEASURE(2.E-2),#26);
#5405=PRESENTATION_STYLE_ASSIGNMENT((#5404));
#5406=STYLED_ITEM('',(#5405),#5403);
#5407=DIRECTION('',(0.E0,1.E0,0.E0));
#5408=VECTOR('',#5407,1.5E-2);
#5409=CARTESIAN_POINT('',(9.5E-1,0.E0,-1.499999999999E-1));
#5410=LINE('',#5409,#5408);
#5411=CURVE_STYLE('',#35,POSITIVE_LENGTH_MEASURE(2.E-2),#26);
#5412=PRESENTATION_STYLE_ASSIGNMENT((#5411));
#5413=STYLED_ITEM('',(#5412),#5410);
#5414=DIRECTION('',(0.E0,1.E0,0.E0));
#5415=VECTOR('',#5414,1.5E-2);
#5416=CARTESIAN_POINT('',(9.5E-1,0.E0,1.625E-1));
#5417=LINE('',#5416,#5415);
#5418=CURVE_STYLE('',#35,POSITIVE_LENGTH_MEASURE(2.E-2),#26);
#5419=PRESENTATION_STYLE_ASSIGNMENT((#5418));
#5420=STYLED_ITEM('',(#5419),#5417);
#5421=DIRECTION('',(0.E0,1.E0,0.E0));
#5422=VECTOR('',#5421,1.5E-2);
#5423=CARTESIAN_POINT('',(9.25E-1,0.E0,1.875E-1));
#5424=LINE('',#5423,#5422);
#5425=CURVE_STYLE('',#35,POSITIVE_LENGTH_MEASURE(2.E-2),#26);
#5426=PRESENTATION_STYLE_ASSIGNMENT((#5425));
#5427=STYLED_ITEM('',(#5426),#5424);
#5428=DIRECTION('',(0.E0,1.E0,0.E0));
#5429=VECTOR('',#5428,1.5E-2);
#5430=CARTESIAN_POINT('',(2.75E-1,0.E0,1.875E-1));
#5431=LINE('',#5430,#5429);
#5432=CURVE_STYLE('',#35,POSITIVE_LENGTH_MEASURE(2.E-2),#26);
#5433=PRESENTATION_STYLE_ASSIGNMENT((#5432));
#5434=STYLED_ITEM('',(#5433),#5431);
#5435=CARTESIAN_POINT('',(2.500000000001E-1,0.E0,1.625E-1));
#5436=CARTESIAN_POINT('',(2.75E-1,0.E0,1.875E-1));
#5437=VERTEX_POINT('',#5435);
#5438=VERTEX_POINT('',#5436);
#5439=CARTESIAN_POINT('',(9.25E-1,0.E0,1.875E-1));
#5440=VERTEX_POINT('',#5439);
#5441=CARTESIAN_POINT('',(9.5E-1,0.E0,1.625E-1));
#5442=VERTEX_POINT('',#5441);
#5443=CARTESIAN_POINT('',(9.5E-1,0.E0,-1.499999999999E-1));
#5444=VERTEX_POINT('',#5443);
#5445=CARTESIAN_POINT('',(9.375E-1,0.E0,-1.624999999999E-1));
#5446=VERTEX_POINT('',#5445);
#5447=CARTESIAN_POINT('',(2.75E-1,0.E0,-1.624999999999E-1));
#5448=VERTEX_POINT('',#5447);
#5449=CARTESIAN_POINT('',(2.500000000001E-1,0.E0,-1.374999999999E-1));
#5450=VERTEX_POINT('',#5449);
#5451=CARTESIAN_POINT('',(2.500000000001E-1,1.5E-2,1.625E-1));
#5452=CARTESIAN_POINT('',(2.75E-1,1.5E-2,1.875E-1));
#5453=VERTEX_POINT('',#5451);
#5454=VERTEX_POINT('',#5452);
#5455=CARTESIAN_POINT('',(9.25E-1,1.5E-2,1.875E-1));
#5456=VERTEX_POINT('',#5455);
#5457=CARTESIAN_POINT('',(9.5E-1,1.5E-2,1.625E-1));
#5458=VERTEX_POINT('',#5457);
#5459=CARTESIAN_POINT('',(9.5E-1,1.5E-2,-1.499999999999E-1));
#5460=VERTEX_POINT('',#5459);
#5461=CARTESIAN_POINT('',(9.375E-1,1.5E-2,-1.624999999999E-1));
#5462=VERTEX_POINT('',#5461);
#5463=CARTESIAN_POINT('',(2.75E-1,1.5E-2,-1.624999999999E-1));
#5464=VERTEX_POINT('',#5463);
#5465=CARTESIAN_POINT('',(2.500000000001E-1,1.5E-2,-1.374999999999E-1));
#5466=VERTEX_POINT('',#5465);
#5467=CARTESIAN_POINT('',(2.500000000001E-1,0.E0,-1.374999999999E-1));
#5468=DIRECTION('',(-1.E0,0.E0,0.E0));
#5469=DIRECTION('',(0.E0,0.E0,1.E0));
#5470=AXIS2_PLACEMENT_3D('',#5467,#5468,#5469);
#5471=PLANE('',#5470);
#5473=ORIENTED_EDGE('',*,*,#5472,.F.);
#5475=ORIENTED_EDGE('',*,*,#5474,.T.);
#5477=ORIENTED_EDGE('',*,*,#5476,.T.);
#5479=ORIENTED_EDGE('',*,*,#5478,.F.);
#5480=EDGE_LOOP('',(#5473,#5475,#5477,#5479));
#5481=FACE_OUTER_BOUND('',#5480,.F.);
#5483=CARTESIAN_POINT('',(0.E0,0.E0,0.E0));
#5484=DIRECTION('',(0.E0,1.E0,0.E0));
#5485=DIRECTION('',(1.E0,0.E0,0.E0));
#5486=AXIS2_PLACEMENT_3D('',#5483,#5484,#5485);
#5487=PLANE('',#5486);
#5489=ORIENTED_EDGE('',*,*,#5488,.T.);
#5491=ORIENTED_EDGE('',*,*,#5490,.T.);
#5493=ORIENTED_EDGE('',*,*,#5492,.T.);
#5495=ORIENTED_EDGE('',*,*,#5494,.T.);
#5497=ORIENTED_EDGE('',*,*,#5496,.T.);
#5499=ORIENTED_EDGE('',*,*,#5498,.T.);
#5501=ORIENTED_EDGE('',*,*,#5500,.T.);
#5502=ORIENTED_EDGE('',*,*,#5472,.T.);
#5503=EDGE_LOOP('',(#5489,#5491,#5493,#5495,#5497,#5499,#5501,#5502));
#5504=FACE_OUTER_BOUND('',#5503,.F.);
#5506=CARTESIAN_POINT('',(2.75E-1,0.E0,1.625E-1));
#5507=DIRECTION('',(0.E0,1.E0,0.E0));
#5508=DIRECTION('',(1.E0,0.E0,0.E0));
#5509=AXIS2_PLACEMENT_3D('',#5506,#5507,#5508);
#5510=CYLINDRICAL_SURFACE('',#5509,2.499999999998E-2);
#5511=ORIENTED_EDGE('',*,*,#5488,.F.);
#5512=ORIENTED_EDGE('',*,*,#5478,.T.);
#5514=ORIENTED_EDGE('',*,*,#5513,.T.);
#5516=ORIENTED_EDGE('',*,*,#5515,.F.);
#5517=EDGE_LOOP('',(#5511,#5512,#5514,#5516));
#5518=FACE_OUTER_BOUND('',#5517,.F.);
#5520=CARTESIAN_POINT('',(0.E0,1.5E-2,0.E0));
#5521=DIRECTION('',(0.E0,1.E0,0.E0));
#5522=DIRECTION('',(1.E0,0.E0,0.E0));
#5523=AXIS2_PLACEMENT_3D('',#5520,#5521,#5522);
#5524=PLANE('',#5523);
#5525=ORIENTED_EDGE('',*,*,#5513,.F.);
#5526=ORIENTED_EDGE('',*,*,#5476,.F.);
#5528=ORIENTED_EDGE('',*,*,#5527,.F.);
#5530=ORIENTED_EDGE('',*,*,#5529,.F.);
#5532=ORIENTED_EDGE('',*,*,#5531,.F.);
#5534=ORIENTED_EDGE('',*,*,#5533,.F.);
#5536=ORIENTED_EDGE('',*,*,#5535,.F.);
#5538=ORIENTED_EDGE('',*,*,#5537,.F.);
#5539=EDGE_LOOP('',(#5525,#5526,#5528,#5530,#5532,#5534,#5536,#5538));
#5540=FACE_OUTER_BOUND('',#5539,.F.);
#5542=CARTESIAN_POINT('',(2.75E-1,0.E0,-1.374999999999E-1));
#5543=DIRECTION('',(0.E0,1.E0,0.E0));
#5544=DIRECTION('',(1.E0,0.E0,0.E0));
#5545=AXIS2_PLACEMENT_3D('',#5542,#5543,#5544);
#5546=CYLINDRICAL_SURFACE('',#5545,2.499999999998E-2);
#5547=ORIENTED_EDGE('',*,*,#5500,.F.);
#5549=ORIENTED_EDGE('',*,*,#5548,.T.);
#5550=ORIENTED_EDGE('',*,*,#5527,.T.);
#5551=ORIENTED_EDGE('',*,*,#5474,.F.);
#5552=EDGE_LOOP('',(#5547,#5549,#5550,#5551));
#5553=FACE_OUTER_BOUND('',#5552,.F.);
#5555=CARTESIAN_POINT('',(9.375E-1,0.E0,-1.624999999999E-1));
#5556=DIRECTION('',(0.E0,0.E0,-1.E0));
#5557=DIRECTION('',(-1.E0,0.E0,0.E0));
#5558=AXIS2_PLACEMENT_3D('',#5555,#5556,#5557);
#5559=PLANE('',#5558);
#5560=ORIENTED_EDGE('',*,*,#5498,.F.);
#5562=ORIENTED_EDGE('',*,*,#5561,.T.);
#5563=ORIENTED_EDGE('',*,*,#5529,.T.);
#5564=ORIENTED_EDGE('',*,*,#5548,.F.);
#5565=EDGE_LOOP('',(#5560,#5562,#5563,#5564));
#5566=FACE_OUTER_BOUND('',#5565,.F.);
#5568=CARTESIAN_POINT('',(9.375E-1,0.E0,-1.499999999999E-1));
#5569=DIRECTION('',(0.E0,1.E0,0.E0));
#5570=DIRECTION('',(1.E0,0.E0,0.E0));
#5571=AXIS2_PLACEMENT_3D('',#5568,#5569,#5570);
#5572=CYLINDRICAL_SURFACE('',#5571,1.25E-2);
#5573=ORIENTED_EDGE('',*,*,#5496,.F.);
#5575=ORIENTED_EDGE('',*,*,#5574,.T.);
#5576=ORIENTED_EDGE('',*,*,#5531,.T.);
#5577=ORIENTED_EDGE('',*,*,#5561,.F.);
#5578=EDGE_LOOP('',(#5573,#5575,#5576,#5577));
#5579=FACE_OUTER_BOUND('',#5578,.F.);
#5581=CARTESIAN_POINT('',(9.5E-1,0.E0,1.625E-1));
#5582=DIRECTION('',(1.E0,0.E0,0.E0));
#5583=DIRECTION('',(0.E0,0.E0,-1.E0));
#5584=AXIS2_PLACEMENT_3D('',#5581,#5582,#5583);
#5585=PLANE('',#5584);
#5586=ORIENTED_EDGE('',*,*,#5494,.F.);
#5588=ORIENTED_EDGE('',*,*,#5587,.T.);
#5589=ORIENTED_EDGE('',*,*,#5533,.T.);
#5590=ORIENTED_EDGE('',*,*,#5574,.F.);
#5591=EDGE_LOOP('',(#5586,#5588,#5589,#5590));
#5592=FACE_OUTER_BOUND('',#5591,.F.);
#5594=CARTESIAN_POINT('',(9.25E-1,0.E0,1.625E-1));
#5595=DIRECTION('',(0.E0,1.E0,0.E0));
#5596=DIRECTION('',(1.E0,0.E0,0.E0));
#5597=AXIS2_PLACEMENT_3D('',#5594,#5595,#5596);
#5598=CYLINDRICAL_SURFACE('',#5597,2.499999999998E-2);
#5599=ORIENTED_EDGE('',*,*,#5492,.F.);
#5601=ORIENTED_EDGE('',*,*,#5600,.T.);
#5602=ORIENTED_EDGE('',*,*,#5535,.T.);
#5603=ORIENTED_EDGE('',*,*,#5587,.F.);
#5604=EDGE_LOOP('',(#5599,#5601,#5602,#5603));
#5605=FACE_OUTER_BOUND('',#5604,.F.);
#5607=CARTESIAN_POINT('',(2.75E-1,0.E0,1.875E-1));
#5608=DIRECTION('',(0.E0,0.E0,1.E0));
#5609=DIRECTION('',(1.E0,0.E0,0.E0));
#5610=AXIS2_PLACEMENT_3D('',#5607,#5608,#5609);
#5611=PLANE('',#5610);
#5612=ORIENTED_EDGE('',*,*,#5490,.F.);
#5613=ORIENTED_EDGE('',*,*,#5515,.T.);
#5614=ORIENTED_EDGE('',*,*,#5537,.T.);
#5615=ORIENTED_EDGE('',*,*,#5600,.F.);
#5616=EDGE_LOOP('',(#5612,#5613,#5614,#5615));
#5617=FACE_OUTER_BOUND('',#5616,.F.);
#5619=CLOSED_SHELL('',(#5482,#5505,#5519,#5541,#5554,#5567,#5580,#5593,#5606,
#5618));
#5620=MANIFOLD_SOLID_BREP('',#5619);
#5621=FILL_AREA_STYLE_COLOUR('',#26);
#5622=FILL_AREA_STYLE('',(#5621));
#5623=SURFACE_STYLE_FILL_AREA(#5622);
#5624=SURFACE_SIDE_STYLE('',(#5623));
#5625=SURFACE_STYLE_USAGE(.POSITIVE.,#5624);
#5626=PRESENTATION_STYLE_ASSIGNMENT((#5625));
#5258=STYLED_ITEM('',(#5626),#5620);
#5628=DIRECTION('',(0.E0,1.E0,0.E0));
#5629=VECTOR('',#5628,1.5E-2);
#5630=CARTESIAN_POINT('',(2.500000000001E-1,0.E0,-2.275E-1));
#5631=LINE('',#5630,#5629);
#5632=CURVE_STYLE('',#35,POSITIVE_LENGTH_MEASURE(2.E-2),#26);
#5633=PRESENTATION_STYLE_ASSIGNMENT((#5632));
#5634=STYLED_ITEM('',(#5633),#5631);
#5635=DIRECTION('',(1.E0,0.E0,0.E0));
#5636=VECTOR('',#5635,6.5E-1);
#5637=CARTESIAN_POINT('',(2.75E-1,0.E0,-2.025000000001E-1));
#5638=LINE('',#5637,#5636);
#5639=CURVE_STYLE('',#35,POSITIVE_LENGTH_MEASURE(2.E-2),#26);
#5640=PRESENTATION_STYLE_ASSIGNMENT((#5639));
#5641=STYLED_ITEM('',(#5640),#5638);
#5642=CARTESIAN_POINT('',(9.25E-1,0.E0,-2.275000000001E-1));
#5643=DIRECTION('',(0.E0,1.E0,0.E0));
#5644=DIRECTION('',(0.E0,0.E0,1.E0));
#5645=AXIS2_PLACEMENT_3D('',#5642,#5643,#5644);
#5647=CURVE_STYLE('',#35,POSITIVE_LENGTH_MEASURE(2.E-2),#26);
#5648=PRESENTATION_STYLE_ASSIGNMENT((#5647));
#5649=STYLED_ITEM('',(#5648),#5646);
#5650=DIRECTION('',(0.E0,0.E0,-1.E0));
#5651=VECTOR('',#5650,9.249999999999E-1);
#5652=CARTESIAN_POINT('',(9.5E-1,0.E0,-2.275000000001E-1));
#5653=LINE('',#5652,#5651);
#5654=CURVE_STYLE('',#35,POSITIVE_LENGTH_MEASURE(2.E-2),#26);
#5655=PRESENTATION_STYLE_ASSIGNMENT((#5654));
#5656=STYLED_ITEM('',(#5655),#5653);
#5657=CARTESIAN_POINT('',(9.375E-1,0.E0,-1.1525E0));
#5658=DIRECTION('',(0.E0,1.E0,0.E0));
#5659=DIRECTION('',(1.E0,0.E0,-3.375077994860E-12));
#5660=AXIS2_PLACEMENT_3D('',#5657,#5658,#5659);
#5662=CURVE_STYLE('',#35,POSITIVE_LENGTH_MEASURE(2.E-2),#26);
#5663=PRESENTATION_STYLE_ASSIGNMENT((#5662));
#5664=STYLED_ITEM('',(#5663),#5661);
#5665=DIRECTION('',(-1.E0,0.E0,0.E0));
#5666=VECTOR('',#5665,6.625E-1);
#5667=CARTESIAN_POINT('',(9.375E-1,0.E0,-1.165E0));
#5668=LINE('',#5667,#5666);
#5669=CURVE_STYLE('',#35,POSITIVE_LENGTH_MEASURE(2.E-2),#26);
#5670=PRESENTATION_STYLE_ASSIGNMENT((#5669));
#5671=STYLED_ITEM('',(#5670),#5668);
#5672=CARTESIAN_POINT('',(2.75E-1,0.E0,-1.14E0));
#5673=DIRECTION('',(0.E0,1.E0,0.E0));
#5674=DIRECTION('',(-4.440892098505E-14,0.E0,-1.E0));
#5675=AXIS2_PLACEMENT_3D('',#5672,#5673,#5674);
#5677=CURVE_STYLE('',#35,POSITIVE_LENGTH_MEASURE(2.E-2),#26);
#5678=PRESENTATION_STYLE_ASSIGNMENT((#5677));
#5679=STYLED_ITEM('',(#5678),#5676);
#5680=DIRECTION('',(0.E0,0.E0,1.E0));
#5681=VECTOR('',#5680,9.125E-1);
#5682=CARTESIAN_POINT('',(2.500000000001E-1,0.E0,-1.14E0));
#5683=LINE('',#5682,#5681);
#5684=CURVE_STYLE('',#35,POSITIVE_LENGTH_MEASURE(2.E-2),#26);
#5685=PRESENTATION_STYLE_ASSIGNMENT((#5684));
#5686=STYLED_ITEM('',(#5685),#5683);
#5687=DIRECTION('',(7.071067811882E-1,0.E0,7.071067811849E-1));
#5688=VECTOR('',#5687,3.535533905921E-2);
#5689=CARTESIAN_POINT('',(2.500000000001E-1,0.E0,-2.275E-1));
#5690=LINE('',#5689,#5688);
#5691=CURVE_STYLE('',#35,POSITIVE_LENGTH_MEASURE(2.E-2),#26);
#5692=PRESENTATION_STYLE_ASSIGNMENT((#5691));
#5693=STYLED_ITEM('',(#5692),#5690);
#5694=DIRECTION('',(0.E0,1.E0,0.E0));
#5695=VECTOR('',#5694,1.5E-2);
#5696=CARTESIAN_POINT('',(2.75E-1,0.E0,-2.025000000001E-1));
#5697=LINE('',#5696,#5695);
#5698=CURVE_STYLE('',#35,POSITIVE_LENGTH_MEASURE(2.E-2),#26);
#5699=PRESENTATION_STYLE_ASSIGNMENT((#5698));
#5700=STYLED_ITEM('',(#5699),#5697);
#5701=DIRECTION('',(1.E0,0.E0,0.E0));
#5702=VECTOR('',#5701,6.5E-1);
#5703=CARTESIAN_POINT('',(2.75E-1,1.5E-2,-2.025000000001E-1));
#5704=LINE('',#5703,#5702);
#5705=CURVE_STYLE('',#35,POSITIVE_LENGTH_MEASURE(2.E-2),#26);
#5706=PRESENTATION_STYLE_ASSIGNMENT((#5705));
#5707=STYLED_ITEM('',(#5706),#5704);
#5708=DIRECTION('',(7.071067811882E-1,0.E0,7.071067811849E-1));
#5709=VECTOR('',#5708,3.535533905921E-2);
#5710=CARTESIAN_POINT('',(2.500000000001E-1,1.5E-2,-2.275E-1));
#5711=LINE('',#5710,#5709);
#5712=CURVE_STYLE('',#35,POSITIVE_LENGTH_MEASURE(2.E-2),#26);
#5713=PRESENTATION_STYLE_ASSIGNMENT((#5712));
#5714=STYLED_ITEM('',(#5713),#5711);
#5715=DIRECTION('',(0.E0,0.E0,1.E0));
#5716=VECTOR('',#5715,9.125E-1);
#5717=CARTESIAN_POINT('',(2.500000000001E-1,1.5E-2,-1.14E0));
#5718=LINE('',#5717,#5716);
#5719=CURVE_STYLE('',#35,POSITIVE_LENGTH_MEASURE(2.E-2),#26);
#5720=PRESENTATION_STYLE_ASSIGNMENT((#5719));
#5721=STYLED_ITEM('',(#5720),#5718);
#5722=CARTESIAN_POINT('',(2.75E-1,1.5E-2,-1.14E0));
#5723=DIRECTION('',(0.E0,1.E0,0.E0));
#5724=DIRECTION('',(-4.440892098505E-14,0.E0,-1.E0));
#5725=AXIS2_PLACEMENT_3D('',#5722,#5723,#5724);
#5727=CURVE_STYLE('',#35,POSITIVE_LENGTH_MEASURE(2.E-2),#26);
#5728=PRESENTATION_STYLE_ASSIGNMENT((#5727));
#5729=STYLED_ITEM('',(#5728),#5726);
#5730=DIRECTION('',(-1.E0,0.E0,0.E0));
#5731=VECTOR('',#5730,6.625E-1);
#5732=CARTESIAN_POINT('',(9.375E-1,1.5E-2,-1.165E0));
#5733=LINE('',#5732,#5731);
#5734=CURVE_STYLE('',#35,POSITIVE_LENGTH_MEASURE(2.E-2),#26);
#5735=PRESENTATION_STYLE_ASSIGNMENT((#5734));
#5736=STYLED_ITEM('',(#5735),#5733);
#5737=CARTESIAN_POINT('',(9.375E-1,1.5E-2,-1.1525E0));
#5738=DIRECTION('',(0.E0,1.E0,0.E0));
#5739=DIRECTION('',(1.E0,0.E0,-3.375077994860E-12));
#5740=AXIS2_PLACEMENT_3D('',#5737,#5738,#5739);
#5742=CURVE_STYLE('',#35,POSITIVE_LENGTH_MEASURE(2.E-2),#26);
#5743=PRESENTATION_STYLE_ASSIGNMENT((#5742));
#5744=STYLED_ITEM('',(#5743),#5741);
#5745=DIRECTION('',(0.E0,0.E0,-1.E0));
#5746=VECTOR('',#5745,9.249999999999E-1);
#5747=CARTESIAN_POINT('',(9.5E-1,1.5E-2,-2.275000000001E-1));
#5748=LINE('',#5747,#5746);
#5749=CURVE_STYLE('',#35,POSITIVE_LENGTH_MEASURE(2.E-2),#26);
#5750=PRESENTATION_STYLE_ASSIGNMENT((#5749));
#5751=STYLED_ITEM('',(#5750),#5748);
#5752=CARTESIAN_POINT('',(9.25E-1,1.5E-2,-2.275000000001E-1));
#5753=DIRECTION('',(0.E0,1.E0,0.E0));
#5754=DIRECTION('',(0.E0,0.E0,1.E0));
#5755=AXIS2_PLACEMENT_3D('',#5752,#5753,#5754);
#5757=CURVE_STYLE('',#35,POSITIVE_LENGTH_MEASURE(2.E-2),#26);
#5758=PRESENTATION_STYLE_ASSIGNMENT((#5757));
#5759=STYLED_ITEM('',(#5758),#5756);
#5760=DIRECTION('',(0.E0,1.E0,0.E0));
#5761=VECTOR('',#5760,1.5E-2);
#5762=CARTESIAN_POINT('',(2.500000000001E-1,0.E0,-1.14E0));
#5763=LINE('',#5762,#5761);
#5764=CURVE_STYLE('',#35,POSITIVE_LENGTH_MEASURE(2.E-2),#26);
#5765=PRESENTATION_STYLE_ASSIGNMENT((#5764));
#5766=STYLED_ITEM('',(#5765),#5763);
#5767=DIRECTION('',(0.E0,1.E0,0.E0));
#5768=VECTOR('',#5767,1.5E-2);
#5769=CARTESIAN_POINT('',(2.75E-1,0.E0,-1.165E0));
#5770=LINE('',#5769,#5768);
#5771=CURVE_STYLE('',#35,POSITIVE_LENGTH_MEASURE(2.E-2),#26);
#5772=PRESENTATION_STYLE_ASSIGNMENT((#5771));
#5773=STYLED_ITEM('',(#5772),#5770);
#5774=DIRECTION('',(0.E0,1.E0,0.E0));
#5775=VECTOR('',#5774,1.5E-2);
#5776=CARTESIAN_POINT('',(9.375E-1,0.E0,-1.165E0));
#5777=LINE('',#5776,#5775);
#5778=CURVE_STYLE('',#35,POSITIVE_LENGTH_MEASURE(2.E-2),#26);
#5779=PRESENTATION_STYLE_ASSIGNMENT((#5778));
#5780=STYLED_ITEM('',(#5779),#5777);
#5781=DIRECTION('',(0.E0,1.E0,0.E0));
#5782=VECTOR('',#5781,1.5E-2);
#5783=CARTESIAN_POINT('',(9.5E-1,0.E0,-1.1525E0));
#5784=LINE('',#5783,#5782);
#5785=CURVE_STYLE('',#35,POSITIVE_LENGTH_MEASURE(2.E-2),#26);
#5786=PRESENTATION_STYLE_ASSIGNMENT((#5785));
#5787=STYLED_ITEM('',(#5786),#5784);
#5788=DIRECTION('',(0.E0,1.E0,0.E0));
#5789=VECTOR('',#5788,1.5E-2);
#5790=CARTESIAN_POINT('',(9.5E-1,0.E0,-2.275000000001E-1));
#5791=LINE('',#5790,#5789);
#5792=CURVE_STYLE('',#35,POSITIVE_LENGTH_MEASURE(2.E-2),#26);
#5793=PRESENTATION_STYLE_ASSIGNMENT((#5792));
#5794=STYLED_ITEM('',(#5793),#5791);
#5795=DIRECTION('',(0.E0,1.E0,0.E0));
#5796=VECTOR('',#5795,1.5E-2);
#5797=CARTESIAN_POINT('',(9.25E-1,0.E0,-2.025000000001E-1));
#5798=LINE('',#5797,#5796);
#5799=CURVE_STYLE('',#35,POSITIVE_LENGTH_MEASURE(2.E-2),#26);
#5800=PRESENTATION_STYLE_ASSIGNMENT((#5799));
#5801=STYLED_ITEM('',(#5800),#5798);
#5802=CARTESIAN_POINT('',(2.75E-1,0.E0,-2.025000000001E-1));
#5803=CARTESIAN_POINT('',(9.25E-1,0.E0,-2.025000000001E-1));
#5804=VERTEX_POINT('',#5802);
#5805=VERTEX_POINT('',#5803);
#5806=CARTESIAN_POINT('',(9.5E-1,0.E0,-2.275000000001E-1));
#5807=VERTEX_POINT('',#5806);
#5808=CARTESIAN_POINT('',(9.5E-1,0.E0,-1.1525E0));
#5809=VERTEX_POINT('',#5808);
#5810=CARTESIAN_POINT('',(9.375E-1,0.E0,-1.165E0));
#5811=VERTEX_POINT('',#5810);
#5812=CARTESIAN_POINT('',(2.75E-1,0.E0,-1.165E0));
#5813=VERTEX_POINT('',#5812);
#5814=CARTESIAN_POINT('',(2.500000000001E-1,0.E0,-1.14E0));
#5815=VERTEX_POINT('',#5814);
#5816=CARTESIAN_POINT('',(2.500000000001E-1,0.E0,-2.275E-1));
#5817=VERTEX_POINT('',#5816);
#5818=CARTESIAN_POINT('',(2.75E-1,1.5E-2,-2.025000000001E-1));
#5819=CARTESIAN_POINT('',(9.25E-1,1.5E-2,-2.025000000001E-1));
#5820=VERTEX_POINT('',#5818);
#5821=VERTEX_POINT('',#5819);
#5822=CARTESIAN_POINT('',(9.5E-1,1.5E-2,-2.275000000001E-1));
#5823=VERTEX_POINT('',#5822);
#5824=CARTESIAN_POINT('',(9.5E-1,1.5E-2,-1.1525E0));
#5825=VERTEX_POINT('',#5824);
#5826=CARTESIAN_POINT('',(9.375E-1,1.5E-2,-1.165E0));
#5827=VERTEX_POINT('',#5826);
#5828=CARTESIAN_POINT('',(2.75E-1,1.5E-2,-1.165E0));
#5829=VERTEX_POINT('',#5828);
#5830=CARTESIAN_POINT('',(2.500000000001E-1,1.5E-2,-1.14E0));
#5831=VERTEX_POINT('',#5830);
#5832=CARTESIAN_POINT('',(2.500000000001E-1,1.5E-2,-2.275E-1));
#5833=VERTEX_POINT('',#5832);
#5834=CARTESIAN_POINT('',(2.500000000001E-1,0.E0,-2.275E-1));
#5835=DIRECTION('',(-7.071067811849E-1,0.E0,7.071067811882E-1));
#5836=DIRECTION('',(7.071067811882E-1,0.E0,7.071067811849E-1));
#5837=AXIS2_PLACEMENT_3D('',#5834,#5835,#5836);
#5838=PLANE('',#5837);
#5840=ORIENTED_EDGE('',*,*,#5839,.F.);
#5842=ORIENTED_EDGE('',*,*,#5841,.T.);
#5844=ORIENTED_EDGE('',*,*,#5843,.T.);
#5846=ORIENTED_EDGE('',*,*,#5845,.F.);
#5847=EDGE_LOOP('',(#5840,#5842,#5844,#5846));
#5848=FACE_OUTER_BOUND('',#5847,.F.);
#5850=CARTESIAN_POINT('',(0.E0,0.E0,0.E0));
#5851=DIRECTION('',(0.E0,1.E0,0.E0));
#5852=DIRECTION('',(1.E0,0.E0,0.E0));
#5853=AXIS2_PLACEMENT_3D('',#5850,#5851,#5852);
#5854=PLANE('',#5853);
#5856=ORIENTED_EDGE('',*,*,#5855,.T.);
#5858=ORIENTED_EDGE('',*,*,#5857,.T.);
#5860=ORIENTED_EDGE('',*,*,#5859,.T.);
#5862=ORIENTED_EDGE('',*,*,#5861,.T.);
#5864=ORIENTED_EDGE('',*,*,#5863,.T.);
#5866=ORIENTED_EDGE('',*,*,#5865,.T.);
#5868=ORIENTED_EDGE('',*,*,#5867,.T.);
#5869=ORIENTED_EDGE('',*,*,#5839,.T.);
#5870=EDGE_LOOP('',(#5856,#5858,#5860,#5862,#5864,#5866,#5868,#5869));
#5871=FACE_OUTER_BOUND('',#5870,.F.);
#5873=CARTESIAN_POINT('',(2.75E-1,0.E0,-2.025000000001E-1));
#5874=DIRECTION('',(0.E0,0.E0,1.E0));
#5875=DIRECTION('',(1.E0,0.E0,0.E0));
#5876=AXIS2_PLACEMENT_3D('',#5873,#5874,#5875);
#5877=PLANE('',#5876);
#5878=ORIENTED_EDGE('',*,*,#5855,.F.);
#5879=ORIENTED_EDGE('',*,*,#5845,.T.);
#5881=ORIENTED_EDGE('',*,*,#5880,.T.);
#5883=ORIENTED_EDGE('',*,*,#5882,.F.);
#5884=EDGE_LOOP('',(#5878,#5879,#5881,#5883));
#5885=FACE_OUTER_BOUND('',#5884,.F.);
#5887=CARTESIAN_POINT('',(0.E0,1.5E-2,0.E0));
#5888=DIRECTION('',(0.E0,1.E0,0.E0));
#5889=DIRECTION('',(1.E0,0.E0,0.E0));
#5890=AXIS2_PLACEMENT_3D('',#5887,#5888,#5889);
#5891=PLANE('',#5890);
#5892=ORIENTED_EDGE('',*,*,#5880,.F.);
#5893=ORIENTED_EDGE('',*,*,#5843,.F.);
#5895=ORIENTED_EDGE('',*,*,#5894,.F.);
#5897=ORIENTED_EDGE('',*,*,#5896,.F.);
#5899=ORIENTED_EDGE('',*,*,#5898,.F.);
#5901=ORIENTED_EDGE('',*,*,#5900,.F.);
#5903=ORIENTED_EDGE('',*,*,#5902,.F.);
#5905=ORIENTED_EDGE('',*,*,#5904,.F.);
#5906=EDGE_LOOP('',(#5892,#5893,#5895,#5897,#5899,#5901,#5903,#5905));
#5907=FACE_OUTER_BOUND('',#5906,.F.);
#5909=CARTESIAN_POINT('',(2.500000000001E-1,0.E0,-1.14E0));
#5910=DIRECTION('',(-1.E0,0.E0,0.E0));
#5911=DIRECTION('',(0.E0,0.E0,1.E0));
#5912=AXIS2_PLACEMENT_3D('',#5909,#5910,#5911);
#5913=PLANE('',#5912);
#5914=ORIENTED_EDGE('',*,*,#5867,.F.);
#5916=ORIENTED_EDGE('',*,*,#5915,.T.);
#5917=ORIENTED_EDGE('',*,*,#5894,.T.);
#5918=ORIENTED_EDGE('',*,*,#5841,.F.);
#5919=EDGE_LOOP('',(#5914,#5916,#5917,#5918));
#5920=FACE_OUTER_BOUND('',#5919,.F.);
#5922=CARTESIAN_POINT('',(2.75E-1,0.E0,-1.14E0));
#5923=DIRECTION('',(0.E0,1.E0,0.E0));
#5924=DIRECTION('',(1.E0,0.E0,0.E0));
#5925=AXIS2_PLACEMENT_3D('',#5922,#5923,#5924);
#5926=CYLINDRICAL_SURFACE('',#5925,2.499999999998E-2);
#5927=ORIENTED_EDGE('',*,*,#5865,.F.);
#5929=ORIENTED_EDGE('',*,*,#5928,.T.);
#5930=ORIENTED_EDGE('',*,*,#5896,.T.);
#5931=ORIENTED_EDGE('',*,*,#5915,.F.);
#5932=EDGE_LOOP('',(#5927,#5929,#5930,#5931));
#5933=FACE_OUTER_BOUND('',#5932,.F.);
#5935=CARTESIAN_POINT('',(9.375E-1,0.E0,-1.165E0));
#5936=DIRECTION('',(0.E0,0.E0,-1.E0));
#5937=DIRECTION('',(-1.E0,0.E0,0.E0));
#5938=AXIS2_PLACEMENT_3D('',#5935,#5936,#5937);
#5939=PLANE('',#5938);
#5940=ORIENTED_EDGE('',*,*,#5863,.F.);
#5942=ORIENTED_EDGE('',*,*,#5941,.T.);
#5943=ORIENTED_EDGE('',*,*,#5898,.T.);
#5944=ORIENTED_EDGE('',*,*,#5928,.F.);
#5945=EDGE_LOOP('',(#5940,#5942,#5943,#5944));
#5946=FACE_OUTER_BOUND('',#5945,.F.);
#5948=CARTESIAN_POINT('',(9.375E-1,0.E0,-1.1525E0));
#5949=DIRECTION('',(0.E0,1.E0,0.E0));
#5950=DIRECTION('',(1.E0,0.E0,0.E0));
#5951=AXIS2_PLACEMENT_3D('',#5948,#5949,#5950);
#5952=CYLINDRICAL_SURFACE('',#5951,1.25E-2);
#5953=ORIENTED_EDGE('',*,*,#5861,.F.);
#5955=ORIENTED_EDGE('',*,*,#5954,.T.);
#5956=ORIENTED_EDGE('',*,*,#5900,.T.);
#5957=ORIENTED_EDGE('',*,*,#5941,.F.);
#5958=EDGE_LOOP('',(#5953,#5955,#5956,#5957));
#5959=FACE_OUTER_BOUND('',#5958,.F.);
#5961=CARTESIAN_POINT('',(9.5E-1,0.E0,-2.275000000001E-1));
#5962=DIRECTION('',(1.E0,0.E0,0.E0));
#5963=DIRECTION('',(0.E0,0.E0,-1.E0));
#5964=AXIS2_PLACEMENT_3D('',#5961,#5962,#5963);
#5965=PLANE('',#5964);
#5966=ORIENTED_EDGE('',*,*,#5859,.F.);
#5968=ORIENTED_EDGE('',*,*,#5967,.T.);
#5969=ORIENTED_EDGE('',*,*,#5902,.T.);
#5970=ORIENTED_EDGE('',*,*,#5954,.F.);
#5971=EDGE_LOOP('',(#5966,#5968,#5969,#5970));
#5972=FACE_OUTER_BOUND('',#5971,.F.);
#5974=CARTESIAN_POINT('',(9.25E-1,0.E0,-2.275000000001E-1));
#5975=DIRECTION('',(0.E0,1.E0,0.E0));
#5976=DIRECTION('',(1.E0,0.E0,0.E0));
#5977=AXIS2_PLACEMENT_3D('',#5974,#5975,#5976);
#5978=CYLINDRICAL_SURFACE('',#5977,2.499999999998E-2);
#5979=ORIENTED_EDGE('',*,*,#5857,.F.);
#5980=ORIENTED_EDGE('',*,*,#5882,.T.);
#5981=ORIENTED_EDGE('',*,*,#5904,.T.);
#5982=ORIENTED_EDGE('',*,*,#5967,.F.);
#5983=EDGE_LOOP('',(#5979,#5980,#5981,#5982));
#5984=FACE_OUTER_BOUND('',#5983,.F.);
#5986=CLOSED_SHELL('',(#5849,#5872,#5886,#5908,#5921,#5934,#5947,#5960,#5973,
#5985));
#5987=MANIFOLD_SOLID_BREP('',#5986);
#5988=FILL_AREA_STYLE_COLOUR('',#26);
#5989=FILL_AREA_STYLE('',(#5988));
#5990=SURFACE_STYLE_FILL_AREA(#5989);
#5991=SURFACE_SIDE_STYLE('',(#5990));
#5992=SURFACE_STYLE_USAGE(.POSITIVE.,#5991);
#5993=PRESENTATION_STYLE_ASSIGNMENT((#5992));
#5627=STYLED_ITEM('',(#5993),#5987);
#5995=DIRECTION('',(0.E0,1.E0,0.E0));
#5996=VECTOR('',#5995,1.5E-2);
#5997=CARTESIAN_POINT('',(-2.E-1,0.E0,-1.125E0));
#5998=LINE('',#5997,#5996);
#5999=CURVE_STYLE('',#35,POSITIVE_LENGTH_MEASURE(2.E-2),#26);
#6000=PRESENTATION_STYLE_ASSIGNMENT((#5999));
#6001=STYLED_ITEM('',(#6000),#5998);
#6002=DIRECTION('',(3.820150265318E-1,0.E0,9.241561120849E-1));
#6003=VECTOR('',#6002,4.371555787119E-2);
#6004=CARTESIAN_POINT('',(-2.E-1,0.E0,-2.530999999999E-1));
#6005=LINE('',#6004,#6003);
#6006=CURVE_STYLE('',#35,POSITIVE_LENGTH_MEASURE(2.E-2),#26);
#6007=PRESENTATION_STYLE_ASSIGNMENT((#6006));
#6008=STYLED_ITEM('',(#6007),#6005);
#6009=DIRECTION('',(7.082481942572E-1,0.E0,7.059635226634E-1));
#6010=VECTOR('',#6009,4.376996687222E-2);
#6011=CARTESIAN_POINT('',(-1.833E-1,0.E0,-2.127E-1));
#6012=LINE('',#6011,#6010);
#6013=CURVE_STYLE('',#35,POSITIVE_LENGTH_MEASURE(2.E-2),#26);
#6014=PRESENTATION_STYLE_ASSIGNMENT((#6013));
#6015=STYLED_ITEM('',(#6014),#6012);
#6016=DIRECTION('',(9.233471697143E-1,0.E0,3.839661497848E-1));
#6017=VECTOR('',#6016,4.375385697286E-2);
#6018=CARTESIAN_POINT('',(-1.523E-1,0.E0,-1.818000000001E-1));
#6019=LINE('',#6018,#6017);
#6020=CURVE_STYLE('',#35,POSITIVE_LENGTH_MEASURE(2.E-2),#26);
#6021=PRESENTATION_STYLE_ASSIGNMENT((#6020));
#6022=STYLED_ITEM('',(#6021),#6019);
#6023=DIRECTION('',(1.E0,0.E0,0.E0));
#6024=VECTOR('',#6023,2.237E-1);
#6025=CARTESIAN_POINT('',(-1.119E-1,0.E0,-1.65E-1));
#6026=LINE('',#6025,#6024);
#6027=CURVE_STYLE('',#35,POSITIVE_LENGTH_MEASURE(2.E-2),#26);
#6028=PRESENTATION_STYLE_ASSIGNMENT((#6027));
#6029=STYLED_ITEM('',(#6028),#6026);
#6030=CARTESIAN_POINT('',(8.909853967628E-2,0.E0,-2.734611684550E-1));
#6031=DIRECTION('',(0.E0,1.E0,0.E0));
#6032=DIRECTION('',(2.048656227055E-1,0.E0,9.787901085695E-1));
#6033=AXIS2_PLACEMENT_3D('',#6030,#6031,#6032);
#6035=CURVE_STYLE('',#35,POSITIVE_LENGTH_MEASURE(2.E-2),#26);
#6036=PRESENTATION_STYLE_ASSIGNMENT((#6035));
#6037=STYLED_ITEM('',(#6036),#6034);
#6038=DIRECTION('',(1.137449642700E-4,0.E0,-9.999999935310E-1));
#6039=VECTOR('',#6038,8.527850055167E-1);
#6040=CARTESIAN_POINT('',(1.99903E-1,0.E0,-2.72215E-1));
#6041=LINE('',#6040,#6039);
#6042=CURVE_STYLE('',#35,POSITIVE_LENGTH_MEASURE(2.E-2),#26);
#6043=PRESENTATION_STYLE_ASSIGNMENT((#6042));
#6044=STYLED_ITEM('',(#6043),#6041);
#6045=DIRECTION('',(-7.071067811866E-1,0.E0,-7.071067811865E-1));
#6046=VECTOR('',#6045,5.656854249487E-2);
#6047=CARTESIAN_POINT('',(2.E-1,0.E0,-1.125E0));
#6048=LINE('',#6047,#6046);
#6049=CURVE_STYLE('',#35,POSITIVE_LENGTH_MEASURE(2.E-2),#26);
#6050=PRESENTATION_STYLE_ASSIGNMENT((#6049));
#6051=STYLED_ITEM('',(#6050),#6048);
#6052=DIRECTION('',(-1.E0,0.E0,0.E0));
#6053=VECTOR('',#6052,3.200000000001E-1);
#6054=CARTESIAN_POINT('',(1.6E-1,0.E0,-1.165E0));
#6055=LINE('',#6054,#6053);
#6056=CURVE_STYLE('',#35,POSITIVE_LENGTH_MEASURE(2.E-2),#26);
#6057=PRESENTATION_STYLE_ASSIGNMENT((#6056));
#6058=STYLED_ITEM('',(#6057),#6055);
#6059=DIRECTION('',(-7.071067811866E-1,0.E0,7.071067811865E-1));
#6060=VECTOR('',#6059,5.656854249487E-2);
#6061=CARTESIAN_POINT('',(-1.6E-1,0.E0,-1.165E0));
#6062=LINE('',#6061,#6060);
#6063=CURVE_STYLE('',#35,POSITIVE_LENGTH_MEASURE(2.E-2),#26);
#6064=PRESENTATION_STYLE_ASSIGNMENT((#6063));
#6065=STYLED_ITEM('',(#6064),#6062);
#6066=DIRECTION('',(0.E0,0.E0,1.E0));
#6067=VECTOR('',#6066,8.719000000001E-1);
#6068=CARTESIAN_POINT('',(-2.E-1,0.E0,-1.125E0));
#6069=LINE('',#6068,#6067);
#6070=CURVE_STYLE('',#35,POSITIVE_LENGTH_MEASURE(2.E-2),#26);
#6071=PRESENTATION_STYLE_ASSIGNMENT((#6070));
#6072=STYLED_ITEM('',(#6071),#6069);
#6073=DIRECTION('',(0.E0,1.E0,0.E0));
#6074=VECTOR('',#6073,1.5E-2);
#6075=CARTESIAN_POINT('',(-2.E-1,0.E0,-2.530999999999E-1));
#6076=LINE('',#6075,#6074);
#6077=CURVE_STYLE('',#35,POSITIVE_LENGTH_MEASURE(2.E-2),#26);
#6078=PRESENTATION_STYLE_ASSIGNMENT((#6077));
#6079=STYLED_ITEM('',(#6078),#6076);
#6080=DIRECTION('',(3.820150265318E-1,0.E0,9.241561120849E-1));
#6081=VECTOR('',#6080,4.371555787119E-2);
#6082=CARTESIAN_POINT('',(-2.E-1,1.5E-2,-2.530999999999E-1));
#6083=LINE('',#6082,#6081);
#6084=CURVE_STYLE('',#35,POSITIVE_LENGTH_MEASURE(2.E-2),#26);
#6085=PRESENTATION_STYLE_ASSIGNMENT((#6084));
#6086=STYLED_ITEM('',(#6085),#6083);
#6087=DIRECTION('',(0.E0,0.E0,1.E0));
#6088=VECTOR('',#6087,8.719000000001E-1);
#6089=CARTESIAN_POINT('',(-2.E-1,1.5E-2,-1.125E0));
#6090=LINE('',#6089,#6088);
#6091=CURVE_STYLE('',#35,POSITIVE_LENGTH_MEASURE(2.E-2),#26);
#6092=PRESENTATION_STYLE_ASSIGNMENT((#6091));
#6093=STYLED_ITEM('',(#6092),#6090);
#6094=DIRECTION('',(-7.071067811866E-1,0.E0,7.071067811865E-1));
#6095=VECTOR('',#6094,5.656854249487E-2);
#6096=CARTESIAN_POINT('',(-1.6E-1,1.5E-2,-1.165E0));
#6097=LINE('',#6096,#6095);
#6098=CURVE_STYLE('',#35,POSITIVE_LENGTH_MEASURE(2.E-2),#26);
#6099=PRESENTATION_STYLE_ASSIGNMENT((#6098));
#6100=STYLED_ITEM('',(#6099),#6097);
#6101=DIRECTION('',(-1.E0,0.E0,0.E0));
#6102=VECTOR('',#6101,3.200000000001E-1);
#6103=CARTESIAN_POINT('',(1.6E-1,1.5E-2,-1.165E0));
#6104=LINE('',#6103,#6102);
#6105=CURVE_STYLE('',#35,POSITIVE_LENGTH_MEASURE(2.E-2),#26);
#6106=PRESENTATION_STYLE_ASSIGNMENT((#6105));
#6107=STYLED_ITEM('',(#6106),#6104);
#6108=DIRECTION('',(-7.071067811866E-1,0.E0,-7.071067811865E-1));
#6109=VECTOR('',#6108,5.656854249487E-2);
#6110=CARTESIAN_POINT('',(2.E-1,1.5E-2,-1.125E0));
#6111=LINE('',#6110,#6109);
#6112=CURVE_STYLE('',#35,POSITIVE_LENGTH_MEASURE(2.E-2),#26);
#6113=PRESENTATION_STYLE_ASSIGNMENT((#6112));
#6114=STYLED_ITEM('',(#6113),#6111);
#6115=DIRECTION('',(1.137449642700E-4,0.E0,-9.999999935310E-1));
#6116=VECTOR('',#6115,8.527850055167E-1);
#6117=CARTESIAN_POINT('',(1.99903E-1,1.5E-2,-2.72215E-1));
#6118=LINE('',#6117,#6116);
#6119=CURVE_STYLE('',#35,POSITIVE_LENGTH_MEASURE(2.E-2),#26);
#6120=PRESENTATION_STYLE_ASSIGNMENT((#6119));
#6121=STYLED_ITEM('',(#6120),#6118);
#6122=CARTESIAN_POINT('',(8.909853967628E-2,1.5E-2,-2.734611684550E-1));
#6123=DIRECTION('',(0.E0,1.E0,0.E0));
#6124=DIRECTION('',(2.048656227055E-1,0.E0,9.787901085695E-1));
#6125=AXIS2_PLACEMENT_3D('',#6122,#6123,#6124);
#6127=CURVE_STYLE('',#35,POSITIVE_LENGTH_MEASURE(2.E-2),#26);
#6128=PRESENTATION_STYLE_ASSIGNMENT((#6127));
#6129=STYLED_ITEM('',(#6128),#6126);
#6130=DIRECTION('',(1.E0,0.E0,0.E0));
#6131=VECTOR('',#6130,2.237E-1);
#6132=CARTESIAN_POINT('',(-1.119E-1,1.5E-2,-1.65E-1));
#6133=LINE('',#6132,#6131);
#6134=CURVE_STYLE('',#35,POSITIVE_LENGTH_MEASURE(2.E-2),#26);
#6135=PRESENTATION_STYLE_ASSIGNMENT((#6134));
#6136=STYLED_ITEM('',(#6135),#6133);
#6137=DIRECTION('',(9.233471697143E-1,0.E0,3.839661497848E-1));
#6138=VECTOR('',#6137,4.375385697286E-2);
#6139=CARTESIAN_POINT('',(-1.523E-1,1.5E-2,-1.818000000001E-1));
#6140=LINE('',#6139,#6138);
#6141=CURVE_STYLE('',#35,POSITIVE_LENGTH_MEASURE(2.E-2),#26);
#6142=PRESENTATION_STYLE_ASSIGNMENT((#6141));
#6143=STYLED_ITEM('',(#6142),#6140);
#6144=DIRECTION('',(7.082481942572E-1,0.E0,7.059635226634E-1));
#6145=VECTOR('',#6144,4.376996687222E-2);
#6146=CARTESIAN_POINT('',(-1.833E-1,1.5E-2,-2.127E-1));
#6147=LINE('',#6146,#6145);
#6148=CURVE_STYLE('',#35,POSITIVE_LENGTH_MEASURE(2.E-2),#26);
#6149=PRESENTATION_STYLE_ASSIGNMENT((#6148));
#6150=STYLED_ITEM('',(#6149),#6147);
#6151=DIRECTION('',(0.E0,1.E0,0.E0));
#6152=VECTOR('',#6151,1.5E-2);
#6153=CARTESIAN_POINT('',(-1.6E-1,0.E0,-1.165E0));
#6154=LINE('',#6153,#6152);
#6155=CURVE_STYLE('',#35,POSITIVE_LENGTH_MEASURE(2.E-2),#26);
#6156=PRESENTATION_STYLE_ASSIGNMENT((#6155));
#6157=STYLED_ITEM('',(#6156),#6154);
#6158=DIRECTION('',(0.E0,1.E0,0.E0));
#6159=VECTOR('',#6158,1.5E-2);
#6160=CARTESIAN_POINT('',(1.6E-1,0.E0,-1.165E0));
#6161=LINE('',#6160,#6159);
#6162=CURVE_STYLE('',#35,POSITIVE_LENGTH_MEASURE(2.E-2),#26);
#6163=PRESENTATION_STYLE_ASSIGNMENT((#6162));
#6164=STYLED_ITEM('',(#6163),#6161);
#6165=DIRECTION('',(0.E0,1.E0,0.E0));
#6166=VECTOR('',#6165,1.5E-2);
#6167=CARTESIAN_POINT('',(2.E-1,0.E0,-1.125E0));
#6168=LINE('',#6167,#6166);
#6169=CURVE_STYLE('',#35,POSITIVE_LENGTH_MEASURE(2.E-2),#26);
#6170=PRESENTATION_STYLE_ASSIGNMENT((#6169));
#6171=STYLED_ITEM('',(#6170),#6168);
#6172=DIRECTION('',(0.E0,1.E0,0.E0));
#6173=VECTOR('',#6172,1.5E-2);
#6174=CARTESIAN_POINT('',(1.99903E-1,0.E0,-2.72215E-1));
#6175=LINE('',#6174,#6173);
#6176=CURVE_STYLE('',#35,POSITIVE_LENGTH_MEASURE(2.E-2),#26);
#6177=PRESENTATION_STYLE_ASSIGNMENT((#6176));
#6178=STYLED_ITEM('',(#6177),#6175);
#6179=DIRECTION('',(0.E0,1.E0,0.E0));
#6180=VECTOR('',#6179,1.5E-2);
#6181=CARTESIAN_POINT('',(1.118E-1,0.E0,-1.65E-1));
#6182=LINE('',#6181,#6180);
#6183=CURVE_STYLE('',#35,POSITIVE_LENGTH_MEASURE(2.E-2),#26);
#6184=PRESENTATION_STYLE_ASSIGNMENT((#6183));
#6185=STYLED_ITEM('',(#6184),#6182);
#6186=DIRECTION('',(0.E0,1.E0,0.E0));
#6187=VECTOR('',#6186,1.5E-2);
#6188=CARTESIAN_POINT('',(-1.119E-1,0.E0,-1.65E-1));
#6189=LINE('',#6188,#6187);
#6190=CURVE_STYLE('',#35,POSITIVE_LENGTH_MEASURE(2.E-2),#26);
#6191=PRESENTATION_STYLE_ASSIGNMENT((#6190));
#6192=STYLED_ITEM('',(#6191),#6189);
#6193=DIRECTION('',(0.E0,1.E0,0.E0));
#6194=VECTOR('',#6193,1.5E-2);
#6195=CARTESIAN_POINT('',(-1.523E-1,0.E0,-1.818000000001E-1));
#6196=LINE('',#6195,#6194);
#6197=CURVE_STYLE('',#35,POSITIVE_LENGTH_MEASURE(2.E-2),#26);
#6198=PRESENTATION_STYLE_ASSIGNMENT((#6197));
#6199=STYLED_ITEM('',(#6198),#6196);
#6200=DIRECTION('',(0.E0,1.E0,0.E0));
#6201=VECTOR('',#6200,1.5E-2);
#6202=CARTESIAN_POINT('',(-1.833E-1,0.E0,-2.127E-1));
#6203=LINE('',#6202,#6201);
#6204=CURVE_STYLE('',#35,POSITIVE_LENGTH_MEASURE(2.E-2),#26);
#6205=PRESENTATION_STYLE_ASSIGNMENT((#6204));
#6206=STYLED_ITEM('',(#6205),#6203);
#6207=CARTESIAN_POINT('',(-2.E-1,0.E0,-2.530999999999E-1));
#6208=CARTESIAN_POINT('',(-1.833E-1,0.E0,-2.127E-1));
#6209=VERTEX_POINT('',#6207);
#6210=VERTEX_POINT('',#6208);
#6211=CARTESIAN_POINT('',(-1.523E-1,0.E0,-1.818000000001E-1));
#6212=VERTEX_POINT('',#6211);
#6213=CARTESIAN_POINT('',(-1.119E-1,0.E0,-1.65E-1));
#6214=VERTEX_POINT('',#6213);
#6215=CARTESIAN_POINT('',(1.118E-1,0.E0,-1.65E-1));
#6216=VERTEX_POINT('',#6215);
#6217=CARTESIAN_POINT('',(1.99903E-1,0.E0,-2.72215E-1));
#6218=VERTEX_POINT('',#6217);
#6219=CARTESIAN_POINT('',(2.E-1,0.E0,-1.125E0));
#6220=VERTEX_POINT('',#6219);
#6221=CARTESIAN_POINT('',(1.6E-1,0.E0,-1.165E0));
#6222=VERTEX_POINT('',#6221);
#6223=CARTESIAN_POINT('',(-1.6E-1,0.E0,-1.165E0));
#6224=VERTEX_POINT('',#6223);
#6225=CARTESIAN_POINT('',(-2.E-1,0.E0,-1.125E0));
#6226=VERTEX_POINT('',#6225);
#6227=CARTESIAN_POINT('',(-2.E-1,1.5E-2,-2.530999999999E-1));
#6228=CARTESIAN_POINT('',(-1.833E-1,1.5E-2,-2.127E-1));
#6229=VERTEX_POINT('',#6227);
#6230=VERTEX_POINT('',#6228);
#6231=CARTESIAN_POINT('',(-1.523E-1,1.5E-2,-1.818000000001E-1));
#6232=VERTEX_POINT('',#6231);
#6233=CARTESIAN_POINT('',(-1.119E-1,1.5E-2,-1.65E-1));
#6234=VERTEX_POINT('',#6233);
#6235=CARTESIAN_POINT('',(1.118E-1,1.5E-2,-1.65E-1));
#6236=VERTEX_POINT('',#6235);
#6237=CARTESIAN_POINT('',(1.99903E-1,1.5E-2,-2.72215E-1));
#6238=VERTEX_POINT('',#6237);
#6239=CARTESIAN_POINT('',(2.E-1,1.5E-2,-1.125E0));
#6240=VERTEX_POINT('',#6239);
#6241=CARTESIAN_POINT('',(1.6E-1,1.5E-2,-1.165E0));
#6242=VERTEX_POINT('',#6241);
#6243=CARTESIAN_POINT('',(-1.6E-1,1.5E-2,-1.165E0));
#6244=VERTEX_POINT('',#6243);
#6245=CARTESIAN_POINT('',(-2.E-1,1.5E-2,-1.125E0));
#6246=VERTEX_POINT('',#6245);
#6247=CARTESIAN_POINT('',(-2.E-1,0.E0,-1.125E0));
#6248=DIRECTION('',(-1.E0,0.E0,0.E0));
#6249=DIRECTION('',(0.E0,0.E0,1.E0));
#6250=AXIS2_PLACEMENT_3D('',#6247,#6248,#6249);
#6251=PLANE('',#6250);
#6253=ORIENTED_EDGE('',*,*,#6252,.F.);
#6255=ORIENTED_EDGE('',*,*,#6254,.T.);
#6257=ORIENTED_EDGE('',*,*,#6256,.T.);
#6259=ORIENTED_EDGE('',*,*,#6258,.F.);
#6260=EDGE_LOOP('',(#6253,#6255,#6257,#6259));
#6261=FACE_OUTER_BOUND('',#6260,.F.);
#6263=CARTESIAN_POINT('',(0.E0,0.E0,0.E0));
#6264=DIRECTION('',(0.E0,1.E0,0.E0));
#6265=DIRECTION('',(1.E0,0.E0,0.E0));
#6266=AXIS2_PLACEMENT_3D('',#6263,#6264,#6265);
#6267=PLANE('',#6266);
#6269=ORIENTED_EDGE('',*,*,#6268,.T.);
#6271=ORIENTED_EDGE('',*,*,#6270,.T.);
#6273=ORIENTED_EDGE('',*,*,#6272,.T.);
#6275=ORIENTED_EDGE('',*,*,#6274,.T.);
#6277=ORIENTED_EDGE('',*,*,#6276,.T.);
#6279=ORIENTED_EDGE('',*,*,#6278,.T.);
#6281=ORIENTED_EDGE('',*,*,#6280,.T.);
#6283=ORIENTED_EDGE('',*,*,#6282,.T.);
#6285=ORIENTED_EDGE('',*,*,#6284,.T.);
#6286=ORIENTED_EDGE('',*,*,#6252,.T.);
#6287=EDGE_LOOP('',(#6269,#6271,#6273,#6275,#6277,#6279,#6281,#6283,#6285,
#6286));
#6288=FACE_OUTER_BOUND('',#6287,.F.);
#6290=CARTESIAN_POINT('',(-2.E-1,0.E0,-2.530999999999E-1));
#6291=DIRECTION('',(-9.241561120849E-1,0.E0,3.820150265318E-1));
#6292=DIRECTION('',(3.820150265318E-1,0.E0,9.241561120849E-1));
#6293=AXIS2_PLACEMENT_3D('',#6290,#6291,#6292);
#6294=PLANE('',#6293);
#6295=ORIENTED_EDGE('',*,*,#6268,.F.);
#6296=ORIENTED_EDGE('',*,*,#6258,.T.);
#6298=ORIENTED_EDGE('',*,*,#6297,.T.);
#6300=ORIENTED_EDGE('',*,*,#6299,.F.);
#6301=EDGE_LOOP('',(#6295,#6296,#6298,#6300));
#6302=FACE_OUTER_BOUND('',#6301,.F.);
#6304=CARTESIAN_POINT('',(0.E0,1.5E-2,0.E0));
#6305=DIRECTION('',(0.E0,1.E0,0.E0));
#6306=DIRECTION('',(1.E0,0.E0,0.E0));
#6307=AXIS2_PLACEMENT_3D('',#6304,#6305,#6306);
#6308=PLANE('',#6307);
#6309=ORIENTED_EDGE('',*,*,#6297,.F.);
#6310=ORIENTED_EDGE('',*,*,#6256,.F.);
#6312=ORIENTED_EDGE('',*,*,#6311,.F.);
#6314=ORIENTED_EDGE('',*,*,#6313,.F.);
#6316=ORIENTED_EDGE('',*,*,#6315,.F.);
#6318=ORIENTED_EDGE('',*,*,#6317,.F.);
#6320=ORIENTED_EDGE('',*,*,#6319,.F.);
#6322=ORIENTED_EDGE('',*,*,#6321,.F.);
#6324=ORIENTED_EDGE('',*,*,#6323,.F.);
#6326=ORIENTED_EDGE('',*,*,#6325,.F.);
#6327=EDGE_LOOP('',(#6309,#6310,#6312,#6314,#6316,#6318,#6320,#6322,#6324,
#6326));
#6328=FACE_OUTER_BOUND('',#6327,.F.);
#6330=CARTESIAN_POINT('',(-1.6E-1,0.E0,-1.165E0));
#6331=DIRECTION('',(-7.071067811865E-1,0.E0,-7.071067811866E-1));
#6332=DIRECTION('',(-7.071067811866E-1,0.E0,7.071067811865E-1));
#6333=AXIS2_PLACEMENT_3D('',#6330,#6331,#6332);
#6334=PLANE('',#6333);
#6335=ORIENTED_EDGE('',*,*,#6284,.F.);
#6337=ORIENTED_EDGE('',*,*,#6336,.T.);
#6338=ORIENTED_EDGE('',*,*,#6311,.T.);
#6339=ORIENTED_EDGE('',*,*,#6254,.F.);
#6340=EDGE_LOOP('',(#6335,#6337,#6338,#6339));
#6341=FACE_OUTER_BOUND('',#6340,.F.);
#6343=CARTESIAN_POINT('',(1.6E-1,0.E0,-1.165E0));
#6344=DIRECTION('',(0.E0,0.E0,-1.E0));
#6345=DIRECTION('',(-1.E0,0.E0,0.E0));
#6346=AXIS2_PLACEMENT_3D('',#6343,#6344,#6345);
#6347=PLANE('',#6346);
#6348=ORIENTED_EDGE('',*,*,#6282,.F.);
#6350=ORIENTED_EDGE('',*,*,#6349,.T.);
#6351=ORIENTED_EDGE('',*,*,#6313,.T.);
#6352=ORIENTED_EDGE('',*,*,#6336,.F.);
#6353=EDGE_LOOP('',(#6348,#6350,#6351,#6352));
#6354=FACE_OUTER_BOUND('',#6353,.F.);
#6356=CARTESIAN_POINT('',(2.E-1,0.E0,-1.125E0));
#6357=DIRECTION('',(7.071067811865E-1,0.E0,-7.071067811866E-1));
#6358=DIRECTION('',(-7.071067811866E-1,0.E0,-7.071067811865E-1));
#6359=AXIS2_PLACEMENT_3D('',#6356,#6357,#6358);
#6360=PLANE('',#6359);
#6361=ORIENTED_EDGE('',*,*,#6280,.F.);
#6363=ORIENTED_EDGE('',*,*,#6362,.T.);
#6364=ORIENTED_EDGE('',*,*,#6315,.T.);
#6365=ORIENTED_EDGE('',*,*,#6349,.F.);
#6366=EDGE_LOOP('',(#6361,#6363,#6364,#6365));
#6367=FACE_OUTER_BOUND('',#6366,.F.);
#6369=CARTESIAN_POINT('',(1.99903E-1,0.E0,-2.72215E-1));
#6370=DIRECTION('',(9.999999935310E-1,0.E0,1.137449642700E-4));
#6371=DIRECTION('',(1.137449642700E-4,0.E0,-9.999999935310E-1));
#6372=AXIS2_PLACEMENT_3D('',#6369,#6370,#6371);
#6373=PLANE('',#6372);
#6374=ORIENTED_EDGE('',*,*,#6278,.F.);
#6376=ORIENTED_EDGE('',*,*,#6375,.T.);
#6377=ORIENTED_EDGE('',*,*,#6317,.T.);
#6378=ORIENTED_EDGE('',*,*,#6362,.F.);
#6379=EDGE_LOOP('',(#6374,#6376,#6377,#6378));
#6380=FACE_OUTER_BOUND('',#6379,.F.);
#6382=CARTESIAN_POINT('',(8.909853967628E-2,0.E0,-2.734611684550E-1));
#6383=DIRECTION('',(0.E0,1.E0,0.E0));
#6384=DIRECTION('',(1.E0,0.E0,0.E0));
#6385=AXIS2_PLACEMENT_3D('',#6382,#6383,#6384);
#6386=CYLINDRICAL_SURFACE('',#6385,1.108114676532E-1);
#6387=ORIENTED_EDGE('',*,*,#6276,.F.);
#6389=ORIENTED_EDGE('',*,*,#6388,.T.);
#6390=ORIENTED_EDGE('',*,*,#6319,.T.);
#6391=ORIENTED_EDGE('',*,*,#6375,.F.);
#6392=EDGE_LOOP('',(#6387,#6389,#6390,#6391));
#6393=FACE_OUTER_BOUND('',#6392,.F.);
#6395=CARTESIAN_POINT('',(-1.119E-1,0.E0,-1.65E-1));
#6396=DIRECTION('',(0.E0,0.E0,1.E0));
#6397=DIRECTION('',(1.E0,0.E0,0.E0));
#6398=AXIS2_PLACEMENT_3D('',#6395,#6396,#6397);
#6399=PLANE('',#6398);
#6400=ORIENTED_EDGE('',*,*,#6274,.F.);
#6402=ORIENTED_EDGE('',*,*,#6401,.T.);
#6403=ORIENTED_EDGE('',*,*,#6321,.T.);
#6404=ORIENTED_EDGE('',*,*,#6388,.F.);
#6405=EDGE_LOOP('',(#6400,#6402,#6403,#6404));
#6406=FACE_OUTER_BOUND('',#6405,.F.);
#6408=CARTESIAN_POINT('',(-1.523E-1,0.E0,-1.818000000001E-1));
#6409=DIRECTION('',(-3.839661497848E-1,0.E0,9.233471697143E-1));
#6410=DIRECTION('',(9.233471697143E-1,0.E0,3.839661497848E-1));
#6411=AXIS2_PLACEMENT_3D('',#6408,#6409,#6410);
#6412=PLANE('',#6411);
#6413=ORIENTED_EDGE('',*,*,#6272,.F.);
#6415=ORIENTED_EDGE('',*,*,#6414,.T.);
#6416=ORIENTED_EDGE('',*,*,#6323,.T.);
#6417=ORIENTED_EDGE('',*,*,#6401,.F.);
#6418=EDGE_LOOP('',(#6413,#6415,#6416,#6417));
#6419=FACE_OUTER_BOUND('',#6418,.F.);
#6421=CARTESIAN_POINT('',(-1.833E-1,0.E0,-2.127E-1));
#6422=DIRECTION('',(-7.059635226634E-1,0.E0,7.082481942572E-1));
#6423=DIRECTION('',(7.082481942572E-1,0.E0,7.059635226634E-1));
#6424=AXIS2_PLACEMENT_3D('',#6421,#6422,#6423);
#6425=PLANE('',#6424);
#6426=ORIENTED_EDGE('',*,*,#6270,.F.);
#6427=ORIENTED_EDGE('',*,*,#6299,.T.);
#6428=ORIENTED_EDGE('',*,*,#6325,.T.);
#6429=ORIENTED_EDGE('',*,*,#6414,.F.);
#6430=EDGE_LOOP('',(#6426,#6427,#6428,#6429));
#6431=FACE_OUTER_BOUND('',#6430,.F.);
#6433=CLOSED_SHELL('',(#6262,#6289,#6303,#6329,#6342,#6355,#6368,#6381,#6394,
#6407,#6420,#6432));
#6434=MANIFOLD_SOLID_BREP('',#6433);
#6435=FILL_AREA_STYLE_COLOUR('',#26);
#6436=FILL_AREA_STYLE('',(#6435));
#6437=SURFACE_STYLE_FILL_AREA(#6436);
#6438=SURFACE_SIDE_STYLE('',(#6437));
#6439=SURFACE_STYLE_USAGE(.POSITIVE.,#6438);
#6440=PRESENTATION_STYLE_ASSIGNMENT((#6439));
#5994=STYLED_ITEM('',(#6440),#6434);
#6443=PLANE_ANGLE_MEASURE_WITH_UNIT(PLANE_ANGLE_MEASURE(1.745329251994E-2),
#6442);
#6444=(CONVERSION_BASED_UNIT('DEGREE',#6443)NAMED_UNIT(*)PLANE_ANGLE_UNIT());
#6446=UNCERTAINTY_MEASURE_WITH_UNIT(LENGTH_MEASURE(3.006393501267E-4),#6441,
'distance_accuracy_value',
'Maximum model space distance between geometric entities at asserted connectivities');
#6448=CARTESIAN_POINT('',(0.E0,0.E0,0.E0));
#6449=DIRECTION('',(0.E0,0.E0,1.E0));
#6450=DIRECTION('',(1.E0,0.E0,0.E0));
#6453=PRODUCT_CONTEXT('',#1958,'mechanical');
#6454=PRODUCT('LAYER2','LAYER2','NOT SPECIFIED',(#6453));
#6455=PRODUCT_DEFINITION_FORMATION('5','LAST_VERSION',#6454);
#6463=DERIVED_UNIT_ELEMENT(#6462,2.E0);
#6464=DERIVED_UNIT((#6463));
#6465=MEASURE_REPRESENTATION_ITEM('surface area measure',AREA_MEASURE(
7.839598938325E0),#6464);
#6470=DERIVED_UNIT_ELEMENT(#6469,3.E0);
#6471=DERIVED_UNIT((#6470));
#6472=MEASURE_REPRESENTATION_ITEM('volume measure',VOLUME_MEASURE(
5.634597467147E-2),#6471);
#6476=CARTESIAN_POINT('centre point',(8.281105043804E-3,7.5E-3,
-1.373881001934E-2));
#6481=DERIVED_UNIT_ELEMENT(#6480,2.E0);
#6482=DERIVED_UNIT((#6481));
#6483=MEASURE_REPRESENTATION_ITEM('surface area measure',AREA_MEASURE(
7.839598938325E0),#6482);
#6488=DERIVED_UNIT_ELEMENT(#6487,3.E0);
#6489=DERIVED_UNIT((#6488));
#6490=MEASURE_REPRESENTATION_ITEM('volume measure',VOLUME_MEASURE(
5.634597467147E-2),#6489);
#6494=CARTESIAN_POINT('centre point',(8.281105043804E-3,7.5E-3,
-1.373881001934E-2));
#6499=DRAUGHTING_MODEL('Default',(#6511,#6512,#6528),#2007);
#6500=PRESENTATION_VIEW('Default',(#6519,#6532),#2007);
#6501=CARTESIAN_POINT('',(0.E0,0.E0,0.E0));
#6502=CARTESIAN_POINT('',(-1.479004538192E0,-1.241317661275E0,
6.103637080445E0));
#6503=DIRECTION('',(0.E0,0.E0,1.E0));
#6504=DIRECTION('',(1.E0,0.E0,0.E0));
#6505=AXIS2_PLACEMENT_3D('',#6502,#6503,#6504);
#6507=VIEW_VOLUME(.PARALLEL.,#6501,6.103637080445E0,6.103637080445E0,.T.,0.E0,
.F.,.T.,#6506);
#6508=CARTESIAN_POINT('',(1.014614843839E0,4.083267355257E0,4.824955335971E0));
#6509=DIRECTION('',(3.894183423087E-1,7.214918620107E-1,5.725406952575E-1));
#6510=DIRECTION('',(9.210609940029E-1,-3.050418666329E-1,-2.420663234065E-1));
#6511=AXIS2_PLACEMENT_3D('',#6508,#6509,#6510);
#6512=CAMERA_MODEL_D3_WITH_HLHSR('DEFAULT',#6511,#6507,.F.);
#6514=CARTESIAN_POINT('',(-5.007746285941E2,-4.202964728913E2,
2.066624214534E3));
#6515=DIRECTION('',(0.E0,0.E0,1.E0));
#6516=DIRECTION('',(1.E0,0.E0,0.E0));
#6517=AXIS2_PLACEMENT_3D('',#6514,#6515,#6516);
#6519=(CAMERA_IMAGE()CAMERA_IMAGE_3D_WITH_SCALE()GEOMETRIC_REPRESENTATION_ITEM()MAPPED_ITEM(#6513,#6518)REPRESENTATION_ITEM(''));
#6520=CARTESIAN_POINT('',(-1.479004538192E0,-1.241317661275E0,
6.103637080445E0));
#6521=DIRECTION('',(0.E0,0.E0,1.E0));
#6522=DIRECTION('',(1.E0,0.E0,0.E0));
#6523=AXIS2_PLACEMENT_3D('',#6520,#6521,#6522);
#6524=REPRESENTATION_MAP(#6523,#6452);
#6525=CARTESIAN_POINT('',(0.E0,0.E0));
#6526=DIRECTION('',(1.E0,0.E0));
#6527=AXIS2_PLACEMENT_2D('',#6525,#6526);
#6528=MAPPED_ITEM('',#6524,#6527);
#6529=CARTESIAN_POINT('',(-1.479004538192E0,-1.241317661275E0,
6.103637080445E0));
#6530=DIRECTION('',(0.E0,0.E0,1.E0));
#6531=DIRECTION('',(1.E0,0.E0,0.E0));
#6532=AXIS2_PLACEMENT_3D('',#6529,#6530,#6531);
#6533=REPRESENTATION_MAP(#6532,#6500);
#6534=CARTESIAN_POINT('',(0.E0,0.E0));
#6535=DIRECTION('',(1.E0,0.E0));
#6536=AXIS2_PLACEMENT_2D('',#6534,#6535);
#6537=MAPPED_ITEM('',#6533,#6536);
#6539=CARTESIAN_POINT('',(0.E0,0.E0));
#6540=DIRECTION('',(1.E0,0.E0));
#6541=AXIS2_PLACEMENT_2D('',#6539,#6540);
#6542=PLANAR_BOX('',1.E3,8.4375E2,#6541);
#6543=PRESENTATION_SIZE(#6538,#6542);
#6544=PRESENTATION_SET();
#6545=AREA_IN_SET(#6538,#6544);
#6546=APPLIED_PRESENTED_ITEM((#6456));
#6547=PRESENTED_ITEM_REPRESENTATION(#6544,#6546);
#6550=CARTESIAN_POINT('centre point',(8.281105043804E-3,1.373881001934E-2,
2.25E-2));
#6554=CARTESIAN_POINT('',(0.E0,0.E0,1.5E-2));
#6555=DIRECTION('',(0.E0,-1.E0,0.E0));
#6556=DIRECTION('',(1.E0,0.E0,0.E0));
#6557=AXIS2_PLACEMENT_3D('',#6554,#6555,#6556);
#6558=ITEM_DEFINED_TRANSFORMATION('','',#6451,#6557);
#6559=(REPRESENTATION_RELATIONSHIP('','',#6452,#2059)REPRESENTATION_RELATIONSHIP_WITH_TRANSFORMATION(#6558)SHAPE_REPRESENTATION_RELATIONSHIP());
#6560=CONTEXT_DEPENDENT_SHAPE_REPRESENTATION(#6559,#6549);
#6562=DIRECTION('',(0.E0,1.E0,0.E0));
#6563=VECTOR('',#6562,1.5E-2);
#6564=CARTESIAN_POINT('',(6.E-1,0.E0,-1.1E0));
#6565=LINE('',#6564,#6563);
#6566=CURVE_STYLE('',#35,POSITIVE_LENGTH_MEASURE(2.E-2),#26);
#6567=PRESENTATION_STYLE_ASSIGNMENT((#6566));
#6568=STYLED_ITEM('',(#6567),#6565);
#6569=CARTESIAN_POINT('',(-6.E-1,0.E0,-1.E0));
#6570=DIRECTION('',(0.E0,1.E0,0.E0));
#6571=DIRECTION('',(0.E0,0.E0,-1.E0));
#6572=AXIS2_PLACEMENT_3D('',#6569,#6570,#6571);
#6574=CURVE_STYLE('',#35,POSITIVE_LENGTH_MEASURE(2.E-2),#26);
#6575=PRESENTATION_STYLE_ASSIGNMENT((#6574));
#6576=STYLED_ITEM('',(#6575),#6573);
#6577=DIRECTION('',(0.E0,0.E0,1.E0));
#6578=VECTOR('',#6577,6.5E-1);
#6579=CARTESIAN_POINT('',(-7.E-1,0.E0,-1.E0));
#6580=LINE('',#6579,#6578);
#6581=CURVE_STYLE('',#35,POSITIVE_LENGTH_MEASURE(2.E-2),#26);
#6582=PRESENTATION_STYLE_ASSIGNMENT((#6581));
#6583=STYLED_ITEM('',(#6582),#6580);
#6584=CARTESIAN_POINT('',(-6.E-1,0.E0,-3.5E-1));
#6585=DIRECTION('',(0.E0,1.E0,0.E0));
#6586=DIRECTION('',(-1.E0,0.E0,0.E0));
#6587=AXIS2_PLACEMENT_3D('',#6584,#6585,#6586);
#6589=CURVE_STYLE('',#35,POSITIVE_LENGTH_MEASURE(2.E-2),#26);
#6590=PRESENTATION_STYLE_ASSIGNMENT((#6589));
#6591=STYLED_ITEM('',(#6590),#6588);
#6592=DIRECTION('',(1.E0,0.E0,0.E0));
#6593=VECTOR('',#6592,1.2E0);
#6594=CARTESIAN_POINT('',(-6.E-1,0.E0,-2.5E-1));
#6595=LINE('',#6594,#6593);
#6596=CURVE_STYLE('',#35,POSITIVE_LENGTH_MEASURE(2.E-2),#26);
#6597=PRESENTATION_STYLE_ASSIGNMENT((#6596));
#6598=STYLED_ITEM('',(#6597),#6595);
#6599=CARTESIAN_POINT('',(6.E-1,0.E0,-3.5E-1));
#6600=DIRECTION('',(0.E0,1.E0,0.E0));
#6601=DIRECTION('',(0.E0,0.E0,1.E0));
#6602=AXIS2_PLACEMENT_3D('',#6599,#6600,#6601);
#6604=CURVE_STYLE('',#35,POSITIVE_LENGTH_MEASURE(2.E-2),#26);
#6605=PRESENTATION_STYLE_ASSIGNMENT((#6604));
#6606=STYLED_ITEM('',(#6605),#6603);
#6607=DIRECTION('',(0.E0,0.E0,-1.E0));
#6608=VECTOR('',#6607,6.5E-1);
#6609=CARTESIAN_POINT('',(7.E-1,0.E0,-3.5E-1));
#6610=LINE('',#6609,#6608);
#6611=CURVE_STYLE('',#35,POSITIVE_LENGTH_MEASURE(2.E-2),#26);
#6612=PRESENTATION_STYLE_ASSIGNMENT((#6611));
#6613=STYLED_ITEM('',(#6612),#6610);
#6614=CARTESIAN_POINT('',(6.E-1,0.E0,-1.E0));
#6615=DIRECTION('',(0.E0,1.E0,0.E0));
#6616=DIRECTION('',(1.E0,0.E0,0.E0));
#6617=AXIS2_PLACEMENT_3D('',#6614,#6615,#6616);
#6619=CURVE_STYLE('',#35,POSITIVE_LENGTH_MEASURE(2.E-2),#26);
#6620=PRESENTATION_STYLE_ASSIGNMENT((#6619));
#6621=STYLED_ITEM('',(#6620),#6618);
#6622=DIRECTION('',(-1.E0,0.E0,0.E0));
#6623=VECTOR('',#6622,1.2E0);
#6624=CARTESIAN_POINT('',(6.E-1,0.E0,-1.1E0));
#6625=LINE('',#6624,#6623);
#6626=CURVE_STYLE('',#35,POSITIVE_LENGTH_MEASURE(2.E-2),#26);
#6627=PRESENTATION_STYLE_ASSIGNMENT((#6626));
#6628=STYLED_ITEM('',(#6627),#6625);
#6629=DIRECTION('',(0.E0,1.E0,0.E0));
#6630=VECTOR('',#6629,1.5E-2);
#6631=CARTESIAN_POINT('',(-6.E-1,0.E0,-1.1E0));
#6632=LINE('',#6631,#6630);
#6633=CURVE_STYLE('',#35,POSITIVE_LENGTH_MEASURE(2.E-2),#26);
#6634=PRESENTATION_STYLE_ASSIGNMENT((#6633));
#6635=STYLED_ITEM('',(#6634),#6632);
#6636=CARTESIAN_POINT('',(-6.E-1,1.5E-2,-1.E0));
#6637=DIRECTION('',(0.E0,1.E0,0.E0));
#6638=DIRECTION('',(0.E0,0.E0,-1.E0));
#6639=AXIS2_PLACEMENT_3D('',#6636,#6637,#6638);
#6641=CURVE_STYLE('',#35,POSITIVE_LENGTH_MEASURE(2.E-2),#26);
#6642=PRESENTATION_STYLE_ASSIGNMENT((#6641));
#6643=STYLED_ITEM('',(#6642),#6640);
#6644=DIRECTION('',(-1.E0,0.E0,0.E0));
#6645=VECTOR('',#6644,1.2E0);
#6646=CARTESIAN_POINT('',(6.E-1,1.5E-2,-1.1E0));
#6647=LINE('',#6646,#6645);
#6648=CURVE_STYLE('',#35,POSITIVE_LENGTH_MEASURE(2.E-2),#26);
#6649=PRESENTATION_STYLE_ASSIGNMENT((#6648));
#6650=STYLED_ITEM('',(#6649),#6647);
#6651=CARTESIAN_POINT('',(6.E-1,1.5E-2,-1.E0));
#6652=DIRECTION('',(0.E0,1.E0,0.E0));
#6653=DIRECTION('',(1.E0,0.E0,0.E0));
#6654=AXIS2_PLACEMENT_3D('',#6651,#6652,#6653);
#6656=CURVE_STYLE('',#35,POSITIVE_LENGTH_MEASURE(2.E-2),#26);
#6657=PRESENTATION_STYLE_ASSIGNMENT((#6656));
#6658=STYLED_ITEM('',(#6657),#6655);
#6659=DIRECTION('',(0.E0,0.E0,-1.E0));
#6660=VECTOR('',#6659,6.5E-1);
#6661=CARTESIAN_POINT('',(7.E-1,1.5E-2,-3.5E-1));
#6662=LINE('',#6661,#6660);
#6663=CURVE_STYLE('',#35,POSITIVE_LENGTH_MEASURE(2.E-2),#26);
#6664=PRESENTATION_STYLE_ASSIGNMENT((#6663));
#6665=STYLED_ITEM('',(#6664),#6662);
#6666=CARTESIAN_POINT('',(6.E-1,1.5E-2,-3.5E-1));
#6667=DIRECTION('',(0.E0,1.E0,0.E0));
#6668=DIRECTION('',(0.E0,0.E0,1.E0));
#6669=AXIS2_PLACEMENT_3D('',#6666,#6667,#6668);
#6671=CURVE_STYLE('',#35,POSITIVE_LENGTH_MEASURE(2.E-2),#26);
#6672=PRESENTATION_STYLE_ASSIGNMENT((#6671));
#6673=STYLED_ITEM('',(#6672),#6670);
#6674=DIRECTION('',(1.E0,0.E0,0.E0));
#6675=VECTOR('',#6674,1.2E0);
#6676=CARTESIAN_POINT('',(-6.E-1,1.5E-2,-2.5E-1));
#6677=LINE('',#6676,#6675);
#6678=CURVE_STYLE('',#35,POSITIVE_LENGTH_MEASURE(2.E-2),#26);
#6679=PRESENTATION_STYLE_ASSIGNMENT((#6678));
#6680=STYLED_ITEM('',(#6679),#6677);
#6681=CARTESIAN_POINT('',(-6.E-1,1.5E-2,-3.5E-1));
#6682=DIRECTION('',(0.E0,1.E0,0.E0));
#6683=DIRECTION('',(-1.E0,0.E0,0.E0));
#6684=AXIS2_PLACEMENT_3D('',#6681,#6682,#6683);
#6686=CURVE_STYLE('',#35,POSITIVE_LENGTH_MEASURE(2.E-2),#26);
#6687=PRESENTATION_STYLE_ASSIGNMENT((#6686));
#6688=STYLED_ITEM('',(#6687),#6685);
#6689=DIRECTION('',(0.E0,0.E0,1.E0));
#6690=VECTOR('',#6689,6.5E-1);
#6691=CARTESIAN_POINT('',(-7.E-1,1.5E-2,-1.E0));
#6692=LINE('',#6691,#6690);
#6693=CURVE_STYLE('',#35,POSITIVE_LENGTH_MEASURE(2.E-2),#26);
#6694=PRESENTATION_STYLE_ASSIGNMENT((#6693));
#6695=STYLED_ITEM('',(#6694),#6692);
#6696=DIRECTION('',(0.E0,1.E0,0.E0));
#6697=VECTOR('',#6696,1.5E-2);
#6698=CARTESIAN_POINT('',(7.E-1,0.E0,-1.E0));
#6699=LINE('',#6698,#6697);
#6700=CURVE_STYLE('',#35,POSITIVE_LENGTH_MEASURE(2.E-2),#26);
#6701=PRESENTATION_STYLE_ASSIGNMENT((#6700));
#6702=STYLED_ITEM('',(#6701),#6699);
#6703=DIRECTION('',(0.E0,1.E0,0.E0));
#6704=VECTOR('',#6703,1.5E-2);
#6705=CARTESIAN_POINT('',(7.E-1,0.E0,-3.5E-1));
#6706=LINE('',#6705,#6704);
#6707=CURVE_STYLE('',#35,POSITIVE_LENGTH_MEASURE(2.E-2),#26);
#6708=PRESENTATION_STYLE_ASSIGNMENT((#6707));
#6709=STYLED_ITEM('',(#6708),#6706);
#6710=DIRECTION('',(0.E0,1.E0,0.E0));
#6711=VECTOR('',#6710,1.5E-2);
#6712=CARTESIAN_POINT('',(6.E-1,0.E0,-2.5E-1));
#6713=LINE('',#6712,#6711);
#6714=CURVE_STYLE('',#35,POSITIVE_LENGTH_MEASURE(2.E-2),#26);
#6715=PRESENTATION_STYLE_ASSIGNMENT((#6714));
#6716=STYLED_ITEM('',(#6715),#6713);
#6717=DIRECTION('',(0.E0,1.E0,0.E0));
#6718=VECTOR('',#6717,1.5E-2);
#6719=CARTESIAN_POINT('',(-6.E-1,0.E0,-2.5E-1));
#6720=LINE('',#6719,#6718);
#6721=CURVE_STYLE('',#35,POSITIVE_LENGTH_MEASURE(2.E-2),#26);
#6722=PRESENTATION_STYLE_ASSIGNMENT((#6721));
#6723=STYLED_ITEM('',(#6722),#6720);
#6724=DIRECTION('',(0.E0,1.E0,0.E0));
#6725=VECTOR('',#6724,1.5E-2);
#6726=CARTESIAN_POINT('',(-7.E-1,0.E0,-3.5E-1));
#6727=LINE('',#6726,#6725);
#6728=CURVE_STYLE('',#35,POSITIVE_LENGTH_MEASURE(2.E-2),#26);
#6729=PRESENTATION_STYLE_ASSIGNMENT((#6728));
#6730=STYLED_ITEM('',(#6729),#6727);
#6731=DIRECTION('',(0.E0,1.E0,0.E0));
#6732=VECTOR('',#6731,1.5E-2);
#6733=CARTESIAN_POINT('',(-7.E-1,0.E0,-1.E0));
#6734=LINE('',#6733,#6732);
#6735=CURVE_STYLE('',#35,POSITIVE_LENGTH_MEASURE(2.E-2),#26);
#6736=PRESENTATION_STYLE_ASSIGNMENT((#6735));
#6737=STYLED_ITEM('',(#6736),#6734);
#6738=CARTESIAN_POINT('',(-6.E-1,0.E0,-1.1E0));
#6739=CARTESIAN_POINT('',(-7.E-1,0.E0,-1.E0));
#6740=VERTEX_POINT('',#6738);
#6741=VERTEX_POINT('',#6739);
#6742=CARTESIAN_POINT('',(-7.E-1,0.E0,-3.5E-1));
#6743=VERTEX_POINT('',#6742);
#6744=CARTESIAN_POINT('',(-6.E-1,0.E0,-2.5E-1));
#6745=VERTEX_POINT('',#6744);
#6746=CARTESIAN_POINT('',(6.E-1,0.E0,-2.5E-1));
#6747=VERTEX_POINT('',#6746);
#6748=CARTESIAN_POINT('',(7.E-1,0.E0,-3.5E-1));
#6749=VERTEX_POINT('',#6748);
#6750=CARTESIAN_POINT('',(7.E-1,0.E0,-1.E0));
#6751=VERTEX_POINT('',#6750);
#6752=CARTESIAN_POINT('',(6.E-1,0.E0,-1.1E0));
#6753=VERTEX_POINT('',#6752);
#6754=CARTESIAN_POINT('',(-6.E-1,1.5E-2,-1.1E0));
#6755=CARTESIAN_POINT('',(-7.E-1,1.5E-2,-1.E0));
#6756=VERTEX_POINT('',#6754);
#6757=VERTEX_POINT('',#6755);
#6758=CARTESIAN_POINT('',(-7.E-1,1.5E-2,-3.5E-1));
#6759=VERTEX_POINT('',#6758);
#6760=CARTESIAN_POINT('',(-6.E-1,1.5E-2,-2.5E-1));
#6761=VERTEX_POINT('',#6760);
#6762=CARTESIAN_POINT('',(6.E-1,1.5E-2,-2.5E-1));
#6763=VERTEX_POINT('',#6762);
#6764=CARTESIAN_POINT('',(7.E-1,1.5E-2,-3.5E-1));
#6765=VERTEX_POINT('',#6764);
#6766=CARTESIAN_POINT('',(7.E-1,1.5E-2,-1.E0));
#6767=VERTEX_POINT('',#6766);
#6768=CARTESIAN_POINT('',(6.E-1,1.5E-2,-1.1E0));
#6769=VERTEX_POINT('',#6768);
#6770=CARTESIAN_POINT('',(6.E-1,0.E0,-1.1E0));
#6771=DIRECTION('',(0.E0,0.E0,-1.E0));
#6772=DIRECTION('',(-1.E0,0.E0,0.E0));
#6773=AXIS2_PLACEMENT_3D('',#6770,#6771,#6772);
#6774=PLANE('',#6773);
#6776=ORIENTED_EDGE('',*,*,#6775,.F.);
#6778=ORIENTED_EDGE('',*,*,#6777,.T.);
#6780=ORIENTED_EDGE('',*,*,#6779,.T.);
#6782=ORIENTED_EDGE('',*,*,#6781,.F.);
#6783=EDGE_LOOP('',(#6776,#6778,#6780,#6782));
#6784=FACE_OUTER_BOUND('',#6783,.F.);
#6786=CARTESIAN_POINT('',(0.E0,0.E0,0.E0));
#6787=DIRECTION('',(0.E0,1.E0,0.E0));
#6788=DIRECTION('',(1.E0,0.E0,0.E0));
#6789=AXIS2_PLACEMENT_3D('',#6786,#6787,#6788);
#6790=PLANE('',#6789);
#6792=ORIENTED_EDGE('',*,*,#6791,.T.);
#6794=ORIENTED_EDGE('',*,*,#6793,.T.);
#6796=ORIENTED_EDGE('',*,*,#6795,.T.);
#6798=ORIENTED_EDGE('',*,*,#6797,.T.);
#6800=ORIENTED_EDGE('',*,*,#6799,.T.);
#6802=ORIENTED_EDGE('',*,*,#6801,.T.);
#6804=ORIENTED_EDGE('',*,*,#6803,.T.);
#6805=ORIENTED_EDGE('',*,*,#6775,.T.);
#6806=EDGE_LOOP('',(#6792,#6794,#6796,#6798,#6800,#6802,#6804,#6805));
#6807=FACE_OUTER_BOUND('',#6806,.F.);
#6809=CARTESIAN_POINT('',(-6.E-1,0.E0,-1.E0));
#6810=DIRECTION('',(0.E0,1.E0,0.E0));
#6811=DIRECTION('',(1.E0,0.E0,0.E0));
#6812=AXIS2_PLACEMENT_3D('',#6809,#6810,#6811);
#6813=CYLINDRICAL_SURFACE('',#6812,1.E-1);
#6814=ORIENTED_EDGE('',*,*,#6791,.F.);
#6815=ORIENTED_EDGE('',*,*,#6781,.T.);
#6817=ORIENTED_EDGE('',*,*,#6816,.T.);
#6819=ORIENTED_EDGE('',*,*,#6818,.F.);
#6820=EDGE_LOOP('',(#6814,#6815,#6817,#6819));
#6821=FACE_OUTER_BOUND('',#6820,.F.);
#6823=CARTESIAN_POINT('',(0.E0,1.5E-2,0.E0));
#6824=DIRECTION('',(0.E0,1.E0,0.E0));
#6825=DIRECTION('',(1.E0,0.E0,0.E0));
#6826=AXIS2_PLACEMENT_3D('',#6823,#6824,#6825);
#6827=PLANE('',#6826);
#6828=ORIENTED_EDGE('',*,*,#6816,.F.);
#6829=ORIENTED_EDGE('',*,*,#6779,.F.);
#6831=ORIENTED_EDGE('',*,*,#6830,.F.);
#6833=ORIENTED_EDGE('',*,*,#6832,.F.);
#6835=ORIENTED_EDGE('',*,*,#6834,.F.);
#6837=ORIENTED_EDGE('',*,*,#6836,.F.);
#6839=ORIENTED_EDGE('',*,*,#6838,.F.);
#6841=ORIENTED_EDGE('',*,*,#6840,.F.);
#6842=EDGE_LOOP('',(#6828,#6829,#6831,#6833,#6835,#6837,#6839,#6841));
#6843=FACE_OUTER_BOUND('',#6842,.F.);
#6845=CARTESIAN_POINT('',(6.E-1,0.E0,-1.E0));
#6846=DIRECTION('',(0.E0,1.E0,0.E0));
#6847=DIRECTION('',(1.E0,0.E0,0.E0));
#6848=AXIS2_PLACEMENT_3D('',#6845,#6846,#6847);
#6849=CYLINDRICAL_SURFACE('',#6848,1.E-1);
#6850=ORIENTED_EDGE('',*,*,#6803,.F.);
#6852=ORIENTED_EDGE('',*,*,#6851,.T.);
#6853=ORIENTED_EDGE('',*,*,#6830,.T.);
#6854=ORIENTED_EDGE('',*,*,#6777,.F.);
#6855=EDGE_LOOP('',(#6850,#6852,#6853,#6854));
#6856=FACE_OUTER_BOUND('',#6855,.F.);
#6858=CARTESIAN_POINT('',(7.E-1,0.E0,-3.5E-1));
#6859=DIRECTION('',(1.E0,0.E0,0.E0));
#6860=DIRECTION('',(0.E0,0.E0,-1.E0));
#6861=AXIS2_PLACEMENT_3D('',#6858,#6859,#6860);
#6862=PLANE('',#6861);
#6863=ORIENTED_EDGE('',*,*,#6801,.F.);
#6865=ORIENTED_EDGE('',*,*,#6864,.T.);
#6866=ORIENTED_EDGE('',*,*,#6832,.T.);
#6867=ORIENTED_EDGE('',*,*,#6851,.F.);
#6868=EDGE_LOOP('',(#6863,#6865,#6866,#6867));
#6869=FACE_OUTER_BOUND('',#6868,.F.);
#6871=CARTESIAN_POINT('',(6.E-1,0.E0,-3.5E-1));
#6872=DIRECTION('',(0.E0,1.E0,0.E0));
#6873=DIRECTION('',(1.E0,0.E0,0.E0));
#6874=AXIS2_PLACEMENT_3D('',#6871,#6872,#6873);
#6875=CYLINDRICAL_SURFACE('',#6874,1.E-1);
#6876=ORIENTED_EDGE('',*,*,#6799,.F.);
#6878=ORIENTED_EDGE('',*,*,#6877,.T.);
#6879=ORIENTED_EDGE('',*,*,#6834,.T.);
#6880=ORIENTED_EDGE('',*,*,#6864,.F.);
#6881=EDGE_LOOP('',(#6876,#6878,#6879,#6880));
#6882=FACE_OUTER_BOUND('',#6881,.F.);
#6884=CARTESIAN_POINT('',(-6.E-1,0.E0,-2.5E-1));
#6885=DIRECTION('',(0.E0,0.E0,1.E0));
#6886=DIRECTION('',(1.E0,0.E0,0.E0));
#6887=AXIS2_PLACEMENT_3D('',#6884,#6885,#6886);
#6888=PLANE('',#6887);
#6889=ORIENTED_EDGE('',*,*,#6797,.F.);
#6891=ORIENTED_EDGE('',*,*,#6890,.T.);
#6892=ORIENTED_EDGE('',*,*,#6836,.T.);
#6893=ORIENTED_EDGE('',*,*,#6877,.F.);
#6894=EDGE_LOOP('',(#6889,#6891,#6892,#6893));
#6895=FACE_OUTER_BOUND('',#6894,.F.);
#6897=CARTESIAN_POINT('',(-6.E-1,0.E0,-3.5E-1));
#6898=DIRECTION('',(0.E0,1.E0,0.E0));
#6899=DIRECTION('',(1.E0,0.E0,0.E0));
#6900=AXIS2_PLACEMENT_3D('',#6897,#6898,#6899);
#6901=CYLINDRICAL_SURFACE('',#6900,1.E-1);
#6902=ORIENTED_EDGE('',*,*,#6795,.F.);
#6904=ORIENTED_EDGE('',*,*,#6903,.T.);
#6905=ORIENTED_EDGE('',*,*,#6838,.T.);
#6906=ORIENTED_EDGE('',*,*,#6890,.F.);
#6907=EDGE_LOOP('',(#6902,#6904,#6905,#6906));
#6908=FACE_OUTER_BOUND('',#6907,.F.);
#6910=CARTESIAN_POINT('',(-7.E-1,0.E0,-1.E0));
#6911=DIRECTION('',(-1.E0,0.E0,0.E0));
#6912=DIRECTION('',(0.E0,0.E0,1.E0));
#6913=AXIS2_PLACEMENT_3D('',#6910,#6911,#6912);
#6914=PLANE('',#6913);
#6915=ORIENTED_EDGE('',*,*,#6793,.F.);
#6916=ORIENTED_EDGE('',*,*,#6818,.T.);
#6917=ORIENTED_EDGE('',*,*,#6840,.T.);
#6918=ORIENTED_EDGE('',*,*,#6903,.F.);
#6919=EDGE_LOOP('',(#6915,#6916,#6917,#6918));
#6920=FACE_OUTER_BOUND('',#6919,.F.);
#6922=CLOSED_SHELL('',(#6785,#6808,#6822,#6844,#6857,#6870,#6883,#6896,#6909,
#6921));
#6923=MANIFOLD_SOLID_BREP('',#6922);
#6924=FILL_AREA_STYLE_COLOUR('',#26);
#6925=FILL_AREA_STYLE('',(#6924));
#6926=SURFACE_STYLE_FILL_AREA(#6925);
#6927=SURFACE_SIDE_STYLE('',(#6926));
#6928=SURFACE_STYLE_USAGE(.BOTH.,#6927);
#6929=PRESENTATION_STYLE_ASSIGNMENT((#6928));
#6561=STYLED_ITEM('',(#6929),#6923);
#6931=DIRECTION('',(0.E0,1.E0,0.E0));
#6932=VECTOR('',#6931,1.5E-2);
#6933=CARTESIAN_POINT('',(6.E-1,0.E0,1.1E0));
#6934=LINE('',#6933,#6932);
#6935=CURVE_STYLE('',#35,POSITIVE_LENGTH_MEASURE(2.E-2),#26);
#6936=PRESENTATION_STYLE_ASSIGNMENT((#6935));
#6937=STYLED_ITEM('',(#6936),#6934);
#6938=CARTESIAN_POINT('',(-6.E-1,0.E0,1.E0));
#6939=DIRECTION('',(0.E0,-1.E0,0.E0));
#6940=DIRECTION('',(0.E0,0.E0,1.E0));
#6941=AXIS2_PLACEMENT_3D('',#6938,#6939,#6940);
#6943=CURVE_STYLE('',#35,POSITIVE_LENGTH_MEASURE(2.E-2),#26);
#6944=PRESENTATION_STYLE_ASSIGNMENT((#6943));
#6945=STYLED_ITEM('',(#6944),#6942);
#6946=DIRECTION('',(-1.E0,0.E0,0.E0));
#6947=VECTOR('',#6946,1.2E0);
#6948=CARTESIAN_POINT('',(6.E-1,0.E0,1.1E0));
#6949=LINE('',#6948,#6947);
#6950=CURVE_STYLE('',#35,POSITIVE_LENGTH_MEASURE(2.E-2),#26);
#6951=PRESENTATION_STYLE_ASSIGNMENT((#6950));
#6952=STYLED_ITEM('',(#6951),#6949);
#6953=CARTESIAN_POINT('',(6.E-1,0.E0,1.E0));
#6954=DIRECTION('',(0.E0,-1.E0,0.E0));
#6955=DIRECTION('',(1.E0,0.E0,0.E0));
#6956=AXIS2_PLACEMENT_3D('',#6953,#6954,#6955);
#6958=CURVE_STYLE('',#35,POSITIVE_LENGTH_MEASURE(2.E-2),#26);
#6959=PRESENTATION_STYLE_ASSIGNMENT((#6958));
#6960=STYLED_ITEM('',(#6959),#6957);
#6961=DIRECTION('',(0.E0,0.E0,1.E0));
#6962=VECTOR('',#6961,6.5E-1);
#6963=CARTESIAN_POINT('',(7.E-1,0.E0,3.5E-1));
#6964=LINE('',#6963,#6962);
#6965=CURVE_STYLE('',#35,POSITIVE_LENGTH_MEASURE(2.E-2),#26);
#6966=PRESENTATION_STYLE_ASSIGNMENT((#6965));
#6967=STYLED_ITEM('',(#6966),#6964);
#6968=CARTESIAN_POINT('',(6.E-1,0.E0,3.5E-1));
#6969=DIRECTION('',(0.E0,-1.E0,0.E0));
#6970=DIRECTION('',(0.E0,0.E0,-1.E0));
#6971=AXIS2_PLACEMENT_3D('',#6968,#6969,#6970);
#6973=CURVE_STYLE('',#35,POSITIVE_LENGTH_MEASURE(2.E-2),#26);
#6974=PRESENTATION_STYLE_ASSIGNMENT((#6973));
#6975=STYLED_ITEM('',(#6974),#6972);
#6976=DIRECTION('',(1.E0,0.E0,0.E0));
#6977=VECTOR('',#6976,1.2E0);
#6978=CARTESIAN_POINT('',(-6.E-1,0.E0,2.5E-1));
#6979=LINE('',#6978,#6977);
#6980=CURVE_STYLE('',#35,POSITIVE_LENGTH_MEASURE(2.E-2),#26);
#6981=PRESENTATION_STYLE_ASSIGNMENT((#6980));
#6982=STYLED_ITEM('',(#6981),#6979);
#6983=CARTESIAN_POINT('',(-6.E-1,0.E0,3.5E-1));
#6984=DIRECTION('',(0.E0,-1.E0,0.E0));
#6985=DIRECTION('',(-1.E0,0.E0,0.E0));
#6986=AXIS2_PLACEMENT_3D('',#6983,#6984,#6985);
#6988=CURVE_STYLE('',#35,POSITIVE_LENGTH_MEASURE(2.E-2),#26);
#6989=PRESENTATION_STYLE_ASSIGNMENT((#6988));
#6990=STYLED_ITEM('',(#6989),#6987);
#6991=DIRECTION('',(0.E0,0.E0,-1.E0));
#6992=VECTOR('',#6991,6.5E-1);
#6993=CARTESIAN_POINT('',(-7.E-1,0.E0,1.E0));
#6994=LINE('',#6993,#6992);
#6995=CURVE_STYLE('',#35,POSITIVE_LENGTH_MEASURE(2.E-2),#26);
#6996=PRESENTATION_STYLE_ASSIGNMENT((#6995));
#6997=STYLED_ITEM('',(#6996),#6994);
#6998=DIRECTION('',(0.E0,1.E0,0.E0));
#6999=VECTOR('',#6998,1.5E-2);
#7000=CARTESIAN_POINT('',(-6.E-1,0.E0,1.1E0));
#7001=LINE('',#7000,#6999);
#7002=CURVE_STYLE('',#35,POSITIVE_LENGTH_MEASURE(2.E-2),#26);
#7003=PRESENTATION_STYLE_ASSIGNMENT((#7002));
#7004=STYLED_ITEM('',(#7003),#7001);
#7005=DIRECTION('',(0.E0,1.E0,0.E0));
#7006=VECTOR('',#7005,1.5E-2);
#7007=CARTESIAN_POINT('',(-7.E-1,0.E0,1.E0));
#7008=LINE('',#7007,#7006);
#7009=CURVE_STYLE('',#35,POSITIVE_LENGTH_MEASURE(2.E-2),#26);
#7010=PRESENTATION_STYLE_ASSIGNMENT((#7009));
#7011=STYLED_ITEM('',(#7010),#7008);
#7012=DIRECTION('',(0.E0,1.E0,0.E0));
#7013=VECTOR('',#7012,1.5E-2);
#7014=CARTESIAN_POINT('',(-7.E-1,0.E0,3.5E-1));
#7015=LINE('',#7014,#7013);
#7016=CURVE_STYLE('',#35,POSITIVE_LENGTH_MEASURE(2.E-2),#26);
#7017=PRESENTATION_STYLE_ASSIGNMENT((#7016));
#7018=STYLED_ITEM('',(#7017),#7015);
#7019=DIRECTION('',(0.E0,1.E0,0.E0));
#7020=VECTOR('',#7019,1.5E-2);
#7021=CARTESIAN_POINT('',(-6.E-1,0.E0,2.5E-1));
#7022=LINE('',#7021,#7020);
#7023=CURVE_STYLE('',#35,POSITIVE_LENGTH_MEASURE(2.E-2),#26);
#7024=PRESENTATION_STYLE_ASSIGNMENT((#7023));
#7025=STYLED_ITEM('',(#7024),#7022);
#7026=DIRECTION('',(0.E0,1.E0,0.E0));
#7027=VECTOR('',#7026,1.5E-2);
#7028=CARTESIAN_POINT('',(6.E-1,0.E0,2.5E-1));
#7029=LINE('',#7028,#7027);
#7030=CURVE_STYLE('',#35,POSITIVE_LENGTH_MEASURE(2.E-2),#26);
#7031=PRESENTATION_STYLE_ASSIGNMENT((#7030));
#7032=STYLED_ITEM('',(#7031),#7029);
#7033=DIRECTION('',(0.E0,1.E0,0.E0));
#7034=VECTOR('',#7033,1.5E-2);
#7035=CARTESIAN_POINT('',(7.E-1,0.E0,3.5E-1));
#7036=LINE('',#7035,#7034);
#7037=CURVE_STYLE('',#35,POSITIVE_LENGTH_MEASURE(2.E-2),#26);
#7038=PRESENTATION_STYLE_ASSIGNMENT((#7037));
#7039=STYLED_ITEM('',(#7038),#7036);
#7040=DIRECTION('',(0.E0,1.E0,0.E0));
#7041=VECTOR('',#7040,1.5E-2);
#7042=CARTESIAN_POINT('',(7.E-1,0.E0,1.E0));
#7043=LINE('',#7042,#7041);
#7044=CURVE_STYLE('',#35,POSITIVE_LENGTH_MEASURE(2.E-2),#26);
#7045=PRESENTATION_STYLE_ASSIGNMENT((#7044));
#7046=STYLED_ITEM('',(#7045),#7043);
#7047=CARTESIAN_POINT('',(-6.E-1,1.5E-2,1.E0));
#7048=DIRECTION('',(0.E0,-1.E0,0.E0));
#7049=DIRECTION('',(0.E0,0.E0,1.E0));
#7050=AXIS2_PLACEMENT_3D('',#7047,#7048,#7049);
#7052=CURVE_STYLE('',#35,POSITIVE_LENGTH_MEASURE(2.E-2),#26);
#7053=PRESENTATION_STYLE_ASSIGNMENT((#7052));
#7054=STYLED_ITEM('',(#7053),#7051);
#7055=DIRECTION('',(0.E0,0.E0,-1.E0));
#7056=VECTOR('',#7055,6.5E-1);
#7057=CARTESIAN_POINT('',(-7.E-1,1.5E-2,1.E0));
#7058=LINE('',#7057,#7056);
#7059=CURVE_STYLE('',#35,POSITIVE_LENGTH_MEASURE(2.E-2),#26);
#7060=PRESENTATION_STYLE_ASSIGNMENT((#7059));
#7061=STYLED_ITEM('',(#7060),#7058);
#7062=CARTESIAN_POINT('',(-6.E-1,1.5E-2,3.5E-1));
#7063=DIRECTION('',(0.E0,-1.E0,0.E0));
#7064=DIRECTION('',(-1.E0,0.E0,0.E0));
#7065=AXIS2_PLACEMENT_3D('',#7062,#7063,#7064);
#7067=CURVE_STYLE('',#35,POSITIVE_LENGTH_MEASURE(2.E-2),#26);
#7068=PRESENTATION_STYLE_ASSIGNMENT((#7067));
#7069=STYLED_ITEM('',(#7068),#7066);
#7070=DIRECTION('',(1.E0,0.E0,0.E0));
#7071=VECTOR('',#7070,1.2E0);
#7072=CARTESIAN_POINT('',(-6.E-1,1.5E-2,2.5E-1));
#7073=LINE('',#7072,#7071);
#7074=CURVE_STYLE('',#35,POSITIVE_LENGTH_MEASURE(2.E-2),#26);
#7075=PRESENTATION_STYLE_ASSIGNMENT((#7074));
#7076=STYLED_ITEM('',(#7075),#7073);
#7077=CARTESIAN_POINT('',(6.E-1,1.5E-2,3.5E-1));
#7078=DIRECTION('',(0.E0,-1.E0,0.E0));
#7079=DIRECTION('',(0.E0,0.E0,-1.E0));
#7080=AXIS2_PLACEMENT_3D('',#7077,#7078,#7079);
#7082=CURVE_STYLE('',#35,POSITIVE_LENGTH_MEASURE(2.E-2),#26);
#7083=PRESENTATION_STYLE_ASSIGNMENT((#7082));
#7084=STYLED_ITEM('',(#7083),#7081);
#7085=DIRECTION('',(0.E0,0.E0,1.E0));
#7086=VECTOR('',#7085,6.5E-1);
#7087=CARTESIAN_POINT('',(7.E-1,1.5E-2,3.5E-1));
#7088=LINE('',#7087,#7086);
#7089=CURVE_STYLE('',#35,POSITIVE_LENGTH_MEASURE(2.E-2),#26);
#7090=PRESENTATION_STYLE_ASSIGNMENT((#7089));
#7091=STYLED_ITEM('',(#7090),#7088);
#7092=CARTESIAN_POINT('',(6.E-1,1.5E-2,1.E0));
#7093=DIRECTION('',(0.E0,-1.E0,0.E0));
#7094=DIRECTION('',(1.E0,0.E0,0.E0));
#7095=AXIS2_PLACEMENT_3D('',#7092,#7093,#7094);
#7097=CURVE_STYLE('',#35,POSITIVE_LENGTH_MEASURE(2.E-2),#26);
#7098=PRESENTATION_STYLE_ASSIGNMENT((#7097));
#7099=STYLED_ITEM('',(#7098),#7096);
#7100=DIRECTION('',(-1.E0,0.E0,0.E0));
#7101=VECTOR('',#7100,1.2E0);
#7102=CARTESIAN_POINT('',(6.E-1,1.5E-2,1.1E0));
#7103=LINE('',#7102,#7101);
#7104=CURVE_STYLE('',#35,POSITIVE_LENGTH_MEASURE(2.E-2),#26);
#7105=PRESENTATION_STYLE_ASSIGNMENT((#7104));
#7106=STYLED_ITEM('',(#7105),#7103);
#7107=CARTESIAN_POINT('',(-6.E-1,0.E0,1.1E0));
#7108=CARTESIAN_POINT('',(-7.E-1,0.E0,1.E0));
#7109=VERTEX_POINT('',#7107);
#7110=VERTEX_POINT('',#7108);
#7111=CARTESIAN_POINT('',(-7.E-1,0.E0,3.5E-1));
#7112=VERTEX_POINT('',#7111);
#7113=CARTESIAN_POINT('',(-6.E-1,0.E0,2.5E-1));
#7114=VERTEX_POINT('',#7113);
#7115=CARTESIAN_POINT('',(6.E-1,0.E0,2.5E-1));
#7116=VERTEX_POINT('',#7115);
#7117=CARTESIAN_POINT('',(7.E-1,0.E0,3.5E-1));
#7118=VERTEX_POINT('',#7117);
#7119=CARTESIAN_POINT('',(7.E-1,0.E0,1.E0));
#7120=VERTEX_POINT('',#7119);
#7121=CARTESIAN_POINT('',(6.E-1,0.E0,1.1E0));
#7122=VERTEX_POINT('',#7121);
#7123=CARTESIAN_POINT('',(-6.E-1,1.5E-2,1.1E0));
#7124=CARTESIAN_POINT('',(-7.E-1,1.5E-2,1.E0));
#7125=VERTEX_POINT('',#7123);
#7126=VERTEX_POINT('',#7124);
#7127=CARTESIAN_POINT('',(-7.E-1,1.5E-2,3.5E-1));
#7128=VERTEX_POINT('',#7127);
#7129=CARTESIAN_POINT('',(-6.E-1,1.5E-2,2.5E-1));
#7130=VERTEX_POINT('',#7129);
#7131=CARTESIAN_POINT('',(6.E-1,1.5E-2,2.5E-1));
#7132=VERTEX_POINT('',#7131);
#7133=CARTESIAN_POINT('',(7.E-1,1.5E-2,3.5E-1));
#7134=VERTEX_POINT('',#7133);
#7135=CARTESIAN_POINT('',(7.E-1,1.5E-2,1.E0));
#7136=VERTEX_POINT('',#7135);
#7137=CARTESIAN_POINT('',(6.E-1,1.5E-2,1.1E0));
#7138=VERTEX_POINT('',#7137);
#7139=CARTESIAN_POINT('',(6.E-1,0.E0,1.1E0));
#7140=DIRECTION('',(0.E0,0.E0,-1.E0));
#7141=DIRECTION('',(-1.E0,0.E0,0.E0));
#7142=AXIS2_PLACEMENT_3D('',#7139,#7140,#7141);
#7143=PLANE('',#7142);
#7145=ORIENTED_EDGE('',*,*,#7144,.T.);
#7147=ORIENTED_EDGE('',*,*,#7146,.T.);
#7149=ORIENTED_EDGE('',*,*,#7148,.F.);
#7151=ORIENTED_EDGE('',*,*,#7150,.F.);
#7152=EDGE_LOOP('',(#7145,#7147,#7149,#7151));
#7153=FACE_OUTER_BOUND('',#7152,.F.);
#7155=CARTESIAN_POINT('',(0.E0,0.E0,0.E0));
#7156=DIRECTION('',(0.E0,-1.E0,0.E0));
#7157=DIRECTION('',(1.E0,0.E0,0.E0));
#7158=AXIS2_PLACEMENT_3D('',#7155,#7156,#7157);
#7159=PLANE('',#7158);
#7161=ORIENTED_EDGE('',*,*,#7160,.F.);
#7162=ORIENTED_EDGE('',*,*,#7144,.F.);
#7164=ORIENTED_EDGE('',*,*,#7163,.F.);
#7166=ORIENTED_EDGE('',*,*,#7165,.F.);
#7168=ORIENTED_EDGE('',*,*,#7167,.F.);
#7170=ORIENTED_EDGE('',*,*,#7169,.F.);
#7172=ORIENTED_EDGE('',*,*,#7171,.F.);
#7174=ORIENTED_EDGE('',*,*,#7173,.F.);
#7175=EDGE_LOOP('',(#7161,#7162,#7164,#7166,#7168,#7170,#7172,#7174));
#7176=FACE_OUTER_BOUND('',#7175,.F.);
#7178=CARTESIAN_POINT('',(-6.E-1,0.E0,1.E0));
#7179=DIRECTION('',(0.E0,-1.E0,0.E0));
#7180=DIRECTION('',(1.E0,0.E0,0.E0));
#7181=AXIS2_PLACEMENT_3D('',#7178,#7179,#7180);
#7182=CYLINDRICAL_SURFACE('',#7181,1.E-1);
#7183=ORIENTED_EDGE('',*,*,#7160,.T.);
#7185=ORIENTED_EDGE('',*,*,#7184,.T.);
#7187=ORIENTED_EDGE('',*,*,#7186,.F.);
#7188=ORIENTED_EDGE('',*,*,#7146,.F.);
#7189=EDGE_LOOP('',(#7183,#7185,#7187,#7188));
#7190=FACE_OUTER_BOUND('',#7189,.F.);
#7192=CARTESIAN_POINT('',(-7.E-1,0.E0,1.E0));
#7193=DIRECTION('',(1.E0,0.E0,0.E0));
#7194=DIRECTION('',(0.E0,0.E0,-1.E0));
#7195=AXIS2_PLACEMENT_3D('',#7192,#7193,#7194);
#7196=PLANE('',#7195);
#7197=ORIENTED_EDGE('',*,*,#7173,.T.);
#7199=ORIENTED_EDGE('',*,*,#7198,.T.);
#7201=ORIENTED_EDGE('',*,*,#7200,.F.);
#7202=ORIENTED_EDGE('',*,*,#7184,.F.);
#7203=EDGE_LOOP('',(#7197,#7199,#7201,#7202));
#7204=FACE_OUTER_BOUND('',#7203,.F.);
#7206=CARTESIAN_POINT('',(-6.E-1,0.E0,3.5E-1));
#7207=DIRECTION('',(0.E0,-1.E0,0.E0));
#7208=DIRECTION('',(1.E0,0.E0,0.E0));
#7209=AXIS2_PLACEMENT_3D('',#7206,#7207,#7208);
#7210=CYLINDRICAL_SURFACE('',#7209,1.E-1);
#7211=ORIENTED_EDGE('',*,*,#7171,.T.);
#7213=ORIENTED_EDGE('',*,*,#7212,.T.);
#7215=ORIENTED_EDGE('',*,*,#7214,.F.);
#7216=ORIENTED_EDGE('',*,*,#7198,.F.);
#7217=EDGE_LOOP('',(#7211,#7213,#7215,#7216));
#7218=FACE_OUTER_BOUND('',#7217,.F.);
#7220=CARTESIAN_POINT('',(-6.E-1,0.E0,2.5E-1));
#7221=DIRECTION('',(0.E0,0.E0,1.E0));
#7222=DIRECTION('',(1.E0,0.E0,0.E0));
#7223=AXIS2_PLACEMENT_3D('',#7220,#7221,#7222);
#7224=PLANE('',#7223);
#7225=ORIENTED_EDGE('',*,*,#7169,.T.);
#7227=ORIENTED_EDGE('',*,*,#7226,.T.);
#7229=ORIENTED_EDGE('',*,*,#7228,.F.);
#7230=ORIENTED_EDGE('',*,*,#7212,.F.);
#7231=EDGE_LOOP('',(#7225,#7227,#7229,#7230));
#7232=FACE_OUTER_BOUND('',#7231,.F.);
#7234=CARTESIAN_POINT('',(6.E-1,0.E0,3.5E-1));
#7235=DIRECTION('',(0.E0,-1.E0,0.E0));
#7236=DIRECTION('',(1.E0,0.E0,0.E0));
#7237=AXIS2_PLACEMENT_3D('',#7234,#7235,#7236);
#7238=CYLINDRICAL_SURFACE('',#7237,1.E-1);
#7239=ORIENTED_EDGE('',*,*,#7167,.T.);
#7241=ORIENTED_EDGE('',*,*,#7240,.T.);
#7243=ORIENTED_EDGE('',*,*,#7242,.F.);
#7244=ORIENTED_EDGE('',*,*,#7226,.F.);
#7245=EDGE_LOOP('',(#7239,#7241,#7243,#7244));
#7246=FACE_OUTER_BOUND('',#7245,.F.);
#7248=CARTESIAN_POINT('',(7.E-1,0.E0,3.5E-1));
#7249=DIRECTION('',(-1.E0,0.E0,0.E0));
#7250=DIRECTION('',(0.E0,0.E0,1.E0));
#7251=AXIS2_PLACEMENT_3D('',#7248,#7249,#7250);
#7252=PLANE('',#7251);
#7253=ORIENTED_EDGE('',*,*,#7165,.T.);
#7255=ORIENTED_EDGE('',*,*,#7254,.T.);
#7257=ORIENTED_EDGE('',*,*,#7256,.F.);
#7258=ORIENTED_EDGE('',*,*,#7240,.F.);
#7259=EDGE_LOOP('',(#7253,#7255,#7257,#7258));
#7260=FACE_OUTER_BOUND('',#7259,.F.);
#7262=CARTESIAN_POINT('',(6.E-1,0.E0,1.E0));
#7263=DIRECTION('',(0.E0,-1.E0,0.E0));
#7264=DIRECTION('',(1.E0,0.E0,0.E0));
#7265=AXIS2_PLACEMENT_3D('',#7262,#7263,#7264);
#7266=CYLINDRICAL_SURFACE('',#7265,1.E-1);
#7267=ORIENTED_EDGE('',*,*,#7163,.T.);
#7268=ORIENTED_EDGE('',*,*,#7150,.T.);
#7270=ORIENTED_EDGE('',*,*,#7269,.F.);
#7271=ORIENTED_EDGE('',*,*,#7254,.F.);
#7272=EDGE_LOOP('',(#7267,#7268,#7270,#7271));
#7273=FACE_OUTER_BOUND('',#7272,.F.);
#7275=CARTESIAN_POINT('',(0.E0,1.5E-2,0.E0));
#7276=DIRECTION('',(0.E0,-1.E0,0.E0));
#7277=DIRECTION('',(1.E0,0.E0,0.E0));
#7278=AXIS2_PLACEMENT_3D('',#7275,#7276,#7277);
#7279=PLANE('',#7278);
#7280=ORIENTED_EDGE('',*,*,#7186,.T.);
#7281=ORIENTED_EDGE('',*,*,#7200,.T.);
#7282=ORIENTED_EDGE('',*,*,#7214,.T.);
#7283=ORIENTED_EDGE('',*,*,#7228,.T.);
#7284=ORIENTED_EDGE('',*,*,#7242,.T.);
#7285=ORIENTED_EDGE('',*,*,#7256,.T.);
#7286=ORIENTED_EDGE('',*,*,#7269,.T.);
#7287=ORIENTED_EDGE('',*,*,#7148,.T.);
#7288=EDGE_LOOP('',(#7280,#7281,#7282,#7283,#7284,#7285,#7286,#7287));
#7289=FACE_OUTER_BOUND('',#7288,.F.);
#7291=CLOSED_SHELL('',(#7154,#7177,#7191,#7205,#7219,#7233,#7247,#7261,#7274,
#7290));
#7292=MANIFOLD_SOLID_BREP('',#7291);
#7293=FILL_AREA_STYLE_COLOUR('',#26);
#7294=FILL_AREA_STYLE('',(#7293));
#7295=SURFACE_STYLE_FILL_AREA(#7294);
#7296=SURFACE_SIDE_STYLE('',(#7295));
#7297=SURFACE_STYLE_USAGE(.POSITIVE.,#7296);
#7298=PRESENTATION_STYLE_ASSIGNMENT((#7297));
#6930=STYLED_ITEM('',(#7298),#7292);
#7301=PLANE_ANGLE_MEASURE_WITH_UNIT(PLANE_ANGLE_MEASURE(1.745329251994E-2),
#7300);
#7302=(CONVERSION_BASED_UNIT('DEGREE',#7301)NAMED_UNIT(*)PLANE_ANGLE_UNIT());
#7304=UNCERTAINTY_MEASURE_WITH_UNIT(LENGTH_MEASURE(2.607619794541E-4),#7299,
'distance_accuracy_value',
'Maximum model space distance between geometric entities at asserted connectivities');
#7306=CARTESIAN_POINT('',(0.E0,0.E0,0.E0));
#7307=DIRECTION('',(0.E0,0.E0,1.E0));
#7308=DIRECTION('',(1.E0,0.E0,0.E0));
#7311=PRODUCT_DEFINITION_CONTEXT('part definition',#1958,'design');
#7312=PRODUCT_CONTEXT('',#1958,'mechanical');
#7313=PRODUCT('LAYER1','LAYER1','NOT SPECIFIED',(#7312));
#7314=PRODUCT_DEFINITION_FORMATION('5','LAST_VERSION',#7313);
#7322=DERIVED_UNIT_ELEMENT(#7321,2.E0);
#7323=DERIVED_UNIT((#7322));
#7324=MEASURE_REPRESENTATION_ITEM('surface area measure',AREA_MEASURE(
4.855513262002E0),#7323);
#7329=DERIVED_UNIT_ELEMENT(#7328,3.E0);
#7330=DERIVED_UNIT((#7329));
#7331=MEASURE_REPRESENTATION_ITEM('volume measure',VOLUME_MEASURE(
3.544247779622E-2),#7330);
#7335=CARTESIAN_POINT('centre point',(-8.469156089806E-13,7.5E-3,0.E0));
#7340=DERIVED_UNIT_ELEMENT(#7339,2.E0);
#7341=DERIVED_UNIT((#7340));
#7342=MEASURE_REPRESENTATION_ITEM('surface area measure',AREA_MEASURE(
4.855513262002E0),#7341);
#7347=DERIVED_UNIT_ELEMENT(#7346,3.E0);
#7348=DERIVED_UNIT((#7347));
#7349=MEASURE_REPRESENTATION_ITEM('volume measure',VOLUME_MEASURE(
3.544247779622E-2),#7348);
#7353=CARTESIAN_POINT('centre point',(-8.469156089806E-13,7.5E-3,0.E0));
#7358=DRAUGHTING_MODEL('Default',(#7370,#7371,#7387),#2007);
#7359=PRESENTATION_VIEW('Default',(#7378,#7391),#2007);
#7360=CARTESIAN_POINT('',(0.E0,0.E0,0.E0));
#7361=CARTESIAN_POINT('',(-1.312865760895E0,-1.101138067931E0,
5.293436726038E0));
#7362=DIRECTION('',(0.E0,0.E0,1.E0));
#7363=DIRECTION('',(1.E0,0.E0,0.E0));
#7364=AXIS2_PLACEMENT_3D('',#7361,#7362,#7363);
#7366=VIEW_VOLUME(.PARALLEL.,#7360,5.293436726038E0,5.293436726038E0,.T.,0.E0,
.F.,.T.,#7365);
#7367=CARTESIAN_POINT('',(8.521319122471E-1,3.535172142779E0,4.211059611119E0));
#7368=DIRECTION('',(3.894183423087E-1,7.214918620107E-1,5.725406952575E-1));
#7369=DIRECTION('',(9.210609940029E-1,-3.050418666329E-1,-2.420663234065E-1));
#7370=AXIS2_PLACEMENT_3D('',#7367,#7368,#7369);
#7371=CAMERA_MODEL_D3_WITH_HLHSR('DEFAULT',#7370,#7366,.F.);
#7373=CARTESIAN_POINT('',(-5.008728263760E2,-4.200963668508E2,
2.019504730176E3));
#7374=DIRECTION('',(0.E0,0.E0,1.E0));
#7375=DIRECTION('',(1.E0,0.E0,0.E0));
#7376=AXIS2_PLACEMENT_3D('',#7373,#7374,#7375);
#7378=(CAMERA_IMAGE()CAMERA_IMAGE_3D_WITH_SCALE()GEOMETRIC_REPRESENTATION_ITEM()MAPPED_ITEM(#7372,#7377)REPRESENTATION_ITEM(''));
#7379=CARTESIAN_POINT('',(-1.312865760895E0,-1.101138067931E0,
5.293436726038E0));
#7380=DIRECTION('',(0.E0,0.E0,1.E0));
#7381=DIRECTION('',(1.E0,0.E0,0.E0));
#7382=AXIS2_PLACEMENT_3D('',#7379,#7380,#7381);
#7383=REPRESENTATION_MAP(#7382,#7310);
#7384=CARTESIAN_POINT('',(0.E0,0.E0));
#7385=DIRECTION('',(1.E0,0.E0));
#7386=AXIS2_PLACEMENT_2D('',#7384,#7385);
#7387=MAPPED_ITEM('',#7383,#7386);
#7388=CARTESIAN_POINT('',(-1.312865760895E0,-1.101138067931E0,
5.293436726038E0));
#7389=DIRECTION('',(0.E0,0.E0,1.E0));
#7390=DIRECTION('',(1.E0,0.E0,0.E0));
#7391=AXIS2_PLACEMENT_3D('',#7388,#7389,#7390);
#7392=REPRESENTATION_MAP(#7391,#7359);
#7393=CARTESIAN_POINT('',(0.E0,0.E0));
#7394=DIRECTION('',(1.E0,0.E0));
#7395=AXIS2_PLACEMENT_2D('',#7393,#7394);
#7396=MAPPED_ITEM('',#7392,#7395);
#7398=CARTESIAN_POINT('',(0.E0,0.E0));
#7399=DIRECTION('',(1.E0,0.E0));
#7400=AXIS2_PLACEMENT_2D('',#7398,#7399);
#7401=PLANAR_BOX('',1.E3,8.4375E2,#7400);
#7402=PRESENTATION_SIZE(#7397,#7401);
#7403=PRESENTATION_SET();
#7404=AREA_IN_SET(#7397,#7403);
#7405=APPLIED_PRESENTED_ITEM((#7315));
#7406=PRESENTED_ITEM_REPRESENTATION(#7403,#7405);
#7409=CARTESIAN_POINT('centre point',(-8.469155989806E-13,0.E0,1.775E-1));
#7413=CARTESIAN_POINT('',(0.E0,0.E0,1.7E-1));
#7414=DIRECTION('',(0.E0,-1.E0,0.E0));
#7415=DIRECTION('',(1.E0,0.E0,0.E0));
#7416=AXIS2_PLACEMENT_3D('',#7413,#7414,#7415);
#7417=ITEM_DEFINED_TRANSFORMATION('','',#7309,#7416);
#7418=(REPRESENTATION_RELATIONSHIP('','',#7310,#2059)REPRESENTATION_RELATIONSHIP_WITH_TRANSFORMATION(#7417)SHAPE_REPRESENTATION_RELATIONSHIP());
#7419=CONTEXT_DEPENDENT_SHAPE_REPRESENTATION(#7418,#7408);
#7421=DIRECTION('',(2.790727860368E-1,7.814038009031E-1,5.581455724341E-1));
#7422=VECTOR('',#7421,8.958236435387E-2);
#7423=CARTESIAN_POINT('',(-6.5E-1,1.5E-2,-1.E0));
#7424=LINE('',#7423,#7422);
#7425=CURVE_STYLE('',#35,POSITIVE_LENGTH_MEASURE(2.E-2),#9);
#7426=PRESENTATION_STYLE_ASSIGNMENT((#7425));
#7427=STYLED_ITEM('',(#7426),#7424);
#7428=DIRECTION('',(0.E0,0.E0,1.E0));
#7429=VECTOR('',#7428,6.5E-1);
#7430=CARTESIAN_POINT('',(-6.5E-1,1.5E-2,-1.E0));
#7431=LINE('',#7430,#7429);
#7432=CURVE_STYLE('',#35,POSITIVE_LENGTH_MEASURE(2.E-2),#9);
#7433=PRESENTATION_STYLE_ASSIGNMENT((#7432));
#7434=STYLED_ITEM('',(#7433),#7431);
#7435=DIRECTION('',(0.E0,-1.E0,0.E0));
#7436=VECTOR('',#7435,1.5E-2);
#7437=CARTESIAN_POINT('',(-6.5E-1,1.5E-2,-3.5E-1));
#7438=LINE('',#7437,#7436);
#7439=CURVE_STYLE('',#35,POSITIVE_LENGTH_MEASURE(2.E-2),#9);
#7440=PRESENTATION_STYLE_ASSIGNMENT((#7439));
#7441=STYLED_ITEM('',(#7440),#7438);
#7442=DIRECTION('',(0.E0,-1.E0,0.E0));
#7443=VECTOR('',#7442,1.5E-2);
#7444=CARTESIAN_POINT('',(-6.5E-1,1.5E-2,-1.E0));
#7445=LINE('',#7444,#7443);
#7446=CURVE_STYLE('',#35,POSITIVE_LENGTH_MEASURE(2.E-2),#9);
#7447=PRESENTATION_STYLE_ASSIGNMENT((#7446));
#7448=STYLED_ITEM('',(#7447),#7445);
#7449=CARTESIAN_POINT('',(-6.E-1,1.5E-2,-3.5E-1));
#7450=DIRECTION('',(0.E0,1.E0,0.E0));
#7451=DIRECTION('',(-1.E0,0.E0,0.E0));
#7452=AXIS2_PLACEMENT_3D('',#7449,#7450,#7451);
#7454=CURVE_STYLE('',#35,POSITIVE_LENGTH_MEASURE(2.E-2),#9);
#7455=PRESENTATION_STYLE_ASSIGNMENT((#7454));
#7456=STYLED_ITEM('',(#7455),#7453);
#7457=DIRECTION('',(3.363363969982E-1,9.417419115948E-1,0.E0));
#7458=VECTOR('',#7457,7.433034373659E-2);
#7459=CARTESIAN_POINT('',(-6.5E-1,1.5E-2,-3.5E-1));
#7460=LINE('',#7459,#7458);
#7461=CURVE_STYLE('',#35,POSITIVE_LENGTH_MEASURE(2.E-2),#9);
#7462=PRESENTATION_STYLE_ASSIGNMENT((#7461));
#7463=STYLED_ITEM('',(#7462),#7460);
#7464=CARTESIAN_POINT('',(-5.75E-1,8.5E-2,-3.5E-1));
#7465=DIRECTION('',(0.E0,1.E0,0.E0));
#7466=DIRECTION('',(-1.E0,0.E0,0.E0));
#7467=AXIS2_PLACEMENT_3D('',#7464,#7465,#7466);
#7469=CURVE_STYLE('',#35,POSITIVE_LENGTH_MEASURE(2.E-2),#9);
#7470=PRESENTATION_STYLE_ASSIGNMENT((#7469));
#7471=STYLED_ITEM('',(#7470),#7468);
#7472=DIRECTION('',(0.E0,0.E0,1.E0));
#7473=VECTOR('',#7472,5.999999999677E-1);
#7474=CARTESIAN_POINT('',(-6.25E-1,8.5E-2,-9.499999999677E-1));
#7475=LINE('',#7474,#7473);
#7476=CURVE_STYLE('',#35,POSITIVE_LENGTH_MEASURE(2.E-2),#9);
#7477=PRESENTATION_STYLE_ASSIGNMENT((#7476));
#7478=STYLED_ITEM('',(#7477),#7475);
#7479=CARTESIAN_POINT('',(-5.75E-1,8.5E-2,-9.5E-1));
#7480=DIRECTION('',(0.E0,1.E0,0.E0));
#7481=DIRECTION('',(0.E0,0.E0,-1.E0));
#7482=AXIS2_PLACEMENT_3D('',#7479,#7480,#7481);
#7484=CURVE_STYLE('',#35,POSITIVE_LENGTH_MEASURE(2.E-2),#9);
#7485=PRESENTATION_STYLE_ASSIGNMENT((#7484));
#7486=STYLED_ITEM('',(#7485),#7483);
#7487=DIRECTION('',(-1.E0,0.E0,0.E0));
#7488=VECTOR('',#7487,1.15E0);
#7489=CARTESIAN_POINT('',(5.75E-1,8.5E-2,-1.E0));
#7490=LINE('',#7489,#7488);
#7491=CURVE_STYLE('',#35,POSITIVE_LENGTH_MEASURE(2.E-2),#9);
#7492=PRESENTATION_STYLE_ASSIGNMENT((#7491));
#7493=STYLED_ITEM('',(#7492),#7490);
#7494=CARTESIAN_POINT('',(5.75E-1,8.5E-2,-9.5E-1));
#7495=DIRECTION('',(0.E0,1.E0,0.E0));
#7496=DIRECTION('',(1.E0,0.E0,0.E0));
#7497=AXIS2_PLACEMENT_3D('',#7494,#7495,#7496);
#7499=CURVE_STYLE('',#35,POSITIVE_LENGTH_MEASURE(2.E-2),#9);
#7500=PRESENTATION_STYLE_ASSIGNMENT((#7499));
#7501=STYLED_ITEM('',(#7500),#7498);
#7502=DIRECTION('',(0.E0,0.E0,-1.E0));
#7503=VECTOR('',#7502,6.E-1);
#7504=CARTESIAN_POINT('',(6.25E-1,8.5E-2,-3.5E-1));
#7505=LINE('',#7504,#7503);
#7506=CURVE_STYLE('',#35,POSITIVE_LENGTH_MEASURE(2.E-2),#9);
#7507=PRESENTATION_STYLE_ASSIGNMENT((#7506));
#7508=STYLED_ITEM('',(#7507),#7505);
#7509=CARTESIAN_POINT('',(5.75E-1,8.5E-2,-3.5E-1));
#7510=DIRECTION('',(0.E0,1.E0,0.E0));
#7511=DIRECTION('',(0.E0,0.E0,1.E0));
#7512=AXIS2_PLACEMENT_3D('',#7509,#7510,#7511);
#7514=CURVE_STYLE('',#35,POSITIVE_LENGTH_MEASURE(2.E-2),#9);
#7515=PRESENTATION_STYLE_ASSIGNMENT((#7514));
#7516=STYLED_ITEM('',(#7515),#7513);
#7517=DIRECTION('',(1.E0,0.E0,0.E0));
#7518=VECTOR('',#7517,1.15E0);
#7519=CARTESIAN_POINT('',(-5.75E-1,8.5E-2,-3.E-1));
#7520=LINE('',#7519,#7518);
#7521=CURVE_STYLE('',#35,POSITIVE_LENGTH_MEASURE(2.E-2),#9);
#7522=PRESENTATION_STYLE_ASSIGNMENT((#7521));
#7523=STYLED_ITEM('',(#7522),#7520);
#7524=DIRECTION('',(2.790727860930E-1,7.814038010603E-1,5.581455721859E-1));
#7525=VECTOR('',#7524,8.958236433584E-2);
#7526=CARTESIAN_POINT('',(-6.E-1,1.5E-2,-1.05E0));
#7527=LINE('',#7526,#7525);
#7528=CURVE_STYLE('',#35,POSITIVE_LENGTH_MEASURE(2.E-2),#9);
#7529=PRESENTATION_STYLE_ASSIGNMENT((#7528));
#7530=STYLED_ITEM('',(#7529),#7527);
#7531=CARTESIAN_POINT('',(-6.E-1,1.5E-2,-1.E0));
#7532=DIRECTION('',(0.E0,1.E0,0.E0));
#7533=DIRECTION('',(0.E0,0.E0,-1.E0));
#7534=AXIS2_PLACEMENT_3D('',#7531,#7532,#7533);
#7536=CURVE_STYLE('',#35,POSITIVE_LENGTH_MEASURE(2.E-2),#9);
#7537=PRESENTATION_STYLE_ASSIGNMENT((#7536));
#7538=STYLED_ITEM('',(#7537),#7535);
#7539=CARTESIAN_POINT('',(-6.E-1,0.E0,-3.5E-1));
#7540=DIRECTION('',(0.E0,-1.E0,0.E0));
#7541=DIRECTION('',(0.E0,0.E0,1.E0));
#7542=AXIS2_PLACEMENT_3D('',#7539,#7540,#7541);
#7544=CURVE_STYLE('',#35,POSITIVE_LENGTH_MEASURE(2.E-2),#9);
#7545=PRESENTATION_STYLE_ASSIGNMENT((#7544));
#7546=STYLED_ITEM('',(#7545),#7543);
#7547=DIRECTION('',(1.E0,0.E0,0.E0));
#7548=VECTOR('',#7547,1.2E0);
#7549=CARTESIAN_POINT('',(-6.E-1,0.E0,-3.E-1));
#7550=LINE('',#7549,#7548);
#7551=CURVE_STYLE('',#35,POSITIVE_LENGTH_MEASURE(2.E-2),#9);
#7552=PRESENTATION_STYLE_ASSIGNMENT((#7551));
#7553=STYLED_ITEM('',(#7552),#7550);
#7554=CARTESIAN_POINT('',(6.E-1,0.E0,-3.5E-1));
#7555=DIRECTION('',(0.E0,-1.E0,0.E0));
#7556=DIRECTION('',(1.E0,0.E0,0.E0));
#7557=AXIS2_PLACEMENT_3D('',#7554,#7555,#7556);
#7559=CURVE_STYLE('',#35,POSITIVE_LENGTH_MEASURE(2.E-2),#9);
#7560=PRESENTATION_STYLE_ASSIGNMENT((#7559));
#7561=STYLED_ITEM('',(#7560),#7558);
#7562=DIRECTION('',(0.E0,0.E0,-1.E0));
#7563=VECTOR('',#7562,6.5E-1);
#7564=CARTESIAN_POINT('',(6.5E-1,0.E0,-3.5E-1));
#7565=LINE('',#7564,#7563);
#7566=CURVE_STYLE('',#35,POSITIVE_LENGTH_MEASURE(2.E-2),#9);
#7567=PRESENTATION_STYLE_ASSIGNMENT((#7566));
#7568=STYLED_ITEM('',(#7567),#7565);
#7569=CARTESIAN_POINT('',(6.E-1,0.E0,-1.E0));
#7570=DIRECTION('',(0.E0,-1.E0,0.E0));
#7571=DIRECTION('',(0.E0,0.E0,-1.E0));
#7572=AXIS2_PLACEMENT_3D('',#7569,#7570,#7571);
#7574=CURVE_STYLE('',#35,POSITIVE_LENGTH_MEASURE(2.E-2),#9);
#7575=PRESENTATION_STYLE_ASSIGNMENT((#7574));
#7576=STYLED_ITEM('',(#7575),#7573);
#7577=DIRECTION('',(-1.E0,0.E0,0.E0));
#7578=VECTOR('',#7577,1.2E0);
#7579=CARTESIAN_POINT('',(6.E-1,0.E0,-1.05E0));
#7580=LINE('',#7579,#7578);
#7581=CURVE_STYLE('',#35,POSITIVE_LENGTH_MEASURE(2.E-2),#9);
#7582=PRESENTATION_STYLE_ASSIGNMENT((#7581));
#7583=STYLED_ITEM('',(#7582),#7580);
#7584=CARTESIAN_POINT('',(-6.E-1,0.E0,-1.E0));
#7585=DIRECTION('',(0.E0,-1.E0,0.E0));
#7586=DIRECTION('',(-1.E0,0.E0,0.E0));
#7587=AXIS2_PLACEMENT_3D('',#7584,#7585,#7586);
#7589=CURVE_STYLE('',#35,POSITIVE_LENGTH_MEASURE(2.E-2),#9);
#7590=PRESENTATION_STYLE_ASSIGNMENT((#7589));
#7591=STYLED_ITEM('',(#7590),#7588);
#7592=DIRECTION('',(0.E0,0.E0,1.E0));
#7593=VECTOR('',#7592,6.5E-1);
#7594=CARTESIAN_POINT('',(-6.5E-1,0.E0,-1.E0));
#7595=LINE('',#7594,#7593);
#7596=CURVE_STYLE('',#35,POSITIVE_LENGTH_MEASURE(2.E-2),#9);
#7597=PRESENTATION_STYLE_ASSIGNMENT((#7596));
#7598=STYLED_ITEM('',(#7597),#7595);
#7599=DIRECTION('',(3.891009104174E-8,-1.E0,0.E0));
#7600=VECTOR('',#7599,1.499999673155E-2);
#7601=CARTESIAN_POINT('',(-6.000000005837E-1,1.499999673155E-2,-3.E-1));
#7602=LINE('',#7601,#7600);
#7603=CURVE_STYLE('',#35,POSITIVE_LENGTH_MEASURE(2.E-2),#9);
#7604=PRESENTATION_STYLE_ASSIGNMENT((#7603));
#7605=STYLED_ITEM('',(#7604),#7602);
#7606=DIRECTION('',(3.363363900343E-1,9.417419140819E-1,0.E0));
#7607=VECTOR('',#7606,7.433034701093E-2);
#7608=CARTESIAN_POINT('',(-6.000000005837E-1,1.499999673155E-2,-3.E-1));
#7609=LINE('',#7608,#7607);
#7610=CURVE_STYLE('',#35,POSITIVE_LENGTH_MEASURE(2.E-2),#9);
#7611=PRESENTATION_STYLE_ASSIGNMENT((#7610));
#7612=STYLED_ITEM('',(#7611),#7609);
#7613=DIRECTION('',(-1.413727025236E-8,-1.E0,0.E0));
#7614=VECTOR('',#7613,1.499999881247E-2);
#7615=CARTESIAN_POINT('',(6.000000002121E-1,1.499999881247E-2,-3.E-1));
#7616=LINE('',#7615,#7614);
#7617=CURVE_STYLE('',#35,POSITIVE_LENGTH_MEASURE(2.E-2),#9);
#7618=PRESENTATION_STYLE_ASSIGNMENT((#7617));
#7619=STYLED_ITEM('',(#7618),#7616);
#7620=DIRECTION('',(-3.363363944680E-1,9.417419124985E-1,0.E0));
#7621=VECTOR('',#7620,7.433034492626E-2);
#7622=CARTESIAN_POINT('',(6.000000002121E-1,1.499999881247E-2,-3.E-1));
#7623=LINE('',#7622,#7621);
#7624=CURVE_STYLE('',#35,POSITIVE_LENGTH_MEASURE(2.E-2),#9);
#7625=PRESENTATION_STYLE_ASSIGNMENT((#7624));
#7626=STYLED_ITEM('',(#7625),#7623);
#7627=CARTESIAN_POINT('',(6.E-1,1.5E-2,-3.5E-1));
#7628=DIRECTION('',(0.E0,1.E0,0.E0));
#7629=DIRECTION('',(0.E0,0.E0,1.E0));
#7630=AXIS2_PLACEMENT_3D('',#7627,#7628,#7629);
#7632=CURVE_STYLE('',#35,POSITIVE_LENGTH_MEASURE(2.E-2),#9);
#7633=PRESENTATION_STYLE_ASSIGNMENT((#7632));
#7634=STYLED_ITEM('',(#7633),#7631);
#7635=DIRECTION('',(0.E0,0.E0,-1.E0));
#7636=VECTOR('',#7635,6.5E-1);
#7637=CARTESIAN_POINT('',(6.5E-1,1.5E-2,-3.5E-1));
#7638=LINE('',#7637,#7636);
#7639=CURVE_STYLE('',#35,POSITIVE_LENGTH_MEASURE(2.E-2),#9);
#7640=PRESENTATION_STYLE_ASSIGNMENT((#7639));
#7641=STYLED_ITEM('',(#7640),#7638);
#7642=DIRECTION('',(0.E0,-1.E0,0.E0));
#7643=VECTOR('',#7642,1.5E-2);
#7644=CARTESIAN_POINT('',(6.5E-1,1.5E-2,-1.E0));
#7645=LINE('',#7644,#7643);
#7646=CURVE_STYLE('',#35,POSITIVE_LENGTH_MEASURE(2.E-2),#9);
#7647=PRESENTATION_STYLE_ASSIGNMENT((#7646));
#7648=STYLED_ITEM('',(#7647),#7645);
#7649=DIRECTION('',(0.E0,-1.E0,0.E0));
#7650=VECTOR('',#7649,1.5E-2);
#7651=CARTESIAN_POINT('',(6.5E-1,1.5E-2,-3.5E-1));
#7652=LINE('',#7651,#7650);
#7653=CURVE_STYLE('',#35,POSITIVE_LENGTH_MEASURE(2.E-2),#9);
#7654=PRESENTATION_STYLE_ASSIGNMENT((#7653));
#7655=STYLED_ITEM('',(#7654),#7652);
#7656=DIRECTION('',(-3.363363969982E-1,9.417419115948E-1,0.E0));
#7657=VECTOR('',#7656,7.433034373659E-2);
#7658=CARTESIAN_POINT('',(6.5E-1,1.5E-2,-3.5E-1));
#7659=LINE('',#7658,#7657);
#7660=CURVE_STYLE('',#35,POSITIVE_LENGTH_MEASURE(2.E-2),#9);
#7661=PRESENTATION_STYLE_ASSIGNMENT((#7660));
#7662=STYLED_ITEM('',(#7661),#7659);
#7663=DIRECTION('',(-2.790727860930E-1,7.814038010603E-1,5.581455721859E-1));
#7664=VECTOR('',#7663,8.958236433584E-2);
#7665=CARTESIAN_POINT('',(6.5E-1,1.5E-2,-1.E0));
#7666=LINE('',#7665,#7664);
#7667=CURVE_STYLE('',#35,POSITIVE_LENGTH_MEASURE(2.E-2),#9);
#7668=PRESENTATION_STYLE_ASSIGNMENT((#7667));
#7669=STYLED_ITEM('',(#7668),#7666);
#7670=CARTESIAN_POINT('',(6.E-1,1.5E-2,-1.E0));
#7671=DIRECTION('',(0.E0,1.E0,0.E0));
#7672=DIRECTION('',(1.E0,0.E0,0.E0));
#7673=AXIS2_PLACEMENT_3D('',#7670,#7671,#7672);
#7675=CURVE_STYLE('',#35,POSITIVE_LENGTH_MEASURE(2.E-2),#9);
#7676=PRESENTATION_STYLE_ASSIGNMENT((#7675));
#7677=STYLED_ITEM('',(#7676),#7674);
#7678=DIRECTION('',(-1.E0,0.E0,0.E0));
#7679=VECTOR('',#7678,1.2E0);
#7680=CARTESIAN_POINT('',(6.E-1,1.5E-2,-1.05E0));
#7681=LINE('',#7680,#7679);
#7682=CURVE_STYLE('',#35,POSITIVE_LENGTH_MEASURE(2.E-2),#9);
#7683=PRESENTATION_STYLE_ASSIGNMENT((#7682));
#7684=STYLED_ITEM('',(#7683),#7681);
#7685=DIRECTION('',(0.E0,-1.E0,0.E0));
#7686=VECTOR('',#7685,1.5E-2);
#7687=CARTESIAN_POINT('',(-6.E-1,1.5E-2,-1.05E0));
#7688=LINE('',#7687,#7686);
#7689=CURVE_STYLE('',#35,POSITIVE_LENGTH_MEASURE(2.E-2),#9);
#7690=PRESENTATION_STYLE_ASSIGNMENT((#7689));
#7691=STYLED_ITEM('',(#7690),#7688);
#7692=DIRECTION('',(0.E0,-1.E0,0.E0));
#7693=VECTOR('',#7692,1.5E-2);
#7694=CARTESIAN_POINT('',(6.E-1,1.5E-2,-1.05E0));
#7695=LINE('',#7694,#7693);
#7696=CURVE_STYLE('',#35,POSITIVE_LENGTH_MEASURE(2.E-2),#9);
#7697=PRESENTATION_STYLE_ASSIGNMENT((#7696));
#7698=STYLED_ITEM('',(#7697),#7695);
#7699=DIRECTION('',(-2.790727860930E-1,7.814038010603E-1,5.581455721859E-1));
#7700=VECTOR('',#7699,8.958236433584E-2);
#7701=CARTESIAN_POINT('',(6.E-1,1.5E-2,-1.05E0));
#7702=LINE('',#7701,#7700);
#7703=CURVE_STYLE('',#35,POSITIVE_LENGTH_MEASURE(2.E-2),#9);
#7704=PRESENTATION_STYLE_ASSIGNMENT((#7703));
#7705=STYLED_ITEM('',(#7704),#7702);
#7706=CARTESIAN_POINT('',(-6.E-1,0.E0,-3.E-1));
#7707=CARTESIAN_POINT('',(-6.5E-1,0.E0,-3.5E-1));
#7708=VERTEX_POINT('',#7706);
#7709=VERTEX_POINT('',#7707);
#7710=CARTESIAN_POINT('',(-6.5E-1,0.E0,-1.E0));
#7711=CARTESIAN_POINT('',(-6.E-1,0.E0,-1.05E0));
#7712=VERTEX_POINT('',#7710);
#7713=VERTEX_POINT('',#7711);
#7714=CARTESIAN_POINT('',(6.E-1,0.E0,-1.05E0));
#7715=CARTESIAN_POINT('',(6.5E-1,0.E0,-1.E0));
#7716=VERTEX_POINT('',#7714);
#7717=VERTEX_POINT('',#7715);
#7718=CARTESIAN_POINT('',(6.5E-1,0.E0,-3.5E-1));
#7719=CARTESIAN_POINT('',(6.E-1,0.E0,-3.E-1));
#7720=VERTEX_POINT('',#7718);
#7721=VERTEX_POINT('',#7719);
#7722=CARTESIAN_POINT('',(-6.25E-1,8.5E-2,-3.5E-1));
#7723=CARTESIAN_POINT('',(-5.75E-1,8.5E-2,-3.E-1));
#7724=VERTEX_POINT('',#7722);
#7725=VERTEX_POINT('',#7723);
#7726=CARTESIAN_POINT('',(5.75E-1,8.5E-2,-3.E-1));
#7727=VERTEX_POINT('',#7726);
#7728=CARTESIAN_POINT('',(6.25E-1,8.5E-2,-3.5E-1));
#7729=VERTEX_POINT('',#7728);
#7730=CARTESIAN_POINT('',(6.25E-1,8.5E-2,-9.5E-1));
#7731=VERTEX_POINT('',#7730);
#7732=CARTESIAN_POINT('',(5.75E-1,8.5E-2,-1.E0));
#7733=VERTEX_POINT('',#7732);
#7734=CARTESIAN_POINT('',(-5.75E-1,8.5E-2,-1.E0));
#7735=VERTEX_POINT('',#7734);
#7736=CARTESIAN_POINT('',(-6.25E-1,8.5E-2,-9.5E-1));
#7737=VERTEX_POINT('',#7736);
#7738=CARTESIAN_POINT('',(-6.5E-1,1.5E-2,-3.5E-1));
#7739=CARTESIAN_POINT('',(-6.E-1,1.5E-2,-3.E-1));
#7740=VERTEX_POINT('',#7738);
#7741=VERTEX_POINT('',#7739);
#7742=CARTESIAN_POINT('',(6.E-1,1.5E-2,-3.E-1));
#7743=CARTESIAN_POINT('',(6.5E-1,1.5E-2,-3.5E-1));
#7744=VERTEX_POINT('',#7742);
#7745=VERTEX_POINT('',#7743);
#7746=CARTESIAN_POINT('',(6.5E-1,1.5E-2,-1.E0));
#7747=VERTEX_POINT('',#7746);
#7748=CARTESIAN_POINT('',(6.E-1,1.5E-2,-1.05E0));
#7749=VERTEX_POINT('',#7748);
#7750=CARTESIAN_POINT('',(-6.E-1,1.5E-2,-1.05E0));
#7751=VERTEX_POINT('',#7750);
#7752=CARTESIAN_POINT('',(-6.5E-1,1.5E-2,-1.E0));
#7753=VERTEX_POINT('',#7752);
#7754=CARTESIAN_POINT('',(-6.375E-1,5.E-2,-6.624999999758E-1));
#7755=DIRECTION('',(-9.417419115948E-1,3.363363969982E-1,0.E0));
#7756=DIRECTION('',(0.E0,0.E0,1.E0));
#7757=AXIS2_PLACEMENT_3D('',#7754,#7755,#7756);
#7758=PLANE('',#7757);
#7760=ORIENTED_EDGE('',*,*,#7759,.F.);
#7762=ORIENTED_EDGE('',*,*,#7761,.T.);
#7764=ORIENTED_EDGE('',*,*,#7763,.T.);
#7766=ORIENTED_EDGE('',*,*,#7765,.F.);
#7767=EDGE_LOOP('',(#7760,#7762,#7764,#7766));
#7768=FACE_OUTER_BOUND('',#7767,.F.);
#7770=CARTESIAN_POINT('',(-6.5E-1,0.E0,-1.05E0));
#7771=DIRECTION('',(-1.E0,0.E0,0.E0));
#7772=DIRECTION('',(0.E0,0.E0,1.E0));
#7773=AXIS2_PLACEMENT_3D('',#7770,#7771,#7772);
#7774=PLANE('',#7773);
#7775=ORIENTED_EDGE('',*,*,#7759,.T.);
#7777=ORIENTED_EDGE('',*,*,#7776,.T.);
#7779=ORIENTED_EDGE('',*,*,#7778,.F.);
#7781=ORIENTED_EDGE('',*,*,#7780,.F.);
#7782=EDGE_LOOP('',(#7775,#7777,#7779,#7781));
#7783=FACE_OUTER_BOUND('',#7782,.F.);
#7785=CARTESIAN_POINT('',(-6.E-1,7.6638E-2,-3.5E-1));
#7786=DIRECTION('',(0.E0,-1.E0,0.E0));
#7787=DIRECTION('',(0.E0,0.E0,1.E0));
#7788=AXIS2_PLACEMENT_3D('',#7785,#7786,#7787);
#7789=CYLINDRICAL_SURFACE('',#7788,5.E-2);
#7791=ORIENTED_EDGE('',*,*,#7790,.T.);
#7793=ORIENTED_EDGE('',*,*,#7792,.T.);
#7795=ORIENTED_EDGE('',*,*,#7794,.T.);
#7796=ORIENTED_EDGE('',*,*,#7776,.F.);
#7797=EDGE_LOOP('',(#7791,#7793,#7795,#7796));
#7798=FACE_OUTER_BOUND('',#7797,.F.);
#7800=CARTESIAN_POINT('',(-6.509117944342E-1,1.219942836144E-2,
-3.529720625767E-1));
#7801=CARTESIAN_POINT('',(-6.419116589135E-1,3.739980781959E-2,
-3.529720625767E-1));
#7802=CARTESIAN_POINT('',(-6.329115233927E-1,6.260018727774E-2,
-3.529720625767E-1));
#7803=CARTESIAN_POINT('',(-6.239113878719E-1,8.780056673589E-2,
-3.529720625767E-1));
#7804=CARTESIAN_POINT('',(-6.509707168735E-1,1.219942836144E-2,
-3.519825434898E-1));
#7805=CARTESIAN_POINT('',(-6.419705813527E-1,3.739980781959E-2,
-3.519825434898E-1));
#7806=CARTESIAN_POINT('',(-6.329704458320E-1,6.260018727774E-2,
-3.519825434898E-1));
#7807=CARTESIAN_POINT('',(-6.239703103112E-1,8.780056673589E-2,
-3.519825434898E-1));
#7808=CARTESIAN_POINT('',(-6.514000869260E-1,1.219942836144E-2,
-3.378994064974E-1));
#7809=CARTESIAN_POINT('',(-6.423999514053E-1,3.739980781959E-2,
-3.378994064974E-1));
#7810=CARTESIAN_POINT('',(-6.333998158845E-1,6.260018727774E-2,
-3.378994064974E-1));
#7811=CARTESIAN_POINT('',(-6.243996803637E-1,8.780056673589E-2,
-3.378994064974E-1));
#7812=CARTESIAN_POINT('',(-6.401716588921E-1,1.219942836144E-2,
-3.108285452645E-1));
#7813=CARTESIAN_POINT('',(-6.311715233713E-1,3.739980781959E-2,
-3.108285452645E-1));
#7814=CARTESIAN_POINT('',(-6.221713878506E-1,6.260018727774E-2,
-3.108285452645E-1));
#7815=CARTESIAN_POINT('',(-6.131712523298E-1,8.780056673589E-2,
-3.108285452645E-1));
#7816=CARTESIAN_POINT('',(-6.131007976593E-1,1.219942836144E-2,
-2.996001172306E-1));
#7817=CARTESIAN_POINT('',(-6.041006621385E-1,3.739980781959E-2,
-2.996001172306E-1));
#7818=CARTESIAN_POINT('',(-5.951005266177E-1,6.260018727774E-2,
-2.996001172306E-1));
#7819=CARTESIAN_POINT('',(-5.861003910969E-1,8.780056673589E-2,
-2.996001172306E-1));
#7820=CARTESIAN_POINT('',(-5.990176606668E-1,1.219942836144E-2,
-3.000294872831E-1));
#7821=CARTESIAN_POINT('',(-5.900175251460E-1,3.739980781959E-2,
-3.000294872831E-1));
#7822=CARTESIAN_POINT('',(-5.810173896253E-1,6.260018727774E-2,
-3.000294872831E-1));
#7823=CARTESIAN_POINT('',(-5.720172541045E-1,8.780056673589E-2,
-3.000294872831E-1));
#7824=CARTESIAN_POINT('',(-5.980281415799E-1,1.219942836144E-2,
-3.000884097224E-1));
#7825=CARTESIAN_POINT('',(-5.890280060591E-1,3.739980781959E-2,
-3.000884097224E-1));
#7826=CARTESIAN_POINT('',(-5.800278705384E-1,6.260018727774E-2,
-3.000884097224E-1));
#7827=CARTESIAN_POINT('',(-5.710277350176E-1,8.780056673589E-2,
-3.000884097224E-1));
#7828=B_SPLINE_SURFACE_WITH_KNOTS('',3,3,((#7800,#7801,#7802,#7803),(#7804,
#7805,#7806,#7807),(#7808,#7809,#7810,#7811),(#7812,#7813,#7814,#7815),(#7816,
#7817,#7818,#7819),(#7820,#7821,#7822,#7823),(#7824,#7825,#7826,#7827)),
.UNSPECIFIED.,.F.,.F.,.F.,(4,1,1,1,4),(4,4),(-3.786379550386E-2,0.E0,5.E-1,1.E0,
1.037863795504E0),(-4.000816626512E-2,1.040008096227E0),.UNSPECIFIED.);
#7829=ORIENTED_EDGE('',*,*,#7790,.F.);
#7830=ORIENTED_EDGE('',*,*,#7765,.T.);
#7832=ORIENTED_EDGE('',*,*,#7831,.T.);
#7834=ORIENTED_EDGE('',*,*,#7833,.F.);
#7835=EDGE_LOOP('',(#7829,#7830,#7832,#7834));
#7836=FACE_OUTER_BOUND('',#7835,.F.);
#7838=CARTESIAN_POINT('',(0.E0,8.5E-2,0.E0));
#7839=DIRECTION('',(0.E0,1.E0,0.E0));
#7840=DIRECTION('',(0.E0,0.E0,1.E0));
#7841=AXIS2_PLACEMENT_3D('',#7838,#7839,#7840);
#7842=PLANE('',#7841);
#7843=ORIENTED_EDGE('',*,*,#7831,.F.);
#7844=ORIENTED_EDGE('',*,*,#7763,.F.);
#7846=ORIENTED_EDGE('',*,*,#7845,.F.);
#7848=ORIENTED_EDGE('',*,*,#7847,.F.);
#7850=ORIENTED_EDGE('',*,*,#7849,.F.);
#7852=ORIENTED_EDGE('',*,*,#7851,.F.);
#7854=ORIENTED_EDGE('',*,*,#7853,.F.);
#7856=ORIENTED_EDGE('',*,*,#7855,.F.);
#7857=EDGE_LOOP('',(#7843,#7844,#7846,#7848,#7850,#7852,#7854,#7856));
#7858=FACE_OUTER_BOUND('',#7857,.F.);
#7860=CARTESIAN_POINT('',(-5.978578484127E-1,1.267624922964E-2,
-1.051571412256E0));
#7861=CARTESIAN_POINT('',(-5.889712410864E-1,3.755874974321E-2,
-1.033798197604E0));
#7862=CARTESIAN_POINT('',(-5.800846337601E-1,6.244125025679E-2,
-1.016024982951E0));
#7863=CARTESIAN_POINT('',(-5.711980264339E-1,8.732375077036E-2,
-9.982517682988E-1));
#7864=CARTESIAN_POINT('',(-5.988473674996E-1,1.267624922964E-2,
-1.051630334696E0));
#7865=CARTESIAN_POINT('',(-5.899607601733E-1,3.755874974321E-2,
-1.033857120043E0));
#7866=CARTESIAN_POINT('',(-5.810741528470E-1,6.244125025679E-2,
-1.016083905391E0));
#7867=CARTESIAN_POINT('',(-5.721875455208E-1,8.732375077036E-2,
-9.983106907381E-1));
#7868=CARTESIAN_POINT('',(-6.129305044920E-1,1.267624922964E-2,
-1.052059704748E0));
#7869=CARTESIAN_POINT('',(-6.040438971658E-1,3.755874974321E-2,
-1.034286490096E0));
#7870=CARTESIAN_POINT('',(-5.951572898395E-1,6.244125025679E-2,
-1.016513275443E0));
#7871=CARTESIAN_POINT('',(-5.862706825132E-1,8.732375077036E-2,
-9.987400607906E-1));
#7872=CARTESIAN_POINT('',(-6.400013657249E-1,1.267624922964E-2,
-1.040831276714E0));
#7873=CARTESIAN_POINT('',(-6.311147583986E-1,3.755874974321E-2,
-1.023058062062E0));
#7874=CARTESIAN_POINT('',(-6.222281510723E-1,6.244125025679E-2,
-1.005284847409E0));
#7875=CARTESIAN_POINT('',(-6.133415437461E-1,8.732375077036E-2,
-9.875116327567E-1));
#7876=CARTESIAN_POINT('',(-6.512297937588E-1,1.267624922964E-2,
-1.013760415481E0));
#7877=CARTESIAN_POINT('',(-6.423431864325E-1,3.755874974321E-2,
-9.959872008289E-1));
#7878=CARTESIAN_POINT('',(-6.334565791063E-1,6.244125025679E-2,
-9.782139861763E-1));
#7879=CARTESIAN_POINT('',(-6.245699717800E-1,8.732375077036E-2,
-9.604407715238E-1));
#7880=CARTESIAN_POINT('',(-6.508004237063E-1,1.267624922964E-2,
-9.996772784890E-1));
#7881=CARTESIAN_POINT('',(-6.419138163800E-1,3.755874974321E-2,
-9.819040638364E-1));
#7882=CARTESIAN_POINT('',(-6.330272090537E-1,6.244125025679E-2,
-9.641308491839E-1));
#7883=CARTESIAN_POINT('',(-6.241406017275E-1,8.732375077036E-2,
-9.463576345313E-1));
#7884=CARTESIAN_POINT('',(-6.507415012670E-1,1.267624922964E-2,
-9.986877594021E-1));
#7885=CARTESIAN_POINT('',(-6.418548939407E-1,3.755874974321E-2,
-9.809145447496E-1));
#7886=CARTESIAN_POINT('',(-6.329682866145E-1,6.244125025679E-2,
-9.631413300970E-1));
#7887=CARTESIAN_POINT('',(-6.240816792882E-1,8.732375077036E-2,
-9.453681154445E-1));
#7888=B_SPLINE_SURFACE_WITH_KNOTS('',3,3,((#7860,#7861,#7862,#7863),(#7864,
#7865,#7866,#7867),(#7868,#7869,#7870,#7871),(#7872,#7873,#7874,#7875),(#7876,
#7877,#7878,#7879),(#7880,#7881,#7882,#7883),(#7884,#7885,#7886,#7887)),
.UNSPECIFIED.,.F.,.F.,.F.,(4,1,1,1,4),(4,4),(-3.786379550386E-2,0.E0,5.E-1,1.E0,
1.037863795504E0),(-3.319643957654E-2,1.033196439577E0),.UNSPECIFIED.);
#7890=ORIENTED_EDGE('',*,*,#7889,.F.);
#7892=ORIENTED_EDGE('',*,*,#7891,.T.);
#7893=ORIENTED_EDGE('',*,*,#7845,.T.);
#7894=ORIENTED_EDGE('',*,*,#7761,.F.);
#7895=EDGE_LOOP('',(#7890,#7892,#7893,#7894));
#7896=FACE_OUTER_BOUND('',#7895,.F.);
#7898=CARTESIAN_POINT('',(-6.E-1,7.6638E-2,-1.E0));
#7899=DIRECTION('',(0.E0,-1.E0,0.E0));
#7900=DIRECTION('',(-1.E0,0.E0,0.E0));
#7901=AXIS2_PLACEMENT_3D('',#7898,#7899,#7900);
#7902=CYLINDRICAL_SURFACE('',#7901,5.E-2);
#7903=ORIENTED_EDGE('',*,*,#7889,.T.);
#7904=ORIENTED_EDGE('',*,*,#7780,.T.);
#7906=ORIENTED_EDGE('',*,*,#7905,.T.);
#7908=ORIENTED_EDGE('',*,*,#7907,.F.);
#7909=EDGE_LOOP('',(#7903,#7904,#7906,#7908));
#7910=FACE_OUTER_BOUND('',#7909,.F.);
#7912=CARTESIAN_POINT('',(0.E0,0.E0,0.E0));
#7913=DIRECTION('',(0.E0,1.E0,0.E0));
#7914=DIRECTION('',(1.E0,0.E0,0.E0));
#7915=AXIS2_PLACEMENT_3D('',#7912,#7913,#7914);
#7916=PLANE('',#7915);
#7917=ORIENTED_EDGE('',*,*,#7794,.F.);
#7919=ORIENTED_EDGE('',*,*,#7918,.T.);
#7921=ORIENTED_EDGE('',*,*,#7920,.F.);
#7923=ORIENTED_EDGE('',*,*,#7922,.T.);
#7925=ORIENTED_EDGE('',*,*,#7924,.F.);
#7927=ORIENTED_EDGE('',*,*,#7926,.T.);
#7928=ORIENTED_EDGE('',*,*,#7905,.F.);
#7929=ORIENTED_EDGE('',*,*,#7778,.T.);
#7930=EDGE_LOOP('',(#7917,#7919,#7921,#7923,#7925,#7927,#7928,#7929));
#7931=FACE_OUTER_BOUND('',#7930,.F.);
#7933=CARTESIAN_POINT('',(-6.5E-1,0.E0,-3.E-1));
#7934=DIRECTION('',(0.E0,0.E0,1.E0));
#7935=DIRECTION('',(1.E0,0.E0,0.E0));
#7936=AXIS2_PLACEMENT_3D('',#7933,#7934,#7935);
#7937=PLANE('',#7936);
#7938=ORIENTED_EDGE('',*,*,#7792,.F.);
#7939=ORIENTED_EDGE('',*,*,#7833,.T.);
#7940=ORIENTED_EDGE('',*,*,#7855,.T.);
#7942=ORIENTED_EDGE('',*,*,#7941,.F.);
#7944=ORIENTED_EDGE('',*,*,#7943,.T.);
#7945=ORIENTED_EDGE('',*,*,#7918,.F.);
#7946=EDGE_LOOP('',(#7938,#7939,#7940,#7942,#7944,#7945));
#7947=FACE_OUTER_BOUND('',#7946,.F.);
#7949=CARTESIAN_POINT('',(5.980281404651E-1,1.219943148281E-2,
-3.000884097224E-1));
#7950=CARTESIAN_POINT('',(5.890280053160E-1,3.739980990051E-2,
-3.000884097224E-1));
#7951=CARTESIAN_POINT('',(5.800278701668E-1,6.260018831820E-2,
-3.000884097224E-1));
#7952=CARTESIAN_POINT('',(5.710277350176E-1,8.780056673589E-2,
-3.000884097224E-1));
#7953=CARTESIAN_POINT('',(5.990176595520E-1,1.219943148281E-2,
-3.000294872831E-1));
#7954=CARTESIAN_POINT('',(5.900175244028E-1,3.739980990051E-2,
-3.000294872831E-1));
#7955=CARTESIAN_POINT('',(5.810173892537E-1,6.260018831820E-2,
-3.000294872831E-1));
#7956=CARTESIAN_POINT('',(5.720172541045E-1,8.780056673589E-2,
-3.000294872831E-1));
#7957=CARTESIAN_POINT('',(6.131007965445E-1,1.219943148281E-2,
-2.996001172306E-1));
#7958=CARTESIAN_POINT('',(6.041006613953E-1,3.739980990051E-2,
-2.996001172306E-1));
#7959=CARTESIAN_POINT('',(5.951005262461E-1,6.260018831820E-2,
-2.996001172306E-1));
#7960=CARTESIAN_POINT('',(5.861003910969E-1,8.780056673589E-2,
-2.996001172306E-1));
#7961=CARTESIAN_POINT('',(6.401716577773E-1,1.219943148281E-2,
-3.108285452645E-1));
#7962=CARTESIAN_POINT('',(6.311715226282E-1,3.739980990051E-2,
-3.108285452645E-1));
#7963=CARTESIAN_POINT('',(6.221713874790E-1,6.260018831820E-2,
-3.108285452645E-1));
#7964=CARTESIAN_POINT('',(6.131712523298E-1,8.780056673589E-2,
-3.108285452645E-1));
#7965=CARTESIAN_POINT('',(6.514000858112E-1,1.219943148281E-2,
-3.378994064974E-1));
#7966=CARTESIAN_POINT('',(6.423999506621E-1,3.739980990051E-2,
-3.378994064974E-1));
#7967=CARTESIAN_POINT('',(6.333998155129E-1,6.260018831820E-2,
-3.378994064974E-1));
#7968=CARTESIAN_POINT('',(6.243996803637E-1,8.780056673589E-2,
-3.378994064974E-1));
#7969=CARTESIAN_POINT('',(6.509707157587E-1,1.219943148281E-2,
-3.519825434898E-1));
#7970=CARTESIAN_POINT('',(6.419705806096E-1,3.739980990051E-2,
-3.519825434898E-1));
#7971=CARTESIAN_POINT('',(6.329704454604E-1,6.260018831820E-2,
-3.519825434898E-1));
#7972=CARTESIAN_POINT('',(6.239703103112E-1,8.780056673589E-2,
-3.519825434898E-1));
#7973=CARTESIAN_POINT('',(6.509117933195E-1,1.219943148281E-2,
-3.529720625767E-1));
#7974=CARTESIAN_POINT('',(6.419116581703E-1,3.739980990051E-2,
-3.529720625767E-1));
#7975=CARTESIAN_POINT('',(6.329115230211E-1,6.260018831820E-2,
-3.529720625767E-1));
#7976=CARTESIAN_POINT('',(6.239113878719E-1,8.780056673589E-2,
-3.529720625767E-1));
#7977=B_SPLINE_SURFACE_WITH_KNOTS('',3,3,((#7949,#7950,#7951,#7952),(#7953,
#7954,#7955,#7956),(#7957,#7958,#7959,#7960),(#7961,#7962,#7963,#7964),(#7965,
#7966,#7967,#7968),(#7969,#7970,#7971,#7972),(#7973,#7974,#7975,#7976)),
.UNSPECIFIED.,.F.,.F.,.F.,(4,1,1,1,4),(4,4),(-3.786379550386E-2,0.E0,5.E-1,1.E0,
1.037863795504E0),(-4.000812167407E-2,1.040008096227E0),.UNSPECIFIED.);
#7979=ORIENTED_EDGE('',*,*,#7978,.F.);
#7980=ORIENTED_EDGE('',*,*,#7941,.T.);
#7981=ORIENTED_EDGE('',*,*,#7853,.T.);
#7983=ORIENTED_EDGE('',*,*,#7982,.F.);
#7984=EDGE_LOOP('',(#7979,#7980,#7981,#7983));
#7985=FACE_OUTER_BOUND('',#7984,.F.);
#7987=CARTESIAN_POINT('',(6.E-1,7.6638E-2,-3.5E-1));
#7988=DIRECTION('',(0.E0,-1.E0,0.E0));
#7989=DIRECTION('',(1.E0,0.E0,0.E0));
#7990=AXIS2_PLACEMENT_3D('',#7987,#7988,#7989);
#7991=CYLINDRICAL_SURFACE('',#7990,5.E-2);
#7992=ORIENTED_EDGE('',*,*,#7978,.T.);
#7994=ORIENTED_EDGE('',*,*,#7993,.T.);
#7995=ORIENTED_EDGE('',*,*,#7920,.T.);
#7996=ORIENTED_EDGE('',*,*,#7943,.F.);
#7997=EDGE_LOOP('',(#7992,#7994,#7995,#7996));
#7998=FACE_OUTER_BOUND('',#7997,.F.);
#8000=CARTESIAN_POINT('',(6.5E-1,0.E0,-3.E-1));
#8001=DIRECTION('',(1.E0,0.E0,0.E0));
#8002=DIRECTION('',(0.E0,0.E0,-1.E0));
#8003=AXIS2_PLACEMENT_3D('',#8000,#8001,#8002);
#8004=PLANE('',#8003);
#8006=ORIENTED_EDGE('',*,*,#8005,.T.);
#8008=ORIENTED_EDGE('',*,*,#8007,.T.);
#8009=ORIENTED_EDGE('',*,*,#7922,.F.);
#8010=ORIENTED_EDGE('',*,*,#7993,.F.);
#8011=EDGE_LOOP('',(#8006,#8008,#8009,#8010));
#8012=FACE_OUTER_BOUND('',#8011,.F.);
#8014=CARTESIAN_POINT('',(6.375E-1,5.E-2,-6.625E-1));
#8015=DIRECTION('',(9.417419115948E-1,3.363363969982E-1,0.E0));
#8016=DIRECTION('',(0.E0,0.E0,-1.E0));
#8017=AXIS2_PLACEMENT_3D('',#8014,#8015,#8016);
#8018=PLANE('',#8017);
#8019=ORIENTED_EDGE('',*,*,#8005,.F.);
#8020=ORIENTED_EDGE('',*,*,#7982,.T.);
#8021=ORIENTED_EDGE('',*,*,#7851,.T.);
#8023=ORIENTED_EDGE('',*,*,#8022,.F.);
#8024=EDGE_LOOP('',(#8019,#8020,#8021,#8023));
#8025=FACE_OUTER_BOUND('',#8024,.F.);
#8027=CARTESIAN_POINT('',(6.507415012670E-1,1.267624922964E-2,
-9.986877594021E-1));
#8028=CARTESIAN_POINT('',(6.418548939407E-1,3.755874974321E-2,
-9.809145447496E-1));
#8029=CARTESIAN_POINT('',(6.329682866145E-1,6.244125025679E-2,
-9.631413300970E-1));
#8030=CARTESIAN_POINT('',(6.240816792882E-1,8.732375077036E-2,
-9.453681154445E-1));
#8031=CARTESIAN_POINT('',(6.508004237063E-1,1.267624922964E-2,
-9.996772784890E-1));
#8032=CARTESIAN_POINT('',(6.419138163800E-1,3.755874974321E-2,
-9.819040638364E-1));
#8033=CARTESIAN_POINT('',(6.330272090537E-1,6.244125025679E-2,
-9.641308491839E-1));
#8034=CARTESIAN_POINT('',(6.241406017275E-1,8.732375077036E-2,
-9.463576345313E-1));
#8035=CARTESIAN_POINT('',(6.512297937588E-1,1.267624922964E-2,
-1.013760415481E0));
#8036=CARTESIAN_POINT('',(6.423431864325E-1,3.755874974321E-2,
-9.959872008289E-1));
#8037=CARTESIAN_POINT('',(6.334565791063E-1,6.244125025679E-2,
-9.782139861763E-1));
#8038=CARTESIAN_POINT('',(6.245699717800E-1,8.732375077036E-2,
-9.604407715238E-1));
#8039=CARTESIAN_POINT('',(6.400013657249E-1,1.267624922964E-2,
-1.040831276714E0));
#8040=CARTESIAN_POINT('',(6.311147583986E-1,3.755874974321E-2,
-1.023058062062E0));
#8041=CARTESIAN_POINT('',(6.222281510723E-1,6.244125025679E-2,
-1.005284847409E0));
#8042=CARTESIAN_POINT('',(6.133415437461E-1,8.732375077036E-2,
-9.875116327567E-1));
#8043=CARTESIAN_POINT('',(6.129305044920E-1,1.267624922964E-2,
-1.052059704748E0));
#8044=CARTESIAN_POINT('',(6.040438971658E-1,3.755874974321E-2,
-1.034286490096E0));
#8045=CARTESIAN_POINT('',(5.951572898395E-1,6.244125025679E-2,
-1.016513275443E0));
#8046=CARTESIAN_POINT('',(5.862706825132E-1,8.732375077036E-2,
-9.987400607906E-1));
#8047=CARTESIAN_POINT('',(5.988473674996E-1,1.267624922964E-2,
-1.051630334696E0));
#8048=CARTESIAN_POINT('',(5.899607601733E-1,3.755874974321E-2,
-1.033857120043E0));
#8049=CARTESIAN_POINT('',(5.810741528470E-1,6.244125025679E-2,
-1.016083905391E0));
#8050=CARTESIAN_POINT('',(5.721875455208E-1,8.732375077036E-2,
-9.983106907381E-1));
#8051=CARTESIAN_POINT('',(5.978578484127E-1,1.267624922964E-2,
-1.051571412256E0));
#8052=CARTESIAN_POINT('',(5.889712410864E-1,3.755874974321E-2,
-1.033798197604E0));
#8053=CARTESIAN_POINT('',(5.800846337601E-1,6.244125025679E-2,
-1.016024982951E0));
#8054=CARTESIAN_POINT('',(5.711980264339E-1,8.732375077036E-2,
-9.982517682988E-1));
#8055=B_SPLINE_SURFACE_WITH_KNOTS('',3,3,((#8027,#8028,#8029,#8030),(#8031,
#8032,#8033,#8034),(#8035,#8036,#8037,#8038),(#8039,#8040,#8041,#8042),(#8043,
#8044,#8045,#8046),(#8047,#8048,#8049,#8050),(#8051,#8052,#8053,#8054)),
.UNSPECIFIED.,.F.,.F.,.F.,(4,1,1,1,4),(4,4),(-3.786379550386E-2,0.E0,5.E-1,1.E0,
1.037863795504E0),(-3.319643957654E-2,1.033196439577E0),.UNSPECIFIED.);
#8057=ORIENTED_EDGE('',*,*,#8056,.F.);
#8058=ORIENTED_EDGE('',*,*,#8022,.T.);
#8059=ORIENTED_EDGE('',*,*,#7849,.T.);
#8061=ORIENTED_EDGE('',*,*,#8060,.F.);
#8062=EDGE_LOOP('',(#8057,#8058,#8059,#8061));
#8063=FACE_OUTER_BOUND('',#8062,.F.);
#8065=CARTESIAN_POINT('',(6.E-1,7.6638E-2,-1.E0));
#8066=DIRECTION('',(0.E0,-1.E0,0.E0));
#8067=DIRECTION('',(0.E0,0.E0,-1.E0));
#8068=AXIS2_PLACEMENT_3D('',#8065,#8066,#8067);
#8069=CYLINDRICAL_SURFACE('',#8068,5.E-2);
#8070=ORIENTED_EDGE('',*,*,#8056,.T.);
#8072=ORIENTED_EDGE('',*,*,#8071,.T.);
#8073=ORIENTED_EDGE('',*,*,#7924,.T.);
#8074=ORIENTED_EDGE('',*,*,#8007,.F.);
#8075=EDGE_LOOP('',(#8070,#8072,#8073,#8074));
#8076=FACE_OUTER_BOUND('',#8075,.F.);
#8078=CARTESIAN_POINT('',(6.5E-1,0.E0,-1.05E0));
#8079=DIRECTION('',(0.E0,0.E0,-1.E0));
#8080=DIRECTION('',(-1.E0,0.E0,0.E0));
#8081=AXIS2_PLACEMENT_3D('',#8078,#8079,#8080);
#8082=PLANE('',#8081);
#8084=ORIENTED_EDGE('',*,*,#8083,.T.);
#8085=ORIENTED_EDGE('',*,*,#7907,.T.);
#8086=ORIENTED_EDGE('',*,*,#7926,.F.);
#8087=ORIENTED_EDGE('',*,*,#8071,.F.);
#8088=EDGE_LOOP('',(#8084,#8085,#8086,#8087));
#8089=FACE_OUTER_BOUND('',#8088,.F.);
#8091=CARTESIAN_POINT('',(0.E0,5.E-2,-1.025E0));
#8092=DIRECTION('',(0.E0,5.812381937191E-1,-8.137334712067E-1));
#8093=DIRECTION('',(-1.E0,0.E0,0.E0));
#8094=AXIS2_PLACEMENT_3D('',#8091,#8092,#8093);
#8095=PLANE('',#8094);
#8096=ORIENTED_EDGE('',*,*,#8083,.F.);
#8097=ORIENTED_EDGE('',*,*,#8060,.T.);
#8098=ORIENTED_EDGE('',*,*,#7847,.T.);
#8099=ORIENTED_EDGE('',*,*,#7891,.F.);
#8100=EDGE_LOOP('',(#8096,#8097,#8098,#8099));
#8101=FACE_OUTER_BOUND('',#8100,.F.);
#8103=CLOSED_SHELL('',(#7769,#7784,#7799,#7837,#7859,#7897,#7911,#7932,#7948,
#7986,#7999,#8013,#8026,#8064,#8077,#8090,#8102));
#8104=MANIFOLD_SOLID_BREP('',#8103);
#8105=FILL_AREA_STYLE_COLOUR('',#9);
#8106=FILL_AREA_STYLE('',(#8105));
#8107=SURFACE_STYLE_FILL_AREA(#8106);
#8108=SURFACE_SIDE_STYLE('',(#8107));
#8109=SURFACE_STYLE_USAGE(.BOTH.,#8108);
#8110=PRESENTATION_STYLE_ASSIGNMENT((#8109));
#7420=STYLED_ITEM('',(#8110),#8104);
#8112=DIRECTION('',(2.790727860930E-1,7.814038010603E-1,-5.581455721859E-1));
#8113=VECTOR('',#8112,8.958236433584E-2);
#8114=CARTESIAN_POINT('',(-6.E-1,1.5E-2,1.05E0));
#8115=LINE('',#8114,#8113);
#8116=CURVE_STYLE('',#35,POSITIVE_LENGTH_MEASURE(2.E-2),#9);
#8117=PRESENTATION_STYLE_ASSIGNMENT((#8116));
#8118=STYLED_ITEM('',(#8117),#8115);
#8119=DIRECTION('',(1.E0,0.E0,0.E0));
#8120=VECTOR('',#8119,1.2E0);
#8121=CARTESIAN_POINT('',(-6.E-1,1.5E-2,1.05E0));
#8122=LINE('',#8121,#8120);
#8123=CURVE_STYLE('',#35,POSITIVE_LENGTH_MEASURE(2.E-2),#9);
#8124=PRESENTATION_STYLE_ASSIGNMENT((#8123));
#8125=STYLED_ITEM('',(#8124),#8122);
#8126=DIRECTION('',(0.E0,1.E0,0.E0));
#8127=VECTOR('',#8126,1.5E-2);
#8128=CARTESIAN_POINT('',(6.E-1,0.E0,1.05E0));
#8129=LINE('',#8128,#8127);
#8130=CURVE_STYLE('',#35,POSITIVE_LENGTH_MEASURE(2.E-2),#9);
#8131=PRESENTATION_STYLE_ASSIGNMENT((#8130));
#8132=STYLED_ITEM('',(#8131),#8129);
#8133=DIRECTION('',(0.E0,1.E0,0.E0));
#8134=VECTOR('',#8133,1.5E-2);
#8135=CARTESIAN_POINT('',(-6.E-1,0.E0,1.05E0));
#8136=LINE('',#8135,#8134);
#8137=CURVE_STYLE('',#35,POSITIVE_LENGTH_MEASURE(2.E-2),#9);
#8138=PRESENTATION_STYLE_ASSIGNMENT((#8137));
#8139=STYLED_ITEM('',(#8138),#8136);
#8140=CARTESIAN_POINT('',(6.E-1,1.5E-2,1.E0));
#8141=DIRECTION('',(0.E0,1.E0,0.E0));
#8142=DIRECTION('',(0.E0,0.E0,1.E0));
#8143=AXIS2_PLACEMENT_3D('',#8140,#8141,#8142);
#8145=CURVE_STYLE('',#35,POSITIVE_LENGTH_MEASURE(2.E-2),#9);
#8146=PRESENTATION_STYLE_ASSIGNMENT((#8145));
#8147=STYLED_ITEM('',(#8146),#8144);
#8148=DIRECTION('',(-2.790727860930E-1,7.814038010603E-1,-5.581455721859E-1));
#8149=VECTOR('',#8148,8.958236433584E-2);
#8150=CARTESIAN_POINT('',(6.E-1,1.5E-2,1.05E0));
#8151=LINE('',#8150,#8149);
#8152=CURVE_STYLE('',#35,POSITIVE_LENGTH_MEASURE(2.E-2),#9);
#8153=PRESENTATION_STYLE_ASSIGNMENT((#8152));
#8154=STYLED_ITEM('',(#8153),#8151);
#8155=CARTESIAN_POINT('',(5.75E-1,8.5E-2,9.5E-1));
#8156=DIRECTION('',(0.E0,1.E0,0.E0));
#8157=DIRECTION('',(0.E0,0.E0,1.E0));
#8158=AXIS2_PLACEMENT_3D('',#8155,#8156,#8157);
#8160=CURVE_STYLE('',#35,POSITIVE_LENGTH_MEASURE(2.E-2),#9);
#8161=PRESENTATION_STYLE_ASSIGNMENT((#8160));
#8162=STYLED_ITEM('',(#8161),#8159);
#8163=DIRECTION('',(1.E0,0.E0,0.E0));
#8164=VECTOR('',#8163,1.15E0);
#8165=CARTESIAN_POINT('',(-5.75E-1,8.5E-2,1.E0));
#8166=LINE('',#8165,#8164);
#8167=CURVE_STYLE('',#35,POSITIVE_LENGTH_MEASURE(2.E-2),#9);
#8168=PRESENTATION_STYLE_ASSIGNMENT((#8167));
#8169=STYLED_ITEM('',(#8168),#8166);
#8170=CARTESIAN_POINT('',(-5.75E-1,8.5E-2,9.5E-1));
#8171=DIRECTION('',(0.E0,1.E0,0.E0));
#8172=DIRECTION('',(-1.E0,0.E0,0.E0));
#8173=AXIS2_PLACEMENT_3D('',#8170,#8171,#8172);
#8175=CURVE_STYLE('',#35,POSITIVE_LENGTH_MEASURE(2.E-2),#9);
#8176=PRESENTATION_STYLE_ASSIGNMENT((#8175));
#8177=STYLED_ITEM('',(#8176),#8174);
#8178=DIRECTION('',(0.E0,0.E0,1.E0));
#8179=VECTOR('',#8178,6.E-1);
#8180=CARTESIAN_POINT('',(-6.25E-1,8.5E-2,3.5E-1));
#8181=LINE('',#8180,#8179);
#8182=CURVE_STYLE('',#35,POSITIVE_LENGTH_MEASURE(2.E-2),#9);
#8183=PRESENTATION_STYLE_ASSIGNMENT((#8182));
#8184=STYLED_ITEM('',(#8183),#8181);
#8185=CARTESIAN_POINT('',(-5.75E-1,8.5E-2,3.5E-1));
#8186=DIRECTION('',(0.E0,1.E0,0.E0));
#8187=DIRECTION('',(0.E0,0.E0,-1.E0));
#8188=AXIS2_PLACEMENT_3D('',#8185,#8186,#8187);
#8190=CURVE_STYLE('',#35,POSITIVE_LENGTH_MEASURE(2.E-2),#9);
#8191=PRESENTATION_STYLE_ASSIGNMENT((#8190));
#8192=STYLED_ITEM('',(#8191),#8189);
#8193=DIRECTION('',(-1.E0,0.E0,0.E0));
#8194=VECTOR('',#8193,1.15E0);
#8195=CARTESIAN_POINT('',(5.75E-1,8.5E-2,3.E-1));
#8196=LINE('',#8195,#8194);
#8197=CURVE_STYLE('',#35,POSITIVE_LENGTH_MEASURE(2.E-2),#9);
#8198=PRESENTATION_STYLE_ASSIGNMENT((#8197));
#8199=STYLED_ITEM('',(#8198),#8196);
#8200=CARTESIAN_POINT('',(5.75E-1,8.5E-2,3.5E-1));
#8201=DIRECTION('',(0.E0,1.E0,0.E0));
#8202=DIRECTION('',(1.E0,0.E0,0.E0));
#8203=AXIS2_PLACEMENT_3D('',#8200,#8201,#8202);
#8205=CURVE_STYLE('',#35,POSITIVE_LENGTH_MEASURE(2.E-2),#9);
#8206=PRESENTATION_STYLE_ASSIGNMENT((#8205));
#8207=STYLED_ITEM('',(#8206),#8204);
#8208=DIRECTION('',(0.E0,0.E0,-1.E0));
#8209=VECTOR('',#8208,5.999999999796E-1);
#8210=CARTESIAN_POINT('',(6.25E-1,8.5E-2,9.499999999796E-1));
#8211=LINE('',#8210,#8209);
#8212=CURVE_STYLE('',#35,POSITIVE_LENGTH_MEASURE(2.E-2),#9);
#8213=PRESENTATION_STYLE_ASSIGNMENT((#8212));
#8214=STYLED_ITEM('',(#8213),#8211);
#8215=DIRECTION('',(2.790727860930E-1,7.814038010603E-1,-5.581455721859E-1));
#8216=VECTOR('',#8215,8.958236433584E-2);
#8217=CARTESIAN_POINT('',(-6.5E-1,1.5E-2,1.E0));
#8218=LINE('',#8217,#8216);
#8219=CURVE_STYLE('',#35,POSITIVE_LENGTH_MEASURE(2.E-2),#9);
#8220=PRESENTATION_STYLE_ASSIGNMENT((#8219));
#8221=STYLED_ITEM('',(#8220),#8218);
#8222=CARTESIAN_POINT('',(-6.E-1,1.5E-2,1.E0));
#8223=DIRECTION('',(0.E0,1.E0,0.E0));
#8224=DIRECTION('',(-1.E0,0.E0,0.E0));
#8225=AXIS2_PLACEMENT_3D('',#8222,#8223,#8224);
#8227=CURVE_STYLE('',#35,POSITIVE_LENGTH_MEASURE(2.E-2),#9);
#8228=PRESENTATION_STYLE_ASSIGNMENT((#8227));
#8229=STYLED_ITEM('',(#8228),#8226);
#8230=CARTESIAN_POINT('',(6.E-1,0.E0,1.E0));
#8231=DIRECTION('',(0.E0,-1.E0,0.E0));
#8232=DIRECTION('',(1.E0,0.E0,0.E0));
#8233=AXIS2_PLACEMENT_3D('',#8230,#8231,#8232);
#8235=CURVE_STYLE('',#35,POSITIVE_LENGTH_MEASURE(2.E-2),#9);
#8236=PRESENTATION_STYLE_ASSIGNMENT((#8235));
#8237=STYLED_ITEM('',(#8236),#8234);
#8238=DIRECTION('',(0.E0,0.E0,1.E0));
#8239=VECTOR('',#8238,6.5E-1);
#8240=CARTESIAN_POINT('',(6.5E-1,0.E0,3.5E-1));
#8241=LINE('',#8240,#8239);
#8242=CURVE_STYLE('',#35,POSITIVE_LENGTH_MEASURE(2.E-2),#9);
#8243=PRESENTATION_STYLE_ASSIGNMENT((#8242));
#8244=STYLED_ITEM('',(#8243),#8241);
#8245=CARTESIAN_POINT('',(6.E-1,0.E0,3.5E-1));
#8246=DIRECTION('',(0.E0,-1.E0,0.E0));
#8247=DIRECTION('',(0.E0,0.E0,-1.E0));
#8248=AXIS2_PLACEMENT_3D('',#8245,#8246,#8247);
#8250=CURVE_STYLE('',#35,POSITIVE_LENGTH_MEASURE(2.E-2),#9);
#8251=PRESENTATION_STYLE_ASSIGNMENT((#8250));
#8252=STYLED_ITEM('',(#8251),#8249);
#8253=DIRECTION('',(1.E0,0.E0,0.E0));
#8254=VECTOR('',#8253,1.2E0);
#8255=CARTESIAN_POINT('',(-6.E-1,0.E0,3.E-1));
#8256=LINE('',#8255,#8254);
#8257=CURVE_STYLE('',#35,POSITIVE_LENGTH_MEASURE(2.E-2),#9);
#8258=PRESENTATION_STYLE_ASSIGNMENT((#8257));
#8259=STYLED_ITEM('',(#8258),#8256);
#8260=CARTESIAN_POINT('',(-6.E-1,0.E0,3.5E-1));
#8261=DIRECTION('',(0.E0,-1.E0,0.E0));
#8262=DIRECTION('',(-1.E0,0.E0,0.E0));
#8263=AXIS2_PLACEMENT_3D('',#8260,#8261,#8262);
#8265=CURVE_STYLE('',#35,POSITIVE_LENGTH_MEASURE(2.E-2),#9);
#8266=PRESENTATION_STYLE_ASSIGNMENT((#8265));
#8267=STYLED_ITEM('',(#8266),#8264);
#8268=DIRECTION('',(0.E0,0.E0,-1.E0));
#8269=VECTOR('',#8268,6.5E-1);
#8270=CARTESIAN_POINT('',(-6.5E-1,0.E0,1.E0));
#8271=LINE('',#8270,#8269);
#8272=CURVE_STYLE('',#35,POSITIVE_LENGTH_MEASURE(2.E-2),#9);
#8273=PRESENTATION_STYLE_ASSIGNMENT((#8272));
#8274=STYLED_ITEM('',(#8273),#8271);
#8275=CARTESIAN_POINT('',(-6.E-1,0.E0,1.E0));
#8276=DIRECTION('',(0.E0,-1.E0,0.E0));
#8277=DIRECTION('',(0.E0,0.E0,1.E0));
#8278=AXIS2_PLACEMENT_3D('',#8275,#8276,#8277);
#8280=CURVE_STYLE('',#35,POSITIVE_LENGTH_MEASURE(2.E-2),#9);
#8281=PRESENTATION_STYLE_ASSIGNMENT((#8280));
#8282=STYLED_ITEM('',(#8281),#8279);
#8283=DIRECTION('',(-1.E0,0.E0,0.E0));
#8284=VECTOR('',#8283,1.2E0);
#8285=CARTESIAN_POINT('',(6.E-1,0.E0,1.05E0));
#8286=LINE('',#8285,#8284);
#8287=CURVE_STYLE('',#35,POSITIVE_LENGTH_MEASURE(2.E-2),#9);
#8288=PRESENTATION_STYLE_ASSIGNMENT((#8287));
#8289=STYLED_ITEM('',(#8288),#8286);
#8290=DIRECTION('',(0.E0,0.E0,-1.E0));
#8291=VECTOR('',#8290,6.5E-1);
#8292=CARTESIAN_POINT('',(6.5E-1,1.5E-2,1.E0));
#8293=LINE('',#8292,#8291);
#8294=CURVE_STYLE('',#35,POSITIVE_LENGTH_MEASURE(2.E-2),#9);
#8295=PRESENTATION_STYLE_ASSIGNMENT((#8294));
#8296=STYLED_ITEM('',(#8295),#8293);
#8297=DIRECTION('',(0.E0,1.E0,0.E0));
#8298=VECTOR('',#8297,1.5E-2);
#8299=CARTESIAN_POINT('',(6.5E-1,0.E0,3.5E-1));
#8300=LINE('',#8299,#8298);
#8301=CURVE_STYLE('',#35,POSITIVE_LENGTH_MEASURE(2.E-2),#9);
#8302=PRESENTATION_STYLE_ASSIGNMENT((#8301));
#8303=STYLED_ITEM('',(#8302),#8300);
#8304=DIRECTION('',(0.E0,1.E0,0.E0));
#8305=VECTOR('',#8304,1.5E-2);
#8306=CARTESIAN_POINT('',(6.5E-1,0.E0,1.E0));
#8307=LINE('',#8306,#8305);
#8308=CURVE_STYLE('',#35,POSITIVE_LENGTH_MEASURE(2.E-2),#9);
#8309=PRESENTATION_STYLE_ASSIGNMENT((#8308));
#8310=STYLED_ITEM('',(#8309),#8307);
#8311=DIRECTION('',(-2.790727860575E-1,7.814038009609E-1,-5.581455723428E-1));
#8312=VECTOR('',#8311,8.958236434724E-2);
#8313=CARTESIAN_POINT('',(6.5E-1,1.5E-2,1.E0));
#8314=LINE('',#8313,#8312);
#8315=CURVE_STYLE('',#35,POSITIVE_LENGTH_MEASURE(2.E-2),#9);
#8316=PRESENTATION_STYLE_ASSIGNMENT((#8315));
#8317=STYLED_ITEM('',(#8316),#8314);
#8318=DIRECTION('',(-3.363363969982E-1,9.417419115948E-1,0.E0));
#8319=VECTOR('',#8318,7.433034373659E-2);
#8320=CARTESIAN_POINT('',(6.5E-1,1.5E-2,3.5E-1));
#8321=LINE('',#8320,#8319);
#8322=CURVE_STYLE('',#35,POSITIVE_LENGTH_MEASURE(2.E-2),#9);
#8323=PRESENTATION_STYLE_ASSIGNMENT((#8322));
#8324=STYLED_ITEM('',(#8323),#8321);
#8325=CARTESIAN_POINT('',(6.E-1,1.5E-2,3.5E-1));
#8326=DIRECTION('',(0.E0,1.E0,0.E0));
#8327=DIRECTION('',(1.E0,0.E0,0.E0));
#8328=AXIS2_PLACEMENT_3D('',#8325,#8326,#8327);
#8330=CURVE_STYLE('',#35,POSITIVE_LENGTH_MEASURE(2.E-2),#9);
#8331=PRESENTATION_STYLE_ASSIGNMENT((#8330));
#8332=STYLED_ITEM('',(#8331),#8329);
#8333=DIRECTION('',(3.897006531568E-8,1.E0,0.E0));
#8334=VECTOR('',#8333,1.499999672652E-2);
#8335=CARTESIAN_POINT('',(6.E-1,0.E0,3.E-1));
#8336=LINE('',#8335,#8334);
#8337=CURVE_STYLE('',#35,POSITIVE_LENGTH_MEASURE(2.E-2),#9);
#8338=PRESENTATION_STYLE_ASSIGNMENT((#8337));
#8339=STYLED_ITEM('',(#8338),#8336);
#8340=DIRECTION('',(-3.363363900235E-1,9.417419140858E-1,0.E0));
#8341=VECTOR('',#8340,7.433034701598E-2);
#8342=CARTESIAN_POINT('',(6.000000005846E-1,1.499999672652E-2,3.E-1));
#8343=LINE('',#8342,#8341);
#8344=CURVE_STYLE('',#35,POSITIVE_LENGTH_MEASURE(2.E-2),#9);
#8345=PRESENTATION_STYLE_ASSIGNMENT((#8344));
#8346=STYLED_ITEM('',(#8345),#8343);
#8347=DIRECTION('',(-1.441370842820E-8,1.E0,0.E0));
#8348=VECTOR('',#8347,1.499999878925E-2);
#8349=CARTESIAN_POINT('',(-6.E-1,0.E0,3.E-1));
#8350=LINE('',#8349,#8348);
#8351=CURVE_STYLE('',#35,POSITIVE_LENGTH_MEASURE(2.E-2),#9);
#8352=PRESENTATION_STYLE_ASSIGNMENT((#8351));
#8353=STYLED_ITEM('',(#8352),#8350);
#8354=DIRECTION('',(3.363363944185E-1,9.417419125161E-1,0.E0));
#8355=VECTOR('',#8354,7.433034494953E-2);
#8356=CARTESIAN_POINT('',(-6.000000002162E-1,1.499999878925E-2,3.E-1));
#8357=LINE('',#8356,#8355);
#8358=CURVE_STYLE('',#35,POSITIVE_LENGTH_MEASURE(2.E-2),#9);
#8359=PRESENTATION_STYLE_ASSIGNMENT((#8358));
#8360=STYLED_ITEM('',(#8359),#8357);
#8361=CARTESIAN_POINT('',(-6.E-1,1.5E-2,3.5E-1));
#8362=DIRECTION('',(0.E0,1.E0,0.E0));
#8363=DIRECTION('',(0.E0,0.E0,-1.E0));
#8364=AXIS2_PLACEMENT_3D('',#8361,#8362,#8363);
#8366=CURVE_STYLE('',#35,POSITIVE_LENGTH_MEASURE(2.E-2),#9);
#8367=PRESENTATION_STYLE_ASSIGNMENT((#8366));
#8368=STYLED_ITEM('',(#8367),#8365);
#8369=DIRECTION('',(0.E0,0.E0,1.E0));
#8370=VECTOR('',#8369,6.5E-1);
#8371=CARTESIAN_POINT('',(-6.5E-1,1.5E-2,3.5E-1));
#8372=LINE('',#8371,#8370);
#8373=CURVE_STYLE('',#35,POSITIVE_LENGTH_MEASURE(2.E-2),#9);
#8374=PRESENTATION_STYLE_ASSIGNMENT((#8373));
#8375=STYLED_ITEM('',(#8374),#8372);
#8376=DIRECTION('',(0.E0,1.E0,0.E0));
#8377=VECTOR('',#8376,1.5E-2);
#8378=CARTESIAN_POINT('',(-6.5E-1,0.E0,1.E0));
#8379=LINE('',#8378,#8377);
#8380=CURVE_STYLE('',#35,POSITIVE_LENGTH_MEASURE(2.E-2),#9);
#8381=PRESENTATION_STYLE_ASSIGNMENT((#8380));
#8382=STYLED_ITEM('',(#8381),#8379);
#8383=DIRECTION('',(0.E0,1.E0,0.E0));
#8384=VECTOR('',#8383,1.5E-2);
#8385=CARTESIAN_POINT('',(-6.5E-1,0.E0,3.5E-1));
#8386=LINE('',#8385,#8384);
#8387=CURVE_STYLE('',#35,POSITIVE_LENGTH_MEASURE(2.E-2),#9);
#8388=PRESENTATION_STYLE_ASSIGNMENT((#8387));
#8389=STYLED_ITEM('',(#8388),#8386);
#8390=DIRECTION('',(3.363363969982E-1,9.417419115948E-1,0.E0));
#8391=VECTOR('',#8390,7.433034373659E-2);
#8392=CARTESIAN_POINT('',(-6.5E-1,1.5E-2,3.5E-1));
#8393=LINE('',#8392,#8391);
#8394=CURVE_STYLE('',#35,POSITIVE_LENGTH_MEASURE(2.E-2),#9);
#8395=PRESENTATION_STYLE_ASSIGNMENT((#8394));
#8396=STYLED_ITEM('',(#8395),#8393);
#8397=CARTESIAN_POINT('',(6.5E-1,0.E0,1.E0));
#8398=CARTESIAN_POINT('',(6.E-1,0.E0,1.05E0));
#8399=VERTEX_POINT('',#8397);
#8400=VERTEX_POINT('',#8398);
#8401=CARTESIAN_POINT('',(6.E-1,0.E0,3.E-1));
#8402=CARTESIAN_POINT('',(6.5E-1,0.E0,3.5E-1));
#8403=VERTEX_POINT('',#8401);
#8404=VERTEX_POINT('',#8402);
#8405=CARTESIAN_POINT('',(-6.5E-1,0.E0,3.5E-1));
#8406=CARTESIAN_POINT('',(-6.E-1,0.E0,3.E-1));
#8407=VERTEX_POINT('',#8405);
#8408=VERTEX_POINT('',#8406);
#8409=CARTESIAN_POINT('',(-6.E-1,0.E0,1.05E0));
#8410=CARTESIAN_POINT('',(-6.5E-1,0.E0,1.E0));
#8411=VERTEX_POINT('',#8409);
#8412=VERTEX_POINT('',#8410);
#8413=CARTESIAN_POINT('',(5.75E-1,8.5E-2,1.E0));
#8414=CARTESIAN_POINT('',(6.25E-1,8.5E-2,9.5E-1));
#8415=VERTEX_POINT('',#8413);
#8416=VERTEX_POINT('',#8414);
#8417=CARTESIAN_POINT('',(6.25E-1,8.5E-2,3.5E-1));
#8418=VERTEX_POINT('',#8417);
#8419=CARTESIAN_POINT('',(5.75E-1,8.5E-2,3.E-1));
#8420=VERTEX_POINT('',#8419);
#8421=CARTESIAN_POINT('',(-5.75E-1,8.5E-2,3.E-1));
#8422=VERTEX_POINT('',#8421);
#8423=CARTESIAN_POINT('',(-6.25E-1,8.5E-2,3.5E-1));
#8424=VERTEX_POINT('',#8423);
#8425=CARTESIAN_POINT('',(-6.25E-1,8.5E-2,9.5E-1));
#8426=VERTEX_POINT('',#8425);
#8427=CARTESIAN_POINT('',(-5.75E-1,8.5E-2,1.E0));
#8428=VERTEX_POINT('',#8427);
#8429=CARTESIAN_POINT('',(6.E-1,1.5E-2,1.05E0));
#8430=CARTESIAN_POINT('',(6.5E-1,1.5E-2,1.E0));
#8431=VERTEX_POINT('',#8429);
#8432=VERTEX_POINT('',#8430);
#8433=CARTESIAN_POINT('',(6.5E-1,1.5E-2,3.5E-1));
#8434=VERTEX_POINT('',#8433);
#8435=CARTESIAN_POINT('',(6.E-1,1.5E-2,3.E-1));
#8436=VERTEX_POINT('',#8435);
#8437=CARTESIAN_POINT('',(-6.E-1,1.5E-2,3.E-1));
#8438=CARTESIAN_POINT('',(-6.5E-1,1.5E-2,3.5E-1));
#8439=VERTEX_POINT('',#8437);
#8440=VERTEX_POINT('',#8438);
#8441=CARTESIAN_POINT('',(-6.5E-1,1.5E-2,1.E0));
#8442=VERTEX_POINT('',#8441);
#8443=CARTESIAN_POINT('',(-6.E-1,1.5E-2,1.05E0));
#8444=VERTEX_POINT('',#8443);
#8445=CARTESIAN_POINT('',(0.E0,5.E-2,1.025E0));
#8446=DIRECTION('',(0.E0,5.812381937191E-1,8.137334712067E-1));
#8447=DIRECTION('',(1.E0,0.E0,0.E0));
#8448=AXIS2_PLACEMENT_3D('',#8445,#8446,#8447);
#8449=PLANE('',#8448);
#8451=ORIENTED_EDGE('',*,*,#8450,.F.);
#8453=ORIENTED_EDGE('',*,*,#8452,.T.);
#8455=ORIENTED_EDGE('',*,*,#8454,.T.);
#8457=ORIENTED_EDGE('',*,*,#8456,.F.);
#8458=EDGE_LOOP('',(#8451,#8453,#8455,#8457));
#8459=FACE_OUTER_BOUND('',#8458,.F.);
#8461=CARTESIAN_POINT('',(6.5E-1,0.E0,1.05E0));
#8462=DIRECTION('',(0.E0,0.E0,-1.E0));
#8463=DIRECTION('',(-1.E0,0.E0,0.E0));
#8464=AXIS2_PLACEMENT_3D('',#8461,#8462,#8463);
#8465=PLANE('',#8464);
#8466=ORIENTED_EDGE('',*,*,#8450,.T.);
#8468=ORIENTED_EDGE('',*,*,#8467,.F.);
#8470=ORIENTED_EDGE('',*,*,#8469,.T.);
#8472=ORIENTED_EDGE('',*,*,#8471,.T.);
#8473=EDGE_LOOP('',(#8466,#8468,#8470,#8472));
#8474=FACE_OUTER_BOUND('',#8473,.F.);
#8476=CARTESIAN_POINT('',(6.E-1,-6.1638E-2,1.E0));
#8477=DIRECTION('',(0.E0,1.E0,0.E0));
#8478=DIRECTION('',(0.E0,0.E0,1.E0));
#8479=AXIS2_PLACEMENT_3D('',#8476,#8477,#8478);
#8480=CYLINDRICAL_SURFACE('',#8479,5.E-2);
#8482=ORIENTED_EDGE('',*,*,#8481,.T.);
#8484=ORIENTED_EDGE('',*,*,#8483,.F.);
#8486=ORIENTED_EDGE('',*,*,#8485,.T.);
#8487=ORIENTED_EDGE('',*,*,#8467,.T.);
#8488=EDGE_LOOP('',(#8482,#8484,#8486,#8487));
#8489=FACE_OUTER_BOUND('',#8488,.F.);
#8491=CARTESIAN_POINT('',(5.978578484127E-1,1.267624922964E-2,
1.051571412256E0));
#8492=CARTESIAN_POINT('',(5.889712410864E-1,3.755874974321E-2,
1.033798197604E0));
#8493=CARTESIAN_POINT('',(5.800846337601E-1,6.244125025679E-2,
1.016024982951E0));
#8494=CARTESIAN_POINT('',(5.711980264339E-1,8.732375077036E-2,
9.982517682988E-1));
#8495=CARTESIAN_POINT('',(5.988473674996E-1,1.267624922964E-2,
1.051630334696E0));
#8496=CARTESIAN_POINT('',(5.899607601733E-1,3.755874974321E-2,
1.033857120043E0));
#8497=CARTESIAN_POINT('',(5.810741528470E-1,6.244125025679E-2,
1.016083905391E0));
#8498=CARTESIAN_POINT('',(5.721875455208E-1,8.732375077036E-2,
9.983106907381E-1));
#8499=CARTESIAN_POINT('',(6.129305044920E-1,1.267624922964E-2,
1.052059704748E0));
#8500=CARTESIAN_POINT('',(6.040438971658E-1,3.755874974321E-2,
1.034286490096E0));
#8501=CARTESIAN_POINT('',(5.951572898395E-1,6.244125025679E-2,
1.016513275443E0));
#8502=CARTESIAN_POINT('',(5.862706825132E-1,8.732375077036E-2,
9.987400607906E-1));
#8503=CARTESIAN_POINT('',(6.400013657249E-1,1.267624922964E-2,
1.040831276714E0));
#8504=CARTESIAN_POINT('',(6.311147583986E-1,3.755874974321E-2,
1.023058062062E0));
#8505=CARTESIAN_POINT('',(6.222281510723E-1,6.244125025679E-2,
1.005284847409E0));
#8506=CARTESIAN_POINT('',(6.133415437461E-1,8.732375077036E-2,
9.875116327567E-1));
#8507=CARTESIAN_POINT('',(6.512297937588E-1,1.267624922964E-2,
1.013760415481E0));
#8508=CARTESIAN_POINT('',(6.423431864325E-1,3.755874974321E-2,
9.959872008289E-1));
#8509=CARTESIAN_POINT('',(6.334565791063E-1,6.244125025679E-2,
9.782139861763E-1));
#8510=CARTESIAN_POINT('',(6.245699717800E-1,8.732375077036E-2,
9.604407715238E-1));
#8511=CARTESIAN_POINT('',(6.508004237063E-1,1.267624922964E-2,
9.996772784890E-1));
#8512=CARTESIAN_POINT('',(6.419138163800E-1,3.755874974321E-2,
9.819040638364E-1));
#8513=CARTESIAN_POINT('',(6.330272090537E-1,6.244125025679E-2,
9.641308491839E-1));
#8514=CARTESIAN_POINT('',(6.241406017275E-1,8.732375077036E-2,
9.463576345313E-1));
#8515=CARTESIAN_POINT('',(6.507415012670E-1,1.267624922964E-2,
9.986877594021E-1));
#8516=CARTESIAN_POINT('',(6.418548939407E-1,3.755874974321E-2,
9.809145447496E-1));
#8517=CARTESIAN_POINT('',(6.329682866145E-1,6.244125025679E-2,
9.631413300970E-1));
#8518=CARTESIAN_POINT('',(6.240816792882E-1,8.732375077036E-2,
9.453681154445E-1));
#8519=B_SPLINE_SURFACE_WITH_KNOTS('',3,3,((#8491,#8492,#8493,#8494),(#8495,
#8496,#8497,#8498),(#8499,#8500,#8501,#8502),(#8503,#8504,#8505,#8506),(#8507,
#8508,#8509,#8510),(#8511,#8512,#8513,#8514),(#8515,#8516,#8517,#8518)),
.UNSPECIFIED.,.F.,.F.,.F.,(4,1,1,1,4),(4,4),(-3.786379550386E-2,0.E0,5.E-1,1.E0,
1.037863795504E0),(-3.319643957654E-2,1.033196439577E0),.UNSPECIFIED.);
#8520=ORIENTED_EDGE('',*,*,#8481,.F.);
#8521=ORIENTED_EDGE('',*,*,#8456,.T.);
#8523=ORIENTED_EDGE('',*,*,#8522,.T.);
#8525=ORIENTED_EDGE('',*,*,#8524,.F.);
#8526=EDGE_LOOP('',(#8520,#8521,#8523,#8525));
#8527=FACE_OUTER_BOUND('',#8526,.F.);
#8529=CARTESIAN_POINT('',(0.E0,8.5E-2,0.E0));
#8530=DIRECTION('',(0.E0,1.E0,0.E0));
#8531=DIRECTION('',(0.E0,0.E0,1.E0));
#8532=AXIS2_PLACEMENT_3D('',#8529,#8530,#8531);
#8533=PLANE('',#8532);
#8534=ORIENTED_EDGE('',*,*,#8522,.F.);
#8535=ORIENTED_EDGE('',*,*,#8454,.F.);
#8537=ORIENTED_EDGE('',*,*,#8536,.F.);
#8539=ORIENTED_EDGE('',*,*,#8538,.F.);
#8541=ORIENTED_EDGE('',*,*,#8540,.F.);
#8543=ORIENTED_EDGE('',*,*,#8542,.F.);
#8545=ORIENTED_EDGE('',*,*,#8544,.F.);
#8547=ORIENTED_EDGE('',*,*,#8546,.F.);
#8548=EDGE_LOOP('',(#8534,#8535,#8537,#8539,#8541,#8543,#8545,#8547));
#8549=FACE_OUTER_BOUND('',#8548,.F.);
#8551=CARTESIAN_POINT('',(-6.507415012670E-1,1.267624922964E-2,
9.986877594021E-1));
#8552=CARTESIAN_POINT('',(-6.418548939407E-1,3.755874974321E-2,
9.809145447496E-1));
#8553=CARTESIAN_POINT('',(-6.329682866145E-1,6.244125025679E-2,
9.631413300970E-1));
#8554=CARTESIAN_POINT('',(-6.240816792882E-1,8.732375077036E-2,
9.453681154445E-1));
#8555=CARTESIAN_POINT('',(-6.508004237063E-1,1.267624922964E-2,
9.996772784890E-1));
#8556=CARTESIAN_POINT('',(-6.419138163800E-1,3.755874974321E-2,
9.819040638364E-1));
#8557=CARTESIAN_POINT('',(-6.330272090537E-1,6.244125025679E-2,
9.641308491839E-1));
#8558=CARTESIAN_POINT('',(-6.241406017275E-1,8.732375077036E-2,
9.463576345313E-1));
#8559=CARTESIAN_POINT('',(-6.512297937588E-1,1.267624922964E-2,
1.013760415481E0));
#8560=CARTESIAN_POINT('',(-6.423431864325E-1,3.755874974321E-2,
9.959872008289E-1));
#8561=CARTESIAN_POINT('',(-6.334565791063E-1,6.244125025679E-2,
9.782139861763E-1));
#8562=CARTESIAN_POINT('',(-6.245699717800E-1,8.732375077036E-2,
9.604407715238E-1));
#8563=CARTESIAN_POINT('',(-6.400013657249E-1,1.267624922964E-2,
1.040831276714E0));
#8564=CARTESIAN_POINT('',(-6.311147583986E-1,3.755874974321E-2,
1.023058062062E0));
#8565=CARTESIAN_POINT('',(-6.222281510723E-1,6.244125025679E-2,
1.005284847409E0));
#8566=CARTESIAN_POINT('',(-6.133415437461E-1,8.732375077036E-2,
9.875116327567E-1));
#8567=CARTESIAN_POINT('',(-6.129305044920E-1,1.267624922964E-2,
1.052059704748E0));
#8568=CARTESIAN_POINT('',(-6.040438971658E-1,3.755874974321E-2,
1.034286490096E0));
#8569=CARTESIAN_POINT('',(-5.951572898395E-1,6.244125025679E-2,
1.016513275443E0));
#8570=CARTESIAN_POINT('',(-5.862706825132E-1,8.732375077036E-2,
9.987400607906E-1));
#8571=CARTESIAN_POINT('',(-5.988473674996E-1,1.267624922964E-2,
1.051630334696E0));
#8572=CARTESIAN_POINT('',(-5.899607601733E-1,3.755874974321E-2,
1.033857120043E0));
#8573=CARTESIAN_POINT('',(-5.810741528470E-1,6.244125025679E-2,
1.016083905391E0));
#8574=CARTESIAN_POINT('',(-5.721875455208E-1,8.732375077036E-2,
9.983106907381E-1));
#8575=CARTESIAN_POINT('',(-5.978578484127E-1,1.267624922964E-2,
1.051571412256E0));
#8576=CARTESIAN_POINT('',(-5.889712410864E-1,3.755874974321E-2,
1.033798197604E0));
#8577=CARTESIAN_POINT('',(-5.800846337601E-1,6.244125025679E-2,
1.016024982951E0));
#8578=CARTESIAN_POINT('',(-5.711980264339E-1,8.732375077036E-2,
9.982517682988E-1));
#8579=B_SPLINE_SURFACE_WITH_KNOTS('',3,3,((#8551,#8552,#8553,#8554),(#8555,
#8556,#8557,#8558),(#8559,#8560,#8561,#8562),(#8563,#8564,#8565,#8566),(#8567,
#8568,#8569,#8570),(#8571,#8572,#8573,#8574),(#8575,#8576,#8577,#8578)),
.UNSPECIFIED.,.F.,.F.,.F.,(4,1,1,1,4),(4,4),(-3.786379550386E-2,0.E0,5.E-1,1.E0,
1.037863795504E0),(-3.319643957654E-2,1.033196439577E0),.UNSPECIFIED.);
#8581=ORIENTED_EDGE('',*,*,#8580,.F.);
#8583=ORIENTED_EDGE('',*,*,#8582,.T.);
#8584=ORIENTED_EDGE('',*,*,#8536,.T.);
#8585=ORIENTED_EDGE('',*,*,#8452,.F.);
#8586=EDGE_LOOP('',(#8581,#8583,#8584,#8585));
#8587=FACE_OUTER_BOUND('',#8586,.F.);
#8589=CARTESIAN_POINT('',(-6.E-1,-6.1638E-2,1.E0));
#8590=DIRECTION('',(0.E0,1.E0,0.E0));
#8591=DIRECTION('',(-1.E0,0.E0,0.E0));
#8592=AXIS2_PLACEMENT_3D('',#8589,#8590,#8591);
#8593=CYLINDRICAL_SURFACE('',#8592,5.E-2);
#8594=ORIENTED_EDGE('',*,*,#8580,.T.);
#8595=ORIENTED_EDGE('',*,*,#8471,.F.);
#8597=ORIENTED_EDGE('',*,*,#8596,.T.);
#8599=ORIENTED_EDGE('',*,*,#8598,.T.);
#8600=EDGE_LOOP('',(#8594,#8595,#8597,#8599));
#8601=FACE_OUTER_BOUND('',#8600,.F.);
#8603=CARTESIAN_POINT('',(0.E0,0.E0,0.E0));
#8604=DIRECTION('',(0.E0,-1.E0,0.E0));
#8605=DIRECTION('',(1.E0,0.E0,0.E0));
#8606=AXIS2_PLACEMENT_3D('',#8603,#8604,#8605);
#8607=PLANE('',#8606);
#8608=ORIENTED_EDGE('',*,*,#8485,.F.);
#8610=ORIENTED_EDGE('',*,*,#8609,.F.);
#8612=ORIENTED_EDGE('',*,*,#8611,.F.);
#8614=ORIENTED_EDGE('',*,*,#8613,.F.);
#8616=ORIENTED_EDGE('',*,*,#8615,.F.);
#8618=ORIENTED_EDGE('',*,*,#8617,.F.);
#8619=ORIENTED_EDGE('',*,*,#8596,.F.);
#8620=ORIENTED_EDGE('',*,*,#8469,.F.);
#8621=EDGE_LOOP('',(#8608,#8610,#8612,#8614,#8616,#8618,#8619,#8620));
#8622=FACE_OUTER_BOUND('',#8621,.F.);
#8624=CARTESIAN_POINT('',(6.5E-1,0.E0,3.E-1));
#8625=DIRECTION('',(-1.E0,0.E0,0.E0));
#8626=DIRECTION('',(0.E0,0.E0,1.E0));
#8627=AXIS2_PLACEMENT_3D('',#8624,#8625,#8626);
#8628=PLANE('',#8627);
#8630=ORIENTED_EDGE('',*,*,#8629,.T.);
#8632=ORIENTED_EDGE('',*,*,#8631,.F.);
#8633=ORIENTED_EDGE('',*,*,#8609,.T.);
#8634=ORIENTED_EDGE('',*,*,#8483,.T.);
#8635=EDGE_LOOP('',(#8630,#8632,#8633,#8634));
#8636=FACE_OUTER_BOUND('',#8635,.F.);
#8638=CARTESIAN_POINT('',(6.375E-1,5.E-2,6.624999999847E-1));
#8639=DIRECTION('',(9.417419115948E-1,3.363363969982E-1,0.E0));
#8640=DIRECTION('',(0.E0,0.E0,-1.E0));
#8641=AXIS2_PLACEMENT_3D('',#8638,#8639,#8640);
#8642=PLANE('',#8641);
#8643=ORIENTED_EDGE('',*,*,#8629,.F.);
#8644=ORIENTED_EDGE('',*,*,#8524,.T.);
#8645=ORIENTED_EDGE('',*,*,#8546,.T.);
#8647=ORIENTED_EDGE('',*,*,#8646,.F.);
#8648=EDGE_LOOP('',(#8643,#8644,#8645,#8647));
#8649=FACE_OUTER_BOUND('',#8648,.F.);
#8651=CARTESIAN_POINT('',(6.509117944369E-1,1.219942835388E-2,
3.529720625767E-1));
#8652=CARTESIAN_POINT('',(6.419116589153E-1,3.739980781455E-2,
3.529720625767E-1));
#8653=CARTESIAN_POINT('',(6.329115233936E-1,6.260018727522E-2,
3.529720625767E-1));
#8654=CARTESIAN_POINT('',(6.239113878719E-1,8.780056673589E-2,
3.529720625767E-1));
#8655=CARTESIAN_POINT('',(6.509707168762E-1,1.219942835388E-2,
3.519825434898E-1));
#8656=CARTESIAN_POINT('',(6.419705813545E-1,3.739980781455E-2,
3.519825434898E-1));
#8657=CARTESIAN_POINT('',(6.329704458329E-1,6.260018727522E-2,
3.519825434898E-1));
#8658=CARTESIAN_POINT('',(6.239703103112E-1,8.780056673589E-2,
3.519825434898E-1));
#8659=CARTESIAN_POINT('',(6.514000869287E-1,1.219942835388E-2,
3.378994064974E-1));
#8660=CARTESIAN_POINT('',(6.423999514071E-1,3.739980781455E-2,
3.378994064974E-1));
#8661=CARTESIAN_POINT('',(6.333998158854E-1,6.260018727522E-2,
3.378994064974E-1));
#8662=CARTESIAN_POINT('',(6.243996803637E-1,8.780056673589E-2,
3.378994064974E-1));
#8663=CARTESIAN_POINT('',(6.401716588948E-1,1.219942835388E-2,
3.108285452645E-1));
#8664=CARTESIAN_POINT('',(6.311715233731E-1,3.739980781455E-2,
3.108285452645E-1));
#8665=CARTESIAN_POINT('',(6.221713878515E-1,6.260018727522E-2,
3.108285452645E-1));
#8666=CARTESIAN_POINT('',(6.131712523298E-1,8.780056673589E-2,
3.108285452645E-1));
#8667=CARTESIAN_POINT('',(6.131007976619E-1,1.219942835388E-2,
2.996001172306E-1));
#8668=CARTESIAN_POINT('',(6.041006621403E-1,3.739980781455E-2,
2.996001172306E-1));
#8669=CARTESIAN_POINT('',(5.951005266186E-1,6.260018727522E-2,
2.996001172306E-1));
#8670=CARTESIAN_POINT('',(5.861003910969E-1,8.780056673589E-2,
2.996001172306E-1));
#8671=CARTESIAN_POINT('',(5.990176606695E-1,1.219942835388E-2,
3.000294872831E-1));
#8672=CARTESIAN_POINT('',(5.900175251478E-1,3.739980781455E-2,
3.000294872831E-1));
#8673=CARTESIAN_POINT('',(5.810173896262E-1,6.260018727522E-2,
3.000294872831E-1));
#8674=CARTESIAN_POINT('',(5.720172541045E-1,8.780056673589E-2,
3.000294872831E-1));
#8675=CARTESIAN_POINT('',(5.980281415826E-1,1.219942835388E-2,
3.000884097224E-1));
#8676=CARTESIAN_POINT('',(5.890280060609E-1,3.739980781455E-2,
3.000884097224E-1));
#8677=CARTESIAN_POINT('',(5.800278705393E-1,6.260018727522E-2,
3.000884097224E-1));
#8678=CARTESIAN_POINT('',(5.710277350176E-1,8.780056673589E-2,
3.000884097224E-1));
#8679=B_SPLINE_SURFACE_WITH_KNOTS('',3,3,((#8651,#8652,#8653,#8654),(#8655,
#8656,#8657,#8658),(#8659,#8660,#8661,#8662),(#8663,#8664,#8665,#8666),(#8667,
#8668,#8669,#8670),(#8671,#8672,#8673,#8674),(#8675,#8676,#8677,#8678)),
.UNSPECIFIED.,.F.,.F.,.F.,(4,1,1,1,4),(4,4),(-3.786379550386E-2,0.E0,5.E-1,1.E0,
1.037863795504E0),(-4.000816637308E-2,1.040008096227E0),.UNSPECIFIED.);
#8681=ORIENTED_EDGE('',*,*,#8680,.F.);
#8682=ORIENTED_EDGE('',*,*,#8646,.T.);
#8683=ORIENTED_EDGE('',*,*,#8544,.T.);
#8685=ORIENTED_EDGE('',*,*,#8684,.F.);
#8686=EDGE_LOOP('',(#8681,#8682,#8683,#8685));
#8687=FACE_OUTER_BOUND('',#8686,.F.);
#8689=CARTESIAN_POINT('',(6.E-1,-6.1638E-2,3.5E-1));
#8690=DIRECTION('',(0.E0,1.E0,0.E0));
#8691=DIRECTION('',(1.E0,0.E0,0.E0));
#8692=AXIS2_PLACEMENT_3D('',#8689,#8690,#8691);
#8693=CYLINDRICAL_SURFACE('',#8692,5.E-2);
#8694=ORIENTED_EDGE('',*,*,#8680,.T.);
#8696=ORIENTED_EDGE('',*,*,#8695,.F.);
#8697=ORIENTED_EDGE('',*,*,#8611,.T.);
#8698=ORIENTED_EDGE('',*,*,#8631,.T.);
#8699=EDGE_LOOP('',(#8694,#8696,#8697,#8698));
#8700=FACE_OUTER_BOUND('',#8699,.F.);
#8702=CARTESIAN_POINT('',(-6.5E-1,0.E0,3.E-1));
#8703=DIRECTION('',(0.E0,0.E0,1.E0));
#8704=DIRECTION('',(1.E0,0.E0,0.E0));
#8705=AXIS2_PLACEMENT_3D('',#8702,#8703,#8704);
#8706=PLANE('',#8705);
#8707=ORIENTED_EDGE('',*,*,#8695,.T.);
#8708=ORIENTED_EDGE('',*,*,#8684,.T.);
#8709=ORIENTED_EDGE('',*,*,#8542,.T.);
#8711=ORIENTED_EDGE('',*,*,#8710,.F.);
#8713=ORIENTED_EDGE('',*,*,#8712,.F.);
#8714=ORIENTED_EDGE('',*,*,#8613,.T.);
#8715=EDGE_LOOP('',(#8707,#8708,#8709,#8711,#8713,#8714));
#8716=FACE_OUTER_BOUND('',#8715,.F.);
#8718=CARTESIAN_POINT('',(-5.980281404776E-1,1.219943144798E-2,
3.000884097224E-1));
#8719=CARTESIAN_POINT('',(-5.890280053243E-1,3.739980987729E-2,
3.000884097224E-1));
#8720=CARTESIAN_POINT('',(-5.800278701709E-1,6.260018830659E-2,
3.000884097224E-1));
#8721=CARTESIAN_POINT('',(-5.710277350176E-1,8.780056673589E-2,
3.000884097224E-1));
#8722=CARTESIAN_POINT('',(-5.990176595645E-1,1.219943144798E-2,
3.000294872831E-1));
#8723=CARTESIAN_POINT('',(-5.900175244111E-1,3.739980987729E-2,
3.000294872831E-1));
#8724=CARTESIAN_POINT('',(-5.810173892578E-1,6.260018830659E-2,
3.000294872831E-1));
#8725=CARTESIAN_POINT('',(-5.720172541045E-1,8.780056673589E-2,
3.000294872831E-1));
#8726=CARTESIAN_POINT('',(-6.131007965569E-1,1.219943144798E-2,
2.996001172306E-1));
#8727=CARTESIAN_POINT('',(-6.041006614036E-1,3.739980987729E-2,
2.996001172306E-1));
#8728=CARTESIAN_POINT('',(-5.951005262503E-1,6.260018830659E-2,
2.996001172306E-1));
#8729=CARTESIAN_POINT('',(-5.861003910969E-1,8.780056673589E-2,
2.996001172306E-1));
#8730=CARTESIAN_POINT('',(-6.401716577898E-1,1.219943144798E-2,
3.108285452645E-1));
#8731=CARTESIAN_POINT('',(-6.311715226365E-1,3.739980987729E-2,
3.108285452645E-1));
#8732=CARTESIAN_POINT('',(-6.221713874831E-1,6.260018830659E-2,
3.108285452645E-1));
#8733=CARTESIAN_POINT('',(-6.131712523298E-1,8.780056673589E-2,
3.108285452645E-1));
#8734=CARTESIAN_POINT('',(-6.514000858237E-1,1.219943144798E-2,
3.378994064974E-1));
#8735=CARTESIAN_POINT('',(-6.423999506704E-1,3.739980987729E-2,
3.378994064974E-1));
#8736=CARTESIAN_POINT('',(-6.333998155170E-1,6.260018830659E-2,
3.378994064974E-1));
#8737=CARTESIAN_POINT('',(-6.243996803637E-1,8.780056673589E-2,
3.378994064974E-1));
#8738=CARTESIAN_POINT('',(-6.509707157712E-1,1.219943144798E-2,
3.519825434898E-1));
#8739=CARTESIAN_POINT('',(-6.419705806179E-1,3.739980987729E-2,
3.519825434898E-1));
#8740=CARTESIAN_POINT('',(-6.329704454645E-1,6.260018830659E-2,
3.519825434898E-1));
#8741=CARTESIAN_POINT('',(-6.239703103112E-1,8.780056673589E-2,
3.519825434898E-1));
#8742=CARTESIAN_POINT('',(-6.509117933319E-1,1.219943144798E-2,
3.529720625767E-1));
#8743=CARTESIAN_POINT('',(-6.419116581786E-1,3.739980987729E-2,
3.529720625767E-1));
#8744=CARTESIAN_POINT('',(-6.329115230253E-1,6.260018830659E-2,
3.529720625767E-1));
#8745=CARTESIAN_POINT('',(-6.239113878719E-1,8.780056673589E-2,
3.529720625767E-1));
#8746=B_SPLINE_SURFACE_WITH_KNOTS('',3,3,((#8718,#8719,#8720,#8721),(#8722,
#8723,#8724,#8725),(#8726,#8727,#8728,#8729),(#8730,#8731,#8732,#8733),(#8734,
#8735,#8736,#8737),(#8738,#8739,#8740,#8741),(#8742,#8743,#8744,#8745)),
.UNSPECIFIED.,.F.,.F.,.F.,(4,1,1,1,4),(4,4),(-3.786379550386E-2,0.E0,5.E-1,1.E0,
1.037863795504E0),(-4.000812217165E-2,1.040008096227E0),.UNSPECIFIED.);
#8748=ORIENTED_EDGE('',*,*,#8747,.F.);
#8749=ORIENTED_EDGE('',*,*,#8710,.T.);
#8750=ORIENTED_EDGE('',*,*,#8540,.T.);
#8752=ORIENTED_EDGE('',*,*,#8751,.F.);
#8753=EDGE_LOOP('',(#8748,#8749,#8750,#8752));
#8754=FACE_OUTER_BOUND('',#8753,.F.);
#8756=CARTESIAN_POINT('',(-6.E-1,-6.1638E-2,3.5E-1));
#8757=DIRECTION('',(0.E0,1.E0,0.E0));
#8758=DIRECTION('',(0.E0,0.E0,-1.E0));
#8759=AXIS2_PLACEMENT_3D('',#8756,#8757,#8758);
#8760=CYLINDRICAL_SURFACE('',#8759,5.E-2);
#8761=ORIENTED_EDGE('',*,*,#8747,.T.);
#8763=ORIENTED_EDGE('',*,*,#8762,.F.);
#8764=ORIENTED_EDGE('',*,*,#8615,.T.);
#8765=ORIENTED_EDGE('',*,*,#8712,.T.);
#8766=EDGE_LOOP('',(#8761,#8763,#8764,#8765));
#8767=FACE_OUTER_BOUND('',#8766,.F.);
#8769=CARTESIAN_POINT('',(-6.5E-1,0.E0,1.05E0));
#8770=DIRECTION('',(1.E0,0.E0,0.E0));
#8771=DIRECTION('',(0.E0,0.E0,-1.E0));
#8772=AXIS2_PLACEMENT_3D('',#8769,#8770,#8771);
#8773=PLANE('',#8772);
#8775=ORIENTED_EDGE('',*,*,#8774,.T.);
#8776=ORIENTED_EDGE('',*,*,#8598,.F.);
#8777=ORIENTED_EDGE('',*,*,#8617,.T.);
#8778=ORIENTED_EDGE('',*,*,#8762,.T.);
#8779=EDGE_LOOP('',(#8775,#8776,#8777,#8778));
#8780=FACE_OUTER_BOUND('',#8779,.F.);
#8782=CARTESIAN_POINT('',(-6.375E-1,5.E-2,6.625E-1));
#8783=DIRECTION('',(-9.417419115948E-1,3.363363969982E-1,0.E0));
#8784=DIRECTION('',(0.E0,0.E0,1.E0));
#8785=AXIS2_PLACEMENT_3D('',#8782,#8783,#8784);
#8786=PLANE('',#8785);
#8787=ORIENTED_EDGE('',*,*,#8774,.F.);
#8788=ORIENTED_EDGE('',*,*,#8751,.T.);
#8789=ORIENTED_EDGE('',*,*,#8538,.T.);
#8790=ORIENTED_EDGE('',*,*,#8582,.F.);
#8791=EDGE_LOOP('',(#8787,#8788,#8789,#8790));
#8792=FACE_OUTER_BOUND('',#8791,.F.);
#8794=CLOSED_SHELL('',(#8460,#8475,#8490,#8528,#8550,#8588,#8602,#8623,#8637,
#8650,#8688,#8701,#8717,#8755,#8768,#8781,#8793));
#8795=MANIFOLD_SOLID_BREP('',#8794);
#8796=FILL_AREA_STYLE_COLOUR('',#9);
#8797=FILL_AREA_STYLE('',(#8796));
#8798=SURFACE_STYLE_FILL_AREA(#8797);
#8799=SURFACE_SIDE_STYLE('',(#8798));
#8800=SURFACE_STYLE_USAGE(.POSITIVE.,#8799);
#8801=PRESENTATION_STYLE_ASSIGNMENT((#8800));
#8111=STYLED_ITEM('',(#8801),#8795);
#8804=PLANE_ANGLE_MEASURE_WITH_UNIT(PLANE_ANGLE_MEASURE(1.745329251994E-2),
#8803);
#8805=(CONVERSION_BASED_UNIT('DEGREE',#8804)NAMED_UNIT(*)PLANE_ANGLE_UNIT());
#8807=UNCERTAINTY_MEASURE_WITH_UNIT(LENGTH_MEASURE(2.478080493481E-4),#8802,
'distance_accuracy_value',
'Maximum model space distance between geometric entities at asserted connectivities');
#8809=CARTESIAN_POINT('',(0.E0,0.E0,0.E0));
#8810=DIRECTION('',(0.E0,0.E0,1.E0));
#8811=DIRECTION('',(1.E0,0.E0,0.E0));
#8814=PRODUCT_CONTEXT('',#1958,'mechanical');
#8815=PRODUCT('SOLDER-INDUCTOR','SOLDER-INDUCTOR','NOT SPECIFIED',(#8814));
#8816=PRODUCT_DEFINITION_FORMATION('16','LAST_VERSION',#8815);
#8824=DERIVED_UNIT_ELEMENT(#8823,2.E0);
#8825=DERIVED_UNIT((#8824));
#8826=MEASURE_REPRESENTATION_ITEM('surface area measure',AREA_MEASURE(
4.413723319827E0),#8825);
#8831=DERIVED_UNIT_ELEMENT(#8830,3.E0);
#8832=DERIVED_UNIT((#8831));
#8833=MEASURE_REPRESENTATION_ITEM('volume measure',VOLUME_MEASURE(
1.583268435277E-1),#8832);
#8837=CARTESIAN_POINT('centre point',(-1.442219045353E-11,4.164983357578E-2,
1.217712208736E-12));
#8842=DERIVED_UNIT_ELEMENT(#8841,2.E0);
#8843=DERIVED_UNIT((#8842));
#8844=MEASURE_REPRESENTATION_ITEM('surface area measure',AREA_MEASURE(
4.413723319827E0),#8843);
#8849=DERIVED_UNIT_ELEMENT(#8848,3.E0);
#8850=DERIVED_UNIT((#8849));
#8851=MEASURE_REPRESENTATION_ITEM('volume measure',VOLUME_MEASURE(
1.583268435277E-1),#8850);
#8855=CARTESIAN_POINT('centre point',(-1.442219045353E-11,4.164983357578E-2,
1.217712208736E-12));
#8860=DRAUGHTING_MODEL('Default',(#8872,#8873,#8889),#2007);
#8861=PRESENTATION_VIEW('Default',(#8880,#8893),#2007);
#8862=CARTESIAN_POINT('',(0.E0,0.E0,0.E0));
#8863=CARTESIAN_POINT('',(-1.300792496154E0,-1.059098460876E0,
5.058109832548E0));
#8864=DIRECTION('',(0.E0,0.E0,1.E0));
#8865=DIRECTION('',(1.E0,0.E0,0.E0));
#8866=AXIS2_PLACEMENT_3D('',#8863,#8864,#8865);
#8868=VIEW_VOLUME(.PARALLEL.,#8862,5.058109832548E0,5.058109832548E0,.T.,0.E0,
.F.,.T.,#8867);
#8869=CARTESIAN_POINT('',(7.716115167066E-1,3.387835091809E0,4.040472101624E0));
#8870=DIRECTION('',(3.894183423087E-1,7.214918620107E-1,5.725406952575E-1));
#8871=DIRECTION('',(9.210609940029E-1,-3.050418666329E-1,-2.420663234065E-1));
#8872=AXIS2_PLACEMENT_3D('',#8869,#8870,#8871);
#8873=CAMERA_MODEL_D3_WITH_HLHSR('DEFAULT',#8872,#8868,.F.);
#8875=CARTESIAN_POINT('',(-5.051815254717E2,-4.113161612415E2,
1.964389899822E3));
#8876=DIRECTION('',(0.E0,0.E0,1.E0));
#8877=DIRECTION('',(1.E0,0.E0,0.E0));
#8878=AXIS2_PLACEMENT_3D('',#8875,#8876,#8877);
#8880=(CAMERA_IMAGE()CAMERA_IMAGE_3D_WITH_SCALE()GEOMETRIC_REPRESENTATION_ITEM()MAPPED_ITEM(#8874,#8879)REPRESENTATION_ITEM(''));
#8881=CARTESIAN_POINT('',(-1.300792496154E0,-1.059098460876E0,
5.058109832548E0));
#8882=DIRECTION('',(0.E0,0.E0,1.E0));
#8883=DIRECTION('',(1.E0,0.E0,0.E0));
#8884=AXIS2_PLACEMENT_3D('',#8881,#8882,#8883);
#8885=REPRESENTATION_MAP(#8884,#8813);
#8886=CARTESIAN_POINT('',(0.E0,0.E0));
#8887=DIRECTION('',(1.E0,0.E0));
#8888=AXIS2_PLACEMENT_2D('',#8886,#8887);
#8889=MAPPED_ITEM('',#8885,#8888);
#8890=CARTESIAN_POINT('',(-1.300792496154E0,-1.059098460876E0,
5.058109832548E0));
#8891=DIRECTION('',(0.E0,0.E0,1.E0));
#8892=DIRECTION('',(1.E0,0.E0,0.E0));
#8893=AXIS2_PLACEMENT_3D('',#8890,#8891,#8892);
#8894=REPRESENTATION_MAP(#8893,#8861);
#8895=CARTESIAN_POINT('',(0.E0,0.E0));
#8896=DIRECTION('',(1.E0,0.E0));
#8897=AXIS2_PLACEMENT_2D('',#8895,#8896);
#8898=MAPPED_ITEM('',#8894,#8897);
#8900=CARTESIAN_POINT('',(0.E0,0.E0));
#8901=DIRECTION('',(1.E0,0.E0));
#8902=AXIS2_PLACEMENT_2D('',#8900,#8901);
#8903=PLANAR_BOX('',1.E3,8.4375E2,#8902);
#8904=PRESENTATION_SIZE(#8899,#8903);
#8905=PRESENTATION_SET();
#8906=AREA_IN_SET(#8899,#8905);
#8907=APPLIED_PRESENTED_ITEM((#8817));
#8908=PRESENTED_ITEM_REPRESENTATION(#8905,#8907);
#8911=CARTESIAN_POINT('centre point',(-1.442219044353E-11,-1.217712218736E-12,
2.266498335758E-1));
#8915=CARTESIAN_POINT('',(0.E0,0.E0,1.85E-1));
#8916=DIRECTION('',(0.E0,-1.E0,0.E0));
#8917=DIRECTION('',(1.E0,0.E0,0.E0));
#8918=AXIS2_PLACEMENT_3D('',#8915,#8916,#8917);
#8919=ITEM_DEFINED_TRANSFORMATION('','',#8812,#8918);
#8920=(REPRESENTATION_RELATIONSHIP('','',#8813,#2059)REPRESENTATION_RELATIONSHIP_WITH_TRANSFORMATION(#8919)SHAPE_REPRESENTATION_RELATIONSHIP());
#8921=CONTEXT_DEPENDENT_SHAPE_REPRESENTATION(#8920,#8910);
#8924=DIRECTION('',(-1.E0,0.E0,0.E0));
#8925=VECTOR('',#8924,6.E-1);
#8926=CARTESIAN_POINT('',(3.E-1,-3.9E-1,5.25E-1));
#8927=LINE('',#8926,#8925);
#8928=CURVE_STYLE('',#35,POSITIVE_LENGTH_MEASURE(2.E-2),#8922);
#8929=PRESENTATION_STYLE_ASSIGNMENT((#8928));
#8930=STYLED_ITEM('',(#8929),#8927);
#8931=DIRECTION('',(0.E0,0.E0,-1.E0));
#8932=VECTOR('',#8931,1.05E0);
#8933=CARTESIAN_POINT('',(3.E-1,-3.9E-1,5.25E-1));
#8934=LINE('',#8933,#8932);
#8935=CURVE_STYLE('',#35,POSITIVE_LENGTH_MEASURE(2.E-2),#8922);
#8936=PRESENTATION_STYLE_ASSIGNMENT((#8935));
#8937=STYLED_ITEM('',(#8936),#8934);
#8938=DIRECTION('',(1.E0,0.E0,0.E0));
#8939=VECTOR('',#8938,6.E-1);
#8940=CARTESIAN_POINT('',(-3.E-1,-3.9E-1,-5.25E-1));
#8941=LINE('',#8940,#8939);
#8942=CURVE_STYLE('',#35,POSITIVE_LENGTH_MEASURE(2.E-2),#8922);
#8943=PRESENTATION_STYLE_ASSIGNMENT((#8942));
#8944=STYLED_ITEM('',(#8943),#8941);
#8945=DIRECTION('',(0.E0,0.E0,1.E0));
#8946=VECTOR('',#8945,1.05E0);
#8947=CARTESIAN_POINT('',(-3.E-1,-3.9E-1,-5.25E-1));
#8948=LINE('',#8947,#8946);
#8949=CURVE_STYLE('',#35,POSITIVE_LENGTH_MEASURE(2.E-2),#8922);
#8950=PRESENTATION_STYLE_ASSIGNMENT((#8949));
#8951=STYLED_ITEM('',(#8950),#8948);
#8952=CARTESIAN_POINT('',(-3.E-1,3.4E-1,5.25E-1));
#8953=DIRECTION('',(-1.E0,0.E0,0.E0));
#8954=DIRECTION('',(0.E0,0.E0,1.E0));
#8955=AXIS2_PLACEMENT_3D('',#8952,#8953,#8954);
#8957=CURVE_STYLE('',#35,POSITIVE_LENGTH_MEASURE(2.E-2),#8922);
#8958=PRESENTATION_STYLE_ASSIGNMENT((#8957));
#8959=STYLED_ITEM('',(#8958),#8956);
#8960=CARTESIAN_POINT('',(-3.E-1,-3.4E-1,5.25E-1));
#8961=DIRECTION('',(-1.E0,0.E0,0.E0));
#8962=DIRECTION('',(0.E0,-1.E0,0.E0));
#8963=AXIS2_PLACEMENT_3D('',#8960,#8961,#8962);
#8965=CURVE_STYLE('',#35,POSITIVE_LENGTH_MEASURE(2.E-2),#8922);
#8966=PRESENTATION_STYLE_ASSIGNMENT((#8965));
#8967=STYLED_ITEM('',(#8966),#8964);
#8968=CARTESIAN_POINT('',(-3.E-1,-3.4E-1,-5.25E-1));
#8969=DIRECTION('',(-1.E0,0.E0,0.E0));
#8970=DIRECTION('',(0.E0,0.E0,-1.E0));
#8971=AXIS2_PLACEMENT_3D('',#8968,#8969,#8970);
#8973=CURVE_STYLE('',#35,POSITIVE_LENGTH_MEASURE(2.E-2),#8922);
#8974=PRESENTATION_STYLE_ASSIGNMENT((#8973));
#8975=STYLED_ITEM('',(#8974),#8972);
#8976=DIRECTION('',(0.E0,1.E0,0.E0));
#8977=VECTOR('',#8976,6.8E-1);
#8978=CARTESIAN_POINT('',(-3.E-1,-3.4E-1,-5.75E-1));
#8979=LINE('',#8978,#8977);
#8980=CURVE_STYLE('',#35,POSITIVE_LENGTH_MEASURE(2.E-2),#8922);
#8981=PRESENTATION_STYLE_ASSIGNMENT((#8980));
#8982=STYLED_ITEM('',(#8981),#8979);
#8983=CARTESIAN_POINT('',(-3.E-1,3.4E-1,-5.25E-1));
#8984=DIRECTION('',(-1.E0,0.E0,0.E0));
#8985=DIRECTION('',(0.E0,1.E0,0.E0));
#8986=AXIS2_PLACEMENT_3D('',#8983,#8984,#8985);
#8988=CURVE_STYLE('',#35,POSITIVE_LENGTH_MEASURE(2.E-2),#8922);
#8989=PRESENTATION_STYLE_ASSIGNMENT((#8988));
#8990=STYLED_ITEM('',(#8989),#8987);
#8991=CARTESIAN_POINT('',(3.E-1,3.4E-1,5.25E-1));
#8992=DIRECTION('',(1.E0,0.E0,0.E0));
#8993=DIRECTION('',(0.E0,1.E0,0.E0));
#8994=AXIS2_PLACEMENT_3D('',#8991,#8992,#8993);
#8996=CURVE_STYLE('',#35,POSITIVE_LENGTH_MEASURE(2.E-2),#8922);
#8997=PRESENTATION_STYLE_ASSIGNMENT((#8996));
#8998=STYLED_ITEM('',(#8997),#8995);
#8999=CARTESIAN_POINT('',(3.E-1,3.4E-1,-5.25E-1));
#9000=DIRECTION('',(1.E0,0.E0,0.E0));
#9001=DIRECTION('',(0.E0,0.E0,-1.E0));
#9002=AXIS2_PLACEMENT_3D('',#8999,#9000,#9001);
#9004=CURVE_STYLE('',#35,POSITIVE_LENGTH_MEASURE(2.E-2),#8922);
#9005=PRESENTATION_STYLE_ASSIGNMENT((#9004));
#9006=STYLED_ITEM('',(#9005),#9003);
#9007=CARTESIAN_POINT('',(3.E-1,-3.4E-1,-5.25E-1));
#9008=DIRECTION('',(1.E0,0.E0,0.E0));
#9009=DIRECTION('',(0.E0,-1.E0,0.E0));
#9010=AXIS2_PLACEMENT_3D('',#9007,#9008,#9009);
#9012=CURVE_STYLE('',#35,POSITIVE_LENGTH_MEASURE(2.E-2),#8922);
#9013=PRESENTATION_STYLE_ASSIGNMENT((#9012));
#9014=STYLED_ITEM('',(#9013),#9011);
#9015=CARTESIAN_POINT('',(3.E-1,-3.4E-1,5.25E-1));
#9016=DIRECTION('',(1.E0,0.E0,0.E0));
#9017=DIRECTION('',(0.E0,0.E0,1.E0));
#9018=AXIS2_PLACEMENT_3D('',#9015,#9016,#9017);
#9020=CURVE_STYLE('',#35,POSITIVE_LENGTH_MEASURE(2.E-2),#8922);
#9021=PRESENTATION_STYLE_ASSIGNMENT((#9020));
#9022=STYLED_ITEM('',(#9021),#9019);
#9023=DIRECTION('',(0.E0,1.E0,0.E0));
#9024=VECTOR('',#9023,6.8E-1);
#9025=CARTESIAN_POINT('',(3.E-1,-3.4E-1,5.75E-1));
#9026=LINE('',#9025,#9024);
#9027=CURVE_STYLE('',#35,POSITIVE_LENGTH_MEASURE(2.E-2),#8922);
#9028=PRESENTATION_STYLE_ASSIGNMENT((#9027));
#9029=STYLED_ITEM('',(#9028),#9026);
#9030=DIRECTION('',(1.E0,0.E0,0.E0));
#9031=VECTOR('',#9030,6.E-1);
#9032=CARTESIAN_POINT('',(-3.E-1,3.9E-1,5.25E-1));
#9033=LINE('',#9032,#9031);
#9034=CURVE_STYLE('',#35,POSITIVE_LENGTH_MEASURE(2.E-2),#8922);
#9035=PRESENTATION_STYLE_ASSIGNMENT((#9034));
#9036=STYLED_ITEM('',(#9035),#9033);
#9037=DIRECTION('',(0.E0,0.E0,1.E0));
#9038=VECTOR('',#9037,1.05E0);
#9039=CARTESIAN_POINT('',(-3.E-1,3.9E-1,-5.25E-1));
#9040=LINE('',#9039,#9038);
#9041=CURVE_STYLE('',#35,POSITIVE_LENGTH_MEASURE(2.E-2),#8922);
#9042=PRESENTATION_STYLE_ASSIGNMENT((#9041));
#9043=STYLED_ITEM('',(#9042),#9040);
#9044=DIRECTION('',(-1.E0,0.E0,0.E0));
#9045=VECTOR('',#9044,6.E-1);
#9046=CARTESIAN_POINT('',(3.E-1,3.9E-1,-5.25E-1));
#9047=LINE('',#9046,#9045);
#9048=CURVE_STYLE('',#35,POSITIVE_LENGTH_MEASURE(2.E-2),#8922);
#9049=PRESENTATION_STYLE_ASSIGNMENT((#9048));
#9050=STYLED_ITEM('',(#9049),#9047);
#9051=DIRECTION('',(0.E0,0.E0,-1.E0));
#9052=VECTOR('',#9051,1.05E0);
#9053=CARTESIAN_POINT('',(3.E-1,3.9E-1,5.25E-1));
#9054=LINE('',#9053,#9052);
#9055=CURVE_STYLE('',#35,POSITIVE_LENGTH_MEASURE(2.E-2),#8922);
#9056=PRESENTATION_STYLE_ASSIGNMENT((#9055));
#9057=STYLED_ITEM('',(#9056),#9054);
#9058=DIRECTION('',(-1.E0,0.E0,0.E0));
#9059=VECTOR('',#9058,6.E-1);
#9060=CARTESIAN_POINT('',(3.E-1,3.4E-1,-5.75E-1));
#9061=LINE('',#9060,#9059);
#9062=CURVE_STYLE('',#35,POSITIVE_LENGTH_MEASURE(2.E-2),#8922);
#9063=PRESENTATION_STYLE_ASSIGNMENT((#9062));
#9064=STYLED_ITEM('',(#9063),#9061);
#9065=DIRECTION('',(1.E0,0.E0,0.E0));
#9066=VECTOR('',#9065,6.E-1);
#9067=CARTESIAN_POINT('',(-3.E-1,-3.4E-1,-5.75E-1));
#9068=LINE('',#9067,#9066);
#9069=CURVE_STYLE('',#35,POSITIVE_LENGTH_MEASURE(2.E-2),#8922);
#9070=PRESENTATION_STYLE_ASSIGNMENT((#9069));
#9071=STYLED_ITEM('',(#9070),#9068);
#9072=DIRECTION('',(0.E0,1.E0,0.E0));
#9073=VECTOR('',#9072,6.8E-1);
#9074=CARTESIAN_POINT('',(3.E-1,-3.4E-1,-5.75E-1));
#9075=LINE('',#9074,#9073);
#9076=CURVE_STYLE('',#35,POSITIVE_LENGTH_MEASURE(2.E-2),#8922);
#9077=PRESENTATION_STYLE_ASSIGNMENT((#9076));
#9078=STYLED_ITEM('',(#9077),#9075);
#9079=DIRECTION('',(1.E0,0.E0,0.E0));
#9080=VECTOR('',#9079,6.E-1);
#9081=CARTESIAN_POINT('',(-3.E-1,3.4E-1,5.75E-1));
#9082=LINE('',#9081,#9080);
#9083=CURVE_STYLE('',#35,POSITIVE_LENGTH_MEASURE(2.E-2),#8922);
#9084=PRESENTATION_STYLE_ASSIGNMENT((#9083));
#9085=STYLED_ITEM('',(#9084),#9082);
#9086=DIRECTION('',(-1.E0,0.E0,0.E0));
#9087=VECTOR('',#9086,6.E-1);
#9088=CARTESIAN_POINT('',(3.E-1,-3.4E-1,5.75E-1));
#9089=LINE('',#9088,#9087);
#9090=CURVE_STYLE('',#35,POSITIVE_LENGTH_MEASURE(2.E-2),#8922);
#9091=PRESENTATION_STYLE_ASSIGNMENT((#9090));
#9092=STYLED_ITEM('',(#9091),#9089);
#9093=DIRECTION('',(0.E0,1.E0,0.E0));
#9094=VECTOR('',#9093,6.8E-1);
#9095=CARTESIAN_POINT('',(-3.E-1,-3.4E-1,5.75E-1));
#9096=LINE('',#9095,#9094);
#9097=CURVE_STYLE('',#35,POSITIVE_LENGTH_MEASURE(2.E-2),#8922);
#9098=PRESENTATION_STYLE_ASSIGNMENT((#9097));
#9099=STYLED_ITEM('',(#9098),#9096);
#9100=CARTESIAN_POINT('',(3.E-1,3.9E-1,5.25E-1));
#9101=CARTESIAN_POINT('',(3.E-1,3.4E-1,5.75E-1));
#9102=VERTEX_POINT('',#9100);
#9103=VERTEX_POINT('',#9101);
#9104=CARTESIAN_POINT('',(-3.E-1,3.4E-1,5.75E-1));
#9105=VERTEX_POINT('',#9104);
#9106=CARTESIAN_POINT('',(-3.E-1,3.9E-1,5.25E-1));
#9107=VERTEX_POINT('',#9106);
#9108=CARTESIAN_POINT('',(-3.E-1,-3.9E-1,5.25E-1));
#9109=CARTESIAN_POINT('',(-3.E-1,-3.4E-1,5.75E-1));
#9110=VERTEX_POINT('',#9108);
#9111=VERTEX_POINT('',#9109);
#9112=CARTESIAN_POINT('',(3.E-1,-3.4E-1,5.75E-1));
#9113=VERTEX_POINT('',#9112);
#9114=CARTESIAN_POINT('',(3.E-1,-3.9E-1,5.25E-1));
#9115=VERTEX_POINT('',#9114);
#9116=CARTESIAN_POINT('',(-3.E-1,3.9E-1,-5.25E-1));
#9117=CARTESIAN_POINT('',(-3.E-1,3.4E-1,-5.75E-1));
#9118=VERTEX_POINT('',#9116);
#9119=VERTEX_POINT('',#9117);
#9120=CARTESIAN_POINT('',(3.E-1,3.4E-1,-5.75E-1));
#9121=VERTEX_POINT('',#9120);
#9122=CARTESIAN_POINT('',(3.E-1,3.9E-1,-5.25E-1));
#9123=VERTEX_POINT('',#9122);
#9124=CARTESIAN_POINT('',(3.E-1,-3.9E-1,-5.25E-1));
#9125=CARTESIAN_POINT('',(3.E-1,-3.4E-1,-5.75E-1));
#9126=VERTEX_POINT('',#9124);
#9127=VERTEX_POINT('',#9125);
#9128=CARTESIAN_POINT('',(-3.E-1,-3.4E-1,-5.75E-1));
#9129=VERTEX_POINT('',#9128);
#9130=CARTESIAN_POINT('',(-3.E-1,-3.9E-1,-5.25E-1));
#9131=VERTEX_POINT('',#9130);
#9132=CARTESIAN_POINT('',(0.E0,-3.9E-1,0.E0));
#9133=DIRECTION('',(0.E0,1.E0,0.E0));
#9134=DIRECTION('',(1.E0,0.E0,0.E0));
#9135=AXIS2_PLACEMENT_3D('',#9132,#9133,#9134);
#9136=PLANE('',#9135);
#9138=ORIENTED_EDGE('',*,*,#9137,.F.);
#9140=ORIENTED_EDGE('',*,*,#9139,.T.);
#9142=ORIENTED_EDGE('',*,*,#9141,.F.);
#9144=ORIENTED_EDGE('',*,*,#9143,.T.);
#9145=EDGE_LOOP('',(#9138,#9140,#9142,#9144));
#9146=FACE_OUTER_BOUND('',#9145,.F.);
#9148=CARTESIAN_POINT('',(1.08216E0,-3.4E-1,5.25E-1));
#9149=DIRECTION('',(-1.E0,0.E0,0.E0));
#9150=DIRECTION('',(0.E0,-1.E0,0.E0));
#9151=AXIS2_PLACEMENT_3D('',#9148,#9149,#9150);
#9152=CYLINDRICAL_SURFACE('',#9151,5.E-2);
#9154=ORIENTED_EDGE('',*,*,#9153,.T.);
#9156=ORIENTED_EDGE('',*,*,#9155,.F.);
#9158=ORIENTED_EDGE('',*,*,#9157,.T.);
#9159=ORIENTED_EDGE('',*,*,#9137,.T.);
#9160=EDGE_LOOP('',(#9154,#9156,#9158,#9159));
#9161=FACE_OUTER_BOUND('',#9160,.F.);
#9163=CARTESIAN_POINT('',(-3.E-1,-3.9E-1,-5.75E-1));
#9164=DIRECTION('',(-1.E0,0.E0,0.E0));
#9165=DIRECTION('',(0.E0,0.E0,1.E0));
#9166=AXIS2_PLACEMENT_3D('',#9163,#9164,#9165);
#9167=PLANE('',#9166);
#9169=ORIENTED_EDGE('',*,*,#9168,.F.);
#9171=ORIENTED_EDGE('',*,*,#9170,.F.);
#9172=ORIENTED_EDGE('',*,*,#9153,.F.);
#9173=ORIENTED_EDGE('',*,*,#9143,.F.);
#9175=ORIENTED_EDGE('',*,*,#9174,.F.);
#9177=ORIENTED_EDGE('',*,*,#9176,.T.);
#9179=ORIENTED_EDGE('',*,*,#9178,.F.);
#9181=ORIENTED_EDGE('',*,*,#9180,.T.);
#9182=EDGE_LOOP('',(#9169,#9171,#9172,#9173,#9175,#9177,#9179,#9181));
#9183=FACE_OUTER_BOUND('',#9182,.F.);
#9185=CARTESIAN_POINT('',(-1.08216E0,3.4E-1,5.25E-1));
#9186=DIRECTION('',(1.E0,0.E0,0.E0));
#9187=DIRECTION('',(0.E0,1.E0,0.E0));
#9188=AXIS2_PLACEMENT_3D('',#9185,#9186,#9187);
#9189=CYLINDRICAL_SURFACE('',#9188,5.E-2);
#9191=ORIENTED_EDGE('',*,*,#9190,.T.);
#9193=ORIENTED_EDGE('',*,*,#9192,.F.);
#9194=ORIENTED_EDGE('',*,*,#9168,.T.);
#9196=ORIENTED_EDGE('',*,*,#9195,.T.);
#9197=EDGE_LOOP('',(#9191,#9193,#9194,#9196));
#9198=FACE_OUTER_BOUND('',#9197,.F.);
#9200=CARTESIAN_POINT('',(3.E-1,-3.9E-1,5.75E-1));
#9201=DIRECTION('',(1.E0,0.E0,0.E0));
#9202=DIRECTION('',(0.E0,0.E0,-1.E0));
#9203=AXIS2_PLACEMENT_3D('',#9200,#9201,#9202);
#9204=PLANE('',#9203);
#9205=ORIENTED_EDGE('',*,*,#9190,.F.);
#9207=ORIENTED_EDGE('',*,*,#9206,.T.);
#9209=ORIENTED_EDGE('',*,*,#9208,.F.);
#9211=ORIENTED_EDGE('',*,*,#9210,.F.);
#9213=ORIENTED_EDGE('',*,*,#9212,.F.);
#9214=ORIENTED_EDGE('',*,*,#9139,.F.);
#9215=ORIENTED_EDGE('',*,*,#9157,.F.);
#9217=ORIENTED_EDGE('',*,*,#9216,.T.);
#9218=EDGE_LOOP('',(#9205,#9207,#9209,#9211,#9213,#9214,#9215,#9217));
#9219=FACE_OUTER_BOUND('',#9218,.F.);
#9221=CARTESIAN_POINT('',(0.E0,3.9E-1,0.E0));
#9222=DIRECTION('',(0.E0,1.E0,0.E0));
#9223=DIRECTION('',(1.E0,0.E0,0.E0));
#9224=AXIS2_PLACEMENT_3D('',#9221,#9222,#9223);
#9225=PLANE('',#9224);
#9226=ORIENTED_EDGE('',*,*,#9195,.F.);
#9227=ORIENTED_EDGE('',*,*,#9180,.F.);
#9229=ORIENTED_EDGE('',*,*,#9228,.F.);
#9230=ORIENTED_EDGE('',*,*,#9206,.F.);
#9231=EDGE_LOOP('',(#9226,#9227,#9229,#9230));
#9232=FACE_OUTER_BOUND('',#9231,.F.);
#9234=CARTESIAN_POINT('',(1.08216E0,3.4E-1,-5.25E-1));
#9235=DIRECTION('',(-1.E0,0.E0,0.E0));
#9236=DIRECTION('',(0.E0,1.E0,0.E0));
#9237=AXIS2_PLACEMENT_3D('',#9234,#9235,#9236);
#9238=CYLINDRICAL_SURFACE('',#9237,5.E-2);
#9239=ORIENTED_EDGE('',*,*,#9178,.T.);
#9241=ORIENTED_EDGE('',*,*,#9240,.F.);
#9242=ORIENTED_EDGE('',*,*,#9208,.T.);
#9243=ORIENTED_EDGE('',*,*,#9228,.T.);
#9244=EDGE_LOOP('',(#9239,#9241,#9242,#9243));
#9245=FACE_OUTER_BOUND('',#9244,.F.);
#9247=CARTESIAN_POINT('',(3.E-1,-3.9E-1,-5.75E-1));
#9248=DIRECTION('',(0.E0,0.E0,-1.E0));
#9249=DIRECTION('',(-1.E0,0.E0,0.E0));
#9250=AXIS2_PLACEMENT_3D('',#9247,#9248,#9249);
#9251=PLANE('',#9250);
#9252=ORIENTED_EDGE('',*,*,#9240,.T.);
#9253=ORIENTED_EDGE('',*,*,#9176,.F.);
#9255=ORIENTED_EDGE('',*,*,#9254,.T.);
#9256=ORIENTED_EDGE('',*,*,#9210,.T.);
#9257=EDGE_LOOP('',(#9252,#9253,#9255,#9256));
#9258=FACE_OUTER_BOUND('',#9257,.F.);
#9260=CARTESIAN_POINT('',(-1.08216E0,-3.4E-1,-5.25E-1));
#9261=DIRECTION('',(1.E0,0.E0,0.E0));
#9262=DIRECTION('',(0.E0,-1.E0,0.E0));
#9263=AXIS2_PLACEMENT_3D('',#9260,#9261,#9262);
#9264=CYLINDRICAL_SURFACE('',#9263,5.E-2);
#9265=ORIENTED_EDGE('',*,*,#9212,.T.);
#9266=ORIENTED_EDGE('',*,*,#9254,.F.);
#9267=ORIENTED_EDGE('',*,*,#9174,.T.);
#9268=ORIENTED_EDGE('',*,*,#9141,.T.);
#9269=EDGE_LOOP('',(#9265,#9266,#9267,#9268));
#9270=FACE_OUTER_BOUND('',#9269,.F.);
#9272=CARTESIAN_POINT('',(-3.E-1,-3.9E-1,5.75E-1));
#9273=DIRECTION('',(0.E0,0.E0,1.E0));
#9274=DIRECTION('',(1.E0,0.E0,0.E0));
#9275=AXIS2_PLACEMENT_3D('',#9272,#9273,#9274);
#9276=PLANE('',#9275);
#9277=ORIENTED_EDGE('',*,*,#9192,.T.);
#9278=ORIENTED_EDGE('',*,*,#9216,.F.);
#9279=ORIENTED_EDGE('',*,*,#9155,.T.);
#9280=ORIENTED_EDGE('',*,*,#9170,.T.);
#9281=EDGE_LOOP('',(#9277,#9278,#9279,#9280));
#9282=FACE_OUTER_BOUND('',#9281,.F.);
#9284=CLOSED_SHELL('',(#9147,#9162,#9184,#9199,#9220,#9233,#9246,#9259,#9271,
#9283));
#9285=MANIFOLD_SOLID_BREP('',#9284);
#9286=FILL_AREA_STYLE_COLOUR('',#8922);
#9287=FILL_AREA_STYLE('',(#9286));
#9288=SURFACE_STYLE_FILL_AREA(#9287);
#9289=SURFACE_SIDE_STYLE('',(#9288));
#9290=SURFACE_STYLE_USAGE(.BOTH.,#9289);
#9291=PRESENTATION_STYLE_ASSIGNMENT((#9290));
#8923=STYLED_ITEM('',(#9291),#9285);
#9294=PLANE_ANGLE_MEASURE_WITH_UNIT(PLANE_ANGLE_MEASURE(1.745329251994E-2),
#9293);
#9295=(CONVERSION_BASED_UNIT('DEGREE',#9294)NAMED_UNIT(*)PLANE_ANGLE_UNIT());
#9297=UNCERTAINTY_MEASURE_WITH_UNIT(LENGTH_MEASURE(1.513511391323E-4),#9292,
'distance_accuracy_value',
'Maximum model space distance between geometric entities at asserted connectivities');
#9299=CARTESIAN_POINT('',(0.E0,0.E0,0.E0));
#9300=DIRECTION('',(0.E0,0.E0,1.E0));
#9301=DIRECTION('',(1.E0,0.E0,0.E0));
#9304=PRODUCT_DEFINITION_CONTEXT('part definition',#1958,'design');
#9305=PRODUCT_CONTEXT('',#1958,'mechanical');
#9306=PRODUCT('INDUCTOR-BODY','INDUCTOR-BODY','NOT SPECIFIED',(#9305));
#9307=PRODUCT_DEFINITION_FORMATION('22','LAST_VERSION',#9306);
#9315=DERIVED_UNIT_ELEMENT(#9314,2.E0);
#9316=DERIVED_UNIT((#9315));
#9317=MEASURE_REPRESENTATION_ITEM('surface area measure',AREA_MEASURE(
4.054203522469E0),#9316);
#9322=DERIVED_UNIT_ELEMENT(#9321,3.E0);
#9323=DERIVED_UNIT((#9322));
#9324=MEASURE_REPRESENTATION_ITEM('volume measure',VOLUME_MEASURE(
5.369123885003E-1),#9323);
#9328=CARTESIAN_POINT('centre point',(0.E0,0.E0,0.E0));
#9333=DERIVED_UNIT_ELEMENT(#9332,2.E0);
#9334=DERIVED_UNIT((#9333));
#9335=MEASURE_REPRESENTATION_ITEM('surface area measure',AREA_MEASURE(
4.054203522469E0),#9334);
#9340=DERIVED_UNIT_ELEMENT(#9339,3.E0);
#9341=DERIVED_UNIT((#9340));
#9342=MEASURE_REPRESENTATION_ITEM('volume measure',VOLUME_MEASURE(
5.369123885003E-1),#9341);
#9346=CARTESIAN_POINT('centre point',(0.E0,0.E0,0.E0));
#9351=DRAUGHTING_MODEL('Default',(#9363,#9364,#9380),#2007);
#9352=PRESENTATION_VIEW('Default',(#9371,#9384),#2007);
#9353=CARTESIAN_POINT('',(0.E0,0.E0,0.E0));
#9354=CARTESIAN_POINT('',(-1.042182556741E0,-8.793415322499E-1,
3.077774527070E0));
#9355=DIRECTION('',(0.E0,0.E0,1.E0));
#9356=DIRECTION('',(1.E0,0.E0,0.E0));
#9357=AXIS2_PLACEMENT_3D('',#9354,#9355,#9356);
#9359=VIEW_VOLUME(.PARALLEL.,#9353,3.077774527070E0,3.077774527070E0,.T.,0.E0,
.F.,.T.,#9358);
#9360=CARTESIAN_POINT('',(2.386281526875E-1,1.991891124904E0,2.703240352368E0));
#9361=DIRECTION('',(3.894183423087E-1,7.214918620107E-1,5.725406952575E-1));
#9362=DIRECTION('',(9.210609940029E-1,-3.050418666329E-1,-2.420663234065E-1));
#9363=AXIS2_PLACEMENT_3D('',#9360,#9361,#9362);
#9364=CAMERA_MODEL_D3_WITH_HLHSR('DEFAULT',#9363,#9359,.F.);
#9366=CARTESIAN_POINT('',(-5.E2,-4.21875E2,1.476600480004E3));
#9367=DIRECTION('',(0.E0,0.E0,1.E0));
#9368=DIRECTION('',(1.E0,0.E0,0.E0));
#9369=AXIS2_PLACEMENT_3D('',#9366,#9367,#9368);
#9371=(CAMERA_IMAGE()CAMERA_IMAGE_3D_WITH_SCALE()GEOMETRIC_REPRESENTATION_ITEM()MAPPED_ITEM(#9365,#9370)REPRESENTATION_ITEM(''));
#9372=CARTESIAN_POINT('',(-1.042182556741E0,-8.793415322499E-1,
3.077774527070E0));
#9373=DIRECTION('',(0.E0,0.E0,1.E0));
#9374=DIRECTION('',(1.E0,0.E0,0.E0));
#9375=AXIS2_PLACEMENT_3D('',#9372,#9373,#9374);
#9376=REPRESENTATION_MAP(#9375,#9303);
#9377=CARTESIAN_POINT('',(0.E0,0.E0));
#9378=DIRECTION('',(1.E0,0.E0));
#9379=AXIS2_PLACEMENT_2D('',#9377,#9378);
#9380=MAPPED_ITEM('',#9376,#9379);
#9381=CARTESIAN_POINT('',(-1.042182556741E0,-8.793415322499E-1,
3.077774527070E0));
#9382=DIRECTION('',(0.E0,0.E0,1.E0));
#9383=DIRECTION('',(1.E0,0.E0,0.E0));
#9384=AXIS2_PLACEMENT_3D('',#9381,#9382,#9383);
#9385=REPRESENTATION_MAP(#9384,#9352);
#9386=CARTESIAN_POINT('',(0.E0,0.E0));
#9387=DIRECTION('',(1.E0,0.E0));
#9388=AXIS2_PLACEMENT_2D('',#9386,#9387);
#9389=MAPPED_ITEM('',#9385,#9388);
#9391=CARTESIAN_POINT('',(0.E0,0.E0));
#9392=DIRECTION('',(1.E0,0.E0));
#9393=AXIS2_PLACEMENT_2D('',#9391,#9392);
#9394=PLANAR_BOX('',1.E3,8.4375E2,#9393);
#9395=PRESENTATION_SIZE(#9390,#9394);
#9396=PRESENTATION_SET();
#9397=AREA_IN_SET(#9390,#9396);
#9398=APPLIED_PRESENTED_ITEM((#9308));
#9399=PRESENTED_ITEM_REPRESENTATION(#9396,#9398);
#9405=CARTESIAN_POINT('centre point',(0.E0,0.E0,0.E0));
#9409=CARTESIAN_POINT('',(0.E0,0.E0,0.E0));
#9410=DIRECTION('',(0.E0,0.E0,1.E0));
#9411=DIRECTION('',(1.E0,0.E0,0.E0));
#9412=AXIS2_PLACEMENT_3D('',#9409,#9410,#9411);
#9413=ITEM_DEFINED_TRANSFORMATION('','',#9302,#9412);
#9414=CARTESIAN_POINT('',(0.E0,0.E0,0.E0));
#9415=DIRECTION('',(0.E0,0.E0,1.E0));
#9416=DIRECTION('',(1.E0,0.E0,0.E0));
#9418=(REPRESENTATION_RELATIONSHIP('','',#9303,#9402)REPRESENTATION_RELATIONSHIP_WITH_TRANSFORMATION(#9413)SHAPE_REPRESENTATION_RELATIONSHIP());
#9419=CONTEXT_DEPENDENT_SHAPE_REPRESENTATION(#9418,#9404);
#9421=DIRECTION('',(-1.E0,0.E0,0.E0));
#9422=VECTOR('',#9421,6.E-1);
#9423=CARTESIAN_POINT('',(6.5E-1,-4.4E-1,5.75E-1));
#9424=LINE('',#9423,#9422);
#9425=CURVE_STYLE('',#35,POSITIVE_LENGTH_MEASURE(2.E-2),#28);
#9426=PRESENTATION_STYLE_ASSIGNMENT((#9425));
#9427=STYLED_ITEM('',(#9426),#9424);
#9428=DIRECTION('',(0.E0,0.E0,1.E0));
#9429=VECTOR('',#9428,1.15E0);
#9430=CARTESIAN_POINT('',(6.5E-1,-4.4E-1,-5.75E-1));
#9431=LINE('',#9430,#9429);
#9432=CURVE_STYLE('',#35,POSITIVE_LENGTH_MEASURE(2.E-2),#28);
#9433=PRESENTATION_STYLE_ASSIGNMENT((#9432));
#9434=STYLED_ITEM('',(#9433),#9431);
#9435=DIRECTION('',(1.E0,0.E0,0.E0));
#9436=VECTOR('',#9435,6.E-1);
#9437=CARTESIAN_POINT('',(5.E-2,-4.4E-1,-5.75E-1));
#9438=LINE('',#9437,#9436);
#9439=CURVE_STYLE('',#35,POSITIVE_LENGTH_MEASURE(2.E-2),#28);
#9440=PRESENTATION_STYLE_ASSIGNMENT((#9439));
#9441=STYLED_ITEM('',(#9440),#9438);
#9442=DIRECTION('',(0.E0,0.E0,-1.E0));
#9443=VECTOR('',#9442,1.15E0);
#9444=CARTESIAN_POINT('',(5.E-2,-4.4E-1,5.75E-1));
#9445=LINE('',#9444,#9443);
#9446=CURVE_STYLE('',#35,POSITIVE_LENGTH_MEASURE(2.E-2),#28);
#9447=PRESENTATION_STYLE_ASSIGNMENT((#9446));
#9448=STYLED_ITEM('',(#9447),#9445);
#9449=CARTESIAN_POINT('',(6.5E-1,-3.9E-1,5.75E-1));
#9450=DIRECTION('',(-1.E0,0.E0,0.E0));
#9451=DIRECTION('',(0.E0,-1.E0,0.E0));
#9452=AXIS2_PLACEMENT_3D('',#9449,#9450,#9451);
#9454=CURVE_STYLE('',#35,POSITIVE_LENGTH_MEASURE(2.E-2),#28);
#9455=PRESENTATION_STYLE_ASSIGNMENT((#9454));
#9456=STYLED_ITEM('',(#9455),#9453);
#9457=DIRECTION('',(1.E0,0.E0,0.E0));
#9458=VECTOR('',#9457,5.999999999516E-1);
#9459=CARTESIAN_POINT('',(5.E-2,3.9E-1,6.25E-1));
#9460=LINE('',#9459,#9458);
#9461=CURVE_STYLE('',#35,POSITIVE_LENGTH_MEASURE(2.E-2),#28);
#9462=PRESENTATION_STYLE_ASSIGNMENT((#9461));
#9463=STYLED_ITEM('',(#9462),#9460);
#9464=DIRECTION('',(3.104639052965E-11,-1.E0,0.E0));
#9465=VECTOR('',#9464,7.8E-1);
#9466=CARTESIAN_POINT('',(6.499999999516E-1,3.9E-1,6.25E-1));
#9467=LINE('',#9466,#9465);
#9468=CURVE_STYLE('',#35,POSITIVE_LENGTH_MEASURE(2.E-2),#28);
#9469=PRESENTATION_STYLE_ASSIGNMENT((#9468));
#9470=STYLED_ITEM('',(#9469),#9467);
#9471=DIRECTION('',(-1.E0,0.E0,0.E0));
#9472=VECTOR('',#9471,5.999999999758E-1);
#9473=CARTESIAN_POINT('',(6.499999999758E-1,-3.9E-1,6.25E-1));
#9474=LINE('',#9473,#9472);
#9475=CURVE_STYLE('',#35,POSITIVE_LENGTH_MEASURE(2.E-2),#28);
#9476=PRESENTATION_STYLE_ASSIGNMENT((#9475));
#9477=STYLED_ITEM('',(#9476),#9474);
#9478=DIRECTION('',(0.E0,-1.E0,0.E0));
#9479=VECTOR('',#9478,7.8E-1);
#9480=CARTESIAN_POINT('',(5.E-2,3.9E-1,6.25E-1));
#9481=LINE('',#9480,#9479);
#9482=CURVE_STYLE('',#35,POSITIVE_LENGTH_MEASURE(2.E-2),#28);
#9483=PRESENTATION_STYLE_ASSIGNMENT((#9482));
#9484=STYLED_ITEM('',(#9483),#9481);
#9485=DIRECTION('',(-1.E0,0.E0,0.E0));
#9486=VECTOR('',#9485,6.E-1);
#9487=CARTESIAN_POINT('',(6.5E-1,4.4E-1,-5.75E-1));
#9488=LINE('',#9487,#9486);
#9489=CURVE_STYLE('',#35,POSITIVE_LENGTH_MEASURE(2.E-2),#28);
#9490=PRESENTATION_STYLE_ASSIGNMENT((#9489));
#9491=STYLED_ITEM('',(#9490),#9488);
#9492=DIRECTION('',(0.E0,0.E0,-1.E0));
#9493=VECTOR('',#9492,1.15E0);
#9494=CARTESIAN_POINT('',(6.5E-1,4.4E-1,5.75E-1));
#9495=LINE('',#9494,#9493);
#9496=CURVE_STYLE('',#35,POSITIVE_LENGTH_MEASURE(2.E-2),#28);
#9497=PRESENTATION_STYLE_ASSIGNMENT((#9496));
#9498=STYLED_ITEM('',(#9497),#9495);
#9499=DIRECTION('',(1.E0,0.E0,0.E0));
#9500=VECTOR('',#9499,6.E-1);
#9501=CARTESIAN_POINT('',(5.E-2,4.4E-1,5.75E-1));
#9502=LINE('',#9501,#9500);
#9503=CURVE_STYLE('',#35,POSITIVE_LENGTH_MEASURE(2.E-2),#28);
#9504=PRESENTATION_STYLE_ASSIGNMENT((#9503));
#9505=STYLED_ITEM('',(#9504),#9502);
#9506=DIRECTION('',(0.E0,0.E0,1.E0));
#9507=VECTOR('',#9506,1.15E0);
#9508=CARTESIAN_POINT('',(5.E-2,4.4E-1,-5.75E-1));
#9509=LINE('',#9508,#9507);
#9510=CURVE_STYLE('',#35,POSITIVE_LENGTH_MEASURE(2.E-2),#28);
#9511=PRESENTATION_STYLE_ASSIGNMENT((#9510));
#9512=STYLED_ITEM('',(#9511),#9509);
#9513=CARTESIAN_POINT('',(6.5E-1,3.9E-1,-5.75E-1));
#9514=DIRECTION('',(-1.E0,0.E0,0.E0));
#9515=DIRECTION('',(0.E0,1.E0,0.E0));
#9516=AXIS2_PLACEMENT_3D('',#9513,#9514,#9515);
#9518=CURVE_STYLE('',#35,POSITIVE_LENGTH_MEASURE(2.E-2),#28);
#9519=PRESENTATION_STYLE_ASSIGNMENT((#9518));
#9520=STYLED_ITEM('',(#9519),#9517);
#9521=DIRECTION('',(-1.E0,0.E0,0.E0));
#9522=VECTOR('',#9521,5.999999999847E-1);
#9523=CARTESIAN_POINT('',(6.499999999847E-1,3.9E-1,-6.25E-1));
#9524=LINE('',#9523,#9522);
#9525=CURVE_STYLE('',#35,POSITIVE_LENGTH_MEASURE(2.E-2),#28);
#9526=PRESENTATION_STYLE_ASSIGNMENT((#9525));
#9527=STYLED_ITEM('',(#9526),#9524);
#9528=DIRECTION('',(0.E0,-1.E0,0.E0));
#9529=VECTOR('',#9528,7.8E-1);
#9530=CARTESIAN_POINT('',(5.E-2,3.9E-1,-6.25E-1));
#9531=LINE('',#9530,#9529);
#9532=CURVE_STYLE('',#35,POSITIVE_LENGTH_MEASURE(2.E-2),#28);
#9533=PRESENTATION_STYLE_ASSIGNMENT((#9532));
#9534=STYLED_ITEM('',(#9533),#9531);
#9535=DIRECTION('',(1.E0,0.E0,0.E0));
#9536=VECTOR('',#9535,5.999999999694E-1);
#9537=CARTESIAN_POINT('',(5.E-2,-3.9E-1,-6.25E-1));
#9538=LINE('',#9537,#9536);
#9539=CURVE_STYLE('',#35,POSITIVE_LENGTH_MEASURE(2.E-2),#28);
#9540=PRESENTATION_STYLE_ASSIGNMENT((#9539));
#9541=STYLED_ITEM('',(#9540),#9538);
#9542=DIRECTION('',(-1.962817373023E-11,-1.E0,0.E0));
#9543=VECTOR('',#9542,7.8E-1);
#9544=CARTESIAN_POINT('',(6.499999999847E-1,3.9E-1,-6.25E-1));
#9545=LINE('',#9544,#9543);
#9546=CURVE_STYLE('',#35,POSITIVE_LENGTH_MEASURE(2.E-2),#28);
#9547=PRESENTATION_STYLE_ASSIGNMENT((#9546));
#9548=STYLED_ITEM('',(#9547),#9545);
#9549=DIRECTION('',(0.E0,0.E0,1.E0));
#9550=VECTOR('',#9549,1.15E0);
#9551=CARTESIAN_POINT('',(0.E0,3.9E-1,-5.75E-1));
#9552=LINE('',#9551,#9550);
#9553=CURVE_STYLE('',#35,POSITIVE_LENGTH_MEASURE(2.E-2),#28);
#9554=PRESENTATION_STYLE_ASSIGNMENT((#9553));
#9555=STYLED_ITEM('',(#9554),#9552);
#9556=DIRECTION('',(0.E0,-1.E0,0.E0));
#9557=VECTOR('',#9556,7.8E-1);
#9558=CARTESIAN_POINT('',(0.E0,3.9E-1,5.75E-1));
#9559=LINE('',#9558,#9557);
#9560=CURVE_STYLE('',#35,POSITIVE_LENGTH_MEASURE(2.E-2),#28);
#9561=PRESENTATION_STYLE_ASSIGNMENT((#9560));
#9562=STYLED_ITEM('',(#9561),#9559);
#9563=DIRECTION('',(0.E0,0.E0,-1.E0));
#9564=VECTOR('',#9563,1.15E0);
#9565=CARTESIAN_POINT('',(0.E0,-3.9E-1,5.75E-1));
#9566=LINE('',#9565,#9564);
#9567=CURVE_STYLE('',#35,POSITIVE_LENGTH_MEASURE(2.E-2),#28);
#9568=PRESENTATION_STYLE_ASSIGNMENT((#9567));
#9569=STYLED_ITEM('',(#9568),#9566);
#9570=DIRECTION('',(0.E0,-1.E0,0.E0));
#9571=VECTOR('',#9570,7.8E-1);
#9572=CARTESIAN_POINT('',(0.E0,3.9E-1,-5.75E-1));
#9573=LINE('',#9572,#9571);
#9574=CURVE_STYLE('',#35,POSITIVE_LENGTH_MEASURE(2.E-2),#28);
#9575=PRESENTATION_STYLE_ASSIGNMENT((#9574));
#9576=STYLED_ITEM('',(#9575),#9573);
#9577=CARTESIAN_POINT('',(5.E-2,3.9E-1,-5.75E-1));
#9578=DIRECTION('',(-1.E0,0.E0,0.E0));
#9579=DIRECTION('',(0.E0,1.E0,0.E0));
#9580=AXIS2_PLACEMENT_3D('',#9577,#9578,#9579);
#9582=CURVE_STYLE('',#35,POSITIVE_LENGTH_MEASURE(2.E-2),#28);
#9583=PRESENTATION_STYLE_ASSIGNMENT((#9582));
#9584=STYLED_ITEM('',(#9583),#9581);
#9585=CARTESIAN_POINT('',(5.E-2,3.9E-1,-5.75E-1));
#9586=DIRECTION('',(0.E0,0.E0,-1.E0));
#9587=DIRECTION('',(-1.E0,0.E0,0.E0));
#9588=AXIS2_PLACEMENT_3D('',#9585,#9586,#9587);
#9590=CURVE_STYLE('',#35,POSITIVE_LENGTH_MEASURE(2.E-2),#28);
#9591=PRESENTATION_STYLE_ASSIGNMENT((#9590));
#9592=STYLED_ITEM('',(#9591),#9589);
#9593=CARTESIAN_POINT('',(5.E-2,3.9E-1,-5.75E-1));
#9594=DIRECTION('',(0.E0,1.E0,0.E0));
#9595=DIRECTION('',(0.E0,0.E0,-1.E0));
#9596=AXIS2_PLACEMENT_3D('',#9593,#9594,#9595);
#9598=CURVE_STYLE('',#35,POSITIVE_LENGTH_MEASURE(2.E-2),#28);
#9599=PRESENTATION_STYLE_ASSIGNMENT((#9598));
#9600=STYLED_ITEM('',(#9599),#9597);
#9601=CARTESIAN_POINT('',(5.E-2,3.9E-1,5.75E-1));
#9602=DIRECTION('',(0.E0,1.E0,0.E0));
#9603=DIRECTION('',(-1.E0,0.E0,0.E0));
#9604=AXIS2_PLACEMENT_3D('',#9601,#9602,#9603);
#9606=CURVE_STYLE('',#35,POSITIVE_LENGTH_MEASURE(2.E-2),#28);
#9607=PRESENTATION_STYLE_ASSIGNMENT((#9606));
#9608=STYLED_ITEM('',(#9607),#9605);
#9609=CARTESIAN_POINT('',(5.E-2,3.9E-1,5.75E-1));
#9610=DIRECTION('',(0.E0,0.E0,1.E0));
#9611=DIRECTION('',(0.E0,1.E0,0.E0));
#9612=AXIS2_PLACEMENT_3D('',#9609,#9610,#9611);
#9614=CURVE_STYLE('',#35,POSITIVE_LENGTH_MEASURE(2.E-2),#28);
#9615=PRESENTATION_STYLE_ASSIGNMENT((#9614));
#9616=STYLED_ITEM('',(#9615),#9613);
#9617=CARTESIAN_POINT('',(5.E-2,3.9E-1,5.75E-1));
#9618=DIRECTION('',(-1.E0,0.E0,0.E0));
#9619=DIRECTION('',(0.E0,0.E0,1.E0));
#9620=AXIS2_PLACEMENT_3D('',#9617,#9618,#9619);
#9622=CURVE_STYLE('',#35,POSITIVE_LENGTH_MEASURE(2.E-2),#28);
#9623=PRESENTATION_STYLE_ASSIGNMENT((#9622));
#9624=STYLED_ITEM('',(#9623),#9621);
#9625=CARTESIAN_POINT('',(5.E-2,-3.9E-1,5.75E-1));
#9626=DIRECTION('',(-1.E0,0.E0,0.E0));
#9627=DIRECTION('',(0.E0,-1.E0,0.E0));
#9628=AXIS2_PLACEMENT_3D('',#9625,#9626,#9627);
#9630=CURVE_STYLE('',#35,POSITIVE_LENGTH_MEASURE(2.E-2),#28);
#9631=PRESENTATION_STYLE_ASSIGNMENT((#9630));
#9632=STYLED_ITEM('',(#9631),#9629);
#9633=CARTESIAN_POINT('',(5.E-2,-3.9E-1,5.75E-1));
#9634=DIRECTION('',(0.E0,0.E0,1.E0));
#9635=DIRECTION('',(-1.E0,0.E0,0.E0));
#9636=AXIS2_PLACEMENT_3D('',#9633,#9634,#9635);
#9638=CURVE_STYLE('',#35,POSITIVE_LENGTH_MEASURE(2.E-2),#28);
#9639=PRESENTATION_STYLE_ASSIGNMENT((#9638));
#9640=STYLED_ITEM('',(#9639),#9637);
#9641=CARTESIAN_POINT('',(5.E-2,-3.9E-1,5.75E-1));
#9642=DIRECTION('',(0.E0,-1.E0,0.E0));
#9643=DIRECTION('',(0.E0,0.E0,1.E0));
#9644=AXIS2_PLACEMENT_3D('',#9641,#9642,#9643);
#9646=CURVE_STYLE('',#35,POSITIVE_LENGTH_MEASURE(2.E-2),#28);
#9647=PRESENTATION_STYLE_ASSIGNMENT((#9646));
#9648=STYLED_ITEM('',(#9647),#9645);
#9649=CARTESIAN_POINT('',(5.E-2,-3.9E-1,-5.75E-1));
#9650=DIRECTION('',(-1.E0,0.E0,0.E0));
#9651=DIRECTION('',(0.E0,0.E0,-1.E0));
#9652=AXIS2_PLACEMENT_3D('',#9649,#9650,#9651);
#9654=CURVE_STYLE('',#35,POSITIVE_LENGTH_MEASURE(2.E-2),#28);
#9655=PRESENTATION_STYLE_ASSIGNMENT((#9654));
#9656=STYLED_ITEM('',(#9655),#9653);
#9657=CARTESIAN_POINT('',(5.E-2,-3.9E-1,-5.75E-1));
#9658=DIRECTION('',(0.E0,-1.E0,0.E0));
#9659=DIRECTION('',(-1.E0,0.E0,0.E0));
#9660=AXIS2_PLACEMENT_3D('',#9657,#9658,#9659);
#9662=CURVE_STYLE('',#35,POSITIVE_LENGTH_MEASURE(2.E-2),#28);
#9663=PRESENTATION_STYLE_ASSIGNMENT((#9662));
#9664=STYLED_ITEM('',(#9663),#9661);
#9665=CARTESIAN_POINT('',(5.E-2,-3.9E-1,-5.75E-1));
#9666=DIRECTION('',(0.E0,0.E0,-1.E0));
#9667=DIRECTION('',(0.E0,-1.E0,0.E0));
#9668=AXIS2_PLACEMENT_3D('',#9665,#9666,#9667);
#9670=CURVE_STYLE('',#35,POSITIVE_LENGTH_MEASURE(2.E-2),#28);
#9671=PRESENTATION_STYLE_ASSIGNMENT((#9670));
#9672=STYLED_ITEM('',(#9671),#9669);
#9673=CARTESIAN_POINT('',(6.5E-1,-3.9E-1,-5.75E-1));
#9674=DIRECTION('',(1.E0,0.E0,0.E0));
#9675=DIRECTION('',(0.E0,-1.E0,0.E0));
#9676=AXIS2_PLACEMENT_3D('',#9673,#9674,#9675);
#9678=CURVE_STYLE('',#35,POSITIVE_LENGTH_MEASURE(2.E-2),#28);
#9679=PRESENTATION_STYLE_ASSIGNMENT((#9678));
#9680=STYLED_ITEM('',(#9679),#9677);
#9681=CARTESIAN_POINT('',(6.5E-1,3.9E-1,-5.75E-1));
#9682=DIRECTION('',(0.E0,1.E0,0.E0));
#9683=DIRECTION('',(1.E0,0.E0,0.E0));
#9684=AXIS2_PLACEMENT_3D('',#9681,#9682,#9683);
#9686=CURVE_STYLE('',#35,POSITIVE_LENGTH_MEASURE(2.E-2),#28);
#9687=PRESENTATION_STYLE_ASSIGNMENT((#9686));
#9688=STYLED_ITEM('',(#9687),#9685);
#9689=CARTESIAN_POINT('',(6.5E-1,-3.9E-1,-5.75E-1));
#9690=DIRECTION('',(0.E0,-1.E0,0.E0));
#9691=DIRECTION('',(0.E0,0.E0,-1.E0));
#9692=AXIS2_PLACEMENT_3D('',#9689,#9690,#9691);
#9694=CURVE_STYLE('',#35,POSITIVE_LENGTH_MEASURE(2.E-2),#28);
#9695=PRESENTATION_STYLE_ASSIGNMENT((#9694));
#9696=STYLED_ITEM('',(#9695),#9693);
#9697=CARTESIAN_POINT('',(6.5E-1,3.9E-1,-5.75E-1));
#9698=DIRECTION('',(0.E0,0.E0,-1.E0));
#9699=DIRECTION('',(0.E0,1.E0,0.E0));
#9700=AXIS2_PLACEMENT_3D('',#9697,#9698,#9699);
#9702=CURVE_STYLE('',#35,POSITIVE_LENGTH_MEASURE(2.E-2),#28);
#9703=PRESENTATION_STYLE_ASSIGNMENT((#9702));
#9704=STYLED_ITEM('',(#9703),#9701);
#9705=CARTESIAN_POINT('',(6.5E-1,3.9E-1,5.75E-1));
#9706=DIRECTION('',(0.E0,0.E0,-1.E0));
#9707=DIRECTION('',(0.E0,1.E0,0.E0));
#9708=AXIS2_PLACEMENT_3D('',#9705,#9706,#9707);
#9710=CURVE_STYLE('',#35,POSITIVE_LENGTH_MEASURE(2.E-2),#28);
#9711=PRESENTATION_STYLE_ASSIGNMENT((#9710));
#9712=STYLED_ITEM('',(#9711),#9709);
#9713=DIRECTION('',(0.E0,0.E0,-1.E0));
#9714=VECTOR('',#9713,1.149999999960E0);
#9715=CARTESIAN_POINT('',(7.E-1,3.9E-1,5.749999999847E-1));
#9716=LINE('',#9715,#9714);
#9717=CURVE_STYLE('',#35,POSITIVE_LENGTH_MEASURE(2.E-2),#28);
#9718=PRESENTATION_STYLE_ASSIGNMENT((#9717));
#9719=STYLED_ITEM('',(#9718),#9716);
#9720=DIRECTION('',(0.E0,-1.E0,0.E0));
#9721=VECTOR('',#9720,7.8E-1);
#9722=CARTESIAN_POINT('',(7.E-1,3.9E-1,-5.749999999758E-1));
#9723=LINE('',#9722,#9721);
#9724=CURVE_STYLE('',#35,POSITIVE_LENGTH_MEASURE(2.E-2),#28);
#9725=PRESENTATION_STYLE_ASSIGNMENT((#9724));
#9726=STYLED_ITEM('',(#9725),#9723);
#9727=DIRECTION('',(0.E0,0.E0,1.E0));
#9728=VECTOR('',#9727,1.149999999960E0);
#9729=CARTESIAN_POINT('',(7.E-1,-3.9E-1,-5.749999999758E-1));
#9730=LINE('',#9729,#9728);
#9731=CURVE_STYLE('',#35,POSITIVE_LENGTH_MEASURE(2.E-2),#28);
#9732=PRESENTATION_STYLE_ASSIGNMENT((#9731));
#9733=STYLED_ITEM('',(#9732),#9730);
#9734=DIRECTION('',(0.E0,-1.E0,0.E0));
#9735=VECTOR('',#9734,7.8E-1);
#9736=CARTESIAN_POINT('',(7.E-1,3.9E-1,5.749999999847E-1));
#9737=LINE('',#9736,#9735);
#9738=CURVE_STYLE('',#35,POSITIVE_LENGTH_MEASURE(2.E-2),#28);
#9739=PRESENTATION_STYLE_ASSIGNMENT((#9738));
#9740=STYLED_ITEM('',(#9739),#9737);
#9741=CARTESIAN_POINT('',(6.5E-1,-3.9E-1,-5.75E-1));
#9742=DIRECTION('',(0.E0,0.E0,1.E0));
#9743=DIRECTION('',(0.E0,-1.E0,0.E0));
#9744=AXIS2_PLACEMENT_3D('',#9741,#9742,#9743);
#9746=CURVE_STYLE('',#35,POSITIVE_LENGTH_MEASURE(2.E-2),#28);
#9747=PRESENTATION_STYLE_ASSIGNMENT((#9746));
#9748=STYLED_ITEM('',(#9747),#9745);
#9749=CARTESIAN_POINT('',(6.5E-1,-3.9E-1,5.75E-1));
#9750=DIRECTION('',(0.E0,0.E0,1.E0));
#9751=DIRECTION('',(0.E0,-1.E0,0.E0));
#9752=AXIS2_PLACEMENT_3D('',#9749,#9750,#9751);
#9754=CURVE_STYLE('',#35,POSITIVE_LENGTH_MEASURE(2.E-2),#28);
#9755=PRESENTATION_STYLE_ASSIGNMENT((#9754));
#9756=STYLED_ITEM('',(#9755),#9753);
#9757=CARTESIAN_POINT('',(6.5E-1,3.9E-1,5.75E-1));
#9758=DIRECTION('',(0.E0,1.E0,0.E0));
#9759=DIRECTION('',(0.E0,0.E0,1.E0));
#9760=AXIS2_PLACEMENT_3D('',#9757,#9758,#9759);
#9762=CURVE_STYLE('',#35,POSITIVE_LENGTH_MEASURE(2.E-2),#28);
#9763=PRESENTATION_STYLE_ASSIGNMENT((#9762));
#9764=STYLED_ITEM('',(#9763),#9761);
#9765=CARTESIAN_POINT('',(6.5E-1,-3.9E-1,5.75E-1));
#9766=DIRECTION('',(0.E0,-1.E0,0.E0));
#9767=DIRECTION('',(1.E0,0.E0,0.E0));
#9768=AXIS2_PLACEMENT_3D('',#9765,#9766,#9767);
#9770=CURVE_STYLE('',#35,POSITIVE_LENGTH_MEASURE(2.E-2),#28);
#9771=PRESENTATION_STYLE_ASSIGNMENT((#9770));
#9772=STYLED_ITEM('',(#9771),#9769);
#9773=CARTESIAN_POINT('',(6.5E-1,3.9E-1,5.75E-1));
#9774=DIRECTION('',(1.E0,0.E0,0.E0));
#9775=DIRECTION('',(0.E0,1.E0,0.E0));
#9776=AXIS2_PLACEMENT_3D('',#9773,#9774,#9775);
#9778=CURVE_STYLE('',#35,POSITIVE_LENGTH_MEASURE(2.E-2),#28);
#9779=PRESENTATION_STYLE_ASSIGNMENT((#9778));
#9780=STYLED_ITEM('',(#9779),#9777);
#9781=CARTESIAN_POINT('',(6.499999999847E-1,3.9E-1,-6.25E-1));
#9782=CARTESIAN_POINT('',(5.E-2,3.9E-1,-6.25E-1));
#9783=VERTEX_POINT('',#9781);
#9784=VERTEX_POINT('',#9782);
#9785=CARTESIAN_POINT('',(6.5E-1,4.4E-1,-5.75E-1));
#9786=CARTESIAN_POINT('',(5.E-2,4.4E-1,-5.75E-1));
#9787=VERTEX_POINT('',#9785);
#9788=VERTEX_POINT('',#9786);
#9789=CARTESIAN_POINT('',(7.E-1,3.9E-1,-5.75E-1));
#9790=VERTEX_POINT('',#9789);
#9791=CARTESIAN_POINT('',(6.5E-1,4.4E-1,5.75E-1));
#9792=VERTEX_POINT('',#9791);
#9793=CARTESIAN_POINT('',(7.E-1,3.9E-1,5.749999999847E-1));
#9794=VERTEX_POINT('',#9793);
#9795=CARTESIAN_POINT('',(6.5E-1,3.9E-1,6.25E-1));
#9796=VERTEX_POINT('',#9795);
#9797=CARTESIAN_POINT('',(5.E-2,4.4E-1,5.75E-1));
#9798=VERTEX_POINT('',#9797);
#9799=CARTESIAN_POINT('',(5.E-2,3.9E-1,6.25E-1));
#9800=VERTEX_POINT('',#9799);
#9801=CARTESIAN_POINT('',(6.499999999758E-1,-3.9E-1,6.25E-1));
#9802=CARTESIAN_POINT('',(5.E-2,-3.9E-1,6.25E-1));
#9803=VERTEX_POINT('',#9801);
#9804=VERTEX_POINT('',#9802);
#9805=CARTESIAN_POINT('',(6.5E-1,-4.4E-1,5.75E-1));
#9806=CARTESIAN_POINT('',(5.E-2,-4.4E-1,5.75E-1));
#9807=VERTEX_POINT('',#9805);
#9808=VERTEX_POINT('',#9806);
#9809=CARTESIAN_POINT('',(7.E-1,-3.9E-1,5.75E-1));
#9810=VERTEX_POINT('',#9809);
#9811=CARTESIAN_POINT('',(6.5E-1,-4.4E-1,-5.75E-1));
#9812=VERTEX_POINT('',#9811);
#9813=CARTESIAN_POINT('',(7.E-1,-3.9E-1,-5.749999999758E-1));
#9814=VERTEX_POINT('',#9813);
#9815=CARTESIAN_POINT('',(6.5E-1,-3.9E-1,-6.25E-1));
#9816=VERTEX_POINT('',#9815);
#9817=CARTESIAN_POINT('',(5.E-2,-4.4E-1,-5.75E-1));
#9818=VERTEX_POINT('',#9817);
#9819=CARTESIAN_POINT('',(5.E-2,-3.9E-1,-6.25E-1));
#9820=VERTEX_POINT('',#9819);
#9821=CARTESIAN_POINT('',(0.E0,3.9E-1,-5.75E-1));
#9822=CARTESIAN_POINT('',(0.E0,3.9E-1,5.75E-1));
#9823=VERTEX_POINT('',#9821);
#9824=VERTEX_POINT('',#9822);
#9825=CARTESIAN_POINT('',(0.E0,-3.9E-1,5.75E-1));
#9826=CARTESIAN_POINT('',(0.E0,-3.9E-1,-5.75E-1));
#9827=VERTEX_POINT('',#9825);
#9828=VERTEX_POINT('',#9826);
#9829=CARTESIAN_POINT('',(0.E0,-4.4E-1,0.E0));
#9830=DIRECTION('',(0.E0,1.E0,0.E0));
#9831=DIRECTION('',(1.E0,0.E0,0.E0));
#9832=AXIS2_PLACEMENT_3D('',#9829,#9830,#9831);
#9833=PLANE('',#9832);
#9835=ORIENTED_EDGE('',*,*,#9834,.F.);
#9837=ORIENTED_EDGE('',*,*,#9836,.F.);
#9839=ORIENTED_EDGE('',*,*,#9838,.F.);
#9841=ORIENTED_EDGE('',*,*,#9840,.F.);
#9842=EDGE_LOOP('',(#9835,#9837,#9839,#9841));
#9843=FACE_OUTER_BOUND('',#9842,.F.);
#9845=CARTESIAN_POINT('',(6.536725022110E-1,-3.9E-1,5.75E-1));
#9846=DIRECTION('',(-1.E0,0.E0,0.E0));
#9847=DIRECTION('',(0.E0,-1.E0,0.E0));
#9848=AXIS2_PLACEMENT_3D('',#9845,#9846,#9847);
#9849=CYLINDRICAL_SURFACE('',#9848,5.E-2);
#9851=ORIENTED_EDGE('',*,*,#9850,.F.);
#9853=ORIENTED_EDGE('',*,*,#9852,.F.);
#9854=ORIENTED_EDGE('',*,*,#9834,.T.);
#9856=ORIENTED_EDGE('',*,*,#9855,.T.);
#9857=EDGE_LOOP('',(#9851,#9853,#9854,#9856));
#9858=FACE_OUTER_BOUND('',#9857,.F.);
#9860=CARTESIAN_POINT('',(0.E0,-4.4E-1,6.25E-1));
#9861=DIRECTION('',(0.E0,0.E0,1.E0));
#9862=DIRECTION('',(1.E0,0.E0,0.E0));
#9863=AXIS2_PLACEMENT_3D('',#9860,#9861,#9862);
#9864=PLANE('',#9863);
#9866=ORIENTED_EDGE('',*,*,#9865,.T.);
#9868=ORIENTED_EDGE('',*,*,#9867,.T.);
#9869=ORIENTED_EDGE('',*,*,#9850,.T.);
#9871=ORIENTED_EDGE('',*,*,#9870,.F.);
#9872=EDGE_LOOP('',(#9866,#9868,#9869,#9871));
#9873=FACE_OUTER_BOUND('',#9872,.F.);
#9875=CARTESIAN_POINT('',(-9.1252E-1,3.9E-1,5.75E-1));
#9876=DIRECTION('',(1.E0,0.E0,0.E0));
#9877=DIRECTION('',(0.E0,1.E0,0.E0));
#9878=AXIS2_PLACEMENT_3D('',#9875,#9876,#9877);
#9879=CYLINDRICAL_SURFACE('',#9878,5.E-2);
#9881=ORIENTED_EDGE('',*,*,#9880,.T.);
#9883=ORIENTED_EDGE('',*,*,#9882,.T.);
#9884=ORIENTED_EDGE('',*,*,#9865,.F.);
#9886=ORIENTED_EDGE('',*,*,#9885,.T.);
#9887=EDGE_LOOP('',(#9881,#9883,#9884,#9886));
#9888=FACE_OUTER_BOUND('',#9887,.F.);
#9890=CARTESIAN_POINT('',(0.E0,4.4E-1,0.E0));
#9891=DIRECTION('',(0.E0,1.E0,0.E0));
#9892=DIRECTION('',(1.E0,0.E0,0.E0));
#9893=AXIS2_PLACEMENT_3D('',#9890,#9891,#9892);
#9894=PLANE('',#9893);
#9896=ORIENTED_EDGE('',*,*,#9895,.F.);
#9898=ORIENTED_EDGE('',*,*,#9897,.F.);
#9899=ORIENTED_EDGE('',*,*,#9880,.F.);
#9901=ORIENTED_EDGE('',*,*,#9900,.F.);
#9902=EDGE_LOOP('',(#9896,#9898,#9899,#9901));
#9903=FACE_OUTER_BOUND('',#9902,.F.);
#9905=CARTESIAN_POINT('',(6.525852575582E-1,3.9E-1,-5.75E-1));
#9906=DIRECTION('',(-1.E0,0.E0,0.E0));
#9907=DIRECTION('',(0.E0,1.E0,0.E0));
#9908=AXIS2_PLACEMENT_3D('',#9905,#9906,#9907);
#9909=CYLINDRICAL_SURFACE('',#9908,5.E-2);
#9911=ORIENTED_EDGE('',*,*,#9910,.F.);
#9913=ORIENTED_EDGE('',*,*,#9912,.F.);
#9914=ORIENTED_EDGE('',*,*,#9895,.T.);
#9916=ORIENTED_EDGE('',*,*,#9915,.T.);
#9917=EDGE_LOOP('',(#9911,#9913,#9914,#9916));
#9918=FACE_OUTER_BOUND('',#9917,.F.);
#9920=CARTESIAN_POINT('',(7.E-1,-4.4E-1,-6.25E-1));
#9921=DIRECTION('',(0.E0,0.E0,-1.E0));
#9922=DIRECTION('',(-1.E0,0.E0,0.E0));
#9923=AXIS2_PLACEMENT_3D('',#9920,#9921,#9922);
#9924=PLANE('',#9923);
#9925=ORIENTED_EDGE('',*,*,#9910,.T.);
#9927=ORIENTED_EDGE('',*,*,#9926,.T.);
#9929=ORIENTED_EDGE('',*,*,#9928,.T.);
#9931=ORIENTED_EDGE('',*,*,#9930,.F.);
#9932=EDGE_LOOP('',(#9925,#9927,#9929,#9931));
#9933=FACE_OUTER_BOUND('',#9932,.F.);
#9935=CARTESIAN_POINT('',(5.E-2,1.587168E0,-5.75E-1));
#9936=DIRECTION('',(0.E0,-1.E0,0.E0));
#9937=DIRECTION('',(-1.E0,0.E0,0.E0));
#9938=AXIS2_PLACEMENT_3D('',#9935,#9936,#9937);
#9939=CYLINDRICAL_SURFACE('',#9938,5.E-2);
#9941=ORIENTED_EDGE('',*,*,#9940,.T.);
#9943=ORIENTED_EDGE('',*,*,#9942,.T.);
#9944=ORIENTED_EDGE('',*,*,#9926,.F.);
#9946=ORIENTED_EDGE('',*,*,#9945,.T.);
#9947=EDGE_LOOP('',(#9941,#9943,#9944,#9946));
#9948=FACE_OUTER_BOUND('',#9947,.F.);
#9950=CARTESIAN_POINT('',(0.E0,-4.4E-1,-6.25E-1));
#9951=DIRECTION('',(-1.E0,0.E0,0.E0));
#9952=DIRECTION('',(0.E0,0.E0,1.E0));
#9953=AXIS2_PLACEMENT_3D('',#9950,#9951,#9952);
#9954=PLANE('',#9953);
#9956=ORIENTED_EDGE('',*,*,#9955,.T.);
#9958=ORIENTED_EDGE('',*,*,#9957,.T.);
#9960=ORIENTED_EDGE('',*,*,#9959,.T.);
#9961=ORIENTED_EDGE('',*,*,#9940,.F.);
#9962=EDGE_LOOP('',(#9956,#9958,#9960,#9961));
#9963=FACE_OUTER_BOUND('',#9962,.F.);
#9965=CARTESIAN_POINT('',(5.E-2,3.9E-1,-2.2545E0));
#9966=DIRECTION('',(0.E0,0.E0,1.E0));
#9967=DIRECTION('',(0.E0,1.E0,0.E0));
#9968=AXIS2_PLACEMENT_3D('',#9965,#9966,#9967);
#9969=CYLINDRICAL_SURFACE('',#9968,5.E-2);
#9970=ORIENTED_EDGE('',*,*,#9955,.F.);
#9972=ORIENTED_EDGE('',*,*,#9971,.T.);
#9973=ORIENTED_EDGE('',*,*,#9900,.T.);
#9975=ORIENTED_EDGE('',*,*,#9974,.T.);
#9976=EDGE_LOOP('',(#9970,#9972,#9973,#9975));
#9977=FACE_OUTER_BOUND('',#9976,.F.);
#9979=CARTESIAN_POINT('',(5.E-2,3.9E-1,-5.75E-1));
#9980=DIRECTION('',(7.071067811865E-1,0.E0,-7.071067811865E-1));
#9981=DIRECTION('',(-7.071067811865E-1,0.E0,-7.071067811865E-1));
#9982=AXIS2_PLACEMENT_3D('',#9979,#9980,#9981);
#9983=SPHERICAL_SURFACE('',#9982,5.E-2);
#9984=ORIENTED_EDGE('',*,*,#9915,.F.);
#9985=ORIENTED_EDGE('',*,*,#9971,.F.);
#9986=ORIENTED_EDGE('',*,*,#9945,.F.);
#9987=EDGE_LOOP('',(#9984,#9985,#9986));
#9988=FACE_OUTER_BOUND('',#9987,.F.);
#9990=CARTESIAN_POINT('',(5.E-2,3.9E-1,5.75E-1));
#9991=DIRECTION('',(0.E0,-7.071067811865E-1,7.071067811865E-1));
#9992=DIRECTION('',(0.E0,7.071067811865E-1,7.071067811865E-1));
#9993=AXIS2_PLACEMENT_3D('',#9990,#9991,#9992);
#9994=SPHERICAL_SURFACE('',#9993,5.E-2);
#9996=ORIENTED_EDGE('',*,*,#9995,.F.);
#9997=ORIENTED_EDGE('',*,*,#9974,.F.);
#9998=ORIENTED_EDGE('',*,*,#9885,.F.);
#9999=EDGE_LOOP('',(#9996,#9997,#9998));
#10000=FACE_OUTER_BOUND('',#9999,.F.);
#10002=CARTESIAN_POINT('',(5.E-2,1.587168E0,5.75E-1));
#10003=DIRECTION('',(0.E0,-1.E0,0.E0));
#10004=DIRECTION('',(0.E0,0.E0,1.E0));
#10005=AXIS2_PLACEMENT_3D('',#10002,#10003,#10004);
#10006=CYLINDRICAL_SURFACE('',#10005,5.E-2);
#10007=ORIENTED_EDGE('',*,*,#9870,.T.);
#10009=ORIENTED_EDGE('',*,*,#10008,.T.);
#10010=ORIENTED_EDGE('',*,*,#9957,.F.);
#10011=ORIENTED_EDGE('',*,*,#9995,.T.);
#10012=EDGE_LOOP('',(#10007,#10009,#10010,#10011));
#10013=FACE_OUTER_BOUND('',#10012,.F.);
#10015=CARTESIAN_POINT('',(5.E-2,-3.9E-1,5.75E-1));
#10016=DIRECTION('',(7.071067811865E-1,0.E0,7.071067811865E-1));
#10017=DIRECTION('',(-7.071067811865E-1,0.E0,7.071067811865E-1));
#10018=AXIS2_PLACEMENT_3D('',#10015,#10016,#10017);
#10019=SPHERICAL_SURFACE('',#10018,5.E-2);
#10020=ORIENTED_EDGE('',*,*,#9855,.F.);
#10022=ORIENTED_EDGE('',*,*,#10021,.F.);
#10023=ORIENTED_EDGE('',*,*,#10008,.F.);
#10024=EDGE_LOOP('',(#10020,#10022,#10023));
#10025=FACE_OUTER_BOUND('',#10024,.F.);
#10027=CARTESIAN_POINT('',(5.E-2,-3.9E-1,2.2545E0));
#10028=DIRECTION('',(0.E0,0.E0,-1.E0));
#10029=DIRECTION('',(0.E0,-1.E0,0.E0));
#10030=AXIS2_PLACEMENT_3D('',#10027,#10028,#10029);
#10031=CYLINDRICAL_SURFACE('',#10030,5.E-2);
#10032=ORIENTED_EDGE('',*,*,#9959,.F.);
#10033=ORIENTED_EDGE('',*,*,#10021,.T.);
#10034=ORIENTED_EDGE('',*,*,#9840,.T.);
#10036=ORIENTED_EDGE('',*,*,#10035,.T.);
#10037=EDGE_LOOP('',(#10032,#10033,#10034,#10036));
#10038=FACE_OUTER_BOUND('',#10037,.F.);
#10040=CARTESIAN_POINT('',(5.E-2,-3.9E-1,-5.75E-1));
#10041=DIRECTION('',(0.E0,7.071067811865E-1,-7.071067811865E-1));
#10042=DIRECTION('',(0.E0,-7.071067811865E-1,-7.071067811865E-1));
#10043=AXIS2_PLACEMENT_3D('',#10040,#10041,#10042);
#10044=SPHERICAL_SURFACE('',#10043,5.E-2);
#10046=ORIENTED_EDGE('',*,*,#10045,.F.);
#10047=ORIENTED_EDGE('',*,*,#9942,.F.);
#10048=ORIENTED_EDGE('',*,*,#10035,.F.);
#10049=EDGE_LOOP('',(#10046,#10047,#10048));
#10050=FACE_OUTER_BOUND('',#10049,.F.);
#10052=CARTESIAN_POINT('',(-9.1252E-1,-3.9E-1,-5.75E-1));
#10053=DIRECTION('',(1.E0,0.E0,0.E0));
#10054=DIRECTION('',(0.E0,-1.E0,0.E0));
#10055=AXIS2_PLACEMENT_3D('',#10052,#10053,#10054);
#10056=CYLINDRICAL_SURFACE('',#10055,5.E-2);
#10057=ORIENTED_EDGE('',*,*,#9838,.T.);
#10059=ORIENTED_EDGE('',*,*,#10058,.T.);
#10060=ORIENTED_EDGE('',*,*,#9928,.F.);
#10061=ORIENTED_EDGE('',*,*,#10045,.T.);
#10062=EDGE_LOOP('',(#10057,#10059,#10060,#10061));
#10063=FACE_OUTER_BOUND('',#10062,.F.);
#10065=CARTESIAN_POINT('',(6.5E-1,-3.9E-1,-5.75E-1));
#10066=DIRECTION('',(-7.071067809346E-1,0.E0,-7.071067814385E-1));
#10067=DIRECTION('',(7.071067814385E-1,0.E0,-7.071067809346E-1));
#10068=AXIS2_PLACEMENT_3D('',#10065,#10066,#10067);
#10069=SPHERICAL_SURFACE('',#10068,5.E-2);
#10071=ORIENTED_EDGE('',*,*,#10070,.F.);
#10072=ORIENTED_EDGE('',*,*,#10058,.F.);
#10074=ORIENTED_EDGE('',*,*,#10073,.T.);
#10075=EDGE_LOOP('',(#10071,#10072,#10074));
#10076=FACE_OUTER_BOUND('',#10075,.F.);
#10078=CARTESIAN_POINT('',(6.5E-1,1.587168E0,-5.75E-1));
#10079=DIRECTION('',(0.E0,-1.E0,0.E0));
#10080=DIRECTION('',(0.E0,0.E0,-1.E0));
#10081=AXIS2_PLACEMENT_3D('',#10078,#10079,#10080);
#10082=CYLINDRICAL_SURFACE('',#10081,5.E-2);
#10084=ORIENTED_EDGE('',*,*,#10083,.T.);
#10085=ORIENTED_EDGE('',*,*,#9930,.T.);
#10086=ORIENTED_EDGE('',*,*,#10070,.T.);
#10088=ORIENTED_EDGE('',*,*,#10087,.F.);
#10089=EDGE_LOOP('',(#10084,#10085,#10086,#10088));
#10090=FACE_OUTER_BOUND('',#10089,.F.);
#10092=CARTESIAN_POINT('',(6.5E-1,3.9E-1,-5.75E-1));
#10093=DIRECTION('',(7.071067809346E-1,0.E0,7.071067814385E-1));
#10094=DIRECTION('',(7.071067814385E-1,0.E0,-7.071067809346E-1));
#10095=AXIS2_PLACEMENT_3D('',#10092,#10093,#10094);
#10096=SPHERICAL_SURFACE('',#10095,5.E-2);
#10097=ORIENTED_EDGE('',*,*,#10083,.F.);
#10099=ORIENTED_EDGE('',*,*,#10098,.F.);
#10100=ORIENTED_EDGE('',*,*,#9912,.T.);
#10101=EDGE_LOOP('',(#10097,#10099,#10100));
#10102=FACE_OUTER_BOUND('',#10101,.F.);
#10104=CARTESIAN_POINT('',(6.5E-1,3.9E-1,5.775852575582E-1));
#10105=DIRECTION('',(0.E0,0.E0,-1.E0));
#10106=DIRECTION('',(0.E0,1.E0,0.E0));
#10107=AXIS2_PLACEMENT_3D('',#10104,#10105,#10106);
#10108=CYLINDRICAL_SURFACE('',#10107,5.E-2);
#10109=ORIENTED_EDGE('',*,*,#9897,.T.);
#10110=ORIENTED_EDGE('',*,*,#10098,.T.);
#10112=ORIENTED_EDGE('',*,*,#10111,.F.);
#10114=ORIENTED_EDGE('',*,*,#10113,.F.);
#10115=EDGE_LOOP('',(#10109,#10110,#10112,#10114));
#10116=FACE_OUTER_BOUND('',#10115,.F.);
#10118=CARTESIAN_POINT('',(7.E-1,-4.4E-1,6.25E-1));
#10119=DIRECTION('',(1.E0,0.E0,0.E0));
#10120=DIRECTION('',(0.E0,0.E0,-1.E0));
#10121=AXIS2_PLACEMENT_3D('',#10118,#10119,#10120);
#10122=PLANE('',#10121);
#10123=ORIENTED_EDGE('',*,*,#10111,.T.);
#10124=ORIENTED_EDGE('',*,*,#10087,.T.);
#10126=ORIENTED_EDGE('',*,*,#10125,.T.);
#10128=ORIENTED_EDGE('',*,*,#10127,.F.);
#10129=EDGE_LOOP('',(#10123,#10124,#10126,#10128));
#10130=FACE_OUTER_BOUND('',#10129,.F.);
#10132=CARTESIAN_POINT('',(6.5E-1,-3.9E-1,-5.786725022110E-1));
#10133=DIRECTION('',(0.E0,0.E0,1.E0));
#10134=DIRECTION('',(0.E0,-1.E0,0.E0));
#10135=AXIS2_PLACEMENT_3D('',#10132,#10133,#10134);
#10136=CYLINDRICAL_SURFACE('',#10135,5.E-2);
#10137=ORIENTED_EDGE('',*,*,#9836,.T.);
#10139=ORIENTED_EDGE('',*,*,#10138,.T.);
#10140=ORIENTED_EDGE('',*,*,#10125,.F.);
#10141=ORIENTED_EDGE('',*,*,#10073,.F.);
#10142=EDGE_LOOP('',(#10137,#10139,#10140,#10141));
#10143=FACE_OUTER_BOUND('',#10142,.F.);
#10145=CARTESIAN_POINT('',(6.5E-1,-3.9E-1,5.75E-1));
#10146=DIRECTION('',(7.071067814385E-1,0.E0,-7.071067809346E-1));
#10147=DIRECTION('',(7.071067809346E-1,0.E0,7.071067814385E-1));
#10148=AXIS2_PLACEMENT_3D('',#10145,#10146,#10147);
#10149=SPHERICAL_SURFACE('',#10148,5.E-2);
#10151=ORIENTED_EDGE('',*,*,#10150,.F.);
#10152=ORIENTED_EDGE('',*,*,#10138,.F.);
#10153=ORIENTED_EDGE('',*,*,#9852,.T.);
#10154=EDGE_LOOP('',(#10151,#10152,#10153));
#10155=FACE_OUTER_BOUND('',#10154,.F.);
#10157=CARTESIAN_POINT('',(6.5E-1,1.587168E0,5.75E-1));
#10158=DIRECTION('',(0.E0,-1.E0,0.E0));
#10159=DIRECTION('',(1.E0,0.E0,0.E0));
#10160=AXIS2_PLACEMENT_3D('',#10157,#10158,#10159);
#10161=CYLINDRICAL_SURFACE('',#10160,5.E-2);
#10163=ORIENTED_EDGE('',*,*,#10162,.T.);
#10164=ORIENTED_EDGE('',*,*,#10127,.T.);
#10165=ORIENTED_EDGE('',*,*,#10150,.T.);
#10166=ORIENTED_EDGE('',*,*,#9867,.F.);
#10167=EDGE_LOOP('',(#10163,#10164,#10165,#10166));
#10168=FACE_OUTER_BOUND('',#10167,.F.);
#10170=CARTESIAN_POINT('',(6.5E-1,3.9E-1,5.75E-1));
#10171=DIRECTION('',(-7.071067814385E-1,0.E0,7.071067809346E-1));
#10172=DIRECTION('',(7.071067809346E-1,0.E0,7.071067814385E-1));
#10173=AXIS2_PLACEMENT_3D('',#10170,#10171,#10172);
#10174=SPHERICAL_SURFACE('',#10173,5.E-2);
#10175=ORIENTED_EDGE('',*,*,#10162,.F.);
#10176=ORIENTED_EDGE('',*,*,#9882,.F.);
#10177=ORIENTED_EDGE('',*,*,#10113,.T.);
#10178=EDGE_LOOP('',(#10175,#10176,#10177));
#10179=FACE_OUTER_BOUND('',#10178,.F.);
#10181=CLOSED_SHELL('',(#9844,#9859,#9874,#9889,#9904,#9919,#9934,#9949,#9964,
#9978,#9989,#10001,#10014,#10026,#10039,#10051,#10064,#10077,#10091,#10103,
#10117,#10131,#10144,#10156,#10169,#10180));
#10182=MANIFOLD_SOLID_BREP('',#10181);
#10183=FILL_AREA_STYLE_COLOUR('',#28);
#10184=FILL_AREA_STYLE('',(#10183));
#10185=SURFACE_STYLE_FILL_AREA(#10184);
#10186=SURFACE_SIDE_STYLE('',(#10185));
#10187=SURFACE_STYLE_USAGE(.BOTH.,#10186);
#10188=PRESENTATION_STYLE_ASSIGNMENT((#10187));
#9420=STYLED_ITEM('',(#10188),#10182);
#10191=PLANE_ANGLE_MEASURE_WITH_UNIT(PLANE_ANGLE_MEASURE(1.745329251994E-2),
#10190);
#10192=(CONVERSION_BASED_UNIT('DEGREE',#10191)NAMED_UNIT(*)PLANE_ANGLE_UNIT());
#10194=UNCERTAINTY_MEASURE_WITH_UNIT(LENGTH_MEASURE(1.681271498754E-4),#10189,
'distance_accuracy_value',
'Maximum model space distance between geometric entities at asserted connectivities');
#10196=CARTESIAN_POINT('',(0.E0,0.E0,0.E0));
#10197=DIRECTION('',(0.E0,0.E0,1.E0));
#10198=DIRECTION('',(1.E0,0.E0,0.E0));
#10201=PRODUCT_CONTEXT('',#1958,'mechanical');
#10202=PRODUCT('INDUCTOR-TERMNL','INDUCTOR-TERMNL','NOT SPECIFIED',(#10201));
#10203=PRODUCT_DEFINITION_FORMATION('18','LAST_VERSION',#10202);
#10211=DERIVED_UNIT_ELEMENT(#10210,2.E0);
#10212=DERIVED_UNIT((#10211));
#10213=MEASURE_REPRESENTATION_ITEM('surface area measure',AREA_MEASURE(
4.936239560143E0),#10212);
#10218=DERIVED_UNIT_ELEMENT(#10217,3.E0);
#10219=DERIVED_UNIT((#10218));
#10220=MEASURE_REPRESENTATION_ITEM('volume measure',VOLUME_MEASURE(
7.640941771768E-1),#10219);
#10224=CARTESIAN_POINT('centre point',(3.500000016188E-1,0.E0,0.E0));
#10229=DERIVED_UNIT_ELEMENT(#10228,2.E0);
#10230=DERIVED_UNIT((#10229));
#10231=MEASURE_REPRESENTATION_ITEM('surface area measure',AREA_MEASURE(
4.936239560143E0),#10230);
#10236=DERIVED_UNIT_ELEMENT(#10235,3.E0);
#10237=DERIVED_UNIT((#10236));
#10238=MEASURE_REPRESENTATION_ITEM('volume measure',VOLUME_MEASURE(
7.640941771768E-1),#10237);
#10242=CARTESIAN_POINT('centre point',(3.500000016188E-1,0.E0,0.E0));
#10247=DRAUGHTING_MODEL('Default',(#10259,#10260,#10276),#2007);
#10248=PRESENTATION_VIEW('Default',(#10267,#10280),#2007);
#10249=CARTESIAN_POINT('',(0.E0,0.E0,0.E0));
#10250=CARTESIAN_POINT('',(-8.256265463850E-1,-9.686232233038E-1,
3.555601520778E0));
#10251=DIRECTION('',(0.E0,0.E0,1.E0));
#10252=DIRECTION('',(1.E0,0.E0,0.E0));
#10253=AXIS2_PLACEMENT_3D('',#10250,#10251,#10252);
#10255=VIEW_VOLUME(.PARALLEL.,#10249,3.555601520778E0,3.555601520778E0,.T.,0.E0,
.F.,.T.,#10254);
#10256=CARTESIAN_POINT('',(6.241640426431E-1,2.215082373541E0,
2.994331585459E0));
#10257=DIRECTION('',(3.894183423087E-1,7.214918620107E-1,5.725406952575E-1));
#10258=DIRECTION('',(9.210609940029E-1,-3.050418666329E-1,-2.420663234065E-1));
#10259=AXIS2_PLACEMENT_3D('',#10256,#10257,#10258);
#10260=CAMERA_MODEL_D3_WITH_HLHSR('DEFAULT',#10259,#10255,.F.);
#10262=CARTESIAN_POINT('',(-3.595941031314E2,-4.21875E2,1.548609774668E3));
#10263=DIRECTION('',(0.E0,0.E0,1.E0));
#10264=DIRECTION('',(1.E0,0.E0,0.E0));
#10265=AXIS2_PLACEMENT_3D('',#10262,#10263,#10264);
#10267=(CAMERA_IMAGE()CAMERA_IMAGE_3D_WITH_SCALE()GEOMETRIC_REPRESENTATION_ITEM(
)MAPPED_ITEM(#10261,#10266)REPRESENTATION_ITEM(''));
#10268=CARTESIAN_POINT('',(-8.256265463850E-1,-9.686232233038E-1,
3.555601520778E0));
#10269=DIRECTION('',(0.E0,0.E0,1.E0));
#10270=DIRECTION('',(1.E0,0.E0,0.E0));
#10271=AXIS2_PLACEMENT_3D('',#10268,#10269,#10270);
#10272=REPRESENTATION_MAP(#10271,#10200);
#10273=CARTESIAN_POINT('',(0.E0,0.E0));
#10274=DIRECTION('',(1.E0,0.E0));
#10275=AXIS2_PLACEMENT_2D('',#10273,#10274);
#10276=MAPPED_ITEM('',#10272,#10275);
#10277=CARTESIAN_POINT('',(-8.256265463850E-1,-9.686232233038E-1,
3.555601520778E0));
#10278=DIRECTION('',(0.E0,0.E0,1.E0));
#10279=DIRECTION('',(1.E0,0.E0,0.E0));
#10280=AXIS2_PLACEMENT_3D('',#10277,#10278,#10279);
#10281=REPRESENTATION_MAP(#10280,#10248);
#10282=CARTESIAN_POINT('',(0.E0,0.E0));
#10283=DIRECTION('',(1.E0,0.E0));
#10284=AXIS2_PLACEMENT_2D('',#10282,#10283);
#10285=MAPPED_ITEM('',#10281,#10284);
#10287=CARTESIAN_POINT('',(0.E0,0.E0));
#10288=DIRECTION('',(1.E0,0.E0));
#10289=AXIS2_PLACEMENT_2D('',#10287,#10288);
#10290=PLANAR_BOX('',1.E3,8.4375E2,#10289);
#10291=PRESENTATION_SIZE(#10286,#10290);
#10292=PRESENTATION_SET();
#10293=AREA_IN_SET(#10286,#10292);
#10294=APPLIED_PRESENTED_ITEM((#10204));
#10295=PRESENTED_ITEM_REPRESENTATION(#10292,#10294);
#10298=CARTESIAN_POINT('centre point',(6.500000016188E-1,0.E0,0.E0));
#10302=CARTESIAN_POINT('',(3.E-1,0.E0,0.E0));
#10303=DIRECTION('',(0.E0,0.E0,1.E0));
#10304=DIRECTION('',(1.E0,0.E0,0.E0));
#10305=AXIS2_PLACEMENT_3D('',#10302,#10303,#10304);
#10306=ITEM_DEFINED_TRANSFORMATION('','',#10199,#10305);
#10307=CARTESIAN_POINT('',(0.E0,0.E0,0.E0));
#10308=DIRECTION('',(0.E0,0.E0,1.E0));
#10309=DIRECTION('',(1.E0,0.E0,0.E0));
#10311=(REPRESENTATION_RELATIONSHIP('','',#10200,#9402)REPRESENTATION_RELATIONSHIP_WITH_TRANSFORMATION(#10306)SHAPE_REPRESENTATION_RELATIONSHIP());
#10312=CONTEXT_DEPENDENT_SHAPE_REPRESENTATION(#10311,#10297);
#10315=CARTESIAN_POINT('centre point',(-6.500000016188E-1,0.E0,0.E0));
#10319=CARTESIAN_POINT('',(-3.E-1,0.E0,0.E0));
#10320=DIRECTION('',(0.E0,0.E0,1.E0));
#10321=DIRECTION('',(-1.E0,0.E0,0.E0));
#10322=AXIS2_PLACEMENT_3D('',#10319,#10320,#10321);
#10323=ITEM_DEFINED_TRANSFORMATION('','',#10199,#10322);
#10324=CARTESIAN_POINT('',(0.E0,0.E0,0.E0));
#10325=DIRECTION('',(0.E0,0.E0,1.E0));
#10326=DIRECTION('',(1.E0,0.E0,0.E0));
#10328=(REPRESENTATION_RELATIONSHIP('','',#10200,#9402)REPRESENTATION_RELATIONSHIP_WITH_TRANSFORMATION(#10323)SHAPE_REPRESENTATION_RELATIONSHIP());
#10329=CONTEXT_DEPENDENT_SHAPE_REPRESENTATION(#10328,#10314);
#10330=DRAUGHTING_MODEL('Default',(#10342,#10343),#2007);
#10331=PRESENTATION_VIEW('Default',(#10350,#10354),#2007);
#10332=CARTESIAN_POINT('',(0.E0,0.E0,0.E0));
#10333=CARTESIAN_POINT('',(-1.531312657160E0,-1.292045054479E0,
5.117316367898E0));
#10334=DIRECTION('',(0.E0,0.E0,1.E0));
#10335=DIRECTION('',(1.E0,0.E0,0.E0));
#10336=AXIS2_PLACEMENT_3D('',#10333,#10334,#10335);
#10338=VIEW_VOLUME(.PARALLEL.,#10332,5.117316367898E0,5.117316367898E0,.T.,0.E0,
.F.,.T.,#10337);
#10339=CARTESIAN_POINT('',(5.823444989228E-1,3.356068500792E0,
4.312644755658E0));
#10340=DIRECTION('',(3.894183423087E-1,7.214918620107E-1,5.725406952575E-1));
#10341=DIRECTION('',(9.210609940029E-1,-3.050418666329E-1,-2.420663234065E-1));
#10342=AXIS2_PLACEMENT_3D('',#10339,#10340,#10341);
#10343=CAMERA_MODEL_D3_WITH_HLHSR('DEFAULT',#10342,#10338,.F.);
#10345=CARTESIAN_POINT('',(-5.E2,-4.21875E2,1.670892075492E3));
#10346=DIRECTION('',(0.E0,0.E0,1.E0));
#10347=DIRECTION('',(1.E0,0.E0,0.E0));
#10348=AXIS2_PLACEMENT_3D('',#10345,#10346,#10347);
#10350=(CAMERA_IMAGE()CAMERA_IMAGE_3D_WITH_SCALE()GEOMETRIC_REPRESENTATION_ITEM(
)MAPPED_ITEM(#10344,#10349)REPRESENTATION_ITEM(''));
#10351=CARTESIAN_POINT('',(-1.531312657160E0,-1.292045054479E0,
5.117316367898E0));
#10352=DIRECTION('',(0.E0,0.E0,1.E0));
#10353=DIRECTION('',(1.E0,0.E0,0.E0));
#10354=AXIS2_PLACEMENT_3D('',#10351,#10352,#10353);
#10355=REPRESENTATION_MAP(#10354,#10331);
#10356=CARTESIAN_POINT('',(0.E0,0.E0));
#10357=DIRECTION('',(1.E0,0.E0));
#10358=AXIS2_PLACEMENT_2D('',#10356,#10357);
#10359=MAPPED_ITEM('',#10355,#10358);
#10361=CARTESIAN_POINT('',(0.E0,0.E0));
#10362=DIRECTION('',(1.E0,0.E0));
#10363=AXIS2_PLACEMENT_2D('',#10361,#10362);
#10364=PLANAR_BOX('',1.E3,8.4375E2,#10363);
#10365=PRESENTATION_SIZE(#10360,#10364);
#10366=PRESENTATION_SET();
#10367=AREA_IN_SET(#10360,#10366);
#10370=PLANE_ANGLE_MEASURE_WITH_UNIT(PLANE_ANGLE_MEASURE(1.745329251994E-2),
#10369);
#10371=(CONVERSION_BASED_UNIT('DEGREE',#10370)NAMED_UNIT(*)PLANE_ANGLE_UNIT());
#10373=UNCERTAINTY_MEASURE_WITH_UNIT(LENGTH_MEASURE(2.517219310696E-4),#10368,
'distance_accuracy_value',
'Maximum model space distance between geometric entities at asserted connectivities');
#10375=CARTESIAN_POINT('',(0.E0,0.E0,0.E0));
#10376=DIRECTION('',(0.E0,0.E0,1.E0));
#10377=DIRECTION('',(1.E0,0.E0,0.E0));
#10379=PRODUCT_DEFINITION_CONTEXT('part definition',#1958,'design');
#10380=PRODUCT_CONTEXT('',#1958,'mechanical');
#10381=PRODUCT('INDUCTOR_HTEN20121T-R24MDR-11_ASM',
'INDUCTOR_HTEN20121T-R24MDR-11_ASM','NOT SPECIFIED',(#10380));
#10382=PRODUCT_DEFINITION_FORMATION('24','LAST_VERSION',#10381);
#10385=DERIVED_UNIT_ELEMENT(#10384,2.E0);
#10386=DERIVED_UNIT((#10385));
#10387=MEASURE_REPRESENTATION_ITEM('surface area measure',AREA_MEASURE(
1.392668264275E1),#10386);
#10392=DERIVED_UNIT_ELEMENT(#10391,3.E0);
#10393=DERIVED_UNIT((#10392));
#10394=MEASURE_REPRESENTATION_ITEM('volume measure',VOLUME_MEASURE(
2.065100742854E0),#10393);
#10398=CARTESIAN_POINT('centre point',(0.E0,0.E0,0.E0));
#10402=APPLIED_PRESENTED_ITEM((#10383));
#10403=PRESENTED_ITEM_REPRESENTATION(#10366,#10402);
#10406=CARTESIAN_POINT('centre point',(0.E0,0.E0,6.6E-1));
#10410=CARTESIAN_POINT('',(0.E0,0.E0,6.6E-1));
#10411=DIRECTION('',(-1.E0,0.E0,0.E0));
#10412=DIRECTION('',(0.E0,-1.E0,0.E0));
#10413=AXIS2_PLACEMENT_3D('',#10410,#10411,#10412);
#10414=ITEM_DEFINED_TRANSFORMATION('','',#9417,#10413);
#10415=(REPRESENTATION_RELATIONSHIP('','',#9402,#2059)REPRESENTATION_RELATIONSHIP_WITH_TRANSFORMATION(#10414)SHAPE_REPRESENTATION_RELATIONSHIP());
#10416=CONTEXT_DEPENDENT_SHAPE_REPRESENTATION(#10415,#10405);
#10419=PLANE_ANGLE_MEASURE_WITH_UNIT(PLANE_ANGLE_MEASURE(1.745329251994E-2),
#10418);
#10420=(CONVERSION_BASED_UNIT('DEGREE',#10419)NAMED_UNIT(*)PLANE_ANGLE_UNIT());
#10422=UNCERTAINTY_MEASURE_WITH_UNIT(LENGTH_MEASURE(3.385126765475E-4),#10417,
'distance_accuracy_value',
'Maximum model space distance between geometric entities at asserted connectivities');
#10424=CARTESIAN_POINT('',(0.E0,0.E0,0.E0));
#10425=DIRECTION('',(0.E0,0.E0,1.E0));
#10426=DIRECTION('',(1.E0,0.E0,0.E0));
#10428=MECHANICAL_DESIGN_GEOMETRIC_PRESENTATION_REPRESENTATION('',(#38,#45,#52,
#59,#66,#73,#80,#87,#94,#101,#108,#115,#122,#129,#136,#143,#150,#157,#164,#171,
#178,#185,#192,#199,#206,#213,#220,#227,#234,#241,#248,#255,#262,#269,#276,#283,
#290,#297,#304,#311,#318,#325,#332,#339,#346,#353,#360,#367,#374,#381,#388,#395,
#402,#409,#416,#423,#430,#437,#444,#451,#458,#465,#472,#479,#486,#493,#500,#507,
#514,#521,#528,#535,#542,#549,#556,#563,#570,#577,#584,#591,#598,#605,#612,#619,
#626,#633,#640,#647,#654,#661,#668,#675,#682,#689,#696,#703,#710,#717,#724,#731,
#738,#745,#752,#759,#766,#773,#780,#787,#794,#801,#808,#815,#822,#829,#836,#843,
#850,#857,#864,#871,#878,#885,#892,#899,#906,#913,#920,#927,#934,#941,#948,#955,
#962,#969,#976,#30,#2080,#2087,#2094,#2101,#2108,#2115,#2122,#2129,#2136,#2143,
#2150,#2157,#2073,#2394,#2401,#2408,#2415,#2422,#2429,#2436,#2443,#2450,#2457,
#2464,#2471,#2479,#2487,#2494,#2501,#2508,#2515,#2522,#2529,#2536,#2543,#2550,
#2557,#2564,#2571,#2578,#2585,#2592,#2599,#2607,#2615,#2622,#2629,#2637,#2645,
#2652,#2659,#2667,#2675,#2682,#2689,#2697,#2705,#2712,#2719,#2727,#2735,#2742,
#2749,#2757,#2765,#2772,#2779,#2787,#2795,#2802,#2809,#2817,#2825,#2832,#2839,
#2847,#2855,#2862,#2869,#2387,#3497,#3504,#3512,#3519,#3527,#3534,#3541,#3548,
#3555,#3562,#3569,#3576,#3583,#3590,#3597,#3605,#3612,#3620,#3627,#3634,#3641,
#3648,#3655,#3662,#3490,#3862,#3870,#3877,#3885,#3892,#3900,#3907,#3915,#3922,
#3929,#3937,#3944,#3952,#3959,#3967,#3974,#3982,#3989,#3996,#4003,#4010,#4017,
#4024,#4031,#3855,#4231,#4238,#4246,#4253,#4261,#4268,#4276,#4283,#4290,#4298,
#4305,#4313,#4320,#4327,#4334,#4341,#4348,#4355,#4363,#4370,#4378,#4385,#4392,
#4400,#4407,#4415,#4422,#4430,#4437,#4444,#4451,#4458,#4465,#4472,#4479,#4486,
#4493,#4500,#4507,#4224,#4812,#4819,#4827,#4834,#4842,#4849,#4857,#4864,#4872,
#4879,#4886,#4893,#4900,#4907,#4914,#4922,#4929,#4937,#4944,#4952,#4959,#4967,
#4974,#4981,#4988,#4995,#5002,#5009,#5016,#5023,#4805,#5265,#5273,#5280,#5288,
#5295,#5303,#5310,#5318,#5325,#5332,#5340,#5347,#5355,#5362,#5370,#5377,#5385,
#5392,#5399,#5406,#5413,#5420,#5427,#5434,#5258,#5634,#5641,#5649,#5656,#5664,
#5671,#5679,#5686,#5693,#5700,#5707,#5714,#5721,#5729,#5736,#5744,#5751,#5759,
#5766,#5773,#5780,#5787,#5794,#5801,#5627,#6001,#6008,#6015,#6022,#6029,#6037,
#6044,#6051,#6058,#6065,#6072,#6079,#6086,#6093,#6100,#6107,#6114,#6121,#6129,
#6136,#6143,#6150,#6157,#6164,#6171,#6178,#6185,#6192,#6199,#6206,#5994,#6568,
#6576,#6583,#6591,#6598,#6606,#6613,#6621,#6628,#6635,#6643,#6650,#6658,#6665,
#6673,#6680,#6688,#6695,#6702,#6709,#6716,#6723,#6730,#6737,#6561,#6937,#6945,
#6952,#6960,#6967,#6975,#6982,#6990,#6997,#7004,#7011,#7018,#7025,#7032,#7039,
#7046,#7054,#7061,#7069,#7076,#7084,#7091,#7099,#7106,#6930,#7427,#7434,#7441,
#7448,#7456,#7463,#7471,#7478,#7486,#7493,#7501,#7508,#7516,#7523,#7530,#7538,
#7546,#7553,#7561,#7568,#7576,#7583,#7591,#7598,#7605,#7612,#7619,#7626,#7634,
#7641,#7648,#7655,#7662,#7669,#7677,#7684,#7691,#7698,#7705,#7420,#8118,#8125,
#8132,#8139,#8147,#8154,#8162,#8169,#8177,#8184,#8192,#8199,#8207,#8214,#8221,
#8229,#8237,#8244,#8252,#8259,#8267,#8274,#8282,#8289,#8296,#8303,#8310,#8317,
#8324,#8332,#8339,#8346,#8353,#8360,#8368,#8375,#8382,#8389,#8396,#8111,#8930,
#8937,#8944,#8951,#8959,#8967,#8975,#8982,#8990,#8998,#9006,#9014,#9022,#9029,
#9036,#9043,#9050,#9057,#9064,#9071,#9078,#9085,#9092,#9099,#8923,#9427,#9434,
#9441,#9448,#9456,#9463,#9470,#9477,#9484,#9491,#9498,#9505,#9512,#9520,#9527,
#9534,#9541,#9548,#9555,#9562,#9569,#9576,#9584,#9592,#9600,#9608,#9616,#9624,
#9632,#9640,#9648,#9656,#9664,#9672,#9680,#9688,#9696,#9704,#9712,#9719,#9726,
#9733,#9740,#9748,#9756,#9764,#9772,#9780,#9420),#10423);
#10429=PRODUCT_CONTEXT('',#1958,'mechanical');
#10430=PRODUCT('SIL0010D_ASM','SIL0010D_ASM','NOT SPECIFIED',(#10429));
#10431=PRODUCT_DEFINITION_FORMATION('266','LAST_VERSION',#10430);
#10434=DERIVED_UNIT_ELEMENT(#10433,2.E0);
#10435=DERIVED_UNIT((#10434));
#10436=MEASURE_REPRESENTATION_ITEM('surface area measure',AREA_MEASURE(
5.608655394239E1),#10435);
#10441=DERIVED_UNIT_ELEMENT(#10440,3.E0);
#10442=DERIVED_UNIT((#10441));
#10443=MEASURE_REPRESENTATION_ITEM('volume measure',VOLUME_MEASURE(
3.203873249965E0),#10442);
#10447=CARTESIAN_POINT('centre point',(2.721465666286E-4,8.807245322219E-5,
4.665373982550E-1));
#10451=PRODUCT_RELATED_PRODUCT_CATEGORY('part','',(#10381,#10430,#1962,#2279,
#3382,#6454,#7313,#8815,#9306,#10202));
#10452=DRAUGHTING_MODEL('Default',(#10464,#10465,#10481),#2007);
#10453=PRESENTATION_VIEW('Default',(#10472,#10485),#2007);
#10454=CARTESIAN_POINT('',(0.E0,0.E0,0.E0));
#10455=CARTESIAN_POINT('',(-2.160105645826E0,-1.339145164882E0,
7.279432633969E0));
#10456=DIRECTION('',(0.E0,0.E0,1.E0));
#10457=DIRECTION('',(1.E0,0.E0,0.E0));
#10458=AXIS2_PLACEMENT_3D('',#10455,#10456,#10457);
#10460=VIEW_VOLUME(.PARALLEL.,#10454,7.279432633969E0,7.279432633969E0,.T.,0.E0,
.F.,.T.,#10459);
#10461=CARTESIAN_POINT('',(8.451555359719E-1,5.078548080338E0,
5.739648696737E0));
#10462=DIRECTION('',(3.894183423087E-1,7.214918620107E-1,5.725406952575E-1));
#10463=DIRECTION('',(9.210609940029E-1,-3.050418666329E-1,-2.420663234065E-1));
#10464=AXIS2_PLACEMENT_3D('',#10461,#10462,#10463);
#10465=CAMERA_MODEL_D3_WITH_HLHSR('DEFAULT',#10464,#10460,.F.);
#10467=CARTESIAN_POINT('',(-5.421046729429E2,-3.360746975661E2,
1.826861780984E3));
#10468=DIRECTION('',(0.E0,0.E0,1.E0));
#10469=DIRECTION('',(1.E0,0.E0,0.E0));
#10470=AXIS2_PLACEMENT_3D('',#10467,#10468,#10469);
#10472=(CAMERA_IMAGE()CAMERA_IMAGE_3D_WITH_SCALE()GEOMETRIC_REPRESENTATION_ITEM(
)MAPPED_ITEM(#10466,#10471)REPRESENTATION_ITEM(''));
#10473=CARTESIAN_POINT('',(-2.160105645826E0,-1.339145164882E0,
7.279432633969E0));
#10474=DIRECTION('',(0.E0,0.E0,1.E0));
#10475=DIRECTION('',(1.E0,0.E0,0.E0));
#10476=AXIS2_PLACEMENT_3D('',#10473,#10474,#10475);
#10477=REPRESENTATION_MAP(#10476,#2059);
#10478=CARTESIAN_POINT('',(0.E0,0.E0));
#10479=DIRECTION('',(1.E0,0.E0));
#10480=AXIS2_PLACEMENT_2D('',#10478,#10479);
#10481=MAPPED_ITEM('',#10477,#10480);
#10482=CARTESIAN_POINT('',(-2.160105645826E0,-1.339145164882E0,
7.279432633969E0));
#10483=DIRECTION('',(0.E0,0.E0,1.E0));
#10484=DIRECTION('',(1.E0,0.E0,0.E0));
#10485=AXIS2_PLACEMENT_3D('',#10482,#10483,#10484);
#10486=REPRESENTATION_MAP(#10485,#10453);
#10487=CARTESIAN_POINT('',(0.E0,0.E0));
#10488=DIRECTION('',(1.E0,0.E0));
#10489=AXIS2_PLACEMENT_2D('',#10487,#10488);
#10490=MAPPED_ITEM('',#10486,#10489);
#10492=CARTESIAN_POINT('',(0.E0,0.E0));
#10493=DIRECTION('',(1.E0,0.E0));
#10494=AXIS2_PLACEMENT_2D('',#10492,#10493);
#10495=PLANAR_BOX('',1.E3,8.4375E2,#10494);
#10496=PRESENTATION_SIZE(#10491,#10495);
#10497=PRESENTATION_SET();
#10498=AREA_IN_SET(#10491,#10497);
#10499=APPLIED_PRESENTED_ITEM((#10432));
#10500=PRESENTED_ITEM_REPRESENTATION(#10497,#10499);
#1=COLOUR_RGB('',0.E0,4.3E-1,1.E0);
#2=COLOUR_RGB('',0.E0,6.6E-1,0.E0);
#3=COLOUR_RGB('',9.8039E-2,9.8039E-2,9.8039E-2);
#4=COLOUR_RGB('',1.80392E-1,2.7451E-1,9.8039E-2);
#5=COLOUR_RGB('',3.E-1,1.29412E-1,2.5098E-1);
#6=COLOUR_RGB('',3.13725E-1,3.13725E-1,3.13725E-1);
#7=COLOUR_RGB('',3.2E-1,4.9E-1,1.76471E-1);
#8=COLOUR_RGB('',3.5E-1,3.5E-1,3.5E-1);
#9=COLOUR_RGB('',3.92157E-1,3.92157E-1,3.92157E-1);
#10=COLOUR_RGB('',5.7E-1,0.E0,1.E0);
#11=COLOUR_RGB('',5.9E-1,3.E-1,0.E0);
#12=COLOUR_RGB('',6.E-1,6.E-1,6.E-1);
#13=COLOUR_RGB('',6.06796E-1,3.76214E-1,3.15534E-1);
#14=COLOUR_RGB('',6.2E-1,3.3E-1,2.3E-1);
#15=COLOUR_RGB('',6.35294E-1,6.86275E-1,7.4902E-1);
#16=COLOUR_RGB('',6.66667E-1,6.66667E-1,6.66667E-1);
#17=COLOUR_RGB('',6.9E-1,0.E0,0.E0);
#18=COLOUR_RGB('',7.E-1,7.E-1,7.E-1);
#19=COLOUR_RGB('',8.23529E-1,7.05882E-1,4.31373E-1);
#20=COLOUR_RGB('',8.39216E-1,8.90196E-1,7.68627E-1);
#21=COLOUR_RGB('',8.7E-1,7.5E-1,4.9E-1);
#22=COLOUR_RGB('',8.82353E-1,8.82353E-1,8.82353E-1);
#23=COLOUR_RGB('',9.80392E-1,9.80392E-1,9.80392E-1);
#24=COLOUR_RGB('',9.9E-1,1.E0,0.E0);
#25=COLOUR_RGB('',1.E0,5.E-1,0.E0);
#26=COLOUR_RGB('',1.E0,6.19608E-1,5.17647E-1);
#27=COLOUR_RGB('',1.E0,6.274509803922E-1,0.E0);
#28=DRAUGHTING_PRE_DEFINED_COLOUR('white');
#29=COLOUR_RGB('',2.54902E-1,5.4902E-1,0.E0);
#1162=EDGE_CURVE('',#1003,#1152,#34,.T.);
#1164=EDGE_CURVE('',#1156,#1152,#357,.T.);
#1166=EDGE_CURVE('',#996,#1156,#42,.T.);
#1168=EDGE_CURVE('',#995,#996,#49,.T.);
#1170=EDGE_CURVE('',#995,#1012,#56,.T.);
#1172=EDGE_CURVE('',#1012,#1010,#63,.T.);
#1174=EDGE_CURVE('',#1008,#1010,#70,.T.);
#1176=EDGE_CURVE('',#1007,#1008,#77,.T.);
#1178=EDGE_CURVE('',#1007,#1028,#84,.T.);
#1180=EDGE_CURVE('',#1028,#1026,#91,.T.);
#1182=EDGE_CURVE('',#1024,#1026,#98,.T.);
#1184=EDGE_CURVE('',#1023,#1024,#105,.T.);
#1186=EDGE_CURVE('',#1023,#1044,#112,.T.);
#1188=EDGE_CURVE('',#1044,#1042,#119,.T.);
#1190=EDGE_CURVE('',#1040,#1042,#126,.T.);
#1192=EDGE_CURVE('',#1039,#1040,#133,.T.);
#1194=EDGE_CURVE('',#1039,#1060,#140,.T.);
#1196=EDGE_CURVE('',#1060,#1058,#147,.T.);
#1198=EDGE_CURVE('',#1056,#1058,#154,.T.);
#1200=EDGE_CURVE('',#1055,#1056,#161,.T.);
#1202=EDGE_CURVE('',#1055,#979,#168,.T.);
#1204=EDGE_CURVE('',#979,#980,#175,.T.);
#1206=EDGE_CURVE('',#980,#1142,#182,.T.);
#1208=EDGE_CURVE('',#1142,#1103,#189,.T.);
#1210=EDGE_CURVE('',#1103,#1107,#196,.T.);
#1212=EDGE_CURVE('',#1144,#1107,#203,.T.);
#1214=EDGE_CURVE('',#1144,#1134,#210,.T.);
#1216=EDGE_CURVE('',#1134,#1095,#217,.T.);
#1218=EDGE_CURVE('',#1095,#1099,#224,.T.);
#1220=EDGE_CURVE('',#1136,#1099,#231,.T.);
#1222=EDGE_CURVE('',#1136,#1126,#238,.T.);
#1224=EDGE_CURVE('',#1126,#1087,#245,.T.);
#1226=EDGE_CURVE('',#1087,#1091,#252,.T.);
#1228=EDGE_CURVE('',#1128,#1091,#259,.T.);
#1230=EDGE_CURVE('',#1128,#1118,#266,.T.);
#1232=EDGE_CURVE('',#1118,#1079,#273,.T.);
#1234=EDGE_CURVE('',#1079,#1083,#280,.T.);
#1236=EDGE_CURVE('',#1120,#1083,#287,.T.);
#1238=EDGE_CURVE('',#1120,#1110,#294,.T.);
#1240=EDGE_CURVE('',#1110,#1071,#301,.T.);
#1242=EDGE_CURVE('',#1071,#1075,#308,.T.);
#1244=EDGE_CURVE('',#1112,#1075,#315,.T.);
#1246=EDGE_CURVE('',#1112,#983,#322,.T.);
#1248=EDGE_CURVE('',#983,#984,#329,.T.);
#1250=EDGE_CURVE('',#984,#1003,#336,.T.);
#1254=ADVANCED_FACE('',(#1253),#1161,.F.);
#1260=EDGE_CURVE('',#1151,#1152,#343,.T.);
#1263=EDGE_CURVE('',#1003,#1004,#686,.T.);
#1265=EDGE_CURVE('',#1004,#1151,#371,.T.);
#1269=ADVANCED_FACE('',(#1268),#1259,.F.);
#1276=EDGE_CURVE('',#1151,#1155,#350,.T.);
#1278=EDGE_CURVE('',#1155,#1156,#672,.T.);
#1283=ADVANCED_FACE('',(#1282),#1274,.T.);
#1289=EDGE_CURVE('',#1000,#1155,#364,.T.);
#1293=EDGE_CURVE('',#992,#1004,#378,.T.);
#1295=EDGE_CURVE('',#991,#992,#385,.T.);
#1297=EDGE_CURVE('',#1116,#991,#392,.T.);
#1299=EDGE_CURVE('',#1116,#1076,#399,.T.);
#1301=EDGE_CURVE('',#1072,#1076,#406,.T.);
#1303=EDGE_CURVE('',#1114,#1072,#413,.T.);
#1305=EDGE_CURVE('',#1124,#1114,#420,.T.);
#1307=EDGE_CURVE('',#1124,#1084,#427,.T.);
#1309=EDGE_CURVE('',#1080,#1084,#434,.T.);
#1311=EDGE_CURVE('',#1122,#1080,#441,.T.);
#1313=EDGE_CURVE('',#1132,#1122,#448,.T.);
#1315=EDGE_CURVE('',#1132,#1092,#455,.T.);
#1317=EDGE_CURVE('',#1088,#1092,#462,.T.);
#1319=EDGE_CURVE('',#1130,#1088,#469,.T.);
#1321=EDGE_CURVE('',#1140,#1130,#476,.T.);
#1323=EDGE_CURVE('',#1140,#1100,#483,.T.);
#1325=EDGE_CURVE('',#1096,#1100,#490,.T.);
#1327=EDGE_CURVE('',#1138,#1096,#497,.T.);
#1329=EDGE_CURVE('',#1148,#1138,#504,.T.);
#1331=EDGE_CURVE('',#1148,#1108,#511,.T.);
#1333=EDGE_CURVE('',#1104,#1108,#518,.T.);
#1335=EDGE_CURVE('',#1146,#1104,#525,.T.);
#1337=EDGE_CURVE('',#988,#1146,#532,.T.);
#1339=EDGE_CURVE('',#987,#988,#539,.T.);
#1341=EDGE_CURVE('',#1063,#987,#546,.T.);
#1343=EDGE_CURVE('',#1063,#1064,#553,.T.);
#1345=EDGE_CURVE('',#1064,#1066,#560,.T.);
#1347=EDGE_CURVE('',#1068,#1066,#567,.T.);
#1349=EDGE_CURVE('',#1047,#1068,#574,.T.);
#1351=EDGE_CURVE('',#1047,#1048,#581,.T.);
#1353=EDGE_CURVE('',#1048,#1050,#588,.T.);
#1355=EDGE_CURVE('',#1052,#1050,#595,.T.);
#1357=EDGE_CURVE('',#1031,#1052,#602,.T.);
#1359=EDGE_CURVE('',#1031,#1032,#609,.T.);
#1361=EDGE_CURVE('',#1032,#1034,#616,.T.);
#1363=EDGE_CURVE('',#1036,#1034,#623,.T.);
#1365=EDGE_CURVE('',#1015,#1036,#630,.T.);
#1367=EDGE_CURVE('',#1015,#1016,#637,.T.);
#1369=EDGE_CURVE('',#1016,#1018,#644,.T.);
#1371=EDGE_CURVE('',#1020,#1018,#651,.T.);
#1373=EDGE_CURVE('',#999,#1020,#658,.T.);
#1375=EDGE_CURVE('',#999,#1000,#665,.T.);
#1379=ADVANCED_FACE('',(#1378),#1288,.T.);
#1387=EDGE_CURVE('',#996,#1000,#679,.T.);
#1392=ADVANCED_FACE('',(#1391),#1384,.F.);
#1401=EDGE_CURVE('',#995,#999,#707,.T.);
#1405=ADVANCED_FACE('',(#1404),#1397,.F.);
#1413=EDGE_CURVE('',#984,#992,#693,.T.);
#1418=ADVANCED_FACE('',(#1417),#1410,.T.);
#1424=EDGE_CURVE('',#1012,#1020,#700,.T.);
#1431=ADVANCED_FACE('',(#1430),#1423,.T.);
#1437=EDGE_CURVE('',#1028,#1036,#714,.T.);
#1440=EDGE_CURVE('',#1007,#1015,#721,.T.);
#1445=ADVANCED_FACE('',(#1444),#1436,.T.);
#1451=EDGE_CURVE('',#1044,#1052,#728,.T.);
#1454=EDGE_CURVE('',#1023,#1031,#735,.T.);
#1459=ADVANCED_FACE('',(#1458),#1450,.T.);
#1465=EDGE_CURVE('',#1055,#1063,#742,.T.);
#1468=EDGE_CURVE('',#979,#987,#917,.T.);
#1473=ADVANCED_FACE('',(#1472),#1464,.T.);
#1479=EDGE_CURVE('',#1060,#1068,#749,.T.);
#1482=EDGE_CURVE('',#1039,#1047,#756,.T.);
#1487=ADVANCED_FACE('',(#1486),#1478,.T.);
#1494=EDGE_CURVE('',#983,#991,#763,.T.);
#1500=ADVANCED_FACE('',(#1499),#1492,.T.);
#1506=EDGE_CURVE('',#1112,#1116,#770,.T.);
#1513=ADVANCED_FACE('',(#1512),#1505,.T.);
#1519=EDGE_CURVE('',#1120,#1124,#777,.T.);
#1522=EDGE_CURVE('',#1110,#1114,#784,.T.);
#1527=ADVANCED_FACE('',(#1526),#1518,.T.);
#1533=EDGE_CURVE('',#1128,#1132,#791,.T.);
#1536=EDGE_CURVE('',#1118,#1122,#798,.T.);
#1541=ADVANCED_FACE('',(#1540),#1532,.T.);
#1547=EDGE_CURVE('',#1136,#1140,#805,.T.);
#1550=EDGE_CURVE('',#1126,#1130,#812,.T.);
#1555=ADVANCED_FACE('',(#1554),#1546,.T.);
#1561=EDGE_CURVE('',#1142,#1146,#819,.T.);
#1564=EDGE_CURVE('',#980,#988,#826,.T.);
#1569=ADVANCED_FACE('',(#1568),#1560,.T.);
#1575=EDGE_CURVE('',#1144,#1148,#833,.T.);
#1578=EDGE_CURVE('',#1134,#1138,#840,.T.);
#1583=ADVANCED_FACE('',(#1582),#1574,.T.);
#1589=EDGE_CURVE('',#1075,#1076,#847,.T.);
#1596=ADVANCED_FACE('',(#1595),#1588,.T.);
#1602=EDGE_CURVE('',#1071,#1072,#854,.T.);
#1609=ADVANCED_FACE('',(#1608),#1601,.T.);
#1621=ADVANCED_FACE('',(#1620),#1614,.T.);
#1627=EDGE_CURVE('',#1083,#1084,#861,.T.);
#1634=ADVANCED_FACE('',(#1633),#1626,.T.);
#1640=EDGE_CURVE('',#1079,#1080,#868,.T.);
#1647=ADVANCED_FACE('',(#1646),#1639,.T.);
#1659=ADVANCED_FACE('',(#1658),#1652,.T.);
#1665=EDGE_CURVE('',#1091,#1092,#875,.T.);
#1672=ADVANCED_FACE('',(#1671),#1664,.T.);
#1678=EDGE_CURVE('',#1087,#1088,#882,.T.);
#1685=ADVANCED_FACE('',(#1684),#1677,.T.);
#1697=ADVANCED_FACE('',(#1696),#1690,.T.);
#1703=EDGE_CURVE('',#1099,#1100,#889,.T.);
#1710=ADVANCED_FACE('',(#1709),#1702,.T.);
#1716=EDGE_CURVE('',#1095,#1096,#896,.T.);
#1723=ADVANCED_FACE('',(#1722),#1715,.T.);
#1735=ADVANCED_FACE('',(#1734),#1728,.T.);
#1741=EDGE_CURVE('',#1103,#1104,#903,.T.);
#1748=ADVANCED_FACE('',(#1747),#1740,.T.);
#1756=EDGE_CURVE('',#1107,#1108,#910,.T.);
#1761=ADVANCED_FACE('',(#1760),#1753,.T.);
#1773=ADVANCED_FACE('',(#1772),#1766,.T.);
#1785=ADVANCED_FACE('',(#1784),#1778,.T.);
#1794=EDGE_CURVE('',#1010,#1018,#924,.T.);
#1798=ADVANCED_FACE('',(#1797),#1790,.F.);
#1807=EDGE_CURVE('',#1008,#1016,#931,.T.);
#1811=ADVANCED_FACE('',(#1810),#1803,.F.);
#1823=ADVANCED_FACE('',(#1822),#1816,.F.);
#1832=EDGE_CURVE('',#1026,#1034,#938,.T.);
#1836=ADVANCED_FACE('',(#1835),#1828,.F.);
#1845=EDGE_CURVE('',#1024,#1032,#945,.T.);
#1849=ADVANCED_FACE('',(#1848),#1841,.F.);
#1861=ADVANCED_FACE('',(#1860),#1854,.F.);
#1870=EDGE_CURVE('',#1042,#1050,#952,.T.);
#1874=ADVANCED_FACE('',(#1873),#1866,.F.);
#1883=EDGE_CURVE('',#1040,#1048,#959,.T.);
#1887=ADVANCED_FACE('',(#1886),#1879,.F.);
#1899=ADVANCED_FACE('',(#1898),#1892,.F.);
#1906=EDGE_CURVE('',#1056,#1064,#966,.T.);
#1912=ADVANCED_FACE('',(#1911),#1904,.F.);
#1919=EDGE_CURVE('',#1058,#1066,#973,.T.);
#1925=ADVANCED_FACE('',(#1924),#1917,.F.);
#1937=ADVANCED_FACE('',(#1936),#1930,.F.);
#1946=(LENGTH_UNIT()NAMED_UNIT(*)SI_UNIT(.MILLI.,.METRE.));
#1947=(NAMED_UNIT(*)PLANE_ANGLE_UNIT()SI_UNIT($,.RADIAN.));
#1950=(NAMED_UNIT(*)SI_UNIT($,.STERADIAN.)SOLID_ANGLE_UNIT());
#1952=(GEOMETRIC_REPRESENTATION_CONTEXT(3)GLOBAL_UNCERTAINTY_ASSIGNED_CONTEXT((
#1951))GLOBAL_UNIT_ASSIGNED_CONTEXT((#1946,#1949,#1950))REPRESENTATION_CONTEXT(
'ID1','3'));
#1956=AXIS2_PLACEMENT_3D('',#1953,#1954,#1955);
#1957=ADVANCED_BREP_SHAPE_REPRESENTATION('',(#1956,#1939),#1952);
#1964=PRODUCT_DEFINITION('part definition','',#1963,#1960);
#1965=PRODUCT_DEFINITION_SHAPE('','SHAPE FOR SOLDERMASK-BTM-SIL0010D.',#1964);
#1966=SHAPE_ASPECT('','solid data associated with SOLDERMASK-BTM-SIL0010D',
#1965,.F.);
#1967=PROPERTY_DEFINITION('',
'shape for solid data with which properties are associated',#1966);
#1968=SHAPE_REPRESENTATION('',(#1939),#1952);
#1969=SHAPE_DEFINITION_REPRESENTATION(#1967,#1968);
#1970=(LENGTH_UNIT()NAMED_UNIT(*)SI_UNIT(.MILLI.,.METRE.));
#1974=PROPERTY_DEFINITION('geometric validation property',
'area of SOLDERMASK-BTM-SIL0010D',#1966);
#1975=REPRESENTATION('surface area',(#1973),#1952);
#1976=PROPERTY_DEFINITION_REPRESENTATION(#1974,#1975);
#1977=(LENGTH_UNIT()NAMED_UNIT(*)SI_UNIT(.MILLI.,.METRE.));
#1981=PROPERTY_DEFINITION('geometric validation property',
'volume of SOLDERMASK-BTM-SIL0010D',#1966);
#1982=REPRESENTATION('volume',(#1980),#1952);
#1983=PROPERTY_DEFINITION_REPRESENTATION(#1981,#1982);
#1985=PROPERTY_DEFINITION('geometric validation property',
'centroid of SOLDERMASK-BTM-SIL0010D',#1966);
#1986=REPRESENTATION('centroid',(#1984),#1952);
#1987=PROPERTY_DEFINITION_REPRESENTATION(#1985,#1986);
#1988=(LENGTH_UNIT()NAMED_UNIT(*)SI_UNIT(.MILLI.,.METRE.));
#1992=PROPERTY_DEFINITION('geometric validation property',
'area of SOLDERMASK-BTM-SIL0010D',#1965);
#1993=REPRESENTATION('surface area',(#1991),#1952);
#1994=PROPERTY_DEFINITION_REPRESENTATION(#1992,#1993);
#1995=(LENGTH_UNIT()NAMED_UNIT(*)SI_UNIT(.MILLI.,.METRE.));
#1999=PROPERTY_DEFINITION('geometric validation property',
'volume of SOLDERMASK-BTM-SIL0010D',#1965);
#2000=REPRESENTATION('volume',(#1998),#1952);
#2001=PROPERTY_DEFINITION_REPRESENTATION(#1999,#2000);
#2003=PROPERTY_DEFINITION('geometric validation property',
'centroid of SOLDERMASK-BTM-SIL0010D',#1965);
#2004=REPRESENTATION('centroid',(#2002),#1952);
#2005=PROPERTY_DEFINITION_REPRESENTATION(#2003,#2004);
#2006=SHAPE_DEFINITION_REPRESENTATION(#1965,#1957);
#2015=PLANAR_BOX('',3.129306830645E0,2.640352638357E0,#2014);
#2022=CAMERA_USAGE(#2021,#2008);
#2027=PLANAR_BOX('',1.E3,8.4375E2,#2026);
#2047=PRESENTATION_AREA('',(#2046,#2051),#2007);
#2057=SHAPE_DEFINITION_REPRESENTATION(#2058,#2059);
#2058=PRODUCT_DEFINITION_SHAPE('','SHAPE FOR SIL0010D_ASM.',#10432);
#2059=SHAPE_REPRESENTATION('',(#2069,#2382,#3485,#6557,#7416,#8918,#10413,
#10427),#10423);
#2060=NEXT_ASSEMBLY_USAGE_OCCURRENCE('0','Next assembly relationship',
'SOLDERMASK-BTM-SIL0010D',#10432,#1964,$);
#2061=PRODUCT_DEFINITION_SHAPE('Placement #0',
'Placement of SOLDERMASK-BTM-SIL0010D with respect to SIL0010D_ASM',#2060);
#2063=PROPERTY_DEFINITION('geometric validation property',
'centroid of SOLDERMASK-BTM-SIL0010D',#2061);
#2064=REPRESENTATION('centroid',(#2062),#1952);
#2065=PROPERTY_DEFINITION_REPRESENTATION(#2063,#2064);
#2179=EDGE_CURVE('',#2160,#2161,#2077,.T.);
#2181=EDGE_CURVE('',#2161,#2163,#2084,.T.);
#2183=EDGE_CURVE('',#2163,#2165,#2091,.T.);
#2185=EDGE_CURVE('',#2165,#2160,#2098,.T.);
#2189=ADVANCED_FACE('',(#2188),#2178,.F.);
#2196=EDGE_CURVE('',#2160,#2168,#2105,.T.);
#2198=EDGE_CURVE('',#2168,#2169,#2133,.T.);
#2200=EDGE_CURVE('',#2161,#2169,#2126,.T.);
#2204=ADVANCED_FACE('',(#2203),#2194,.T.);
#2211=EDGE_CURVE('',#2165,#2173,#2112,.T.);
#2213=EDGE_CURVE('',#2173,#2168,#2140,.T.);
#2218=ADVANCED_FACE('',(#2217),#2209,.T.);
#2225=EDGE_CURVE('',#2163,#2171,#2119,.T.);
#2227=EDGE_CURVE('',#2171,#2173,#2147,.T.);
#2232=ADVANCED_FACE('',(#2231),#2223,.T.);
#2240=EDGE_CURVE('',#2169,#2171,#2154,.T.);
#2245=ADVANCED_FACE('',(#2244),#2237,.T.);
#2257=ADVANCED_FACE('',(#2256),#2250,.T.);
#2266=(LENGTH_UNIT()NAMED_UNIT(*)SI_UNIT(.MILLI.,.METRE.));
#2267=(NAMED_UNIT(*)PLANE_ANGLE_UNIT()SI_UNIT($,.RADIAN.));
#2270=(NAMED_UNIT(*)SI_UNIT($,.STERADIAN.)SOLID_ANGLE_UNIT());
#2272=(GEOMETRIC_REPRESENTATION_CONTEXT(3)GLOBAL_UNCERTAINTY_ASSIGNED_CONTEXT((
#2271))GLOBAL_UNIT_ASSIGNED_CONTEXT((#2266,#2269,#2270))REPRESENTATION_CONTEXT(
'ID2','3'));
#2276=AXIS2_PLACEMENT_3D('',#2273,#2274,#2275);
#2277=ADVANCED_BREP_SHAPE_REPRESENTATION('',(#2276,#2259),#2272);
#2281=PRODUCT_DEFINITION('part definition','',#2280,#1960);
#2282=PRODUCT_DEFINITION_SHAPE('','SHAPE FOR SUBSTRATE-SIP.',#2281);
#2283=SHAPE_ASPECT('','solid data associated with SUBSTRATE-SIP',#2282,.F.);
#2284=PROPERTY_DEFINITION('',
'shape for solid data with which properties are associated',#2283);
#2285=SHAPE_REPRESENTATION('',(#2259),#2272);
#2286=SHAPE_DEFINITION_REPRESENTATION(#2284,#2285);
#2287=(LENGTH_UNIT()NAMED_UNIT(*)SI_UNIT(.MILLI.,.METRE.));
#2291=PROPERTY_DEFINITION('geometric validation property',
'area of SUBSTRATE-SIP',#2283);
#2292=REPRESENTATION('surface area',(#2290),#2272);
#2293=PROPERTY_DEFINITION_REPRESENTATION(#2291,#2292);
#2294=(LENGTH_UNIT()NAMED_UNIT(*)SI_UNIT(.MILLI.,.METRE.));
#2298=PROPERTY_DEFINITION('geometric validation property',
'volume of SUBSTRATE-SIP',#2283);
#2299=REPRESENTATION('volume',(#2297),#2272);
#2300=PROPERTY_DEFINITION_REPRESENTATION(#2298,#2299);
#2302=PROPERTY_DEFINITION('geometric validation property',
'centroid of SUBSTRATE-SIP',#2283);
#2303=REPRESENTATION('centroid',(#2301),#2272);
#2304=PROPERTY_DEFINITION_REPRESENTATION(#2302,#2303);
#2305=(LENGTH_UNIT()NAMED_UNIT(*)SI_UNIT(.MILLI.,.METRE.));
#2309=PROPERTY_DEFINITION('geometric validation property',
'area of SUBSTRATE-SIP',#2282);
#2310=REPRESENTATION('surface area',(#2308),#2272);
#2311=PROPERTY_DEFINITION_REPRESENTATION(#2309,#2310);
#2312=(LENGTH_UNIT()NAMED_UNIT(*)SI_UNIT(.MILLI.,.METRE.));
#2316=PROPERTY_DEFINITION('geometric validation property',
'volume of SUBSTRATE-SIP',#2282);
#2317=REPRESENTATION('volume',(#2315),#2272);
#2318=PROPERTY_DEFINITION_REPRESENTATION(#2316,#2317);
#2320=PROPERTY_DEFINITION('geometric validation property',
'centroid of SUBSTRATE-SIP',#2282);
#2321=REPRESENTATION('centroid',(#2319),#2272);
#2322=PROPERTY_DEFINITION_REPRESENTATION(#2320,#2321);
#2323=SHAPE_DEFINITION_REPRESENTATION(#2282,#2277);
#2331=PLANAR_BOX('',3.171303656956E0,2.675787460557E0,#2330);
#2338=CAMERA_USAGE(#2337,#2324);
#2343=PLANAR_BOX('',1.E3,8.4375E2,#2342);
#2363=PRESENTATION_AREA('',(#2362,#2367),#2007);
#2373=NEXT_ASSEMBLY_USAGE_OCCURRENCE('1','Next assembly relationship',
'SUBSTRATE-SIP',#10432,#2281,$);
#2374=PRODUCT_DEFINITION_SHAPE('Placement #1',
'Placement of SUBSTRATE-SIP with respect to SIL0010D_ASM',#2373);
#2376=PROPERTY_DEFINITION('geometric validation property',
'centroid of SUBSTRATE-SIP',#2374);
#2377=REPRESENTATION('centroid',(#2375),#2272);
#2378=PROPERTY_DEFINITION_REPRESENTATION(#2376,#2377);
#2386=COLOUR_RGB('',2.54902E-1,5.4902E-1,0.E0);
#2476=CIRCLE('',#2475,7.5E-2);
#2484=CIRCLE('',#2483,7.5E-2);
#2604=CIRCLE('',#2603,7.5E-2);
#2612=CIRCLE('',#2611,7.5E-2);
#2634=CIRCLE('',#2633,5.E-2);
#2642=CIRCLE('',#2641,5.E-2);
#2664=CIRCLE('',#2663,5.E-2);
#2672=CIRCLE('',#2671,5.E-2);
#2694=CIRCLE('',#2693,5.E-2);
#2702=CIRCLE('',#2701,5.E-2);
#2724=CIRCLE('',#2723,5.E-2);
#2732=CIRCLE('',#2731,5.E-2);
#2754=CIRCLE('',#2753,5.E-2);
#2762=CIRCLE('',#2761,5.E-2);
#2784=CIRCLE('',#2783,5.E-2);
#2792=CIRCLE('',#2791,5.E-2);
#2814=CIRCLE('',#2813,5.E-2);
#2822=CIRCLE('',#2821,5.E-2);
#2844=CIRCLE('',#2843,5.E-2);
#2852=CIRCLE('',#2851,5.E-2);
#2963=EDGE_CURVE('',#2872,#2873,#2391,.T.);
#2965=EDGE_CURVE('',#2873,#2875,#2398,.T.);
#2967=EDGE_CURVE('',#2875,#2877,#2405,.T.);
#2969=EDGE_CURVE('',#2877,#2872,#2412,.T.);
#2973=EDGE_CURVE('',#2897,#2909,#2419,.T.);
#2975=EDGE_CURVE('',#2901,#2897,#2732,.T.);
#2977=EDGE_CURVE('',#2889,#2901,#2426,.T.);
#2979=EDGE_CURVE('',#2893,#2889,#2642,.T.);
#2981=EDGE_CURVE('',#2913,#2893,#2433,.T.);
#2983=EDGE_CURVE('',#2917,#2913,#2672,.T.);
#2985=EDGE_CURVE('',#2905,#2917,#2440,.T.);
#2987=EDGE_CURVE('',#2909,#2905,#2702,.T.);
#2991=EDGE_CURVE('',#2928,#2924,#2447,.T.);
#2993=EDGE_CURVE('',#2920,#2924,#2754,.T.);
#2995=EDGE_CURVE('',#2920,#2948,#2454,.T.);
#2997=EDGE_CURVE('',#2944,#2948,#2844,.T.);
#2999=EDGE_CURVE('',#2944,#2940,#2461,.T.);
#3001=EDGE_CURVE('',#2936,#2940,#2814,.T.);
#3003=EDGE_CURVE('',#2936,#2932,#2468,.T.);
#3005=EDGE_CURVE('',#2928,#2932,#2784,.T.);
#3009=EDGE_CURVE('',#2952,#2953,#2476,.T.);
#3011=EDGE_CURVE('',#2953,#2952,#2484,.T.);
#3015=ADVANCED_FACE('',(#2972,#2990,#3008,#3014),#2962,.F.);
#3022=EDGE_CURVE('',#2872,#2880,#2491,.T.);
#3024=EDGE_CURVE('',#2880,#2881,#2519,.T.);
#3026=EDGE_CURVE('',#2873,#2881,#2512,.T.);
#3030=ADVANCED_FACE('',(#3029),#3020,.T.);
#3037=EDGE_CURVE('',#2877,#2885,#2498,.T.);
#3039=EDGE_CURVE('',#2885,#2880,#2526,.T.);
#3044=ADVANCED_FACE('',(#3043),#3035,.T.);
#3051=EDGE_CURVE('',#2875,#2883,#2505,.T.);
#3053=EDGE_CURVE('',#2883,#2885,#2533,.T.);
#3058=ADVANCED_FACE('',(#3057),#3049,.T.);
#3066=EDGE_CURVE('',#2881,#2883,#2540,.T.);
#3071=ADVANCED_FACE('',(#3070),#3063,.T.);
#3083=EDGE_CURVE('',#2888,#2900,#2547,.T.);
#3085=EDGE_CURVE('',#2896,#2900,#2724,.T.);
#3087=EDGE_CURVE('',#2896,#2908,#2554,.T.);
#3089=EDGE_CURVE('',#2904,#2908,#2694,.T.);
#3091=EDGE_CURVE('',#2904,#2916,#2561,.T.);
#3093=EDGE_CURVE('',#2912,#2916,#2664,.T.);
#3095=EDGE_CURVE('',#2912,#2892,#2568,.T.);
#3097=EDGE_CURVE('',#2888,#2892,#2634,.T.);
#3101=EDGE_CURVE('',#2921,#2949,#2575,.T.);
#3103=EDGE_CURVE('',#2925,#2921,#2762,.T.);
#3105=EDGE_CURVE('',#2929,#2925,#2582,.T.);
#3107=EDGE_CURVE('',#2933,#2929,#2792,.T.);
#3109=EDGE_CURVE('',#2937,#2933,#2589,.T.);
#3111=EDGE_CURVE('',#2941,#2937,#2822,.T.);
#3113=EDGE_CURVE('',#2945,#2941,#2596,.T.);
#3115=EDGE_CURVE('',#2949,#2945,#2852,.T.);
#3119=EDGE_CURVE('',#2956,#2957,#2604,.T.);
#3121=EDGE_CURVE('',#2957,#2956,#2612,.T.);
#3125=ADVANCED_FACE('',(#3082,#3100,#3118,#3124),#3076,.T.);
#3131=EDGE_CURVE('',#2888,#2889,#2619,.T.);
#3134=EDGE_CURVE('',#2900,#2901,#2626,.T.);
#3139=ADVANCED_FACE('',(#3138),#3130,.F.);
#3147=EDGE_CURVE('',#2892,#2893,#2649,.T.);
#3152=ADVANCED_FACE('',(#3151),#3144,.F.);
#3160=EDGE_CURVE('',#2912,#2913,#2656,.T.);
#3165=ADVANCED_FACE('',(#3164),#3157,.F.);
#3173=EDGE_CURVE('',#2916,#2917,#2686,.T.);
#3178=ADVANCED_FACE('',(#3177),#3170,.F.);
#3184=EDGE_CURVE('',#2904,#2905,#2679,.T.);
#3191=ADVANCED_FACE('',(#3190),#3183,.F.);
#3199=EDGE_CURVE('',#2908,#2909,#2716,.T.);
#3204=ADVANCED_FACE('',(#3203),#3196,.F.);
#3210=EDGE_CURVE('',#2896,#2897,#2709,.T.);
#3217=ADVANCED_FACE('',(#3216),#3209,.F.);
#3229=ADVANCED_FACE('',(#3228),#3222,.F.);
#3235=EDGE_CURVE('',#2920,#2921,#2739,.T.);
#3238=EDGE_CURVE('',#2948,#2949,#2746,.T.);
#3243=ADVANCED_FACE('',(#3242),#3234,.T.);
#3251=EDGE_CURVE('',#2924,#2925,#2769,.T.);
#3256=ADVANCED_FACE('',(#3255),#3248,.F.);
#3264=EDGE_CURVE('',#2928,#2929,#2776,.T.);
#3269=ADVANCED_FACE('',(#3268),#3261,.T.);
#3277=EDGE_CURVE('',#2932,#2933,#2799,.T.);
#3282=ADVANCED_FACE('',(#3281),#3274,.F.);
#3290=EDGE_CURVE('',#2936,#2937,#2806,.T.);
#3295=ADVANCED_FACE('',(#3294),#3287,.T.);
#3303=EDGE_CURVE('',#2940,#2941,#2829,.T.);
#3308=ADVANCED_FACE('',(#3307),#3300,.F.);
#3316=EDGE_CURVE('',#2944,#2945,#2836,.T.);
#3321=ADVANCED_FACE('',(#3320),#3313,.T.);
#3333=ADVANCED_FACE('',(#3332),#3326,.F.);
#3340=EDGE_CURVE('',#2956,#2952,#2859,.T.);
#3343=EDGE_CURVE('',#2957,#2953,#2866,.T.);
#3347=ADVANCED_FACE('',(#3346),#3338,.F.);
#3359=ADVANCED_FACE('',(#3358),#3352,.F.);
#3368=(LENGTH_UNIT()NAMED_UNIT(*)SI_UNIT(.MILLI.,.METRE.));
#3369=(NAMED_UNIT(*)PLANE_ANGLE_UNIT()SI_UNIT($,.RADIAN.));
#3372=(NAMED_UNIT(*)SI_UNIT($,.STERADIAN.)SOLID_ANGLE_UNIT());
#3374=(GEOMETRIC_REPRESENTATION_CONTEXT(3)GLOBAL_UNCERTAINTY_ASSIGNED_CONTEXT((
#3373))GLOBAL_UNIT_ASSIGNED_CONTEXT((#3368,#3371,#3372))REPRESENTATION_CONTEXT(
'ID3','3'));
#3378=AXIS2_PLACEMENT_3D('',#3375,#3376,#3377);
#3379=ADVANCED_BREP_SHAPE_REPRESENTATION('',(#3378,#3361),#3374);
#3384=PRODUCT_DEFINITION('part definition','',#3383,#3380);
#3385=PRODUCT_DEFINITION_SHAPE('','SHAPE FOR SOLDERMASK-TOP.',#3384);
#3386=SHAPE_ASPECT('','solid data associated with SOLDERMASK-TOP',#3385,.F.);
#3387=PROPERTY_DEFINITION('',
'shape for solid data with which properties are associated',#3386);
#3388=SHAPE_REPRESENTATION('',(#3361),#3374);
#3389=SHAPE_DEFINITION_REPRESENTATION(#3387,#3388);
#3390=(LENGTH_UNIT()NAMED_UNIT(*)SI_UNIT(.MILLI.,.METRE.));
#3394=PROPERTY_DEFINITION('geometric validation property',
'area of SOLDERMASK-TOP',#3386);
#3395=REPRESENTATION('surface area',(#3393),#3374);
#3396=PROPERTY_DEFINITION_REPRESENTATION(#3394,#3395);
#3397=(LENGTH_UNIT()NAMED_UNIT(*)SI_UNIT(.MILLI.,.METRE.));
#3401=PROPERTY_DEFINITION('geometric validation property',
'volume of SOLDERMASK-TOP',#3386);
#3402=REPRESENTATION('volume',(#3400),#3374);
#3403=PROPERTY_DEFINITION_REPRESENTATION(#3401,#3402);
#3405=PROPERTY_DEFINITION('geometric validation property',
'centroid of SOLDERMASK-TOP',#3386);
#3406=REPRESENTATION('centroid',(#3404),#3374);
#3407=PROPERTY_DEFINITION_REPRESENTATION(#3405,#3406);
#3408=(LENGTH_UNIT()NAMED_UNIT(*)SI_UNIT(.MILLI.,.METRE.));
#3412=PROPERTY_DEFINITION('geometric validation property',
'area of SOLDERMASK-TOP',#3385);
#3413=REPRESENTATION('surface area',(#3411),#3374);
#3414=PROPERTY_DEFINITION_REPRESENTATION(#3412,#3413);
#3415=(LENGTH_UNIT()NAMED_UNIT(*)SI_UNIT(.MILLI.,.METRE.));
#3419=PROPERTY_DEFINITION('geometric validation property',
'volume of SOLDERMASK-TOP',#3385);
#3420=REPRESENTATION('volume',(#3418),#3374);
#3421=PROPERTY_DEFINITION_REPRESENTATION(#3419,#3420);
#3423=PROPERTY_DEFINITION('geometric validation property',
'centroid of SOLDERMASK-TOP',#3385);
#3424=REPRESENTATION('centroid',(#3422),#3374);
#3425=PROPERTY_DEFINITION_REPRESENTATION(#3423,#3424);
#3426=SHAPE_DEFINITION_REPRESENTATION(#3385,#3379);
#3434=PLANAR_BOX('',3.129306830645E0,2.640352638357E0,#3433);
#3441=CAMERA_USAGE(#3440,#3427);
#3446=PLANAR_BOX('',1.E3,8.4375E2,#3445);
#3466=PRESENTATION_AREA('',(#3465,#3470),#2007);
#3476=NEXT_ASSEMBLY_USAGE_OCCURRENCE('2','Next assembly relationship',
'SOLDERMASK-TOP',#10432,#3384,$);
#3477=PRODUCT_DEFINITION_SHAPE('Placement #2',
'Placement of SOLDERMASK-TOP with respect to SIL0010D_ASM',#3476);
#3479=PROPERTY_DEFINITION('geometric validation property',
'centroid of SOLDERMASK-TOP',#3477);
#3480=REPRESENTATION('centroid',(#3478),#3374);
#3481=PROPERTY_DEFINITION_REPRESENTATION(#3479,#3480);
#3489=COLOUR_RGB('',1.E0,2.5E-1,0.E0);
#3509=CIRCLE('',#3508,1.25E-2);
#3524=CIRCLE('',#3523,2.5E-2);
#3602=CIRCLE('',#3601,2.5E-2);
#3617=CIRCLE('',#3616,1.25E-2);
#3700=EDGE_CURVE('',#3678,#3665,#3552,.T.);
#3702=EDGE_CURVE('',#3678,#3694,#3494,.T.);
#3704=EDGE_CURVE('',#3694,#3681,#3573,.T.);
#3706=EDGE_CURVE('',#3665,#3681,#3559,.T.);
#3710=ADVANCED_FACE('',(#3709),#3699,.T.);
#3716=EDGE_CURVE('',#3665,#3666,#3501,.T.);
#3718=EDGE_CURVE('',#3666,#3668,#3509,.T.);
#3720=EDGE_CURVE('',#3668,#3670,#3516,.T.);
#3722=EDGE_CURVE('',#3670,#3672,#3524,.T.);
#3724=EDGE_CURVE('',#3672,#3674,#3531,.T.);
#3726=EDGE_CURVE('',#3674,#3676,#3538,.T.);
#3728=EDGE_CURVE('',#3676,#3678,#3545,.T.);
#3733=ADVANCED_FACE('',(#3732),#3715,.F.);
#3741=EDGE_CURVE('',#3681,#3682,#3566,.T.);
#3743=EDGE_CURVE('',#3666,#3682,#3659,.T.);
#3747=ADVANCED_FACE('',(#3746),#3738,.T.);
#3755=EDGE_CURVE('',#3692,#3694,#3580,.T.);
#3757=EDGE_CURVE('',#3690,#3692,#3587,.T.);
#3759=EDGE_CURVE('',#3688,#3690,#3594,.T.);
#3761=EDGE_CURVE('',#3686,#3688,#3602,.T.);
#3763=EDGE_CURVE('',#3684,#3686,#3609,.T.);
#3765=EDGE_CURVE('',#3682,#3684,#3617,.T.);
#3769=ADVANCED_FACE('',(#3768),#3752,.T.);
#3776=EDGE_CURVE('',#3676,#3692,#3624,.T.);
#3782=ADVANCED_FACE('',(#3781),#3774,.T.);
#3789=EDGE_CURVE('',#3674,#3690,#3631,.T.);
#3795=ADVANCED_FACE('',(#3794),#3787,.T.);
#3802=EDGE_CURVE('',#3672,#3688,#3638,.T.);
#3808=ADVANCED_FACE('',(#3807),#3800,.T.);
#3815=EDGE_CURVE('',#3670,#3686,#3645,.T.);
#3821=ADVANCED_FACE('',(#3820),#3813,.T.);
#3828=EDGE_CURVE('',#3668,#3684,#3652,.T.);
#3834=ADVANCED_FACE('',(#3833),#3826,.T.);
#3846=ADVANCED_FACE('',(#3845),#3839,.T.);
#3867=CIRCLE('',#3866,2.499999999998E-2);
#3882=CIRCLE('',#3881,1.25E-2);
#3897=CIRCLE('',#3896,2.5E-2);
#3912=CIRCLE('',#3911,2.499999999998E-2);
#3934=CIRCLE('',#3933,2.499999999998E-2);
#3949=CIRCLE('',#3948,2.499999999998E-2);
#3964=CIRCLE('',#3963,2.5E-2);
#3979=CIRCLE('',#3978,1.25E-2);
#4069=EDGE_CURVE('',#4047,#4034,#3919,.T.);
#4071=EDGE_CURVE('',#4047,#4063,#3859,.T.);
#4073=EDGE_CURVE('',#4063,#4050,#3941,.T.);
#4075=EDGE_CURVE('',#4034,#4050,#3926,.T.);
#4079=ADVANCED_FACE('',(#4078),#4068,.T.);
#4085=EDGE_CURVE('',#4034,#4035,#3867,.T.);
#4087=EDGE_CURVE('',#4035,#4037,#3874,.T.);
#4089=EDGE_CURVE('',#4037,#4039,#3882,.T.);
#4091=EDGE_CURVE('',#4039,#4041,#3889,.T.);
#4093=EDGE_CURVE('',#4041,#4043,#3897,.T.);
#4095=EDGE_CURVE('',#4043,#4045,#3904,.T.);
#4097=EDGE_CURVE('',#4045,#4047,#3912,.T.);
#4102=ADVANCED_FACE('',(#4101),#4084,.F.);
#4110=EDGE_CURVE('',#4050,#4051,#3934,.T.);
#4112=EDGE_CURVE('',#4035,#4051,#4028,.T.);
#4116=ADVANCED_FACE('',(#4115),#4107,.T.);
#4124=EDGE_CURVE('',#4061,#4063,#3949,.T.);
#4126=EDGE_CURVE('',#4059,#4061,#3956,.T.);
#4128=EDGE_CURVE('',#4057,#4059,#3964,.T.);
#4130=EDGE_CURVE('',#4055,#4057,#3971,.T.);
#4132=EDGE_CURVE('',#4053,#4055,#3979,.T.);
#4134=EDGE_CURVE('',#4051,#4053,#3986,.T.);
#4138=ADVANCED_FACE('',(#4137),#4121,.T.);
#4145=EDGE_CURVE('',#4045,#4061,#3993,.T.);
#4151=ADVANCED_FACE('',(#4150),#4143,.T.);
#4158=EDGE_CURVE('',#4043,#4059,#4000,.T.);
#4164=ADVANCED_FACE('',(#4163),#4156,.T.);
#4171=EDGE_CURVE('',#4041,#4057,#4007,.T.);
#4177=ADVANCED_FACE('',(#4176),#4169,.T.);
#4184=EDGE_CURVE('',#4039,#4055,#4014,.T.);
#4190=ADVANCED_FACE('',(#4189),#4182,.T.);
#4197=EDGE_CURVE('',#4037,#4053,#4021,.T.);
#4203=ADVANCED_FACE('',(#4202),#4195,.T.);
#4215=ADVANCED_FACE('',(#4214),#4208,.T.);
#4243=CIRCLE('',#4242,1.25E-2);
#4258=CIRCLE('',#4257,2.5E-2);
#4273=CIRCLE('',#4272,2.499999999998E-2);
#4295=CIRCLE('',#4294,7.498374058495E-2);
#4310=CIRCLE('',#4309,9.000080210208E-2);
#4360=CIRCLE('',#4359,9.000080210208E-2);
#4375=CIRCLE('',#4374,7.498374058495E-2);
#4397=CIRCLE('',#4396,2.499999999998E-2);
#4412=CIRCLE('',#4411,2.5E-2);
#4427=CIRCLE('',#4426,1.25E-2);
#4565=EDGE_CURVE('',#4533,#4510,#4324,.T.);
#4567=EDGE_CURVE('',#4533,#4559,#4228,.T.);
#4569=EDGE_CURVE('',#4559,#4536,#4345,.T.);
#4571=EDGE_CURVE('',#4510,#4536,#4331,.T.);
#4575=ADVANCED_FACE('',(#4574),#4564,.T.);
#4581=EDGE_CURVE('',#4510,#4511,#4235,.T.);
#4583=EDGE_CURVE('',#4511,#4513,#4243,.T.);
#4585=EDGE_CURVE('',#4513,#4515,#4250,.T.);
#4587=EDGE_CURVE('',#4515,#4517,#4258,.T.);
#4589=EDGE_CURVE('',#4517,#4519,#4265,.T.);
#4591=EDGE_CURVE('',#4519,#4521,#4273,.T.);
#4593=EDGE_CURVE('',#4521,#4523,#4280,.T.);
#4595=EDGE_CURVE('',#4523,#4525,#4287,.T.);
#4597=EDGE_CURVE('',#4525,#4527,#4295,.T.);
#4599=EDGE_CURVE('',#4527,#4529,#4302,.T.);
#4601=EDGE_CURVE('',#4529,#4531,#4310,.T.);
#4603=EDGE_CURVE('',#4531,#4533,#4317,.T.);
#4608=ADVANCED_FACE('',(#4607),#4580,.F.);
#4616=EDGE_CURVE('',#4536,#4537,#4338,.T.);
#4618=EDGE_CURVE('',#4511,#4537,#4504,.T.);
#4622=ADVANCED_FACE('',(#4621),#4613,.T.);
#4630=EDGE_CURVE('',#4557,#4559,#4352,.T.);
#4632=EDGE_CURVE('',#4555,#4557,#4360,.T.);
#4634=EDGE_CURVE('',#4553,#4555,#4367,.T.);
#4636=EDGE_CURVE('',#4551,#4553,#4375,.T.);
#4638=EDGE_CURVE('',#4549,#4551,#4382,.T.);
#4640=EDGE_CURVE('',#4547,#4549,#4389,.T.);
#4642=EDGE_CURVE('',#4545,#4547,#4397,.T.);
#4644=EDGE_CURVE('',#4543,#4545,#4404,.T.);
#4646=EDGE_CURVE('',#4541,#4543,#4412,.T.);
#4648=EDGE_CURVE('',#4539,#4541,#4419,.T.);
#4650=EDGE_CURVE('',#4537,#4539,#4427,.T.);
#4654=ADVANCED_FACE('',(#4653),#4627,.T.);
#4661=EDGE_CURVE('',#4531,#4557,#4434,.T.);
#4667=ADVANCED_FACE('',(#4666),#4659,.T.);
#4674=EDGE_CURVE('',#4529,#4555,#4441,.T.);
#4680=ADVANCED_FACE('',(#4679),#4672,.T.);
#4687=EDGE_CURVE('',#4527,#4553,#4448,.T.);
#4693=ADVANCED_FACE('',(#4692),#4685,.T.);
#4700=EDGE_CURVE('',#4525,#4551,#4455,.T.);
#4706=ADVANCED_FACE('',(#4705),#4698,.T.);
#4713=EDGE_CURVE('',#4523,#4549,#4462,.T.);
#4719=ADVANCED_FACE('',(#4718),#4711,.T.);
#4726=EDGE_CURVE('',#4521,#4547,#4469,.T.);
#4732=ADVANCED_FACE('',(#4731),#4724,.T.);
#4739=EDGE_CURVE('',#4519,#4545,#4476,.T.);
#4745=ADVANCED_FACE('',(#4744),#4737,.T.);
#4752=EDGE_CURVE('',#4517,#4543,#4483,.T.);
#4758=ADVANCED_FACE('',(#4757),#4750,.T.);
#4765=EDGE_CURVE('',#4515,#4541,#4490,.T.);
#4771=ADVANCED_FACE('',(#4770),#4763,.T.);
#4778=EDGE_CURVE('',#4513,#4539,#4497,.T.);
#4784=ADVANCED_FACE('',(#4783),#4776,.T.);
#4796=ADVANCED_FACE('',(#4795),#4789,.T.);
#4824=CIRCLE('',#4823,2.5E-2);
#4839=CIRCLE('',#4838,1.25E-2);
#4854=CIRCLE('',#4853,2.5E-2);
#4869=CIRCLE('',#4868,1.25E-2);
#4919=CIRCLE('',#4918,1.25E-2);
#4934=CIRCLE('',#4933,2.5E-2);
#4949=CIRCLE('',#4948,1.25E-2);
#4964=CIRCLE('',#4963,2.5E-2);
#5069=EDGE_CURVE('',#5043,#5026,#4883,.T.);
#5071=EDGE_CURVE('',#5043,#5063,#4809,.T.);
#5073=EDGE_CURVE('',#5063,#5046,#4904,.T.);
#5075=EDGE_CURVE('',#5026,#5046,#4890,.T.);
#5079=ADVANCED_FACE('',(#5078),#5068,.T.);
#5085=EDGE_CURVE('',#5026,#5027,#4816,.T.);
#5087=EDGE_CURVE('',#5027,#5029,#4824,.T.);
#5089=EDGE_CURVE('',#5029,#5031,#4831,.T.);
#5091=EDGE_CURVE('',#5031,#5033,#4839,.T.);
#5093=EDGE_CURVE('',#5033,#5035,#4846,.T.);
#5095=EDGE_CURVE('',#5035,#5037,#4854,.T.);
#5097=EDGE_CURVE('',#5037,#5039,#4861,.T.);
#5099=EDGE_CURVE('',#5039,#5041,#4869,.T.);
#5101=EDGE_CURVE('',#5041,#5043,#4876,.T.);
#5106=ADVANCED_FACE('',(#5105),#5084,.F.);
#5114=EDGE_CURVE('',#5046,#5047,#4897,.T.);
#5116=EDGE_CURVE('',#5027,#5047,#5020,.T.);
#5120=ADVANCED_FACE('',(#5119),#5111,.T.);
#5128=EDGE_CURVE('',#5061,#5063,#4911,.T.);
#5130=EDGE_CURVE('',#5059,#5061,#4919,.T.);
#5132=EDGE_CURVE('',#5057,#5059,#4926,.T.);
#5134=EDGE_CURVE('',#5055,#5057,#4934,.T.);
#5136=EDGE_CURVE('',#5053,#5055,#4941,.T.);
#5138=EDGE_CURVE('',#5051,#5053,#4949,.T.);
#5140=EDGE_CURVE('',#5049,#5051,#4956,.T.);
#5142=EDGE_CURVE('',#5047,#5049,#4964,.T.);
#5146=ADVANCED_FACE('',(#5145),#5125,.T.);
#5153=EDGE_CURVE('',#5041,#5061,#4971,.T.);
#5159=ADVANCED_FACE('',(#5158),#5151,.T.);
#5166=EDGE_CURVE('',#5039,#5059,#4978,.T.);
#5172=ADVANCED_FACE('',(#5171),#5164,.T.);
#5179=EDGE_CURVE('',#5037,#5057,#4985,.T.);
#5185=ADVANCED_FACE('',(#5184),#5177,.T.);
#5192=EDGE_CURVE('',#5035,#5055,#4992,.T.);
#5198=ADVANCED_FACE('',(#5197),#5190,.T.);
#5205=EDGE_CURVE('',#5033,#5053,#4999,.T.);
#5211=ADVANCED_FACE('',(#5210),#5203,.T.);
#5218=EDGE_CURVE('',#5031,#5051,#5006,.T.);
#5224=ADVANCED_FACE('',(#5223),#5216,.T.);
#5231=EDGE_CURVE('',#5029,#5049,#5013,.T.);
#5237=ADVANCED_FACE('',(#5236),#5229,.T.);
#5249=ADVANCED_FACE('',(#5248),#5242,.T.);
#5270=CIRCLE('',#5269,2.499999999998E-2);
#5285=CIRCLE('',#5284,2.499999999998E-2);
#5300=CIRCLE('',#5299,1.25E-2);
#5315=CIRCLE('',#5314,2.499999999998E-2);
#5337=CIRCLE('',#5336,2.499999999998E-2);
#5352=CIRCLE('',#5351,2.499999999998E-2);
#5367=CIRCLE('',#5366,1.25E-2);
#5382=CIRCLE('',#5381,2.499999999998E-2);
#5472=EDGE_CURVE('',#5450,#5437,#5322,.T.);
#5474=EDGE_CURVE('',#5450,#5466,#5262,.T.);
#5476=EDGE_CURVE('',#5466,#5453,#5344,.T.);
#5478=EDGE_CURVE('',#5437,#5453,#5329,.T.);
#5482=ADVANCED_FACE('',(#5481),#5471,.T.);
#5488=EDGE_CURVE('',#5437,#5438,#5270,.T.);
#5490=EDGE_CURVE('',#5438,#5440,#5277,.T.);
#5492=EDGE_CURVE('',#5440,#5442,#5285,.T.);
#5494=EDGE_CURVE('',#5442,#5444,#5292,.T.);
#5496=EDGE_CURVE('',#5444,#5446,#5300,.T.);
#5498=EDGE_CURVE('',#5446,#5448,#5307,.T.);
#5500=EDGE_CURVE('',#5448,#5450,#5315,.T.);
#5505=ADVANCED_FACE('',(#5504),#5487,.F.);
#5513=EDGE_CURVE('',#5453,#5454,#5337,.T.);
#5515=EDGE_CURVE('',#5438,#5454,#5431,.T.);
#5519=ADVANCED_FACE('',(#5518),#5510,.T.);
#5527=EDGE_CURVE('',#5464,#5466,#5352,.T.);
#5529=EDGE_CURVE('',#5462,#5464,#5359,.T.);
#5531=EDGE_CURVE('',#5460,#5462,#5367,.T.);
#5533=EDGE_CURVE('',#5458,#5460,#5374,.T.);
#5535=EDGE_CURVE('',#5456,#5458,#5382,.T.);
#5537=EDGE_CURVE('',#5454,#5456,#5389,.T.);
#5541=ADVANCED_FACE('',(#5540),#5524,.T.);
#5548=EDGE_CURVE('',#5448,#5464,#5396,.T.);
#5554=ADVANCED_FACE('',(#5553),#5546,.T.);
#5561=EDGE_CURVE('',#5446,#5462,#5403,.T.);
#5567=ADVANCED_FACE('',(#5566),#5559,.T.);
#5574=EDGE_CURVE('',#5444,#5460,#5410,.T.);
#5580=ADVANCED_FACE('',(#5579),#5572,.T.);
#5587=EDGE_CURVE('',#5442,#5458,#5417,.T.);
#5593=ADVANCED_FACE('',(#5592),#5585,.T.);
#5600=EDGE_CURVE('',#5440,#5456,#5424,.T.);
#5606=ADVANCED_FACE('',(#5605),#5598,.T.);
#5618=ADVANCED_FACE('',(#5617),#5611,.T.);
#5646=CIRCLE('',#5645,2.499999999998E-2);
#5661=CIRCLE('',#5660,1.25E-2);
#5676=CIRCLE('',#5675,2.499999999998E-2);
#5726=CIRCLE('',#5725,2.499999999998E-2);
#5741=CIRCLE('',#5740,1.25E-2);
#5756=CIRCLE('',#5755,2.499999999998E-2);
#5839=EDGE_CURVE('',#5817,#5804,#5690,.T.);
#5841=EDGE_CURVE('',#5817,#5833,#5631,.T.);
#5843=EDGE_CURVE('',#5833,#5820,#5711,.T.);
#5845=EDGE_CURVE('',#5804,#5820,#5697,.T.);
#5849=ADVANCED_FACE('',(#5848),#5838,.T.);
#5855=EDGE_CURVE('',#5804,#5805,#5638,.T.);
#5857=EDGE_CURVE('',#5805,#5807,#5646,.T.);
#5859=EDGE_CURVE('',#5807,#5809,#5653,.T.);
#5861=EDGE_CURVE('',#5809,#5811,#5661,.T.);
#5863=EDGE_CURVE('',#5811,#5813,#5668,.T.);
#5865=EDGE_CURVE('',#5813,#5815,#5676,.T.);
#5867=EDGE_CURVE('',#5815,#5817,#5683,.T.);
#5872=ADVANCED_FACE('',(#5871),#5854,.F.);
#5880=EDGE_CURVE('',#5820,#5821,#5704,.T.);
#5882=EDGE_CURVE('',#5805,#5821,#5798,.T.);
#5886=ADVANCED_FACE('',(#5885),#5877,.T.);
#5894=EDGE_CURVE('',#5831,#5833,#5718,.T.);
#5896=EDGE_CURVE('',#5829,#5831,#5726,.T.);
#5898=EDGE_CURVE('',#5827,#5829,#5733,.T.);
#5900=EDGE_CURVE('',#5825,#5827,#5741,.T.);
#5902=EDGE_CURVE('',#5823,#5825,#5748,.T.);
#5904=EDGE_CURVE('',#5821,#5823,#5756,.T.);
#5908=ADVANCED_FACE('',(#5907),#5891,.T.);
#5915=EDGE_CURVE('',#5815,#5831,#5763,.T.);
#5921=ADVANCED_FACE('',(#5920),#5913,.T.);
#5928=EDGE_CURVE('',#5813,#5829,#5770,.T.);
#5934=ADVANCED_FACE('',(#5933),#5926,.T.);
#5941=EDGE_CURVE('',#5811,#5827,#5777,.T.);
#5947=ADVANCED_FACE('',(#5946),#5939,.T.);
#5954=EDGE_CURVE('',#5809,#5825,#5784,.T.);
#5960=ADVANCED_FACE('',(#5959),#5952,.T.);
#5967=EDGE_CURVE('',#5807,#5823,#5791,.T.);
#5973=ADVANCED_FACE('',(#5972),#5965,.T.);
#5985=ADVANCED_FACE('',(#5984),#5978,.T.);
#6034=CIRCLE('',#6033,1.108114676532E-1);
#6126=CIRCLE('',#6125,1.108114676532E-1);
#6252=EDGE_CURVE('',#6226,#6209,#6069,.T.);
#6254=EDGE_CURVE('',#6226,#6246,#5998,.T.);
#6256=EDGE_CURVE('',#6246,#6229,#6090,.T.);
#6258=EDGE_CURVE('',#6209,#6229,#6076,.T.);
#6262=ADVANCED_FACE('',(#6261),#6251,.T.);
#6268=EDGE_CURVE('',#6209,#6210,#6005,.T.);
#6270=EDGE_CURVE('',#6210,#6212,#6012,.T.);
#6272=EDGE_CURVE('',#6212,#6214,#6019,.T.);
#6274=EDGE_CURVE('',#6214,#6216,#6026,.T.);
#6276=EDGE_CURVE('',#6216,#6218,#6034,.T.);
#6278=EDGE_CURVE('',#6218,#6220,#6041,.T.);
#6280=EDGE_CURVE('',#6220,#6222,#6048,.T.);
#6282=EDGE_CURVE('',#6222,#6224,#6055,.T.);
#6284=EDGE_CURVE('',#6224,#6226,#6062,.T.);
#6289=ADVANCED_FACE('',(#6288),#6267,.F.);
#6297=EDGE_CURVE('',#6229,#6230,#6083,.T.);
#6299=EDGE_CURVE('',#6210,#6230,#6203,.T.);
#6303=ADVANCED_FACE('',(#6302),#6294,.T.);
#6311=EDGE_CURVE('',#6244,#6246,#6097,.T.);
#6313=EDGE_CURVE('',#6242,#6244,#6104,.T.);
#6315=EDGE_CURVE('',#6240,#6242,#6111,.T.);
#6317=EDGE_CURVE('',#6238,#6240,#6118,.T.);
#6319=EDGE_CURVE('',#6236,#6238,#6126,.T.);
#6321=EDGE_CURVE('',#6234,#6236,#6133,.T.);
#6323=EDGE_CURVE('',#6232,#6234,#6140,.T.);
#6325=EDGE_CURVE('',#6230,#6232,#6147,.T.);
#6329=ADVANCED_FACE('',(#6328),#6308,.T.);
#6336=EDGE_CURVE('',#6224,#6244,#6154,.T.);
#6342=ADVANCED_FACE('',(#6341),#6334,.T.);
#6349=EDGE_CURVE('',#6222,#6242,#6161,.T.);
#6355=ADVANCED_FACE('',(#6354),#6347,.T.);
#6362=EDGE_CURVE('',#6220,#6240,#6168,.T.);
#6368=ADVANCED_FACE('',(#6367),#6360,.T.);
#6375=EDGE_CURVE('',#6218,#6238,#6175,.T.);
#6381=ADVANCED_FACE('',(#6380),#6373,.T.);
#6388=EDGE_CURVE('',#6216,#6236,#6182,.T.);
#6394=ADVANCED_FACE('',(#6393),#6386,.T.);
#6401=EDGE_CURVE('',#6214,#6234,#6189,.T.);
#6407=ADVANCED_FACE('',(#6406),#6399,.T.);
#6414=EDGE_CURVE('',#6212,#6232,#6196,.T.);
#6420=ADVANCED_FACE('',(#6419),#6412,.T.);
#6432=ADVANCED_FACE('',(#6431),#6425,.T.);
#6441=(LENGTH_UNIT()NAMED_UNIT(*)SI_UNIT(.MILLI.,.METRE.));
#6442=(NAMED_UNIT(*)PLANE_ANGLE_UNIT()SI_UNIT($,.RADIAN.));
#6445=(NAMED_UNIT(*)SI_UNIT($,.STERADIAN.)SOLID_ANGLE_UNIT());
#6447=(GEOMETRIC_REPRESENTATION_CONTEXT(3)GLOBAL_UNCERTAINTY_ASSIGNED_CONTEXT((
#6446))GLOBAL_UNIT_ASSIGNED_CONTEXT((#6441,#6444,#6445))REPRESENTATION_CONTEXT(
'ID4','3'));
#6451=AXIS2_PLACEMENT_3D('',#6448,#6449,#6450);
#6452=ADVANCED_BREP_SHAPE_REPRESENTATION('',(#6451,#3848,#4217,#4798,#5251,
#5620,#5987,#6434),#6447);
#6456=PRODUCT_DEFINITION('part definition','',#6455,#3380);
#6457=PRODUCT_DEFINITION_SHAPE('','SHAPE FOR LAYER2.',#6456);
#6458=SHAPE_ASPECT('','solid data associated with LAYER2',#6457,.F.);
#6459=PROPERTY_DEFINITION('',
'shape for solid data with which properties are associated',#6458);
#6460=SHAPE_REPRESENTATION('',(#6434),#6447);
#6461=SHAPE_DEFINITION_REPRESENTATION(#6459,#6460);
#6462=(LENGTH_UNIT()NAMED_UNIT(*)SI_UNIT(.MILLI.,.METRE.));
#6466=PROPERTY_DEFINITION('geometric validation property','area of LAYER2',
#6458);
#6467=REPRESENTATION('surface area',(#6465),#6447);
#6468=PROPERTY_DEFINITION_REPRESENTATION(#6466,#6467);
#6469=(LENGTH_UNIT()NAMED_UNIT(*)SI_UNIT(.MILLI.,.METRE.));
#6473=PROPERTY_DEFINITION('geometric validation property','volume of LAYER2',
#6458);
#6474=REPRESENTATION('volume',(#6472),#6447);
#6475=PROPERTY_DEFINITION_REPRESENTATION(#6473,#6474);
#6477=PROPERTY_DEFINITION('geometric validation property','centroid of LAYER2',
#6458);
#6478=REPRESENTATION('centroid',(#6476),#6447);
#6479=PROPERTY_DEFINITION_REPRESENTATION(#6477,#6478);
#6480=(LENGTH_UNIT()NAMED_UNIT(*)SI_UNIT(.MILLI.,.METRE.));
#6484=PROPERTY_DEFINITION('geometric validation property','area of LAYER2',
#6457);
#6485=REPRESENTATION('surface area',(#6483),#6447);
#6486=PROPERTY_DEFINITION_REPRESENTATION(#6484,#6485);
#6487=(LENGTH_UNIT()NAMED_UNIT(*)SI_UNIT(.MILLI.,.METRE.));
#6491=PROPERTY_DEFINITION('geometric validation property','volume of LAYER2',
#6457);
#6492=REPRESENTATION('volume',(#6490),#6447);
#6493=PROPERTY_DEFINITION_REPRESENTATION(#6491,#6492);
#6495=PROPERTY_DEFINITION('geometric validation property','centroid of LAYER2',
#6457);
#6496=REPRESENTATION('centroid',(#6494),#6447);
#6497=PROPERTY_DEFINITION_REPRESENTATION(#6495,#6496);
#6498=SHAPE_DEFINITION_REPRESENTATION(#6457,#6452);
#6506=PLANAR_BOX('',2.953433448384E0,2.491959472074E0,#6505);
#6513=CAMERA_USAGE(#6512,#6499);
#6518=PLANAR_BOX('',1.E3,8.4375E2,#6517);
#6538=PRESENTATION_AREA('',(#6537,#6542),#2007);
#6548=NEXT_ASSEMBLY_USAGE_OCCURRENCE('3','Next assembly relationship','LAYER2',
#10432,#6456,$);
#6549=PRODUCT_DEFINITION_SHAPE('Placement #3',
'Placement of LAYER2 with respect to SIL0010D_ASM',#6548);
#6551=PROPERTY_DEFINITION('geometric validation property','centroid of LAYER2',
#6549);
#6552=REPRESENTATION('centroid',(#6550),#6447);
#6553=PROPERTY_DEFINITION_REPRESENTATION(#6551,#6552);
#6573=CIRCLE('',#6572,1.E-1);
#6588=CIRCLE('',#6587,1.E-1);
#6603=CIRCLE('',#6602,1.E-1);
#6618=CIRCLE('',#6617,1.E-1);
#6640=CIRCLE('',#6639,1.E-1);
#6655=CIRCLE('',#6654,1.E-1);
#6670=CIRCLE('',#6669,1.E-1);
#6685=CIRCLE('',#6684,1.E-1);
#6775=EDGE_CURVE('',#6753,#6740,#6625,.T.);
#6777=EDGE_CURVE('',#6753,#6769,#6565,.T.);
#6779=EDGE_CURVE('',#6769,#6756,#6647,.T.);
#6781=EDGE_CURVE('',#6740,#6756,#6632,.T.);
#6785=ADVANCED_FACE('',(#6784),#6774,.T.);
#6791=EDGE_CURVE('',#6740,#6741,#6573,.T.);
#6793=EDGE_CURVE('',#6741,#6743,#6580,.T.);
#6795=EDGE_CURVE('',#6743,#6745,#6588,.T.);
#6797=EDGE_CURVE('',#6745,#6747,#6595,.T.);
#6799=EDGE_CURVE('',#6747,#6749,#6603,.T.);
#6801=EDGE_CURVE('',#6749,#6751,#6610,.T.);
#6803=EDGE_CURVE('',#6751,#6753,#6618,.T.);
#6808=ADVANCED_FACE('',(#6807),#6790,.F.);
#6816=EDGE_CURVE('',#6756,#6757,#6640,.T.);
#6818=EDGE_CURVE('',#6741,#6757,#6734,.T.);
#6822=ADVANCED_FACE('',(#6821),#6813,.T.);
#6830=EDGE_CURVE('',#6767,#6769,#6655,.T.);
#6832=EDGE_CURVE('',#6765,#6767,#6662,.T.);
#6834=EDGE_CURVE('',#6763,#6765,#6670,.T.);
#6836=EDGE_CURVE('',#6761,#6763,#6677,.T.);
#6838=EDGE_CURVE('',#6759,#6761,#6685,.T.);
#6840=EDGE_CURVE('',#6757,#6759,#6692,.T.);
#6844=ADVANCED_FACE('',(#6843),#6827,.T.);
#6851=EDGE_CURVE('',#6751,#6767,#6699,.T.);
#6857=ADVANCED_FACE('',(#6856),#6849,.T.);
#6864=EDGE_CURVE('',#6749,#6765,#6706,.T.);
#6870=ADVANCED_FACE('',(#6869),#6862,.T.);
#6877=EDGE_CURVE('',#6747,#6763,#6713,.T.);
#6883=ADVANCED_FACE('',(#6882),#6875,.T.);
#6890=EDGE_CURVE('',#6745,#6761,#6720,.T.);
#6896=ADVANCED_FACE('',(#6895),#6888,.T.);
#6903=EDGE_CURVE('',#6743,#6759,#6727,.T.);
#6909=ADVANCED_FACE('',(#6908),#6901,.T.);
#6921=ADVANCED_FACE('',(#6920),#6914,.T.);
#6942=CIRCLE('',#6941,1.E-1);
#6957=CIRCLE('',#6956,1.E-1);
#6972=CIRCLE('',#6971,1.E-1);
#6987=CIRCLE('',#6986,1.E-1);
#7051=CIRCLE('',#7050,1.E-1);
#7066=CIRCLE('',#7065,1.E-1);
#7081=CIRCLE('',#7080,1.E-1);
#7096=CIRCLE('',#7095,1.E-1);
#7144=EDGE_CURVE('',#7122,#7109,#6949,.T.);
#7146=EDGE_CURVE('',#7109,#7125,#7001,.T.);
#7148=EDGE_CURVE('',#7138,#7125,#7103,.T.);
#7150=EDGE_CURVE('',#7122,#7138,#6934,.T.);
#7154=ADVANCED_FACE('',(#7153),#7143,.F.);
#7160=EDGE_CURVE('',#7109,#7110,#6942,.T.);
#7163=EDGE_CURVE('',#7120,#7122,#6957,.T.);
#7165=EDGE_CURVE('',#7118,#7120,#6964,.T.);
#7167=EDGE_CURVE('',#7116,#7118,#6972,.T.);
#7169=EDGE_CURVE('',#7114,#7116,#6979,.T.);
#7171=EDGE_CURVE('',#7112,#7114,#6987,.T.);
#7173=EDGE_CURVE('',#7110,#7112,#6994,.T.);
#7177=ADVANCED_FACE('',(#7176),#7159,.T.);
#7184=EDGE_CURVE('',#7110,#7126,#7008,.T.);
#7186=EDGE_CURVE('',#7125,#7126,#7051,.T.);
#7191=ADVANCED_FACE('',(#7190),#7182,.T.);
#7198=EDGE_CURVE('',#7112,#7128,#7015,.T.);
#7200=EDGE_CURVE('',#7126,#7128,#7058,.T.);
#7205=ADVANCED_FACE('',(#7204),#7196,.F.);
#7212=EDGE_CURVE('',#7114,#7130,#7022,.T.);
#7214=EDGE_CURVE('',#7128,#7130,#7066,.T.);
#7219=ADVANCED_FACE('',(#7218),#7210,.T.);
#7226=EDGE_CURVE('',#7116,#7132,#7029,.T.);
#7228=EDGE_CURVE('',#7130,#7132,#7073,.T.);
#7233=ADVANCED_FACE('',(#7232),#7224,.F.);
#7240=EDGE_CURVE('',#7118,#7134,#7036,.T.);
#7242=EDGE_CURVE('',#7132,#7134,#7081,.T.);
#7247=ADVANCED_FACE('',(#7246),#7238,.T.);
#7254=EDGE_CURVE('',#7120,#7136,#7043,.T.);
#7256=EDGE_CURVE('',#7134,#7136,#7088,.T.);
#7261=ADVANCED_FACE('',(#7260),#7252,.F.);
#7269=EDGE_CURVE('',#7136,#7138,#7096,.T.);
#7274=ADVANCED_FACE('',(#7273),#7266,.T.);
#7290=ADVANCED_FACE('',(#7289),#7279,.F.);
#7299=(LENGTH_UNIT()NAMED_UNIT(*)SI_UNIT(.MILLI.,.METRE.));
#7300=(NAMED_UNIT(*)PLANE_ANGLE_UNIT()SI_UNIT($,.RADIAN.));
#7303=(NAMED_UNIT(*)SI_UNIT($,.STERADIAN.)SOLID_ANGLE_UNIT());
#7305=(GEOMETRIC_REPRESENTATION_CONTEXT(3)GLOBAL_UNCERTAINTY_ASSIGNED_CONTEXT((
#7304))GLOBAL_UNIT_ASSIGNED_CONTEXT((#7299,#7302,#7303))REPRESENTATION_CONTEXT(
'ID5','3'));
#7309=AXIS2_PLACEMENT_3D('',#7306,#7307,#7308);
#7310=ADVANCED_BREP_SHAPE_REPRESENTATION('',(#7309,#6923,#7292),#7305);
#7315=PRODUCT_DEFINITION('part definition','',#7314,#7311);
#7316=PRODUCT_DEFINITION_SHAPE('','SHAPE FOR LAYER1.',#7315);
#7317=SHAPE_ASPECT('','solid data associated with LAYER1',#7316,.F.);
#7318=PROPERTY_DEFINITION('',
'shape for solid data with which properties are associated',#7317);
#7319=SHAPE_REPRESENTATION('',(#7292),#7305);
#7320=SHAPE_DEFINITION_REPRESENTATION(#7318,#7319);
#7321=(LENGTH_UNIT()NAMED_UNIT(*)SI_UNIT(.MILLI.,.METRE.));
#7325=PROPERTY_DEFINITION('geometric validation property','area of LAYER1',
#7317);
#7326=REPRESENTATION('surface area',(#7324),#7305);
#7327=PROPERTY_DEFINITION_REPRESENTATION(#7325,#7326);
#7328=(LENGTH_UNIT()NAMED_UNIT(*)SI_UNIT(.MILLI.,.METRE.));
#7332=PROPERTY_DEFINITION('geometric validation property','volume of LAYER1',
#7317);
#7333=REPRESENTATION('volume',(#7331),#7305);
#7334=PROPERTY_DEFINITION_REPRESENTATION(#7332,#7333);
#7336=PROPERTY_DEFINITION('geometric validation property','centroid of LAYER1',
#7317);
#7337=REPRESENTATION('centroid',(#7335),#7305);
#7338=PROPERTY_DEFINITION_REPRESENTATION(#7336,#7337);
#7339=(LENGTH_UNIT()NAMED_UNIT(*)SI_UNIT(.MILLI.,.METRE.));
#7343=PROPERTY_DEFINITION('geometric validation property','area of LAYER1',
#7316);
#7344=REPRESENTATION('surface area',(#7342),#7305);
#7345=PROPERTY_DEFINITION_REPRESENTATION(#7343,#7344);
#7346=(LENGTH_UNIT()NAMED_UNIT(*)SI_UNIT(.MILLI.,.METRE.));
#7350=PROPERTY_DEFINITION('geometric validation property','volume of LAYER1',
#7316);
#7351=REPRESENTATION('volume',(#7349),#7305);
#7352=PROPERTY_DEFINITION_REPRESENTATION(#7350,#7351);
#7354=PROPERTY_DEFINITION('geometric validation property','centroid of LAYER1',
#7316);
#7355=REPRESENTATION('centroid',(#7353),#7305);
#7356=PROPERTY_DEFINITION_REPRESENTATION(#7354,#7355);
#7357=SHAPE_DEFINITION_REPRESENTATION(#7316,#7310);
#7365=PLANAR_BOX('',2.621155893790E0,2.211600285386E0,#7364);
#7372=CAMERA_USAGE(#7371,#7358);
#7377=PLANAR_BOX('',1.E3,8.4375E2,#7376);
#7397=PRESENTATION_AREA('',(#7396,#7401),#2007);
#7407=NEXT_ASSEMBLY_USAGE_OCCURRENCE('4','Next assembly relationship','LAYER1',
#10432,#7315,$);
#7408=PRODUCT_DEFINITION_SHAPE('Placement #4',
'Placement of LAYER1 with respect to SIL0010D_ASM',#7407);
#7410=PROPERTY_DEFINITION('geometric validation property','centroid of LAYER1',
#7408);
#7411=REPRESENTATION('centroid',(#7409),#7305);
#7412=PROPERTY_DEFINITION_REPRESENTATION(#7410,#7411);
#7453=CIRCLE('',#7452,5.E-2);
#7468=CIRCLE('',#7467,5.E-2);
#7483=CIRCLE('',#7482,5.E-2);
#7498=CIRCLE('',#7497,5.E-2);
#7513=CIRCLE('',#7512,5.E-2);
#7535=CIRCLE('',#7534,5.E-2);
#7543=CIRCLE('',#7542,5.E-2);
#7558=CIRCLE('',#7557,5.E-2);
#7573=CIRCLE('',#7572,5.E-2);
#7588=CIRCLE('',#7587,5.E-2);
#7631=CIRCLE('',#7630,5.E-2);
#7674=CIRCLE('',#7673,5.E-2);
#7759=EDGE_CURVE('',#7753,#7740,#7431,.T.);
#7761=EDGE_CURVE('',#7753,#7737,#7424,.T.);
#7763=EDGE_CURVE('',#7737,#7724,#7475,.T.);
#7765=EDGE_CURVE('',#7740,#7724,#7460,.T.);
#7769=ADVANCED_FACE('',(#7768),#7758,.T.);
#7776=EDGE_CURVE('',#7740,#7709,#7438,.T.);
#7778=EDGE_CURVE('',#7712,#7709,#7595,.T.);
#7780=EDGE_CURVE('',#7753,#7712,#7445,.T.);
#7784=ADVANCED_FACE('',(#7783),#7774,.T.);
#7790=EDGE_CURVE('',#7740,#7741,#7453,.T.);
#7792=EDGE_CURVE('',#7741,#7708,#7602,.T.);
#7794=EDGE_CURVE('',#7708,#7709,#7543,.T.);
#7799=ADVANCED_FACE('',(#7798),#7789,.T.);
#7831=EDGE_CURVE('',#7724,#7725,#7468,.T.);
#7833=EDGE_CURVE('',#7741,#7725,#7609,.T.);
#7837=ADVANCED_FACE('',(#7836),#7828,.T.);
#7845=EDGE_CURVE('',#7735,#7737,#7483,.T.);
#7847=EDGE_CURVE('',#7733,#7735,#7490,.T.);
#7849=EDGE_CURVE('',#7731,#7733,#7498,.T.);
#7851=EDGE_CURVE('',#7729,#7731,#7505,.T.);
#7853=EDGE_CURVE('',#7727,#7729,#7513,.T.);
#7855=EDGE_CURVE('',#7725,#7727,#7520,.T.);
#7859=ADVANCED_FACE('',(#7858),#7842,.T.);
#7889=EDGE_CURVE('',#7751,#7753,#7535,.T.);
#7891=EDGE_CURVE('',#7751,#7735,#7527,.T.);
#7897=ADVANCED_FACE('',(#7896),#7888,.T.);
#7905=EDGE_CURVE('',#7712,#7713,#7588,.T.);
#7907=EDGE_CURVE('',#7751,#7713,#7688,.T.);
#7911=ADVANCED_FACE('',(#7910),#7902,.T.);
#7918=EDGE_CURVE('',#7708,#7721,#7550,.T.);
#7920=EDGE_CURVE('',#7720,#7721,#7558,.T.);
#7922=EDGE_CURVE('',#7720,#7717,#7565,.T.);
#7924=EDGE_CURVE('',#7716,#7717,#7573,.T.);
#7926=EDGE_CURVE('',#7716,#7713,#7580,.T.);
#7932=ADVANCED_FACE('',(#7931),#7916,.F.);
#7941=EDGE_CURVE('',#7744,#7727,#7623,.T.);
#7943=EDGE_CURVE('',#7744,#7721,#7616,.T.);
#7948=ADVANCED_FACE('',(#7947),#7937,.T.);
#7978=EDGE_CURVE('',#7744,#7745,#7631,.T.);
#7982=EDGE_CURVE('',#7745,#7729,#7659,.T.);
#7986=ADVANCED_FACE('',(#7985),#7977,.T.);
#7993=EDGE_CURVE('',#7745,#7720,#7652,.T.);
#7999=ADVANCED_FACE('',(#7998),#7991,.T.);
#8005=EDGE_CURVE('',#7745,#7747,#7638,.T.);
#8007=EDGE_CURVE('',#7747,#7717,#7645,.T.);
#8013=ADVANCED_FACE('',(#8012),#8004,.T.);
#8022=EDGE_CURVE('',#7747,#7731,#7666,.T.);
#8026=ADVANCED_FACE('',(#8025),#8018,.T.);
#8056=EDGE_CURVE('',#7747,#7749,#7674,.T.);
#8060=EDGE_CURVE('',#7749,#7733,#7702,.T.);
#8064=ADVANCED_FACE('',(#8063),#8055,.T.);
#8071=EDGE_CURVE('',#7749,#7716,#7695,.T.);
#8077=ADVANCED_FACE('',(#8076),#8069,.T.);
#8083=EDGE_CURVE('',#7749,#7751,#7681,.T.);
#8090=ADVANCED_FACE('',(#8089),#8082,.T.);
#8102=ADVANCED_FACE('',(#8101),#8095,.T.);
#8144=CIRCLE('',#8143,5.E-2);
#8159=CIRCLE('',#8158,5.E-2);
#8174=CIRCLE('',#8173,5.E-2);
#8189=CIRCLE('',#8188,5.E-2);
#8204=CIRCLE('',#8203,5.E-2);
#8226=CIRCLE('',#8225,5.E-2);
#8234=CIRCLE('',#8233,5.E-2);
#8249=CIRCLE('',#8248,5.E-2);
#8264=CIRCLE('',#8263,5.E-2);
#8279=CIRCLE('',#8278,5.E-2);
#8329=CIRCLE('',#8328,5.E-2);
#8365=CIRCLE('',#8364,5.E-2);
#8450=EDGE_CURVE('',#8444,#8431,#8122,.T.);
#8452=EDGE_CURVE('',#8444,#8428,#8115,.T.);
#8454=EDGE_CURVE('',#8428,#8415,#8166,.T.);
#8456=EDGE_CURVE('',#8431,#8415,#8151,.T.);
#8460=ADVANCED_FACE('',(#8459),#8449,.T.);
#8467=EDGE_CURVE('',#8400,#8431,#8129,.T.);
#8469=EDGE_CURVE('',#8400,#8411,#8286,.T.);
#8471=EDGE_CURVE('',#8411,#8444,#8136,.T.);
#8475=ADVANCED_FACE('',(#8474),#8465,.F.);
#8481=EDGE_CURVE('',#8431,#8432,#8144,.T.);
#8483=EDGE_CURVE('',#8399,#8432,#8307,.T.);
#8485=EDGE_CURVE('',#8399,#8400,#8234,.T.);
#8490=ADVANCED_FACE('',(#8489),#8480,.T.);
#8522=EDGE_CURVE('',#8415,#8416,#8159,.T.);
#8524=EDGE_CURVE('',#8432,#8416,#8314,.T.);
#8528=ADVANCED_FACE('',(#8527),#8519,.T.);
#8536=EDGE_CURVE('',#8426,#8428,#8174,.T.);
#8538=EDGE_CURVE('',#8424,#8426,#8181,.T.);
#8540=EDGE_CURVE('',#8422,#8424,#8189,.T.);
#8542=EDGE_CURVE('',#8420,#8422,#8196,.T.);
#8544=EDGE_CURVE('',#8418,#8420,#8204,.T.);
#8546=EDGE_CURVE('',#8416,#8418,#8211,.T.);
#8550=ADVANCED_FACE('',(#8549),#8533,.T.);
#8580=EDGE_CURVE('',#8442,#8444,#8226,.T.);
#8582=EDGE_CURVE('',#8442,#8426,#8218,.T.);
#8588=ADVANCED_FACE('',(#8587),#8579,.T.);
#8596=EDGE_CURVE('',#8411,#8412,#8279,.T.);
#8598=EDGE_CURVE('',#8412,#8442,#8379,.T.);
#8602=ADVANCED_FACE('',(#8601),#8593,.T.);
#8609=EDGE_CURVE('',#8404,#8399,#8241,.T.);
#8611=EDGE_CURVE('',#8403,#8404,#8249,.T.);
#8613=EDGE_CURVE('',#8408,#8403,#8256,.T.);
#8615=EDGE_CURVE('',#8407,#8408,#8264,.T.);
#8617=EDGE_CURVE('',#8412,#8407,#8271,.T.);
#8623=ADVANCED_FACE('',(#8622),#8607,.T.);
#8629=EDGE_CURVE('',#8432,#8434,#8293,.T.);
#8631=EDGE_CURVE('',#8404,#8434,#8300,.T.);
#8637=ADVANCED_FACE('',(#8636),#8628,.F.);
#8646=EDGE_CURVE('',#8434,#8418,#8321,.T.);
#8650=ADVANCED_FACE('',(#8649),#8642,.T.);
#8680=EDGE_CURVE('',#8434,#8436,#8329,.T.);
#8684=EDGE_CURVE('',#8436,#8420,#8343,.T.);
#8688=ADVANCED_FACE('',(#8687),#8679,.T.);
#8695=EDGE_CURVE('',#8403,#8436,#8336,.T.);
#8701=ADVANCED_FACE('',(#8700),#8693,.T.);
#8710=EDGE_CURVE('',#8439,#8422,#8357,.T.);
#8712=EDGE_CURVE('',#8408,#8439,#8350,.T.);
#8717=ADVANCED_FACE('',(#8716),#8706,.F.);
#8747=EDGE_CURVE('',#8439,#8440,#8365,.T.);
#8751=EDGE_CURVE('',#8440,#8424,#8393,.T.);
#8755=ADVANCED_FACE('',(#8754),#8746,.T.);
#8762=EDGE_CURVE('',#8407,#8440,#8386,.T.);
#8768=ADVANCED_FACE('',(#8767),#8760,.T.);
#8774=EDGE_CURVE('',#8440,#8442,#8372,.T.);
#8781=ADVANCED_FACE('',(#8780),#8773,.F.);
#8793=ADVANCED_FACE('',(#8792),#8786,.T.);
#8802=(LENGTH_UNIT()NAMED_UNIT(*)SI_UNIT(.MILLI.,.METRE.));
#8803=(NAMED_UNIT(*)PLANE_ANGLE_UNIT()SI_UNIT($,.RADIAN.));
#8806=(NAMED_UNIT(*)SI_UNIT($,.STERADIAN.)SOLID_ANGLE_UNIT());
#8808=(GEOMETRIC_REPRESENTATION_CONTEXT(3)GLOBAL_UNCERTAINTY_ASSIGNED_CONTEXT((
#8807))GLOBAL_UNIT_ASSIGNED_CONTEXT((#8802,#8805,#8806))REPRESENTATION_CONTEXT(
'ID6','3'));
#8812=AXIS2_PLACEMENT_3D('',#8809,#8810,#8811);
#8813=ADVANCED_BREP_SHAPE_REPRESENTATION('',(#8812,#8104,#8795),#8808);
#8817=PRODUCT_DEFINITION('part definition','',#8816,#7311);
#8818=PRODUCT_DEFINITION_SHAPE('','SHAPE FOR SOLDER-INDUCTOR.',#8817);
#8819=SHAPE_ASPECT('','solid data associated with SOLDER-INDUCTOR',#8818,.F.);
#8820=PROPERTY_DEFINITION('',
'shape for solid data with which properties are associated',#8819);
#8821=SHAPE_REPRESENTATION('',(#8795),#8808);
#8822=SHAPE_DEFINITION_REPRESENTATION(#8820,#8821);
#8823=(LENGTH_UNIT()NAMED_UNIT(*)SI_UNIT(.MILLI.,.METRE.));
#8827=PROPERTY_DEFINITION('geometric validation property',
'area of SOLDER-INDUCTOR',#8819);
#8828=REPRESENTATION('surface area',(#8826),#8808);
#8829=PROPERTY_DEFINITION_REPRESENTATION(#8827,#8828);
#8830=(LENGTH_UNIT()NAMED_UNIT(*)SI_UNIT(.MILLI.,.METRE.));
#8834=PROPERTY_DEFINITION('geometric validation property',
'volume of SOLDER-INDUCTOR',#8819);
#8835=REPRESENTATION('volume',(#8833),#8808);
#8836=PROPERTY_DEFINITION_REPRESENTATION(#8834,#8835);
#8838=PROPERTY_DEFINITION('geometric validation property',
'centroid of SOLDER-INDUCTOR',#8819);
#8839=REPRESENTATION('centroid',(#8837),#8808);
#8840=PROPERTY_DEFINITION_REPRESENTATION(#8838,#8839);
#8841=(LENGTH_UNIT()NAMED_UNIT(*)SI_UNIT(.MILLI.,.METRE.));
#8845=PROPERTY_DEFINITION('geometric validation property',
'area of SOLDER-INDUCTOR',#8818);
#8846=REPRESENTATION('surface area',(#8844),#8808);
#8847=PROPERTY_DEFINITION_REPRESENTATION(#8845,#8846);
#8848=(LENGTH_UNIT()NAMED_UNIT(*)SI_UNIT(.MILLI.,.METRE.));
#8852=PROPERTY_DEFINITION('geometric validation property',
'volume of SOLDER-INDUCTOR',#8818);
#8853=REPRESENTATION('volume',(#8851),#8808);
#8854=PROPERTY_DEFINITION_REPRESENTATION(#8852,#8853);
#8856=PROPERTY_DEFINITION('geometric validation property',
'centroid of SOLDER-INDUCTOR',#8818);
#8857=REPRESENTATION('centroid',(#8855),#8808);
#8858=PROPERTY_DEFINITION_REPRESENTATION(#8856,#8857);
#8859=SHAPE_DEFINITION_REPRESENTATION(#8818,#8813);
#8867=PLANAR_BOX('',2.574901160409E0,2.172572854095E0,#8866);
#8874=CAMERA_USAGE(#8873,#8860);
#8879=PLANAR_BOX('',1.E3,8.4375E2,#8878);
#8899=PRESENTATION_AREA('',(#8898,#8903),#2007);
#8909=NEXT_ASSEMBLY_USAGE_OCCURRENCE('5','Next assembly relationship',
'SOLDER-INDUCTOR',#10432,#8817,$);
#8910=PRODUCT_DEFINITION_SHAPE('Placement #5',
'Placement of SOLDER-INDUCTOR with respect to SIL0010D_ASM',#8909);
#8912=PROPERTY_DEFINITION('geometric validation property',
'centroid of SOLDER-INDUCTOR',#8910);
#8913=REPRESENTATION('centroid',(#8911),#8808);
#8914=PROPERTY_DEFINITION_REPRESENTATION(#8912,#8913);
#8922=COLOUR_RGB('',2.7451E-1,2.7451E-1,2.7451E-1);
#8956=CIRCLE('',#8955,5.E-2);
#8964=CIRCLE('',#8963,5.E-2);
#8972=CIRCLE('',#8971,5.E-2);
#8987=CIRCLE('',#8986,5.E-2);
#8995=CIRCLE('',#8994,5.E-2);
#9003=CIRCLE('',#9002,5.E-2);
#9011=CIRCLE('',#9010,5.E-2);
#9019=CIRCLE('',#9018,5.E-2);
#9137=EDGE_CURVE('',#9115,#9110,#8927,.T.);
#9139=EDGE_CURVE('',#9115,#9126,#8934,.T.);
#9141=EDGE_CURVE('',#9131,#9126,#8941,.T.);
#9143=EDGE_CURVE('',#9131,#9110,#8948,.T.);
#9147=ADVANCED_FACE('',(#9146),#9136,.F.);
#9153=EDGE_CURVE('',#9110,#9111,#8964,.T.);
#9155=EDGE_CURVE('',#9113,#9111,#9089,.T.);
#9157=EDGE_CURVE('',#9113,#9115,#9019,.T.);
#9162=ADVANCED_FACE('',(#9161),#9152,.T.);
#9168=EDGE_CURVE('',#9105,#9107,#8956,.T.);
#9170=EDGE_CURVE('',#9111,#9105,#9096,.T.);
#9174=EDGE_CURVE('',#9129,#9131,#8972,.T.);
#9176=EDGE_CURVE('',#9129,#9119,#8979,.T.);
#9178=EDGE_CURVE('',#9118,#9119,#8987,.T.);
#9180=EDGE_CURVE('',#9118,#9107,#9040,.T.);
#9184=ADVANCED_FACE('',(#9183),#9167,.T.);
#9190=EDGE_CURVE('',#9102,#9103,#8995,.T.);
#9192=EDGE_CURVE('',#9105,#9103,#9082,.T.);
#9195=EDGE_CURVE('',#9107,#9102,#9033,.T.);
#9199=ADVANCED_FACE('',(#9198),#9189,.T.);
#9206=EDGE_CURVE('',#9102,#9123,#9054,.T.);
#9208=EDGE_CURVE('',#9121,#9123,#9003,.T.);
#9210=EDGE_CURVE('',#9127,#9121,#9075,.T.);
#9212=EDGE_CURVE('',#9126,#9127,#9011,.T.);
#9216=EDGE_CURVE('',#9113,#9103,#9026,.T.);
#9220=ADVANCED_FACE('',(#9219),#9204,.T.);
#9228=EDGE_CURVE('',#9123,#9118,#9047,.T.);
#9233=ADVANCED_FACE('',(#9232),#9225,.T.);
#9240=EDGE_CURVE('',#9121,#9119,#9061,.T.);
#9246=ADVANCED_FACE('',(#9245),#9238,.T.);
#9254=EDGE_CURVE('',#9129,#9127,#9068,.T.);
#9259=ADVANCED_FACE('',(#9258),#9251,.T.);
#9271=ADVANCED_FACE('',(#9270),#9264,.T.);
#9283=ADVANCED_FACE('',(#9282),#9276,.T.);
#9292=(LENGTH_UNIT()NAMED_UNIT(*)SI_UNIT(.MILLI.,.METRE.));
#9293=(NAMED_UNIT(*)PLANE_ANGLE_UNIT()SI_UNIT($,.RADIAN.));
#9296=(NAMED_UNIT(*)SI_UNIT($,.STERADIAN.)SOLID_ANGLE_UNIT());
#9298=(GEOMETRIC_REPRESENTATION_CONTEXT(3)GLOBAL_UNCERTAINTY_ASSIGNED_CONTEXT((
#9297))GLOBAL_UNIT_ASSIGNED_CONTEXT((#9292,#9295,#9296))REPRESENTATION_CONTEXT(
'ID7','3'));
#9302=AXIS2_PLACEMENT_3D('',#9299,#9300,#9301);
#9303=ADVANCED_BREP_SHAPE_REPRESENTATION('',(#9302,#9285),#9298);
#9308=PRODUCT_DEFINITION('part definition','',#9307,#9304);
#9309=PRODUCT_DEFINITION_SHAPE('','SHAPE FOR INDUCTOR-BODY.',#9308);
#9310=SHAPE_ASPECT('','solid data associated with INDUCTOR-BODY',#9309,.F.);
#9311=PROPERTY_DEFINITION('',
'shape for solid data with which properties are associated',#9310);
#9312=SHAPE_REPRESENTATION('',(#9285),#9298);
#9313=SHAPE_DEFINITION_REPRESENTATION(#9311,#9312);
#9314=(LENGTH_UNIT()NAMED_UNIT(*)SI_UNIT(.MILLI.,.METRE.));
#9318=PROPERTY_DEFINITION('geometric validation property',
'area of INDUCTOR-BODY',#9310);
#9319=REPRESENTATION('surface area',(#9317),#9298);
#9320=PROPERTY_DEFINITION_REPRESENTATION(#9318,#9319);
#9321=(LENGTH_UNIT()NAMED_UNIT(*)SI_UNIT(.MILLI.,.METRE.));
#9325=PROPERTY_DEFINITION('geometric validation property',
'volume of INDUCTOR-BODY',#9310);
#9326=REPRESENTATION('volume',(#9324),#9298);
#9327=PROPERTY_DEFINITION_REPRESENTATION(#9325,#9326);
#9329=PROPERTY_DEFINITION('geometric validation property',
'centroid of INDUCTOR-BODY',#9310);
#9330=REPRESENTATION('centroid',(#9328),#9298);
#9331=PROPERTY_DEFINITION_REPRESENTATION(#9329,#9330);
#9332=(LENGTH_UNIT()NAMED_UNIT(*)SI_UNIT(.MILLI.,.METRE.));
#9336=PROPERTY_DEFINITION('geometric validation property',
'area of INDUCTOR-BODY',#9309);
#9337=REPRESENTATION('surface area',(#9335),#9298);
#9338=PROPERTY_DEFINITION_REPRESENTATION(#9336,#9337);
#9339=(LENGTH_UNIT()NAMED_UNIT(*)SI_UNIT(.MILLI.,.METRE.));
#9343=PROPERTY_DEFINITION('geometric validation property',
'volume of INDUCTOR-BODY',#9309);
#9344=REPRESENTATION('volume',(#9342),#9298);
#9345=PROPERTY_DEFINITION_REPRESENTATION(#9343,#9344);
#9347=PROPERTY_DEFINITION('geometric validation property',
'centroid of INDUCTOR-BODY',#9309);
#9348=REPRESENTATION('centroid',(#9346),#9298);
#9349=PROPERTY_DEFINITION_REPRESENTATION(#9347,#9348);
#9350=SHAPE_DEFINITION_REPRESENTATION(#9309,#9303);
#9358=PLANAR_BOX('',2.084365113481E0,1.758683064500E0,#9357);
#9365=CAMERA_USAGE(#9364,#9351);
#9370=PLANAR_BOX('',1.E3,8.4375E2,#9369);
#9390=PRESENTATION_AREA('',(#9389,#9394),#2007);
#9400=SHAPE_DEFINITION_REPRESENTATION(#9401,#9402);
#9401=PRODUCT_DEFINITION_SHAPE('',
'SHAPE FOR INDUCTOR_HTEN20121T-R24MDR-11_ASM.',#10383);
#9402=SHAPE_REPRESENTATION('',(#9417,#9412,#10310,#10305,#10327,#10322,#10378),
#10374);
#9403=NEXT_ASSEMBLY_USAGE_OCCURRENCE('6','Next assembly relationship',
'INDUCTOR-BODY',#10383,#9308,$);
#9404=PRODUCT_DEFINITION_SHAPE('Placement #6',
'Placement of INDUCTOR-BODY with respect to INDUCTOR_HTEN20121T-R24MDR-11_ASM',
#9403);
#9406=PROPERTY_DEFINITION('geometric validation property',
'centroid of INDUCTOR-BODY',#9404);
#9407=REPRESENTATION('centroid',(#9405),#9298);
#9408=PROPERTY_DEFINITION_REPRESENTATION(#9406,#9407);
#9417=AXIS2_PLACEMENT_3D('',#9414,#9415,#9416);
#9453=CIRCLE('',#9452,5.E-2);
#9517=CIRCLE('',#9516,5.E-2);
#9581=CIRCLE('',#9580,5.E-2);
#9589=CIRCLE('',#9588,5.E-2);
#9597=CIRCLE('',#9596,5.E-2);
#9605=CIRCLE('',#9604,5.E-2);
#9613=CIRCLE('',#9612,5.E-2);
#9621=CIRCLE('',#9620,5.E-2);
#9629=CIRCLE('',#9628,5.E-2);
#9637=CIRCLE('',#9636,5.E-2);
#9645=CIRCLE('',#9644,5.E-2);
#9653=CIRCLE('',#9652,5.E-2);
#9661=CIRCLE('',#9660,5.E-2);
#9669=CIRCLE('',#9668,5.E-2);
#9677=CIRCLE('',#9676,5.E-2);
#9685=CIRCLE('',#9684,5.E-2);
#9693=CIRCLE('',#9692,5.E-2);
#9701=CIRCLE('',#9700,5.E-2);
#9709=CIRCLE('',#9708,5.E-2);
#9745=CIRCLE('',#9744,5.E-2);
#9753=CIRCLE('',#9752,5.E-2);
#9761=CIRCLE('',#9760,5.E-2);
#9769=CIRCLE('',#9768,5.E-2);
#9777=CIRCLE('',#9776,5.E-2);
#9834=EDGE_CURVE('',#9807,#9808,#9424,.T.);
#9836=EDGE_CURVE('',#9812,#9807,#9431,.T.);
#9838=EDGE_CURVE('',#9818,#9812,#9438,.T.);
#9840=EDGE_CURVE('',#9808,#9818,#9445,.T.);
#9844=ADVANCED_FACE('',(#9843),#9833,.F.);
#9850=EDGE_CURVE('',#9803,#9804,#9474,.T.);
#9852=EDGE_CURVE('',#9807,#9803,#9453,.T.);
#9855=EDGE_CURVE('',#9808,#9804,#9629,.T.);
#9859=ADVANCED_FACE('',(#9858),#9849,.T.);
#9865=EDGE_CURVE('',#9800,#9796,#9460,.T.);
#9867=EDGE_CURVE('',#9796,#9803,#9467,.T.);
#9870=EDGE_CURVE('',#9800,#9804,#9481,.T.);
#9874=ADVANCED_FACE('',(#9873),#9864,.T.);
#9880=EDGE_CURVE('',#9798,#9792,#9502,.T.);
#9882=EDGE_CURVE('',#9792,#9796,#9777,.T.);
#9885=EDGE_CURVE('',#9800,#9798,#9621,.T.);
#9889=ADVANCED_FACE('',(#9888),#9879,.T.);
#9895=EDGE_CURVE('',#9787,#9788,#9488,.T.);
#9897=EDGE_CURVE('',#9792,#9787,#9495,.T.);
#9900=EDGE_CURVE('',#9788,#9798,#9509,.T.);
#9904=ADVANCED_FACE('',(#9903),#9894,.T.);
#9910=EDGE_CURVE('',#9783,#9784,#9524,.T.);
#9912=EDGE_CURVE('',#9787,#9783,#9517,.T.);
#9915=EDGE_CURVE('',#9788,#9784,#9581,.T.);
#9919=ADVANCED_FACE('',(#9918),#9909,.T.);
#9926=EDGE_CURVE('',#9784,#9820,#9531,.T.);
#9928=EDGE_CURVE('',#9820,#9816,#9538,.T.);
#9930=EDGE_CURVE('',#9783,#9816,#9545,.T.);
#9934=ADVANCED_FACE('',(#9933),#9924,.T.);
#9940=EDGE_CURVE('',#9823,#9828,#9573,.T.);
#9942=EDGE_CURVE('',#9828,#9820,#9661,.T.);
#9945=EDGE_CURVE('',#9784,#9823,#9597,.T.);
#9949=ADVANCED_FACE('',(#9948),#9939,.T.);
#9955=EDGE_CURVE('',#9823,#9824,#9552,.T.);
#9957=EDGE_CURVE('',#9824,#9827,#9559,.T.);
#9959=EDGE_CURVE('',#9827,#9828,#9566,.T.);
#9964=ADVANCED_FACE('',(#9963),#9954,.T.);
#9971=EDGE_CURVE('',#9823,#9788,#9589,.T.);
#9974=EDGE_CURVE('',#9798,#9824,#9613,.T.);
#9978=ADVANCED_FACE('',(#9977),#9969,.T.);
#9989=ADVANCED_FACE('',(#9988),#9983,.T.);
#9995=EDGE_CURVE('',#9824,#9800,#9605,.T.);
#10001=ADVANCED_FACE('',(#10000),#9994,.T.);
#10008=EDGE_CURVE('',#9804,#9827,#9645,.T.);
#10014=ADVANCED_FACE('',(#10013),#10006,.T.);
#10021=EDGE_CURVE('',#9827,#9808,#9637,.T.);
#10026=ADVANCED_FACE('',(#10025),#10019,.T.);
#10035=EDGE_CURVE('',#9818,#9828,#9669,.T.);
#10039=ADVANCED_FACE('',(#10038),#10031,.T.);
#10045=EDGE_CURVE('',#9820,#9818,#9653,.T.);
#10051=ADVANCED_FACE('',(#10050),#10044,.T.);
#10058=EDGE_CURVE('',#9812,#9816,#9677,.T.);
#10064=ADVANCED_FACE('',(#10063),#10056,.T.);
#10070=EDGE_CURVE('',#9816,#9814,#9693,.T.);
#10073=EDGE_CURVE('',#9812,#9814,#9745,.T.);
#10077=ADVANCED_FACE('',(#10076),#10069,.T.);
#10083=EDGE_CURVE('',#9790,#9783,#9685,.T.);
#10087=EDGE_CURVE('',#9790,#9814,#9723,.T.);
#10091=ADVANCED_FACE('',(#10090),#10082,.T.);
#10098=EDGE_CURVE('',#9787,#9790,#9701,.T.);
#10103=ADVANCED_FACE('',(#10102),#10096,.T.);
#10111=EDGE_CURVE('',#9794,#9790,#9716,.T.);
#10113=EDGE_CURVE('',#9792,#9794,#9709,.T.);
#10117=ADVANCED_FACE('',(#10116),#10108,.T.);
#10125=EDGE_CURVE('',#9814,#9810,#9730,.T.);
#10127=EDGE_CURVE('',#9794,#9810,#9737,.T.);
#10131=ADVANCED_FACE('',(#10130),#10122,.T.);
#10138=EDGE_CURVE('',#9807,#9810,#9753,.T.);
#10144=ADVANCED_FACE('',(#10143),#10136,.T.);
#10150=EDGE_CURVE('',#9810,#9803,#9769,.T.);
#10156=ADVANCED_FACE('',(#10155),#10149,.T.);
#10162=EDGE_CURVE('',#9796,#9794,#9761,.T.);
#10169=ADVANCED_FACE('',(#10168),#10161,.T.);
#10180=ADVANCED_FACE('',(#10179),#10174,.T.);
#10189=(LENGTH_UNIT()NAMED_UNIT(*)SI_UNIT(.MILLI.,.METRE.));
#10190=(NAMED_UNIT(*)PLANE_ANGLE_UNIT()SI_UNIT($,.RADIAN.));
#10193=(NAMED_UNIT(*)SI_UNIT($,.STERADIAN.)SOLID_ANGLE_UNIT());
#10195=(GEOMETRIC_REPRESENTATION_CONTEXT(3)GLOBAL_UNCERTAINTY_ASSIGNED_CONTEXT((
#10194))GLOBAL_UNIT_ASSIGNED_CONTEXT((#10189,#10192,#10193))REPRESENTATION_CONTEXT('ID8','3'));
#10199=AXIS2_PLACEMENT_3D('',#10196,#10197,#10198);
#10200=ADVANCED_BREP_SHAPE_REPRESENTATION('',(#10199,#10182),#10195);
#10204=PRODUCT_DEFINITION('part definition','',#10203,#9304);
#10205=PRODUCT_DEFINITION_SHAPE('','SHAPE FOR INDUCTOR-TERMNL.',#10204);
#10206=SHAPE_ASPECT('','solid data associated with INDUCTOR-TERMNL',#10205,.F.);
#10207=PROPERTY_DEFINITION('',
'shape for solid data with which properties are associated',#10206);
#10208=SHAPE_REPRESENTATION('',(#10182),#10195);
#10209=SHAPE_DEFINITION_REPRESENTATION(#10207,#10208);
#10210=(LENGTH_UNIT()NAMED_UNIT(*)SI_UNIT(.MILLI.,.METRE.));
#10214=PROPERTY_DEFINITION('geometric validation property',
'area of INDUCTOR-TERMNL',#10206);
#10215=REPRESENTATION('surface area',(#10213),#10195);
#10216=PROPERTY_DEFINITION_REPRESENTATION(#10214,#10215);
#10217=(LENGTH_UNIT()NAMED_UNIT(*)SI_UNIT(.MILLI.,.METRE.));
#10221=PROPERTY_DEFINITION('geometric validation property',
'volume of INDUCTOR-TERMNL',#10206);
#10222=REPRESENTATION('volume',(#10220),#10195);
#10223=PROPERTY_DEFINITION_REPRESENTATION(#10221,#10222);
#10225=PROPERTY_DEFINITION('geometric validation property',
'centroid of INDUCTOR-TERMNL',#10206);
#10226=REPRESENTATION('centroid',(#10224),#10195);
#10227=PROPERTY_DEFINITION_REPRESENTATION(#10225,#10226);
#10228=(LENGTH_UNIT()NAMED_UNIT(*)SI_UNIT(.MILLI.,.METRE.));
#10232=PROPERTY_DEFINITION('geometric validation property',
'area of INDUCTOR-TERMNL',#10205);
#10233=REPRESENTATION('surface area',(#10231),#10195);
#10234=PROPERTY_DEFINITION_REPRESENTATION(#10232,#10233);
#10235=(LENGTH_UNIT()NAMED_UNIT(*)SI_UNIT(.MILLI.,.METRE.));
#10239=PROPERTY_DEFINITION('geometric validation property',
'volume of INDUCTOR-TERMNL',#10205);
#10240=REPRESENTATION('volume',(#10238),#10195);
#10241=PROPERTY_DEFINITION_REPRESENTATION(#10239,#10240);
#10243=PROPERTY_DEFINITION('geometric validation property',
'centroid of INDUCTOR-TERMNL',#10205);
#10244=REPRESENTATION('centroid',(#10242),#10195);
#10245=PROPERTY_DEFINITION_REPRESENTATION(#10243,#10244);
#10246=SHAPE_DEFINITION_REPRESENTATION(#10205,#10200);
#10254=PLANAR_BOX('',2.295995788572E0,1.937246446608E0,#10253);
#10261=CAMERA_USAGE(#10260,#10247);
#10266=PLANAR_BOX('',1.E3,8.4375E2,#10265);
#10286=PRESENTATION_AREA('',(#10285,#10290),#2007);
#10296=NEXT_ASSEMBLY_USAGE_OCCURRENCE('7','Next assembly relationship',
'INDUCTOR-TERMNL',#10383,#10204,$);
#10297=PRODUCT_DEFINITION_SHAPE('Placement #7',
'Placement of INDUCTOR-TERMNL with respect to INDUCTOR_HTEN20121T-R24MDR-11_ASM'
,#10296);
#10299=PROPERTY_DEFINITION('geometric validation property',
'centroid of INDUCTOR-TERMNL',#10297);
#10300=REPRESENTATION('centroid',(#10298),#10195);
#10301=PROPERTY_DEFINITION_REPRESENTATION(#10299,#10300);
#10310=AXIS2_PLACEMENT_3D('',#10307,#10308,#10309);
#10313=NEXT_ASSEMBLY_USAGE_OCCURRENCE('8','Next assembly relationship',
'INDUCTOR-TERMNL',#10383,#10204,$);
#10314=PRODUCT_DEFINITION_SHAPE('Placement #8',
'Placement of INDUCTOR-TERMNL with respect to INDUCTOR_HTEN20121T-R24MDR-11_ASM'
,#10313);
#10316=PROPERTY_DEFINITION('geometric validation property',
'centroid of INDUCTOR-TERMNL',#10314);
#10317=REPRESENTATION('centroid',(#10315),#10195);
#10318=PROPERTY_DEFINITION_REPRESENTATION(#10316,#10317);
#10327=AXIS2_PLACEMENT_3D('',#10324,#10325,#10326);
#10337=PLANAR_BOX('',3.062625314320E0,2.584090108957E0,#10336);
#10344=CAMERA_USAGE(#10343,#10330);
#10349=PLANAR_BOX('',1.E3,8.4375E2,#10348);
#10360=PRESENTATION_AREA('',(#10359,#10364),#2007);
#10368=(LENGTH_UNIT()NAMED_UNIT(*)SI_UNIT(.MILLI.,.METRE.));
#10369=(NAMED_UNIT(*)PLANE_ANGLE_UNIT()SI_UNIT($,.RADIAN.));
#10372=(NAMED_UNIT(*)SI_UNIT($,.STERADIAN.)SOLID_ANGLE_UNIT());
#10374=(GEOMETRIC_REPRESENTATION_CONTEXT(3)GLOBAL_UNCERTAINTY_ASSIGNED_CONTEXT((
#10373))GLOBAL_UNIT_ASSIGNED_CONTEXT((#10368,#10371,#10372))REPRESENTATION_CONTEXT('ID9','3'));
#10378=AXIS2_PLACEMENT_3D('',#10375,#10376,#10377);
#10383=PRODUCT_DEFINITION('part definition','',#10382,#10379);
#10384=(LENGTH_UNIT()NAMED_UNIT(*)SI_UNIT(.MILLI.,.METRE.));
#10388=PROPERTY_DEFINITION('geometric validation property',
'area of INDUCTOR_HTEN20121T-R24MDR-11_ASM',#9401);
#10389=REPRESENTATION('surface area',(#10387),#10374);
#10390=PROPERTY_DEFINITION_REPRESENTATION(#10388,#10389);
#10391=(LENGTH_UNIT()NAMED_UNIT(*)SI_UNIT(.MILLI.,.METRE.));
#10395=PROPERTY_DEFINITION('geometric validation property',
'volume of INDUCTOR_HTEN20121T-R24MDR-11_ASM',#9401);
#10396=REPRESENTATION('volume',(#10394),#10374);
#10397=PROPERTY_DEFINITION_REPRESENTATION(#10395,#10396);
#10399=PROPERTY_DEFINITION('geometric validation property',
'centroid of INDUCTOR_HTEN20121T-R24MDR-11_ASM',#9401);
#10400=REPRESENTATION('centroid',(#10398),#10374);
#10401=PROPERTY_DEFINITION_REPRESENTATION(#10399,#10400);
#10404=NEXT_ASSEMBLY_USAGE_OCCURRENCE('9','Next assembly relationship',
'INDUCTOR_HTEN20121T-R24MDR-11',#10432,#10383,$);
#10405=PRODUCT_DEFINITION_SHAPE('Placement #9',
'Placement of INDUCTOR_HTEN20121T-R24MDR-11_ASM with respect to SIL0010D_ASM',
#10404);
#10407=PROPERTY_DEFINITION('geometric validation property',
'centroid of INDUCTOR_HTEN20121T-R24MDR-11',#10405);
#10408=REPRESENTATION('centroid',(#10406),#10374);
#10409=PROPERTY_DEFINITION_REPRESENTATION(#10407,#10408);
#10417=(LENGTH_UNIT()NAMED_UNIT(*)SI_UNIT(.MILLI.,.METRE.));
#10418=(NAMED_UNIT(*)PLANE_ANGLE_UNIT()SI_UNIT($,.RADIAN.));
#10421=(NAMED_UNIT(*)SI_UNIT($,.STERADIAN.)SOLID_ANGLE_UNIT());
#10423=(GEOMETRIC_REPRESENTATION_CONTEXT(3)GLOBAL_UNCERTAINTY_ASSIGNED_CONTEXT((
#10422))GLOBAL_UNIT_ASSIGNED_CONTEXT((#10417,#10420,#10421))REPRESENTATION_CONTEXT('ID10','3'));
#10427=AXIS2_PLACEMENT_3D('',#10424,#10425,#10426);
#10432=PRODUCT_DEFINITION('part definition','',#10431,#10379);
#10433=(LENGTH_UNIT()NAMED_UNIT(*)SI_UNIT(.MILLI.,.METRE.));
#10437=PROPERTY_DEFINITION('geometric validation property',
'area of SIL0010D_ASM',#2058);
#10438=REPRESENTATION('surface area',(#10436),#10423);
#10439=PROPERTY_DEFINITION_REPRESENTATION(#10437,#10438);
#10440=(LENGTH_UNIT()NAMED_UNIT(*)SI_UNIT(.MILLI.,.METRE.));
#10444=PROPERTY_DEFINITION('geometric validation property',
'volume of SIL0010D_ASM',#2058);
#10445=REPRESENTATION('volume',(#10443),#10423);
#10446=PROPERTY_DEFINITION_REPRESENTATION(#10444,#10445);
#10448=PROPERTY_DEFINITION('geometric validation property',
'centroid of SIL0010D_ASM',#2058);
#10449=REPRESENTATION('centroid',(#10447),#10423);
#10450=PROPERTY_DEFINITION_REPRESENTATION(#10448,#10449);
#10459=PLANAR_BOX('',3.984665238356E0,3.362061294863E0,#10458);
#10466=CAMERA_USAGE(#10465,#10452);
#10471=PLANAR_BOX('',1.E3,8.4375E2,#10470);
#10491=PRESENTATION_AREA('',(#10490,#10495),#2007);
ENDSEC;
END-ISO-10303-21;
