ISO-10303-21;
HEADER;
/* Generated by software containing ST-Developer
 * from STEP Tools, Inc. (www.steptools.com) 
 */
/* OPTION: using custom renumber hook */

FILE_DESCRIPTION(
/* description */ ('STEP AP242 Edition 2',
'CAx-IF Rec.Pracs.---Representation and Presentation of Product Manufa
cturing Information (PMI)---4.0---2014-10-13',
'CAx-IF Rec.Pracs.---3D Tessellated Geometry---0.4---2014-09-14','2;1',
'CAx-IF Rec.Pracs.---User Defined Attributes---1.5---2016-08-15'),
/* implementation_level */ '2;1');

FILE_NAME(
/* name */ '69574ff846e9018557604e56',
/* time_stamp */ '2026-01-02T04:56:24Z',
/* author */ (''),
/* organization */ (''),
/* preprocessor_version */ 'ST-DEVELOPER v20',
/* originating_system */ 'ONSHAPE BY PTC INC, 1.208',
/* authorisation */ '  ');

FILE_SCHEMA (('AP242_MANAGED_MODEL_BASED_3D_ENGINEERING_MIM_LF { 1 0 10303 442 3 1 4 }'));
ENDSEC;

DATA;
#10=OVER_RIDING_STYLED_ITEM('',(#4652),#4491,#4634);
#11=OVER_RIDING_STYLED_ITEM('',(#4653),#4492,#4634);
#12=OVER_RIDING_STYLED_ITEM('',(#4654),#4493,#4634);
#13=OVER_RIDING_STYLED_ITEM('',(#4655),#4494,#4634);
#14=OVER_RIDING_STYLED_ITEM('',(#4656),#4495,#4634);
#15=OVER_RIDING_STYLED_ITEM('',(#4657),#4496,#4634);
#16=OVER_RIDING_STYLED_ITEM('',(#4658),#4497,#4634);
#17=OVER_RIDING_STYLED_ITEM('',(#4659),#4498,#4634);
#18=OVER_RIDING_STYLED_ITEM('',(#4660),#4499,#4634);
#19=OVER_RIDING_STYLED_ITEM('',(#4661),#4500,#4634);
#20=OVER_RIDING_STYLED_ITEM('',(#4662),#4501,#4634);
#21=OVER_RIDING_STYLED_ITEM('',(#4663),#4502,#4634);
#22=OVER_RIDING_STYLED_ITEM('',(#4664),#4503,#4634);
#23=OVER_RIDING_STYLED_ITEM('',(#4665),#4504,#4634);
#24=OVER_RIDING_STYLED_ITEM('',(#4666),#4505,#4634);
#25=OVER_RIDING_STYLED_ITEM('',(#4667),#4506,#4634);
#26=OVER_RIDING_STYLED_ITEM('',(#4668),#4507,#4634);
#27=OVER_RIDING_STYLED_ITEM('',(#4669),#4508,#4634);
#28=OVER_RIDING_STYLED_ITEM('',(#4670),#4509,#4634);
#29=OVER_RIDING_STYLED_ITEM('',(#4671),#4510,#4634);
#30=OVER_RIDING_STYLED_ITEM('',(#4672),#4511,#4634);
#31=OVER_RIDING_STYLED_ITEM('',(#4673),#4512,#4634);
#32=OVER_RIDING_STYLED_ITEM('',(#4674),#4513,#4634);
#33=OVER_RIDING_STYLED_ITEM('',(#4675),#4514,#4634);
#34=OVER_RIDING_STYLED_ITEM('',(#4676),#4515,#4634);
#35=OVER_RIDING_STYLED_ITEM('',(#4677),#4516,#4634);
#36=OVER_RIDING_STYLED_ITEM('',(#4678),#4517,#4634);
#37=OVER_RIDING_STYLED_ITEM('',(#4679),#4518,#4634);
#38=OVER_RIDING_STYLED_ITEM('',(#4680),#4519,#4634);
#39=OVER_RIDING_STYLED_ITEM('',(#4681),#4520,#4634);
#40=OVER_RIDING_STYLED_ITEM('',(#4682),#4521,#4634);
#41=OVER_RIDING_STYLED_ITEM('',(#4683),#4522,#4634);
#42=OVER_RIDING_STYLED_ITEM('',(#4684),#4523,#4634);
#43=DRAUGHTING_PRE_DEFINED_COLOUR('red');
#44=B_SPLINE_SURFACE_WITH_KNOTS('',1,3,((#10387,#10388,#10389,#10390,#10391,
#10392,#10393,#10394,#10395,#10396,#10397,#10398,#10399,#10400,#10401,#10402,
#10403,#10404),(#10405,#10406,#10407,#10408,#10409,#10410,#10411,#10412,
#10413,#10414,#10415,#10416,#10417,#10418,#10419,#10420,#10421,#10422)),
 .RULED_SURF.,.F.,.T.,.F.,(2,2),(2,2,2,2,2,2,2,2,2,2,2),(0.,1.),(-0.0010343298079394,
0.000305536432594974,0.00164540267312936,0.00298526891366373,0.00432513515419811,
0.00566500139473249,0.00700486763526687,0.00834473387580125,0.00968460011633563,
0.01102446635687,0.0123643325974044),.UNSPECIFIED.);
#45=VERTEX_LOOP('',#2578);
#46=VERTEX_LOOP('',#2580);
#47=VERTEX_LOOP('',#2589);
#48=VERTEX_LOOP('',#2601);
#49=VERTEX_LOOP('',#2806);
#50=VERTEX_LOOP('',#2809);
#51=VERTEX_LOOP('',#2812);
#52=VERTEX_LOOP('',#2814);
#53=ELLIPSE('',#5166,0.000707106781186548,0.0005);
#54=ELLIPSE('',#5172,0.000707106781186548,0.0005);
#55=ELLIPSE('',#5487,0.0280000000000006,0.0140000000000003);
#56=ELLIPSE('',#5489,0.0280000000000006,0.0140000000000003);
#57=ELLIPSE('',#5494,0.00100000000000002,0.00050000000000001);
#58=ELLIPSE('',#5495,0.00100000000000002,0.00050000000000001);
#59=ELLIPSE('',#5498,0.00100000000000002,0.00050000000000001);
#60=ELLIPSE('',#5499,0.00100000000000002,0.00050000000000001);
#61=ELLIPSE('',#5533,0.00100000000000002,0.00050000000000001);
#62=ELLIPSE('',#5536,0.00100000000000002,0.00050000000000001);
#63=DEGENERATE_TOROIDAL_SURFACE('',#5126,0.0001,0.00015,.T.);
#64=DEGENERATE_TOROIDAL_SURFACE('',#5130,0.0001,0.00015,.T.);
#65=TOROIDAL_SURFACE('',#5109,0.0015,0.00025);
#66=TOROIDAL_SURFACE('',#5120,0.001875,0.00025);
#67=TOROIDAL_SURFACE('',#5128,0.002275,0.00015);
#68=TOROIDAL_SURFACE('',#5291,0.00285,0.00035);
#69=TOROIDAL_SURFACE('',#5292,0.00285,0.00035);
#70=TOROIDAL_SURFACE('',#5293,0.00395,0.00035);
#71=TOROIDAL_SURFACE('',#5294,0.0069,0.00035);
#72=TOROIDAL_SURFACE('',#5295,0.00395,0.00035);
#73=TOROIDAL_SURFACE('',#5296,0.0069,0.00035);
#74=TOROIDAL_SURFACE('',#5297,0.00765,0.00035);
#75=TOROIDAL_SURFACE('',#5298,0.00765,0.00035);
#76=TOROIDAL_SURFACE('',#5332,0.00285,0.00035);
#77=TOROIDAL_SURFACE('',#5333,0.00285,0.00035);
#78=TOROIDAL_SURFACE('',#5334,0.00395,0.00035);
#79=TOROIDAL_SURFACE('',#5335,0.0069,0.00035);
#80=TOROIDAL_SURFACE('',#5336,0.00395,0.00035);
#81=TOROIDAL_SURFACE('',#5337,0.0069,0.00035);
#82=TOROIDAL_SURFACE('',#5338,0.00765,0.00035);
#83=TOROIDAL_SURFACE('',#5339,0.00765,0.00035);
#84=TOROIDAL_SURFACE('',#5348,0.0045125,0.00025);
#85=TOROIDAL_SURFACE('',#5349,0.0045125,0.00025);
#86=TOROIDAL_SURFACE('',#5564,0.0137000000000003,0.000300000000000006);
#87=TOROIDAL_SURFACE('',#5635,0.0083075,0.0002);
#88=TOROIDAL_SURFACE('',#5636,0.0078075,0.0002);
#89=TOROIDAL_SURFACE('',#5637,0.0078075,0.0002);
#90=SHAPE_REPRESENTATION_RELATIONSHIP('','',#4981,#107);
#91=SHAPE_REPRESENTATION_RELATIONSHIP('','',#4982,#108);
#92=SHAPE_REPRESENTATION_RELATIONSHIP('','',#4983,#109);
#93=SHAPE_REPRESENTATION_RELATIONSHIP('','',#4984,#110);
#94=SHAPE_REPRESENTATION_RELATIONSHIP('','',#4985,#111);
#95=SHAPE_REPRESENTATION_RELATIONSHIP('','',#4986,#112);
#96=SHAPE_REPRESENTATION_RELATIONSHIP('','',#4987,#113);
#97=SHAPE_REPRESENTATION_RELATIONSHIP('','',#4988,#114);
#98=SHAPE_REPRESENTATION_RELATIONSHIP('','',#4989,#115);
#99=SHAPE_REPRESENTATION_RELATIONSHIP('','',#4990,#116);
#100=SHAPE_REPRESENTATION_RELATIONSHIP('','',#4991,#117);
#101=SHAPE_REPRESENTATION_RELATIONSHIP('','',#4992,#118);
#102=SHAPE_REPRESENTATION_RELATIONSHIP('','',#4993,#119);
#103=SHAPE_REPRESENTATION_RELATIONSHIP('','',#4994,#120);
#104=SHAPE_REPRESENTATION_RELATIONSHIP('','',#4995,#121);
#105=SHAPE_REPRESENTATION_RELATIONSHIP('','',#4996,#122);
#106=SHAPE_REPRESENTATION_RELATIONSHIP('','',#4997,#123);
#107=ADVANCED_BREP_SHAPE_REPRESENTATION('',(#4947),#11307);
#108=ADVANCED_BREP_SHAPE_REPRESENTATION('',(#4948),#11308);
#109=ADVANCED_BREP_SHAPE_REPRESENTATION('',(#4949),#11309);
#110=ADVANCED_BREP_SHAPE_REPRESENTATION('',(#4950),#11310);
#111=ADVANCED_BREP_SHAPE_REPRESENTATION('',(#4951),#11311);
#112=ADVANCED_BREP_SHAPE_REPRESENTATION('',(#4952),#11312);
#113=ADVANCED_BREP_SHAPE_REPRESENTATION('',(#4953),#11313);
#114=ADVANCED_BREP_SHAPE_REPRESENTATION('',(#4954),#11314);
#115=ADVANCED_BREP_SHAPE_REPRESENTATION('',(#4955),#11315);
#116=ADVANCED_BREP_SHAPE_REPRESENTATION('',(#4956),#11316);
#117=ADVANCED_BREP_SHAPE_REPRESENTATION('',(#4957),#11317);
#118=ADVANCED_BREP_SHAPE_REPRESENTATION('',(#4958),#11318);
#119=ADVANCED_BREP_SHAPE_REPRESENTATION('',(#4959),#11319);
#120=ADVANCED_BREP_SHAPE_REPRESENTATION('',(#4960),#11320);
#121=ADVANCED_BREP_SHAPE_REPRESENTATION('',(#4961),#11321);
#122=ADVANCED_BREP_SHAPE_REPRESENTATION('',(#4962),#11322);
#123=ADVANCED_BREP_SHAPE_REPRESENTATION('',(#4963),#11323);
#124=LINE('',#9221,#296);
#125=LINE('',#9224,#297);
#126=LINE('',#9226,#298);
#127=LINE('',#9228,#299);
#128=LINE('',#9230,#300);
#129=LINE('',#9232,#301);
#130=LINE('',#9234,#302);
#131=LINE('',#9235,#303);
#132=LINE('',#9237,#304);
#133=LINE('',#9239,#305);
#134=LINE('',#9241,#306);
#135=LINE('',#9243,#307);
#136=LINE('',#9805,#308);
#137=LINE('',#9817,#309);
#138=LINE('',#9837,#310);
#139=LINE('',#9857,#311);
#140=LINE('',#9877,#312);
#141=LINE('',#9897,#313);
#142=LINE('',#9941,#314);
#143=LINE('',#9944,#315);
#144=LINE('',#9946,#316);
#145=LINE('',#9948,#317);
#146=LINE('',#9950,#318);
#147=LINE('',#9952,#319);
#148=LINE('',#9959,#320);
#149=LINE('',#9962,#321);
#150=LINE('',#9964,#322);
#151=LINE('',#9971,#323);
#152=LINE('',#9973,#324);
#153=LINE('',#9975,#325);
#154=LINE('',#9980,#326);
#155=LINE('',#9984,#327);
#156=LINE('',#10006,#328);
#157=LINE('',#10011,#329);
#158=LINE('',#10015,#330);
#159=LINE('',#10020,#331);
#160=LINE('',#10024,#332);
#161=LINE('',#10028,#333);
#162=LINE('',#10139,#334);
#163=LINE('',#10143,#335);
#164=LINE('',#10145,#336);
#165=LINE('',#10148,#337);
#166=LINE('',#10150,#338);
#167=LINE('',#10152,#339);
#168=LINE('',#10154,#340);
#169=LINE('',#10156,#341);
#170=LINE('',#10158,#342);
#171=LINE('',#10163,#343);
#172=LINE('',#10167,#344);
#173=LINE('',#10170,#345);
#174=LINE('',#10171,#346);
#175=LINE('',#10173,#347);
#176=LINE('',#10175,#348);
#177=LINE('',#10177,#349);
#178=LINE('',#10183,#350);
#179=LINE('',#10186,#351);
#180=LINE('',#10187,#352);
#181=LINE('',#10189,#353);
#182=LINE('',#10191,#354);
#183=LINE('',#10193,#355);
#184=LINE('',#10195,#356);
#185=LINE('',#10197,#357);
#186=LINE('',#10199,#358);
#187=LINE('',#10201,#359);
#188=LINE('',#10207,#360);
#189=LINE('',#10218,#361);
#190=LINE('',#10225,#362);
#191=LINE('',#10226,#363);
#192=LINE('',#10228,#364);
#193=LINE('',#10230,#365);
#194=LINE('',#10232,#366);
#195=LINE('',#10234,#367);
#196=LINE('',#10235,#368);
#197=LINE('',#10237,#369);
#198=LINE('',#10250,#370);
#199=LINE('',#10254,#371);
#200=LINE('',#10256,#372);
#201=LINE('',#10258,#373);
#202=LINE('',#10259,#374);
#203=LINE('',#10261,#375);
#204=LINE('',#10283,#376);
#205=LINE('',#10307,#377);
#206=LINE('',#10310,#378);
#207=LINE('',#10311,#379);
#208=LINE('',#10313,#380);
#209=LINE('',#10315,#381);
#210=LINE('',#10317,#382);
#211=LINE('',#10716,#383);
#212=LINE('',#10720,#384);
#213=LINE('',#10777,#385);
#214=LINE('',#10778,#386);
#215=LINE('',#10782,#387);
#216=LINE('',#10783,#388);
#217=LINE('',#10787,#389);
#218=LINE('',#10788,#390);
#219=LINE('',#10793,#391);
#220=LINE('',#10794,#392);
#221=LINE('',#10798,#393);
#222=LINE('',#10799,#394);
#223=LINE('',#10803,#395);
#224=LINE('',#10804,#396);
#225=LINE('',#10822,#397);
#226=LINE('',#10827,#398);
#227=LINE('',#10834,#399);
#228=LINE('',#10835,#400);
#229=LINE('',#10837,#401);
#230=LINE('',#10839,#402);
#231=LINE('',#10859,#403);
#232=LINE('',#10860,#404);
#233=LINE('',#10862,#405);
#234=LINE('',#10863,#406);
#235=LINE('',#10879,#407);
#236=LINE('',#10880,#408);
#237=LINE('',#10882,#409);
#238=LINE('',#10883,#410);
#239=LINE('',#10912,#411);
#240=LINE('',#10915,#412);
#241=LINE('',#10917,#413);
#242=LINE('',#10919,#414);
#243=LINE('',#10921,#415);
#244=LINE('',#10925,#416);
#245=LINE('',#10927,#417);
#246=LINE('',#10930,#418);
#247=LINE('',#10932,#419);
#248=LINE('',#10934,#420);
#249=LINE('',#10938,#421);
#250=LINE('',#10940,#422);
#251=LINE('',#10945,#423);
#252=LINE('',#10949,#424);
#253=LINE('',#10953,#425);
#254=LINE('',#10957,#426);
#255=LINE('',#10965,#427);
#256=LINE('',#10968,#428);
#257=LINE('',#10972,#429);
#258=LINE('',#10976,#430);
#259=LINE('',#10979,#431);
#260=LINE('',#10984,#432);
#261=LINE('',#10988,#433);
#262=LINE('',#10992,#434);
#263=LINE('',#10996,#435);
#264=LINE('',#10997,#436);
#265=LINE('',#11003,#437);
#266=LINE('',#11009,#438);
#267=LINE('',#11018,#439);
#268=LINE('',#11021,#440);
#269=LINE('',#11027,#441);
#270=LINE('',#11029,#442);
#271=LINE('',#11031,#443);
#272=LINE('',#11033,#444);
#273=LINE('',#11035,#445);
#274=LINE('',#11037,#446);
#275=LINE('',#11044,#447);
#276=LINE('',#11046,#448);
#277=LINE('',#11048,#449);
#278=LINE('',#11050,#450);
#279=LINE('',#11052,#451);
#280=LINE('',#11054,#452);
#281=LINE('',#11056,#453);
#282=LINE('',#11058,#454);
#283=LINE('',#11060,#455);
#284=LINE('',#11070,#456);
#285=LINE('',#11076,#457);
#286=LINE('',#11078,#458);
#287=LINE('',#11080,#459);
#288=LINE('',#11084,#460);
#289=LINE('',#11087,#461);
#290=LINE('',#11089,#462);
#291=LINE('',#11091,#463);
#292=LINE('',#11143,#464);
#293=LINE('',#11144,#465);
#294=LINE('',#11146,#466);
#295=LINE('',#11147,#467);
#296=VECTOR('',#5702,1.);
#297=VECTOR('',#5703,1.);
#298=VECTOR('',#5704,1.);
#299=VECTOR('',#5705,1.);
#300=VECTOR('',#5706,1.);
#301=VECTOR('',#5707,1.);
#302=VECTOR('',#5710,1.);
#303=VECTOR('',#5711,1.);
#304=VECTOR('',#5714,1.);
#305=VECTOR('',#5717,1.);
#306=VECTOR('',#5720,1.);
#307=VECTOR('',#5723,1.);
#308=VECTOR('',#5774,1.);
#309=VECTOR('',#5775,1.);
#310=VECTOR('',#5778,1.);
#311=VECTOR('',#5781,1.);
#312=VECTOR('',#5784,1.);
#313=VECTOR('',#5787,1.);
#314=VECTOR('',#5824,1.);
#315=VECTOR('',#5825,1.);
#316=VECTOR('',#5826,1.);
#317=VECTOR('',#5827,1.);
#318=VECTOR('',#5828,1.);
#319=VECTOR('',#5829,1.);
#320=VECTOR('',#5832,1.);
#321=VECTOR('',#5833,1.);
#322=VECTOR('',#5834,1.);
#323=VECTOR('',#5835,1.);
#324=VECTOR('',#5836,1.);
#325=VECTOR('',#5837,1.);
#326=VECTOR('',#5842,1.);
#327=VECTOR('',#5845,1.);
#328=VECTOR('',#5864,1.);
#329=VECTOR('',#5867,1.);
#330=VECTOR('',#5872,1.);
#331=VECTOR('',#5875,1.);
#332=VECTOR('',#5880,1.);
#333=VECTOR('',#5883,1.);
#334=VECTOR('',#5984,1.);
#335=VECTOR('',#5987,1.);
#336=VECTOR('',#5990,1.);
#337=VECTOR('',#5991,1.);
#338=VECTOR('',#5992,1.);
#339=VECTOR('',#5993,1.);
#340=VECTOR('',#5994,1.);
#341=VECTOR('',#5995,1.);
#342=VECTOR('',#5998,1.);
#343=VECTOR('',#6001,1.);
#344=VECTOR('',#6006,1.);
#345=VECTOR('',#6007,1.);
#346=VECTOR('',#6008,1.);
#347=VECTOR('',#6009,1.);
#348=VECTOR('',#6010,1.);
#349=VECTOR('',#6013,1.);
#350=VECTOR('',#6020,1.);
#351=VECTOR('',#6021,1.);
#352=VECTOR('',#6022,1.);
#353=VECTOR('',#6023,1.);
#354=VECTOR('',#6024,1.);
#355=VECTOR('',#6027,1.);
#356=VECTOR('',#6028,1.);
#357=VECTOR('',#6029,1.);
#358=VECTOR('',#6030,1.);
#359=VECTOR('',#6031,1.);
#360=VECTOR('',#6038,1.);
#361=VECTOR('',#6053,1.);
#362=VECTOR('',#6060,1.);
#363=VECTOR('',#6061,1.);
#364=VECTOR('',#6064,1.);
#365=VECTOR('',#6065,1.);
#366=VECTOR('',#6066,1.);
#367=VECTOR('',#6067,1.);
#368=VECTOR('',#6068,1.);
#369=VECTOR('',#6069,1.);
#370=VECTOR('',#6078,1.);
#371=VECTOR('',#6085,1.);
#372=VECTOR('',#6086,1.);
#373=VECTOR('',#6087,1.);
#374=VECTOR('',#6088,1.);
#375=VECTOR('',#6089,1.);
#376=VECTOR('',#6102,1.);
#377=VECTOR('',#6137,1.);
#378=VECTOR('',#6138,1.);
#379=VECTOR('',#6139,1.);
#380=VECTOR('',#6142,1.);
#381=VECTOR('',#6143,1.);
#382=VECTOR('',#6144,1.);
#383=VECTOR('',#6507,1.);
#384=VECTOR('',#6510,1.);
#385=VECTOR('',#6569,1.);
#386=VECTOR('',#6570,1.);
#387=VECTOR('',#6573,1.);
#388=VECTOR('',#6574,1.);
#389=VECTOR('',#6577,1.);
#390=VECTOR('',#6578,1.);
#391=VECTOR('',#6583,1.);
#392=VECTOR('',#6584,1.);
#393=VECTOR('',#6587,1.);
#394=VECTOR('',#6588,1.);
#395=VECTOR('',#6591,1.);
#396=VECTOR('',#6592,1.);
#397=VECTOR('',#6613,1.);
#398=VECTOR('',#6616,1.);
#399=VECTOR('',#6627,1.);
#400=VECTOR('',#6628,1.);
#401=VECTOR('',#6631,1.);
#402=VECTOR('',#6634,1.);
#403=VECTOR('',#6663,1.);
#404=VECTOR('',#6664,1.);
#405=VECTOR('',#6667,1.);
#406=VECTOR('',#6668,1.);
#407=VECTOR('',#6689,1.);
#408=VECTOR('',#6690,1.);
#409=VECTOR('',#6693,1.);
#410=VECTOR('',#6694,1.);
#411=VECTOR('',#6723,1.);
#412=VECTOR('',#6724,1.);
#413=VECTOR('',#6725,1.);
#414=VECTOR('',#6726,1.);
#415=VECTOR('',#6727,1.);
#416=VECTOR('',#6730,1.);
#417=VECTOR('',#6733,1.);
#418=VECTOR('',#6734,1.);
#419=VECTOR('',#6735,1.);
#420=VECTOR('',#6736,1.);
#421=VECTOR('',#6739,1.);
#422=VECTOR('',#6740,1.);
#423=VECTOR('',#6745,1.);
#424=VECTOR('',#6748,1.);
#425=VECTOR('',#6751,1.);
#426=VECTOR('',#6754,1.);
#427=VECTOR('',#6763,1.);
#428=VECTOR('',#6766,1.);
#429=VECTOR('',#6769,1.);
#430=VECTOR('',#6772,1.);
#431=VECTOR('',#6775,1.);
#432=VECTOR('',#6780,1.);
#433=VECTOR('',#6783,1.);
#434=VECTOR('',#6786,1.);
#435=VECTOR('',#6791,1.);
#436=VECTOR('',#6792,1.);
#437=VECTOR('',#6799,1.);
#438=VECTOR('',#6804,1.);
#439=VECTOR('',#6815,1.);
#440=VECTOR('',#6816,1.);
#441=VECTOR('',#6817,1.);
#442=VECTOR('',#6818,1.);
#443=VECTOR('',#6821,1.);
#444=VECTOR('',#6822,1.);
#445=VECTOR('',#6823,1.);
#446=VECTOR('',#6824,1.);
#447=VECTOR('',#6827,1.);
#448=VECTOR('',#6828,1.);
#449=VECTOR('',#6829,1.);
#450=VECTOR('',#6832,1.);
#451=VECTOR('',#6833,1.);
#452=VECTOR('',#6834,1.);
#453=VECTOR('',#6837,1.);
#454=VECTOR('',#6838,1.);
#455=VECTOR('',#6839,1.);
#456=VECTOR('',#6850,1.);
#457=VECTOR('',#6861,1.);
#458=VECTOR('',#6862,1.);
#459=VECTOR('',#6863,1.);
#460=VECTOR('',#6868,1.);
#461=VECTOR('',#6869,1.);
#462=VECTOR('',#6870,1.);
#463=VECTOR('',#6871,1.);
#464=VECTOR('',#6942,1.);
#465=VECTOR('',#6943,1.);
#466=VECTOR('',#6946,1.);
#467=VECTOR('',#6947,1.);
#468=SPHERICAL_SURFACE('',#5009,0.00446197490370826);
#469=SPHERICAL_SURFACE('',#5104,0.00025);
#470=SPHERICAL_SURFACE('',#5116,0.00025);
#471=SPHERICAL_SURFACE('',#5134,0.000908333333333333);
#472=SPHERICAL_SURFACE('',#5140,0.000836076844787325);
#473=SPHERICAL_SURFACE('',#5142,0.000908333333333333);
#474=SPHERICAL_SURFACE('',#5148,0.000836076844787325);
#475=SPHERICAL_SURFACE('',#5203,0.0005);
#476=SPHERICAL_SURFACE('',#5204,0.0005);
#477=SPHERICAL_SURFACE('',#5205,0.0005);
#478=SPHERICAL_SURFACE('',#5212,0.0005);
#479=SPHERICAL_SURFACE('',#5218,0.0005);
#480=(
BOUNDED_SURFACE()
B_SPLINE_SURFACE(1,2,((#7813,#7814,#7815,#7816,#7817,#7818,#7819,#7820,
#7821,#7822,#7823,#7824,#7825,#7826,#7827,#7828,#7829,#7830,#7831,#7832,
#7833,#7834,#7835,#7836,#7837,#7838,#7839,#7840,#7841,#7842,#7843,#7844,
#7845,#7846,#7847,#7848,#7849,#7850,#7851,#7852,#7853,#7854,#7855,#7856,
#7857,#7858,#7859,#7860,#7861,#7862,#7863,#7864,#7865,#7866,#7867,#7868,
#7869,#7870,#7871,#7872,#7873,#7874,#7875,#7876,#7877,#7878,#7879,#7880,
#7881,#7882,#7883,#7884,#7885,#7886,#7887,#7888,#7889,#7890,#7891,#7892,
#7893,#7894,#7895,#7896,#7897,#7898,#7899,#7900,#7901,#7902,#7903,#7904,
#7905,#7906,#7907,#7908,#7909,#7910,#7911,#7912,#7913,#7914,#7915,#7916,
#7917,#7918,#7919,#7920,#7921,#7922,#7923,#7924,#7925,#7926,#7927,#7928,
#7929,#7930,#7931,#7932,#7933,#7934,#7935,#7936,#7937,#7938,#7939,#7940,
#7941,#7942,#7943,#7944,#7945,#7946,#7947,#7948,#7949,#7950,#7951,#7952,
#7953,#7954,#7955,#7956,#7957),(#7958,#7959,#7960,#7961,#7962,#7963,#7964,
#7965,#7966,#7967,#7968,#7969,#7970,#7971,#7972,#7973,#7974,#7975,#7976,
#7977,#7978,#7979,#7980,#7981,#7982,#7983,#7984,#7985,#7986,#7987,#7988,
#7989,#7990,#7991,#7992,#7993,#7994,#7995,#7996,#7997,#7998,#7999,#8000,
#8001,#8002,#8003,#8004,#8005,#8006,#8007,#8008,#8009,#8010,#8011,#8012,
#8013,#8014,#8015,#8016,#8017,#8018,#8019,#8020,#8021,#8022,#8023,#8024,
#8025,#8026,#8027,#8028,#8029,#8030,#8031,#8032,#8033,#8034,#8035,#8036,
#8037,#8038,#8039,#8040,#8041,#8042,#8043,#8044,#8045,#8046,#8047,#8048,
#8049,#8050,#8051,#8052,#8053,#8054,#8055,#8056,#8057,#8058,#8059,#8060,
#8061,#8062,#8063,#8064,#8065,#8066,#8067,#8068,#8069,#8070,#8071,#8072,
#8073,#8074,#8075,#8076,#8077,#8078,#8079,#8080,#8081,#8082,#8083,#8084,
#8085,#8086,#8087,#8088,#8089,#8090,#8091,#8092,#8093,#8094,#8095,#8096,
#8097,#8098,#8099,#8100,#8101,#8102)),.UNSPECIFIED.,.F.,.F.,.F.)
B_SPLINE_SURFACE_WITH_KNOTS((2,2),(3,2,2,2,2,2,2,2,2,2,2,2,2,2,2,2,2,2,
2,2,2,2,2,2,2,2,2,2,2,2,2,2,2,2,2,2,2,2,2,2,2,2,2,2,2,2,2,2,2,2,2,2,2,2,
2,2,2,2,2,2,2,2,2,2,2,2,2,2,2,2,2,2,3),(0.,1.),(0.0407048475001119,0.0512820512820513,
0.0641025641025641,0.0769230769230769,0.0897435897435897,0.102564102564103,
0.115384615384615,0.128205128205128,0.141025641025641,0.153846153846154,
0.166666666666667,0.179487179487179,0.192307692307692,0.205128205128205,
0.217948717948718,0.230769230769231,0.243589743589744,0.256410256410256,
0.269230769230769,0.282051282051282,0.294871794871795,0.307692307692308,
0.320512820512821,0.333333333333333,0.346153846153846,0.358974358974359,
0.371794871794872,0.384615384615385,0.397435897435897,0.41025641025641,
0.423076923076923,0.435897435897436,0.448717948717949,0.461538461538462,
0.474358974358974,0.487179487179487,0.5,0.512820512820513,0.525641025641026,
0.538461538461538,0.551282051282051,0.564102564102564,0.576923076923077,
0.58974358974359,0.602564102564103,0.615384615384615,0.628205128205128,
0.641025641025641,0.653846153846154,0.666666666666667,0.67948717948718,
0.692307692307692,0.705128205128205,0.717948717948718,0.730769230769231,
0.743589743589744,0.756410256410256,0.769230769230769,0.782051282051282,
0.794871794871795,0.807692307692308,0.82051282051282,0.833333333333333,
0.846153846153846,0.858974358974359,0.871794871794872,0.884615384615385,
0.897435897435897,0.91025641025641,0.923076923076923,0.935897435897436,
0.948717948717949,0.951658230082814),.PIECEWISE_BEZIER_KNOTS.)
GEOMETRIC_REPRESENTATION_ITEM()
RATIONAL_B_SPLINE_SURFACE(((0.961318648855609,0.889468024749547,1.,0.866025403784439,
1.,0.866025403784439,1.,0.866025403784439,1.,0.866025403784439,1.,0.866025403784439,
1.,0.866025403784439,1.,0.866025403784439,1.,0.866025403784439,1.,0.866025403784439,
1.,0.866025403784439,1.,0.866025403784439,1.,0.866025403784439,1.,0.866025403784439,
1.,0.866025403784439,1.,0.866025403784439,1.,0.866025403784439,1.,0.866025403784439,
1.,0.866025403784439,1.,0.866025403784439,1.,0.866025403784439,1.,0.866025403784439,
1.,0.866025403784439,1.,0.866025403784439,1.,0.866025403784439,1.,0.866025403784439,
1.,0.866025403784439,1.,0.866025403784439,1.,0.866025403784439,1.,0.866025403784439,
1.,0.866025403784439,1.,0.866025403784439,1.,0.866025403784439,1.,0.866025403784439,
1.,0.866025403784439,1.,0.866025403784439,1.,0.866025403784439,1.,0.866025403784439,
1.,0.866025403784439,1.,0.866025403784439,1.,0.866025403784439,1.,0.866025403784439,
1.,0.866025403784439,1.,0.866025403784439,1.,0.866025403784439,1.,0.866025403784439,
1.,0.866025403784439,1.,0.866025403784439,1.,0.866025403784439,1.,0.866025403784439,
1.,0.866025403784439,1.,0.866025403784439,1.,0.866025403784439,1.,0.866025403784439,
1.,0.866025403784439,1.,0.866025403784439,1.,0.866025403784439,1.,0.866025403784439,
1.,0.866025403784439,1.,0.866025403784439,1.,0.866025403784439,1.,0.866025403784439,
1.,0.866025403784439,1.,0.866025403784439,1.,0.866025403784439,1.,0.866025403784439,
1.,0.866025403784439,1.,0.866025403784439,1.,0.866025403784439,1.,0.866025403784439,
1.,0.866025403784439,1.,0.969274005327796,0.952641529505648),(0.961318648855609,
0.889468024749547,1.,0.866025403784439,1.,0.866025403784439,1.,0.866025403784439,
1.,0.866025403784439,1.,0.866025403784439,1.,0.866025403784439,1.,0.866025403784439,
1.,0.866025403784439,1.,0.866025403784439,1.,0.866025403784439,1.,0.866025403784439,
1.,0.866025403784439,1.,0.866025403784439,1.,0.866025403784439,1.,0.866025403784439,
1.,0.866025403784439,1.,0.866025403784439,1.,0.866025403784439,1.,0.866025403784439,
1.,0.866025403784439,1.,0.866025403784439,1.,0.866025403784439,1.,0.866025403784439,
1.,0.866025403784439,1.,0.866025403784439,1.,0.866025403784439,1.,0.866025403784439,
1.,0.866025403784439,1.,0.866025403784439,1.,0.866025403784439,1.,0.866025403784439,
1.,0.866025403784439,1.,0.866025403784439,1.,0.866025403784439,1.,0.866025403784439,
1.,0.866025403784439,1.,0.866025403784439,1.,0.866025403784439,1.,0.866025403784439,
1.,0.866025403784439,1.,0.866025403784439,1.,0.866025403784439,1.,0.866025403784439,
1.,0.866025403784439,1.,0.866025403784439,1.,0.866025403784439,1.,0.866025403784439,
1.,0.866025403784439,1.,0.866025403784439,1.,0.866025403784439,1.,0.866025403784439,
1.,0.866025403784439,1.,0.866025403784439,1.,0.866025403784439,1.,0.866025403784439,
1.,0.866025403784439,1.,0.866025403784439,1.,0.866025403784439,1.,0.866025403784439,
1.,0.866025403784439,1.,0.866025403784439,1.,0.866025403784439,1.,0.866025403784439,
1.,0.866025403784439,1.,0.866025403784439,1.,0.866025403784439,1.,0.866025403784439,
1.,0.866025403784439,1.,0.866025403784439,1.,0.866025403784439,1.,0.969274005327796,
0.952641529505648)))
REPRESENTATION_ITEM('')
SURFACE()
);
#481=(
BOUNDED_SURFACE()
B_SPLINE_SURFACE(1,2,((#8871,#8872,#8873,#8874,#8875,#8876,#8877,#8878,
#8879,#8880,#8881,#8882,#8883,#8884,#8885,#8886,#8887,#8888,#8889,#8890,
#8891,#8892,#8893,#8894,#8895,#8896,#8897,#8898,#8899,#8900,#8901,#8902,
#8903,#8904,#8905,#8906,#8907,#8908,#8909,#8910,#8911,#8912,#8913,#8914,
#8915,#8916,#8917,#8918,#8919,#8920,#8921,#8922,#8923,#8924,#8925,#8926,
#8927,#8928,#8929,#8930,#8931,#8932,#8933,#8934,#8935,#8936,#8937,#8938,
#8939,#8940,#8941,#8942,#8943,#8944,#8945,#8946,#8947,#8948,#8949,#8950,
#8951,#8952,#8953,#8954,#8955,#8956,#8957,#8958,#8959,#8960,#8961,#8962,
#8963,#8964,#8965,#8966,#8967,#8968,#8969,#8970,#8971,#8972,#8973,#8974,
#8975,#8976,#8977,#8978,#8979,#8980,#8981,#8982,#8983,#8984,#8985,#8986,
#8987,#8988,#8989,#8990,#8991,#8992,#8993,#8994,#8995,#8996,#8997,#8998,
#8999,#9000,#9001,#9002,#9003,#9004,#9005,#9006,#9007,#9008,#9009,#9010,
#9011),(#9012,#9013,#9014,#9015,#9016,#9017,#9018,#9019,#9020,#9021,#9022,
#9023,#9024,#9025,#9026,#9027,#9028,#9029,#9030,#9031,#9032,#9033,#9034,
#9035,#9036,#9037,#9038,#9039,#9040,#9041,#9042,#9043,#9044,#9045,#9046,
#9047,#9048,#9049,#9050,#9051,#9052,#9053,#9054,#9055,#9056,#9057,#9058,
#9059,#9060,#9061,#9062,#9063,#9064,#9065,#9066,#9067,#9068,#9069,#9070,
#9071,#9072,#9073,#9074,#9075,#9076,#9077,#9078,#9079,#9080,#9081,#9082,
#9083,#9084,#9085,#9086,#9087,#9088,#9089,#9090,#9091,#9092,#9093,#9094,
#9095,#9096,#9097,#9098,#9099,#9100,#9101,#9102,#9103,#9104,#9105,#9106,
#9107,#9108,#9109,#9110,#9111,#9112,#9113,#9114,#9115,#9116,#9117,#9118,
#9119,#9120,#9121,#9122,#9123,#9124,#9125,#9126,#9127,#9128,#9129,#9130,
#9131,#9132,#9133,#9134,#9135,#9136,#9137,#9138,#9139,#9140,#9141,#9142,
#9143,#9144,#9145,#9146,#9147,#9148,#9149,#9150,#9151,#9152)),
 .UNSPECIFIED.,.F.,.F.,.F.)
B_SPLINE_SURFACE_WITH_KNOTS((2,2),(3,2,2,2,2,2,2,2,2,2,2,2,2,2,2,2,2,2,
2,2,2,2,2,2,2,2,2,2,2,2,2,2,2,2,2,2,2,2,2,2,2,2,2,2,2,2,2,2,2,2,2,2,2,2,
2,2,2,2,2,2,2,2,2,2,2,2,2,2,2,2,3),(0.,1.),(0.0311843889800988,0.0384615384615385,
0.0512820512820513,0.0641025641025641,0.0769230769230769,0.0897435897435897,
0.102564102564103,0.115384615384615,0.128205128205128,0.141025641025641,
0.153846153846154,0.166666666666667,0.179487179487179,0.192307692307692,
0.205128205128205,0.217948717948718,0.230769230769231,0.243589743589744,
0.256410256410256,0.269230769230769,0.282051282051282,0.294871794871795,
0.307692307692308,0.320512820512821,0.333333333333333,0.346153846153846,
0.358974358974359,0.371794871794872,0.384615384615385,0.397435897435897,
0.41025641025641,0.423076923076923,0.435897435897436,0.448717948717949,
0.461538461538462,0.474358974358974,0.487179487179487,0.5,0.512820512820513,
0.525641025641026,0.538461538461538,0.551282051282051,0.564102564102564,
0.576923076923077,0.58974358974359,0.602564102564103,0.615384615384615,
0.628205128205128,0.641025641025641,0.653846153846154,0.666666666666667,
0.67948717948718,0.692307692307692,0.705128205128205,0.717948717948718,
0.730769230769231,0.743589743589744,0.756410256410256,0.769230769230769,
0.782051282051282,0.794871794871795,0.807692307692308,0.82051282051282,
0.833333333333333,0.846153846153846,0.858974358974359,0.871794871794872,
0.884615384615385,0.897435897435897,0.91025641025641,0.913024080808076),
 .PIECEWISE_BEZIER_KNOTS.)
GEOMETRIC_REPRESENTATION_ITEM()
RATIONAL_B_SPLINE_SURFACE(((0.934237805225233,0.923953653256659,1.,0.866025403784439,
1.,0.866025403784439,1.,0.866025403784439,1.,0.866025403784439,1.,0.866025403784439,
1.,0.866025403784439,1.,0.866025403784439,1.,0.866025403784439,1.,0.866025403784439,
1.,0.866025403784439,1.,0.866025403784439,1.,0.866025403784439,1.,0.866025403784439,
1.,0.866025403784439,1.,0.866025403784439,1.,0.866025403784439,1.,0.866025403784439,
1.,0.866025403784439,1.,0.866025403784439,1.,0.866025403784439,1.,0.866025403784439,
1.,0.866025403784439,1.,0.866025403784439,1.,0.866025403784439,1.,0.866025403784439,
1.,0.866025403784439,1.,0.866025403784439,1.,0.866025403784439,1.,0.866025403784439,
1.,0.866025403784439,1.,0.866025403784439,1.,0.866025403784439,1.,0.866025403784439,
1.,0.866025403784439,1.,0.866025403784439,1.,0.866025403784439,1.,0.866025403784439,
1.,0.866025403784439,1.,0.866025403784439,1.,0.866025403784439,1.,0.866025403784439,
1.,0.866025403784439,1.,0.866025403784439,1.,0.866025403784439,1.,0.866025403784439,
1.,0.866025403784439,1.,0.866025403784439,1.,0.866025403784439,1.,0.866025403784439,
1.,0.866025403784439,1.,0.866025403784439,1.,0.866025403784439,1.,0.866025403784439,
1.,0.866025403784439,1.,0.866025403784439,1.,0.866025403784439,1.,0.866025403784439,
1.,0.866025403784439,1.,0.866025403784439,1.,0.866025403784439,1.,0.866025403784439,
1.,0.866025403784439,1.,0.866025403784439,1.,0.866025403784439,1.,0.866025403784439,
1.,0.866025403784439,1.,0.866025403784439,1.,0.866025403784439,1.,0.97107779151986,
0.954642937612863),(0.934237805225233,0.923953653256659,1.,0.866025403784439,
1.,0.866025403784439,1.,0.866025403784439,1.,0.866025403784439,1.,0.866025403784439,
1.,0.866025403784439,1.,0.866025403784439,1.,0.866025403784439,1.,0.866025403784439,
1.,0.866025403784439,1.,0.866025403784439,1.,0.866025403784439,1.,0.866025403784439,
1.,0.866025403784439,1.,0.866025403784439,1.,0.866025403784439,1.,0.866025403784439,
1.,0.866025403784439,1.,0.866025403784439,1.,0.866025403784439,1.,0.866025403784439,
1.,0.866025403784439,1.,0.866025403784439,1.,0.866025403784439,1.,0.866025403784439,
1.,0.866025403784439,1.,0.866025403784439,1.,0.866025403784439,1.,0.866025403784439,
1.,0.866025403784439,1.,0.866025403784439,1.,0.866025403784439,1.,0.866025403784439,
1.,0.866025403784439,1.,0.866025403784439,1.,0.866025403784439,1.,0.866025403784439,
1.,0.866025403784439,1.,0.866025403784439,1.,0.866025403784439,1.,0.866025403784439,
1.,0.866025403784439,1.,0.866025403784439,1.,0.866025403784439,1.,0.866025403784439,
1.,0.866025403784439,1.,0.866025403784439,1.,0.866025403784439,1.,0.866025403784439,
1.,0.866025403784439,1.,0.866025403784439,1.,0.866025403784439,1.,0.866025403784439,
1.,0.866025403784439,1.,0.866025403784439,1.,0.866025403784439,1.,0.866025403784439,
1.,0.866025403784439,1.,0.866025403784439,1.,0.866025403784439,1.,0.866025403784439,
1.,0.866025403784439,1.,0.866025403784439,1.,0.866025403784439,1.,0.866025403784439,
1.,0.866025403784439,1.,0.866025403784439,1.,0.866025403784439,1.,0.97107779151986,
0.954642937612863)))
REPRESENTATION_ITEM('')
SURFACE()
);
#482=(
BOUNDED_SURFACE()
B_SPLINE_SURFACE(1,2,((#9247,#9248,#9249,#9250,#9251,#9252,#9253,#9254,
#9255,#9256,#9257,#9258,#9259,#9260,#9261,#9262,#9263,#9264,#9265,#9266,
#9267,#9268,#9269,#9270,#9271,#9272,#9273,#9274,#9275,#9276,#9277,#9278,
#9279,#9280,#9281,#9282,#9283,#9284,#9285,#9286,#9287,#9288,#9289,#9290,
#9291,#9292,#9293,#9294,#9295,#9296,#9297,#9298,#9299,#9300,#9301),(#9302,
#9303,#9304,#9305,#9306,#9307,#9308,#9309,#9310,#9311,#9312,#9313,#9314,
#9315,#9316,#9317,#9318,#9319,#9320,#9321,#9322,#9323,#9324,#9325,#9326,
#9327,#9328,#9329,#9330,#9331,#9332,#9333,#9334,#9335,#9336,#9337,#9338,
#9339,#9340,#9341,#9342,#9343,#9344,#9345,#9346,#9347,#9348,#9349,#9350,
#9351,#9352,#9353,#9354,#9355,#9356)),.UNSPECIFIED.,.F.,.F.,.F.)
B_SPLINE_SURFACE_WITH_KNOTS((2,2),(3,2,2,2,2,2,2,2,2,2,2,2,2,2,2,2,2,2,
2,2,2,2,2,2,2,2,2,3),(0.,1.),(0.17125,0.175,0.2,0.225,0.25,0.275,0.3,0.325,
0.35,0.375,0.4,0.425,0.45,0.475,0.5,0.525,0.55,0.575,0.6,0.625,0.65,0.675,
0.7,0.725,0.75,0.775,0.8,0.80375),.PIECEWISE_BEZIER_KNOTS.)
GEOMETRIC_REPRESENTATION_ITEM()
RATIONAL_B_SPLINE_SURFACE(((0.980589280790378,0.988581929876693,1.,0.923879532511287,
1.,0.923879532511287,1.,0.923879532511287,1.,0.923879532511287,1.,0.923879532511287,
1.,0.923879532511287,1.,0.923879532511287,1.,0.923879532511287,1.,0.923879532511287,
1.,0.923879532511287,1.,0.923879532511287,1.,0.923879532511287,1.,0.923879532511287,
1.,0.923879532511287,1.,0.923879532511287,1.,0.923879532511287,1.,0.923879532511287,
1.,0.923879532511287,1.,0.923879532511287,1.,0.923879532511287,1.,0.923879532511287,
1.,0.923879532511287,1.,0.923879532511287,1.,0.923879532511287,1.,0.923879532511287,
1.,0.988581929876693,0.980589280790378),(0.980589280790378,0.988581929876693,
1.,0.923879532511287,1.,0.923879532511287,1.,0.923879532511287,1.,0.923879532511287,
1.,0.923879532511287,1.,0.923879532511287,1.,0.923879532511287,1.,0.923879532511287,
1.,0.923879532511287,1.,0.923879532511287,1.,0.923879532511287,1.,0.923879532511287,
1.,0.923879532511287,1.,0.923879532511287,1.,0.923879532511287,1.,0.923879532511287,
1.,0.923879532511287,1.,0.923879532511287,1.,0.923879532511287,1.,0.923879532511287,
1.,0.923879532511287,1.,0.923879532511287,1.,0.923879532511287,1.,0.923879532511287,
1.,0.923879532511287,1.,0.988581929876693,0.980589280790378)))
REPRESENTATION_ITEM('')
SURFACE()
);
#483=(
BOUNDED_SURFACE()
B_SPLINE_SURFACE(1,2,((#9511,#9512,#9513,#9514,#9515,#9516,#9517,#9518,
#9519,#9520,#9521,#9522,#9523,#9524,#9525,#9526,#9527,#9528,#9529,#9530,
#9531,#9532,#9533,#9534,#9535,#9536,#9537,#9538,#9539,#9540,#9541,#9542,
#9543,#9544,#9545,#9546,#9547,#9548,#9549,#9550,#9551,#9552,#9553,#9554,
#9555,#9556,#9557,#9558,#9559,#9560,#9561,#9562,#9563),(#9564,#9565,#9566,
#9567,#9568,#9569,#9570,#9571,#9572,#9573,#9574,#9575,#9576,#9577,#9578,
#9579,#9580,#9581,#9582,#9583,#9584,#9585,#9586,#9587,#9588,#9589,#9590,
#9591,#9592,#9593,#9594,#9595,#9596,#9597,#9598,#9599,#9600,#9601,#9602,
#9603,#9604,#9605,#9606,#9607,#9608,#9609,#9610,#9611,#9612,#9613,#9614,
#9615,#9616)),.UNSPECIFIED.,.F.,.F.,.F.)
B_SPLINE_SURFACE_WITH_KNOTS((2,2),(3,2,2,2,2,2,2,2,2,2,2,2,2,2,2,2,2,2,
2,2,2,2,2,2,2,2,3),(0.,1.),(0.,0.025,0.05,0.075,0.1,0.125,0.15,0.175,0.2,
0.225,0.25,0.275,0.3,0.325,0.35,0.375,0.4,0.425,0.45,0.475,0.5,0.525,0.55,
0.575,0.6,0.625,0.62875),.PIECEWISE_BEZIER_KNOTS.)
GEOMETRIC_REPRESENTATION_ITEM()
RATIONAL_B_SPLINE_SURFACE(((1.,0.923879532511287,1.,0.923879532511287,1.,
0.923879532511287,1.,0.923879532511287,1.,0.923879532511287,1.,0.923879532511287,
1.,0.923879532511287,1.,0.923879532511287,1.,0.923879532511287,1.,0.923879532511287,
1.,0.923879532511287,1.,0.923879532511287,1.,0.923879532511287,1.,0.923879532511287,
1.,0.923879532511287,1.,0.923879532511287,1.,0.923879532511287,1.,0.923879532511287,
1.,0.923879532511287,1.,0.923879532511287,1.,0.923879532511287,1.,0.923879532511287,
1.,0.923879532511287,1.,0.923879532511287,1.,0.923879532511287,1.,0.988581929876693,
0.980589280790378),(1.,0.923879532511287,1.,0.923879532511287,1.,0.923879532511287,
1.,0.923879532511287,1.,0.923879532511287,1.,0.923879532511287,1.,0.923879532511287,
1.,0.923879532511287,1.,0.923879532511287,1.,0.923879532511287,1.,0.923879532511287,
1.,0.923879532511287,1.,0.923879532511287,1.,0.923879532511287,1.,0.923879532511287,
1.,0.923879532511287,1.,0.923879532511287,1.,0.923879532511287,1.,0.923879532511287,
1.,0.923879532511287,1.,0.923879532511287,1.,0.923879532511287,1.,0.923879532511287,
1.,0.923879532511287,1.,0.923879532511287,1.,0.988581929876693,0.980589280790378)))
REPRESENTATION_ITEM('')
SURFACE()
);
#484=(
BOUNDED_SURFACE()
B_SPLINE_SURFACE(3,2,((#10045,#10046,#10047),(#10048,#10049,#10050),(#10051,
#10052,#10053),(#10054,#10055,#10056)),.UNSPECIFIED.,.F.,.F.,.F.)
B_SPLINE_SURFACE_WITH_KNOTS((4,4),(3,3),(0.000342353293989285,0.00112694167961721),
(0.,1.),.PIECEWISE_BEZIER_KNOTS.)
GEOMETRIC_REPRESENTATION_ITEM()
RATIONAL_B_SPLINE_SURFACE(((1.,0.707106781186551,1.),(1.,0.682317540694421,
1.),(1.,0.668856056936343,1.),(1.,0.668856054060117,1.)))
REPRESENTATION_ITEM('')
SURFACE()
);
#485=(
BOUNDED_SURFACE()
B_SPLINE_SURFACE(3,2,((#10068,#10069,#10070),(#10071,#10072,#10073),(#10074,
#10075,#10076),(#10077,#10078,#10079)),.UNSPECIFIED.,.F.,.F.,.F.)
B_SPLINE_SURFACE_WITH_KNOTS((4,4),(3,3),(0.000334284001048754,0.00111895801740607),
(0.,1.),.PIECEWISE_BEZIER_KNOTS.)
GEOMETRIC_REPRESENTATION_ITEM()
RATIONAL_B_SPLINE_SURFACE(((1.,0.668856054059938,1.),(1.,0.668856065211694,
1.),(1.,0.682625300203903,1.),(1.,0.707106781186584,1.)))
REPRESENTATION_ITEM('')
SURFACE()
);
#486=PLANE('',#5005);
#487=PLANE('',#5012);
#488=PLANE('',#5019);
#489=PLANE('',#5028);
#490=PLANE('',#5030);
#491=PLANE('',#5031);
#492=PLANE('',#5032);
#493=PLANE('',#5033);
#494=PLANE('',#5034);
#495=PLANE('',#5035);
#496=PLANE('',#5041);
#497=PLANE('',#5050);
#498=PLANE('',#5059);
#499=PLANE('',#5060);
#500=PLANE('',#5061);
#501=PLANE('',#5062);
#502=PLANE('',#5063);
#503=PLANE('',#5064);
#504=PLANE('',#5081);
#505=PLANE('',#5082);
#506=PLANE('',#5083);
#507=PLANE('',#5090);
#508=PLANE('',#5094);
#509=PLANE('',#5153);
#510=PLANE('',#5157);
#511=PLANE('',#5161);
#512=PLANE('',#5162);
#513=PLANE('',#5174);
#514=PLANE('',#5176);
#515=PLANE('',#5181);
#516=PLANE('',#5183);
#517=PLANE('',#5189);
#518=PLANE('',#5192);
#519=PLANE('',#5193);
#520=PLANE('',#5197);
#521=PLANE('',#5206);
#522=PLANE('',#5207);
#523=PLANE('',#5221);
#524=PLANE('',#5245);
#525=PLANE('',#5248);
#526=PLANE('',#5251);
#527=PLANE('',#5262);
#528=PLANE('',#5268);
#529=PLANE('',#5272);
#530=PLANE('',#5278);
#531=PLANE('',#5284);
#532=PLANE('',#5288);
#533=PLANE('',#5303);
#534=PLANE('',#5309);
#535=PLANE('',#5313);
#536=PLANE('',#5319);
#537=PLANE('',#5325);
#538=PLANE('',#5329);
#539=PLANE('',#5344);
#540=PLANE('',#5346);
#541=PLANE('',#5351);
#542=PLANE('',#5354);
#543=PLANE('',#5360);
#544=PLANE('',#5363);
#545=PLANE('',#5375);
#546=PLANE('',#5376);
#547=PLANE('',#5384);
#548=PLANE('',#5385);
#549=PLANE('',#5387);
#550=PLANE('',#5399);
#551=PLANE('',#5408);
#552=PLANE('',#5425);
#553=PLANE('',#5441);
#554=PLANE('',#5442);
#555=PLANE('',#5448);
#556=PLANE('',#5459);
#557=PLANE('',#5482);
#558=PLANE('',#5484);
#559=PLANE('',#5491);
#560=PLANE('',#5504);
#561=PLANE('',#5505);
#562=PLANE('',#5514);
#563=PLANE('',#5515);
#564=PLANE('',#5516);
#565=PLANE('',#5517);
#566=PLANE('',#5518);
#567=PLANE('',#5519);
#568=PLANE('',#5528);
#569=PLANE('',#5529);
#570=PLANE('',#5531);
#571=PLANE('',#5537);
#572=PLANE('',#5565);
#573=PLANE('',#5566);
#574=PLANE('',#5591);
#575=PLANE('',#5594);
#576=PLANE('',#5598);
#577=PLANE('',#5610);
#578=PLANE('',#5618);
#579=PLANE('',#5619);
#580=PLANE('',#5622);
#581=PLANE('',#5627);
#582=PLANE('',#5632);
#583=CONICAL_SURFACE('',#5002,0.001475,0.785398163397446);
#584=CONICAL_SURFACE('',#5022,0.00144337567297406,0.78539816339745);
#585=CONICAL_SURFACE('',#5023,0.00144337567297406,0.78539816339745);
#586=CONICAL_SURFACE('',#5024,0.00144337567297406,0.78539816339745);
#587=CONICAL_SURFACE('',#5025,0.00144337567297406,0.78539816339745);
#588=CONICAL_SURFACE('',#5026,0.00144337567297406,0.78539816339745);
#589=CONICAL_SURFACE('',#5027,0.00144337567297406,0.78539816339745);
#590=CONICAL_SURFACE('',#5066,0.0035,1.0471975511966);
#591=CONICAL_SURFACE('',#5067,0.0035,1.0471975511966);
#592=CONICAL_SURFACE('',#5068,0.0035,1.0471975511966);
#593=CONICAL_SURFACE('',#5069,0.0035,1.0471975511966);
#594=CONICAL_SURFACE('',#5070,0.0035,1.0471975511966);
#595=CONICAL_SURFACE('',#5071,0.0035,1.0471975511966);
#596=CONICAL_SURFACE('',#5072,0.0035,1.0471975511966);
#597=CONICAL_SURFACE('',#5073,0.0035,1.0471975511966);
#598=CONICAL_SURFACE('',#5074,0.0035,1.0471975511966);
#599=CONICAL_SURFACE('',#5075,0.0035,1.0471975511966);
#600=CONICAL_SURFACE('',#5076,0.0035,1.0471975511966);
#601=CONICAL_SURFACE('',#5077,0.0035,1.0471975511966);
#602=CONICAL_SURFACE('',#5078,0.0025,0.78539816339745);
#603=CONICAL_SURFACE('',#5079,0.0025,0.78539816339745);
#604=CONICAL_SURFACE('',#5138,0.0005,0.261799387799151);
#605=CONICAL_SURFACE('',#5146,0.0005,0.261799387799151);
#606=CONICAL_SURFACE('',#5223,0.00165,1.02974425867665);
#607=CONICAL_SURFACE('',#5226,0.00145,1.02974425867665);
#608=CONICAL_SURFACE('',#5236,0.00055,1.02974425867665);
#609=CONICAL_SURFACE('',#5239,0.003,0.785398163397448);
#610=CONICAL_SURFACE('',#5250,0.00055,1.02974425867665);
#611=CONICAL_SURFACE('',#5548,0.000800000000000017,1.02974425867666);
#612=CONICAL_SURFACE('',#5552,0.000800000000000017,1.02974425867666);
#613=CONICAL_SURFACE('',#5556,0.000800000000000017,1.02974425867665);
#614=CONICAL_SURFACE('',#5559,0.000800000000000017,1.02974425867665);
#615=CONICAL_SURFACE('',#5579,0.00100000000000002,0.785398163397462);
#616=CONICAL_SURFACE('',#5580,0.00250000000000005,0.785398163397374);
#617=CONICAL_SURFACE('',#5581,0.00100000000000002,0.785398163397449);
#618=CONICAL_SURFACE('',#5582,0.00100000000000002,0.785398163397449);
#619=CONICAL_SURFACE('',#5583,0.00120000000000002,0.785398163397448);
#620=CONICAL_SURFACE('',#5584,0.00120000000000002,0.785398163397448);
#621=CONICAL_SURFACE('',#5585,0.00140000000000003,0.785398163397449);
#622=CONICAL_SURFACE('',#5586,0.00140000000000003,0.785398163397449);
#623=CONICAL_SURFACE('',#5587,0.00250000000000005,0.785398163397474);
#624=CONICAL_SURFACE('',#5615,0.0085,1.57039632681623);
#625=CONICAL_SURFACE('',#5616,0.0115,0.523598775598299);
#626=B_SPLINE_CURVE_WITH_KNOTS('',3,(#7249,#7250,#7251,#7252,#7253,#7254,
#7255,#7256,#7257,#7258,#7259,#7260,#7261,#7262,#7263,#7264,#7265,#7266,
#7267,#7268,#7269,#7270,#7271),.UNSPECIFIED.,.F.,.F.,(4,1,1,1,1,1,1,1,1,
1,1,1,1,1,1,1,1,1,1,1,4),(0.,0.0625,0.125,0.1875,0.21875,0.25,0.28125,0.3125,
0.375,0.4375,0.46875,0.5,0.53125,0.5625,0.625,0.6875,0.71875,0.75,0.8125,
0.875,1.),.UNSPECIFIED.);
#627=B_SPLINE_CURVE_WITH_KNOTS('',3,(#7273,#7274,#7275,#7276,#7277,#7278,
#7279,#7280,#7281,#7282,#7283,#7284,#7285,#7286,#7287,#7288,#7289,#7290,
#7291,#7292,#7293,#7294,#7295,#7296,#7297,#7298,#7299,#7300,#7301,#7302,
#7303,#7304,#7305,#7306,#7307,#7308,#7309,#7310,#7311,#7312,#7313,#7314,
#7315,#7316,#7317,#7318,#7319,#7320),.UNSPECIFIED.,.F.,.F.,(4,1,1,1,1,1,
1,1,1,1,1,1,1,1,1,1,1,1,1,1,1,1,1,1,1,1,1,1,1,1,1,1,1,1,1,1,1,1,1,1,1,1,
1,1,1,4),(0.,0.03125,0.0625,0.09375,0.125,0.140625,0.15625,0.171875,0.1875,
0.203125,0.21875,0.234375,0.25,0.28125,0.296875,0.3125,0.34375,0.359375,
0.375,0.390625,0.40625,0.4375,0.46875,0.5,0.53125,0.5625,0.59375,0.625,
0.640625,0.65625,0.671875,0.6875,0.703125,0.71875,0.734375,0.75,0.78125,
0.796875,0.8125,0.84375,0.859375,0.875,0.890625,0.90625,0.9375,1.),
 .UNSPECIFIED.);
#628=B_SPLINE_CURVE_WITH_KNOTS('',3,(#7322,#7323,#7324,#7325,#7326,#7327,
#7328,#7329,#7330,#7331,#7332,#7333,#7334,#7335,#7336,#7337,#7338,#7339,
#7340,#7341,#7342,#7343,#7344,#7345,#7346,#7347,#7348,#7349,#7350,#7351,
#7352,#7353,#7354,#7355,#7356,#7357,#7358,#7359,#7360,#7361,#7362,#7363,
#7364,#7365,#7366,#7367,#7368,#7369),.UNSPECIFIED.,.F.,.F.,(4,1,1,1,1,1,
1,1,1,1,1,1,1,1,1,1,1,1,1,1,1,1,1,1,1,1,1,1,1,1,1,1,1,1,1,1,1,1,1,1,1,1,
1,1,1,4),(0.,0.03125,0.0625,0.09375,0.125,0.140625,0.15625,0.171875,0.1875,
0.203125,0.21875,0.234375,0.25,0.28125,0.296875,0.3125,0.34375,0.359375,
0.375,0.390625,0.40625,0.4375,0.46875,0.5,0.53125,0.5625,0.59375,0.625,
0.640625,0.65625,0.671875,0.6875,0.703125,0.71875,0.734375,0.75,0.78125,
0.796875,0.8125,0.84375,0.859375,0.875,0.890625,0.90625,0.9375,1.),
 .UNSPECIFIED.);
#629=B_SPLINE_CURVE_WITH_KNOTS('',3,(#7371,#7372,#7373,#7374,#7375,#7376,
#7377,#7378,#7379,#7380,#7381,#7382,#7383,#7384,#7385,#7386,#7387,#7388,
#7389,#7390,#7391,#7392,#7393,#7394,#7395,#7396,#7397,#7398,#7399,#7400,
#7401,#7402,#7403,#7404,#7405,#7406,#7407,#7408,#7409,#7410,#7411,#7412,
#7413,#7414,#7415,#7416,#7417,#7418),.UNSPECIFIED.,.F.,.F.,(4,1,1,1,1,1,
1,1,1,1,1,1,1,1,1,1,1,1,1,1,1,1,1,1,1,1,1,1,1,1,1,1,1,1,1,1,1,1,1,1,1,1,
1,1,1,4),(0.,0.03125,0.0625,0.09375,0.125,0.140625,0.15625,0.171875,0.1875,
0.203125,0.21875,0.234375,0.25,0.28125,0.296875,0.3125,0.34375,0.359375,
0.375,0.390625,0.40625,0.4375,0.46875,0.5,0.53125,0.5625,0.59375,0.625,
0.640625,0.65625,0.671875,0.6875,0.703125,0.71875,0.734375,0.75,0.78125,
0.796875,0.8125,0.84375,0.859375,0.875,0.890625,0.90625,0.9375,1.),
 .UNSPECIFIED.);
#630=B_SPLINE_CURVE_WITH_KNOTS('',3,(#7420,#7421,#7422,#7423,#7424,#7425,
#7426,#7427,#7428,#7429,#7430,#7431,#7432,#7433,#7434,#7435,#7436,#7437,
#7438,#7439,#7440,#7441,#7442,#7443,#7444,#7445,#7446,#7447,#7448,#7449,
#7450,#7451,#7452,#7453,#7454,#7455,#7456,#7457,#7458,#7459,#7460,#7461,
#7462,#7463,#7464,#7465,#7466,#7467),.UNSPECIFIED.,.F.,.F.,(4,1,1,1,1,1,
1,1,1,1,1,1,1,1,1,1,1,1,1,1,1,1,1,1,1,1,1,1,1,1,1,1,1,1,1,1,1,1,1,1,1,1,
1,1,1,4),(0.,0.03125,0.0625,0.09375,0.125,0.140625,0.15625,0.171875,0.1875,
0.203125,0.21875,0.234375,0.25,0.28125,0.296875,0.3125,0.34375,0.359375,
0.375,0.390625,0.40625,0.4375,0.46875,0.5,0.53125,0.5625,0.59375,0.625,
0.640625,0.65625,0.671875,0.6875,0.703125,0.71875,0.734375,0.75,0.78125,
0.796875,0.8125,0.84375,0.859375,0.875,0.890625,0.90625,0.9375,1.),
 .UNSPECIFIED.);
#631=B_SPLINE_CURVE_WITH_KNOTS('',3,(#7469,#7470,#7471,#7472,#7473,#7474,
#7475,#7476,#7477,#7478,#7479,#7480,#7481,#7482,#7483,#7484,#7485,#7486,
#7487,#7488,#7489,#7490,#7491,#7492,#7493,#7494,#7495,#7496,#7497,#7498,
#7499,#7500,#7501,#7502,#7503,#7504,#7505,#7506,#7507,#7508,#7509,#7510,
#7511,#7512,#7513,#7514,#7515,#7516),.UNSPECIFIED.,.F.,.F.,(4,1,1,1,1,1,
1,1,1,1,1,1,1,1,1,1,1,1,1,1,1,1,1,1,1,1,1,1,1,1,1,1,1,1,1,1,1,1,1,1,1,1,
1,1,1,4),(0.,0.03125,0.0625,0.09375,0.125,0.140625,0.15625,0.171875,0.1875,
0.203125,0.21875,0.234375,0.25,0.28125,0.296875,0.3125,0.34375,0.359375,
0.375,0.390625,0.40625,0.4375,0.46875,0.5,0.53125,0.5625,0.59375,0.625,
0.640625,0.65625,0.671875,0.6875,0.703125,0.71875,0.734375,0.75,0.78125,
0.796875,0.8125,0.84375,0.859375,0.875,0.890625,0.90625,0.9375,1.),
 .UNSPECIFIED.);
#632=B_SPLINE_CURVE_WITH_KNOTS('',3,(#7518,#7519,#7520,#7521,#7522,#7523,
#7524,#7525,#7526,#7527,#7528,#7529,#7530,#7531,#7532,#7533,#7534,#7535,
#7536,#7537,#7538,#7539,#7540,#7541,#7542,#7543,#7544,#7545,#7546,#7547,
#7548,#7549,#7550,#7551,#7552,#7553,#7554,#7555,#7556,#7557,#7558,#7559,
#7560,#7561,#7562,#7563,#7564,#7565),.UNSPECIFIED.,.F.,.F.,(4,1,1,1,1,1,
1,1,1,1,1,1,1,1,1,1,1,1,1,1,1,1,1,1,1,1,1,1,1,1,1,1,1,1,1,1,1,1,1,1,1,1,
1,1,1,4),(0.,0.03125,0.0625,0.09375,0.125,0.140625,0.15625,0.171875,0.1875,
0.203125,0.21875,0.234375,0.25,0.28125,0.296875,0.3125,0.34375,0.359375,
0.375,0.390625,0.40625,0.4375,0.46875,0.5,0.53125,0.5625,0.59375,0.625,
0.640625,0.65625,0.671875,0.6875,0.703125,0.71875,0.734375,0.75,0.78125,
0.796875,0.8125,0.84375,0.859375,0.875,0.890625,0.90625,0.9375,1.),
 .UNSPECIFIED.);
#633=B_SPLINE_CURVE_WITH_KNOTS('',3,(#7567,#7568,#7569,#7570,#7571,#7572,
#7573,#7574,#7575,#7576,#7577,#7578,#7579,#7580,#7581,#7582,#7583,#7584,
#7585,#7586,#7587,#7588,#7589,#7590,#7591,#7592,#7593,#7594,#7595,#7596,
#7597,#7598,#7599,#7600,#7601,#7602,#7603,#7604,#7605,#7606,#7607,#7608,
#7609,#7610,#7611,#7612,#7613,#7614),.UNSPECIFIED.,.F.,.F.,(4,1,1,1,1,1,
1,1,1,1,1,1,1,1,1,1,1,1,1,1,1,1,1,1,1,1,1,1,1,1,1,1,1,1,1,1,1,1,1,1,1,1,
1,1,1,4),(0.,0.03125,0.0625,0.09375,0.125,0.140625,0.15625,0.171875,0.1875,
0.203125,0.21875,0.234375,0.25,0.28125,0.296875,0.3125,0.34375,0.359375,
0.375,0.390625,0.40625,0.4375,0.46875,0.5,0.53125,0.5625,0.59375,0.625,
0.640625,0.65625,0.671875,0.6875,0.703125,0.71875,0.734375,0.75,0.78125,
0.796875,0.8125,0.84375,0.859375,0.875,0.890625,0.90625,0.9375,1.),
 .UNSPECIFIED.);
#634=B_SPLINE_CURVE_WITH_KNOTS('',3,(#7616,#7617,#7618,#7619,#7620,#7621,
#7622,#7623,#7624,#7625,#7626,#7627,#7628,#7629,#7630,#7631,#7632,#7633,
#7634,#7635,#7636,#7637,#7638,#7639,#7640,#7641,#7642,#7643,#7644,#7645,
#7646,#7647,#7648,#7649,#7650,#7651,#7652,#7653,#7654,#7655,#7656,#7657,
#7658,#7659,#7660,#7661,#7662,#7663),.UNSPECIFIED.,.F.,.F.,(4,1,1,1,1,1,
1,1,1,1,1,1,1,1,1,1,1,1,1,1,1,1,1,1,1,1,1,1,1,1,1,1,1,1,1,1,1,1,1,1,1,1,
1,1,1,4),(0.,0.03125,0.0625,0.09375,0.125,0.140625,0.15625,0.171875,0.1875,
0.203125,0.21875,0.234375,0.25,0.28125,0.296875,0.3125,0.34375,0.359375,
0.375,0.390625,0.40625,0.4375,0.46875,0.5,0.53125,0.5625,0.59375,0.625,
0.640625,0.65625,0.671875,0.6875,0.703125,0.71875,0.734375,0.75,0.78125,
0.796875,0.8125,0.84375,0.859375,0.875,0.890625,0.90625,0.9375,1.),
 .UNSPECIFIED.);
#635=B_SPLINE_CURVE_WITH_KNOTS('',3,(#7665,#7666,#7667,#7668,#7669,#7670,
#7671,#7672,#7673,#7674,#7675,#7676,#7677,#7678,#7679,#7680,#7681,#7682,
#7683,#7684,#7685,#7686,#7687,#7688,#7689,#7690,#7691,#7692,#7693,#7694,
#7695,#7696,#7697,#7698,#7699,#7700,#7701,#7702,#7703,#7704,#7705,#7706,
#7707,#7708,#7709,#7710,#7711,#7712),.UNSPECIFIED.,.F.,.F.,(4,1,1,1,1,1,
1,1,1,1,1,1,1,1,1,1,1,1,1,1,1,1,1,1,1,1,1,1,1,1,1,1,1,1,1,1,1,1,1,1,1,1,
1,1,1,4),(0.,0.03125,0.0625,0.09375,0.125,0.140625,0.15625,0.171875,0.1875,
0.203125,0.21875,0.234375,0.25,0.28125,0.296875,0.3125,0.34375,0.359375,
0.375,0.390625,0.40625,0.4375,0.46875,0.5,0.53125,0.5625,0.59375,0.625,
0.640625,0.65625,0.671875,0.6875,0.703125,0.71875,0.734375,0.75,0.78125,
0.796875,0.8125,0.84375,0.859375,0.875,0.890625,0.90625,0.9375,1.),
 .UNSPECIFIED.);
#636=B_SPLINE_CURVE_WITH_KNOTS('',3,(#7714,#7715,#7716,#7717,#7718,#7719,
#7720,#7721,#7722,#7723,#7724,#7725,#7726,#7727,#7728,#7729,#7730,#7731,
#7732,#7733,#7734,#7735,#7736,#7737,#7738,#7739,#7740,#7741,#7742,#7743,
#7744,#7745,#7746,#7747,#7748,#7749,#7750,#7751,#7752,#7753,#7754,#7755,
#7756,#7757,#7758,#7759,#7760,#7761),.UNSPECIFIED.,.F.,.F.,(4,1,1,1,1,1,
1,1,1,1,1,1,1,1,1,1,1,1,1,1,1,1,1,1,1,1,1,1,1,1,1,1,1,1,1,1,1,1,1,1,1,1,
1,1,1,4),(0.,0.03125,0.0625,0.09375,0.125,0.140625,0.15625,0.171875,0.1875,
0.203125,0.21875,0.234375,0.25,0.28125,0.296875,0.3125,0.34375,0.359375,
0.375,0.390625,0.40625,0.4375,0.46875,0.5,0.53125,0.5625,0.59375,0.625,
0.640625,0.65625,0.671875,0.6875,0.703125,0.71875,0.734375,0.75,0.78125,
0.796875,0.8125,0.84375,0.859375,0.875,0.890625,0.90625,0.9375,1.),
 .UNSPECIFIED.);
#637=B_SPLINE_CURVE_WITH_KNOTS('',3,(#7763,#7764,#7765,#7766,#7767,#7768,
#7769,#7770,#7771,#7772,#7773,#7774,#7775,#7776,#7777,#7778,#7779,#7780,
#7781,#7782,#7783,#7784,#7785,#7786,#7787),.UNSPECIFIED.,.F.,.F.,(4,1,1,
1,1,1,1,1,1,1,1,1,1,1,1,1,1,1,1,1,1,1,4),(0.,0.125,0.1875,0.25,0.3125,0.375,
0.4375,0.46875,0.5,0.53125,0.5625,0.625,0.65625,0.6875,0.71875,0.734375,
0.75,0.765625,0.78125,0.8125,0.875,0.9375,1.),.UNSPECIFIED.);
#638=B_SPLINE_CURVE_WITH_KNOTS('',3,(#7791,#7792,#7793,#7794,#7795,#7796,
#7797,#7798,#7799,#7800,#7801),.UNSPECIFIED.,.F.,.F.,(4,1,1,1,1,1,1,1,4),
(1.05544283243833E-16,0.00142264468569697,0.00284528937139383,0.00426793405709069,
0.00569057874278755,0.00711322342848441,0.00853586811418128,0.00995851279987814,
0.011381157485575),.UNSPECIFIED.);
#639=B_SPLINE_CURVE_WITH_KNOTS('',3,(#7805,#7806,#7807,#7808,#7809),
 .UNSPECIFIED.,.F.,.F.,(4,1,4),(1.94202370613188E-17,0.00156344054951365,
0.00312688109902729),.UNSPECIFIED.);
#640=B_SPLINE_CURVE_WITH_KNOTS('',3,(#8255,#8256,#8257,#8258,#8259),
 .UNSPECIFIED.,.F.,.F.,(4,1,4),(5.63785129692462E-18,0.00208590978209045,
0.00417181956418089),.UNSPECIFIED.);
#641=B_SPLINE_CURVE_WITH_KNOTS('',3,(#8261,#8262,#8263,#8264,#8265,#8266,
#8267,#8268,#8269,#8270,#8271,#8272,#8273,#8274,#8275,#8276,#8277,#8278,
#8279,#8280,#8281,#8282,#8283,#8284,#8285,#8286,#8287,#8288,#8289,#8290,
#8291,#8292,#8293,#8294,#8295,#8296,#8297,#8298,#8299,#8300,#8301,#8302,
#8303,#8304,#8305,#8306,#8307,#8308,#8309,#8310,#8311,#8312,#8313,#8314,
#8315,#8316,#8317,#8318,#8319,#8320,#8321,#8322,#8323,#8324,#8325,#8326,
#8327,#8328,#8329,#8330,#8331,#8332,#8333,#8334,#8335,#8336,#8337,#8338,
#8339,#8340,#8341,#8342,#8343,#8344,#8345,#8346,#8347,#8348,#8349,#8350,
#8351,#8352,#8353,#8354,#8355,#8356,#8357,#8358,#8359,#8360,#8361,#8362,
#8363,#8364,#8365,#8366,#8367,#8368,#8369,#8370,#8371,#8372,#8373,#8374,
#8375,#8376,#8377,#8378,#8379,#8380,#8381,#8382,#8383,#8384,#8385,#8386,
#8387,#8388,#8389,#8390,#8391,#8392,#8393,#8394,#8395,#8396,#8397,#8398,
#8399,#8400,#8401,#8402,#8403,#8404,#8405,#8406,#8407,#8408,#8409,#8410,
#8411,#8412,#8413,#8414,#8415,#8416,#8417,#8418,#8419,#8420,#8421,#8422,
#8423,#8424,#8425,#8426,#8427,#8428,#8429,#8430,#8431,#8432,#8433,#8434,
#8435,#8436,#8437,#8438,#8439,#8440,#8441,#8442,#8443,#8444,#8445,#8446,
#8447,#8448,#8449,#8450,#8451,#8452,#8453,#8454,#8455,#8456,#8457,#8458,
#8459,#8460,#8461,#8462,#8463,#8464,#8465,#8466,#8467,#8468,#8469,#8470,
#8471,#8472,#8473,#8474,#8475,#8476,#8477,#8478,#8479,#8480,#8481,#8482,
#8483,#8484,#8485,#8486,#8487,#8488,#8489,#8490,#8491,#8492,#8493,#8494,
#8495,#8496,#8497,#8498,#8499,#8500,#8501,#8502,#8503,#8504,#8505,#8506,
#8507,#8508,#8509,#8510,#8511,#8512,#8513,#8514,#8515,#8516,#8517,#8518,
#8519,#8520,#8521,#8522,#8523,#8524,#8525,#8526,#8527,#8528,#8529,#8530,
#8531,#8532,#8533,#8534,#8535,#8536,#8537,#8538,#8539,#8540,#8541,#8542,
#8543,#8544,#8545,#8546,#8547,#8548,#8549,#8550,#8551,#8552,#8553,#8554,
#8555,#8556,#8557,#8558,#8559,#8560,#8561,#8562,#8563,#8564,#8565,#8566,
#8567,#8568,#8569,#8570,#8571,#8572,#8573,#8574,#8575,#8576,#8577,#8578,
#8579,#8580,#8581,#8582,#8583,#8584,#8585,#8586,#8587,#8588,#8589,#8590,
#8591,#8592,#8593,#8594,#8595,#8596,#8597,#8598,#8599,#8600,#8601,#8602,
#8603,#8604,#8605,#8606,#8607,#8608,#8609,#8610,#8611,#8612,#8613,#8614,
#8615,#8616,#8617,#8618,#8619,#8620,#8621,#8622,#8623,#8624,#8625,#8626,
#8627,#8628,#8629,#8630,#8631,#8632,#8633,#8634,#8635,#8636,#8637,#8638,
#8639,#8640,#8641,#8642,#8643,#8644,#8645,#8646,#8647,#8648,#8649,#8650,
#8651,#8652,#8653,#8654,#8655,#8656,#8657,#8658,#8659,#8660,#8661,#8662,
#8663,#8664,#8665,#8666,#8667,#8668,#8669,#8670,#8671,#8672,#8673,#8674,
#8675,#8676,#8677,#8678,#8679,#8680,#8681,#8682,#8683,#8684,#8685,#8686,
#8687,#8688,#8689,#8690,#8691,#8692,#8693,#8694,#8695,#8696,#8697,#8698,
#8699,#8700,#8701,#8702,#8703,#8704,#8705,#8706,#8707,#8708,#8709,#8710,
#8711,#8712,#8713,#8714,#8715,#8716,#8717,#8718,#8719,#8720,#8721,#8722,
#8723,#8724,#8725,#8726,#8727,#8728,#8729,#8730,#8731,#8732,#8733,#8734,
#8735,#8736,#8737,#8738,#8739,#8740,#8741,#8742,#8743,#8744,#8745,#8746,
#8747,#8748,#8749,#8750,#8751,#8752,#8753,#8754,#8755,#8756,#8757,#8758,
#8759,#8760,#8761,#8762,#8763,#8764,#8765,#8766,#8767,#8768,#8769,#8770,
#8771,#8772,#8773,#8774,#8775,#8776,#8777,#8778,#8779,#8780,#8781,#8782,
#8783,#8784,#8785,#8786,#8787,#8788,#8789,#8790,#8791,#8792,#8793,#8794,
#8795,#8796,#8797,#8798,#8799,#8800,#8801,#8802,#8803,#8804,#8805,#8806,
#8807,#8808,#8809,#8810,#8811,#8812,#8813,#8814,#8815,#8816,#8817,#8818,
#8819,#8820,#8821,#8822,#8823,#8824,#8825,#8826,#8827,#8828,#8829,#8830,
#8831,#8832,#8833,#8834,#8835,#8836,#8837,#8838,#8839,#8840,#8841,#8842,
#8843,#8844,#8845,#8846,#8847,#8848,#8849,#8850,#8851,#8852,#8853,#8854,
#8855,#8856,#8857,#8858,#8859,#8860,#8861,#8862,#8863,#8864,#8865,#8866,
#8867,#8868),.UNSPECIFIED.,.F.,.F.,(4,1,1,1,1,1,1,1,1,1,1,1,1,1,1,1,1,1,
1,1,1,1,1,1,1,1,1,1,1,1,1,1,1,1,1,1,1,1,1,1,1,1,1,1,1,1,1,1,1,1,1,1,1,1,
1,1,1,1,1,1,1,1,1,1,1,1,1,1,1,1,1,1,1,1,1,1,1,1,1,1,1,1,1,1,1,1,1,1,1,1,
1,1,1,1,1,1,1,1,1,1,1,1,1,1,1,1,1,1,1,1,1,1,1,1,1,1,1,1,1,1,1,1,1,1,1,1,
1,1,1,1,1,1,1,1,1,1,1,1,1,1,1,1,1,1,1,1,1,1,1,1,1,1,1,1,1,1,1,1,1,1,1,1,
1,1,1,1,1,1,1,1,1,1,1,1,1,1,1,1,1,1,1,1,1,1,1,1,1,1,1,1,1,1,1,1,1,1,1,1,
1,1,1,1,1,1,1,1,1,1,1,1,1,1,1,1,1,1,1,1,1,1,1,1,1,1,1,1,1,1,1,1,1,1,1,1,
1,1,1,1,1,1,1,1,1,1,1,1,1,1,1,1,1,1,1,1,1,1,1,1,1,1,1,1,1,1,1,1,1,1,1,1,
1,1,1,1,1,1,1,1,1,1,1,1,1,1,1,1,1,1,1,1,1,1,1,1,1,1,1,1,1,1,1,1,1,1,1,1,
1,1,1,1,1,1,1,1,1,1,1,1,1,1,1,1,1,1,1,1,1,1,1,1,1,1,1,1,1,1,1,1,1,1,1,1,
1,1,1,1,1,1,1,1,1,1,1,1,1,1,1,1,1,1,1,1,1,1,1,1,1,1,1,1,1,1,1,1,1,1,1,1,
1,1,1,1,1,1,1,1,1,1,1,1,1,1,1,1,1,1,1,1,1,1,1,1,1,1,1,1,1,1,1,1,1,1,1,1,
1,1,1,1,1,1,1,1,1,1,1,1,1,1,1,1,1,1,1,1,1,1,1,1,1,1,1,1,1,1,1,1,1,1,1,1,
1,1,1,1,1,1,1,1,1,1,1,1,1,1,1,1,1,1,1,1,1,1,1,1,1,1,1,1,1,1,1,1,1,1,1,1,
1,1,1,1,1,1,1,1,1,1,1,1,1,1,1,1,1,1,1,1,1,1,1,1,1,1,1,1,1,1,1,1,1,1,1,1,
1,1,1,1,1,1,1,1,1,1,1,1,1,1,1,1,1,1,1,1,1,1,1,1,1,1,1,1,1,1,1,1,1,1,1,1,
1,1,1,1,1,1,1,1,1,1,1,1,1,1,1,1,1,1,1,1,1,1,1,1,1,1,1,1,1,1,1,1,1,1,1,1,
1,1,1,1,1,1,1,1,1,1,1,4),(0.,0.001953125,0.00390625,0.005859375,0.0068359375,
0.0078125,0.0087890625,0.009765625,0.01171875,0.013671875,0.015625,0.017578125,
0.01953125,0.021484375,0.0234375,0.025390625,0.02734375,0.029296875,0.0302734375,
0.03076171875,0.03125,0.03173828125,0.0322265625,0.033203125,0.0341796875,
0.03515625,0.0361328125,0.037109375,0.0390625,0.041015625,0.0419921875,
0.04296875,0.0439453125,0.044921875,0.046875,0.048828125,0.05078125,0.052734375,
0.0537109375,0.0546875,0.0556640625,0.056640625,0.0576171875,0.05859375,
0.0595703125,0.060546875,0.0625,0.064453125,0.06640625,0.068359375,0.0703125,
0.07421875,0.078125,0.08203125,0.0859375,0.087890625,0.08984375,0.091796875,
0.09375,0.095703125,0.09765625,0.099609375,0.1005859375,0.1015625,0.1025390625,
0.103515625,0.10546875,0.107421875,0.1083984375,0.109375,0.1103515625,0.111328125,
0.11328125,0.1171875,0.12109375,0.125,0.126953125,0.12890625,0.130859375,
0.1328125,0.134765625,0.13671875,0.138671875,0.140625,0.14453125,0.146484375,
0.1474609375,0.1484375,0.1494140625,0.150390625,0.15234375,0.154296875,
0.15625,0.158203125,0.16015625,0.1611328125,0.162109375,0.1630859375,0.16357421875,
0.1640625,0.16455078125,0.1650390625,0.166015625,0.1669921875,0.16796875,
0.169921875,0.171875,0.173828125,0.1748046875,0.17578125,0.1767578125,0.177734375,
0.1796875,0.181640625,0.18359375,0.185546875,0.1865234375,0.18701171875,
0.1875,0.18798828125,0.1884765625,0.189453125,0.1904296875,0.19140625,0.193359375,
0.1953125,0.197265625,0.19921875,0.203125,0.20703125,0.208984375,0.2109375,
0.212890625,0.21484375,0.216796875,0.2177734375,0.21875,0.2197265625,0.220703125,
0.22265625,0.224609375,0.2265625,0.228515625,0.23046875,0.232421875,0.2333984375,
0.234375,0.2353515625,0.236328125,0.23828125,0.2392578125,0.240234375,0.2412109375,
0.24169921875,0.2421875,0.24267578125,0.2431640625,0.244140625,0.24609375,
0.248046875,0.2490234375,0.25,0.2509765625,0.251953125,0.25390625,0.255859375,
0.2568359375,0.2578125,0.2587890625,0.259765625,0.26171875,0.265625,0.267578125,
0.26953125,0.271484375,0.2734375,0.275390625,0.27734375,0.279296875,0.2802734375,
0.28125,0.2822265625,0.283203125,0.2841796875,0.28515625,0.2861328125,0.287109375,
0.2890625,0.291015625,0.29296875,0.294921875,0.2958984375,0.296875,0.2978515625,
0.298828125,0.30078125,0.302734375,0.3037109375,0.3046875,0.3056640625,
0.306640625,0.30859375,0.3095703125,0.310546875,0.3125,0.314453125,0.31640625,
0.318359375,0.3203125,0.322265625,0.32421875,0.328125,0.33203125,0.3359375,
0.337890625,0.33984375,0.341796875,0.34375,0.345703125,0.34765625,0.349609375,
0.3505859375,0.3515625,0.3525390625,0.353515625,0.35546875,0.357421875,
0.3583984375,0.359375,0.3603515625,0.361328125,0.36328125,0.365234375,0.3662109375,
0.3671875,0.3681640625,0.369140625,0.37109375,0.3720703125,0.373046875,
0.3740234375,0.37451171875,0.375,0.37548828125,0.3759765625,0.376953125,
0.37890625,0.380859375,0.3828125,0.38671875,0.390625,0.39453125,0.396484375,
0.3984375,0.400390625,0.40234375,0.404296875,0.40625,0.41015625,0.412109375,
0.4140625,0.416015625,0.41796875,0.419921875,0.4208984375,0.421875,0.4228515625,
0.423828125,0.42431640625,0.4248046875,0.42529296875,0.42578125,0.427734375,
0.4296875,0.431640625,0.43359375,0.435546875,0.4375,0.439453125,0.43994140625,
0.4404296875,0.44140625,0.443359375,0.4453125,0.4462890625,0.447265625,
0.44921875,0.451171875,0.453125,0.455078125,0.4560546875,0.45703125,0.458984375,
0.4609375,0.4619140625,0.462890625,0.46484375,0.466796875,0.46875,0.4697265625,
0.470703125,0.47265625,0.474609375,0.4765625,0.4775390625,0.478515625,0.48046875,
0.482421875,0.484375,0.48486328125,0.4853515625,0.486328125,0.48828125,
0.490234375,0.4912109375,0.4921875,0.494140625,0.49609375,0.498046875,0.4990234375,
0.5,0.5009765625,0.501953125,0.50390625,0.505859375,0.5068359375,0.5078125,
0.5087890625,0.509765625,0.51171875,0.513671875,0.515625,0.517578125,0.51953125,
0.521484375,0.5234375,0.525390625,0.52734375,0.529296875,0.5302734375,0.53125,
0.5322265625,0.533203125,0.5341796875,0.53515625,0.537109375,0.5390625,
0.541015625,0.54296875,0.544921875,0.546875,0.548828125,0.55078125,0.5546875,
0.556640625,0.55859375,0.5625,0.564453125,0.56640625,0.568359375,0.5703125,
0.572265625,0.57421875,0.578125,0.580078125,0.58203125,0.5859375,0.587890625,
0.58984375,0.591796875,0.59375,0.595703125,0.59765625,0.599609375,0.6005859375,
0.6015625,0.6025390625,0.603515625,0.60546875,0.607421875,0.6083984375,
0.609375,0.6103515625,0.611328125,0.61328125,0.615234375,0.6162109375,0.6171875,
0.6181640625,0.619140625,0.6201171875,0.62109375,0.6220703125,0.623046875,
0.625,0.626953125,0.6279296875,0.62890625,0.6298828125,0.630859375,0.6318359375,
0.6328125,0.634765625,0.63671875,0.638671875,0.640625,0.642578125,0.64453125,
0.646484375,0.6484375,0.6494140625,0.650390625,0.6513671875,0.65234375,
0.654296875,0.65625,0.658203125,0.6591796875,0.66015625,0.6611328125,0.662109375,
0.6640625,0.66796875,0.671875,0.673828125,0.6748046875,0.67578125,0.6767578125,
0.677734375,0.6796875,0.681640625,0.68359375,0.685546875,0.6865234375,0.6875,
0.6884765625,0.689453125,0.6904296875,0.69140625,0.6923828125,0.693359375,
0.6953125,0.697265625,0.69921875,0.701171875,0.703125,0.70703125,0.708984375,
0.7109375,0.71484375,0.71875,0.720703125,0.72265625,0.7265625,0.73046875,
0.732421875,0.734375,0.73828125,0.740234375,0.7412109375,0.7421875,0.744140625,
0.74609375,0.748046875,0.7490234375,0.75,0.7509765625,0.751953125,0.75390625,
0.755859375,0.7568359375,0.7578125,0.7587890625,0.759765625,0.76171875,
0.763671875,0.765625,0.767578125,0.76953125,0.771484375,0.7734375,0.775390625,
0.77734375,0.779296875,0.7802734375,0.78125,0.7822265625,0.783203125,0.7841796875,
0.78515625,0.787109375,0.7890625,0.791015625,0.79296875,0.7939453125,0.794921875,
0.796875,0.7978515625,0.798828125,0.80078125,0.802734375,0.8037109375,0.8046875,
0.8056640625,0.806640625,0.80859375,0.8095703125,0.810546875,0.8125,0.814453125,
0.81640625,0.8203125,0.822265625,0.82421875,0.828125,0.830078125,0.83203125,
0.833984375,0.8359375,0.837890625,0.83984375,0.841796875,0.84375,0.845703125,
0.84765625,0.849609375,0.8505859375,0.8515625,0.8525390625,0.853515625,
0.85546875,0.859375,0.861328125,0.86328125,0.865234375,0.8671875,0.869140625,
0.87109375,0.875,0.876953125,0.87890625,0.8828125,0.8837890625,0.884765625,
0.88671875,0.888671875,0.890625,0.892578125,0.89453125,0.896484375,0.8984375,
0.8994140625,0.900390625,0.90234375,0.904296875,0.90625,0.908203125,0.9091796875,
0.91015625,0.912109375,0.9140625,0.91796875,0.921875,0.923828125,0.92578125,
0.927734375,0.9296875,0.9306640625,0.931640625,0.93359375,0.935546875,0.9375,
0.939453125,0.9404296875,0.94140625,0.9423828125,0.943359375,0.9453125,
0.947265625,0.94921875,0.951171875,0.953125,0.95703125,0.9609375,0.96484375,
0.966796875,0.96875,0.970703125,0.97265625,0.974609375,0.9765625,0.978515625,
0.98046875,0.982421875,0.9833984375,0.984375,0.9853515625,0.986328125,0.98828125,
0.990234375,0.9912109375,0.9921875,0.9931640625,0.994140625,0.99609375,
1.),.UNSPECIFIED.);
#642=B_SPLINE_CURVE_WITH_KNOTS('',3,(#9153,#9154,#9155,#9156,#9157,#9158,
#9159),.UNSPECIFIED.,.F.,.F.,(4,1,1,1,4),(2.13697870918488E-17,0.001044968924269,
0.00208993784853797,0.00313490677280695,0.00417987569707593),
 .UNSPECIFIED.);
#643=B_SPLINE_CURVE_WITH_KNOTS('',3,(#9183,#9184,#9185,#9186,#9187),
 .UNSPECIFIED.,.F.,.F.,(4,1,4),(0.000853540715803305,0.00160150614688694,
0.00234947157797058),.UNSPECIFIED.);
#644=B_SPLINE_CURVE_WITH_KNOTS('',3,(#9189,#9190,#9191,#9192,#9193),
 .UNSPECIFIED.,.F.,.F.,(4,1,4),(2.54437811403354E-7,0.000745726635496255,
0.00149119883318111),.UNSPECIFIED.);
#645=B_SPLINE_CURVE_WITH_KNOTS('',3,(#9195,#9196,#9197,#9198,#9199),
 .UNSPECIFIED.,.F.,.F.,(4,1,4),(2.54437811405727E-7,0.000745726635496256,
0.00149119883318111),.UNSPECIFIED.);
#646=B_SPLINE_CURVE_WITH_KNOTS('',3,(#9201,#9202,#9203,#9204,#9205),
 .UNSPECIFIED.,.F.,.F.,(4,1,4),(0.000853540715803305,0.00160150614688694,
0.00234947157797058),.UNSPECIFIED.);
#647=B_SPLINE_CURVE_WITH_KNOTS('',3,(#9207,#9208,#9209,#9210,#9211),
 .UNSPECIFIED.,.F.,.F.,(4,1,4),(2.54437811400006E-7,0.00074572663549625,
0.0014911988331811),.UNSPECIFIED.);
#648=B_SPLINE_CURVE_WITH_KNOTS('',3,(#9213,#9214,#9215,#9216,#9217),
 .UNSPECIFIED.,.F.,.F.,(4,1,4),(2.54437811404865E-7,0.000745726635496255,
0.00149119883318111),.UNSPECIFIED.);
#649=B_SPLINE_CURVE_WITH_KNOTS('',3,(#9426,#9427,#9428,#9429,#9430,#9431,
#9432,#9433,#9434,#9435,#9436),.UNSPECIFIED.,.F.,.F.,(4,1,1,1,1,1,1,1,4),
(1.02999206386123E-18,0.00180044128578342,0.00360088257156683,0.00540132385735025,
0.00720176514313367,0.00900220642891708,0.0108026477147005,0.0126030890004839,
0.0144035302862673),.UNSPECIFIED.);
#650=B_SPLINE_CURVE_WITH_KNOTS('',3,(#9506,#9507,#9508,#9509,#9510),
 .UNSPECIFIED.,.F.,.F.,(4,1,4),(2.78536581357406E-17,0.00196330027248346,
0.00392660054496689),.UNSPECIFIED.);
#651=B_SPLINE_CURVE_WITH_KNOTS('',3,(#9686,#9687,#9688,#9689,#9690),
 .UNSPECIFIED.,.F.,.F.,(4,1,4),(0.,0.00196096244408601,0.00392192488817201),
 .UNSPECIFIED.);
#652=B_SPLINE_CURVE_WITH_KNOTS('',3,(#9760,#9761,#9762,#9763,#9764,#9765,
#9766,#9767,#9768,#9769,#9770),.UNSPECIFIED.,.F.,.F.,(4,1,1,1,1,1,1,1,4),
(0.,0.00179577288358744,0.00359154576717488,0.00538731865076231,0.00718309153434975,
0.00897886441793719,0.0107746373015246,0.0125704101851121,0.0143661830686995),
 .UNSPECIFIED.);
#653=B_SPLINE_CURVE_WITH_KNOTS('',3,(#9808,#9809,#9810,#9811),
 .UNSPECIFIED.,.F.,.F.,(4,4),(2.38073928222129E-7,0.00204488222148754),
 .UNSPECIFIED.);
#654=B_SPLINE_CURVE_WITH_KNOTS('',3,(#9812,#9813,#9814,#9815),
 .UNSPECIFIED.,.F.,.F.,(4,4),(0.00204488222148754,0.00408188624894946),
 .UNSPECIFIED.);
#655=B_SPLINE_CURVE_WITH_KNOTS('',3,(#9819,#9820,#9821,#9822),
 .UNSPECIFIED.,.F.,.F.,(4,4),(0.00204488222148753,0.00408188624894946),
 .UNSPECIFIED.);
#656=B_SPLINE_CURVE_WITH_KNOTS('',3,(#9823,#9824,#9825,#9826),
 .UNSPECIFIED.,.F.,.F.,(4,4),(2.38073928222501E-7,0.00204488222148753),
 .UNSPECIFIED.);
#657=B_SPLINE_CURVE_WITH_KNOTS('',3,(#9828,#9829,#9830,#9831),
 .UNSPECIFIED.,.F.,.F.,(4,4),(2.38073928222108E-7,0.00204488222148753),
 .UNSPECIFIED.);
#658=B_SPLINE_CURVE_WITH_KNOTS('',3,(#9832,#9833,#9834,#9835),
 .UNSPECIFIED.,.F.,.F.,(4,4),(0.00204488222148753,0.00408188624894946),
 .UNSPECIFIED.);
#659=B_SPLINE_CURVE_WITH_KNOTS('',3,(#9839,#9840,#9841,#9842),
 .UNSPECIFIED.,.F.,.F.,(4,4),(0.00204488222148752,0.00408188624894946),
 .UNSPECIFIED.);
#660=B_SPLINE_CURVE_WITH_KNOTS('',3,(#9843,#9844,#9845,#9846),
 .UNSPECIFIED.,.F.,.F.,(4,4),(2.3807392821533E-7,0.00204488222148752),
 .UNSPECIFIED.);
#661=B_SPLINE_CURVE_WITH_KNOTS('',3,(#9848,#9849,#9850,#9851),
 .UNSPECIFIED.,.F.,.F.,(4,4),(0.00579653282970628,0.00784376284516589),
 .UNSPECIFIED.);
#662=B_SPLINE_CURVE_WITH_KNOTS('',3,(#9852,#9853,#9854,#9855),
 .UNSPECIFIED.,.F.,.F.,(4,4),(0.00375087492064085,0.00579653282970628),
 .UNSPECIFIED.);
#663=B_SPLINE_CURVE_WITH_KNOTS('',3,(#9859,#9860,#9861,#9862),
 .UNSPECIFIED.,.F.,.F.,(4,4),(0.00375087492064085,0.00579653282970628),
 .UNSPECIFIED.);
#664=B_SPLINE_CURVE_WITH_KNOTS('',3,(#9863,#9864,#9865,#9866),
 .UNSPECIFIED.,.F.,.F.,(4,4),(0.00579653282970628,0.00784376284516588),
 .UNSPECIFIED.);
#665=B_SPLINE_CURVE_WITH_KNOTS('',3,(#9868,#9869,#9870,#9871),
 .UNSPECIFIED.,.F.,.F.,(4,4),(2.38073928220598E-7,0.00204488222148753),
 .UNSPECIFIED.);
#666=B_SPLINE_CURVE_WITH_KNOTS('',3,(#9872,#9873,#9874,#9875),
 .UNSPECIFIED.,.F.,.F.,(4,4),(0.00204488222148753,0.00408188624894946),
 .UNSPECIFIED.);
#667=B_SPLINE_CURVE_WITH_KNOTS('',3,(#9879,#9880,#9881,#9882),
 .UNSPECIFIED.,.F.,.F.,(4,4),(0.00204488222148753,0.00408188624894945),
 .UNSPECIFIED.);
#668=B_SPLINE_CURVE_WITH_KNOTS('',3,(#9883,#9884,#9885,#9886),
 .UNSPECIFIED.,.F.,.F.,(4,4),(2.38073928220598E-7,0.00204488222148753),
 .UNSPECIFIED.);
#669=B_SPLINE_CURVE_WITH_KNOTS('',3,(#9888,#9889,#9890,#9891),
 .UNSPECIFIED.,.F.,.F.,(4,4),(2.38073928215409E-7,0.00204488222148753),
 .UNSPECIFIED.);
#670=B_SPLINE_CURVE_WITH_KNOTS('',3,(#9892,#9893,#9894,#9895),
 .UNSPECIFIED.,.F.,.F.,(4,4),(0.00204488222148753,0.00408188624894933),
 .UNSPECIFIED.);
#671=B_SPLINE_CURVE_WITH_KNOTS('',3,(#9899,#9900,#9901,#9902),
 .UNSPECIFIED.,.F.,.F.,(4,4),(0.00204488222148753,0.00408188624894933),
 .UNSPECIFIED.);
#672=B_SPLINE_CURVE_WITH_KNOTS('',3,(#9903,#9904,#9905,#9906),
 .UNSPECIFIED.,.F.,.F.,(4,4),(2.38073928222187E-7,0.00204488222148753),
 .UNSPECIFIED.);
#673=B_SPLINE_CURVE_WITH_KNOTS('',3,(#9908,#9909,#9910,#9911),
 .UNSPECIFIED.,.F.,.F.,(4,4),(0.00375087492263963,0.00579653283171802),
 .UNSPECIFIED.);
#674=B_SPLINE_CURVE_WITH_KNOTS('',3,(#9912,#9913,#9914,#9915),
 .UNSPECIFIED.,.F.,.F.,(4,4),(0.00579653283171802,0.00784376284715514),
 .UNSPECIFIED.);
#675=B_SPLINE_CURVE_WITH_KNOTS('',3,(#9916,#9917,#9918,#9919),
 .UNSPECIFIED.,.F.,.F.,(4,4),(0.00579653283171801,0.00784376284715512),
 .UNSPECIFIED.);
#676=B_SPLINE_CURVE_WITH_KNOTS('',3,(#9920,#9921,#9922,#9923),
 .UNSPECIFIED.,.F.,.F.,(4,4),(0.00375087492263962,0.00579653283171801),
 .UNSPECIFIED.);
#677=B_SPLINE_CURVE_WITH_KNOTS('',3,(#9954,#9955,#9956,#9957),
 .UNSPECIFIED.,.F.,.F.,(4,4),(0.,0.000790717960947554),.UNSPECIFIED.);
#678=B_SPLINE_CURVE_WITH_KNOTS('',3,(#9966,#9967,#9968,#9969),
 .UNSPECIFIED.,.F.,.F.,(4,4),(0.,0.000790023176344245),.UNSPECIFIED.);
#679=B_SPLINE_CURVE_WITH_KNOTS('',3,(#9990,#9991,#9992,#9993),
 .UNSPECIFIED.,.F.,.F.,(4,4),(0.,0.000235985906090774),.UNSPECIFIED.);
#680=B_SPLINE_CURVE_WITH_KNOTS('',3,(#9995,#9996,#9997,#9998),
 .UNSPECIFIED.,.F.,.F.,(4,4),(0.,0.000235985249560888),.UNSPECIFIED.);
#681=B_SPLINE_CURVE_WITH_KNOTS('',3,(#10057,#10058,#10059,#10060),
 .UNSPECIFIED.,.F.,.F.,(4,4),(0.,0.000395807257096462),.UNSPECIFIED.);
#682=B_SPLINE_CURVE_WITH_KNOTS('',3,(#10064,#10065,#10066,#10067),
 .UNSPECIFIED.,.F.,.F.,(4,4),(0.,0.00039568068426346),.UNSPECIFIED.);
#683=B_SPLINE_CURVE_WITH_KNOTS('',3,(#10116,#10117,#10118,#10119,#10120,
#10121,#10122,#10123,#10124,#10125,#10126,#10127,#10128,#10129,#10130,#10131,
#10132,#10133,#10134),.UNSPECIFIED.,.T.,.F.,(1,1,1,1,1,1,1,1,1,1,1,1,1,
1,1,1,1,1,1,1,1,1,1),(-0.190789473684211,-0.128289473684211,-0.0657894736842105,
0.,0.059375,0.12171875,0.1842109375,0.246710546875,0.30921052734375,0.371710526367187,
0.434210526318359,0.496710526315918,0.559210526315796,0.62171052631579,
0.684210526315789,0.746710526315789,0.809210526315789,0.871710526315789,
0.934210526315789,1.,1.059375,1.12171875,1.1842109375),.UNSPECIFIED.);
#684=B_SPLINE_CURVE_WITH_KNOTS('',3,(#10240,#10241,#10242,#10243,#10244,
#10245,#10246),.UNSPECIFIED.,.F.,.F.,(4,1,1,1,4),(0.,0.000391436340846863,
0.000782872681693726,0.00117430902254059,0.00156574536338745),
 .UNSPECIFIED.);
#685=B_SPLINE_CURVE_WITH_KNOTS('',3,(#10264,#10265,#10266,#10267,#10268,
#10269,#10270),.UNSPECIFIED.,.F.,.F.,(4,1,1,1,4),(0.,0.000391436340846855,
0.00078287268169371,0.00117430902254057,0.00156574536338742),
 .UNSPECIFIED.);
#686=B_SPLINE_CURVE_WITH_KNOTS('',3,(#10275,#10276,#10277,#10278,#10279,
#10280,#10281),.UNSPECIFIED.,.F.,.F.,(4,1,1,1,4),(0.,0.000391436340846871,
0.000782872681693741,0.00117430902254061,0.00156574536338748),
 .UNSPECIFIED.);
#687=B_SPLINE_CURVE_WITH_KNOTS('',3,(#10344,#10345,#10346,#10347,#10348,
#10349,#10350,#10351,#10352,#10353,#10354,#10355,#10356,#10357,#10358,#10359,
#10360,#10361,#10362,#10363,#10364,#10365,#10366,#10367,#10368,#10369,#10370,
#10371,#10372,#10373,#10374,#10375,#10376,#10377,#10378,#10379,#10380,#10381,
#10382,#10383,#10384,#10385),.UNSPECIFIED.,.T.,.F.,(1,1,1,1,1,1,1,1,1,1,
1,1,1,1,1,1,1,1,1,1,1,1,1,1,1,1,1,1,1,1,1,1,1,1,1,1,1,1,1,1,1,1,1,1,1,1),
(-0.128289494192023,-0.0962171206440176,-0.0641447470960117,0.,0.059375,
0.0890625,0.11875,0.15140625,0.167734375,0.1840625,0.191892578125,0.19972265625,
0.2153828125,0.246703125,0.277956640625,0.2935833984375,0.30921015625,0.324835244140625,
0.34046033203125,0.356085419921875,0.3717105078125,0.432648016601562,0.493585525390625,
0.556007400830078,0.587218338549805,0.618429276269531,0.651237870041504,
0.66764216692749,0.684046463813477,0.691878446235626,0.699710428657776,
0.715374393502075,0.746702323190674,0.777956219675104,0.793583167917319,
0.809210116159534,0.824835213571644,0.840460310983755,0.856085408395866,
0.871710505807977,0.903782879355982,0.935855252903988,1.,1.059375,1.0890625,
1.11875),.UNSPECIFIED.);
#688=B_SPLINE_CURVE_WITH_KNOTS('',3,(#10425,#10426,#10427,#10428,#10429,
#10430,#10431),.UNSPECIFIED.,.T.,.F.,(1,1,1,1,1,1,1,1,1,1,1),(-0.00118816011431339,
-0.000792106742875588,-0.000396053371437785,1.85212229669867E-17,0.000396053371437822,
0.000792106742875625,0.00118816011431343,0.00158421348575123,0.00198026685718903,
0.00237632022862684,0.00277237360006464),.UNSPECIFIED.);
#689=B_SPLINE_CURVE_WITH_KNOTS('',3,(#10436,#10437,#10438,#10439,#10440,
#10441,#10442),.UNSPECIFIED.,.T.,.F.,(1,1,1,1,1,1,1,1,1,1,1),(-0.00118826253728449,
-0.000792175024856328,-0.000396087512428164,8.14891810577787E-21,0.000396087512428164,
0.000792175024856328,0.00118826253728449,0.00158435004971266,0.00198043756214082,
0.00237652507456898,0.00277261258699715),.UNSPECIFIED.);
#690=B_SPLINE_CURVE_WITH_KNOTS('',3,(#10449,#10450,#10451,#10452,#10453,
#10454,#10455,#10456,#10457,#10458,#10459),.UNSPECIFIED.,.T.,.F.,(1,1,1,
1,1,1,1,1,1,1,1,1,1,1,1),(-0.00128985202660073,-0.000859901351067154,-0.000429950675533577,
2.80326081221451E-20,0.000429950675533577,0.000859901351067154,0.00128985202660073,
0.00171980270213431,0.00214975337766788,0.00257970405320146,0.00300965472873504,
0.00343960540426861,0.00386955607980219,0.00429950675533577,0.00472945743086934),
 .UNSPECIFIED.);
#691=B_SPLINE_CURVE_WITH_KNOTS('',3,(#10464,#10465,#10466,#10467,#10468,
#10469,#10470),.UNSPECIFIED.,.T.,.F.,(1,1,1,1,1,1,1,1,1,1,1),(-0.00118816011431338,
-0.000792106742875581,-0.000396053371437782,1.76601857623347E-17,0.000396053371437817,
0.000792106742875616,0.00118816011431342,0.00158421348575122,0.00198026685718901,
0.00237632022862681,0.00277237360006461),.UNSPECIFIED.);
#692=B_SPLINE_CURVE_WITH_KNOTS('',3,(#10474,#10475,#10476,#10477,#10478,
#10479,#10480,#10481,#10482,#10483,#10484),.UNSPECIFIED.,.T.,.F.,(1,1,1,
1,1,1,1,1,1,1,1,1,1,1,1),(-0.00128985202660074,-0.000859901351067159,-0.000429950675533579,
2.80327890679041E-20,0.000429950675533579,0.000859901351067158,0.00128985202660074,
0.00171980270213432,0.0021497533776679,0.00257970405320148,0.00300965472873505,
0.00343960540426863,0.00386955607980221,0.00429950675533579,0.00472945743086937),
 .UNSPECIFIED.);
#693=B_SPLINE_CURVE_WITH_KNOTS('',3,(#10486,#10487,#10488,#10489,#10490,
#10491,#10492),.UNSPECIFIED.,.T.,.F.,(1,1,1,1,1,1,1,1,1,1,1),(-0.00118826253728449,
-0.000792175024856324,-0.000396087512428162,8.14889225638373E-21,0.000396087512428162,
0.000792175024856324,0.00118826253728449,0.00158435004971265,0.00198043756214081,
0.00237652507456897,0.00277261258699713),.UNSPECIFIED.);
#694=B_SPLINE_CURVE_WITH_KNOTS('',3,(#10899,#10900,#10901,#10902,#10903,
#10904,#10905,#10906,#10907,#10908,#10909),.UNSPECIFIED.,.T.,.F.,(1,1,1,
1,1,1,1,1,1,1,1,1,1,1,1),(-0.00188867870053824,-0.00125911913369216,-0.000629559566846079,
0.,0.000629559566846079,0.00125911913369216,0.00188867870053824,0.00251823826738431,
0.00314779783423039,0.00377735740107647,0.00440691696792255,0.00503647653476863,
0.00566603610161471,0.00629559566846079,0.00692515523530686),
 .UNSPECIFIED.);
#695=B_SPLINE_CURVE_WITH_KNOTS('',3,(#11022,#11023,#11024,#11025),
 .UNSPECIFIED.,.F.,.F.,(4,4),(7.152448122691E-18,0.000489883227361353),
 .UNSPECIFIED.);
#696=B_SPLINE_CURVE_WITH_KNOTS('',3,(#11039,#11040,#11041,#11042),
 .UNSPECIFIED.,.F.,.F.,(4,4),(0.,0.000489888900475593),.UNSPECIFIED.);
#697=B_SPLINE_CURVE_WITH_KNOTS('',3,(#11181,#11182,#11183,#11184,#11185,
#11186,#11187,#11188,#11189,#11190,#11191),.UNSPECIFIED.,.T.,.F.,(1,1,1,
1,1,1,1,1,1,1,1,1,1,1,1),(-0.00328459936273414,-0.00218973290848943,-0.00109486645424471,
1.92054665375591E-19,0.00109486645424471,0.00218973290848943,0.00328459936273414,
0.00437946581697886,0.00547433227122357,0.00656919872546829,0.007664065179713,
0.00875893163395772,0.00985379808820243,0.0109486645424471,0.0120435309966919),
 .UNSPECIFIED.);
#698=B_SPLINE_CURVE_WITH_KNOTS('',3,(#11199,#11200,#11201,#11202,#11203,
#11204,#11205,#11206,#11207,#11208,#11209),.UNSPECIFIED.,.T.,.F.,(1,1,1,
1,1,1,1,1,1,1,1,1,1,1,1),(-0.00187669059926169,-0.00125112706617446,-0.00062556353308723,
9.68326317882072E-20,0.00062556353308723,0.00125112706617446,0.00187669059926169,
0.00250225413234892,0.00312781766543615,0.00375338119852338,0.00437894473161061,
0.00500450826469784,0.00563007179778507,0.0062556353308723,0.00688119886395952),
 .UNSPECIFIED.);
#699=B_SPLINE_CURVE_WITH_KNOTS('',3,(#11216,#11217,#11218,#11219,#11220,
#11221,#11222,#11223,#11224,#11225,#11226),.UNSPECIFIED.,.T.,.F.,(1,1,1,
1,1,1,1,1,1,1,1,1,1,1,1),(-0.00187669059926166,-0.00125112706617444,-0.000625563533087221,
9.68324508424482E-20,0.000625563533087221,0.00125112706617444,0.00187669059926166,
0.00250225413234889,0.00312781766543611,0.00375338119852333,0.00437894473161055,
0.00500450826469777,0.00563007179778499,0.00625563533087221,0.00688119886395944),
 .UNSPECIFIED.);
#700=B_SPLINE_CURVE_WITH_KNOTS('',3,(#11233,#11234,#11235,#11236,#11237,
#11238,#11239,#11240,#11241,#11242,#11243),.UNSPECIFIED.,.T.,.F.,(1,1,1,
1,1,1,1,1,1,1,1,1,1,1,1),(-0.00328459936273412,-0.00218973290848942,-0.00109486645424471,
1.92054691224985E-19,0.00109486645424471,0.00218973290848942,0.00328459936273412,
0.00437946581697883,0.00547433227122354,0.00656919872546825,0.00766406517971296,
0.00875893163395767,0.00985379808820237,0.0109486645424471,0.0120435309966918),
 .UNSPECIFIED.);
#701=(
BOUNDED_CURVE()
B_SPLINE_CURVE(2,(#7095,#7096,#7097,#7098,#7099,#7100,#7101,#7102,#7103,
#7104,#7105,#7106,#7107,#7108,#7109,#7110,#7111,#7112,#7113,#7114,#7115,
#7116,#7117,#7118,#7119,#7120,#7121,#7122,#7123,#7124,#7125,#7126,#7127,
#7128,#7129,#7130,#7131,#7132,#7133,#7134,#7135,#7136,#7137,#7138,#7139,
#7140,#7141,#7142,#7143,#7144,#7145,#7146,#7147,#7148,#7149,#7150,#7151,
#7152,#7153,#7154,#7155,#7156,#7157,#7158,#7159,#7160,#7161,#7162,#7163,
#7164,#7165,#7166,#7167,#7168,#7169,#7170,#7171,#7172,#7173,#7174,#7175,
#7176,#7177,#7178,#7179,#7180,#7181,#7182,#7183,#7184,#7185,#7186,#7187,
#7188,#7189,#7190,#7191,#7192,#7193,#7194,#7195,#7196,#7197,#7198,#7199,
#7200,#7201,#7202,#7203,#7204,#7205,#7206,#7207,#7208,#7209,#7210,#7211,
#7212,#7213,#7214,#7215,#7216,#7217,#7218,#7219,#7220,#7221,#7222,#7223,
#7224,#7225,#7226,#7227,#7228,#7229,#7230,#7231,#7232,#7233,#7234,#7235,
#7236,#7237,#7238,#7239,#7240,#7241,#7242,#7243,#7244,#7245),
 .UNSPECIFIED.,.F.,.F.)
B_SPLINE_CURVE_WITH_KNOTS((3,2,2,2,2,2,2,2,2,2,2,2,2,2,2,2,2,2,2,2,2,2,
2,2,2,2,2,2,2,2,2,2,2,2,2,2,2,2,2,2,2,2,2,2,2,2,2,2,2,2,2,2,2,2,2,2,2,2,
2,2,2,2,2,2,2,2,2,2,2,2,2,2,2,2,2,3),(0.,0.0128205128205128,0.0256410256410256,
0.0384615384615385,0.0512820512820513,0.0641025641025641,0.0769230769230769,
0.0897435897435897,0.102564102564103,0.115384615384615,0.128205128205128,
0.141025641025641,0.153846153846154,0.166666666666667,0.179487179487179,
0.192307692307692,0.205128205128205,0.217948717948718,0.230769230769231,
0.243589743589744,0.256410256410256,0.269230769230769,0.282051282051282,
0.294871794871795,0.307692307692308,0.320512820512821,0.333333333333333,
0.346153846153846,0.358974358974359,0.371794871794872,0.384615384615385,
0.397435897435897,0.41025641025641,0.423076923076923,0.435897435897436,
0.448717948717949,0.461538461538462,0.474358974358974,0.487179487179487,
0.5,0.512820512820513,0.525641025641026,0.538461538461538,0.551282051282051,
0.564102564102564,0.576923076923077,0.58974358974359,0.602564102564103,
0.615384615384615,0.628205128205128,0.641025641025641,0.653846153846154,
0.666666666666667,0.67948717948718,0.692307692307692,0.705128205128205,
0.717948717948718,0.730769230769231,0.743589743589744,0.756410256410256,
0.769230769230769,0.782051282051282,0.794871794871795,0.807692307692308,
0.82051282051282,0.833333333333333,0.846153846153846,0.858974358974359,
0.871794871794872,0.884615384615385,0.897435897435897,0.91025641025641,
0.923076923076923,0.935897435897436,0.948717948717949,0.956023221956608),
 .PIECEWISE_BEZIER_KNOTS.)
CURVE()
GEOMETRIC_REPRESENTATION_ITEM()
RATIONAL_B_SPLINE_CURVE((1.,0.866025403784439,1.,0.866025403784439,1.,0.866025403784439,
1.,0.866025403784439,1.,0.866025403784439,1.,0.866025403784439,1.,0.866025403784439,
1.,0.866025403784439,1.,0.866025403784439,1.,0.866025403784439,1.,0.866025403784439,
1.,0.866025403784439,1.,0.866025403784439,1.,0.866025403784439,1.,0.866025403784439,
1.,0.866025403784439,1.,0.866025403784439,1.,0.866025403784439,1.,0.866025403784439,
1.,0.866025403784439,1.,0.866025403784439,1.,0.866025403784439,1.,0.866025403784439,
1.,0.866025403784439,1.,0.866025403784439,1.,0.866025403784439,1.,0.866025403784439,
1.,0.866025403784439,1.,0.866025403784439,1.,0.866025403784439,1.,0.866025403784439,
1.,0.866025403784439,1.,0.866025403784439,1.,0.866025403784439,1.,0.866025403784439,
1.,0.866025403784439,1.,0.866025403784439,1.,0.866025403784439,1.,0.866025403784439,
1.,0.866025403784439,1.,0.866025403784439,1.,0.866025403784439,1.,0.866025403784439,
1.,0.866025403784439,1.,0.866025403784439,1.,0.866025403784439,1.,0.866025403784439,
1.,0.866025403784439,1.,0.866025403784439,1.,0.866025403784439,1.,0.866025403784439,
1.,0.866025403784439,1.,0.866025403784439,1.,0.866025403784439,1.,0.866025403784439,
1.,0.866025403784439,1.,0.866025403784439,1.,0.866025403784439,1.,0.866025403784439,
1.,0.866025403784439,1.,0.866025403784439,1.,0.866025403784439,1.,0.866025403784439,
1.,0.866025403784439,1.,0.866025403784439,1.,0.866025403784439,1.,0.866025403784439,
1.,0.866025403784439,1.,0.866025403784439,1.,0.866025403784439,1.,0.866025403784439,
1.,0.866025403784439,1.,0.866025403784439,1.,0.866025403784439,1.,0.923659759473284,
0.934318584266385))
REPRESENTATION_ITEM('')
);
#702=(
BOUNDED_CURVE()
B_SPLINE_CURVE(2,(#8103,#8104,#8105,#8106,#8107,#8108,#8109,#8110,#8111,
#8112,#8113,#8114,#8115,#8116,#8117,#8118,#8119,#8120,#8121,#8122,#8123,
#8124,#8125,#8126,#8127,#8128,#8129,#8130,#8131,#8132,#8133,#8134,#8135,
#8136,#8137,#8138,#8139,#8140,#8141,#8142,#8143,#8144,#8145,#8146,#8147,
#8148,#8149,#8150,#8151,#8152,#8153,#8154,#8155,#8156,#8157,#8158,#8159,
#8160,#8161,#8162,#8163,#8164,#8165,#8166,#8167,#8168,#8169,#8170,#8171,
#8172,#8173,#8174,#8175,#8176,#8177,#8178,#8179,#8180,#8181,#8182,#8183,
#8184,#8185,#8186,#8187,#8188,#8189,#8190,#8191,#8192,#8193,#8194,#8195,
#8196,#8197,#8198,#8199,#8200,#8201,#8202,#8203,#8204,#8205,#8206,#8207,
#8208,#8209,#8210,#8211,#8212,#8213,#8214,#8215,#8216,#8217,#8218,#8219,
#8220,#8221,#8222,#8223,#8224,#8225,#8226,#8227,#8228,#8229,#8230,#8231,
#8232,#8233,#8234,#8235,#8236,#8237,#8238,#8239,#8240,#8241,#8242,#8243,
#8244,#8245,#8246,#8247,#8248,#8249,#8250,#8251,#8252,#8253),
 .UNSPECIFIED.,.F.,.F.)
B_SPLINE_CURVE_WITH_KNOTS((3,2,2,2,2,2,2,2,2,2,2,2,2,2,2,2,2,2,2,2,2,2,
2,2,2,2,2,2,2,2,2,2,2,2,2,2,2,2,2,2,2,2,2,2,2,2,2,2,2,2,2,2,2,2,2,2,2,2,
2,2,2,2,2,2,2,2,2,2,2,2,2,2,2,2,2,3),(0.,0.0128205128205128,0.0256410256410256,
0.0384615384615385,0.0512820512820513,0.0641025641025641,0.0769230769230769,
0.0897435897435897,0.102564102564103,0.115384615384615,0.128205128205128,
0.141025641025641,0.153846153846154,0.166666666666667,0.179487179487179,
0.192307692307692,0.205128205128205,0.217948717948718,0.230769230769231,
0.243589743589744,0.256410256410256,0.269230769230769,0.282051282051282,
0.294871794871795,0.307692307692308,0.320512820512821,0.333333333333333,
0.346153846153846,0.358974358974359,0.371794871794872,0.384615384615385,
0.397435897435897,0.41025641025641,0.423076923076923,0.435897435897436,
0.448717948717949,0.461538461538462,0.474358974358974,0.487179487179487,
0.5,0.512820512820513,0.525641025641026,0.538461538461538,0.551282051282051,
0.564102564102564,0.576923076923077,0.58974358974359,0.602564102564103,
0.615384615384615,0.628205128205128,0.641025641025641,0.653846153846154,
0.666666666666667,0.67948717948718,0.692307692307692,0.705128205128205,
0.717948717948718,0.730769230769231,0.743589743589744,0.756410256410256,
0.769230769230769,0.782051282051282,0.794871794871795,0.807692307692308,
0.82051282051282,0.833333333333333,0.846153846153846,0.858974358974359,
0.871794871794872,0.884615384615385,0.897435897435897,0.91025641025641,
0.923076923076923,0.935897435897436,0.948717948717949,0.956023132190118),
 .PIECEWISE_BEZIER_KNOTS.)
CURVE()
GEOMETRIC_REPRESENTATION_ITEM()
RATIONAL_B_SPLINE_CURVE((1.,0.866025403784439,1.,0.866025403784439,1.,0.866025403784439,
1.,0.866025403784439,1.,0.866025403784439,1.,0.866025403784439,1.,0.866025403784439,
1.,0.866025403784439,1.,0.866025403784439,1.,0.866025403784439,1.,0.866025403784439,
1.,0.866025403784439,1.,0.866025403784439,1.,0.866025403784439,1.,0.866025403784439,
1.,0.866025403784439,1.,0.866025403784439,1.,0.866025403784439,1.,0.866025403784439,
1.,0.866025403784439,1.,0.866025403784439,1.,0.866025403784439,1.,0.866025403784439,
1.,0.866025403784439,1.,0.866025403784439,1.,0.866025403784439,1.,0.866025403784439,
1.,0.866025403784439,1.,0.866025403784439,1.,0.866025403784439,1.,0.866025403784439,
1.,0.866025403784439,1.,0.866025403784439,1.,0.866025403784439,1.,0.866025403784439,
1.,0.866025403784439,1.,0.866025403784439,1.,0.866025403784439,1.,0.866025403784439,
1.,0.866025403784439,1.,0.866025403784439,1.,0.866025403784439,1.,0.866025403784439,
1.,0.866025403784439,1.,0.866025403784439,1.,0.866025403784439,1.,0.866025403784439,
1.,0.866025403784439,1.,0.866025403784439,1.,0.866025403784439,1.,0.866025403784439,
1.,0.866025403784439,1.,0.866025403784439,1.,0.866025403784439,1.,0.866025403784439,
1.,0.866025403784439,1.,0.866025403784439,1.,0.866025403784439,1.,0.866025403784439,
1.,0.866025403784439,1.,0.866025403784439,1.,0.866025403784439,1.,0.866025403784439,
1.,0.866025403784439,1.,0.866025403784439,1.,0.866025403784439,1.,0.866025403784439,
1.,0.866025403784439,1.,0.866025403784439,1.,0.866025403784439,1.,0.866025403784439,
1.,0.866025403784439,1.,0.866025403784439,1.,0.866025403784439,1.,0.923660697534776,
0.934318322330305))
REPRESENTATION_ITEM('')
);
#703=(
BOUNDED_CURVE()
B_SPLINE_CURVE(2,(#9357,#9358,#9359,#9360,#9361,#9362,#9363,#9364,#9365,
#9366,#9367,#9368,#9369,#9370,#9371,#9372,#9373,#9374,#9375,#9376,#9377,
#9378,#9379,#9380,#9381,#9382,#9383,#9384,#9385,#9386,#9387,#9388,#9389,
#9390,#9391,#9392,#9393,#9394,#9395,#9396,#9397,#9398,#9399,#9400,#9401,
#9402,#9403,#9404,#9405,#9406,#9407,#9408,#9409,#9410,#9411,#9412,#9413,
#9414,#9415,#9416,#9417,#9418,#9419,#9420,#9421,#9422,#9423),
 .UNSPECIFIED.,.F.,.F.)
B_SPLINE_CURVE_WITH_KNOTS((3,2,2,2,2,2,2,2,2,2,2,2,2,2,2,2,2,2,2,2,2,2,
2,2,2,2,2,2,2,2,2,2,2,3),(0.,0.025,0.05,0.075,0.1,0.125,0.15,0.175,0.2,
0.225,0.25,0.275,0.3,0.325,0.35,0.375,0.4,0.425,0.45,0.475,0.5,0.525,0.55,
0.575,0.6,0.625,0.65,0.675,0.7,0.725,0.75,0.775,0.8,0.825),
 .PIECEWISE_BEZIER_KNOTS.)
CURVE()
GEOMETRIC_REPRESENTATION_ITEM()
RATIONAL_B_SPLINE_CURVE((1.,0.923879532511287,1.,0.923879532511287,1.,0.923879532511287,
1.,0.923879532511287,1.,0.923879532511287,1.,0.923879532511287,1.,0.923879532511287,
1.,0.923879532511287,1.,0.923879532511287,1.,0.923879532511287,1.,0.923879532511287,
1.,0.923879532511287,1.,0.923879532511287,1.,0.923879532511287,1.,0.923879532511287,
1.,0.923879532511287,1.,0.923879532511287,1.,0.923879532511287,1.,0.923879532511287,
1.,0.923879532511287,1.,0.923879532511287,1.,0.923879532511287,1.,0.923879532511287,
1.,0.923879532511287,1.,0.923879532511287,1.,0.923879532511287,1.,0.923879532511287,
1.,0.923879532511287,1.,0.923879532511287,1.,0.923879532511287,1.,0.923879532511287,
1.,0.923879532511287,1.,0.923879532511287,1.))
REPRESENTATION_ITEM('')
);
#704=(
BOUNDED_CURVE()
B_SPLINE_CURVE(2,(#9438,#9439,#9440,#9441,#9442,#9443,#9444,#9445,#9446,
#9447,#9448,#9449,#9450,#9451,#9452,#9453,#9454,#9455,#9456,#9457,#9458,
#9459,#9460,#9461,#9462,#9463,#9464,#9465,#9466,#9467,#9468,#9469,#9470,
#9471,#9472,#9473,#9474,#9475,#9476,#9477,#9478,#9479,#9480,#9481,#9482,
#9483,#9484,#9485,#9486,#9487,#9488,#9489,#9490,#9491,#9492,#9493,#9494,
#9495,#9496,#9497,#9498,#9499,#9500,#9501,#9502,#9503,#9504),
 .UNSPECIFIED.,.F.,.F.)
B_SPLINE_CURVE_WITH_KNOTS((3,2,2,2,2,2,2,2,2,2,2,2,2,2,2,2,2,2,2,2,2,2,
2,2,2,2,2,2,2,2,2,2,2,3),(0.,0.025,0.05,0.075,0.1,0.125,0.15,0.175,0.2,
0.225,0.25,0.275,0.3,0.325,0.35,0.375,0.4,0.425,0.45,0.475,0.5,0.525,0.55,
0.575,0.6,0.625,0.65,0.675,0.7,0.725,0.75,0.775,0.8,0.825),
 .PIECEWISE_BEZIER_KNOTS.)
CURVE()
GEOMETRIC_REPRESENTATION_ITEM()
RATIONAL_B_SPLINE_CURVE((1.,0.923879532511287,1.,0.923879532511287,1.,0.923879532511287,
1.,0.923879532511287,1.,0.923879532511287,1.,0.923879532511287,1.,0.923879532511287,
1.,0.923879532511287,1.,0.923879532511287,1.,0.923879532511287,1.,0.923879532511287,
1.,0.923879532511287,1.,0.923879532511287,1.,0.923879532511287,1.,0.923879532511287,
1.,0.923879532511287,1.,0.923879532511287,1.,0.923879532511287,1.,0.923879532511287,
1.,0.923879532511287,1.,0.923879532511287,1.,0.923879532511287,1.,0.923879532511287,
1.,0.923879532511287,1.,0.923879532511287,1.,0.923879532511287,1.,0.923879532511287,
1.,0.923879532511287,1.,0.923879532511287,1.,0.923879532511287,1.,0.923879532511287,
1.,0.923879532511287,1.,0.923879532511287,1.))
REPRESENTATION_ITEM('')
);
#705=(
BOUNDED_CURVE()
B_SPLINE_CURVE(2,(#9617,#9618,#9619,#9620,#9621,#9622,#9623,#9624,#9625,
#9626,#9627,#9628,#9629,#9630,#9631,#9632,#9633,#9634,#9635,#9636,#9637,
#9638,#9639,#9640,#9641,#9642,#9643,#9644,#9645,#9646,#9647,#9648,#9649,
#9650,#9651,#9652,#9653,#9654,#9655,#9656,#9657,#9658,#9659,#9660,#9661,
#9662,#9663,#9664,#9665,#9666,#9667,#9668,#9669,#9670,#9671,#9672,#9673,
#9674,#9675,#9676,#9677,#9678,#9679,#9680,#9681,#9682,#9683),
 .UNSPECIFIED.,.F.,.F.)
B_SPLINE_CURVE_WITH_KNOTS((3,2,2,2,2,2,2,2,2,2,2,2,2,2,2,2,2,2,2,2,2,2,
2,2,2,2,2,2,2,2,2,2,2,3),(0.,0.025,0.05,0.075,0.1,0.125,0.15,0.175,0.2,
0.225,0.25,0.275,0.3,0.325,0.35,0.375,0.4,0.425,0.45,0.475,0.5,0.525,0.55,
0.575,0.6,0.625,0.65,0.675,0.7,0.725,0.75,0.775,0.8,0.825),
 .PIECEWISE_BEZIER_KNOTS.)
CURVE()
GEOMETRIC_REPRESENTATION_ITEM()
RATIONAL_B_SPLINE_CURVE((1.,0.923879532511287,1.,0.923879532511287,1.,0.923879532511287,
1.,0.923879532511287,1.,0.923879532511287,1.,0.923879532511287,1.,0.923879532511287,
1.,0.923879532511287,1.,0.923879532511287,1.,0.923879532511287,1.,0.923879532511287,
1.,0.923879532511287,1.,0.923879532511287,1.,0.923879532511287,1.,0.923879532511287,
1.,0.923879532511287,1.,0.923879532511287,1.,0.923879532511287,1.,0.923879532511287,
1.,0.923879532511287,1.,0.923879532511287,1.,0.923879532511287,1.,0.923879532511287,
1.,0.923879532511287,1.,0.923879532511287,1.,0.923879532511287,1.,0.923879532511287,
1.,0.923879532511287,1.,0.923879532511287,1.,0.923879532511287,1.,0.923879532511287,
1.,0.923879532511287,1.,0.923879532511287,1.))
REPRESENTATION_ITEM('')
);
#706=(
BOUNDED_CURVE()
B_SPLINE_CURVE(2,(#9692,#9693,#9694,#9695,#9696,#9697,#9698,#9699,#9700,
#9701,#9702,#9703,#9704,#9705,#9706,#9707,#9708,#9709,#9710,#9711,#9712,
#9713,#9714,#9715,#9716,#9717,#9718,#9719,#9720,#9721,#9722,#9723,#9724,
#9725,#9726,#9727,#9728,#9729,#9730,#9731,#9732,#9733,#9734,#9735,#9736,
#9737,#9738,#9739,#9740,#9741,#9742,#9743,#9744,#9745,#9746,#9747,#9748,
#9749,#9750,#9751,#9752,#9753,#9754,#9755,#9756,#9757,#9758),
 .UNSPECIFIED.,.F.,.F.)
B_SPLINE_CURVE_WITH_KNOTS((3,2,2,2,2,2,2,2,2,2,2,2,2,2,2,2,2,2,2,2,2,2,
2,2,2,2,2,2,2,2,2,2,2,3),(0.,0.025,0.05,0.075,0.1,0.125,0.15,0.175,0.2,
0.225,0.25,0.275,0.3,0.325,0.35,0.375,0.4,0.425,0.45,0.475,0.5,0.525,0.55,
0.575,0.6,0.625,0.65,0.675,0.7,0.725,0.75,0.775,0.8,0.825),
 .PIECEWISE_BEZIER_KNOTS.)
CURVE()
GEOMETRIC_REPRESENTATION_ITEM()
RATIONAL_B_SPLINE_CURVE((1.,0.923879532511287,1.,0.923879532511287,1.,0.923879532511287,
1.,0.923879532511287,1.,0.923879532511287,1.,0.923879532511287,1.,0.923879532511287,
1.,0.923879532511287,1.,0.923879532511287,1.,0.923879532511287,1.,0.923879532511287,
1.,0.923879532511287,1.,0.923879532511287,1.,0.923879532511287,1.,0.923879532511287,
1.,0.923879532511287,1.,0.923879532511287,1.,0.923879532511287,1.,0.923879532511287,
1.,0.923879532511287,1.,0.923879532511287,1.,0.923879532511287,1.,0.923879532511287,
1.,0.923879532511287,1.,0.923879532511287,1.,0.923879532511287,1.,0.923879532511287,
1.,0.923879532511287,1.,0.923879532511287,1.,0.923879532511287,1.,0.923879532511287,
1.,0.923879532511287,1.,0.923879532511287,1.))
REPRESENTATION_ITEM('')
);
#707=ORIENTED_EDGE('',*,*,#1845,.T.);
#708=ORIENTED_EDGE('',*,*,#1846,.T.);
#709=ORIENTED_EDGE('',*,*,#1847,.T.);
#710=ORIENTED_EDGE('',*,*,#1848,.F.);
#711=ORIENTED_EDGE('',*,*,#1849,.F.);
#712=ORIENTED_EDGE('',*,*,#1850,.F.);
#713=ORIENTED_EDGE('',*,*,#1851,.F.);
#714=ORIENTED_EDGE('',*,*,#1852,.F.);
#715=ORIENTED_EDGE('',*,*,#1853,.F.);
#716=ORIENTED_EDGE('',*,*,#1854,.F.);
#717=ORIENTED_EDGE('',*,*,#1855,.F.);
#718=ORIENTED_EDGE('',*,*,#1856,.F.);
#719=ORIENTED_EDGE('',*,*,#1857,.F.);
#720=ORIENTED_EDGE('',*,*,#1858,.F.);
#721=ORIENTED_EDGE('',*,*,#1859,.F.);
#722=ORIENTED_EDGE('',*,*,#1860,.F.);
#723=ORIENTED_EDGE('',*,*,#1845,.F.);
#724=ORIENTED_EDGE('',*,*,#1861,.T.);
#725=ORIENTED_EDGE('',*,*,#1862,.T.);
#726=ORIENTED_EDGE('',*,*,#1863,.T.);
#727=ORIENTED_EDGE('',*,*,#1864,.F.);
#728=ORIENTED_EDGE('',*,*,#1860,.T.);
#729=ORIENTED_EDGE('',*,*,#1865,.F.);
#730=ORIENTED_EDGE('',*,*,#1861,.F.);
#731=ORIENTED_EDGE('',*,*,#1859,.T.);
#732=ORIENTED_EDGE('',*,*,#1858,.T.);
#733=ORIENTED_EDGE('',*,*,#1857,.T.);
#734=ORIENTED_EDGE('',*,*,#1856,.T.);
#735=ORIENTED_EDGE('',*,*,#1855,.T.);
#736=ORIENTED_EDGE('',*,*,#1854,.T.);
#737=ORIENTED_EDGE('',*,*,#1853,.T.);
#738=ORIENTED_EDGE('',*,*,#1852,.T.);
#739=ORIENTED_EDGE('',*,*,#1851,.T.);
#740=ORIENTED_EDGE('',*,*,#1850,.T.);
#741=ORIENTED_EDGE('',*,*,#1849,.T.);
#742=ORIENTED_EDGE('',*,*,#1848,.T.);
#743=ORIENTED_EDGE('',*,*,#1866,.F.);
#744=ORIENTED_EDGE('',*,*,#1867,.F.);
#745=ORIENTED_EDGE('',*,*,#1862,.F.);
#746=ORIENTED_EDGE('',*,*,#1865,.T.);
#747=ORIENTED_EDGE('',*,*,#1868,.F.);
#748=ORIENTED_EDGE('',*,*,#1846,.F.);
#749=ORIENTED_EDGE('',*,*,#1863,.F.);
#750=ORIENTED_EDGE('',*,*,#1867,.T.);
#751=ORIENTED_EDGE('',*,*,#1869,.F.);
#752=ORIENTED_EDGE('',*,*,#1870,.F.);
#753=ORIENTED_EDGE('',*,*,#1871,.T.);
#754=ORIENTED_EDGE('',*,*,#1872,.F.);
#755=ORIENTED_EDGE('',*,*,#1873,.F.);
#756=ORIENTED_EDGE('',*,*,#1874,.F.);
#757=ORIENTED_EDGE('',*,*,#1875,.F.);
#758=ORIENTED_EDGE('',*,*,#1876,.F.);
#759=ORIENTED_EDGE('',*,*,#1877,.F.);
#760=ORIENTED_EDGE('',*,*,#1870,.T.);
#761=ORIENTED_EDGE('',*,*,#1847,.F.);
#762=ORIENTED_EDGE('',*,*,#1869,.T.);
#763=ORIENTED_EDGE('',*,*,#1868,.T.);
#764=ORIENTED_EDGE('',*,*,#1866,.T.);
#765=ORIENTED_EDGE('',*,*,#1878,.F.);
#766=ORIENTED_EDGE('',*,*,#1871,.F.);
#767=ORIENTED_EDGE('',*,*,#1878,.T.);
#768=ORIENTED_EDGE('',*,*,#1875,.T.);
#769=ORIENTED_EDGE('',*,*,#1879,.F.);
#770=ORIENTED_EDGE('',*,*,#1874,.T.);
#771=ORIENTED_EDGE('',*,*,#1880,.F.);
#772=ORIENTED_EDGE('',*,*,#1873,.T.);
#773=ORIENTED_EDGE('',*,*,#1881,.F.);
#774=ORIENTED_EDGE('',*,*,#1872,.T.);
#775=ORIENTED_EDGE('',*,*,#1882,.F.);
#776=ORIENTED_EDGE('',*,*,#1877,.T.);
#777=ORIENTED_EDGE('',*,*,#1883,.F.);
#778=ORIENTED_EDGE('',*,*,#1876,.T.);
#779=ORIENTED_EDGE('',*,*,#1884,.F.);
#780=ORIENTED_EDGE('',*,*,#1885,.F.);
#781=ORIENTED_EDGE('',*,*,#1886,.T.);
#782=ORIENTED_EDGE('',*,*,#1887,.T.);
#783=ORIENTED_EDGE('',*,*,#1888,.T.);
#784=ORIENTED_EDGE('',*,*,#1889,.T.);
#785=ORIENTED_EDGE('',*,*,#1890,.T.);
#786=ORIENTED_EDGE('',*,*,#1891,.T.);
#787=ORIENTED_EDGE('',*,*,#1892,.T.);
#788=ORIENTED_EDGE('',*,*,#1879,.T.);
#789=ORIENTED_EDGE('',*,*,#1893,.F.);
#790=ORIENTED_EDGE('',*,*,#1887,.F.);
#791=ORIENTED_EDGE('',*,*,#1893,.T.);
#792=ORIENTED_EDGE('',*,*,#1880,.T.);
#793=ORIENTED_EDGE('',*,*,#1894,.F.);
#794=ORIENTED_EDGE('',*,*,#1888,.F.);
#795=ORIENTED_EDGE('',*,*,#1894,.T.);
#796=ORIENTED_EDGE('',*,*,#1881,.T.);
#797=ORIENTED_EDGE('',*,*,#1895,.F.);
#798=ORIENTED_EDGE('',*,*,#1889,.F.);
#799=ORIENTED_EDGE('',*,*,#1895,.T.);
#800=ORIENTED_EDGE('',*,*,#1882,.T.);
#801=ORIENTED_EDGE('',*,*,#1896,.F.);
#802=ORIENTED_EDGE('',*,*,#1890,.F.);
#803=ORIENTED_EDGE('',*,*,#1896,.T.);
#804=ORIENTED_EDGE('',*,*,#1883,.T.);
#805=ORIENTED_EDGE('',*,*,#1897,.F.);
#806=ORIENTED_EDGE('',*,*,#1891,.F.);
#807=ORIENTED_EDGE('',*,*,#1897,.T.);
#808=ORIENTED_EDGE('',*,*,#1884,.T.);
#809=ORIENTED_EDGE('',*,*,#1892,.F.);
#810=ORIENTED_EDGE('',*,*,#1886,.F.);
#811=ORIENTED_EDGE('',*,*,#1885,.T.);
#812=ORIENTED_EDGE('',*,*,#1864,.T.);
#813=ORIENTED_EDGE('',*,*,#1898,.T.);
#814=ORIENTED_EDGE('',*,*,#1899,.T.);
#815=ORIENTED_EDGE('',*,*,#1900,.F.);
#816=ORIENTED_EDGE('',*,*,#1901,.F.);
#817=ORIENTED_EDGE('',*,*,#1902,.T.);
#818=ORIENTED_EDGE('',*,*,#1903,.T.);
#819=ORIENTED_EDGE('',*,*,#1904,.F.);
#820=ORIENTED_EDGE('',*,*,#1905,.F.);
#821=ORIENTED_EDGE('',*,*,#1904,.T.);
#822=ORIENTED_EDGE('',*,*,#1906,.T.);
#823=ORIENTED_EDGE('',*,*,#1898,.F.);
#824=ORIENTED_EDGE('',*,*,#1907,.F.);
#825=ORIENTED_EDGE('',*,*,#1908,.T.);
#826=ORIENTED_EDGE('',*,*,#1909,.T.);
#827=ORIENTED_EDGE('',*,*,#1910,.F.);
#828=ORIENTED_EDGE('',*,*,#1911,.T.);
#829=ORIENTED_EDGE('',*,*,#1912,.T.);
#830=ORIENTED_EDGE('',*,*,#1913,.T.);
#831=ORIENTED_EDGE('',*,*,#1914,.T.);
#832=ORIENTED_EDGE('',*,*,#1915,.T.);
#833=ORIENTED_EDGE('',*,*,#1916,.F.);
#834=ORIENTED_EDGE('',*,*,#1917,.F.);
#835=ORIENTED_EDGE('',*,*,#1918,.T.);
#836=ORIENTED_EDGE('',*,*,#1919,.T.);
#837=ORIENTED_EDGE('',*,*,#1920,.T.);
#838=ORIENTED_EDGE('',*,*,#1921,.T.);
#839=ORIENTED_EDGE('',*,*,#1922,.T.);
#840=ORIENTED_EDGE('',*,*,#1923,.T.);
#841=ORIENTED_EDGE('',*,*,#1924,.T.);
#842=ORIENTED_EDGE('',*,*,#1925,.T.);
#843=ORIENTED_EDGE('',*,*,#1926,.T.);
#844=ORIENTED_EDGE('',*,*,#1927,.F.);
#845=ORIENTED_EDGE('',*,*,#1928,.F.);
#846=ORIENTED_EDGE('',*,*,#1929,.F.);
#847=ORIENTED_EDGE('',*,*,#1927,.T.);
#848=ORIENTED_EDGE('',*,*,#1930,.T.);
#849=ORIENTED_EDGE('',*,*,#1931,.T.);
#850=ORIENTED_EDGE('',*,*,#1932,.F.);
#851=ORIENTED_EDGE('',*,*,#1933,.F.);
#852=ORIENTED_EDGE('',*,*,#1934,.F.);
#853=ORIENTED_EDGE('',*,*,#1932,.T.);
#854=ORIENTED_EDGE('',*,*,#1935,.T.);
#855=ORIENTED_EDGE('',*,*,#1936,.T.);
#856=ORIENTED_EDGE('',*,*,#1937,.F.);
#857=ORIENTED_EDGE('',*,*,#1938,.F.);
#858=ORIENTED_EDGE('',*,*,#1939,.F.);
#859=ORIENTED_EDGE('',*,*,#1937,.T.);
#860=ORIENTED_EDGE('',*,*,#1940,.T.);
#861=ORIENTED_EDGE('',*,*,#1941,.T.);
#862=ORIENTED_EDGE('',*,*,#1942,.F.);
#863=ORIENTED_EDGE('',*,*,#1943,.F.);
#864=ORIENTED_EDGE('',*,*,#1944,.F.);
#865=ORIENTED_EDGE('',*,*,#1942,.T.);
#866=ORIENTED_EDGE('',*,*,#1945,.T.);
#867=ORIENTED_EDGE('',*,*,#1946,.T.);
#868=ORIENTED_EDGE('',*,*,#1947,.F.);
#869=ORIENTED_EDGE('',*,*,#1948,.F.);
#870=ORIENTED_EDGE('',*,*,#1949,.F.);
#871=ORIENTED_EDGE('',*,*,#1947,.T.);
#872=ORIENTED_EDGE('',*,*,#1950,.T.);
#873=ORIENTED_EDGE('',*,*,#1951,.T.);
#874=ORIENTED_EDGE('',*,*,#1924,.F.);
#875=ORIENTED_EDGE('',*,*,#1952,.F.);
#876=ORIENTED_EDGE('',*,*,#1953,.F.);
#877=ORIENTED_EDGE('',*,*,#1908,.F.);
#878=ORIENTED_EDGE('',*,*,#1902,.F.);
#879=ORIENTED_EDGE('',*,*,#1917,.T.);
#880=ORIENTED_EDGE('',*,*,#1900,.T.);
#881=ORIENTED_EDGE('',*,*,#1929,.T.);
#882=ORIENTED_EDGE('',*,*,#1919,.F.);
#883=ORIENTED_EDGE('',*,*,#1952,.T.);
#884=ORIENTED_EDGE('',*,*,#1948,.T.);
#885=ORIENTED_EDGE('',*,*,#1953,.T.);
#886=ORIENTED_EDGE('',*,*,#1918,.F.);
#887=ORIENTED_EDGE('',*,*,#1943,.T.);
#888=ORIENTED_EDGE('',*,*,#1949,.T.);
#889=ORIENTED_EDGE('',*,*,#1923,.F.);
#890=ORIENTED_EDGE('',*,*,#1938,.T.);
#891=ORIENTED_EDGE('',*,*,#1944,.T.);
#892=ORIENTED_EDGE('',*,*,#1922,.F.);
#893=ORIENTED_EDGE('',*,*,#1933,.T.);
#894=ORIENTED_EDGE('',*,*,#1939,.T.);
#895=ORIENTED_EDGE('',*,*,#1921,.F.);
#896=ORIENTED_EDGE('',*,*,#1928,.T.);
#897=ORIENTED_EDGE('',*,*,#1934,.T.);
#898=ORIENTED_EDGE('',*,*,#1920,.F.);
#899=ORIENTED_EDGE('',*,*,#1951,.F.);
#900=ORIENTED_EDGE('',*,*,#1910,.T.);
#901=ORIENTED_EDGE('',*,*,#1925,.F.);
#902=ORIENTED_EDGE('',*,*,#1915,.F.);
#903=ORIENTED_EDGE('',*,*,#1930,.F.);
#904=ORIENTED_EDGE('',*,*,#1926,.F.);
#905=ORIENTED_EDGE('',*,*,#1914,.F.);
#906=ORIENTED_EDGE('',*,*,#1935,.F.);
#907=ORIENTED_EDGE('',*,*,#1931,.F.);
#908=ORIENTED_EDGE('',*,*,#1913,.F.);
#909=ORIENTED_EDGE('',*,*,#1940,.F.);
#910=ORIENTED_EDGE('',*,*,#1936,.F.);
#911=ORIENTED_EDGE('',*,*,#1912,.F.);
#912=ORIENTED_EDGE('',*,*,#1945,.F.);
#913=ORIENTED_EDGE('',*,*,#1941,.F.);
#914=ORIENTED_EDGE('',*,*,#1911,.F.);
#915=ORIENTED_EDGE('',*,*,#1950,.F.);
#916=ORIENTED_EDGE('',*,*,#1946,.F.);
#917=ORIENTED_EDGE('',*,*,#1901,.T.);
#918=ORIENTED_EDGE('',*,*,#1916,.T.);
#919=ORIENTED_EDGE('',*,*,#1905,.T.);
#920=ORIENTED_EDGE('',*,*,#1907,.T.);
#921=ORIENTED_EDGE('',*,*,#1906,.F.);
#922=ORIENTED_EDGE('',*,*,#1903,.F.);
#923=ORIENTED_EDGE('',*,*,#1909,.F.);
#924=ORIENTED_EDGE('',*,*,#1899,.F.);
#925=ORIENTED_EDGE('',*,*,#1954,.T.);
#926=ORIENTED_EDGE('',*,*,#1955,.T.);
#927=ORIENTED_EDGE('',*,*,#1956,.T.);
#928=ORIENTED_EDGE('',*,*,#1957,.T.);
#929=ORIENTED_EDGE('',*,*,#1958,.T.);
#930=ORIENTED_EDGE('',*,*,#1959,.T.);
#931=ORIENTED_EDGE('',*,*,#1960,.F.);
#932=ORIENTED_EDGE('',*,*,#1961,.F.);
#933=ORIENTED_EDGE('',*,*,#1962,.T.);
#934=ORIENTED_EDGE('',*,*,#1963,.T.);
#935=ORIENTED_EDGE('',*,*,#1964,.F.);
#936=ORIENTED_EDGE('',*,*,#1965,.T.);
#937=ORIENTED_EDGE('',*,*,#1966,.T.);
#938=ORIENTED_EDGE('',*,*,#1967,.F.);
#939=ORIENTED_EDGE('',*,*,#1968,.T.);
#940=ORIENTED_EDGE('',*,*,#1969,.T.);
#941=ORIENTED_EDGE('',*,*,#1970,.F.);
#942=ORIENTED_EDGE('',*,*,#1971,.T.);
#943=ORIENTED_EDGE('',*,*,#1972,.T.);
#944=ORIENTED_EDGE('',*,*,#1973,.T.);
#945=ORIENTED_EDGE('',*,*,#1970,.T.);
#946=ORIENTED_EDGE('',*,*,#1974,.T.);
#947=ORIENTED_EDGE('',*,*,#1961,.T.);
#948=ORIENTED_EDGE('',*,*,#1975,.F.);
#949=ORIENTED_EDGE('',*,*,#1956,.F.);
#950=ORIENTED_EDGE('',*,*,#1976,.T.);
#951=ORIENTED_EDGE('',*,*,#1967,.T.);
#952=ORIENTED_EDGE('',*,*,#1977,.T.);
#953=ORIENTED_EDGE('',*,*,#1978,.F.);
#954=ORIENTED_EDGE('',*,*,#1979,.T.);
#955=ORIENTED_EDGE('',*,*,#1957,.F.);
#956=ORIENTED_EDGE('',*,*,#1975,.T.);
#957=ORIENTED_EDGE('',*,*,#1980,.T.);
#958=ORIENTED_EDGE('',*,*,#1981,.T.);
#959=ORIENTED_EDGE('',*,*,#1982,.T.);
#960=ORIENTED_EDGE('',*,*,#1983,.T.);
#961=ORIENTED_EDGE('',*,*,#1984,.T.);
#962=ORIENTED_EDGE('',*,*,#1985,.T.);
#963=ORIENTED_EDGE('',*,*,#1986,.T.);
#964=ORIENTED_EDGE('',*,*,#1987,.T.);
#965=ORIENTED_EDGE('',*,*,#1978,.T.);
#966=ORIENTED_EDGE('',*,*,#1988,.T.);
#967=ORIENTED_EDGE('',*,*,#1989,.T.);
#968=ORIENTED_EDGE('',*,*,#1990,.T.);
#969=ORIENTED_EDGE('',*,*,#1991,.F.);
#970=ORIENTED_EDGE('',*,*,#1958,.F.);
#971=ORIENTED_EDGE('',*,*,#1979,.F.);
#972=ORIENTED_EDGE('',*,*,#1990,.F.);
#973=ORIENTED_EDGE('',*,*,#1992,.F.);
#974=ORIENTED_EDGE('',*,*,#1991,.T.);
#975=ORIENTED_EDGE('',*,*,#1993,.F.);
#976=ORIENTED_EDGE('',*,*,#1977,.F.);
#977=ORIENTED_EDGE('',*,*,#1966,.F.);
#978=ORIENTED_EDGE('',*,*,#1994,.F.);
#979=ORIENTED_EDGE('',*,*,#1988,.F.);
#980=ORIENTED_EDGE('',*,*,#1993,.T.);
#981=ORIENTED_EDGE('',*,*,#1989,.F.);
#982=ORIENTED_EDGE('',*,*,#1995,.F.);
#983=ORIENTED_EDGE('',*,*,#1981,.F.);
#984=ORIENTED_EDGE('',*,*,#1992,.T.);
#985=ORIENTED_EDGE('',*,*,#1980,.F.);
#986=ORIENTED_EDGE('',*,*,#1996,.F.);
#987=ORIENTED_EDGE('',*,*,#1959,.F.);
#988=ORIENTED_EDGE('',*,*,#1986,.F.);
#989=ORIENTED_EDGE('',*,*,#1997,.T.);
#990=ORIENTED_EDGE('',*,*,#1954,.F.);
#991=ORIENTED_EDGE('',*,*,#1998,.F.);
#992=ORIENTED_EDGE('',*,*,#1995,.T.);
#993=ORIENTED_EDGE('',*,*,#1994,.T.);
#994=ORIENTED_EDGE('',*,*,#1999,.F.);
#995=ORIENTED_EDGE('',*,*,#1960,.T.);
#996=ORIENTED_EDGE('',*,*,#1996,.T.);
#997=ORIENTED_EDGE('',*,*,#2000,.F.);
#998=ORIENTED_EDGE('',*,*,#1998,.T.);
#999=ORIENTED_EDGE('',*,*,#1999,.T.);
#1000=ORIENTED_EDGE('',*,*,#1965,.F.);
#1001=ORIENTED_EDGE('',*,*,#2001,.F.);
#1002=ORIENTED_EDGE('',*,*,#1982,.F.);
#1003=ORIENTED_EDGE('',*,*,#2000,.T.);
#1004=ORIENTED_EDGE('',*,*,#1983,.F.);
#1005=ORIENTED_EDGE('',*,*,#2002,.F.);
#1006=ORIENTED_EDGE('',*,*,#1987,.F.);
#1007=ORIENTED_EDGE('',*,*,#2001,.T.);
#1008=ORIENTED_EDGE('',*,*,#1964,.T.);
#1009=ORIENTED_EDGE('',*,*,#2003,.F.);
#1010=ORIENTED_EDGE('',*,*,#2002,.T.);
#1011=ORIENTED_EDGE('',*,*,#1963,.F.);
#1012=ORIENTED_EDGE('',*,*,#2004,.T.);
#1013=ORIENTED_EDGE('',*,*,#1984,.F.);
#1014=ORIENTED_EDGE('',*,*,#2003,.T.);
#1015=ORIENTED_EDGE('',*,*,#1976,.F.);
#1016=ORIENTED_EDGE('',*,*,#1955,.F.);
#1017=ORIENTED_EDGE('',*,*,#2005,.F.);
#1018=ORIENTED_EDGE('',*,*,#1971,.F.);
#1019=ORIENTED_EDGE('',*,*,#2005,.T.);
#1020=ORIENTED_EDGE('',*,*,#1997,.F.);
#1021=ORIENTED_EDGE('',*,*,#2006,.F.);
#1022=ORIENTED_EDGE('',*,*,#1972,.F.);
#1023=ORIENTED_EDGE('',*,*,#2006,.T.);
#1024=ORIENTED_EDGE('',*,*,#1985,.F.);
#1025=ORIENTED_EDGE('',*,*,#2007,.F.);
#1026=ORIENTED_EDGE('',*,*,#1973,.F.);
#1027=ORIENTED_EDGE('',*,*,#2007,.T.);
#1028=ORIENTED_EDGE('',*,*,#2004,.F.);
#1029=ORIENTED_EDGE('',*,*,#2008,.F.);
#1030=ORIENTED_EDGE('',*,*,#1968,.F.);
#1031=ORIENTED_EDGE('',*,*,#1974,.F.);
#1032=ORIENTED_EDGE('',*,*,#1969,.F.);
#1033=ORIENTED_EDGE('',*,*,#2008,.T.);
#1034=ORIENTED_EDGE('',*,*,#1962,.F.);
#1035=ORIENTED_EDGE('',*,*,#2009,.F.);
#1036=ORIENTED_EDGE('',*,*,#2010,.F.);
#1037=ORIENTED_EDGE('',*,*,#2009,.T.);
#1038=ORIENTED_EDGE('',*,*,#2011,.F.);
#1039=ORIENTED_EDGE('',*,*,#2010,.T.);
#1040=ORIENTED_EDGE('',*,*,#2011,.T.);
#1041=ORIENTED_EDGE('',*,*,#2012,.F.);
#1042=ORIENTED_EDGE('',*,*,#2013,.F.);
#1043=ORIENTED_EDGE('',*,*,#2012,.T.);
#1044=ORIENTED_EDGE('',*,*,#2014,.F.);
#1045=ORIENTED_EDGE('',*,*,#2013,.T.);
#1046=ORIENTED_EDGE('',*,*,#2014,.T.);
#1047=ORIENTED_EDGE('',*,*,#2015,.T.);
#1048=ORIENTED_EDGE('',*,*,#2016,.F.);
#1049=ORIENTED_EDGE('',*,*,#2017,.T.);
#1050=ORIENTED_EDGE('',*,*,#2018,.F.);
#1051=ORIENTED_EDGE('',*,*,#2019,.F.);
#1052=ORIENTED_EDGE('',*,*,#2020,.F.);
#1053=ORIENTED_EDGE('',*,*,#2021,.T.);
#1054=ORIENTED_EDGE('',*,*,#2022,.T.);
#1055=ORIENTED_EDGE('',*,*,#2023,.T.);
#1056=ORIENTED_EDGE('',*,*,#2024,.T.);
#1057=ORIENTED_EDGE('',*,*,#2025,.T.);
#1058=ORIENTED_EDGE('',*,*,#2026,.T.);
#1059=ORIENTED_EDGE('',*,*,#2027,.T.);
#1060=ORIENTED_EDGE('',*,*,#2028,.F.);
#1061=ORIENTED_EDGE('',*,*,#2029,.F.);
#1062=ORIENTED_EDGE('',*,*,#2030,.T.);
#1063=ORIENTED_EDGE('',*,*,#2031,.T.);
#1064=ORIENTED_EDGE('',*,*,#2026,.F.);
#1065=ORIENTED_EDGE('',*,*,#2032,.F.);
#1066=ORIENTED_EDGE('',*,*,#2033,.F.);
#1067=ORIENTED_EDGE('',*,*,#2034,.F.);
#1068=ORIENTED_EDGE('',*,*,#2035,.T.);
#1069=ORIENTED_EDGE('',*,*,#2036,.T.);
#1070=ORIENTED_EDGE('',*,*,#2025,.F.);
#1071=ORIENTED_EDGE('',*,*,#2037,.F.);
#1072=ORIENTED_EDGE('',*,*,#2038,.T.);
#1073=ORIENTED_EDGE('',*,*,#2039,.T.);
#1074=ORIENTED_EDGE('',*,*,#2035,.F.);
#1075=ORIENTED_EDGE('',*,*,#2040,.F.);
#1076=ORIENTED_EDGE('',*,*,#2041,.F.);
#1077=ORIENTED_EDGE('',*,*,#2042,.F.);
#1078=ORIENTED_EDGE('',*,*,#2043,.F.);
#1079=ORIENTED_EDGE('',*,*,#2044,.T.);
#1080=ORIENTED_EDGE('',*,*,#2045,.T.);
#1081=ORIENTED_EDGE('',*,*,#2046,.T.);
#1082=ORIENTED_EDGE('',*,*,#2047,.T.);
#1083=ORIENTED_EDGE('',*,*,#2028,.T.);
#1084=ORIENTED_EDGE('',*,*,#2048,.F.);
#1085=ORIENTED_EDGE('',*,*,#2030,.F.);
#1086=ORIENTED_EDGE('',*,*,#2049,.T.);
#1087=ORIENTED_EDGE('',*,*,#2050,.F.);
#1088=ORIENTED_EDGE('',*,*,#2051,.T.);
#1089=ORIENTED_EDGE('',*,*,#2052,.F.);
#1090=ORIENTED_EDGE('',*,*,#2038,.F.);
#1091=ORIENTED_EDGE('',*,*,#2053,.T.);
#1092=ORIENTED_EDGE('',*,*,#2044,.F.);
#1093=ORIENTED_EDGE('',*,*,#2054,.F.);
#1094=ORIENTED_EDGE('',*,*,#2055,.T.);
#1095=ORIENTED_EDGE('',*,*,#2056,.F.);
#1096=ORIENTED_EDGE('',*,*,#2057,.T.);
#1097=ORIENTED_EDGE('',*,*,#2021,.F.);
#1098=ORIENTED_EDGE('',*,*,#2058,.F.);
#1099=ORIENTED_EDGE('',*,*,#2059,.T.);
#1100=ORIENTED_EDGE('',*,*,#2016,.T.);
#1101=ORIENTED_EDGE('',*,*,#2060,.F.);
#1102=ORIENTED_EDGE('',*,*,#2061,.T.);
#1103=ORIENTED_EDGE('',*,*,#2062,.T.);
#1104=ORIENTED_EDGE('',*,*,#2063,.F.);
#1105=ORIENTED_EDGE('',*,*,#2064,.F.);
#1106=ORIENTED_EDGE('',*,*,#2017,.F.);
#1107=ORIENTED_EDGE('',*,*,#2059,.F.);
#1108=ORIENTED_EDGE('',*,*,#2065,.F.);
#1109=ORIENTED_EDGE('',*,*,#2066,.F.);
#1110=ORIENTED_EDGE('',*,*,#2056,.T.);
#1111=ORIENTED_EDGE('',*,*,#2022,.F.);
#1112=ORIENTED_EDGE('',*,*,#2067,.T.);
#1113=ORIENTED_EDGE('',*,*,#2066,.T.);
#1114=ORIENTED_EDGE('',*,*,#2068,.F.);
#1115=ORIENTED_EDGE('',*,*,#2018,.T.);
#1116=ORIENTED_EDGE('',*,*,#2064,.T.);
#1117=ORIENTED_EDGE('',*,*,#2069,.T.);
#1118=ORIENTED_EDGE('',*,*,#2070,.F.);
#1119=ORIENTED_EDGE('',*,*,#2071,.F.);
#1120=ORIENTED_EDGE('',*,*,#2032,.T.);
#1121=ORIENTED_EDGE('',*,*,#2029,.T.);
#1122=ORIENTED_EDGE('',*,*,#2047,.F.);
#1123=ORIENTED_EDGE('',*,*,#2072,.T.);
#1124=ORIENTED_EDGE('',*,*,#2073,.T.);
#1125=ORIENTED_EDGE('',*,*,#2074,.T.);
#1126=ORIENTED_EDGE('',*,*,#2050,.T.);
#1127=ORIENTED_EDGE('',*,*,#2075,.T.);
#1128=ORIENTED_EDGE('',*,*,#2076,.T.);
#1129=ORIENTED_EDGE('',*,*,#2060,.T.);
#1130=ORIENTED_EDGE('',*,*,#2019,.T.);
#1131=ORIENTED_EDGE('',*,*,#2070,.T.);
#1132=ORIENTED_EDGE('',*,*,#2075,.F.);
#1133=ORIENTED_EDGE('',*,*,#2077,.T.);
#1134=ORIENTED_EDGE('',*,*,#2034,.T.);
#1135=ORIENTED_EDGE('',*,*,#2078,.F.);
#1136=ORIENTED_EDGE('',*,*,#2079,.F.);
#1137=ORIENTED_EDGE('',*,*,#2080,.T.);
#1138=ORIENTED_EDGE('',*,*,#2023,.F.);
#1139=ORIENTED_EDGE('',*,*,#2068,.T.);
#1140=ORIENTED_EDGE('',*,*,#2065,.T.);
#1141=ORIENTED_EDGE('',*,*,#2058,.T.);
#1142=ORIENTED_EDGE('',*,*,#2076,.F.);
#1143=ORIENTED_EDGE('',*,*,#2078,.T.);
#1144=ORIENTED_EDGE('',*,*,#2033,.T.);
#1145=ORIENTED_EDGE('',*,*,#2071,.T.);
#1146=ORIENTED_EDGE('',*,*,#2046,.F.);
#1147=ORIENTED_EDGE('',*,*,#2081,.T.);
#1148=ORIENTED_EDGE('',*,*,#2041,.T.);
#1149=ORIENTED_EDGE('',*,*,#2082,.F.);
#1150=ORIENTED_EDGE('',*,*,#2083,.T.);
#1151=ORIENTED_EDGE('',*,*,#2072,.F.);
#1152=ORIENTED_EDGE('',*,*,#2069,.F.);
#1153=ORIENTED_EDGE('',*,*,#2063,.T.);
#1154=ORIENTED_EDGE('',*,*,#2084,.T.);
#1155=ORIENTED_EDGE('',*,*,#2080,.F.);
#1156=ORIENTED_EDGE('',*,*,#2040,.T.);
#1157=ORIENTED_EDGE('',*,*,#2037,.T.);
#1158=ORIENTED_EDGE('',*,*,#2024,.F.);
#1159=ORIENTED_EDGE('',*,*,#2085,.F.);
#1160=ORIENTED_EDGE('',*,*,#2079,.T.);
#1161=ORIENTED_EDGE('',*,*,#2085,.T.);
#1162=ORIENTED_EDGE('',*,*,#2086,.F.);
#1163=ORIENTED_EDGE('',*,*,#2086,.T.);
#1164=ORIENTED_EDGE('',*,*,#2087,.F.);
#1165=ORIENTED_EDGE('',*,*,#2088,.F.);
#1166=ORIENTED_EDGE('',*,*,#2087,.T.);
#1167=ORIENTED_EDGE('',*,*,#2045,.F.);
#1168=ORIENTED_EDGE('',*,*,#2089,.T.);
#1169=ORIENTED_EDGE('',*,*,#2042,.T.);
#1170=ORIENTED_EDGE('',*,*,#2081,.F.);
#1171=ORIENTED_EDGE('',*,*,#2049,.F.);
#1172=ORIENTED_EDGE('',*,*,#2077,.F.);
#1173=ORIENTED_EDGE('',*,*,#2053,.F.);
#1174=ORIENTED_EDGE('',*,*,#2089,.F.);
#1175=ORIENTED_EDGE('',*,*,#2057,.F.);
#1176=ORIENTED_EDGE('',*,*,#2067,.F.);
#1177=ORIENTED_EDGE('',*,*,#2090,.T.);
#1178=ORIENTED_EDGE('',*,*,#2091,.T.);
#1179=ORIENTED_EDGE('',*,*,#2054,.T.);
#1180=ORIENTED_EDGE('',*,*,#2020,.T.);
#1181=ORIENTED_EDGE('',*,*,#2036,.F.);
#1182=ORIENTED_EDGE('',*,*,#2039,.F.);
#1183=ORIENTED_EDGE('',*,*,#2052,.T.);
#1184=ORIENTED_EDGE('',*,*,#2043,.T.);
#1185=ORIENTED_EDGE('',*,*,#2027,.F.);
#1186=ORIENTED_EDGE('',*,*,#2031,.F.);
#1187=ORIENTED_EDGE('',*,*,#2048,.T.);
#1188=ORIENTED_EDGE('',*,*,#2092,.T.);
#1189=ORIENTED_EDGE('',*,*,#2082,.T.);
#1190=ORIENTED_EDGE('',*,*,#2093,.T.);
#1191=ORIENTED_EDGE('',*,*,#2094,.T.);
#1192=ORIENTED_EDGE('',*,*,#2095,.T.);
#1193=ORIENTED_EDGE('',*,*,#2083,.F.);
#1194=ORIENTED_EDGE('',*,*,#2095,.F.);
#1195=ORIENTED_EDGE('',*,*,#2096,.F.);
#1196=ORIENTED_EDGE('',*,*,#2073,.F.);
#1197=ORIENTED_EDGE('',*,*,#2051,.F.);
#1198=ORIENTED_EDGE('',*,*,#2074,.F.);
#1199=ORIENTED_EDGE('',*,*,#2097,.F.);
#1200=ORIENTED_EDGE('',*,*,#2092,.F.);
#1201=ORIENTED_EDGE('',*,*,#2097,.T.);
#1202=ORIENTED_EDGE('',*,*,#2096,.T.);
#1203=ORIENTED_EDGE('',*,*,#2098,.F.);
#1204=ORIENTED_EDGE('',*,*,#2098,.T.);
#1205=ORIENTED_EDGE('',*,*,#2094,.F.);
#1206=ORIENTED_EDGE('',*,*,#2099,.F.);
#1207=ORIENTED_EDGE('',*,*,#2090,.F.);
#1208=ORIENTED_EDGE('',*,*,#2055,.F.);
#1209=ORIENTED_EDGE('',*,*,#2091,.F.);
#1210=ORIENTED_EDGE('',*,*,#2100,.F.);
#1211=ORIENTED_EDGE('',*,*,#2061,.F.);
#1212=ORIENTED_EDGE('',*,*,#2100,.T.);
#1213=ORIENTED_EDGE('',*,*,#2099,.T.);
#1214=ORIENTED_EDGE('',*,*,#2101,.F.);
#1215=ORIENTED_EDGE('',*,*,#2101,.T.);
#1216=ORIENTED_EDGE('',*,*,#2093,.F.);
#1217=ORIENTED_EDGE('',*,*,#2084,.F.);
#1218=ORIENTED_EDGE('',*,*,#2062,.F.);
#1219=ORIENTED_EDGE('',*,*,#2102,.T.);
#1220=ORIENTED_EDGE('',*,*,#2088,.T.);
#1221=ORIENTED_EDGE('',*,*,#2103,.F.);
#1222=ORIENTED_EDGE('',*,*,#2102,.F.);
#1223=ORIENTED_EDGE('',*,*,#2103,.T.);
#1224=ORIENTED_EDGE('',*,*,#2104,.F.);
#1225=ORIENTED_EDGE('',*,*,#2105,.T.);
#1226=ORIENTED_EDGE('',*,*,#2104,.T.);
#1227=ORIENTED_EDGE('',*,*,#2105,.F.);
#1228=ORIENTED_EDGE('',*,*,#2015,.F.);
#1229=ORIENTED_EDGE('',*,*,#2106,.F.);
#1230=ORIENTED_EDGE('',*,*,#2107,.T.);
#1231=ORIENTED_EDGE('',*,*,#2108,.F.);
#1232=ORIENTED_EDGE('',*,*,#2109,.F.);
#1233=ORIENTED_EDGE('',*,*,#2106,.T.);
#1234=ORIENTED_EDGE('',*,*,#2110,.T.);
#1235=ORIENTED_EDGE('',*,*,#2111,.T.);
#1236=ORIENTED_EDGE('',*,*,#2108,.T.);
#1237=ORIENTED_EDGE('',*,*,#2110,.F.);
#1238=ORIENTED_EDGE('',*,*,#2112,.T.);
#1239=ORIENTED_EDGE('',*,*,#2113,.T.);
#1240=ORIENTED_EDGE('',*,*,#2114,.T.);
#1241=ORIENTED_EDGE('',*,*,#2115,.T.);
#1242=ORIENTED_EDGE('',*,*,#2116,.F.);
#1243=ORIENTED_EDGE('',*,*,#2117,.T.);
#1244=ORIENTED_EDGE('',*,*,#2111,.F.);
#1245=ORIENTED_EDGE('',*,*,#2118,.F.);
#1246=ORIENTED_EDGE('',*,*,#2119,.T.);
#1247=ORIENTED_EDGE('',*,*,#2114,.F.);
#1248=ORIENTED_EDGE('',*,*,#2109,.T.);
#1249=ORIENTED_EDGE('',*,*,#2120,.T.);
#1250=ORIENTED_EDGE('',*,*,#2121,.F.);
#1251=ORIENTED_EDGE('',*,*,#2119,.F.);
#1252=ORIENTED_EDGE('',*,*,#2107,.F.);
#1253=ORIENTED_EDGE('',*,*,#2122,.F.);
#1254=ORIENTED_EDGE('',*,*,#2117,.F.);
#1255=ORIENTED_EDGE('',*,*,#2118,.T.);
#1256=ORIENTED_EDGE('',*,*,#2113,.F.);
#1257=ORIENTED_EDGE('',*,*,#2123,.F.);
#1258=ORIENTED_EDGE('',*,*,#2124,.T.);
#1259=ORIENTED_EDGE('',*,*,#2116,.T.);
#1260=ORIENTED_EDGE('',*,*,#2123,.T.);
#1261=ORIENTED_EDGE('',*,*,#2124,.F.);
#1262=ORIENTED_EDGE('',*,*,#2121,.T.);
#1263=ORIENTED_EDGE('',*,*,#2112,.F.);
#1264=ORIENTED_EDGE('',*,*,#2122,.T.);
#1265=ORIENTED_EDGE('',*,*,#2115,.F.);
#1266=ORIENTED_EDGE('',*,*,#2120,.F.);
#1267=ORIENTED_EDGE('',*,*,#2125,.T.);
#1268=ORIENTED_EDGE('',*,*,#2126,.T.);
#1269=ORIENTED_EDGE('',*,*,#2127,.T.);
#1270=ORIENTED_EDGE('',*,*,#2128,.T.);
#1271=ORIENTED_EDGE('',*,*,#2129,.T.);
#1272=ORIENTED_EDGE('',*,*,#2130,.T.);
#1273=ORIENTED_EDGE('',*,*,#2130,.F.);
#1274=ORIENTED_EDGE('',*,*,#2131,.T.);
#1275=ORIENTED_EDGE('',*,*,#2132,.T.);
#1276=ORIENTED_EDGE('',*,*,#2131,.F.);
#1277=ORIENTED_EDGE('',*,*,#2133,.T.);
#1278=ORIENTED_EDGE('',*,*,#2134,.T.);
#1279=ORIENTED_EDGE('',*,*,#2135,.T.);
#1280=ORIENTED_EDGE('',*,*,#2136,.T.);
#1281=ORIENTED_EDGE('',*,*,#2137,.T.);
#1282=ORIENTED_EDGE('',*,*,#2138,.T.);
#1283=ORIENTED_EDGE('',*,*,#2139,.T.);
#1284=ORIENTED_EDGE('',*,*,#2140,.T.);
#1285=ORIENTED_EDGE('',*,*,#2141,.T.);
#1286=ORIENTED_EDGE('',*,*,#2140,.F.);
#1287=ORIENTED_EDGE('',*,*,#2142,.T.);
#1288=ORIENTED_EDGE('',*,*,#2141,.F.);
#1289=ORIENTED_EDGE('',*,*,#2143,.T.);
#1290=ORIENTED_EDGE('',*,*,#2144,.T.);
#1291=ORIENTED_EDGE('',*,*,#2125,.F.);
#1292=ORIENTED_EDGE('',*,*,#2143,.F.);
#1293=ORIENTED_EDGE('',*,*,#2127,.F.);
#1294=ORIENTED_EDGE('',*,*,#2126,.F.);
#1295=ORIENTED_EDGE('',*,*,#2129,.F.);
#1296=ORIENTED_EDGE('',*,*,#2128,.F.);
#1297=ORIENTED_EDGE('',*,*,#2134,.F.);
#1298=ORIENTED_EDGE('',*,*,#2132,.F.);
#1299=ORIENTED_EDGE('',*,*,#2144,.F.);
#1300=ORIENTED_EDGE('',*,*,#2142,.F.);
#1301=ORIENTED_EDGE('',*,*,#2139,.F.);
#1302=ORIENTED_EDGE('',*,*,#2138,.F.);
#1303=ORIENTED_EDGE('',*,*,#2135,.F.);
#1304=ORIENTED_EDGE('',*,*,#2133,.F.);
#1305=ORIENTED_EDGE('',*,*,#2137,.F.);
#1306=ORIENTED_EDGE('',*,*,#2136,.F.);
#1307=ORIENTED_EDGE('',*,*,#2145,.T.);
#1308=ORIENTED_EDGE('',*,*,#2146,.T.);
#1309=ORIENTED_EDGE('',*,*,#2147,.T.);
#1310=ORIENTED_EDGE('',*,*,#2148,.T.);
#1311=ORIENTED_EDGE('',*,*,#2149,.T.);
#1312=ORIENTED_EDGE('',*,*,#2150,.T.);
#1313=ORIENTED_EDGE('',*,*,#2150,.F.);
#1314=ORIENTED_EDGE('',*,*,#2151,.T.);
#1315=ORIENTED_EDGE('',*,*,#2152,.T.);
#1316=ORIENTED_EDGE('',*,*,#2151,.F.);
#1317=ORIENTED_EDGE('',*,*,#2153,.T.);
#1318=ORIENTED_EDGE('',*,*,#2154,.T.);
#1319=ORIENTED_EDGE('',*,*,#2155,.T.);
#1320=ORIENTED_EDGE('',*,*,#2156,.T.);
#1321=ORIENTED_EDGE('',*,*,#2157,.T.);
#1322=ORIENTED_EDGE('',*,*,#2158,.T.);
#1323=ORIENTED_EDGE('',*,*,#2159,.T.);
#1324=ORIENTED_EDGE('',*,*,#2160,.T.);
#1325=ORIENTED_EDGE('',*,*,#2161,.T.);
#1326=ORIENTED_EDGE('',*,*,#2160,.F.);
#1327=ORIENTED_EDGE('',*,*,#2162,.T.);
#1328=ORIENTED_EDGE('',*,*,#2161,.F.);
#1329=ORIENTED_EDGE('',*,*,#2163,.T.);
#1330=ORIENTED_EDGE('',*,*,#2164,.T.);
#1331=ORIENTED_EDGE('',*,*,#2145,.F.);
#1332=ORIENTED_EDGE('',*,*,#2163,.F.);
#1333=ORIENTED_EDGE('',*,*,#2147,.F.);
#1334=ORIENTED_EDGE('',*,*,#2146,.F.);
#1335=ORIENTED_EDGE('',*,*,#2149,.F.);
#1336=ORIENTED_EDGE('',*,*,#2148,.F.);
#1337=ORIENTED_EDGE('',*,*,#2154,.F.);
#1338=ORIENTED_EDGE('',*,*,#2152,.F.);
#1339=ORIENTED_EDGE('',*,*,#2164,.F.);
#1340=ORIENTED_EDGE('',*,*,#2162,.F.);
#1341=ORIENTED_EDGE('',*,*,#2159,.F.);
#1342=ORIENTED_EDGE('',*,*,#2158,.F.);
#1343=ORIENTED_EDGE('',*,*,#2155,.F.);
#1344=ORIENTED_EDGE('',*,*,#2153,.F.);
#1345=ORIENTED_EDGE('',*,*,#2157,.F.);
#1346=ORIENTED_EDGE('',*,*,#2156,.F.);
#1347=ORIENTED_EDGE('',*,*,#2165,.T.);
#1348=ORIENTED_EDGE('',*,*,#2166,.T.);
#1349=ORIENTED_EDGE('',*,*,#2167,.T.);
#1350=ORIENTED_EDGE('',*,*,#2168,.T.);
#1351=ORIENTED_EDGE('',*,*,#2168,.F.);
#1352=ORIENTED_EDGE('',*,*,#2165,.F.);
#1353=ORIENTED_EDGE('',*,*,#2166,.F.);
#1354=ORIENTED_EDGE('',*,*,#2167,.F.);
#1355=ORIENTED_EDGE('',*,*,#2169,.T.);
#1356=ORIENTED_EDGE('',*,*,#2170,.F.);
#1357=ORIENTED_EDGE('',*,*,#2171,.F.);
#1358=ORIENTED_EDGE('',*,*,#2172,.T.);
#1359=ORIENTED_EDGE('',*,*,#2169,.F.);
#1360=ORIENTED_EDGE('',*,*,#2171,.T.);
#1361=ORIENTED_EDGE('',*,*,#2170,.T.);
#1362=ORIENTED_EDGE('',*,*,#2172,.F.);
#1363=ORIENTED_EDGE('',*,*,#2173,.T.);
#1364=ORIENTED_EDGE('',*,*,#2174,.F.);
#1365=ORIENTED_EDGE('',*,*,#2175,.F.);
#1366=ORIENTED_EDGE('',*,*,#2176,.T.);
#1367=ORIENTED_EDGE('',*,*,#2173,.F.);
#1368=ORIENTED_EDGE('',*,*,#2175,.T.);
#1369=ORIENTED_EDGE('',*,*,#2174,.T.);
#1370=ORIENTED_EDGE('',*,*,#2176,.F.);
#1371=ORIENTED_EDGE('',*,*,#2177,.T.);
#1372=ORIENTED_EDGE('',*,*,#2178,.F.);
#1373=ORIENTED_EDGE('',*,*,#2179,.F.);
#1374=ORIENTED_EDGE('',*,*,#2180,.T.);
#1375=ORIENTED_EDGE('',*,*,#2177,.F.);
#1376=ORIENTED_EDGE('',*,*,#2179,.T.);
#1377=ORIENTED_EDGE('',*,*,#2178,.T.);
#1378=ORIENTED_EDGE('',*,*,#2180,.F.);
#1379=ORIENTED_EDGE('',*,*,#2181,.T.);
#1380=ORIENTED_EDGE('',*,*,#2182,.F.);
#1381=ORIENTED_EDGE('',*,*,#2183,.F.);
#1382=ORIENTED_EDGE('',*,*,#2184,.T.);
#1383=ORIENTED_EDGE('',*,*,#2181,.F.);
#1384=ORIENTED_EDGE('',*,*,#2183,.T.);
#1385=ORIENTED_EDGE('',*,*,#2182,.T.);
#1386=ORIENTED_EDGE('',*,*,#2184,.F.);
#1387=ORIENTED_EDGE('',*,*,#2185,.T.);
#1388=ORIENTED_EDGE('',*,*,#2186,.F.);
#1389=ORIENTED_EDGE('',*,*,#2187,.T.);
#1390=ORIENTED_EDGE('',*,*,#2188,.T.);
#1391=ORIENTED_EDGE('',*,*,#2189,.F.);
#1392=ORIENTED_EDGE('',*,*,#2190,.T.);
#1393=ORIENTED_EDGE('',*,*,#2191,.T.);
#1394=ORIENTED_EDGE('',*,*,#2192,.T.);
#1395=ORIENTED_EDGE('',*,*,#2193,.T.);
#1396=ORIENTED_EDGE('',*,*,#2194,.F.);
#1397=ORIENTED_EDGE('',*,*,#2195,.T.);
#1398=ORIENTED_EDGE('',*,*,#2196,.T.);
#1399=ORIENTED_EDGE('',*,*,#2197,.T.);
#1400=ORIENTED_EDGE('',*,*,#2198,.F.);
#1401=ORIENTED_EDGE('',*,*,#2199,.F.);
#1402=ORIENTED_EDGE('',*,*,#2200,.T.);
#1403=ORIENTED_EDGE('',*,*,#2201,.T.);
#1404=ORIENTED_EDGE('',*,*,#2202,.T.);
#1405=ORIENTED_EDGE('',*,*,#2203,.T.);
#1406=ORIENTED_EDGE('',*,*,#2204,.F.);
#1407=ORIENTED_EDGE('',*,*,#2205,.T.);
#1408=ORIENTED_EDGE('',*,*,#2206,.F.);
#1409=ORIENTED_EDGE('',*,*,#2207,.F.);
#1410=ORIENTED_EDGE('',*,*,#2208,.T.);
#1411=ORIENTED_EDGE('',*,*,#2209,.T.);
#1412=ORIENTED_EDGE('',*,*,#2210,.T.);
#1413=ORIENTED_EDGE('',*,*,#2211,.F.);
#1414=ORIENTED_EDGE('',*,*,#2212,.F.);
#1415=ORIENTED_EDGE('',*,*,#2213,.T.);
#1416=ORIENTED_EDGE('',*,*,#2214,.F.);
#1417=ORIENTED_EDGE('',*,*,#2215,.T.);
#1418=ORIENTED_EDGE('',*,*,#2212,.T.);
#1419=ORIENTED_EDGE('',*,*,#2216,.F.);
#1420=ORIENTED_EDGE('',*,*,#2217,.F.);
#1421=ORIENTED_EDGE('',*,*,#2218,.T.);
#1422=ORIENTED_EDGE('',*,*,#2204,.T.);
#1423=ORIENTED_EDGE('',*,*,#2219,.T.);
#1424=ORIENTED_EDGE('',*,*,#2220,.F.);
#1425=ORIENTED_EDGE('',*,*,#2221,.T.);
#1426=ORIENTED_EDGE('',*,*,#2194,.T.);
#1427=ORIENTED_EDGE('',*,*,#2222,.T.);
#1428=ORIENTED_EDGE('',*,*,#2223,.T.);
#1429=ORIENTED_EDGE('',*,*,#2224,.T.);
#1430=ORIENTED_EDGE('',*,*,#2190,.F.);
#1431=ORIENTED_EDGE('',*,*,#2225,.T.);
#1432=ORIENTED_EDGE('',*,*,#2226,.T.);
#1433=ORIENTED_EDGE('',*,*,#2227,.T.);
#1434=ORIENTED_EDGE('',*,*,#2200,.F.);
#1435=ORIENTED_EDGE('',*,*,#2228,.F.);
#1436=ORIENTED_EDGE('',*,*,#2229,.T.);
#1437=ORIENTED_EDGE('',*,*,#2230,.T.);
#1438=ORIENTED_EDGE('',*,*,#2210,.F.);
#1439=ORIENTED_EDGE('',*,*,#2231,.T.);
#1440=ORIENTED_EDGE('',*,*,#2232,.T.);
#1441=ORIENTED_EDGE('',*,*,#2233,.T.);
#1442=ORIENTED_EDGE('',*,*,#2234,.T.);
#1443=ORIENTED_EDGE('',*,*,#2235,.T.);
#1444=ORIENTED_EDGE('',*,*,#2236,.T.);
#1445=ORIENTED_EDGE('',*,*,#2237,.T.);
#1446=ORIENTED_EDGE('',*,*,#2238,.F.);
#1447=ORIENTED_EDGE('',*,*,#2217,.T.);
#1448=ORIENTED_EDGE('',*,*,#2239,.T.);
#1449=ORIENTED_EDGE('',*,*,#2229,.F.);
#1450=ORIENTED_EDGE('',*,*,#2240,.F.);
#1451=ORIENTED_EDGE('',*,*,#2241,.F.);
#1452=ORIENTED_EDGE('',*,*,#2242,.T.);
#1453=ORIENTED_EDGE('',*,*,#2243,.T.);
#1454=ORIENTED_EDGE('',*,*,#2244,.T.);
#1455=ORIENTED_EDGE('',*,*,#2211,.T.);
#1456=ORIENTED_EDGE('',*,*,#2230,.F.);
#1457=ORIENTED_EDGE('',*,*,#2239,.F.);
#1458=ORIENTED_EDGE('',*,*,#2216,.T.);
#1459=ORIENTED_EDGE('',*,*,#2205,.F.);
#1460=ORIENTED_EDGE('',*,*,#2218,.F.);
#1461=ORIENTED_EDGE('',*,*,#2240,.T.);
#1462=ORIENTED_EDGE('',*,*,#2228,.T.);
#1463=ORIENTED_EDGE('',*,*,#2189,.T.);
#1464=ORIENTED_EDGE('',*,*,#2238,.T.);
#1465=ORIENTED_EDGE('',*,*,#2245,.T.);
#1466=ORIENTED_EDGE('',*,*,#2242,.F.);
#1467=ORIENTED_EDGE('',*,*,#2246,.F.);
#1468=ORIENTED_EDGE('',*,*,#2185,.F.);
#1469=ORIENTED_EDGE('',*,*,#2247,.T.);
#1470=ORIENTED_EDGE('',*,*,#2243,.F.);
#1471=ORIENTED_EDGE('',*,*,#2245,.F.);
#1472=ORIENTED_EDGE('',*,*,#2188,.F.);
#1473=ORIENTED_EDGE('',*,*,#2186,.T.);
#1474=ORIENTED_EDGE('',*,*,#2246,.T.);
#1475=ORIENTED_EDGE('',*,*,#2241,.T.);
#1476=ORIENTED_EDGE('',*,*,#2248,.F.);
#1477=ORIENTED_EDGE('',*,*,#2248,.T.);
#1478=ORIENTED_EDGE('',*,*,#2244,.F.);
#1479=ORIENTED_EDGE('',*,*,#2247,.F.);
#1480=ORIENTED_EDGE('',*,*,#2187,.F.);
#1481=ORIENTED_EDGE('',*,*,#2237,.F.);
#1482=ORIENTED_EDGE('',*,*,#2199,.T.);
#1483=ORIENTED_EDGE('',*,*,#2236,.F.);
#1484=ORIENTED_EDGE('',*,*,#2207,.T.);
#1485=ORIENTED_EDGE('',*,*,#2235,.F.);
#1486=ORIENTED_EDGE('',*,*,#2198,.T.);
#1487=ORIENTED_EDGE('',*,*,#2234,.F.);
#1488=ORIENTED_EDGE('',*,*,#2206,.T.);
#1489=ORIENTED_EDGE('',*,*,#2249,.T.);
#1490=ORIENTED_EDGE('',*,*,#2214,.T.);
#1491=ORIENTED_EDGE('',*,*,#2250,.T.);
#1492=ORIENTED_EDGE('',*,*,#2251,.F.);
#1493=ORIENTED_EDGE('',*,*,#2252,.T.);
#1494=ORIENTED_EDGE('',*,*,#2223,.F.);
#1495=ORIENTED_EDGE('',*,*,#2253,.T.);
#1496=ORIENTED_EDGE('',*,*,#2254,.F.);
#1497=ORIENTED_EDGE('',*,*,#2255,.T.);
#1498=ORIENTED_EDGE('',*,*,#2192,.F.);
#1499=ORIENTED_EDGE('',*,*,#2256,.T.);
#1500=ORIENTED_EDGE('',*,*,#2251,.T.);
#1501=ORIENTED_EDGE('',*,*,#2257,.T.);
#1502=ORIENTED_EDGE('',*,*,#2254,.T.);
#1503=ORIENTED_EDGE('',*,*,#2258,.T.);
#1504=ORIENTED_EDGE('',*,*,#2208,.F.);
#1505=ORIENTED_EDGE('',*,*,#2259,.T.);
#1506=ORIENTED_EDGE('',*,*,#2233,.F.);
#1507=ORIENTED_EDGE('',*,*,#2249,.F.);
#1508=ORIENTED_EDGE('',*,*,#2260,.T.);
#1509=ORIENTED_EDGE('',*,*,#2220,.T.);
#1510=ORIENTED_EDGE('',*,*,#2261,.T.);
#1511=ORIENTED_EDGE('',*,*,#2262,.F.);
#1512=ORIENTED_EDGE('',*,*,#2263,.T.);
#1513=ORIENTED_EDGE('',*,*,#2226,.F.);
#1514=ORIENTED_EDGE('',*,*,#2264,.T.);
#1515=ORIENTED_EDGE('',*,*,#2265,.F.);
#1516=ORIENTED_EDGE('',*,*,#2266,.T.);
#1517=ORIENTED_EDGE('',*,*,#2202,.F.);
#1518=ORIENTED_EDGE('',*,*,#2267,.T.);
#1519=ORIENTED_EDGE('',*,*,#2262,.T.);
#1520=ORIENTED_EDGE('',*,*,#2268,.T.);
#1521=ORIENTED_EDGE('',*,*,#2265,.T.);
#1522=ORIENTED_EDGE('',*,*,#2269,.T.);
#1523=ORIENTED_EDGE('',*,*,#2196,.F.);
#1524=ORIENTED_EDGE('',*,*,#2270,.T.);
#1525=ORIENTED_EDGE('',*,*,#2232,.F.);
#1526=ORIENTED_EDGE('',*,*,#2260,.F.);
#1527=ORIENTED_EDGE('',*,*,#2252,.F.);
#1528=ORIENTED_EDGE('',*,*,#2256,.F.);
#1529=ORIENTED_EDGE('',*,*,#2191,.F.);
#1530=ORIENTED_EDGE('',*,*,#2224,.F.);
#1531=ORIENTED_EDGE('',*,*,#2209,.F.);
#1532=ORIENTED_EDGE('',*,*,#2258,.F.);
#1533=ORIENTED_EDGE('',*,*,#2253,.F.);
#1534=ORIENTED_EDGE('',*,*,#2231,.F.);
#1535=ORIENTED_EDGE('',*,*,#2213,.F.);
#1536=ORIENTED_EDGE('',*,*,#2215,.F.);
#1537=ORIENTED_EDGE('',*,*,#2255,.F.);
#1538=ORIENTED_EDGE('',*,*,#2259,.F.);
#1539=ORIENTED_EDGE('',*,*,#2250,.F.);
#1540=ORIENTED_EDGE('',*,*,#2222,.F.);
#1541=ORIENTED_EDGE('',*,*,#2193,.F.);
#1542=ORIENTED_EDGE('',*,*,#2257,.F.);
#1543=ORIENTED_EDGE('',*,*,#2263,.F.);
#1544=ORIENTED_EDGE('',*,*,#2267,.F.);
#1545=ORIENTED_EDGE('',*,*,#2201,.F.);
#1546=ORIENTED_EDGE('',*,*,#2227,.F.);
#1547=ORIENTED_EDGE('',*,*,#2197,.F.);
#1548=ORIENTED_EDGE('',*,*,#2269,.F.);
#1549=ORIENTED_EDGE('',*,*,#2264,.F.);
#1550=ORIENTED_EDGE('',*,*,#2225,.F.);
#1551=ORIENTED_EDGE('',*,*,#2195,.F.);
#1552=ORIENTED_EDGE('',*,*,#2221,.F.);
#1553=ORIENTED_EDGE('',*,*,#2266,.F.);
#1554=ORIENTED_EDGE('',*,*,#2270,.F.);
#1555=ORIENTED_EDGE('',*,*,#2261,.F.);
#1556=ORIENTED_EDGE('',*,*,#2219,.F.);
#1557=ORIENTED_EDGE('',*,*,#2203,.F.);
#1558=ORIENTED_EDGE('',*,*,#2268,.F.);
#1559=ORIENTED_EDGE('',*,*,#2271,.T.);
#1560=ORIENTED_EDGE('',*,*,#2272,.T.);
#1561=ORIENTED_EDGE('',*,*,#2273,.F.);
#1562=ORIENTED_EDGE('',*,*,#2274,.F.);
#1563=ORIENTED_EDGE('',*,*,#2275,.T.);
#1564=ORIENTED_EDGE('',*,*,#2276,.F.);
#1565=ORIENTED_EDGE('',*,*,#2277,.T.);
#1566=ORIENTED_EDGE('',*,*,#2278,.T.);
#1567=ORIENTED_EDGE('',*,*,#2279,.T.);
#1568=ORIENTED_EDGE('',*,*,#2280,.F.);
#1569=ORIENTED_EDGE('',*,*,#2281,.T.);
#1570=ORIENTED_EDGE('',*,*,#2282,.T.);
#1571=ORIENTED_EDGE('',*,*,#2283,.T.);
#1572=ORIENTED_EDGE('',*,*,#2284,.T.);
#1573=ORIENTED_EDGE('',*,*,#2285,.T.);
#1574=ORIENTED_EDGE('',*,*,#2286,.F.);
#1575=ORIENTED_EDGE('',*,*,#2287,.T.);
#1576=ORIENTED_EDGE('',*,*,#2288,.T.);
#1577=ORIENTED_EDGE('',*,*,#2289,.T.);
#1578=ORIENTED_EDGE('',*,*,#2290,.F.);
#1579=ORIENTED_EDGE('',*,*,#2291,.T.);
#1580=ORIENTED_EDGE('',*,*,#2292,.T.);
#1581=ORIENTED_EDGE('',*,*,#2293,.T.);
#1582=ORIENTED_EDGE('',*,*,#2294,.T.);
#1583=ORIENTED_EDGE('',*,*,#2295,.F.);
#1584=ORIENTED_EDGE('',*,*,#2296,.T.);
#1585=ORIENTED_EDGE('',*,*,#2297,.T.);
#1586=ORIENTED_EDGE('',*,*,#2276,.T.);
#1587=ORIENTED_EDGE('',*,*,#2298,.T.);
#1588=ORIENTED_EDGE('',*,*,#2299,.T.);
#1589=ORIENTED_EDGE('',*,*,#2300,.T.);
#1590=ORIENTED_EDGE('',*,*,#2288,.F.);
#1591=ORIENTED_EDGE('',*,*,#2301,.F.);
#1592=ORIENTED_EDGE('',*,*,#2302,.T.);
#1593=ORIENTED_EDGE('',*,*,#2303,.T.);
#1594=ORIENTED_EDGE('',*,*,#2304,.T.);
#1595=ORIENTED_EDGE('',*,*,#2305,.F.);
#1596=ORIENTED_EDGE('',*,*,#2292,.F.);
#1597=ORIENTED_EDGE('',*,*,#2306,.T.);
#1598=ORIENTED_EDGE('',*,*,#2307,.F.);
#1599=ORIENTED_EDGE('',*,*,#2308,.T.);
#1600=ORIENTED_EDGE('',*,*,#2281,.F.);
#1601=ORIENTED_EDGE('',*,*,#2309,.T.);
#1602=ORIENTED_EDGE('',*,*,#2310,.T.);
#1603=ORIENTED_EDGE('',*,*,#2311,.T.);
#1604=ORIENTED_EDGE('',*,*,#2312,.F.);
#1605=ORIENTED_EDGE('',*,*,#2313,.T.);
#1606=ORIENTED_EDGE('',*,*,#2314,.F.);
#1607=ORIENTED_EDGE('',*,*,#2315,.T.);
#1608=ORIENTED_EDGE('',*,*,#2280,.T.);
#1609=ORIENTED_EDGE('',*,*,#2316,.T.);
#1610=ORIENTED_EDGE('',*,*,#2284,.F.);
#1611=ORIENTED_EDGE('',*,*,#2317,.F.);
#1612=ORIENTED_EDGE('',*,*,#2318,.F.);
#1613=ORIENTED_EDGE('',*,*,#2319,.F.);
#1614=ORIENTED_EDGE('',*,*,#2320,.T.);
#1615=ORIENTED_EDGE('',*,*,#2321,.T.);
#1616=ORIENTED_EDGE('',*,*,#2274,.T.);
#1617=ORIENTED_EDGE('',*,*,#2317,.T.);
#1618=ORIENTED_EDGE('',*,*,#2283,.F.);
#1619=ORIENTED_EDGE('',*,*,#2322,.T.);
#1620=ORIENTED_EDGE('',*,*,#2323,.F.);
#1621=ORIENTED_EDGE('',*,*,#2324,.T.);
#1622=ORIENTED_EDGE('',*,*,#2290,.T.);
#1623=ORIENTED_EDGE('',*,*,#2325,.T.);
#1624=ORIENTED_EDGE('',*,*,#2326,.F.);
#1625=ORIENTED_EDGE('',*,*,#2327,.F.);
#1626=ORIENTED_EDGE('',*,*,#2328,.T.);
#1627=ORIENTED_EDGE('',*,*,#2329,.T.);
#1628=ORIENTED_EDGE('',*,*,#2301,.T.);
#1629=ORIENTED_EDGE('',*,*,#2295,.T.);
#1630=ORIENTED_EDGE('',*,*,#2330,.T.);
#1631=ORIENTED_EDGE('',*,*,#2331,.F.);
#1632=ORIENTED_EDGE('',*,*,#2332,.T.);
#1633=ORIENTED_EDGE('',*,*,#2305,.T.);
#1634=ORIENTED_EDGE('',*,*,#2333,.T.);
#1635=ORIENTED_EDGE('',*,*,#2334,.T.);
#1636=ORIENTED_EDGE('',*,*,#2335,.T.);
#1637=ORIENTED_EDGE('',*,*,#2336,.F.);
#1638=ORIENTED_EDGE('',*,*,#2337,.T.);
#1639=ORIENTED_EDGE('',*,*,#2293,.F.);
#1640=ORIENTED_EDGE('',*,*,#2314,.T.);
#1641=ORIENTED_EDGE('',*,*,#2338,.T.);
#1642=ORIENTED_EDGE('',*,*,#2339,.F.);
#1643=ORIENTED_EDGE('',*,*,#2340,.T.);
#1644=ORIENTED_EDGE('',*,*,#2312,.T.);
#1645=ORIENTED_EDGE('',*,*,#2341,.T.);
#1646=ORIENTED_EDGE('',*,*,#2342,.F.);
#1647=ORIENTED_EDGE('',*,*,#2343,.T.);
#1648=ORIENTED_EDGE('',*,*,#2310,.F.);
#1649=ORIENTED_EDGE('',*,*,#2344,.T.);
#1650=ORIENTED_EDGE('',*,*,#2345,.T.);
#1651=ORIENTED_EDGE('',*,*,#2346,.T.);
#1652=ORIENTED_EDGE('',*,*,#2347,.T.);
#1653=ORIENTED_EDGE('',*,*,#2348,.T.);
#1654=ORIENTED_EDGE('',*,*,#2349,.T.);
#1655=ORIENTED_EDGE('',*,*,#2350,.T.);
#1656=ORIENTED_EDGE('',*,*,#2286,.T.);
#1657=ORIENTED_EDGE('',*,*,#2351,.T.);
#1658=ORIENTED_EDGE('',*,*,#2278,.F.);
#1659=ORIENTED_EDGE('',*,*,#2352,.T.);
#1660=ORIENTED_EDGE('',*,*,#2339,.T.);
#1661=ORIENTED_EDGE('',*,*,#2353,.T.);
#1662=ORIENTED_EDGE('',*,*,#2342,.T.);
#1663=ORIENTED_EDGE('',*,*,#2354,.T.);
#1664=ORIENTED_EDGE('',*,*,#2345,.F.);
#1665=ORIENTED_EDGE('',*,*,#2355,.T.);
#1666=ORIENTED_EDGE('',*,*,#2303,.F.);
#1667=ORIENTED_EDGE('',*,*,#2356,.T.);
#1668=ORIENTED_EDGE('',*,*,#2357,.T.);
#1669=ORIENTED_EDGE('',*,*,#2358,.T.);
#1670=ORIENTED_EDGE('',*,*,#2359,.T.);
#1671=ORIENTED_EDGE('',*,*,#2360,.F.);
#1672=ORIENTED_EDGE('',*,*,#2361,.T.);
#1673=ORIENTED_EDGE('',*,*,#2362,.T.);
#1674=ORIENTED_EDGE('',*,*,#2363,.T.);
#1675=ORIENTED_EDGE('',*,*,#2364,.T.);
#1676=ORIENTED_EDGE('',*,*,#2357,.F.);
#1677=ORIENTED_EDGE('',*,*,#2365,.T.);
#1678=ORIENTED_EDGE('',*,*,#2328,.F.);
#1679=ORIENTED_EDGE('',*,*,#2366,.T.);
#1680=ORIENTED_EDGE('',*,*,#2360,.T.);
#1681=ORIENTED_EDGE('',*,*,#2367,.T.);
#1682=ORIENTED_EDGE('',*,*,#2334,.F.);
#1683=ORIENTED_EDGE('',*,*,#2368,.T.);
#1684=ORIENTED_EDGE('',*,*,#2369,.T.);
#1685=ORIENTED_EDGE('',*,*,#2331,.T.);
#1686=ORIENTED_EDGE('',*,*,#2370,.T.);
#1687=ORIENTED_EDGE('',*,*,#2336,.T.);
#1688=ORIENTED_EDGE('',*,*,#2371,.T.);
#1689=ORIENTED_EDGE('',*,*,#2362,.F.);
#1690=ORIENTED_EDGE('',*,*,#2372,.T.);
#1691=ORIENTED_EDGE('',*,*,#2373,.T.);
#1692=ORIENTED_EDGE('',*,*,#2374,.T.);
#1693=ORIENTED_EDGE('',*,*,#2375,.T.);
#1694=ORIENTED_EDGE('',*,*,#2376,.T.);
#1695=ORIENTED_EDGE('',*,*,#2377,.F.);
#1696=ORIENTED_EDGE('',*,*,#2378,.T.);
#1697=ORIENTED_EDGE('',*,*,#2377,.T.);
#1698=ORIENTED_EDGE('',*,*,#2379,.F.);
#1699=ORIENTED_EDGE('',*,*,#2380,.T.);
#1700=ORIENTED_EDGE('',*,*,#2379,.T.);
#1701=ORIENTED_EDGE('',*,*,#2381,.F.);
#1702=ORIENTED_EDGE('',*,*,#2326,.T.);
#1703=ORIENTED_EDGE('',*,*,#2381,.T.);
#1704=ORIENTED_EDGE('',*,*,#2382,.F.);
#1705=ORIENTED_EDGE('',*,*,#2327,.T.);
#1706=ORIENTED_EDGE('',*,*,#2382,.T.);
#1707=ORIENTED_EDGE('',*,*,#2366,.F.);
#1708=ORIENTED_EDGE('',*,*,#2332,.F.);
#1709=ORIENTED_EDGE('',*,*,#2372,.F.);
#1710=ORIENTED_EDGE('',*,*,#2361,.F.);
#1711=ORIENTED_EDGE('',*,*,#2371,.F.);
#1712=ORIENTED_EDGE('',*,*,#2335,.F.);
#1713=ORIENTED_EDGE('',*,*,#2367,.F.);
#1714=ORIENTED_EDGE('',*,*,#2363,.F.);
#1715=ORIENTED_EDGE('',*,*,#2330,.F.);
#1716=ORIENTED_EDGE('',*,*,#2294,.F.);
#1717=ORIENTED_EDGE('',*,*,#2337,.F.);
#1718=ORIENTED_EDGE('',*,*,#2370,.F.);
#1719=ORIENTED_EDGE('',*,*,#2323,.T.);
#1720=ORIENTED_EDGE('',*,*,#2383,.T.);
#1721=ORIENTED_EDGE('',*,*,#2307,.T.);
#1722=ORIENTED_EDGE('',*,*,#2384,.T.);
#1723=ORIENTED_EDGE('',*,*,#2299,.F.);
#1724=ORIENTED_EDGE('',*,*,#2385,.T.);
#1725=ORIENTED_EDGE('',*,*,#2320,.F.);
#1726=ORIENTED_EDGE('',*,*,#2386,.T.);
#1727=ORIENTED_EDGE('',*,*,#2387,.T.);
#1728=ORIENTED_EDGE('',*,*,#2273,.T.);
#1729=ORIENTED_EDGE('',*,*,#2365,.F.);
#1730=ORIENTED_EDGE('',*,*,#2356,.F.);
#1731=ORIENTED_EDGE('',*,*,#2302,.F.);
#1732=ORIENTED_EDGE('',*,*,#2329,.F.);
#1733=ORIENTED_EDGE('',*,*,#2368,.F.);
#1734=ORIENTED_EDGE('',*,*,#2333,.F.);
#1735=ORIENTED_EDGE('',*,*,#2304,.F.);
#1736=ORIENTED_EDGE('',*,*,#2358,.F.);
#1737=ORIENTED_EDGE('',*,*,#2298,.F.);
#1738=ORIENTED_EDGE('',*,*,#2275,.F.);
#1739=ORIENTED_EDGE('',*,*,#2321,.F.);
#1740=ORIENTED_EDGE('',*,*,#2385,.F.);
#1741=ORIENTED_EDGE('',*,*,#2308,.F.);
#1742=ORIENTED_EDGE('',*,*,#2383,.F.);
#1743=ORIENTED_EDGE('',*,*,#2322,.F.);
#1744=ORIENTED_EDGE('',*,*,#2282,.F.);
#1745=ORIENTED_EDGE('',*,*,#2300,.F.);
#1746=ORIENTED_EDGE('',*,*,#2386,.F.);
#1747=ORIENTED_EDGE('',*,*,#2325,.F.);
#1748=ORIENTED_EDGE('',*,*,#2289,.F.);
#1749=ORIENTED_EDGE('',*,*,#2306,.F.);
#1750=ORIENTED_EDGE('',*,*,#2291,.F.);
#1751=ORIENTED_EDGE('',*,*,#2324,.F.);
#1752=ORIENTED_EDGE('',*,*,#2384,.F.);
#1753=ORIENTED_EDGE('',*,*,#2309,.F.);
#1754=ORIENTED_EDGE('',*,*,#2287,.F.);
#1755=ORIENTED_EDGE('',*,*,#2355,.F.);
#1756=ORIENTED_EDGE('',*,*,#2344,.F.);
#1757=ORIENTED_EDGE('',*,*,#2311,.F.);
#1758=ORIENTED_EDGE('',*,*,#2346,.F.);
#1759=ORIENTED_EDGE('',*,*,#2354,.F.);
#1760=ORIENTED_EDGE('',*,*,#2341,.F.);
#1761=ORIENTED_EDGE('',*,*,#2313,.F.);
#1762=ORIENTED_EDGE('',*,*,#2343,.F.);
#1763=ORIENTED_EDGE('',*,*,#2353,.F.);
#1764=ORIENTED_EDGE('',*,*,#2338,.F.);
#1765=ORIENTED_EDGE('',*,*,#2315,.F.);
#1766=ORIENTED_EDGE('',*,*,#2340,.F.);
#1767=ORIENTED_EDGE('',*,*,#2352,.F.);
#1768=ORIENTED_EDGE('',*,*,#2277,.F.);
#1769=ORIENTED_EDGE('',*,*,#2387,.F.);
#1770=ORIENTED_EDGE('',*,*,#2359,.F.);
#1771=ORIENTED_EDGE('',*,*,#2369,.F.);
#1772=ORIENTED_EDGE('',*,*,#2271,.F.);
#1773=ORIENTED_EDGE('',*,*,#2378,.F.);
#1774=ORIENTED_EDGE('',*,*,#2347,.F.);
#1775=ORIENTED_EDGE('',*,*,#2380,.F.);
#1776=ORIENTED_EDGE('',*,*,#2348,.F.);
#1777=ORIENTED_EDGE('',*,*,#2296,.F.);
#1778=ORIENTED_EDGE('',*,*,#2373,.F.);
#1779=ORIENTED_EDGE('',*,*,#2297,.F.);
#1780=ORIENTED_EDGE('',*,*,#2375,.F.);
#1781=ORIENTED_EDGE('',*,*,#2374,.F.);
#1782=ORIENTED_EDGE('',*,*,#2349,.F.);
#1783=ORIENTED_EDGE('',*,*,#2376,.F.);
#1784=ORIENTED_EDGE('',*,*,#2350,.F.);
#1785=ORIENTED_EDGE('',*,*,#2364,.F.);
#1786=ORIENTED_EDGE('',*,*,#2272,.F.);
#1787=ORIENTED_EDGE('',*,*,#2279,.F.);
#1788=ORIENTED_EDGE('',*,*,#2351,.F.);
#1789=ORIENTED_EDGE('',*,*,#2285,.F.);
#1790=ORIENTED_EDGE('',*,*,#2316,.F.);
#1791=ORIENTED_EDGE('',*,*,#2388,.F.);
#1792=ORIENTED_EDGE('',*,*,#2319,.T.);
#1793=ORIENTED_EDGE('',*,*,#2388,.T.);
#1794=ORIENTED_EDGE('',*,*,#2389,.F.);
#1795=ORIENTED_EDGE('',*,*,#2318,.T.);
#1796=ORIENTED_EDGE('',*,*,#2389,.T.);
#1797=ORIENTED_EDGE('',*,*,#2390,.F.);
#1798=ORIENTED_EDGE('',*,*,#2391,.T.);
#1799=ORIENTED_EDGE('',*,*,#2392,.T.);
#1800=ORIENTED_EDGE('',*,*,#2391,.F.);
#1801=ORIENTED_EDGE('',*,*,#2392,.F.);
#1802=ORIENTED_EDGE('',*,*,#2393,.T.);
#1803=ORIENTED_EDGE('',*,*,#2394,.T.);
#1804=ORIENTED_EDGE('',*,*,#2393,.F.);
#1805=ORIENTED_EDGE('',*,*,#2395,.F.);
#1806=ORIENTED_EDGE('',*,*,#2396,.F.);
#1807=ORIENTED_EDGE('',*,*,#2390,.T.);
#1808=ORIENTED_EDGE('',*,*,#2397,.T.);
#1809=ORIENTED_EDGE('',*,*,#2398,.T.);
#1810=ORIENTED_EDGE('',*,*,#2399,.T.);
#1811=ORIENTED_EDGE('',*,*,#2400,.T.);
#1812=ORIENTED_EDGE('',*,*,#2401,.F.);
#1813=ORIENTED_EDGE('',*,*,#2402,.T.);
#1814=ORIENTED_EDGE('',*,*,#2401,.T.);
#1815=ORIENTED_EDGE('',*,*,#2403,.T.);
#1816=ORIENTED_EDGE('',*,*,#2404,.T.);
#1817=ORIENTED_EDGE('',*,*,#2395,.T.);
#1818=ORIENTED_EDGE('',*,*,#2397,.F.);
#1819=ORIENTED_EDGE('',*,*,#2398,.F.);
#1820=ORIENTED_EDGE('',*,*,#2405,.F.);
#1821=ORIENTED_EDGE('',*,*,#2404,.F.);
#1822=ORIENTED_EDGE('',*,*,#2405,.T.);
#1823=ORIENTED_EDGE('',*,*,#2406,.T.);
#1824=ORIENTED_EDGE('',*,*,#2407,.F.);
#1825=ORIENTED_EDGE('',*,*,#2408,.T.);
#1826=ORIENTED_EDGE('',*,*,#2409,.T.);
#1827=ORIENTED_EDGE('',*,*,#2409,.F.);
#1828=ORIENTED_EDGE('',*,*,#2410,.T.);
#1829=ORIENTED_EDGE('',*,*,#2410,.F.);
#1830=ORIENTED_EDGE('',*,*,#2411,.T.);
#1831=ORIENTED_EDGE('',*,*,#2407,.T.);
#1832=ORIENTED_EDGE('',*,*,#2411,.F.);
#1833=ORIENTED_EDGE('',*,*,#2412,.F.);
#1834=ORIENTED_EDGE('',*,*,#2396,.T.);
#1835=ORIENTED_EDGE('',*,*,#2412,.T.);
#1836=ORIENTED_EDGE('',*,*,#2413,.F.);
#1837=ORIENTED_EDGE('',*,*,#2399,.F.);
#1838=ORIENTED_EDGE('',*,*,#2413,.T.);
#1839=ORIENTED_EDGE('',*,*,#2402,.F.);
#1840=ORIENTED_EDGE('',*,*,#2394,.F.);
#1841=ORIENTED_EDGE('',*,*,#2408,.F.);
#1842=ORIENTED_EDGE('',*,*,#2400,.F.);
#1843=ORIENTED_EDGE('',*,*,#2403,.F.);
#1844=ORIENTED_EDGE('',*,*,#2406,.F.);
#1845=EDGE_CURVE('',#2414,#2415,#2843,.F.);
#1846=EDGE_CURVE('',#2415,#2416,#701,.T.);
#1847=EDGE_CURVE('',#2416,#2417,#2844,.T.);
#1848=EDGE_CURVE('',#2418,#2417,#626,.F.);
#1849=EDGE_CURVE('',#2419,#2418,#627,.F.);
#1850=EDGE_CURVE('',#2420,#2419,#628,.F.);
#1851=EDGE_CURVE('',#2421,#2420,#629,.F.);
#1852=EDGE_CURVE('',#2422,#2421,#630,.F.);
#1853=EDGE_CURVE('',#2423,#2422,#631,.F.);
#1854=EDGE_CURVE('',#2424,#2423,#632,.F.);
#1855=EDGE_CURVE('',#2425,#2424,#633,.F.);
#1856=EDGE_CURVE('',#2426,#2425,#634,.F.);
#1857=EDGE_CURVE('',#2427,#2426,#635,.F.);
#1858=EDGE_CURVE('',#2428,#2427,#636,.F.);
#1859=EDGE_CURVE('',#2414,#2428,#637,.F.);
#1860=EDGE_CURVE('',#2429,#2429,#2845,.T.);
#1861=EDGE_CURVE('',#2414,#2430,#638,.T.);
#1862=EDGE_CURVE('',#2430,#2431,#2846,.F.);
#1863=EDGE_CURVE('',#2431,#2415,#639,.T.);
#1864=EDGE_CURVE('',#2432,#2432,#2847,.T.);
#1865=EDGE_CURVE('',#2430,#2433,#702,.T.);
#1866=EDGE_CURVE('',#2433,#2417,#640,.T.);
#1867=EDGE_CURVE('',#2431,#2434,#641,.F.);
#1868=EDGE_CURVE('',#2434,#2433,#2848,.T.);
#1869=EDGE_CURVE('',#2416,#2434,#642,.T.);
#1870=EDGE_CURVE('',#2435,#2435,#2849,.T.);
#1871=EDGE_CURVE('',#2436,#2436,#2850,.T.);
#1872=EDGE_CURVE('',#2437,#2438,#2851,.T.);
#1873=EDGE_CURVE('',#2439,#2437,#2852,.T.);
#1874=EDGE_CURVE('',#2440,#2439,#2853,.T.);
#1875=EDGE_CURVE('',#2441,#2440,#2854,.T.);
#1876=EDGE_CURVE('',#2442,#2441,#2855,.T.);
#1877=EDGE_CURVE('',#2438,#2442,#2856,.T.);
#1878=EDGE_CURVE('',#2443,#2443,#2857,.T.);
#1879=EDGE_CURVE('',#2441,#2440,#643,.T.);
#1880=EDGE_CURVE('',#2440,#2439,#644,.T.);
#1881=EDGE_CURVE('',#2439,#2437,#645,.T.);
#1882=EDGE_CURVE('',#2437,#2438,#646,.F.);
#1883=EDGE_CURVE('',#2438,#2442,#647,.T.);
#1884=EDGE_CURVE('',#2442,#2441,#648,.T.);
#1885=EDGE_CURVE('',#2444,#2444,#2858,.T.);
#1886=EDGE_CURVE('',#2445,#2446,#124,.T.);
#1887=EDGE_CURVE('',#2446,#2447,#125,.T.);
#1888=EDGE_CURVE('',#2447,#2448,#126,.T.);
#1889=EDGE_CURVE('',#2448,#2449,#127,.T.);
#1890=EDGE_CURVE('',#2449,#2450,#128,.T.);
#1891=EDGE_CURVE('',#2450,#2445,#129,.T.);
#1892=EDGE_CURVE('',#2446,#2441,#130,.T.);
#1893=EDGE_CURVE('',#2447,#2440,#131,.T.);
#1894=EDGE_CURVE('',#2448,#2439,#132,.T.);
#1895=EDGE_CURVE('',#2449,#2437,#133,.T.);
#1896=EDGE_CURVE('',#2450,#2438,#134,.T.);
#1897=EDGE_CURVE('',#2445,#2442,#135,.T.);
#1898=EDGE_CURVE('',#2451,#2452,#703,.T.);
#1899=EDGE_CURVE('',#2452,#2453,#649,.T.);
#1900=EDGE_CURVE('',#2454,#2453,#704,.T.);
#1901=EDGE_CURVE('',#2451,#2454,#650,.T.);
#1902=EDGE_CURVE('',#2455,#2456,#705,.T.);
#1903=EDGE_CURVE('',#2456,#2457,#651,.T.);
#1904=EDGE_CURVE('',#2458,#2457,#706,.T.);
#1905=EDGE_CURVE('',#2455,#2458,#652,.T.);
#1906=EDGE_CURVE('',#2457,#2452,#2859,.T.);
#1907=EDGE_CURVE('',#2458,#2451,#2860,.F.);
#1908=EDGE_CURVE('',#2456,#2453,#2861,.T.);
#1909=EDGE_CURVE('',#2453,#2456,#2862,.T.);
#1910=EDGE_CURVE('',#2459,#2460,#2863,.T.);
#1911=EDGE_CURVE('',#2459,#2461,#2864,.F.);
#1912=EDGE_CURVE('',#2461,#2462,#2865,.F.);
#1913=EDGE_CURVE('',#2462,#2463,#2866,.F.);
#1914=EDGE_CURVE('',#2463,#2464,#2867,.F.);
#1915=EDGE_CURVE('',#2464,#2460,#2868,.F.);
#1916=EDGE_CURVE('',#2454,#2455,#2869,.T.);
#1917=EDGE_CURVE('',#2455,#2454,#2870,.T.);
#1918=EDGE_CURVE('',#2465,#2466,#2871,.T.);
#1919=EDGE_CURVE('',#2466,#2467,#2872,.T.);
#1920=EDGE_CURVE('',#2467,#2468,#2873,.T.);
#1921=EDGE_CURVE('',#2468,#2469,#2874,.T.);
#1922=EDGE_CURVE('',#2469,#2470,#2875,.T.);
#1923=EDGE_CURVE('',#2470,#2465,#2876,.T.);
#1924=EDGE_CURVE('',#2471,#2472,#136,.T.);
#1925=EDGE_CURVE('',#2472,#2460,#653,.T.);
#1926=EDGE_CURVE('',#2460,#2473,#654,.T.);
#1927=EDGE_CURVE('',#2474,#2473,#137,.T.);
#1928=EDGE_CURVE('',#2467,#2474,#655,.T.);
#1929=EDGE_CURVE('',#2471,#2467,#656,.T.);
#1930=EDGE_CURVE('',#2473,#2464,#657,.T.);
#1931=EDGE_CURVE('',#2464,#2475,#658,.T.);
#1932=EDGE_CURVE('',#2476,#2475,#138,.T.);
#1933=EDGE_CURVE('',#2468,#2476,#659,.T.);
#1934=EDGE_CURVE('',#2474,#2468,#660,.T.);
#1935=EDGE_CURVE('',#2475,#2463,#661,.F.);
#1936=EDGE_CURVE('',#2463,#2477,#662,.F.);
#1937=EDGE_CURVE('',#2478,#2477,#139,.T.);
#1938=EDGE_CURVE('',#2469,#2478,#663,.F.);
#1939=EDGE_CURVE('',#2476,#2469,#664,.F.);
#1940=EDGE_CURVE('',#2477,#2462,#665,.T.);
#1941=EDGE_CURVE('',#2462,#2479,#666,.T.);
#1942=EDGE_CURVE('',#2480,#2479,#140,.T.);
#1943=EDGE_CURVE('',#2470,#2480,#667,.T.);
#1944=EDGE_CURVE('',#2478,#2470,#668,.T.);
#1945=EDGE_CURVE('',#2479,#2461,#669,.T.);
#1946=EDGE_CURVE('',#2461,#2481,#670,.T.);
#1947=EDGE_CURVE('',#2482,#2481,#141,.T.);
#1948=EDGE_CURVE('',#2465,#2482,#671,.T.);
#1949=EDGE_CURVE('',#2480,#2465,#672,.T.);
#1950=EDGE_CURVE('',#2481,#2459,#673,.T.);
#1951=EDGE_CURVE('',#2459,#2472,#674,.T.);
#1952=EDGE_CURVE('',#2466,#2471,#675,.T.);
#1953=EDGE_CURVE('',#2482,#2466,#676,.T.);
#1954=EDGE_CURVE('',#2483,#2484,#142,.T.);
#1955=EDGE_CURVE('',#2484,#2485,#143,.F.);
#1956=EDGE_CURVE('',#2485,#2486,#144,.T.);
#1957=EDGE_CURVE('',#2486,#2487,#145,.T.);
#1958=EDGE_CURVE('',#2487,#2488,#146,.F.);
#1959=EDGE_CURVE('',#2488,#2489,#147,.F.);
#1960=EDGE_CURVE('',#2483,#2489,#677,.T.);
#1961=EDGE_CURVE('',#2490,#2491,#148,.T.);
#1962=EDGE_CURVE('',#2490,#2492,#149,.T.);
#1963=EDGE_CURVE('',#2492,#2493,#150,.T.);
#1964=EDGE_CURVE('',#2494,#2493,#678,.T.);
#1965=EDGE_CURVE('',#2494,#2495,#151,.T.);
#1966=EDGE_CURVE('',#2495,#2496,#152,.F.);
#1967=EDGE_CURVE('',#2491,#2496,#153,.T.);
#1968=EDGE_CURVE('',#2497,#2498,#2877,.F.);
#1969=EDGE_CURVE('',#2498,#2499,#154,.F.);
#1970=EDGE_CURVE('',#2500,#2499,#2878,.T.);
#1971=EDGE_CURVE('',#2500,#2501,#155,.T.);
#1972=EDGE_CURVE('',#2501,#2502,#2879,.F.);
#1973=EDGE_CURVE('',#2502,#2497,#2880,.T.);
#1974=EDGE_CURVE('',#2499,#2490,#679,.T.);
#1975=EDGE_CURVE('',#2486,#2491,#2881,.T.);
#1976=EDGE_CURVE('',#2485,#2500,#680,.T.);
#1977=EDGE_CURVE('',#2496,#2503,#2882,.T.);
#1978=EDGE_CURVE('',#2504,#2503,#2883,.T.);
#1979=EDGE_CURVE('',#2504,#2487,#2884,.T.);
#1980=EDGE_CURVE('',#2505,#2506,#156,.T.);
#1981=EDGE_CURVE('',#2506,#2507,#2885,.F.);
#1982=EDGE_CURVE('',#2507,#2508,#157,.F.);
#1983=EDGE_CURVE('',#2508,#2505,#2886,.T.);
#1984=EDGE_CURVE('',#2509,#2510,#158,.T.);
#1985=EDGE_CURVE('',#2510,#2511,#2887,.F.);
#1986=EDGE_CURVE('',#2511,#2512,#159,.F.);
#1987=EDGE_CURVE('',#2512,#2509,#2888,.F.);
#1988=EDGE_CURVE('',#2503,#2513,#160,.F.);
#1989=EDGE_CURVE('',#2513,#2514,#2889,.T.);
#1990=EDGE_CURVE('',#2514,#2504,#161,.T.);
#1991=EDGE_CURVE('',#2488,#2514,#2890,.T.);
#1992=EDGE_CURVE('',#2488,#2506,#2891,.F.);
#1993=EDGE_CURVE('',#2506,#2514,#2892,.F.);
#1994=EDGE_CURVE('',#2513,#2495,#2893,.T.);
#1995=EDGE_CURVE('',#2507,#2513,#2894,.T.);
#1996=EDGE_CURVE('',#2489,#2505,#2895,.T.);
#1997=EDGE_CURVE('',#2511,#2484,#2896,.T.);
#1998=EDGE_CURVE('',#2512,#2483,#2897,.T.);
#1999=EDGE_CURVE('',#2507,#2495,#2898,.F.);
#2000=EDGE_CURVE('',#2512,#2505,#681,.F.);
#2001=EDGE_CURVE('',#2508,#2494,#2899,.T.);
#2002=EDGE_CURVE('',#2509,#2508,#682,.T.);
#2003=EDGE_CURVE('',#2509,#2493,#2900,.F.);
#2004=EDGE_CURVE('',#2492,#2510,#2901,.T.);
#2005=EDGE_CURVE('',#2501,#2484,#2902,.T.);
#2006=EDGE_CURVE('',#2502,#2511,#2903,.T.);
#2007=EDGE_CURVE('',#2497,#2510,#2904,.T.);
#2008=EDGE_CURVE('',#2498,#2492,#2905,.T.);
#2009=EDGE_CURVE('',#2515,#2515,#2906,.T.);
#2010=EDGE_CURVE('',#2516,#2516,#2907,.T.);
#2011=EDGE_CURVE('',#2517,#2517,#2908,.T.);
#2012=EDGE_CURVE('',#2518,#2518,#2909,.T.);
#2013=EDGE_CURVE('',#2519,#2519,#2910,.T.);
#2014=EDGE_CURVE('',#2520,#2520,#2911,.T.);
#2015=EDGE_CURVE('',#2521,#2521,#683,.T.);
#2016=EDGE_CURVE('',#2522,#2523,#2912,.T.);
#2017=EDGE_CURVE('',#2522,#2524,#162,.F.);
#2018=EDGE_CURVE('',#2525,#2524,#2913,.F.);
#2019=EDGE_CURVE('',#2523,#2525,#163,.F.);
#2020=EDGE_CURVE('',#2526,#2527,#164,.T.);
#2021=EDGE_CURVE('',#2526,#2528,#165,.F.);
#2022=EDGE_CURVE('',#2528,#2529,#166,.T.);
#2023=EDGE_CURVE('',#2529,#2530,#167,.F.);
#2024=EDGE_CURVE('',#2530,#2531,#168,.T.);
#2025=EDGE_CURVE('',#2531,#2527,#169,.F.);
#2026=EDGE_CURVE('',#2532,#2533,#170,.F.);
#2027=EDGE_CURVE('',#2533,#2534,#2914,.F.);
#2028=EDGE_CURVE('',#2535,#2534,#171,.F.);
#2029=EDGE_CURVE('',#2532,#2535,#2915,.T.);
#2030=EDGE_CURVE('',#2536,#2537,#172,.T.);
#2031=EDGE_CURVE('',#2537,#2533,#173,.T.);
#2032=EDGE_CURVE('',#2538,#2532,#174,.T.);
#2033=EDGE_CURVE('',#2539,#2538,#175,.F.);
#2034=EDGE_CURVE('',#2536,#2539,#176,.T.);
#2035=EDGE_CURVE('',#2540,#2541,#177,.F.);
#2036=EDGE_CURVE('',#2541,#2527,#2916,.F.);
#2037=EDGE_CURVE('',#2540,#2531,#2917,.T.);
#2038=EDGE_CURVE('',#2542,#2543,#178,.T.);
#2039=EDGE_CURVE('',#2543,#2541,#179,.T.);
#2040=EDGE_CURVE('',#2544,#2540,#180,.T.);
#2041=EDGE_CURVE('',#2545,#2544,#181,.F.);
#2042=EDGE_CURVE('',#2542,#2545,#182,.T.);
#2043=EDGE_CURVE('',#2546,#2534,#183,.T.);
#2044=EDGE_CURVE('',#2546,#2547,#184,.F.);
#2045=EDGE_CURVE('',#2547,#2548,#185,.T.);
#2046=EDGE_CURVE('',#2548,#2549,#186,.F.);
#2047=EDGE_CURVE('',#2549,#2535,#187,.T.);
#2048=EDGE_CURVE('',#2537,#2550,#2918,.F.);
#2049=EDGE_CURVE('',#2536,#2551,#2919,.T.);
#2050=EDGE_CURVE('',#2552,#2551,#188,.F.);
#2051=EDGE_CURVE('',#2552,#2550,#53,.F.);
#2052=EDGE_CURVE('',#2543,#2546,#2920,.F.);
#2053=EDGE_CURVE('',#2542,#2547,#2921,.T.);
#2054=EDGE_CURVE('',#2553,#2526,#2922,.F.);
#2055=EDGE_CURVE('',#2553,#2554,#54,.F.);
#2056=EDGE_CURVE('',#2555,#2554,#189,.T.);
#2057=EDGE_CURVE('',#2555,#2528,#2923,.T.);
#2058=EDGE_CURVE('',#2556,#2557,#2924,.T.);
#2059=EDGE_CURVE('',#2556,#2522,#190,.T.);
#2060=EDGE_CURVE('',#2557,#2523,#191,.T.);
#2061=EDGE_CURVE('',#2554,#2558,#192,.T.);
#2062=EDGE_CURVE('',#2558,#2559,#193,.T.);
#2063=EDGE_CURVE('',#2560,#2559,#194,.T.);
#2064=EDGE_CURVE('',#2524,#2560,#195,.F.);
#2065=EDGE_CURVE('',#2561,#2556,#196,.F.);
#2066=EDGE_CURVE('',#2555,#2561,#197,.T.);
#2067=EDGE_CURVE('',#2528,#2555,#2925,.F.);
#2068=EDGE_CURVE('',#2529,#2561,#684,.T.);
#2069=EDGE_CURVE('',#2560,#2562,#2926,.T.);
#2070=EDGE_CURVE('',#2525,#2562,#198,.F.);
#2071=EDGE_CURVE('',#2538,#2549,#2927,.T.);
#2072=EDGE_CURVE('',#2562,#2563,#199,.T.);
#2073=EDGE_CURVE('',#2563,#2564,#200,.F.);
#2074=EDGE_CURVE('',#2564,#2552,#201,.F.);
#2075=EDGE_CURVE('',#2551,#2565,#202,.T.);
#2076=EDGE_CURVE('',#2565,#2557,#203,.F.);
#2077=EDGE_CURVE('',#2551,#2536,#2928,.F.);
#2078=EDGE_CURVE('',#2565,#2539,#685,.T.);
#2079=EDGE_CURVE('',#2566,#2566,#2929,.T.);
#2080=EDGE_CURVE('',#2544,#2530,#2930,.T.);
#2081=EDGE_CURVE('',#2548,#2545,#686,.T.);
#2082=EDGE_CURVE('',#2567,#2568,#204,.T.);
#2083=EDGE_CURVE('',#2567,#2563,#2931,.F.);
#2084=EDGE_CURVE('',#2559,#2568,#2932,.F.);
#2085=EDGE_CURVE('',#2569,#2569,#2933,.T.);
#2086=EDGE_CURVE('',#2570,#2570,#2934,.T.);
#2087=EDGE_CURVE('',#2571,#2571,#2935,.T.);
#2088=EDGE_CURVE('',#2572,#2572,#2936,.T.);
#2089=EDGE_CURVE('',#2547,#2542,#2937,.F.);
#2090=EDGE_CURVE('',#2573,#2574,#205,.T.);
#2091=EDGE_CURVE('',#2574,#2553,#206,.F.);
#2092=EDGE_CURVE('',#2550,#2573,#207,.T.);
#2093=EDGE_CURVE('',#2568,#2575,#208,.F.);
#2094=EDGE_CURVE('',#2575,#2576,#209,.F.);
#2095=EDGE_CURVE('',#2576,#2567,#210,.T.);
#2096=EDGE_CURVE('',#2564,#2576,#2938,.T.);
#2097=EDGE_CURVE('',#2573,#2564,#2939,.T.);
#2098=EDGE_CURVE('',#2573,#2576,#2940,.F.);
#2099=EDGE_CURVE('',#2574,#2575,#2941,.T.);
#2100=EDGE_CURVE('',#2558,#2574,#2942,.T.);
#2101=EDGE_CURVE('',#2558,#2575,#2943,.F.);
#2102=EDGE_CURVE('',#2577,#2577,#2944,.T.);
#2103=EDGE_CURVE('',#2579,#2579,#2945,.T.);
#2104=EDGE_CURVE('',#2581,#2581,#2946,.T.);
#2105=EDGE_CURVE('',#2582,#2582,#687,.T.);
#2106=EDGE_CURVE('',#2583,#2583,#688,.T.);
#2107=EDGE_CURVE('',#2584,#2584,#2947,.F.);
#2108=EDGE_CURVE('',#2585,#2585,#689,.T.);
#2109=EDGE_CURVE('',#2586,#2586,#2948,.T.);
#2110=EDGE_CURVE('',#2587,#2587,#2949,.T.);
#2111=EDGE_CURVE('',#2588,#2588,#690,.T.);
#2112=EDGE_CURVE('',#2590,#2590,#691,.T.);
#2113=EDGE_CURVE('',#2591,#2591,#2950,.T.);
#2114=EDGE_CURVE('',#2592,#2592,#692,.T.);
#2115=EDGE_CURVE('',#2593,#2593,#693,.T.);
#2116=EDGE_CURVE('',#2594,#2594,#2951,.T.);
#2117=EDGE_CURVE('',#2595,#2595,#2952,.T.);
#2118=EDGE_CURVE('',#2596,#2596,#2953,.T.);
#2119=EDGE_CURVE('',#2597,#2597,#2954,.T.);
#2120=EDGE_CURVE('',#2598,#2598,#2955,.T.);
#2121=EDGE_CURVE('',#2599,#2599,#2956,.T.);
#2122=EDGE_CURVE('',#2600,#2600,#2957,.F.);
#2123=EDGE_CURVE('',#2602,#2602,#2958,.T.);
#2124=EDGE_CURVE('',#2603,#2603,#2959,.T.);
#2125=EDGE_CURVE('',#2604,#2604,#2960,.F.);
#2126=EDGE_CURVE('',#2605,#2605,#2961,.T.);
#2127=EDGE_CURVE('',#2606,#2606,#2962,.F.);
#2128=EDGE_CURVE('',#2607,#2607,#2963,.T.);
#2129=EDGE_CURVE('',#2608,#2608,#2964,.F.);
#2130=EDGE_CURVE('',#2609,#2609,#2965,.T.);
#2131=EDGE_CURVE('',#2610,#2610,#2966,.T.);
#2132=EDGE_CURVE('',#2611,#2611,#2967,.T.);
#2133=EDGE_CURVE('',#2612,#2612,#2968,.T.);
#2134=EDGE_CURVE('',#2613,#2613,#2969,.F.);
#2135=EDGE_CURVE('',#2614,#2614,#2970,.F.);
#2136=EDGE_CURVE('',#2615,#2615,#2971,.T.);
#2137=EDGE_CURVE('',#2616,#2616,#2972,.F.);
#2138=EDGE_CURVE('',#2617,#2617,#2973,.T.);
#2139=EDGE_CURVE('',#2618,#2618,#2974,.F.);
#2140=EDGE_CURVE('',#2619,#2619,#2975,.T.);
#2141=EDGE_CURVE('',#2620,#2620,#2976,.T.);
#2142=EDGE_CURVE('',#2621,#2621,#2977,.T.);
#2143=EDGE_CURVE('',#2622,#2622,#2978,.T.);
#2144=EDGE_CURVE('',#2623,#2623,#2979,.F.);
#2145=EDGE_CURVE('',#2624,#2624,#2980,.F.);
#2146=EDGE_CURVE('',#2625,#2625,#2981,.T.);
#2147=EDGE_CURVE('',#2626,#2626,#2982,.F.);
#2148=EDGE_CURVE('',#2627,#2627,#2983,.T.);
#2149=EDGE_CURVE('',#2628,#2628,#2984,.F.);
#2150=EDGE_CURVE('',#2629,#2629,#2985,.T.);
#2151=EDGE_CURVE('',#2630,#2630,#2986,.T.);
#2152=EDGE_CURVE('',#2631,#2631,#2987,.T.);
#2153=EDGE_CURVE('',#2632,#2632,#2988,.T.);
#2154=EDGE_CURVE('',#2633,#2633,#2989,.F.);
#2155=EDGE_CURVE('',#2634,#2634,#2990,.F.);
#2156=EDGE_CURVE('',#2635,#2635,#2991,.T.);
#2157=EDGE_CURVE('',#2636,#2636,#2992,.F.);
#2158=EDGE_CURVE('',#2637,#2637,#2993,.T.);
#2159=EDGE_CURVE('',#2638,#2638,#2994,.F.);
#2160=EDGE_CURVE('',#2639,#2639,#2995,.T.);
#2161=EDGE_CURVE('',#2640,#2640,#2996,.T.);
#2162=EDGE_CURVE('',#2641,#2641,#2997,.T.);
#2163=EDGE_CURVE('',#2642,#2642,#2998,.T.);
#2164=EDGE_CURVE('',#2643,#2643,#2999,.F.);
#2165=EDGE_CURVE('',#2644,#2644,#3000,.T.);
#2166=EDGE_CURVE('',#2645,#2645,#3001,.F.);
#2167=EDGE_CURVE('',#2646,#2646,#3002,.T.);
#2168=EDGE_CURVE('',#2647,#2647,#3003,.F.);
#2169=EDGE_CURVE('',#2648,#2648,#3004,.T.);
#2170=EDGE_CURVE('',#2649,#2649,#3005,.T.);
#2171=EDGE_CURVE('',#2650,#2650,#3006,.T.);
#2172=EDGE_CURVE('',#2651,#2651,#3007,.T.);
#2173=EDGE_CURVE('',#2652,#2652,#3008,.T.);
#2174=EDGE_CURVE('',#2653,#2653,#3009,.T.);
#2175=EDGE_CURVE('',#2654,#2654,#3010,.T.);
#2176=EDGE_CURVE('',#2655,#2655,#3011,.T.);
#2177=EDGE_CURVE('',#2656,#2656,#3012,.T.);
#2178=EDGE_CURVE('',#2657,#2657,#3013,.T.);
#2179=EDGE_CURVE('',#2658,#2658,#3014,.T.);
#2180=EDGE_CURVE('',#2659,#2659,#3015,.T.);
#2181=EDGE_CURVE('',#2660,#2660,#3016,.T.);
#2182=EDGE_CURVE('',#2661,#2661,#3017,.T.);
#2183=EDGE_CURVE('',#2662,#2662,#3018,.T.);
#2184=EDGE_CURVE('',#2663,#2663,#3019,.T.);
#2185=EDGE_CURVE('',#2664,#2665,#3020,.T.);
#2186=EDGE_CURVE('',#2666,#2665,#211,.T.);
#2187=EDGE_CURVE('',#2666,#2667,#3021,.T.);
#2188=EDGE_CURVE('',#2667,#2664,#212,.T.);
#2189=EDGE_CURVE('',#2668,#2668,#3022,.F.);
#2190=EDGE_CURVE('',#2669,#2670,#3023,.T.);
#2191=EDGE_CURVE('',#2670,#2671,#3024,.F.);
#2192=EDGE_CURVE('',#2671,#2672,#3025,.T.);
#2193=EDGE_CURVE('',#2672,#2673,#3026,.F.);
#2194=EDGE_CURVE('',#2674,#2673,#3027,.T.);
#2195=EDGE_CURVE('',#2674,#2675,#3028,.F.);
#2196=EDGE_CURVE('',#2675,#2676,#3029,.T.);
#2197=EDGE_CURVE('',#2676,#2669,#3030,.F.);
#2198=EDGE_CURVE('',#2677,#2677,#3031,.F.);
#2199=EDGE_CURVE('',#2678,#2678,#3032,.F.);
#2200=EDGE_CURVE('',#2679,#2680,#3033,.T.);
#2201=EDGE_CURVE('',#2680,#2681,#3034,.F.);
#2202=EDGE_CURVE('',#2681,#2682,#3035,.T.);
#2203=EDGE_CURVE('',#2682,#2683,#3036,.F.);
#2204=EDGE_CURVE('',#2684,#2683,#3037,.T.);
#2205=EDGE_CURVE('',#2684,#2679,#3038,.T.);
#2206=EDGE_CURVE('',#2685,#2685,#3039,.F.);
#2207=EDGE_CURVE('',#2686,#2686,#3040,.F.);
#2208=EDGE_CURVE('',#2687,#2688,#3041,.T.);
#2209=EDGE_CURVE('',#2688,#2689,#3042,.F.);
#2210=EDGE_CURVE('',#2689,#2690,#3043,.T.);
#2211=EDGE_CURVE('',#2691,#2690,#3044,.T.);
#2212=EDGE_CURVE('',#2692,#2691,#3045,.T.);
#2213=EDGE_CURVE('',#2692,#2687,#3046,.F.);
#2214=EDGE_CURVE('',#2693,#2694,#3047,.T.);
#2215=EDGE_CURVE('',#2693,#2692,#213,.T.);
#2216=EDGE_CURVE('',#2695,#2691,#214,.T.);
#2217=EDGE_CURVE('',#2696,#2695,#3048,.T.);
#2218=EDGE_CURVE('',#2696,#2684,#215,.T.);
#2219=EDGE_CURVE('',#2683,#2697,#216,.F.);
#2220=EDGE_CURVE('',#2698,#2697,#3049,.T.);
#2221=EDGE_CURVE('',#2698,#2674,#217,.T.);
#2222=EDGE_CURVE('',#2673,#2694,#218,.F.);
#2223=EDGE_CURVE('',#2699,#2700,#3050,.T.);
#2224=EDGE_CURVE('',#2700,#2670,#219,.T.);
#2225=EDGE_CURVE('',#2669,#2701,#220,.F.);
#2226=EDGE_CURVE('',#2701,#2702,#3051,.T.);
#2227=EDGE_CURVE('',#2702,#2680,#221,.T.);
#2228=EDGE_CURVE('',#2703,#2679,#222,.T.);
#2229=EDGE_CURVE('',#2703,#2704,#3052,.T.);
#2230=EDGE_CURVE('',#2704,#2690,#223,.T.);
#2231=EDGE_CURVE('',#2689,#2699,#224,.F.);
#2232=EDGE_CURVE('',#2705,#2705,#3053,.F.);
#2233=EDGE_CURVE('',#2706,#2706,#3054,.F.);
#2234=EDGE_CURVE('',#2707,#2707,#3055,.T.);
#2235=EDGE_CURVE('',#2708,#2708,#3056,.T.);
#2236=EDGE_CURVE('',#2709,#2709,#3057,.T.);
#2237=EDGE_CURVE('',#2710,#2710,#3058,.T.);
#2238=EDGE_CURVE('',#2711,#2711,#3059,.T.);
#2239=EDGE_CURVE('',#2695,#2704,#3060,.T.);
#2240=EDGE_CURVE('',#2696,#2703,#3061,.T.);
#2241=EDGE_CURVE('',#2712,#2713,#225,.T.);
#2242=EDGE_CURVE('',#2712,#2714,#3062,.T.);
#2243=EDGE_CURVE('',#2714,#2715,#226,.T.);
#2244=EDGE_CURVE('',#2715,#2713,#3063,.T.);
#2245=EDGE_CURVE('',#2664,#2714,#227,.T.);
#2246=EDGE_CURVE('',#2665,#2712,#228,.T.);
#2247=EDGE_CURVE('',#2667,#2715,#229,.T.);
#2248=EDGE_CURVE('',#2666,#2713,#230,.T.);
#2249=EDGE_CURVE('',#2716,#2716,#3064,.T.);
#2250=EDGE_CURVE('',#2694,#2717,#3065,.F.);
#2251=EDGE_CURVE('',#2718,#2717,#3066,.T.);
#2252=EDGE_CURVE('',#2718,#2700,#3067,.F.);
#2253=EDGE_CURVE('',#2699,#2719,#3068,.F.);
#2254=EDGE_CURVE('',#2720,#2719,#3069,.T.);
#2255=EDGE_CURVE('',#2720,#2693,#3070,.F.);
#2256=EDGE_CURVE('',#2671,#2718,#231,.T.);
#2257=EDGE_CURVE('',#2717,#2672,#232,.F.);
#2258=EDGE_CURVE('',#2719,#2688,#233,.F.);
#2259=EDGE_CURVE('',#2687,#2720,#234,.T.);
#2260=EDGE_CURVE('',#2721,#2721,#3071,.T.);
#2261=EDGE_CURVE('',#2697,#2722,#3072,.F.);
#2262=EDGE_CURVE('',#2723,#2722,#3073,.T.);
#2263=EDGE_CURVE('',#2723,#2702,#3074,.F.);
#2264=EDGE_CURVE('',#2701,#2724,#3075,.F.);
#2265=EDGE_CURVE('',#2725,#2724,#3076,.T.);
#2266=EDGE_CURVE('',#2725,#2698,#3077,.F.);
#2267=EDGE_CURVE('',#2681,#2723,#235,.T.);
#2268=EDGE_CURVE('',#2722,#2682,#236,.F.);
#2269=EDGE_CURVE('',#2724,#2676,#237,.F.);
#2270=EDGE_CURVE('',#2675,#2725,#238,.T.);
#2271=EDGE_CURVE('',#2726,#2726,#3078,.F.);
#2272=EDGE_CURVE('',#2727,#2727,#3079,.T.);
#2273=EDGE_CURVE('',#2728,#2728,#694,.T.);
#2274=EDGE_CURVE('',#2729,#2730,#239,.T.);
#2275=EDGE_CURVE('',#2729,#2731,#240,.F.);
#2276=EDGE_CURVE('',#2732,#2731,#241,.T.);
#2277=EDGE_CURVE('',#2732,#2733,#242,.T.);
#2278=EDGE_CURVE('',#2733,#2734,#243,.T.);
#2279=EDGE_CURVE('',#2734,#2735,#3080,.T.);
#2280=EDGE_CURVE('',#2730,#2735,#244,.T.);
#2281=EDGE_CURVE('',#2736,#2737,#245,.T.);
#2282=EDGE_CURVE('',#2737,#2738,#246,.T.);
#2283=EDGE_CURVE('',#2738,#2739,#247,.T.);
#2284=EDGE_CURVE('',#2739,#2740,#248,.T.);
#2285=EDGE_CURVE('',#2740,#2741,#3081,.F.);
#2286=EDGE_CURVE('',#2742,#2741,#249,.T.);
#2287=EDGE_CURVE('',#2742,#2736,#250,.F.);
#2288=EDGE_CURVE('',#2743,#2744,#55,.T.);
#2289=EDGE_CURVE('',#2744,#2745,#251,.F.);
#2290=EDGE_CURVE('',#2746,#2745,#3082,.F.);
#2291=EDGE_CURVE('',#2746,#2747,#252,.T.);
#2292=EDGE_CURVE('',#2747,#2748,#56,.T.);
#2293=EDGE_CURVE('',#2748,#2749,#253,.T.);
#2294=EDGE_CURVE('',#2749,#2750,#3083,.T.);
#2295=EDGE_CURVE('',#2743,#2750,#254,.T.);
#2296=EDGE_CURVE('',#2751,#2751,#3084,.T.);
#2297=EDGE_CURVE('',#2752,#2752,#3085,.T.);
#2298=EDGE_CURVE('',#2731,#2753,#57,.F.);
#2299=EDGE_CURVE('',#2753,#2754,#255,.T.);
#2300=EDGE_CURVE('',#2754,#2744,#58,.F.);
#2301=EDGE_CURVE('',#2755,#2743,#256,.T.);
#2302=EDGE_CURVE('',#2755,#2756,#3086,.T.);
#2303=EDGE_CURVE('',#2756,#2757,#257,.T.);
#2304=EDGE_CURVE('',#2757,#2758,#3087,.T.);
#2305=EDGE_CURVE('',#2748,#2758,#258,.T.);
#2306=EDGE_CURVE('',#2747,#2759,#59,.F.);
#2307=EDGE_CURVE('',#2760,#2759,#259,.T.);
#2308=EDGE_CURVE('',#2760,#2737,#60,.F.);
#2309=EDGE_CURVE('',#2736,#2761,#3088,.F.);
#2310=EDGE_CURVE('',#2761,#2762,#260,.T.);
#2311=EDGE_CURVE('',#2762,#2763,#3089,.F.);
#2312=EDGE_CURVE('',#2764,#2763,#261,.T.);
#2313=EDGE_CURVE('',#2764,#2765,#3090,.F.);
#2314=EDGE_CURVE('',#2766,#2765,#262,.T.);
#2315=EDGE_CURVE('',#2766,#2732,#3091,.F.);
#2316=EDGE_CURVE('',#2735,#2740,#263,.T.);
#2317=EDGE_CURVE('',#2730,#2739,#264,.T.);
#2318=EDGE_CURVE('',#2767,#2767,#3092,.T.);
#2319=EDGE_CURVE('',#2768,#2768,#3093,.T.);
#2320=EDGE_CURVE('',#2769,#2770,#265,.T.);
#2321=EDGE_CURVE('',#2770,#2729,#3094,.T.);
#2322=EDGE_CURVE('',#2738,#2771,#3095,.T.);
#2323=EDGE_CURVE('',#2772,#2771,#266,.T.);
#2324=EDGE_CURVE('',#2772,#2746,#3096,.T.);
#2325=EDGE_CURVE('',#2745,#2769,#3097,.T.);
#2326=EDGE_CURVE('',#2773,#2773,#3098,.T.);
#2327=EDGE_CURVE('',#2774,#2774,#3099,.T.);
#2328=EDGE_CURVE('',#2775,#2776,#267,.T.);
#2329=EDGE_CURVE('',#2776,#2755,#268,.T.);
#2330=EDGE_CURVE('',#2750,#2777,#695,.T.);
#2331=EDGE_CURVE('',#2778,#2777,#269,.T.);
#2332=EDGE_CURVE('',#2778,#2775,#270,.F.);
#2333=EDGE_CURVE('',#2758,#2779,#271,.F.);
#2334=EDGE_CURVE('',#2779,#2780,#272,.T.);
#2335=EDGE_CURVE('',#2780,#2781,#273,.F.);
#2336=EDGE_CURVE('',#2782,#2781,#274,.T.);
#2337=EDGE_CURVE('',#2782,#2749,#696,.T.);
#2338=EDGE_CURVE('',#2765,#2783,#275,.T.);
#2339=EDGE_CURVE('',#2784,#2783,#276,.T.);
#2340=EDGE_CURVE('',#2784,#2766,#277,.F.);
#2341=EDGE_CURVE('',#2763,#2785,#278,.T.);
#2342=EDGE_CURVE('',#2786,#2785,#279,.T.);
#2343=EDGE_CURVE('',#2786,#2764,#280,.F.);
#2344=EDGE_CURVE('',#2761,#2787,#281,.T.);
#2345=EDGE_CURVE('',#2787,#2788,#282,.T.);
#2346=EDGE_CURVE('',#2788,#2762,#283,.F.);
#2347=EDGE_CURVE('',#2789,#2789,#3100,.F.);
#2348=EDGE_CURVE('',#2790,#2790,#3101,.F.);
#2349=EDGE_CURVE('',#2791,#2791,#3102,.F.);
#2350=EDGE_CURVE('',#2792,#2792,#3103,.F.);
#2351=EDGE_CURVE('',#2741,#2734,#284,.F.);
#2352=EDGE_CURVE('',#2733,#2784,#3104,.T.);
#2353=EDGE_CURVE('',#2783,#2786,#3105,.T.);
#2354=EDGE_CURVE('',#2785,#2788,#3106,.T.);
#2355=EDGE_CURVE('',#2787,#2742,#3107,.T.);
#2356=EDGE_CURVE('',#2756,#2793,#285,.F.);
#2357=EDGE_CURVE('',#2793,#2794,#286,.T.);
#2358=EDGE_CURVE('',#2794,#2757,#287,.T.);
#2359=EDGE_CURVE('',#2795,#2795,#3108,.T.);
#2360=EDGE_CURVE('',#2796,#2797,#288,.T.);
#2361=EDGE_CURVE('',#2796,#2798,#289,.T.);
#2362=EDGE_CURVE('',#2798,#2799,#290,.T.);
#2363=EDGE_CURVE('',#2799,#2797,#291,.T.);
#2364=EDGE_CURVE('',#2800,#2800,#3109,.F.);
#2365=EDGE_CURVE('',#2793,#2776,#61,.T.);
#2366=EDGE_CURVE('',#2775,#2796,#3110,.T.);
#2367=EDGE_CURVE('',#2797,#2780,#3111,.T.);
#2368=EDGE_CURVE('',#2779,#2794,#62,.T.);
#2369=EDGE_CURVE('',#2801,#2801,#3112,.T.);
#2370=EDGE_CURVE('',#2777,#2782,#3113,.F.);
#2371=EDGE_CURVE('',#2781,#2799,#3114,.F.);
#2372=EDGE_CURVE('',#2798,#2778,#3115,.F.);
#2373=EDGE_CURVE('',#2802,#2802,#3116,.F.);
#2374=EDGE_CURVE('',#2803,#2803,#3117,.T.);
#2375=EDGE_CURVE('',#2804,#2804,#3118,.F.);
#2376=EDGE_CURVE('',#2805,#2805,#3119,.T.);
#2377=EDGE_CURVE('',#2807,#2807,#3120,.T.);
#2378=EDGE_CURVE('',#2808,#2808,#3121,.T.);
#2379=EDGE_CURVE('',#2810,#2810,#3122,.T.);
#2380=EDGE_CURVE('',#2811,#2811,#3123,.T.);
#2381=EDGE_CURVE('',#2813,#2813,#3124,.T.);
#2382=EDGE_CURVE('',#2815,#2815,#3125,.T.);
#2383=EDGE_CURVE('',#2771,#2760,#292,.F.);
#2384=EDGE_CURVE('',#2759,#2772,#293,.T.);
#2385=EDGE_CURVE('',#2753,#2770,#294,.T.);
#2386=EDGE_CURVE('',#2769,#2754,#295,.T.);
#2387=EDGE_CURVE('',#2816,#2816,#3126,.F.);
#2388=EDGE_CURVE('',#2817,#2817,#3127,.T.);
#2389=EDGE_CURVE('',#2818,#2818,#3128,.T.);
#2390=EDGE_CURVE('',#2819,#2819,#697,.T.);
#2391=EDGE_CURVE('',#2820,#2820,#3129,.T.);
#2392=EDGE_CURVE('',#2821,#2821,#3130,.T.);
#2393=EDGE_CURVE('',#2822,#2822,#698,.T.);
#2394=EDGE_CURVE('',#2823,#2823,#3131,.T.);
#2395=EDGE_CURVE('',#2824,#2824,#3132,.T.);
#2396=EDGE_CURVE('',#2825,#2825,#699,.T.);
#2397=EDGE_CURVE('',#2826,#2826,#3133,.T.);
#2398=EDGE_CURVE('',#2827,#2827,#3134,.F.);
#2399=EDGE_CURVE('',#2828,#2828,#700,.T.);
#2400=EDGE_CURVE('',#2829,#2829,#3135,.T.);
#2401=EDGE_CURVE('',#2830,#2830,#3136,.T.);
#2402=EDGE_CURVE('',#2831,#2831,#3137,.F.);
#2403=EDGE_CURVE('',#2832,#2832,#3138,.T.);
#2404=EDGE_CURVE('',#2833,#2833,#3139,.T.);
#2405=EDGE_CURVE('',#2834,#2834,#3140,.T.);
#2406=EDGE_CURVE('',#2835,#2835,#3141,.F.);
#2407=EDGE_CURVE('',#2836,#2836,#3142,.T.);
#2408=EDGE_CURVE('',#2837,#2837,#3143,.F.);
#2409=EDGE_CURVE('',#2838,#2838,#3144,.T.);
#2410=EDGE_CURVE('',#2839,#2839,#3145,.T.);
#2411=EDGE_CURVE('',#2840,#2840,#3146,.T.);
#2412=EDGE_CURVE('',#2841,#2841,#3147,.T.);
#2413=EDGE_CURVE('',#2842,#2842,#3148,.T.);
#2414=VERTEX_POINT('',#7093);
#2415=VERTEX_POINT('',#7094);
#2416=VERTEX_POINT('',#7246);
#2417=VERTEX_POINT('',#7248);
#2418=VERTEX_POINT('',#7272);
#2419=VERTEX_POINT('',#7321);
#2420=VERTEX_POINT('',#7370);
#2421=VERTEX_POINT('',#7419);
#2422=VERTEX_POINT('',#7468);
#2423=VERTEX_POINT('',#7517);
#2424=VERTEX_POINT('',#7566);
#2425=VERTEX_POINT('',#7615);
#2426=VERTEX_POINT('',#7664);
#2427=VERTEX_POINT('',#7713);
#2428=VERTEX_POINT('',#7762);
#2429=VERTEX_POINT('',#7790);
#2430=VERTEX_POINT('',#7802);
#2431=VERTEX_POINT('',#7804);
#2432=VERTEX_POINT('',#7812);
#2433=VERTEX_POINT('',#8254);
#2434=VERTEX_POINT('',#8869);
#2435=VERTEX_POINT('',#9162);
#2436=VERTEX_POINT('',#9164);
#2437=VERTEX_POINT('',#9167);
#2438=VERTEX_POINT('',#9168);
#2439=VERTEX_POINT('',#9170);
#2440=VERTEX_POINT('',#9172);
#2441=VERTEX_POINT('',#9174);
#2442=VERTEX_POINT('',#9176);
#2443=VERTEX_POINT('',#9180);
#2444=VERTEX_POINT('',#9220);
#2445=VERTEX_POINT('',#9222);
#2446=VERTEX_POINT('',#9223);
#2447=VERTEX_POINT('',#9225);
#2448=VERTEX_POINT('',#9227);
#2449=VERTEX_POINT('',#9229);
#2450=VERTEX_POINT('',#9231);
#2451=VERTEX_POINT('',#9424);
#2452=VERTEX_POINT('',#9425);
#2453=VERTEX_POINT('',#9437);
#2454=VERTEX_POINT('',#9505);
#2455=VERTEX_POINT('',#9684);
#2456=VERTEX_POINT('',#9685);
#2457=VERTEX_POINT('',#9691);
#2458=VERTEX_POINT('',#9759);
#2459=VERTEX_POINT('',#9778);
#2460=VERTEX_POINT('',#9779);
#2461=VERTEX_POINT('',#9781);
#2462=VERTEX_POINT('',#9783);
#2463=VERTEX_POINT('',#9785);
#2464=VERTEX_POINT('',#9787);
#2465=VERTEX_POINT('',#9793);
#2466=VERTEX_POINT('',#9794);
#2467=VERTEX_POINT('',#9796);
#2468=VERTEX_POINT('',#9798);
#2469=VERTEX_POINT('',#9800);
#2470=VERTEX_POINT('',#9802);
#2471=VERTEX_POINT('',#9806);
#2472=VERTEX_POINT('',#9807);
#2473=VERTEX_POINT('',#9816);
#2474=VERTEX_POINT('',#9818);
#2475=VERTEX_POINT('',#9836);
#2476=VERTEX_POINT('',#9838);
#2477=VERTEX_POINT('',#9856);
#2478=VERTEX_POINT('',#9858);
#2479=VERTEX_POINT('',#9876);
#2480=VERTEX_POINT('',#9878);
#2481=VERTEX_POINT('',#9896);
#2482=VERTEX_POINT('',#9898);
#2483=VERTEX_POINT('',#9942);
#2484=VERTEX_POINT('',#9943);
#2485=VERTEX_POINT('',#9945);
#2486=VERTEX_POINT('',#9947);
#2487=VERTEX_POINT('',#9949);
#2488=VERTEX_POINT('',#9951);
#2489=VERTEX_POINT('',#9953);
#2490=VERTEX_POINT('',#9960);
#2491=VERTEX_POINT('',#9961);
#2492=VERTEX_POINT('',#9963);
#2493=VERTEX_POINT('',#9965);
#2494=VERTEX_POINT('',#9970);
#2495=VERTEX_POINT('',#9972);
#2496=VERTEX_POINT('',#9974);
#2497=VERTEX_POINT('',#9978);
#2498=VERTEX_POINT('',#9979);
#2499=VERTEX_POINT('',#9981);
#2500=VERTEX_POINT('',#9983);
#2501=VERTEX_POINT('',#9985);
#2502=VERTEX_POINT('',#9987);
#2503=VERTEX_POINT('',#10001);
#2504=VERTEX_POINT('',#10003);
#2505=VERTEX_POINT('',#10007);
#2506=VERTEX_POINT('',#10008);
#2507=VERTEX_POINT('',#10010);
#2508=VERTEX_POINT('',#10012);
#2509=VERTEX_POINT('',#10016);
#2510=VERTEX_POINT('',#10017);
#2511=VERTEX_POINT('',#10019);
#2512=VERTEX_POINT('',#10021);
#2513=VERTEX_POINT('',#10025);
#2514=VERTEX_POINT('',#10027);
#2515=VERTEX_POINT('',#10095);
#2516=VERTEX_POINT('',#10098);
#2517=VERTEX_POINT('',#10101);
#2518=VERTEX_POINT('',#10106);
#2519=VERTEX_POINT('',#10109);
#2520=VERTEX_POINT('',#10112);
#2521=VERTEX_POINT('',#10135);
#2522=VERTEX_POINT('',#10137);
#2523=VERTEX_POINT('',#10138);
#2524=VERTEX_POINT('',#10140);
#2525=VERTEX_POINT('',#10142);
#2526=VERTEX_POINT('',#10146);
#2527=VERTEX_POINT('',#10147);
#2528=VERTEX_POINT('',#10149);
#2529=VERTEX_POINT('',#10151);
#2530=VERTEX_POINT('',#10153);
#2531=VERTEX_POINT('',#10155);
#2532=VERTEX_POINT('',#10159);
#2533=VERTEX_POINT('',#10160);
#2534=VERTEX_POINT('',#10162);
#2535=VERTEX_POINT('',#10164);
#2536=VERTEX_POINT('',#10168);
#2537=VERTEX_POINT('',#10169);
#2538=VERTEX_POINT('',#10172);
#2539=VERTEX_POINT('',#10174);
#2540=VERTEX_POINT('',#10178);
#2541=VERTEX_POINT('',#10179);
#2542=VERTEX_POINT('',#10184);
#2543=VERTEX_POINT('',#10185);
#2544=VERTEX_POINT('',#10188);
#2545=VERTEX_POINT('',#10190);
#2546=VERTEX_POINT('',#10194);
#2547=VERTEX_POINT('',#10196);
#2548=VERTEX_POINT('',#10198);
#2549=VERTEX_POINT('',#10200);
#2550=VERTEX_POINT('',#10204);
#2551=VERTEX_POINT('',#10206);
#2552=VERTEX_POINT('',#10208);
#2553=VERTEX_POINT('',#10215);
#2554=VERTEX_POINT('',#10217);
#2555=VERTEX_POINT('',#10219);
#2556=VERTEX_POINT('',#10223);
#2557=VERTEX_POINT('',#10224);
#2558=VERTEX_POINT('',#10229);
#2559=VERTEX_POINT('',#10231);
#2560=VERTEX_POINT('',#10233);
#2561=VERTEX_POINT('',#10236);
#2562=VERTEX_POINT('',#10249);
#2563=VERTEX_POINT('',#10255);
#2564=VERTEX_POINT('',#10257);
#2565=VERTEX_POINT('',#10260);
#2566=VERTEX_POINT('',#10273);
#2567=VERTEX_POINT('',#10284);
#2568=VERTEX_POINT('',#10285);
#2569=VERTEX_POINT('',#10291);
#2570=VERTEX_POINT('',#10294);
#2571=VERTEX_POINT('',#10297);
#2572=VERTEX_POINT('',#10300);
#2573=VERTEX_POINT('',#10308);
#2574=VERTEX_POINT('',#10309);
#2575=VERTEX_POINT('',#10314);
#2576=VERTEX_POINT('',#10316);
#2577=VERTEX_POINT('',#10333);
#2578=VERTEX_POINT('',#10335);
#2579=VERTEX_POINT('',#10337);
#2580=VERTEX_POINT('',#10340);
#2581=VERTEX_POINT('',#10342);
#2582=VERTEX_POINT('',#10386);
#2583=VERTEX_POINT('',#10432);
#2584=VERTEX_POINT('',#10434);
#2585=VERTEX_POINT('',#10443);
#2586=VERTEX_POINT('',#10445);
#2587=VERTEX_POINT('',#10448);
#2588=VERTEX_POINT('',#10460);
#2589=VERTEX_POINT('',#10462);
#2590=VERTEX_POINT('',#10471);
#2591=VERTEX_POINT('',#10473);
#2592=VERTEX_POINT('',#10485);
#2593=VERTEX_POINT('',#10493);
#2594=VERTEX_POINT('',#10496);
#2595=VERTEX_POINT('',#10498);
#2596=VERTEX_POINT('',#10501);
#2597=VERTEX_POINT('',#10503);
#2598=VERTEX_POINT('',#10506);
#2599=VERTEX_POINT('',#10508);
#2600=VERTEX_POINT('',#10511);
#2601=VERTEX_POINT('',#10513);
#2602=VERTEX_POINT('',#10516);
#2603=VERTEX_POINT('',#10518);
#2604=VERTEX_POINT('',#10526);
#2605=VERTEX_POINT('',#10528);
#2606=VERTEX_POINT('',#10531);
#2607=VERTEX_POINT('',#10533);
#2608=VERTEX_POINT('',#10536);
#2609=VERTEX_POINT('',#10538);
#2610=VERTEX_POINT('',#10541);
#2611=VERTEX_POINT('',#10544);
#2612=VERTEX_POINT('',#10547);
#2613=VERTEX_POINT('',#10549);
#2614=VERTEX_POINT('',#10552);
#2615=VERTEX_POINT('',#10554);
#2616=VERTEX_POINT('',#10557);
#2617=VERTEX_POINT('',#10559);
#2618=VERTEX_POINT('',#10562);
#2619=VERTEX_POINT('',#10564);
#2620=VERTEX_POINT('',#10567);
#2621=VERTEX_POINT('',#10570);
#2622=VERTEX_POINT('',#10573);
#2623=VERTEX_POINT('',#10575);
#2624=VERTEX_POINT('',#10587);
#2625=VERTEX_POINT('',#10589);
#2626=VERTEX_POINT('',#10592);
#2627=VERTEX_POINT('',#10594);
#2628=VERTEX_POINT('',#10597);
#2629=VERTEX_POINT('',#10599);
#2630=VERTEX_POINT('',#10602);
#2631=VERTEX_POINT('',#10605);
#2632=VERTEX_POINT('',#10608);
#2633=VERTEX_POINT('',#10610);
#2634=VERTEX_POINT('',#10613);
#2635=VERTEX_POINT('',#10615);
#2636=VERTEX_POINT('',#10618);
#2637=VERTEX_POINT('',#10620);
#2638=VERTEX_POINT('',#10623);
#2639=VERTEX_POINT('',#10625);
#2640=VERTEX_POINT('',#10628);
#2641=VERTEX_POINT('',#10631);
#2642=VERTEX_POINT('',#10634);
#2643=VERTEX_POINT('',#10636);
#2644=VERTEX_POINT('',#10648);
#2645=VERTEX_POINT('',#10650);
#2646=VERTEX_POINT('',#10653);
#2647=VERTEX_POINT('',#10656);
#2648=VERTEX_POINT('',#10662);
#2649=VERTEX_POINT('',#10664);
#2650=VERTEX_POINT('',#10667);
#2651=VERTEX_POINT('',#10669);
#2652=VERTEX_POINT('',#10675);
#2653=VERTEX_POINT('',#10677);
#2654=VERTEX_POINT('',#10680);
#2655=VERTEX_POINT('',#10682);
#2656=VERTEX_POINT('',#10688);
#2657=VERTEX_POINT('',#10690);
#2658=VERTEX_POINT('',#10693);
#2659=VERTEX_POINT('',#10695);
#2660=VERTEX_POINT('',#10701);
#2661=VERTEX_POINT('',#10703);
#2662=VERTEX_POINT('',#10706);
#2663=VERTEX_POINT('',#10708);
#2664=VERTEX_POINT('',#10714);
#2665=VERTEX_POINT('',#10715);
#2666=VERTEX_POINT('',#10717);
#2667=VERTEX_POINT('',#10719);
#2668=VERTEX_POINT('',#10722);
#2669=VERTEX_POINT('',#10724);
#2670=VERTEX_POINT('',#10725);
#2671=VERTEX_POINT('',#10727);
#2672=VERTEX_POINT('',#10729);
#2673=VERTEX_POINT('',#10731);
#2674=VERTEX_POINT('',#10733);
#2675=VERTEX_POINT('',#10735);
#2676=VERTEX_POINT('',#10737);
#2677=VERTEX_POINT('',#10741);
#2678=VERTEX_POINT('',#10743);
#2679=VERTEX_POINT('',#10745);
#2680=VERTEX_POINT('',#10746);
#2681=VERTEX_POINT('',#10748);
#2682=VERTEX_POINT('',#10750);
#2683=VERTEX_POINT('',#10752);
#2684=VERTEX_POINT('',#10754);
#2685=VERTEX_POINT('',#10758);
#2686=VERTEX_POINT('',#10760);
#2687=VERTEX_POINT('',#10762);
#2688=VERTEX_POINT('',#10763);
#2689=VERTEX_POINT('',#10765);
#2690=VERTEX_POINT('',#10767);
#2691=VERTEX_POINT('',#10769);
#2692=VERTEX_POINT('',#10771);
#2693=VERTEX_POINT('',#10775);
#2694=VERTEX_POINT('',#10776);
#2695=VERTEX_POINT('',#10779);
#2696=VERTEX_POINT('',#10781);
#2697=VERTEX_POINT('',#10784);
#2698=VERTEX_POINT('',#10786);
#2699=VERTEX_POINT('',#10791);
#2700=VERTEX_POINT('',#10792);
#2701=VERTEX_POINT('',#10795);
#2702=VERTEX_POINT('',#10797);
#2703=VERTEX_POINT('',#10800);
#2704=VERTEX_POINT('',#10802);
#2705=VERTEX_POINT('',#10807);
#2706=VERTEX_POINT('',#10809);
#2707=VERTEX_POINT('',#10811);
#2708=VERTEX_POINT('',#10813);
#2709=VERTEX_POINT('',#10815);
#2710=VERTEX_POINT('',#10817);
#2711=VERTEX_POINT('',#10819);
#2712=VERTEX_POINT('',#10823);
#2713=VERTEX_POINT('',#10824);
#2714=VERTEX_POINT('',#10826);
#2715=VERTEX_POINT('',#10828);
#2716=VERTEX_POINT('',#10847);
#2717=VERTEX_POINT('',#10849);
#2718=VERTEX_POINT('',#10851);
#2719=VERTEX_POINT('',#10854);
#2720=VERTEX_POINT('',#10856);
#2721=VERTEX_POINT('',#10867);
#2722=VERTEX_POINT('',#10869);
#2723=VERTEX_POINT('',#10871);
#2724=VERTEX_POINT('',#10874);
#2725=VERTEX_POINT('',#10876);
#2726=VERTEX_POINT('',#10896);
#2727=VERTEX_POINT('',#10898);
#2728=VERTEX_POINT('',#10910);
#2729=VERTEX_POINT('',#10913);
#2730=VERTEX_POINT('',#10914);
#2731=VERTEX_POINT('',#10916);
#2732=VERTEX_POINT('',#10918);
#2733=VERTEX_POINT('',#10920);
#2734=VERTEX_POINT('',#10922);
#2735=VERTEX_POINT('',#10924);
#2736=VERTEX_POINT('',#10928);
#2737=VERTEX_POINT('',#10929);
#2738=VERTEX_POINT('',#10931);
#2739=VERTEX_POINT('',#10933);
#2740=VERTEX_POINT('',#10935);
#2741=VERTEX_POINT('',#10937);
#2742=VERTEX_POINT('',#10939);
#2743=VERTEX_POINT('',#10943);
#2744=VERTEX_POINT('',#10944);
#2745=VERTEX_POINT('',#10946);
#2746=VERTEX_POINT('',#10948);
#2747=VERTEX_POINT('',#10950);
#2748=VERTEX_POINT('',#10952);
#2749=VERTEX_POINT('',#10954);
#2750=VERTEX_POINT('',#10956);
#2751=VERTEX_POINT('',#10960);
#2752=VERTEX_POINT('',#10962);
#2753=VERTEX_POINT('',#10964);
#2754=VERTEX_POINT('',#10966);
#2755=VERTEX_POINT('',#10969);
#2756=VERTEX_POINT('',#10971);
#2757=VERTEX_POINT('',#10973);
#2758=VERTEX_POINT('',#10975);
#2759=VERTEX_POINT('',#10978);
#2760=VERTEX_POINT('',#10980);
#2761=VERTEX_POINT('',#10983);
#2762=VERTEX_POINT('',#10985);
#2763=VERTEX_POINT('',#10987);
#2764=VERTEX_POINT('',#10989);
#2765=VERTEX_POINT('',#10991);
#2766=VERTEX_POINT('',#10993);
#2767=VERTEX_POINT('',#11000);
#2768=VERTEX_POINT('',#11002);
#2769=VERTEX_POINT('',#11004);
#2770=VERTEX_POINT('',#11005);
#2771=VERTEX_POINT('',#11008);
#2772=VERTEX_POINT('',#11010);
#2773=VERTEX_POINT('',#11014);
#2774=VERTEX_POINT('',#11016);
#2775=VERTEX_POINT('',#11019);
#2776=VERTEX_POINT('',#11020);
#2777=VERTEX_POINT('',#11026);
#2778=VERTEX_POINT('',#11028);
#2779=VERTEX_POINT('',#11032);
#2780=VERTEX_POINT('',#11034);
#2781=VERTEX_POINT('',#11036);
#2782=VERTEX_POINT('',#11038);
#2783=VERTEX_POINT('',#11045);
#2784=VERTEX_POINT('',#11047);
#2785=VERTEX_POINT('',#11051);
#2786=VERTEX_POINT('',#11053);
#2787=VERTEX_POINT('',#11057);
#2788=VERTEX_POINT('',#11059);
#2789=VERTEX_POINT('',#11063);
#2790=VERTEX_POINT('',#11065);
#2791=VERTEX_POINT('',#11067);
#2792=VERTEX_POINT('',#11069);
#2793=VERTEX_POINT('',#11077);
#2794=VERTEX_POINT('',#11079);
#2795=VERTEX_POINT('',#11083);
#2796=VERTEX_POINT('',#11085);
#2797=VERTEX_POINT('',#11086);
#2798=VERTEX_POINT('',#11088);
#2799=VERTEX_POINT('',#11090);
#2800=VERTEX_POINT('',#11094);
#2801=VERTEX_POINT('',#11101);
#2802=VERTEX_POINT('',#11107);
#2803=VERTEX_POINT('',#11109);
#2804=VERTEX_POINT('',#11112);
#2805=VERTEX_POINT('',#11114);
#2806=VERTEX_POINT('',#11116);
#2807=VERTEX_POINT('',#11118);
#2808=VERTEX_POINT('',#11121);
#2809=VERTEX_POINT('',#11123);
#2810=VERTEX_POINT('',#11125);
#2811=VERTEX_POINT('',#11128);
#2812=VERTEX_POINT('',#11130);
#2813=VERTEX_POINT('',#11132);
#2814=VERTEX_POINT('',#11135);
#2815=VERTEX_POINT('',#11137);
#2816=VERTEX_POINT('',#11150);
#2817=VERTEX_POINT('',#11173);
#2818=VERTEX_POINT('',#11177);
#2819=VERTEX_POINT('',#11192);
#2820=VERTEX_POINT('',#11194);
#2821=VERTEX_POINT('',#11197);
#2822=VERTEX_POINT('',#11210);
#2823=VERTEX_POINT('',#11213);
#2824=VERTEX_POINT('',#11215);
#2825=VERTEX_POINT('',#11227);
#2826=VERTEX_POINT('',#11230);
#2827=VERTEX_POINT('',#11232);
#2828=VERTEX_POINT('',#11244);
#2829=VERTEX_POINT('',#11247);
#2830=VERTEX_POINT('',#11249);
#2831=VERTEX_POINT('',#11252);
#2832=VERTEX_POINT('',#11255);
#2833=VERTEX_POINT('',#11257);
#2834=VERTEX_POINT('',#11261);
#2835=VERTEX_POINT('',#11265);
#2836=VERTEX_POINT('',#11267);
#2837=VERTEX_POINT('',#11270);
#2838=VERTEX_POINT('',#11272);
#2839=VERTEX_POINT('',#11275);
#2840=VERTEX_POINT('',#11278);
#2841=VERTEX_POINT('',#11282);
#2842=VERTEX_POINT('',#11285);
#2843=CIRCLE('',#5000,0.002);
#2844=CIRCLE('',#5001,0.002);
#2845=CIRCLE('',#5003,0.001475);
#2846=CIRCLE('',#5004,0.00154533666301317);
#2847=CIRCLE('',#5006,0.0005842);
#2848=CIRCLE('',#5008,0.00154533666301317);
#2849=CIRCLE('',#5010,0.002);
#2850=CIRCLE('',#5011,0.0038);
#2851=CIRCLE('',#5013,0.00144337567297406);
#2852=CIRCLE('',#5014,0.00144337567297406);
#2853=CIRCLE('',#5015,0.00144337567297406);
#2854=CIRCLE('',#5016,0.00144337567297406);
#2855=CIRCLE('',#5017,0.00144337567297406);
#2856=CIRCLE('',#5018,0.00144337567297406);
#2857=CIRCLE('',#5020,0.0038);
#2858=CIRCLE('',#5029,0.0005842);
#2859=CIRCLE('',#5039,0.00198038475772931);
#2860=CIRCLE('',#5040,0.00198038475772931);
#2861=CIRCLE('',#5042,0.0025);
#2862=CIRCLE('',#5043,0.0025);
#2863=CIRCLE('',#5044,0.0035);
#2864=CIRCLE('',#5045,0.0035);
#2865=CIRCLE('',#5046,0.0035);
#2866=CIRCLE('',#5047,0.0035);
#2867=CIRCLE('',#5048,0.0035);
#2868=CIRCLE('',#5049,0.0035);
#2869=CIRCLE('',#5051,0.0025);
#2870=CIRCLE('',#5052,0.0025);
#2871=CIRCLE('',#5053,0.0035);
#2872=CIRCLE('',#5054,0.0035);
#2873=CIRCLE('',#5055,0.0035);
#2874=CIRCLE('',#5056,0.0035);
#2875=CIRCLE('',#5057,0.0035);
#2876=CIRCLE('',#5058,0.0035);
#2877=CIRCLE('',#5084,0.0001);
#2878=CIRCLE('',#5085,0.002496);
#2879=CIRCLE('',#5086,0.0001);
#2880=CIRCLE('',#5087,0.002275);
#2881=CIRCLE('',#5089,0.002496);
#2882=CIRCLE('',#5091,0.00025);
#2883=CIRCLE('',#5092,0.00125);
#2884=CIRCLE('',#5093,0.00025);
#2885=CIRCLE('',#5095,0.0015);
#2886=CIRCLE('',#5096,0.001875);
#2887=CIRCLE('',#5098,0.002125);
#2888=CIRCLE('',#5099,0.002125);
#2889=CIRCLE('',#5101,0.00125);
#2890=CIRCLE('',#5103,0.00025);
#2891=CIRCLE('',#5105,0.00025);
#2892=CIRCLE('',#5106,0.00025);
#2893=CIRCLE('',#5108,0.00025);
#2894=CIRCLE('',#5110,0.00025);
#2895=CIRCLE('',#5112,0.00025);
#2896=CIRCLE('',#5114,0.00025);
#2897=CIRCLE('',#5115,0.00025);
#2898=CIRCLE('',#5117,0.00025);
#2899=CIRCLE('',#5119,0.00025);
#2900=CIRCLE('',#5121,0.00025);
#2901=CIRCLE('',#5123,0.00025);
#2902=CIRCLE('',#5125,0.00015);
#2903=CIRCLE('',#5127,0.00015);
#2904=CIRCLE('',#5129,0.00015);
#2905=CIRCLE('',#5131,0.00015);
#2906=CIRCLE('',#5135,0.0005);
#2907=CIRCLE('',#5137,0.0005);
#2908=CIRCLE('',#5139,0.000447749907475931);
#2909=CIRCLE('',#5143,0.0005);
#2910=CIRCLE('',#5145,0.0005);
#2911=CIRCLE('',#5147,0.000447749907475931);
#2912=CIRCLE('',#5151,0.002496);
#2913=CIRCLE('',#5152,0.002496);
#2914=CIRCLE('',#5155,0.002496);
#2915=CIRCLE('',#5156,0.002496);
#2916=CIRCLE('',#5159,0.002496);
#2917=CIRCLE('',#5160,0.002496);
#2918=CIRCLE('',#5164,0.0005);
#2919=CIRCLE('',#5165,0.0005);
#2920=CIRCLE('',#5168,0.0005);
#2921=CIRCLE('',#5169,0.0005);
#2922=CIRCLE('',#5171,0.0005);
#2923=CIRCLE('',#5173,0.0005);
#2924=CIRCLE('',#5175,0.002906);
#2925=CIRCLE('',#5178,0.0005);
#2926=CIRCLE('',#5180,0.002496);
#2927=CIRCLE('',#5182,0.002906);
#2928=CIRCLE('',#5185,0.0005);
#2929=CIRCLE('',#5187,0.002906);
#2930=CIRCLE('',#5188,0.002906);
#2931=CIRCLE('',#5190,0.0005);
#2932=CIRCLE('',#5191,0.0005);
#2933=CIRCLE('',#5194,0.00325);
#2934=CIRCLE('',#5196,0.00325);
#2935=CIRCLE('',#5198,0.002496);
#2936=CIRCLE('',#5200,0.002496);
#2937=CIRCLE('',#5202,0.0005);
#2938=CIRCLE('',#5209,0.0005);
#2939=CIRCLE('',#5211,0.0005);
#2940=CIRCLE('',#5213,0.0005);
#2941=CIRCLE('',#5215,0.0005);
#2942=CIRCLE('',#5217,0.0005);
#2943=CIRCLE('',#5219,0.0005);
#2944=CIRCLE('',#5222,0.00165);
#2945=CIRCLE('',#5224,0.00165);
#2946=CIRCLE('',#5227,0.00145);
#2947=CIRCLE('',#5231,0.00025);
#2948=CIRCLE('',#5233,0.00025);
#2949=CIRCLE('',#5235,0.00055);
#2950=CIRCLE('',#5238,0.00055);
#2951=CIRCLE('',#5240,0.0042625);
#2952=CIRCLE('',#5241,0.005);
#2953=CIRCLE('',#5243,0.0085);
#2954=CIRCLE('',#5244,0.0085);
#2955=CIRCLE('',#5246,0.00025);
#2956=CIRCLE('',#5247,0.00477);
#2957=CIRCLE('',#5249,0.00025);
#2958=CIRCLE('',#5252,0.0042625);
#2959=CIRCLE('',#5253,0.00477);
#2960=CIRCLE('',#5260,0.0025);
#2961=CIRCLE('',#5261,0.0025);
#2962=CIRCLE('',#5263,0.00285);
#2963=CIRCLE('',#5264,0.00395);
#2964=CIRCLE('',#5266,0.0043);
#2965=CIRCLE('',#5267,0.0043);
#2966=CIRCLE('',#5269,0.00655);
#2967=CIRCLE('',#5271,0.00655);
#2968=CIRCLE('',#5273,0.00765);
#2969=CIRCLE('',#5274,0.0069);
#2970=CIRCLE('',#5276,0.008);
#2971=CIRCLE('',#5277,0.008);
#2972=CIRCLE('',#5279,0.00765);
#2973=CIRCLE('',#5280,0.0069);
#2974=CIRCLE('',#5282,0.00655);
#2975=CIRCLE('',#5283,0.00655);
#2976=CIRCLE('',#5285,0.0043);
#2977=CIRCLE('',#5287,0.0043);
#2978=CIRCLE('',#5289,0.00285);
#2979=CIRCLE('',#5290,0.00395);
#2980=CIRCLE('',#5301,0.0025);
#2981=CIRCLE('',#5302,0.0025);
#2982=CIRCLE('',#5304,0.00285);
#2983=CIRCLE('',#5305,0.00395);
#2984=CIRCLE('',#5307,0.0043);
#2985=CIRCLE('',#5308,0.0043);
#2986=CIRCLE('',#5310,0.00655);
#2987=CIRCLE('',#5312,0.00655);
#2988=CIRCLE('',#5314,0.00765);
#2989=CIRCLE('',#5315,0.0069);
#2990=CIRCLE('',#5317,0.008);
#2991=CIRCLE('',#5318,0.008);
#2992=CIRCLE('',#5320,0.00765);
#2993=CIRCLE('',#5321,0.0069);
#2994=CIRCLE('',#5323,0.00655);
#2995=CIRCLE('',#5324,0.00655);
#2996=CIRCLE('',#5326,0.0043);
#2997=CIRCLE('',#5328,0.0043);
#2998=CIRCLE('',#5330,0.00285);
#2999=CIRCLE('',#5331,0.00395);
#3000=CIRCLE('',#5342,0.0047625);
#3001=CIRCLE('',#5343,0.0047625);
#3002=CIRCLE('',#5345,0.0045125);
#3003=CIRCLE('',#5347,0.0045125);
#3004=CIRCLE('',#5352,0.0045);
#3005=CIRCLE('',#5353,0.00265);
#3006=CIRCLE('',#5355,0.0045);
#3007=CIRCLE('',#5356,0.00265);
#3008=CIRCLE('',#5361,0.00500000000000009);
#3009=CIRCLE('',#5362,0.00250000000000005);
#3010=CIRCLE('',#5364,0.00500000000000009);
#3011=CIRCLE('',#5365,0.00250000000000005);
#3012=CIRCLE('',#5370,0.0029);
#3013=CIRCLE('',#5371,0.0029);
#3014=CIRCLE('',#5373,0.005);
#3015=CIRCLE('',#5374,0.005);
#3016=CIRCLE('',#5379,0.006);
#3017=CIRCLE('',#5380,0.006);
#3018=CIRCLE('',#5382,0.00711);
#3019=CIRCLE('',#5383,0.00711);
#3020=CIRCLE('',#5388,0.0005);
#3021=CIRCLE('',#5389,0.0005);
#3022=CIRCLE('',#5390,0.0005);
#3023=CIRCLE('',#5391,0.014);
#3024=CIRCLE('',#5392,0.00025);
#3025=CIRCLE('',#5393,0.0022);
#3026=CIRCLE('',#5394,0.00025);
#3027=CIRCLE('',#5395,0.018);
#3028=CIRCLE('',#5396,0.00025);
#3029=CIRCLE('',#5397,0.0022);
#3030=CIRCLE('',#5398,0.00025);
#3031=CIRCLE('',#5400,0.0008);
#3032=CIRCLE('',#5401,0.0008);
#3033=CIRCLE('',#5402,0.014);
#3034=CIRCLE('',#5403,0.00025);
#3035=CIRCLE('',#5404,0.0022);
#3036=CIRCLE('',#5405,0.00025);
#3037=CIRCLE('',#5406,0.018);
#3038=CIRCLE('',#5407,0.002);
#3039=CIRCLE('',#5409,0.0008);
#3040=CIRCLE('',#5410,0.0008);
#3041=CIRCLE('',#5411,0.0022);
#3042=CIRCLE('',#5412,0.00025);
#3043=CIRCLE('',#5413,0.014);
#3044=CIRCLE('',#5414,0.002);
#3045=CIRCLE('',#5415,0.018);
#3046=CIRCLE('',#5416,0.00025);
#3047=CIRCLE('',#5418,0.018);
#3048=CIRCLE('',#5419,0.018);
#3049=CIRCLE('',#5420,0.018);
#3050=CIRCLE('',#5422,0.014);
#3051=CIRCLE('',#5423,0.014);
#3052=CIRCLE('',#5424,0.014);
#3053=CIRCLE('',#5426,0.0012);
#3054=CIRCLE('',#5427,0.0012);
#3055=CIRCLE('',#5428,0.0008);
#3056=CIRCLE('',#5429,0.0008);
#3057=CIRCLE('',#5430,0.0008);
#3058=CIRCLE('',#5431,0.0008);
#3059=CIRCLE('',#5432,0.0005);
#3060=CIRCLE('',#5433,0.002);
#3061=CIRCLE('',#5434,0.002);
#3062=CIRCLE('',#5435,0.0005);
#3063=CIRCLE('',#5436,0.0005);
#3064=CIRCLE('',#5449,0.0012);
#3065=CIRCLE('',#5450,0.00025);
#3066=CIRCLE('',#5451,0.0022);
#3067=CIRCLE('',#5452,0.00025);
#3068=CIRCLE('',#5453,0.00025);
#3069=CIRCLE('',#5454,0.0022);
#3070=CIRCLE('',#5455,0.00025);
#3071=CIRCLE('',#5460,0.0012);
#3072=CIRCLE('',#5461,0.00025);
#3073=CIRCLE('',#5462,0.0022);
#3074=CIRCLE('',#5463,0.00025);
#3075=CIRCLE('',#5464,0.00025);
#3076=CIRCLE('',#5465,0.0022);
#3077=CIRCLE('',#5466,0.00025);
#3078=CIRCLE('',#5480,0.00250000000000005);
#3079=CIRCLE('',#5481,0.00250000000000005);
#3080=CIRCLE('',#5483,0.00200000000000004);
#3081=CIRCLE('',#5485,0.00200000000000004);
#3082=CIRCLE('',#5488,0.0140000000000003);
#3083=CIRCLE('',#5490,0.0140000000000003);
#3084=CIRCLE('',#5492,0.00140000000000003);
#3085=CIRCLE('',#5493,0.00140000000000003);
#3086=CIRCLE('',#5496,0.00050000000000001);
#3087=CIRCLE('',#5497,0.00050000000000001);
#3088=CIRCLE('',#5500,0.00050000000000001);
#3089=CIRCLE('',#5501,0.00050000000000001);
#3090=CIRCLE('',#5502,0.00050000000000001);
#3091=CIRCLE('',#5503,0.00050000000000001);
#3092=CIRCLE('',#5506,0.00050000000000001);
#3093=CIRCLE('',#5507,0.00050000000000001);
#3094=CIRCLE('',#5508,0.00050000000000001);
#3095=CIRCLE('',#5509,0.00050000000000001);
#3096=CIRCLE('',#5510,0.00050000000000001);
#3097=CIRCLE('',#5511,0.00050000000000001);
#3098=CIRCLE('',#5512,0.000800000000000017);
#3099=CIRCLE('',#5513,0.000800000000000017);
#3100=CIRCLE('',#5520,0.00100000000000002);
#3101=CIRCLE('',#5521,0.00100000000000002);
#3102=CIRCLE('',#5522,0.00140000000000003);
#3103=CIRCLE('',#5523,0.00140000000000003);
#3104=CIRCLE('',#5524,0.00050000000000001);
#3105=CIRCLE('',#5525,0.00050000000000001);
#3106=CIRCLE('',#5526,0.00050000000000001);
#3107=CIRCLE('',#5527,0.00050000000000001);
#3108=CIRCLE('',#5530,0.00100000000000002);
#3109=CIRCLE('',#5532,0.00270000000000006);
#3110=CIRCLE('',#5534,0.00100000000000002);
#3111=CIRCLE('',#5535,0.00100000000000002);
#3112=CIRCLE('',#5538,0.00270000000000006);
#3113=CIRCLE('',#5539,0.0137000000000003);
#3114=CIRCLE('',#5540,0.00100000000000002);
#3115=CIRCLE('',#5541,0.00100000000000002);
#3116=CIRCLE('',#5543,0.00120000000000002);
#3117=CIRCLE('',#5544,0.00120000000000002);
#3118=CIRCLE('',#5546,0.00120000000000002);
#3119=CIRCLE('',#5547,0.00120000000000002);
#3120=CIRCLE('',#5549,0.000800000000000017);
#3121=CIRCLE('',#5551,0.000800000000000017);
#3122=CIRCLE('',#5553,0.000800000000000017);
#3123=CIRCLE('',#5555,0.000800000000000017);
#3124=CIRCLE('',#5557,0.000800000000000017);
#3125=CIRCLE('',#5560,0.000800000000000017);
#3126=CIRCLE('',#5568,0.000800000000000017);
#3127=CIRCLE('',#5590,0.00050000000000001);
#3128=CIRCLE('',#5593,0.00050000000000001);
#3129=CIRCLE('',#5597,0.0014);
#3130=CIRCLE('',#5599,0.0008);
#3131=CIRCLE('',#5602,0.0085075);
#3132=CIRCLE('',#5603,0.0085075);
#3133=CIRCLE('',#5605,0.0135);
#3134=CIRCLE('',#5606,0.0135);
#3135=CIRCLE('',#5608,0.0080075);
#3136=CIRCLE('',#5609,0.0080075);
#3137=CIRCLE('',#5611,0.0083075);
#3138=CIRCLE('',#5613,0.0080075);
#3139=CIRCLE('',#5614,0.0080075);
#3140=CIRCLE('',#5617,0.0115);
#3141=CIRCLE('',#5620,0.0078075);
#3142=CIRCLE('',#5621,0.0071175);
#3143=CIRCLE('',#5623,0.0078075);
#3144=CIRCLE('',#5624,0.0067);
#3145=CIRCLE('',#5626,0.0067);
#3146=CIRCLE('',#5628,0.0071175);
#3147=CIRCLE('',#5631,0.0008);
#3148=CIRCLE('',#5633,0.0014);
#3149=EDGE_LOOP('',(#707,#708,#709,#710,#711,#712,#713,#714,#715,#716,#717,
#718,#719,#720,#721));
#3150=EDGE_LOOP('',(#722));
#3151=EDGE_LOOP('',(#723,#724,#725,#726));
#3152=EDGE_LOOP('',(#727));
#3153=EDGE_LOOP('',(#728));
#3154=EDGE_LOOP('',(#729,#730,#731,#732,#733,#734,#735,#736,#737,#738,#739,
#740,#741,#742,#743));
#3155=EDGE_LOOP('',(#744,#745,#746,#747));
#3156=EDGE_LOOP('',(#748,#749,#750,#751));
#3157=EDGE_LOOP('',(#752));
#3158=EDGE_LOOP('',(#753));
#3159=EDGE_LOOP('',(#754,#755,#756,#757,#758,#759));
#3160=EDGE_LOOP('',(#760));
#3161=EDGE_LOOP('',(#761,#762,#763,#764));
#3162=EDGE_LOOP('',(#765));
#3163=EDGE_LOOP('',(#766));
#3164=EDGE_LOOP('',(#767));
#3165=EDGE_LOOP('',(#768,#769));
#3166=EDGE_LOOP('',(#770,#771));
#3167=EDGE_LOOP('',(#772,#773));
#3168=EDGE_LOOP('',(#774,#775));
#3169=EDGE_LOOP('',(#776,#777));
#3170=EDGE_LOOP('',(#778,#779));
#3171=EDGE_LOOP('',(#780));
#3172=EDGE_LOOP('',(#781,#782,#783,#784,#785,#786));
#3173=EDGE_LOOP('',(#787,#788,#789,#790));
#3174=EDGE_LOOP('',(#791,#792,#793,#794));
#3175=EDGE_LOOP('',(#795,#796,#797,#798));
#3176=EDGE_LOOP('',(#799,#800,#801,#802));
#3177=EDGE_LOOP('',(#803,#804,#805,#806));
#3178=EDGE_LOOP('',(#807,#808,#809,#810));
#3179=EDGE_LOOP('',(#811));
#3180=EDGE_LOOP('',(#812));
#3181=EDGE_LOOP('',(#813,#814,#815,#816));
#3182=EDGE_LOOP('',(#817,#818,#819,#820));
#3183=EDGE_LOOP('',(#821,#822,#823,#824));
#3184=EDGE_LOOP('',(#825,#826));
#3185=EDGE_LOOP('',(#827,#828,#829,#830,#831,#832));
#3186=EDGE_LOOP('',(#833,#834));
#3187=EDGE_LOOP('',(#835,#836,#837,#838,#839,#840));
#3188=EDGE_LOOP('',(#841,#842,#843,#844,#845,#846));
#3189=EDGE_LOOP('',(#847,#848,#849,#850,#851,#852));
#3190=EDGE_LOOP('',(#853,#854,#855,#856,#857,#858));
#3191=EDGE_LOOP('',(#859,#860,#861,#862,#863,#864));
#3192=EDGE_LOOP('',(#865,#866,#867,#868,#869,#870));
#3193=EDGE_LOOP('',(#871,#872,#873,#874,#875,#876));
#3194=EDGE_LOOP('',(#877,#878,#879,#880));
#3195=EDGE_LOOP('',(#881,#882,#883));
#3196=EDGE_LOOP('',(#884,#885,#886));
#3197=EDGE_LOOP('',(#887,#888,#889));
#3198=EDGE_LOOP('',(#890,#891,#892));
#3199=EDGE_LOOP('',(#893,#894,#895));
#3200=EDGE_LOOP('',(#896,#897,#898));
#3201=EDGE_LOOP('',(#899,#900,#901));
#3202=EDGE_LOOP('',(#902,#903,#904));
#3203=EDGE_LOOP('',(#905,#906,#907));
#3204=EDGE_LOOP('',(#908,#909,#910));
#3205=EDGE_LOOP('',(#911,#912,#913));
#3206=EDGE_LOOP('',(#914,#915,#916));
#3207=EDGE_LOOP('',(#917,#918,#919,#920));
#3208=EDGE_LOOP('',(#921,#922,#923,#924));
#3209=EDGE_LOOP('',(#925,#926,#927,#928,#929,#930,#931));
#3210=EDGE_LOOP('',(#932,#933,#934,#935,#936,#937,#938));
#3211=EDGE_LOOP('',(#939,#940,#941,#942,#943,#944));
#3212=EDGE_LOOP('',(#945,#946,#947,#948,#949,#950));
#3213=EDGE_LOOP('',(#951,#952,#953,#954,#955,#956));
#3214=EDGE_LOOP('',(#957,#958,#959,#960));
#3215=EDGE_LOOP('',(#961,#962,#963,#964));
#3216=EDGE_LOOP('',(#965,#966,#967,#968));
#3217=EDGE_LOOP('',(#969,#970,#971,#972));
#3218=EDGE_LOOP('',(#973,#974,#975));
#3219=EDGE_LOOP('',(#976,#977,#978,#979));
#3220=EDGE_LOOP('',(#980,#981,#982,#983));
#3221=EDGE_LOOP('',(#984,#985,#986,#987));
#3222=EDGE_LOOP('',(#988,#989,#990,#991));
#3223=EDGE_LOOP('',(#992,#993,#994));
#3224=EDGE_LOOP('',(#995,#996,#997,#998));
#3225=EDGE_LOOP('',(#999,#1000,#1001,#1002));
#3226=EDGE_LOOP('',(#1003,#1004,#1005,#1006));
#3227=EDGE_LOOP('',(#1007,#1008,#1009,#1010));
#3228=EDGE_LOOP('',(#1011,#1012,#1013,#1014));
#3229=EDGE_LOOP('',(#1015,#1016,#1017,#1018));
#3230=EDGE_LOOP('',(#1019,#1020,#1021,#1022));
#3231=EDGE_LOOP('',(#1023,#1024,#1025,#1026));
#3232=EDGE_LOOP('',(#1027,#1028,#1029,#1030));
#3233=EDGE_LOOP('',(#1031,#1032,#1033,#1034));
#3234=EDGE_LOOP('',(#1035));
#3235=EDGE_LOOP('',(#1036));
#3236=EDGE_LOOP('',(#1037));
#3237=EDGE_LOOP('',(#1038));
#3238=EDGE_LOOP('',(#1039));
#3239=EDGE_LOOP('',(#1040));
#3240=EDGE_LOOP('',(#1041));
#3241=EDGE_LOOP('',(#1042));
#3242=EDGE_LOOP('',(#1043));
#3243=EDGE_LOOP('',(#1044));
#3244=EDGE_LOOP('',(#1045));
#3245=EDGE_LOOP('',(#1046));
#3246=EDGE_LOOP('',(#1047));
#3247=EDGE_LOOP('',(#1048,#1049,#1050,#1051));
#3248=EDGE_LOOP('',(#1052,#1053,#1054,#1055,#1056,#1057));
#3249=EDGE_LOOP('',(#1058,#1059,#1060,#1061));
#3250=EDGE_LOOP('',(#1062,#1063,#1064,#1065,#1066,#1067));
#3251=EDGE_LOOP('',(#1068,#1069,#1070,#1071));
#3252=EDGE_LOOP('',(#1072,#1073,#1074,#1075,#1076,#1077));
#3253=EDGE_LOOP('',(#1078,#1079,#1080,#1081,#1082,#1083));
#3254=EDGE_LOOP('',(#1084,#1085,#1086,#1087,#1088));
#3255=EDGE_LOOP('',(#1089,#1090,#1091,#1092));
#3256=EDGE_LOOP('',(#1093,#1094,#1095,#1096,#1097));
#3257=EDGE_LOOP('',(#1098,#1099,#1100,#1101));
#3258=EDGE_LOOP('',(#1102,#1103,#1104,#1105,#1106,#1107,#1108,#1109,#1110));
#3259=EDGE_LOOP('',(#1111,#1112,#1113,#1114));
#3260=EDGE_LOOP('',(#1115,#1116,#1117,#1118));
#3261=EDGE_LOOP('',(#1119,#1120,#1121,#1122));
#3262=EDGE_LOOP('',(#1123,#1124,#1125,#1126,#1127,#1128,#1129,#1130,#1131));
#3263=EDGE_LOOP('',(#1132,#1133,#1134,#1135));
#3264=EDGE_LOOP('',(#1136));
#3265=EDGE_LOOP('',(#1137,#1138,#1139,#1140,#1141,#1142,#1143,#1144,#1145,
#1146,#1147,#1148));
#3266=EDGE_LOOP('',(#1149,#1150,#1151,#1152,#1153,#1154));
#3267=EDGE_LOOP('',(#1155,#1156,#1157,#1158));
#3268=EDGE_LOOP('',(#1159));
#3269=EDGE_LOOP('',(#1160));
#3270=EDGE_LOOP('',(#1161));
#3271=EDGE_LOOP('',(#1162));
#3272=EDGE_LOOP('',(#1163));
#3273=EDGE_LOOP('',(#1164));
#3274=EDGE_LOOP('',(#1165));
#3275=EDGE_LOOP('',(#1166));
#3276=EDGE_LOOP('',(#1167,#1168,#1169,#1170));
#3277=EDGE_LOOP('',(#1171,#1172));
#3278=EDGE_LOOP('',(#1173,#1174));
#3279=EDGE_LOOP('',(#1175,#1176));
#3280=EDGE_LOOP('',(#1177,#1178,#1179,#1180,#1181,#1182,#1183,#1184,#1185,
#1186,#1187,#1188));
#3281=EDGE_LOOP('',(#1189,#1190,#1191,#1192));
#3282=EDGE_LOOP('',(#1193,#1194,#1195,#1196));
#3283=EDGE_LOOP('',(#1197,#1198,#1199,#1200));
#3284=EDGE_LOOP('',(#1201,#1202,#1203));
#3285=EDGE_LOOP('',(#1204,#1205,#1206,#1207));
#3286=EDGE_LOOP('',(#1208,#1209,#1210,#1211));
#3287=EDGE_LOOP('',(#1212,#1213,#1214));
#3288=EDGE_LOOP('',(#1215,#1216,#1217,#1218));
#3289=EDGE_LOOP('',(#1219));
#3290=EDGE_LOOP('',(#1220));
#3291=EDGE_LOOP('',(#1221));
#3292=EDGE_LOOP('',(#1222));
#3293=EDGE_LOOP('',(#1223));
#3294=EDGE_LOOP('',(#1224));
#3295=EDGE_LOOP('',(#1225));
#3296=EDGE_LOOP('',(#1226));
#3297=EDGE_LOOP('',(#1227));
#3298=EDGE_LOOP('',(#1228));
#3299=EDGE_LOOP('',(#1229));
#3300=EDGE_LOOP('',(#1230));
#3301=EDGE_LOOP('',(#1231));
#3302=EDGE_LOOP('',(#1232));
#3303=EDGE_LOOP('',(#1233));
#3304=EDGE_LOOP('',(#1234));
#3305=EDGE_LOOP('',(#1235));
#3306=EDGE_LOOP('',(#1236));
#3307=EDGE_LOOP('',(#1237));
#3308=EDGE_LOOP('',(#1238));
#3309=EDGE_LOOP('',(#1239));
#3310=EDGE_LOOP('',(#1240));
#3311=EDGE_LOOP('',(#1241));
#3312=EDGE_LOOP('',(#1242));
#3313=EDGE_LOOP('',(#1243));
#3314=EDGE_LOOP('',(#1244));
#3315=EDGE_LOOP('',(#1245));
#3316=EDGE_LOOP('',(#1246));
#3317=EDGE_LOOP('',(#1247));
#3318=EDGE_LOOP('',(#1248));
#3319=EDGE_LOOP('',(#1249));
#3320=EDGE_LOOP('',(#1250));
#3321=EDGE_LOOP('',(#1251));
#3322=EDGE_LOOP('',(#1252));
#3323=EDGE_LOOP('',(#1253));
#3324=EDGE_LOOP('',(#1254));
#3325=EDGE_LOOP('',(#1255));
#3326=EDGE_LOOP('',(#1256));
#3327=EDGE_LOOP('',(#1257));
#3328=EDGE_LOOP('',(#1258));
#3329=EDGE_LOOP('',(#1259));
#3330=EDGE_LOOP('',(#1260));
#3331=EDGE_LOOP('',(#1261));
#3332=EDGE_LOOP('',(#1262));
#3333=EDGE_LOOP('',(#1263));
#3334=EDGE_LOOP('',(#1264));
#3335=EDGE_LOOP('',(#1265));
#3336=EDGE_LOOP('',(#1266));
#3337=EDGE_LOOP('',(#1267));
#3338=EDGE_LOOP('',(#1268));
#3339=EDGE_LOOP('',(#1269));
#3340=EDGE_LOOP('',(#1270));
#3341=EDGE_LOOP('',(#1271));
#3342=EDGE_LOOP('',(#1272));
#3343=EDGE_LOOP('',(#1273));
#3344=EDGE_LOOP('',(#1274));
#3345=EDGE_LOOP('',(#1275));
#3346=EDGE_LOOP('',(#1276));
#3347=EDGE_LOOP('',(#1277));
#3348=EDGE_LOOP('',(#1278));
#3349=EDGE_LOOP('',(#1279));
#3350=EDGE_LOOP('',(#1280));
#3351=EDGE_LOOP('',(#1281));
#3352=EDGE_LOOP('',(#1282));
#3353=EDGE_LOOP('',(#1283));
#3354=EDGE_LOOP('',(#1284));
#3355=EDGE_LOOP('',(#1285));
#3356=EDGE_LOOP('',(#1286));
#3357=EDGE_LOOP('',(#1287));
#3358=EDGE_LOOP('',(#1288));
#3359=EDGE_LOOP('',(#1289));
#3360=EDGE_LOOP('',(#1290));
#3361=EDGE_LOOP('',(#1291));
#3362=EDGE_LOOP('',(#1292));
#3363=EDGE_LOOP('',(#1293));
#3364=EDGE_LOOP('',(#1294));
#3365=EDGE_LOOP('',(#1295));
#3366=EDGE_LOOP('',(#1296));
#3367=EDGE_LOOP('',(#1297));
#3368=EDGE_LOOP('',(#1298));
#3369=EDGE_LOOP('',(#1299));
#3370=EDGE_LOOP('',(#1300));
#3371=EDGE_LOOP('',(#1301));
#3372=EDGE_LOOP('',(#1302));
#3373=EDGE_LOOP('',(#1303));
#3374=EDGE_LOOP('',(#1304));
#3375=EDGE_LOOP('',(#1305));
#3376=EDGE_LOOP('',(#1306));
#3377=EDGE_LOOP('',(#1307));
#3378=EDGE_LOOP('',(#1308));
#3379=EDGE_LOOP('',(#1309));
#3380=EDGE_LOOP('',(#1310));
#3381=EDGE_LOOP('',(#1311));
#3382=EDGE_LOOP('',(#1312));
#3383=EDGE_LOOP('',(#1313));
#3384=EDGE_LOOP('',(#1314));
#3385=EDGE_LOOP('',(#1315));
#3386=EDGE_LOOP('',(#1316));
#3387=EDGE_LOOP('',(#1317));
#3388=EDGE_LOOP('',(#1318));
#3389=EDGE_LOOP('',(#1319));
#3390=EDGE_LOOP('',(#1320));
#3391=EDGE_LOOP('',(#1321));
#3392=EDGE_LOOP('',(#1322));
#3393=EDGE_LOOP('',(#1323));
#3394=EDGE_LOOP('',(#1324));
#3395=EDGE_LOOP('',(#1325));
#3396=EDGE_LOOP('',(#1326));
#3397=EDGE_LOOP('',(#1327));
#3398=EDGE_LOOP('',(#1328));
#3399=EDGE_LOOP('',(#1329));
#3400=EDGE_LOOP('',(#1330));
#3401=EDGE_LOOP('',(#1331));
#3402=EDGE_LOOP('',(#1332));
#3403=EDGE_LOOP('',(#1333));
#3404=EDGE_LOOP('',(#1334));
#3405=EDGE_LOOP('',(#1335));
#3406=EDGE_LOOP('',(#1336));
#3407=EDGE_LOOP('',(#1337));
#3408=EDGE_LOOP('',(#1338));
#3409=EDGE_LOOP('',(#1339));
#3410=EDGE_LOOP('',(#1340));
#3411=EDGE_LOOP('',(#1341));
#3412=EDGE_LOOP('',(#1342));
#3413=EDGE_LOOP('',(#1343));
#3414=EDGE_LOOP('',(#1344));
#3415=EDGE_LOOP('',(#1345));
#3416=EDGE_LOOP('',(#1346));
#3417=EDGE_LOOP('',(#1347));
#3418=EDGE_LOOP('',(#1348));
#3419=EDGE_LOOP('',(#1349));
#3420=EDGE_LOOP('',(#1350));
#3421=EDGE_LOOP('',(#1351));
#3422=EDGE_LOOP('',(#1352));
#3423=EDGE_LOOP('',(#1353));
#3424=EDGE_LOOP('',(#1354));
#3425=EDGE_LOOP('',(#1355));
#3426=EDGE_LOOP('',(#1356));
#3427=EDGE_LOOP('',(#1357));
#3428=EDGE_LOOP('',(#1358));
#3429=EDGE_LOOP('',(#1359));
#3430=EDGE_LOOP('',(#1360));
#3431=EDGE_LOOP('',(#1361));
#3432=EDGE_LOOP('',(#1362));
#3433=EDGE_LOOP('',(#1363));
#3434=EDGE_LOOP('',(#1364));
#3435=EDGE_LOOP('',(#1365));
#3436=EDGE_LOOP('',(#1366));
#3437=EDGE_LOOP('',(#1367));
#3438=EDGE_LOOP('',(#1368));
#3439=EDGE_LOOP('',(#1369));
#3440=EDGE_LOOP('',(#1370));
#3441=EDGE_LOOP('',(#1371));
#3442=EDGE_LOOP('',(#1372));
#3443=EDGE_LOOP('',(#1373));
#3444=EDGE_LOOP('',(#1374));
#3445=EDGE_LOOP('',(#1375));
#3446=EDGE_LOOP('',(#1376));
#3447=EDGE_LOOP('',(#1377));
#3448=EDGE_LOOP('',(#1378));
#3449=EDGE_LOOP('',(#1379));
#3450=EDGE_LOOP('',(#1380));
#3451=EDGE_LOOP('',(#1381));
#3452=EDGE_LOOP('',(#1382));
#3453=EDGE_LOOP('',(#1383));
#3454=EDGE_LOOP('',(#1384));
#3455=EDGE_LOOP('',(#1385));
#3456=EDGE_LOOP('',(#1386));
#3457=EDGE_LOOP('',(#1387,#1388,#1389,#1390));
#3458=EDGE_LOOP('',(#1391));
#3459=EDGE_LOOP('',(#1392,#1393,#1394,#1395,#1396,#1397,#1398,#1399));
#3460=EDGE_LOOP('',(#1400));
#3461=EDGE_LOOP('',(#1401));
#3462=EDGE_LOOP('',(#1402,#1403,#1404,#1405,#1406,#1407));
#3463=EDGE_LOOP('',(#1408));
#3464=EDGE_LOOP('',(#1409));
#3465=EDGE_LOOP('',(#1410,#1411,#1412,#1413,#1414,#1415));
#3466=EDGE_LOOP('',(#1416,#1417,#1418,#1419,#1420,#1421,#1422,#1423,#1424,
#1425,#1426,#1427));
#3467=EDGE_LOOP('',(#1428,#1429,#1430,#1431,#1432,#1433,#1434,#1435,#1436,
#1437,#1438,#1439));
#3468=EDGE_LOOP('',(#1440));
#3469=EDGE_LOOP('',(#1441));
#3470=EDGE_LOOP('',(#1442));
#3471=EDGE_LOOP('',(#1443));
#3472=EDGE_LOOP('',(#1444));
#3473=EDGE_LOOP('',(#1445));
#3474=EDGE_LOOP('',(#1446));
#3475=EDGE_LOOP('',(#1447,#1448,#1449,#1450));
#3476=EDGE_LOOP('',(#1451,#1452,#1453,#1454));
#3477=EDGE_LOOP('',(#1455,#1456,#1457,#1458));
#3478=EDGE_LOOP('',(#1459,#1460,#1461,#1462));
#3479=EDGE_LOOP('',(#1463));
#3480=EDGE_LOOP('',(#1464));
#3481=EDGE_LOOP('',(#1465,#1466,#1467,#1468));
#3482=EDGE_LOOP('',(#1469,#1470,#1471,#1472));
#3483=EDGE_LOOP('',(#1473,#1474,#1475,#1476));
#3484=EDGE_LOOP('',(#1477,#1478,#1479,#1480));
#3485=EDGE_LOOP('',(#1481));
#3486=EDGE_LOOP('',(#1482));
#3487=EDGE_LOOP('',(#1483));
#3488=EDGE_LOOP('',(#1484));
#3489=EDGE_LOOP('',(#1485));
#3490=EDGE_LOOP('',(#1486));
#3491=EDGE_LOOP('',(#1487));
#3492=EDGE_LOOP('',(#1488));
#3493=EDGE_LOOP('',(#1489));
#3494=EDGE_LOOP('',(#1490,#1491,#1492,#1493,#1494,#1495,#1496,#1497));
#3495=EDGE_LOOP('',(#1498,#1499,#1500,#1501));
#3496=EDGE_LOOP('',(#1502,#1503,#1504,#1505));
#3497=EDGE_LOOP('',(#1506));
#3498=EDGE_LOOP('',(#1507));
#3499=EDGE_LOOP('',(#1508));
#3500=EDGE_LOOP('',(#1509,#1510,#1511,#1512,#1513,#1514,#1515,#1516));
#3501=EDGE_LOOP('',(#1517,#1518,#1519,#1520));
#3502=EDGE_LOOP('',(#1521,#1522,#1523,#1524));
#3503=EDGE_LOOP('',(#1525));
#3504=EDGE_LOOP('',(#1526));
#3505=EDGE_LOOP('',(#1527,#1528,#1529,#1530));
#3506=EDGE_LOOP('',(#1531,#1532,#1533,#1534));
#3507=EDGE_LOOP('',(#1535,#1536,#1537,#1538));
#3508=EDGE_LOOP('',(#1539,#1540,#1541,#1542));
#3509=EDGE_LOOP('',(#1543,#1544,#1545,#1546));
#3510=EDGE_LOOP('',(#1547,#1548,#1549,#1550));
#3511=EDGE_LOOP('',(#1551,#1552,#1553,#1554));
#3512=EDGE_LOOP('',(#1555,#1556,#1557,#1558));
#3513=EDGE_LOOP('',(#1559));
#3514=EDGE_LOOP('',(#1560));
#3515=EDGE_LOOP('',(#1561));
#3516=EDGE_LOOP('',(#1562,#1563,#1564,#1565,#1566,#1567,#1568));
#3517=EDGE_LOOP('',(#1569,#1570,#1571,#1572,#1573,#1574,#1575));
#3518=EDGE_LOOP('',(#1576,#1577,#1578,#1579,#1580,#1581,#1582,#1583));
#3519=EDGE_LOOP('',(#1584));
#3520=EDGE_LOOP('',(#1585));
#3521=EDGE_LOOP('',(#1586,#1587,#1588,#1589,#1590,#1591,#1592,#1593,#1594,
#1595,#1596,#1597,#1598,#1599,#1600,#1601,#1602,#1603,#1604,#1605,#1606,
#1607));
#3522=EDGE_LOOP('',(#1608,#1609,#1610,#1611));
#3523=EDGE_LOOP('',(#1612));
#3524=EDGE_LOOP('',(#1613));
#3525=EDGE_LOOP('',(#1614,#1615,#1616,#1617,#1618,#1619,#1620,#1621,#1622,
#1623));
#3526=EDGE_LOOP('',(#1624));
#3527=EDGE_LOOP('',(#1625));
#3528=EDGE_LOOP('',(#1626,#1627,#1628,#1629,#1630,#1631,#1632));
#3529=EDGE_LOOP('',(#1633,#1634,#1635,#1636,#1637,#1638,#1639));
#3530=EDGE_LOOP('',(#1640,#1641,#1642,#1643));
#3531=EDGE_LOOP('',(#1644,#1645,#1646,#1647));
#3532=EDGE_LOOP('',(#1648,#1649,#1650,#1651));
#3533=EDGE_LOOP('',(#1652));
#3534=EDGE_LOOP('',(#1653));
#3535=EDGE_LOOP('',(#1654));
#3536=EDGE_LOOP('',(#1655));
#3537=EDGE_LOOP('',(#1656,#1657,#1658,#1659,#1660,#1661,#1662,#1663,#1664,
#1665));
#3538=EDGE_LOOP('',(#1666,#1667,#1668,#1669));
#3539=EDGE_LOOP('',(#1670));
#3540=EDGE_LOOP('',(#1671,#1672,#1673,#1674));
#3541=EDGE_LOOP('',(#1675));
#3542=EDGE_LOOP('',(#1676,#1677,#1678,#1679,#1680,#1681,#1682,#1683));
#3543=EDGE_LOOP('',(#1684));
#3544=EDGE_LOOP('',(#1685,#1686,#1687,#1688,#1689,#1690));
#3545=EDGE_LOOP('',(#1691));
#3546=EDGE_LOOP('',(#1692));
#3547=EDGE_LOOP('',(#1693));
#3548=EDGE_LOOP('',(#1694));
#3549=EDGE_LOOP('',(#1695));
#3550=EDGE_LOOP('',(#1696));
#3551=EDGE_LOOP('',(#1697));
#3552=EDGE_LOOP('',(#1698));
#3553=EDGE_LOOP('',(#1699));
#3554=EDGE_LOOP('',(#1700));
#3555=EDGE_LOOP('',(#1701));
#3556=EDGE_LOOP('',(#1702));
#3557=EDGE_LOOP('',(#1703));
#3558=EDGE_LOOP('',(#1704));
#3559=EDGE_LOOP('',(#1705));
#3560=EDGE_LOOP('',(#1706));
#3561=EDGE_LOOP('',(#1707,#1708,#1709,#1710));
#3562=EDGE_LOOP('',(#1711,#1712,#1713,#1714));
#3563=EDGE_LOOP('',(#1715,#1716,#1717,#1718));
#3564=EDGE_LOOP('',(#1719,#1720,#1721,#1722));
#3565=EDGE_LOOP('',(#1723,#1724,#1725,#1726));
#3566=EDGE_LOOP('',(#1727));
#3567=EDGE_LOOP('',(#1728));
#3568=EDGE_LOOP('',(#1729,#1730,#1731,#1732));
#3569=EDGE_LOOP('',(#1733,#1734,#1735,#1736));
#3570=EDGE_LOOP('',(#1737,#1738,#1739,#1740));
#3571=EDGE_LOOP('',(#1741,#1742,#1743,#1744));
#3572=EDGE_LOOP('',(#1745,#1746,#1747,#1748));
#3573=EDGE_LOOP('',(#1749,#1750,#1751,#1752));
#3574=EDGE_LOOP('',(#1753,#1754,#1755,#1756));
#3575=EDGE_LOOP('',(#1757,#1758,#1759,#1760));
#3576=EDGE_LOOP('',(#1761,#1762,#1763,#1764));
#3577=EDGE_LOOP('',(#1765,#1766,#1767,#1768));
#3578=EDGE_LOOP('',(#1769));
#3579=EDGE_LOOP('',(#1770));
#3580=EDGE_LOOP('',(#1771));
#3581=EDGE_LOOP('',(#1772));
#3582=EDGE_LOOP('',(#1773));
#3583=EDGE_LOOP('',(#1774));
#3584=EDGE_LOOP('',(#1775));
#3585=EDGE_LOOP('',(#1776));
#3586=EDGE_LOOP('',(#1777));
#3587=EDGE_LOOP('',(#1778));
#3588=EDGE_LOOP('',(#1779));
#3589=EDGE_LOOP('',(#1780));
#3590=EDGE_LOOP('',(#1781));
#3591=EDGE_LOOP('',(#1782));
#3592=EDGE_LOOP('',(#1783));
#3593=EDGE_LOOP('',(#1784));
#3594=EDGE_LOOP('',(#1785));
#3595=EDGE_LOOP('',(#1786));
#3596=EDGE_LOOP('',(#1787,#1788,#1789,#1790));
#3597=EDGE_LOOP('',(#1791));
#3598=EDGE_LOOP('',(#1792));
#3599=EDGE_LOOP('',(#1793));
#3600=EDGE_LOOP('',(#1794));
#3601=EDGE_LOOP('',(#1795));
#3602=EDGE_LOOP('',(#1796));
#3603=EDGE_LOOP('',(#1797));
#3604=EDGE_LOOP('',(#1798));
#3605=EDGE_LOOP('',(#1799));
#3606=EDGE_LOOP('',(#1800));
#3607=EDGE_LOOP('',(#1801));
#3608=EDGE_LOOP('',(#1802));
#3609=EDGE_LOOP('',(#1803));
#3610=EDGE_LOOP('',(#1804));
#3611=EDGE_LOOP('',(#1805));
#3612=EDGE_LOOP('',(#1806));
#3613=EDGE_LOOP('',(#1807));
#3614=EDGE_LOOP('',(#1808));
#3615=EDGE_LOOP('',(#1809));
#3616=EDGE_LOOP('',(#1810));
#3617=EDGE_LOOP('',(#1811));
#3618=EDGE_LOOP('',(#1812));
#3619=EDGE_LOOP('',(#1813));
#3620=EDGE_LOOP('',(#1814));
#3621=EDGE_LOOP('',(#1815));
#3622=EDGE_LOOP('',(#1816));
#3623=EDGE_LOOP('',(#1817));
#3624=EDGE_LOOP('',(#1818));
#3625=EDGE_LOOP('',(#1819));
#3626=EDGE_LOOP('',(#1820));
#3627=EDGE_LOOP('',(#1821));
#3628=EDGE_LOOP('',(#1822));
#3629=EDGE_LOOP('',(#1823));
#3630=EDGE_LOOP('',(#1824));
#3631=EDGE_LOOP('',(#1825));
#3632=EDGE_LOOP('',(#1826));
#3633=EDGE_LOOP('',(#1827));
#3634=EDGE_LOOP('',(#1828));
#3635=EDGE_LOOP('',(#1829));
#3636=EDGE_LOOP('',(#1830));
#3637=EDGE_LOOP('',(#1831));
#3638=EDGE_LOOP('',(#1832));
#3639=EDGE_LOOP('',(#1833));
#3640=EDGE_LOOP('',(#1834));
#3641=EDGE_LOOP('',(#1835));
#3642=EDGE_LOOP('',(#1836));
#3643=EDGE_LOOP('',(#1837));
#3644=EDGE_LOOP('',(#1838));
#3645=EDGE_LOOP('',(#1839));
#3646=EDGE_LOOP('',(#1840));
#3647=EDGE_LOOP('',(#1841));
#3648=EDGE_LOOP('',(#1842));
#3649=EDGE_LOOP('',(#1843));
#3650=EDGE_LOOP('',(#1844));
#3651=FACE_BOUND('',#3149,.T.);
#3652=FACE_BOUND('',#3150,.T.);
#3653=FACE_BOUND('',#3151,.T.);
#3654=FACE_BOUND('',#3152,.T.);
#3655=FACE_BOUND('',#3153,.T.);
#3656=FACE_BOUND('',#3154,.T.);
#3657=FACE_BOUND('',#3155,.T.);
#3658=FACE_BOUND('',#3156,.T.);
#3659=FACE_BOUND('',#3157,.T.);
#3660=FACE_BOUND('',#3158,.T.);
#3661=FACE_BOUND('',#3159,.T.);
#3662=FACE_BOUND('',#3160,.T.);
#3663=FACE_BOUND('',#3161,.T.);
#3664=FACE_BOUND('',#3162,.T.);
#3665=FACE_BOUND('',#3163,.T.);
#3666=FACE_BOUND('',#3164,.T.);
#3667=FACE_BOUND('',#3165,.T.);
#3668=FACE_BOUND('',#3166,.T.);
#3669=FACE_BOUND('',#3167,.T.);
#3670=FACE_BOUND('',#3168,.T.);
#3671=FACE_BOUND('',#3169,.T.);
#3672=FACE_BOUND('',#3170,.T.);
#3673=FACE_BOUND('',#3171,.T.);
#3674=FACE_BOUND('',#3172,.T.);
#3675=FACE_BOUND('',#3173,.T.);
#3676=FACE_BOUND('',#3174,.T.);
#3677=FACE_BOUND('',#3175,.T.);
#3678=FACE_BOUND('',#3176,.T.);
#3679=FACE_BOUND('',#3177,.T.);
#3680=FACE_BOUND('',#3178,.T.);
#3681=FACE_BOUND('',#3179,.T.);
#3682=FACE_BOUND('',#3180,.T.);
#3683=FACE_BOUND('',#3181,.T.);
#3684=FACE_BOUND('',#3182,.T.);
#3685=FACE_BOUND('',#3183,.T.);
#3686=FACE_BOUND('',#3184,.T.);
#3687=FACE_BOUND('',#3185,.T.);
#3688=FACE_BOUND('',#3186,.T.);
#3689=FACE_BOUND('',#3187,.T.);
#3690=FACE_BOUND('',#3188,.T.);
#3691=FACE_BOUND('',#3189,.T.);
#3692=FACE_BOUND('',#3190,.T.);
#3693=FACE_BOUND('',#3191,.T.);
#3694=FACE_BOUND('',#3192,.T.);
#3695=FACE_BOUND('',#3193,.T.);
#3696=FACE_BOUND('',#3194,.T.);
#3697=FACE_BOUND('',#3195,.T.);
#3698=FACE_BOUND('',#3196,.T.);
#3699=FACE_BOUND('',#3197,.T.);
#3700=FACE_BOUND('',#3198,.T.);
#3701=FACE_BOUND('',#3199,.T.);
#3702=FACE_BOUND('',#3200,.T.);
#3703=FACE_BOUND('',#3201,.T.);
#3704=FACE_BOUND('',#3202,.T.);
#3705=FACE_BOUND('',#3203,.T.);
#3706=FACE_BOUND('',#3204,.T.);
#3707=FACE_BOUND('',#3205,.T.);
#3708=FACE_BOUND('',#3206,.T.);
#3709=FACE_BOUND('',#3207,.T.);
#3710=FACE_BOUND('',#3208,.T.);
#3711=FACE_BOUND('',#3209,.T.);
#3712=FACE_BOUND('',#3210,.T.);
#3713=FACE_BOUND('',#3211,.T.);
#3714=FACE_BOUND('',#3212,.T.);
#3715=FACE_BOUND('',#3213,.T.);
#3716=FACE_BOUND('',#3214,.T.);
#3717=FACE_BOUND('',#3215,.T.);
#3718=FACE_BOUND('',#3216,.T.);
#3719=FACE_BOUND('',#3217,.T.);
#3720=FACE_BOUND('',#3218,.T.);
#3721=FACE_BOUND('',#3219,.T.);
#3722=FACE_BOUND('',#3220,.T.);
#3723=FACE_BOUND('',#3221,.T.);
#3724=FACE_BOUND('',#3222,.T.);
#3725=FACE_BOUND('',#3223,.T.);
#3726=FACE_BOUND('',#3224,.T.);
#3727=FACE_BOUND('',#3225,.T.);
#3728=FACE_BOUND('',#3226,.T.);
#3729=FACE_BOUND('',#3227,.T.);
#3730=FACE_BOUND('',#3228,.T.);
#3731=FACE_BOUND('',#3229,.T.);
#3732=FACE_BOUND('',#3230,.T.);
#3733=FACE_BOUND('',#3231,.T.);
#3734=FACE_BOUND('',#3232,.T.);
#3735=FACE_BOUND('',#3233,.T.);
#3736=FACE_BOUND('',#3234,.T.);
#3737=FACE_BOUND('',#3235,.T.);
#3738=FACE_BOUND('',#3236,.T.);
#3739=FACE_BOUND('',#3237,.T.);
#3740=FACE_BOUND('',#3238,.T.);
#3741=FACE_BOUND('',#3239,.T.);
#3742=FACE_BOUND('',#3240,.T.);
#3743=FACE_BOUND('',#3241,.T.);
#3744=FACE_BOUND('',#3242,.T.);
#3745=FACE_BOUND('',#3243,.T.);
#3746=FACE_BOUND('',#3244,.T.);
#3747=FACE_BOUND('',#3245,.T.);
#3748=FACE_BOUND('',#3246,.T.);
#3749=FACE_BOUND('',#3247,.T.);
#3750=FACE_BOUND('',#3248,.T.);
#3751=FACE_BOUND('',#3249,.T.);
#3752=FACE_BOUND('',#3250,.T.);
#3753=FACE_BOUND('',#3251,.T.);
#3754=FACE_BOUND('',#3252,.T.);
#3755=FACE_BOUND('',#3253,.T.);
#3756=FACE_BOUND('',#3254,.T.);
#3757=FACE_BOUND('',#3255,.T.);
#3758=FACE_BOUND('',#3256,.T.);
#3759=FACE_BOUND('',#3257,.T.);
#3760=FACE_BOUND('',#3258,.T.);
#3761=FACE_BOUND('',#3259,.T.);
#3762=FACE_BOUND('',#3260,.T.);
#3763=FACE_BOUND('',#3261,.T.);
#3764=FACE_BOUND('',#3262,.T.);
#3765=FACE_BOUND('',#3263,.T.);
#3766=FACE_BOUND('',#3264,.T.);
#3767=FACE_BOUND('',#3265,.T.);
#3768=FACE_BOUND('',#3266,.T.);
#3769=FACE_BOUND('',#3267,.T.);
#3770=FACE_BOUND('',#3268,.T.);
#3771=FACE_BOUND('',#3269,.T.);
#3772=FACE_BOUND('',#3270,.T.);
#3773=FACE_BOUND('',#3271,.T.);
#3774=FACE_BOUND('',#3272,.T.);
#3775=FACE_BOUND('',#3273,.T.);
#3776=FACE_BOUND('',#3274,.T.);
#3777=FACE_BOUND('',#3275,.T.);
#3778=FACE_BOUND('',#3276,.T.);
#3779=FACE_BOUND('',#3277,.T.);
#3780=FACE_BOUND('',#3278,.T.);
#3781=FACE_BOUND('',#3279,.T.);
#3782=FACE_BOUND('',#3280,.T.);
#3783=FACE_BOUND('',#3281,.T.);
#3784=FACE_BOUND('',#3282,.T.);
#3785=FACE_BOUND('',#3283,.T.);
#3786=FACE_BOUND('',#3284,.T.);
#3787=FACE_BOUND('',#3285,.T.);
#3788=FACE_BOUND('',#3286,.T.);
#3789=FACE_BOUND('',#3287,.T.);
#3790=FACE_BOUND('',#3288,.T.);
#3791=FACE_BOUND('',#3289,.T.);
#3792=FACE_BOUND('',#3290,.T.);
#3793=FACE_BOUND('',#45,.T.);
#3794=FACE_BOUND('',#3291,.T.);
#3795=FACE_BOUND('',#3292,.T.);
#3796=FACE_BOUND('',#3293,.T.);
#3797=FACE_BOUND('',#46,.T.);
#3798=FACE_BOUND('',#3294,.T.);
#3799=FACE_BOUND('',#3295,.T.);
#3800=FACE_BOUND('',#3296,.T.);
#3801=FACE_BOUND('',#3297,.T.);
#3802=FACE_BOUND('',#3298,.T.);
#3803=FACE_BOUND('',#3299,.T.);
#3804=FACE_BOUND('',#3300,.T.);
#3805=FACE_BOUND('',#3301,.T.);
#3806=FACE_BOUND('',#3302,.T.);
#3807=FACE_BOUND('',#3303,.T.);
#3808=FACE_BOUND('',#3304,.T.);
#3809=FACE_BOUND('',#3305,.T.);
#3810=FACE_BOUND('',#3306,.T.);
#3811=FACE_BOUND('',#47,.T.);
#3812=FACE_BOUND('',#3307,.T.);
#3813=FACE_BOUND('',#3308,.T.);
#3814=FACE_BOUND('',#3309,.T.);
#3815=FACE_BOUND('',#3310,.T.);
#3816=FACE_BOUND('',#3311,.T.);
#3817=FACE_BOUND('',#3312,.T.);
#3818=FACE_BOUND('',#3313,.T.);
#3819=FACE_BOUND('',#3314,.T.);
#3820=FACE_BOUND('',#3315,.T.);
#3821=FACE_BOUND('',#3316,.T.);
#3822=FACE_BOUND('',#3317,.T.);
#3823=FACE_BOUND('',#3318,.T.);
#3824=FACE_BOUND('',#3319,.T.);
#3825=FACE_BOUND('',#3320,.T.);
#3826=FACE_BOUND('',#3321,.T.);
#3827=FACE_BOUND('',#3322,.T.);
#3828=FACE_BOUND('',#3323,.T.);
#3829=FACE_BOUND('',#3324,.T.);
#3830=FACE_BOUND('',#3325,.T.);
#3831=FACE_BOUND('',#48,.T.);
#3832=FACE_BOUND('',#3326,.T.);
#3833=FACE_BOUND('',#3327,.T.);
#3834=FACE_BOUND('',#3328,.T.);
#3835=FACE_BOUND('',#3329,.T.);
#3836=FACE_BOUND('',#3330,.T.);
#3837=FACE_BOUND('',#3331,.T.);
#3838=FACE_BOUND('',#3332,.T.);
#3839=FACE_BOUND('',#3333,.T.);
#3840=FACE_BOUND('',#3334,.T.);
#3841=FACE_BOUND('',#3335,.T.);
#3842=FACE_BOUND('',#3336,.T.);
#3843=FACE_BOUND('',#3337,.T.);
#3844=FACE_BOUND('',#3338,.T.);
#3845=FACE_BOUND('',#3339,.T.);
#3846=FACE_BOUND('',#3340,.T.);
#3847=FACE_BOUND('',#3341,.T.);
#3848=FACE_BOUND('',#3342,.T.);
#3849=FACE_BOUND('',#3343,.T.);
#3850=FACE_BOUND('',#3344,.T.);
#3851=FACE_BOUND('',#3345,.T.);
#3852=FACE_BOUND('',#3346,.T.);
#3853=FACE_BOUND('',#3347,.T.);
#3854=FACE_BOUND('',#3348,.T.);
#3855=FACE_BOUND('',#3349,.T.);
#3856=FACE_BOUND('',#3350,.T.);
#3857=FACE_BOUND('',#3351,.T.);
#3858=FACE_BOUND('',#3352,.T.);
#3859=FACE_BOUND('',#3353,.T.);
#3860=FACE_BOUND('',#3354,.T.);
#3861=FACE_BOUND('',#3355,.T.);
#3862=FACE_BOUND('',#3356,.T.);
#3863=FACE_BOUND('',#3357,.T.);
#3864=FACE_BOUND('',#3358,.T.);
#3865=FACE_BOUND('',#3359,.T.);
#3866=FACE_BOUND('',#3360,.T.);
#3867=FACE_BOUND('',#3361,.T.);
#3868=FACE_BOUND('',#3362,.T.);
#3869=FACE_BOUND('',#3363,.T.);
#3870=FACE_BOUND('',#3364,.T.);
#3871=FACE_BOUND('',#3365,.T.);
#3872=FACE_BOUND('',#3366,.T.);
#3873=FACE_BOUND('',#3367,.T.);
#3874=FACE_BOUND('',#3368,.T.);
#3875=FACE_BOUND('',#3369,.T.);
#3876=FACE_BOUND('',#3370,.T.);
#3877=FACE_BOUND('',#3371,.T.);
#3878=FACE_BOUND('',#3372,.T.);
#3879=FACE_BOUND('',#3373,.T.);
#3880=FACE_BOUND('',#3374,.T.);
#3881=FACE_BOUND('',#3375,.T.);
#3882=FACE_BOUND('',#3376,.T.);
#3883=FACE_BOUND('',#3377,.T.);
#3884=FACE_BOUND('',#3378,.T.);
#3885=FACE_BOUND('',#3379,.T.);
#3886=FACE_BOUND('',#3380,.T.);
#3887=FACE_BOUND('',#3381,.T.);
#3888=FACE_BOUND('',#3382,.T.);
#3889=FACE_BOUND('',#3383,.T.);
#3890=FACE_BOUND('',#3384,.T.);
#3891=FACE_BOUND('',#3385,.T.);
#3892=FACE_BOUND('',#3386,.T.);
#3893=FACE_BOUND('',#3387,.T.);
#3894=FACE_BOUND('',#3388,.T.);
#3895=FACE_BOUND('',#3389,.T.);
#3896=FACE_BOUND('',#3390,.T.);
#3897=FACE_BOUND('',#3391,.T.);
#3898=FACE_BOUND('',#3392,.T.);
#3899=FACE_BOUND('',#3393,.T.);
#3900=FACE_BOUND('',#3394,.T.);
#3901=FACE_BOUND('',#3395,.T.);
#3902=FACE_BOUND('',#3396,.T.);
#3903=FACE_BOUND('',#3397,.T.);
#3904=FACE_BOUND('',#3398,.T.);
#3905=FACE_BOUND('',#3399,.T.);
#3906=FACE_BOUND('',#3400,.T.);
#3907=FACE_BOUND('',#3401,.T.);
#3908=FACE_BOUND('',#3402,.T.);
#3909=FACE_BOUND('',#3403,.T.);
#3910=FACE_BOUND('',#3404,.T.);
#3911=FACE_BOUND('',#3405,.T.);
#3912=FACE_BOUND('',#3406,.T.);
#3913=FACE_BOUND('',#3407,.T.);
#3914=FACE_BOUND('',#3408,.T.);
#3915=FACE_BOUND('',#3409,.T.);
#3916=FACE_BOUND('',#3410,.T.);
#3917=FACE_BOUND('',#3411,.T.);
#3918=FACE_BOUND('',#3412,.T.);
#3919=FACE_BOUND('',#3413,.T.);
#3920=FACE_BOUND('',#3414,.T.);
#3921=FACE_BOUND('',#3415,.T.);
#3922=FACE_BOUND('',#3416,.T.);
#3923=FACE_BOUND('',#3417,.T.);
#3924=FACE_BOUND('',#3418,.T.);
#3925=FACE_BOUND('',#3419,.T.);
#3926=FACE_BOUND('',#3420,.T.);
#3927=FACE_BOUND('',#3421,.T.);
#3928=FACE_BOUND('',#3422,.T.);
#3929=FACE_BOUND('',#3423,.T.);
#3930=FACE_BOUND('',#3424,.T.);
#3931=FACE_BOUND('',#3425,.T.);
#3932=FACE_BOUND('',#3426,.T.);
#3933=FACE_BOUND('',#3427,.T.);
#3934=FACE_BOUND('',#3428,.T.);
#3935=FACE_BOUND('',#3429,.T.);
#3936=FACE_BOUND('',#3430,.T.);
#3937=FACE_BOUND('',#3431,.T.);
#3938=FACE_BOUND('',#3432,.T.);
#3939=FACE_BOUND('',#3433,.T.);
#3940=FACE_BOUND('',#3434,.T.);
#3941=FACE_BOUND('',#3435,.T.);
#3942=FACE_BOUND('',#3436,.T.);
#3943=FACE_BOUND('',#3437,.T.);
#3944=FACE_BOUND('',#3438,.T.);
#3945=FACE_BOUND('',#3439,.T.);
#3946=FACE_BOUND('',#3440,.T.);
#3947=FACE_BOUND('',#3441,.T.);
#3948=FACE_BOUND('',#3442,.T.);
#3949=FACE_BOUND('',#3443,.T.);
#3950=FACE_BOUND('',#3444,.T.);
#3951=FACE_BOUND('',#3445,.T.);
#3952=FACE_BOUND('',#3446,.T.);
#3953=FACE_BOUND('',#3447,.T.);
#3954=FACE_BOUND('',#3448,.T.);
#3955=FACE_BOUND('',#3449,.T.);
#3956=FACE_BOUND('',#3450,.T.);
#3957=FACE_BOUND('',#3451,.T.);
#3958=FACE_BOUND('',#3452,.T.);
#3959=FACE_BOUND('',#3453,.T.);
#3960=FACE_BOUND('',#3454,.T.);
#3961=FACE_BOUND('',#3455,.T.);
#3962=FACE_BOUND('',#3456,.T.);
#3963=FACE_BOUND('',#3457,.T.);
#3964=FACE_BOUND('',#3458,.T.);
#3965=FACE_BOUND('',#3459,.T.);
#3966=FACE_BOUND('',#3460,.T.);
#3967=FACE_BOUND('',#3461,.T.);
#3968=FACE_BOUND('',#3462,.T.);
#3969=FACE_BOUND('',#3463,.T.);
#3970=FACE_BOUND('',#3464,.T.);
#3971=FACE_BOUND('',#3465,.T.);
#3972=FACE_BOUND('',#3466,.T.);
#3973=FACE_BOUND('',#3467,.T.);
#3974=FACE_BOUND('',#3468,.T.);
#3975=FACE_BOUND('',#3469,.T.);
#3976=FACE_BOUND('',#3470,.T.);
#3977=FACE_BOUND('',#3471,.T.);
#3978=FACE_BOUND('',#3472,.T.);
#3979=FACE_BOUND('',#3473,.T.);
#3980=FACE_BOUND('',#3474,.T.);
#3981=FACE_BOUND('',#3475,.T.);
#3982=FACE_BOUND('',#3476,.T.);
#3983=FACE_BOUND('',#3477,.T.);
#3984=FACE_BOUND('',#3478,.T.);
#3985=FACE_BOUND('',#3479,.T.);
#3986=FACE_BOUND('',#3480,.T.);
#3987=FACE_BOUND('',#3481,.T.);
#3988=FACE_BOUND('',#3482,.T.);
#3989=FACE_BOUND('',#3483,.T.);
#3990=FACE_BOUND('',#3484,.T.);
#3991=FACE_BOUND('',#3485,.T.);
#3992=FACE_BOUND('',#3486,.T.);
#3993=FACE_BOUND('',#3487,.T.);
#3994=FACE_BOUND('',#3488,.T.);
#3995=FACE_BOUND('',#3489,.T.);
#3996=FACE_BOUND('',#3490,.T.);
#3997=FACE_BOUND('',#3491,.T.);
#3998=FACE_BOUND('',#3492,.T.);
#3999=FACE_BOUND('',#3493,.T.);
#4000=FACE_BOUND('',#3494,.T.);
#4001=FACE_BOUND('',#3495,.T.);
#4002=FACE_BOUND('',#3496,.T.);
#4003=FACE_BOUND('',#3497,.T.);
#4004=FACE_BOUND('',#3498,.T.);
#4005=FACE_BOUND('',#3499,.T.);
#4006=FACE_BOUND('',#3500,.T.);
#4007=FACE_BOUND('',#3501,.T.);
#4008=FACE_BOUND('',#3502,.T.);
#4009=FACE_BOUND('',#3503,.T.);
#4010=FACE_BOUND('',#3504,.T.);
#4011=FACE_BOUND('',#3505,.T.);
#4012=FACE_BOUND('',#3506,.T.);
#4013=FACE_BOUND('',#3507,.T.);
#4014=FACE_BOUND('',#3508,.T.);
#4015=FACE_BOUND('',#3509,.T.);
#4016=FACE_BOUND('',#3510,.T.);
#4017=FACE_BOUND('',#3511,.T.);
#4018=FACE_BOUND('',#3512,.T.);
#4019=FACE_BOUND('',#3513,.T.);
#4020=FACE_BOUND('',#3514,.T.);
#4021=FACE_BOUND('',#3515,.T.);
#4022=FACE_BOUND('',#3516,.T.);
#4023=FACE_BOUND('',#3517,.T.);
#4024=FACE_BOUND('',#3518,.T.);
#4025=FACE_BOUND('',#3519,.T.);
#4026=FACE_BOUND('',#3520,.T.);
#4027=FACE_BOUND('',#3521,.T.);
#4028=FACE_BOUND('',#3522,.T.);
#4029=FACE_BOUND('',#3523,.T.);
#4030=FACE_BOUND('',#3524,.T.);
#4031=FACE_BOUND('',#3525,.T.);
#4032=FACE_BOUND('',#3526,.T.);
#4033=FACE_BOUND('',#3527,.T.);
#4034=FACE_BOUND('',#3528,.T.);
#4035=FACE_BOUND('',#3529,.T.);
#4036=FACE_BOUND('',#3530,.T.);
#4037=FACE_BOUND('',#3531,.T.);
#4038=FACE_BOUND('',#3532,.T.);
#4039=FACE_BOUND('',#3533,.T.);
#4040=FACE_BOUND('',#3534,.T.);
#4041=FACE_BOUND('',#3535,.T.);
#4042=FACE_BOUND('',#3536,.T.);
#4043=FACE_BOUND('',#3537,.T.);
#4044=FACE_BOUND('',#3538,.T.);
#4045=FACE_BOUND('',#3539,.T.);
#4046=FACE_BOUND('',#3540,.T.);
#4047=FACE_BOUND('',#3541,.T.);
#4048=FACE_BOUND('',#3542,.T.);
#4049=FACE_BOUND('',#3543,.T.);
#4050=FACE_BOUND('',#3544,.T.);
#4051=FACE_BOUND('',#3545,.T.);
#4052=FACE_BOUND('',#3546,.T.);
#4053=FACE_BOUND('',#3547,.T.);
#4054=FACE_BOUND('',#3548,.T.);
#4055=FACE_BOUND('',#49,.T.);
#4056=FACE_BOUND('',#3549,.T.);
#4057=FACE_BOUND('',#3550,.T.);
#4058=FACE_BOUND('',#3551,.T.);
#4059=FACE_BOUND('',#50,.T.);
#4060=FACE_BOUND('',#3552,.T.);
#4061=FACE_BOUND('',#3553,.T.);
#4062=FACE_BOUND('',#3554,.T.);
#4063=FACE_BOUND('',#51,.T.);
#4064=FACE_BOUND('',#3555,.T.);
#4065=FACE_BOUND('',#3556,.T.);
#4066=FACE_BOUND('',#3557,.T.);
#4067=FACE_BOUND('',#52,.T.);
#4068=FACE_BOUND('',#3558,.T.);
#4069=FACE_BOUND('',#3559,.T.);
#4070=FACE_BOUND('',#3560,.T.);
#4071=FACE_BOUND('',#3561,.T.);
#4072=FACE_BOUND('',#3562,.T.);
#4073=FACE_BOUND('',#3563,.T.);
#4074=FACE_BOUND('',#3564,.T.);
#4075=FACE_BOUND('',#3565,.T.);
#4076=FACE_BOUND('',#3566,.T.);
#4077=FACE_BOUND('',#3567,.T.);
#4078=FACE_BOUND('',#3568,.T.);
#4079=FACE_BOUND('',#3569,.T.);
#4080=FACE_BOUND('',#3570,.T.);
#4081=FACE_BOUND('',#3571,.T.);
#4082=FACE_BOUND('',#3572,.T.);
#4083=FACE_BOUND('',#3573,.T.);
#4084=FACE_BOUND('',#3574,.T.);
#4085=FACE_BOUND('',#3575,.T.);
#4086=FACE_BOUND('',#3576,.T.);
#4087=FACE_BOUND('',#3577,.T.);
#4088=FACE_BOUND('',#3578,.T.);
#4089=FACE_BOUND('',#3579,.T.);
#4090=FACE_BOUND('',#3580,.T.);
#4091=FACE_BOUND('',#3581,.T.);
#4092=FACE_BOUND('',#3582,.T.);
#4093=FACE_BOUND('',#3583,.T.);
#4094=FACE_BOUND('',#3584,.T.);
#4095=FACE_BOUND('',#3585,.T.);
#4096=FACE_BOUND('',#3586,.T.);
#4097=FACE_BOUND('',#3587,.T.);
#4098=FACE_BOUND('',#3588,.T.);
#4099=FACE_BOUND('',#3589,.T.);
#4100=FACE_BOUND('',#3590,.T.);
#4101=FACE_BOUND('',#3591,.T.);
#4102=FACE_BOUND('',#3592,.T.);
#4103=FACE_BOUND('',#3593,.T.);
#4104=FACE_BOUND('',#3594,.T.);
#4105=FACE_BOUND('',#3595,.T.);
#4106=FACE_BOUND('',#3596,.T.);
#4107=FACE_BOUND('',#3597,.T.);
#4108=FACE_BOUND('',#3598,.T.);
#4109=FACE_BOUND('',#3599,.T.);
#4110=FACE_BOUND('',#3600,.T.);
#4111=FACE_BOUND('',#3601,.T.);
#4112=FACE_BOUND('',#3602,.T.);
#4113=FACE_BOUND('',#3603,.T.);
#4114=FACE_BOUND('',#3604,.T.);
#4115=FACE_BOUND('',#3605,.T.);
#4116=FACE_BOUND('',#3606,.T.);
#4117=FACE_BOUND('',#3607,.T.);
#4118=FACE_BOUND('',#3608,.T.);
#4119=FACE_BOUND('',#3609,.T.);
#4120=FACE_BOUND('',#3610,.T.);
#4121=FACE_BOUND('',#3611,.T.);
#4122=FACE_BOUND('',#3612,.T.);
#4123=FACE_BOUND('',#3613,.T.);
#4124=FACE_BOUND('',#3614,.T.);
#4125=FACE_BOUND('',#3615,.T.);
#4126=FACE_BOUND('',#3616,.T.);
#4127=FACE_BOUND('',#3617,.T.);
#4128=FACE_BOUND('',#3618,.T.);
#4129=FACE_BOUND('',#3619,.T.);
#4130=FACE_BOUND('',#3620,.T.);
#4131=FACE_BOUND('',#3621,.T.);
#4132=FACE_BOUND('',#3622,.T.);
#4133=FACE_BOUND('',#3623,.T.);
#4134=FACE_BOUND('',#3624,.T.);
#4135=FACE_BOUND('',#3625,.T.);
#4136=FACE_BOUND('',#3626,.T.);
#4137=FACE_BOUND('',#3627,.T.);
#4138=FACE_BOUND('',#3628,.T.);
#4139=FACE_BOUND('',#3629,.T.);
#4140=FACE_BOUND('',#3630,.T.);
#4141=FACE_BOUND('',#3631,.T.);
#4142=FACE_BOUND('',#3632,.T.);
#4143=FACE_BOUND('',#3633,.T.);
#4144=FACE_BOUND('',#3634,.T.);
#4145=FACE_BOUND('',#3635,.T.);
#4146=FACE_BOUND('',#3636,.T.);
#4147=FACE_BOUND('',#3637,.T.);
#4148=FACE_BOUND('',#3638,.T.);
#4149=FACE_BOUND('',#3639,.T.);
#4150=FACE_BOUND('',#3640,.T.);
#4151=FACE_BOUND('',#3641,.T.);
#4152=FACE_BOUND('',#3642,.T.);
#4153=FACE_BOUND('',#3643,.T.);
#4154=FACE_BOUND('',#3644,.T.);
#4155=FACE_BOUND('',#3645,.T.);
#4156=FACE_BOUND('',#3646,.T.);
#4157=FACE_BOUND('',#3647,.T.);
#4158=FACE_BOUND('',#3648,.T.);
#4159=FACE_BOUND('',#3649,.T.);
#4160=FACE_BOUND('',#3650,.T.);
#4161=CYLINDRICAL_SURFACE('',#4999,0.002);
#4162=CYLINDRICAL_SURFACE('',#5007,0.00154533666301317);
#4163=CYLINDRICAL_SURFACE('',#5021,0.0038);
#4164=CYLINDRICAL_SURFACE('',#5036,0.0005842);
#4165=CYLINDRICAL_SURFACE('',#5038,0.00198038475772931);
#4166=CYLINDRICAL_SURFACE('',#5065,0.0025);
#4167=CYLINDRICAL_SURFACE('',#5088,0.002496);
#4168=CYLINDRICAL_SURFACE('',#5097,0.002125);
#4169=CYLINDRICAL_SURFACE('',#5100,0.00125);
#4170=CYLINDRICAL_SURFACE('',#5102,0.00025);
#4171=CYLINDRICAL_SURFACE('',#5107,0.00025);
#4172=CYLINDRICAL_SURFACE('',#5111,0.00025);
#4173=CYLINDRICAL_SURFACE('',#5113,0.00025);
#4174=CYLINDRICAL_SURFACE('',#5118,0.00025);
#4175=CYLINDRICAL_SURFACE('',#5122,0.00025);
#4176=CYLINDRICAL_SURFACE('',#5124,0.00015);
#4177=CYLINDRICAL_SURFACE('',#5132,0.00015);
#4178=CYLINDRICAL_SURFACE('',#5136,0.0005);
#4179=CYLINDRICAL_SURFACE('',#5144,0.0005);
#4180=CYLINDRICAL_SURFACE('',#5150,0.002496);
#4181=CYLINDRICAL_SURFACE('',#5154,0.002496);
#4182=CYLINDRICAL_SURFACE('',#5158,0.002496);
#4183=CYLINDRICAL_SURFACE('',#5163,0.0005);
#4184=CYLINDRICAL_SURFACE('',#5167,0.0005);
#4185=CYLINDRICAL_SURFACE('',#5170,0.0005);
#4186=CYLINDRICAL_SURFACE('',#5177,0.0005);
#4187=CYLINDRICAL_SURFACE('',#5179,0.002496);
#4188=CYLINDRICAL_SURFACE('',#5184,0.0005);
#4189=CYLINDRICAL_SURFACE('',#5186,0.002906);
#4190=CYLINDRICAL_SURFACE('',#5195,0.00325);
#4191=CYLINDRICAL_SURFACE('',#5199,0.002496);
#4192=CYLINDRICAL_SURFACE('',#5201,0.0005);
#4193=CYLINDRICAL_SURFACE('',#5208,0.0005);
#4194=CYLINDRICAL_SURFACE('',#5210,0.0005);
#4195=CYLINDRICAL_SURFACE('',#5214,0.0005);
#4196=CYLINDRICAL_SURFACE('',#5216,0.0005);
#4197=CYLINDRICAL_SURFACE('',#5220,0.0005);
#4198=CYLINDRICAL_SURFACE('',#5225,0.00165);
#4199=CYLINDRICAL_SURFACE('',#5228,0.00145);
#4200=CYLINDRICAL_SURFACE('',#5230,0.00025);
#4201=CYLINDRICAL_SURFACE('',#5232,0.00025);
#4202=CYLINDRICAL_SURFACE('',#5234,0.00055);
#4203=CYLINDRICAL_SURFACE('',#5237,0.00055);
#4204=CYLINDRICAL_SURFACE('',#5242,0.0085);
#4205=CYLINDRICAL_SURFACE('',#5254,0.0042625);
#4206=CYLINDRICAL_SURFACE('',#5255,0.00477);
#4207=CYLINDRICAL_SURFACE('',#5256,0.00025);
#4208=CYLINDRICAL_SURFACE('',#5257,0.00025);
#4209=CYLINDRICAL_SURFACE('',#5259,0.0025);
#4210=CYLINDRICAL_SURFACE('',#5265,0.0043);
#4211=CYLINDRICAL_SURFACE('',#5270,0.00655);
#4212=CYLINDRICAL_SURFACE('',#5275,0.008);
#4213=CYLINDRICAL_SURFACE('',#5281,0.00655);
#4214=CYLINDRICAL_SURFACE('',#5286,0.0043);
#4215=CYLINDRICAL_SURFACE('',#5300,0.0025);
#4216=CYLINDRICAL_SURFACE('',#5306,0.0043);
#4217=CYLINDRICAL_SURFACE('',#5311,0.00655);
#4218=CYLINDRICAL_SURFACE('',#5316,0.008);
#4219=CYLINDRICAL_SURFACE('',#5322,0.00655);
#4220=CYLINDRICAL_SURFACE('',#5327,0.0043);
#4221=CYLINDRICAL_SURFACE('',#5341,0.0047625);
#4222=CYLINDRICAL_SURFACE('',#5357,0.0045);
#4223=CYLINDRICAL_SURFACE('',#5358,0.00265);
#4224=CYLINDRICAL_SURFACE('',#5366,0.00500000000000009);
#4225=CYLINDRICAL_SURFACE('',#5367,0.00250000000000005);
#4226=CYLINDRICAL_SURFACE('',#5369,0.0029);
#4227=CYLINDRICAL_SURFACE('',#5372,0.005);
#4228=CYLINDRICAL_SURFACE('',#5378,0.006);
#4229=CYLINDRICAL_SURFACE('',#5381,0.00711);
#4230=CYLINDRICAL_SURFACE('',#5417,0.018);
#4231=CYLINDRICAL_SURFACE('',#5421,0.014);
#4232=CYLINDRICAL_SURFACE('',#5437,0.002);
#4233=CYLINDRICAL_SURFACE('',#5438,0.002);
#4234=CYLINDRICAL_SURFACE('',#5439,0.0005);
#4235=CYLINDRICAL_SURFACE('',#5440,0.0005);
#4236=CYLINDRICAL_SURFACE('',#5443,0.0005);
#4237=CYLINDRICAL_SURFACE('',#5444,0.0008);
#4238=CYLINDRICAL_SURFACE('',#5445,0.0008);
#4239=CYLINDRICAL_SURFACE('',#5446,0.0008);
#4240=CYLINDRICAL_SURFACE('',#5447,0.0008);
#4241=CYLINDRICAL_SURFACE('',#5456,0.0022);
#4242=CYLINDRICAL_SURFACE('',#5457,0.0022);
#4243=CYLINDRICAL_SURFACE('',#5458,0.0012);
#4244=CYLINDRICAL_SURFACE('',#5467,0.0022);
#4245=CYLINDRICAL_SURFACE('',#5468,0.0022);
#4246=CYLINDRICAL_SURFACE('',#5469,0.0012);
#4247=CYLINDRICAL_SURFACE('',#5470,0.00025);
#4248=CYLINDRICAL_SURFACE('',#5471,0.00025);
#4249=CYLINDRICAL_SURFACE('',#5472,0.00025);
#4250=CYLINDRICAL_SURFACE('',#5473,0.00025);
#4251=CYLINDRICAL_SURFACE('',#5474,0.00025);
#4252=CYLINDRICAL_SURFACE('',#5475,0.00025);
#4253=CYLINDRICAL_SURFACE('',#5476,0.00025);
#4254=CYLINDRICAL_SURFACE('',#5477,0.00025);
#4255=CYLINDRICAL_SURFACE('',#5479,0.00250000000000005);
#4256=CYLINDRICAL_SURFACE('',#5486,0.0140000000000003);
#4257=CYLINDRICAL_SURFACE('',#5542,0.00120000000000002);
#4258=CYLINDRICAL_SURFACE('',#5545,0.00120000000000002);
#4259=CYLINDRICAL_SURFACE('',#5550,0.000800000000000017);
#4260=CYLINDRICAL_SURFACE('',#5554,0.000800000000000017);
#4261=CYLINDRICAL_SURFACE('',#5558,0.000800000000000017);
#4262=CYLINDRICAL_SURFACE('',#5561,0.000800000000000017);
#4263=CYLINDRICAL_SURFACE('',#5562,0.00100000000000002);
#4264=CYLINDRICAL_SURFACE('',#5563,0.00100000000000002);
#4265=CYLINDRICAL_SURFACE('',#5567,0.000800000000000017);
#4266=CYLINDRICAL_SURFACE('',#5569,0.00050000000000001);
#4267=CYLINDRICAL_SURFACE('',#5570,0.00050000000000001);
#4268=CYLINDRICAL_SURFACE('',#5571,0.00050000000000001);
#4269=CYLINDRICAL_SURFACE('',#5572,0.00050000000000001);
#4270=CYLINDRICAL_SURFACE('',#5573,0.00050000000000001);
#4271=CYLINDRICAL_SURFACE('',#5574,0.00050000000000001);
#4272=CYLINDRICAL_SURFACE('',#5575,0.00050000000000001);
#4273=CYLINDRICAL_SURFACE('',#5576,0.00050000000000001);
#4274=CYLINDRICAL_SURFACE('',#5577,0.00050000000000001);
#4275=CYLINDRICAL_SURFACE('',#5578,0.00050000000000001);
#4276=CYLINDRICAL_SURFACE('',#5588,0.00200000000000004);
#4277=CYLINDRICAL_SURFACE('',#5589,0.00050000000000001);
#4278=CYLINDRICAL_SURFACE('',#5592,0.00050000000000001);
#4279=CYLINDRICAL_SURFACE('',#5596,0.0014);
#4280=CYLINDRICAL_SURFACE('',#5600,0.0008);
#4281=CYLINDRICAL_SURFACE('',#5601,0.0085075);
#4282=CYLINDRICAL_SURFACE('',#5604,0.0135);
#4283=CYLINDRICAL_SURFACE('',#5607,0.0080075);
#4284=CYLINDRICAL_SURFACE('',#5612,0.0080075);
#4285=CYLINDRICAL_SURFACE('',#5625,0.0067);
#4286=CYLINDRICAL_SURFACE('',#5629,0.0071175);
#4287=CYLINDRICAL_SURFACE('',#5630,0.0008);
#4288=CYLINDRICAL_SURFACE('',#5634,0.0014);
#4289=ADVANCED_FACE('',(#3651),#4161,.T.);
#4290=ADVANCED_FACE('',(#3652,#3653),#583,.T.);
#4291=ADVANCED_FACE('',(#3654,#3655),#486,.T.);
#4292=ADVANCED_FACE('',(#3656),#480,.T.);
#4293=ADVANCED_FACE('',(#3657),#4162,.T.);
#4294=ADVANCED_FACE('',(#3658),#481,.T.);
#4295=ADVANCED_FACE('',(#3659,#3660),#468,.T.);
#4296=ADVANCED_FACE('',(#3661,#3662),#487,.F.);
#4297=ADVANCED_FACE('',(#3663,#3664),#488,.F.);
#4298=ADVANCED_FACE('',(#3665,#3666),#4163,.T.);
#4299=ADVANCED_FACE('',(#3667),#584,.F.);
#4300=ADVANCED_FACE('',(#3668),#585,.F.);
#4301=ADVANCED_FACE('',(#3669),#586,.F.);
#4302=ADVANCED_FACE('',(#3670),#587,.F.);
#4303=ADVANCED_FACE('',(#3671),#588,.F.);
#4304=ADVANCED_FACE('',(#3672),#589,.F.);
#4305=ADVANCED_FACE('',(#3673,#3674),#489,.T.);
#4306=ADVANCED_FACE('',(#3675),#490,.F.);
#4307=ADVANCED_FACE('',(#3676),#491,.F.);
#4308=ADVANCED_FACE('',(#3677),#492,.F.);
#4309=ADVANCED_FACE('',(#3678),#493,.F.);
#4310=ADVANCED_FACE('',(#3679),#494,.F.);
#4311=ADVANCED_FACE('',(#3680),#495,.F.);
#4312=ADVANCED_FACE('',(#3681,#3682),#4164,.F.);
#4313=ADVANCED_FACE('',(#3683),#482,.T.);
#4314=ADVANCED_FACE('',(#3684),#483,.T.);
#4315=ADVANCED_FACE('',(#3685),#4165,.F.);
#4316=ADVANCED_FACE('',(#3686,#3687),#496,.F.);
#4317=ADVANCED_FACE('',(#3688,#3689),#497,.T.);
#4318=ADVANCED_FACE('',(#3690),#498,.F.);
#4319=ADVANCED_FACE('',(#3691),#499,.F.);
#4320=ADVANCED_FACE('',(#3692),#500,.F.);
#4321=ADVANCED_FACE('',(#3693),#501,.F.);
#4322=ADVANCED_FACE('',(#3694),#502,.F.);
#4323=ADVANCED_FACE('',(#3695),#503,.F.);
#4324=ADVANCED_FACE('',(#3696),#4166,.F.);
#4325=ADVANCED_FACE('',(#3697),#590,.T.);
#4326=ADVANCED_FACE('',(#3698),#591,.T.);
#4327=ADVANCED_FACE('',(#3699),#592,.T.);
#4328=ADVANCED_FACE('',(#3700),#593,.T.);
#4329=ADVANCED_FACE('',(#3701),#594,.T.);
#4330=ADVANCED_FACE('',(#3702),#595,.T.);
#4331=ADVANCED_FACE('',(#3703),#596,.T.);
#4332=ADVANCED_FACE('',(#3704),#597,.T.);
#4333=ADVANCED_FACE('',(#3705),#598,.T.);
#4334=ADVANCED_FACE('',(#3706),#599,.T.);
#4335=ADVANCED_FACE('',(#3707),#600,.T.);
#4336=ADVANCED_FACE('',(#3708),#601,.T.);
#4337=ADVANCED_FACE('',(#3709),#602,.F.);
#4338=ADVANCED_FACE('',(#3710),#603,.F.);
#4339=ADVANCED_FACE('',(#3711),#504,.F.);
#4340=ADVANCED_FACE('',(#3712),#505,.T.);
#4341=ADVANCED_FACE('',(#3713),#506,.F.);
#4342=ADVANCED_FACE('',(#3714),#4167,.T.);
#4343=ADVANCED_FACE('',(#3715),#507,.T.);
#4344=ADVANCED_FACE('',(#3716),#508,.T.);
#4345=ADVANCED_FACE('',(#3717),#4168,.F.);
#4346=ADVANCED_FACE('',(#3718),#4169,.F.);
#4347=ADVANCED_FACE('',(#3719),#4170,.T.);
#4348=ADVANCED_FACE('',(#3720),#469,.T.);
#4349=ADVANCED_FACE('',(#3721),#4171,.T.);
#4350=ADVANCED_FACE('',(#3722),#65,.T.);
#4351=ADVANCED_FACE('',(#3723),#4172,.T.);
#4352=ADVANCED_FACE('',(#3724),#4173,.T.);
#4353=ADVANCED_FACE('',(#3725),#470,.T.);
#4354=ADVANCED_FACE('',(#3726),#484,.T.);
#4355=ADVANCED_FACE('',(#3727),#4174,.T.);
#4356=ADVANCED_FACE('',(#3728),#66,.F.);
#4357=ADVANCED_FACE('',(#3729),#485,.T.);
#4358=ADVANCED_FACE('',(#3730),#4175,.T.);
#4359=ADVANCED_FACE('',(#3731),#4176,.T.);
#4360=ADVANCED_FACE('',(#3732),#63,.T.);
#4361=ADVANCED_FACE('',(#3733),#67,.T.);
#4362=ADVANCED_FACE('',(#3734),#64,.T.);
#4363=ADVANCED_FACE('',(#3735),#4177,.T.);
#4364=ADVANCED_FACE('',(#3736),#471,.T.);
#4365=ADVANCED_FACE('',(#3737,#3738),#4178,.T.);
#4366=ADVANCED_FACE('',(#3739,#3740),#604,.T.);
#4367=ADVANCED_FACE('',(#3741),#472,.T.);
#4368=ADVANCED_FACE('',(#3742),#473,.T.);
#4369=ADVANCED_FACE('',(#3743,#3744),#4179,.T.);
#4370=ADVANCED_FACE('',(#3745,#3746),#605,.T.);
#4371=ADVANCED_FACE('',(#3747),#474,.T.);
#4372=ADVANCED_FACE('',(#3748,#3749),#4180,.T.);
#4373=ADVANCED_FACE('',(#3750),#509,.F.);
#4374=ADVANCED_FACE('',(#3751),#4181,.T.);
#4375=ADVANCED_FACE('',(#3752),#510,.T.);
#4376=ADVANCED_FACE('',(#3753),#4182,.T.);
#4377=ADVANCED_FACE('',(#3754),#511,.T.);
#4378=ADVANCED_FACE('',(#3755),#512,.F.);
#4379=ADVANCED_FACE('',(#3756),#4183,.F.);
#4380=ADVANCED_FACE('',(#3757),#4184,.F.);
#4381=ADVANCED_FACE('',(#3758),#4185,.F.);
#4382=ADVANCED_FACE('',(#3759),#513,.T.);
#4383=ADVANCED_FACE('',(#3760),#514,.T.);
#4384=ADVANCED_FACE('',(#3761),#4186,.F.);
#4385=ADVANCED_FACE('',(#3762),#4187,.T.);
#4386=ADVANCED_FACE('',(#3763),#515,.T.);
#4387=ADVANCED_FACE('',(#3764),#516,.F.);
#4388=ADVANCED_FACE('',(#3765),#4188,.F.);
#4389=ADVANCED_FACE('',(#3766,#3767),#4189,.T.);
#4390=ADVANCED_FACE('',(#3768),#517,.T.);
#4391=ADVANCED_FACE('',(#3769),#518,.T.);
#4392=ADVANCED_FACE('',(#3770,#3771),#519,.T.);
#4393=ADVANCED_FACE('',(#3772,#3773),#4190,.T.);
#4394=ADVANCED_FACE('',(#3774,#3775),#520,.T.);
#4395=ADVANCED_FACE('',(#3776,#3777),#4191,.T.);
#4396=ADVANCED_FACE('',(#3778),#4192,.F.);
#4397=ADVANCED_FACE('',(#3779),#475,.F.);
#4398=ADVANCED_FACE('',(#3780),#476,.F.);
#4399=ADVANCED_FACE('',(#3781),#477,.F.);
#4400=ADVANCED_FACE('',(#3782),#521,.T.);
#4401=ADVANCED_FACE('',(#3783),#522,.F.);
#4402=ADVANCED_FACE('',(#3784),#4193,.F.);
#4403=ADVANCED_FACE('',(#3785),#4194,.F.);
#4404=ADVANCED_FACE('',(#3786),#478,.F.);
#4405=ADVANCED_FACE('',(#3787),#4195,.F.);
#4406=ADVANCED_FACE('',(#3788),#4196,.F.);
#4407=ADVANCED_FACE('',(#3789),#479,.F.);
#4408=ADVANCED_FACE('',(#3790),#4197,.F.);
#4409=ADVANCED_FACE('',(#3791,#3792),#523,.F.);
#4410=ADVANCED_FACE('',(#3793,#3794),#606,.F.);
#4411=ADVANCED_FACE('',(#3795,#3796),#4198,.F.);
#4412=ADVANCED_FACE('',(#3797,#3798),#607,.F.);
#4413=ADVANCED_FACE('',(#3799,#3800),#4199,.F.);
#4414=ADVANCED_FACE('',(#3801,#3802),#44,.T.);
#4415=ADVANCED_FACE('',(#3803,#3804),#4200,.F.);
#4416=ADVANCED_FACE('',(#3805,#3806),#4201,.F.);
#4417=ADVANCED_FACE('',(#3807,#3808,#3809,#3810),#4202,.F.);
#4418=ADVANCED_FACE('',(#3811,#3812),#608,.F.);
#4419=ADVANCED_FACE('',(#3813,#3814,#3815,#3816),#4203,.F.);
#4420=ADVANCED_FACE('',(#3817,#3818),#609,.F.);
#4421=ADVANCED_FACE('',(#3819,#3820,#3821,#3822),#4204,.T.);
#4422=ADVANCED_FACE('',(#3823,#3824,#3825,#3826),#524,.F.);
#4423=ADVANCED_FACE('',(#3827,#3828,#3829,#3830),#525,.F.);
#4424=ADVANCED_FACE('',(#3831,#3832),#610,.F.);
#4425=ADVANCED_FACE('',(#3833,#3834),#526,.T.);
#4426=ADVANCED_FACE('',(#3835,#3836),#4205,.F.);
#4427=ADVANCED_FACE('',(#3837,#3838),#4206,.F.);
#4428=ADVANCED_FACE('',(#3839,#3840),#4207,.F.);
#4429=ADVANCED_FACE('',(#3841,#3842),#4208,.F.);
#4430=ADVANCED_FACE('',(#3843,#3844),#4209,.F.);
#4431=ADVANCED_FACE('',(#3845,#3846),#527,.T.);
#4432=ADVANCED_FACE('',(#3847,#3848),#4210,.T.);
#4433=ADVANCED_FACE('',(#3849,#3850),#528,.F.);
#4434=ADVANCED_FACE('',(#3851,#3852),#4211,.F.);
#4435=ADVANCED_FACE('',(#3853,#3854),#529,.T.);
#4436=ADVANCED_FACE('',(#3855,#3856),#4212,.T.);
#4437=ADVANCED_FACE('',(#3857,#3858),#530,.F.);
#4438=ADVANCED_FACE('',(#3859,#3860),#4213,.F.);
#4439=ADVANCED_FACE('',(#3861,#3862),#531,.T.);
#4440=ADVANCED_FACE('',(#3863,#3864),#4214,.T.);
#4441=ADVANCED_FACE('',(#3865,#3866),#532,.F.);
#4442=ADVANCED_FACE('',(#3867,#3868),#68,.T.);
#4443=ADVANCED_FACE('',(#3869,#3870),#69,.T.);
#4444=ADVANCED_FACE('',(#3871,#3872),#70,.T.);
#4445=ADVANCED_FACE('',(#3873,#3874),#71,.T.);
#4446=ADVANCED_FACE('',(#3875,#3876),#72,.T.);
#4447=ADVANCED_FACE('',(#3877,#3878),#73,.T.);
#4448=ADVANCED_FACE('',(#3879,#3880),#74,.T.);
#4449=ADVANCED_FACE('',(#3881,#3882),#75,.T.);
#4450=ADVANCED_FACE('',(#3883,#3884),#4215,.F.);
#4451=ADVANCED_FACE('',(#3885,#3886),#533,.T.);
#4452=ADVANCED_FACE('',(#3887,#3888),#4216,.T.);
#4453=ADVANCED_FACE('',(#3889,#3890),#534,.F.);
#4454=ADVANCED_FACE('',(#3891,#3892),#4217,.F.);
#4455=ADVANCED_FACE('',(#3893,#3894),#535,.T.);
#4456=ADVANCED_FACE('',(#3895,#3896),#4218,.T.);
#4457=ADVANCED_FACE('',(#3897,#3898),#536,.F.);
#4458=ADVANCED_FACE('',(#3899,#3900),#4219,.F.);
#4459=ADVANCED_FACE('',(#3901,#3902),#537,.T.);
#4460=ADVANCED_FACE('',(#3903,#3904),#4220,.T.);
#4461=ADVANCED_FACE('',(#3905,#3906),#538,.F.);
#4462=ADVANCED_FACE('',(#3907,#3908),#76,.T.);
#4463=ADVANCED_FACE('',(#3909,#3910),#77,.T.);
#4464=ADVANCED_FACE('',(#3911,#3912),#78,.T.);
#4465=ADVANCED_FACE('',(#3913,#3914),#79,.T.);
#4466=ADVANCED_FACE('',(#3915,#3916),#80,.T.);
#4467=ADVANCED_FACE('',(#3917,#3918),#81,.T.);
#4468=ADVANCED_FACE('',(#3919,#3920),#82,.T.);
#4469=ADVANCED_FACE('',(#3921,#3922),#83,.T.);
#4470=ADVANCED_FACE('',(#3923,#3924),#4221,.T.);
#4471=ADVANCED_FACE('',(#3925),#539,.T.);
#4472=ADVANCED_FACE('',(#3926),#540,.F.);
#4473=ADVANCED_FACE('',(#3927,#3928),#84,.T.);
#4474=ADVANCED_FACE('',(#3929,#3930),#85,.T.);
#4475=ADVANCED_FACE('',(#3931,#3932),#541,.T.);
#4476=ADVANCED_FACE('',(#3933,#3934),#542,.F.);
#4477=ADVANCED_FACE('',(#3935,#3936),#4222,.T.);
#4478=ADVANCED_FACE('',(#3937,#3938),#4223,.F.);
#4479=ADVANCED_FACE('',(#3939,#3940),#543,.T.);
#4480=ADVANCED_FACE('',(#3941,#3942),#544,.F.);
#4481=ADVANCED_FACE('',(#3943,#3944),#4224,.T.);
#4482=ADVANCED_FACE('',(#3945,#3946),#4225,.F.);
#4483=ADVANCED_FACE('',(#3947,#3948),#4226,.F.);
#4484=ADVANCED_FACE('',(#3949,#3950),#4227,.T.);
#4485=ADVANCED_FACE('',(#3951,#3952),#545,.T.);
#4486=ADVANCED_FACE('',(#3953,#3954),#546,.F.);
#4487=ADVANCED_FACE('',(#3955,#3956),#4228,.F.);
#4488=ADVANCED_FACE('',(#3957,#3958),#4229,.T.);
#4489=ADVANCED_FACE('',(#3959,#3960),#547,.T.);
#4490=ADVANCED_FACE('',(#3961,#3962),#548,.F.);
#4491=ADVANCED_FACE('',(#3963,#3964,#3965),#549,.F.);
#4492=ADVANCED_FACE('',(#3966,#3967,#3968),#550,.F.);
#4493=ADVANCED_FACE('',(#3969,#3970,#3971),#551,.F.);
#4494=ADVANCED_FACE('',(#3972),#4230,.T.);
#4495=ADVANCED_FACE('',(#3973),#4231,.F.);
#4496=ADVANCED_FACE('',(#3974,#3975,#3976,#3977,#3978,#3979,#3980,#3981,
#3982),#552,.T.);
#4497=ADVANCED_FACE('',(#3983),#4232,.T.);
#4498=ADVANCED_FACE('',(#3984),#4233,.T.);
#4499=ADVANCED_FACE('',(#3985,#3986),#4234,.F.);
#4500=ADVANCED_FACE('',(#3987),#4235,.F.);
#4501=ADVANCED_FACE('',(#3988),#553,.T.);
#4502=ADVANCED_FACE('',(#3989),#554,.F.);
#4503=ADVANCED_FACE('',(#3990),#4236,.F.);
#4504=ADVANCED_FACE('',(#3991,#3992),#4237,.F.);
#4505=ADVANCED_FACE('',(#3993,#3994),#4238,.F.);
#4506=ADVANCED_FACE('',(#3995,#3996),#4239,.F.);
#4507=ADVANCED_FACE('',(#3997,#3998),#4240,.F.);
#4508=ADVANCED_FACE('',(#3999,#4000),#555,.T.);
#4509=ADVANCED_FACE('',(#4001),#4241,.F.);
#4510=ADVANCED_FACE('',(#4002),#4242,.F.);
#4511=ADVANCED_FACE('',(#4003,#4004),#4243,.F.);
#4512=ADVANCED_FACE('',(#4005,#4006),#556,.T.);
#4513=ADVANCED_FACE('',(#4007),#4244,.F.);
#4514=ADVANCED_FACE('',(#4008),#4245,.F.);
#4515=ADVANCED_FACE('',(#4009,#4010),#4246,.F.);
#4516=ADVANCED_FACE('',(#4011),#4247,.T.);
#4517=ADVANCED_FACE('',(#4012),#4248,.T.);
#4518=ADVANCED_FACE('',(#4013),#4249,.T.);
#4519=ADVANCED_FACE('',(#4014),#4250,.T.);
#4520=ADVANCED_FACE('',(#4015),#4251,.T.);
#4521=ADVANCED_FACE('',(#4016),#4252,.T.);
#4522=ADVANCED_FACE('',(#4017),#4253,.T.);
#4523=ADVANCED_FACE('',(#4018),#4254,.T.);
#4524=ADVANCED_FACE('',(#4019,#4020,#4021),#4255,.F.);
#4525=ADVANCED_FACE('',(#4022),#557,.F.);
#4526=ADVANCED_FACE('',(#4023),#558,.T.);
#4527=ADVANCED_FACE('',(#4024),#4256,.F.);
#4528=ADVANCED_FACE('',(#4025,#4026,#4027),#559,.F.);
#4529=ADVANCED_FACE('',(#4028),#560,.F.);
#4530=ADVANCED_FACE('',(#4029,#4030,#4031,#4032,#4033),#561,.T.);
#4531=ADVANCED_FACE('',(#4034),#562,.F.);
#4532=ADVANCED_FACE('',(#4035),#563,.F.);
#4533=ADVANCED_FACE('',(#4036),#564,.T.);
#4534=ADVANCED_FACE('',(#4037),#565,.T.);
#4535=ADVANCED_FACE('',(#4038),#566,.F.);
#4536=ADVANCED_FACE('',(#4039,#4040,#4041,#4042,#4043),#567,.T.);
#4537=ADVANCED_FACE('',(#4044),#568,.T.);
#4538=ADVANCED_FACE('',(#4045,#4046),#569,.F.);
#4539=ADVANCED_FACE('',(#4047,#4048),#570,.T.);
#4540=ADVANCED_FACE('',(#4049,#4050),#571,.F.);
#4541=ADVANCED_FACE('',(#4051,#4052),#4257,.F.);
#4542=ADVANCED_FACE('',(#4053,#4054),#4258,.F.);
#4543=ADVANCED_FACE('',(#4055,#4056),#611,.F.);
#4544=ADVANCED_FACE('',(#4057,#4058),#4259,.F.);
#4545=ADVANCED_FACE('',(#4059,#4060),#612,.F.);
#4546=ADVANCED_FACE('',(#4061,#4062),#4260,.F.);
#4547=ADVANCED_FACE('',(#4063,#4064),#613,.F.);
#4548=ADVANCED_FACE('',(#4065,#4066),#4261,.F.);
#4549=ADVANCED_FACE('',(#4067,#4068),#614,.F.);
#4550=ADVANCED_FACE('',(#4069,#4070),#4262,.F.);
#4551=ADVANCED_FACE('',(#4071),#4263,.T.);
#4552=ADVANCED_FACE('',(#4072),#4264,.T.);
#4553=ADVANCED_FACE('',(#4073),#86,.F.);
#4554=ADVANCED_FACE('',(#4074),#572,.F.);
#4555=ADVANCED_FACE('',(#4075),#573,.T.);
#4556=ADVANCED_FACE('',(#4076,#4077),#4265,.F.);
#4557=ADVANCED_FACE('',(#4078),#4266,.T.);
#4558=ADVANCED_FACE('',(#4079),#4267,.T.);
#4559=ADVANCED_FACE('',(#4080),#4268,.T.);
#4560=ADVANCED_FACE('',(#4081),#4269,.T.);
#4561=ADVANCED_FACE('',(#4082),#4270,.T.);
#4562=ADVANCED_FACE('',(#4083),#4271,.T.);
#4563=ADVANCED_FACE('',(#4084),#4272,.T.);
#4564=ADVANCED_FACE('',(#4085),#4273,.T.);
#4565=ADVANCED_FACE('',(#4086),#4274,.T.);
#4566=ADVANCED_FACE('',(#4087),#4275,.T.);
#4567=ADVANCED_FACE('',(#4088,#4089),#615,.F.);
#4568=ADVANCED_FACE('',(#4090,#4091),#616,.F.);
#4569=ADVANCED_FACE('',(#4092,#4093),#617,.F.);
#4570=ADVANCED_FACE('',(#4094,#4095),#618,.F.);
#4571=ADVANCED_FACE('',(#4096,#4097),#619,.F.);
#4572=ADVANCED_FACE('',(#4098,#4099),#620,.F.);
#4573=ADVANCED_FACE('',(#4100,#4101),#621,.F.);
#4574=ADVANCED_FACE('',(#4102,#4103),#622,.F.);
#4575=ADVANCED_FACE('',(#4104,#4105),#623,.F.);
#4576=ADVANCED_FACE('',(#4106),#4276,.F.);
#4577=ADVANCED_FACE('',(#4107,#4108),#4277,.F.);
#4578=ADVANCED_FACE('',(#4109),#574,.T.);
#4579=ADVANCED_FACE('',(#4110,#4111),#4278,.F.);
#4580=ADVANCED_FACE('',(#4112),#575,.T.);
#4581=ADVANCED_FACE('',(#4113,#4114),#4279,.F.);
#4582=ADVANCED_FACE('',(#4115,#4116),#576,.T.);
#4583=ADVANCED_FACE('',(#4117,#4118),#4280,.F.);
#4584=ADVANCED_FACE('',(#4119,#4120,#4121,#4122),#4281,.F.);
#4585=ADVANCED_FACE('',(#4123,#4124,#4125,#4126),#4282,.T.);
#4586=ADVANCED_FACE('',(#4127,#4128),#4283,.F.);
#4587=ADVANCED_FACE('',(#4129,#4130),#577,.F.);
#4588=ADVANCED_FACE('',(#4131,#4132),#4284,.F.);
#4589=ADVANCED_FACE('',(#4133,#4134),#624,.F.);
#4590=ADVANCED_FACE('',(#4135,#4136),#625,.T.);
#4591=ADVANCED_FACE('',(#4137,#4138),#578,.T.);
#4592=ADVANCED_FACE('',(#4139,#4140),#579,.F.);
#4593=ADVANCED_FACE('',(#4141,#4142),#580,.F.);
#4594=ADVANCED_FACE('',(#4143,#4144),#4285,.F.);
#4595=ADVANCED_FACE('',(#4145,#4146),#581,.F.);
#4596=ADVANCED_FACE('',(#4147,#4148),#4286,.F.);
#4597=ADVANCED_FACE('',(#4149,#4150),#4287,.F.);
#4598=ADVANCED_FACE('',(#4151,#4152),#582,.T.);
#4599=ADVANCED_FACE('',(#4153,#4154),#4288,.F.);
#4600=ADVANCED_FACE('',(#4155,#4156),#87,.F.);
#4601=ADVANCED_FACE('',(#4157,#4158),#88,.F.);
#4602=ADVANCED_FACE('',(#4159,#4160),#89,.F.);
#4603=CLOSED_SHELL('',(#4289,#4290,#4291,#4292,#4293,#4294,#4295,#4296,
#4297,#4298,#4299,#4300,#4301,#4302,#4303,#4304,#4305,#4306,#4307,#4308,
#4309,#4310,#4311,#4312));
#4604=CLOSED_SHELL('',(#4313,#4314,#4315,#4316,#4317,#4318,#4319,#4320,
#4321,#4322,#4323,#4324,#4325,#4326,#4327,#4328,#4329,#4330,#4331,#4332,
#4333,#4334,#4335,#4336,#4337,#4338));
#4605=CLOSED_SHELL('',(#4339,#4340,#4341,#4342,#4343,#4344,#4345,#4346,
#4347,#4348,#4349,#4350,#4351,#4352,#4353,#4354,#4355,#4356,#4357,#4358,
#4359,#4360,#4361,#4362,#4363));
#4606=CLOSED_SHELL('',(#4364,#4365,#4366,#4367));
#4607=CLOSED_SHELL('',(#4368,#4369,#4370,#4371));
#4608=CLOSED_SHELL('',(#4372,#4373,#4374,#4375,#4376,#4377,#4378,#4379,
#4380,#4381,#4382,#4383,#4384,#4385,#4386,#4387,#4388,#4389,#4390,#4391,
#4392,#4393,#4394,#4395,#4396,#4397,#4398,#4399,#4400,#4401,#4402,#4403,
#4404,#4405,#4406,#4407,#4408,#4409,#4410,#4411,#4412,#4413,#4414));
#4609=CLOSED_SHELL('',(#4415,#4416,#4417,#4418,#4419,#4420,#4421,#4422,
#4423,#4424,#4425,#4426,#4427,#4428,#4429));
#4610=CLOSED_SHELL('',(#4430,#4431,#4432,#4433,#4434,#4435,#4436,#4437,
#4438,#4439,#4440,#4441,#4442,#4443,#4444,#4445,#4446,#4447,#4448,#4449));
#4611=CLOSED_SHELL('',(#4450,#4451,#4452,#4453,#4454,#4455,#4456,#4457,
#4458,#4459,#4460,#4461,#4462,#4463,#4464,#4465,#4466,#4467,#4468,#4469));
#4612=CLOSED_SHELL('',(#4470,#4471,#4472,#4473,#4474));
#4613=CLOSED_SHELL('',(#4475,#4476,#4477,#4478));
#4614=CLOSED_SHELL('',(#4479,#4480,#4481,#4482));
#4615=CLOSED_SHELL('',(#4483,#4484,#4485,#4486));
#4616=CLOSED_SHELL('',(#4487,#4488,#4489,#4490));
#4617=CLOSED_SHELL('',(#4491,#4492,#4493,#4494,#4495,#4496,#4497,#4498,
#4499,#4500,#4501,#4502,#4503,#4504,#4505,#4506,#4507,#4508,#4509,#4510,
#4511,#4512,#4513,#4514,#4515,#4516,#4517,#4518,#4519,#4520,#4521,#4522,
#4523));
#4618=CLOSED_SHELL('',(#4524,#4525,#4526,#4527,#4528,#4529,#4530,#4531,
#4532,#4533,#4534,#4535,#4536,#4537,#4538,#4539,#4540,#4541,#4542,#4543,
#4544,#4545,#4546,#4547,#4548,#4549,#4550,#4551,#4552,#4553,#4554,#4555,
#4556,#4557,#4558,#4559,#4560,#4561,#4562,#4563,#4564,#4565,#4566,#4567,
#4568,#4569,#4570,#4571,#4572,#4573,#4574,#4575,#4576,#4577,#4578,#4579,
#4580));
#4619=CLOSED_SHELL('',(#4581,#4582,#4583,#4584,#4585,#4586,#4587,#4588,
#4589,#4590,#4591,#4592,#4593,#4594,#4595,#4596,#4597,#4598,#4599,#4600,
#4601,#4602));
#4620=STYLED_ITEM('',(#4637),#4947);
#4621=STYLED_ITEM('',(#4638),#4948);
#4622=STYLED_ITEM('',(#4639),#4949);
#4623=STYLED_ITEM('',(#4640),#4950);
#4624=STYLED_ITEM('',(#4641),#4951);
#4625=STYLED_ITEM('',(#4642),#4952);
#4626=STYLED_ITEM('',(#4643),#4953);
#4627=STYLED_ITEM('',(#4644),#4954);
#4628=STYLED_ITEM('',(#4645),#4955);
#4629=STYLED_ITEM('',(#4646),#4956);
#4630=STYLED_ITEM('',(#4647),#4957);
#4631=STYLED_ITEM('',(#4648),#4958);
#4632=STYLED_ITEM('',(#4649),#4959);
#4633=STYLED_ITEM('',(#4650),#4960);
#4634=STYLED_ITEM('',(#4651),#4961);
#4635=STYLED_ITEM('',(#4685),#4962);
#4636=STYLED_ITEM('',(#4686),#4963);
#4637=PRESENTATION_STYLE_ASSIGNMENT((#4687));
#4638=PRESENTATION_STYLE_ASSIGNMENT((#4688));
#4639=PRESENTATION_STYLE_ASSIGNMENT((#4689));
#4640=PRESENTATION_STYLE_ASSIGNMENT((#4690));
#4641=PRESENTATION_STYLE_ASSIGNMENT((#4691));
#4642=PRESENTATION_STYLE_ASSIGNMENT((#4692));
#4643=PRESENTATION_STYLE_ASSIGNMENT((#4693));
#4644=PRESENTATION_STYLE_ASSIGNMENT((#4694));
#4645=PRESENTATION_STYLE_ASSIGNMENT((#4695));
#4646=PRESENTATION_STYLE_ASSIGNMENT((#4696));
#4647=PRESENTATION_STYLE_ASSIGNMENT((#4697));
#4648=PRESENTATION_STYLE_ASSIGNMENT((#4698));
#4649=PRESENTATION_STYLE_ASSIGNMENT((#4699));
#4650=PRESENTATION_STYLE_ASSIGNMENT((#4700));
#4651=PRESENTATION_STYLE_ASSIGNMENT((#4701));
#4652=PRESENTATION_STYLE_ASSIGNMENT((#4702));
#4653=PRESENTATION_STYLE_ASSIGNMENT((#4703));
#4654=PRESENTATION_STYLE_ASSIGNMENT((#4704));
#4655=PRESENTATION_STYLE_ASSIGNMENT((#4705));
#4656=PRESENTATION_STYLE_ASSIGNMENT((#4706));
#4657=PRESENTATION_STYLE_ASSIGNMENT((#4707));
#4658=PRESENTATION_STYLE_ASSIGNMENT((#4708));
#4659=PRESENTATION_STYLE_ASSIGNMENT((#4709));
#4660=PRESENTATION_STYLE_ASSIGNMENT((#4710));
#4661=PRESENTATION_STYLE_ASSIGNMENT((#4711));
#4662=PRESENTATION_STYLE_ASSIGNMENT((#4712));
#4663=PRESENTATION_STYLE_ASSIGNMENT((#4713));
#4664=PRESENTATION_STYLE_ASSIGNMENT((#4714));
#4665=PRESENTATION_STYLE_ASSIGNMENT((#4715));
#4666=PRESENTATION_STYLE_ASSIGNMENT((#4716));
#4667=PRESENTATION_STYLE_ASSIGNMENT((#4717));
#4668=PRESENTATION_STYLE_ASSIGNMENT((#4718));
#4669=PRESENTATION_STYLE_ASSIGNMENT((#4719));
#4670=PRESENTATION_STYLE_ASSIGNMENT((#4720));
#4671=PRESENTATION_STYLE_ASSIGNMENT((#4721));
#4672=PRESENTATION_STYLE_ASSIGNMENT((#4722));
#4673=PRESENTATION_STYLE_ASSIGNMENT((#4723));
#4674=PRESENTATION_STYLE_ASSIGNMENT((#4724));
#4675=PRESENTATION_STYLE_ASSIGNMENT((#4725));
#4676=PRESENTATION_STYLE_ASSIGNMENT((#4726));
#4677=PRESENTATION_STYLE_ASSIGNMENT((#4727));
#4678=PRESENTATION_STYLE_ASSIGNMENT((#4728));
#4679=PRESENTATION_STYLE_ASSIGNMENT((#4729));
#4680=PRESENTATION_STYLE_ASSIGNMENT((#4730));
#4681=PRESENTATION_STYLE_ASSIGNMENT((#4731));
#4682=PRESENTATION_STYLE_ASSIGNMENT((#4732));
#4683=PRESENTATION_STYLE_ASSIGNMENT((#4733));
#4684=PRESENTATION_STYLE_ASSIGNMENT((#4734));
#4685=PRESENTATION_STYLE_ASSIGNMENT((#4735));
#4686=PRESENTATION_STYLE_ASSIGNMENT((#4736));
#4687=SURFACE_STYLE_USAGE(.BOTH.,#4737);
#4688=SURFACE_STYLE_USAGE(.BOTH.,#4738);
#4689=SURFACE_STYLE_USAGE(.BOTH.,#4739);
#4690=SURFACE_STYLE_USAGE(.BOTH.,#4740);
#4691=SURFACE_STYLE_USAGE(.BOTH.,#4741);
#4692=SURFACE_STYLE_USAGE(.BOTH.,#4742);
#4693=SURFACE_STYLE_USAGE(.BOTH.,#4743);
#4694=SURFACE_STYLE_USAGE(.BOTH.,#4744);
#4695=SURFACE_STYLE_USAGE(.BOTH.,#4745);
#4696=SURFACE_STYLE_USAGE(.BOTH.,#4746);
#4697=SURFACE_STYLE_USAGE(.BOTH.,#4747);
#4698=SURFACE_STYLE_USAGE(.BOTH.,#4748);
#4699=SURFACE_STYLE_USAGE(.BOTH.,#4749);
#4700=SURFACE_STYLE_USAGE(.BOTH.,#4750);
#4701=SURFACE_STYLE_USAGE(.BOTH.,#4751);
#4702=SURFACE_STYLE_USAGE(.BOTH.,#4752);
#4703=SURFACE_STYLE_USAGE(.BOTH.,#4753);
#4704=SURFACE_STYLE_USAGE(.BOTH.,#4754);
#4705=SURFACE_STYLE_USAGE(.BOTH.,#4755);
#4706=SURFACE_STYLE_USAGE(.BOTH.,#4756);
#4707=SURFACE_STYLE_USAGE(.BOTH.,#4757);
#4708=SURFACE_STYLE_USAGE(.BOTH.,#4758);
#4709=SURFACE_STYLE_USAGE(.BOTH.,#4759);
#4710=SURFACE_STYLE_USAGE(.BOTH.,#4760);
#4711=SURFACE_STYLE_USAGE(.BOTH.,#4761);
#4712=SURFACE_STYLE_USAGE(.BOTH.,#4762);
#4713=SURFACE_STYLE_USAGE(.BOTH.,#4763);
#4714=SURFACE_STYLE_USAGE(.BOTH.,#4764);
#4715=SURFACE_STYLE_USAGE(.BOTH.,#4765);
#4716=SURFACE_STYLE_USAGE(.BOTH.,#4766);
#4717=SURFACE_STYLE_USAGE(.BOTH.,#4767);
#4718=SURFACE_STYLE_USAGE(.BOTH.,#4768);
#4719=SURFACE_STYLE_USAGE(.BOTH.,#4769);
#4720=SURFACE_STYLE_USAGE(.BOTH.,#4770);
#4721=SURFACE_STYLE_USAGE(.BOTH.,#4771);
#4722=SURFACE_STYLE_USAGE(.BOTH.,#4772);
#4723=SURFACE_STYLE_USAGE(.BOTH.,#4773);
#4724=SURFACE_STYLE_USAGE(.BOTH.,#4774);
#4725=SURFACE_STYLE_USAGE(.BOTH.,#4775);
#4726=SURFACE_STYLE_USAGE(.BOTH.,#4776);
#4727=SURFACE_STYLE_USAGE(.BOTH.,#4777);
#4728=SURFACE_STYLE_USAGE(.BOTH.,#4778);
#4729=SURFACE_STYLE_USAGE(.BOTH.,#4779);
#4730=SURFACE_STYLE_USAGE(.BOTH.,#4780);
#4731=SURFACE_STYLE_USAGE(.BOTH.,#4781);
#4732=SURFACE_STYLE_USAGE(.BOTH.,#4782);
#4733=SURFACE_STYLE_USAGE(.BOTH.,#4783);
#4734=SURFACE_STYLE_USAGE(.BOTH.,#4784);
#4735=SURFACE_STYLE_USAGE(.BOTH.,#4785);
#4736=SURFACE_STYLE_USAGE(.BOTH.,#4786);
#4737=SURFACE_SIDE_STYLE('',(#4787));
#4738=SURFACE_SIDE_STYLE('',(#4788));
#4739=SURFACE_SIDE_STYLE('',(#4789));
#4740=SURFACE_SIDE_STYLE('',(#4790));
#4741=SURFACE_SIDE_STYLE('',(#4791));
#4742=SURFACE_SIDE_STYLE('',(#4792));
#4743=SURFACE_SIDE_STYLE('',(#4793));
#4744=SURFACE_SIDE_STYLE('',(#4794));
#4745=SURFACE_SIDE_STYLE('',(#4795));
#4746=SURFACE_SIDE_STYLE('',(#4796));
#4747=SURFACE_SIDE_STYLE('',(#4797));
#4748=SURFACE_SIDE_STYLE('',(#4798));
#4749=SURFACE_SIDE_STYLE('',(#4799));
#4750=SURFACE_SIDE_STYLE('',(#4800));
#4751=SURFACE_SIDE_STYLE('',(#4801));
#4752=SURFACE_SIDE_STYLE('',(#4802));
#4753=SURFACE_SIDE_STYLE('',(#4803));
#4754=SURFACE_SIDE_STYLE('',(#4804));
#4755=SURFACE_SIDE_STYLE('',(#4805));
#4756=SURFACE_SIDE_STYLE('',(#4806));
#4757=SURFACE_SIDE_STYLE('',(#4807));
#4758=SURFACE_SIDE_STYLE('',(#4808));
#4759=SURFACE_SIDE_STYLE('',(#4809));
#4760=SURFACE_SIDE_STYLE('',(#4810));
#4761=SURFACE_SIDE_STYLE('',(#4811));
#4762=SURFACE_SIDE_STYLE('',(#4812));
#4763=SURFACE_SIDE_STYLE('',(#4813));
#4764=SURFACE_SIDE_STYLE('',(#4814));
#4765=SURFACE_SIDE_STYLE('',(#4815));
#4766=SURFACE_SIDE_STYLE('',(#4816));
#4767=SURFACE_SIDE_STYLE('',(#4817));
#4768=SURFACE_SIDE_STYLE('',(#4818));
#4769=SURFACE_SIDE_STYLE('',(#4819));
#4770=SURFACE_SIDE_STYLE('',(#4820));
#4771=SURFACE_SIDE_STYLE('',(#4821));
#4772=SURFACE_SIDE_STYLE('',(#4822));
#4773=SURFACE_SIDE_STYLE('',(#4823));
#4774=SURFACE_SIDE_STYLE('',(#4824));
#4775=SURFACE_SIDE_STYLE('',(#4825));
#4776=SURFACE_SIDE_STYLE('',(#4826));
#4777=SURFACE_SIDE_STYLE('',(#4827));
#4778=SURFACE_SIDE_STYLE('',(#4828));
#4779=SURFACE_SIDE_STYLE('',(#4829));
#4780=SURFACE_SIDE_STYLE('',(#4830));
#4781=SURFACE_SIDE_STYLE('',(#4831));
#4782=SURFACE_SIDE_STYLE('',(#4832));
#4783=SURFACE_SIDE_STYLE('',(#4833));
#4784=SURFACE_SIDE_STYLE('',(#4834));
#4785=SURFACE_SIDE_STYLE('',(#4835));
#4786=SURFACE_SIDE_STYLE('',(#4836));
#4787=SURFACE_STYLE_FILL_AREA(#4837);
#4788=SURFACE_STYLE_FILL_AREA(#4838);
#4789=SURFACE_STYLE_FILL_AREA(#4839);
#4790=SURFACE_STYLE_FILL_AREA(#4840);
#4791=SURFACE_STYLE_FILL_AREA(#4841);
#4792=SURFACE_STYLE_FILL_AREA(#4842);
#4793=SURFACE_STYLE_FILL_AREA(#4843);
#4794=SURFACE_STYLE_FILL_AREA(#4844);
#4795=SURFACE_STYLE_FILL_AREA(#4845);
#4796=SURFACE_STYLE_FILL_AREA(#4846);
#4797=SURFACE_STYLE_FILL_AREA(#4847);
#4798=SURFACE_STYLE_FILL_AREA(#4848);
#4799=SURFACE_STYLE_FILL_AREA(#4849);
#4800=SURFACE_STYLE_FILL_AREA(#4850);
#4801=SURFACE_STYLE_FILL_AREA(#4851);
#4802=SURFACE_STYLE_FILL_AREA(#4852);
#4803=SURFACE_STYLE_FILL_AREA(#4853);
#4804=SURFACE_STYLE_FILL_AREA(#4854);
#4805=SURFACE_STYLE_FILL_AREA(#4855);
#4806=SURFACE_STYLE_FILL_AREA(#4856);
#4807=SURFACE_STYLE_FILL_AREA(#4857);
#4808=SURFACE_STYLE_FILL_AREA(#4858);
#4809=SURFACE_STYLE_FILL_AREA(#4859);
#4810=SURFACE_STYLE_FILL_AREA(#4860);
#4811=SURFACE_STYLE_FILL_AREA(#4861);
#4812=SURFACE_STYLE_FILL_AREA(#4862);
#4813=SURFACE_STYLE_FILL_AREA(#4863);
#4814=SURFACE_STYLE_FILL_AREA(#4864);
#4815=SURFACE_STYLE_FILL_AREA(#4865);
#4816=SURFACE_STYLE_FILL_AREA(#4866);
#4817=SURFACE_STYLE_FILL_AREA(#4867);
#4818=SURFACE_STYLE_FILL_AREA(#4868);
#4819=SURFACE_STYLE_FILL_AREA(#4869);
#4820=SURFACE_STYLE_FILL_AREA(#4870);
#4821=SURFACE_STYLE_FILL_AREA(#4871);
#4822=SURFACE_STYLE_FILL_AREA(#4872);
#4823=SURFACE_STYLE_FILL_AREA(#4873);
#4824=SURFACE_STYLE_FILL_AREA(#4874);
#4825=SURFACE_STYLE_FILL_AREA(#4875);
#4826=SURFACE_STYLE_FILL_AREA(#4876);
#4827=SURFACE_STYLE_FILL_AREA(#4877);
#4828=SURFACE_STYLE_FILL_AREA(#4878);
#4829=SURFACE_STYLE_FILL_AREA(#4879);
#4830=SURFACE_STYLE_FILL_AREA(#4880);
#4831=SURFACE_STYLE_FILL_AREA(#4881);
#4832=SURFACE_STYLE_FILL_AREA(#4882);
#4833=SURFACE_STYLE_FILL_AREA(#4883);
#4834=SURFACE_STYLE_FILL_AREA(#4884);
#4835=SURFACE_STYLE_FILL_AREA(#4885);
#4836=SURFACE_STYLE_FILL_AREA(#4886);
#4837=FILL_AREA_STYLE('',(#4887));
#4838=FILL_AREA_STYLE('',(#4888));
#4839=FILL_AREA_STYLE('',(#4889));
#4840=FILL_AREA_STYLE('',(#4890));
#4841=FILL_AREA_STYLE('',(#4891));
#4842=FILL_AREA_STYLE('',(#4892));
#4843=FILL_AREA_STYLE('',(#4893));
#4844=FILL_AREA_STYLE('',(#4894));
#4845=FILL_AREA_STYLE('',(#4895));
#4846=FILL_AREA_STYLE('',(#4896));
#4847=FILL_AREA_STYLE('',(#4897));
#4848=FILL_AREA_STYLE('',(#4898));
#4849=FILL_AREA_STYLE('',(#4899));
#4850=FILL_AREA_STYLE('',(#4900));
#4851=FILL_AREA_STYLE('',(#4901));
#4852=FILL_AREA_STYLE('',(#4902));
#4853=FILL_AREA_STYLE('',(#4903));
#4854=FILL_AREA_STYLE('',(#4904));
#4855=FILL_AREA_STYLE('',(#4905));
#4856=FILL_AREA_STYLE('',(#4906));
#4857=FILL_AREA_STYLE('',(#4907));
#4858=FILL_AREA_STYLE('',(#4908));
#4859=FILL_AREA_STYLE('',(#4909));
#4860=FILL_AREA_STYLE('',(#4910));
#4861=FILL_AREA_STYLE('',(#4911));
#4862=FILL_AREA_STYLE('',(#4912));
#4863=FILL_AREA_STYLE('',(#4913));
#4864=FILL_AREA_STYLE('',(#4914));
#4865=FILL_AREA_STYLE('',(#4915));
#4866=FILL_AREA_STYLE('',(#4916));
#4867=FILL_AREA_STYLE('',(#4917));
#4868=FILL_AREA_STYLE('',(#4918));
#4869=FILL_AREA_STYLE('',(#4919));
#4870=FILL_AREA_STYLE('',(#4920));
#4871=FILL_AREA_STYLE('',(#4921));
#4872=FILL_AREA_STYLE('',(#4922));
#4873=FILL_AREA_STYLE('',(#4923));
#4874=FILL_AREA_STYLE('',(#4924));
#4875=FILL_AREA_STYLE('',(#4925));
#4876=FILL_AREA_STYLE('',(#4926));
#4877=FILL_AREA_STYLE('',(#4927));
#4878=FILL_AREA_STYLE('',(#4928));
#4879=FILL_AREA_STYLE('',(#4929));
#4880=FILL_AREA_STYLE('',(#4930));
#4881=FILL_AREA_STYLE('',(#4931));
#4882=FILL_AREA_STYLE('',(#4932));
#4883=FILL_AREA_STYLE('',(#4933));
#4884=FILL_AREA_STYLE('',(#4934));
#4885=FILL_AREA_STYLE('',(#4935));
#4886=FILL_AREA_STYLE('',(#4936));
#4887=FILL_AREA_STYLE_COLOUR('',#4937);
#4888=FILL_AREA_STYLE_COLOUR('',#4937);
#4889=FILL_AREA_STYLE_COLOUR('',#4938);
#4890=FILL_AREA_STYLE_COLOUR('',#4937);
#4891=FILL_AREA_STYLE_COLOUR('',#4937);
#4892=FILL_AREA_STYLE_COLOUR('',#4939);
#4893=FILL_AREA_STYLE_COLOUR('',#4940);
#4894=FILL_AREA_STYLE_COLOUR('',#4941);
#4895=FILL_AREA_STYLE_COLOUR('',#4941);
#4896=FILL_AREA_STYLE_COLOUR('',#4942);
#4897=FILL_AREA_STYLE_COLOUR('',#4937);
#4898=FILL_AREA_STYLE_COLOUR('',#4937);
#4899=FILL_AREA_STYLE_COLOUR('',#43);
#4900=FILL_AREA_STYLE_COLOUR('',#4942);
#4901=FILL_AREA_STYLE_COLOUR('',#4943);
#4902=FILL_AREA_STYLE_COLOUR('',#4944);
#4903=FILL_AREA_STYLE_COLOUR('',#4944);
#4904=FILL_AREA_STYLE_COLOUR('',#4944);
#4905=FILL_AREA_STYLE_COLOUR('',#4944);
#4906=FILL_AREA_STYLE_COLOUR('',#4944);
#4907=FILL_AREA_STYLE_COLOUR('',#4944);
#4908=FILL_AREA_STYLE_COLOUR('',#4944);
#4909=FILL_AREA_STYLE_COLOUR('',#4944);
#4910=FILL_AREA_STYLE_COLOUR('',#4944);
#4911=FILL_AREA_STYLE_COLOUR('',#4944);
#4912=FILL_AREA_STYLE_COLOUR('',#4944);
#4913=FILL_AREA_STYLE_COLOUR('',#4944);
#4914=FILL_AREA_STYLE_COLOUR('',#4944);
#4915=FILL_AREA_STYLE_COLOUR('',#4944);
#4916=FILL_AREA_STYLE_COLOUR('',#4944);
#4917=FILL_AREA_STYLE_COLOUR('',#4944);
#4918=FILL_AREA_STYLE_COLOUR('',#4944);
#4919=FILL_AREA_STYLE_COLOUR('',#4944);
#4920=FILL_AREA_STYLE_COLOUR('',#4944);
#4921=FILL_AREA_STYLE_COLOUR('',#4944);
#4922=FILL_AREA_STYLE_COLOUR('',#4944);
#4923=FILL_AREA_STYLE_COLOUR('',#4944);
#4924=FILL_AREA_STYLE_COLOUR('',#4944);
#4925=FILL_AREA_STYLE_COLOUR('',#4944);
#4926=FILL_AREA_STYLE_COLOUR('',#4944);
#4927=FILL_AREA_STYLE_COLOUR('',#4944);
#4928=FILL_AREA_STYLE_COLOUR('',#4944);
#4929=FILL_AREA_STYLE_COLOUR('',#4944);
#4930=FILL_AREA_STYLE_COLOUR('',#4944);
#4931=FILL_AREA_STYLE_COLOUR('',#4944);
#4932=FILL_AREA_STYLE_COLOUR('',#4944);
#4933=FILL_AREA_STYLE_COLOUR('',#4944);
#4934=FILL_AREA_STYLE_COLOUR('',#4944);
#4935=FILL_AREA_STYLE_COLOUR('',#4945);
#4936=FILL_AREA_STYLE_COLOUR('',#4946);
#4937=COLOUR_RGB('',0.752941176470588,0.752941176470588,0.752941176470588);
#4938=COLOUR_RGB('',0.647058823529412,0.647058823529412,0.647058823529412);
#4939=COLOUR_RGB('',0.0862745098039216,0.31764705882353,0.690196078431373);
#4940=COLOUR_RGB('',0.4,0.4,0.4);
#4941=COLOUR_RGB('',0.372549019607843,0.654901960784314,0.23921568627451);
#4942=COLOUR_RGB('',0.901960784313726,0.901960784313726,0.901960784313726);
#4943=COLOUR_RGB('',0.615686274509804,0.811764705882353,0.929411764705882);
#4944=COLOUR_RGB('',0.972549019607843,0.529411764705882,0.00392156862745098);
#4945=COLOUR_RGB('',0.917647058823529,0.917647058823529,0.917647058823529);
#4946=COLOUR_RGB('',0.980392156862745,0.796078431372549,0.262745098039216);
#4947=MANIFOLD_SOLID_BREP('Part 1',#4603);
#4948=MANIFOLD_SOLID_BREP('Part 1',#4604);
#4949=MANIFOLD_SOLID_BREP('Axle Connection',#4605);
#4950=MANIFOLD_SOLID_BREP('Part 1',#4606);
#4951=MANIFOLD_SOLID_BREP('Part 1_1',#4607);
#4952=MANIFOLD_SOLID_BREP('Axle',#4608);
#4953=MANIFOLD_SOLID_BREP('Part 1',#4609);
#4954=MANIFOLD_SOLID_BREP('Part 1',#4610);
#4955=MANIFOLD_SOLID_BREP('Part 1_1',#4611);
#4956=MANIFOLD_SOLID_BREP('Part 1',#4612);
#4957=MANIFOLD_SOLID_BREP('Part 1',#4613);
#4958=MANIFOLD_SOLID_BREP('Part 1',#4614);
#4959=MANIFOLD_SOLID_BREP('Part 1',#4615);
#4960=MANIFOLD_SOLID_BREP('Part 1',#4616);
#4961=MANIFOLD_SOLID_BREP('Part 1',#4617);
#4962=MANIFOLD_SOLID_BREP('Part 1',#4618);
#4963=MANIFOLD_SOLID_BREP('RW',#4619);
#4964=SHAPE_DEFINITION_REPRESENTATION(#11392,#4981);
#4965=SHAPE_DEFINITION_REPRESENTATION(#11393,#4982);
#4966=SHAPE_DEFINITION_REPRESENTATION(#11394,#4983);
#4967=SHAPE_DEFINITION_REPRESENTATION(#11395,#4984);
#4968=SHAPE_DEFINITION_REPRESENTATION(#11396,#4985);
#4969=SHAPE_DEFINITION_REPRESENTATION(#11397,#4986);
#4970=SHAPE_DEFINITION_REPRESENTATION(#11398,#4987);
#4971=SHAPE_DEFINITION_REPRESENTATION(#11399,#4988);
#4972=SHAPE_DEFINITION_REPRESENTATION(#11400,#4989);
#4973=SHAPE_DEFINITION_REPRESENTATION(#11401,#4990);
#4974=SHAPE_DEFINITION_REPRESENTATION(#11402,#4991);
#4975=SHAPE_DEFINITION_REPRESENTATION(#11403,#4992);
#4976=SHAPE_DEFINITION_REPRESENTATION(#11404,#4993);
#4977=SHAPE_DEFINITION_REPRESENTATION(#11405,#4994);
#4978=SHAPE_DEFINITION_REPRESENTATION(#11406,#4995);
#4979=SHAPE_DEFINITION_REPRESENTATION(#11407,#4996);
#4980=SHAPE_DEFINITION_REPRESENTATION(#11408,#4997);
#4981=SHAPE_REPRESENTATION('Part 1',(#4998),#11307);
#4982=SHAPE_REPRESENTATION('Part 1',(#5037),#11308);
#4983=SHAPE_REPRESENTATION('Axle Connection',(#5080),#11309);
#4984=SHAPE_REPRESENTATION('Part 1',(#5133),#11310);
#4985=SHAPE_REPRESENTATION('Part 1_1',(#5141),#11311);
#4986=SHAPE_REPRESENTATION('Axle',(#5149),#11312);
#4987=SHAPE_REPRESENTATION('Part 1',(#5229),#11313);
#4988=SHAPE_REPRESENTATION('Part 1',(#5258),#11314);
#4989=SHAPE_REPRESENTATION('Part 1_1',(#5299),#11315);
#4990=SHAPE_REPRESENTATION('Part 1',(#5340),#11316);
#4991=SHAPE_REPRESENTATION('Part 1',(#5350),#11317);
#4992=SHAPE_REPRESENTATION('Part 1',(#5359),#11318);
#4993=SHAPE_REPRESENTATION('Part 1',(#5368),#11319);
#4994=SHAPE_REPRESENTATION('Part 1',(#5377),#11320);
#4995=SHAPE_REPRESENTATION('Part 1',(#5386),#11321);
#4996=SHAPE_REPRESENTATION('Part 1',(#5478),#11322);
#4997=SHAPE_REPRESENTATION('RW',(#5595),#11323);
#4998=AXIS2_PLACEMENT_3D('',#7090,#5638,#5639);
#4999=AXIS2_PLACEMENT_3D('',#7091,#5640,#5641);
#5000=AXIS2_PLACEMENT_3D('',#7092,#5642,#5643);
#5001=AXIS2_PLACEMENT_3D('',#7247,#5644,#5645);
#5002=AXIS2_PLACEMENT_3D('',#7788,#5646,#5647);
#5003=AXIS2_PLACEMENT_3D('',#7789,#5648,#5649);
#5004=AXIS2_PLACEMENT_3D('',#7803,#5650,#5651);
#5005=AXIS2_PLACEMENT_3D('',#7810,#5652,#5653);
#5006=AXIS2_PLACEMENT_3D('',#7811,#5654,#5655);
#5007=AXIS2_PLACEMENT_3D('',#8260,#5656,#5657);
#5008=AXIS2_PLACEMENT_3D('',#8870,#5658,#5659);
#5009=AXIS2_PLACEMENT_3D('',#9160,#5660,#5661);
#5010=AXIS2_PLACEMENT_3D('',#9161,#5662,#5663);
#5011=AXIS2_PLACEMENT_3D('',#9163,#5664,#5665);
#5012=AXIS2_PLACEMENT_3D('',#9165,#5666,#5667);
#5013=AXIS2_PLACEMENT_3D('',#9166,#5668,#5669);
#5014=AXIS2_PLACEMENT_3D('',#9169,#5670,#5671);
#5015=AXIS2_PLACEMENT_3D('',#9171,#5672,#5673);
#5016=AXIS2_PLACEMENT_3D('',#9173,#5674,#5675);
#5017=AXIS2_PLACEMENT_3D('',#9175,#5676,#5677);
#5018=AXIS2_PLACEMENT_3D('',#9177,#5678,#5679);
#5019=AXIS2_PLACEMENT_3D('',#9178,#5680,#5681);
#5020=AXIS2_PLACEMENT_3D('',#9179,#5682,#5683);
#5021=AXIS2_PLACEMENT_3D('',#9181,#5684,#5685);
#5022=AXIS2_PLACEMENT_3D('',#9182,#5686,#5687);
#5023=AXIS2_PLACEMENT_3D('',#9188,#5688,#5689);
#5024=AXIS2_PLACEMENT_3D('',#9194,#5690,#5691);
#5025=AXIS2_PLACEMENT_3D('',#9200,#5692,#5693);
#5026=AXIS2_PLACEMENT_3D('',#9206,#5694,#5695);
#5027=AXIS2_PLACEMENT_3D('',#9212,#5696,#5697);
#5028=AXIS2_PLACEMENT_3D('',#9218,#5698,#5699);
#5029=AXIS2_PLACEMENT_3D('',#9219,#5700,#5701);
#5030=AXIS2_PLACEMENT_3D('',#9233,#5708,#5709);
#5031=AXIS2_PLACEMENT_3D('',#9236,#5712,#5713);
#5032=AXIS2_PLACEMENT_3D('',#9238,#5715,#5716);
#5033=AXIS2_PLACEMENT_3D('',#9240,#5718,#5719);
#5034=AXIS2_PLACEMENT_3D('',#9242,#5721,#5722);
#5035=AXIS2_PLACEMENT_3D('',#9244,#5724,#5725);
#5036=AXIS2_PLACEMENT_3D('',#9245,#5726,#5727);
#5037=AXIS2_PLACEMENT_3D('',#9246,#5728,#5729);
#5038=AXIS2_PLACEMENT_3D('',#9771,#5730,#5731);
#5039=AXIS2_PLACEMENT_3D('',#9772,#5732,#5733);
#5040=AXIS2_PLACEMENT_3D('',#9773,#5734,#5735);
#5041=AXIS2_PLACEMENT_3D('',#9774,#5736,#5737);
#5042=AXIS2_PLACEMENT_3D('',#9775,#5738,#5739);
#5043=AXIS2_PLACEMENT_3D('',#9776,#5740,#5741);
#5044=AXIS2_PLACEMENT_3D('',#9777,#5742,#5743);
#5045=AXIS2_PLACEMENT_3D('',#9780,#5744,#5745);
#5046=AXIS2_PLACEMENT_3D('',#9782,#5746,#5747);
#5047=AXIS2_PLACEMENT_3D('',#9784,#5748,#5749);
#5048=AXIS2_PLACEMENT_3D('',#9786,#5750,#5751);
#5049=AXIS2_PLACEMENT_3D('',#9788,#5752,#5753);
#5050=AXIS2_PLACEMENT_3D('',#9789,#5754,#5755);
#5051=AXIS2_PLACEMENT_3D('',#9790,#5756,#5757);
#5052=AXIS2_PLACEMENT_3D('',#9791,#5758,#5759);
#5053=AXIS2_PLACEMENT_3D('',#9792,#5760,#5761);
#5054=AXIS2_PLACEMENT_3D('',#9795,#5762,#5763);
#5055=AXIS2_PLACEMENT_3D('',#9797,#5764,#5765);
#5056=AXIS2_PLACEMENT_3D('',#9799,#5766,#5767);
#5057=AXIS2_PLACEMENT_3D('',#9801,#5768,#5769);
#5058=AXIS2_PLACEMENT_3D('',#9803,#5770,#5771);
#5059=AXIS2_PLACEMENT_3D('',#9804,#5772,#5773);
#5060=AXIS2_PLACEMENT_3D('',#9827,#5776,#5777);
#5061=AXIS2_PLACEMENT_3D('',#9847,#5779,#5780);
#5062=AXIS2_PLACEMENT_3D('',#9867,#5782,#5783);
#5063=AXIS2_PLACEMENT_3D('',#9887,#5785,#5786);
#5064=AXIS2_PLACEMENT_3D('',#9907,#5788,#5789);
#5065=AXIS2_PLACEMENT_3D('',#9924,#5790,#5791);
#5066=AXIS2_PLACEMENT_3D('',#9925,#5792,#5793);
#5067=AXIS2_PLACEMENT_3D('',#9926,#5794,#5795);
#5068=AXIS2_PLACEMENT_3D('',#9927,#5796,#5797);
#5069=AXIS2_PLACEMENT_3D('',#9928,#5798,#5799);
#5070=AXIS2_PLACEMENT_3D('',#9929,#5800,#5801);
#5071=AXIS2_PLACEMENT_3D('',#9930,#5802,#5803);
#5072=AXIS2_PLACEMENT_3D('',#9931,#5804,#5805);
#5073=AXIS2_PLACEMENT_3D('',#9932,#5806,#5807);
#5074=AXIS2_PLACEMENT_3D('',#9933,#5808,#5809);
#5075=AXIS2_PLACEMENT_3D('',#9934,#5810,#5811);
#5076=AXIS2_PLACEMENT_3D('',#9935,#5812,#5813);
#5077=AXIS2_PLACEMENT_3D('',#9936,#5814,#5815);
#5078=AXIS2_PLACEMENT_3D('',#9937,#5816,#5817);
#5079=AXIS2_PLACEMENT_3D('',#9938,#5818,#5819);
#5080=AXIS2_PLACEMENT_3D('',#9939,#5820,#5821);
#5081=AXIS2_PLACEMENT_3D('',#9940,#5822,#5823);
#5082=AXIS2_PLACEMENT_3D('',#9958,#5830,#5831);
#5083=AXIS2_PLACEMENT_3D('',#9976,#5838,#5839);
#5084=AXIS2_PLACEMENT_3D('',#9977,#5840,#5841);
#5085=AXIS2_PLACEMENT_3D('',#9982,#5843,#5844);
#5086=AXIS2_PLACEMENT_3D('',#9986,#5846,#5847);
#5087=AXIS2_PLACEMENT_3D('',#9988,#5848,#5849);
#5088=AXIS2_PLACEMENT_3D('',#9989,#5850,#5851);
#5089=AXIS2_PLACEMENT_3D('',#9994,#5852,#5853);
#5090=AXIS2_PLACEMENT_3D('',#9999,#5854,#5855);
#5091=AXIS2_PLACEMENT_3D('',#10000,#5856,#5857);
#5092=AXIS2_PLACEMENT_3D('',#10002,#5858,#5859);
#5093=AXIS2_PLACEMENT_3D('',#10004,#5860,#5861);
#5094=AXIS2_PLACEMENT_3D('',#10005,#5862,#5863);
#5095=AXIS2_PLACEMENT_3D('',#10009,#5865,#5866);
#5096=AXIS2_PLACEMENT_3D('',#10013,#5868,#5869);
#5097=AXIS2_PLACEMENT_3D('',#10014,#5870,#5871);
#5098=AXIS2_PLACEMENT_3D('',#10018,#5873,#5874);
#5099=AXIS2_PLACEMENT_3D('',#10022,#5876,#5877);
#5100=AXIS2_PLACEMENT_3D('',#10023,#5878,#5879);
#5101=AXIS2_PLACEMENT_3D('',#10026,#5881,#5882);
#5102=AXIS2_PLACEMENT_3D('',#10029,#5884,#5885);
#5103=AXIS2_PLACEMENT_3D('',#10030,#5886,#5887);
#5104=AXIS2_PLACEMENT_3D('',#10031,#5888,#5889);
#5105=AXIS2_PLACEMENT_3D('',#10032,#5890,#5891);
#5106=AXIS2_PLACEMENT_3D('',#10033,#5892,#5893);
#5107=AXIS2_PLACEMENT_3D('',#10034,#5894,#5895);
#5108=AXIS2_PLACEMENT_3D('',#10035,#5896,#5897);
#5109=AXIS2_PLACEMENT_3D('',#10036,#5898,#5899);
#5110=AXIS2_PLACEMENT_3D('',#10037,#5900,#5901);
#5111=AXIS2_PLACEMENT_3D('',#10038,#5902,#5903);
#5112=AXIS2_PLACEMENT_3D('',#10039,#5904,#5905);
#5113=AXIS2_PLACEMENT_3D('',#10040,#5906,#5907);
#5114=AXIS2_PLACEMENT_3D('',#10041,#5908,#5909);
#5115=AXIS2_PLACEMENT_3D('',#10042,#5910,#5911);
#5116=AXIS2_PLACEMENT_3D('',#10043,#5912,#5913);
#5117=AXIS2_PLACEMENT_3D('',#10044,#5914,#5915);
#5118=AXIS2_PLACEMENT_3D('',#10061,#5916,#5917);
#5119=AXIS2_PLACEMENT_3D('',#10062,#5918,#5919);
#5120=AXIS2_PLACEMENT_3D('',#10063,#5920,#5921);
#5121=AXIS2_PLACEMENT_3D('',#10080,#5922,#5923);
#5122=AXIS2_PLACEMENT_3D('',#10081,#5924,#5925);
#5123=AXIS2_PLACEMENT_3D('',#10082,#5926,#5927);
#5124=AXIS2_PLACEMENT_3D('',#10083,#5928,#5929);
#5125=AXIS2_PLACEMENT_3D('',#10084,#5930,#5931);
#5126=AXIS2_PLACEMENT_3D('',#10085,#5932,#5933);
#5127=AXIS2_PLACEMENT_3D('',#10086,#5934,#5935);
#5128=AXIS2_PLACEMENT_3D('',#10087,#5936,#5937);
#5129=AXIS2_PLACEMENT_3D('',#10088,#5938,#5939);
#5130=AXIS2_PLACEMENT_3D('',#10089,#5940,#5941);
#5131=AXIS2_PLACEMENT_3D('',#10090,#5942,#5943);
#5132=AXIS2_PLACEMENT_3D('',#10091,#5944,#5945);
#5133=AXIS2_PLACEMENT_3D('',#10092,#5946,#5947);
#5134=AXIS2_PLACEMENT_3D('',#10093,#5948,#5949);
#5135=AXIS2_PLACEMENT_3D('',#10094,#5950,#5951);
#5136=AXIS2_PLACEMENT_3D('',#10096,#5952,#5953);
#5137=AXIS2_PLACEMENT_3D('',#10097,#5954,#5955);
#5138=AXIS2_PLACEMENT_3D('',#10099,#5956,#5957);
#5139=AXIS2_PLACEMENT_3D('',#10100,#5958,#5959);
#5140=AXIS2_PLACEMENT_3D('',#10102,#5960,#5961);
#5141=AXIS2_PLACEMENT_3D('',#10103,#5962,#5963);
#5142=AXIS2_PLACEMENT_3D('',#10104,#5964,#5965);
#5143=AXIS2_PLACEMENT_3D('',#10105,#5966,#5967);
#5144=AXIS2_PLACEMENT_3D('',#10107,#5968,#5969);
#5145=AXIS2_PLACEMENT_3D('',#10108,#5970,#5971);
#5146=AXIS2_PLACEMENT_3D('',#10110,#5972,#5973);
#5147=AXIS2_PLACEMENT_3D('',#10111,#5974,#5975);
#5148=AXIS2_PLACEMENT_3D('',#10113,#5976,#5977);
#5149=AXIS2_PLACEMENT_3D('',#10114,#5978,#5979);
#5150=AXIS2_PLACEMENT_3D('',#10115,#5980,#5981);
#5151=AXIS2_PLACEMENT_3D('',#10136,#5982,#5983);
#5152=AXIS2_PLACEMENT_3D('',#10141,#5985,#5986);
#5153=AXIS2_PLACEMENT_3D('',#10144,#5988,#5989);
#5154=AXIS2_PLACEMENT_3D('',#10157,#5996,#5997);
#5155=AXIS2_PLACEMENT_3D('',#10161,#5999,#6000);
#5156=AXIS2_PLACEMENT_3D('',#10165,#6002,#6003);
#5157=AXIS2_PLACEMENT_3D('',#10166,#6004,#6005);
#5158=AXIS2_PLACEMENT_3D('',#10176,#6011,#6012);
#5159=AXIS2_PLACEMENT_3D('',#10180,#6014,#6015);
#5160=AXIS2_PLACEMENT_3D('',#10181,#6016,#6017);
#5161=AXIS2_PLACEMENT_3D('',#10182,#6018,#6019);
#5162=AXIS2_PLACEMENT_3D('',#10192,#6025,#6026);
#5163=AXIS2_PLACEMENT_3D('',#10202,#6032,#6033);
#5164=AXIS2_PLACEMENT_3D('',#10203,#6034,#6035);
#5165=AXIS2_PLACEMENT_3D('',#10205,#6036,#6037);
#5166=AXIS2_PLACEMENT_3D('',#10209,#6039,#6040);
#5167=AXIS2_PLACEMENT_3D('',#10210,#6041,#6042);
#5168=AXIS2_PLACEMENT_3D('',#10211,#6043,#6044);
#5169=AXIS2_PLACEMENT_3D('',#10212,#6045,#6046);
#5170=AXIS2_PLACEMENT_3D('',#10213,#6047,#6048);
#5171=AXIS2_PLACEMENT_3D('',#10214,#6049,#6050);
#5172=AXIS2_PLACEMENT_3D('',#10216,#6051,#6052);
#5173=AXIS2_PLACEMENT_3D('',#10220,#6054,#6055);
#5174=AXIS2_PLACEMENT_3D('',#10221,#6056,#6057);
#5175=AXIS2_PLACEMENT_3D('',#10222,#6058,#6059);
#5176=AXIS2_PLACEMENT_3D('',#10227,#6062,#6063);
#5177=AXIS2_PLACEMENT_3D('',#10238,#6070,#6071);
#5178=AXIS2_PLACEMENT_3D('',#10239,#6072,#6073);
#5179=AXIS2_PLACEMENT_3D('',#10247,#6074,#6075);
#5180=AXIS2_PLACEMENT_3D('',#10248,#6076,#6077);
#5181=AXIS2_PLACEMENT_3D('',#10251,#6079,#6080);
#5182=AXIS2_PLACEMENT_3D('',#10252,#6081,#6082);
#5183=AXIS2_PLACEMENT_3D('',#10253,#6083,#6084);
#5184=AXIS2_PLACEMENT_3D('',#10262,#6090,#6091);
#5185=AXIS2_PLACEMENT_3D('',#10263,#6092,#6093);
#5186=AXIS2_PLACEMENT_3D('',#10271,#6094,#6095);
#5187=AXIS2_PLACEMENT_3D('',#10272,#6096,#6097);
#5188=AXIS2_PLACEMENT_3D('',#10274,#6098,#6099);
#5189=AXIS2_PLACEMENT_3D('',#10282,#6100,#6101);
#5190=AXIS2_PLACEMENT_3D('',#10286,#6103,#6104);
#5191=AXIS2_PLACEMENT_3D('',#10287,#6105,#6106);
#5192=AXIS2_PLACEMENT_3D('',#10288,#6107,#6108);
#5193=AXIS2_PLACEMENT_3D('',#10289,#6109,#6110);
#5194=AXIS2_PLACEMENT_3D('',#10290,#6111,#6112);
#5195=AXIS2_PLACEMENT_3D('',#10292,#6113,#6114);
#5196=AXIS2_PLACEMENT_3D('',#10293,#6115,#6116);
#5197=AXIS2_PLACEMENT_3D('',#10295,#6117,#6118);
#5198=AXIS2_PLACEMENT_3D('',#10296,#6119,#6120);
#5199=AXIS2_PLACEMENT_3D('',#10298,#6121,#6122);
#5200=AXIS2_PLACEMENT_3D('',#10299,#6123,#6124);
#5201=AXIS2_PLACEMENT_3D('',#10301,#6125,#6126);
#5202=AXIS2_PLACEMENT_3D('',#10302,#6127,#6128);
#5203=AXIS2_PLACEMENT_3D('',#10303,#6129,#6130);
#5204=AXIS2_PLACEMENT_3D('',#10304,#6131,#6132);
#5205=AXIS2_PLACEMENT_3D('',#10305,#6133,#6134);
#5206=AXIS2_PLACEMENT_3D('',#10306,#6135,#6136);
#5207=AXIS2_PLACEMENT_3D('',#10312,#6140,#6141);
#5208=AXIS2_PLACEMENT_3D('',#10318,#6145,#6146);
#5209=AXIS2_PLACEMENT_3D('',#10319,#6147,#6148);
#5210=AXIS2_PLACEMENT_3D('',#10320,#6149,#6150);
#5211=AXIS2_PLACEMENT_3D('',#10321,#6151,#6152);
#5212=AXIS2_PLACEMENT_3D('',#10322,#6153,#6154);
#5213=AXIS2_PLACEMENT_3D('',#10323,#6155,#6156);
#5214=AXIS2_PLACEMENT_3D('',#10324,#6157,#6158);
#5215=AXIS2_PLACEMENT_3D('',#10325,#6159,#6160);
#5216=AXIS2_PLACEMENT_3D('',#10326,#6161,#6162);
#5217=AXIS2_PLACEMENT_3D('',#10327,#6163,#6164);
#5218=AXIS2_PLACEMENT_3D('',#10328,#6165,#6166);
#5219=AXIS2_PLACEMENT_3D('',#10329,#6167,#6168);
#5220=AXIS2_PLACEMENT_3D('',#10330,#6169,#6170);
#5221=AXIS2_PLACEMENT_3D('',#10331,#6171,#6172);
#5222=AXIS2_PLACEMENT_3D('',#10332,#6173,#6174);
#5223=AXIS2_PLACEMENT_3D('',#10334,#6175,#6176);
#5224=AXIS2_PLACEMENT_3D('',#10336,#6177,#6178);
#5225=AXIS2_PLACEMENT_3D('',#10338,#6179,#6180);
#5226=AXIS2_PLACEMENT_3D('',#10339,#6181,#6182);
#5227=AXIS2_PLACEMENT_3D('',#10341,#6183,#6184);
#5228=AXIS2_PLACEMENT_3D('',#10343,#6185,#6186);
#5229=AXIS2_PLACEMENT_3D('',#10423,#6187,#6188);
#5230=AXIS2_PLACEMENT_3D('',#10424,#6189,#6190);
#5231=AXIS2_PLACEMENT_3D('',#10433,#6191,#6192);
#5232=AXIS2_PLACEMENT_3D('',#10435,#6193,#6194);
#5233=AXIS2_PLACEMENT_3D('',#10444,#6195,#6196);
#5234=AXIS2_PLACEMENT_3D('',#10446,#6197,#6198);
#5235=AXIS2_PLACEMENT_3D('',#10447,#6199,#6200);
#5236=AXIS2_PLACEMENT_3D('',#10461,#6201,#6202);
#5237=AXIS2_PLACEMENT_3D('',#10463,#6203,#6204);
#5238=AXIS2_PLACEMENT_3D('',#10472,#6205,#6206);
#5239=AXIS2_PLACEMENT_3D('',#10494,#6207,#6208);
#5240=AXIS2_PLACEMENT_3D('',#10495,#6209,#6210);
#5241=AXIS2_PLACEMENT_3D('',#10497,#6211,#6212);
#5242=AXIS2_PLACEMENT_3D('',#10499,#6213,#6214);
#5243=AXIS2_PLACEMENT_3D('',#10500,#6215,#6216);
#5244=AXIS2_PLACEMENT_3D('',#10502,#6217,#6218);
#5245=AXIS2_PLACEMENT_3D('',#10504,#6219,#6220);
#5246=AXIS2_PLACEMENT_3D('',#10505,#6221,#6222);
#5247=AXIS2_PLACEMENT_3D('',#10507,#6223,#6224);
#5248=AXIS2_PLACEMENT_3D('',#10509,#6225,#6226);
#5249=AXIS2_PLACEMENT_3D('',#10510,#6227,#6228);
#5250=AXIS2_PLACEMENT_3D('',#10512,#6229,#6230);
#5251=AXIS2_PLACEMENT_3D('',#10514,#6231,#6232);
#5252=AXIS2_PLACEMENT_3D('',#10515,#6233,#6234);
#5253=AXIS2_PLACEMENT_3D('',#10517,#6235,#6236);
#5254=AXIS2_PLACEMENT_3D('',#10519,#6237,#6238);
#5255=AXIS2_PLACEMENT_3D('',#10520,#6239,#6240);
#5256=AXIS2_PLACEMENT_3D('',#10521,#6241,#6242);
#5257=AXIS2_PLACEMENT_3D('',#10522,#6243,#6244);
#5258=AXIS2_PLACEMENT_3D('',#10523,#6245,#6246);
#5259=AXIS2_PLACEMENT_3D('',#10524,#6247,#6248);
#5260=AXIS2_PLACEMENT_3D('',#10525,#6249,#6250);
#5261=AXIS2_PLACEMENT_3D('',#10527,#6251,#6252);
#5262=AXIS2_PLACEMENT_3D('',#10529,#6253,#6254);
#5263=AXIS2_PLACEMENT_3D('',#10530,#6255,#6256);
#5264=AXIS2_PLACEMENT_3D('',#10532,#6257,#6258);
#5265=AXIS2_PLACEMENT_3D('',#10534,#6259,#6260);
#5266=AXIS2_PLACEMENT_3D('',#10535,#6261,#6262);
#5267=AXIS2_PLACEMENT_3D('',#10537,#6263,#6264);
#5268=AXIS2_PLACEMENT_3D('',#10539,#6265,#6266);
#5269=AXIS2_PLACEMENT_3D('',#10540,#6267,#6268);
#5270=AXIS2_PLACEMENT_3D('',#10542,#6269,#6270);
#5271=AXIS2_PLACEMENT_3D('',#10543,#6271,#6272);
#5272=AXIS2_PLACEMENT_3D('',#10545,#6273,#6274);
#5273=AXIS2_PLACEMENT_3D('',#10546,#6275,#6276);
#5274=AXIS2_PLACEMENT_3D('',#10548,#6277,#6278);
#5275=AXIS2_PLACEMENT_3D('',#10550,#6279,#6280);
#5276=AXIS2_PLACEMENT_3D('',#10551,#6281,#6282);
#5277=AXIS2_PLACEMENT_3D('',#10553,#6283,#6284);
#5278=AXIS2_PLACEMENT_3D('',#10555,#6285,#6286);
#5279=AXIS2_PLACEMENT_3D('',#10556,#6287,#6288);
#5280=AXIS2_PLACEMENT_3D('',#10558,#6289,#6290);
#5281=AXIS2_PLACEMENT_3D('',#10560,#6291,#6292);
#5282=AXIS2_PLACEMENT_3D('',#10561,#6293,#6294);
#5283=AXIS2_PLACEMENT_3D('',#10563,#6295,#6296);
#5284=AXIS2_PLACEMENT_3D('',#10565,#6297,#6298);
#5285=AXIS2_PLACEMENT_3D('',#10566,#6299,#6300);
#5286=AXIS2_PLACEMENT_3D('',#10568,#6301,#6302);
#5287=AXIS2_PLACEMENT_3D('',#10569,#6303,#6304);
#5288=AXIS2_PLACEMENT_3D('',#10571,#6305,#6306);
#5289=AXIS2_PLACEMENT_3D('',#10572,#6307,#6308);
#5290=AXIS2_PLACEMENT_3D('',#10574,#6309,#6310);
#5291=AXIS2_PLACEMENT_3D('',#10576,#6311,#6312);
#5292=AXIS2_PLACEMENT_3D('',#10577,#6313,#6314);
#5293=AXIS2_PLACEMENT_3D('',#10578,#6315,#6316);
#5294=AXIS2_PLACEMENT_3D('',#10579,#6317,#6318);
#5295=AXIS2_PLACEMENT_3D('',#10580,#6319,#6320);
#5296=AXIS2_PLACEMENT_3D('',#10581,#6321,#6322);
#5297=AXIS2_PLACEMENT_3D('',#10582,#6323,#6324);
#5298=AXIS2_PLACEMENT_3D('',#10583,#6325,#6326);
#5299=AXIS2_PLACEMENT_3D('',#10584,#6327,#6328);
#5300=AXIS2_PLACEMENT_3D('',#10585,#6329,#6330);
#5301=AXIS2_PLACEMENT_3D('',#10586,#6331,#6332);
#5302=AXIS2_PLACEMENT_3D('',#10588,#6333,#6334);
#5303=AXIS2_PLACEMENT_3D('',#10590,#6335,#6336);
#5304=AXIS2_PLACEMENT_3D('',#10591,#6337,#6338);
#5305=AXIS2_PLACEMENT_3D('',#10593,#6339,#6340);
#5306=AXIS2_PLACEMENT_3D('',#10595,#6341,#6342);
#5307=AXIS2_PLACEMENT_3D('',#10596,#6343,#6344);
#5308=AXIS2_PLACEMENT_3D('',#10598,#6345,#6346);
#5309=AXIS2_PLACEMENT_3D('',#10600,#6347,#6348);
#5310=AXIS2_PLACEMENT_3D('',#10601,#6349,#6350);
#5311=AXIS2_PLACEMENT_3D('',#10603,#6351,#6352);
#5312=AXIS2_PLACEMENT_3D('',#10604,#6353,#6354);
#5313=AXIS2_PLACEMENT_3D('',#10606,#6355,#6356);
#5314=AXIS2_PLACEMENT_3D('',#10607,#6357,#6358);
#5315=AXIS2_PLACEMENT_3D('',#10609,#6359,#6360);
#5316=AXIS2_PLACEMENT_3D('',#10611,#6361,#6362);
#5317=AXIS2_PLACEMENT_3D('',#10612,#6363,#6364);
#5318=AXIS2_PLACEMENT_3D('',#10614,#6365,#6366);
#5319=AXIS2_PLACEMENT_3D('',#10616,#6367,#6368);
#5320=AXIS2_PLACEMENT_3D('',#10617,#6369,#6370);
#5321=AXIS2_PLACEMENT_3D('',#10619,#6371,#6372);
#5322=AXIS2_PLACEMENT_3D('',#10621,#6373,#6374);
#5323=AXIS2_PLACEMENT_3D('',#10622,#6375,#6376);
#5324=AXIS2_PLACEMENT_3D('',#10624,#6377,#6378);
#5325=AXIS2_PLACEMENT_3D('',#10626,#6379,#6380);
#5326=AXIS2_PLACEMENT_3D('',#10627,#6381,#6382);
#5327=AXIS2_PLACEMENT_3D('',#10629,#6383,#6384);
#5328=AXIS2_PLACEMENT_3D('',#10630,#6385,#6386);
#5329=AXIS2_PLACEMENT_3D('',#10632,#6387,#6388);
#5330=AXIS2_PLACEMENT_3D('',#10633,#6389,#6390);
#5331=AXIS2_PLACEMENT_3D('',#10635,#6391,#6392);
#5332=AXIS2_PLACEMENT_3D('',#10637,#6393,#6394);
#5333=AXIS2_PLACEMENT_3D('',#10638,#6395,#6396);
#5334=AXIS2_PLACEMENT_3D('',#10639,#6397,#6398);
#5335=AXIS2_PLACEMENT_3D('',#10640,#6399,#6400);
#5336=AXIS2_PLACEMENT_3D('',#10641,#6401,#6402);
#5337=AXIS2_PLACEMENT_3D('',#10642,#6403,#6404);
#5338=AXIS2_PLACEMENT_3D('',#10643,#6405,#6406);
#5339=AXIS2_PLACEMENT_3D('',#10644,#6407,#6408);
#5340=AXIS2_PLACEMENT_3D('',#10645,#6409,#6410);
#5341=AXIS2_PLACEMENT_3D('',#10646,#6411,#6412);
#5342=AXIS2_PLACEMENT_3D('',#10647,#6413,#6414);
#5343=AXIS2_PLACEMENT_3D('',#10649,#6415,#6416);
#5344=AXIS2_PLACEMENT_3D('',#10651,#6417,#6418);
#5345=AXIS2_PLACEMENT_3D('',#10652,#6419,#6420);
#5346=AXIS2_PLACEMENT_3D('',#10654,#6421,#6422);
#5347=AXIS2_PLACEMENT_3D('',#10655,#6423,#6424);
#5348=AXIS2_PLACEMENT_3D('',#10657,#6425,#6426);
#5349=AXIS2_PLACEMENT_3D('',#10658,#6427,#6428);
#5350=AXIS2_PLACEMENT_3D('',#10659,#6429,#6430);
#5351=AXIS2_PLACEMENT_3D('',#10660,#6431,#6432);
#5352=AXIS2_PLACEMENT_3D('',#10661,#6433,#6434);
#5353=AXIS2_PLACEMENT_3D('',#10663,#6435,#6436);
#5354=AXIS2_PLACEMENT_3D('',#10665,#6437,#6438);
#5355=AXIS2_PLACEMENT_3D('',#10666,#6439,#6440);
#5356=AXIS2_PLACEMENT_3D('',#10668,#6441,#6442);
#5357=AXIS2_PLACEMENT_3D('',#10670,#6443,#6444);
#5358=AXIS2_PLACEMENT_3D('',#10671,#6445,#6446);
#5359=AXIS2_PLACEMENT_3D('',#10672,#6447,#6448);
#5360=AXIS2_PLACEMENT_3D('',#10673,#6449,#6450);
#5361=AXIS2_PLACEMENT_3D('',#10674,#6451,#6452);
#5362=AXIS2_PLACEMENT_3D('',#10676,#6453,#6454);
#5363=AXIS2_PLACEMENT_3D('',#10678,#6455,#6456);
#5364=AXIS2_PLACEMENT_3D('',#10679,#6457,#6458);
#5365=AXIS2_PLACEMENT_3D('',#10681,#6459,#6460);
#5366=AXIS2_PLACEMENT_3D('',#10683,#6461,#6462);
#5367=AXIS2_PLACEMENT_3D('',#10684,#6463,#6464);
#5368=AXIS2_PLACEMENT_3D('',#10685,#6465,#6466);
#5369=AXIS2_PLACEMENT_3D('',#10686,#6467,#6468);
#5370=AXIS2_PLACEMENT_3D('',#10687,#6469,#6470);
#5371=AXIS2_PLACEMENT_3D('',#10689,#6471,#6472);
#5372=AXIS2_PLACEMENT_3D('',#10691,#6473,#6474);
#5373=AXIS2_PLACEMENT_3D('',#10692,#6475,#6476);
#5374=AXIS2_PLACEMENT_3D('',#10694,#6477,#6478);
#5375=AXIS2_PLACEMENT_3D('',#10696,#6479,#6480);
#5376=AXIS2_PLACEMENT_3D('',#10697,#6481,#6482);
#5377=AXIS2_PLACEMENT_3D('',#10698,#6483,#6484);
#5378=AXIS2_PLACEMENT_3D('',#10699,#6485,#6486);
#5379=AXIS2_PLACEMENT_3D('',#10700,#6487,#6488);
#5380=AXIS2_PLACEMENT_3D('',#10702,#6489,#6490);
#5381=AXIS2_PLACEMENT_3D('',#10704,#6491,#6492);
#5382=AXIS2_PLACEMENT_3D('',#10705,#6493,#6494);
#5383=AXIS2_PLACEMENT_3D('',#10707,#6495,#6496);
#5384=AXIS2_PLACEMENT_3D('',#10709,#6497,#6498);
#5385=AXIS2_PLACEMENT_3D('',#10710,#6499,#6500);
#5386=AXIS2_PLACEMENT_3D('',#10711,#6501,#6502);
#5387=AXIS2_PLACEMENT_3D('',#10712,#6503,#6504);
#5388=AXIS2_PLACEMENT_3D('',#10713,#6505,#6506);
#5389=AXIS2_PLACEMENT_3D('',#10718,#6508,#6509);
#5390=AXIS2_PLACEMENT_3D('',#10721,#6511,#6512);
#5391=AXIS2_PLACEMENT_3D('',#10723,#6513,#6514);
#5392=AXIS2_PLACEMENT_3D('',#10726,#6515,#6516);
#5393=AXIS2_PLACEMENT_3D('',#10728,#6517,#6518);
#5394=AXIS2_PLACEMENT_3D('',#10730,#6519,#6520);
#5395=AXIS2_PLACEMENT_3D('',#10732,#6521,#6522);
#5396=AXIS2_PLACEMENT_3D('',#10734,#6523,#6524);
#5397=AXIS2_PLACEMENT_3D('',#10736,#6525,#6526);
#5398=AXIS2_PLACEMENT_3D('',#10738,#6527,#6528);
#5399=AXIS2_PLACEMENT_3D('',#10739,#6529,#6530);
#5400=AXIS2_PLACEMENT_3D('',#10740,#6531,#6532);
#5401=AXIS2_PLACEMENT_3D('',#10742,#6533,#6534);
#5402=AXIS2_PLACEMENT_3D('',#10744,#6535,#6536);
#5403=AXIS2_PLACEMENT_3D('',#10747,#6537,#6538);
#5404=AXIS2_PLACEMENT_3D('',#10749,#6539,#6540);
#5405=AXIS2_PLACEMENT_3D('',#10751,#6541,#6542);
#5406=AXIS2_PLACEMENT_3D('',#10753,#6543,#6544);
#5407=AXIS2_PLACEMENT_3D('',#10755,#6545,#6546);
#5408=AXIS2_PLACEMENT_3D('',#10756,#6547,#6548);
#5409=AXIS2_PLACEMENT_3D('',#10757,#6549,#6550);
#5410=AXIS2_PLACEMENT_3D('',#10759,#6551,#6552);
#5411=AXIS2_PLACEMENT_3D('',#10761,#6553,#6554);
#5412=AXIS2_PLACEMENT_3D('',#10764,#6555,#6556);
#5413=AXIS2_PLACEMENT_3D('',#10766,#6557,#6558);
#5414=AXIS2_PLACEMENT_3D('',#10768,#6559,#6560);
#5415=AXIS2_PLACEMENT_3D('',#10770,#6561,#6562);
#5416=AXIS2_PLACEMENT_3D('',#10772,#6563,#6564);
#5417=AXIS2_PLACEMENT_3D('',#10773,#6565,#6566);
#5418=AXIS2_PLACEMENT_3D('',#10774,#6567,#6568);
#5419=AXIS2_PLACEMENT_3D('',#10780,#6571,#6572);
#5420=AXIS2_PLACEMENT_3D('',#10785,#6575,#6576);
#5421=AXIS2_PLACEMENT_3D('',#10789,#6579,#6580);
#5422=AXIS2_PLACEMENT_3D('',#10790,#6581,#6582);
#5423=AXIS2_PLACEMENT_3D('',#10796,#6585,#6586);
#5424=AXIS2_PLACEMENT_3D('',#10801,#6589,#6590);
#5425=AXIS2_PLACEMENT_3D('',#10805,#6593,#6594);
#5426=AXIS2_PLACEMENT_3D('',#10806,#6595,#6596);
#5427=AXIS2_PLACEMENT_3D('',#10808,#6597,#6598);
#5428=AXIS2_PLACEMENT_3D('',#10810,#6599,#6600);
#5429=AXIS2_PLACEMENT_3D('',#10812,#6601,#6602);
#5430=AXIS2_PLACEMENT_3D('',#10814,#6603,#6604);
#5431=AXIS2_PLACEMENT_3D('',#10816,#6605,#6606);
#5432=AXIS2_PLACEMENT_3D('',#10818,#6607,#6608);
#5433=AXIS2_PLACEMENT_3D('',#10820,#6609,#6610);
#5434=AXIS2_PLACEMENT_3D('',#10821,#6611,#6612);
#5435=AXIS2_PLACEMENT_3D('',#10825,#6614,#6615);
#5436=AXIS2_PLACEMENT_3D('',#10829,#6617,#6618);
#5437=AXIS2_PLACEMENT_3D('',#10830,#6619,#6620);
#5438=AXIS2_PLACEMENT_3D('',#10831,#6621,#6622);
#5439=AXIS2_PLACEMENT_3D('',#10832,#6623,#6624);
#5440=AXIS2_PLACEMENT_3D('',#10833,#6625,#6626);
#5441=AXIS2_PLACEMENT_3D('',#10836,#6629,#6630);
#5442=AXIS2_PLACEMENT_3D('',#10838,#6632,#6633);
#5443=AXIS2_PLACEMENT_3D('',#10840,#6635,#6636);
#5444=AXIS2_PLACEMENT_3D('',#10841,#6637,#6638);
#5445=AXIS2_PLACEMENT_3D('',#10842,#6639,#6640);
#5446=AXIS2_PLACEMENT_3D('',#10843,#6641,#6642);
#5447=AXIS2_PLACEMENT_3D('',#10844,#6643,#6644);
#5448=AXIS2_PLACEMENT_3D('',#10845,#6645,#6646);
#5449=AXIS2_PLACEMENT_3D('',#10846,#6647,#6648);
#5450=AXIS2_PLACEMENT_3D('',#10848,#6649,#6650);
#5451=AXIS2_PLACEMENT_3D('',#10850,#6651,#6652);
#5452=AXIS2_PLACEMENT_3D('',#10852,#6653,#6654);
#5453=AXIS2_PLACEMENT_3D('',#10853,#6655,#6656);
#5454=AXIS2_PLACEMENT_3D('',#10855,#6657,#6658);
#5455=AXIS2_PLACEMENT_3D('',#10857,#6659,#6660);
#5456=AXIS2_PLACEMENT_3D('',#10858,#6661,#6662);
#5457=AXIS2_PLACEMENT_3D('',#10861,#6665,#6666);
#5458=AXIS2_PLACEMENT_3D('',#10864,#6669,#6670);
#5459=AXIS2_PLACEMENT_3D('',#10865,#6671,#6672);
#5460=AXIS2_PLACEMENT_3D('',#10866,#6673,#6674);
#5461=AXIS2_PLACEMENT_3D('',#10868,#6675,#6676);
#5462=AXIS2_PLACEMENT_3D('',#10870,#6677,#6678);
#5463=AXIS2_PLACEMENT_3D('',#10872,#6679,#6680);
#5464=AXIS2_PLACEMENT_3D('',#10873,#6681,#6682);
#5465=AXIS2_PLACEMENT_3D('',#10875,#6683,#6684);
#5466=AXIS2_PLACEMENT_3D('',#10877,#6685,#6686);
#5467=AXIS2_PLACEMENT_3D('',#10878,#6687,#6688);
#5468=AXIS2_PLACEMENT_3D('',#10881,#6691,#6692);
#5469=AXIS2_PLACEMENT_3D('',#10884,#6695,#6696);
#5470=AXIS2_PLACEMENT_3D('',#10885,#6697,#6698);
#5471=AXIS2_PLACEMENT_3D('',#10886,#6699,#6700);
#5472=AXIS2_PLACEMENT_3D('',#10887,#6701,#6702);
#5473=AXIS2_PLACEMENT_3D('',#10888,#6703,#6704);
#5474=AXIS2_PLACEMENT_3D('',#10889,#6705,#6706);
#5475=AXIS2_PLACEMENT_3D('',#10890,#6707,#6708);
#5476=AXIS2_PLACEMENT_3D('',#10891,#6709,#6710);
#5477=AXIS2_PLACEMENT_3D('',#10892,#6711,#6712);
#5478=AXIS2_PLACEMENT_3D('',#10893,#6713,#6714);
#5479=AXIS2_PLACEMENT_3D('',#10894,#6715,#6716);
#5480=AXIS2_PLACEMENT_3D('',#10895,#6717,#6718);
#5481=AXIS2_PLACEMENT_3D('',#10897,#6719,#6720);
#5482=AXIS2_PLACEMENT_3D('',#10911,#6721,#6722);
#5483=AXIS2_PLACEMENT_3D('',#10923,#6728,#6729);
#5484=AXIS2_PLACEMENT_3D('',#10926,#6731,#6732);
#5485=AXIS2_PLACEMENT_3D('',#10936,#6737,#6738);
#5486=AXIS2_PLACEMENT_3D('',#10941,#6741,#6742);
#5487=AXIS2_PLACEMENT_3D('',#10942,#6743,#6744);
#5488=AXIS2_PLACEMENT_3D('',#10947,#6746,#6747);
#5489=AXIS2_PLACEMENT_3D('',#10951,#6749,#6750);
#5490=AXIS2_PLACEMENT_3D('',#10955,#6752,#6753);
#5491=AXIS2_PLACEMENT_3D('',#10958,#6755,#6756);
#5492=AXIS2_PLACEMENT_3D('',#10959,#6757,#6758);
#5493=AXIS2_PLACEMENT_3D('',#10961,#6759,#6760);
#5494=AXIS2_PLACEMENT_3D('',#10963,#6761,#6762);
#5495=AXIS2_PLACEMENT_3D('',#10967,#6764,#6765);
#5496=AXIS2_PLACEMENT_3D('',#10970,#6767,#6768);
#5497=AXIS2_PLACEMENT_3D('',#10974,#6770,#6771);
#5498=AXIS2_PLACEMENT_3D('',#10977,#6773,#6774);
#5499=AXIS2_PLACEMENT_3D('',#10981,#6776,#6777);
#5500=AXIS2_PLACEMENT_3D('',#10982,#6778,#6779);
#5501=AXIS2_PLACEMENT_3D('',#10986,#6781,#6782);
#5502=AXIS2_PLACEMENT_3D('',#10990,#6784,#6785);
#5503=AXIS2_PLACEMENT_3D('',#10994,#6787,#6788);
#5504=AXIS2_PLACEMENT_3D('',#10995,#6789,#6790);
#5505=AXIS2_PLACEMENT_3D('',#10998,#6793,#6794);
#5506=AXIS2_PLACEMENT_3D('',#10999,#6795,#6796);
#5507=AXIS2_PLACEMENT_3D('',#11001,#6797,#6798);
#5508=AXIS2_PLACEMENT_3D('',#11006,#6800,#6801);
#5509=AXIS2_PLACEMENT_3D('',#11007,#6802,#6803);
#5510=AXIS2_PLACEMENT_3D('',#11011,#6805,#6806);
#5511=AXIS2_PLACEMENT_3D('',#11012,#6807,#6808);
#5512=AXIS2_PLACEMENT_3D('',#11013,#6809,#6810);
#5513=AXIS2_PLACEMENT_3D('',#11015,#6811,#6812);
#5514=AXIS2_PLACEMENT_3D('',#11017,#6813,#6814);
#5515=AXIS2_PLACEMENT_3D('',#11030,#6819,#6820);
#5516=AXIS2_PLACEMENT_3D('',#11043,#6825,#6826);
#5517=AXIS2_PLACEMENT_3D('',#11049,#6830,#6831);
#5518=AXIS2_PLACEMENT_3D('',#11055,#6835,#6836);
#5519=AXIS2_PLACEMENT_3D('',#11061,#6840,#6841);
#5520=AXIS2_PLACEMENT_3D('',#11062,#6842,#6843);
#5521=AXIS2_PLACEMENT_3D('',#11064,#6844,#6845);
#5522=AXIS2_PLACEMENT_3D('',#11066,#6846,#6847);
#5523=AXIS2_PLACEMENT_3D('',#11068,#6848,#6849);
#5524=AXIS2_PLACEMENT_3D('',#11071,#6851,#6852);
#5525=AXIS2_PLACEMENT_3D('',#11072,#6853,#6854);
#5526=AXIS2_PLACEMENT_3D('',#11073,#6855,#6856);
#5527=AXIS2_PLACEMENT_3D('',#11074,#6857,#6858);
#5528=AXIS2_PLACEMENT_3D('',#11075,#6859,#6860);
#5529=AXIS2_PLACEMENT_3D('',#11081,#6864,#6865);
#5530=AXIS2_PLACEMENT_3D('',#11082,#6866,#6867);
#5531=AXIS2_PLACEMENT_3D('',#11092,#6872,#6873);
#5532=AXIS2_PLACEMENT_3D('',#11093,#6874,#6875);
#5533=AXIS2_PLACEMENT_3D('',#11095,#6876,#6877);
#5534=AXIS2_PLACEMENT_3D('',#11096,#6878,#6879);
#5535=AXIS2_PLACEMENT_3D('',#11097,#6880,#6881);
#5536=AXIS2_PLACEMENT_3D('',#11098,#6882,#6883);
#5537=AXIS2_PLACEMENT_3D('',#11099,#6884,#6885);
#5538=AXIS2_PLACEMENT_3D('',#11100,#6886,#6887);
#5539=AXIS2_PLACEMENT_3D('',#11102,#6888,#6889);
#5540=AXIS2_PLACEMENT_3D('',#11103,#6890,#6891);
#5541=AXIS2_PLACEMENT_3D('',#11104,#6892,#6893);
#5542=AXIS2_PLACEMENT_3D('',#11105,#6894,#6895);
#5543=AXIS2_PLACEMENT_3D('',#11106,#6896,#6897);
#5544=AXIS2_PLACEMENT_3D('',#11108,#6898,#6899);
#5545=AXIS2_PLACEMENT_3D('',#11110,#6900,#6901);
#5546=AXIS2_PLACEMENT_3D('',#11111,#6902,#6903);
#5547=AXIS2_PLACEMENT_3D('',#11113,#6904,#6905);
#5548=AXIS2_PLACEMENT_3D('',#11115,#6906,#6907);
#5549=AXIS2_PLACEMENT_3D('',#11117,#6908,#6909);
#5550=AXIS2_PLACEMENT_3D('',#11119,#6910,#6911);
#5551=AXIS2_PLACEMENT_3D('',#11120,#6912,#6913);
#5552=AXIS2_PLACEMENT_3D('',#11122,#6914,#6915);
#5553=AXIS2_PLACEMENT_3D('',#11124,#6916,#6917);
#5554=AXIS2_PLACEMENT_3D('',#11126,#6918,#6919);
#5555=AXIS2_PLACEMENT_3D('',#11127,#6920,#6921);
#5556=AXIS2_PLACEMENT_3D('',#11129,#6922,#6923);
#5557=AXIS2_PLACEMENT_3D('',#11131,#6924,#6925);
#5558=AXIS2_PLACEMENT_3D('',#11133,#6926,#6927);
#5559=AXIS2_PLACEMENT_3D('',#11134,#6928,#6929);
#5560=AXIS2_PLACEMENT_3D('',#11136,#6930,#6931);
#5561=AXIS2_PLACEMENT_3D('',#11138,#6932,#6933);
#5562=AXIS2_PLACEMENT_3D('',#11139,#6934,#6935);
#5563=AXIS2_PLACEMENT_3D('',#11140,#6936,#6937);
#5564=AXIS2_PLACEMENT_3D('',#11141,#6938,#6939);
#5565=AXIS2_PLACEMENT_3D('',#11142,#6940,#6941);
#5566=AXIS2_PLACEMENT_3D('',#11145,#6944,#6945);
#5567=AXIS2_PLACEMENT_3D('',#11148,#6948,#6949);
#5568=AXIS2_PLACEMENT_3D('',#11149,#6950,#6951);
#5569=AXIS2_PLACEMENT_3D('',#11151,#6952,#6953);
#5570=AXIS2_PLACEMENT_3D('',#11152,#6954,#6955);
#5571=AXIS2_PLACEMENT_3D('',#11153,#6956,#6957);
#5572=AXIS2_PLACEMENT_3D('',#11154,#6958,#6959);
#5573=AXIS2_PLACEMENT_3D('',#11155,#6960,#6961);
#5574=AXIS2_PLACEMENT_3D('',#11156,#6962,#6963);
#5575=AXIS2_PLACEMENT_3D('',#11157,#6964,#6965);
#5576=AXIS2_PLACEMENT_3D('',#11158,#6966,#6967);
#5577=AXIS2_PLACEMENT_3D('',#11159,#6968,#6969);
#5578=AXIS2_PLACEMENT_3D('',#11160,#6970,#6971);
#5579=AXIS2_PLACEMENT_3D('',#11161,#6972,#6973);
#5580=AXIS2_PLACEMENT_3D('',#11162,#6974,#6975);
#5581=AXIS2_PLACEMENT_3D('',#11163,#6976,#6977);
#5582=AXIS2_PLACEMENT_3D('',#11164,#6978,#6979);
#5583=AXIS2_PLACEMENT_3D('',#11165,#6980,#6981);
#5584=AXIS2_PLACEMENT_3D('',#11166,#6982,#6983);
#5585=AXIS2_PLACEMENT_3D('',#11167,#6984,#6985);
#5586=AXIS2_PLACEMENT_3D('',#11168,#6986,#6987);
#5587=AXIS2_PLACEMENT_3D('',#11169,#6988,#6989);
#5588=AXIS2_PLACEMENT_3D('',#11170,#6990,#6991);
#5589=AXIS2_PLACEMENT_3D('',#11171,#6992,#6993);
#5590=AXIS2_PLACEMENT_3D('',#11172,#6994,#6995);
#5591=AXIS2_PLACEMENT_3D('',#11174,#6996,#6997);
#5592=AXIS2_PLACEMENT_3D('',#11175,#6998,#6999);
#5593=AXIS2_PLACEMENT_3D('',#11176,#7000,#7001);
#5594=AXIS2_PLACEMENT_3D('',#11178,#7002,#7003);
#5595=AXIS2_PLACEMENT_3D('',#11179,#7004,#7005);
#5596=AXIS2_PLACEMENT_3D('',#11180,#7006,#7007);
#5597=AXIS2_PLACEMENT_3D('',#11193,#7008,#7009);
#5598=AXIS2_PLACEMENT_3D('',#11195,#7010,#7011);
#5599=AXIS2_PLACEMENT_3D('',#11196,#7012,#7013);
#5600=AXIS2_PLACEMENT_3D('',#11198,#7014,#7015);
#5601=AXIS2_PLACEMENT_3D('',#11211,#7016,#7017);
#5602=AXIS2_PLACEMENT_3D('',#11212,#7018,#7019);
#5603=AXIS2_PLACEMENT_3D('',#11214,#7020,#7021);
#5604=AXIS2_PLACEMENT_3D('',#11228,#7022,#7023);
#5605=AXIS2_PLACEMENT_3D('',#11229,#7024,#7025);
#5606=AXIS2_PLACEMENT_3D('',#11231,#7026,#7027);
#5607=AXIS2_PLACEMENT_3D('',#11245,#7028,#7029);
#5608=AXIS2_PLACEMENT_3D('',#11246,#7030,#7031);
#5609=AXIS2_PLACEMENT_3D('',#11248,#7032,#7033);
#5610=AXIS2_PLACEMENT_3D('',#11250,#7034,#7035);
#5611=AXIS2_PLACEMENT_3D('',#11251,#7036,#7037);
#5612=AXIS2_PLACEMENT_3D('',#11253,#7038,#7039);
#5613=AXIS2_PLACEMENT_3D('',#11254,#7040,#7041);
#5614=AXIS2_PLACEMENT_3D('',#11256,#7042,#7043);
#5615=AXIS2_PLACEMENT_3D('',#11258,#7044,#7045);
#5616=AXIS2_PLACEMENT_3D('',#11259,#7046,#7047);
#5617=AXIS2_PLACEMENT_3D('',#11260,#7048,#7049);
#5618=AXIS2_PLACEMENT_3D('',#11262,#7050,#7051);
#5619=AXIS2_PLACEMENT_3D('',#11263,#7052,#7053);
#5620=AXIS2_PLACEMENT_3D('',#11264,#7054,#7055);
#5621=AXIS2_PLACEMENT_3D('',#11266,#7056,#7057);
#5622=AXIS2_PLACEMENT_3D('',#11268,#7058,#7059);
#5623=AXIS2_PLACEMENT_3D('',#11269,#7060,#7061);
#5624=AXIS2_PLACEMENT_3D('',#11271,#7062,#7063);
#5625=AXIS2_PLACEMENT_3D('',#11273,#7064,#7065);
#5626=AXIS2_PLACEMENT_3D('',#11274,#7066,#7067);
#5627=AXIS2_PLACEMENT_3D('',#11276,#7068,#7069);
#5628=AXIS2_PLACEMENT_3D('',#11277,#7070,#7071);
#5629=AXIS2_PLACEMENT_3D('',#11279,#7072,#7073);
#5630=AXIS2_PLACEMENT_3D('',#11280,#7074,#7075);
#5631=AXIS2_PLACEMENT_3D('',#11281,#7076,#7077);
#5632=AXIS2_PLACEMENT_3D('',#11283,#7078,#7079);
#5633=AXIS2_PLACEMENT_3D('',#11284,#7080,#7081);
#5634=AXIS2_PLACEMENT_3D('',#11286,#7082,#7083);
#5635=AXIS2_PLACEMENT_3D('',#11287,#7084,#7085);
#5636=AXIS2_PLACEMENT_3D('',#11288,#7086,#7087);
#5637=AXIS2_PLACEMENT_3D('',#11289,#7088,#7089);
#5638=DIRECTION('',(0.,0.,1.));
#5639=DIRECTION('',(1.,0.,0.));
#5640=DIRECTION('',(2.06501482580279E-13,1.6836004161003E-14,1.));
#5641=DIRECTION('',(8.29180212872194E-14,1.,-1.69603024037584E-14));
#5642=DIRECTION('',(2.06501482580279E-13,1.6836004161003E-14,1.));
#5643=DIRECTION('',(8.29180212872194E-14,1.,-1.69603024037584E-14));
#5644=DIRECTION('',(2.06501482580279E-13,1.6836004161003E-14,1.));
#5645=DIRECTION('',(8.29180212872194E-14,1.,-1.69603024037584E-14));
#5646=DIRECTION('',(-2.06501482580279E-13,-1.6836004161003E-14,-1.));
#5647=DIRECTION('',(-8.29180212872194E-14,-1.,1.69603024037584E-14));
#5648=DIRECTION('',(2.06501482580279E-13,1.6836004161003E-14,1.));
#5649=DIRECTION('',(8.29180212872194E-14,1.,-1.69603024037584E-14));
#5650=DIRECTION('',(-2.06501482580279E-13,-1.6836004161003E-14,-1.));
#5651=DIRECTION('',(-8.29180212872194E-14,-1.,1.69603024037584E-14));
#5652=DIRECTION('',(2.06501482580279E-13,1.6836004161003E-14,1.));
#5653=DIRECTION('',(8.29180212872194E-14,1.,-1.69603024037584E-14));
#5654=DIRECTION('',(2.06501482580279E-13,1.69580675429341E-14,1.));
#5655=DIRECTION('',(8.29180212872194E-14,1.,-1.70823657856895E-14));
#5656=DIRECTION('',(-2.06495222012239E-13,-1.71062439017128E-14,-1.));
#5657=DIRECTION('',(-8.29180212872194E-14,-1.,1.72305421444682E-14));
#5658=DIRECTION('',(-2.06501482580279E-13,-1.68902142696273E-14,-1.));
#5659=DIRECTION('',(-1.,8.30230635686412E-14,2.0655034491041E-13));
#5660=DIRECTION('',(-2.06501482580279E-13,-1.68902142696273E-14,-1.));
#5661=DIRECTION('',(-8.99009839649057E-14,-1.,1.70145125123842E-14));
#5662=DIRECTION('',(-2.06501482580279E-13,-1.68902142696273E-14,-1.));
#5663=DIRECTION('',(-1.,8.30230635686412E-14,2.0655034491041E-13));
#5664=DIRECTION('',(-2.06501482580279E-13,-1.68902142696273E-14,-1.));
#5665=DIRECTION('',(-1.,8.30230635686412E-14,2.0655034491041E-13));
#5666=DIRECTION('',(2.06501482580279E-13,1.68902142696273E-14,1.));
#5667=DIRECTION('',(1.,-8.30230635686412E-14,-2.0655034491041E-13));
#5668=DIRECTION('',(-2.06501482580279E-13,-1.68902142696273E-14,-1.));
#5669=DIRECTION('',(-1.,8.30230635686412E-14,2.0655034491041E-13));
#5670=DIRECTION('',(-2.06501482580279E-13,-1.68902142696273E-14,-1.));
#5671=DIRECTION('',(-1.,8.30230635686412E-14,2.0655034491041E-13));
#5672=DIRECTION('',(-2.06501482580279E-13,-1.68902142696273E-14,-1.));
#5673=DIRECTION('',(-1.,8.30230635686412E-14,2.0655034491041E-13));
#5674=DIRECTION('',(-2.06501482580279E-13,-1.68902142696273E-14,-1.));
#5675=DIRECTION('',(-1.,8.30230635686412E-14,2.0655034491041E-13));
#5676=DIRECTION('',(-2.06501482580279E-13,-1.68902142696273E-14,-1.));
#5677=DIRECTION('',(-1.,8.30230635686412E-14,2.0655034491041E-13));
#5678=DIRECTION('',(-2.06501482580279E-13,-1.68902142696273E-14,-1.));
#5679=DIRECTION('',(-1.,8.30230635686412E-14,2.0655034491041E-13));
#5680=DIRECTION('',(-2.06501482580279E-13,-1.68902142696273E-14,-1.));
#5681=DIRECTION('',(-1.,8.30230635686412E-14,2.0655034491041E-13));
#5682=DIRECTION('',(-2.06501482580279E-13,-1.68902142696273E-14,-1.));
#5683=DIRECTION('',(-1.,8.30230635686412E-14,2.0655034491041E-13));
#5684=DIRECTION('',(-2.06501482580279E-13,-1.68902142696273E-14,-1.));
#5685=DIRECTION('',(-1.,8.30230635686412E-14,2.0655034491041E-13));
#5686=DIRECTION('',(-2.06501482580279E-13,-1.68902142696273E-14,-1.));
#5687=DIRECTION('',(-1.,8.30230635686412E-14,2.0655034491041E-13));
#5688=DIRECTION('',(-2.06501482580279E-13,-1.68902142696273E-14,-1.));
#5689=DIRECTION('',(-1.,8.30230635686412E-14,2.0655034491041E-13));
#5690=DIRECTION('',(-2.06501482580279E-13,-1.68902142696273E-14,-1.));
#5691=DIRECTION('',(-1.,8.30230635686412E-14,2.0655034491041E-13));
#5692=DIRECTION('',(-2.06501482580279E-13,-1.68902142696273E-14,-1.));
#5693=DIRECTION('',(-1.,8.30230635686412E-14,2.0655034491041E-13));
#5694=DIRECTION('',(-2.06501482580279E-13,-1.68902142696273E-14,-1.));
#5695=DIRECTION('',(-1.,8.30230635686412E-14,2.0655034491041E-13));
#5696=DIRECTION('',(-2.06501482580279E-13,-1.68902142696273E-14,-1.));
#5697=DIRECTION('',(-1.,8.30230635686412E-14,2.0655034491041E-13));
#5698=DIRECTION('',(-2.06501482580279E-13,-1.68902142696273E-14,-1.));
#5699=DIRECTION('',(-1.,8.30230635686412E-14,2.0655034491041E-13));
#5700=DIRECTION('',(-2.06501482580279E-13,-1.68902142696273E-14,-1.));
#5701=DIRECTION('',(-1.,8.30230635686412E-14,2.0655034491041E-13));
#5702=DIRECTION('',(-0.866025403784397,0.500000000000072,1.70370589596661E-13));
#5703=DIRECTION('',(8.29180212872194E-14,1.,-1.70145125123827E-14));
#5704=DIRECTION('',(0.86602540378448,0.499999999999928,-1.87385102109044E-13));
#5705=DIRECTION('',(0.866025403784398,-0.500000000000072,-1.70370589596661E-13));
#5706=DIRECTION('',(-8.30682527470931E-14,-1.,1.70145125123828E-14));
#5707=DIRECTION('',(-0.86602540378448,-0.499999999999928,1.87385102109044E-13));
#5708=DIRECTION('',(-1.,8.30230635686412E-14,2.0655034491041E-13));
#5709=DIRECTION('',(2.06501482580279E-13,1.68902142696273E-14,1.));
#5710=DIRECTION('',(-2.06501482580279E-13,-1.68902142696273E-14,-1.));
#5711=DIRECTION('',(-2.06501482580279E-13,-1.68902142696273E-14,-1.));
#5712=DIRECTION('',(-0.499999999999928,0.866025403784481,8.85401723864731E-14));
#5713=DIRECTION('',(0.86602540378448,0.499999999999928,-1.87385102109044E-13));
#5714=DIRECTION('',(-2.06501482580279E-13,-1.68902142696273E-14,-1.));
#5715=DIRECTION('',(0.500000000000072,0.866025403784396,-1.18010172523936E-13));
#5716=DIRECTION('',(0.866025403784398,-0.500000000000072,-1.70370589596661E-13));
#5717=DIRECTION('',(-2.06501482580279E-13,-1.68902142696273E-14,-1.));
#5718=DIRECTION('',(1.,-8.31732950285149E-14,-2.0655034491041E-13));
#5719=DIRECTION('',(-8.30682527470931E-14,-1.,1.70145125123828E-14));
#5720=DIRECTION('',(-2.06501482580279E-13,-1.68902142696273E-14,-1.));
#5721=DIRECTION('',(0.499999999999928,-0.866025403784481,-8.85401723864731E-14));
#5722=DIRECTION('',(-0.86602540378448,-0.499999999999928,1.87385102109044E-13));
#5723=DIRECTION('',(-2.06501482580279E-13,-1.68902142696273E-14,-1.));
#5724=DIRECTION('',(-0.500000000000072,-0.866025403784396,1.18010172523936E-13));
#5725=DIRECTION('',(-0.866025403784398,0.500000000000072,1.70370589596661E-13));
#5726=DIRECTION('',(2.06501482580279E-13,1.69580675429341E-14,1.));
#5727=DIRECTION('',(8.29180212872194E-14,1.,-1.70823657856895E-14));
#5728=DIRECTION('',(0.,0.,1.));
#5729=DIRECTION('',(1.,0.,0.));
#5730=DIRECTION('',(-1.4710455076366E-13,-2.06873689356977E-15,-1.));
#5731=DIRECTION('',(1.,-3.21193378928968E-14,-1.47125657517761E-13));
#5732=DIRECTION('',(-1.4710455076366E-13,-2.06873689356977E-15,-1.));
#5733=DIRECTION('',(1.,-3.21193378928968E-14,-1.47125657517761E-13));
#5734=DIRECTION('',(1.4710455076366E-13,2.06873689356977E-15,1.));
#5735=DIRECTION('',(-1.,3.21193378928968E-14,1.47125657517761E-13));
#5736=DIRECTION('',(1.4710455076366E-13,2.06873689356977E-15,1.));
#5737=DIRECTION('',(-1.,3.21193378928968E-14,1.47125657517761E-13));
#5738=DIRECTION('',(1.4710455076366E-13,2.06873689356977E-15,1.));
#5739=DIRECTION('',(-1.,3.21193378928968E-14,1.47125657517761E-13));
#5740=DIRECTION('',(1.4710455076366E-13,2.06873689356977E-15,1.));
#5741=DIRECTION('',(-1.,3.21193378928968E-14,1.47125657517761E-13));
#5742=DIRECTION('',(1.4710455076366E-13,2.06873689356977E-15,1.));
#5743=DIRECTION('',(-1.,3.21193378928968E-14,1.47125657517761E-13));
#5744=DIRECTION('',(1.4710455076366E-13,2.06873689356977E-15,1.));
#5745=DIRECTION('',(-1.,3.21193378928968E-14,1.47125657517761E-13));
#5746=DIRECTION('',(1.4710455076366E-13,2.06873689356977E-15,1.));
#5747=DIRECTION('',(-1.,3.21193378928968E-14,1.47125657517761E-13));
#5748=DIRECTION('',(1.4710455076366E-13,2.06873689356977E-15,1.));
#5749=DIRECTION('',(-1.,3.21193378928968E-14,1.47125657517761E-13));
#5750=DIRECTION('',(1.4710455076366E-13,2.06873689356977E-15,1.));
#5751=DIRECTION('',(-1.,3.21193378928968E-14,1.47125657517761E-13));
#5752=DIRECTION('',(1.4710455076366E-13,2.06873689356977E-15,1.));
#5753=DIRECTION('',(-1.,3.21193378928968E-14,1.47125657517761E-13));
#5754=DIRECTION('',(1.4710455076366E-13,2.06873689356977E-15,1.));
#5755=DIRECTION('',(-1.,3.21193378928968E-14,1.47125657517761E-13));
#5756=DIRECTION('',(1.4710455076366E-13,2.06873689356977E-15,1.));
#5757=DIRECTION('',(-1.,3.21193378928968E-14,1.47125657517761E-13));
#5758=DIRECTION('',(1.4710455076366E-13,2.06873689356977E-15,1.));
#5759=DIRECTION('',(-1.,3.21193378928968E-14,1.47125657517761E-13));
#5760=DIRECTION('',(1.4710455076366E-13,2.06873689356977E-15,1.));
#5761=DIRECTION('',(-1.,3.21193378928968E-14,1.47125657517761E-13));
#5762=DIRECTION('',(1.4710455076366E-13,2.06873689356977E-15,1.));
#5763=DIRECTION('',(-1.,3.21193378928968E-14,1.47125657517761E-13));
#5764=DIRECTION('',(1.4710455076366E-13,2.06873689356977E-15,1.));
#5765=DIRECTION('',(-1.,3.21193378928968E-14,1.47125657517761E-13));
#5766=DIRECTION('',(1.4710455076366E-13,2.06873689356977E-15,1.));
#5767=DIRECTION('',(-1.,3.21193378928968E-14,1.47125657517761E-13));
#5768=DIRECTION('',(1.4710455076366E-13,2.06873689356977E-15,1.));
#5769=DIRECTION('',(-1.,3.21193378928968E-14,1.47125657517761E-13));
#5770=DIRECTION('',(1.4710455076366E-13,2.06873689356977E-15,1.));
#5771=DIRECTION('',(-1.,3.21193378928968E-14,1.47125657517761E-13));
#5772=DIRECTION('',(0.500000000000028,0.866025403784423,-7.54139788188133E-14));
#5773=DIRECTION('',(-0.866025403784423,0.500000000000028,1.26345794973457E-13));
#5774=DIRECTION('',(-1.4710455076366E-13,-2.06873689356977E-15,-1.));
#5775=DIRECTION('',(-1.4710455076366E-13,-2.06873689356977E-15,-1.));
#5776=DIRECTION('',(-0.499999999999972,0.866025403784454,7.17116786989477E-14));
#5777=DIRECTION('',(-0.866025403784454,-0.499999999999972,1.28483318944282E-13));
#5778=DIRECTION('',(-1.4710455076366E-13,-2.06873689356977E-15,-1.));
#5779=DIRECTION('',(-1.,3.20120297072727E-14,1.47125657517761E-13));
#5780=DIRECTION('',(-3.185147627627E-14,-1.,2.13752397082518E-15));
#5781=DIRECTION('',(-1.4710455076366E-13,-2.06873689356977E-15,-1.));
#5782=DIRECTION('',(-0.500000000000028,-0.866025403784423,7.54139788188133E-14));
#5783=DIRECTION('',(0.866025403784423,-0.500000000000028,-1.26345794973457E-13));
#5784=DIRECTION('',(-1.4710455076366E-13,-2.06873689356977E-15,-1.));
#5785=DIRECTION('',(0.499999999999972,-0.866025403784454,-7.17116786989477E-14));
#5786=DIRECTION('',(0.866025403784454,0.499999999999972,-1.28483318944282E-13));
#5787=DIRECTION('',(-1.4710455076366E-13,-2.06873689356977E-15,-1.));
#5788=DIRECTION('',(1.,-3.20120297072727E-14,-1.47125657517761E-13));
#5789=DIRECTION('',(3.185147627627E-14,1.,-2.13752397082518E-15));
#5790=DIRECTION('',(-1.4710455076366E-13,-2.06873689356977E-15,-1.));
#5791=DIRECTION('',(1.,-3.21193378928968E-14,-1.47125657517761E-13));
#5792=DIRECTION('',(-1.4710455076366E-13,-2.06873689356977E-15,-1.));
#5793=DIRECTION('',(-1.,3.21193378928968E-14,1.47125657517761E-13));
#5794=DIRECTION('',(-1.4710455076366E-13,-2.06873689356977E-15,-1.));
#5795=DIRECTION('',(-1.,3.21193378928968E-14,1.47125657517761E-13));
#5796=DIRECTION('',(-1.4710455076366E-13,-2.06873689356977E-15,-1.));
#5797=DIRECTION('',(-1.,3.21193378928968E-14,1.47125657517761E-13));
#5798=DIRECTION('',(-1.4710455076366E-13,-2.06873689356977E-15,-1.));
#5799=DIRECTION('',(-1.,3.21193378928968E-14,1.47125657517761E-13));
#5800=DIRECTION('',(-1.4710455076366E-13,-2.06873689356977E-15,-1.));
#5801=DIRECTION('',(-1.,3.21193378928968E-14,1.47125657517761E-13));
#5802=DIRECTION('',(-1.4710455076366E-13,-2.06873689356977E-15,-1.));
#5803=DIRECTION('',(-1.,3.21193378928968E-14,1.47125657517761E-13));
#5804=DIRECTION('',(1.4710455076366E-13,2.06873689356977E-15,1.));
#5805=DIRECTION('',(-1.,3.21193378928968E-14,1.47125657517761E-13));
#5806=DIRECTION('',(1.4710455076366E-13,2.06873689356977E-15,1.));
#5807=DIRECTION('',(-1.,3.21193378928968E-14,1.47125657517761E-13));
#5808=DIRECTION('',(1.4710455076366E-13,2.06873689356977E-15,1.));
#5809=DIRECTION('',(-1.,3.21193378928968E-14,1.47125657517761E-13));
#5810=DIRECTION('',(1.4710455076366E-13,2.06873689356977E-15,1.));
#5811=DIRECTION('',(-1.,3.21193378928968E-14,1.47125657517761E-13));
#5812=DIRECTION('',(1.4710455076366E-13,2.06873689356977E-15,1.));
#5813=DIRECTION('',(-1.,3.21193378928968E-14,1.47125657517761E-13));
#5814=DIRECTION('',(1.4710455076366E-13,2.06873689356977E-15,1.));
#5815=DIRECTION('',(-1.,3.21193378928968E-14,1.47125657517761E-13));
#5816=DIRECTION('',(1.4710455076366E-13,2.06873689356977E-15,1.));
#5817=DIRECTION('',(-1.,3.21193378928968E-14,1.47125657517761E-13));
#5818=DIRECTION('',(-1.4710455076366E-13,-2.06873689356977E-15,-1.));
#5819=DIRECTION('',(-1.,3.21193378928968E-14,1.47125657517761E-13));
#5820=DIRECTION('',(0.,0.,1.));
#5821=DIRECTION('',(1.,0.,0.));
#5822=DIRECTION('',(0.766044443118926,-0.642787609686601,-1.50132585074128E-13));
#5823=DIRECTION('',(-0.642787609686601,-0.766044443118926,1.438391857368E-13));
#5824=DIRECTION('',(-2.07389660999979E-13,-1.36705675000755E-14,-1.));
#5825=DIRECTION('',(0.642787609686601,0.766044443118926,-1.438391857368E-13));
#5826=DIRECTION('',(2.07389660999979E-13,1.36705675000755E-14,1.));
#5827=DIRECTION('',(0.642787609686601,0.766044443118926,-1.438391857368E-13));
#5828=DIRECTION('',(2.07389660999979E-13,1.36705675000755E-14,1.));
#5829=DIRECTION('',(0.642787609686601,0.766044443118926,-1.438391857368E-13));
#5830=DIRECTION('',(0.76604444311903,0.642787609686478,-1.67724195107112E-13));
#5831=DIRECTION('',(0.642787609686478,-0.76604444311903,-1.22874321280475E-13));
#5832=DIRECTION('',(2.07389660999979E-13,1.36705675000755E-14,1.));
#5833=DIRECTION('',(-0.642787609686478,0.76604444311903,1.22874321280475E-13));
#5834=DIRECTION('',(2.07389660999979E-13,1.36705675000755E-14,1.));
#5835=DIRECTION('',(-0.642787609686478,0.76604444311903,1.22874321280475E-13));
#5836=DIRECTION('',(-2.07389660999979E-13,-1.36705675000755E-14,-1.));
#5837=DIRECTION('',(-0.642787609686478,0.76604444311903,1.22874321280475E-13));
#5838=DIRECTION('',(2.07389660999979E-13,1.36705675000755E-14,1.));
#5839=DIRECTION('',(-1.,8.13577290335331E-14,2.07466278906138E-13));
#5840=DIRECTION('',(2.07389660999979E-13,1.36705675000755E-14,1.));
#5841=DIRECTION('',(1.,-8.13577290335331E-14,-2.07466278906138E-13));
#5842=DIRECTION('',(-0.642787609686478,0.76604444311903,1.22874321280475E-13));
#5843=DIRECTION('',(2.07389660999979E-13,1.36705675000755E-14,1.));
#5844=DIRECTION('',(1.,-8.13577290335331E-14,-2.07466278906138E-13));
#5845=DIRECTION('',(0.642787609686601,0.766044443118926,-1.438391857368E-13));
#5846=DIRECTION('',(2.07389660999979E-13,1.36705675000755E-14,1.));
#5847=DIRECTION('',(1.,-8.13577290335331E-14,-2.07466278906138E-13));
#5848=DIRECTION('',(2.07389660999979E-13,1.36705675000755E-14,1.));
#5849=DIRECTION('',(1.,-8.13577290335331E-14,-2.07466278906138E-13));
#5850=DIRECTION('',(2.07389660999979E-13,1.36705675000755E-14,1.));
#5851=DIRECTION('',(1.,-8.13577290335331E-14,-2.07466278906138E-13));
#5852=DIRECTION('',(2.07389660999979E-13,1.36705675000755E-14,1.));
#5853=DIRECTION('',(1.,-8.13577290335331E-14,-2.07466278906138E-13));
#5854=DIRECTION('',(2.07389660999979E-13,1.36705675000755E-14,1.));
#5855=DIRECTION('',(-1.,8.13577290335331E-14,2.07466278906138E-13));
#5856=DIRECTION('',(2.07389660999979E-13,1.36705675000755E-14,1.));
#5857=DIRECTION('',(1.,-8.13577290335331E-14,-2.07466278906138E-13));
#5858=DIRECTION('',(2.07389660999979E-13,1.36705675000755E-14,1.));
#5859=DIRECTION('',(1.,-8.13577290335331E-14,-2.07466278906138E-13));
#5860=DIRECTION('',(2.07389660999979E-13,1.36705675000755E-14,1.));
#5861=DIRECTION('',(1.,-8.13577290335331E-14,-2.07466278906138E-13));
#5862=DIRECTION('',(-2.07389660999979E-13,-1.36705675000755E-14,-1.));
#5863=DIRECTION('',(-1.,8.13577290335331E-14,2.07466278906138E-13));
#5864=DIRECTION('',(0.642787609686601,0.766044443118926,-1.438391857368E-13));
#5865=DIRECTION('',(-2.07389660999979E-13,-1.36705675000755E-14,-1.));
#5866=DIRECTION('',(-1.,8.13577290335331E-14,2.07466278906138E-13));
#5867=DIRECTION('',(-0.642787609686478,0.76604444311903,1.22874321280475E-13));
#5868=DIRECTION('',(-2.07389660999979E-13,-1.36705675000755E-14,-1.));
#5869=DIRECTION('',(-1.,8.13577290335331E-14,2.07466278906138E-13));
#5870=DIRECTION('',(-2.07389660999979E-13,-1.36705675000755E-14,-1.));
#5871=DIRECTION('',(-1.,8.13577290335331E-14,2.07466278906138E-13));
#5872=DIRECTION('',(-2.07389660999979E-13,-1.36705675000755E-14,-1.));
#5873=DIRECTION('',(2.07389660999979E-13,1.36705675000755E-14,1.));
#5874=DIRECTION('',(1.,-8.13577290335331E-14,-2.07466278906138E-13));
#5875=DIRECTION('',(-2.07389660999979E-13,-1.36705675000755E-14,-1.));
#5876=DIRECTION('',(-2.07389660999979E-13,-1.36705675000755E-14,-1.));
#5877=DIRECTION('',(-1.,8.13577290335331E-14,2.07466278906138E-13));
#5878=DIRECTION('',(2.07389660999979E-13,1.36705675000755E-14,1.));
#5879=DIRECTION('',(1.,-8.13577290335331E-14,-2.07466278906138E-13));
#5880=DIRECTION('',(2.07389660999979E-13,1.36705675000755E-14,1.));
#5881=DIRECTION('',(-2.07389660999979E-13,-1.36705675000755E-14,-1.));
#5882=DIRECTION('',(-1.,8.13577290335331E-14,2.07466278906138E-13));
#5883=DIRECTION('',(2.07389660999979E-13,1.36705675000755E-14,1.));
#5884=DIRECTION('',(2.07389660999979E-13,1.36705675000755E-14,1.));
#5885=DIRECTION('',(1.,-8.13577290335331E-14,-2.07466278906138E-13));
#5886=DIRECTION('',(-2.07389660999979E-13,-1.36705675000755E-14,-1.));
#5887=DIRECTION('',(-1.,8.13577290335331E-14,2.07466278906138E-13));
#5888=DIRECTION('',(-2.07389660999979E-13,-1.45379292380639E-14,-1.));
#5889=DIRECTION('',(-8.12526867527767E-14,-1.,1.45512051785636E-14));
#5890=DIRECTION('',(0.642787609686601,0.766044443118926,-1.438391857368E-13));
#5891=DIRECTION('',(0.766044443118926,-0.642787609686601,-1.50132585074128E-13));
#5892=DIRECTION('',(-0.648198738867513,0.761471204268793,1.22836833828919E-13));
#5893=DIRECTION('',(0.761471204268793,0.648198738867513,-1.66849447304854E-13));
#5894=DIRECTION('',(2.07389660999979E-13,1.36705675000755E-14,1.));
#5895=DIRECTION('',(1.,-8.13577290335331E-14,-2.07466278906138E-13));
#5896=DIRECTION('',(-2.07389660999979E-13,-1.36705675000755E-14,-1.));
#5897=DIRECTION('',(-1.,8.13577290335331E-14,2.07466278906138E-13));
#5898=DIRECTION('',(-2.07389660999979E-13,-1.36705675000755E-14,-1.));
#5899=DIRECTION('',(-1.,8.13577290335331E-14,2.07466278906138E-13));
#5900=DIRECTION('',(0.648198738867637,0.761471204268687,-1.44899233088227E-13));
#5901=DIRECTION('',(0.761471204268687,-0.648198738867637,-1.49109747182769E-13));
#5902=DIRECTION('',(-0.642787609686601,-0.766044443118926,1.438391857368E-13));
#5903=DIRECTION('',(-0.766044443118926,0.642787609686601,1.50132585074128E-13));
#5904=DIRECTION('',(-0.642787609686601,-0.766044443118926,1.4450362337636E-13));
#5905=DIRECTION('',(-0.766044443118926,0.642787609686601,1.50132585074128E-13));
#5906=DIRECTION('',(-2.07389660999979E-13,-1.36705675000755E-14,-1.));
#5907=DIRECTION('',(-1.,8.13577290335331E-14,2.07466278906138E-13));
#5908=DIRECTION('',(2.07389660999979E-13,1.36705675000755E-14,1.));
#5909=DIRECTION('',(1.,-8.13577290335331E-14,-2.07466278906138E-13));
#5910=DIRECTION('',(2.07389660999979E-13,1.36705675000755E-14,1.));
#5911=DIRECTION('',(1.,-8.13577290335331E-14,-2.07466278906138E-13));
#5912=DIRECTION('',(-2.07389660999979E-13,-1.36705675000755E-14,-1.));
#5913=DIRECTION('',(-1.,8.13577290335331E-14,2.07466278906138E-13));
#5914=DIRECTION('',(-0.642787609686478,0.76604444311903,1.2409628829833E-13));
#5915=DIRECTION('',(0.76604444311903,0.642787609686478,-1.67724195107112E-13));
#5916=DIRECTION('',(-0.642787609686478,0.76604444311903,1.22874321280475E-13));
#5917=DIRECTION('',(0.76604444311903,0.642787609686478,-1.67724195107112E-13));
#5918=DIRECTION('',(0.642787609686478,-0.76604444311903,-1.22874321280475E-13));
#5919=DIRECTION('',(-0.76604444311903,-0.642787609686478,1.67724195107112E-13));
#5920=DIRECTION('',(-2.07389660999979E-13,-1.36705675000755E-14,-1.));
#5921=DIRECTION('',(-1.,8.13577290335331E-14,2.07466278906138E-13));
#5922=DIRECTION('',(2.07389660999979E-13,1.36705675000755E-14,1.));
#5923=DIRECTION('',(1.,-8.13577290335331E-14,-2.07466278906138E-13));
#5924=DIRECTION('',(-2.07389660999979E-13,-1.36705675000755E-14,-1.));
#5925=DIRECTION('',(-1.,8.13577290335331E-14,2.07466278906138E-13));
#5926=DIRECTION('',(2.07389660999979E-13,1.36705675000755E-14,1.));
#5927=DIRECTION('',(1.,-8.13577290335331E-14,-2.07466278906138E-13));
#5928=DIRECTION('',(0.642787609686601,0.766044443118926,-1.438391857368E-13));
#5929=DIRECTION('',(0.766044443118926,-0.642787609686601,-1.50132585074128E-13));
#5930=DIRECTION('',(0.642787609686601,0.766044443118926,-1.438391857368E-13));
#5931=DIRECTION('',(0.766044443118926,-0.642787609686601,-1.50132585074128E-13));
#5932=DIRECTION('',(2.07389660999979E-13,1.36705675000755E-14,1.));
#5933=DIRECTION('',(1.,-8.13577290335331E-14,-2.07466278906138E-13));
#5934=DIRECTION('',(0.69412675407597,-0.719852796949459,-1.34157541783634E-13));
#5935=DIRECTION('',(-0.719852796949458,-0.69412675407597,1.5884350297396E-13));
#5936=DIRECTION('',(2.07389660999979E-13,1.36705675000755E-14,1.));
#5937=DIRECTION('',(1.,-8.13577290335331E-14,-2.07466278906138E-13));
#5938=DIRECTION('',(0.694126754076087,0.719852796949346,-1.53858247731066E-13));
#5939=DIRECTION('',(0.719852796949346,-0.694126754076088,-1.39846859312577E-13));
#5940=DIRECTION('',(2.07389660999979E-13,1.36705675000755E-14,1.));
#5941=DIRECTION('',(1.,-8.13577290335331E-14,-2.07466278906138E-13));
#5942=DIRECTION('',(0.642787609686479,-0.766044443119029,-1.22874321280475E-13));
#5943=DIRECTION('',(-0.766044443119029,-0.642787609686479,1.67724195107112E-13));
#5944=DIRECTION('',(0.642787609686478,-0.76604444311903,-1.22874321280475E-13));
#5945=DIRECTION('',(-0.76604444311903,-0.642787609686478,1.67724195107112E-13));
#5946=DIRECTION('',(0.,0.,1.));
#5947=DIRECTION('',(1.,0.,0.));
#5948=DIRECTION('',(0.,-1.45909136176888E-16,1.));
#5949=DIRECTION('',(0.,1.,1.45909136176888E-16));
#5950=DIRECTION('',(0.,-1.45909136176888E-16,1.));
#5951=DIRECTION('',(0.,-1.,-1.45909136176888E-16));
#5952=DIRECTION('',(0.,-1.45909136176888E-16,1.));
#5953=DIRECTION('',(0.,-1.,-1.45909136176888E-16));
#5954=DIRECTION('',(0.,-1.45909136176888E-16,1.));
#5955=DIRECTION('',(0.,-1.,-1.45909136176888E-16));
#5956=DIRECTION('',(0.,1.45909136176888E-16,-1.));
#5957=DIRECTION('',(0.,1.,1.45909136176888E-16));
#5958=DIRECTION('',(0.,-1.45909136176888E-16,1.));
#5959=DIRECTION('',(0.,-1.,-1.45909136176888E-16));
#5960=DIRECTION('',(0.,-1.45909136176888E-16,1.));
#5961=DIRECTION('',(0.,1.,1.45909136176888E-16));
#5962=DIRECTION('',(0.,0.,1.));
#5963=DIRECTION('',(1.,0.,0.));
#5964=DIRECTION('',(0.,-1.45909136176888E-16,1.));
#5965=DIRECTION('',(0.,1.,1.45909136176888E-16));
#5966=DIRECTION('',(0.,-1.45909136176888E-16,1.));
#5967=DIRECTION('',(0.,-1.,-1.45909136176888E-16));
#5968=DIRECTION('',(0.,-1.45909136176888E-16,1.));
#5969=DIRECTION('',(0.,-1.,-1.45909136176888E-16));
#5970=DIRECTION('',(0.,-1.45909136176888E-16,1.));
#5971=DIRECTION('',(0.,-1.,-1.45909136176888E-16));
#5972=DIRECTION('',(0.,1.45909136176888E-16,-1.));
#5973=DIRECTION('',(0.,1.,1.45909136176888E-16));
#5974=DIRECTION('',(0.,-1.45909136176888E-16,1.));
#5975=DIRECTION('',(0.,-1.,-1.45909136176888E-16));
#5976=DIRECTION('',(0.,-1.45909136176888E-16,1.));
#5977=DIRECTION('',(0.,1.,1.45909136176888E-16));
#5978=DIRECTION('',(0.,0.,1.));
#5979=DIRECTION('',(1.,0.,0.));
#5980=DIRECTION('',(-2.07389660999979E-13,-1.36705675000755E-14,-1.));
#5981=DIRECTION('',(-1.,8.13577290335331E-14,2.07466278906138E-13));
#5982=DIRECTION('',(-2.07389660999979E-13,-1.36705675000755E-14,-1.));
#5983=DIRECTION('',(-1.,8.13577290335331E-14,2.07466278906138E-13));
#5984=DIRECTION('',(-2.07389660999979E-13,-1.36705675000755E-14,-1.));
#5985=DIRECTION('',(-2.07389660999979E-13,-1.36705675000755E-14,-1.));
#5986=DIRECTION('',(-1.,8.13577290335331E-14,2.07466278906138E-13));
#5987=DIRECTION('',(-2.07389660999979E-13,-1.36705675000755E-14,-1.));
#5988=DIRECTION('',(0.766044443118926,-0.642787609686601,-1.50132585074128E-13));
#5989=DIRECTION('',(-2.07389660999979E-13,-1.36705675000755E-14,-1.));
#5990=DIRECTION('',(-0.642787609686601,-0.766044443118926,1.438391857368E-13));
#5991=DIRECTION('',(2.07389660999979E-13,1.36705675000755E-14,1.));
#5992=DIRECTION('',(-0.642787609686601,-0.766044443118926,1.438391857368E-13));
#5993=DIRECTION('',(-2.07389660999979E-13,-1.36705675000755E-14,-1.));
#5994=DIRECTION('',(0.642787609686601,0.766044443118926,-1.438391857368E-13));
#5995=DIRECTION('',(-2.07389660999979E-13,-1.36705675000755E-14,-1.));
#5996=DIRECTION('',(-2.07389660999979E-13,-1.36705675000755E-14,-1.));
#5997=DIRECTION('',(-1.,8.13577290335331E-14,2.07466278906138E-13));
#5998=DIRECTION('',(-2.07389660999979E-13,-1.36705675000755E-14,-1.));
#5999=DIRECTION('',(2.07389660999979E-13,1.36705675000755E-14,1.));
#6000=DIRECTION('',(1.,-8.13577290335331E-14,-2.07466278906138E-13));
#6001=DIRECTION('',(-2.07389660999979E-13,-1.36705675000755E-14,-1.));
#6002=DIRECTION('',(-2.07389660999979E-13,-1.36705675000755E-14,-1.));
#6003=DIRECTION('',(-1.,8.13577290335331E-14,2.07466278906138E-13));
#6004=DIRECTION('',(0.76604444311903,0.642787609686478,-1.67724195107112E-13));
#6005=DIRECTION('',(-2.07389660999979E-13,-1.36705675000755E-14,-1.));
#6006=DIRECTION('',(2.07389660999979E-13,1.36705675000755E-14,1.));
#6007=DIRECTION('',(0.642787609686478,-0.76604444311903,-1.22874321280475E-13));
#6008=DIRECTION('',(-0.642787609686478,0.76604444311903,1.22874321280475E-13));
#6009=DIRECTION('',(-2.07389660999979E-13,-1.36705675000755E-14,-1.));
#6010=DIRECTION('',(0.642787609686478,-0.76604444311903,-1.22874321280475E-13));
#6011=DIRECTION('',(-2.07389660999979E-13,-1.36705675000755E-14,-1.));
#6012=DIRECTION('',(-1.,8.13577290335331E-14,2.07466278906138E-13));
#6013=DIRECTION('',(-2.07389660999979E-13,-1.36705675000755E-14,-1.));
#6014=DIRECTION('',(2.07389660999979E-13,1.36705675000755E-14,1.));
#6015=DIRECTION('',(1.,-8.13577290335331E-14,-2.07466278906138E-13));
#6016=DIRECTION('',(-2.07389660999979E-13,-1.36705675000755E-14,-1.));
#6017=DIRECTION('',(-1.,8.13577290335331E-14,2.07466278906138E-13));
#6018=DIRECTION('',(1.,-8.13577290335331E-14,-2.07466278906138E-13));
#6019=DIRECTION('',(-2.07389660999979E-13,-1.36705675000755E-14,-1.));
#6020=DIRECTION('',(2.07389660999979E-13,1.36705675000755E-14,1.));
#6021=DIRECTION('',(-8.12526867527769E-14,-1.,1.36838434405752E-14));
#6022=DIRECTION('',(8.12526867527769E-14,1.,-1.36838434405752E-14));
#6023=DIRECTION('',(-2.07389660999979E-13,-1.36705675000755E-14,-1.));
#6024=DIRECTION('',(-8.12526867527769E-14,-1.,1.36838434405752E-14));
#6025=DIRECTION('',(1.,-8.13577290335331E-14,-2.07466278906138E-13));
#6026=DIRECTION('',(-2.07389660999979E-13,-1.36705675000755E-14,-1.));
#6027=DIRECTION('',(-8.12526867527769E-14,-1.,1.36838434405752E-14));
#6028=DIRECTION('',(2.07389660999979E-13,1.36705675000755E-14,1.));
#6029=DIRECTION('',(-8.12526867527769E-14,-1.,1.36838434405752E-14));
#6030=DIRECTION('',(-2.07389660999979E-13,-1.36705675000755E-14,-1.));
#6031=DIRECTION('',(8.12526867527769E-14,1.,-1.36838434405752E-14));
#6032=DIRECTION('',(-2.07389660999979E-13,-1.36705675000755E-14,-1.));
#6033=DIRECTION('',(-1.,8.13577290335331E-14,2.07466278906138E-13));
#6034=DIRECTION('',(2.07389660999979E-13,1.36705675000755E-14,1.));
#6035=DIRECTION('',(1.,-8.13577290335331E-14,-2.07466278906138E-13));
#6036=DIRECTION('',(-2.07389660999979E-13,-1.36705675000755E-14,-1.));
#6037=DIRECTION('',(-1.,8.13577290335331E-14,2.07466278906138E-13));
#6038=DIRECTION('',(2.07389660999979E-13,1.36705675000755E-14,1.));
#6039=DIRECTION('',(0.454519477671853,-0.541675220419749,-0.707106781186635));
#6040=DIRECTION('',(-0.454519477672147,0.541675220419729,-0.707106781186461));
#6041=DIRECTION('',(-2.07389660999979E-13,-1.36705675000755E-14,-1.));
#6042=DIRECTION('',(-1.,8.13577290335331E-14,2.07466278906138E-13));
#6043=DIRECTION('',(2.07389660999979E-13,1.36705675000755E-14,1.));
#6044=DIRECTION('',(1.,-8.13577290335331E-14,-2.07466278906138E-13));
#6045=DIRECTION('',(-2.07389660999979E-13,-1.36705675000755E-14,-1.));
#6046=DIRECTION('',(-1.,8.13577290335331E-14,2.07466278906138E-13));
#6047=DIRECTION('',(-2.07389660999979E-13,-1.36705675000755E-14,-1.));
#6048=DIRECTION('',(-1.,8.13577290335331E-14,2.07466278906138E-13));
#6049=DIRECTION('',(2.07389660999979E-13,1.36705675000755E-14,1.));
#6050=DIRECTION('',(1.,-8.13577290335331E-14,-2.07466278906138E-13));
#6051=DIRECTION('',(-0.454519477672235,-0.541675220419675,-0.707106781186446));
#6052=DIRECTION('',(0.454519477671941,0.541675220419655,-0.70710678118665));
#6053=DIRECTION('',(2.07389660999979E-13,1.36705675000755E-14,1.));
#6054=DIRECTION('',(-2.07389660999979E-13,-1.36705675000755E-14,-1.));
#6055=DIRECTION('',(-1.,8.13577290335331E-14,2.07466278906138E-13));
#6056=DIRECTION('',(2.07389660999979E-13,1.36705675000755E-14,1.));
#6057=DIRECTION('',(1.,-8.13577290335331E-14,-2.07466278906138E-13));
#6058=DIRECTION('',(-2.07389660999979E-13,-1.36705675000755E-14,-1.));
#6059=DIRECTION('',(-1.,8.13577290335331E-14,2.07466278906138E-13));
#6060=DIRECTION('',(0.642787609686601,0.766044443118926,-1.438391857368E-13));
#6061=DIRECTION('',(-0.642787609686478,0.76604444311903,1.22874321280475E-13));
#6062=DIRECTION('',(0.766044443118926,-0.642787609686601,-1.50132585074128E-13));
#6063=DIRECTION('',(-2.07389660999979E-13,-1.36705675000755E-14,-1.));
#6064=DIRECTION('',(0.642787609686601,0.766044443118926,-1.438391857368E-13));
#6065=DIRECTION('',(2.07389660999979E-13,1.36705675000755E-14,1.));
#6066=DIRECTION('',(0.642787609686601,0.766044443118926,-1.438391857368E-13));
#6067=DIRECTION('',(-2.07389660999979E-13,-1.36705675000755E-14,-1.));
#6068=DIRECTION('',(-2.07389660999979E-13,-1.36705675000755E-14,-1.));
#6069=DIRECTION('',(-0.642787609686601,-0.766044443118926,1.438391857368E-13));
#6070=DIRECTION('',(-0.642787609686601,-0.766044443118926,1.438391857368E-13));
#6071=DIRECTION('',(2.07389660999979E-13,1.36705675000755E-14,1.));
#6072=DIRECTION('',(-0.642787609686601,-0.766044443118926,1.438391857368E-13));
#6073=DIRECTION('',(-0.766044443118926,0.642787609686601,1.50132585074128E-13));
#6074=DIRECTION('',(-2.07389660999979E-13,-1.36705675000755E-14,-1.));
#6075=DIRECTION('',(-1.,8.13577290335331E-14,2.07466278906138E-13));
#6076=DIRECTION('',(-2.07389660999979E-13,-1.36705675000755E-14,-1.));
#6077=DIRECTION('',(-1.,8.13577290335331E-14,2.07466278906138E-13));
#6078=DIRECTION('',(-2.07389660999979E-13,-1.36705675000755E-14,-1.));
#6079=DIRECTION('',(2.07389660999979E-13,1.36705675000755E-14,1.));
#6080=DIRECTION('',(1.,-8.13577290335331E-14,-2.07466278906138E-13));
#6081=DIRECTION('',(-2.07389660999979E-13,-1.36705675000755E-14,-1.));
#6082=DIRECTION('',(-1.,8.13577290335331E-14,2.07466278906138E-13));
#6083=DIRECTION('',(0.76604444311903,0.642787609686478,-1.67724195107112E-13));
#6084=DIRECTION('',(-2.07389660999979E-13,-1.36705675000755E-14,-1.));
#6085=DIRECTION('',(-0.642787609686478,0.76604444311903,1.22874321280475E-13));
#6086=DIRECTION('',(2.07389660999979E-13,1.36705675000755E-14,1.));
#6087=DIRECTION('',(-0.642787609686478,0.76604444311903,1.22874321280475E-13));
#6088=DIRECTION('',(0.642787609686478,-0.76604444311903,-1.22874321280475E-13));
#6089=DIRECTION('',(-2.07389660999979E-13,-1.36705675000755E-14,-1.));
#6090=DIRECTION('',(0.642787609686478,-0.76604444311903,-1.22874321280475E-13));
#6091=DIRECTION('',(2.07389660999979E-13,1.36705675000755E-14,1.));
#6092=DIRECTION('',(0.642787609686478,-0.76604444311903,-1.22874321280475E-13));
#6093=DIRECTION('',(-0.76604444311903,-0.642787609686478,1.67724195107112E-13));
#6094=DIRECTION('',(-2.07389660999979E-13,-1.36705675000755E-14,-1.));
#6095=DIRECTION('',(-1.,8.13577290335331E-14,2.07466278906138E-13));
#6096=DIRECTION('',(-2.07389660999979E-13,-1.36705675000755E-14,-1.));
#6097=DIRECTION('',(-1.,8.13577290335331E-14,2.07466278906138E-13));
#6098=DIRECTION('',(-2.07389660999979E-13,-1.36705675000755E-14,-1.));
#6099=DIRECTION('',(-1.,8.13577290335331E-14,2.07466278906138E-13));
#6100=DIRECTION('',(2.07389660999979E-13,1.36705675000755E-14,1.));
#6101=DIRECTION('',(1.,-8.13577290335331E-14,-2.07466278906138E-13));
#6102=DIRECTION('',(-1.,8.13681108716512E-14,2.07466278906138E-13));
#6103=DIRECTION('',(2.07389660999979E-13,1.36705675000755E-14,1.));
#6104=DIRECTION('',(1.,-8.13577290335331E-14,-2.07466278906138E-13));
#6105=DIRECTION('',(2.07389660999979E-13,1.36705675000755E-14,1.));
#6106=DIRECTION('',(1.,-8.13577290335331E-14,-2.07466278906138E-13));
#6107=DIRECTION('',(2.07389660999979E-13,1.36705675000755E-14,1.));
#6108=DIRECTION('',(1.,-8.13577290335331E-14,-2.07466278906138E-13));
#6109=DIRECTION('',(2.07389660999979E-13,1.36705675000755E-14,1.));
#6110=DIRECTION('',(1.,-8.13577290335331E-14,-2.07466278906138E-13));
#6111=DIRECTION('',(-2.07389660999979E-13,-1.36705675000755E-14,-1.));
#6112=DIRECTION('',(-1.,8.13577290335331E-14,2.07466278906138E-13));
#6113=DIRECTION('',(-2.07389660999979E-13,-1.36705675000755E-14,-1.));
#6114=DIRECTION('',(-1.,8.13577290335331E-14,2.07466278906138E-13));
#6115=DIRECTION('',(-2.07389660999979E-13,-1.36705675000755E-14,-1.));
#6116=DIRECTION('',(-1.,8.13577290335331E-14,2.07466278906138E-13));
#6117=DIRECTION('',(-2.07389660999979E-13,-1.36705675000755E-14,-1.));
#6118=DIRECTION('',(-1.,8.13577290335331E-14,2.07466278906138E-13));
#6119=DIRECTION('',(-2.07389660999979E-13,-1.36705675000755E-14,-1.));
#6120=DIRECTION('',(-1.,8.13577290335331E-14,2.07466278906138E-13));
#6121=DIRECTION('',(-2.07389660999979E-13,-1.36705675000755E-14,-1.));
#6122=DIRECTION('',(-1.,8.13577290335331E-14,2.07466278906138E-13));
#6123=DIRECTION('',(-2.07389660999979E-13,-1.36705675000755E-14,-1.));
#6124=DIRECTION('',(-1.,8.13577290335331E-14,2.07466278906138E-13));
#6125=DIRECTION('',(-8.12526867527769E-14,-1.,1.36838434405752E-14));
#6126=DIRECTION('',(2.07389660999979E-13,1.36705675000755E-14,1.));
#6127=DIRECTION('',(-8.12526867527769E-14,-1.,1.36838434405752E-14));
#6128=DIRECTION('',(2.07389660999979E-13,1.36705675000755E-14,1.));
#6129=DIRECTION('',(0.642787609686478,-0.76604444311903,-1.22874321280475E-13));
#6130=DIRECTION('',(-0.76604444311903,-0.642787609686478,1.67724195107112E-13));
#6131=DIRECTION('',(-8.12526867527769E-14,-1.,1.36838434405752E-14));
#6132=DIRECTION('',(2.07389660999979E-13,1.36705675000755E-14,1.));
#6133=DIRECTION('',(-0.642787609686601,-0.766044443118926,1.438391857368E-13));
#6134=DIRECTION('',(-0.766044443118926,0.642787609686601,1.50132585074128E-13));
#6135=DIRECTION('',(2.07389660999979E-13,1.36705675000755E-14,1.));
#6136=DIRECTION('',(-1.,8.13577290335331E-14,2.07466278906138E-13));
#6137=DIRECTION('',(-1.,8.13681108716512E-14,2.07466278906138E-13));
#6138=DIRECTION('',(0.642787609686601,0.766044443118926,-1.438391857368E-13));
#6139=DIRECTION('',(-0.642787609686478,0.76604444311903,1.22874321280475E-13));
#6140=DIRECTION('',(8.1263068590895E-14,1.,-1.36838434405752E-14));
#6141=DIRECTION('',(1.,-8.13681108716512E-14,-2.07466278906138E-13));
#6142=DIRECTION('',(2.07389660999979E-13,1.36705675000755E-14,1.));
#6143=DIRECTION('',(-1.,8.13681108716512E-14,2.07466278906138E-13));
#6144=DIRECTION('',(2.07389660999979E-13,1.36705675000755E-14,1.));
#6145=DIRECTION('',(-2.07389660999979E-13,-1.36705675000755E-14,-1.));
#6146=DIRECTION('',(-1.,8.13577290335331E-14,2.07466278906138E-13));
#6147=DIRECTION('',(2.07389660999979E-13,1.36705675000755E-14,1.));
#6148=DIRECTION('',(1.,-8.13577290335331E-14,-2.07466278906138E-13));
#6149=DIRECTION('',(-0.642787609686478,0.76604444311903,1.22874321280475E-13));
#6150=DIRECTION('',(0.76604444311903,0.642787609686478,-1.67724195107112E-13));
#6151=DIRECTION('',(0.642787609686478,-0.76604444311903,-1.22874321280475E-13));
#6152=DIRECTION('',(-0.76604444311903,-0.642787609686478,1.67724195107112E-13));
#6153=DIRECTION('',(-2.07281240782731E-13,-1.36705675000755E-14,-1.));
#6154=DIRECTION('',(-1.,8.13577290335331E-14,2.0735785868889E-13));
#6155=DIRECTION('',(-1.,8.13577290335331E-14,2.0735785868889E-13));
#6156=DIRECTION('',(2.07281240782731E-13,1.36705675000755E-14,1.));
#6157=DIRECTION('',(-1.,8.13681108716512E-14,2.07466278906138E-13));
#6158=DIRECTION('',(8.1263068590895E-14,1.,-1.36838434405752E-14));
#6159=DIRECTION('',(1.,-8.14661492507817E-14,-2.07466278906138E-13));
#6160=DIRECTION('',(-8.13611069700255E-14,-1.,1.36838434405752E-14));
#6161=DIRECTION('',(-0.642787609686601,-0.766044443118926,1.438391857368E-13));
#6162=DIRECTION('',(-0.766044443118926,0.642787609686601,1.50132585074128E-13));
#6163=DIRECTION('',(-0.642787609686601,-0.766044443118926,1.43812458671484E-13));
#6164=DIRECTION('',(-0.766044443118926,0.642787609686601,1.50132585074128E-13));
#6165=DIRECTION('',(-2.07606501434476E-13,-1.36705675000755E-14,-1.));
#6166=DIRECTION('',(-1.,8.13577290335331E-14,2.07683119340635E-13));
#6167=DIRECTION('',(2.07389660999979E-13,1.36705675000755E-14,1.));
#6168=DIRECTION('',(1.,-8.13577290335331E-14,-2.07466278906138E-13));
#6169=DIRECTION('',(2.07389660999979E-13,1.36705675000755E-14,1.));
#6170=DIRECTION('',(1.,-8.13577290335331E-14,-2.07466278906138E-13));
#6171=DIRECTION('',(2.07389660999979E-13,1.36705675000755E-14,1.));
#6172=DIRECTION('',(1.,-8.13577290335331E-14,-2.07466278906138E-13));
#6173=DIRECTION('',(2.07389660999979E-13,1.36705675000755E-14,1.));
#6174=DIRECTION('',(1.,-8.13577290335331E-14,-2.07466278906138E-13));
#6175=DIRECTION('',(-2.07389660999979E-13,-1.36705675000755E-14,-1.));
#6176=DIRECTION('',(-1.,8.13577290335331E-14,2.07466278906138E-13));
#6177=DIRECTION('',(2.07389660999979E-13,1.36705675000755E-14,1.));
#6178=DIRECTION('',(1.,-8.13577290335331E-14,-2.07466278906138E-13));
#6179=DIRECTION('',(2.07389660999979E-13,1.36705675000755E-14,1.));
#6180=DIRECTION('',(1.,-8.13577290335331E-14,-2.07466278906138E-13));
#6181=DIRECTION('',(8.12526867527769E-14,1.,-1.36838434405752E-14));
#6182=DIRECTION('',(-2.07389660999979E-13,-1.36705675000755E-14,-1.));
#6183=DIRECTION('',(-8.12526867527769E-14,-1.,1.36838434405752E-14));
#6184=DIRECTION('',(2.07389660999979E-13,1.36705675000755E-14,1.));
#6185=DIRECTION('',(-8.12526867527769E-14,-1.,1.36838434405752E-14));
#6186=DIRECTION('',(2.07389660999979E-13,1.36705675000755E-14,1.));
#6187=DIRECTION('',(0.,0.,1.));
#6188=DIRECTION('',(1.,0.,0.));
#6189=DIRECTION('',(2.07389660999979E-13,1.36705675000755E-14,1.));
#6190=DIRECTION('',(-1.,8.15357048681222E-14,2.07383012180119E-13));
#6191=DIRECTION('',(-2.07389660999979E-13,-1.36705675000755E-14,-1.));
#6192=DIRECTION('',(1.,-8.15357048681222E-14,-2.07383012180119E-13));
#6193=DIRECTION('',(2.07389660999979E-13,1.36705675000755E-14,1.));
#6194=DIRECTION('',(-1.,8.15357048681222E-14,2.07383012180119E-13));
#6195=DIRECTION('',(2.07389660999979E-13,1.36705675000755E-14,1.));
#6196=DIRECTION('',(-1.,8.15357048681222E-14,2.07383012180119E-13));
#6197=DIRECTION('',(-8.14861737322034E-14,-1.,1.37948657393154E-14));
#6198=DIRECTION('',(-2.07389660999979E-13,-1.36705675000755E-14,-1.));
#6199=DIRECTION('',(-8.14861737322034E-14,-1.,1.37948657393154E-14));
#6200=DIRECTION('',(-2.07389660999979E-13,-1.36705675000755E-14,-1.));
#6201=DIRECTION('',(8.14861737322034E-14,1.,-1.37948657393154E-14));
#6202=DIRECTION('',(2.07389660999979E-13,1.36705675000755E-14,1.));
#6203=DIRECTION('',(8.13637090522887E-14,1.,-1.37948657393154E-14));
#6204=DIRECTION('',(-2.07389660999979E-13,-1.36705675000755E-14,-1.));
#6205=DIRECTION('',(8.13637090522887E-14,1.,-1.37948657393154E-14));
#6206=DIRECTION('',(-2.07389660999979E-13,-1.36705675000755E-14,-1.));
#6207=DIRECTION('',(2.07389660999979E-13,1.36705675000755E-14,1.));
#6208=DIRECTION('',(1.,-8.14132401882075E-14,-2.07383012180119E-13));
#6209=DIRECTION('',(2.07389660999979E-13,1.36705675000755E-14,1.));
#6210=DIRECTION('',(1.,-8.14132401882075E-14,-2.07383012180119E-13));
#6211=DIRECTION('',(2.07389660999979E-13,1.36705675000755E-14,1.));
#6212=DIRECTION('',(1.,-8.14132401882075E-14,-2.07383012180119E-13));
#6213=DIRECTION('',(2.07389660999979E-13,1.36705675000755E-14,1.));
#6214=DIRECTION('',(1.,-8.14132401882075E-14,-2.07383012180119E-13));
#6215=DIRECTION('',(2.07389660999979E-13,1.36705675000755E-14,1.));
#6216=DIRECTION('',(1.,-8.14132401882075E-14,-2.07383012180119E-13));
#6217=DIRECTION('',(2.07389660999979E-13,1.36705675000755E-14,1.));
#6218=DIRECTION('',(1.,-8.14132401882075E-14,-2.07383012180119E-13));
#6219=DIRECTION('',(2.07389660999979E-13,1.36705675000755E-14,1.));
#6220=DIRECTION('',(1.,-8.14132401882075E-14,-2.07383012180119E-13));
#6221=DIRECTION('',(2.07389660999979E-13,1.36705675000755E-14,1.));
#6222=DIRECTION('',(1.,-8.14132401882075E-14,-2.07383012180119E-13));
#6223=DIRECTION('',(-2.07389660999979E-13,-1.36705675000755E-14,-1.));
#6224=DIRECTION('',(-1.,8.14132401882075E-14,2.07383012180119E-13));
#6225=DIRECTION('',(-2.07389660999979E-13,-1.36705675000755E-14,-1.));
#6226=DIRECTION('',(-1.,8.14132401882075E-14,2.07383012180119E-13));
#6227=DIRECTION('',(-2.07389660999979E-13,-1.36705675000755E-14,-1.));
#6228=DIRECTION('',(-1.,8.14132401882075E-14,2.07383012180119E-13));
#6229=DIRECTION('',(-8.13637090522887E-14,-1.,1.37948657393154E-14));
#6230=DIRECTION('',(2.07389660999979E-13,1.36705675000755E-14,1.));
#6231=DIRECTION('',(-2.07389660999979E-13,-1.36705675000755E-14,-1.));
#6232=DIRECTION('',(-1.,8.14132401882075E-14,2.07383012180119E-13));
#6233=DIRECTION('',(-2.07389660999979E-13,-1.36705675000755E-14,-1.));
#6234=DIRECTION('',(-1.,8.14132401882075E-14,2.07383012180119E-13));
#6235=DIRECTION('',(-2.07389660999979E-13,-1.36705675000755E-14,-1.));
#6236=DIRECTION('',(-1.,8.14132401882075E-14,2.07383012180119E-13));
#6237=DIRECTION('',(-2.07389660999979E-13,-1.36705675000755E-14,-1.));
#6238=DIRECTION('',(-1.,8.14132401882075E-14,2.07383012180119E-13));
#6239=DIRECTION('',(-2.07389660999979E-13,-1.36705675000755E-14,-1.));
#6240=DIRECTION('',(-1.,8.14132401882075E-14,2.07383012180119E-13));
#6241=DIRECTION('',(2.07389660999979E-13,1.36705675000755E-14,1.));
#6242=DIRECTION('',(1.,-8.14132401882075E-14,-2.07383012180119E-13));
#6243=DIRECTION('',(2.07389660999979E-13,1.36705675000755E-14,1.));
#6244=DIRECTION('',(1.,-8.14132401882075E-14,-2.07383012180119E-13));
#6245=DIRECTION('',(0.,0.,1.));
#6246=DIRECTION('',(1.,0.,0.));
#6247=DIRECTION('',(2.07389660999979E-13,1.36705675000755E-14,1.));
#6248=DIRECTION('',(1.,-8.14132401882075E-14,-2.07383012180119E-13));
#6249=DIRECTION('',(2.07389660999979E-13,1.36705675000755E-14,1.));
#6250=DIRECTION('',(1.,-8.14132401882075E-14,-2.07383012180119E-13));
#6251=DIRECTION('',(2.07389660999979E-13,1.36705675000755E-14,1.));
#6252=DIRECTION('',(1.,-8.14132401882075E-14,-2.07383012180119E-13));
#6253=DIRECTION('',(2.07389660999979E-13,1.36705675000755E-14,1.));
#6254=DIRECTION('',(1.,-8.14132401882075E-14,-2.07383012180119E-13));
#6255=DIRECTION('',(2.07389660999979E-13,1.36705675000755E-14,1.));
#6256=DIRECTION('',(1.,-8.14132401882075E-14,-2.07383012180119E-13));
#6257=DIRECTION('',(2.07389660999979E-13,1.36705675000755E-14,1.));
#6258=DIRECTION('',(1.,-8.14132401882075E-14,-2.07383012180119E-13));
#6259=DIRECTION('',(2.07389660999979E-13,1.36705675000755E-14,1.));
#6260=DIRECTION('',(1.,-8.14132401882075E-14,-2.07383012180119E-13));
#6261=DIRECTION('',(2.07389660999979E-13,1.36705675000755E-14,1.));
#6262=DIRECTION('',(1.,-8.14132401882075E-14,-2.07383012180119E-13));
#6263=DIRECTION('',(2.07389660999979E-13,1.36705675000755E-14,1.));
#6264=DIRECTION('',(1.,-8.14132401882075E-14,-2.07383012180119E-13));
#6265=DIRECTION('',(-2.07389660999979E-13,-1.36705675000755E-14,-1.));
#6266=DIRECTION('',(-1.,8.14132401882075E-14,2.07383012180119E-13));
#6267=DIRECTION('',(2.07389660999979E-13,1.36705675000755E-14,1.));
#6268=DIRECTION('',(1.,-8.14132401882075E-14,-2.07383012180119E-13));
#6269=DIRECTION('',(2.07389660999979E-13,1.36705675000755E-14,1.));
#6270=DIRECTION('',(1.,-8.14132401882075E-14,-2.07383012180119E-13));
#6271=DIRECTION('',(2.07389660999979E-13,1.36705675000755E-14,1.));
#6272=DIRECTION('',(1.,-8.14132401882075E-14,-2.07383012180119E-13));
#6273=DIRECTION('',(2.07389660999979E-13,1.36705675000755E-14,1.));
#6274=DIRECTION('',(1.,-8.14132401882075E-14,-2.07383012180119E-13));
#6275=DIRECTION('',(2.07389660999979E-13,1.36705675000755E-14,1.));
#6276=DIRECTION('',(1.,-8.14132401882075E-14,-2.07383012180119E-13));
#6277=DIRECTION('',(2.07389660999979E-13,1.36705675000755E-14,1.));
#6278=DIRECTION('',(1.,-8.14132401882075E-14,-2.07383012180119E-13));
#6279=DIRECTION('',(2.07389660999979E-13,1.36705675000755E-14,1.));
#6280=DIRECTION('',(1.,-8.14132401882075E-14,-2.07383012180119E-13));
#6281=DIRECTION('',(2.07389660999979E-13,1.36705675000755E-14,1.));
#6282=DIRECTION('',(1.,-8.14132401882075E-14,-2.07383012180119E-13));
#6283=DIRECTION('',(2.07389660999979E-13,1.36705675000755E-14,1.));
#6284=DIRECTION('',(1.,-8.14132401882075E-14,-2.07383012180119E-13));
#6285=DIRECTION('',(2.07389660999979E-13,1.36705675000755E-14,1.));
#6286=DIRECTION('',(1.,-8.14132401882075E-14,-2.07383012180119E-13));
#6287=DIRECTION('',(2.07389660999979E-13,1.36705675000755E-14,1.));
#6288=DIRECTION('',(1.,-8.14132401882075E-14,-2.07383012180119E-13));
#6289=DIRECTION('',(2.07389660999979E-13,1.36705675000755E-14,1.));
#6290=DIRECTION('',(1.,-8.14132401882075E-14,-2.07383012180119E-13));
#6291=DIRECTION('',(2.07389660999979E-13,1.36705675000755E-14,1.));
#6292=DIRECTION('',(1.,-8.14132401882075E-14,-2.07383012180119E-13));
#6293=DIRECTION('',(2.07389660999979E-13,1.36705675000755E-14,1.));
#6294=DIRECTION('',(1.,-8.14132401882075E-14,-2.07383012180119E-13));
#6295=DIRECTION('',(2.07389660999979E-13,1.36705675000755E-14,1.));
#6296=DIRECTION('',(1.,-8.14132401882075E-14,-2.07383012180119E-13));
#6297=DIRECTION('',(-2.07389660999979E-13,-1.36705675000755E-14,-1.));
#6298=DIRECTION('',(-1.,8.14132401882075E-14,2.07383012180119E-13));
#6299=DIRECTION('',(2.07389660999979E-13,1.36705675000755E-14,1.));
#6300=DIRECTION('',(1.,-8.14132401882075E-14,-2.07383012180119E-13));
#6301=DIRECTION('',(2.07389660999979E-13,1.36705675000755E-14,1.));
#6302=DIRECTION('',(1.,-8.14132401882075E-14,-2.07383012180119E-13));
#6303=DIRECTION('',(2.07389660999979E-13,1.36705675000755E-14,1.));
#6304=DIRECTION('',(1.,-8.14132401882075E-14,-2.07383012180119E-13));
#6305=DIRECTION('',(2.07389660999979E-13,1.36705675000755E-14,1.));
#6306=DIRECTION('',(1.,-8.14132401882075E-14,-2.07383012180119E-13));
#6307=DIRECTION('',(2.07389660999979E-13,1.36705675000755E-14,1.));
#6308=DIRECTION('',(1.,-8.14132401882075E-14,-2.07383012180119E-13));
#6309=DIRECTION('',(2.07389660999979E-13,1.36705675000755E-14,1.));
#6310=DIRECTION('',(1.,-8.14132401882075E-14,-2.07383012180119E-13));
#6311=DIRECTION('',(2.07389660999979E-13,1.36705675000755E-14,1.));
#6312=DIRECTION('',(1.,-8.14132401882075E-14,-2.07383012180119E-13));
#6313=DIRECTION('',(2.07389660999979E-13,1.36705675000755E-14,1.));
#6314=DIRECTION('',(1.,-8.14132401882075E-14,-2.07383012180119E-13));
#6315=DIRECTION('',(2.07389660999979E-13,1.36705675000755E-14,1.));
#6316=DIRECTION('',(1.,-8.14132401882075E-14,-2.07383012180119E-13));
#6317=DIRECTION('',(2.07389660999979E-13,1.36705675000755E-14,1.));
#6318=DIRECTION('',(1.,-8.14132401882075E-14,-2.07383012180119E-13));
#6319=DIRECTION('',(2.07389660999979E-13,1.36705675000755E-14,1.));
#6320=DIRECTION('',(1.,-8.14132401882075E-14,-2.07383012180119E-13));
#6321=DIRECTION('',(2.07389660999979E-13,1.36705675000755E-14,1.));
#6322=DIRECTION('',(1.,-8.14132401882075E-14,-2.07383012180119E-13));
#6323=DIRECTION('',(2.07389660999979E-13,1.36705675000755E-14,1.));
#6324=DIRECTION('',(1.,-8.14132401882075E-14,-2.07383012180119E-13));
#6325=DIRECTION('',(2.07389660999979E-13,1.36705675000755E-14,1.));
#6326=DIRECTION('',(1.,-8.14132401882075E-14,-2.07383012180119E-13));
#6327=DIRECTION('',(0.,0.,1.));
#6328=DIRECTION('',(1.,0.,0.));
#6329=DIRECTION('',(2.07417416575595E-13,1.36150563513258E-14,1.));
#6330=DIRECTION('',(1.,-8.14132401882075E-14,-2.07383012180119E-13));
#6331=DIRECTION('',(2.07417416575595E-13,1.36150563513258E-14,1.));
#6332=DIRECTION('',(1.,-8.14132401882075E-14,-2.07383012180119E-13));
#6333=DIRECTION('',(2.07417416575595E-13,1.36150563513258E-14,1.));
#6334=DIRECTION('',(1.,-8.14132401882075E-14,-2.07383012180119E-13));
#6335=DIRECTION('',(2.07417416575595E-13,1.36150563513258E-14,1.));
#6336=DIRECTION('',(1.,-8.14132401882075E-14,-2.07383012180119E-13));
#6337=DIRECTION('',(2.07417416575595E-13,1.36150563513258E-14,1.));
#6338=DIRECTION('',(1.,-8.14132401882075E-14,-2.07383012180119E-13));
#6339=DIRECTION('',(2.07417416575595E-13,1.36150563513258E-14,1.));
#6340=DIRECTION('',(1.,-8.14132401882075E-14,-2.07383012180119E-13));
#6341=DIRECTION('',(2.07417416575595E-13,1.36150563513258E-14,1.));
#6342=DIRECTION('',(1.,-8.14132401882075E-14,-2.07383012180119E-13));
#6343=DIRECTION('',(2.07417416575595E-13,1.36150563513258E-14,1.));
#6344=DIRECTION('',(1.,-8.14132401882075E-14,-2.07383012180119E-13));
#6345=DIRECTION('',(2.07417416575595E-13,1.36150563513258E-14,1.));
#6346=DIRECTION('',(1.,-8.14132401882075E-14,-2.07383012180119E-13));
#6347=DIRECTION('',(-2.07417416575595E-13,-1.36150563513258E-14,-1.));
#6348=DIRECTION('',(-1.,8.14132401882075E-14,2.07383012180119E-13));
#6349=DIRECTION('',(2.07417416575595E-13,1.36150563513258E-14,1.));
#6350=DIRECTION('',(1.,-8.14132401882075E-14,-2.07383012180119E-13));
#6351=DIRECTION('',(2.07417416575595E-13,1.36150563513258E-14,1.));
#6352=DIRECTION('',(1.,-8.14132401882075E-14,-2.07383012180119E-13));
#6353=DIRECTION('',(2.07417416575595E-13,1.36150563513258E-14,1.));
#6354=DIRECTION('',(1.,-8.14132401882075E-14,-2.07383012180119E-13));
#6355=DIRECTION('',(2.07417416575595E-13,1.36150563513258E-14,1.));
#6356=DIRECTION('',(1.,-8.14132401882075E-14,-2.07383012180119E-13));
#6357=DIRECTION('',(2.07417416575595E-13,1.36150563513258E-14,1.));
#6358=DIRECTION('',(1.,-8.14132401882075E-14,-2.07383012180119E-13));
#6359=DIRECTION('',(2.07417416575595E-13,1.36150563513258E-14,1.));
#6360=DIRECTION('',(1.,-8.14132401882075E-14,-2.07383012180119E-13));
#6361=DIRECTION('',(2.07417416575595E-13,1.36150563513258E-14,1.));
#6362=DIRECTION('',(1.,-8.14132401882075E-14,-2.07383012180119E-13));
#6363=DIRECTION('',(2.07417416575595E-13,1.36150563513258E-14,1.));
#6364=DIRECTION('',(1.,-8.14132401882075E-14,-2.07383012180119E-13));
#6365=DIRECTION('',(2.07417416575595E-13,1.36150563513258E-14,1.));
#6366=DIRECTION('',(1.,-8.14132401882075E-14,-2.07383012180119E-13));
#6367=DIRECTION('',(2.07417416575595E-13,1.36150563513258E-14,1.));
#6368=DIRECTION('',(1.,-8.14132401882075E-14,-2.07383012180119E-13));
#6369=DIRECTION('',(2.07417416575595E-13,1.36150563513258E-14,1.));
#6370=DIRECTION('',(1.,-8.14132401882075E-14,-2.07383012180119E-13));
#6371=DIRECTION('',(2.07417416575595E-13,1.36150563513258E-14,1.));
#6372=DIRECTION('',(1.,-8.14132401882075E-14,-2.07383012180119E-13));
#6373=DIRECTION('',(2.07417416575595E-13,1.36150563513258E-14,1.));
#6374=DIRECTION('',(1.,-8.14132401882075E-14,-2.07383012180119E-13));
#6375=DIRECTION('',(2.07417416575595E-13,1.36150563513258E-14,1.));
#6376=DIRECTION('',(1.,-8.14132401882075E-14,-2.07383012180119E-13));
#6377=DIRECTION('',(2.07417416575595E-13,1.36150563513258E-14,1.));
#6378=DIRECTION('',(1.,-8.14132401882075E-14,-2.07383012180119E-13));
#6379=DIRECTION('',(-2.07417416575595E-13,-1.36150563513258E-14,-1.));
#6380=DIRECTION('',(-1.,8.14132401882075E-14,2.07383012180119E-13));
#6381=DIRECTION('',(2.07417416575595E-13,1.36150563513258E-14,1.));
#6382=DIRECTION('',(1.,-8.14132401882075E-14,-2.07383012180119E-13));
#6383=DIRECTION('',(2.07417416575595E-13,1.36150563513258E-14,1.));
#6384=DIRECTION('',(1.,-8.14132401882075E-14,-2.07383012180119E-13));
#6385=DIRECTION('',(2.07417416575595E-13,1.36150563513258E-14,1.));
#6386=DIRECTION('',(1.,-8.14132401882075E-14,-2.07383012180119E-13));
#6387=DIRECTION('',(2.07417416575595E-13,1.36150563513258E-14,1.));
#6388=DIRECTION('',(1.,-8.14132401882075E-14,-2.07383012180119E-13));
#6389=DIRECTION('',(2.07417416575595E-13,1.36150563513258E-14,1.));
#6390=DIRECTION('',(1.,-8.14132401882075E-14,-2.07383012180119E-13));
#6391=DIRECTION('',(2.07417416575595E-13,1.36150563513258E-14,1.));
#6392=DIRECTION('',(1.,-8.14132401882075E-14,-2.07383012180119E-13));
#6393=DIRECTION('',(2.07417416575595E-13,1.36150563513258E-14,1.));
#6394=DIRECTION('',(1.,-8.14132401882075E-14,-2.07383012180119E-13));
#6395=DIRECTION('',(2.07417416575595E-13,1.36150563513258E-14,1.));
#6396=DIRECTION('',(1.,-8.14132401882075E-14,-2.07383012180119E-13));
#6397=DIRECTION('',(2.07417416575595E-13,1.36150563513258E-14,1.));
#6398=DIRECTION('',(1.,-8.14132401882075E-14,-2.07383012180119E-13));
#6399=DIRECTION('',(2.07417416575595E-13,1.36150563513258E-14,1.));
#6400=DIRECTION('',(1.,-8.14132401882075E-14,-2.07383012180119E-13));
#6401=DIRECTION('',(2.07417416575595E-13,1.36150563513258E-14,1.));
#6402=DIRECTION('',(1.,-8.14132401882075E-14,-2.07383012180119E-13));
#6403=DIRECTION('',(2.07417416575595E-13,1.36150563513258E-14,1.));
#6404=DIRECTION('',(1.,-8.14132401882075E-14,-2.07383012180119E-13));
#6405=DIRECTION('',(2.07417416575595E-13,1.36150563513258E-14,1.));
#6406=DIRECTION('',(1.,-8.14132401882075E-14,-2.07383012180119E-13));
#6407=DIRECTION('',(2.07417416575595E-13,1.36150563513258E-14,1.));
#6408=DIRECTION('',(1.,-8.14132401882075E-14,-2.07383012180119E-13));
#6409=DIRECTION('',(0.,0.,1.));
#6410=DIRECTION('',(1.,0.,0.));
#6411=DIRECTION('',(2.07389660999979E-13,1.36705675000755E-14,1.));
#6412=DIRECTION('',(1.,-8.15242624873165E-14,-2.07410767756148E-13));
#6413=DIRECTION('',(-2.07389660999979E-13,-1.36705675000755E-14,-1.));
#6414=DIRECTION('',(-1.,8.15242624873165E-14,2.07410767756148E-13));
#6415=DIRECTION('',(-2.07389660999979E-13,-1.36705675000755E-14,-1.));
#6416=DIRECTION('',(-1.,8.15242624873165E-14,2.07410767756148E-13));
#6417=DIRECTION('',(-2.07389660999979E-13,-1.36705675000755E-14,-1.));
#6418=DIRECTION('',(-1.,8.15242624873165E-14,2.07410767756148E-13));
#6419=DIRECTION('',(-2.07389660999979E-13,-1.36705675000755E-14,-1.));
#6420=DIRECTION('',(-1.,8.15242624873165E-14,2.07410767756148E-13));
#6421=DIRECTION('',(-2.07389660999979E-13,-1.36705675000755E-14,-1.));
#6422=DIRECTION('',(-1.,8.15242624873165E-14,2.07410767756148E-13));
#6423=DIRECTION('',(-2.07389660999979E-13,-1.36705675000755E-14,-1.));
#6424=DIRECTION('',(-1.,8.15242624873165E-14,2.07410767756148E-13));
#6425=DIRECTION('',(-2.07389660999979E-13,-1.36705675000755E-14,-1.));
#6426=DIRECTION('',(-1.,8.15242624873165E-14,2.07410767756148E-13));
#6427=DIRECTION('',(-2.07389660999979E-13,-1.36705675000755E-14,-1.));
#6428=DIRECTION('',(-1.,8.15242624873165E-14,2.07410767756148E-13));
#6429=DIRECTION('',(0.,0.,1.));
#6430=DIRECTION('',(1.,0.,0.));
#6431=DIRECTION('',(-2.55351295663783E-15,-8.47838184491871E-15,1.));
#6432=DIRECTION('',(-2.79119620925776E-15,1.,8.24306130321608E-15));
#6433=DIRECTION('',(-2.55351295663783E-15,-8.47838184491871E-15,1.));
#6434=DIRECTION('',(-2.79119620925776E-15,1.,8.24306130321608E-15));
#6435=DIRECTION('',(-2.55351295663783E-15,-8.47838184491871E-15,1.));
#6436=DIRECTION('',(-2.79119620925776E-15,1.,8.24306130321608E-15));
#6437=DIRECTION('',(-2.55351295663783E-15,-8.47838184491871E-15,1.));
#6438=DIRECTION('',(-2.79119620925776E-15,1.,8.24306130321608E-15));
#6439=DIRECTION('',(-2.55351295663783E-15,-8.47838184491871E-15,1.));
#6440=DIRECTION('',(-2.79119620925776E-15,1.,8.24306130321608E-15));
#6441=DIRECTION('',(-2.55351295663783E-15,-8.47838184491871E-15,1.));
#6442=DIRECTION('',(-2.79119620925776E-15,1.,8.24306130321608E-15));
#6443=DIRECTION('',(2.55351295663783E-15,8.47838184491871E-15,-1.));
#6444=DIRECTION('',(2.79119620925776E-15,-1.,-8.24306130321608E-15));
#6445=DIRECTION('',(2.55351295663783E-15,8.47838184491871E-15,-1.));
#6446=DIRECTION('',(2.79119620925776E-15,-1.,-8.24306130321608E-15));
#6447=DIRECTION('',(0.,0.,1.));
#6448=DIRECTION('',(1.,0.,0.));
#6449=DIRECTION('',(-2.55351295663793E-15,2.16840434496974E-19,1.00000000000003));
#6450=DIRECTION('',(-1.,-4.33680868993881E-19,4.9295154163377E-16));
#6451=DIRECTION('',(-2.55351295663793E-15,2.16840434496974E-19,1.00000000000003));
#6452=DIRECTION('',(-1.,-4.33680868993881E-19,4.9295154163377E-16));
#6453=DIRECTION('',(-2.55351295663793E-15,2.16840434496974E-19,1.00000000000003));
#6454=DIRECTION('',(-1.,-4.33680868993881E-19,4.9295154163377E-16));
#6455=DIRECTION('',(-2.55351295663793E-15,2.16840434496974E-19,1.00000000000003));
#6456=DIRECTION('',(-1.,-4.33680868993881E-19,4.9295154163377E-16));
#6457=DIRECTION('',(-2.55351295663793E-15,2.16840434496974E-19,1.00000000000003));
#6458=DIRECTION('',(-1.,-4.33680868993881E-19,4.9295154163377E-16));
#6459=DIRECTION('',(-2.55351295663793E-15,2.16840434496974E-19,1.00000000000003));
#6460=DIRECTION('',(-1.,-4.33680868993881E-19,4.9295154163377E-16));
#6461=DIRECTION('',(2.55351295663793E-15,-2.16840434496974E-19,-1.00000000000003));
#6462=DIRECTION('',(1.,4.33680868993881E-19,-4.9295154163377E-16));
#6463=DIRECTION('',(2.55351295663793E-15,-2.16840434496974E-19,-1.00000000000003));
#6464=DIRECTION('',(1.,4.33680868993881E-19,-4.9295154163377E-16));
#6465=DIRECTION('',(0.,0.,1.));
#6466=DIRECTION('',(1.,0.,0.));
#6467=DIRECTION('',(2.07389660999979E-13,1.36705675000755E-14,1.));
#6468=DIRECTION('',(1.,-8.13577290335331E-14,-2.07466278906138E-13));
#6469=DIRECTION('',(-2.07389660999979E-13,-1.36705675000755E-14,-1.));
#6470=DIRECTION('',(-1.,8.13577290335331E-14,2.07466278906138E-13));
#6471=DIRECTION('',(-2.07389660999979E-13,-1.36705675000755E-14,-1.));
#6472=DIRECTION('',(-1.,8.13577290335331E-14,2.07466278906138E-13));
#6473=DIRECTION('',(2.07389660999979E-13,1.36705675000755E-14,1.));
#6474=DIRECTION('',(1.,-8.13577290335331E-14,-2.07466278906138E-13));
#6475=DIRECTION('',(-2.07389660999979E-13,-1.36705675000755E-14,-1.));
#6476=DIRECTION('',(-1.,8.13577290335331E-14,2.07466278906138E-13));
#6477=DIRECTION('',(-2.07389660999979E-13,-1.36705675000755E-14,-1.));
#6478=DIRECTION('',(-1.,8.13577290335331E-14,2.07466278906138E-13));
#6479=DIRECTION('',(-2.07389660999979E-13,-1.36705675000755E-14,-1.));
#6480=DIRECTION('',(-1.,8.13577290335331E-14,2.07466278906138E-13));
#6481=DIRECTION('',(-2.07389660999979E-13,-1.36705675000755E-14,-1.));
#6482=DIRECTION('',(-1.,8.13577290335331E-14,2.07466278906138E-13));
#6483=DIRECTION('',(0.,0.,1.));
#6484=DIRECTION('',(1.,0.,0.));
#6485=DIRECTION('',(2.07389660999979E-13,1.36705675000755E-14,1.));
#6486=DIRECTION('',(1.,-8.15242624872269E-14,-2.07466278907379E-13));
#6487=DIRECTION('',(-2.07389660999979E-13,-1.36705675000755E-14,-1.));
#6488=DIRECTION('',(-1.,8.15242624872269E-14,2.07466278907379E-13));
#6489=DIRECTION('',(-2.07389660999979E-13,-1.36705675000755E-14,-1.));
#6490=DIRECTION('',(-1.,8.15242624872269E-14,2.07466278907379E-13));
#6491=DIRECTION('',(2.07389660999979E-13,1.36705675000755E-14,1.));
#6492=DIRECTION('',(1.,-8.15242624872269E-14,-2.07466278907379E-13));
#6493=DIRECTION('',(-2.07389660999979E-13,-1.36705675000755E-14,-1.));
#6494=DIRECTION('',(-1.,8.15242624872269E-14,2.07466278907379E-13));
#6495=DIRECTION('',(-2.07389660999979E-13,-1.36705675000755E-14,-1.));
#6496=DIRECTION('',(-1.,8.15242624872269E-14,2.07466278907379E-13));
#6497=DIRECTION('',(-2.07389660999979E-13,-1.36705675000755E-14,-1.));
#6498=DIRECTION('',(-1.,8.15242624872269E-14,2.07466278907379E-13));
#6499=DIRECTION('',(-2.07389660999979E-13,-1.36705675000755E-14,-1.));
#6500=DIRECTION('',(-1.,8.15242624872269E-14,2.07466278907379E-13));
#6501=DIRECTION('',(0.,0.,1.));
#6502=DIRECTION('',(1.,0.,0.));
#6503=DIRECTION('',(0.,0.,1.));
#6504=DIRECTION('',(1.,0.,0.));
#6505=DIRECTION('',(0.,0.,1.));
#6506=DIRECTION('',(6.12323399573677E-17,1.,0.));
#6507=DIRECTION('',(1.,-6.12323399573677E-17,0.));
#6508=DIRECTION('',(0.,0.,1.));
#6509=DIRECTION('',(6.12323399573677E-17,1.,0.));
#6510=DIRECTION('',(1.,-6.12323399573677E-17,0.));
#6511=DIRECTION('',(0.,0.,1.));
#6512=DIRECTION('',(6.12323399573677E-17,1.,0.));
#6513=DIRECTION('',(0.,0.,1.));
#6514=DIRECTION('',(1.,0.,0.));
#6515=DIRECTION('',(0.,0.,1.));
#6516=DIRECTION('',(1.,0.,0.));
#6517=DIRECTION('',(0.,0.,1.));
#6518=DIRECTION('',(1.,0.,0.));
#6519=DIRECTION('',(0.,0.,1.));
#6520=DIRECTION('',(1.,0.,0.));
#6521=DIRECTION('',(0.,0.,1.));
#6522=DIRECTION('',(1.,0.,0.));
#6523=DIRECTION('',(0.,0.,1.));
#6524=DIRECTION('',(1.,0.,0.));
#6525=DIRECTION('',(0.,0.,1.));
#6526=DIRECTION('',(1.,0.,0.));
#6527=DIRECTION('',(0.,0.,1.));
#6528=DIRECTION('',(1.,0.,0.));
#6529=DIRECTION('',(0.,0.,1.));
#6530=DIRECTION('',(1.,0.,0.));
#6531=DIRECTION('',(0.,0.,1.));
#6532=DIRECTION('',(1.,0.,0.));
#6533=DIRECTION('',(0.,0.,1.));
#6534=DIRECTION('',(1.,0.,0.));
#6535=DIRECTION('',(0.,0.,1.));
#6536=DIRECTION('',(1.,0.,0.));
#6537=DIRECTION('',(0.,0.,1.));
#6538=DIRECTION('',(1.,0.,0.));
#6539=DIRECTION('',(0.,0.,1.));
#6540=DIRECTION('',(1.,0.,0.));
#6541=DIRECTION('',(0.,0.,1.));
#6542=DIRECTION('',(1.,0.,0.));
#6543=DIRECTION('',(0.,0.,1.));
#6544=DIRECTION('',(1.,0.,0.));
#6545=DIRECTION('',(0.,0.,-1.));
#6546=DIRECTION('',(1.,0.,0.));
#6547=DIRECTION('',(0.,0.,1.));
#6548=DIRECTION('',(1.,0.,0.));
#6549=DIRECTION('',(0.,0.,1.));
#6550=DIRECTION('',(1.,0.,0.));
#6551=DIRECTION('',(0.,0.,1.));
#6552=DIRECTION('',(1.,0.,0.));
#6553=DIRECTION('',(0.,0.,1.));
#6554=DIRECTION('',(1.,0.,0.));
#6555=DIRECTION('',(0.,0.,1.));
#6556=DIRECTION('',(1.,0.,0.));
#6557=DIRECTION('',(0.,0.,1.));
#6558=DIRECTION('',(1.,0.,0.));
#6559=DIRECTION('',(0.,0.,1.));
#6560=DIRECTION('',(1.,0.,0.));
#6561=DIRECTION('',(0.,0.,1.));
#6562=DIRECTION('',(1.,0.,0.));
#6563=DIRECTION('',(0.,0.,1.));
#6564=DIRECTION('',(1.,0.,0.));
#6565=DIRECTION('',(0.,0.,-1.));
#6566=DIRECTION('',(-1.,0.,0.));
#6567=DIRECTION('',(0.,0.,-1.));
#6568=DIRECTION('',(-1.,0.,0.));
#6569=DIRECTION('',(0.,0.,-1.));
#6570=DIRECTION('',(0.,0.,-1.));
#6571=DIRECTION('',(0.,0.,1.));
#6572=DIRECTION('',(1.,0.,0.));
#6573=DIRECTION('',(0.,0.,-1.));
#6574=DIRECTION('',(0.,0.,-1.));
#6575=DIRECTION('',(0.,0.,-1.));
#6576=DIRECTION('',(-1.,0.,0.));
#6577=DIRECTION('',(0.,0.,-1.));
#6578=DIRECTION('',(0.,0.,-1.));
#6579=DIRECTION('',(0.,0.,-1.));
#6580=DIRECTION('',(-1.,0.,0.));
#6581=DIRECTION('',(0.,0.,-1.));
#6582=DIRECTION('',(-1.,0.,0.));
#6583=DIRECTION('',(0.,0.,-1.));
#6584=DIRECTION('',(0.,0.,-1.));
#6585=DIRECTION('',(0.,0.,-1.));
#6586=DIRECTION('',(-1.,0.,0.));
#6587=DIRECTION('',(0.,0.,-1.));
#6588=DIRECTION('',(0.,0.,-1.));
#6589=DIRECTION('',(0.,0.,1.));
#6590=DIRECTION('',(1.,0.,0.));
#6591=DIRECTION('',(0.,0.,-1.));
#6592=DIRECTION('',(0.,0.,-1.));
#6593=DIRECTION('',(0.,0.,1.));
#6594=DIRECTION('',(1.,0.,0.));
#6595=DIRECTION('',(0.,0.,1.));
#6596=DIRECTION('',(1.,0.,0.));
#6597=DIRECTION('',(0.,0.,1.));
#6598=DIRECTION('',(1.,0.,0.));
#6599=DIRECTION('',(0.,0.,-1.));
#6600=DIRECTION('',(-1.,0.,0.));
#6601=DIRECTION('',(0.,0.,-1.));
#6602=DIRECTION('',(-1.,0.,0.));
#6603=DIRECTION('',(0.,0.,-1.));
#6604=DIRECTION('',(-1.,0.,0.));
#6605=DIRECTION('',(0.,0.,-1.));
#6606=DIRECTION('',(-1.,0.,0.));
#6607=DIRECTION('',(0.,0.,1.));
#6608=DIRECTION('',(6.12323399573677E-17,1.,0.));
#6609=DIRECTION('',(0.,0.,1.));
#6610=DIRECTION('',(1.,0.,0.));
#6611=DIRECTION('',(0.,0.,-1.));
#6612=DIRECTION('',(1.,0.,0.));
#6613=DIRECTION('',(-1.,6.12323399573677E-17,0.));
#6614=DIRECTION('',(0.,0.,-1.));
#6615=DIRECTION('',(6.12323399573677E-17,1.,0.));
#6616=DIRECTION('',(-1.,6.12323399573677E-17,0.));
#6617=DIRECTION('',(0.,0.,-1.));
#6618=DIRECTION('',(6.12323399573677E-17,1.,0.));
#6619=DIRECTION('',(0.,0.,-1.));
#6620=DIRECTION('',(-1.,0.,0.));
#6621=DIRECTION('',(0.,0.,-1.));
#6622=DIRECTION('',(-1.,0.,0.));
#6623=DIRECTION('',(0.,0.,1.));
#6624=DIRECTION('',(6.12323399573677E-17,1.,0.));
#6625=DIRECTION('',(0.,0.,1.));
#6626=DIRECTION('',(6.12323399573677E-17,1.,0.));
#6627=DIRECTION('',(0.,0.,1.));
#6628=DIRECTION('',(0.,0.,1.));
#6629=DIRECTION('',(6.12323399573677E-17,1.,0.));
#6630=DIRECTION('',(0.,0.,-1.));
#6631=DIRECTION('',(0.,0.,1.));
#6632=DIRECTION('',(6.12323399573677E-17,1.,0.));
#6633=DIRECTION('',(0.,0.,-1.));
#6634=DIRECTION('',(0.,0.,1.));
#6635=DIRECTION('',(0.,0.,1.));
#6636=DIRECTION('',(6.12323399573677E-17,1.,0.));
#6637=DIRECTION('',(0.,0.,-1.));
#6638=DIRECTION('',(-1.,0.,0.));
#6639=DIRECTION('',(0.,0.,-1.));
#6640=DIRECTION('',(-1.,0.,0.));
#6641=DIRECTION('',(0.,0.,-1.));
#6642=DIRECTION('',(-1.,0.,0.));
#6643=DIRECTION('',(0.,0.,-1.));
#6644=DIRECTION('',(-1.,0.,0.));
#6645=DIRECTION('',(0.,0.,-1.));
#6646=DIRECTION('',(-1.,0.,0.));
#6647=DIRECTION('',(0.,0.,1.));
#6648=DIRECTION('',(1.,0.,0.));
#6649=DIRECTION('',(0.,0.,-1.));
#6650=DIRECTION('',(-1.,0.,0.));
#6651=DIRECTION('',(0.,0.,1.));
#6652=DIRECTION('',(1.,0.,0.));
#6653=DIRECTION('',(0.,0.,-1.));
#6654=DIRECTION('',(-1.,0.,0.));
#6655=DIRECTION('',(0.,0.,-1.));
#6656=DIRECTION('',(-1.,0.,0.));
#6657=DIRECTION('',(0.,0.,1.));
#6658=DIRECTION('',(1.,0.,0.));
#6659=DIRECTION('',(0.,0.,-1.));
#6660=DIRECTION('',(-1.,0.,0.));
#6661=DIRECTION('',(0.,0.,1.));
#6662=DIRECTION('',(1.,0.,0.));
#6663=DIRECTION('',(0.,0.,1.));
#6664=DIRECTION('',(0.,0.,1.));
#6665=DIRECTION('',(0.,0.,1.));
#6666=DIRECTION('',(1.,0.,0.));
#6667=DIRECTION('',(0.,0.,1.));
#6668=DIRECTION('',(0.,0.,1.));
#6669=DIRECTION('',(0.,0.,1.));
#6670=DIRECTION('',(1.,0.,0.));
#6671=DIRECTION('',(0.,0.,-1.));
#6672=DIRECTION('',(-1.,0.,0.));
#6673=DIRECTION('',(0.,0.,1.));
#6674=DIRECTION('',(1.,0.,0.));
#6675=DIRECTION('',(0.,0.,-1.));
#6676=DIRECTION('',(-1.,0.,0.));
#6677=DIRECTION('',(0.,0.,1.));
#6678=DIRECTION('',(1.,0.,0.));
#6679=DIRECTION('',(0.,0.,-1.));
#6680=DIRECTION('',(-1.,0.,0.));
#6681=DIRECTION('',(0.,0.,-1.));
#6682=DIRECTION('',(-1.,0.,0.));
#6683=DIRECTION('',(0.,0.,1.));
#6684=DIRECTION('',(1.,0.,0.));
#6685=DIRECTION('',(0.,0.,-1.));
#6686=DIRECTION('',(-1.,0.,0.));
#6687=DIRECTION('',(0.,0.,1.));
#6688=DIRECTION('',(1.,0.,0.));
#6689=DIRECTION('',(0.,0.,1.));
#6690=DIRECTION('',(0.,0.,1.));
#6691=DIRECTION('',(0.,0.,1.));
#6692=DIRECTION('',(1.,0.,0.));
#6693=DIRECTION('',(0.,0.,1.));
#6694=DIRECTION('',(0.,0.,1.));
#6695=DIRECTION('',(0.,0.,1.));
#6696=DIRECTION('',(1.,0.,0.));
#6697=DIRECTION('',(0.,0.,-1.));
#6698=DIRECTION('',(-1.,0.,0.));
#6699=DIRECTION('',(0.,0.,1.));
#6700=DIRECTION('',(1.,0.,0.));
#6701=DIRECTION('',(0.,0.,-1.));
#6702=DIRECTION('',(-1.,0.,0.));
#6703=DIRECTION('',(0.,0.,1.));
#6704=DIRECTION('',(1.,0.,0.));
#6705=DIRECTION('',(0.,0.,-1.));
#6706=DIRECTION('',(-1.,0.,0.));
#6707=DIRECTION('',(0.,0.,1.));
#6708=DIRECTION('',(1.,0.,0.));
#6709=DIRECTION('',(0.,0.,-1.));
#6710=DIRECTION('',(-1.,0.,0.));
#6711=DIRECTION('',(0.,0.,1.));
#6712=DIRECTION('',(1.,0.,0.));
#6713=DIRECTION('',(0.,0.,1.));
#6714=DIRECTION('',(1.,0.,0.));
#6715=DIRECTION('',(2.55351295663786E-15,-2.16840434496213E-19,-1.));
#6716=DIRECTION('',(-1.,-3.79470760396182E-19,-1.62500212622277E-14));
#6717=DIRECTION('',(-2.55351295663797E-15,2.86544042114134E-14,1.));
#6718=DIRECTION('',(1.,3.79470760396182E-19,1.62500212622277E-14));
#6719=DIRECTION('',(-2.55351295663785E-15,-3.92501430627494E-15,1.));
#6720=DIRECTION('',(1.,3.79470760396182E-19,1.62500212622277E-14));
#6721=DIRECTION('',(1.,3.79470760396182E-19,1.62500212622277E-14));
#6722=DIRECTION('',(3.61195569575192E-15,-0.5,-0.866025403784444));
#6723=DIRECTION('',(-2.79114199914916E-15,1.,8.24190582305057E-15));
#6724=DIRECTION('',(2.55351295663786E-15,-7.87214633686852E-17,-1.));
#6725=DIRECTION('',(3.61195569575192E-15,-0.5,-0.866025403784444));
#6726=DIRECTION('',(-1.19653228982794E-15,0.866025403784439,-0.499999999999993));
#6727=DIRECTION('',(3.61195569575192E-15,-0.5,-0.866025403784444));
#6728=DIRECTION('',(1.,3.79470760396182E-19,1.62500212622277E-14));
#6729=DIRECTION('',(3.61195569575192E-15,-0.5,-0.866025403784444));
#6730=DIRECTION('',(-2.55351295663786E-15,2.16840434496707E-19,1.));
#6731=DIRECTION('',(1.,3.33446378147943E-16,1.68606439257715E-14));
#6732=DIRECTION('',(4.33360066175827E-15,-0.5,-0.866025403784444));
#6733=DIRECTION('',(4.33360066175827E-15,-0.5,-0.866025403784444));
#6734=DIRECTION('',(3.18154994011137E-15,-7.87214633686847E-17,-1.));
#6735=DIRECTION('',(-3.17972005776797E-15,1.,8.24190582305057E-15));
#6736=DIRECTION('',(-3.18154994011137E-15,-7.82877824996927E-17,1.));
#6737=DIRECTION('',(1.,3.33446378147943E-16,1.68606439257715E-14));
#6738=DIRECTION('',(4.33360066175827E-15,-0.5,-0.866025403784444));
#6739=DIRECTION('',(4.33360066175827E-15,-0.5,-0.866025403784444));
#6740=DIRECTION('',(-1.19653228982794E-15,0.866025403784439,-0.499999999999993));
#6741=DIRECTION('',(-2.55351295663786E-15,2.16840434496213E-19,1.));
#6742=DIRECTION('',(1.,3.79470760396182E-19,1.62500212622277E-14));
#6743=DIRECTION('',(1.19653228982794E-15,-0.866025403784439,0.499999999999993));
#6744=DIRECTION('',(-3.61195569575192E-15,0.5,0.866025403784444));
#6745=DIRECTION('',(-2.55351295663786E-15,2.16840434496213E-19,1.));
#6746=DIRECTION('',(2.55351295663786E-15,-2.16840434496213E-19,-1.));
#6747=DIRECTION('',(-1.,-3.79470760396182E-19,-1.62500212622277E-14));
#6748=DIRECTION('',(-2.55351295663786E-15,2.16840434496213E-19,1.));
#6749=DIRECTION('',(1.19653228982794E-15,-0.866025403784439,0.499999999999993));
#6750=DIRECTION('',(-3.61195569575192E-15,0.5,0.866025403784444));
#6751=DIRECTION('',(-2.55351295663786E-15,2.16840434496213E-19,1.));
#6752=DIRECTION('',(-2.55351295663786E-15,2.16840434496213E-19,1.));
#6753=DIRECTION('',(1.,3.79470760396182E-19,1.62500212622277E-14));
#6754=DIRECTION('',(-2.55351295663786E-15,2.16840434496213E-19,1.));
#6755=DIRECTION('',(-1.19653228982794E-15,0.866025403784439,-0.499999999999993));
#6756=DIRECTION('',(0.70710678118655,-0.353553390593274,-0.612372435695787));
#6757=DIRECTION('',(-1.19653228982794E-15,0.866025403784439,-0.499999999999993));
#6758=DIRECTION('',(0.70710678118655,-0.353553390593274,-0.612372435695787));
#6759=DIRECTION('',(-1.19653228982794E-15,0.866025403784439,-0.499999999999993));
#6760=DIRECTION('',(0.70710678118655,-0.353553390593274,-0.612372435695787));
#6761=DIRECTION('',(-1.19653228982794E-15,0.866025403784439,-0.499999999999993));
#6762=DIRECTION('',(-3.61195569575192E-15,0.5,0.866025403784444));
#6763=DIRECTION('',(1.,1.38815825154184E-15,1.8692511916403E-14));
#6764=DIRECTION('',(-1.19653228982794E-15,0.866025403784439,-0.499999999999993));
#6765=DIRECTION('',(-3.61195569575192E-15,0.5,0.866025403784444));
#6766=DIRECTION('',(3.61195569575192E-15,-0.5,-0.866025403784444));
#6767=DIRECTION('',(-1.19653228982794E-15,0.866025403784439,-0.499999999999993));
#6768=DIRECTION('',(0.70710678118655,-0.353553390593274,-0.612372435695787));
#6769=DIRECTION('',(1.,3.79470760396182E-19,1.62500212622277E-14));
#6770=DIRECTION('',(-1.19653228982794E-15,0.866025403784439,-0.499999999999993));
#6771=DIRECTION('',(0.70710678118655,-0.353553390593274,-0.612372435695787));
#6772=DIRECTION('',(-3.61195569575192E-15,0.5,0.866025403784444));
#6773=DIRECTION('',(-1.19653228982794E-15,0.866025403784439,-0.499999999999993));
#6774=DIRECTION('',(-3.61195569575192E-15,0.5,0.866025403784444));
#6775=DIRECTION('',(-1.,-7.77535587998007E-16,-1.76378000430091E-14));
#6776=DIRECTION('',(-1.19653228982794E-15,0.866025403784439,-0.499999999999993));
#6777=DIRECTION('',(-4.33360066175827E-15,0.5,0.866025403784444));
#6778=DIRECTION('',(-1.19653228982794E-15,0.866025403784439,-0.499999999999993));
#6779=DIRECTION('',(0.70710678118655,-0.353553390593274,-0.612372435695787));
#6780=DIRECTION('',(-0.70710678118655,0.353553390593274,0.612372435695787));
#6781=DIRECTION('',(-1.19653228982794E-15,0.866025403784439,-0.499999999999993));
#6782=DIRECTION('',(0.70710678118655,-0.353553390593274,-0.612372435695787));
#6783=DIRECTION('',(1.,3.79470760396182E-19,1.62500212622277E-14));
#6784=DIRECTION('',(-1.19653228982794E-15,0.866025403784439,-0.499999999999993));
#6785=DIRECTION('',(0.70710678118655,-0.353553390593274,-0.612372435695787));
#6786=DIRECTION('',(0.707106781186545,0.353553390593274,0.612372435695809));
#6787=DIRECTION('',(-1.19653228982794E-15,0.866025403784439,-0.499999999999993));
#6788=DIRECTION('',(0.70710678118655,-0.353553390593274,-0.612372435695787));
#6789=DIRECTION('',(3.62380926761803E-15,-1.,-8.24190582305056E-15));
#6790=DIRECTION('',(-0.654653670707979,-4.98694700354868E-16,0.755928946018445));
#6791=DIRECTION('',(1.,7.77535587998006E-16,1.75822888917779E-14));
#6792=DIRECTION('',(1.,7.77535587998005E-16,1.62342019703844E-14));
#6793=DIRECTION('',(2.55351295663786E-15,-2.16840434496213E-19,-1.));
#6794=DIRECTION('',(-1.,-3.79470760396182E-19,-1.62500212622277E-14));
#6795=DIRECTION('',(2.55351295663786E-15,-2.16840434496213E-19,-1.));
#6796=DIRECTION('',(1.,3.79470760395532E-19,1.61956655911619E-14));
#6797=DIRECTION('',(2.55351295663786E-15,-2.16840434496213E-19,-1.));
#6798=DIRECTION('',(1.,3.79470760395532E-19,1.61956655911619E-14));
#6799=DIRECTION('',(-1.,-1.38815825154184E-15,-1.62392661050796E-14));
#6800=DIRECTION('',(2.55351295663786E-15,-2.16840434496213E-19,-1.));
#6801=DIRECTION('',(-1.,-3.79470760396182E-19,-1.62500212622277E-14));
#6802=DIRECTION('',(2.55351295663786E-15,-2.16840434496213E-19,-1.));
#6803=DIRECTION('',(-1.,-3.79470760396182E-19,-1.62500212622277E-14));
#6804=DIRECTION('',(1.,7.77535587998005E-16,1.62207934713868E-14));
#6805=DIRECTION('',(2.55351295663786E-15,-2.16840434496213E-19,-1.));
#6806=DIRECTION('',(-1.,-3.79470760396182E-19,-1.62500212622277E-14));
#6807=DIRECTION('',(2.55351295663786E-15,-2.16840434496213E-19,-1.));
#6808=DIRECTION('',(-1.,-3.79470760396182E-19,-1.62500212622277E-14));
#6809=DIRECTION('',(2.55351295663786E-15,-2.16840434496213E-19,-1.));
#6810=DIRECTION('',(-1.,-3.79470760396182E-19,-1.62500212622277E-14));
#6811=DIRECTION('',(2.55351295663786E-15,-2.16840434496213E-19,-1.));
#6812=DIRECTION('',(-1.,-3.79470760396182E-19,-1.62500212622277E-14));
#6813=DIRECTION('',(1.,3.79470760396182E-19,1.62500212622277E-14));
#6814=DIRECTION('',(3.61195569575192E-15,-0.5,-0.866025403784444));
#6815=DIRECTION('',(-2.90216430161168E-15,1.,8.35292812551308E-15));
#6816=DIRECTION('',(-1.19653228982794E-15,0.866025403784439,-0.499999999999993));
#6817=DIRECTION('',(-2.79114199914916E-15,1.,8.24190582305057E-15));
#6818=DIRECTION('',(2.55351295663786E-15,5.49315520104824E-16,-1.));
#6819=DIRECTION('',(-1.,-3.79470760396182E-19,-1.62500212622277E-14));
#6820=DIRECTION('',(-3.61195569575192E-15,0.5,0.866025403784444));
#6821=DIRECTION('',(-1.19653228982794E-15,0.866025403784439,-0.499999999999993));
#6822=DIRECTION('',(2.90216430161168E-15,-1.,-8.35292812551308E-15));
#6823=DIRECTION('',(-2.55351295663786E-15,-5.49315520104824E-16,1.));
#6824=DIRECTION('',(2.79114199914916E-15,-1.,-8.29741697428183E-15));
#6825=DIRECTION('',(-0.70710678118655,0.353553390593274,0.612372435695787));
#6826=DIRECTION('',(-1.19653228982794E-15,0.866025403784439,-0.499999999999993));
#6827=DIRECTION('',(-1.19653228982794E-15,0.866025403784439,-0.499999999999993));
#6828=DIRECTION('',(0.707106781186545,0.353553390593274,0.612372435695809));
#6829=DIRECTION('',(-1.19653228982794E-15,0.866025403784439,-0.499999999999993));
#6830=DIRECTION('',(-3.61195569575192E-15,0.5,0.866025403784443));
#6831=DIRECTION('',(1.,3.79470760396182E-19,1.62500212622277E-14));
#6832=DIRECTION('',(-1.19653228982794E-15,0.866025403784439,-0.499999999999993));
#6833=DIRECTION('',(1.,3.79470760396182E-19,1.62500212622277E-14));
#6834=DIRECTION('',(-1.19653228982794E-15,0.866025403784439,-0.499999999999993));
#6835=DIRECTION('',(-0.707106781186545,-0.353553390593274,-0.612372435695809));
#6836=DIRECTION('',(-1.19653228982794E-15,0.866025403784439,-0.499999999999993));
#6837=DIRECTION('',(-1.19653228982794E-15,0.866025403784439,-0.499999999999993));
#6838=DIRECTION('',(-0.70710678118655,0.353553390593274,0.612372435695787));
#6839=DIRECTION('',(-1.19653228982794E-15,0.866025403784439,-0.499999999999993));
#6840=DIRECTION('',(-1.19653228982794E-15,0.866025403784439,-0.499999999999993));
#6841=DIRECTION('',(0.70710678118655,-0.353553390593274,-0.612372435695787));
#6842=DIRECTION('',(-1.19653228982794E-15,0.866025403784439,-0.499999999999993));
#6843=DIRECTION('',(0.70710678118655,-0.353553390593274,-0.612372435695787));
#6844=DIRECTION('',(-1.19653228982794E-15,0.866025403784439,-0.499999999999993));
#6845=DIRECTION('',(0.70710678118655,-0.353553390593274,-0.612372435695787));
#6846=DIRECTION('',(-1.19653228982794E-15,0.866025403784439,-0.499999999999993));
#6847=DIRECTION('',(0.70710678118655,-0.353553390593274,-0.612372435695787));
#6848=DIRECTION('',(-1.19653228982794E-15,0.866025403784439,-0.499999999999993));
#6849=DIRECTION('',(0.70710678118655,-0.353553390593274,-0.612372435695787));
#6850=DIRECTION('',(1.,7.77535587998006E-16,1.75822888917779E-14));
#6851=DIRECTION('',(-1.19653228982794E-15,0.866025403784439,-0.499999999999993));
#6852=DIRECTION('',(0.70710678118655,-0.353553390593274,-0.612372435695787));
#6853=DIRECTION('',(-1.19653228982794E-15,0.866025403784439,-0.499999999999993));
#6854=DIRECTION('',(0.70710678118655,-0.353553390593274,-0.612372435695787));
#6855=DIRECTION('',(-1.19653228982794E-15,0.866025403784439,-0.499999999999993));
#6856=DIRECTION('',(0.70710678118655,-0.353553390593274,-0.612372435695787));
#6857=DIRECTION('',(-1.19653228982794E-15,0.866025403784439,-0.499999999999993));
#6858=DIRECTION('',(0.70710678118655,-0.353553390593274,-0.612372435695787));
#6859=DIRECTION('',(-3.61195569575192E-15,0.5,0.866025403784444));
#6860=DIRECTION('',(1.,3.79470760396182E-19,1.62500212622277E-14));
#6861=DIRECTION('',(-1.19653228982794E-15,0.866025403784439,-0.499999999999993));
#6862=DIRECTION('',(1.,3.79470760396182E-19,1.62500212622277E-14));
#6863=DIRECTION('',(-1.19653228982794E-15,0.866025403784439,-0.499999999999993));
#6864=DIRECTION('',(-2.90216430161168E-15,1.,8.68599503290063E-15));
#6865=DIRECTION('',(0.654653670707979,3.32161246661094E-16,-0.755928946018444));
#6866=DIRECTION('',(-2.90216430161168E-15,1.,8.68599503290063E-15));
#6867=DIRECTION('',(0.654653670707979,3.32161246661094E-16,-0.755928946018444));
#6868=DIRECTION('',(1.,3.79470760396182E-19,1.62500212622277E-14));
#6869=DIRECTION('',(2.55351295663786E-15,4.70810897170636E-16,-1.));
#6870=DIRECTION('',(1.,3.79470760396182E-19,1.62500212622277E-14));
#6871=DIRECTION('',(-2.55351295663786E-15,-4.70810897170636E-16,1.));
#6872=DIRECTION('',(-2.55351295663786E-15,-7.82877824996922E-17,1.));
#6873=DIRECTION('',(1.,3.79470760396182E-19,1.62500212622277E-14));
#6874=DIRECTION('',(-2.55351295663786E-15,-7.82877824996922E-17,1.));
#6875=DIRECTION('',(1.,3.79470760396182E-19,1.62500212622277E-14));
#6876=DIRECTION('',(-2.55351295663786E-15,-7.82877824996922E-17,1.));
#6877=DIRECTION('',(2.90216430161168E-15,-1.,-8.35292812551308E-15));
#6878=DIRECTION('',(-2.55351295663786E-15,-7.82877824996922E-17,1.));
#6879=DIRECTION('',(1.,3.79470760396182E-19,1.62500212622277E-14));
#6880=DIRECTION('',(-2.55351295663786E-15,-7.82877824996922E-17,1.));
#6881=DIRECTION('',(1.,3.79470760396182E-19,1.62500212622277E-14));
#6882=DIRECTION('',(-2.55351295663786E-15,-7.82877824996922E-17,1.));
#6883=DIRECTION('',(2.90216430161168E-15,-1.,-8.35292812551308E-15));
#6884=DIRECTION('',(-2.55351295663786E-15,2.16840434496213E-19,1.));
#6885=DIRECTION('',(1.,3.79470760396182E-19,1.62500212622277E-14));
#6886=DIRECTION('',(-2.55351295663786E-15,2.16840434496213E-19,1.));
#6887=DIRECTION('',(1.,3.79470760396182E-19,1.62500212622277E-14));
#6888=DIRECTION('',(-2.55351295663786E-15,2.16840434496213E-19,1.));
#6889=DIRECTION('',(1.,3.79470760396182E-19,1.62500212622277E-14));
#6890=DIRECTION('',(-2.55351295663786E-15,2.16840434496213E-19,1.));
#6891=DIRECTION('',(1.,3.79470760396182E-19,1.62500212622277E-14));
#6892=DIRECTION('',(-2.55351295663786E-15,2.16840434496213E-19,1.));
#6893=DIRECTION('',(1.,3.79470760396182E-19,1.62500212622277E-14));
#6894=DIRECTION('',(1.19653228982794E-15,-0.866025403784439,0.499999999999993));
#6895=DIRECTION('',(-0.70710678118655,0.353553390593274,0.612372435695787));
#6896=DIRECTION('',(-1.19653228982794E-15,0.866025403784439,-0.499999999999993));
#6897=DIRECTION('',(0.70710678118655,-0.353553390593274,-0.612372435695787));
#6898=DIRECTION('',(-1.19653228982794E-15,0.866025403784439,-0.499999999999993));
#6899=DIRECTION('',(0.70710678118655,-0.353553390593274,-0.612372435695787));
#6900=DIRECTION('',(1.19653228982794E-15,-0.866025403784439,0.499999999999993));
#6901=DIRECTION('',(-0.70710678118655,0.353553390593274,0.612372435695787));
#6902=DIRECTION('',(-1.19653228982794E-15,0.866025403784439,-0.499999999999993));
#6903=DIRECTION('',(0.70710678118655,-0.353553390593274,-0.612372435695787));
#6904=DIRECTION('',(-1.19653228982794E-15,0.866025403784439,-0.499999999999993));
#6905=DIRECTION('',(0.70710678118655,-0.353553390593274,-0.612372435695787));
#6906=DIRECTION('',(-1.19653228982794E-15,0.866025403784439,-0.499999999999993));
#6907=DIRECTION('',(0.70710678118655,-0.353553390593274,-0.612372435695787));
#6908=DIRECTION('',(1.19653228982794E-15,-0.866025403784439,0.499999999999993));
#6909=DIRECTION('',(-0.70710678118655,0.353553390593274,0.612372435695787));
#6910=DIRECTION('',(1.19653228982794E-15,-0.866025403784439,0.499999999999993));
#6911=DIRECTION('',(-0.70710678118655,0.353553390593274,0.612372435695787));
#6912=DIRECTION('',(-1.19653228982794E-15,0.866025403784439,-0.499999999999993));
#6913=DIRECTION('',(0.70710678118655,-0.353553390593274,-0.612372435695787));
#6914=DIRECTION('',(-1.19653228982794E-15,0.866025403784439,-0.499999999999993));
#6915=DIRECTION('',(0.70710678118655,-0.353553390593274,-0.612372435695787));
#6916=DIRECTION('',(1.19653228982794E-15,-0.866025403784439,0.499999999999993));
#6917=DIRECTION('',(-0.70710678118655,0.353553390593274,0.612372435695787));
#6918=DIRECTION('',(1.19653228982794E-15,-0.866025403784439,0.499999999999993));
#6919=DIRECTION('',(-0.70710678118655,0.353553390593274,0.612372435695787));
#6920=DIRECTION('',(-1.19653228982794E-15,0.866025403784439,-0.499999999999993));
#6921=DIRECTION('',(0.70710678118655,-0.353553390593274,-0.612372435695787));
#6922=DIRECTION('',(2.55351295663786E-15,-7.87214633686852E-17,-1.));
#6923=DIRECTION('',(-1.,-3.79470760396182E-19,-1.62500212622277E-14));
#6924=DIRECTION('',(-2.55351295663786E-15,7.87214633686852E-17,1.));
#6925=DIRECTION('',(1.,3.79470760396182E-19,1.62500212622277E-14));
#6926=DIRECTION('',(-2.55351295663786E-15,7.87214633686852E-17,1.));
#6927=DIRECTION('',(1.,3.79470760396182E-19,1.62500212622277E-14));
#6928=DIRECTION('',(2.55351295663786E-15,-7.87214633686852E-17,-1.));
#6929=DIRECTION('',(-1.,-3.79470760396182E-19,-1.62500212622277E-14));
#6930=DIRECTION('',(-2.55351295663786E-15,7.87214633686852E-17,1.));
#6931=DIRECTION('',(1.,3.79470760396182E-19,1.62500212622277E-14));
#6932=DIRECTION('',(-2.55351295663786E-15,7.87214633686852E-17,1.));
#6933=DIRECTION('',(1.,3.79470760396182E-19,1.62500212622277E-14));
#6934=DIRECTION('',(2.55351295663786E-15,4.70810897170636E-16,-1.));
#6935=DIRECTION('',(-1.,-3.79470760396182E-19,-1.62500212622277E-14));
#6936=DIRECTION('',(-2.55351295663786E-15,-4.70810897170636E-16,1.));
#6937=DIRECTION('',(1.,3.79470760396182E-19,1.62500212622277E-14));
#6938=DIRECTION('',(-2.55351295663786E-15,2.16840434496213E-19,1.));
#6939=DIRECTION('',(1.,3.79470760396182E-19,1.62500212622277E-14));
#6940=DIRECTION('',(-3.67932041884928E-15,1.,8.13088352058804E-15));
#6941=DIRECTION('',(0.654653670707979,3.87672397892352E-16,-0.755928946018445));
#6942=DIRECTION('',(3.18154994011137E-15,-7.87214633686847E-17,-1.));
#6943=DIRECTION('',(2.63201757957205E-15,-1.57226086302874E-16,-1.));
#6944=DIRECTION('',(4.17892077993061E-15,-1.,-8.18639467181929E-15));
#6945=DIRECTION('',(-0.654653670707979,-8.87272758973672E-16,0.755928946018445));
#6946=DIRECTION('',(2.55351295663786E-15,-7.87214633686852E-17,-1.));
#6947=DIRECTION('',(-2.55351295663786E-15,7.87214633686852E-17,1.));
#6948=DIRECTION('',(-2.79114199914916E-15,1.,8.63048388166938E-15));
#6949=DIRECTION('',(0.654653670707979,3.32161246661094E-16,-0.755928946018445));
#6950=DIRECTION('',(-2.90216430161163E-15,1.,-1.59054449625466E-14));
#6951=DIRECTION('',(0.654653670707984,-1.82640744158103E-14,-0.75592894601844));
#6952=DIRECTION('',(1.19653228982794E-15,-0.866025403784439,0.499999999999993));
#6953=DIRECTION('',(-0.70710678118655,0.353553390593274,0.612372435695787));
#6954=DIRECTION('',(1.19653228982794E-15,-0.866025403784439,0.499999999999993));
#6955=DIRECTION('',(-0.70710678118655,0.353553390593274,0.612372435695787));
#6956=DIRECTION('',(-2.55351295663786E-15,7.87214633686852E-17,1.));
#6957=DIRECTION('',(1.,3.79470760396182E-19,1.62500212622277E-14));
#6958=DIRECTION('',(-3.18154994011137E-15,7.87214633686847E-17,1.));
#6959=DIRECTION('',(1.,3.33446378147943E-16,1.68606439257715E-14));
#6960=DIRECTION('',(-2.55351295663786E-15,2.16840434496213E-19,1.));
#6961=DIRECTION('',(1.,3.79470760396182E-19,1.62500212622277E-14));
#6962=DIRECTION('',(-2.55351295663786E-15,2.16840434496213E-19,1.));
#6963=DIRECTION('',(1.,3.79470760396182E-19,1.62500212622277E-14));
#6964=DIRECTION('',(1.19653228982794E-15,-0.866025403784439,0.499999999999993));
#6965=DIRECTION('',(-0.70710678118655,0.353553390593274,0.612372435695787));
#6966=DIRECTION('',(1.19653228982794E-15,-0.866025403784439,0.499999999999993));
#6967=DIRECTION('',(-0.70710678118655,0.353553390593274,0.612372435695787));
#6968=DIRECTION('',(-1.19653228982794E-15,0.866025403784439,-0.499999999999993));
#6969=DIRECTION('',(0.70710678118655,-0.353553390593274,-0.612372435695787));
#6970=DIRECTION('',(1.19653228982794E-15,-0.866025403784439,0.499999999999993));
#6971=DIRECTION('',(-0.70710678118655,0.353553390593274,0.612372435695787));
#6972=DIRECTION('',(2.90216430161163E-15,-1.,1.59054449625466E-14));
#6973=DIRECTION('',(-0.654653670707984,1.82640744158103E-14,0.75592894601844));
#6974=DIRECTION('',(2.55351295663797E-15,-2.86544042114134E-14,-1.));
#6975=DIRECTION('',(-1.,-3.79470760396182E-19,-1.62500212622277E-14));
#6976=DIRECTION('',(-1.19653228982794E-15,0.866025403784439,-0.499999999999993));
#6977=DIRECTION('',(0.70710678118655,-0.353553390593274,-0.612372435695787));
#6978=DIRECTION('',(-1.19653228982794E-15,0.866025403784439,-0.499999999999993));
#6979=DIRECTION('',(0.70710678118655,-0.353553390593274,-0.612372435695787));
#6980=DIRECTION('',(1.19653228982794E-15,-0.866025403784439,0.499999999999993));
#6981=DIRECTION('',(-0.70710678118655,0.353553390593274,0.612372435695787));
#6982=DIRECTION('',(1.19653228982794E-15,-0.866025403784439,0.499999999999993));
#6983=DIRECTION('',(-0.70710678118655,0.353553390593274,0.612372435695787));
#6984=DIRECTION('',(-1.19653228982794E-15,0.866025403784439,-0.499999999999993));
#6985=DIRECTION('',(0.70710678118655,-0.353553390593274,-0.612372435695787));
#6986=DIRECTION('',(-1.19653228982794E-15,0.866025403784439,-0.499999999999993));
#6987=DIRECTION('',(0.70710678118655,-0.353553390593274,-0.612372435695787));
#6988=DIRECTION('',(-2.55351295663785E-15,-3.92501430627494E-15,1.));
#6989=DIRECTION('',(1.,3.79470760396182E-19,1.62500212622277E-14));
#6990=DIRECTION('',(1.,7.77535587998006E-16,1.75822888917779E-14));
#6991=DIRECTION('',(5.19402350584276E-15,-0.5,-0.866025403784444));
#6992=DIRECTION('',(2.55351295663786E-15,-2.16840434496213E-19,-1.));
#6993=DIRECTION('',(1.,3.79470760395532E-19,1.61956655911619E-14));
#6994=DIRECTION('',(2.55351295663786E-15,-2.16840434496213E-19,-1.));
#6995=DIRECTION('',(1.,3.79470760395532E-19,1.61956655911619E-14));
#6996=DIRECTION('',(2.55351295663786E-15,-2.16840434496213E-19,-1.));
#6997=DIRECTION('',(-1.,-3.79470760395E-19,-1.61956655911619E-14));
#6998=DIRECTION('',(2.55351295663786E-15,-2.16840434496213E-19,-1.));
#6999=DIRECTION('',(1.,3.79470760395532E-19,1.61956655911619E-14));
#7000=DIRECTION('',(2.55351295663786E-15,-2.16840434496213E-19,-1.));
#7001=DIRECTION('',(1.,3.79470760395532E-19,1.61956655911619E-14));
#7002=DIRECTION('',(2.55351295663786E-15,-2.16840434496213E-19,-1.));
#7003=DIRECTION('',(-1.,-3.79470760395E-19,-1.61956655911619E-14));
#7004=DIRECTION('',(0.,0.,1.));
#7005=DIRECTION('',(1.,0.,0.));
#7006=DIRECTION('',(-8.11302220728622E-14,-1.,1.36838434405752E-14));
#7007=DIRECTION('',(-2.07389660999979E-13,-1.36705675000755E-14,-1.));
#7008=DIRECTION('',(-8.11302220728622E-14,-1.,1.36838434405752E-14));
#7009=DIRECTION('',(-2.07389660999979E-13,-1.36705675000755E-14,-1.));
#7010=DIRECTION('',(8.11302220728622E-14,1.,-1.36838434405752E-14));
#7011=DIRECTION('',(2.07389660999979E-13,1.36705675000755E-14,1.));
#7012=DIRECTION('',(-8.11302220728622E-14,-1.,1.36838434405752E-14));
#7013=DIRECTION('',(-2.07389660999979E-13,-1.36705675000755E-14,-1.));
#7014=DIRECTION('',(-8.11302220728622E-14,-1.,1.36838434405752E-14));
#7015=DIRECTION('',(-2.07389660999979E-13,-1.36705675000755E-14,-1.));
#7016=DIRECTION('',(2.07389660999979E-13,1.36705675000755E-14,1.));
#7017=DIRECTION('',(1.,-8.13577290335331E-14,-2.07466278906138E-13));
#7018=DIRECTION('',(2.07389660999979E-13,1.36705675000755E-14,1.));
#7019=DIRECTION('',(1.,-8.13577290335331E-14,-2.07466278906138E-13));
#7020=DIRECTION('',(2.07389660999979E-13,1.36705675000755E-14,1.));
#7021=DIRECTION('',(1.,-8.13577290335331E-14,-2.07466278906138E-13));
#7022=DIRECTION('',(2.07389660999979E-13,1.36705675000755E-14,1.));
#7023=DIRECTION('',(1.,-8.13577290335331E-14,-2.07466278906138E-13));
#7024=DIRECTION('',(2.07389660999979E-13,1.36705675000755E-14,1.));
#7025=DIRECTION('',(1.,-8.13577290335331E-14,-2.07466278906138E-13));
#7026=DIRECTION('',(2.07389660999979E-13,1.36705675000755E-14,1.));
#7027=DIRECTION('',(1.,-8.13577290335331E-14,-2.07466278906138E-13));
#7028=DIRECTION('',(2.07389660999979E-13,1.36705675000755E-14,1.));
#7029=DIRECTION('',(1.,-8.13577290335331E-14,-2.07466278906138E-13));
#7030=DIRECTION('',(2.07389660999979E-13,1.36705675000755E-14,1.));
#7031=DIRECTION('',(1.,-8.13577290335331E-14,-2.07466278906138E-13));
#7032=DIRECTION('',(2.07389660999979E-13,1.36705675000755E-14,1.));
#7033=DIRECTION('',(1.,-8.13577290335331E-14,-2.07466278906138E-13));
#7034=DIRECTION('',(2.07389660999979E-13,1.36705675000755E-14,1.));
#7035=DIRECTION('',(1.,-8.13577290335331E-14,-2.07466278906138E-13));
#7036=DIRECTION('',(2.07389660999979E-13,1.36705675000755E-14,1.));
#7037=DIRECTION('',(1.,-8.13577290335331E-14,-2.07466278906138E-13));
#7038=DIRECTION('',(2.07389660999979E-13,1.36705675000755E-14,1.));
#7039=DIRECTION('',(1.,-8.13577290335331E-14,-2.07466278906138E-13));
#7040=DIRECTION('',(-2.07389660999979E-13,-1.36705675000755E-14,-1.));
#7041=DIRECTION('',(-1.,8.13577290335331E-14,2.07466278906138E-13));
#7042=DIRECTION('',(2.07389660999979E-13,1.36705675000755E-14,1.));
#7043=DIRECTION('',(1.,-8.13577290335331E-14,-2.07466278906138E-13));
#7044=DIRECTION('',(-2.07389660999979E-13,-1.36705675000755E-14,-1.));
#7045=DIRECTION('',(-1.,8.13577290335331E-14,2.07466278906138E-13));
#7046=DIRECTION('',(-2.07389660999979E-13,-1.36705675000755E-14,-1.));
#7047=DIRECTION('',(-1.,8.13577290335331E-14,2.07466278906138E-13));
#7048=DIRECTION('',(2.07389660999979E-13,1.36705675000755E-14,1.));
#7049=DIRECTION('',(1.,-8.13577290335331E-14,-2.07466278906138E-13));
#7050=DIRECTION('',(2.07389660999979E-13,1.36705675000755E-14,1.));
#7051=DIRECTION('',(1.,-8.13577290335331E-14,-2.07466278906138E-13));
#7052=DIRECTION('',(-2.07389660999979E-13,-1.36705675000755E-14,-1.));
#7053=DIRECTION('',(-1.,8.13577290335331E-14,2.07466278906138E-13));
#7054=DIRECTION('',(-2.07389660999979E-13,-1.36705675000755E-14,-1.));
#7055=DIRECTION('',(-1.,8.13577290335331E-14,2.07466278906138E-13));
#7056=DIRECTION('',(2.07389660999979E-13,1.36705675000755E-14,1.));
#7057=DIRECTION('',(1.,-8.13577290335331E-14,-2.07466278906138E-13));
#7058=DIRECTION('',(2.07389660999979E-13,1.36705675000755E-14,1.));
#7059=DIRECTION('',(1.,-8.13577290335331E-14,-2.07466278906138E-13));
#7060=DIRECTION('',(2.07389660999979E-13,1.36705675000755E-14,1.));
#7061=DIRECTION('',(1.,-8.13577290335331E-14,-2.07466278906138E-13));
#7062=DIRECTION('',(2.07389660999979E-13,1.36705675000755E-14,1.));
#7063=DIRECTION('',(1.,-8.13577290335331E-14,-2.07466278906138E-13));
#7064=DIRECTION('',(2.07389660999979E-13,1.36705675000755E-14,1.));
#7065=DIRECTION('',(1.,-8.13577290335331E-14,-2.07466278906138E-13));
#7066=DIRECTION('',(2.07389660999979E-13,1.36705675000755E-14,1.));
#7067=DIRECTION('',(1.,-8.13577290335331E-14,-2.07466278906138E-13));
#7068=DIRECTION('',(-2.07389660999979E-13,-1.36705675000755E-14,-1.));
#7069=DIRECTION('',(-1.,8.13577290335331E-14,2.07466278906138E-13));
#7070=DIRECTION('',(2.07389660999979E-13,1.36705675000755E-14,1.));
#7071=DIRECTION('',(1.,-8.13577290335331E-14,-2.07466278906138E-13));
#7072=DIRECTION('',(2.07389660999979E-13,1.36705675000755E-14,1.));
#7073=DIRECTION('',(1.,-8.13577290335331E-14,-2.07466278906138E-13));
#7074=DIRECTION('',(8.12526867527769E-14,1.,-1.36838434405752E-14));
#7075=DIRECTION('',(-2.07389660999979E-13,-1.36705675000755E-14,-1.));
#7076=DIRECTION('',(8.12526867527769E-14,1.,-1.36838434405752E-14));
#7077=DIRECTION('',(-2.07389660999979E-13,-1.36705675000755E-14,-1.));
#7078=DIRECTION('',(-8.12526867527769E-14,-1.,1.36838434405752E-14));
#7079=DIRECTION('',(2.07389660999979E-13,1.36705675000755E-14,1.));
#7080=DIRECTION('',(8.12526867527769E-14,1.,-1.36838434405752E-14));
#7081=DIRECTION('',(-2.07389660999979E-13,-1.36705675000755E-14,-1.));
#7082=DIRECTION('',(8.12526867527769E-14,1.,-1.36838434405752E-14));
#7083=DIRECTION('',(-2.07389660999979E-13,-1.36705675000755E-14,-1.));
#7084=DIRECTION('',(2.07389660999979E-13,1.36705675000755E-14,1.));
#7085=DIRECTION('',(1.,-8.13577290335331E-14,-2.07466278906138E-13));
#7086=DIRECTION('',(2.07389660999979E-13,1.36705675000755E-14,1.));
#7087=DIRECTION('',(1.,-8.13577290335331E-14,-2.07466278906138E-13));
#7088=DIRECTION('',(-2.07389660999979E-13,-1.36705675000755E-14,-1.));
#7089=DIRECTION('',(-1.,8.13577290335331E-14,2.07466278906138E-13));
#7090=CARTESIAN_POINT('',(0.,0.,0.));
#7091=CARTESIAN_POINT('',(-1.30285172588764E-10,-0.00219207151457722,0.0188500050165589));
#7092=CARTESIAN_POINT('',(-1.30285281002042E-10,-0.00219207151457723,0.0183250050165588));
#7093=CARTESIAN_POINT('',(-0.00140125866872944,-0.00361912249770198,0.0183250050165591));
#7094=CARTESIAN_POINT('',(-0.00200000013028528,-0.00219207151457701,0.0183250050165592));
#7095=CARTESIAN_POINT('',(-1.30285006752721E-10,-0.000192071514577222,0.0188500050165588));
#7096=CARTESIAN_POINT('',(0.00115470040809423,-0.000192071514577317,0.0187916716832252));
#7097=CARTESIAN_POINT('',(0.00173205067728377,-0.00119207151457737,0.0187333383498918));
#7098=CARTESIAN_POINT('',(0.00230940094647329,-0.00219207151457741,0.0186750050165584));
#7099=CARTESIAN_POINT('',(0.00173205067728358,-0.00319207151457737,0.0186166716832252));
#7100=CARTESIAN_POINT('',(0.00115470040809385,-0.00419207151457732,0.018558338349892));
#7101=CARTESIAN_POINT('',(-1.30285410455396E-10,-0.00419207151457723,0.0185000050165589));
#7102=CARTESIAN_POINT('',(-0.00115470066866467,-0.00419207151457713,0.0184416716832258));
#7103=CARTESIAN_POINT('',(-0.00173205093785422,-0.00319207151457708,0.0183833383498925));
#7104=CARTESIAN_POINT('',(-0.00230940120704379,-0.00219207151457704,0.0183250050165593));
#7105=CARTESIAN_POINT('',(-0.00173205093785409,-0.00119207151457709,0.0182666716832258));
#7106=CARTESIAN_POINT('',(-0.00115470066866439,-0.000192071514577135,0.0182083383498924));
#7107=CARTESIAN_POINT('',(-1.30285151303759E-10,-0.000192071514577234,0.0181500050165588));
#7108=CARTESIAN_POINT('',(0.00115470040809409,-0.000192071514577329,0.0180916716832253));
#7109=CARTESIAN_POINT('',(0.00173205067728362,-0.00119207151457738,0.0180333383498918));
#7110=CARTESIAN_POINT('',(0.00230940094647315,-0.00219207151457742,0.0179750050165584));
#7111=CARTESIAN_POINT('',(0.00173205067728343,-0.00319207151457738,0.0179166716832252));
#7112=CARTESIAN_POINT('',(0.00115470040809371,-0.00419207151457733,0.017858338349892));
#7113=CARTESIAN_POINT('',(-1.30285555006434E-10,-0.00419207151457724,0.0178000050165589));
#7114=CARTESIAN_POINT('',(-0.00115470066866482,-0.00419207151457714,0.0177416716832258));
#7115=CARTESIAN_POINT('',(-0.00173205093785436,-0.0031920715145771,0.0176833383498925));
#7116=CARTESIAN_POINT('',(-0.00230940120704393,-0.00219207151457705,0.0176250050165593));
#7117=CARTESIAN_POINT('',(-0.00173205093785423,-0.0011920715145771,0.0175666716832258));
#7118=CARTESIAN_POINT('',(-0.00115470066866454,-0.000192071514577147,0.0175083383498924));
#7119=CARTESIAN_POINT('',(-1.30285295854797E-10,-0.000192071514577246,0.0174500050165588));
#7120=CARTESIAN_POINT('',(0.00115470040809394,-0.00019207151457734,0.0173916716832253));
#7121=CARTESIAN_POINT('',(0.00173205067728348,-0.00119207151457739,0.0173333383498918));
#7122=CARTESIAN_POINT('',(0.00230940094647301,-0.00219207151457744,0.0172750050165584));
#7123=CARTESIAN_POINT('',(0.00173205067728328,-0.00319207151457739,0.0172166716832252));
#7124=CARTESIAN_POINT('',(0.00115470040809356,-0.00419207151457734,0.017158338349892));
#7125=CARTESIAN_POINT('',(-1.30285699557471E-10,-0.00419207151457726,0.0171000050165589));
#7126=CARTESIAN_POINT('',(-0.00115470066866496,-0.00419207151457715,0.0170416716832258));
#7127=CARTESIAN_POINT('',(-0.00173205093785451,-0.00319207151457711,0.0169833383498925));
#7128=CARTESIAN_POINT('',(-0.00230940120704407,-0.00219207151457706,0.0169250050165593));
#7129=CARTESIAN_POINT('',(-0.00173205093785438,-0.00119207151457711,0.0168666716832259));
#7130=CARTESIAN_POINT('',(-0.00115470066866468,-0.000192071514577159,0.0168083383498924));
#7131=CARTESIAN_POINT('',(-1.30285440405834E-10,-0.000192071514577258,0.0167500050165588));
#7132=CARTESIAN_POINT('',(0.0011547004080938,-0.000192071514577353,0.0166916716832252));
#7133=CARTESIAN_POINT('',(0.00173205067728334,-0.0011920715145774,0.0166333383498918));
#7134=CARTESIAN_POINT('',(0.00230940094647286,-0.00219207151457745,0.0165750050165584));
#7135=CARTESIAN_POINT('',(0.00173205067728315,-0.0031920715145774,0.0165166716832252));
#7136=CARTESIAN_POINT('',(0.00115470040809342,-0.00419207151457735,0.016458338349892));
#7137=CARTESIAN_POINT('',(-1.30285844108509E-10,-0.00419207151457726,0.0164000050165589));
#7138=CARTESIAN_POINT('',(-0.00115470066866511,-0.00419207151457716,0.0163416716832258));
#7139=CARTESIAN_POINT('',(-0.00173205093785466,-0.00319207151457712,0.0162833383498925));
#7140=CARTESIAN_POINT('',(-0.00230940120704422,-0.00219207151457707,0.0162250050165593));
#7141=CARTESIAN_POINT('',(-0.00173205093785452,-0.00119207151457712,0.0161666716832259));
#7142=CARTESIAN_POINT('',(-0.00115470066866482,-0.000192071514577171,0.0161083383498924));
#7143=CARTESIAN_POINT('',(-1.30285584956872E-10,-0.00019207151457727,0.0160500050165588));
#7144=CARTESIAN_POINT('',(0.00115470040809365,-0.000192071514577365,0.0159916716832252));
#7145=CARTESIAN_POINT('',(0.00173205067728319,-0.00119207151457742,0.0159333383498918));
#7146=CARTESIAN_POINT('',(0.00230940094647272,-0.00219207151457746,0.0158750050165584));
#7147=CARTESIAN_POINT('',(0.001732050677283,-0.00319207151457742,0.0158166716832252));
#7148=CARTESIAN_POINT('',(0.00115470040809327,-0.00419207151457736,0.015758338349892));
#7149=CARTESIAN_POINT('',(-1.30285988659547E-10,-0.00419207151457728,0.0157000050165589));
#7150=CARTESIAN_POINT('',(-0.00115470066866525,-0.00419207151457717,0.0156416716832258));
#7151=CARTESIAN_POINT('',(-0.0017320509378548,-0.00319207151457714,0.0155833383498926));
#7152=CARTESIAN_POINT('',(-0.00230940120704436,-0.00219207151457708,0.0155250050165593));
#7153=CARTESIAN_POINT('',(-0.00173205093785467,-0.00119207151457714,0.0154666716832259));
#7154=CARTESIAN_POINT('',(-0.00115470066866497,-0.000192071514577182,0.0154083383498924));
#7155=CARTESIAN_POINT('',(-1.3028572950791E-10,-0.000192071514577281,0.0153500050165588));
#7156=CARTESIAN_POINT('',(0.00115470040809351,-0.000192071514577376,0.0152916716832253));
#7157=CARTESIAN_POINT('',(0.00173205067728305,-0.00119207151457743,0.0152333383498918));
#7158=CARTESIAN_POINT('',(0.00230940094647257,-0.00219207151457748,0.0151750050165584));
#7159=CARTESIAN_POINT('',(0.00173205067728285,-0.00319207151457743,0.0151166716832252));
#7160=CARTESIAN_POINT('',(0.00115470040809313,-0.00419207151457737,0.015058338349892));
#7161=CARTESIAN_POINT('',(-1.30286133210585E-10,-0.00419207151457729,0.0150000050165589));
#7162=CARTESIAN_POINT('',(-0.0011547006686654,-0.00419207151457718,0.0149416716832258));
#7163=CARTESIAN_POINT('',(-0.00173205093785494,-0.00319207151457715,0.0148833383498926));
#7164=CARTESIAN_POINT('',(-0.00230940120704451,-0.00219207151457709,0.0148250050165593));
#7165=CARTESIAN_POINT('',(-0.00173205093785481,-0.00119207151457715,0.0147666716832259));
#7166=CARTESIAN_POINT('',(-0.00115470066866511,-0.000192071514577194,0.0147083383498924));
#7167=CARTESIAN_POINT('',(-1.30285874058948E-10,-0.000192071514577293,0.0146500050165588));
#7168=CARTESIAN_POINT('',(0.00115470040809337,-0.000192071514577388,0.0145916716832252));
#7169=CARTESIAN_POINT('',(0.0017320506772829,-0.00119207151457744,0.0145333383498918));
#7170=CARTESIAN_POINT('',(0.00230940094647243,-0.00219207151457749,0.0144750050165584));
#7171=CARTESIAN_POINT('',(0.00173205067728271,-0.00319207151457744,0.0144166716832252));
#7172=CARTESIAN_POINT('',(0.00115470040809299,-0.00419207151457739,0.014358338349892));
#7173=CARTESIAN_POINT('',(-1.30286277761623E-10,-0.0041920715145773,0.0143000050165589));
#7174=CARTESIAN_POINT('',(-0.00115470066866554,-0.0041920715145772,0.0142416716832258));
#7175=CARTESIAN_POINT('',(-0.00173205093785509,-0.00319207151457716,0.0141833383498926));
#7176=CARTESIAN_POINT('',(-0.00230940120704465,-0.00219207151457711,0.0141250050165593));
#7177=CARTESIAN_POINT('',(-0.00173205093785496,-0.00119207151457716,0.0140666716832259));
#7178=CARTESIAN_POINT('',(-0.00115470066866526,-0.000192071514577207,0.0140083383498924));
#7179=CARTESIAN_POINT('',(-1.30286018609986E-10,-0.000192071514577306,0.0139500050165588));
#7180=CARTESIAN_POINT('',(0.00115470040809322,-0.0001920715145774,0.0138916716832252));
#7181=CARTESIAN_POINT('',(0.00173205067728276,-0.00119207151457745,0.0138333383498918));
#7182=CARTESIAN_POINT('',(0.00230940094647228,-0.0021920715145775,0.0137750050165584));
#7183=CARTESIAN_POINT('',(0.00173205067728257,-0.00319207151457746,0.0137166716832252));
#7184=CARTESIAN_POINT('',(0.00115470040809284,-0.0041920715145774,0.013658338349892));
#7185=CARTESIAN_POINT('',(-1.3028642231266E-10,-0.00419207151457731,0.0136000050165589));
#7186=CARTESIAN_POINT('',(-0.00115470066866569,-0.00419207151457721,0.0135416716832258));
#7187=CARTESIAN_POINT('',(-0.00173205093785523,-0.00319207151457717,0.0134833383498926));
#7188=CARTESIAN_POINT('',(-0.0023094012070448,-0.00219207151457712,0.0134250050165593));
#7189=CARTESIAN_POINT('',(-0.0017320509378551,-0.00119207151457717,0.0133666716832259));
#7190=CARTESIAN_POINT('',(-0.0011547006686654,-0.000192071514577218,0.0133083383498924));
#7191=CARTESIAN_POINT('',(-1.30286163161024E-10,-0.000192071514577317,0.0132500050165588));
#7192=CARTESIAN_POINT('',(0.00115470040809308,-0.000192071514577412,0.0131916716832253));
#7193=CARTESIAN_POINT('',(0.00173205067728261,-0.00119207151457746,0.0131333383498918));
#7194=CARTESIAN_POINT('',(0.00230940094647214,-0.00219207151457751,0.0130750050165584));
#7195=CARTESIAN_POINT('',(0.00173205067728242,-0.00319207151457747,0.0130166716832252));
#7196=CARTESIAN_POINT('',(0.0011547004080927,-0.00419207151457741,0.012958338349892));
#7197=CARTESIAN_POINT('',(-1.30286566863698E-10,-0.00419207151457732,0.0129000050165589));
#7198=CARTESIAN_POINT('',(-0.00115470066866583,-0.00419207151457722,0.0128416716832258));
#7199=CARTESIAN_POINT('',(-0.00173205093785538,-0.00319207151457718,0.0127833383498926));
#7200=CARTESIAN_POINT('',(-0.00230940120704494,-0.00219207151457714,0.0127250050165593));
#7201=CARTESIAN_POINT('',(-0.00173205093785524,-0.00119207151457718,0.0126666716832259));
#7202=CARTESIAN_POINT('',(-0.00115470066866555,-0.00019207151457723,0.0126083383498924));
#7203=CARTESIAN_POINT('',(-1.30286307712061E-10,-0.000192071514577329,0.0125500050165588));
#7204=CARTESIAN_POINT('',(0.00115470040809293,-0.000192071514577424,0.0124916716832253));
#7205=CARTESIAN_POINT('',(0.00173205067728247,-0.00119207151457747,0.0124333383498918));
#7206=CARTESIAN_POINT('',(0.002309400946472,-0.00219207151457752,0.0123750050165584));
#7207=CARTESIAN_POINT('',(0.00173205067728228,-0.00319207151457748,0.0123166716832252));
#7208=CARTESIAN_POINT('',(0.00115470040809255,-0.00419207151457742,0.012258338349892));
#7209=CARTESIAN_POINT('',(-1.30286711414736E-10,-0.00419207151457734,0.0122000050165589));
#7210=CARTESIAN_POINT('',(-0.00115470066866597,-0.00419207151457723,0.0121416716832258));
#7211=CARTESIAN_POINT('',(-0.00173205093785552,-0.00319207151457719,0.0120833383498926));
#7212=CARTESIAN_POINT('',(-0.00230940120704508,-0.00219207151457715,0.0120250050165593));
#7213=CARTESIAN_POINT('',(-0.00173205093785539,-0.00119207151457719,0.0119666716832259));
#7214=CARTESIAN_POINT('',(-0.00115470066866569,-0.000192071514577242,0.0119083383498924));
#7215=CARTESIAN_POINT('',(-1.30286452263099E-10,-0.00019207151457734,0.0118500050165588));
#7216=CARTESIAN_POINT('',(0.00115470040809279,-0.000192071514577435,0.0117916716832252));
#7217=CARTESIAN_POINT('',(0.00173205067728232,-0.00119207151457749,0.0117333383498918));
#7218=CARTESIAN_POINT('',(0.00230940094647184,-0.00219207151457753,0.0116750050165584));
#7219=CARTESIAN_POINT('',(0.00173205067728213,-0.00319207151457749,0.0116166716832252));
#7220=CARTESIAN_POINT('',(0.00115470040809241,-0.00419207151457743,0.011558338349892));
#7221=CARTESIAN_POINT('',(-1.30286855965774E-10,-0.00419207151457734,0.0115000050165589));
#7222=CARTESIAN_POINT('',(-0.00115470066866612,-0.00419207151457724,0.0114416716832258));
#7223=CARTESIAN_POINT('',(-0.00173205093785567,-0.0031920715145772,0.0113833383498926));
#7224=CARTESIAN_POINT('',(-0.00230940120704523,-0.00219207151457716,0.0113250050165593));
#7225=CARTESIAN_POINT('',(-0.00173205093785553,-0.00119207151457721,0.0112666716832259));
#7226=CARTESIAN_POINT('',(-0.00115470066866584,-0.000192071514577265,0.0112083383498924));
#7227=CARTESIAN_POINT('',(-1.30286596814137E-10,-0.000192071514577353,0.0111500050165588));
#7228=CARTESIAN_POINT('',(0.00115470040809264,-0.000192071514577447,0.0110916716832252));
#7229=CARTESIAN_POINT('',(0.00173205067728218,-0.0011920715145775,0.0110333383498918));
#7230=CARTESIAN_POINT('',(0.00230940094647171,-0.00219207151457754,0.0109750050165584));
#7231=CARTESIAN_POINT('',(0.00173205067728199,-0.0031920715145775,0.0109166716832252));
#7232=CARTESIAN_POINT('',(0.00115470040809226,-0.00419207151457744,0.010858338349892));
#7233=CARTESIAN_POINT('',(-1.30287000516812E-10,-0.00419207151457736,0.0108000050165589));
#7234=CARTESIAN_POINT('',(-0.00115470066866626,-0.00419207151457726,0.0107416716832258));
#7235=CARTESIAN_POINT('',(-0.00173205093785581,-0.00319207151457721,0.0106833383498926));
#7236=CARTESIAN_POINT('',(-0.00230940120704537,-0.00219207151457717,0.0106250050165593));
#7237=CARTESIAN_POINT('',(-0.00173205093785568,-0.00119207151457722,0.0105666716832259));
#7238=CARTESIAN_POINT('',(-0.00115470066866598,-0.000192071514577277,0.0105083383498924));
#7239=CARTESIAN_POINT('',(-1.30286741365175E-10,-0.000192071514577364,0.0104500050165588));
#7240=CARTESIAN_POINT('',(0.0011547004080925,-0.000192071514577459,0.0103916716832253));
#7241=CARTESIAN_POINT('',(0.00173205067728203,-0.00119207151457751,0.0103333383498918));
#7242=CARTESIAN_POINT('',(0.00230940094647156,-0.00219207151457756,0.0102750050165584));
#7243=CARTESIAN_POINT('',(0.00173205067728184,-0.00319207151457751,0.0102166716832252));
#7244=CARTESIAN_POINT('',(0.00142359764207519,-0.00372632784330415,0.0101855067307162));
#7245=CARTESIAN_POINT('',(0.000867787466768569,-0.00399399956153057,0.0101496211379307));
#7246=CARTESIAN_POINT('',(0.000873727672298732,-0.00399112674635569,0.0108500050165587));
#7247=CARTESIAN_POINT('',(-1.30286824600624E-10,-0.00219207151457736,0.0108500050165588));
#7248=CARTESIAN_POINT('',(0.00189386752458977,-0.0028349286571932,0.0108500050165725));
#7249=CARTESIAN_POINT('',(0.00189386752458976,-0.00283492865719325,0.0108500050165726));
#7250=CARTESIAN_POINT('',(0.00189575231894384,-0.00282937602220382,0.0108503289227606));
#7251=CARTESIAN_POINT('',(0.00191182461734056,-0.00278276836245878,0.0108531491422736));
#7252=CARTESIAN_POINT('',(0.00196197033067992,-0.00260659937830578,0.0108636598444452));
#7253=CARTESIAN_POINT('',(0.00199825331635126,-0.00235559765952974,0.0108782445282774));
#7254=CARTESIAN_POINT('',(0.00200326377707749,-0.00211444117777867,0.0108921050677611));
#7255=CARTESIAN_POINT('',(0.00197526851980329,-0.00185905619205878,0.0109069127476991));
#7256=CARTESIAN_POINT('',(0.00195368923148648,-0.00176133518953023,0.0109126323379886));
#7257=CARTESIAN_POINT('',(0.00191101162787144,-0.00159085388632391,0.010922567228538));
#7258=CARTESIAN_POINT('',(0.00185491260479461,-0.00143412264487881,0.0109317059387331));
#7259=CARTESIAN_POINT('',(0.001767851673282,-0.00125192587910884,0.0109423939473029));
#7260=CARTESIAN_POINT('',(0.00169476680287065,-0.0011273624672303,0.0109498654692226));
#7261=CARTESIAN_POINT('',(0.0016165996797186,-0.00101329877984521,0.0109568409237071));
#7262=CARTESIAN_POINT('',(0.00160023607465092,-0.000992256639523188,0.0109582450599882));
#7263=CARTESIAN_POINT('',(0.00153550837431457,-0.000908268285799983,0.0109639769477084));
#7264=CARTESIAN_POINT('',(0.0014282664738851,-0.000785341322026625,0.0109731226486063));
#7265=CARTESIAN_POINT('',(0.00125420446449892,-0.000628444288486821,0.0109865206928291));
#7266=CARTESIAN_POINT('',(0.00107702196471348,-0.000503196237334921,0.0109990491038937));
#7267=CARTESIAN_POINT('',(0.000845272391931166,-0.000372336938931737,0.011014536010217));
#7268=CARTESIAN_POINT('',(0.000652378673712313,-0.000296732149611611,0.0110264437999028));
#7269=CARTESIAN_POINT('',(0.00031678949436457,-0.000204332696567941,0.0110460216014061));
#7270=CARTESIAN_POINT('',(0.000115350811515429,-0.000192071514577365,0.011056677700545));
#7271=CARTESIAN_POINT('',(-1.30286623274942E-10,-0.000192071514577356,0.0110625050165588));
#7272=CARTESIAN_POINT('',(-1.30286614883017E-10,-0.000192071514577354,0.0110625050165588));
#7273=CARTESIAN_POINT('',(-1.30286614883017E-10,-0.000192071514577356,0.0110625050165588));
#7274=CARTESIAN_POINT('',(-0.000105121268156954,-0.000192071514577347,0.0110678155418179));
#7275=CARTESIAN_POINT('',(-0.000333753491734796,-0.000204644617458172,0.0110797770938519));
#7276=CARTESIAN_POINT('',(-0.000778802206844324,-0.000334066655547436,0.0111060408683436));
#7277=CARTESIAN_POINT('',(-0.00111134636751567,-0.000511806508666825,0.011127726263595));
#7278=CARTESIAN_POINT('',(-0.00139445596541956,-0.000751245737820965,0.0111492246185375));
#7279=CARTESIAN_POINT('',(-0.00152966893350422,-0.000898376456207401,0.011160494067265));
#7280=CARTESIAN_POINT('',(-0.001675623550197,-0.00109336729483096,0.0111733885932417));
#7281=CARTESIAN_POINT('',(-0.00176172991561379,-0.00123813530897364,0.0111821165225247));
#7282=CARTESIAN_POINT('',(-0.00185627130083687,-0.00144183168368069,0.0111937000867419));
#7283=CARTESIAN_POINT('',(-0.00188155385818288,-0.00151110407226663,0.0111976878898589));
#7284=CARTESIAN_POINT('',(-0.00193841997506323,-0.00168659709197924,0.0112080183609417));
#7285=CARTESIAN_POINT('',(-0.0019845864026543,-0.00189830560712447,0.0112204013127503));
#7286=CARTESIAN_POINT('',(-0.00201354828172488,-0.00230257356628182,0.0112439449826546));
#7287=CARTESIAN_POINT('',(-0.0019668179807496,-0.00259362078245646,0.0112608400691274));
#7288=CARTESIAN_POINT('',(-0.00189528516117418,-0.00283554445293904,0.0112750119855052));
#7289=CARTESIAN_POINT('',(-0.00183912471894952,-0.00299316768764793,0.0112842474252457));
#7290=CARTESIAN_POINT('',(-0.00168172427694552,-0.00328223249263682,0.0113011309599788));
#7291=CARTESIAN_POINT('',(-0.0015941478605612,-0.00340523983118479,0.0113089065817025));
#7292=CARTESIAN_POINT('',(-0.00141304893076907,-0.00361493871905596,0.0113243290572507));
#7293=CARTESIAN_POINT('',(-0.00127757430588822,-0.00373390329548184,0.0113345501213014));
#7294=CARTESIAN_POINT('',(-0.00106004710603958,-0.00389854406874039,0.0113501637858905));
#7295=CARTESIAN_POINT('',(-0.000759868420078852,-0.00405466665717835,0.0113701060994214));
#7296=CARTESIAN_POINT('',(-0.000400752163081337,-0.00416615424684687,0.011391793647017));
#7297=CARTESIAN_POINT('',(1.86067242067848E-5,-0.00420193468392428,0.0114134743678457));
#7298=CARTESIAN_POINT('',(0.000326324484532913,-0.00417853610492012,0.0114293389809536));
#7299=CARTESIAN_POINT('',(0.000780795647227688,-0.00405033463410914,0.0114561584475462));
#7300=CARTESIAN_POINT('',(0.00111080004974294,-0.00387226578525694,0.0114776940596813));
#7301=CARTESIAN_POINT('',(0.00139452346851256,-0.00363290606914718,0.0114992286149266));
#7302=CARTESIAN_POINT('',(0.00152965590977088,-0.00348576491992943,0.0115104933145457));
#7303=CARTESIAN_POINT('',(0.00167562670949577,-0.00329077617725961,0.0115233887949305));
#7304=CARTESIAN_POINT('',(0.0017617287387112,-0.00314600760145572,0.0115321164684851));
#7305=CARTESIAN_POINT('',(0.00185627128570769,-0.0029423113774398,0.011543700101213));
#7306=CARTESIAN_POINT('',(0.00188155353216141,-0.00287303894775063,0.0115476878860095));
#7307=CARTESIAN_POINT('',(0.00193841973192072,-0.00269754593867851,0.0115580183620285));
#7308=CARTESIAN_POINT('',(0.00198458613889262,-0.00248583742093894,0.0115704013124675));
#7309=CARTESIAN_POINT('',(0.00201354801658337,-0.00208156946274084,0.0115939449830212));
#7310=CARTESIAN_POINT('',(0.00196681776490582,-0.00179052225198831,0.0116108400676824));
#7311=CARTESIAN_POINT('',(0.00189528482440551,-0.00154859857098545,0.0116250119877154));
#7312=CARTESIAN_POINT('',(0.00183912487341533,-0.00139097537538306,0.0116342474129742));
#7313=CARTESIAN_POINT('',(0.00168172141587897,-0.00110191032030526,0.0116511310370293));
#7314=CARTESIAN_POINT('',(0.00159415204709109,-0.000978903567872988,0.01165890644993));
#7315=CARTESIAN_POINT('',(0.00141303172066109,-0.000769202900533534,0.0116743295594658));
#7316=CARTESIAN_POINT('',(0.00127763739635013,-0.000650245002030788,0.0116845482442099));
#7317=CARTESIAN_POINT('',(0.00105971045564603,-0.000485570985806529,0.0117001737531185));
#7318=CARTESIAN_POINT('',(0.00064372629553727,-0.000267354127997218,0.0117279665905029));
#7319=CARTESIAN_POINT('',(0.000264418914397333,-0.000192071514577365,0.0117491470559789));
#7320=CARTESIAN_POINT('',(-1.30286478723904E-10,-0.000192071514577344,0.0117625050165588));
#7321=CARTESIAN_POINT('',(-7.54102632183405E-11,-0.000192071514577342,0.0117625050137866));
#7322=CARTESIAN_POINT('',(-1.30286470331979E-10,-0.000192071514577344,0.0117625050165588));
#7323=CARTESIAN_POINT('',(-0.000105121268158244,-0.000192071514577335,0.011767815541818));
#7324=CARTESIAN_POINT('',(-0.000333753491734534,-0.000204644617454828,0.0117797770938518));
#7325=CARTESIAN_POINT('',(-0.000778802206855025,-0.000334066655561327,0.0118060408683446));
#7326=CARTESIAN_POINT('',(-0.00111134636747178,-0.000511806508614335,0.0118277262635911));
#7327=CARTESIAN_POINT('',(-0.00139445596554881,-0.000751245737975487,0.0118492246185491));
#7328=CARTESIAN_POINT('',(-0.00152966893327976,-0.000898376455939562,0.0118604940672449));
#7329=CARTESIAN_POINT('',(-0.0016756235502528,-0.00109336729489188,0.0118733885932461));
#7330=CARTESIAN_POINT('',(-0.00176172991561395,-0.00123813530899738,0.0118821165225272));
#7331=CARTESIAN_POINT('',(-0.00185627130077934,-0.00144183168352431,0.0118937000867331));
#7332=CARTESIAN_POINT('',(-0.00188155385841179,-0.00151110407286787,0.0118976878898914));
#7333=CARTESIAN_POINT('',(-0.00193841997524897,-0.00168659709270249,0.0119080183609794));
#7334=CARTESIAN_POINT('',(-0.00198458640273049,-0.00189830560769752,0.011920401312779));
#7335=CARTESIAN_POINT('',(-0.00201354828162923,-0.00230257356622952,0.0119439449826537));
#7336=CARTESIAN_POINT('',(-0.00196681798111263,-0.00259362078052946,0.0119608400690191));
#7337=CARTESIAN_POINT('',(-0.00189528516167584,-0.00283554445159051,0.0119750119854257));
#7338=CARTESIAN_POINT('',(-0.00183912471865338,-0.00299316768843976,0.0119842474252922));
#7339=CARTESIAN_POINT('',(-0.00168172427701042,-0.00328223249248728,0.0120011309599709));
#7340=CARTESIAN_POINT('',(-0.00159414786052133,-0.00340523983124834,0.0120089065817047));
#7341=CARTESIAN_POINT('',(-0.00141304893077846,-0.00361493871903913,0.0120243290572498));
#7342=CARTESIAN_POINT('',(-0.0012775743058899,-0.00373390329548529,0.012034550121303));
#7343=CARTESIAN_POINT('',(-0.00106004710601675,-0.00389854406874292,0.0120501637858941));
#7344=CARTESIAN_POINT('',(-0.000759868420274393,-0.00405466665713773,0.0120701060994096));
#7345=CARTESIAN_POINT('',(-0.000400752162365025,-0.00416615424699804,0.0120917936470575));
#7346=CARTESIAN_POINT('',(1.86067240994803E-5,-0.00420193468387037,0.0121134743678398));
#7347=CARTESIAN_POINT('',(0.000326324484246687,-0.00417853610498451,0.0121293389809366));
#7348=CARTESIAN_POINT('',(0.000780795647282027,-0.004050334634119,0.0121561584475487));
#7349=CARTESIAN_POINT('',(0.00111080004981235,-0.00387226578515317,0.0121776940596884));
#7350=CARTESIAN_POINT('',(0.00139452346824878,-0.00363290606946711,0.0121992286149028));
#7351=CARTESIAN_POINT('',(0.00152965591023216,-0.00348576491937436,0.0122104933145871));
#7352=CARTESIAN_POINT('',(0.00167562670937076,-0.00329077617741255,0.0122233887949199));
#7353=CARTESIAN_POINT('',(0.00176172873875065,-0.00314600760139928,0.0122321164684858));
#7354=CARTESIAN_POINT('',(0.00185627128567561,-0.00294231137751285,0.0122437001012092));
#7355=CARTESIAN_POINT('',(0.00188155353225106,-0.00287303894751502,0.012247687886024));
#7356=CARTESIAN_POINT('',(0.00193841973199306,-0.00269754593841566,0.0122580183620444));
#7357=CARTESIAN_POINT('',(0.00198458613891409,-0.00248583742067638,0.0122704013124829));
#7358=CARTESIAN_POINT('',(0.00201354801658927,-0.00208156946299451,0.0122939449830063));
#7359=CARTESIAN_POINT('',(0.00196681776478044,-0.00179052225126314,0.0123108400677252));
#7360=CARTESIAN_POINT('',(0.00189528482423144,-0.00154859857052263,0.0123250119877441));
#7361=CARTESIAN_POINT('',(0.00183912487350147,-0.00139097537563343,0.0123342474129588));
#7362=CARTESIAN_POINT('',(0.00168172141597419,-0.00110191032040422,0.0123511310370218));
#7363=CARTESIAN_POINT('',(0.00159415204690342,-0.000978903567637267,0.0123589064499469));
#7364=CARTESIAN_POINT('',(0.0014130317207115,-0.000769202900596594,0.0123743295594612));
#7365=CARTESIAN_POINT('',(0.00127763739633714,-0.000650245002014289,0.0123845482442111));
#7366=CARTESIAN_POINT('',(0.00105971045565371,-0.000485570985815962,0.0124001737531178));
#7367=CARTESIAN_POINT('',(0.00064372629553184,-0.000267354127990154,0.0124279665905034));
#7368=CARTESIAN_POINT('',(0.000264418914397465,-0.000192071514577353,0.0124491470559789));
#7369=CARTESIAN_POINT('',(-1.30286334172866E-10,-0.000192071514577332,0.0124625050165588));
#7370=CARTESIAN_POINT('',(-1.1952509253534E-10,-0.00019207151457733,0.0124625050160152));
#7371=CARTESIAN_POINT('',(-1.30286325780941E-10,-0.000192071514577332,0.0124625050165588));
#7372=CARTESIAN_POINT('',(-0.000105121268156607,-0.000192071514577324,0.0124678155418179));
#7373=CARTESIAN_POINT('',(-0.000333753491727431,-0.000204644617449826,0.0124797770938513));
#7374=CARTESIAN_POINT('',(-0.000778802206868236,-0.000334066655576421,0.0125060408683457));
#7375=CARTESIAN_POINT('',(-0.00111134636742513,-0.000511806508558872,0.0125277262635869));
#7376=CARTESIAN_POINT('',(-0.00139445596568359,-0.000751245738137661,0.0125492246185612));
#7377=CARTESIAN_POINT('',(-0.00152966893304603,-0.000898376455658676,0.0125604940672238));
#7378=CARTESIAN_POINT('',(-0.00167562355031596,-0.00109336729496902,0.0125733885932515));
#7379=CARTESIAN_POINT('',(-0.00176172991559411,-0.00123813530896955,0.0125821165225268));
#7380=CARTESIAN_POINT('',(-0.00185627130079462,-0.00144183168355834,0.0125937000867349));
#7381=CARTESIAN_POINT('',(-0.00188155385836959,-0.00151110407275942,0.0125976878898847));
#7382=CARTESIAN_POINT('',(-0.0019384199752162,-0.00168659709257476,0.0126080183609716));
#7383=CARTESIAN_POINT('',(-0.00198458640271679,-0.00189830560759508,0.0126204013127729));
#7384=CARTESIAN_POINT('',(-0.00201354828164564,-0.00230257356624214,0.0126439449826545));
#7385=CARTESIAN_POINT('',(-0.00196681798105086,-0.00259362078085075,0.0126608400690382));
#7386=CARTESIAN_POINT('',(-0.0018952851615942,-0.00283554445181241,0.0126750119854396));
#7387=CARTESIAN_POINT('',(-0.00183912471869188,-0.00299316768832148,0.0126842474252849));
#7388=CARTESIAN_POINT('',(-0.00168172427706569,-0.00328223249242748,0.0127011309599665));
#7389=CARTESIAN_POINT('',(-0.00159414786041455,-0.00340523983138252,0.0127089065817142));
#7390=CARTESIAN_POINT('',(-0.00141304893080677,-0.00361493871900321,0.0127243290572472));
#7391=CARTESIAN_POINT('',(-0.00127757430588259,-0.0037339032954947,0.0127345501213038));
#7392=CARTESIAN_POINT('',(-0.00106004710601928,-0.00389854406873736,0.012750163785894));
#7393=CARTESIAN_POINT('',(-0.000759868420286102,-0.00405466665714048,0.012770106099409));
#7394=CARTESIAN_POINT('',(-0.00040075216231674,-0.00416615424699415,0.0127917936470599));
#7395=CARTESIAN_POINT('',(1.86067239661413E-5,-0.00420193468389252,0.0128134743678329));
#7396=CARTESIAN_POINT('',(0.000326324484732625,-0.00417853610489972,0.0128293389809618));
#7397=CARTESIAN_POINT('',(0.000780795647156564,-0.00405033463413591,0.0128561584475416));
#7398=CARTESIAN_POINT('',(0.00111080004982913,-0.00387226578517028,0.0128776940596914));
#7399=CARTESIAN_POINT('',(0.00139452346830079,-0.00363290606939888,0.0128992286149079));
#7400=CARTESIAN_POINT('',(0.0015296559101356,-0.00348576491949371,0.0129104933145773));
#7401=CARTESIAN_POINT('',(0.00167562670940263,-0.00329077617736524,0.012923388794923));
#7402=CARTESIAN_POINT('',(0.00176172873872058,-0.00314600760146911,0.0129321164684833));
#7403=CARTESIAN_POINT('',(0.00185627128576489,-0.00294231137728078,0.0129437001012219));
#7404=CARTESIAN_POINT('',(0.00188155353192488,-0.00287303894837342,0.0129476878859759));
#7405=CARTESIAN_POINT('',(0.00193841973172801,-0.00269754593942821,0.0129580183619895));
#7406=CARTESIAN_POINT('',(0.00198458613881407,-0.0024858374215349,0.0129704013124377));
#7407=CARTESIAN_POINT('',(0.00201354801668121,-0.00208156946267718,0.0129939449830227));
#7408=CARTESIAN_POINT('',(0.00196681776453866,-0.00179052225005002,0.0130108400677913));
#7409=CARTESIAN_POINT('',(0.00189528482390497,-0.00154859856963397,0.0130250119877949));
#7410=CARTESIAN_POINT('',(0.00183912487369347,-0.00139097537615416,0.013034247412929));
#7411=CARTESIAN_POINT('',(0.0016817214159376,-0.00110191032031315,0.0130511310370271));
#7412=CARTESIAN_POINT('',(0.00159415204691982,-0.000978903567666329,0.013058906449945));
#7413=CARTESIAN_POINT('',(0.00141303172070728,-0.000769202900588785,0.0130743295594617));
#7414=CARTESIAN_POINT('',(0.00127763739633841,-0.000650245002016301,0.013084548244211));
#7415=CARTESIAN_POINT('',(0.00105971045565318,-0.00048557098581477,0.0131001737531179));
#7416=CARTESIAN_POINT('',(0.000643726295532409,-0.000267354127990995,0.0131279665905034));
#7417=CARTESIAN_POINT('',(0.000264418914397635,-0.000192071514577342,0.0131491470559789));
#7418=CARTESIAN_POINT('',(-1.30286189621829E-10,-0.000192071514577321,0.0131625050165588));
#7419=CARTESIAN_POINT('',(-2.40877932251197E-10,-0.000192071514577318,0.0131625050221457));
#7420=CARTESIAN_POINT('',(-1.30286181229903E-10,-0.000192071514577321,0.0131625050165588));
#7421=CARTESIAN_POINT('',(-0.000105121267955574,-0.000192071514577312,0.0131678155418078));
#7422=CARTESIAN_POINT('',(-0.000333753491267755,-0.000204644617349271,0.0131797770938273));
#7423=CARTESIAN_POINT('',(-0.000778802206997799,-0.000334066655611214,0.0132060408683535));
#7424=CARTESIAN_POINT('',(-0.00111134636736562,-0.00051180650852016,0.0132277262635797));
#7425=CARTESIAN_POINT('',(-0.00139445596576532,-0.000751245738232517,0.0132492246185682));
#7426=CARTESIAN_POINT('',(-0.00152966893291038,-0.000898376455495629,0.0132604940672127));
#7427=CARTESIAN_POINT('',(-0.0016756235503547,-0.00109336729501943,0.0132733885932548));
#7428=CARTESIAN_POINT('',(-0.00176172991557394,-0.00123813530893089,0.0132821165225245));
#7429=CARTESIAN_POINT('',(-0.00185627130083574,-0.00144183168366255,0.0132937000867407));
#7430=CARTESIAN_POINT('',(-0.00188155385822441,-0.00151110407238118,0.0132976878898638));
#7431=CARTESIAN_POINT('',(-0.00193841997510016,-0.0016865970921208,0.0133080183609474));
#7432=CARTESIAN_POINT('',(-0.00198458640266785,-0.00189830560723997,0.0133204013127548));
#7433=CARTESIAN_POINT('',(-0.00201354828170991,-0.00230257356625268,0.0133439449826539));
#7434=CARTESIAN_POINT('',(-0.00196681798079495,-0.002593620782197,0.0133608400691148));
#7435=CARTESIAN_POINT('',(-0.00189528516125303,-0.00283554445273806,0.0133750119854948));
#7436=CARTESIAN_POINT('',(-0.00183912471885825,-0.00299316768782219,0.0133842474252555));
#7437=CARTESIAN_POINT('',(-0.00168172427726419,-0.00328223249221957,0.0134011309599518));
#7438=CARTESIAN_POINT('',(-0.00159414786002517,-0.00340523983187111,0.0134089065817474));
#7439=CARTESIAN_POINT('',(-0.00141304893091085,-0.00361493871887246,0.0134243290572379));
#7440=CARTESIAN_POINT('',(-0.00127757430585484,-0.00373390329552897,0.0134345501213078));
#7441=CARTESIAN_POINT('',(-0.00106004710603673,-0.00389854406871732,0.0134501637858946));
#7442=CARTESIAN_POINT('',(-0.000759868420265824,-0.00405466665714921,0.0134701060994104));
#7443=CARTESIAN_POINT('',(-0.000400752162371986,-0.00416615424698497,0.013491793647054));
#7444=CARTESIAN_POINT('',(1.86067240106037E-5,-0.00420193468388917,0.0135134743678354));
#7445=CARTESIAN_POINT('',(0.000326324484610889,-0.00417853610492225,0.0135293389809577));
#7446=CARTESIAN_POINT('',(0.000780795647197002,-0.00405033463412083,0.0135561584475441));
#7447=CARTESIAN_POINT('',(0.0011108000497902,-0.00387226578520789,0.0135776940596855));
#7448=CARTESIAN_POINT('',(0.00139452346839106,-0.00363290606929231,0.0135992286149157));
#7449=CARTESIAN_POINT('',(0.00152965590998139,-0.00348576491967794,0.0136104933145644));
#7450=CARTESIAN_POINT('',(0.00167562670944173,-0.00329077617732219,0.0136233887949261));
#7451=CARTESIAN_POINT('',(0.00176172873871941,-0.00314600760145679,0.013632116468484));
#7452=CARTESIAN_POINT('',(0.00185627128573142,-0.00294231137737286,0.0136437001012168));
#7453=CARTESIAN_POINT('',(0.00188155353206084,-0.00287303894801723,0.0136476878859954));
#7454=CARTESIAN_POINT('',(0.0019384197318382,-0.00269754593899793,0.0136580183620124));
#7455=CARTESIAN_POINT('',(0.00198458613886037,-0.00248583742119963,0.0136704013124548));
#7456=CARTESIAN_POINT('',(0.00201354801662003,-0.00208156946268346,0.0136939449830235));
#7457=CARTESIAN_POINT('',(0.00196681776478342,-0.00179052225134674,0.0137108400677175));
#7458=CARTESIAN_POINT('',(0.00189528482423756,-0.00154859857053118,0.0137250119877414));
#7459=CARTESIAN_POINT('',(0.00183912487351423,-0.00139097537564866,0.013734247412959));
#7460=CARTESIAN_POINT('',(0.00168172141586366,-0.00110191032026273,0.0137511310370317));
#7461=CARTESIAN_POINT('',(0.00159415204709449,-0.000978903567880963,0.0137589064499295));
#7462=CARTESIAN_POINT('',(0.00141303172066073,-0.000769202900531356,0.0137743295594659));
#7463=CARTESIAN_POINT('',(0.00127763739635077,-0.000650245002031315,0.0137845482442099));
#7464=CARTESIAN_POINT('',(0.00105971045564635,-0.000485570985806176,0.0138001737531185));
#7465=CARTESIAN_POINT('',(0.000643726295537831,-0.000267354127997435,0.0138279665905029));
#7466=CARTESIAN_POINT('',(0.000264418914397741,-0.00019207151457733,0.0138491470559789));
#7467=CARTESIAN_POINT('',(-1.30286045070791E-10,-0.000192071514577309,0.0138625050165588));
#7468=CARTESIAN_POINT('',(-1.30286036678865E-10,-0.000192071514577307,0.0138625050165588));
#7469=CARTESIAN_POINT('',(-1.30286036678865E-10,-0.000192071514577309,0.0138625050165588));
#7470=CARTESIAN_POINT('',(-0.000105121268553692,-0.0001920715145773,0.013867815541838));
#7471=CARTESIAN_POINT('',(-0.000333753492643298,-0.000204644617657229,0.0138797770938993));
#7472=CARTESIAN_POINT('',(-0.000778802206586297,-0.000334066655477654,0.0139060408683281));
#7473=CARTESIAN_POINT('',(-0.00111134636763538,-0.000511806508746438,0.0139277262636095));
#7474=CARTESIAN_POINT('',(-0.00139445596525136,-0.000751245737625938,0.0139492246185232));
#7475=CARTESIAN_POINT('',(-0.00152966893378115,-0.000898376456542227,0.0139604940672878));
#7476=CARTESIAN_POINT('',(-0.00167562355011447,-0.00109336729472124,0.0139733885932345));
#7477=CARTESIAN_POINT('',(-0.00176172991566327,-0.00123813530907707,0.0139821165225307));
#7478=CARTESIAN_POINT('',(-0.00185627130071782,-0.00144183168337604,0.013993700086725));
#7479=CARTESIAN_POINT('',(-0.00188155385860593,-0.00151110407338107,0.0139976878899205));
#7480=CARTESIAN_POINT('',(-0.00193841997540681,-0.00168659709328833,0.0140080183610115));
#7481=CARTESIAN_POINT('',(-0.00198458640278139,-0.00189830560824924,0.0140204013128086));
#7482=CARTESIAN_POINT('',(-0.00201354828161708,-0.00230257356580748,0.0140439449826301));
#7483=CARTESIAN_POINT('',(-0.00196681798098887,-0.0025936207812767,0.0140608400690662));
#7484=CARTESIAN_POINT('',(-0.00189528516150583,-0.00283554445203915,0.0140750119854559));
#7485=CARTESIAN_POINT('',(-0.00183912471872031,-0.002993167688218,0.0140842474252775));
#7486=CARTESIAN_POINT('',(-0.00168172427721668,-0.00328223249224481,0.0141011309599534));
#7487=CARTESIAN_POINT('',(-0.00159414786014232,-0.00340523983172805,0.014108906581739));
#7488=CARTESIAN_POINT('',(-0.00141304893087873,-0.0036149387189109,0.0141243290572406));
#7489=CARTESIAN_POINT('',(-0.00127757430586517,-0.00373390329551836,0.0141345501213053));
#7490=CARTESIAN_POINT('',(-0.00106004710601963,-0.00389854406872627,0.0141501637858935));
#7491=CARTESIAN_POINT('',(-0.000759868420365462,-0.00405466665712178,0.0141701060994042));
#7492=CARTESIAN_POINT('',(-0.000400752162012907,-0.00416615424707841,0.0141917936470788));
#7493=CARTESIAN_POINT('',(1.86067241076112E-5,-0.00420193468382815,0.0142134743678401));
#7494=CARTESIAN_POINT('',(0.000326324483864646,-0.0041785361050728,0.0142293389809141));
#7495=CARTESIAN_POINT('',(0.000780795647418792,-0.00405033463405475,0.0142561584475578));
#7496=CARTESIAN_POINT('',(0.00111080004965004,-0.00387226578532164,0.0142776940596744));
#7497=CARTESIAN_POINT('',(0.00139452346865048,-0.00363290606898731,0.0142992286149388));
#7498=CARTESIAN_POINT('',(0.00152965590954286,-0.0034857649202042,0.0143104933145251));
#7499=CARTESIAN_POINT('',(0.00167562670956087,-0.00329077617717727,0.0143233887949361));
#7500=CARTESIAN_POINT('',(0.00176172873868216,-0.00314600760151024,0.0143321164684832));
#7501=CARTESIAN_POINT('',(0.00185627128576211,-0.00294231137730395,0.0143437001012204));
#7502=CARTESIAN_POINT('',(0.00188155353197619,-0.00287303894823932,0.0143476878859818));
#7503=CARTESIAN_POINT('',(0.00193841973177059,-0.00269754593924905,0.0143580183619972));
#7504=CARTESIAN_POINT('',(0.00198458613883843,-0.0024858374214382,0.0143704013124408));
#7505=CARTESIAN_POINT('',(0.00201354801662493,-0.00208156946249513,0.0143939449830346));
#7506=CARTESIAN_POINT('',(0.00196681776483864,-0.00179052225171091,0.014410840067696));
#7507=CARTESIAN_POINT('',(0.00189528482433639,-0.00154859857077529,0.0144250119877262));
#7508=CARTESIAN_POINT('',(0.00183912487340975,-0.00139097537544593,0.0144342474129716));
#7509=CARTESIAN_POINT('',(0.00168172141620157,-0.00110191032070545,0.0144511310370039));
#7510=CARTESIAN_POINT('',(0.00159415204652969,-0.000978903567156836,0.014458906449975));
#7511=CARTESIAN_POINT('',(0.00141303172081125,-0.000769202900725066,0.0144743295594525));
#7512=CARTESIAN_POINT('',(0.00127763739631448,-0.000650245001980624,0.0144845482442181));
#7513=CARTESIAN_POINT('',(0.0010597104556526,-0.000485570985835139,0.0145001737531244));
#7514=CARTESIAN_POINT('',(0.000643726295713935,-0.000267354127975693,0.0145279665904894));
#7515=CARTESIAN_POINT('',(0.000264418913572565,-0.000192071514577318,0.0145491470560206));
#7516=CARTESIAN_POINT('',(-1.30285900519753E-10,-0.000192071514577297,0.0145625050165588));
#7517=CARTESIAN_POINT('',(-1.30285892127828E-10,-0.000192071514577295,0.0145625050165588));
#7518=CARTESIAN_POINT('',(-1.30285892127828E-10,-0.000192071514577297,0.0145625050165588));
#7519=CARTESIAN_POINT('',(-0.000105121268352643,-0.000192071514577288,0.0145678155418279));
#7520=CARTESIAN_POINT('',(-0.000333753492183472,-0.00020464461755656,0.0145797770938754));
#7521=CARTESIAN_POINT('',(-0.000778802206716323,-0.000334066655512832,0.0146060408683359));
#7522=CARTESIAN_POINT('',(-0.00111134636757438,-0.000511806508706387,0.0146277262636022));
#7523=CARTESIAN_POINT('',(-0.00139445596533615,-0.000751245737723863,0.0146492246185304));
#7524=CARTESIAN_POINT('',(-0.00152966893364037,-0.000898376456374006,0.0146604940672763));
#7525=CARTESIAN_POINT('',(-0.00167562355015211,-0.00109336729476656,0.0146733885932376));
#7526=CARTESIAN_POINT('',(-0.00176172991565276,-0.0012381353090641,0.0146821165225299));
#7527=CARTESIAN_POINT('',(-0.00185627130072144,-0.00144183168338266,0.0146937000867254));
#7528=CARTESIAN_POINT('',(-0.00188155385860117,-0.00151110407336769,0.0146976878899198));
#7529=CARTESIAN_POINT('',(-0.00193841997540243,-0.00168659709328132,0.0147080183610111));
#7530=CARTESIAN_POINT('',(-0.0019845864027838,-0.00189830560821681,0.0147204013128068));
#7531=CARTESIAN_POINT('',(-0.00201354828159751,-0.00230257356592505,0.014743944982637));
#7532=CARTESIAN_POINT('',(-0.00196681798111451,-0.00259362078058353,0.0147608400690252));
#7533=CARTESIAN_POINT('',(-0.00189528516167703,-0.00283554445157914,0.0147750119854273));
#7534=CARTESIAN_POINT('',(-0.00183912471863498,-0.0029931676884678,0.0147842474252928));
#7535=CARTESIAN_POINT('',(-0.00168172427712734,-0.00328223249233636,0.0148011309599604));
#7536=CARTESIAN_POINT('',(-0.00159414786031952,-0.00340523983150539,0.0148089065817229));
#7537=CARTESIAN_POINT('',(-0.0014130489308322,-0.00361493871897021,0.0148243290572448));
#7538=CARTESIAN_POINT('',(-0.00127757430587313,-0.0037339032955038,0.0148345501213045));
#7539=CARTESIAN_POINT('',(-0.00106004710603527,-0.00389854406872973,0.0148501637858929));
#7540=CARTESIAN_POINT('',(-0.000759868420182411,-0.0040546666571635,0.0148701060994153));
#7541=CARTESIAN_POINT('',(-0.000400752162688641,-0.00416615424691574,0.0148917936470374));
#7542=CARTESIAN_POINT('',(1.8606724027519E-5,-0.00420193468391895,0.0149134743678363));
#7543=CARTESIAN_POINT('',(0.000326324484861617,-0.00417853610487219,0.0149293389809705));
#7544=CARTESIAN_POINT('',(0.000780795647142306,-0.00405033463411952,0.0149561584475414));
#7545=CARTESIAN_POINT('',(0.00111080004975987,-0.0038722657852631,0.0149776940596837));
#7546=CARTESIAN_POINT('',(0.00139452346853331,-0.003632906069119,0.0149992286149287));
#7547=CARTESIAN_POINT('',(0.00152965590973227,-0.0034857649199788,0.0150104933145414));
#7548=CARTESIAN_POINT('',(0.00167562670951098,-0.00329077617723595,0.015023388794932));
#7549=CARTESIAN_POINT('',(0.00176172873869326,-0.00314600760150076,0.0150321164684833));
#7550=CARTESIAN_POINT('',(0.00185627128576849,-0.00294231137728313,0.0150437001012216));
#7551=CARTESIAN_POINT('',(0.00188155353194046,-0.00287303894833204,0.015047687885977));
#7552=CARTESIAN_POINT('',(0.0019384197317422,-0.00269754593937063,0.0150580183619911));
#7553=CARTESIAN_POINT('',(0.00198458613882214,-0.00248583742150464,0.015070401312438));
#7554=CARTESIAN_POINT('',(0.00201354801666344,-0.00208156946261657,0.0150939449830269));
#7555=CARTESIAN_POINT('',(0.00196681776463599,-0.00179052225059489,0.0151108400677608));
#7556=CARTESIAN_POINT('',(0.00189528482405047,-0.00154859857001374,0.0151250119877726));
#7557=CARTESIAN_POINT('',(0.00183912487358376,-0.00139097537589966,0.0151342474129441));
#7558=CARTESIAN_POINT('',(0.00168172141612882,-0.00110191032057516,0.0151511310370107));
#7559=CARTESIAN_POINT('',(0.00159415204661394,-0.000978903567271382,0.0151589064499699));
#7560=CARTESIAN_POINT('',(0.00141303172078924,-0.000769202900694389,0.0151743295594544));
#7561=CARTESIAN_POINT('',(0.00127763739631903,-0.000650245001988622,0.0151845482442153));
#7562=CARTESIAN_POINT('',(0.0010597104556572,-0.000485570985830535,0.0152001737531209));
#7563=CARTESIAN_POINT('',(0.000643726295625058,-0.000267354127979125,0.0152279665904963));
#7564=CARTESIAN_POINT('',(0.000264418913964389,-0.000192071514577306,0.0152491470560008));
#7565=CARTESIAN_POINT('',(-1.30285755968715E-10,-0.000192071514577285,0.0152625050165588));
#7566=CARTESIAN_POINT('',(-6.28228989641955E-11,-0.000192071514577283,0.0152625050131507));
#7567=CARTESIAN_POINT('',(-1.3028574757679E-10,-0.000192071514577285,0.0152625050165588));
#7568=CARTESIAN_POINT('',(-0.000105121268278518,-0.000192071514577276,0.0152678155418241));
#7569=CARTESIAN_POINT('',(-0.000333753492008812,-0.000204644617513194,0.0152797770938661));
#7570=CARTESIAN_POINT('',(-0.000778802206782358,-0.000334066655547766,0.0153060408683404));
#7571=CARTESIAN_POINT('',(-0.0011113463674837,-0.000511806508609807,0.0153277262635934));
#7572=CARTESIAN_POINT('',(-0.0013944559655667,-0.000751245737999954,0.015349224618551));
#7573=CARTESIAN_POINT('',(-0.00152966893324295,-0.000898376455896191,0.015360494067241));
#7574=CARTESIAN_POINT('',(-0.00167562355026049,-0.00109336729490015,0.0153733885932468));
#7575=CARTESIAN_POINT('',(-0.00176172991561559,-0.00123813530900716,0.0153821165225284));
#7576=CARTESIAN_POINT('',(-0.00185627130076072,-0.00144183168347645,0.0153937000867304));
#7577=CARTESIAN_POINT('',(-0.00188155385848025,-0.00151110407304907,0.015397687889901));
#7578=CARTESIAN_POINT('',(-0.00193841997530416,-0.00168659709292064,0.0154080183609905));
#7579=CARTESIAN_POINT('',(-0.00198458640275299,-0.00189830560786887,0.0154204013127874));
#7580=CARTESIAN_POINT('',(-0.00201354828159861,-0.0023025735662204,0.0154439449826539));
#7581=CARTESIAN_POINT('',(-0.00196681798122828,-0.00259362077990696,0.0154608400689842));
#7582=CARTESIAN_POINT('',(-0.00189528516183842,-0.0028355444511537,0.0154750119854));
#7583=CARTESIAN_POINT('',(-0.00183912471855016,-0.00299316768870406,0.0154842474253078));
#7584=CARTESIAN_POINT('',(-0.00168172427707394,-0.00328223249238373,0.0155011309599648));
#7585=CARTESIAN_POINT('',(-0.0015941478604338,-0.00340523983136331,0.0155089065817115));
#7586=CARTESIAN_POINT('',(-0.00141304893080063,-0.00361493871900837,0.0155243290572477));
#7587=CARTESIAN_POINT('',(-0.0012775743058844,-0.00373390329549298,0.0155345501213045));
#7588=CARTESIAN_POINT('',(-0.00106004710601258,-0.00389854406873983,0.0155501637858957));
#7589=CARTESIAN_POINT('',(-0.000759868420328601,-0.00405466665712614,0.0155701060994063));
#7590=CARTESIAN_POINT('',(-0.000400752162159701,-0.00416615424704543,0.0155917936470681));
#7591=CARTESIAN_POINT('',(1.86067241061169E-5,-0.00420193468384529,0.0156134743678402));
#7592=CARTESIAN_POINT('',(0.000326324484019153,-0.00417853610503707,0.0156293389809246));
#7593=CARTESIAN_POINT('',(0.000780795647364247,-0.00405033463408058,0.0156561584475541));
#7594=CARTESIAN_POINT('',(0.00111080004971534,-0.00387226578525397,0.0156776940596788));
#7595=CARTESIAN_POINT('',(0.00139452346848979,-0.00363290606918053,0.0156992286149242));
#7596=CARTESIAN_POINT('',(0.00152965590981991,-0.00348576491986988,0.0157104933145505));
#7597=CARTESIAN_POINT('',(0.00167562670948184,-0.00329077617728045,0.0157233887949291));
#7598=CARTESIAN_POINT('',(0.00176172873872297,-0.00314600760143171,0.0157321164684858));
#7599=CARTESIAN_POINT('',(0.00185627128567962,-0.00294231137751478,0.015743700101209));
#7600=CARTESIAN_POINT('',(0.00188155353226709,-0.00287303894747441,0.0157476878860251));
#7601=CARTESIAN_POINT('',(0.00193841973200699,-0.0026975459383547,0.0157580183620462));
#7602=CARTESIAN_POINT('',(0.00198458613892473,-0.0024858374206579,0.0157704013124825));
#7603=CARTESIAN_POINT('',(0.00201354801655971,-0.00208156946287058,0.0157939449830143));
#7604=CARTESIAN_POINT('',(0.00196681776495347,-0.00179052225220364,0.0158108400676713));
#7605=CARTESIAN_POINT('',(0.00189528482446612,-0.0015485985711519,0.0158250119877064));
#7606=CARTESIAN_POINT('',(0.00183912487338546,-0.00139097537529099,0.0158342474129791));
#7607=CARTESIAN_POINT('',(0.0016817214158561,-0.0011019103202833,0.0158511310370306));
#7608=CARTESIAN_POINT('',(0.00159415204714123,-0.000978903567934321,0.0158589064499264));
#7609=CARTESIAN_POINT('',(0.00141303172064891,-0.000769202900517059,0.0158743295594669));
#7610=CARTESIAN_POINT('',(0.00127763739635402,-0.000650245002035027,0.015884548244209));
#7611=CARTESIAN_POINT('',(0.00105971045564727,-0.000485570985804015,0.0159001737531175));
#7612=CARTESIAN_POINT('',(0.000643726295512416,-0.000267354127998995,0.0159279665905049));
#7613=CARTESIAN_POINT('',(0.000264418914514654,-0.000192071514577294,0.015949147055973));
#7614=CARTESIAN_POINT('',(-1.30285611417677E-10,-0.000192071514577273,0.0159625050165588));
#7615=CARTESIAN_POINT('',(-1.2744094351726E-10,-0.000192071514577271,0.0159625050164151));
#7616=CARTESIAN_POINT('',(-1.30285603025752E-10,-0.000192071514577273,0.0159625050165588));
#7617=CARTESIAN_POINT('',(-0.000105121268278399,-0.000192071514577265,0.0159678155418241));
#7618=CARTESIAN_POINT('',(-0.000333753492012166,-0.0002046446175173,0.0159797770938664));
#7619=CARTESIAN_POINT('',(-0.000778802206770175,-0.000334066655533385,0.0160060408683394));
#7620=CARTESIAN_POINT('',(-0.00111134636752827,-0.000511806508663175,0.0160277262635974));
#7621=CARTESIAN_POINT('',(-0.00139445596543602,-0.000751245737843566,0.0160492246185393));
#7622=CARTESIAN_POINT('',(-0.00152966893346884,-0.000898376456167001,0.0160604940672613));
#7623=CARTESIAN_POINT('',(-0.00167562355020152,-0.00109336729483213,0.016073388593242));
#7624=CARTESIAN_POINT('',(-0.00176172991562471,-0.00123813530900841,0.0160821165225273));
#7625=CARTESIAN_POINT('',(-0.00185627130078235,-0.00144183168353946,0.016093700086734));
#7626=CARTESIAN_POINT('',(-0.00188155385838374,-0.00151110407279572,0.0160976878898878));
#7627=CARTESIAN_POINT('',(-0.00193841997522541,-0.00168659709261269,0.016108018360975));
#7628=CARTESIAN_POINT('',(-0.00198458640271953,-0.00189830560763197,0.016120401312776));
#7629=CARTESIAN_POINT('',(-0.00201354828164443,-0.00230257356621236,0.0161439449826523));
#7630=CARTESIAN_POINT('',(-0.00196681798103971,-0.00259362078091073,0.0161608400690407));
#7631=CARTESIAN_POINT('',(-0.00189528516158058,-0.00283554445184766,0.0161750119854409));
#7632=CARTESIAN_POINT('',(-0.00183912471869252,-0.00299316768830867,0.0161842474252846));
#7633=CARTESIAN_POINT('',(-0.00168172427710707,-0.0032822324923755,0.0162011309599634));
#7634=CARTESIAN_POINT('',(-0.0015941478603398,-0.00340523983147652,0.0162089065817198));
#7635=CARTESIAN_POINT('',(-0.00141304893082646,-0.00361493871897788,0.0162243290572454));
#7636=CARTESIAN_POINT('',(-0.00127757430587425,-0.00373390329550169,0.0162345501213053));
#7637=CARTESIAN_POINT('',(-0.00106004710603453,-0.00389854406873106,0.0162501637858942));
#7638=CARTESIAN_POINT('',(-0.000759868420179679,-0.00405466665716137,0.0162701060994154));
#7639=CARTESIAN_POINT('',(-0.000400752162698402,-0.004166154246922,0.0162917936470354));
#7640=CARTESIAN_POINT('',(1.8606724104342E-5,-0.00420193468390362,0.0163134743678404));
#7641=CARTESIAN_POINT('',(0.000326324484565821,-0.00417853610492711,0.0163293389809563));
#7642=CARTESIAN_POINT('',(0.000780795647228433,-0.00405033463409708,0.0163561584475465));
#7643=CARTESIAN_POINT('',(0.0011108000497129,-0.00387226578529778,0.0163776940596774));
#7644=CARTESIAN_POINT('',(0.00139452346861192,-0.00363290606902763,0.0163992286149354));
#7645=CARTESIAN_POINT('',(0.00152965590960099,-0.00348576492013629,0.0164104933145306));
#7646=CARTESIAN_POINT('',(0.00167562670954651,-0.00329077617719375,0.0164233887949349));
#7647=CARTESIAN_POINT('',(0.00176172873868409,-0.00314600760151201,0.0164321164684825));
#7648=CARTESIAN_POINT('',(0.00185627128577134,-0.00294231137728024,0.0164437001012218));
#7649=CARTESIAN_POINT('',(0.00188155353193991,-0.0028730389483323,0.016447687885977));
#7650=CARTESIAN_POINT('',(0.00193841973174304,-0.00269754593937299,0.016458018361991));
#7651=CARTESIAN_POINT('',(0.00198458613882085,-0.00248583742149563,0.0164704013124385));
#7652=CARTESIAN_POINT('',(0.00201354801667181,-0.00208156946266512,0.0164939449830241));
#7653=CARTESIAN_POINT('',(0.00196681776458602,-0.00179052225029076,0.0165108400677787));
#7654=CARTESIAN_POINT('',(0.00189528482396208,-0.00154859856979141,0.0165250119877864));
#7655=CARTESIAN_POINT('',(0.0018391248736837,-0.00139097537609072,0.0165342474129322));
#7656=CARTESIAN_POINT('',(0.00168172141578626,-0.00110191032012675,0.0165511310370389));
#7657=CARTESIAN_POINT('',(0.0015941520471893,-0.000978903568008258,0.0165589064499235));
#7658=CARTESIAN_POINT('',(0.00141303172063647,-0.000769202900497244,0.0165743295594681));
#7659=CARTESIAN_POINT('',(0.00127763739635647,-0.000650245002040181,0.0165845482442071));
#7660=CARTESIAN_POINT('',(0.00105971045565099,-0.000485570985801032,0.0166001737531151));
#7661=CARTESIAN_POINT('',(0.000643726295449596,-0.000267354128001197,0.0166279665905098));
#7662=CARTESIAN_POINT('',(0.000264418914790225,-0.000192071514577283,0.0166491470559591));
#7663=CARTESIAN_POINT('',(-1.3028546686664E-10,-0.000192071514577262,0.0166625050165588));
#7664=CARTESIAN_POINT('',(-2.25730688471601E-10,-0.000192071514577259,0.0166625050213805));
#7665=CARTESIAN_POINT('',(-1.30285458474714E-10,-0.000192071514577262,0.0166625050165588));
#7666=CARTESIAN_POINT('',(-0.000105121268275284,-0.000192071514577253,0.016667815541824));
#7667=CARTESIAN_POINT('',(-0.000333753492001856,-0.000204644617511682,0.0166797770938657));
#7668=CARTESIAN_POINT('',(-0.000778802206784442,-0.000334066655548427,0.0167060408683406));
#7669=CARTESIAN_POINT('',(-0.00111134636748326,-0.000511806508609631,0.0167277262635933));
#7670=CARTESIAN_POINT('',(-0.00139445596556856,-0.000751245738002288,0.0167492246185512));
#7671=CARTESIAN_POINT('',(-0.00152966893324083,-0.000898376455893973,0.0167604940672408));
#7672=CARTESIAN_POINT('',(-0.00167562355026151,-0.00109336729490184,0.0167733885932469));
#7673=CARTESIAN_POINT('',(-0.00176172991561566,-0.00123813530900819,0.0167821165225285));
#7674=CARTESIAN_POINT('',(-0.00185627130076122,-0.00144183168347717,0.0167937000867305));
#7675=CARTESIAN_POINT('',(-0.00188155385847962,-0.00151110407305268,0.0167976878899012));
#7676=CARTESIAN_POINT('',(-0.00193841997530606,-0.00168659709290992,0.0168080183609899));
#7677=CARTESIAN_POINT('',(-0.00198458640274532,-0.00189830560791214,0.0168204013127899));
#7678=CARTESIAN_POINT('',(-0.00201354828163841,-0.00230257356599794,0.0168439449826408));
#7679=CARTESIAN_POINT('',(-0.00196681798097692,-0.00259362078131406,0.0168608400690673));
#7680=CARTESIAN_POINT('',(-0.00189528516147642,-0.0028355444521099,0.0168750119854594));
#7681=CARTESIAN_POINT('',(-0.00183912471878291,-0.00299316768811893,0.0168842474252717));
#7682=CARTESIAN_POINT('',(-0.00168172427687849,-0.00328223249268023,0.0169011309599815));
#7683=CARTESIAN_POINT('',(-0.0015941478607126,-0.00340523983099693,0.0169089065816918));
#7684=CARTESIAN_POINT('',(-0.0014130489307271,-0.00361493871910814,0.0169243290572542));
#7685=CARTESIAN_POINT('',(-0.00127757430588599,-0.00373390329547227,0.0169345501212991));
#7686=CARTESIAN_POINT('',(-0.00106004710608097,-0.0038985440687391,0.016950163785885));
#7687=CARTESIAN_POINT('',(-0.000759868419662157,-0.00405466665726176,0.0169701060994463));
#7688=CARTESIAN_POINT('',(-0.000400752164589738,-0.00416615424653848,0.01699179364693));
#7689=CARTESIAN_POINT('',(1.86067245429771E-5,-0.0042019346840206,0.0170134743678636));
#7690=CARTESIAN_POINT('',(0.000326324484725088,-0.00417853610484265,0.0170293389809699));
#7691=CARTESIAN_POINT('',(0.000780795647176133,-0.00405033463413574,0.0170561584475426));
#7692=CARTESIAN_POINT('',(0.00111080004978757,-0.00387226578521773,0.0170776940596807));
#7693=CARTESIAN_POINT('',(0.00139452346843832,-0.00363290606923643,0.0170992286149195));
#7694=CARTESIAN_POINT('',(0.00152965590990899,-0.00348576491976633,0.0171104933145594));
#7695=CARTESIAN_POINT('',(0.00167562670946665,-0.0032907761772904,0.0171233887949281));
#7696=CARTESIAN_POINT('',(0.00176172873871231,-0.00314600760147132,0.0171321164684823));
#7697=CARTESIAN_POINT('',(0.00185627128575318,-0.0029423113773201,0.0171437001012199));
#7698=CARTESIAN_POINT('',(0.00188155353199701,-0.00287303894818524,0.0171476878859866));
#7699=CARTESIAN_POINT('',(0.00193841973178733,-0.00269754593919967,0.0171580183620022));
#7700=CARTESIAN_POINT('',(0.00198458613883975,-0.00248583742135755,0.0171704013124472));
#7701=CARTESIAN_POINT('',(0.00201354801664921,-0.00208156946266597,0.0171939449830238));
#7702=CARTESIAN_POINT('',(0.00196681776467033,-0.00179052225076767,0.0172108400677499));
#7703=CARTESIAN_POINT('',(0.00189528482409985,-0.00154859857014376,0.017225011987764));
#7704=CARTESIAN_POINT('',(0.00183912487354195,-0.00139097537580183,0.0172342474129504));
#7705=CARTESIAN_POINT('',(0.00168172141620134,-0.00110191032067301,0.017251131037005));
#7706=CARTESIAN_POINT('',(0.00159415204648856,-0.000978903567109112,0.0172589064499794));
#7707=CARTESIAN_POINT('',(0.00141303172081729,-0.00076920290073169,0.017274329559452));
#7708=CARTESIAN_POINT('',(0.00127763739630684,-0.000650245001973267,0.017284548244218));
#7709=CARTESIAN_POINT('',(0.00105971045565061,-0.000485570985833109,0.0173001737531235));
#7710=CARTESIAN_POINT('',(0.000643726295684632,-0.000267354127971746,0.0173279665904917));
#7711=CARTESIAN_POINT('',(0.00026441891365861,-0.000192071514577271,0.0173491470560167));
#7712=CARTESIAN_POINT('',(-1.30285322315602E-10,-0.00019207151457725,0.0173625050165592));
#7713=CARTESIAN_POINT('',(-1.30288901165291E-10,-0.000192071514577248,0.017362505016559));
#7714=CARTESIAN_POINT('',(-1.30285313923676E-10,-0.00019207151457725,0.0173625050165592));
#7715=CARTESIAN_POINT('',(-0.000105121268692128,-0.000192071514577241,0.0173678155418454));
#7716=CARTESIAN_POINT('',(-0.00033375349295618,-0.000204644617719954,0.0173797770939158));
#7717=CARTESIAN_POINT('',(-0.000778802206522814,-0.000334066655479394,0.0174060408683249));
#7718=CARTESIAN_POINT('',(-0.00111134636761183,-0.000511806508692725,0.0174277262636084));
#7719=CARTESIAN_POINT('',(-0.00139445596540414,-0.000751245737813642,0.0174492246185373));
#7720=CARTESIAN_POINT('',(-0.00152966893352262,-0.000898376456228987,0.0174604940672639));
#7721=CARTESIAN_POINT('',(-0.00167562355019444,-0.00109336729483043,0.0174733885932418));
#7722=CARTESIAN_POINT('',(-0.00176172991561798,-0.00123813530898386,0.0174821165225275));
#7723=CARTESIAN_POINT('',(-0.00185627130083185,-0.00144183168367139,0.0174937000867411));
#7724=CARTESIAN_POINT('',(-0.00188155385820466,-0.00151110407232571,0.0174976878898611));
#7725=CARTESIAN_POINT('',(-0.00193841997507952,-0.00168659709205363,0.0175080183609443));
#7726=CARTESIAN_POINT('',(-0.00198458640266318,-0.00189830560716894,0.0175204013127514));
#7727=CARTESIAN_POINT('',(-0.00201354828170176,-0.00230257356635167,0.0175439449826594));
#7728=CARTESIAN_POINT('',(-0.00196681798086027,-0.00259362078185674,0.0175608400690938));
#7729=CARTESIAN_POINT('',(-0.00189528516131823,-0.00283554445254296,0.017575011985482));
#7730=CARTESIAN_POINT('',(-0.00183912471888952,-0.00299316768784938,0.0175842474252572));
#7731=CARTESIAN_POINT('',(-0.00168172427675041,-0.00328223249286525,0.0176011309599939));
#7732=CARTESIAN_POINT('',(-0.00159414786090588,-0.00340523983074619,0.017608906581674));
#7733=CARTESIAN_POINT('',(-0.00141304893067226,-0.00361493871917723,0.0176243290572592));
#7734=CARTESIAN_POINT('',(-0.00127757430590322,-0.00373390329545468,0.0176345501212976));
#7735=CARTESIAN_POINT('',(-0.00106004710604506,-0.00389854406875507,0.0176501637858875));
#7736=CARTESIAN_POINT('',(-0.000759868419879244,-0.00405466665721776,0.0176701060994332));
#7737=CARTESIAN_POINT('',(-0.000400752163801699,-0.00416615424668862,0.0176917936469772));
#7738=CARTESIAN_POINT('',(1.86067242569891E-5,-0.00420193468399144,0.0177134743678485));
#7739=CARTESIAN_POINT('',(0.000326324485081868,-0.00417853610480909,0.0177293389809834));
#7740=CARTESIAN_POINT('',(0.000780795647110761,-0.00405033463410757,0.0177561584475402));
#7741=CARTESIAN_POINT('',(0.00111080004968781,-0.00387226578536611,0.0177776940596768));
#7742=CARTESIAN_POINT('',(0.0013945234688046,-0.00363290606879318,0.0177992286149531));
#7743=CARTESIAN_POINT('',(0.00152965590926604,-0.00348576492053851,0.0178104933144994));
#7744=CARTESIAN_POINT('',(0.00167562670963506,-0.00329077617709217,0.0178233887949421));
#7745=CARTESIAN_POINT('',(0.00176172873867492,-0.00314600760150341,0.0178321164684856));
#7746=CARTESIAN_POINT('',(0.00185627128572806,-0.00294231137740328,0.0178437001012147));
#7747=CARTESIAN_POINT('',(0.00188155353212931,-0.00287303894783576,0.0178476878860029));
#7748=CARTESIAN_POINT('',(0.00193841973189695,-0.00269754593877098,0.0178580183620211));
#7749=CARTESIAN_POINT('',(0.00198458613888625,-0.00248583742103155,0.0178704013124606));
#7750=CARTESIAN_POINT('',(0.00201354801658324,-0.00208156946264919,0.0178939449830272));
#7751=CARTESIAN_POINT('',(0.00196681776494787,-0.0017905222522353,0.0179108400676695));
#7752=CARTESIAN_POINT('',(0.0018952848244708,-0.00154859857114952,0.0179250119877065));
#7753=CARTESIAN_POINT('',(0.00183912487336428,-0.00139097537526686,0.0179342474129807));
#7754=CARTESIAN_POINT('',(0.00168172141598439,-0.00110191032044584,0.0179511310370202));
#7755=CARTESIAN_POINT('',(0.00159415204692141,-0.000978903567652907,0.0179589064499444));
#7756=CARTESIAN_POINT('',(0.00141303172070714,-0.000769202900591386,0.0179743295594617));
#7757=CARTESIAN_POINT('',(0.00127763739633946,-0.000650245002014821,0.0179845482442119));
#7758=CARTESIAN_POINT('',(0.00105971045565042,-0.000485570985814848,0.0180001737531194));
#7759=CARTESIAN_POINT('',(0.000643726295570006,-0.000267354127990449,0.0180279665905005));
#7760=CARTESIAN_POINT('',(0.000264418914240515,-0.000192071514577259,0.0180491470559869));
#7761=CARTESIAN_POINT('',(-1.30285177764564E-10,-0.000192071514577238,0.0180625050165588));
#7762=CARTESIAN_POINT('',(-1.30285169372639E-10,-0.000192071514577235,0.0180625050165588));
#7763=CARTESIAN_POINT('',(-1.30285169372639E-10,-0.000192071514577238,0.0180625050165588));
#7764=CARTESIAN_POINT('',(-0.00011247435855957,-0.000192071514577229,0.0180681870063313));
#7765=CARTESIAN_POINT('',(-0.000350677692360398,-0.000206795090530897,0.018081020535505));
#7766=CARTESIAN_POINT('',(-0.000762640893824998,-0.000329476268771311,0.0181052289296965));
#7767=CARTESIAN_POINT('',(-0.00114016820070274,-0.000532269727132183,0.0181299818704599));
#7768=CARTESIAN_POINT('',(-0.00139320808157818,-0.000749611961504495,0.0181491389197839));
#7769=CARTESIAN_POINT('',(-0.00155568650039691,-0.000925227870324495,0.018162455281095));
#7770=CARTESIAN_POINT('',(-0.00170214924991571,-0.00113492724377729,0.0181760782628188));
#7771=CARTESIAN_POINT('',(-0.00179003587297563,-0.00129504805700691,0.0181855845284982));
#7772=CARTESIAN_POINT('',(-0.00185815531249271,-0.00144934190640302,0.0181941107726774));
#7773=CARTESIAN_POINT('',(-0.00187648844800975,-0.00149832677078133,0.0181969040931607));
#7774=CARTESIAN_POINT('',(-0.00193518449941174,-0.00167180432504135,0.0182070807663391));
#7775=CARTESIAN_POINT('',(-0.00199290313634724,-0.00190659240303534,0.0182208954203607));
#7776=CARTESIAN_POINT('',(-0.00200340424794061,-0.00227218301113898,0.018242121153944));
#7777=CARTESIAN_POINT('',(-0.00198473460554737,-0.00244893149114184,0.0182524101759165));
#7778=CARTESIAN_POINT('',(-0.00196927807131867,-0.0025442823574266,0.0182580164578959));
#7779=CARTESIAN_POINT('',(-0.00195804720373887,-0.00259924350788025,0.0182612510614433));
#7780=CARTESIAN_POINT('',(-0.00196006413378244,-0.00259168483359048,0.0182608176257573));
#7781=CARTESIAN_POINT('',(-0.00193652292843902,-0.00269520319533587,0.0182668526903065));
#7782=CARTESIAN_POINT('',(-0.00190982101960909,-0.00278901069386549,0.0182723170964907));
#7783=CARTESIAN_POINT('',(-0.00185002487470707,-0.0029630343620163,0.0182824868200641));
#7784=CARTESIAN_POINT('',(-0.00176311484340024,-0.00314993519690159,0.0182932075257566));
#7785=CARTESIAN_POINT('',(-0.00159001560208752,-0.00341861418200822,0.018309699488573));
#7786=CARTESIAN_POINT('',(-0.00146623887738487,-0.0035553167379389,0.0183198613656897));
#7787=CARTESIAN_POINT('',(-0.00140125866865609,-0.00361912249777402,0.018325005016565));
#7788=CARTESIAN_POINT('',(-1.30285172588764E-10,-0.00219207151457722,0.0188500050165589));
#7789=CARTESIAN_POINT('',(-1.30285172588764E-10,-0.00219207151457722,0.0188500050165589));
#7790=CARTESIAN_POINT('',(-1.30285050284682E-10,-0.000717071514577225,0.0188500050165588));
#7791=CARTESIAN_POINT('',(-0.00140125866872952,-0.00361912249770192,0.0183250050165592));
#7792=CARTESIAN_POINT('',(-0.00104745893875664,-0.00394248929115767,0.0183421570125655));
#7793=CARTESIAN_POINT('',(-0.000110300046104944,-0.00431717001159676,0.0183768650858046));
#7794=CARTESIAN_POINT('',(0.00132345232282411,-0.0037997337658945,0.0184294373518178));
#7795=CARTESIAN_POINT('',(0.00202109006999807,-0.00243692366214949,0.0184819017801359));
#7796=CARTESIAN_POINT('',(0.00156430604841273,-0.000964938196987362,0.0185369087947701));
#7797=CARTESIAN_POINT('',(0.000181836639543312,-0.000264761784077216,0.0185959732460001));
#7798=CARTESIAN_POINT('',(-0.00127660630285065,-0.000803735536386409,0.018654744219289));
#7799=CARTESIAN_POINT('',(-0.00183017652788571,-0.0022735963283083,0.0187164000018604));
#7800=CARTESIAN_POINT('',(-0.00130865111747352,-0.00318066037353826,0.0187568051347626));
#7801=CARTESIAN_POINT('',(-0.000906260048054174,-0.00344377370100183,0.0187796683535452));
#7802=CARTESIAN_POINT('',(-0.000906260048042777,-0.00344377370100923,0.0187796683535459));
#7803=CARTESIAN_POINT('',(-1.30285187113389E-10,-0.00219207151457722,0.0187796683535457));
#7804=CARTESIAN_POINT('',(0.000250692505483876,-0.0037169382643045,0.0187796683535456));
#7805=CARTESIAN_POINT('',(0.000250692505483892,-0.0037169382643045,0.0187796683535456));
#7806=CARTESIAN_POINT('',(-0.000242721138912757,-0.00388514486716959,0.0186937340119011));
#7807=CARTESIAN_POINT('',(-0.00136898965521734,-0.00368683147673171,0.0185295139947289));
#7808=CARTESIAN_POINT('',(-0.00192867102849802,-0.00270888109748006,0.0183963341183465));
#7809=CARTESIAN_POINT('',(-0.00200000013028528,-0.0021920715145771,0.0183250050165592));
#7810=CARTESIAN_POINT('',(-1.30285324458881E-10,-0.00419207151457722,0.0188500050165589));
#7811=CARTESIAN_POINT('',(-1.30285172588764E-10,-0.00219207151457722,0.0188500050165589));
#7812=CARTESIAN_POINT('',(-1.30285124148056E-10,-0.00160787151457722,0.0188500050165588));
#7813=CARTESIAN_POINT('',(-0.000274686567091194,-0.00371279922310609,0.0188311166904846));
#7814=CARTESIAN_POINT('',(-0.00097995849421276,-0.00358540716497904,0.0187801962216672));
#7815=CARTESIAN_POINT('',(-0.00133830093785413,-0.0029647398460837,0.0187333383498925));
#7816=CARTESIAN_POINT('',(-0.0017844012070437,-0.00219207151457707,0.0186750050165592));
#7817=CARTESIAN_POINT('',(-0.00133830093785403,-0.00141940318307053,0.0186166716832258));
#7818=CARTESIAN_POINT('',(-0.000892200668664353,-0.000646734851563981,0.0185583383498923));
#7819=CARTESIAN_POINT('',(-1.30285116728024E-10,-0.000646734851564059,0.0185000050165588));
#7820=CARTESIAN_POINT('',(0.000892200408094119,-0.000646734851564131,0.0184416716832253));
#7821=CARTESIAN_POINT('',(0.00133830067728366,-0.00141940318307076,0.0183833383498919));
#7822=CARTESIAN_POINT('',(0.00178440094647321,-0.00219207151457738,0.0183250050165585));
#7823=CARTESIAN_POINT('',(0.00133830067728351,-0.00296473984608392,0.0182666716832252));
#7824=CARTESIAN_POINT('',(0.000892200408093816,-0.00373740817759047,0.0182083383498921));
#7825=CARTESIAN_POINT('',(-1.30285445086811E-10,-0.00373740817759039,0.0181500050165589));
#7826=CARTESIAN_POINT('',(-0.000892200668664705,-0.00373740817759033,0.0180916716832257));
#7827=CARTESIAN_POINT('',(-0.00133830093785427,-0.00296473984608371,0.0180333383498925));
#7828=CARTESIAN_POINT('',(-0.00178440120704384,-0.00219207151457709,0.0179750050165592));
#7829=CARTESIAN_POINT('',(-0.00133830093785417,-0.00141940318307054,0.0179166716832258));
#7830=CARTESIAN_POINT('',(-0.000892200668664498,-0.000646734851563993,0.0178583383498923));
#7831=CARTESIAN_POINT('',(-1.30285261279062E-10,-0.00064673485156407,0.0178000050165589));
#7832=CARTESIAN_POINT('',(0.000892200408093975,-0.000646734851564143,0.0177416716832253));
#7833=CARTESIAN_POINT('',(0.00133830067728352,-0.00141940318307077,0.0176833383498919));
#7834=CARTESIAN_POINT('',(0.00178440094647306,-0.00219207151457739,0.0176250050165585));
#7835=CARTESIAN_POINT('',(0.00133830067728337,-0.00296473984608394,0.0175666716832252));
#7836=CARTESIAN_POINT('',(0.000892200408093671,-0.00373740817759048,0.017508338349892));
#7837=CARTESIAN_POINT('',(-1.30285589637848E-10,-0.0037374081775904,0.0174500050165589));
#7838=CARTESIAN_POINT('',(-0.00089220066866485,-0.00373740817759034,0.0173916716832257));
#7839=CARTESIAN_POINT('',(-0.00133830093785442,-0.00296473984608372,0.0173333383498925));
#7840=CARTESIAN_POINT('',(-0.00178440120704399,-0.0021920715145771,0.0172750050165592));
#7841=CARTESIAN_POINT('',(-0.00133830093785432,-0.00141940318307055,0.0172166716832258));
#7842=CARTESIAN_POINT('',(-0.000892200668664643,-0.000646734851564006,0.0171583383498923));
#7843=CARTESIAN_POINT('',(-1.302854058301E-10,-0.000646734851564082,0.0171000050165588));
#7844=CARTESIAN_POINT('',(0.000892200408093831,-0.000646734851564156,0.0170416716832253));
#7845=CARTESIAN_POINT('',(0.00133830067728338,-0.00141940318307078,0.0169833383498919));
#7846=CARTESIAN_POINT('',(0.00178440094647292,-0.0021920715145774,0.0169250050165585));
#7847=CARTESIAN_POINT('',(0.00133830067728322,-0.00296473984608395,0.0168666716832253));
#7848=CARTESIAN_POINT('',(0.000892200408093527,-0.00373740817759049,0.016808338349892));
#7849=CARTESIAN_POINT('',(-1.30285734188886E-10,-0.00373740817759042,0.0167500050165589));
#7850=CARTESIAN_POINT('',(-0.000892200668664994,-0.00373740817759035,0.0166916716832257));
#7851=CARTESIAN_POINT('',(-0.00133830093785456,-0.00296473984608373,0.0166333383498925));
#7852=CARTESIAN_POINT('',(-0.00178440120704413,-0.00219207151457711,0.0165750050165592));
#7853=CARTESIAN_POINT('',(-0.00133830093785446,-0.00141940318307057,0.0165166716832258));
#7854=CARTESIAN_POINT('',(-0.000892200668664787,-0.000646734851564017,0.0164583383498923));
#7855=CARTESIAN_POINT('',(-1.30285550381138E-10,-0.000646734851564094,0.0164000050165589));
#7856=CARTESIAN_POINT('',(0.000892200408093685,-0.000646734851564167,0.0163416716832253));
#7857=CARTESIAN_POINT('',(0.00133830067728323,-0.00141940318307079,0.0162833383498919));
#7858=CARTESIAN_POINT('',(0.00178440094647278,-0.00219207151457741,0.0162250050165585));
#7859=CARTESIAN_POINT('',(0.00133830067728308,-0.00296473984608396,0.0161666716832253));
#7860=CARTESIAN_POINT('',(0.000892200408093382,-0.0037374081775905,0.016108338349892));
#7861=CARTESIAN_POINT('',(-1.30285878739924E-10,-0.00373740817759043,0.0160500050165589));
#7862=CARTESIAN_POINT('',(-0.000892200668665138,-0.00373740817759036,0.0159916716832257));
#7863=CARTESIAN_POINT('',(-0.00133830093785471,-0.00296473984608374,0.0159333383498925));
#7864=CARTESIAN_POINT('',(-0.00178440120704428,-0.00219207151457712,0.0158750050165592));
#7865=CARTESIAN_POINT('',(-0.0013383009378546,-0.00141940318307058,0.0158166716832258));
#7866=CARTESIAN_POINT('',(-0.000892200668664932,-0.000646734851564029,0.0157583383498923));
#7867=CARTESIAN_POINT('',(-1.30285694932175E-10,-0.000646734851564106,0.0157000050165588));
#7868=CARTESIAN_POINT('',(0.000892200408093541,-0.000646734851564179,0.0156416716832253));
#7869=CARTESIAN_POINT('',(0.00133830067728309,-0.0014194031830708,0.0155833383498919));
#7870=CARTESIAN_POINT('',(0.00178440094647263,-0.00219207151457742,0.0155250050165585));
#7871=CARTESIAN_POINT('',(0.00133830067728293,-0.00296473984608397,0.0154666716832253));
#7872=CARTESIAN_POINT('',(0.000892200408093237,-0.00373740817759052,0.015408338349892));
#7873=CARTESIAN_POINT('',(-1.30286023290962E-10,-0.00373740817759044,0.0153500050165589));
#7874=CARTESIAN_POINT('',(-0.000892200668665284,-0.00373740817759037,0.0152916716832257));
#7875=CARTESIAN_POINT('',(-0.00133830093785485,-0.00296473984608376,0.0152333383498924));
#7876=CARTESIAN_POINT('',(-0.00178440120704442,-0.00219207151457714,0.0151750050165592));
#7877=CARTESIAN_POINT('',(-0.00133830093785475,-0.00141940318307059,0.0151166716832258));
#7878=CARTESIAN_POINT('',(-0.000892200668665076,-0.000646734851564052,0.0150583383498923));
#7879=CARTESIAN_POINT('',(-1.30285839483213E-10,-0.000646734851564118,0.0150000050165589));
#7880=CARTESIAN_POINT('',(0.000892200408093397,-0.00064673485156419,0.0149416716832253));
#7881=CARTESIAN_POINT('',(0.00133830067728294,-0.00141940318307082,0.0148833383498919));
#7882=CARTESIAN_POINT('',(0.00178440094647249,-0.00219207151457744,0.0148250050165585));
#7883=CARTESIAN_POINT('',(0.00133830067728279,-0.00296473984608399,0.0147666716832253));
#7884=CARTESIAN_POINT('',(0.000892200408093093,-0.00373740817759053,0.014708338349892));
#7885=CARTESIAN_POINT('',(-1.30286167842E-10,-0.00373740817759046,0.0146500050165589));
#7886=CARTESIAN_POINT('',(-0.000892200668665428,-0.00373740817759038,0.0145916716832257));
#7887=CARTESIAN_POINT('',(-0.001338300937855,-0.00296473984608377,0.0145333383498925));
#7888=CARTESIAN_POINT('',(-0.00178440120704457,-0.00219207151457715,0.0144750050165592));
#7889=CARTESIAN_POINT('',(-0.00133830093785489,-0.0014194031830706,0.0144166716832258));
#7890=CARTESIAN_POINT('',(-0.000892200668665221,-0.000646734851564063,0.0143583383498923));
#7891=CARTESIAN_POINT('',(-1.30285984034251E-10,-0.00064673485156413,0.0143000050165588));
#7892=CARTESIAN_POINT('',(0.000892200408093252,-0.000646734851564214,0.0142416716832253));
#7893=CARTESIAN_POINT('',(0.0013383006772828,-0.00141940318307083,0.0141833383498919));
#7894=CARTESIAN_POINT('',(0.00178440094647234,-0.00219207151457745,0.0141250050165585));
#7895=CARTESIAN_POINT('',(0.00133830067728265,-0.002964739846084,0.0140666716832253));
#7896=CARTESIAN_POINT('',(0.000892200408092949,-0.00373740817759054,0.014008338349892));
#7897=CARTESIAN_POINT('',(-1.30286312393037E-10,-0.00373740817759047,0.0139500050165589));
#7898=CARTESIAN_POINT('',(-0.000892200668665573,-0.00373740817759039,0.0138916716832257));
#7899=CARTESIAN_POINT('',(-0.00133830093785514,-0.00296473984608378,0.0138333383498925));
#7900=CARTESIAN_POINT('',(-0.00178440120704471,-0.00219207151457716,0.0137750050165592));
#7901=CARTESIAN_POINT('',(-0.00133830093785504,-0.00141940318307061,0.0137166716832258));
#7902=CARTESIAN_POINT('',(-0.000892200668665366,-0.000646734851564076,0.0136583383498923));
#7903=CARTESIAN_POINT('',(-1.30286128585289E-10,-0.000646734851564141,0.0136000050165588));
#7904=CARTESIAN_POINT('',(0.000892200408093108,-0.000646734851564226,0.0135416716832253));
#7905=CARTESIAN_POINT('',(0.00133830067728265,-0.00141940318307084,0.0134833383498919));
#7906=CARTESIAN_POINT('',(0.0017844009464722,-0.00219207151457746,0.0134250050165585));
#7907=CARTESIAN_POINT('',(0.0013383006772825,-0.00296473984608401,0.0133666716832253));
#7908=CARTESIAN_POINT('',(0.000892200408092804,-0.00373740817759055,0.013308338349892));
#7909=CARTESIAN_POINT('',(-1.30286456944075E-10,-0.00373740817759048,0.0132500050165589));
#7910=CARTESIAN_POINT('',(-0.000892200668665717,-0.00373740817759041,0.0131916716832257));
#7911=CARTESIAN_POINT('',(-0.00133830093785529,-0.00296473984608379,0.0131333383498925));
#7912=CARTESIAN_POINT('',(-0.00178440120704485,-0.00219207151457717,0.0130750050165592));
#7913=CARTESIAN_POINT('',(-0.00133830093785518,-0.00141940318307063,0.0130166716832258));
#7914=CARTESIAN_POINT('',(-0.00089220066866551,-0.000646734851564087,0.0129583383498923));
#7915=CARTESIAN_POINT('',(-1.30286273136327E-10,-0.000646734851564153,0.0129000050165588));
#7916=CARTESIAN_POINT('',(0.000892200408092962,-0.000646734851564238,0.0128416716832253));
#7917=CARTESIAN_POINT('',(0.00133830067728251,-0.00141940318307085,0.0127833383498919));
#7918=CARTESIAN_POINT('',(0.00178440094647205,-0.00219207151457748,0.0127250050165585));
#7919=CARTESIAN_POINT('',(0.00133830067728236,-0.00296473984608402,0.0126666716832253));
#7920=CARTESIAN_POINT('',(0.00089220040809266,-0.00373740817759056,0.012608338349892));
#7921=CARTESIAN_POINT('',(-1.30286601495113E-10,-0.00373740817759049,0.0125500050165589));
#7922=CARTESIAN_POINT('',(-0.000892200668665861,-0.00373740817759042,0.0124916716832257));
#7923=CARTESIAN_POINT('',(-0.00133830093785543,-0.0029647398460838,0.0124333383498925));
#7924=CARTESIAN_POINT('',(-0.001784401207045,-0.00219207151457718,0.0123750050165592));
#7925=CARTESIAN_POINT('',(-0.00133830093785533,-0.00141940318307064,0.0123166716832258));
#7926=CARTESIAN_POINT('',(-0.000892200668665655,-0.000646734851564099,0.0122583383498924));
#7927=CARTESIAN_POINT('',(-1.30286417687364E-10,-0.000646734851564165,0.0122000050165588));
#7928=CARTESIAN_POINT('',(0.000892200408092818,-0.000646734851564249,0.0121416716832253));
#7929=CARTESIAN_POINT('',(0.00133830067728236,-0.00141940318307086,0.0120833383498919));
#7930=CARTESIAN_POINT('',(0.00178440094647191,-0.00219207151457749,0.0120250050165585));
#7931=CARTESIAN_POINT('',(0.00133830067728221,-0.00296473984608403,0.0119666716832253));
#7932=CARTESIAN_POINT('',(0.000892200408092514,-0.00373740817759057,0.011908338349892));
#7933=CARTESIAN_POINT('',(-1.30286746046151E-10,-0.0037374081775905,0.0118500050165589));
#7934=CARTESIAN_POINT('',(-0.000892200668666006,-0.00373740817759043,0.0117916716832257));
#7935=CARTESIAN_POINT('',(-0.00133830093785558,-0.00296473984608382,0.0117333383498925));
#7936=CARTESIAN_POINT('',(-0.00178440120704514,-0.00219207151457719,0.0116750050165592));
#7937=CARTESIAN_POINT('',(-0.00133830093785547,-0.00141940318307065,0.0116166716832258));
#7938=CARTESIAN_POINT('',(-0.000892200668665799,-0.000646734851564111,0.0115583383498923));
#7939=CARTESIAN_POINT('',(-1.30286562238402E-10,-0.000646734851564177,0.0115000050165588));
#7940=CARTESIAN_POINT('',(0.000892200408092674,-0.000646734851564262,0.0114416716832253));
#7941=CARTESIAN_POINT('',(0.00133830067728222,-0.00141940318307088,0.0113833383498919));
#7942=CARTESIAN_POINT('',(0.00178440094647176,-0.0021920715145775,0.0113250050165585));
#7943=CARTESIAN_POINT('',(0.00133830067728207,-0.00296473984608405,0.0112666716832253));
#7944=CARTESIAN_POINT('',(0.00089220040809237,-0.00373740817759058,0.011208338349892));
#7945=CARTESIAN_POINT('',(-1.30286890597189E-10,-0.00373740817759051,0.0111500050165589));
#7946=CARTESIAN_POINT('',(-0.000892200668666151,-0.00373740817759044,0.0110916716832257));
#7947=CARTESIAN_POINT('',(-0.00133830093785572,-0.00296473984608383,0.0110333383498925));
#7948=CARTESIAN_POINT('',(-0.00178440120704529,-0.00219207151457721,0.0109750050165592));
#7949=CARTESIAN_POINT('',(-0.00133830093785562,-0.00141940318307066,0.0109166716832258));
#7950=CARTESIAN_POINT('',(-0.000892200668665943,-0.000646734851564123,0.0108583383498923));
#7951=CARTESIAN_POINT('',(-1.3028670678944E-10,-0.000646734851564189,0.0108000050165588));
#7952=CARTESIAN_POINT('',(0.000892200408092529,-0.000646734851564273,0.0107416716832253));
#7953=CARTESIAN_POINT('',(0.00133830067728207,-0.00141940318307089,0.0106833383498919));
#7954=CARTESIAN_POINT('',(0.00178440094647162,-0.00219207151457751,0.0106250050165585));
#7955=CARTESIAN_POINT('',(0.00133830067728192,-0.00296473984608406,0.0105666716832253));
#7956=CARTESIAN_POINT('',(0.00124688934357168,-0.0031230689204578,0.0105547184786028));
#7957=CARTESIAN_POINT('',(0.0011210560621157,-0.00325569664380686,0.0105414848923584));
#7958=CARTESIAN_POINT('',(-0.000355503812272997,-0.0041602222029375,0.0190936166904846));
#7959=CARTESIAN_POINT('',(-0.00126827828271932,-0.00399534931643177,0.0190426962216673));
#7960=CARTESIAN_POINT('',(-0.00173205093785409,-0.00319207151457707,0.0189958383498925));
#7961=CARTESIAN_POINT('',(-0.00230940120704366,-0.00219207151457703,0.0189375050165593));
#7962=CARTESIAN_POINT('',(-0.00173205093785396,-0.00119207151457708,0.0188791716832259));
#7963=CARTESIAN_POINT('',(-0.00115470066866426,-0.000192071514577125,0.0188208383498924));
#7964=CARTESIAN_POINT('',(-1.30285024821601E-10,-0.000192071514577224,0.0187625050165588));
#7965=CARTESIAN_POINT('',(0.00115470040809421,-0.000192071514577319,0.0187041716832252));
#7966=CARTESIAN_POINT('',(0.00173205067728374,-0.00119207151457737,0.0186458383498918));
#7967=CARTESIAN_POINT('',(0.00230940094647328,-0.00219207151457741,0.0185875050165584));
#7968=CARTESIAN_POINT('',(0.00173205067728355,-0.00319207151457737,0.0185291716832252));
#7969=CARTESIAN_POINT('',(0.00115470040809384,-0.00419207151457732,0.018470838349892));
#7970=CARTESIAN_POINT('',(-1.30285428524275E-10,-0.00419207151457723,0.0184125050165589));
#7971=CARTESIAN_POINT('',(-0.00115470066866469,-0.00419207151457713,0.0183541716832258));
#7972=CARTESIAN_POINT('',(-0.00173205093785424,-0.00319207151457709,0.0182958383498925));
#7973=CARTESIAN_POINT('',(-0.0023094012070438,-0.00219207151457704,0.0182375050165593));
#7974=CARTESIAN_POINT('',(-0.00173205093785411,-0.00119207151457709,0.0181791716832259));
#7975=CARTESIAN_POINT('',(-0.00115470066866441,-0.000192071514577137,0.0181208383498924));
#7976=CARTESIAN_POINT('',(-1.30285169372639E-10,-0.000192071514577235,0.0180625050165588));
#7977=CARTESIAN_POINT('',(0.00115470040809407,-0.000192071514577331,0.0180041716832252));
#7978=CARTESIAN_POINT('',(0.0017320506772836,-0.00119207151457738,0.0179458383498918));
#7979=CARTESIAN_POINT('',(0.00230940094647313,-0.00219207151457743,0.0178875050165584));
#7980=CARTESIAN_POINT('',(0.00173205067728341,-0.00319207151457738,0.0178291716832252));
#7981=CARTESIAN_POINT('',(0.00115470040809369,-0.00419207151457733,0.017770838349892));
#7982=CARTESIAN_POINT('',(-1.30285573075313E-10,-0.00419207151457724,0.0177125050165589));
#7983=CARTESIAN_POINT('',(-0.00115470066866484,-0.00419207151457714,0.0176541716832258));
#7984=CARTESIAN_POINT('',(-0.00173205093785438,-0.0031920715145771,0.0175958383498925));
#7985=CARTESIAN_POINT('',(-0.00230940120704395,-0.00219207151457705,0.0175375050165593));
#7986=CARTESIAN_POINT('',(-0.00173205093785425,-0.0011920715145771,0.0174791716832258));
#7987=CARTESIAN_POINT('',(-0.00115470066866455,-0.000192071514577148,0.0174208383498924));
#7988=CARTESIAN_POINT('',(-1.30285313923676E-10,-0.000192071514577248,0.0173625050165588));
#7989=CARTESIAN_POINT('',(0.00115470040809393,-0.000192071514577342,0.0173041716832252));
#7990=CARTESIAN_POINT('',(0.00173205067728345,-0.00119207151457739,0.0172458383498918));
#7991=CARTESIAN_POINT('',(0.00230940094647299,-0.00219207151457744,0.0171875050165584));
#7992=CARTESIAN_POINT('',(0.00173205067728326,-0.00319207151457739,0.0171291716832252));
#7993=CARTESIAN_POINT('',(0.00115470040809355,-0.00419207151457734,0.017070838349892));
#7994=CARTESIAN_POINT('',(-1.30285717626351E-10,-0.00419207151457726,0.0170125050165589));
#7995=CARTESIAN_POINT('',(-0.00115470066866498,-0.00419207151457715,0.0169541716832258));
#7996=CARTESIAN_POINT('',(-0.00173205093785453,-0.00319207151457711,0.0168958383498925));
#7997=CARTESIAN_POINT('',(-0.00230940120704409,-0.00219207151457706,0.0168375050165593));
#7998=CARTESIAN_POINT('',(-0.0017320509378544,-0.00119207151457711,0.0167791716832258));
#7999=CARTESIAN_POINT('',(-0.0011547006686647,-0.00019207151457716,0.0167208383498924));
#8000=CARTESIAN_POINT('',(-1.30285458474714E-10,-0.000192071514577259,0.0166625050165588));
#8001=CARTESIAN_POINT('',(0.00115470040809378,-0.000192071514577354,0.0166041716832253));
#8002=CARTESIAN_POINT('',(0.00173205067728331,-0.0011920715145774,0.0165458383498918));
#8003=CARTESIAN_POINT('',(0.00230940094647284,-0.00219207151457745,0.0164875050165584));
#8004=CARTESIAN_POINT('',(0.00173205067728311,-0.0031920715145774,0.0164291716832252));
#8005=CARTESIAN_POINT('',(0.0011547004080934,-0.00419207151457735,0.016370838349892));
#8006=CARTESIAN_POINT('',(-1.30285862177389E-10,-0.00419207151457726,0.0163125050165589));
#8007=CARTESIAN_POINT('',(-0.00115470066866512,-0.00419207151457716,0.0162541716832258));
#8008=CARTESIAN_POINT('',(-0.00173205093785467,-0.00319207151457713,0.0161958383498925));
#8009=CARTESIAN_POINT('',(-0.00230940120704424,-0.00219207151457707,0.0161375050165593));
#8010=CARTESIAN_POINT('',(-0.00173205093785454,-0.00119207151457713,0.0160791716832259));
#8011=CARTESIAN_POINT('',(-0.00115470066866484,-0.000192071514577172,0.0160208383498924));
#8012=CARTESIAN_POINT('',(-1.30285603025752E-10,-0.000192071514577271,0.0159625050165588));
#8013=CARTESIAN_POINT('',(0.00115470040809364,-0.000192071514577366,0.0159041716832252));
#8014=CARTESIAN_POINT('',(0.00173205067728316,-0.00119207151457742,0.0158458383498918));
#8015=CARTESIAN_POINT('',(0.0023094009464727,-0.00219207151457746,0.0157875050165584));
#8016=CARTESIAN_POINT('',(0.00173205067728297,-0.00319207151457742,0.0157291716832252));
#8017=CARTESIAN_POINT('',(0.00115470040809326,-0.00419207151457736,0.015670838349892));
#8018=CARTESIAN_POINT('',(-1.30286006728427E-10,-0.00419207151457728,0.0156125050165589));
#8019=CARTESIAN_POINT('',(-0.00115470066866527,-0.00419207151457717,0.0155541716832258));
#8020=CARTESIAN_POINT('',(-0.00173205093785482,-0.00319207151457714,0.0154958383498926));
#8021=CARTESIAN_POINT('',(-0.00230940120704438,-0.00219207151457709,0.0154375050165593));
#8022=CARTESIAN_POINT('',(-0.00173205093785468,-0.00119207151457714,0.0153791716832258));
#8023=CARTESIAN_POINT('',(-0.00115470066866499,-0.000192071514577184,0.0153208383498924));
#8024=CARTESIAN_POINT('',(-1.3028574757679E-10,-0.000192071514577283,0.0152625050165588));
#8025=CARTESIAN_POINT('',(0.00115470040809349,-0.000192071514577378,0.0152041716832252));
#8026=CARTESIAN_POINT('',(0.00173205067728301,-0.00119207151457743,0.0151458383498918));
#8027=CARTESIAN_POINT('',(0.00230940094647256,-0.00219207151457748,0.0150875050165584));
#8028=CARTESIAN_POINT('',(0.00173205067728283,-0.00319207151457743,0.0150291716832252));
#8029=CARTESIAN_POINT('',(0.00115470040809311,-0.00419207151457737,0.014970838349892));
#8030=CARTESIAN_POINT('',(-1.30286151279465E-10,-0.00419207151457729,0.0149125050165589));
#8031=CARTESIAN_POINT('',(-0.00115470066866541,-0.00419207151457718,0.0148541716832258));
#8032=CARTESIAN_POINT('',(-0.00173205093785496,-0.00319207151457715,0.0147958383498926));
#8033=CARTESIAN_POINT('',(-0.00230940120704452,-0.0021920715145771,0.0147375050165593));
#8034=CARTESIAN_POINT('',(-0.00173205093785483,-0.00119207151457715,0.0146791716832259));
#8035=CARTESIAN_POINT('',(-0.00115470066866513,-0.000192071514577196,0.0146208383498924));
#8036=CARTESIAN_POINT('',(-1.30285892127828E-10,-0.000192071514577295,0.0145625050165588));
#8037=CARTESIAN_POINT('',(0.00115470040809335,-0.00019207151457739,0.0145041716832252));
#8038=CARTESIAN_POINT('',(0.00173205067728287,-0.00119207151457744,0.0144458383498918));
#8039=CARTESIAN_POINT('',(0.00230940094647241,-0.00219207151457749,0.0143875050165584));
#8040=CARTESIAN_POINT('',(0.00173205067728268,-0.00319207151457745,0.0143291716832252));
#8041=CARTESIAN_POINT('',(0.00115470040809297,-0.00419207151457739,0.014270838349892));
#8042=CARTESIAN_POINT('',(-1.30286295830502E-10,-0.0041920715145773,0.0142125050165589));
#8043=CARTESIAN_POINT('',(-0.00115470066866556,-0.0041920715145772,0.0141541716832258));
#8044=CARTESIAN_POINT('',(-0.0017320509378551,-0.00319207151457716,0.0140958383498926));
#8045=CARTESIAN_POINT('',(-0.00230940120704467,-0.00219207151457711,0.0140375050165593));
#8046=CARTESIAN_POINT('',(-0.00173205093785497,-0.00119207151457716,0.0139791716832259));
#8047=CARTESIAN_POINT('',(-0.00115470066866527,-0.000192071514577208,0.0139208383498924));
#8048=CARTESIAN_POINT('',(-1.30286036678865E-10,-0.000192071514577307,0.0138625050165588));
#8049=CARTESIAN_POINT('',(0.0011547004080932,-0.000192071514577401,0.0138041716832252));
#8050=CARTESIAN_POINT('',(0.00173205067728273,-0.00119207151457745,0.0137458383498918));
#8051=CARTESIAN_POINT('',(0.00230940094647226,-0.0021920715145775,0.0136875050165584));
#8052=CARTESIAN_POINT('',(0.00173205067728254,-0.00319207151457746,0.0136291716832252));
#8053=CARTESIAN_POINT('',(0.00115470040809282,-0.0041920715145774,0.013570838349892));
#8054=CARTESIAN_POINT('',(-1.3028644038154E-10,-0.00419207151457732,0.0135125050165589));
#8055=CARTESIAN_POINT('',(-0.0011547006686657,-0.00419207151457721,0.0134541716832258));
#8056=CARTESIAN_POINT('',(-0.00173205093785525,-0.00319207151457717,0.0133958383498926));
#8057=CARTESIAN_POINT('',(-0.00230940120704481,-0.00219207151457712,0.0133375050165593));
#8058=CARTESIAN_POINT('',(-0.00173205093785512,-0.00119207151457717,0.0132791716832259));
#8059=CARTESIAN_POINT('',(-0.00115470066866542,-0.00019207151457722,0.0132208383498924));
#8060=CARTESIAN_POINT('',(-1.30286181229903E-10,-0.000192071514577318,0.0131625050165588));
#8061=CARTESIAN_POINT('',(0.00115470040809306,-0.000192071514577413,0.0131041716832253));
#8062=CARTESIAN_POINT('',(0.00173205067728258,-0.00119207151457746,0.0130458383498918));
#8063=CARTESIAN_POINT('',(0.00230940094647212,-0.00219207151457751,0.0129875050165584));
#8064=CARTESIAN_POINT('',(0.00173205067728239,-0.00319207151457747,0.0129291716832252));
#8065=CARTESIAN_POINT('',(0.00115470040809268,-0.00419207151457741,0.012870838349892));
#8066=CARTESIAN_POINT('',(-1.30286584932578E-10,-0.00419207151457732,0.0128125050165589));
#8067=CARTESIAN_POINT('',(-0.00115470066866585,-0.00419207151457722,0.0127541716832258));
#8068=CARTESIAN_POINT('',(-0.00173205093785539,-0.00319207151457718,0.0126958383498926));
#8069=CARTESIAN_POINT('',(-0.00230940120704496,-0.00219207151457714,0.0126375050165593));
#8070=CARTESIAN_POINT('',(-0.00173205093785526,-0.00119207151457718,0.0125791716832259));
#8071=CARTESIAN_POINT('',(-0.00115470066866557,-0.000192071514577231,0.0125208383498924));
#8072=CARTESIAN_POINT('',(-1.30286325780941E-10,-0.00019207151457733,0.0124625050165588));
#8073=CARTESIAN_POINT('',(0.00115470040809291,-0.000192071514577425,0.0124041716832252));
#8074=CARTESIAN_POINT('',(0.00173205067728244,-0.00119207151457748,0.0123458383498918));
#8075=CARTESIAN_POINT('',(0.00230940094647197,-0.00219207151457752,0.0122875050165584));
#8076=CARTESIAN_POINT('',(0.00173205067728225,-0.00319207151457748,0.0122291716832252));
#8077=CARTESIAN_POINT('',(0.00115470040809253,-0.00419207151457742,0.012170838349892));
#8078=CARTESIAN_POINT('',(-1.30286729483616E-10,-0.00419207151457734,0.0121125050165589));
#8079=CARTESIAN_POINT('',(-0.00115470066866599,-0.00419207151457723,0.0120541716832258));
#8080=CARTESIAN_POINT('',(-0.00173205093785554,-0.00319207151457719,0.0119958383498926));
#8081=CARTESIAN_POINT('',(-0.0023094012070451,-0.00219207151457715,0.0119375050165593));
#8082=CARTESIAN_POINT('',(-0.00173205093785541,-0.0011920715145772,0.0118791716832259));
#8083=CARTESIAN_POINT('',(-0.00115470066866571,-0.000192071514577254,0.0118208383498924));
#8084=CARTESIAN_POINT('',(-1.30286470331979E-10,-0.000192071514577342,0.0117625050165588));
#8085=CARTESIAN_POINT('',(0.00115470040809277,-0.000192071514577437,0.0117041716832252));
#8086=CARTESIAN_POINT('',(0.0017320506772823,-0.00119207151457749,0.0116458383498918));
#8087=CARTESIAN_POINT('',(0.00230940094647183,-0.00219207151457753,0.0115875050165584));
#8088=CARTESIAN_POINT('',(0.00173205067728211,-0.00319207151457749,0.0115291716832252));
#8089=CARTESIAN_POINT('',(0.00115470040809239,-0.00419207151457743,0.011470838349892));
#8090=CARTESIAN_POINT('',(-1.30286874034654E-10,-0.00419207151457735,0.0114125050165589));
#8091=CARTESIAN_POINT('',(-0.00115470066866614,-0.00419207151457725,0.0113541716832258));
#8092=CARTESIAN_POINT('',(-0.00173205093785568,-0.0031920715145772,0.0112958383498926));
#8093=CARTESIAN_POINT('',(-0.00230940120704525,-0.00219207151457716,0.0112375050165593));
#8094=CARTESIAN_POINT('',(-0.00173205093785555,-0.00119207151457721,0.0111791716832259));
#8095=CARTESIAN_POINT('',(-0.00115470066866585,-0.000192071514577267,0.0111208383498924));
#8096=CARTESIAN_POINT('',(-1.30286614883017E-10,-0.000192071514577354,0.0110625050165588));
#8097=CARTESIAN_POINT('',(0.00115470040809262,-0.000192071514577448,0.0110041716832252));
#8098=CARTESIAN_POINT('',(0.00173205067728215,-0.0011920715145775,0.0109458383498918));
#8099=CARTESIAN_POINT('',(0.00230940094647168,-0.00219207151457755,0.0108875050165584));
#8100=CARTESIAN_POINT('',(0.00173205067728196,-0.0031920715145775,0.0108291716832252));
#8101=CARTESIAN_POINT('',(0.00161374463317114,-0.00339698359381987,0.0108172184786027));
#8102=CARTESIAN_POINT('',(0.00145088914094381,-0.00356863256394196,0.0108039848923583));
#8103=CARTESIAN_POINT('',(-1.30284972176986E-10,-0.000646734851564047,0.0192000050165588));
#8104=CARTESIAN_POINT('',(0.000892200408094264,-0.00064673485156412,0.0191416716832253));
#8105=CARTESIAN_POINT('',(0.00133830067728381,-0.00141940318307074,0.0190833383498918));
#8106=CARTESIAN_POINT('',(0.00178440094647335,-0.00219207151457737,0.0190250050165585));
#8107=CARTESIAN_POINT('',(0.00133830067728366,-0.00296473984608391,0.0189666716832253));
#8108=CARTESIAN_POINT('',(0.00089220040809396,-0.00373740817759046,0.018908338349892));
#8109=CARTESIAN_POINT('',(-1.30285300535773E-10,-0.00373740817759038,0.0188500050165589));
#8110=CARTESIAN_POINT('',(-0.000892200668664561,-0.00373740817759031,0.0187916716832257));
#8111=CARTESIAN_POINT('',(-0.00133830093785413,-0.0029647398460837,0.0187333383498925));
#8112=CARTESIAN_POINT('',(-0.0017844012070437,-0.00219207151457707,0.0186750050165592));
#8113=CARTESIAN_POINT('',(-0.00133830093785403,-0.00141940318307053,0.0186166716832258));
#8114=CARTESIAN_POINT('',(-0.000892200668664353,-0.000646734851563981,0.0185583383498923));
#8115=CARTESIAN_POINT('',(-1.30285116728024E-10,-0.000646734851564059,0.0185000050165588));
#8116=CARTESIAN_POINT('',(0.000892200408094119,-0.000646734851564131,0.0184416716832253));
#8117=CARTESIAN_POINT('',(0.00133830067728366,-0.00141940318307076,0.0183833383498919));
#8118=CARTESIAN_POINT('',(0.00178440094647321,-0.00219207151457738,0.0183250050165585));
#8119=CARTESIAN_POINT('',(0.00133830067728351,-0.00296473984608392,0.0182666716832252));
#8120=CARTESIAN_POINT('',(0.000892200408093816,-0.00373740817759047,0.0182083383498921));
#8121=CARTESIAN_POINT('',(-1.30285445086811E-10,-0.00373740817759039,0.0181500050165589));
#8122=CARTESIAN_POINT('',(-0.000892200668664705,-0.00373740817759033,0.0180916716832257));
#8123=CARTESIAN_POINT('',(-0.00133830093785427,-0.00296473984608371,0.0180333383498925));
#8124=CARTESIAN_POINT('',(-0.00178440120704384,-0.00219207151457709,0.0179750050165592));
#8125=CARTESIAN_POINT('',(-0.00133830093785417,-0.00141940318307054,0.0179166716832258));
#8126=CARTESIAN_POINT('',(-0.000892200668664498,-0.000646734851563993,0.0178583383498923));
#8127=CARTESIAN_POINT('',(-1.30285261279062E-10,-0.00064673485156407,0.0178000050165589));
#8128=CARTESIAN_POINT('',(0.000892200408093975,-0.000646734851564143,0.0177416716832253));
#8129=CARTESIAN_POINT('',(0.00133830067728352,-0.00141940318307077,0.0176833383498919));
#8130=CARTESIAN_POINT('',(0.00178440094647306,-0.00219207151457739,0.0176250050165585));
#8131=CARTESIAN_POINT('',(0.00133830067728337,-0.00296473984608394,0.0175666716832252));
#8132=CARTESIAN_POINT('',(0.000892200408093671,-0.00373740817759048,0.017508338349892));
#8133=CARTESIAN_POINT('',(-1.30285589637848E-10,-0.0037374081775904,0.0174500050165589));
#8134=CARTESIAN_POINT('',(-0.00089220066866485,-0.00373740817759034,0.0173916716832257));
#8135=CARTESIAN_POINT('',(-0.00133830093785442,-0.00296473984608372,0.0173333383498925));
#8136=CARTESIAN_POINT('',(-0.00178440120704399,-0.0021920715145771,0.0172750050165592));
#8137=CARTESIAN_POINT('',(-0.00133830093785432,-0.00141940318307055,0.0172166716832258));
#8138=CARTESIAN_POINT('',(-0.000892200668664643,-0.000646734851564006,0.0171583383498923));
#8139=CARTESIAN_POINT('',(-1.302854058301E-10,-0.000646734851564082,0.0171000050165588));
#8140=CARTESIAN_POINT('',(0.000892200408093831,-0.000646734851564156,0.0170416716832253));
#8141=CARTESIAN_POINT('',(0.00133830067728338,-0.00141940318307078,0.0169833383498919));
#8142=CARTESIAN_POINT('',(0.00178440094647292,-0.0021920715145774,0.0169250050165585));
#8143=CARTESIAN_POINT('',(0.00133830067728322,-0.00296473984608395,0.0168666716832253));
#8144=CARTESIAN_POINT('',(0.000892200408093527,-0.00373740817759049,0.016808338349892));
#8145=CARTESIAN_POINT('',(-1.30285734188886E-10,-0.00373740817759042,0.0167500050165589));
#8146=CARTESIAN_POINT('',(-0.000892200668664994,-0.00373740817759035,0.0166916716832257));
#8147=CARTESIAN_POINT('',(-0.00133830093785456,-0.00296473984608373,0.0166333383498925));
#8148=CARTESIAN_POINT('',(-0.00178440120704413,-0.00219207151457711,0.0165750050165592));
#8149=CARTESIAN_POINT('',(-0.00133830093785446,-0.00141940318307057,0.0165166716832258));
#8150=CARTESIAN_POINT('',(-0.000892200668664787,-0.000646734851564017,0.0164583383498923));
#8151=CARTESIAN_POINT('',(-1.30285550381138E-10,-0.000646734851564094,0.0164000050165589));
#8152=CARTESIAN_POINT('',(0.000892200408093685,-0.000646734851564167,0.0163416716832253));
#8153=CARTESIAN_POINT('',(0.00133830067728323,-0.00141940318307079,0.0162833383498919));
#8154=CARTESIAN_POINT('',(0.00178440094647278,-0.00219207151457741,0.0162250050165585));
#8155=CARTESIAN_POINT('',(0.00133830067728308,-0.00296473984608396,0.0161666716832253));
#8156=CARTESIAN_POINT('',(0.000892200408093382,-0.0037374081775905,0.016108338349892));
#8157=CARTESIAN_POINT('',(-1.30285878739924E-10,-0.00373740817759043,0.0160500050165589));
#8158=CARTESIAN_POINT('',(-0.000892200668665138,-0.00373740817759036,0.0159916716832257));
#8159=CARTESIAN_POINT('',(-0.00133830093785471,-0.00296473984608374,0.0159333383498925));
#8160=CARTESIAN_POINT('',(-0.00178440120704428,-0.00219207151457712,0.0158750050165592));
#8161=CARTESIAN_POINT('',(-0.0013383009378546,-0.00141940318307058,0.0158166716832258));
#8162=CARTESIAN_POINT('',(-0.000892200668664932,-0.000646734851564029,0.0157583383498923));
#8163=CARTESIAN_POINT('',(-1.30285694932175E-10,-0.000646734851564106,0.0157000050165588));
#8164=CARTESIAN_POINT('',(0.000892200408093541,-0.000646734851564179,0.0156416716832253));
#8165=CARTESIAN_POINT('',(0.00133830067728309,-0.0014194031830708,0.0155833383498919));
#8166=CARTESIAN_POINT('',(0.00178440094647263,-0.00219207151457742,0.0155250050165585));
#8167=CARTESIAN_POINT('',(0.00133830067728293,-0.00296473984608397,0.0154666716832253));
#8168=CARTESIAN_POINT('',(0.000892200408093237,-0.00373740817759052,0.015408338349892));
#8169=CARTESIAN_POINT('',(-1.30286023290962E-10,-0.00373740817759044,0.0153500050165589));
#8170=CARTESIAN_POINT('',(-0.000892200668665284,-0.00373740817759037,0.0152916716832257));
#8171=CARTESIAN_POINT('',(-0.00133830093785485,-0.00296473984608376,0.0152333383498924));
#8172=CARTESIAN_POINT('',(-0.00178440120704442,-0.00219207151457714,0.0151750050165592));
#8173=CARTESIAN_POINT('',(-0.00133830093785475,-0.00141940318307059,0.0151166716832258));
#8174=CARTESIAN_POINT('',(-0.000892200668665076,-0.000646734851564052,0.0150583383498923));
#8175=CARTESIAN_POINT('',(-1.30285839483213E-10,-0.000646734851564118,0.0150000050165589));
#8176=CARTESIAN_POINT('',(0.000892200408093397,-0.00064673485156419,0.0149416716832253));
#8177=CARTESIAN_POINT('',(0.00133830067728294,-0.00141940318307082,0.0148833383498919));
#8178=CARTESIAN_POINT('',(0.00178440094647249,-0.00219207151457744,0.0148250050165585));
#8179=CARTESIAN_POINT('',(0.00133830067728279,-0.00296473984608399,0.0147666716832253));
#8180=CARTESIAN_POINT('',(0.000892200408093093,-0.00373740817759053,0.014708338349892));
#8181=CARTESIAN_POINT('',(-1.30286167842E-10,-0.00373740817759046,0.0146500050165589));
#8182=CARTESIAN_POINT('',(-0.000892200668665428,-0.00373740817759038,0.0145916716832257));
#8183=CARTESIAN_POINT('',(-0.001338300937855,-0.00296473984608377,0.0145333383498925));
#8184=CARTESIAN_POINT('',(-0.00178440120704457,-0.00219207151457715,0.0144750050165592));
#8185=CARTESIAN_POINT('',(-0.00133830093785489,-0.0014194031830706,0.0144166716832258));
#8186=CARTESIAN_POINT('',(-0.000892200668665221,-0.000646734851564063,0.0143583383498923));
#8187=CARTESIAN_POINT('',(-1.30285984034251E-10,-0.00064673485156413,0.0143000050165588));
#8188=CARTESIAN_POINT('',(0.000892200408093252,-0.000646734851564214,0.0142416716832253));
#8189=CARTESIAN_POINT('',(0.0013383006772828,-0.00141940318307083,0.0141833383498919));
#8190=CARTESIAN_POINT('',(0.00178440094647234,-0.00219207151457745,0.0141250050165585));
#8191=CARTESIAN_POINT('',(0.00133830067728265,-0.002964739846084,0.0140666716832253));
#8192=CARTESIAN_POINT('',(0.000892200408092949,-0.00373740817759054,0.014008338349892));
#8193=CARTESIAN_POINT('',(-1.30286312393037E-10,-0.00373740817759047,0.0139500050165589));
#8194=CARTESIAN_POINT('',(-0.000892200668665573,-0.00373740817759039,0.0138916716832257));
#8195=CARTESIAN_POINT('',(-0.00133830093785514,-0.00296473984608378,0.0138333383498925));
#8196=CARTESIAN_POINT('',(-0.00178440120704471,-0.00219207151457716,0.0137750050165592));
#8197=CARTESIAN_POINT('',(-0.00133830093785504,-0.00141940318307061,0.0137166716832258));
#8198=CARTESIAN_POINT('',(-0.000892200668665366,-0.000646734851564076,0.0136583383498923));
#8199=CARTESIAN_POINT('',(-1.30286128585289E-10,-0.000646734851564141,0.0136000050165588));
#8200=CARTESIAN_POINT('',(0.000892200408093108,-0.000646734851564226,0.0135416716832253));
#8201=CARTESIAN_POINT('',(0.00133830067728265,-0.00141940318307084,0.0134833383498919));
#8202=CARTESIAN_POINT('',(0.0017844009464722,-0.00219207151457746,0.0134250050165585));
#8203=CARTESIAN_POINT('',(0.0013383006772825,-0.00296473984608401,0.0133666716832253));
#8204=CARTESIAN_POINT('',(0.000892200408092804,-0.00373740817759055,0.013308338349892));
#8205=CARTESIAN_POINT('',(-1.30286456944075E-10,-0.00373740817759048,0.0132500050165589));
#8206=CARTESIAN_POINT('',(-0.000892200668665717,-0.00373740817759041,0.0131916716832257));
#8207=CARTESIAN_POINT('',(-0.00133830093785529,-0.00296473984608379,0.0131333383498925));
#8208=CARTESIAN_POINT('',(-0.00178440120704485,-0.00219207151457717,0.0130750050165592));
#8209=CARTESIAN_POINT('',(-0.00133830093785518,-0.00141940318307063,0.0130166716832258));
#8210=CARTESIAN_POINT('',(-0.00089220066866551,-0.000646734851564087,0.0129583383498923));
#8211=CARTESIAN_POINT('',(-1.30286273136327E-10,-0.000646734851564153,0.0129000050165588));
#8212=CARTESIAN_POINT('',(0.000892200408092962,-0.000646734851564238,0.0128416716832253));
#8213=CARTESIAN_POINT('',(0.00133830067728251,-0.00141940318307085,0.0127833383498919));
#8214=CARTESIAN_POINT('',(0.00178440094647205,-0.00219207151457748,0.0127250050165585));
#8215=CARTESIAN_POINT('',(0.00133830067728236,-0.00296473984608402,0.0126666716832253));
#8216=CARTESIAN_POINT('',(0.00089220040809266,-0.00373740817759056,0.012608338349892));
#8217=CARTESIAN_POINT('',(-1.30286601495113E-10,-0.00373740817759049,0.0125500050165589));
#8218=CARTESIAN_POINT('',(-0.000892200668665861,-0.00373740817759042,0.0124916716832257));
#8219=CARTESIAN_POINT('',(-0.00133830093785543,-0.0029647398460838,0.0124333383498925));
#8220=CARTESIAN_POINT('',(-0.001784401207045,-0.00219207151457718,0.0123750050165592));
#8221=CARTESIAN_POINT('',(-0.00133830093785533,-0.00141940318307064,0.0123166716832258));
#8222=CARTESIAN_POINT('',(-0.000892200668665655,-0.000646734851564099,0.0122583383498924));
#8223=CARTESIAN_POINT('',(-1.30286417687364E-10,-0.000646734851564165,0.0122000050165588));
#8224=CARTESIAN_POINT('',(0.000892200408092818,-0.000646734851564249,0.0121416716832253));
#8225=CARTESIAN_POINT('',(0.00133830067728236,-0.00141940318307086,0.0120833383498919));
#8226=CARTESIAN_POINT('',(0.00178440094647191,-0.00219207151457749,0.0120250050165585));
#8227=CARTESIAN_POINT('',(0.00133830067728221,-0.00296473984608403,0.0119666716832253));
#8228=CARTESIAN_POINT('',(0.000892200408092514,-0.00373740817759057,0.011908338349892));
#8229=CARTESIAN_POINT('',(-1.30286746046151E-10,-0.0037374081775905,0.0118500050165589));
#8230=CARTESIAN_POINT('',(-0.000892200668666006,-0.00373740817759043,0.0117916716832257));
#8231=CARTESIAN_POINT('',(-0.00133830093785558,-0.00296473984608382,0.0117333383498925));
#8232=CARTESIAN_POINT('',(-0.00178440120704514,-0.00219207151457719,0.0116750050165592));
#8233=CARTESIAN_POINT('',(-0.00133830093785547,-0.00141940318307065,0.0116166716832258));
#8234=CARTESIAN_POINT('',(-0.000892200668665799,-0.000646734851564111,0.0115583383498923));
#8235=CARTESIAN_POINT('',(-1.30286562238402E-10,-0.000646734851564177,0.0115000050165588));
#8236=CARTESIAN_POINT('',(0.000892200408092674,-0.000646734851564262,0.0114416716832253));
#8237=CARTESIAN_POINT('',(0.00133830067728222,-0.00141940318307088,0.0113833383498919));
#8238=CARTESIAN_POINT('',(0.00178440094647176,-0.0021920715145775,0.0113250050165585));
#8239=CARTESIAN_POINT('',(0.00133830067728207,-0.00296473984608405,0.0112666716832253));
#8240=CARTESIAN_POINT('',(0.00089220040809237,-0.00373740817759058,0.011208338349892));
#8241=CARTESIAN_POINT('',(-1.30286890597189E-10,-0.00373740817759051,0.0111500050165589));
#8242=CARTESIAN_POINT('',(-0.000892200668666151,-0.00373740817759044,0.0110916716832257));
#8243=CARTESIAN_POINT('',(-0.00133830093785572,-0.00296473984608383,0.0110333383498925));
#8244=CARTESIAN_POINT('',(-0.00178440120704529,-0.00219207151457721,0.0109750050165592));
#8245=CARTESIAN_POINT('',(-0.00133830093785562,-0.00141940318307066,0.0109166716832258));
#8246=CARTESIAN_POINT('',(-0.000892200668665943,-0.000646734851564123,0.0108583383498923));
#8247=CARTESIAN_POINT('',(-1.3028670678944E-10,-0.000646734851564189,0.0108000050165588));
#8248=CARTESIAN_POINT('',(0.000892200408092529,-0.000646734851564273,0.0107416716832253));
#8249=CARTESIAN_POINT('',(0.00133830067728207,-0.00141940318307089,0.0106833383498919));
#8250=CARTESIAN_POINT('',(0.00178440094647162,-0.00219207151457751,0.0106250050165585));
#8251=CARTESIAN_POINT('',(0.00133830067728192,-0.00296473984608406,0.0105666716832253));
#8252=CARTESIAN_POINT('',(0.00109997195586465,-0.00337753730048162,0.0105355071453186));
#8253=CARTESIAN_POINT('',(0.000670522298260725,-0.0035843592272529,0.0104996220097875));
#8254=CARTESIAN_POINT('',(-0.000675101933701554,-0.000801998510351022,0.010850005016559));
#8255=CARTESIAN_POINT('',(-0.000675101933701554,-0.000801998510351022,0.010850005016559));
#8256=CARTESIAN_POINT('',(-8.58363597679238E-5,-0.000414407468749482,0.0108500050165588));
#8257=CARTESIAN_POINT('',(0.00157260346802551,-0.000603529828031061,0.0108500050165585));
#8258=CARTESIAN_POINT('',(0.0020554821734031,-0.00215040853934471,0.0108500050165584));
#8259=CARTESIAN_POINT('',(0.00189386752450781,-0.00283492865743465,0.0108500050165585));
#8260=CARTESIAN_POINT('',(-1.30285494473024E-10,-0.00219207151457725,0.0172251004225404));
#8261=CARTESIAN_POINT('',(-0.00146333169121129,-0.00169535615860874,0.0108500050165592));
#8262=CARTESIAN_POINT('',(-0.00148083567159547,-0.00174692317104394,0.0108538981173926));
#8263=CARTESIAN_POINT('',(-0.00151604435066424,-0.00186962292404026,0.0108631880340271));
#8264=CARTESIAN_POINT('',(-0.00155239659693407,-0.00211019908565089,0.0108813319702577));
#8265=CARTESIAN_POINT('',(-0.00153935216449245,-0.00236767187049049,0.0109007146772412));
#8266=CARTESIAN_POINT('',(-0.00151505936806802,-0.00249730443501873,0.0109105333646266));
#8267=CARTESIAN_POINT('',(-0.00150630836177666,-0.0025417705123641,0.0109139118533167));
#8268=CARTESIAN_POINT('',(-0.00147078584774231,-0.00267226555244128,0.0109237493182511));
#8269=CARTESIAN_POINT('',(-0.00142174751169092,-0.00280340634800173,0.0109336636581834));
#8270=CARTESIAN_POINT('',(-0.00135212710609615,-0.00294865400700285,0.0109445070866597));
#8271=CARTESIAN_POINT('',(-0.0012388175665807,-0.00312608952933925,0.0109584572168942));
#8272=CARTESIAN_POINT('',(-0.00108366905908927,-0.00329785451606744,0.0109750437346978));
#8273=CARTESIAN_POINT('',(-0.000985618614723206,-0.00338842506226567,0.0109849354503699));
#8274=CARTESIAN_POINT('',(-0.000745223861607221,-0.00355771124119221,0.0110069936974574));
#8275=CARTESIAN_POINT('',(-0.000501317902021436,-0.00365774145018569,0.0110266932881016));
#8276=CARTESIAN_POINT('',(-0.000353287876812436,-0.0037008504348364,0.0110380240279665));
#8277=CARTESIAN_POINT('',(-0.000113995417352292,-0.00373869923503828,0.0110551384042101));
#8278=CARTESIAN_POINT('',(6.76218270985817E-5,-0.00373909280300486,0.0110668250305039));
#8279=CARTESIAN_POINT('',(0.000234774099557867,-0.00372288801589429,0.011078428682493));
#8280=CARTESIAN_POINT('',(0.000366000789484415,-0.00369407285308898,0.0110880789957795));
#8281=CARTESIAN_POINT('',(0.000435408306108325,-0.003675406553235,0.0110933153513105));
#8282=CARTESIAN_POINT('',(0.000509812689125151,-0.00365117650288604,0.0110990906144202));
#8283=CARTESIAN_POINT('',(0.000503055955076334,-0.00365317998204169,0.0110985797268319));
#8284=CARTESIAN_POINT('',(0.000540871410154601,-0.00364006887011618,0.0111015707633493));
#8285=CARTESIAN_POINT('',(0.000606423713776238,-0.00361419075156877,0.0111068713345071));
#8286=CARTESIAN_POINT('',(0.00072134080850874,-0.00356313082598588,0.0111162928257257));
#8287=CARTESIAN_POINT('',(0.000903132679786496,-0.00344996815576268,0.0111323931304564));
#8288=CARTESIAN_POINT('',(0.00098395300078786,-0.00338489063041359,0.0111401382529564));
#8289=CARTESIAN_POINT('',(0.0011040857268945,-0.00327810785459061,0.0111520113450882));
#8290=CARTESIAN_POINT('',(0.00119962118683608,-0.00317233457611265,0.0111622564804234));
#8291=CARTESIAN_POINT('',(0.00130723299074713,-0.00302110185728576,0.0111750664879945));
#8292=CARTESIAN_POINT('',(0.0013724654556515,-0.00290545460176116,0.011183989773039));
#8293=CARTESIAN_POINT('',(0.00142331883368322,-0.00279597347765785,0.0111918602442973));
#8294=CARTESIAN_POINT('',(0.00143937493191871,-0.00275541692579634,0.0111948428913485));
#8295=CARTESIAN_POINT('',(0.00148443858866083,-0.00263255107089609,0.0112041664060427));
#8296=CARTESIAN_POINT('',(0.00154255143456193,-0.00240619283571576,0.011221433427757));
#8297=CARTESIAN_POINT('',(0.00154996977043486,-0.0020578279340646,0.0112473848088405));
#8298=CARTESIAN_POINT('',(0.00150326001528737,-0.00181667913391027,0.0112654654463526));
#8299=CARTESIAN_POINT('',(0.00145738363601774,-0.00167298304805566,0.011276508127114));
#8300=CARTESIAN_POINT('',(0.00142067648556536,-0.00158383476494709,0.0112833957647767));
#8301=CARTESIAN_POINT('',(0.001411319953021,-0.00156075945003876,0.0112851601842155));
#8302=CARTESIAN_POINT('',(0.00135633366982106,-0.00144800922929219,0.0112937327323961));
#8303=CARTESIAN_POINT('',(0.00130463105916752,-0.00136231269175959,0.0113005375791343));
#8304=CARTESIAN_POINT('',(0.00124827233853429,-0.00127832517030729,0.0113074004326989));
#8305=CARTESIAN_POINT('',(0.00117155505504679,-0.00118315875630887,0.0113155942901989));
#8306=CARTESIAN_POINT('',(0.00114684354987254,-0.00115606812674521,0.0113182014549294));
#8307=CARTESIAN_POINT('',(0.00105975288365107,-0.00106227456914337,0.0113274788832725));
#8308=CARTESIAN_POINT('',(0.000860638128427871,-0.000895356558517191,0.0113469087808791));
#8309=CARTESIAN_POINT('',(0.000600798337614005,-0.000760381847773767,0.0113687744411278));
#8310=CARTESIAN_POINT('',(0.000375600155808776,-0.000687656409669462,0.0113861269374383));
#8311=CARTESIAN_POINT('',(0.000179091834414775,-0.000654681389371527,0.011400425783773));
#8312=CARTESIAN_POINT('',(1.31328003914682E-5,-0.000642032566375134,0.0114117192338646));
#8313=CARTESIAN_POINT('',(-0.00033710323861326,-0.000659198066182074,0.0114353664525597));
#8314=CARTESIAN_POINT('',(-0.00079003513365206,-0.000835675135568074,0.011471297095977));
#8315=CARTESIAN_POINT('',(-0.00115527887692023,-0.00113028143438801,0.0115059155450705));
#8316=CARTESIAN_POINT('',(-0.00135319659887328,-0.00143560415397806,0.0115305159218512));
#8317=CARTESIAN_POINT('',(-0.00142252207906236,-0.00158204747454739,0.0115415183568792));
#8318=CARTESIAN_POINT('',(-0.00149165770679099,-0.00177026801422044,0.0115559444439309));
#8319=CARTESIAN_POINT('',(-0.00154164649681325,-0.00199708355116828,0.0115729410737171));
#8320=CARTESIAN_POINT('',(-0.00155027317449035,-0.00231050514683766,0.0115964099244435));
#8321=CARTESIAN_POINT('',(-0.00150754932392635,-0.00254777845942075,0.0116143480013334));
#8322=CARTESIAN_POINT('',(-0.00145888690887595,-0.0027148805425869,0.011626967847195));
#8323=CARTESIAN_POINT('',(-0.0013835452698992,-0.00288568729254411,0.0116399023415479));
#8324=CARTESIAN_POINT('',(-0.00132014084392463,-0.00299856814071052,0.0116486102140579));
#8325=CARTESIAN_POINT('',(-0.00124609888026002,-0.00310732454281938,0.0116571798665064));
#8326=CARTESIAN_POINT('',(-0.00124356973020052,-0.0031093989522817,0.0116574612900635));
#8327=CARTESIAN_POINT('',(-0.00119240342096479,-0.00317699613915498,0.01166345851108));
#8328=CARTESIAN_POINT('',(-0.00110155746911425,-0.00328328766368825,0.0116736833922948));
#8329=CARTESIAN_POINT('',(-0.000933811184404929,-0.00342959782151634,0.0116901400714934));
#8330=CARTESIAN_POINT('',(-0.000760339670245861,-0.00354219298608122,0.0117055045795511));
#8331=CARTESIAN_POINT('',(-0.000570394293013161,-0.00363150058737492,0.0117211950105689));
#8332=CARTESIAN_POINT('',(-0.000473305526509297,-0.00366406892906271,0.0117287867412466));
#8333=CARTESIAN_POINT('',(-0.000317781376594946,-0.00370843208094886,0.0117405845878325));
#8334=CARTESIAN_POINT('',(-7.85796506790067E-5,-0.00374347499274336,0.0117576506864191));
#8335=CARTESIAN_POINT('',(0.000206932645749077,-0.00374227792519773,0.0117757220715691));
#8336=CARTESIAN_POINT('',(0.000675872180576088,-0.00361016160139184,0.0118115071874181));
#8337=CARTESIAN_POINT('',(0.000982504908727854,-0.00339840649395261,0.0118394233693246));
#8338=CARTESIAN_POINT('',(0.00116828579473081,-0.00320916693088698,0.0118590358851877));
#8339=CARTESIAN_POINT('',(0.0013001385668246,-0.0030424186452988,0.0118734858167031));
#8340=CARTESIAN_POINT('',(0.0014349338913433,-0.00278072791272362,0.0118932633590129));
#8341=CARTESIAN_POINT('',(0.00147553531621491,-0.00265563297898867,0.0119024469302145));
#8342=CARTESIAN_POINT('',(0.00152350471692602,-0.00248055442620924,0.0119157704886841));
#8343=CARTESIAN_POINT('',(0.00155470878420035,-0.00222326439474561,0.0119351523852687));
#8344=CARTESIAN_POINT('',(0.00152838551352102,-0.00193370783325016,0.0119569564444774));
#8345=CARTESIAN_POINT('',(0.00148746190695253,-0.00174986807246784,0.0119709879819279));
#8346=CARTESIAN_POINT('',(0.00136475064407622,-0.00144135611772583,0.0119937081711255));
#8347=CARTESIAN_POINT('',(0.00123673552683782,-0.00126223333750306,0.012008383937688));
#8348=CARTESIAN_POINT('',(0.0011473523779628,-0.00115397250650601,0.0120183551040087));
#8349=CARTESIAN_POINT('',(0.00105092312053434,-0.0010577241639953,0.0120282729082469));
#8350=CARTESIAN_POINT('',(0.00101879600372961,-0.00102994373788777,0.0120314454877322));
#8351=CARTESIAN_POINT('',(0.000918954768769875,-0.00094467819500254,0.0120412252283456));
#8352=CARTESIAN_POINT('',(0.000699600822109484,-0.000803353363925197,0.0120608427004764));
#8353=CARTESIAN_POINT('',(0.000469868091792493,-0.000715729049979647,0.0120791561856117));
#8354=CARTESIAN_POINT('',(0.000302164109414769,-0.000673167886391048,0.0120917570994914));
#8355=CARTESIAN_POINT('',(9.40292494076911E-5,-0.000643017295153693,0.0121064981554935));
#8356=CARTESIAN_POINT('',(-0.000108705521859103,-0.000649066749485666,0.012119745306429));
#8357=CARTESIAN_POINT('',(-0.000185216799306617,-0.000657442135470779,0.0121248817584063));
#8358=CARTESIAN_POINT('',(-0.000282289769446595,-0.0006711968249985,0.0121317980656941));
#8359=CARTESIAN_POINT('',(-0.00038155835235907,-0.000693795900030704,0.0121391962775672));
#8360=CARTESIAN_POINT('',(-0.000462802072592136,-0.000716760467013053,0.0121454031618906));
#8361=CARTESIAN_POINT('',(-0.000553159946302069,-0.00074869057470091,0.0121525201518514));
#8362=CARTESIAN_POINT('',(-0.000552863515510041,-0.000749047835810816,0.012152517373975));
#8363=CARTESIAN_POINT('',(-0.00060314867119322,-0.000768818785791217,0.0121565673155357));
#8364=CARTESIAN_POINT('',(-0.000676519167145417,-0.000800290935472191,0.0121625643377972));
#8365=CARTESIAN_POINT('',(-0.000826324464308122,-0.000882794665462042,0.0121754392583505));
#8366=CARTESIAN_POINT('',(-0.000975920614706662,-0.000988623527814404,0.0121892067498138));
#8367=CARTESIAN_POINT('',(-0.00111757322847817,-0.00111944035160017,0.012203386891491));
#8368=CARTESIAN_POINT('',(-0.00122588655771918,-0.00124454249521674,0.0122151949555042));
#8369=CARTESIAN_POINT('',(-0.00132993160584663,-0.00140001950010598,0.0122280012669675));
#8370=CARTESIAN_POINT('',(-0.00139167907635137,-0.00151690394167499,0.0122369049753707));
#8371=CARTESIAN_POINT('',(-0.001439893819255,-0.00162880961467366,0.0122449181074179));
#8372=CARTESIAN_POINT('',(-0.00145322352716088,-0.00166582170248425,0.0122476545624122));
#8373=CARTESIAN_POINT('',(-0.00149511512864995,-0.00178803539720393,0.0122569269864513));
#8374=CARTESIAN_POINT('',(-0.00154837224916581,-0.00203014547319363,0.0122753581160938));
#8375=CARTESIAN_POINT('',(-0.00154603570666571,-0.00234968050044791,0.012299197912319));
#8376=CARTESIAN_POINT('',(-0.00149934531212855,-0.00258560725199332,0.012316893082763));
#8377=CARTESIAN_POINT('',(-0.00144720995811279,-0.00273778001944495,0.0123285456923988));
#8378=CARTESIAN_POINT('',(-0.00141598315865997,-0.0028120854073184,0.0123342633166237));
#8379=CARTESIAN_POINT('',(-0.00139514383451814,-0.00285643748218162,0.0123376585112179));
#8380=CARTESIAN_POINT('',(-0.00139346268006722,-0.00286144791001871,0.0123380271204134));
#8381=CARTESIAN_POINT('',(-0.001343446367944,-0.00295796010620765,0.0123453823798996));
#8382=CARTESIAN_POINT('',(-0.00129461221351583,-0.00303751326832302,0.0123517127037976));
#8383=CARTESIAN_POINT('',(-0.00123452557015782,-0.00312404896734126,0.0123588727432417));
#8384=CARTESIAN_POINT('',(-0.00117718144059977,-0.00319350579740122,0.0123650598913609));
#8385=CARTESIAN_POINT('',(-0.00115174508010552,-0.00322348996143829,0.0123677706662046));
#8386=CARTESIAN_POINT('',(-0.00102379409640113,-0.00335771867670088,0.0123812664313415));
#8387=CARTESIAN_POINT('',(-0.000831633519459832,-0.00350414906171811,0.01239935443572));
#8388=CARTESIAN_POINT('',(-0.00056749666654515,-0.00363848063104488,0.0124215245665093));
#8389=CARTESIAN_POINT('',(-0.000266919937756389,-0.00372471342440161,0.0124443609197994));
#8390=CARTESIAN_POINT('',(-3.69372287641041E-6,-0.00374546263485693,0.0124622826090057));
#8391=CARTESIAN_POINT('',(0.000261807690041376,-0.00372592259142026,0.0124802569896101));
#8392=CARTESIAN_POINT('',(0.000562176656102899,-0.00363998959674934,0.0125030824845851));
#8393=CARTESIAN_POINT('',(0.000823192329919424,-0.00351070143722094,0.0125248506760338));
#8394=CARTESIAN_POINT('',(0.00102450160379992,-0.00335387994316875,0.0125439558889058));
#8395=CARTESIAN_POINT('',(0.00112017426524865,-0.00325985253579375,0.0125537976533187));
#8396=CARTESIAN_POINT('',(0.00122070288558829,-0.00314338586321327,0.0125644745283304));
#8397=CARTESIAN_POINT('',(0.00130944226658059,-0.00301826639362938,0.0125749537117288));
#8398=CARTESIAN_POINT('',(0.00139529666461299,-0.00286007871030002,0.0125871132782057));
#8399=CARTESIAN_POINT('',(0.00140425032939642,-0.00283695292731168,0.0125888356018732));
#8400=CARTESIAN_POINT('',(0.00144871780289087,-0.00273641115873448,0.0125965743717397));
#8401=CARTESIAN_POINT('',(0.00149718952956942,-0.00259002966654693,0.0126077736462988));
#8402=CARTESIAN_POINT('',(0.00154653651548345,-0.00235727850257095,0.0126252256606527));
#8403=CARTESIAN_POINT('',(0.00154585157250483,-0.00202347883700184,0.0126501852239557));
#8404=CARTESIAN_POINT('',(0.00149817403757395,-0.00180001407821375,0.0126671020946219));
#8405=CARTESIAN_POINT('',(0.00144313196716183,-0.00162677092210178,0.0126801599965414));
#8406=CARTESIAN_POINT('',(0.00136440168414618,-0.00146126707967351,0.0126927517937952));
#8407=CARTESIAN_POINT('',(0.00129604779813402,-0.00134766088855546,0.0127016684580029));
#8408=CARTESIAN_POINT('',(0.00122477595219199,-0.00124852067006547,0.0127096538198303));
#8409=CARTESIAN_POINT('',(0.00120090910647056,-0.00121884960950841,0.0127122618939541));
#8410=CARTESIAN_POINT('',(0.0011186064435502,-0.00112262248573997,0.0127213104642237));
#8411=CARTESIAN_POINT('',(0.00101161357825855,-0.00101395941094077,0.0127325133730357));
#8412=CARTESIAN_POINT('',(0.000802910360579868,-0.000866868142556101,0.0127516948564633));
#8413=CARTESIAN_POINT('',(0.000653491044427648,-0.000789823931431274,0.0127643226660828));
#8414=CARTESIAN_POINT('',(0.000584473630731703,-0.000761214420255898,0.0127699453699141));
#8415=CARTESIAN_POINT('',(0.000546201404473647,-0.000746516203374679,0.0127730229847499));
#8416=CARTESIAN_POINT('',(0.000559398838683166,-0.000751234796006167,0.012771987500764));
#8417=CARTESIAN_POINT('',(0.000483242983881951,-0.00072360078637884,0.0127780066564692));
#8418=CARTESIAN_POINT('',(0.000414945038505768,-0.000702832647695165,0.0127832496554247));
#8419=CARTESIAN_POINT('',(0.000283486686788893,-0.000669883019638353,0.0127930934694759));
#8420=CARTESIAN_POINT('',(0.000134197966346883,-0.000648341664546063,0.0128035952729366));
#8421=CARTESIAN_POINT('',(-4.96961751599023E-5,-0.000645017811711061,0.0128160470953361));
#8422=CARTESIAN_POINT('',(-0.00018190095266022,-0.000655956775512765,0.0128250728456979));
#8423=CARTESIAN_POINT('',(-0.00030310272008545,-0.000675928106270437,0.012833364381349));
#8424=CARTESIAN_POINT('',(-0.000338479069392973,-0.000684094075040426,0.0128359582869728));
#8425=CARTESIAN_POINT('',(-0.000463233546817028,-0.000713983786632711,0.012845288967427));
#8426=CARTESIAN_POINT('',(-0.000705733046310852,-0.000804448510384076,0.0128646323344208));
#8427=CARTESIAN_POINT('',(-0.000914590863211104,-0.000941986969703129,0.0128833924497097));
#8428=CARTESIAN_POINT('',(-0.00101587871185932,-0.00102730164204406,0.0128932740757757));
#8429=CARTESIAN_POINT('',(-0.00104524915555365,-0.00105254090578477,0.0128961703615085));
#8430=CARTESIAN_POINT('',(-0.00114304934556563,-0.00114918822428288,0.0129061934267007));
#8431=CARTESIAN_POINT('',(-0.00123272588761928,-0.00125694534997117,0.0129161617289407));
#8432=CARTESIAN_POINT('',(-0.0013616881152221,-0.00143596395957411,0.0129309256430261));
#8433=CARTESIAN_POINT('',(-0.00148527060452825,-0.00174179616301419,0.0129534086133554));
#8434=CARTESIAN_POINT('',(-0.00152756271685664,-0.0019294665856207,0.0129677327471286));
#8435=CARTESIAN_POINT('',(-0.00155486046403567,-0.00221501951663071,0.0129892354129978));
#8436=CARTESIAN_POINT('',(-0.001524324458891,-0.00247614056741785,0.0130089060800507));
#8437=CARTESIAN_POINT('',(-0.00147836174829462,-0.00264653017083743,0.013021872782624));
#8438=CARTESIAN_POINT('',(-0.00143472305298837,-0.00278260346326115,0.0130319008868338));
#8439=CARTESIAN_POINT('',(-0.00129907347391474,-0.00304189131804383,0.0130515196789026));
#8440=CARTESIAN_POINT('',(-0.00121143820471741,-0.00315388150825236,0.0130612573159089));
#8441=CARTESIAN_POINT('',(-0.00111962280376467,-0.00326049674623234,0.013071311445806));
#8442=CARTESIAN_POINT('',(-0.00101269134650405,-0.00336049111343607,0.0130820583155576));
#8443=CARTESIAN_POINT('',(-0.00100435762383225,-0.00336682253862643,0.0130828690987641));
#8444=CARTESIAN_POINT('',(-0.000925990272559177,-0.0034306377059973,0.0130904412640028));
#8445=CARTESIAN_POINT('',(-0.000828145045920013,-0.00350065830660356,0.0130994619631764));
#8446=CARTESIAN_POINT('',(-0.000652724815545014,-0.00359606063542786,0.0131144851200972));
#8447=CARTESIAN_POINT('',(-0.000551958018178499,-0.0036366537099023,0.0131226078876129));
#8448=CARTESIAN_POINT('',(-0.000400184745976903,-0.00368797768551139,0.0131344520954311));
#8449=CARTESIAN_POINT('',(-0.000264148542492346,-0.00371897751892964,0.0131445586517895));
#8450=CARTESIAN_POINT('',(-3.24603169580017E-5,-0.0037419128195408,0.0131605045669748));
#8451=CARTESIAN_POINT('',(0.000138752586568572,-0.00373430657955019,0.0131716328639194));
#8452=CARTESIAN_POINT('',(0.000312543793682582,-0.00370939877179565,0.013184048975457));
#8453=CARTESIAN_POINT('',(0.000466253220246992,-0.00366643821587614,0.0131956722017931));
#8454=CARTESIAN_POINT('',(0.00056695480836793,-0.00363254140746929,0.0132035492046477));
#8455=CARTESIAN_POINT('',(0.000742761306599274,-0.0035512877680208,0.0132180201151198));
#8456=CARTESIAN_POINT('',(0.000910343504342237,-0.00344660189479384,0.0132326989060291));
#8457=CARTESIAN_POINT('',(0.00107638115237185,-0.0033080584197053,0.0132486884973774));
#8458=CARTESIAN_POINT('',(0.00117407977127143,-0.00319918260677056,0.0132593910722161));
#8459=CARTESIAN_POINT('',(0.00123193428388033,-0.00312508752514801,0.0132661352486239));
#8460=CARTESIAN_POINT('',(0.00124415763503011,-0.0031100629758948,0.0132675238605371));
#8461=CARTESIAN_POINT('',(0.00131636431314147,-0.00300426458577582,0.0132763025752941));
#8462=CARTESIAN_POINT('',(0.0013795098179379,-0.00289502650078962,0.0132848970768831));
#8463=CARTESIAN_POINT('',(0.00144967946787833,-0.00273172607735831,0.0132967606976983));
#8464=CARTESIAN_POINT('',(0.00146701757888734,-0.00267824583720708,0.0133006897616943));
#8465=CARTESIAN_POINT('',(0.00150518234219748,-0.00255765848821139,0.0133098516699629));
#8466=CARTESIAN_POINT('',(0.00155251002854151,-0.00230354503212229,0.0133291501541827));
#8467=CARTESIAN_POINT('',(0.00154159118521939,-0.00200570642609687,0.0133514068760793));
#8468=CARTESIAN_POINT('',(0.00149326154821294,-0.00177397254804607,0.0133687829758082));
#8469=CARTESIAN_POINT('',(0.00142355722530742,-0.00158526605723196,0.0133832400162804));
#8470=CARTESIAN_POINT('',(0.00137642343312512,-0.00148356056197784,0.0133909109088523));
#8471=CARTESIAN_POINT('',(0.00126780804522822,-0.0012994965751758,0.0134053024451869));
#8472=CARTESIAN_POINT('',(0.00109701485821286,-0.00108885162806514,0.0134244093585898));
#8473=CARTESIAN_POINT('',(0.000799925552792137,-0.000838985702418599,0.0134529345428411));
#8474=CARTESIAN_POINT('',(0.000332358356809482,-0.000658387882642895,0.0134900036294142));
#8475=CARTESIAN_POINT('',(-4.39429779743888E-6,-0.000642284326015333,0.0135127202473167));
#8476=CARTESIAN_POINT('',(-0.000174316617900838,-0.000653860523104952,0.0135242406163164));
#8477=CARTESIAN_POINT('',(-0.000371764456426012,-0.000687184214002068,0.0135386097903455));
#8478=CARTESIAN_POINT('',(-0.000593194450262546,-0.000756096271860772,0.0135555664090982));
#8479=CARTESIAN_POINT('',(-0.000865295847692725,-0.000900401427586537,0.0135786209228568));
#8480=CARTESIAN_POINT('',(-0.00105388383192238,-0.00105676709366851,0.013596872983048));
#8481=CARTESIAN_POINT('',(-0.00117338477538803,-0.00117987732126112,0.0136093452602604));
#8482=CARTESIAN_POINT('',(-0.00128535660394332,-0.00132992461246159,0.0136223518680459));
#8483=CARTESIAN_POINT('',(-0.00135245649784078,-0.00144107171863486,0.0136310883821262));
#8484=CARTESIAN_POINT('',(-0.00141016305695673,-0.00155812451584177,0.0136395845771422));
#8485=CARTESIAN_POINT('',(-0.00141249708410071,-0.00156527289574759,0.0136401434664599));
#8486=CARTESIAN_POINT('',(-0.00144680839045545,-0.00164544331905158,0.0136462916016447));
#8487=CARTESIAN_POINT('',(-0.00149442859211213,-0.00177833763110638,0.013656584581638));
#8488=CARTESIAN_POINT('',(-0.00153751924791445,-0.00199586641397686,0.0136729792982735));
#8489=CARTESIAN_POINT('',(-0.00154956553588826,-0.002197561645139,0.0136879939888118));
#8490=CARTESIAN_POINT('',(-0.00153275994818555,-0.00240903505675075,0.0137038692135262));
#8491=CARTESIAN_POINT('',(-0.00151769862781575,-0.00248559189456691,0.0137096528193734));
#8492=CARTESIAN_POINT('',(-0.0014848689864043,-0.00263270826044625,0.0137206901464398));
#8493=CARTESIAN_POINT('',(-0.00142800754375469,-0.00279496369775068,0.0137329136117233));
#8494=CARTESIAN_POINT('',(-0.00134573889651734,-0.0029566721143282,0.0137454141892586));
#8495=CARTESIAN_POINT('',(-0.00127326166018376,-0.00307064723702333,0.0137545214597688));
#8496=CARTESIAN_POINT('',(-0.00119717892067414,-0.00317039100486052,0.0137627502121395));
#8497=CARTESIAN_POINT('',(-0.00117545993788905,-0.00319589444344718,0.0137650890238405));
#8498=CARTESIAN_POINT('',(-0.00108632848104558,-0.00329469007550838,0.0137746900973033));
#8499=CARTESIAN_POINT('',(-0.000960664671413208,-0.0034150457437623,0.0137875688186661));
#8500=CARTESIAN_POINT('',(-0.000723162725560725,-0.00356198890469732,0.01380854788823));
#8501=CARTESIAN_POINT('',(-0.000603661109137919,-0.00361550181040675,0.0138183644840901));
#8502=CARTESIAN_POINT('',(-0.000540568204066975,-0.00364011655753962,0.0138234599395586));
#8503=CARTESIAN_POINT('',(-0.000505511116969423,-0.00365233377432039,0.0138262379054614));
#8504=CARTESIAN_POINT('',(-0.000517414580927428,-0.00364850604092839,0.0138253215872854));
#8505=CARTESIAN_POINT('',(-0.000441581394619509,-0.00367360065255183,0.0138312229636457));
#8506=CARTESIAN_POINT('',(-0.000372450404832793,-0.00369246186265962,0.0138364478043712));
#8507=CARTESIAN_POINT('',(-0.000241629174978195,-0.00372192230675392,0.0138460993148026));
#8508=CARTESIAN_POINT('',(-6.724074842922E-5,-0.00373932344347653,0.0138581852844275));
#8509=CARTESIAN_POINT('',(8.56366642989642E-5,-0.00373730383121266,0.0138680787310415));
#8510=CARTESIAN_POINT('',(0.000322198168285355,-0.00371458869722997,0.0138846846753873));
#8511=CARTESIAN_POINT('',(0.0007414259192725,-0.00358330660559122,0.0139168068261301));
#8512=CARTESIAN_POINT('',(0.00113940371839205,-0.00327010356572737,0.0139543745822289));
#8513=CARTESIAN_POINT('',(0.00133094693506266,-0.00298758479354811,0.0139776126382537));
#8514=CARTESIAN_POINT('',(0.00141363099721485,-0.0028234599421149,0.0139898641729181));
#8515=CARTESIAN_POINT('',(0.00148419824736474,-0.00263822208789461,0.0140040501918347));
#8516=CARTESIAN_POINT('',(0.00153771487388317,-0.00241640807903948,0.0140206764769726));
#8517=CARTESIAN_POINT('',(0.0015507079730178,-0.00211033865693252,0.0140436777063624));
#8518=CARTESIAN_POINT('',(0.0015236097026393,-0.00191290085656302,0.0140584627481929));
#8519=CARTESIAN_POINT('',(0.00145414134820495,-0.00162935191279214,0.0140795619037014));
#8520=CARTESIAN_POINT('',(0.00131337012168161,-0.00136681473883616,0.0140995092896929));
#8521=CARTESIAN_POINT('',(0.00120613026734146,-0.0012214328665822,0.0141120656776102));
#8522=CARTESIAN_POINT('',(0.00106451562880996,-0.0010641628694961,0.0141274002638032));
#8523=CARTESIAN_POINT('',(0.00087152974783578,-0.000904635400098206,0.0141458406906692));
#8524=CARTESIAN_POINT('',(0.000599649518031429,-0.000759671458372007,0.0141690199822442));
#8525=CARTESIAN_POINT('',(0.000436884177441567,-0.0007068226185966,0.0141816534883588));
#8526=CARTESIAN_POINT('',(0.000297716783365583,-0.000675072057054961,0.0141919800074063));
#8527=CARTESIAN_POINT('',(0.000275757636712308,-0.000671502308301171,0.0141935113548393));
#8528=CARTESIAN_POINT('',(0.000195886210185699,-0.000657831863275203,0.0141990582339745));
#8529=CARTESIAN_POINT('',(9.11887115518503E-5,-0.000648505069137404,0.0142061973210509));
#8530=CARTESIAN_POINT('',(-4.73475168710459E-6,-0.000645584132502161,0.014212704699446));
#8531=CARTESIAN_POINT('',(-0.000117075945313105,-0.000650553048824005,0.0142203198383357));
#8532=CARTESIAN_POINT('',(-0.000127145813426098,-0.00065205829832665,0.0142210204651338));
#8533=CARTESIAN_POINT('',(-0.000202337431725744,-0.000658688511817798,0.0142262511674771));
#8534=CARTESIAN_POINT('',(-0.000319931932555585,-0.000676696727189423,0.0142347657338483));
#8535=CARTESIAN_POINT('',(-0.000532483964746934,-0.000733798268518801,0.0142508579028683));
#8536=CARTESIAN_POINT('',(-0.000792253720492354,-0.00085382485300105,0.014272108196898));
#8537=CARTESIAN_POINT('',(-0.00102142232967424,-0.00102433539118357,0.0142935285182343));
#8538=CARTESIAN_POINT('',(-0.00115618114833622,-0.00116139696096912,0.0143075261219977));
#8539=CARTESIAN_POINT('',(-0.00128053260917737,-0.00131878327902756,0.0143215883166276));
#8540=CARTESIAN_POINT('',(-0.00136059126129853,-0.00145444359824799,0.0143321421332479));
#8541=CARTESIAN_POINT('',(-0.00140597102008031,-0.0015504368444963,0.0143390250234496));
#8542=CARTESIAN_POINT('',(-0.00141120536352758,-0.00156232826253533,0.0143399158785148));
#8543=CARTESIAN_POINT('',(-0.00143935652430641,-0.00162675018037573,0.0143447928519208));
#8544=CARTESIAN_POINT('',(-0.00148623804741175,-0.00175228066296114,0.0143545144482699));
#8545=CARTESIAN_POINT('',(-0.00153216432298287,-0.00195703600289608,0.0143700018233362));
#8546=CARTESIAN_POINT('',(-0.00154842832870989,-0.0021556270407226,0.0143848332220179));
#8547=CARTESIAN_POINT('',(-0.00153767437054413,-0.00240805741570286,0.014403768963948));
#8548=CARTESIAN_POINT('',(-0.00149905987433577,-0.00257888604809547,0.0144167078946329));
#8549=CARTESIAN_POINT('',(-0.0014408437775542,-0.00276199555074362,0.0144305171503571));
#8550=CARTESIAN_POINT('',(-0.00135453046085627,-0.0029487573628254,0.0144446913970457));
#8551=CARTESIAN_POINT('',(-0.00124183212104025,-0.00311350989510084,0.0144577112062281));
#8552=CARTESIAN_POINT('',(-0.00121276519376106,-0.00315015182258568,0.0144609553291633));
#8553=CARTESIAN_POINT('',(-0.00114741630641808,-0.00322979365578615,0.0144683054402627));
#8554=CARTESIAN_POINT('',(-0.00103083601922422,-0.00335299477781501,0.0144807473559958));
#8555=CARTESIAN_POINT('',(-0.000822352597143405,-0.00350895858578597,0.0145001242116644));
#8556=CARTESIAN_POINT('',(-0.000628637265125818,-0.0036061036564519,0.014516446044928));
#8557=CARTESIAN_POINT('',(-0.000479491197597576,-0.0036645933044921,0.0145283528710969));
#8558=CARTESIAN_POINT('',(-0.000291543974503221,-0.00371526477405637,0.0145424813612972));
#8559=CARTESIAN_POINT('',(-9.53359123222066E-5,-0.00373674428365601,0.014556322704167));
#8560=CARTESIAN_POINT('',(3.09178276945865E-5,-0.00374085259006521,0.0145643960755137));
#8561=CARTESIAN_POINT('',(0.000200892463488783,-0.00372525466692717,0.0145760949866039));
#8562=CARTESIAN_POINT('',(0.000239076606229565,-0.00371853579872281,0.0145788701461198));
#8563=CARTESIAN_POINT('',(0.000346579049204607,-0.00370185025431715,0.0145867920727101));
#8564=CARTESIAN_POINT('',(0.000556161922592351,-0.00364005689155665,0.014602979216148));
#8565=CARTESIAN_POINT('',(0.000776422239520214,-0.00353981035718327,0.0146208273860337));
#8566=CARTESIAN_POINT('',(0.000992128907924681,-0.00338012995087937,0.0146408435603556));
#8567=CARTESIAN_POINT('',(0.00107330627712006,-0.00330541022091084,0.0146489736896812));
#8568=CARTESIAN_POINT('',(0.00120608819819818,-0.00316799066335217,0.0146627719344807));
#8569=CARTESIAN_POINT('',(0.00132567870064446,-0.00299365482751454,0.0146774202328122));
#8570=CARTESIAN_POINT('',(0.00139581916835981,-0.00286179810370444,0.0146874846792349));
#8571=CARTESIAN_POINT('',(0.00144112623682559,-0.00275050537737483,0.0146953740776983));
#8572=CARTESIAN_POINT('',(0.00145112882483347,-0.00272364889336108,0.0146972617910459));
#8573=CARTESIAN_POINT('',(0.00147796277765706,-0.0026472816667291,0.0147030066994479));
#8574=CARTESIAN_POINT('',(0.00153201391764485,-0.00246955314240997,0.0147165867651495));
#8575=CARTESIAN_POINT('',(0.00155101018193104,-0.00215372658886907,0.0147403763444981));
#8576=CARTESIAN_POINT('',(0.00153299286697268,-0.00199478313261395,0.0147523741225047));
#8577=CARTESIAN_POINT('',(0.00152363858895527,-0.00192441427739849,0.0147577232714985));
#8578=CARTESIAN_POINT('',(0.00147717478378078,-0.00171847613033969,0.0147732572328744));
#8579=CARTESIAN_POINT('',(0.00140751996407375,-0.00154473246234221,0.0147863240957885));
#8580=CARTESIAN_POINT('',(0.00132189115050864,-0.00138682719642347,0.0147984646694467));
#8581=CARTESIAN_POINT('',(0.00124689620648501,-0.00127665527161765,0.0148075198086318));
#8582=CARTESIAN_POINT('',(0.0011702567113162,-0.00118161131773399,0.0148157448870976));
#8583=CARTESIAN_POINT('',(0.00114439138396764,-0.00115327051157219,0.014818471831454));
#8584=CARTESIAN_POINT('',(0.001056032270533,-0.00105909629104784,0.0148278499711537));
#8585=CARTESIAN_POINT('',(0.000863179210589592,-0.000896182052503329,0.0148466881482912));
#8586=CARTESIAN_POINT('',(0.000630231961881097,-0.000776944160504895,0.0148663233194362));
#8587=CARTESIAN_POINT('',(0.000507669573294166,-0.000732406935332857,0.0148760620346104));
#8588=CARTESIAN_POINT('',(0.000478322020426778,-0.000721603269798047,0.0148784121591335));
#8589=CARTESIAN_POINT('',(0.000343718083061396,-0.00068335945979884,0.0148886399881722));
#8590=CARTESIAN_POINT('',(0.000205321824581454,-0.000658497327482401,0.0148986465555856));
#8591=CARTESIAN_POINT('',(5.42602444987272E-5,-0.000642278253425194,0.0149089685166959));
#8592=CARTESIAN_POINT('',(-0.000195471588188131,-0.00065312026811849,0.0149256294421524));
#8593=CARTESIAN_POINT('',(-0.000379782632683999,-0.000692019209553125,0.014939008390037));
#8594=CARTESIAN_POINT('',(-0.000529643600152723,-0.000734915005001549,0.0149505062365044));
#8595=CARTESIAN_POINT('',(-0.000783315131446623,-0.000848899570467079,0.0149713507468025));
#8596=CARTESIAN_POINT('',(-0.00100205694426796,-0.00100889514788773,0.0149916472564978));
#8597=CARTESIAN_POINT('',(-0.00111991536922436,-0.00112476862906779,0.0150038175096806));
#8598=CARTESIAN_POINT('',(-0.00123260703763594,-0.00125007136778488,0.0150157296344074));
#8599=CARTESIAN_POINT('',(-0.00137661367946189,-0.00147663874363609,0.0150336697705971));
#8600=CARTESIAN_POINT('',(-0.00143441221852234,-0.00161252697180242,0.0150437396248959));
#8601=CARTESIAN_POINT('',(-0.00148151873078363,-0.00174507461203214,0.0150537690698165));
#8602=CARTESIAN_POINT('',(-0.00151519298883965,-0.00188383913832076,0.0150642275448254));
#8603=CARTESIAN_POINT('',(-0.00151884589458297,-0.00190573941783006,0.0150659062873181));
#8604=CARTESIAN_POINT('',(-0.00153533680622984,-0.00200609763567306,0.0150735174136975));
#8605=CARTESIAN_POINT('',(-0.00154680422353546,-0.00212613819272657,0.0150825599293655));
#8606=CARTESIAN_POINT('',(-0.00154238774501908,-0.00236990005487645,0.0151009142852934));
#8607=CARTESIAN_POINT('',(-0.00150772464299738,-0.00254325149262958,0.0151139992249989));
#8608=CARTESIAN_POINT('',(-0.00145622731439951,-0.00272097156114408,0.0151274356758037));
#8609=CARTESIAN_POINT('',(-0.00137415382003103,-0.00291311438083965,0.0151419559141663));
#8610=CARTESIAN_POINT('',(-0.00124529818962373,-0.00311038026500503,0.0151573465540411));
#8611=CARTESIAN_POINT('',(-0.00118477096057519,-0.00319381011793627,0.0151643931764169));
#8612=CARTESIAN_POINT('',(-0.000948880949658598,-0.0034231245984209,0.0151886599439113));
#8613=CARTESIAN_POINT('',(-0.000787544718465001,-0.00352576183773096,0.0152029244678181));
#8614=CARTESIAN_POINT('',(-0.000516125873863546,-0.00366304625795342,0.0152258228829992));
#8615=CARTESIAN_POINT('',(-0.000245101690130111,-0.00372927001718,0.0152464113476541));
#8616=CARTESIAN_POINT('',(3.88720907668532E-5,-0.00374108809430411,0.0152649667844328));
#8617=CARTESIAN_POINT('',(0.000268531022998578,-0.00372080225028716,0.0152807320977917));
#8618=CARTESIAN_POINT('',(0.00056456355080718,-0.00365578900310067,0.0153025869754931));
#8619=CARTESIAN_POINT('',(0.000928092109539327,-0.00343878426662482,0.0153342908260151));
#8620=CARTESIAN_POINT('',(0.0011018908589815,-0.00328258752927792,0.0153514150105407));
#8621=CARTESIAN_POINT('',(0.00123256734649297,-0.00312766573893683,0.0153660286130008));
#8622=CARTESIAN_POINT('',(0.00129285392445869,-0.00304376393820901,0.0153731373379693));
#8623=CARTESIAN_POINT('',(0.00140711708487537,-0.00284541145334167,0.0153885752458506));
#8624=CARTESIAN_POINT('',(0.00150375635344268,-0.00258573411379274,0.0154081179333689));
#8625=CARTESIAN_POINT('',(0.00155768307233295,-0.00231403188293011,0.0154283159508309));
#8626=CARTESIAN_POINT('',(0.00153359279476061,-0.00195047882944984,0.0154556287890764));
#8627=CARTESIAN_POINT('',(0.00146260212478552,-0.00165882357200857,0.0154774554134905));
#8628=CARTESIAN_POINT('',(0.00134802546601417,-0.00142662939101259,0.0154950704373417));
#8629=CARTESIAN_POINT('',(0.00125046774049982,-0.00127939554626897,0.0155069243761795));
#8630=CARTESIAN_POINT('',(0.00112381324133847,-0.0011243402525146,0.0155212630849336));
#8631=CARTESIAN_POINT('',(0.000954460609207328,-0.0009664670933353,0.0155381732631111));
#8632=CARTESIAN_POINT('',(0.000699298308546364,-0.000803553206293711,0.0155608332543887));
#8633=CARTESIAN_POINT('',(0.000466645116102047,-0.000714854972755671,0.0155794064692619));
#8634=CARTESIAN_POINT('',(0.000303151010706045,-0.000672482694915086,0.0155917147024893));
#8635=CARTESIAN_POINT('',(0.000116831182406476,-0.000648719896499348,0.0156047993017241));
#8636=CARTESIAN_POINT('',(-1.33210861063485E-5,-0.000645174823165077,0.0156135673021751));
#8637=CARTESIAN_POINT('',(-0.000142561462263737,-0.00065254725478337,0.0156219947876567));
#8638=CARTESIAN_POINT('',(-0.000154238970459573,-0.000654446672864548,0.015622832232873));
#8639=CARTESIAN_POINT('',(-0.000243227139118177,-0.000664602636898268,0.015629125974162));
#8640=CARTESIAN_POINT('',(-0.000384031399941454,-0.000689879064739275,0.0156395331261725));
#8641=CARTESIAN_POINT('',(-0.00059163820274965,-0.000759282440270608,0.0156557024242422));
#8642=CARTESIAN_POINT('',(-0.000772106554448406,-0.00084900456656219,0.0156706915176289));
#8643=CARTESIAN_POINT('',(-0.000938980477560463,-0.000961212045173978,0.0156857511745848));
#8644=CARTESIAN_POINT('',(-0.00101815352138076,-0.00102821776727359,0.015693470049308));
#8645=CARTESIAN_POINT('',(-0.00113331920483128,-0.00113672826874018,0.0157050852756469));
#8646=CARTESIAN_POINT('',(-0.00122864243119896,-0.00124818495077345,0.0157155057297358));
#8647=CARTESIAN_POINT('',(-0.00133095301861824,-0.00140182216392474,0.0157281411733382));
#8648=CARTESIAN_POINT('',(-0.00139270598778076,-0.00151895392440049,0.0157370604347003));
#8649=CARTESIAN_POINT('',(-0.00144077334721614,-0.00163123440571192,0.0157451007760733));
#8650=CARTESIAN_POINT('',(-0.00145383655256578,-0.00166694821246393,0.0157477404884674));
#8651=CARTESIAN_POINT('',(-0.00148570569458113,-0.00176295535872036,0.0157550227530299));
#8652=CARTESIAN_POINT('',(-0.00151514895438422,-0.00187435455531203,0.0157635052870827));
#8653=CARTESIAN_POINT('',(-0.00154124022122869,-0.00205168762951266,0.0157769140401909));
#8654=CARTESIAN_POINT('',(-0.0015453262369276,-0.00214304706153088,0.0157837874967728));
#8655=CARTESIAN_POINT('',(-0.00154555459360457,-0.00229495283727864,0.0157951881192716));
#8656=CARTESIAN_POINT('',(-0.00152328266764218,-0.0024774902934033,0.015809057033213));
#8657=CARTESIAN_POINT('',(-0.00148131124708399,-0.00264416867887058,0.0158217083841525));
#8658=CARTESIAN_POINT('',(-0.00142797415706221,-0.0027845893723976,0.0158322687993197));
#8659=CARTESIAN_POINT('',(-0.00139390355061175,-0.00286477128681878,0.0158382261936215));
#8660=CARTESIAN_POINT('',(-0.00130280090010209,-0.00302873817554514,0.0158508986212575));
#8661=CARTESIAN_POINT('',(-0.00123613110697968,-0.00312097240272333,0.0158586317630046));
#8662=CARTESIAN_POINT('',(-0.00117717048970778,-0.00319382938288627,0.0158650760243267));
#8663=CARTESIAN_POINT('',(-0.00114938921823571,-0.00322608857999189,0.0158680201286793));
#8664=CARTESIAN_POINT('',(-0.00102164714929259,-0.00335883360974736,0.0158814568141419));
#8665=CARTESIAN_POINT('',(-0.000833116582417542,-0.00350509348229224,0.0158992671900362));
#8666=CARTESIAN_POINT('',(-0.000551513139882566,-0.00364120665402207,0.0159227682916368));
#8667=CARTESIAN_POINT('',(-0.000442448509576098,-0.00367603553211281,0.0159312673469783));
#8668=CARTESIAN_POINT('',(-0.000189840695302751,-0.0037325771963329,0.0159499295249736));
#8669=CARTESIAN_POINT('',(2.10444669572397E-6,-0.00374016220268167,0.0159626215034828));
#8670=CARTESIAN_POINT('',(0.000175923541763712,-0.00373122142807028,0.0159742554304875));
#8671=CARTESIAN_POINT('',(0.000351616692894107,-0.00370087554151431,0.0159869298285073));
#8672=CARTESIAN_POINT('',(0.000506926732392732,-0.00365302494854014,0.0159988432167607));
#8673=CARTESIAN_POINT('',(0.000609489955167565,-0.00361519065463474,0.0160069795725638));
#8674=CARTESIAN_POINT('',(0.000784130653154083,-0.00352773919443565,0.0160216308012862));
#8675=CARTESIAN_POINT('',(0.00094045457773733,-0.00342342994352492,0.0160356619878114));
#8676=CARTESIAN_POINT('',(0.00108523754227275,-0.00329613679064337,0.0160499894027856));
#8677=CARTESIAN_POINT('',(0.00114554069183327,-0.00322988622735135,0.0160566466959116));
#8678=CARTESIAN_POINT('',(0.00121176481966816,-0.00315395229082632,0.0160635876474858));
#8679=CARTESIAN_POINT('',(0.00130310676737419,-0.00302860667873428,0.0160741390923949));
#8680=CARTESIAN_POINT('',(0.00139413560269307,-0.00286377060026394,0.0160868496779495));
#8681=CARTESIAN_POINT('',(0.00142131179189999,-0.00279964650258496,0.0160916255656571));
#8682=CARTESIAN_POINT('',(0.00147509140423212,-0.0026648604162287,0.0161018325183404));
#8683=CARTESIAN_POINT('',(0.00154449791095698,-0.0023991959153118,0.016121850493644));
#8684=CARTESIAN_POINT('',(0.00155792772317211,-0.00203930995790696,0.0161490617710821));
#8685=CARTESIAN_POINT('',(0.00147064461665013,-0.00168031195984863,0.0161760866363554));
#8686=CARTESIAN_POINT('',(0.00136365498640167,-0.00146020390291186,0.016192832409186));
#8687=CARTESIAN_POINT('',(0.00129460348502893,-0.00134541115754973,0.0162018528827737));
#8688=CARTESIAN_POINT('',(0.00122388495574482,-0.00124731153354593,0.0162097560219273));
#8689=CARTESIAN_POINT('',(0.00119757391933698,-0.00121491742563307,0.0162126300943298));
#8690=CARTESIAN_POINT('',(0.00111338220930309,-0.00111577342141292,0.0162219236190821));
#8691=CARTESIAN_POINT('',(0.000939401703957348,-0.000950299086990998,0.0162397138176238));
#8692=CARTESIAN_POINT('',(0.000650666560256568,-0.000779683638797799,0.0162647117138726));
#8693=CARTESIAN_POINT('',(0.000419721530827221,-0.000700402398088953,0.0162826834661355));
#8694=CARTESIAN_POINT('',(0.000270288935358618,-0.000668728743377192,0.016293826167261));
#8695=CARTESIAN_POINT('',(0.000171253711309223,-0.000656131000394477,0.0163009267075503));
#8696=CARTESIAN_POINT('',(0.00014049313641359,-0.000652373000731493,0.0163030974442353));
#8697=CARTESIAN_POINT('',(1.67853778976681E-5,-0.000645170089965499,0.0163115298081397));
#8698=CARTESIAN_POINT('',(-8.37708585929043E-5,-0.000648183136813694,0.0163183739775907));
#8699=CARTESIAN_POINT('',(-0.000184552132986535,-0.000656152027752829,0.0163252529996268));
#8700=CARTESIAN_POINT('',(-0.000305286462402756,-0.00067639776165045,0.0163335245077668));
#8701=CARTESIAN_POINT('',(-0.000340831274265827,-0.00068464446041497,0.0163361349208969));
#8702=CARTESIAN_POINT('',(-0.000465171962984196,-0.000714457215058206,0.0163454321119865));
#8703=CARTESIAN_POINT('',(-0.00071024024682892,-0.000807423246345294,0.0163650597519441));
#8704=CARTESIAN_POINT('',(-0.000949725153032213,-0.000964135206909414,0.0163864322927919));
#8705=CARTESIAN_POINT('',(-0.0011236901358684,-0.00112357680902378,0.0164037096965343));
#8706=CARTESIAN_POINT('',(-0.00124931784443752,-0.00127811888596914,0.0164179615877112));
#8707=CARTESIAN_POINT('',(-0.00134689524477585,-0.00142435159545076,0.0164297781083197));
#8708=CARTESIAN_POINT('',(-0.0014626894354199,-0.00165919728833374,0.0164475882836479));
#8709=CARTESIAN_POINT('',(-0.00153358708022594,-0.00194995249135103,0.0164693407749606));
#8710=CARTESIAN_POINT('',(-0.00155682596480299,-0.00231152904231917,0.0164965064375025));
#8711=CARTESIAN_POINT('',(-0.00149848630211418,-0.00264665033504897,0.0165214043049719));
#8712=CARTESIAN_POINT('',(-0.00132784624450257,-0.00299695737158181,0.016547933994571));
#8713=CARTESIAN_POINT('',(-0.00121899880781305,-0.00314509530697084,0.0165604845583755));
#8714=CARTESIAN_POINT('',(-0.00104254490582218,-0.00335337192491937,0.0165800617601971));
#8715=CARTESIAN_POINT('',(-0.000639260947311202,-0.00363513960803905,0.0166167861744778));
#8716=CARTESIAN_POINT('',(-0.000261180297847146,-0.00372463774479271,0.0166448175453869));
#8717=CARTESIAN_POINT('',(-2.07145145160602E-5,-0.00373938003527041,0.0166612194474544));
#8718=CARTESIAN_POINT('',(0.000135226420337342,-0.0037358145844308,0.0166714150554392));
#8719=CARTESIAN_POINT('',(0.00040868704343669,-0.00369697044557444,0.0166912237927315));
#8720=CARTESIAN_POINT('',(0.000686378640270526,-0.00358381494191936,0.0167132910108638));
#8721=CARTESIAN_POINT('',(0.000872396633309097,-0.00347021661653409,0.0167296162036068));
#8722=CARTESIAN_POINT('',(0.000987053451312357,-0.00338417936795141,0.0167403685538005));
#8723=CARTESIAN_POINT('',(0.00111838054185542,-0.00326563294193452,0.0167532940593351));
#8724=CARTESIAN_POINT('',(0.00125474191815302,-0.00310282837812752,0.0167683760440659));
#8725=CARTESIAN_POINT('',(0.00134985469592014,-0.00294925844180596,0.0167808049194485));
#8726=CARTESIAN_POINT('',(0.00141012487350544,-0.00282823216297711,0.0167899441425301));
#8727=CARTESIAN_POINT('',(0.00145663685759295,-0.00271047292099618,0.016798279216108));
#8728=CARTESIAN_POINT('',(0.00146581695775505,-0.002681839819056,0.0168004171748694));
#8729=CARTESIAN_POINT('',(0.00150447740758084,-0.00256011980528503,0.0168096504893543));
#8730=CARTESIAN_POINT('',(0.00155379017180208,-0.00230582745440975,0.0168289628033525));
#8731=CARTESIAN_POINT('',(0.00154113908389001,-0.00203409584915402,0.0168493622101519));
#8732=CARTESIAN_POINT('',(0.0015189339268674,-0.0019076529513909,0.0168589598131393));
#8733=CARTESIAN_POINT('',(0.00151569521911136,-0.00188597075594826,0.0168606214292578));
#8734=CARTESIAN_POINT('',(0.00148210982059047,-0.00174707032338766,0.0168710902858918));
#8735=CARTESIAN_POINT('',(0.0014351291626195,-0.0016143502102203,0.0168811331432429));
#8736=CARTESIAN_POINT('',(0.00137803355899123,-0.00147908374654613,0.0168911513961206));
#8737=CARTESIAN_POINT('',(0.00123203498815226,-0.00124929206869978,0.0169093550326341));
#8738=CARTESIAN_POINT('',(0.00112197409042158,-0.00112703604582434,0.0169209703196853));
#8739=CARTESIAN_POINT('',(0.00100307977131183,-0.00100973908734882,0.016933264172964));
#8740=CARTESIAN_POINT('',(0.000785540706360721,-0.000850197344531092,0.0169534647178483));
#8741=CARTESIAN_POINT('',(0.000530833650308616,-0.000735362163027906,0.0169744091562284));
#8742=CARTESIAN_POINT('',(0.000382719950536705,-0.000692695067249947,0.0169857822365671));
#8743=CARTESIAN_POINT('',(0.00019477417160673,-0.000653032820004624,0.0169994367347541));
#8744=CARTESIAN_POINT('',(-5.15098782082487E-5,-0.000642301461069254,0.0170158588002892));
#8745=CARTESIAN_POINT('',(-0.000203378728494202,-0.00065822386873556,0.0170262264247797));
#8746=CARTESIAN_POINT('',(-0.000341682264334381,-0.000682889009895404,0.0170362191519281));
#8747=CARTESIAN_POINT('',(-0.000476259607352276,-0.000720995480074708,0.017046440010976));
#8748=CARTESIAN_POINT('',(-0.000505820786503057,-0.000731526636158997,0.0170487941270207));
#8749=CARTESIAN_POINT('',(-0.000601868635696635,-0.000767386417582096,0.017056457874326));
#8750=CARTESIAN_POINT('',(-0.000710676576533784,-0.000816886219452568,0.01706542127116));
#8751=CARTESIAN_POINT('',(-0.000910703734155966,-0.000935193192604889,0.0170829234031958));
#8752=CARTESIAN_POINT('',(-0.00105090987690576,-0.00105482254899966,0.01709659850141));
#8753=CARTESIAN_POINT('',(-0.00117747168937871,-0.00118553459268058,0.0171098314998739));
#8754=CARTESIAN_POINT('',(-0.00130343379687361,-0.00134988626988378,0.0171242763568381));
#8755=CARTESIAN_POINT('',(-0.00139875227472521,-0.00153197824448327,0.0171377096159565));
#8756=CARTESIAN_POINT('',(-0.00142725219046225,-0.00159810270770824,0.0171425220427759));
#8757=CARTESIAN_POINT('',(-0.00147486342976025,-0.001722546758807,0.0171519791909994));
#8758=CARTESIAN_POINT('',(-0.00152154030849574,-0.00187818843586175,0.0171638693767277));
#8759=CARTESIAN_POINT('',(-0.00154805678093425,-0.0021369008755994,0.0171832522979784));
#8760=CARTESIAN_POINT('',(-0.00154303242552112,-0.00234530625063039,0.0171987229440502));
#8761=CARTESIAN_POINT('',(-0.00150563090259685,-0.0025617535540522,0.0172149657846641));
#8762=CARTESIAN_POINT('',(-0.00146197214049917,-0.00269690872448972,0.017225409225741));
#8763=CARTESIAN_POINT('',(-0.00142994485826323,-0.00277790859867645,0.0172317016219408));
#8764=CARTESIAN_POINT('',(-0.00142807343256435,-0.00278471846404005,0.0172322446619495));
#8765=CARTESIAN_POINT('',(-0.00137325263075059,-0.00290399463707663,0.0172412952642879));
#8766=CARTESIAN_POINT('',(-0.00131242328868795,-0.0030133430392116,0.0172498249053267));
#8767=CARTESIAN_POINT('',(-0.00120878593547941,-0.00315731864501276,0.0172615806376047));
#8768=CARTESIAN_POINT('',(-0.00117089027650207,-0.0032008297049206,0.0172655721502926));
#8769=CARTESIAN_POINT('',(-0.00108670437312556,-0.00329574657384903,0.0172747192586856));
#8770=CARTESIAN_POINT('',(-0.000896197034145071,-0.00346455034743202,0.0172936829658093));
#8771=CARTESIAN_POINT('',(-0.00063049205254418,-0.00361207327609665,0.017316352694883));
#8772=CARTESIAN_POINT('',(-0.000317214726960181,-0.00371728156001171,0.0173405598649864));
#8773=CARTESIAN_POINT('',(-9.06282020542956E-5,-0.00373873862906511,0.0173566678996197));
#8774=CARTESIAN_POINT('',(8.89669937753501E-5,-0.00373771858391349,0.0173682971523679));
#8775=CARTESIAN_POINT('',(0.000351495164145618,-0.00370864828539823,0.0173867241308481));
#8776=CARTESIAN_POINT('',(0.000672454834145976,-0.0036063467249619,0.0174114696454648));
#8777=CARTESIAN_POINT('',(0.000989084372130377,-0.00338926391017152,0.0174401726463878));
#8778=CARTESIAN_POINT('',(0.00114628114574368,-0.00323345225292204,0.0174563326778505));
#8779=CARTESIAN_POINT('',(0.00124301261647807,-0.00311392726151962,0.0174673360589809));
#8780=CARTESIAN_POINT('',(0.00134599435492514,-0.00296364783611451,0.0174796864765727));
#8781=CARTESIAN_POINT('',(0.00144579461906554,-0.00274466587536026,0.0174957262296428));
#8782=CARTESIAN_POINT('',(0.00148325062103114,-0.00264472155365211,0.0175032482974422));
#8783=CARTESIAN_POINT('',(0.00155604970588849,-0.00230654788024523,0.0175289258806152));
#8784=CARTESIAN_POINT('',(0.00153834052929194,-0.00197844339624302,0.0175533081607737));
#8785=CARTESIAN_POINT('',(0.00148958660575883,-0.00177074290838191,0.0175691146781257));
#8786=CARTESIAN_POINT('',(0.00145110770789575,-0.00166051797598964,0.0175777095639778));
#8787=CARTESIAN_POINT('',(0.00143827530399962,-0.00162271889933981,0.0175803822214096));
#8788=CARTESIAN_POINT('',(0.00137126065987232,-0.00147203506678299,0.017591553725638));
#8789=CARTESIAN_POINT('',(0.00127119426891333,-0.00130950327098185,0.0176044114521702));
#8790=CARTESIAN_POINT('',(0.00122672874561987,-0.00125148104765346,0.0176094669761041));
#8791=CARTESIAN_POINT('',(0.00113224665151529,-0.0011348178707877,0.0176200589849656));
#8792=CARTESIAN_POINT('',(0.000940334237320662,-0.00095114738859574,0.017639576248501));
#8793=CARTESIAN_POINT('',(0.000701710872087764,-0.000799411595442858,0.0176603123052446));
#8794=CARTESIAN_POINT('',(0.000407017564741077,-0.000697366966377216,0.0176839345946145));
#8795=CARTESIAN_POINT('',(0.00024966686239127,-0.000662054349564129,0.0176958493269309));
#8796=CARTESIAN_POINT('',(-1.52743810529567E-5,-0.000639669008847224,0.0177135130700418));
#8797=CARTESIAN_POINT('',(-0.000227120640632801,-0.000659758866033509,0.0177278258614263));
#8798=CARTESIAN_POINT('',(-0.000415118267539311,-0.000698880216010568,0.0177416415314433));
#8799=CARTESIAN_POINT('',(-0.000696209348457424,-0.000796804048986366,0.0177632998403714));
#8800=CARTESIAN_POINT('',(-0.000958569847462236,-0.000968697447424804,0.0177872089491103));
#8801=CARTESIAN_POINT('',(-0.00113056985689956,-0.00113220785761846,0.0178050599303727));
#8802=CARTESIAN_POINT('',(-0.00132922210780147,-0.0013752624355294,0.0178266600642948));
#8803=CARTESIAN_POINT('',(-0.00144404438196615,-0.00161784580709314,0.0178442134064323));
#8804=CARTESIAN_POINT('',(-0.00149942071100647,-0.00181557761672052,0.017859072134635));
#8805=CARTESIAN_POINT('',(-0.00151088429446526,-0.00186784161571327,0.0178630516288316));
#8806=CARTESIAN_POINT('',(-0.00154603957720026,-0.00202317209381435,0.0178748501196065));
#8807=CARTESIAN_POINT('',(-0.00154505482428121,-0.00237393380412048,0.0179012149757316));
#8808=CARTESIAN_POINT('',(-0.00149616436006936,-0.00259126839196565,0.0179176180556747));
#8809=CARTESIAN_POINT('',(-0.00143823498602875,-0.00276847810658526,0.0179310096411131));
#8810=CARTESIAN_POINT('',(-0.00134988541529615,-0.00295535203375685,0.0179451948498515));
#8811=CARTESIAN_POINT('',(-0.00123305319916948,-0.00312675939228704,0.0179586545916376));
#8812=CARTESIAN_POINT('',(-0.00116321738698614,-0.00321687268577502,0.0179667421748917));
#8813=CARTESIAN_POINT('',(-0.00101051756272094,-0.00336422867217557,0.0179823638520785));
#8814=CARTESIAN_POINT('',(-0.000897989731242468,-0.00345268289422021,0.0179930119140754));
#8815=CARTESIAN_POINT('',(-0.000742675223894587,-0.00355292916805096,0.0180067590643477));
#8816=CARTESIAN_POINT('',(-0.000548746318794997,-0.00364326227338373,0.0180226264568235));
#8817=CARTESIAN_POINT('',(-0.000319628593052321,-0.00370748920482341,0.0180405530213135));
#8818=CARTESIAN_POINT('',(-0.000198075874725526,-0.00372852448835826,0.0180493536890938));
#8819=CARTESIAN_POINT('',(-1.56578470546965E-5,-0.00373882365073258,0.0180615059099762));
#8820=CARTESIAN_POINT('',(8.75410226555562E-5,-0.00373610783923216,0.018068244522624));
#8821=CARTESIAN_POINT('',(0.000240522141030693,-0.00372255423583276,0.0180789270161607));
#8822=CARTESIAN_POINT('',(0.000520983746694609,-0.0036633614128034,0.0180994629032948));
#8823=CARTESIAN_POINT('',(0.000967602017317365,-0.00344004277664124,0.0181368315475755));
#8824=CARTESIAN_POINT('',(0.00121199145482485,-0.003158385538743,0.0181636136488123));
#8825=CARTESIAN_POINT('',(0.00132102947718241,-0.00300153576999826,0.0181764942754957));
#8826=CARTESIAN_POINT('',(0.00143001730801422,-0.00279303258673433,0.0181925077115367));
#8827=CARTESIAN_POINT('',(0.00149674983051023,-0.002594766764486,0.0182073203818423));
#8828=CARTESIAN_POINT('',(0.00153070725213394,-0.00242075015438773,0.0182202522687973));
#8829=CARTESIAN_POINT('',(0.00154501568532097,-0.00227948731335236,0.0182309147217118));
#8830=CARTESIAN_POINT('',(0.00154615434023295,-0.00206247231954016,0.0182472007892105));
#8831=CARTESIAN_POINT('',(0.00151537226782079,-0.00186227710112297,0.0182621723655964));
#8832=CARTESIAN_POINT('',(0.00145230596996814,-0.00165759909023738,0.0182777753443508));
#8833=CARTESIAN_POINT('',(0.00141443037698417,-0.00156140828978093,0.0182850738150238));
#8834=CARTESIAN_POINT('',(0.00131969511431194,-0.00138251518982909,0.0182988285178661));
#8835=CARTESIAN_POINT('',(0.00124577964438649,-0.00127531422609994,0.018307663874519));
#8836=CARTESIAN_POINT('',(0.00116843047641372,-0.00117942313407221,0.0183159423879388));
#8837=CARTESIAN_POINT('',(0.00114377280701631,-0.00115271783859116,0.0183185306974056));
#8838=CARTESIAN_POINT('',(0.00105642798426392,-0.00105911843723072,0.0183278180802275));
#8839=CARTESIAN_POINT('',(0.000856227670670736,-0.000892497567040617,0.0183473034495357));
#8840=CARTESIAN_POINT('',(0.000597606147428118,-0.000759126897350238,0.0183690334505318));
#8841=CARTESIAN_POINT('',(0.000372426868223033,-0.000686878079412326,0.0183863679355599));
#8842=CARTESIAN_POINT('',(0.000175951715489221,-0.000654239341260753,0.0184006480817729));
#8843=CARTESIAN_POINT('',(7.01812122897519E-6,-0.000642101329827739,0.01841212031188));
#8844=CARTESIAN_POINT('',(-0.000333944048872845,-0.000658914947193419,0.0184351340707273));
#8845=CARTESIAN_POINT('',(-0.000796438083862533,-0.000837063190519647,0.0184717730499733));
#8846=CARTESIAN_POINT('',(-0.00109748288131346,-0.00108908418802433,0.0185006424242812));
#8847=CARTESIAN_POINT('',(-0.00126760808146031,-0.00129940218238234,0.0185197004832072));
#8848=CARTESIAN_POINT('',(-0.00137516463185284,-0.00148128364389154,0.0185339275192646));
#8849=CARTESIAN_POINT('',(-0.00142312214665671,-0.00158375633529197,0.0185416548449726));
#8850=CARTESIAN_POINT('',(-0.00149266897081197,-0.00177364176944252,0.0185562016660144));
#8851=CARTESIAN_POINT('',(-0.00154211642584143,-0.00200028246242826,0.0185731860423068));
#8852=CARTESIAN_POINT('',(-0.00154989419026602,-0.00231590602234147,0.0185968165284989));
#8853=CARTESIAN_POINT('',(-0.00150658450947812,-0.00255164287424668,0.0186146408460774));
#8854=CARTESIAN_POINT('',(-0.00145728197615431,-0.00271944665480404,0.0186273107340523));
#8855=CARTESIAN_POINT('',(-0.001381439247942,-0.00288983674517813,0.0186402205086763));
#8856=CARTESIAN_POINT('',(-0.00131778481081108,-0.00300242782399013,0.0186489186670249));
#8857=CARTESIAN_POINT('',(-0.00124318661193248,-0.00311127676138902,0.018657516315273));
#8858=CARTESIAN_POINT('',(-0.0012415785945564,-0.00311208271200892,0.0186576966537309));
#8859=CARTESIAN_POINT('',(-0.00119079995166163,-0.00317889201357982,0.0186636407672159));
#8860=CARTESIAN_POINT('',(-0.00110026171423751,-0.00328462808613421,0.0186738292320745));
#8861=CARTESIAN_POINT('',(-0.000931685891356408,-0.00343119592516373,0.0186903473422487));
#8862=CARTESIAN_POINT('',(-0.000757487412001485,-0.00354390271872653,0.0187057580352965));
#8863=CARTESIAN_POINT('',(-0.000565009857025756,-0.00363361548256426,0.0187216251622188));
#8864=CARTESIAN_POINT('',(-0.000471177679818361,-0.00366471637537515,0.0187289547641749));
#8865=CARTESIAN_POINT('',(-0.000319314699821796,-0.00370758150185621,0.0187404787324412));
#8866=CARTESIAN_POINT('',(-0.000108750837899401,-0.00374158900077914,0.0187556269696454));
#8867=CARTESIAN_POINT('',(0.000105170056603313,-0.00374086258836755,0.0187692507951349));
#8868=CARTESIAN_POINT('',(0.000250692505483826,-0.00371693826430452,0.0187796683535457));
#8869=CARTESIAN_POINT('',(-0.00146333169121129,-0.00169535615860874,0.0108500050165591));
#8870=CARTESIAN_POINT('',(-1.30286810899765E-10,-0.00219207151457735,0.0108500050165588));
#8871=CARTESIAN_POINT('',(0.00112273844283392,-0.00384720235424833,0.0185667823744258));
#8872=CARTESIAN_POINT('',(0.0006143355104165,-0.00419207151457728,0.0185310401157178));
#8873=CARTESIAN_POINT('',(-1.30285410455396E-10,-0.00419207151457723,0.0185000050165589));
#8874=CARTESIAN_POINT('',(-0.00115470066866467,-0.00419207151457713,0.0184416716832258));
#8875=CARTESIAN_POINT('',(-0.00173205093785422,-0.00319207151457708,0.0183833383498925));
#8876=CARTESIAN_POINT('',(-0.00230940120704379,-0.00219207151457704,0.0183250050165593));
#8877=CARTESIAN_POINT('',(-0.00173205093785409,-0.00119207151457709,0.0182666716832258));
#8878=CARTESIAN_POINT('',(-0.00115470066866439,-0.000192071514577135,0.0182083383498924));
#8879=CARTESIAN_POINT('',(-1.30285151303759E-10,-0.000192071514577234,0.0181500050165588));
#8880=CARTESIAN_POINT('',(0.00115470040809409,-0.000192071514577329,0.0180916716832253));
#8881=CARTESIAN_POINT('',(0.00173205067728362,-0.00119207151457738,0.0180333383498918));
#8882=CARTESIAN_POINT('',(0.00230940094647315,-0.00219207151457742,0.0179750050165584));
#8883=CARTESIAN_POINT('',(0.00173205067728343,-0.00319207151457738,0.0179166716832252));
#8884=CARTESIAN_POINT('',(0.00115470040809371,-0.00419207151457733,0.017858338349892));
#8885=CARTESIAN_POINT('',(-1.30285555006434E-10,-0.00419207151457724,0.0178000050165589));
#8886=CARTESIAN_POINT('',(-0.00115470066866482,-0.00419207151457714,0.0177416716832258));
#8887=CARTESIAN_POINT('',(-0.00173205093785436,-0.0031920715145771,0.0176833383498925));
#8888=CARTESIAN_POINT('',(-0.00230940120704393,-0.00219207151457705,0.0176250050165593));
#8889=CARTESIAN_POINT('',(-0.00173205093785423,-0.0011920715145771,0.0175666716832258));
#8890=CARTESIAN_POINT('',(-0.00115470066866454,-0.000192071514577147,0.0175083383498924));
#8891=CARTESIAN_POINT('',(-1.30285295854797E-10,-0.000192071514577246,0.0174500050165588));
#8892=CARTESIAN_POINT('',(0.00115470040809394,-0.00019207151457734,0.0173916716832253));
#8893=CARTESIAN_POINT('',(0.00173205067728348,-0.00119207151457739,0.0173333383498918));
#8894=CARTESIAN_POINT('',(0.00230940094647301,-0.00219207151457744,0.0172750050165584));
#8895=CARTESIAN_POINT('',(0.00173205067728328,-0.00319207151457739,0.0172166716832252));
#8896=CARTESIAN_POINT('',(0.00115470040809356,-0.00419207151457734,0.017158338349892));
#8897=CARTESIAN_POINT('',(-1.30285699557471E-10,-0.00419207151457726,0.0171000050165589));
#8898=CARTESIAN_POINT('',(-0.00115470066866496,-0.00419207151457715,0.0170416716832258));
#8899=CARTESIAN_POINT('',(-0.00173205093785451,-0.00319207151457711,0.0169833383498925));
#8900=CARTESIAN_POINT('',(-0.00230940120704407,-0.00219207151457706,0.0169250050165593));
#8901=CARTESIAN_POINT('',(-0.00173205093785438,-0.00119207151457711,0.0168666716832259));
#8902=CARTESIAN_POINT('',(-0.00115470066866468,-0.000192071514577159,0.0168083383498924));
#8903=CARTESIAN_POINT('',(-1.30285440405834E-10,-0.000192071514577258,0.0167500050165588));
#8904=CARTESIAN_POINT('',(0.0011547004080938,-0.000192071514577353,0.0166916716832252));
#8905=CARTESIAN_POINT('',(0.00173205067728334,-0.0011920715145774,0.0166333383498918));
#8906=CARTESIAN_POINT('',(0.00230940094647286,-0.00219207151457745,0.0165750050165584));
#8907=CARTESIAN_POINT('',(0.00173205067728315,-0.0031920715145774,0.0165166716832252));
#8908=CARTESIAN_POINT('',(0.00115470040809342,-0.00419207151457735,0.016458338349892));
#8909=CARTESIAN_POINT('',(-1.30285844108509E-10,-0.00419207151457726,0.0164000050165589));
#8910=CARTESIAN_POINT('',(-0.00115470066866511,-0.00419207151457716,0.0163416716832258));
#8911=CARTESIAN_POINT('',(-0.00173205093785466,-0.00319207151457712,0.0162833383498925));
#8912=CARTESIAN_POINT('',(-0.00230940120704422,-0.00219207151457707,0.0162250050165593));
#8913=CARTESIAN_POINT('',(-0.00173205093785452,-0.00119207151457712,0.0161666716832259));
#8914=CARTESIAN_POINT('',(-0.00115470066866482,-0.000192071514577171,0.0161083383498924));
#8915=CARTESIAN_POINT('',(-1.30285584956872E-10,-0.00019207151457727,0.0160500050165588));
#8916=CARTESIAN_POINT('',(0.00115470040809365,-0.000192071514577365,0.0159916716832252));
#8917=CARTESIAN_POINT('',(0.00173205067728319,-0.00119207151457742,0.0159333383498918));
#8918=CARTESIAN_POINT('',(0.00230940094647272,-0.00219207151457746,0.0158750050165584));
#8919=CARTESIAN_POINT('',(0.001732050677283,-0.00319207151457742,0.0158166716832252));
#8920=CARTESIAN_POINT('',(0.00115470040809327,-0.00419207151457736,0.015758338349892));
#8921=CARTESIAN_POINT('',(-1.30285988659547E-10,-0.00419207151457728,0.0157000050165589));
#8922=CARTESIAN_POINT('',(-0.00115470066866525,-0.00419207151457717,0.0156416716832258));
#8923=CARTESIAN_POINT('',(-0.0017320509378548,-0.00319207151457714,0.0155833383498926));
#8924=CARTESIAN_POINT('',(-0.00230940120704436,-0.00219207151457708,0.0155250050165593));
#8925=CARTESIAN_POINT('',(-0.00173205093785467,-0.00119207151457714,0.0154666716832259));
#8926=CARTESIAN_POINT('',(-0.00115470066866497,-0.000192071514577182,0.0154083383498924));
#8927=CARTESIAN_POINT('',(-1.3028572950791E-10,-0.000192071514577281,0.0153500050165588));
#8928=CARTESIAN_POINT('',(0.00115470040809351,-0.000192071514577376,0.0152916716832253));
#8929=CARTESIAN_POINT('',(0.00173205067728305,-0.00119207151457743,0.0152333383498918));
#8930=CARTESIAN_POINT('',(0.00230940094647257,-0.00219207151457748,0.0151750050165584));
#8931=CARTESIAN_POINT('',(0.00173205067728285,-0.00319207151457743,0.0151166716832252));
#8932=CARTESIAN_POINT('',(0.00115470040809313,-0.00419207151457737,0.015058338349892));
#8933=CARTESIAN_POINT('',(-1.30286133210585E-10,-0.00419207151457729,0.0150000050165589));
#8934=CARTESIAN_POINT('',(-0.0011547006686654,-0.00419207151457718,0.0149416716832258));
#8935=CARTESIAN_POINT('',(-0.00173205093785494,-0.00319207151457715,0.0148833383498926));
#8936=CARTESIAN_POINT('',(-0.00230940120704451,-0.00219207151457709,0.0148250050165593));
#8937=CARTESIAN_POINT('',(-0.00173205093785481,-0.00119207151457715,0.0147666716832259));
#8938=CARTESIAN_POINT('',(-0.00115470066866511,-0.000192071514577194,0.0147083383498924));
#8939=CARTESIAN_POINT('',(-1.30285874058948E-10,-0.000192071514577293,0.0146500050165588));
#8940=CARTESIAN_POINT('',(0.00115470040809337,-0.000192071514577388,0.0145916716832252));
#8941=CARTESIAN_POINT('',(0.0017320506772829,-0.00119207151457744,0.0145333383498918));
#8942=CARTESIAN_POINT('',(0.00230940094647243,-0.00219207151457749,0.0144750050165584));
#8943=CARTESIAN_POINT('',(0.00173205067728271,-0.00319207151457744,0.0144166716832252));
#8944=CARTESIAN_POINT('',(0.00115470040809299,-0.00419207151457739,0.014358338349892));
#8945=CARTESIAN_POINT('',(-1.30286277761623E-10,-0.0041920715145773,0.0143000050165589));
#8946=CARTESIAN_POINT('',(-0.00115470066866554,-0.0041920715145772,0.0142416716832258));
#8947=CARTESIAN_POINT('',(-0.00173205093785509,-0.00319207151457716,0.0141833383498926));
#8948=CARTESIAN_POINT('',(-0.00230940120704465,-0.00219207151457711,0.0141250050165593));
#8949=CARTESIAN_POINT('',(-0.00173205093785496,-0.00119207151457716,0.0140666716832259));
#8950=CARTESIAN_POINT('',(-0.00115470066866526,-0.000192071514577207,0.0140083383498924));
#8951=CARTESIAN_POINT('',(-1.30286018609986E-10,-0.000192071514577306,0.0139500050165588));
#8952=CARTESIAN_POINT('',(0.00115470040809322,-0.0001920715145774,0.0138916716832252));
#8953=CARTESIAN_POINT('',(0.00173205067728276,-0.00119207151457745,0.0138333383498918));
#8954=CARTESIAN_POINT('',(0.00230940094647228,-0.0021920715145775,0.0137750050165584));
#8955=CARTESIAN_POINT('',(0.00173205067728257,-0.00319207151457746,0.0137166716832252));
#8956=CARTESIAN_POINT('',(0.00115470040809284,-0.0041920715145774,0.013658338349892));
#8957=CARTESIAN_POINT('',(-1.3028642231266E-10,-0.00419207151457731,0.0136000050165589));
#8958=CARTESIAN_POINT('',(-0.00115470066866569,-0.00419207151457721,0.0135416716832258));
#8959=CARTESIAN_POINT('',(-0.00173205093785523,-0.00319207151457717,0.0134833383498926));
#8960=CARTESIAN_POINT('',(-0.0023094012070448,-0.00219207151457712,0.0134250050165593));
#8961=CARTESIAN_POINT('',(-0.0017320509378551,-0.00119207151457717,0.0133666716832259));
#8962=CARTESIAN_POINT('',(-0.0011547006686654,-0.000192071514577218,0.0133083383498924));
#8963=CARTESIAN_POINT('',(-1.30286163161024E-10,-0.000192071514577317,0.0132500050165588));
#8964=CARTESIAN_POINT('',(0.00115470040809308,-0.000192071514577412,0.0131916716832253));
#8965=CARTESIAN_POINT('',(0.00173205067728261,-0.00119207151457746,0.0131333383498918));
#8966=CARTESIAN_POINT('',(0.00230940094647214,-0.00219207151457751,0.0130750050165584));
#8967=CARTESIAN_POINT('',(0.00173205067728242,-0.00319207151457747,0.0130166716832252));
#8968=CARTESIAN_POINT('',(0.0011547004080927,-0.00419207151457741,0.012958338349892));
#8969=CARTESIAN_POINT('',(-1.30286566863698E-10,-0.00419207151457732,0.0129000050165589));
#8970=CARTESIAN_POINT('',(-0.00115470066866583,-0.00419207151457722,0.0128416716832258));
#8971=CARTESIAN_POINT('',(-0.00173205093785538,-0.00319207151457718,0.0127833383498926));
#8972=CARTESIAN_POINT('',(-0.00230940120704494,-0.00219207151457714,0.0127250050165593));
#8973=CARTESIAN_POINT('',(-0.00173205093785524,-0.00119207151457718,0.0126666716832259));
#8974=CARTESIAN_POINT('',(-0.00115470066866555,-0.00019207151457723,0.0126083383498924));
#8975=CARTESIAN_POINT('',(-1.30286307712061E-10,-0.000192071514577329,0.0125500050165588));
#8976=CARTESIAN_POINT('',(0.00115470040809293,-0.000192071514577424,0.0124916716832253));
#8977=CARTESIAN_POINT('',(0.00173205067728247,-0.00119207151457747,0.0124333383498918));
#8978=CARTESIAN_POINT('',(0.002309400946472,-0.00219207151457752,0.0123750050165584));
#8979=CARTESIAN_POINT('',(0.00173205067728228,-0.00319207151457748,0.0123166716832252));
#8980=CARTESIAN_POINT('',(0.00115470040809255,-0.00419207151457742,0.012258338349892));
#8981=CARTESIAN_POINT('',(-1.30286711414736E-10,-0.00419207151457734,0.0122000050165589));
#8982=CARTESIAN_POINT('',(-0.00115470066866597,-0.00419207151457723,0.0121416716832258));
#8983=CARTESIAN_POINT('',(-0.00173205093785552,-0.00319207151457719,0.0120833383498926));
#8984=CARTESIAN_POINT('',(-0.00230940120704508,-0.00219207151457715,0.0120250050165593));
#8985=CARTESIAN_POINT('',(-0.00173205093785539,-0.00119207151457719,0.0119666716832259));
#8986=CARTESIAN_POINT('',(-0.00115470066866569,-0.000192071514577242,0.0119083383498924));
#8987=CARTESIAN_POINT('',(-1.30286452263099E-10,-0.00019207151457734,0.0118500050165588));
#8988=CARTESIAN_POINT('',(0.00115470040809279,-0.000192071514577435,0.0117916716832252));
#8989=CARTESIAN_POINT('',(0.00173205067728232,-0.00119207151457749,0.0117333383498918));
#8990=CARTESIAN_POINT('',(0.00230940094647184,-0.00219207151457753,0.0116750050165584));
#8991=CARTESIAN_POINT('',(0.00173205067728213,-0.00319207151457749,0.0116166716832252));
#8992=CARTESIAN_POINT('',(0.00115470040809241,-0.00419207151457743,0.011558338349892));
#8993=CARTESIAN_POINT('',(-1.30286855965774E-10,-0.00419207151457734,0.0115000050165589));
#8994=CARTESIAN_POINT('',(-0.00115470066866612,-0.00419207151457724,0.0114416716832258));
#8995=CARTESIAN_POINT('',(-0.00173205093785567,-0.0031920715145772,0.0113833383498926));
#8996=CARTESIAN_POINT('',(-0.00230940120704523,-0.00219207151457716,0.0113250050165593));
#8997=CARTESIAN_POINT('',(-0.00173205093785553,-0.00119207151457721,0.0112666716832259));
#8998=CARTESIAN_POINT('',(-0.00115470066866584,-0.000192071514577265,0.0112083383498924));
#8999=CARTESIAN_POINT('',(-1.30286596814137E-10,-0.000192071514577353,0.0111500050165588));
#9000=CARTESIAN_POINT('',(0.00115470040809264,-0.000192071514577447,0.0110916716832252));
#9001=CARTESIAN_POINT('',(0.00173205067728218,-0.0011920715145775,0.0110333383498918));
#9002=CARTESIAN_POINT('',(0.00230940094647171,-0.00219207151457754,0.0109750050165584));
#9003=CARTESIAN_POINT('',(0.00173205067728199,-0.0031920715145775,0.0109166716832252));
#9004=CARTESIAN_POINT('',(0.00115470040809226,-0.00419207151457744,0.010858338349892));
#9005=CARTESIAN_POINT('',(-1.30287000516812E-10,-0.00419207151457736,0.0108000050165589));
#9006=CARTESIAN_POINT('',(-0.00115470066866626,-0.00419207151457726,0.0107416716832258));
#9007=CARTESIAN_POINT('',(-0.00173205093785581,-0.00319207151457721,0.0106833383498926));
#9008=CARTESIAN_POINT('',(-0.00230940120704537,-0.00219207151457717,0.0106250050165593));
#9009=CARTESIAN_POINT('',(-0.00173205093785568,-0.00119207151457722,0.0105666716832259));
#9010=CARTESIAN_POINT('',(-0.00162089696805264,-0.000999547191415421,0.0105554410977081));
#9011=CARTESIAN_POINT('',(-0.00147017879663284,-0.000836130996331359,0.0105430607890445));
#9012=CARTESIAN_POINT('',(0.000867504409724879,-0.00347093869889098,0.0188292823744259));
#9013=CARTESIAN_POINT('',(0.000474677564200856,-0.00373740817759042,0.0187935401157178));
#9014=CARTESIAN_POINT('',(-1.30285318604653E-10,-0.00373740817759038,0.0187625050165589));
#9015=CARTESIAN_POINT('',(-0.000892200668664578,-0.00373740817759031,0.0187041716832257));
#9016=CARTESIAN_POINT('',(-0.00133830093785415,-0.0029647398460837,0.0186458383498924));
#9017=CARTESIAN_POINT('',(-0.00178440120704372,-0.00219207151457708,0.0185875050165592));
#9018=CARTESIAN_POINT('',(-0.00133830093785404,-0.00141940318307053,0.0185291716832258));
#9019=CARTESIAN_POINT('',(-0.000892200668664372,-0.000646734851563982,0.0184708383498923));
#9020=CARTESIAN_POINT('',(-1.30285134796904E-10,-0.00064673485156406,0.0184125050165589));
#9021=CARTESIAN_POINT('',(0.000892200408094101,-0.000646734851564133,0.0183541716832253));
#9022=CARTESIAN_POINT('',(0.00133830067728365,-0.00141940318307076,0.0182958383498919));
#9023=CARTESIAN_POINT('',(0.00178440094647319,-0.00219207151457738,0.0182375050165585));
#9024=CARTESIAN_POINT('',(0.00133830067728349,-0.00296473984608393,0.0181791716832253));
#9025=CARTESIAN_POINT('',(0.000892200408093797,-0.00373740817759047,0.018120838349892));
#9026=CARTESIAN_POINT('',(-1.3028546315569E-10,-0.00373740817759039,0.0180625050165589));
#9027=CARTESIAN_POINT('',(-0.000892200668664723,-0.00373740817759033,0.0180041716832257));
#9028=CARTESIAN_POINT('',(-0.00133830093785429,-0.00296473984608371,0.0179458383498925));
#9029=CARTESIAN_POINT('',(-0.00178440120704386,-0.00219207151457709,0.0178875050165592));
#9030=CARTESIAN_POINT('',(-0.00133830093785419,-0.00141940318307054,0.0178291716832258));
#9031=CARTESIAN_POINT('',(-0.000892200668664516,-0.000646734851563995,0.0177708383498923));
#9032=CARTESIAN_POINT('',(-1.30285279347942E-10,-0.000646734851564072,0.0177125050165588));
#9033=CARTESIAN_POINT('',(0.000892200408093957,-0.000646734851564145,0.0176541716832253));
#9034=CARTESIAN_POINT('',(0.0013383006772835,-0.00141940318307077,0.0175958383498919));
#9035=CARTESIAN_POINT('',(0.00178440094647305,-0.00219207151457739,0.0175375050165585));
#9036=CARTESIAN_POINT('',(0.00133830067728335,-0.00296473984608394,0.0174791716832252));
#9037=CARTESIAN_POINT('',(0.000892200408093653,-0.00373740817759048,0.017420838349892));
#9038=CARTESIAN_POINT('',(-1.30285607706728E-10,-0.00373740817759041,0.0173625050165589));
#9039=CARTESIAN_POINT('',(-0.000892200668664868,-0.00373740817759034,0.0173041716832257));
#9040=CARTESIAN_POINT('',(-0.00133830093785444,-0.00296473984608372,0.0172458383498925));
#9041=CARTESIAN_POINT('',(-0.00178440120704401,-0.0021920715145771,0.0171875050165592));
#9042=CARTESIAN_POINT('',(-0.00133830093785433,-0.00141940318307056,0.0171291716832258));
#9043=CARTESIAN_POINT('',(-0.000892200668664661,-0.000646734851564007,0.0170708383498923));
#9044=CARTESIAN_POINT('',(-1.3028542389898E-10,-0.000646734851564084,0.0170125050165589));
#9045=CARTESIAN_POINT('',(0.000892200408093812,-0.000646734851564157,0.0169541716832253));
#9046=CARTESIAN_POINT('',(0.00133830067728336,-0.00141940318307078,0.0168958383498919));
#9047=CARTESIAN_POINT('',(0.0017844009464729,-0.0021920715145774,0.0168375050165585));
#9048=CARTESIAN_POINT('',(0.00133830067728321,-0.00296473984608395,0.0167791716832252));
#9049=CARTESIAN_POINT('',(0.000892200408093509,-0.00373740817759049,0.016720838349892));
#9050=CARTESIAN_POINT('',(-1.30285752257766E-10,-0.00373740817759042,0.0166625050165589));
#9051=CARTESIAN_POINT('',(-0.000892200668665013,-0.00373740817759035,0.0166041716832257));
#9052=CARTESIAN_POINT('',(-0.00133830093785458,-0.00296473984608373,0.0165458383498925));
#9053=CARTESIAN_POINT('',(-0.00178440120704415,-0.00219207151457711,0.0164875050165592));
#9054=CARTESIAN_POINT('',(-0.00133830093785448,-0.00141940318307057,0.0164291716832258));
#9055=CARTESIAN_POINT('',(-0.000892200668664806,-0.000646734851564018,0.0163708383498923));
#9056=CARTESIAN_POINT('',(-1.30285568450017E-10,-0.000646734851564095,0.0163125050165588));
#9057=CARTESIAN_POINT('',(0.000892200408093668,-0.000646734851564168,0.0162541716832253));
#9058=CARTESIAN_POINT('',(0.00133830067728321,-0.00141940318307079,0.0161958383498919));
#9059=CARTESIAN_POINT('',(0.00178440094647276,-0.00219207151457741,0.0161375050165585));
#9060=CARTESIAN_POINT('',(0.00133830067728306,-0.00296473984608396,0.0160791716832253));
#9061=CARTESIAN_POINT('',(0.000892200408093364,-0.0037374081775905,0.016020838349892));
#9062=CARTESIAN_POINT('',(-1.30285896808804E-10,-0.00373740817759043,0.0159625050165589));
#9063=CARTESIAN_POINT('',(-0.000892200668665157,-0.00373740817759036,0.0159041716832257));
#9064=CARTESIAN_POINT('',(-0.00133830093785473,-0.00296473984608374,0.0158458383498925));
#9065=CARTESIAN_POINT('',(-0.00178440120704429,-0.00219207151457712,0.0157875050165592));
#9066=CARTESIAN_POINT('',(-0.00133830093785462,-0.00141940318307058,0.0157291716832258));
#9067=CARTESIAN_POINT('',(-0.00089220066866495,-0.00064673485156403,0.0156708383498924));
#9068=CARTESIAN_POINT('',(-1.30285713001055E-10,-0.000646734851564107,0.0156125050165589));
#9069=CARTESIAN_POINT('',(0.000892200408093522,-0.00064673485156418,0.0155541716832253));
#9070=CARTESIAN_POINT('',(0.00133830067728307,-0.00141940318307081,0.0154958383498919));
#9071=CARTESIAN_POINT('',(0.00178440094647261,-0.00219207151457742,0.0154375050165585));
#9072=CARTESIAN_POINT('',(0.00133830067728292,-0.00296473984608397,0.0153791716832252));
#9073=CARTESIAN_POINT('',(0.00089220040809322,-0.00373740817759052,0.015320838349892));
#9074=CARTESIAN_POINT('',(-1.30286041359842E-10,-0.00373740817759045,0.0152625050165589));
#9075=CARTESIAN_POINT('',(-0.000892200668665301,-0.00373740817759037,0.0152041716832257));
#9076=CARTESIAN_POINT('',(-0.00133830093785487,-0.00296473984608376,0.0151458383498925));
#9077=CARTESIAN_POINT('',(-0.00178440120704444,-0.00219207151457714,0.0150875050165592));
#9078=CARTESIAN_POINT('',(-0.00133830093785477,-0.00141940318307059,0.0150291716832258));
#9079=CARTESIAN_POINT('',(-0.000892200668665095,-0.000646734851564054,0.0149708383498923));
#9080=CARTESIAN_POINT('',(-1.30285857552093E-10,-0.000646734851564119,0.0149125050165588));
#9081=CARTESIAN_POINT('',(0.000892200408093378,-0.000646734851564191,0.0148541716832253));
#9082=CARTESIAN_POINT('',(0.00133830067728292,-0.00141940318307082,0.0147958383498919));
#9083=CARTESIAN_POINT('',(0.00178440094647247,-0.00219207151457744,0.0147375050165585));
#9084=CARTESIAN_POINT('',(0.00133830067728277,-0.00296473984608399,0.0146791716832253));
#9085=CARTESIAN_POINT('',(0.000892200408093076,-0.00373740817759053,0.014620838349892));
#9086=CARTESIAN_POINT('',(-1.30286185910879E-10,-0.00373740817759046,0.0145625050165589));
#9087=CARTESIAN_POINT('',(-0.000892200668665446,-0.00373740817759038,0.0145041716832257));
#9088=CARTESIAN_POINT('',(-0.00133830093785502,-0.00296473984608377,0.0144458383498925));
#9089=CARTESIAN_POINT('',(-0.00178440120704458,-0.00219207151457715,0.0143875050165592));
#9090=CARTESIAN_POINT('',(-0.00133830093785491,-0.0014194031830706,0.0143291716832258));
#9091=CARTESIAN_POINT('',(-0.000892200668665239,-0.000646734851564066,0.0142708383498923));
#9092=CARTESIAN_POINT('',(-1.30286002103131E-10,-0.000646734851564131,0.0142125050165588));
#9093=CARTESIAN_POINT('',(0.000892200408093234,-0.000646734851564216,0.0141541716832253));
#9094=CARTESIAN_POINT('',(0.00133830067728278,-0.00141940318307083,0.0140958383498919));
#9095=CARTESIAN_POINT('',(0.00178440094647232,-0.00219207151457745,0.0140375050165585));
#9096=CARTESIAN_POINT('',(0.00133830067728263,-0.002964739846084,0.0139791716832253));
#9097=CARTESIAN_POINT('',(0.00089220040809293,-0.00373740817759054,0.013920838349892));
#9098=CARTESIAN_POINT('',(-1.30286330461917E-10,-0.00373740817759047,0.0138625050165589));
#9099=CARTESIAN_POINT('',(-0.000892200668665591,-0.00373740817759039,0.0138041716832257));
#9100=CARTESIAN_POINT('',(-0.00133830093785516,-0.00296473984608378,0.0137458383498925));
#9101=CARTESIAN_POINT('',(-0.00178440120704473,-0.00219207151457716,0.0136875050165592));
#9102=CARTESIAN_POINT('',(-0.00133830093785506,-0.00141940318307062,0.0136291716832258));
#9103=CARTESIAN_POINT('',(-0.000892200668665383,-0.000646734851564077,0.0135708383498923));
#9104=CARTESIAN_POINT('',(-1.30286146654169E-10,-0.000646734851564143,0.0135125050165588));
#9105=CARTESIAN_POINT('',(0.000892200408093089,-0.000646734851564227,0.0134541716832253));
#9106=CARTESIAN_POINT('',(0.00133830067728263,-0.00141940318307084,0.0133958383498919));
#9107=CARTESIAN_POINT('',(0.00178440094647218,-0.00219207151457746,0.0133375050165585));
#9108=CARTESIAN_POINT('',(0.00133830067728248,-0.00296473984608401,0.0132791716832253));
#9109=CARTESIAN_POINT('',(0.000892200408092786,-0.00373740817759056,0.013220838349892));
#9110=CARTESIAN_POINT('',(-1.30286475012955E-10,-0.00373740817759048,0.0131625050165589));
#9111=CARTESIAN_POINT('',(-0.000892200668665736,-0.00373740817759041,0.0131041716832257));
#9112=CARTESIAN_POINT('',(-0.0013383009378553,-0.00296473984608379,0.0130458383498925));
#9113=CARTESIAN_POINT('',(-0.00178440120704488,-0.00219207151457717,0.0129875050165592));
#9114=CARTESIAN_POINT('',(-0.0013383009378552,-0.00141940318307063,0.0129291716832258));
#9115=CARTESIAN_POINT('',(-0.000892200668665528,-0.000646734851564089,0.0128708383498923));
#9116=CARTESIAN_POINT('',(-1.30286291205206E-10,-0.000646734851564155,0.0128125050165588));
#9117=CARTESIAN_POINT('',(0.000892200408092945,-0.000646734851564239,0.0127541716832253));
#9118=CARTESIAN_POINT('',(0.00133830067728249,-0.00141940318307085,0.0126958383498919));
#9119=CARTESIAN_POINT('',(0.00178440094647204,-0.00219207151457748,0.0126375050165585));
#9120=CARTESIAN_POINT('',(0.00133830067728234,-0.00296473984608402,0.0125791716832253));
#9121=CARTESIAN_POINT('',(0.000892200408092641,-0.00373740817759057,0.012520838349892));
#9122=CARTESIAN_POINT('',(-1.30286619563993E-10,-0.00373740817759049,0.0124625050165589));
#9123=CARTESIAN_POINT('',(-0.00089220066866588,-0.00373740817759042,0.0124041716832257));
#9124=CARTESIAN_POINT('',(-0.00133830093785545,-0.00296473984608381,0.0123458383498925));
#9125=CARTESIAN_POINT('',(-0.00178440120704502,-0.00219207151457719,0.0122875050165592));
#9126=CARTESIAN_POINT('',(-0.00133830093785535,-0.00141940318307064,0.0122291716832258));
#9127=CARTESIAN_POINT('',(-0.000892200668665673,-0.0006467348515641,0.0121708383498923));
#9128=CARTESIAN_POINT('',(-1.30286435756244E-10,-0.000646734851564166,0.0121125050165588));
#9129=CARTESIAN_POINT('',(0.000892200408092801,-0.00064673485156425,0.0120541716832253));
#9130=CARTESIAN_POINT('',(0.00133830067728235,-0.00141940318307087,0.0119958383498919));
#9131=CARTESIAN_POINT('',(0.00178440094647189,-0.00219207151457749,0.0119375050165585));
#9132=CARTESIAN_POINT('',(0.00133830067728219,-0.00296473984608404,0.0118791716832253));
#9133=CARTESIAN_POINT('',(0.000892200408092497,-0.00373740817759058,0.011820838349892));
#9134=CARTESIAN_POINT('',(-1.30286764115031E-10,-0.00373740817759051,0.0117625050165589));
#9135=CARTESIAN_POINT('',(-0.000892200668666024,-0.00373740817759043,0.0117041716832257));
#9136=CARTESIAN_POINT('',(-0.00133830093785559,-0.00296473984608382,0.0116458383498925));
#9137=CARTESIAN_POINT('',(-0.00178440120704517,-0.0021920715145772,0.0115875050165592));
#9138=CARTESIAN_POINT('',(-0.00133830093785549,-0.00141940318307065,0.0115291716832258));
#9139=CARTESIAN_POINT('',(-0.000892200668665817,-0.000646734851564113,0.0114708383498923));
#9140=CARTESIAN_POINT('',(-1.30286580307282E-10,-0.000646734851564178,0.0114125050165588));
#9141=CARTESIAN_POINT('',(0.000892200408092655,-0.000646734851564263,0.0113541716832253));
#9142=CARTESIAN_POINT('',(0.0013383006772822,-0.00141940318307088,0.0112958383498919));
#9143=CARTESIAN_POINT('',(0.00178440094647175,-0.0021920715145775,0.0112375050165585));
#9144=CARTESIAN_POINT('',(0.00133830067728205,-0.00296473984608405,0.0111791716832253));
#9145=CARTESIAN_POINT('',(0.000892200408092353,-0.00373740817759059,0.011120838349892));
#9146=CARTESIAN_POINT('',(-1.30286908666068E-10,-0.00373740817759051,0.0110625050165589));
#9147=CARTESIAN_POINT('',(-0.000892200668666168,-0.00373740817759044,0.0110041716832257));
#9148=CARTESIAN_POINT('',(-0.00133830093785574,-0.00296473984608383,0.0109458383498925));
#9149=CARTESIAN_POINT('',(-0.00178440120704531,-0.00219207151457721,0.0108875050165592));
#9150=CARTESIAN_POINT('',(-0.00133830093785563,-0.00141940318307066,0.0108291716832258));
#9151=CARTESIAN_POINT('',(-0.00125241578546759,-0.0012706457355188,0.010817941097708));
#9152=CARTESIAN_POINT('',(-0.00113596062742893,-0.00114437921672205,0.0108055607890444));
#9153=CARTESIAN_POINT('',(0.000873727672298716,-0.0039911267463557,0.0108500050165587));
#9154=CARTESIAN_POINT('',(0.000543079368586359,-0.00411244902099873,0.0108500050165588));
#9155=CARTESIAN_POINT('',(-0.000173682300681423,-0.00418359962234958,0.0108500050165586));
#9156=CARTESIAN_POINT('',(-0.00114970453523805,-0.00369344611827511,0.0108500050165592));
#9157=CARTESIAN_POINT('',(-0.00170198153555431,-0.0027433644258719,0.0108500050165592));
#9158=CARTESIAN_POINT('',(-0.00161721914277302,-0.00201357438413976,0.0108500050165592));
#9159=CARTESIAN_POINT('',(-0.00146333169121128,-0.00169535615860872,0.0108500050165591));
#9160=CARTESIAN_POINT('',(-1.30286455244563E-10,-0.00219207151457733,0.0126386413801952));
#9161=CARTESIAN_POINT('',(-1.30287278903886E-10,-0.00219207151457739,0.00865000501655885));
#9162=CARTESIAN_POINT('',(-0.00200000013028728,-0.00219207151457723,0.00865000501655926));
#9163=CARTESIAN_POINT('',(-1.3028693817644E-10,-0.00219207151457736,0.0103000050165588));
#9164=CARTESIAN_POINT('',(-0.00380000013028694,-0.00219207151457705,0.0103000050165596));
#9165=CARTESIAN_POINT('',(-1.30287458705854E-10,-0.00419207151457739,0.00865000501655888));
#9166=CARTESIAN_POINT('',(-1.30287278903886E-10,-0.00219207151457739,0.00865000501655885));
#9167=CARTESIAN_POINT('',(0.00124999986971278,-0.00147038367809047,0.00865000501655858));
#9168=CARTESIAN_POINT('',(0.00124999986971266,-0.00291375935106453,0.0086500050165586));
#9169=CARTESIAN_POINT('',(-1.30287278903886E-10,-0.00219207151457739,0.00865000501655885));
#9170=CARTESIAN_POINT('',(-1.30287158246249E-10,-0.000748695841603335,0.00865000501655883));
#9171=CARTESIAN_POINT('',(-1.30287278903886E-10,-0.00219207151457739,0.00865000501655885));
#9172=CARTESIAN_POINT('',(-0.00125000013028722,-0.00147038367809026,0.0086500050165591));
#9173=CARTESIAN_POINT('',(-1.30287278903886E-10,-0.00219207151457739,0.00865000501655885));
#9174=CARTESIAN_POINT('',(-0.00125000013028734,-0.00291375935106432,0.00865000501655912));
#9175=CARTESIAN_POINT('',(-1.30287278903886E-10,-0.00219207151457739,0.00865000501655885));
#9176=CARTESIAN_POINT('',(-1.3028739815206E-10,-0.00363544718755146,0.00865000501655888));
#9177=CARTESIAN_POINT('',(-1.30287278903886E-10,-0.00219207151457739,0.00865000501655885));
#9178=CARTESIAN_POINT('',(-1.30287166224363E-10,-0.00599207151457736,0.0108500050165589));
#9179=CARTESIAN_POINT('',(-1.30286824600624E-10,-0.00219207151457736,0.0108500050165588));
#9180=CARTESIAN_POINT('',(-0.00380000013028682,-0.00219207151457704,0.0108500050165596));
#9181=CARTESIAN_POINT('',(-1.30287278903886E-10,-0.00219207151457739,0.00865000501655885));
#9182=CARTESIAN_POINT('',(-1.30287278903886E-10,-0.00219207151457739,0.00865000501655885));
#9183=CARTESIAN_POINT('',(-0.00125000013028734,-0.00291375935106432,0.00865000501655912));
#9184=CARTESIAN_POINT('',(-0.0012500001302873,-0.00269012633032325,0.00876182152692965));
#9185=CARTESIAN_POINT('',(-0.00125000013028722,-0.00219208038834594,0.00892502296847754));
#9186=CARTESIAN_POINT('',(-0.00125000013028721,-0.00169368421365601,0.00876165528434197));
#9187=CARTESIAN_POINT('',(-0.00125000013028722,-0.00147038367809026,0.00865000501655909));
#9188=CARTESIAN_POINT('',(-1.30287278903886E-10,-0.00219207151457739,0.00865000501655885));
#9189=CARTESIAN_POINT('',(-0.00125000013028722,-0.00147038367809026,0.00865000501655909));
#9190=CARTESIAN_POINT('',(-0.00105467174325716,-0.00135761078125811,0.00876277791339121));
#9191=CARTESIAN_POINT('',(-0.000629029366571964,-0.00111186604050047,0.00892364512017509));
#9192=CARTESIAN_POINT('',(-0.000196480987234534,-0.000862134117252496,0.00876344329220876));
#9193=CARTESIAN_POINT('',(-1.30286963172776E-10,-0.000748695841603218,0.0086500050165594));
#9194=CARTESIAN_POINT('',(-1.30287278903886E-10,-0.00219207151457739,0.00865000501655885));
#9195=CARTESIAN_POINT('',(-1.30287157499185E-10,-0.000748695841603336,0.00865000501655883));
#9196=CARTESIAN_POINT('',(0.00019532825674288,-0.000861468738435509,0.00876277791339095));
#9197=CARTESIAN_POINT('',(0.000620970633428037,-0.00110721347919322,0.00892364512017484));
#9198=CARTESIAN_POINT('',(0.00105351901276542,-0.00135694540244127,0.00876344329220852));
#9199=CARTESIAN_POINT('',(0.00124999986971298,-0.00147038367809059,0.00865000501655916));
#9200=CARTESIAN_POINT('',(-1.30287278903886E-10,-0.00219207151457739,0.00865000501655885));
#9201=CARTESIAN_POINT('',(0.00124999986971266,-0.00291375935106453,0.0086500050165586));
#9202=CARTESIAN_POINT('',(0.0012499998697127,-0.00269012633032346,0.00876182152692913));
#9203=CARTESIAN_POINT('',(0.00124999986971278,-0.00219208038834615,0.00892502296847702));
#9204=CARTESIAN_POINT('',(0.00124999986971279,-0.00169368421365622,0.00876165528434146));
#9205=CARTESIAN_POINT('',(0.00124999986971278,-0.00147038367809047,0.00865000501655858));
#9206=CARTESIAN_POINT('',(-1.30287278903886E-10,-0.00219207151457739,0.00865000501655885));
#9207=CARTESIAN_POINT('',(0.00124999986971266,-0.00291375935106453,0.0086500050165586));
#9208=CARTESIAN_POINT('',(0.00105467148268265,-0.00302653224789667,0.0087627779133908));
#9209=CARTESIAN_POINT('',(0.00062902910599752,-0.00327227698865431,0.00892364512017486));
#9210=CARTESIAN_POINT('',(0.000196480726660024,-0.00352200891190229,0.00876344329220873));
#9211=CARTESIAN_POINT('',(-1.30287593160774E-10,-0.00363544718755157,0.00865000501655945));
#9212=CARTESIAN_POINT('',(-1.30287278903886E-10,-0.00219207151457739,0.00865000501655885));
#9213=CARTESIAN_POINT('',(-1.30287400369775E-10,-0.00363544718755146,0.00865000501655887));
#9214=CARTESIAN_POINT('',(-0.000195328517317391,-0.00352267429071928,0.00876277791339107));
#9215=CARTESIAN_POINT('',(-0.000620970894002484,-0.00327692954996156,0.00892364512017513));
#9216=CARTESIAN_POINT('',(-0.00105351927333994,-0.00302719762671352,0.00876344329220898));
#9217=CARTESIAN_POINT('',(-0.00125000013028754,-0.00291375935106421,0.0086500050165597));
#9218=CARTESIAN_POINT('',(-0.00125000013028702,-0.00291375935106429,0.0101900050165591));
#9219=CARTESIAN_POINT('',(-1.30286960891603E-10,-0.00219207151457737,0.0101900050165588));
#9220=CARTESIAN_POINT('',(-0.000584200130286961,-0.00219207151457732,0.010190005016559));
#9221=CARTESIAN_POINT('',(-1.30287080628453E-10,-0.00363544718755143,0.0101900050165589));
#9222=CARTESIAN_POINT('',(-1.30287080628453E-10,-0.00363544718755143,0.0101900050165589));
#9223=CARTESIAN_POINT('',(-0.00125000013028702,-0.00291375935106429,0.0101900050165591));
#9224=CARTESIAN_POINT('',(-0.00125000013028702,-0.00291375935106429,0.0101900050165591));
#9225=CARTESIAN_POINT('',(-0.0012500001302869,-0.00147038367809023,0.0101900050165591));
#9226=CARTESIAN_POINT('',(-0.0012500001302869,-0.00147038367809023,0.0101900050165591));
#9227=CARTESIAN_POINT('',(-1.30286840666884E-10,-0.000748695841603309,0.0101900050165588));
#9228=CARTESIAN_POINT('',(-1.30286840666884E-10,-0.000748695841603309,0.0101900050165588));
#9229=CARTESIAN_POINT('',(0.0012499998697131,-0.00147038367809044,0.0101900050165586));
#9230=CARTESIAN_POINT('',(0.0012499998697131,-0.00147038367809044,0.0101900050165586));
#9231=CARTESIAN_POINT('',(0.00124999986971298,-0.0029137593510645,0.0101900050165586));
#9232=CARTESIAN_POINT('',(0.00124999986971298,-0.0029137593510645,0.0101900050165586));
#9233=CARTESIAN_POINT('',(-0.00125000013028702,-0.00291375935106429,0.0101900050165591));
#9234=CARTESIAN_POINT('',(-0.00125000013028702,-0.00291375935106429,0.0101900050165591));
#9235=CARTESIAN_POINT('',(-0.0012500001302869,-0.00147038367809023,0.0101900050165591));
#9236=CARTESIAN_POINT('',(-0.0012500001302869,-0.00147038367809023,0.0101900050165591));
#9237=CARTESIAN_POINT('',(-1.30286840666884E-10,-0.000748695841603309,0.0101900050165588));
#9238=CARTESIAN_POINT('',(-1.30286840666884E-10,-0.000748695841603309,0.0101900050165588));
#9239=CARTESIAN_POINT('',(0.0012499998697131,-0.00147038367809044,0.0101900050165586));
#9240=CARTESIAN_POINT('',(0.0012499998697131,-0.00147038367809044,0.0101900050165586));
#9241=CARTESIAN_POINT('',(0.00124999986971298,-0.0029137593510645,0.0101900050165586));
#9242=CARTESIAN_POINT('',(0.00124999986971298,-0.0029137593510645,0.0101900050165586));
#9243=CARTESIAN_POINT('',(-1.30287080628453E-10,-0.00363544718755143,0.0101900050165589));
#9244=CARTESIAN_POINT('',(-1.30287080628453E-10,-0.00363544718755143,0.0101900050165589));
#9245=CARTESIAN_POINT('',(-1.30287278903886E-10,-0.00219207151457739,0.00865000501655885));
#9246=CARTESIAN_POINT('',(0.,0.,0.));
#9247=CARTESIAN_POINT('',(0.00196048920317683,-0.00374335536139272,0.0371643121931898));
#9248=CARTESIAN_POINT('',(0.00187041311401352,-0.00385719217621347,0.0371570141437617));
#9249=CARTESIAN_POINT('',(0.0017677668226838,-0.00395983846754318,0.0371500050165621));
#9250=CARTESIAN_POINT('',(0.00103553377565014,-0.00469207151457678,0.0371000050165622));
#9251=CARTESIAN_POINT('',(-1.3028260622014E-10,-0.00469207151457675,0.0370500050165623));
#9252=CARTESIAN_POINT('',(-0.00103553403621535,-0.00469207151457672,0.0370000050165625));
#9253=CARTESIAN_POINT('',(-0.00176776708324897,-0.00395983846754306,0.0369500050165626));
#9254=CARTESIAN_POINT('',(-0.00250000013028258,-0.0032276054205094,0.0369000050165627));
#9255=CARTESIAN_POINT('',(-0.00250000013028255,-0.00219207151457667,0.0368500050165626));
#9256=CARTESIAN_POINT('',(-0.00250000013028253,-0.00115653760864393,0.0368000050165627));
#9257=CARTESIAN_POINT('',(-0.00176776708324888,-0.000424304561610322,0.0367500050165626));
#9258=CARTESIAN_POINT('',(-0.00103553403621523,0.000307928485423288,0.0367000050165624));
#9259=CARTESIAN_POINT('',(-1.30282505574199E-10,0.000307928485423252,0.0366500050165623));
#9260=CARTESIAN_POINT('',(0.00103553377565022,0.000307928485423221,0.0366000050165622));
#9261=CARTESIAN_POINT('',(0.00176776682268382,-0.000424304561610435,0.0365500050165621));
#9262=CARTESIAN_POINT('',(0.00249999986971743,-0.00115653760864409,0.0365000050165619));
#9263=CARTESIAN_POINT('',(0.00249999986971739,-0.00219207151457683,0.036450005016562));
#9264=CARTESIAN_POINT('',(0.00249999986971735,-0.00322760542050957,0.0364000050165619));
#9265=CARTESIAN_POINT('',(0.00176776682268369,-0.00395983846754318,0.036350005016562));
#9266=CARTESIAN_POINT('',(0.00103553377565002,-0.00469207151457678,0.0363000050165621));
#9267=CARTESIAN_POINT('',(-1.3028272390378E-10,-0.00469207151457675,0.0362500050165623));
#9268=CARTESIAN_POINT('',(-0.00103553403621547,-0.00469207151457672,0.0362000050165624));
#9269=CARTESIAN_POINT('',(-0.00176776708324909,-0.00395983846754307,0.0361500050165625));
#9270=CARTESIAN_POINT('',(-0.0025000001302827,-0.0032276054205094,0.0361000050165627));
#9271=CARTESIAN_POINT('',(-0.00250000013028267,-0.00219207151457667,0.0360500050165627));
#9272=CARTESIAN_POINT('',(-0.00250000013028265,-0.00115653760864393,0.0360000050165627));
#9273=CARTESIAN_POINT('',(-0.001767767083249,-0.000424304561610323,0.0359500050165626));
#9274=CARTESIAN_POINT('',(-0.00103553403621535,0.000307928485423286,0.0359000050165625));
#9275=CARTESIAN_POINT('',(-1.3028262325784E-10,0.00030792848542325,0.0358500050165623));
#9276=CARTESIAN_POINT('',(0.00103553377565011,0.000307928485423219,0.0358000050165621));
#9277=CARTESIAN_POINT('',(0.00176776682268371,-0.000424304561610437,0.0357500050165621));
#9278=CARTESIAN_POINT('',(0.00249999986971731,-0.00115653760864409,0.0357000050165619));
#9279=CARTESIAN_POINT('',(0.00249999986971727,-0.00219207151457683,0.035650005016562));
#9280=CARTESIAN_POINT('',(0.00249999986971723,-0.00322760542050957,0.0356000050165619));
#9281=CARTESIAN_POINT('',(0.00176776682268356,-0.00395983846754318,0.0355500050165621));
#9282=CARTESIAN_POINT('',(0.0010355337756499,-0.00469207151457679,0.0355000050165622));
#9283=CARTESIAN_POINT('',(-1.30282841587421E-10,-0.00469207151457675,0.0354500050165623));
#9284=CARTESIAN_POINT('',(-0.00103553403621559,-0.00469207151457672,0.0354000050165625));
#9285=CARTESIAN_POINT('',(-0.00176776708324921,-0.00395983846754307,0.0353500050165625));
#9286=CARTESIAN_POINT('',(-0.00250000013028282,-0.00322760542050941,0.0353000050165627));
#9287=CARTESIAN_POINT('',(-0.00250000013028279,-0.00219207151457667,0.0352500050165626));
#9288=CARTESIAN_POINT('',(-0.00250000013028277,-0.00115653760864393,0.0352000050165627));
#9289=CARTESIAN_POINT('',(-0.00176776708324912,-0.000424304561610325,0.0351500050165625));
#9290=CARTESIAN_POINT('',(-0.00103553403621547,0.000307928485423284,0.0351000050165625));
#9291=CARTESIAN_POINT('',(-1.3028274094148E-10,0.000307928485423249,0.0350500050165623));
#9292=CARTESIAN_POINT('',(0.00103553377564999,0.000307928485423218,0.0350000050165622));
#9293=CARTESIAN_POINT('',(0.00176776682268359,-0.000424304561610439,0.034950005016562));
#9294=CARTESIAN_POINT('',(0.00249999986971719,-0.00115653760864409,0.0349000050165619));
#9295=CARTESIAN_POINT('',(0.00249999986971715,-0.00219207151457683,0.034850005016562));
#9296=CARTESIAN_POINT('',(0.00249999986971711,-0.00322760542050957,0.034800005016562));
#9297=CARTESIAN_POINT('',(0.00176776682268345,-0.00395983846754318,0.0347500050165621));
#9298=CARTESIAN_POINT('',(0.00103553377564979,-0.00469207151457679,0.0347000050165621));
#9299=CARTESIAN_POINT('',(-1.30282959271061E-10,-0.00469207151457675,0.0346500050165623));
#9300=CARTESIAN_POINT('',(-0.00014516390760874,-0.00469207151457675,0.0346429958893626));
#9301=CARTESIAN_POINT('',(-0.000289352104787306,-0.00467527014433845,0.0346356978399346));
#9302=CARTESIAN_POINT('',(0.00155300914718697,-0.00342092706863518,0.0368643121931898));
#9303=CARTESIAN_POINT('',(0.00148165502158102,-0.00351110334581097,0.0368570141437618));
#9304=CARTESIAN_POINT('',(0.00140034336126629,-0.00359241500612568,0.0368500050165621));
#9305=CARTESIAN_POINT('',(0.00082030209508582,-0.0041724562723061,0.0368000050165622));
#9306=CARTESIAN_POINT('',(-1.30282633745233E-10,-0.00417245627230608,0.0367500050165623));
#9307=CARTESIAN_POINT('',(-0.000820302355651087,-0.00417245627230605,0.0367000050165624));
#9308=CARTESIAN_POINT('',(-0.00140034362183152,-0.00359241500612559,0.0366500050165625));
#9309=CARTESIAN_POINT('',(-0.00198038488801195,-0.00301237373994513,0.0366000050165626));
#9310=CARTESIAN_POINT('',(-0.00198038488801193,-0.00219207151457668,0.0365500050165626));
#9311=CARTESIAN_POINT('',(-0.00198038488801191,-0.00137176928920824,0.0365000050165626));
#9312=CARTESIAN_POINT('',(-0.00140034362183146,-0.000791728023027814,0.0364500050165625));
#9313=CARTESIAN_POINT('',(-0.000820302355651004,-0.000211686756847395,0.0364000050165624));
#9314=CARTESIAN_POINT('',(-1.30282566248201E-10,-0.000211686756847419,0.0363500050165623));
#9315=CARTESIAN_POINT('',(0.000820302095085872,-0.000211686756847448,0.0363000050165622));
#9316=CARTESIAN_POINT('',(0.00140034336126629,-0.000791728023027904,0.0362500050165621));
#9317=CARTESIAN_POINT('',(0.0019803846274467,-0.00137176928920837,0.036200005016562));
#9318=CARTESIAN_POINT('',(0.00198038462744667,-0.00219207151457682,0.036150005016562));
#9319=CARTESIAN_POINT('',(0.00198038462744663,-0.00301237373994526,0.036100005016562));
#9320=CARTESIAN_POINT('',(0.00140034336126617,-0.00359241500612568,0.0360500050165621));
#9321=CARTESIAN_POINT('',(0.000820302095085702,-0.0041724562723061,0.0360000050165622));
#9322=CARTESIAN_POINT('',(-1.30282751428874E-10,-0.00417245627230608,0.0359500050165623));
#9323=CARTESIAN_POINT('',(-0.000820302355651204,-0.00417245627230606,0.0359000050165624));
#9324=CARTESIAN_POINT('',(-0.00140034362183164,-0.00359241500612559,0.0358500050165625));
#9325=CARTESIAN_POINT('',(-0.00198038488801207,-0.00301237373994513,0.0358000050165626));
#9326=CARTESIAN_POINT('',(-0.00198038488801205,-0.00219207151457668,0.0357500050165626));
#9327=CARTESIAN_POINT('',(-0.00198038488801203,-0.00137176928920824,0.0357000050165626));
#9328=CARTESIAN_POINT('',(-0.00140034362183158,-0.000791728023027816,0.0356500050165625));
#9329=CARTESIAN_POINT('',(-0.000820302355651122,-0.000211686756847396,0.0356000050165624));
#9330=CARTESIAN_POINT('',(-1.30282683931842E-10,-0.000211686756847421,0.0355500050165623));
#9331=CARTESIAN_POINT('',(0.000820302095085754,-0.000211686756847449,0.0355000050165622));
#9332=CARTESIAN_POINT('',(0.00140034336126617,-0.000791728023027906,0.0354500050165621));
#9333=CARTESIAN_POINT('',(0.00198038462744658,-0.00137176928920837,0.035400005016562));
#9334=CARTESIAN_POINT('',(0.00198038462744656,-0.00219207151457682,0.035350005016562));
#9335=CARTESIAN_POINT('',(0.00198038462744652,-0.00301237373994526,0.035300005016562));
#9336=CARTESIAN_POINT('',(0.00140034336126605,-0.00359241500612568,0.0352500050165621));
#9337=CARTESIAN_POINT('',(0.000820302095085586,-0.00417245627230611,0.0352000050165622));
#9338=CARTESIAN_POINT('',(-1.30282869112514E-10,-0.00417245627230608,0.0351500050165623));
#9339=CARTESIAN_POINT('',(-0.000820302355651322,-0.00417245627230606,0.0351000050165625));
#9340=CARTESIAN_POINT('',(-0.00140034362183175,-0.00359241500612559,0.0350500050165625));
#9341=CARTESIAN_POINT('',(-0.00198038488801218,-0.00301237373994514,0.0350000050165626));
#9342=CARTESIAN_POINT('',(-0.00198038488801217,-0.00219207151457669,0.0349500050165626));
#9343=CARTESIAN_POINT('',(-0.00198038488801215,-0.00137176928920824,0.0349000050165626));
#9344=CARTESIAN_POINT('',(-0.00140034362183169,-0.000791728023027817,0.0348500050165625));
#9345=CARTESIAN_POINT('',(-0.00082030235565124,-0.000211686756847398,0.0348000050165624));
#9346=CARTESIAN_POINT('',(-1.30282801615483E-10,-0.000211686756847422,0.0347500050165623));
#9347=CARTESIAN_POINT('',(0.000820302095085637,-0.000211686756847451,0.0347000050165622));
#9348=CARTESIAN_POINT('',(0.00140034336126605,-0.000791728023027908,0.0346500050165621));
#9349=CARTESIAN_POINT('',(0.00198038462744647,-0.00137176928920837,0.034600005016562));
#9350=CARTESIAN_POINT('',(0.00198038462744644,-0.00219207151457682,0.034550005016562));
#9351=CARTESIAN_POINT('',(0.0019803846274464,-0.00301237373994527,0.034500005016562));
#9352=CARTESIAN_POINT('',(0.00140034336126594,-0.00359241500612569,0.0344500050165621));
#9353=CARTESIAN_POINT('',(0.000820302095085468,-0.00417245627230611,0.0344000050165622));
#9354=CARTESIAN_POINT('',(-1.30282986796155E-10,-0.00417245627230609,0.0343500050165623));
#9355=CARTESIAN_POINT('',(-0.000114992183079144,-0.00417245627230608,0.0343429958893626));
#9356=CARTESIAN_POINT('',(-0.000229211426253905,-0.00415914700129453,0.0343356978399346));
#9357=CARTESIAN_POINT('',(-1.30282516061593E-10,-0.00417245627230607,0.0375500050165623));
#9358=CARTESIAN_POINT('',(-0.000820302355650969,-0.00417245627230605,0.0375000050165624));
#9359=CARTESIAN_POINT('',(-0.0014003436218314,-0.00359241500612559,0.0374500050165625));
#9360=CARTESIAN_POINT('',(-0.00198038488801183,-0.00301237373994513,0.0374000050165626));
#9361=CARTESIAN_POINT('',(-0.00198038488801181,-0.00219207151457668,0.0373500050165626));
#9362=CARTESIAN_POINT('',(-0.00198038488801179,-0.00137176928920824,0.0373000050165626));
#9363=CARTESIAN_POINT('',(-0.00140034362183134,-0.000791728023027812,0.0372500050165625));
#9364=CARTESIAN_POINT('',(-0.000820302355650887,-0.000211686756847393,0.0372000050165625));
#9365=CARTESIAN_POINT('',(-1.30282448564561E-10,-0.000211686756847417,0.0371500050165623));
#9366=CARTESIAN_POINT('',(0.00082030209508599,-0.000211686756847446,0.0371000050165622));
#9367=CARTESIAN_POINT('',(0.00140034336126641,-0.000791728023027903,0.0370500050165621));
#9368=CARTESIAN_POINT('',(0.00198038462744682,-0.00137176928920836,0.037000005016562));
#9369=CARTESIAN_POINT('',(0.00198038462744679,-0.00219207151457681,0.036950005016562));
#9370=CARTESIAN_POINT('',(0.00198038462744675,-0.00301237373994526,0.036900005016562));
#9371=CARTESIAN_POINT('',(0.00140034336126629,-0.00359241500612568,0.0368500050165621));
#9372=CARTESIAN_POINT('',(0.00082030209508582,-0.0041724562723061,0.0368000050165622));
#9373=CARTESIAN_POINT('',(-1.30282633745233E-10,-0.00417245627230608,0.0367500050165623));
#9374=CARTESIAN_POINT('',(-0.000820302355651087,-0.00417245627230605,0.0367000050165624));
#9375=CARTESIAN_POINT('',(-0.00140034362183152,-0.00359241500612559,0.0366500050165625));
#9376=CARTESIAN_POINT('',(-0.00198038488801195,-0.00301237373994513,0.0366000050165626));
#9377=CARTESIAN_POINT('',(-0.00198038488801193,-0.00219207151457668,0.0365500050165626));
#9378=CARTESIAN_POINT('',(-0.00198038488801191,-0.00137176928920824,0.0365000050165626));
#9379=CARTESIAN_POINT('',(-0.00140034362183146,-0.000791728023027814,0.0364500050165625));
#9380=CARTESIAN_POINT('',(-0.000820302355651004,-0.000211686756847395,0.0364000050165624));
#9381=CARTESIAN_POINT('',(-1.30282566248201E-10,-0.000211686756847419,0.0363500050165623));
#9382=CARTESIAN_POINT('',(0.000820302095085872,-0.000211686756847448,0.0363000050165622));
#9383=CARTESIAN_POINT('',(0.00140034336126629,-0.000791728023027904,0.0362500050165621));
#9384=CARTESIAN_POINT('',(0.0019803846274467,-0.00137176928920837,0.036200005016562));
#9385=CARTESIAN_POINT('',(0.00198038462744667,-0.00219207151457682,0.036150005016562));
#9386=CARTESIAN_POINT('',(0.00198038462744663,-0.00301237373994526,0.036100005016562));
#9387=CARTESIAN_POINT('',(0.00140034336126617,-0.00359241500612568,0.0360500050165621));
#9388=CARTESIAN_POINT('',(0.000820302095085702,-0.0041724562723061,0.0360000050165622));
#9389=CARTESIAN_POINT('',(-1.30282751428874E-10,-0.00417245627230608,0.0359500050165623));
#9390=CARTESIAN_POINT('',(-0.000820302355651204,-0.00417245627230606,0.0359000050165624));
#9391=CARTESIAN_POINT('',(-0.00140034362183164,-0.00359241500612559,0.0358500050165625));
#9392=CARTESIAN_POINT('',(-0.00198038488801207,-0.00301237373994513,0.0358000050165626));
#9393=CARTESIAN_POINT('',(-0.00198038488801205,-0.00219207151457668,0.0357500050165626));
#9394=CARTESIAN_POINT('',(-0.00198038488801203,-0.00137176928920824,0.0357000050165626));
#9395=CARTESIAN_POINT('',(-0.00140034362183158,-0.000791728023027816,0.0356500050165625));
#9396=CARTESIAN_POINT('',(-0.000820302355651122,-0.000211686756847396,0.0356000050165624));
#9397=CARTESIAN_POINT('',(-1.30282683931842E-10,-0.000211686756847421,0.0355500050165623));
#9398=CARTESIAN_POINT('',(0.000820302095085754,-0.000211686756847449,0.0355000050165622));
#9399=CARTESIAN_POINT('',(0.00140034336126617,-0.000791728023027906,0.0354500050165621));
#9400=CARTESIAN_POINT('',(0.00198038462744658,-0.00137176928920837,0.035400005016562));
#9401=CARTESIAN_POINT('',(0.00198038462744656,-0.00219207151457682,0.035350005016562));
#9402=CARTESIAN_POINT('',(0.00198038462744652,-0.00301237373994526,0.035300005016562));
#9403=CARTESIAN_POINT('',(0.00140034336126605,-0.00359241500612568,0.0352500050165621));
#9404=CARTESIAN_POINT('',(0.000820302095085586,-0.00417245627230611,0.0352000050165622));
#9405=CARTESIAN_POINT('',(-1.30282869112514E-10,-0.00417245627230608,0.0351500050165623));
#9406=CARTESIAN_POINT('',(-0.000820302355651322,-0.00417245627230606,0.0351000050165625));
#9407=CARTESIAN_POINT('',(-0.00140034362183175,-0.00359241500612559,0.0350500050165625));
#9408=CARTESIAN_POINT('',(-0.00198038488801218,-0.00301237373994514,0.0350000050165626));
#9409=CARTESIAN_POINT('',(-0.00198038488801217,-0.00219207151457669,0.0349500050165626));
#9410=CARTESIAN_POINT('',(-0.00198038488801215,-0.00137176928920824,0.0349000050165626));
#9411=CARTESIAN_POINT('',(-0.00140034362183169,-0.000791728023027817,0.0348500050165625));
#9412=CARTESIAN_POINT('',(-0.00082030235565124,-0.000211686756847398,0.0348000050165624));
#9413=CARTESIAN_POINT('',(-1.30282801615483E-10,-0.000211686756847422,0.0347500050165623));
#9414=CARTESIAN_POINT('',(0.000820302095085637,-0.000211686756847451,0.0347000050165622));
#9415=CARTESIAN_POINT('',(0.00140034336126605,-0.000791728023027908,0.0346500050165621));
#9416=CARTESIAN_POINT('',(0.00198038462744647,-0.00137176928920837,0.034600005016562));
#9417=CARTESIAN_POINT('',(0.00198038462744644,-0.00219207151457682,0.034550005016562));
#9418=CARTESIAN_POINT('',(0.0019803846274464,-0.00301237373994527,0.034500005016562));
#9419=CARTESIAN_POINT('',(0.00140034336126594,-0.00359241500612569,0.0344500050165621));
#9420=CARTESIAN_POINT('',(0.000820302095085468,-0.00417245627230611,0.0344000050165622));
#9421=CARTESIAN_POINT('',(-1.30282986796155E-10,-0.00417245627230609,0.0343500050165623));
#9422=CARTESIAN_POINT('',(-0.00082030235565144,-0.00417245627230606,0.0343000050165624));
#9423=CARTESIAN_POINT('',(-0.00140034362183187,-0.0035924150061256,0.0342500050165625));
#9424=CARTESIAN_POINT('',(-0.00160323029438909,-0.00335464487980825,0.0366303897742919));
#9425=CARTESIAN_POINT('',(0.000311591280377114,-0.00414778994560143,0.0351696202588329));
#9426=CARTESIAN_POINT('',(0.000311591280377115,-0.00414778994560143,0.0351696202588329));
#9427=CARTESIAN_POINT('',(-0.000284254771439998,-0.00426773842147103,0.0351449154972867));
#9428=CARTESIAN_POINT('',(-0.00155847136015938,-0.00392729962528244,0.0350972151731244));
#9429=CARTESIAN_POINT('',(-0.00239373252940291,-0.00212570312689354,0.0350276173639559));
#9430=CARTESIAN_POINT('',(-0.00159249274652695,-0.000328409267319464,0.0349603571269465));
#9431=CARTESIAN_POINT('',(0.000264132231413466,0.000302734093387848,0.0348947972319462));
#9432=CARTESIAN_POINT('',(0.00199763469686259,-0.000584964625756161,0.0348313023542204));
#9433=CARTESIAN_POINT('',(0.00260951414187724,-0.00242738103924128,0.0347692163804381));
#9434=CARTESIAN_POINT('',(0.0017856074681271,-0.00417882918668499,0.0347093516838993));
#9435=CARTESIAN_POINT('',(0.000606468034937631,-0.00467350691674175,0.0346685696143972));
#9436=CARTESIAN_POINT('',(-1.30282959271061E-10,-0.00469207151457675,0.0346500050165623));
#9437=CARTESIAN_POINT('',(-1.30282959271061E-10,-0.00469207151457675,0.0346500050165623));
#9438=CARTESIAN_POINT('',(-1.30282488536499E-10,-0.00469207151457675,0.0378500050165623));
#9439=CARTESIAN_POINT('',(-0.00103553403621523,-0.00469207151457672,0.0378000050165625));
#9440=CARTESIAN_POINT('',(-0.00176776708324885,-0.00395983846754306,0.0377500050165626));
#9441=CARTESIAN_POINT('',(-0.00250000013028246,-0.0032276054205094,0.0377000050165627));
#9442=CARTESIAN_POINT('',(-0.00250000013028244,-0.00219207151457666,0.0376500050165626));
#9443=CARTESIAN_POINT('',(-0.00250000013028242,-0.00115653760864393,0.0376000050165627));
#9444=CARTESIAN_POINT('',(-0.00176776708324877,-0.00042430456161032,0.0375500050165625));
#9445=CARTESIAN_POINT('',(-0.00103553403621512,0.000307928485423289,0.0375000050165625));
#9446=CARTESIAN_POINT('',(-1.30282387890559E-10,0.000307928485423253,0.0374500050165623));
#9447=CARTESIAN_POINT('',(0.00103553377565034,0.000307928485423223,0.0374000050165622));
#9448=CARTESIAN_POINT('',(0.00176776682268395,-0.000424304561610434,0.037350005016562));
#9449=CARTESIAN_POINT('',(0.00249999986971755,-0.00115653760864409,0.0373000050165619));
#9450=CARTESIAN_POINT('',(0.00249999986971751,-0.00219207151457683,0.037250005016562));
#9451=CARTESIAN_POINT('',(0.00249999986971747,-0.00322760542050957,0.037200005016562));
#9452=CARTESIAN_POINT('',(0.0017677668226838,-0.00395983846754318,0.0371500050165621));
#9453=CARTESIAN_POINT('',(0.00103553377565014,-0.00469207151457678,0.0371000050165622));
#9454=CARTESIAN_POINT('',(-1.3028260622014E-10,-0.00469207151457675,0.0370500050165623));
#9455=CARTESIAN_POINT('',(-0.00103553403621535,-0.00469207151457672,0.0370000050165625));
#9456=CARTESIAN_POINT('',(-0.00176776708324897,-0.00395983846754306,0.0369500050165626));
#9457=CARTESIAN_POINT('',(-0.00250000013028258,-0.0032276054205094,0.0369000050165627));
#9458=CARTESIAN_POINT('',(-0.00250000013028255,-0.00219207151457667,0.0368500050165626));
#9459=CARTESIAN_POINT('',(-0.00250000013028253,-0.00115653760864393,0.0368000050165627));
#9460=CARTESIAN_POINT('',(-0.00176776708324888,-0.000424304561610322,0.0367500050165626));
#9461=CARTESIAN_POINT('',(-0.00103553403621523,0.000307928485423288,0.0367000050165624));
#9462=CARTESIAN_POINT('',(-1.30282505574199E-10,0.000307928485423252,0.0366500050165623));
#9463=CARTESIAN_POINT('',(0.00103553377565022,0.000307928485423221,0.0366000050165622));
#9464=CARTESIAN_POINT('',(0.00176776682268382,-0.000424304561610435,0.0365500050165621));
#9465=CARTESIAN_POINT('',(0.00249999986971743,-0.00115653760864409,0.0365000050165619));
#9466=CARTESIAN_POINT('',(0.00249999986971739,-0.00219207151457683,0.036450005016562));
#9467=CARTESIAN_POINT('',(0.00249999986971735,-0.00322760542050957,0.0364000050165619));
#9468=CARTESIAN_POINT('',(0.00176776682268369,-0.00395983846754318,0.036350005016562));
#9469=CARTESIAN_POINT('',(0.00103553377565002,-0.00469207151457678,0.0363000050165621));
#9470=CARTESIAN_POINT('',(-1.3028272390378E-10,-0.00469207151457675,0.0362500050165623));
#9471=CARTESIAN_POINT('',(-0.00103553403621547,-0.00469207151457672,0.0362000050165624));
#9472=CARTESIAN_POINT('',(-0.00176776708324909,-0.00395983846754307,0.0361500050165625));
#9473=CARTESIAN_POINT('',(-0.0025000001302827,-0.0032276054205094,0.0361000050165627));
#9474=CARTESIAN_POINT('',(-0.00250000013028267,-0.00219207151457667,0.0360500050165627));
#9475=CARTESIAN_POINT('',(-0.00250000013028265,-0.00115653760864393,0.0360000050165627));
#9476=CARTESIAN_POINT('',(-0.001767767083249,-0.000424304561610323,0.0359500050165626));
#9477=CARTESIAN_POINT('',(-0.00103553403621535,0.000307928485423286,0.0359000050165625));
#9478=CARTESIAN_POINT('',(-1.3028262325784E-10,0.00030792848542325,0.0358500050165623));
#9479=CARTESIAN_POINT('',(0.00103553377565011,0.000307928485423219,0.0358000050165621));
#9480=CARTESIAN_POINT('',(0.00176776682268371,-0.000424304561610437,0.0357500050165621));
#9481=CARTESIAN_POINT('',(0.00249999986971731,-0.00115653760864409,0.0357000050165619));
#9482=CARTESIAN_POINT('',(0.00249999986971727,-0.00219207151457683,0.035650005016562));
#9483=CARTESIAN_POINT('',(0.00249999986971723,-0.00322760542050957,0.0356000050165619));
#9484=CARTESIAN_POINT('',(0.00176776682268356,-0.00395983846754318,0.0355500050165621));
#9485=CARTESIAN_POINT('',(0.0010355337756499,-0.00469207151457679,0.0355000050165622));
#9486=CARTESIAN_POINT('',(-1.30282841587421E-10,-0.00469207151457675,0.0354500050165623));
#9487=CARTESIAN_POINT('',(-0.00103553403621559,-0.00469207151457672,0.0354000050165625));
#9488=CARTESIAN_POINT('',(-0.00176776708324921,-0.00395983846754307,0.0353500050165625));
#9489=CARTESIAN_POINT('',(-0.00250000013028282,-0.00322760542050941,0.0353000050165627));
#9490=CARTESIAN_POINT('',(-0.00250000013028279,-0.00219207151457667,0.0352500050165626));
#9491=CARTESIAN_POINT('',(-0.00250000013028277,-0.00115653760864393,0.0352000050165627));
#9492=CARTESIAN_POINT('',(-0.00176776708324912,-0.000424304561610325,0.0351500050165625));
#9493=CARTESIAN_POINT('',(-0.00103553403621547,0.000307928485423284,0.0351000050165625));
#9494=CARTESIAN_POINT('',(-1.3028274094148E-10,0.000307928485423249,0.0350500050165623));
#9495=CARTESIAN_POINT('',(0.00103553377564999,0.000307928485423218,0.0350000050165622));
#9496=CARTESIAN_POINT('',(0.00176776682268359,-0.000424304561610439,0.034950005016562));
#9497=CARTESIAN_POINT('',(0.00249999986971719,-0.00115653760864409,0.0349000050165619));
#9498=CARTESIAN_POINT('',(0.00249999986971715,-0.00219207151457683,0.034850005016562));
#9499=CARTESIAN_POINT('',(0.00249999986971711,-0.00322760542050957,0.034800005016562));
#9500=CARTESIAN_POINT('',(0.00176776682268345,-0.00395983846754318,0.0347500050165621));
#9501=CARTESIAN_POINT('',(0.00103553377564979,-0.00469207151457679,0.0347000050165621));
#9502=CARTESIAN_POINT('',(-1.30282959271061E-10,-0.00469207151457675,0.0346500050165623));
#9503=CARTESIAN_POINT('',(-0.0010355340362157,-0.00469207151457672,0.0346000050165625));
#9504=CARTESIAN_POINT('',(-0.00176776708324932,-0.00395983846754307,0.0345500050165626));
#9505=CARTESIAN_POINT('',(0.0017677668226838,-0.00395983846754318,0.0371500050165621));
#9506=CARTESIAN_POINT('',(-0.00160323029438921,-0.00335464487980831,0.0366303897742919));
#9507=CARTESIAN_POINT('',(-0.00130225845190032,-0.00393739645918051,0.0367288374762038));
#9508=CARTESIAN_POINT('',(-0.000116178665216218,-0.00473744759041623,0.0369067517881593));
#9509=CARTESIAN_POINT('',(0.00125275947485959,-0.00436923970339361,0.0370753302186508));
#9510=CARTESIAN_POINT('',(0.0017677668226838,-0.00395983846754318,0.0371500050165621));
#9511=CARTESIAN_POINT('',(-1.30282530772048E-10,-0.00417245627230607,0.0374500050165623));
#9512=CARTESIAN_POINT('',(-0.000820302355650983,-0.00417245627230605,0.0374000050165624));
#9513=CARTESIAN_POINT('',(-0.00140034362183142,-0.00359241500612559,0.0373500050165625));
#9514=CARTESIAN_POINT('',(-0.00198038488801184,-0.00301237373994513,0.0373000050165626));
#9515=CARTESIAN_POINT('',(-0.00198038488801183,-0.00219207151457668,0.0372500050165626));
#9516=CARTESIAN_POINT('',(-0.00198038488801181,-0.00137176928920824,0.0372000050165626));
#9517=CARTESIAN_POINT('',(-0.00140034362183136,-0.000791728023027813,0.0371500050165625));
#9518=CARTESIAN_POINT('',(-0.000820302355650901,-0.000211686756847393,0.0371000050165624));
#9519=CARTESIAN_POINT('',(-1.30282463275016E-10,-0.000211686756847418,0.0370500050165623));
#9520=CARTESIAN_POINT('',(0.000820302095085975,-0.000211686756847446,0.0370000050165622));
#9521=CARTESIAN_POINT('',(0.00140034336126639,-0.000791728023027903,0.0369500050165621));
#9522=CARTESIAN_POINT('',(0.00198038462744681,-0.00137176928920836,0.036900005016562));
#9523=CARTESIAN_POINT('',(0.00198038462744678,-0.00219207151457681,0.036850005016562));
#9524=CARTESIAN_POINT('',(0.00198038462744674,-0.00301237373994526,0.036800005016562));
#9525=CARTESIAN_POINT('',(0.00140034336126627,-0.00359241500612568,0.0367500050165621));
#9526=CARTESIAN_POINT('',(0.000820302095085805,-0.0041724562723061,0.0367000050165622));
#9527=CARTESIAN_POINT('',(-1.30282648455688E-10,-0.00417245627230608,0.0366500050165623));
#9528=CARTESIAN_POINT('',(-0.000820302355651101,-0.00417245627230605,0.0366000050165624));
#9529=CARTESIAN_POINT('',(-0.00140034362183153,-0.00359241500612559,0.0365500050165625));
#9530=CARTESIAN_POINT('',(-0.00198038488801196,-0.00301237373994513,0.0365000050165626));
#9531=CARTESIAN_POINT('',(-0.00198038488801194,-0.00219207151457668,0.0364500050165626));
#9532=CARTESIAN_POINT('',(-0.00198038488801193,-0.00137176928920824,0.0364000050165626));
#9533=CARTESIAN_POINT('',(-0.00140034362183147,-0.000791728023027814,0.0363500050165625));
#9534=CARTESIAN_POINT('',(-0.000820302355651019,-0.000211686756847395,0.0363000050165624));
#9535=CARTESIAN_POINT('',(-1.30282580958657E-10,-0.000211686756847419,0.0362500050165623));
#9536=CARTESIAN_POINT('',(0.000820302095085857,-0.000211686756847448,0.0362000050165622));
#9537=CARTESIAN_POINT('',(0.00140034336126628,-0.000791728023027905,0.0361500050165621));
#9538=CARTESIAN_POINT('',(0.00198038462744669,-0.00137176928920837,0.036100005016562));
#9539=CARTESIAN_POINT('',(0.00198038462744665,-0.00219207151457682,0.036050005016562));
#9540=CARTESIAN_POINT('',(0.00198038462744662,-0.00301237373994526,0.036000005016562));
#9541=CARTESIAN_POINT('',(0.00140034336126616,-0.00359241500612568,0.0359500050165621));
#9542=CARTESIAN_POINT('',(0.000820302095085688,-0.0041724562723061,0.0359000050165622));
#9543=CARTESIAN_POINT('',(-1.30282766139329E-10,-0.00417245627230608,0.0358500050165623));
#9544=CARTESIAN_POINT('',(-0.000820302355651219,-0.00417245627230606,0.0358000050165625));
#9545=CARTESIAN_POINT('',(-0.00140034362183165,-0.00359241500612559,0.0357500050165625));
#9546=CARTESIAN_POINT('',(-0.00198038488801208,-0.00301237373994513,0.0357000050165626));
#9547=CARTESIAN_POINT('',(-0.00198038488801206,-0.00219207151457668,0.0356500050165626));
#9548=CARTESIAN_POINT('',(-0.00198038488801204,-0.00137176928920824,0.0356000050165626));
#9549=CARTESIAN_POINT('',(-0.00140034362183159,-0.000791728023027816,0.0355500050165625));
#9550=CARTESIAN_POINT('',(-0.000820302355651137,-0.000211686756847396,0.0355000050165624));
#9551=CARTESIAN_POINT('',(-1.30282698642297E-10,-0.000211686756847421,0.0354500050165623));
#9552=CARTESIAN_POINT('',(0.00082030209508574,-0.000211686756847449,0.0354000050165622));
#9553=CARTESIAN_POINT('',(0.00140034336126616,-0.000791728023027906,0.0353500050165621));
#9554=CARTESIAN_POINT('',(0.00198038462744657,-0.00137176928920837,0.035300005016562));
#9555=CARTESIAN_POINT('',(0.00198038462744654,-0.00219207151457682,0.035250005016562));
#9556=CARTESIAN_POINT('',(0.0019803846274465,-0.00301237373994526,0.035200005016562));
#9557=CARTESIAN_POINT('',(0.00140034336126604,-0.00359241500612568,0.0351500050165621));
#9558=CARTESIAN_POINT('',(0.00082030209508557,-0.00417245627230611,0.0351000050165622));
#9559=CARTESIAN_POINT('',(-1.3028288382297E-10,-0.00417245627230608,0.0350500050165623));
#9560=CARTESIAN_POINT('',(-0.000820302355651337,-0.00417245627230606,0.0350000050165624));
#9561=CARTESIAN_POINT('',(-0.00140034362183177,-0.0035924150061256,0.0349500050165625));
#9562=CARTESIAN_POINT('',(-0.00148165528214649,-0.00351110334581087,0.0349429958893628));
#9563=CARTESIAN_POINT('',(-0.00155300940775244,-0.00342092706863509,0.0349356978399348));
#9564=CARTESIAN_POINT('',(-1.30282591509684E-10,-0.00469207151457675,0.0371500050165623));
#9565=CARTESIAN_POINT('',(-0.00103553403621534,-0.00469207151457672,0.0371000050165624));
#9566=CARTESIAN_POINT('',(-0.00176776708324895,-0.00395983846754306,0.0370500050165625));
#9567=CARTESIAN_POINT('',(-0.00250000013028257,-0.0032276054205094,0.0370000050165627));
#9568=CARTESIAN_POINT('',(-0.00250000013028254,-0.00219207151457667,0.0369500050165626));
#9569=CARTESIAN_POINT('',(-0.00250000013028252,-0.00115653760864393,0.0369000050165627));
#9570=CARTESIAN_POINT('',(-0.00176776708324887,-0.000424304561610322,0.0368500050165625));
#9571=CARTESIAN_POINT('',(-0.00103553403621522,0.000307928485423288,0.0368000050165625));
#9572=CARTESIAN_POINT('',(-1.30282490863744E-10,0.000307928485423252,0.0367500050165623));
#9573=CARTESIAN_POINT('',(0.00103553377565024,0.000307928485423222,0.0367000050165621));
#9574=CARTESIAN_POINT('',(0.00176776682268384,-0.000424304561610435,0.036650005016562));
#9575=CARTESIAN_POINT('',(0.00249999986971744,-0.00115653760864409,0.0366000050165619));
#9576=CARTESIAN_POINT('',(0.0024999998697174,-0.00219207151457683,0.036550005016562));
#9577=CARTESIAN_POINT('',(0.00249999986971736,-0.00322760542050957,0.0365000050165619));
#9578=CARTESIAN_POINT('',(0.0017677668226837,-0.00395983846754318,0.0364500050165621));
#9579=CARTESIAN_POINT('',(0.00103553377565004,-0.00469207151457678,0.0364000050165622));
#9580=CARTESIAN_POINT('',(-1.30282709193325E-10,-0.00469207151457675,0.0363500050165623));
#9581=CARTESIAN_POINT('',(-0.00103553403621545,-0.00469207151457672,0.0363000050165625));
#9582=CARTESIAN_POINT('',(-0.00176776708324907,-0.00395983846754307,0.0362500050165626));
#9583=CARTESIAN_POINT('',(-0.00250000013028269,-0.0032276054205094,0.0362000050165627));
#9584=CARTESIAN_POINT('',(-0.00250000013028266,-0.00219207151457667,0.0361500050165626));
#9585=CARTESIAN_POINT('',(-0.00250000013028264,-0.00115653760864393,0.0361000050165627));
#9586=CARTESIAN_POINT('',(-0.00176776708324899,-0.000424304561610323,0.0360500050165626));
#9587=CARTESIAN_POINT('',(-0.00103553403621534,0.000307928485423286,0.0360000050165625));
#9588=CARTESIAN_POINT('',(-1.30282608547385E-10,0.00030792848542325,0.0359500050165623));
#9589=CARTESIAN_POINT('',(0.00103553377565012,0.000307928485423219,0.0359000050165622));
#9590=CARTESIAN_POINT('',(0.00176776682268373,-0.000424304561610437,0.035850005016562));
#9591=CARTESIAN_POINT('',(0.00249999986971732,-0.00115653760864409,0.0358000050165619));
#9592=CARTESIAN_POINT('',(0.00249999986971729,-0.00219207151457683,0.035750005016562));
#9593=CARTESIAN_POINT('',(0.00249999986971724,-0.00322760542050957,0.0357000050165619));
#9594=CARTESIAN_POINT('',(0.00176776682268358,-0.00395983846754318,0.035650005016562));
#9595=CARTESIAN_POINT('',(0.00103553377564992,-0.00469207151457679,0.0356000050165621));
#9596=CARTESIAN_POINT('',(-1.30282826876966E-10,-0.00469207151457675,0.0355500050165623));
#9597=CARTESIAN_POINT('',(-0.00103553403621557,-0.00469207151457672,0.0355000050165624));
#9598=CARTESIAN_POINT('',(-0.00176776708324919,-0.00395983846754307,0.0354500050165625));
#9599=CARTESIAN_POINT('',(-0.00250000013028281,-0.00322760542050941,0.0354000050165627));
#9600=CARTESIAN_POINT('',(-0.00250000013028278,-0.00219207151457667,0.0353500050165626));
#9601=CARTESIAN_POINT('',(-0.00250000013028275,-0.00115653760864393,0.0353000050165627));
#9602=CARTESIAN_POINT('',(-0.00176776708324911,-0.000424304561610325,0.0352500050165626));
#9603=CARTESIAN_POINT('',(-0.00103553403621546,0.000307928485423285,0.0352000050165624));
#9604=CARTESIAN_POINT('',(-1.30282726231025E-10,0.000307928485423249,0.0351500050165623));
#9605=CARTESIAN_POINT('',(0.00103553377565,0.000307928485423218,0.0351000050165621));
#9606=CARTESIAN_POINT('',(0.00176776682268361,-0.000424304561610439,0.0350500050165621));
#9607=CARTESIAN_POINT('',(0.00249999986971721,-0.00115653760864409,0.0350000050165619));
#9608=CARTESIAN_POINT('',(0.00249999986971717,-0.00219207151457683,0.034950005016562));
#9609=CARTESIAN_POINT('',(0.00249999986971713,-0.00322760542050957,0.0349000050165619));
#9610=CARTESIAN_POINT('',(0.00176776682268347,-0.00395983846754318,0.0348500050165621));
#9611=CARTESIAN_POINT('',(0.0010355337756498,-0.00469207151457679,0.0348000050165622));
#9612=CARTESIAN_POINT('',(-1.30282944560606E-10,-0.00469207151457675,0.0347500050165623));
#9613=CARTESIAN_POINT('',(-0.00103553403621569,-0.00469207151457672,0.0347000050165625));
#9614=CARTESIAN_POINT('',(-0.0017677670832493,-0.00395983846754307,0.0346500050165625));
#9615=CARTESIAN_POINT('',(-0.00187041337457902,-0.00385719217621335,0.0346429958893629));
#9616=CARTESIAN_POINT('',(-0.00196048946374232,-0.0037433553613926,0.0346356978399349));
#9617=CARTESIAN_POINT('',(-1.30282591509684E-10,-0.00469207151457675,0.0371500050165623));
#9618=CARTESIAN_POINT('',(-0.00103553403621534,-0.00469207151457672,0.0371000050165624));
#9619=CARTESIAN_POINT('',(-0.00176776708324895,-0.00395983846754306,0.0370500050165625));
#9620=CARTESIAN_POINT('',(-0.00250000013028257,-0.0032276054205094,0.0370000050165627));
#9621=CARTESIAN_POINT('',(-0.00250000013028254,-0.00219207151457667,0.0369500050165626));
#9622=CARTESIAN_POINT('',(-0.00250000013028252,-0.00115653760864393,0.0369000050165627));
#9623=CARTESIAN_POINT('',(-0.00176776708324887,-0.000424304561610322,0.0368500050165625));
#9624=CARTESIAN_POINT('',(-0.00103553403621522,0.000307928485423288,0.0368000050165625));
#9625=CARTESIAN_POINT('',(-1.30282490863744E-10,0.000307928485423252,0.0367500050165623));
#9626=CARTESIAN_POINT('',(0.00103553377565024,0.000307928485423222,0.0367000050165621));
#9627=CARTESIAN_POINT('',(0.00176776682268384,-0.000424304561610435,0.036650005016562));
#9628=CARTESIAN_POINT('',(0.00249999986971744,-0.00115653760864409,0.0366000050165619));
#9629=CARTESIAN_POINT('',(0.0024999998697174,-0.00219207151457683,0.036550005016562));
#9630=CARTESIAN_POINT('',(0.00249999986971736,-0.00322760542050957,0.0365000050165619));
#9631=CARTESIAN_POINT('',(0.0017677668226837,-0.00395983846754318,0.0364500050165621));
#9632=CARTESIAN_POINT('',(0.00103553377565004,-0.00469207151457678,0.0364000050165622));
#9633=CARTESIAN_POINT('',(-1.30282709193325E-10,-0.00469207151457675,0.0363500050165623));
#9634=CARTESIAN_POINT('',(-0.00103553403621545,-0.00469207151457672,0.0363000050165625));
#9635=CARTESIAN_POINT('',(-0.00176776708324907,-0.00395983846754307,0.0362500050165626));
#9636=CARTESIAN_POINT('',(-0.00250000013028269,-0.0032276054205094,0.0362000050165627));
#9637=CARTESIAN_POINT('',(-0.00250000013028266,-0.00219207151457667,0.0361500050165626));
#9638=CARTESIAN_POINT('',(-0.00250000013028264,-0.00115653760864393,0.0361000050165627));
#9639=CARTESIAN_POINT('',(-0.00176776708324899,-0.000424304561610323,0.0360500050165626));
#9640=CARTESIAN_POINT('',(-0.00103553403621534,0.000307928485423286,0.0360000050165625));
#9641=CARTESIAN_POINT('',(-1.30282608547385E-10,0.00030792848542325,0.0359500050165623));
#9642=CARTESIAN_POINT('',(0.00103553377565012,0.000307928485423219,0.0359000050165622));
#9643=CARTESIAN_POINT('',(0.00176776682268373,-0.000424304561610437,0.035850005016562));
#9644=CARTESIAN_POINT('',(0.00249999986971732,-0.00115653760864409,0.0358000050165619));
#9645=CARTESIAN_POINT('',(0.00249999986971729,-0.00219207151457683,0.035750005016562));
#9646=CARTESIAN_POINT('',(0.00249999986971724,-0.00322760542050957,0.0357000050165619));
#9647=CARTESIAN_POINT('',(0.00176776682268358,-0.00395983846754318,0.035650005016562));
#9648=CARTESIAN_POINT('',(0.00103553377564992,-0.00469207151457679,0.0356000050165621));
#9649=CARTESIAN_POINT('',(-1.30282826876966E-10,-0.00469207151457675,0.0355500050165623));
#9650=CARTESIAN_POINT('',(-0.00103553403621557,-0.00469207151457672,0.0355000050165624));
#9651=CARTESIAN_POINT('',(-0.00176776708324919,-0.00395983846754307,0.0354500050165625));
#9652=CARTESIAN_POINT('',(-0.00250000013028281,-0.00322760542050941,0.0354000050165627));
#9653=CARTESIAN_POINT('',(-0.00250000013028278,-0.00219207151457667,0.0353500050165626));
#9654=CARTESIAN_POINT('',(-0.00250000013028275,-0.00115653760864393,0.0353000050165627));
#9655=CARTESIAN_POINT('',(-0.00176776708324911,-0.000424304561610325,0.0352500050165626));
#9656=CARTESIAN_POINT('',(-0.00103553403621546,0.000307928485423285,0.0352000050165624));
#9657=CARTESIAN_POINT('',(-1.30282726231025E-10,0.000307928485423249,0.0351500050165623));
#9658=CARTESIAN_POINT('',(0.00103553377565,0.000307928485423218,0.0351000050165621));
#9659=CARTESIAN_POINT('',(0.00176776682268361,-0.000424304561610439,0.0350500050165621));
#9660=CARTESIAN_POINT('',(0.00249999986971721,-0.00115653760864409,0.0350000050165619));
#9661=CARTESIAN_POINT('',(0.00249999986971717,-0.00219207151457683,0.034950005016562));
#9662=CARTESIAN_POINT('',(0.00249999986971713,-0.00322760542050957,0.0349000050165619));
#9663=CARTESIAN_POINT('',(0.00176776682268347,-0.00395983846754318,0.0348500050165621));
#9664=CARTESIAN_POINT('',(0.0010355337756498,-0.00469207151457679,0.0348000050165622));
#9665=CARTESIAN_POINT('',(-1.30282944560606E-10,-0.00469207151457675,0.0347500050165623));
#9666=CARTESIAN_POINT('',(-0.00103553403621569,-0.00469207151457672,0.0347000050165625));
#9667=CARTESIAN_POINT('',(-0.0017677670832493,-0.00395983846754307,0.0346500050165625));
#9668=CARTESIAN_POINT('',(-0.00250000013028292,-0.00322760542050941,0.0346000050165627));
#9669=CARTESIAN_POINT('',(-0.00250000013028289,-0.00219207151457667,0.0345500050165626));
#9670=CARTESIAN_POINT('',(-0.00250000013028287,-0.00115653760864393,0.0345000050165627));
#9671=CARTESIAN_POINT('',(-0.00176776708324922,-0.000424304561610327,0.0344500050165625));
#9672=CARTESIAN_POINT('',(-0.00103553403621557,0.000307928485423283,0.0344000050165625));
#9673=CARTESIAN_POINT('',(-1.30282843914666E-10,0.000307928485423247,0.0343500050165623));
#9674=CARTESIAN_POINT('',(0.00103553377564989,0.000307928485423216,0.0343000050165622));
#9675=CARTESIAN_POINT('',(0.00176776682268349,-0.000424304561610441,0.0342500050165621));
#9676=CARTESIAN_POINT('',(0.00249999986971709,-0.00115653760864409,0.0342000050165619));
#9677=CARTESIAN_POINT('',(0.00249999986971705,-0.00219207151457683,0.034150005016562));
#9678=CARTESIAN_POINT('',(0.00249999986971701,-0.00322760542050957,0.034100005016562));
#9679=CARTESIAN_POINT('',(0.00176776682268335,-0.00395983846754318,0.0340500050165621));
#9680=CARTESIAN_POINT('',(0.00103553377564968,-0.00469207151457679,0.0340000050165621));
#9681=CARTESIAN_POINT('',(-1.30283062244247E-10,-0.00469207151457675,0.0339500050165623));
#9682=CARTESIAN_POINT('',(-0.00103553403621581,-0.00469207151457672,0.0339000050165624));
#9683=CARTESIAN_POINT('',(-0.00176776708324943,-0.00395983846754307,0.0338500050165626));
#9684=CARTESIAN_POINT('',(-1.30282591509684E-10,-0.00469207151457675,0.0371500050165623));
#9685=CARTESIAN_POINT('',(-0.0017677670832493,-0.00395983846754307,0.0346500050165625));
#9686=CARTESIAN_POINT('',(-0.0017677670832493,-0.00395983846754307,0.0346500050165625));
#9687=CARTESIAN_POINT('',(-0.00125203354571576,-0.00436981698246682,0.0347247851101944));
#9688=CARTESIAN_POINT('',(0.000112925133285656,-0.00473677243467821,0.0348929279906751));
#9689=CARTESIAN_POINT('',(0.00130130317171169,-0.00393924559957689,0.0350708601705987));
#9690=CARTESIAN_POINT('',(0.00160323003382045,-0.00335464487981449,0.0351696202588317));
#9691=CARTESIAN_POINT('',(0.00160323003381973,-0.00335464487981391,0.0351696202588324));
#9692=CARTESIAN_POINT('',(-1.30282530772048E-10,-0.00417245627230607,0.0374500050165623));
#9693=CARTESIAN_POINT('',(-0.000820302355650983,-0.00417245627230605,0.0374000050165624));
#9694=CARTESIAN_POINT('',(-0.00140034362183142,-0.00359241500612559,0.0373500050165625));
#9695=CARTESIAN_POINT('',(-0.00198038488801184,-0.00301237373994513,0.0373000050165626));
#9696=CARTESIAN_POINT('',(-0.00198038488801183,-0.00219207151457668,0.0372500050165626));
#9697=CARTESIAN_POINT('',(-0.00198038488801181,-0.00137176928920824,0.0372000050165626));
#9698=CARTESIAN_POINT('',(-0.00140034362183136,-0.000791728023027813,0.0371500050165625));
#9699=CARTESIAN_POINT('',(-0.000820302355650901,-0.000211686756847393,0.0371000050165624));
#9700=CARTESIAN_POINT('',(-1.30282463275016E-10,-0.000211686756847418,0.0370500050165623));
#9701=CARTESIAN_POINT('',(0.000820302095085975,-0.000211686756847446,0.0370000050165622));
#9702=CARTESIAN_POINT('',(0.00140034336126639,-0.000791728023027903,0.0369500050165621));
#9703=CARTESIAN_POINT('',(0.00198038462744681,-0.00137176928920836,0.036900005016562));
#9704=CARTESIAN_POINT('',(0.00198038462744678,-0.00219207151457681,0.036850005016562));
#9705=CARTESIAN_POINT('',(0.00198038462744674,-0.00301237373994526,0.036800005016562));
#9706=CARTESIAN_POINT('',(0.00140034336126627,-0.00359241500612568,0.0367500050165621));
#9707=CARTESIAN_POINT('',(0.000820302095085805,-0.0041724562723061,0.0367000050165622));
#9708=CARTESIAN_POINT('',(-1.30282648455688E-10,-0.00417245627230608,0.0366500050165623));
#9709=CARTESIAN_POINT('',(-0.000820302355651101,-0.00417245627230605,0.0366000050165624));
#9710=CARTESIAN_POINT('',(-0.00140034362183153,-0.00359241500612559,0.0365500050165625));
#9711=CARTESIAN_POINT('',(-0.00198038488801196,-0.00301237373994513,0.0365000050165626));
#9712=CARTESIAN_POINT('',(-0.00198038488801194,-0.00219207151457668,0.0364500050165626));
#9713=CARTESIAN_POINT('',(-0.00198038488801193,-0.00137176928920824,0.0364000050165626));
#9714=CARTESIAN_POINT('',(-0.00140034362183147,-0.000791728023027814,0.0363500050165625));
#9715=CARTESIAN_POINT('',(-0.000820302355651019,-0.000211686756847395,0.0363000050165624));
#9716=CARTESIAN_POINT('',(-1.30282580958657E-10,-0.000211686756847419,0.0362500050165623));
#9717=CARTESIAN_POINT('',(0.000820302095085857,-0.000211686756847448,0.0362000050165622));
#9718=CARTESIAN_POINT('',(0.00140034336126628,-0.000791728023027905,0.0361500050165621));
#9719=CARTESIAN_POINT('',(0.00198038462744669,-0.00137176928920837,0.036100005016562));
#9720=CARTESIAN_POINT('',(0.00198038462744665,-0.00219207151457682,0.036050005016562));
#9721=CARTESIAN_POINT('',(0.00198038462744662,-0.00301237373994526,0.036000005016562));
#9722=CARTESIAN_POINT('',(0.00140034336126616,-0.00359241500612568,0.0359500050165621));
#9723=CARTESIAN_POINT('',(0.000820302095085688,-0.0041724562723061,0.0359000050165622));
#9724=CARTESIAN_POINT('',(-1.30282766139329E-10,-0.00417245627230608,0.0358500050165623));
#9725=CARTESIAN_POINT('',(-0.000820302355651219,-0.00417245627230606,0.0358000050165625));
#9726=CARTESIAN_POINT('',(-0.00140034362183165,-0.00359241500612559,0.0357500050165625));
#9727=CARTESIAN_POINT('',(-0.00198038488801208,-0.00301237373994513,0.0357000050165626));
#9728=CARTESIAN_POINT('',(-0.00198038488801206,-0.00219207151457668,0.0356500050165626));
#9729=CARTESIAN_POINT('',(-0.00198038488801204,-0.00137176928920824,0.0356000050165626));
#9730=CARTESIAN_POINT('',(-0.00140034362183159,-0.000791728023027816,0.0355500050165625));
#9731=CARTESIAN_POINT('',(-0.000820302355651137,-0.000211686756847396,0.0355000050165624));
#9732=CARTESIAN_POINT('',(-1.30282698642297E-10,-0.000211686756847421,0.0354500050165623));
#9733=CARTESIAN_POINT('',(0.00082030209508574,-0.000211686756847449,0.0354000050165622));
#9734=CARTESIAN_POINT('',(0.00140034336126616,-0.000791728023027906,0.0353500050165621));
#9735=CARTESIAN_POINT('',(0.00198038462744657,-0.00137176928920837,0.035300005016562));
#9736=CARTESIAN_POINT('',(0.00198038462744654,-0.00219207151457682,0.035250005016562));
#9737=CARTESIAN_POINT('',(0.0019803846274465,-0.00301237373994526,0.035200005016562));
#9738=CARTESIAN_POINT('',(0.00140034336126604,-0.00359241500612568,0.0351500050165621));
#9739=CARTESIAN_POINT('',(0.00082030209508557,-0.00417245627230611,0.0351000050165622));
#9740=CARTESIAN_POINT('',(-1.3028288382297E-10,-0.00417245627230608,0.0350500050165623));
#9741=CARTESIAN_POINT('',(-0.000820302355651337,-0.00417245627230606,0.0350000050165624));
#9742=CARTESIAN_POINT('',(-0.00140034362183177,-0.0035924150061256,0.0349500050165625));
#9743=CARTESIAN_POINT('',(-0.0019803848880122,-0.00301237373994514,0.0349000050165626));
#9744=CARTESIAN_POINT('',(-0.00198038488801218,-0.00219207151457669,0.0348500050165626));
#9745=CARTESIAN_POINT('',(-0.00198038488801216,-0.00137176928920824,0.0348000050165626));
#9746=CARTESIAN_POINT('',(-0.00140034362183171,-0.000791728023027818,0.0347500050165625));
#9747=CARTESIAN_POINT('',(-0.000820302355651254,-0.000211686756847398,0.0347000050165624));
#9748=CARTESIAN_POINT('',(-1.30282816325938E-10,-0.000211686756847423,0.0346500050165623));
#9749=CARTESIAN_POINT('',(0.000820302095085622,-0.000211686756847451,0.0346000050165622));
#9750=CARTESIAN_POINT('',(0.00140034336126604,-0.000791728023027908,0.0345500050165621));
#9751=CARTESIAN_POINT('',(0.00198038462744645,-0.00137176928920837,0.034500005016562));
#9752=CARTESIAN_POINT('',(0.00198038462744642,-0.00219207151457682,0.034450005016562));
#9753=CARTESIAN_POINT('',(0.00198038462744638,-0.00301237373994527,0.034400005016562));
#9754=CARTESIAN_POINT('',(0.00140034336126592,-0.00359241500612569,0.0343500050165621));
#9755=CARTESIAN_POINT('',(0.000820302095085452,-0.00417245627230611,0.0343000050165622));
#9756=CARTESIAN_POINT('',(-1.3028300150661E-10,-0.00417245627230609,0.0342500050165623));
#9757=CARTESIAN_POINT('',(-0.000820302355651454,-0.00417245627230606,0.0342000050165624));
#9758=CARTESIAN_POINT('',(-0.00140034362183189,-0.0035924150061256,0.0341500050165625));
#9759=CARTESIAN_POINT('',(-0.000311591540943053,-0.00414778994560134,0.0366303897742917));
#9760=CARTESIAN_POINT('',(-1.30282591509684E-10,-0.00469207151457675,0.0371500050165623));
#9761=CARTESIAN_POINT('',(-0.000606641358794138,-0.00467350161910107,0.0371314351210867));
#9762=CARTESIAN_POINT('',(-0.00178451500711808,-0.0041792644836427,0.0370906925203433));
#9763=CARTESIAN_POINT('',(-0.00260905981832329,-0.00242970144525358,0.0370308598352645));
#9764=CARTESIAN_POINT('',(-0.00199982453083028,-0.000587297571721664,0.0369688098880124));
#9765=CARTESIAN_POINT('',(-0.000265723684969856,0.000302834868679121,0.0369052595195917));
#9766=CARTESIAN_POINT('',(0.00159107068532143,-0.000327212702940773,0.0368397163357084));
#9767=CARTESIAN_POINT('',(0.00239378877419323,-0.00212400486323064,0.0367724440773417));
#9768=CARTESIAN_POINT('',(0.00155971228428522,-0.00392657686332197,0.0367028437058888));
#9769=CARTESIAN_POINT('',(0.000284592288598135,-0.00426780641877185,0.0366551085406603));
#9770=CARTESIAN_POINT('',(-0.000311591540943053,-0.00414778994560134,0.0366303897742917));
#9771=CARTESIAN_POINT('',(-1.30282534860029E-10,-0.00219207151457677,0.0368696257819092));
#9772=CARTESIAN_POINT('',(-1.30282802936333E-10,-0.00219207151457675,0.035169620258833));
#9773=CARTESIAN_POINT('',(-1.3028258805049E-10,-0.00219207151457675,0.0366303897742916));
#9774=CARTESIAN_POINT('',(-1.302828793741E-10,-0.00219207151457676,0.0346500050165623));
#9775=CARTESIAN_POINT('',(-1.302828793741E-10,-0.00219207151457676,0.0346500050165623));
#9776=CARTESIAN_POINT('',(-1.302828793741E-10,-0.00219207151457676,0.0346500050165623));
#9777=CARTESIAN_POINT('',(-1.302828793741E-10,-0.00219207151457676,0.0346500050165623));
#9778=CARTESIAN_POINT('',(-0.00350000013028288,-0.00219207151457664,0.0346500050165628));
#9779=CARTESIAN_POINT('',(-0.00175000013028297,-0.00522316042782224,0.0346500050165625));
#9780=CARTESIAN_POINT('',(-1.302828793741E-10,-0.00219207151457676,0.0346500050165623));
#9781=CARTESIAN_POINT('',(-0.00175000013028279,0.000839017398668834,0.0346500050165625));
#9782=CARTESIAN_POINT('',(-1.302828793741E-10,-0.00219207151457676,0.0346500050165623));
#9783=CARTESIAN_POINT('',(0.00174999986971722,0.000839017398668731,0.034650005016562));
#9784=CARTESIAN_POINT('',(-1.302828793741E-10,-0.00219207151457676,0.0346500050165623));
#9785=CARTESIAN_POINT('',(0.00349999986971712,-0.00219207151457686,0.0346500050165618));
#9786=CARTESIAN_POINT('',(-1.302828793741E-10,-0.00219207151457676,0.0346500050165623));
#9787=CARTESIAN_POINT('',(0.00174999986971702,-0.00522316042782234,0.034650005016562));
#9788=CARTESIAN_POINT('',(-1.302828793741E-10,-0.00219207151457676,0.0346500050165623));
#9789=CARTESIAN_POINT('',(-1.30282511612723E-10,-0.00219207151457675,0.0371500050165623));
#9790=CARTESIAN_POINT('',(-1.30282511612723E-10,-0.00219207151457675,0.0371500050165623));
#9791=CARTESIAN_POINT('',(-1.30282511612723E-10,-0.00219207151457675,0.0371500050165623));
#9792=CARTESIAN_POINT('',(-1.30282511612723E-10,-0.00219207151457675,0.0371500050165623));
#9793=CARTESIAN_POINT('',(-0.00175000013028241,0.000839017398668849,0.0371500050165625));
#9794=CARTESIAN_POINT('',(-0.00350000013028251,-0.00219207151457664,0.0371500050165628));
#9795=CARTESIAN_POINT('',(-1.30282511612723E-10,-0.00219207151457675,0.0371500050165623));
#9796=CARTESIAN_POINT('',(-0.00175000013028261,-0.00522316042782223,0.0371500050165625));
#9797=CARTESIAN_POINT('',(-1.30282511612723E-10,-0.00219207151457675,0.0371500050165623));
#9798=CARTESIAN_POINT('',(0.00174999986971739,-0.00522316042782235,0.0371500050165621));
#9799=CARTESIAN_POINT('',(-1.30282511612723E-10,-0.00219207151457675,0.0371500050165623));
#9800=CARTESIAN_POINT('',(0.00349999986971749,-0.00219207151457686,0.0371500050165618));
#9801=CARTESIAN_POINT('',(-1.30282511612723E-10,-0.00219207151457675,0.0371500050165623));
#9802=CARTESIAN_POINT('',(0.00174999986971758,0.000839017398668737,0.0371500050165621));
#9803=CARTESIAN_POINT('',(-1.30282511612723E-10,-0.00219207151457675,0.0371500050165623));
#9804=CARTESIAN_POINT('',(-0.00350000013028258,-0.00421279745674033,0.0371500050165628));
#9805=CARTESIAN_POINT('',(-0.00350000013028258,-0.00421279745674033,0.0371500050165628));
#9806=CARTESIAN_POINT('',(-0.00350000013028263,-0.00421279745674033,0.0368373976253932));
#9807=CARTESIAN_POINT('',(-0.0035000001302829,-0.00421279745674033,0.0349626124077324));
#9808=CARTESIAN_POINT('',(-0.00350000013028302,-0.00421279745674026,0.0349626124077315));
#9809=CARTESIAN_POINT('',(-0.00292744754763247,-0.00454336084445881,0.0347717615468478));
#9810=CARTESIAN_POINT('',(-0.00234629828257133,-0.00487888752908125,0.0346500050165626));
#9811=CARTESIAN_POINT('',(-0.00175000013028297,-0.00522316042782223,0.0346500050165626));
#9812=CARTESIAN_POINT('',(-0.00175000013028297,-0.00522316042782223,0.0346500050165626));
#9813=CARTESIAN_POINT('',(-0.00115593013564384,-0.00556614689914464,0.0346500050165625));
#9814=CARTESIAN_POINT('',(-0.000571124087227185,-0.00590378482862173,0.0347722377554168));
#9815=CARTESIAN_POINT('',(-1.30282890749532E-10,-0.00623352339890417,0.0349626124077314));
#9816=CARTESIAN_POINT('',(-1.30282960235513E-10,-0.00623352339890413,0.0349626124077319));
#9817=CARTESIAN_POINT('',(-1.30282638465951E-10,-0.00623352339890413,0.0371500050165623));
#9818=CARTESIAN_POINT('',(-1.30282684446076E-10,-0.00623352339890413,0.0368373976253927));
#9819=CARTESIAN_POINT('',(-0.00175000013028261,-0.00522316042782222,0.0371500050165626));
#9820=CARTESIAN_POINT('',(-0.00115593013564348,-0.00556614689914463,0.0371500050165625));
#9821=CARTESIAN_POINT('',(-0.000571124087226855,-0.00590378482862173,0.037027772277708));
#9822=CARTESIAN_POINT('',(-1.30282611743631E-10,-0.00623352339890417,0.0368373976253932));
#9823=CARTESIAN_POINT('',(-0.00350000013028274,-0.00421279745674025,0.0368373976253942));
#9824=CARTESIAN_POINT('',(-0.00292744754763214,-0.00454336084445881,0.0370282484862776));
#9825=CARTESIAN_POINT('',(-0.00234629828257097,-0.00487888752908124,0.0371500050165627));
#9826=CARTESIAN_POINT('',(-0.00175000013028261,-0.00522316042782222,0.0371500050165626));
#9827=CARTESIAN_POINT('',(-1.30282638465951E-10,-0.00623352339890413,0.0371500050165623));
#9828=CARTESIAN_POINT('',(-1.30283081465026E-10,-0.0062335233989042,0.034962612407731));
#9829=CARTESIAN_POINT('',(0.000572552452367488,-0.00590296001118569,0.0347717615468473));
#9830=CARTESIAN_POINT('',(0.00115370171742864,-0.00556743332656329,0.0346500050165621));
#9831=CARTESIAN_POINT('',(0.00174999986971703,-0.00522316042782235,0.034650005016562));
#9832=CARTESIAN_POINT('',(0.00174999986971703,-0.00522316042782235,0.034650005016562));
#9833=CARTESIAN_POINT('',(0.00234406986435618,-0.00488017395649997,0.034650005016562));
#9834=CARTESIAN_POINT('',(0.00292887591277286,-0.00454253602702292,0.0347722377554162));
#9835=CARTESIAN_POINT('',(0.00349999986971717,-0.00421279745674052,0.0349626124077309));
#9836=CARTESIAN_POINT('',(0.0034999998697171,-0.00421279745674055,0.0349626124077314));
#9837=CARTESIAN_POINT('',(0.00349999986971743,-0.00421279745674055,0.0371500050165618));
#9838=CARTESIAN_POINT('',(0.00349999986971738,-0.00421279745674055,0.0368373976253921));
#9839=CARTESIAN_POINT('',(0.00174999986971739,-0.00522316042782234,0.0371500050165621));
#9840=CARTESIAN_POINT('',(0.00234406986435655,-0.00488017395649997,0.037150005016562));
#9841=CARTESIAN_POINT('',(0.00292887591277319,-0.00454253602702292,0.0370277722777075));
#9842=CARTESIAN_POINT('',(0.00349999986971745,-0.00421279745674051,0.0368373976253926));
#9843=CARTESIAN_POINT('',(-1.30282808356614E-10,-0.0062335233989042,0.0368373976253937));
#9844=CARTESIAN_POINT('',(0.000572552452367817,-0.00590296001118569,0.0370282484862771));
#9845=CARTESIAN_POINT('',(0.00115370171742901,-0.00556743332656329,0.0371500050165621));
#9846=CARTESIAN_POINT('',(0.00174999986971739,-0.00522316042782234,0.0371500050165621));
#9847=CARTESIAN_POINT('',(0.00349999986971743,-0.00421279745674055,0.0371500050165618));
#9848=CARTESIAN_POINT('',(0.00349999986971712,-0.00219207151457686,0.0346500050165618));
#9849=CARTESIAN_POINT('',(0.0034999998697171,-0.00287641709327018,0.0346500050165618));
#9850=CARTESIAN_POINT('',(0.0034999998697171,-0.00355910103215034,0.0347739065043787));
#9851=CARTESIAN_POINT('',(0.0034999998697171,-0.00421279745674056,0.0349626124077314));
#9852=CARTESIAN_POINT('',(0.00349999986971723,-0.000171345572413178,0.0349626124077314));
#9853=CARTESIAN_POINT('',(0.00349999986971718,-0.000829492461417364,0.034772621765965));
#9854=CARTESIAN_POINT('',(0.00349999986971714,-0.00150825145771157,0.0346500050165618));
#9855=CARTESIAN_POINT('',(0.00349999986971712,-0.00219207151457686,0.0346500050165618));
#9856=CARTESIAN_POINT('',(0.00349999986971723,-0.000171345572413175,0.0349626124077314));
#9857=CARTESIAN_POINT('',(0.00349999986971756,-0.00017134557241317,0.0371500050165618));
#9858=CARTESIAN_POINT('',(0.00349999986971751,-0.000171345572413171,0.0368373976253921));
#9859=CARTESIAN_POINT('',(0.00349999986971751,-0.000171345572413172,0.0368373976253921));
#9860=CARTESIAN_POINT('',(0.00349999986971752,-0.000829492461417356,0.0370273882671586));
#9861=CARTESIAN_POINT('',(0.00349999986971751,-0.00150825145771156,0.0371500050165618));
#9862=CARTESIAN_POINT('',(0.00349999986971749,-0.00219207151457686,0.0371500050165618));
#9863=CARTESIAN_POINT('',(0.00349999986971749,-0.00219207151457686,0.0371500050165618));
#9864=CARTESIAN_POINT('',(0.00349999986971747,-0.00287641709327018,0.0371500050165618));
#9865=CARTESIAN_POINT('',(0.00349999986971743,-0.00355910103215033,0.0370261035287449));
#9866=CARTESIAN_POINT('',(0.00349999986971738,-0.00421279745674055,0.0368373976253921));
#9867=CARTESIAN_POINT('',(0.00349999986971756,-0.00017134557241317,0.0371500050165618));
#9868=CARTESIAN_POINT('',(0.00349999986971735,-0.000171345572413243,0.0349626124077304));
#9869=CARTESIAN_POINT('',(0.00292744728706675,0.000159217815305307,0.034771761546847));
#9870=CARTESIAN_POINT('',(0.00234629802200558,0.000494744499927741,0.0346500050165619));
#9871=CARTESIAN_POINT('',(0.00174999986971722,0.000839017398668726,0.034650005016562));
#9872=CARTESIAN_POINT('',(0.00174999986971722,0.000839017398668726,0.034650005016562));
#9873=CARTESIAN_POINT('',(0.00115592987507809,0.00118200386999113,0.0346500050165621));
#9874=CARTESIAN_POINT('',(0.000571123826661464,0.00151964179946823,0.0347722377554166));
#9875=CARTESIAN_POINT('',(-1.30282779426315E-10,0.00184938036975067,0.0349626124077314));
#9876=CARTESIAN_POINT('',(-1.30282706748988E-10,0.00184938036975063,0.0349626124077319));
#9877=CARTESIAN_POINT('',(-1.30282384967736E-10,0.00184938036975063,0.0371500050165623));
#9878=CARTESIAN_POINT('',(-1.30282430959551E-10,0.00184938036975063,0.0368373976253927));
#9879=CARTESIAN_POINT('',(0.00174999986971758,0.000839017398668735,0.037150005016562));
#9880=CARTESIAN_POINT('',(0.00115592987507845,0.00118200386999114,0.0371500050165621));
#9881=CARTESIAN_POINT('',(0.000571123826661795,0.00151964179946823,0.0370277722777078));
#9882=CARTESIAN_POINT('',(-1.3028249979923E-10,0.00184938036975067,0.0368373976253932));
#9883=CARTESIAN_POINT('',(0.00349999986971763,-0.000171345572413239,0.0368373976253931));
#9884=CARTESIAN_POINT('',(0.00292744728706708,0.000159217815305313,0.0370282484862768));
#9885=CARTESIAN_POINT('',(0.00234629802200594,0.000494744499927748,0.037150005016562));
#9886=CARTESIAN_POINT('',(0.00174999986971758,0.000839017398668735,0.037150005016562));
#9887=CARTESIAN_POINT('',(-1.30282384967736E-10,0.00184938036975063,0.0371500050165623));
#9888=CARTESIAN_POINT('',(-1.30282579899985E-10,0.0018493803697507,0.0349626124077309));
#9889=CARTESIAN_POINT('',(-0.000572552712933208,0.00151881698203218,0.0347717615468475));
#9890=CARTESIAN_POINT('',(-0.0011537019779944,0.00118329029740978,0.0346500050165625));
#9891=CARTESIAN_POINT('',(-0.00175000013028279,0.000839017398668834,0.0346500050165625));
#9892=CARTESIAN_POINT('',(-0.00175000013028279,0.000839017398668834,0.0346500050165625));
#9893=CARTESIAN_POINT('',(-0.0023440701249219,0.000496030927346486,0.0346500050165626));
#9894=CARTESIAN_POINT('',(-0.00292887617333851,0.000158392997869454,0.0347722377554171));
#9895=CARTESIAN_POINT('',(-0.00350000013028273,-0.00017134557241293,0.0349626124077319));
#9896=CARTESIAN_POINT('',(-0.00350000013028277,-0.00017134557241273,0.0349626124077323));
#9897=CARTESIAN_POINT('',(-0.00350000013028245,-0.000171345572412946,0.0371500050165628));
#9898=CARTESIAN_POINT('',(-0.00350000013028249,-0.000171345572412726,0.0368373976253933));
#9899=CARTESIAN_POINT('',(-0.00175000013028241,0.000839017398668844,0.0371500050165625));
#9900=CARTESIAN_POINT('',(-0.00234407012492153,0.000496030927346494,0.0371500050165626));
#9901=CARTESIAN_POINT('',(-0.00292887617333817,0.00015839299786946,0.0370277722777084));
#9902=CARTESIAN_POINT('',(-0.00350000013028246,-0.000171345572412928,0.0368373976253937));
#9903=CARTESIAN_POINT('',(-1.30282308346879E-10,0.0018493803697507,0.0368373976253936));
#9904=CARTESIAN_POINT('',(-0.000572552712932876,0.00151881698203219,0.0370282484862773));
#9905=CARTESIAN_POINT('',(-0.00115370197799403,0.00118329029740979,0.0371500050165625));
#9906=CARTESIAN_POINT('',(-0.00175000013028241,0.000839017398668844,0.0371500050165625));
#9907=CARTESIAN_POINT('',(-0.00350000013028245,-0.000171345572412946,0.0371500050165628));
#9908=CARTESIAN_POINT('',(-0.00350000013028277,-0.000171345572412802,0.0349626124077325));
#9909=CARTESIAN_POINT('',(-0.00350000013028282,-0.000829492461423981,0.034772621765964));
#9910=CARTESIAN_POINT('',(-0.00350000013028286,-0.00150825145771913,0.0346500050165628));
#9911=CARTESIAN_POINT('',(-0.00350000013028288,-0.00219207151457664,0.0346500050165628));
#9912=CARTESIAN_POINT('',(-0.00350000013028288,-0.00219207151457664,0.0346500050165628));
#9913=CARTESIAN_POINT('',(-0.0035000001302829,-0.0028764170932503,0.0346500050165628));
#9914=CARTESIAN_POINT('',(-0.0035000001302829,-0.00355910103215276,0.0347739065043805));
#9915=CARTESIAN_POINT('',(-0.0035000001302829,-0.00421279745674033,0.0349626124077325));
#9916=CARTESIAN_POINT('',(-0.00350000013028251,-0.00219207151457663,0.0371500050165628));
#9917=CARTESIAN_POINT('',(-0.00350000013028253,-0.00287641709325029,0.0371500050165628));
#9918=CARTESIAN_POINT('',(-0.00350000013028257,-0.00355910103215275,0.0370261035287451));
#9919=CARTESIAN_POINT('',(-0.00350000013028262,-0.00421279745674032,0.0368373976253932));
#9920=CARTESIAN_POINT('',(-0.00350000013028249,-0.000171345572412792,0.0368373976253931));
#9921=CARTESIAN_POINT('',(-0.00350000013028248,-0.000829492461423968,0.0370273882671616));
#9922=CARTESIAN_POINT('',(-0.00350000013028249,-0.00150825145771913,0.0371500050165628));
#9923=CARTESIAN_POINT('',(-0.00350000013028251,-0.00219207151457663,0.0371500050165628));
#9924=CARTESIAN_POINT('',(-1.30282511612723E-10,-0.00219207151457675,0.0371500050165623));
#9925=CARTESIAN_POINT('',(-1.30282511612723E-10,-0.00219207151457675,0.0371500050165623));
#9926=CARTESIAN_POINT('',(-1.30282511612723E-10,-0.00219207151457675,0.0371500050165623));
#9927=CARTESIAN_POINT('',(-1.30282511612723E-10,-0.00219207151457675,0.0371500050165623));
#9928=CARTESIAN_POINT('',(-1.30282511612723E-10,-0.00219207151457675,0.0371500050165623));
#9929=CARTESIAN_POINT('',(-1.30282511612723E-10,-0.00219207151457675,0.0371500050165623));
#9930=CARTESIAN_POINT('',(-1.30282511612723E-10,-0.00219207151457675,0.0371500050165623));
#9931=CARTESIAN_POINT('',(-1.302828793741E-10,-0.00219207151457676,0.0346500050165623));
#9932=CARTESIAN_POINT('',(-1.302828793741E-10,-0.00219207151457676,0.0346500050165623));
#9933=CARTESIAN_POINT('',(-1.302828793741E-10,-0.00219207151457676,0.0346500050165623));
#9934=CARTESIAN_POINT('',(-1.302828793741E-10,-0.00219207151457676,0.0346500050165623));
#9935=CARTESIAN_POINT('',(-1.302828793741E-10,-0.00219207151457676,0.0346500050165623));
#9936=CARTESIAN_POINT('',(-1.302828793741E-10,-0.00219207151457676,0.0346500050165623));
#9937=CARTESIAN_POINT('',(-1.30282511612723E-10,-0.00219207151457675,0.0371500050165623));
#9938=CARTESIAN_POINT('',(-1.302828793741E-10,-0.00219207151457676,0.0346500050165623));
#9939=CARTESIAN_POINT('',(0.,0.,0.));
#9940=CARTESIAN_POINT('',(-0.00138707071109259,-0.00299857803965135,0.0302465912635516));
#9941=CARTESIAN_POINT('',(-0.00190949638543886,-0.00362118071391687,0.0302465912635517));
#9942=CARTESIAN_POINT('',(-0.00190949638543871,-0.00362118071391686,0.0309965912635518));
#9943=CARTESIAN_POINT('',(-0.00190949638543883,-0.00362118071391687,0.0303965912635518));
#9944=CARTESIAN_POINT('',(-0.00138707071109256,-0.00299857803965135,0.0303965912635516));
#9945=CARTESIAN_POINT('',(-0.00196323450313284,-0.00368522330873794,0.0303965912635518));
#9946=CARTESIAN_POINT('',(-0.00196323450313287,-0.00368522330873794,0.0302465912635518));
#9947=CARTESIAN_POINT('',(-0.00196323450313121,-0.00368522330873784,0.0382465912635518));
#9948=CARTESIAN_POINT('',(-0.00138707071109093,-0.00299857803965124,0.0382465912635516));
#9949=CARTESIAN_POINT('',(-0.00134205279908543,-0.0029449277812876,0.0382465912635516));
#9950=CARTESIAN_POINT('',(-0.00134205279908708,-0.00294492778128772,0.0302465912635516));
#9951=CARTESIAN_POINT('',(-0.00134205279908682,-0.0029449277812877,0.0314965912635517));
#9952=CARTESIAN_POINT('',(-0.00171893139368975,-0.00339407420037751,0.0314965912635517));
#9953=CARTESIAN_POINT('',(-0.00158582270290407,-0.00323544143992818,0.0314965912635517));
#9954=CARTESIAN_POINT('',(-0.00190949638543871,-0.00362118071391686,0.0309965912635518));
#9955=CARTESIAN_POINT('',(-0.00190949638543866,-0.00362118071391686,0.0312617098520587));
#9956=CARTESIAN_POINT('',(-0.00175619932097952,-0.00343848838661362,0.0314965912635517));
#9957=CARTESIAN_POINT('',(-0.00158582270290407,-0.00323544143992819,0.0314965912635517));
#9958=CARTESIAN_POINT('',(0.000374687339655351,-0.00181193277056486,0.0302465912635513));
#9959=CARTESIAN_POINT('',(0.00194656473932429,-0.00368522330873827,0.0302465912635509));
#9960=CARTESIAN_POINT('',(0.00194656473932432,-0.00368522330873826,0.0303965912635509));
#9961=CARTESIAN_POINT('',(0.00194656473932595,-0.00368522330873816,0.0382465912635509));
#9962=CARTESIAN_POINT('',(0.00189282662163032,-0.00362118071391718,0.030396591263551));
#9963=CARTESIAN_POINT('',(0.00189282662163032,-0.00362118071391718,0.030396591263551));
#9964=CARTESIAN_POINT('',(0.00189282662163049,-0.00362118071391717,0.031246591263551));
#9965=CARTESIAN_POINT('',(0.00189282662163044,-0.00362118071391717,0.030996591263551));
#9966=CARTESIAN_POINT('',(0.00156915293909608,-0.00323544143992844,0.0314965912635511));
#9967=CARTESIAN_POINT('',(0.00173951235464537,-0.00343846788544159,0.031496591263551));
#9968=CARTESIAN_POINT('',(0.00189282662163049,-0.00362118071391716,0.0312616772324055));
#9969=CARTESIAN_POINT('',(0.00189282662163044,-0.00362118071391717,0.030996591263551));
#9970=CARTESIAN_POINT('',(0.00156915293909608,-0.00323544143992844,0.0314965912635511));
#9971=CARTESIAN_POINT('',(0.00037468733965561,-0.00181193277056484,0.0314965912635512));
#9972=CARTESIAN_POINT('',(0.00132538303527888,-0.00294492778128791,0.0314965912635511));
#9973=CARTESIAN_POINT('',(0.00132538303528028,-0.00294492778128782,0.0382465912635511));
#9974=CARTESIAN_POINT('',(0.00132538303528028,-0.00294492778128782,0.0382465912635511));
#9975=CARTESIAN_POINT('',(0.00037468733965701,-0.00181193277056475,0.0382465912635512));
#9976=CARTESIAN_POINT('',(0.000262215307481545,-0.00215862301362382,0.0302465912635513));
#9977=CARTESIAN_POINT('',(0.00170131551085053,-0.00378187761633879,0.030246591263551));
#9978=CARTESIAN_POINT('',(0.00162933023115559,-0.00371246494093119,0.030246591263551));
#9979=CARTESIAN_POINT('',(0.00177791995516244,-0.00371759885537015,0.030246591263551));
#9980=CARTESIAN_POINT('',(0.00183165807285643,-0.00378164145019124,0.030246591263551));
#9981=CARTESIAN_POINT('',(0.00184832670282079,-0.00380150634983489,0.030246591263551));
#9982=CARTESIAN_POINT('',(-8.33488190416496E-6,-0.00213332657540809,0.0302465912635514));
#9983=CARTESIAN_POINT('',(-0.00186499646662939,-0.00380150634983458,0.0302465912635517));
#9984=CARTESIAN_POINT('',(-0.00017712168021927,-0.00178997550928147,0.0302465912635514));
#9985=CARTESIAN_POINT('',(-0.00179458971897102,-0.00371759885536987,0.0302465912635517));
#9986=CARTESIAN_POINT('',(-0.00171798527465913,-0.00378187761633853,0.0302465912635517));
#9987=CARTESIAN_POINT('',(-0.00164599999496418,-0.00371246494093093,0.0302465912635517));
#9988=CARTESIAN_POINT('',(-8.33488190416474E-6,-0.00213332657540809,0.0302465912635514));
#9989=CARTESIAN_POINT('',(-8.33488190416496E-6,-0.00213332657540809,0.0302465912635514));
#9990=CARTESIAN_POINT('',(0.00184832670282079,-0.00380150634983489,0.030246591263551));
#9991=CARTESIAN_POINT('',(0.00190165877922428,-0.00374214846826244,0.030246591263551));
#9992=CARTESIAN_POINT('',(0.00194656473932458,-0.00368522330873832,0.0303167646069734));
#9993=CARTESIAN_POINT('',(0.0019465647393246,-0.00368522330873831,0.030396591263551));
#9994=CARTESIAN_POINT('',(-8.33488190250584E-6,-0.00213332657540798,0.0382465912635514));
#9995=CARTESIAN_POINT('',(-0.00196323450313284,-0.00368522330873794,0.0303965912635518));
#9996=CARTESIAN_POINT('',(-0.00196323450313286,-0.00368522330873794,0.0303167850987391));
#9997=CARTESIAN_POINT('',(-0.00191831355231887,-0.00374216515272473,0.0302465912635501));
#9998=CARTESIAN_POINT('',(-0.00186499646662978,-0.00380150634983432,0.0302465912635498));
#9999=CARTESIAN_POINT('',(0.000262215307483204,-0.00215862301362371,0.0382465912635513));
#10000=CARTESIAN_POINT('',(0.00113387192450053,-0.00310562468370944,0.0382465912635511));
#10001=CARTESIAN_POINT('',(0.000943504123433355,-0.00294357499899253,0.0382465912635511));
#10002=CARTESIAN_POINT('',(-8.3348819025054E-6,-0.00213332657540798,0.0382465912635514));
#10003=CARTESIAN_POINT('',(-0.000960173887238496,-0.00294357499899237,0.0382465912635516));
#10004=CARTESIAN_POINT('',(-0.00115054168830569,-0.00310562468370925,0.0382465912635516));
#10005=CARTESIAN_POINT('',(-8.33488190397242E-6,-0.00231882657540808,0.0312465912635514));
#10006=CARTESIAN_POINT('',(-0.000936251711975834,-0.00285024383455962,0.0312465912635515));
#10007=CARTESIAN_POINT('',(-0.00139431159212438,-0.00339613834234984,0.0312465912635516));
#10008=CARTESIAN_POINT('',(-0.00115054168830715,-0.00310562468370935,0.0312465912635516));
#10009=CARTESIAN_POINT('',(-8.33488190395713E-6,-0.00213332657540808,0.0312465912635514));
#10010=CARTESIAN_POINT('',(0.00113387192449907,-0.00310562468370953,0.0312465912635512));
#10011=CARTESIAN_POINT('',(0.000274517147967674,-0.00208148554146508,0.0312465912635513));
#10012=CARTESIAN_POINT('',(0.00137764182831626,-0.00339613834235006,0.0312465912635511));
#10013=CARTESIAN_POINT('',(-8.33488190395735E-6,-0.00213332657540808,0.0312465912635514));
#10014=CARTESIAN_POINT('',(-8.33488190395735E-6,-0.00213332657540808,0.0312465912635514));
#10015=CARTESIAN_POINT('',(0.0015213523116134,-0.00360834592781976,0.031246591263551));
#10016=CARTESIAN_POINT('',(0.00152135231161335,-0.00360834592781977,0.030996591263551));
#10017=CARTESIAN_POINT('',(0.00152135231161322,-0.00360834592781978,0.030396591263551));
#10018=CARTESIAN_POINT('',(-8.33488190413363E-6,-0.00213332657540809,0.0303965912635514));
#10019=CARTESIAN_POINT('',(-0.00153802207542173,-0.00360834592781952,0.0303965912635517));
#10020=CARTESIAN_POINT('',(-0.00153802207542155,-0.00360834592781952,0.0312465912635517));
#10021=CARTESIAN_POINT('',(-0.00153802207542161,-0.00360834592781952,0.0309965912635517));
#10022=CARTESIAN_POINT('',(-8.3348819040092E-6,-0.00213332657540808,0.0309965912635514));
#10023=CARTESIAN_POINT('',(-8.33488190769015E-6,-0.00213332657540832,0.0132465912635513));
#10024=CARTESIAN_POINT('',(0.00094350412342817,-0.00294357499899287,0.0132465912635512));
#10025=CARTESIAN_POINT('',(0.000943504123431954,-0.00294357499899262,0.0314965912635512));
#10026=CARTESIAN_POINT('',(-8.33488190390529E-6,-0.00213332657540807,0.0314965912635514));
#10027=CARTESIAN_POINT('',(-0.000960173887239896,-0.00294357499899247,0.0314965912635516));
#10028=CARTESIAN_POINT('',(-0.000960173887243681,-0.00294357499899272,0.0132465912635516));
#10029=CARTESIAN_POINT('',(-0.00115054168831088,-0.00310562468370959,0.0132465912635516));
#10030=CARTESIAN_POINT('',(-0.00115054168830709,-0.00310562468370934,0.0314965912635516));
#10031=CARTESIAN_POINT('',(-0.00115054168830709,-0.00310562468370934,0.0314965912635516));
#10032=CARTESIAN_POINT('',(-0.00115054168830709,-0.00310562468370934,0.0314965912635516));
#10033=CARTESIAN_POINT('',(-0.00115054168830709,-0.00310562468370934,0.0314965912635516));
#10034=CARTESIAN_POINT('',(0.00113387192449534,-0.00310562468370978,0.0132465912635511));
#10035=CARTESIAN_POINT('',(0.00113387192449913,-0.00310562468370953,0.0314965912635512));
#10036=CARTESIAN_POINT('',(-8.33488190390529E-6,-0.00213332657540807,0.0314965912635514));
#10037=CARTESIAN_POINT('',(0.00113387192449913,-0.00310562468370953,0.0314965912635512));
#10038=CARTESIAN_POINT('',(-0.000291186911775528,-0.00208148554146503,0.0314965912635514));
#10039=CARTESIAN_POINT('',(-0.00139431159212433,-0.00339613834234984,0.0314965912635517));
#10040=CARTESIAN_POINT('',(-0.00171798527465892,-0.00378187761633851,0.0312465912635518));
#10041=CARTESIAN_POINT('',(-0.0017179852746591,-0.00378187761633852,0.0303965912635518));
#10042=CARTESIAN_POINT('',(-0.00171798527465898,-0.00378187761633852,0.0309965912635518));
#10043=CARTESIAN_POINT('',(0.00113387192449913,-0.00310562468370953,0.0314965912635512));
#10044=CARTESIAN_POINT('',(0.00113387192449913,-0.00310562468370953,0.0314965912635512));
#10045=CARTESIAN_POINT('',(-0.00139431159212438,-0.00339613834234984,0.0312465912635516));
#10046=CARTESIAN_POINT('',(-0.00158582270290411,-0.00323544143992819,0.0312465912635517));
#10047=CARTESIAN_POINT('',(-0.00158582270290406,-0.00323544143992818,0.0314965912635517));
#10048=CARTESIAN_POINT('',(-0.00146766502135497,-0.00351082727365921,0.0312465912635517));
#10049=CARTESIAN_POINT('',(-0.00167575663650386,-0.0033426205283919,0.031228425595419));
#10050=CARTESIAN_POINT('',(-0.00175635334074003,-0.00343867194021655,0.0314965910964312));
#10051=CARTESIAN_POINT('',(-0.00153802207884444,-0.00360834592428592,0.0311275246495366));
#10052=CARTESIAN_POINT('',(-0.0017308917491486,-0.00340832799696426,0.031112120645482));
#10053=CARTESIAN_POINT('',(-0.00190949635167487,-0.00362118067367876,0.0312584580355202));
#10054=CARTESIAN_POINT('',(-0.00153802207542866,-0.00360834592782774,0.0309965912635509));
#10055=CARTESIAN_POINT('',(-0.00173089176403691,-0.00340832801470738,0.030996591263551));
#10056=CARTESIAN_POINT('',(-0.00190949638544567,-0.00362118071392517,0.0309965912635502));
#10057=CARTESIAN_POINT('',(-0.00139431159212438,-0.00339613834234984,0.0312465912635516));
#10058=CARTESIAN_POINT('',(-0.00146637577546557,-0.0035088115501969,0.0312465912635517));
#10059=CARTESIAN_POINT('',(-0.0015380220754222,-0.0036083459278203,0.0311304473421195));
#10060=CARTESIAN_POINT('',(-0.0015380220754223,-0.00360834592782041,0.0309965912635519));
#10061=CARTESIAN_POINT('',(0.000183176228875852,-0.00197262967298645,0.0314965912635513));
#10062=CARTESIAN_POINT('',(0.00137764182831632,-0.00339613834235006,0.0314965912635511));
#10063=CARTESIAN_POINT('',(-8.3348819040092E-6,-0.00213332657540808,0.0309965912635514));
#10064=CARTESIAN_POINT('',(0.00152135231161335,-0.00360834592781977,0.030996591263551));
#10065=CARTESIAN_POINT('',(0.00152135231161338,-0.00360834592781977,0.0311304344131224));
#10066=CARTESIAN_POINT('',(0.00144970631648235,-0.00350881202679451,0.0312465912635511));
#10067=CARTESIAN_POINT('',(0.00137764182831626,-0.00339613834235006,0.0312465912635511));
#10068=CARTESIAN_POINT('',(0.00152135231161335,-0.00360834592781976,0.030996591263551));
#10069=CARTESIAN_POINT('',(0.00171422200022163,-0.00340832801469924,0.030996591263551));
#10070=CARTESIAN_POINT('',(0.00189282662163044,-0.00362118071391717,0.030996591263551));
#10071=CARTESIAN_POINT('',(0.00152135232343363,-0.00360834591556142,0.031129254291775));
#10072=CARTESIAN_POINT('',(0.00171422195440457,-0.00340832796009685,0.0311136467980287));
#10073=CARTESIAN_POINT('',(0.00189282650521834,-0.00362118057518255,0.0312619173200002));
#10074=CARTESIAN_POINT('',(0.00145008455456088,-0.0035094033861243,0.0312465912635548));
#10075=CARTESIAN_POINT('',(0.00165793029372178,-0.00334124217124527,0.0312286592683331));
#10076=CARTESIAN_POINT('',(0.00173756639801843,-0.00343614878464041,0.0314965912093466));
#10077=CARTESIAN_POINT('',(0.00137764182831616,-0.00339613834234989,0.0312465912635547));
#10078=CARTESIAN_POINT('',(0.00156915293909589,-0.00323544143992829,0.0312465912635547));
#10079=CARTESIAN_POINT('',(0.00156915293909582,-0.00323544143992814,0.0314965912635546));
#10080=CARTESIAN_POINT('',(0.00170131551085069,-0.00378187761633879,0.030996591263551));
#10081=CARTESIAN_POINT('',(0.00170131551085074,-0.00378187761633879,0.031246591263551));
#10082=CARTESIAN_POINT('',(0.00170131551085056,-0.00378187761633879,0.030396591263551));
#10083=CARTESIAN_POINT('',(-0.000177121680219239,-0.00178997550928146,0.0303965912635514));
#10084=CARTESIAN_POINT('',(-0.001794589718971,-0.00371759885536986,0.0303965912635518));
#10085=CARTESIAN_POINT('',(-0.0017179852746591,-0.00378187761633852,0.0303965912635518));
#10086=CARTESIAN_POINT('',(-0.00164599999496415,-0.00371246494093093,0.0303965912635517));
#10087=CARTESIAN_POINT('',(-8.33488190413363E-6,-0.00213332657540809,0.0303965912635514));
#10088=CARTESIAN_POINT('',(0.00162933023115563,-0.00371246494093119,0.030396591263551));
#10089=CARTESIAN_POINT('',(0.00170131551085056,-0.00378187761633879,0.030396591263551));
#10090=CARTESIAN_POINT('',(0.00177791995516247,-0.00371759885537015,0.030396591263551));
#10091=CARTESIAN_POINT('',(0.000259780673187526,-0.00190835091201783,0.0303965912635513));
#10092=CARTESIAN_POINT('',(0.,0.,0.));
#10093=CARTESIAN_POINT('',(-0.000900000130283019,0.0137648446083175,0.00633833333333333));
#10094=CARTESIAN_POINT('',(-0.000900000130283019,0.0137648446083175,0.00558));
#10095=CARTESIAN_POINT('',(-0.000900000130283019,0.0132648446083175,0.00558));
#10096=CARTESIAN_POINT('',(-0.000900000130283019,0.0137648446083175,0.01143));
#10097=CARTESIAN_POINT('',(-0.000900000130283019,0.0137648446083175,0.011105));
#10098=CARTESIAN_POINT('',(-0.000900000130283019,0.0132648446083175,0.011105));
#10099=CARTESIAN_POINT('',(-0.000900000130283019,0.0137648446083175,0.011105));
#10100=CARTESIAN_POINT('',(-0.000900000130283019,0.0137648446083175,0.0113));
#10101=CARTESIAN_POINT('',(-0.000900000130283019,0.0133170947008416,0.0113));
#10102=CARTESIAN_POINT('',(-0.000900000130283019,0.0137648446083175,0.0105939231552127));
#10103=CARTESIAN_POINT('',(0.,0.,0.));
#10104=CARTESIAN_POINT('',(0.000899999869717015,0.0137648446083175,0.00620833333333333));
#10105=CARTESIAN_POINT('',(0.000899999869717015,0.0137648446083175,0.00545));
#10106=CARTESIAN_POINT('',(0.000899999869717015,0.0132648446083175,0.00545));
#10107=CARTESIAN_POINT('',(0.000899999869717015,0.0137648446083175,0.0113));
#10108=CARTESIAN_POINT('',(0.000899999869717015,0.0137648446083175,0.010975));
#10109=CARTESIAN_POINT('',(0.000899999869717015,0.0132648446083175,0.010975));
#10110=CARTESIAN_POINT('',(0.000899999869717015,0.0137648446083175,0.010975));
#10111=CARTESIAN_POINT('',(0.000899999869717015,0.0137648446083175,0.01117));
#10112=CARTESIAN_POINT('',(0.000899999869717015,0.0133170947008416,0.01117));
#10113=CARTESIAN_POINT('',(0.000899999869717015,0.0137648446083175,0.0104639231552127));
#10114=CARTESIAN_POINT('',(0.,0.,0.));
#10115=CARTESIAN_POINT('',(-1.30284988790128E-10,-0.00219207151457677,0.0205500050165596));
#10116=CARTESIAN_POINT('',(0.000756002195608137,0.000221668101342365,0.0330738608241989));
#10117=CARTESIAN_POINT('',(2.45410885421137E-5,0.000341717335073398,0.0332279430331065));
#10118=CARTESIAN_POINT('',(-0.000703813899214934,0.000234511920557682,0.0330896934497918));
#10119=CARTESIAN_POINT('',(-0.00127962674632436,-2.32763966121769E-5,0.0327407042936114));
#10120=CARTESIAN_POINT('',(-0.00167476548608925,-0.000328287276461348,0.0322295879961769));
#10121=CARTESIAN_POINT('',(-0.00184377119902814,-0.000511112387184804,0.0315708575553946));
#10122=CARTESIAN_POINT('',(-0.00170923872782432,-0.000362274639707204,0.0309012626928753));
#10123=CARTESIAN_POINT('',(-0.0013354309052986,-5.86117408983389E-5,0.0303706488183753));
#10124=CARTESIAN_POINT('',(-0.000772618553385541,0.000214263944324649,0.0299939329963523));
#10125=CARTESIAN_POINT('',(-4.74458927653142E-5,0.0003414224837094,0.0298315421873043));
#10126=CARTESIAN_POINT('',(0.000688004033142857,0.000241103004163819,0.0299593976072694));
#10127=CARTESIAN_POINT('',(0.00127612596032209,-2.09983502902647E-5,0.0303144336549581));
#10128=CARTESIAN_POINT('',(0.00167452342319809,-0.000327858986884088,0.0308286668202302));
#10129=CARTESIAN_POINT('',(0.00184448750868203,-0.000511876010615316,0.0314910864128056));
#10130=CARTESIAN_POINT('',(0.00170700247575521,-0.000360049363722262,0.0321607354367362));
#10131=CARTESIAN_POINT('',(0.00133230284486539,-5.65442369418432E-5,0.0326916730439289));
#10132=CARTESIAN_POINT('',(0.000756002195608137,0.000221668101342365,0.0330738608241989));
#10133=CARTESIAN_POINT('',(2.45410885421137E-5,0.000341717335073398,0.0332279430331065));
#10134=CARTESIAN_POINT('',(-0.000703813899214934,0.000234511920557682,0.0330896934497918));
#10135=CARTESIAN_POINT('',(-1.30282165284016E-10,0.000303928485423402,0.033179321053693));
#10136=CARTESIAN_POINT('',(-1.30284221448382E-10,-0.00219207151457672,0.0242500050165596));
#10137=CARTESIAN_POINT('',(-0.00195489975151293,-0.00374396824790657,0.02425000501656));
#10138=CARTESIAN_POINT('',(0.00195489949094423,-0.00374396824790689,0.0242500050165592));
#10139=CARTESIAN_POINT('',(-0.00195489975151369,-0.00374396824790662,0.02055000501656));
#10140=CARTESIAN_POINT('',(-0.00195489975151106,-0.00374396824790645,0.03325000501656));
#10141=CARTESIAN_POINT('',(-1.30282354941433E-10,-0.0021920715145766,0.0332500050165596));
#10142=CARTESIAN_POINT('',(0.0019548994909461,-0.00374396824790677,0.0332500050165591));
#10143=CARTESIAN_POINT('',(0.00195489949094347,-0.00374396824790694,0.0205500050165591));
#10144=CARTESIAN_POINT('',(-0.000516880562282994,-0.00358592753978632,0.0387500050165597));
#10145=CARTESIAN_POINT('',(-0.000516880562284756,-0.00358592753978644,0.0302500050165597));
#10146=CARTESIAN_POINT('',(-0.000838274367128057,-0.0039689497613459,0.0302500050165598));
#10147=CARTESIAN_POINT('',(-0.00118885530839276,-0.00438675585759309,0.0302500050165599));
#10148=CARTESIAN_POINT('',(-0.000838274367126295,-0.00396894976134578,0.0387500050165597));
#10149=CARTESIAN_POINT('',(-0.000838274367129613,-0.003968949761346,0.0227500050165598));
#10150=CARTESIAN_POINT('',(-0.000516880562286312,-0.00358592753978654,0.0227500050165597));
#10151=CARTESIAN_POINT('',(-0.00145706182832248,-0.00470639194127473,0.0227500050165599));
#10152=CARTESIAN_POINT('',(-0.00145706182832294,-0.00470639194127476,0.0205500050165599));
#10153=CARTESIAN_POINT('',(-0.00145706182832217,-0.00470639194127471,0.0242500050165599));
#10154=CARTESIAN_POINT('',(0.000383022091275242,-0.00251346531942002,0.0242500050165595));
#10155=CARTESIAN_POINT('',(-0.001188855308394,-0.00438675585759318,0.0242500050165599));
#10156=CARTESIAN_POINT('',(-0.00118885530839477,-0.00438675585759322,0.0205500050165599));
#10157=CARTESIAN_POINT('',(-1.30284988790128E-10,-0.00219207151457677,0.0205500050165596));
#10158=CARTESIAN_POINT('',(0.00118885504782443,-0.00438675585759342,0.0205500050165594));
#10159=CARTESIAN_POINT('',(0.0011888550478252,-0.00438675585759337,0.0242500050165594));
#10160=CARTESIAN_POINT('',(0.00118885504782644,-0.00438675585759329,0.0302500050165594));
#10161=CARTESIAN_POINT('',(-1.30282977110416E-10,-0.00219207151457664,0.0302500050165595));
#10162=CARTESIAN_POINT('',(0.000499999869716824,-0.00463747863814527,0.0302500050165595));
#10163=CARTESIAN_POINT('',(0.000499999869714813,-0.0046374786381454,0.0205500050165595));
#10164=CARTESIAN_POINT('',(0.00049999986971558,-0.00463747863814535,0.0242500050165595));
#10165=CARTESIAN_POINT('',(-1.30284221448382E-10,-0.00219207151457672,0.0242500050165596));
#10166=CARTESIAN_POINT('',(0.000516880301720339,-0.00358592753978641,0.0387500050165594));
#10167=CARTESIAN_POINT('',(0.000838274106563474,-0.00396894976134592,0.0382500050165594));
#10168=CARTESIAN_POINT('',(0.000838274106560259,-0.00396894976134614,0.0227500050165594));
#10169=CARTESIAN_POINT('',(0.000838274106561815,-0.00396894976134604,0.0302500050165594));
#10170=CARTESIAN_POINT('',(0.000516880301718577,-0.00358592753978652,0.0302500050165595));
#10171=CARTESIAN_POINT('',(-0.000383022351843736,-0.00251346531941996,0.0242500050165597));
#10172=CARTESIAN_POINT('',(0.00145706156775332,-0.00470639194127495,0.0242500050165593));
#10173=CARTESIAN_POINT('',(0.00145706156775255,-0.004706391941275,0.0205500050165593));
#10174=CARTESIAN_POINT('',(0.00145706156775301,-0.00470639194127497,0.0227500050165593));
#10175=CARTESIAN_POINT('',(0.000516880301717021,-0.00358592753978663,0.0227500050165595));
#10176=CARTESIAN_POINT('',(-1.30284988790128E-10,-0.00219207151457677,0.0205500050165596));
#10177=CARTESIAN_POINT('',(-0.000500000130285188,-0.00463747863814532,0.0205500050165597));
#10178=CARTESIAN_POINT('',(-0.00050000013028442,-0.00463747863814527,0.0242500050165597));
#10179=CARTESIAN_POINT('',(-0.000500000130283176,-0.00463747863814519,0.0302500050165597));
#10180=CARTESIAN_POINT('',(-1.30282977110416E-10,-0.00219207151457664,0.0302500050165595));
#10181=CARTESIAN_POINT('',(-1.30284221448382E-10,-0.00219207151457672,0.0242500050165596));
#10182=CARTESIAN_POINT('',(-0.000500000130281328,-0.00359207151457648,0.0387500050165597));
#10183=CARTESIAN_POINT('',(-0.000500000130281472,-0.00409207151457649,0.0382500050165597));
#10184=CARTESIAN_POINT('',(-0.000500000130284687,-0.0040920715145767,0.0227500050165597));
#10185=CARTESIAN_POINT('',(-0.000500000130283132,-0.0040920715145766,0.0302500050165597));
#10186=CARTESIAN_POINT('',(-0.000500000130283091,-0.0035920715145766,0.0302500050165597));
#10187=CARTESIAN_POINT('',(-0.000500000130284222,-0.00219207151457668,0.0242500050165597));
#10188=CARTESIAN_POINT('',(-0.000500000130284454,-0.0050547339117168,0.0242500050165597));
#10189=CARTESIAN_POINT('',(-0.000500000130285221,-0.00505473391171685,0.0205500050165597));
#10190=CARTESIAN_POINT('',(-0.000500000130284765,-0.00505473391171682,0.0227500050165597));
#10191=CARTESIAN_POINT('',(-0.000500000130284646,-0.0035920715145767,0.0227500050165597));
#10192=CARTESIAN_POINT('',(0.000499999869718672,-0.00359207151457657,0.0387500050165594));
#10193=CARTESIAN_POINT('',(0.000499999869716909,-0.00359207151457668,0.0302500050165595));
#10194=CARTESIAN_POINT('',(0.000499999869716869,-0.00409207151457668,0.0302500050165595));
#10195=CARTESIAN_POINT('',(0.000499999869718631,-0.00409207151457656,0.0387500050165595));
#10196=CARTESIAN_POINT('',(0.000499999869715313,-0.00409207151457678,0.0227500050165595));
#10197=CARTESIAN_POINT('',(0.000499999869715354,-0.00359207151457678,0.0227500050165595));
#10198=CARTESIAN_POINT('',(0.000499999869715235,-0.0050547339117169,0.0227500050165595));
#10199=CARTESIAN_POINT('',(0.000499999869714779,-0.00505473391171693,0.0205500050165595));
#10200=CARTESIAN_POINT('',(0.000499999869715546,-0.00505473391171688,0.0242500050165595));
#10201=CARTESIAN_POINT('',(0.000499999869715779,-0.00219207151457676,0.0242500050165595));
#10202=CARTESIAN_POINT('',(0.00122129632812309,-0.00364755595650268,0.0387500050165593));
#10203=CARTESIAN_POINT('',(0.00122129632812133,-0.00364755595650279,0.0302500050165593));
#10204=CARTESIAN_POINT('',(0.000899902523278091,-0.00326453373494328,0.0302500050165594));
#10205=CARTESIAN_POINT('',(0.00122129632811977,-0.0036475559565029,0.0227500050165593));
#10206=CARTESIAN_POINT('',(0.00160431854967929,-0.00332616215165966,0.0227500050165593));
#10207=CARTESIAN_POINT('',(0.00160431854968261,-0.00332616215165944,0.0387500050165592));
#10208=CARTESIAN_POINT('',(0.00160431854968095,-0.00332616215165955,0.0307500050165593));
#10209=CARTESIAN_POINT('',(0.00122129632812143,-0.00364755595650279,0.0307500050165593));
#10210=CARTESIAN_POINT('',(-1.30281368678402E-10,-0.00409207151457652,0.0387500050165596));
#10211=CARTESIAN_POINT('',(-1.30283131490521E-10,-0.00409207151457664,0.0302500050165596));
#10212=CARTESIAN_POINT('',(-1.30284686912978E-10,-0.00409207151457674,0.0227500050165596));
#10213=CARTESIAN_POINT('',(-0.00122129658868576,-0.00364755595650248,0.0387500050165598));
#10214=CARTESIAN_POINT('',(-0.00122129658868752,-0.00364755595650259,0.0302500050165599));
#10215=CARTESIAN_POINT('',(-0.000899902783844219,-0.00326453373494314,0.0302500050165598));
#10216=CARTESIAN_POINT('',(-0.00122129658868742,-0.00364755595650259,0.0307500050165599));
#10217=CARTESIAN_POINT('',(-0.00160431881024688,-0.00332616215165929,0.0307500050165599));
#10218=CARTESIAN_POINT('',(-0.00160431881024533,-0.00332616215165919,0.0382500050165599));
#10219=CARTESIAN_POINT('',(-0.00160431881024854,-0.0033261621516594,0.0227500050165599));
#10220=CARTESIAN_POINT('',(-0.00122129658868907,-0.0036475559565027,0.0227500050165599));
#10221=CARTESIAN_POINT('',(-0.00270500013028422,-0.0021920715145765,0.0242500050165601));
#10222=CARTESIAN_POINT('',(-1.30284221448382E-10,-0.00219207151457672,0.0242500050165596));
#10223=CARTESIAN_POINT('',(-0.0022231062714411,-0.00406360433158811,0.0242500050165601));
#10224=CARTESIAN_POINT('',(0.00222310601087235,-0.00406360433158847,0.0242500050165591));
#10225=CARTESIAN_POINT('',(-0.000383022351843685,-0.00187067770973342,0.0242500050165597));
#10226=CARTESIAN_POINT('',(0.000383022091275294,-0.00187067770973348,0.0242500050165595));
#10227=CARTESIAN_POINT('',(-0.00128292500540192,-0.00294313993009972,0.0387500050165598));
#10228=CARTESIAN_POINT('',(-0.000652703774949012,-0.00219207151457658,0.0307500050165597));
#10229=CARTESIAN_POINT('',(-0.000802572167431017,-0.00237067770973329,0.0307500050165597));
#10230=CARTESIAN_POINT('',(-0.000802572167429358,-0.00237067770973319,0.0387500050165597));
#10231=CARTESIAN_POINT('',(-0.000802572167429461,-0.0023706777097332,0.0382500050165597));
#10232=CARTESIAN_POINT('',(-0.000383022351840781,-0.00187067770973323,0.0382500050165596));
#10233=CARTESIAN_POINT('',(-0.00195489975151003,-0.00374396824790638,0.03825000501656));
#10234=CARTESIAN_POINT('',(-0.00195489975151369,-0.00374396824790662,0.02055000501656));
#10235=CARTESIAN_POINT('',(-0.00222310627144186,-0.00406360433158816,0.0205500050165601));
#10236=CARTESIAN_POINT('',(-0.00222310627144141,-0.00406360433158813,0.02275000501656));
#10237=CARTESIAN_POINT('',(-0.00128292500540524,-0.00294313993009994,0.0227500050165599));
#10238=CARTESIAN_POINT('',(-0.000899902783845775,-0.00326453373494324,0.0227500050165598));
#10239=CARTESIAN_POINT('',(-0.00122129658868907,-0.0036475559565027,0.0227500050165599));
#10240=CARTESIAN_POINT('',(-0.00145706182832248,-0.00470639194127473,0.0227500050165599));
#10241=CARTESIAN_POINT('',(-0.0014570618283225,-0.00470639194127473,0.0226176279783836));
#10242=CARTESIAN_POINT('',(-0.00155411348862172,-0.00465346126798119,0.0223590478953009));
#10243=CARTESIAN_POINT('',(-0.00187440016034894,-0.00442679709283664,0.0221955682660172));
#10244=CARTESIAN_POINT('',(-0.00215414847328563,-0.00415002622064419,0.0223587100427375));
#10245=CARTESIAN_POINT('',(-0.00222310627144144,-0.00406360433158813,0.0226176278036377));
#10246=CARTESIAN_POINT('',(-0.00222310627144141,-0.00406360433158813,0.02275000501656));
#10247=CARTESIAN_POINT('',(-1.30284988790128E-10,-0.00219207151457677,0.0205500050165596));
#10248=CARTESIAN_POINT('',(-1.30281317993128E-10,-0.00219207151457653,0.0382500050165595));
#10249=CARTESIAN_POINT('',(0.00195489949094714,-0.0037439682479067,0.0382500050165591));
#10250=CARTESIAN_POINT('',(0.00195489949094347,-0.00374396824790694,0.0205500050165591));
#10251=CARTESIAN_POINT('',(-0.00270500013028422,-0.0021920715145765,0.0242500050165601));
#10252=CARTESIAN_POINT('',(-1.30284221448382E-10,-0.00219207151457672,0.0242500050165596));
#10253=CARTESIAN_POINT('',(0.00128292474483937,-0.00294313993009993,0.0387500050165593));
#10254=CARTESIAN_POINT('',(0.000383022091278197,-0.00187067770973329,0.0382500050165594));
#10255=CARTESIAN_POINT('',(0.000802571906866797,-0.00237067770973332,0.0382500050165594));
#10256=CARTESIAN_POINT('',(0.000802571906865137,-0.00237067770973344,0.0302500050165594));
#10257=CARTESIAN_POINT('',(0.000802571906865241,-0.00237067770973343,0.0307500050165594));
#10258=CARTESIAN_POINT('',(0.00128292474483771,-0.00294313993010004,0.0307500050165593));
#10259=CARTESIAN_POINT('',(0.00128292474483605,-0.00294313993010015,0.0227500050165593));
#10260=CARTESIAN_POINT('',(0.00222310601087204,-0.00406360433158849,0.0227500050165591));
#10261=CARTESIAN_POINT('',(0.00222310601087158,-0.00406360433158852,0.0205500050165591));
#10262=CARTESIAN_POINT('',(0.000899902523276535,-0.00326453373494339,0.0227500050165594));
#10263=CARTESIAN_POINT('',(0.00122129632811977,-0.0036475559565029,0.0227500050165593));
#10264=CARTESIAN_POINT('',(0.00222310601087204,-0.00406360433158849,0.0227500050165591));
#10265=CARTESIAN_POINT('',(0.00222310601087201,-0.0040636043315885,0.0226176279783829));
#10266=CARTESIAN_POINT('',(0.0021541266294898,-0.00414999024413372,0.0223590478953001));
#10267=CARTESIAN_POINT('',(0.00187528879560086,-0.00442605122068091,0.0221955682660164));
#10268=CARTESIAN_POINT('',(0.00155414491011099,-0.00465348877056554,0.0223587100427367));
#10269=CARTESIAN_POINT('',(0.00145706156775299,-0.00470639194127498,0.022617627803637));
#10270=CARTESIAN_POINT('',(0.00145706156775301,-0.00470639194127498,0.0227500050165593));
#10271=CARTESIAN_POINT('',(-1.30284988790128E-10,-0.00219207151457677,0.0205500050165596));
#10272=CARTESIAN_POINT('',(-1.30285756131873E-10,-0.00219207151457682,0.0168500050165596));
#10273=CARTESIAN_POINT('',(-0.00290600013028576,-0.00219207151457658,0.0168500050165602));
#10274=CARTESIAN_POINT('',(-1.30284221448382E-10,-0.00219207151457672,0.0242500050165596));
#10275=CARTESIAN_POINT('',(0.000499999869715235,-0.0050547339117169,0.0227500050165595));
#10276=CARTESIAN_POINT('',(0.000499999869715217,-0.0050547339117169,0.0226176279783832));
#10277=CARTESIAN_POINT('',(0.000391630803682062,-0.00507657026830963,0.0223590478953004));
#10278=CARTESIAN_POINT('',(5.80055257597997E-7,-0.00510881174061999,0.0221955682660168));
#10279=CARTESIAN_POINT('',(-0.000391624472706908,-0.00507661170134621,0.0223587100427371));
#10280=CARTESIAN_POINT('',(-0.0005000001302848,-0.00505473391171682,0.0226176278036374));
#10281=CARTESIAN_POINT('',(-0.000500000130284765,-0.00505473391171682,0.0227500050165597));
#10282=CARTESIAN_POINT('',(-0.00125000013028132,-0.00219207151457643,0.0382500050165598));
#10283=CARTESIAN_POINT('',(-1.30281317776287E-10,-0.00219207151457653,0.0382500050165595));
#10284=CARTESIAN_POINT('',(0.000419549685307323,-0.00219207151457656,0.0382500050165594));
#10285=CARTESIAN_POINT('',(-0.000419549945869958,-0.00219207151457649,0.0382500050165596));
#10286=CARTESIAN_POINT('',(0.000419549685307282,-0.00269207151457656,0.0382500050165594));
#10287=CARTESIAN_POINT('',(-0.000419549945869998,-0.0026920715145765,0.0382500050165596));
#10288=CARTESIAN_POINT('',(-0.00270500013028422,-0.0021920715145765,0.0242500050165601));
#10289=CARTESIAN_POINT('',(-0.00308000013028576,-0.00219207151457657,0.0168500050165602));
#10290=CARTESIAN_POINT('',(-1.30285756131873E-10,-0.00219207151457682,0.0168500050165596));
#10291=CARTESIAN_POINT('',(-0.00325000013028576,-0.00219207151457656,0.0168500050165602));
#10292=CARTESIAN_POINT('',(-1.30284988790128E-10,-0.00219207151457677,0.0205500050165596));
#10293=CARTESIAN_POINT('',(-1.30285963521534E-10,-0.00219207151457683,0.0158500050165596));
#10294=CARTESIAN_POINT('',(-0.00325000013028596,-0.00219207151457657,0.0158500050165602));
#10295=CARTESIAN_POINT('',(-0.00287500013028596,-0.0021920715145766,0.0158500050165602));
#10296=CARTESIAN_POINT('',(-1.30285963521534E-10,-0.00219207151457683,0.0158500050165596));
#10297=CARTESIAN_POINT('',(-0.00249600013028596,-0.00219207151457663,0.0158500050165601));
#10298=CARTESIAN_POINT('',(-1.30284988790128E-10,-0.00219207151457677,0.0205500050165596));
#10299=CARTESIAN_POINT('',(-1.30286585690517E-10,-0.00219207151457687,0.0128500050165595));
#10300=CARTESIAN_POINT('',(-0.00249600013028659,-0.00219207151457667,0.0128500050165601));
#10301=CARTESIAN_POINT('',(-1.30284646286635E-10,-0.00359207151457674,0.0227500050165595));
#10302=CARTESIAN_POINT('',(-1.30284686912978E-10,-0.00409207151457674,0.0227500050165596));
#10303=CARTESIAN_POINT('',(0.00122129632811977,-0.0036475559565029,0.0227500050165593));
#10304=CARTESIAN_POINT('',(-1.30284686912978E-10,-0.00409207151457674,0.0227500050165596));
#10305=CARTESIAN_POINT('',(-0.00122129658868907,-0.0036475559565027,0.0227500050165599));
#10306=CARTESIAN_POINT('',(-1.30282990166012E-10,-0.00235275045973059,0.0302500050165595));
#10307=CARTESIAN_POINT('',(-1.30283017740282E-10,-0.00269207151457664,0.0302500050165595));
#10308=CARTESIAN_POINT('',(0.000419549685305623,-0.00269207151457667,0.0302500050165595));
#10309=CARTESIAN_POINT('',(-0.000419549945871657,-0.00269207151457661,0.0302500050165596));
#10310=CARTESIAN_POINT('',(-0.00122129658868752,-0.00364755595650259,0.0302500050165599));
#10311=CARTESIAN_POINT('',(7.91188051837323E-5,-0.00228636179016134,0.0302500050165595));
#10312=CARTESIAN_POINT('',(-1.30282976893575E-10,-0.00219207151457664,0.0302500050165595));
#10313=CARTESIAN_POINT('',(-0.000419549945871617,-0.00219207151457661,0.0302500050165596));
#10314=CARTESIAN_POINT('',(-0.000419549945871513,-0.0021920715145766,0.0307500050165596));
#10315=CARTESIAN_POINT('',(-1.30282873198745E-10,-0.00219207151457663,0.0307500050165595));
#10316=CARTESIAN_POINT('',(0.000419549685305767,-0.00219207151457666,0.0307500050165595));
#10317=CARTESIAN_POINT('',(0.000419549685307323,-0.00219207151457656,0.0382500050165594));
#10318=CARTESIAN_POINT('',(0.000419549685305623,-0.00269207151457667,0.0302500050165595));
#10319=CARTESIAN_POINT('',(0.000419549685305727,-0.00269207151457667,0.0307500050165595));
#10320=CARTESIAN_POINT('',(7.9118805183836E-5,-0.00228636179016133,0.0307500050165595));
#10321=CARTESIAN_POINT('',(0.000419549685305727,-0.00269207151457667,0.0307500050165595));
#10322=CARTESIAN_POINT('',(0.000419549685305727,-0.00269207151457667,0.0307500050165595));
#10323=CARTESIAN_POINT('',(0.000419549685305727,-0.00269207151457667,0.0307500050165595));
#10324=CARTESIAN_POINT('',(-1.30282914045451E-10,-0.00269207151457663,0.0307500050165595));
#10325=CARTESIAN_POINT('',(-0.000419549945871554,-0.0026920715145766,0.0307500050165596));
#10326=CARTESIAN_POINT('',(-0.000899902783844116,-0.00326453373494313,0.0307500050165598));
#10327=CARTESIAN_POINT('',(-0.000419549945871554,-0.0026920715145766,0.0307500050165596));
#10328=CARTESIAN_POINT('',(-0.000419549945871554,-0.0026920715145766,0.0307500050165596));
#10329=CARTESIAN_POINT('',(-0.000419549945871554,-0.0026920715145766,0.0307500050165596));
#10330=CARTESIAN_POINT('',(-0.000419549945869895,-0.00269207151457649,0.0387500050165596));
#10331=CARTESIAN_POINT('',(-0.00125000013028659,-0.00219207151457678,0.0128500050165598));
#10332=CARTESIAN_POINT('',(-1.30286585690517E-10,-0.00219207151457687,0.0128500050165595));
#10333=CARTESIAN_POINT('',(0.00164999986971341,-0.00219207151457701,0.0128500050165592));
#10334=CARTESIAN_POINT('',(-1.30285258396687E-10,-0.00219207151457679,0.0192500050165596));
#10335=CARTESIAN_POINT('',(-1.30285052786425E-10,-0.00219207151457678,0.020241425037955));
#10336=CARTESIAN_POINT('',(-1.30285258396687E-10,-0.00219207151457679,0.0192500050165596));
#10337=CARTESIAN_POINT('',(0.00164999986971474,-0.00219207151457692,0.0192500050165592));
#10338=CARTESIAN_POINT('',(-1.30286710124314E-10,-0.00219207151457688,0.0122500050165595));
#10339=CARTESIAN_POINT('',(-1.3028260660661E-10,-0.000910442611454795,0.0315293221243562));
#10340=CARTESIAN_POINT('',(-1.30282677364513E-10,-0.00178169050904475,0.0315293221243562));
#10341=CARTESIAN_POINT('',(-1.3028260660661E-10,-0.000910442611454795,0.0315293221243562));
#10342=CARTESIAN_POINT('',(-1.30282305891602E-10,-0.000910442611454775,
0.0329793221243562));
#10343=CARTESIAN_POINT('',(-1.30282507935696E-10,0.000303928485423379,0.0315293221243562));
#10344=CARTESIAN_POINT('',(-0.000429460260146701,6.16452690319001E-5,0.0329398689785533));
#10345=CARTESIAN_POINT('',(-1.1777473959892E-5,0.000129661013058856,0.0330034272122598));
#10346=CARTESIAN_POINT('',(0.000394780090011336,6.87013790659925E-5,0.0329461829174649));
#10347=CARTESIAN_POINT('',(0.000742662222157875,-5.46300699684312E-5,0.0327845086309291));
#10348=CARTESIAN_POINT('',(0.00098674012945437,-0.000178521977966475,0.0326135319691981));
#10349=CARTESIAN_POINT('',(0.00121138242017888,-0.000349786571109877,0.0323414187219837));
#10350=CARTESIAN_POINT('',(0.00129749425769288,-0.000432583704585365,0.0321782236608192));
#10351=CARTESIAN_POINT('',(0.00132159315979153,-0.00045782314175396,0.0321271946651054));
#10352=CARTESIAN_POINT('',(0.00135130889582546,-0.000487408028439722,0.0320568723880003));
#10353=CARTESIAN_POINT('',(0.00138925153115496,-0.000526407002790069,0.031951194212553));
#10354=CARTESIAN_POINT('',(0.0014328157835223,-0.000573732123013605,0.0317845071536825));
#10355=CARTESIAN_POINT('',(0.00145846684607202,-0.000606337045093294,0.0315534186663996));
#10356=CARTESIAN_POINT('',(0.00144066463310296,-0.000583216327260157,0.0313292070868598));
#10357=CARTESIAN_POINT('',(0.00140159593360772,-0.000539051264228476,0.0311440974192437));
#10358=CARTESIAN_POINT('',(0.00134103541440356,-0.000476840840281665,0.0309727266132775));
#10359=CARTESIAN_POINT('',(0.00131524965890188,-0.00045082857341979,0.030917945059209));
#10360=CARTESIAN_POINT('',(0.00126614207344864,-0.000401615563160614,0.0308190422743126));
#10361=CARTESIAN_POINT('',(0.00119003097861858,-0.000334038715030813,0.0306937682958452));
#10362=CARTESIAN_POINT('',(0.000932207260805535,-0.000139209007786027,0.0303777128743791));
#10363=CARTESIAN_POINT('',(0.000548447539497566,3.51393445551216E-5,0.030154047096164));
#10364=CARTESIAN_POINT('',(3.1237502183152E-5,0.000130061030531018,0.0300526995935472));
#10365=CARTESIAN_POINT('',(-0.000364875454770351,7.61367196022577E-5,0.0301034459103896));
#10366=CARTESIAN_POINT('',(-0.000731154217494702,-4.94994940662059E-5,0.0302663296192224));
#10367=CARTESIAN_POINT('',(-0.000983406380951537,-0.00017595207196814,0.0304408735265501));
#10368=CARTESIAN_POINT('',(-0.00121294520992711,-0.00035086451375811,0.0307193449951612));
#10369=CARTESIAN_POINT('',(-0.00129920831461974,-0.000434149337900981,0.0308838439740746));
#10370=CARTESIAN_POINT('',(-0.00132311998235262,-0.000459337549507271,0.0309348574830119));
#10371=CARTESIAN_POINT('',(-0.00135245785664173,-0.000488642945923192,0.031004741887714));
#10372=CARTESIAN_POINT('',(-0.0013900756900875,-0.000527401206477326,0.0311102066549754));
#10373=CARTESIAN_POINT('',(-0.00143320105135199,-0.000574295518754084,0.0312764533395694));
#10374=CARTESIAN_POINT('',(-0.00145851971530522,-0.000606337277223429,0.0315076038007409));
#10375=CARTESIAN_POINT('',(-0.00144031818689276,-0.0005829163103846,0.0317316851472952));
#10376=CARTESIAN_POINT('',(-0.00140120504663315,-0.000538922121280039,0.0319158143363174));
#10377=CARTESIAN_POINT('',(-0.00134092733910543,-0.000477039893543787,0.032086091785764));
#10378=CARTESIAN_POINT('',(-0.00131560011279098,-0.000451419193148589,0.0321399239156782));
#10379=CARTESIAN_POINT('',(-0.0012668784737653,-0.000402488218004,0.0322382264245198));
#10380=CARTESIAN_POINT('',(-0.0011915886070621,-0.000335323102092831,0.0323625764805654));
#10381=CARTESIAN_POINT('',(-0.00101419546550361,-0.000201250528451361,0.0325812929044816));
#10382=CARTESIAN_POINT('',(-0.00080236785107272,-7.97239967824267E-5,0.0327499112574241));
#10383=CARTESIAN_POINT('',(-0.000429460260146701,6.16452690319001E-5,0.0329398689785533));
#10384=CARTESIAN_POINT('',(-1.1777473959892E-5,0.000129661013058856,0.0330034272122598));
#10385=CARTESIAN_POINT('',(0.000394780090011336,6.87013790659925E-5,0.0329461829174649));
#10386=CARTESIAN_POINT('',(-1.30282223115917E-10,0.000103930457708879,0.0329793221243561));
#10387=CARTESIAN_POINT('',(0.000493231074726222,0.000304214296670496,0.0331797013430509));
#10388=CARTESIAN_POINT('',(-0.000493231335290553,0.000303642674176307,0.033178940764335));
#10389=CARTESIAN_POINT('',(-0.000958959563019615,0.000142581949006822,0.0329849782405806));
#10390=CARTESIAN_POINT('',(-0.0015875113952016,-0.000233060926795745,0.0323981044777163));
#10391=CARTESIAN_POINT('',(-0.00179159368964555,-0.000454172657828889,0.031995384699657));
#10392=CARTESIAN_POINT('',(-0.001795836912362,-0.000458600678350056,0.0310744685836579));
#10393=CARTESIAN_POINT('',(-0.00159151801167262,-0.000235977159581937,0.0306654011022248));
#10394=CARTESIAN_POINT('',(-0.000963594368854023,0.000140361389806843,0.0300768426958902));
#10395=CARTESIAN_POINT('',(-0.000504054090554886,0.000301833586260873,0.029882032807913));
#10396=CARTESIAN_POINT('',(0.000488382670395001,0.000305998786644326,0.0298766450680204));
#10397=CARTESIAN_POINT('',(0.000954675272752701,0.000144564579688602,0.0300712521784188));
#10398=CARTESIAN_POINT('',(0.00158630127443401,-0.000231790008693682,0.0306578718574318));
#10399=CARTESIAN_POINT('',(0.00179251373655647,-0.000455124082980058,0.0310661798840496));
#10400=CARTESIAN_POINT('',(0.00179493156823418,-0.000457664986173275,0.0319867010275994));
#10401=CARTESIAN_POINT('',(0.00158750128573567,-0.000233510392068508,0.0323980720448598));
#10402=CARTESIAN_POINT('',(0.00096041382247864,0.000142174285377396,0.032983670708779));
#10403=CARTESIAN_POINT('',(0.000493231074726222,0.000304214296670496,0.0331797013430509));
#10404=CARTESIAN_POINT('',(-0.000493231335290553,0.000303642674176307,0.033178940764335));
#10405=CARTESIAN_POINT('',(0.000398718378868663,0.000104193369961856,0.0329796563212032));
#10406=CARTESIAN_POINT('',(-0.000398718639433111,0.000103667545455902,0.0329789879275092));
#10407=CARTESIAN_POINT('',(-0.000775197199736066,-4.44876415075053E-5,0.0328085361383657));
#10408=CARTESIAN_POINT('',(-0.00128330224258693,-0.000390031537379836,0.0322927977878803));
#10409=CARTESIAN_POINT('',(-0.0014482767130182,-0.000593426002550992,0.0319388921571593));
#10410=CARTESIAN_POINT('',(-0.00145170681822427,-0.000597499213460843,0.0311296024616864));
#10411=CARTESIAN_POINT('',(-0.00128654103273199,-0.000392714064923686,0.0307701184904365));
#10412=CARTESIAN_POINT('',(-0.000778943905540957,-4.65303080868346E-5,0.0302528997989813));
#10413=CARTESIAN_POINT('',(-0.000407466231810327,0.000102003406479877,0.0300817033143638));
#10414=CARTESIAN_POINT('',(0.000394797822645315,0.000105834881965757,0.030076968603789));
#10415=CARTESIAN_POINT('',(0.000771733891445299,-4.2663906868311E-5,0.0302479869143158));
#10416=CARTESIAN_POINT('',(0.00128232391527358,-0.000388862421688601,0.0307635018795701));
#10417=CARTESIAN_POINT('',(0.00144902040374231,-0.000594301191525389,0.0311223184014057));
#10418=CARTESIAN_POINT('',(0.00145097491297649,-0.000596638496818198,0.0319312610932677));
#10419=CARTESIAN_POINT('',(0.00128329382220323,-0.000390444853406245,0.0322927694874628));
#10420=CARTESIAN_POINT('',(0.000776372932700755,-4.48627748600317E-5,0.0328073868933194));
#10421=CARTESIAN_POINT('',(0.000398718378868663,0.000104193369961856,0.0329796563212032));
#10422=CARTESIAN_POINT('',(-0.000398718639433111,0.000103667545455902,0.0329789879275092));
#10423=CARTESIAN_POINT('',(0.,0.,0.));
#10424=CARTESIAN_POINT('',(-1.30286727130051E-10,0.00444292848542316,0.00690200501655783));
#10425=CARTESIAN_POINT('',(5.11089483035316E-7,0.00481816422772941,0.00926210672973884));
#10426=CARTESIAN_POINT('',(-0.000374982219392571,0.00444281041427982,0.00908180109176506));
#10427=CARTESIAN_POINT('',(-5.82993630333227E-7,0.00406816502769058,0.00926210669388799));
#10428=CARTESIAN_POINT('',(0.000375017111746645,0.0044421021451633,0.00908180143309111));
#10429=CARTESIAN_POINT('',(5.11089483035316E-7,0.00481816422772941,0.00926210672973884));
#10430=CARTESIAN_POINT('',(-0.000374982219392571,0.00444281041427982,0.00908180109176506));
#10431=CARTESIAN_POINT('',(-5.82993630333227E-7,0.00406816502769058,0.00926210669388799));
#10432=CARTESIAN_POINT('',(-0.000250000130286267,0.00444292848542321,0.00914190296511475));
#10433=CARTESIAN_POINT('',(-1.30286001266237E-10,0.00444292848542321,0.0104020050165578));
#10434=CARTESIAN_POINT('',(0.000249999869713999,0.00444292848542319,0.0104020050165578));
#10435=CARTESIAN_POINT('',(-1.30286727130051E-10,0.00444292848542316,0.00690200501655783));
#10436=CARTESIAN_POINT('',(-0.000375235885555645,0.0044423633015651,0.00822220870788924));
#10437=CARTESIAN_POINT('',(1.17995414965602E-7,0.00481790652684679,0.00804190318461231));
#10438=CARTESIAN_POINT('',(0.000374763122177035,0.00444358150358684,0.00822220865300852));
#10439=CARTESIAN_POINT('',(8.26534536078654E-7,0.00406790719621763,0.00804190348887156));
#10440=CARTESIAN_POINT('',(-0.000375235885555645,0.0044423633015651,0.00822220870788924));
#10441=CARTESIAN_POINT('',(1.17995414965602E-7,0.00481790652684679,0.00804190318461231));
#10442=CARTESIAN_POINT('',(0.000374763122177035,0.00444358150358684,0.00822220865300852));
#10443=CARTESIAN_POINT('',(-1.30286457882514E-10,0.00469292848542318,0.00810200501655783));
#10444=CARTESIAN_POINT('',(-1.30286727130051E-10,0.00444292848542316,0.00690200501655783));
#10445=CARTESIAN_POINT('',(-0.000250000130286727,0.00444292848542318,0.00690200501655788));
#10446=CARTESIAN_POINT('',(-1.3028621222643E-10,0.00630792848542319,0.0086520050165578));
#10447=CARTESIAN_POINT('',(-1.3028641739336E-10,0.00379011570335229,0.00865200501655784));
#10448=CARTESIAN_POINT('',(-1.30286531457674E-10,0.00379011570335229,0.00810200501655784));
#10449=CARTESIAN_POINT('',(0.000431473264529691,0.00629900871247125,0.00822135893087547));
#10450=CARTESIAN_POINT('',(-1.09787049014925E-7,0.00631238405630805,0.00804236222327248));
#10451=CARTESIAN_POINT('',(-0.000431034898051589,0.00629902597483565,0.00822122227538143));
#10452=CARTESIAN_POINT('',(-0.000609425230047225,0.00628566249336434,0.00865154786732073));
#10453=CARTESIAN_POINT('',(-0.000431264486785746,0.00629901830273054,0.00908284261268438));
#10454=CARTESIAN_POINT('',(-9.0691675052577E-8,0.00631237354503056,0.00926144291145944));
#10455=CARTESIAN_POINT('',(0.000430440592701255,0.00629905841589903,0.00908341562774748));
#10456=CARTESIAN_POINT('',(0.00060952093277836,0.00628565679935782,0.00865263385432435));
#10457=CARTESIAN_POINT('',(0.000431473264529691,0.00629900871247125,0.00822135893087547));
#10458=CARTESIAN_POINT('',(-1.09787049014925E-7,0.00631238405630805,0.00804236222327248));
#10459=CARTESIAN_POINT('',(-0.000431034898051589,0.00629902597483565,0.00822122227538143));
#10460=CARTESIAN_POINT('',(-1.3028632631959E-10,0.00630792848542318,0.0081020050165578));
#10461=CARTESIAN_POINT('',(-1.3028641739336E-10,0.00379011570335229,0.00865200501655784));
#10462=CARTESIAN_POINT('',(-1.30286444322368E-10,0.00345964236288714,0.00865200501655784));
#10463=CARTESIAN_POINT('',(-1.30287596450434E-10,-0.0106920715145768,0.00865200501655804));
#10464=CARTESIAN_POINT('',(-5.11350056594465E-7,-0.00920230725688302,0.00926210672973904));
#10465=CARTESIAN_POINT('',(0.000374981958818939,-0.00882695344343344,0.00908180109176508));
#10466=CARTESIAN_POINT('',(5.82733056782074E-7,-0.00845230805684419,0.00926210669388817));
#10467=CARTESIAN_POINT('',(-0.000375017372320276,-0.00882624517431692,0.00908180143309146));
#10468=CARTESIAN_POINT('',(-5.11350056594465E-7,-0.00920230725688302,0.00926210672973904));
#10469=CARTESIAN_POINT('',(0.000374981958818939,-0.00882695344343344,0.00908180109176508));
#10470=CARTESIAN_POINT('',(5.82733056782074E-7,-0.00845230805684419,0.00926210669388817));
#10471=CARTESIAN_POINT('',(0.000249999869712661,-0.00882707151457683,0.00914190296511483));
#10472=CARTESIAN_POINT('',(-1.30287391591847E-10,-0.00817425873250593,0.008652005016558));
#10473=CARTESIAN_POINT('',(-1.30287505656161E-10,-0.00817425873250594,0.008102005016558));
#10474=CARTESIAN_POINT('',(-0.00043147352510368,-0.0106831517416249,0.00822135893087589));
#10475=CARTESIAN_POINT('',(1.09526474953838E-7,-0.0106965270854617,0.00804236222327272));
#10476=CARTESIAN_POINT('',(0.000431034637477602,-0.0106831690039893,0.00822122227538149));
#10477=CARTESIAN_POINT('',(0.000609424969473415,-0.010669805522518,0.00865154786732072));
#10478=CARTESIAN_POINT('',(0.000431264226212121,-0.0106831613318842,0.00908284261268444));
#10479=CARTESIAN_POINT('',(9.04311014945381E-8,-0.0106965165741842,0.00926144291145969));
#10480=CARTESIAN_POINT('',(-0.000430440853274884,-0.0106832014450526,0.0090834156277479));
#10481=CARTESIAN_POINT('',(-0.000609521193352168,-0.0106697998285115,0.00865263385432484));
#10482=CARTESIAN_POINT('',(-0.00043147352510368,-0.0106831517416249,0.00822135893087589));
#10483=CARTESIAN_POINT('',(1.09526474953838E-7,-0.0106965270854617,0.00804236222327272));
#10484=CARTESIAN_POINT('',(0.000431034637477602,-0.0106831690039893,0.00822122227538149));
#10485=CARTESIAN_POINT('',(-1.302877104859E-10,-0.0106920715145768,0.00810200501655804));
#10486=CARTESIAN_POINT('',(0.00037523562498166,-0.00882650633071875,0.00822220870788929));
#10487=CARTESIAN_POINT('',(-1.18255989028702E-7,-0.00920204955600042,0.00804190318461247));
#10488=CARTESIAN_POINT('',(-0.00037476338275102,-0.00882772453274049,0.00822220865300888));
#10489=CARTESIAN_POINT('',(-8.26795110148664E-7,-0.00845205022537127,0.00804190348887174));
#10490=CARTESIAN_POINT('',(0.00037523562498166,-0.00882650633071875,0.00822220870788929));
#10491=CARTESIAN_POINT('',(-1.18255989028702E-7,-0.00920204955600042,0.00804190318461247));
#10492=CARTESIAN_POINT('',(-0.00037476338275102,-0.00882772453274049,0.00822220865300888));
#10493=CARTESIAN_POINT('',(-1.30287579120758E-10,-0.00907707151457682,0.00810200501655801));
#10494=CARTESIAN_POINT('',(-1.30286956706322E-10,-0.00219207151457682,0.00840200501655792));
#10495=CARTESIAN_POINT('',(-1.30286694876875E-10,-0.00219207151457681,0.00966450501655792));
#10496=CARTESIAN_POINT('',(0.00426249986971331,-0.00219207151457715,0.00966450501655703));
#10497=CARTESIAN_POINT('',(-1.30286541927E-10,-0.0021920715145768,0.0104020050165579));
#10498=CARTESIAN_POINT('',(0.00499999986971346,-0.0021920715145772,0.0104020050165569));
#10499=CARTESIAN_POINT('',(-1.30288304739119E-10,-0.00219207151457691,0.00190200501655792));
#10500=CARTESIAN_POINT('',(-1.30286541927E-10,-0.0021920715145768,0.0104020050165579));
#10501=CARTESIAN_POINT('',(0.00849999986971346,-0.00219207151457749,0.0104020050165562));
#10502=CARTESIAN_POINT('',(-1.30287267790814E-10,-0.00219207151457684,0.00690200501655792));
#10503=CARTESIAN_POINT('',(0.00849999986971273,-0.00219207151457753,0.00690200501655616));
#10504=CARTESIAN_POINT('',(-0.00625000013028727,-0.00219207151457633,0.00690200501655922));
#10505=CARTESIAN_POINT('',(-1.30287807639023E-10,-0.00882707151457684,0.00690200501655801));
#10506=CARTESIAN_POINT('',(0.000249999869712192,-0.00882707151457686,0.00690200501655796));
#10507=CARTESIAN_POINT('',(-1.30287267790814E-10,-0.00219207151457684,0.00690200501655792));
#10508=CARTESIAN_POINT('',(-0.00477000013028727,-0.00219207151457645,0.00690200501655891));
#10509=CARTESIAN_POINT('',(-0.00675000013028654,-0.00219207151457625,0.0104020050165593));
#10510=CARTESIAN_POINT('',(-1.3028708177521E-10,-0.00882707151457679,0.010402005016558));
#10511=CARTESIAN_POINT('',(-0.000250000130287082,-0.00882707151457677,0.0104020050165581));
#10512=CARTESIAN_POINT('',(-1.30287391591847E-10,-0.00817425873250593,0.008652005016558));
#10513=CARTESIAN_POINT('',(-1.3028736470331E-10,-0.00784378539204077,0.008652005016558));
#10514=CARTESIAN_POINT('',(-1.30286935967356E-10,-0.00219207151457682,0.00850200501655792));
#10515=CARTESIAN_POINT('',(-1.30286935967356E-10,-0.00219207151457682,0.00850200501655792));
#10516=CARTESIAN_POINT('',(-0.00426250013028694,-0.00219207151457647,0.0085020050165588));
#10517=CARTESIAN_POINT('',(-1.30286935967356E-10,-0.00219207151457682,0.00850200501655792));
#10518=CARTESIAN_POINT('',(-0.00477000013028694,-0.00219207151457643,0.00850200501655891));
#10519=CARTESIAN_POINT('',(-1.30282083049289E-10,-0.0021920715145765,0.0319020050165579));
#10520=CARTESIAN_POINT('',(-1.30286935967356E-10,-0.00219207151457682,0.00850200501655792));
#10521=CARTESIAN_POINT('',(-1.30287807639023E-10,-0.00882707151457684,0.00690200501655801));
#10522=CARTESIAN_POINT('',(-1.30287807639023E-10,-0.00882707151457684,0.00690200501655801));
#10523=CARTESIAN_POINT('',(0.,0.,0.));
#10524=CARTESIAN_POINT('',(-1.30284267755371E-10,-0.00219207151457681,0.0267440050165613));
#10525=CARTESIAN_POINT('',(-1.30284712398805E-10,-0.00219207151457684,0.0246000050165613));
#10526=CARTESIAN_POINT('',(0.00249999986971529,-0.00219207151457704,0.0246000050165608));
#10527=CARTESIAN_POINT('',(-1.30283820623262E-10,-0.00219207151457678,0.0289000050165613));
#10528=CARTESIAN_POINT('',(0.00249999986971618,-0.00219207151457698,0.0289000050165608));
#10529=CARTESIAN_POINT('',(-0.00340000013028375,-0.0021920715145765,0.029250005016562));
#10530=CARTESIAN_POINT('',(-1.30283748036881E-10,-0.00219207151457678,0.0292500050165613));
#10531=CARTESIAN_POINT('',(0.00284999986971625,-0.00219207151457701,0.0292500050165607));
#10532=CARTESIAN_POINT('',(-1.30283748036881E-10,-0.00219207151457678,0.0292500050165613));
#10533=CARTESIAN_POINT('',(0.00394999986971625,-0.0021920715145771,0.0292500050165605));
#10534=CARTESIAN_POINT('',(-1.30284267755371E-10,-0.00219207151457681,0.0267440050165613));
#10535=CARTESIAN_POINT('',(-1.30283820623262E-10,-0.00219207151457678,0.0289000050165613));
#10536=CARTESIAN_POINT('',(0.00429999986971618,-0.00219207151457713,0.0289000050165604));
#10537=CARTESIAN_POINT('',(-1.30283851731711E-10,-0.00219207151457678,0.0287500050165613));
#10538=CARTESIAN_POINT('',(0.00429999986971615,-0.00219207151457713,0.0287500050165604));
#10539=CARTESIAN_POINT('',(-0.00542500013028385,-0.00219207151457634,0.0287500050165624));
#10540=CARTESIAN_POINT('',(-1.30283851731711E-10,-0.00219207151457678,0.0287500050165613));
#10541=CARTESIAN_POINT('',(0.00654999986971615,-0.00219207151457731,0.0287500050165599));
#10542=CARTESIAN_POINT('',(-1.30284267755371E-10,-0.00219207151457681,0.0267440050165613));
#10543=CARTESIAN_POINT('',(-1.30283820623262E-10,-0.00219207151457678,0.0289000050165613));
#10544=CARTESIAN_POINT('',(0.00654999986971618,-0.00219207151457731,0.0289000050165599));
#10545=CARTESIAN_POINT('',(-0.00727500013028375,-0.00219207151457618,0.0292500050165628));
#10546=CARTESIAN_POINT('',(-1.30283748036881E-10,-0.00219207151457678,0.0292500050165613));
#10547=CARTESIAN_POINT('',(0.00764999986971625,-0.0021920715145774,0.0292500050165597));
#10548=CARTESIAN_POINT('',(-1.30283748036881E-10,-0.00219207151457678,0.0292500050165613));
#10549=CARTESIAN_POINT('',(0.00689999986971625,-0.00219207151457734,0.0292500050165599));
#10550=CARTESIAN_POINT('',(-1.30284267755371E-10,-0.00219207151457681,0.0267440050165613));
#10551=CARTESIAN_POINT('',(-1.30283820623262E-10,-0.00219207151457678,0.0289000050165613));
#10552=CARTESIAN_POINT('',(0.00799999986971618,-0.00219207151457743,0.0289000050165596));
#10553=CARTESIAN_POINT('',(-1.30284712398805E-10,-0.00219207151457684,0.0246000050165613));
#10554=CARTESIAN_POINT('',(0.00799999986971529,-0.00219207151457749,0.0246000050165596));
#10555=CARTESIAN_POINT('',(-0.00727500013028479,-0.00219207151457625,0.0242500050165628));
#10556=CARTESIAN_POINT('',(-1.30284784985186E-10,-0.00219207151457684,0.0242500050165613));
#10557=CARTESIAN_POINT('',(0.00764999986971521,-0.00219207151457747,0.0242500050165597));
#10558=CARTESIAN_POINT('',(-1.30284784985186E-10,-0.00219207151457684,0.0242500050165613));
#10559=CARTESIAN_POINT('',(0.00689999986971522,-0.00219207151457741,0.0242500050165599));
#10560=CARTESIAN_POINT('',(-1.30284267755371E-10,-0.00219207151457681,0.0267440050165613));
#10561=CARTESIAN_POINT('',(-1.30284712398805E-10,-0.00219207151457684,0.0246000050165613));
#10562=CARTESIAN_POINT('',(0.00654999986971529,-0.00219207151457737,0.0246000050165599));
#10563=CARTESIAN_POINT('',(-1.30284681290355E-10,-0.00219207151457683,0.0247500050165613));
#10564=CARTESIAN_POINT('',(0.00654999986971532,-0.00219207151457737,0.0247500050165599));
#10565=CARTESIAN_POINT('',(-0.00542500013028468,-0.00219207151457639,0.0247500050165624));
#10566=CARTESIAN_POINT('',(-1.30284681290355E-10,-0.00219207151457683,0.0247500050165613));
#10567=CARTESIAN_POINT('',(0.00429999986971532,-0.00219207151457718,0.0247500050165604));
#10568=CARTESIAN_POINT('',(-1.30284267755371E-10,-0.00219207151457681,0.0267440050165613));
#10569=CARTESIAN_POINT('',(-1.30284712398805E-10,-0.00219207151457684,0.0246000050165613));
#10570=CARTESIAN_POINT('',(0.00429999986971529,-0.00219207151457719,0.0246000050165604));
#10571=CARTESIAN_POINT('',(-0.00340000013028479,-0.00219207151457656,0.024250005016562));
#10572=CARTESIAN_POINT('',(-1.30284784985186E-10,-0.00219207151457684,0.0242500050165613));
#10573=CARTESIAN_POINT('',(0.00284999986971521,-0.00219207151457708,0.0242500050165607));
#10574=CARTESIAN_POINT('',(-1.30284784985186E-10,-0.00219207151457684,0.0242500050165613));
#10575=CARTESIAN_POINT('',(0.00394999986971522,-0.00219207151457717,0.0242500050165605));
#10576=CARTESIAN_POINT('',(-1.30284712398805E-10,-0.00219207151457684,0.0246000050165613));
#10577=CARTESIAN_POINT('',(-1.30283820623262E-10,-0.00219207151457678,0.0289000050165613));
#10578=CARTESIAN_POINT('',(-1.30283820623262E-10,-0.00219207151457678,0.0289000050165613));
#10579=CARTESIAN_POINT('',(-1.30283820623262E-10,-0.00219207151457678,0.0289000050165613));
#10580=CARTESIAN_POINT('',(-1.30284712398805E-10,-0.00219207151457684,0.0246000050165613));
#10581=CARTESIAN_POINT('',(-1.30284712398805E-10,-0.00219207151457684,0.0246000050165613));
#10582=CARTESIAN_POINT('',(-1.30283820623262E-10,-0.00219207151457678,0.0289000050165613));
#10583=CARTESIAN_POINT('',(-1.30284712398805E-10,-0.00219207151457684,0.0246000050165613));
#10584=CARTESIAN_POINT('',(0.,0.,0.));
#10585=CARTESIAN_POINT('',(-1.30286386627022E-10,-0.00219207151457685,0.0133440050165592));
#10586=CARTESIAN_POINT('',(-1.30286831329963E-10,-0.00219207151457688,0.0112000050165592));
#10587=CARTESIAN_POINT('',(0.00249999986971317,-0.00219207151457709,0.0112000050165587));
#10588=CARTESIAN_POINT('',(-1.30285939435072E-10,-0.00219207151457683,0.0155000050165592));
#10589=CARTESIAN_POINT('',(0.00249999986971406,-0.00219207151457703,0.0155000050165587));
#10590=CARTESIAN_POINT('',(-0.00340000013028587,-0.00219207151457654,0.01585000501656));
#10591=CARTESIAN_POINT('',(-1.30285866838976E-10,-0.00219207151457682,0.0158500050165593));
#10592=CARTESIAN_POINT('',(0.00284999986971413,-0.00219207151457705,0.0158500050165587));
#10593=CARTESIAN_POINT('',(-1.30285866838976E-10,-0.00219207151457682,0.0158500050165593));
#10594=CARTESIAN_POINT('',(0.00394999986971413,-0.00219207151457714,0.0158500050165584));
#10595=CARTESIAN_POINT('',(-1.30286386627022E-10,-0.00219207151457685,0.0133440050165592));
#10596=CARTESIAN_POINT('',(-1.30285939435072E-10,-0.00219207151457683,0.0155000050165592));
#10597=CARTESIAN_POINT('',(0.00429999986971406,-0.00219207151457718,0.0155000050165584));
#10598=CARTESIAN_POINT('',(-1.30285970547685E-10,-0.00219207151457683,0.0153500050165593));
#10599=CARTESIAN_POINT('',(0.00429999986971403,-0.00219207151457718,0.0153500050165584));
#10600=CARTESIAN_POINT('',(-0.00542500013028597,-0.00219207151457638,0.0153500050165604));
#10601=CARTESIAN_POINT('',(-1.30285970547685E-10,-0.00219207151457683,0.0153500050165593));
#10602=CARTESIAN_POINT('',(0.00654999986971403,-0.00219207151457736,0.0153500050165579));
#10603=CARTESIAN_POINT('',(-1.30286386627022E-10,-0.00219207151457685,0.0133440050165592));
#10604=CARTESIAN_POINT('',(-1.30285939435072E-10,-0.00219207151457683,0.0155000050165592));
#10605=CARTESIAN_POINT('',(0.00654999986971406,-0.00219207151457736,0.0155000050165579));
#10606=CARTESIAN_POINT('',(-0.00727500013028587,-0.00219207151457623,0.0158500050165607));
#10607=CARTESIAN_POINT('',(-1.30285866838976E-10,-0.00219207151457682,0.0158500050165593));
#10608=CARTESIAN_POINT('',(0.00764999986971413,-0.00219207151457744,0.0158500050165577));
#10609=CARTESIAN_POINT('',(-1.30285866838976E-10,-0.00219207151457682,0.0158500050165593));
#10610=CARTESIAN_POINT('',(0.00689999986971413,-0.00219207151457738,0.0158500050165578));
#10611=CARTESIAN_POINT('',(-1.30286386627022E-10,-0.00219207151457685,0.0133440050165592));
#10612=CARTESIAN_POINT('',(-1.30285939435072E-10,-0.00219207151457683,0.0155000050165592));
#10613=CARTESIAN_POINT('',(0.00799999986971406,-0.00219207151457748,0.0155000050165576));
#10614=CARTESIAN_POINT('',(-1.30286831329963E-10,-0.00219207151457688,0.0112000050165592));
#10615=CARTESIAN_POINT('',(0.00799999986971317,-0.00219207151457754,0.0112000050165576));
#10616=CARTESIAN_POINT('',(-0.00727500013028691,-0.0021920715145763,0.0108500050165608));
#10617=CARTESIAN_POINT('',(-1.30286903926059E-10,-0.00219207151457689,0.0108500050165592));
#10618=CARTESIAN_POINT('',(0.0076499998697131,-0.00219207151457751,0.0108500050165577));
#10619=CARTESIAN_POINT('',(-1.30286903926059E-10,-0.00219207151457689,0.0108500050165592));
#10620=CARTESIAN_POINT('',(0.0068999998697131,-0.00219207151457745,0.0108500050165578));
#10621=CARTESIAN_POINT('',(-1.30286386627022E-10,-0.00219207151457685,0.0133440050165592));
#10622=CARTESIAN_POINT('',(-1.30286831329963E-10,-0.00219207151457688,0.0112000050165592));
#10623=CARTESIAN_POINT('',(0.00654999986971317,-0.00219207151457742,0.0112000050165579));
#10624=CARTESIAN_POINT('',(-1.30286800217351E-10,-0.00219207151457688,0.0113500050165592));
#10625=CARTESIAN_POINT('',(0.0065499998697132,-0.00219207151457741,0.0113500050165579));
#10626=CARTESIAN_POINT('',(-0.0054250001302868,-0.00219207151457644,0.0113500050165604));
#10627=CARTESIAN_POINT('',(-1.30286800217351E-10,-0.00219207151457688,0.0113500050165592));
#10628=CARTESIAN_POINT('',(0.0042999998697132,-0.00219207151457723,0.0113500050165583));
#10629=CARTESIAN_POINT('',(-1.30286386627022E-10,-0.00219207151457685,0.0133440050165592));
#10630=CARTESIAN_POINT('',(-1.30286831329963E-10,-0.00219207151457688,0.0112000050165592));
#10631=CARTESIAN_POINT('',(0.00429999986971317,-0.00219207151457723,0.0112000050165583));
#10632=CARTESIAN_POINT('',(-0.00340000013028691,-0.00219207151457661,0.01085000501656));
#10633=CARTESIAN_POINT('',(-1.30286903926059E-10,-0.00219207151457689,0.0108500050165592));
#10634=CARTESIAN_POINT('',(0.0028499998697131,-0.00219207151457712,0.0108500050165586));
#10635=CARTESIAN_POINT('',(-1.30286903926059E-10,-0.00219207151457689,0.0108500050165592));
#10636=CARTESIAN_POINT('',(0.0039499998697131,-0.00219207151457721,0.0108500050165584));
#10637=CARTESIAN_POINT('',(-1.30286831329963E-10,-0.00219207151457688,0.0112000050165592));
#10638=CARTESIAN_POINT('',(-1.30285939435072E-10,-0.00219207151457683,0.0155000050165592));
#10639=CARTESIAN_POINT('',(-1.30285939435072E-10,-0.00219207151457683,0.0155000050165592));
#10640=CARTESIAN_POINT('',(-1.30285939435072E-10,-0.00219207151457683,0.0155000050165592));
#10641=CARTESIAN_POINT('',(-1.30286831329963E-10,-0.00219207151457688,0.0112000050165592));
#10642=CARTESIAN_POINT('',(-1.30286831329963E-10,-0.00219207151457688,0.0112000050165592));
#10643=CARTESIAN_POINT('',(-1.30285939435072E-10,-0.00219207151457683,0.0155000050165592));
#10644=CARTESIAN_POINT('',(-1.30286831329963E-10,-0.00219207151457688,0.0112000050165592));
#10645=CARTESIAN_POINT('',(0.,0.,0.));
#10646=CARTESIAN_POINT('',(-1.3028733713864E-10,-0.00219207151457686,0.00690200501655816));
#10647=CARTESIAN_POINT('',(-1.30287059754968E-10,-0.00219207151457684,0.00823950501655816));
#10648=CARTESIAN_POINT('',(-0.00476250013028706,-0.00219207151457646,0.00823950501655915));
#10649=CARTESIAN_POINT('',(-1.30287285291225E-10,-0.00219207151457686,0.00715200501655816));
#10650=CARTESIAN_POINT('',(-0.00476250013028729,-0.00219207151457647,0.00715200501655915));
#10651=CARTESIAN_POINT('',(-1.3028733713864E-10,-0.00219207151457686,0.00690200501655816));
#10652=CARTESIAN_POINT('',(-1.3028733713864E-10,-0.00219207151457686,0.00690200501655816));
#10653=CARTESIAN_POINT('',(-0.00451250013028734,-0.00219207151457649,0.0069020050165591));
#10654=CARTESIAN_POINT('',(-1.30287007907553E-10,-0.00219207151457684,0.00848950501655816));
#10655=CARTESIAN_POINT('',(-1.30287007907553E-10,-0.00219207151457684,0.00848950501655816));
#10656=CARTESIAN_POINT('',(-0.00451250013028701,-0.00219207151457647,0.0084895050165591));
#10657=CARTESIAN_POINT('',(-1.30287059754968E-10,-0.00219207151457684,0.00823950501655816));
#10658=CARTESIAN_POINT('',(-1.30287285291225E-10,-0.00219207151457686,0.00715200501655816));
#10659=CARTESIAN_POINT('',(0.,0.,0.));
#10660=CARTESIAN_POINT('',(-1.30283074249379E-10,-0.00219207151457677,0.034650005016562));
#10661=CARTESIAN_POINT('',(-1.30283074249379E-10,-0.00219207151457677,0.034650005016562));
#10662=CARTESIAN_POINT('',(-1.30283086809762E-10,0.00230792848542323,0.034650005016562));
#10663=CARTESIAN_POINT('',(-1.30283074249379E-10,-0.00219207151457677,0.034650005016562));
#10664=CARTESIAN_POINT('',(-1.30283081646049E-10,0.000457928485423235,0.034650005016562));
#10665=CARTESIAN_POINT('',(-1.30283071440515E-10,-0.00219207151457676,0.033550005016562));
#10666=CARTESIAN_POINT('',(-1.30283071440515E-10,-0.00219207151457676,0.033550005016562));
#10667=CARTESIAN_POINT('',(-1.30283084000898E-10,0.00230792848542324,0.033550005016562));
#10668=CARTESIAN_POINT('',(-1.30283071440515E-10,-0.00219207151457676,0.033550005016562));
#10669=CARTESIAN_POINT('',(-1.30283078837185E-10,0.000457928485423245,0.033550005016562));
#10670=CARTESIAN_POINT('',(-1.30283074249379E-10,-0.00219207151457677,0.034650005016562));
#10671=CARTESIAN_POINT('',(-1.30283074249379E-10,-0.00219207151457677,0.034650005016562));
#10672=CARTESIAN_POINT('',(0.,0.,0.));
#10673=CARTESIAN_POINT('',(-1.30283052323602E-10,-0.00219207151457676,0.0295500034014241));
#10674=CARTESIAN_POINT('',(-1.30283052323602E-10,-0.00219207151457676,0.0295500034014241));
#10675=CARTESIAN_POINT('',(-0.00500000013028314,-0.00219207151457676,0.0295500034014241));
#10676=CARTESIAN_POINT('',(-1.30283052323602E-10,-0.00219207151457676,0.0295500034014241));
#10677=CARTESIAN_POINT('',(-0.0025000001302831,-0.00219207151457676,0.0295500034014241));
#10678=CARTESIAN_POINT('',(-1.30283052068251E-10,-0.00219207151457676,0.0294500034014241));
#10679=CARTESIAN_POINT('',(-1.30283052068251E-10,-0.00219207151457676,0.0294500034014241));
#10680=CARTESIAN_POINT('',(-0.00500000013028314,-0.00219207151457676,0.0294500034014241));
#10681=CARTESIAN_POINT('',(-1.30283052068251E-10,-0.00219207151457676,0.0294500034014241));
#10682=CARTESIAN_POINT('',(-0.0025000001302831,-0.00219207151457676,0.0294500034014241));
#10683=CARTESIAN_POINT('',(-1.30283052323602E-10,-0.00219207151457676,0.0295500034014241));
#10684=CARTESIAN_POINT('',(-1.30283052323602E-10,-0.00219207151457676,0.0295500034014241));
#10685=CARTESIAN_POINT('',(0.,0.,0.));
#10686=CARTESIAN_POINT('',(-1.30286018478181E-10,-0.00219207151457688,0.0168500050165604));
#10687=CARTESIAN_POINT('',(-1.30286018478181E-10,-0.00219207151457688,0.0168500050165604));
#10688=CARTESIAN_POINT('',(-0.00290000013028602,-0.00219207151457664,0.016850005016561));
#10689=CARTESIAN_POINT('',(-1.30284691184351E-10,-0.0021920715145768,0.0232500050165604));
#10690=CARTESIAN_POINT('',(-0.00290000013028469,-0.00219207151457656,0.023250005016561));
#10691=CARTESIAN_POINT('',(-1.30286018478181E-10,-0.00219207151457688,0.0168500050165604));
#10692=CARTESIAN_POINT('',(-1.30286018478181E-10,-0.00219207151457688,0.0168500050165604));
#10693=CARTESIAN_POINT('',(-0.00500000013028602,-0.00219207151457647,0.0168500050165614));
#10694=CARTESIAN_POINT('',(-1.30284691184351E-10,-0.0021920715145768,0.0232500050165604));
#10695=CARTESIAN_POINT('',(-0.00500000013028469,-0.00219207151457639,0.0232500050165614));
#10696=CARTESIAN_POINT('',(-1.30286018478181E-10,-0.00219207151457688,0.0168500050165604));
#10697=CARTESIAN_POINT('',(-1.30284691184351E-10,-0.0021920715145768,0.0232500050165604));
#10698=CARTESIAN_POINT('',(0.,0.,0.));
#10699=CARTESIAN_POINT('',(-1.3028610892224E-10,-0.00219207151457688,0.0165500050165605));
#10700=CARTESIAN_POINT('',(-1.3028610892224E-10,-0.00219207151457688,0.0165500050165605));
#10701=CARTESIAN_POINT('',(-0.00600000013028611,-0.0021920715145764,0.0165500050165617));
#10702=CARTESIAN_POINT('',(-1.30284657194613E-10,-0.00219207151457679,0.0235500050165604));
#10703=CARTESIAN_POINT('',(-0.00600000013028466,-0.0021920715145763,0.0235500050165617));
#10704=CARTESIAN_POINT('',(-1.3028610892224E-10,-0.00219207151457688,0.0165500050165605));
#10705=CARTESIAN_POINT('',(-1.3028610892224E-10,-0.00219207151457688,0.0165500050165605));
#10706=CARTESIAN_POINT('',(-0.00711000013028611,-0.00219207151457631,0.0165500050165619));
#10707=CARTESIAN_POINT('',(-1.30284657194613E-10,-0.00219207151457679,0.0235500050165604));
#10708=CARTESIAN_POINT('',(-0.00711000013028466,-0.00219207151457621,0.0235500050165619));
#10709=CARTESIAN_POINT('',(-1.3028610892224E-10,-0.00219207151457688,0.0165500050165605));
#10710=CARTESIAN_POINT('',(-1.30284657194613E-10,-0.00219207151457679,0.0235500050165604));
#10711=CARTESIAN_POINT('',(0.,0.,0.));
#10712=CARTESIAN_POINT('',(-1.30283072524717E-10,-0.00224955105573105,0.0052));
#10713=CARTESIAN_POINT('',(0.00129999986971693,0.0137648446083175,0.0052));
#10714=CARTESIAN_POINT('',(0.00129999986971693,0.0132648446083175,0.0052));
#10715=CARTESIAN_POINT('',(0.00129999986971693,0.0142648446083175,0.0052));
#10716=CARTESIAN_POINT('',(0.000899999869716928,0.0142648446083175,0.0052));
#10717=CARTESIAN_POINT('',(0.000499999869716928,0.0142648446083175,0.0052));
#10718=CARTESIAN_POINT('',(0.000499999869716928,0.0137648446083175,0.0052));
#10719=CARTESIAN_POINT('',(0.000499999869716928,0.0132648446083175,0.0052));
#10720=CARTESIAN_POINT('',(0.000899999869716928,0.0132648446083175,0.0052));
#10721=CARTESIAN_POINT('',(-0.000900000130283061,0.0137648446083175,0.0052));
#10722=CARTESIAN_POINT('',(-0.000900000130283061,0.0142648446083175,0.0052));
#10723=CARTESIAN_POINT('',(-1.30283073949999E-10,-0.00218515539168251,0.0052));
#10724=CARTESIAN_POINT('',(0.00465826542693679,0.0110171384241064,0.0052));
#10725=CARTESIAN_POINT('',(-0.00465826568750293,0.0110171384241064,0.0052));
#10726=CARTESIAN_POINT('',(-0.00474144900102472,0.011252893670817,0.0052));
#10727=CARTESIAN_POINT('',(-0.00497191340267742,0.0113497758651091,0.0052));
#10728=CARTESIAN_POINT('',(-0.00700000013722121,0.01220233917488,0.0052));
#10729=CARTESIAN_POINT('',(-0.00619503570678066,0.0142497844771349,0.0052));
#10730=CARTESIAN_POINT('',(-0.00610356247604878,0.0144824487160275,0.0052));
#10731=CARTESIAN_POINT('',(-0.00618952814289055,0.01471720370346,0.0052));
#10732=CARTESIAN_POINT('',(-1.30283071285409E-10,-0.00218515539168252,0.0052));
#10733=CARTESIAN_POINT('',(0.00618952788232441,0.01471720370346,0.0052));
#10734=CARTESIAN_POINT('',(0.00610356221548264,0.0144824487160275,0.0052));
#10735=CARTESIAN_POINT('',(0.00619503544621452,0.0142497844771349,0.0052));
#10736=CARTESIAN_POINT('',(0.00699999987665507,0.01220233917488,0.0052));
#10737=CARTESIAN_POINT('',(0.00497191314211128,0.0113497758651091,0.0052));
#10738=CARTESIAN_POINT('',(0.00474144874045857,0.0112528936708169,0.0052));
#10739=CARTESIAN_POINT('',(-1.30283072524717E-10,-0.00224955105573105,0.0052));
#10740=CARTESIAN_POINT('',(0.00799999986971693,-0.0160415618522336,0.0052));
#10741=CARTESIAN_POINT('',(0.00879999986971693,-0.0160415618522336,0.0052));
#10742=CARTESIAN_POINT('',(0.0102846016247015,0.0100715556982211,0.0052));
#10743=CARTESIAN_POINT('',(0.0110846016247015,0.0100715556982211,0.0052));
#10744=CARTESIAN_POINT('',(-1.30283073949999E-10,-0.00218515539168251,0.0052));
#10745=CARTESIAN_POINT('',(0.00699999986971693,-0.0143095110446647,0.0052));
#10746=CARTESIAN_POINT('',(0.00751275406140264,0.00962833369729153,0.0052));
#10747=CARTESIAN_POINT('',(0.00764691038625417,0.00983928885959465,0.0052));
#10748=CARTESIAN_POINT('',(0.00758089910976447,0.010080416442787,0.0052));
#10749=CARTESIAN_POINT('',(0.00699999987665507,0.01220233917488,0.0052));
#10750=CARTESIAN_POINT('',(0.00910777680838691,0.0128326378390537,0.0052));
#10751=CARTESIAN_POINT('',(0.00934729691426553,0.0129042626872552,0.0052));
#10752=CARTESIAN_POINT('',(0.00947894898531551,0.0131167897024515,0.0052));
#10753=CARTESIAN_POINT('',(-1.30283071285409E-10,-0.00218515539168252,0.0052));
#10754=CARTESIAN_POINT('',(0.00899999986971693,-0.0177736126598024,0.0052));
#10755=CARTESIAN_POINT('',(0.00799999986971693,-0.0160415618522336,0.0052));
#10756=CARTESIAN_POINT('',(-1.30283072524717E-10,-0.00224955105573105,0.0052));
#10757=CARTESIAN_POINT('',(-0.0102846018852677,0.0100715556982211,0.0052));
#10758=CARTESIAN_POINT('',(-0.0094846018852677,0.0100715556982211,0.0052));
#10759=CARTESIAN_POINT('',(-0.00800000013028307,-0.0160415618522336,0.0052));
#10760=CARTESIAN_POINT('',(-0.00720000013028307,-0.0160415618522336,0.0052));
#10761=CARTESIAN_POINT('',(-0.00700000013722121,0.01220233917488,0.0052));
#10762=CARTESIAN_POINT('',(-0.00910777706895305,0.0128326378390537,0.0052));
#10763=CARTESIAN_POINT('',(-0.00758089937033061,0.010080416442787,0.0052));
#10764=CARTESIAN_POINT('',(-0.00764691064682031,0.00983928885959465,0.0052));
#10765=CARTESIAN_POINT('',(-0.00751275432196878,0.00962833369729153,0.0052));
#10766=CARTESIAN_POINT('',(-1.30283073949999E-10,-0.00218515539168251,0.0052));
#10767=CARTESIAN_POINT('',(-0.00700000013028307,-0.0143095110446647,0.0052));
#10768=CARTESIAN_POINT('',(-0.00800000013028307,-0.0160415618522336,0.0052));
#10769=CARTESIAN_POINT('',(-0.00900000013028307,-0.0177736126598024,0.0052));
#10770=CARTESIAN_POINT('',(-1.30283071285409E-10,-0.00218515539168252,0.0052));
#10771=CARTESIAN_POINT('',(-0.00947894924588165,0.0131167897024515,0.0052));
#10772=CARTESIAN_POINT('',(-0.00934729717483167,0.0129042626872552,0.0052));
#10773=CARTESIAN_POINT('',(-1.30283071285409E-10,-0.00218515539168252,0.0092));
#10774=CARTESIAN_POINT('',(-1.30283071285409E-10,-0.00218515539168252,0.0072));
#10775=CARTESIAN_POINT('',(-0.00947894924588165,0.0131167897024515,0.0072));
#10776=CARTESIAN_POINT('',(-0.00618952814289055,0.01471720370346,0.0072));
#10777=CARTESIAN_POINT('',(-0.00947894924588165,0.0131167897024515,0.0092));
#10778=CARTESIAN_POINT('',(-0.00900000013028307,-0.0177736126598024,0.0092));
#10779=CARTESIAN_POINT('',(-0.00900000013028307,-0.0177736126598024,0.0092));
#10780=CARTESIAN_POINT('',(-1.30283071285409E-10,-0.00218515539168252,0.0092));
#10781=CARTESIAN_POINT('',(0.00899999986971693,-0.0177736126598024,0.0092));
#10782=CARTESIAN_POINT('',(0.00899999986971693,-0.0177736126598024,0.0092));
#10783=CARTESIAN_POINT('',(0.00947894898531551,0.0131167897024515,0.0092));
#10784=CARTESIAN_POINT('',(0.00947894898531551,0.0131167897024515,0.0072));
#10785=CARTESIAN_POINT('',(-1.30283071285409E-10,-0.00218515539168252,0.0072));
#10786=CARTESIAN_POINT('',(0.00618952788232441,0.01471720370346,0.0072));
#10787=CARTESIAN_POINT('',(0.00618952788232441,0.01471720370346,0.0092));
#10788=CARTESIAN_POINT('',(-0.00618952814289055,0.01471720370346,0.0092));
#10789=CARTESIAN_POINT('',(-1.30283073949999E-10,-0.00218515539168251,0.0092));
#10790=CARTESIAN_POINT('',(-1.30283073949999E-10,-0.00218515539168251,0.0072));
#10791=CARTESIAN_POINT('',(-0.00751275432196878,0.00962833369729153,0.0072));
#10792=CARTESIAN_POINT('',(-0.00465826568750293,0.0110171384241064,0.0072));
#10793=CARTESIAN_POINT('',(-0.00465826568750293,0.0110171384241064,0.0092));
#10794=CARTESIAN_POINT('',(0.00465826542693679,0.0110171384241064,0.0092));
#10795=CARTESIAN_POINT('',(0.00465826542693679,0.0110171384241064,0.0072));
#10796=CARTESIAN_POINT('',(-1.30283073949999E-10,-0.00218515539168251,0.0072));
#10797=CARTESIAN_POINT('',(0.00751275406140264,0.00962833369729153,0.0072));
#10798=CARTESIAN_POINT('',(0.00751275406140264,0.00962833369729153,0.0092));
#10799=CARTESIAN_POINT('',(0.00699999986971693,-0.0143095110446647,0.0092));
#10800=CARTESIAN_POINT('',(0.00699999986971693,-0.0143095110446647,0.0092));
#10801=CARTESIAN_POINT('',(-1.30283073949999E-10,-0.00218515539168251,0.0092));
#10802=CARTESIAN_POINT('',(-0.00700000013028307,-0.0143095110446647,0.0092));
#10803=CARTESIAN_POINT('',(-0.00700000013028307,-0.0143095110446647,0.0092));
#10804=CARTESIAN_POINT('',(-0.00751275432196878,0.00962833369729153,0.0092));
#10805=CARTESIAN_POINT('',(-1.30283072524717E-10,-0.00224955105573105,0.0092));
#10806=CARTESIAN_POINT('',(0.00699999987665507,0.01220233917488,0.0092));
#10807=CARTESIAN_POINT('',(0.00819999987665507,0.01220233917488,0.0092));
#10808=CARTESIAN_POINT('',(-0.00700000013722121,0.01220233917488,0.0092));
#10809=CARTESIAN_POINT('',(-0.00580000013722121,0.01220233917488,0.0092));
#10810=CARTESIAN_POINT('',(-0.0102846018852677,0.0100715556982211,0.0092));
#10811=CARTESIAN_POINT('',(-0.0110846018852677,0.0100715556982211,0.0092));
#10812=CARTESIAN_POINT('',(0.00799999986971693,-0.0160415618522336,0.0092));
#10813=CARTESIAN_POINT('',(0.00719999986971693,-0.0160415618522336,0.0092));
#10814=CARTESIAN_POINT('',(-0.00800000013028307,-0.0160415618522336,0.0092));
#10815=CARTESIAN_POINT('',(-0.00880000013028307,-0.0160415618522336,0.0092));
#10816=CARTESIAN_POINT('',(0.0102846016247015,0.0100715556982211,0.0092));
#10817=CARTESIAN_POINT('',(0.00948460162470154,0.0100715556982211,0.0092));
#10818=CARTESIAN_POINT('',(-0.000900000130283061,0.0137648446083175,0.0092));
#10819=CARTESIAN_POINT('',(-0.000900000130283061,0.0142648446083175,0.0092));
#10820=CARTESIAN_POINT('',(-0.00800000013028307,-0.0160415618522336,0.0092));
#10821=CARTESIAN_POINT('',(0.00799999986971693,-0.0160415618522336,0.0092));
#10822=CARTESIAN_POINT('',(0.000899999869716928,0.0142648446083175,0.0092));
#10823=CARTESIAN_POINT('',(0.00129999986971693,0.0142648446083175,0.0092));
#10824=CARTESIAN_POINT('',(0.000499999869716928,0.0142648446083175,0.0092));
#10825=CARTESIAN_POINT('',(0.00129999986971693,0.0137648446083175,0.0092));
#10826=CARTESIAN_POINT('',(0.00129999986971693,0.0132648446083175,0.0092));
#10827=CARTESIAN_POINT('',(0.000899999869716928,0.0132648446083175,0.0092));
#10828=CARTESIAN_POINT('',(0.000499999869716928,0.0132648446083175,0.0092));
#10829=CARTESIAN_POINT('',(0.000499999869716928,0.0137648446083175,0.0092));
#10830=CARTESIAN_POINT('',(-0.00800000013028307,-0.0160415618522336,0.0092));
#10831=CARTESIAN_POINT('',(0.00799999986971693,-0.0160415618522336,0.0092));
#10832=CARTESIAN_POINT('',(-0.000900000130283061,0.0137648446083175,0.005198));
#10833=CARTESIAN_POINT('',(0.00129999986971693,0.0137648446083175,0.005198));
#10834=CARTESIAN_POINT('',(0.00129999986971693,0.0132648446083175,0.005198));
#10835=CARTESIAN_POINT('',(0.00129999986971693,0.0142648446083175,0.005198));
#10836=CARTESIAN_POINT('',(0.000899999869716928,0.0132648446083175,0.005198));
#10837=CARTESIAN_POINT('',(0.000499999869716928,0.0132648446083175,0.005198));
#10838=CARTESIAN_POINT('',(0.000899999869716928,0.0142648446083175,0.005198));
#10839=CARTESIAN_POINT('',(0.000499999869716928,0.0142648446083175,0.005198));
#10840=CARTESIAN_POINT('',(0.000499999869716928,0.0137648446083175,0.005198));
#10841=CARTESIAN_POINT('',(0.0102846016247015,0.0100715556982211,0.0092));
#10842=CARTESIAN_POINT('',(-0.00800000013028307,-0.0160415618522336,0.0092));
#10843=CARTESIAN_POINT('',(0.00799999986971693,-0.0160415618522336,0.0092));
#10844=CARTESIAN_POINT('',(-0.0102846018852677,0.0100715556982211,0.0092));
#10845=CARTESIAN_POINT('',(-0.00480000013722121,0.01220233917488,0.0072));
#10846=CARTESIAN_POINT('',(-0.00700000013722121,0.01220233917488,0.0072));
#10847=CARTESIAN_POINT('',(-0.00580000013722121,0.01220233917488,0.0072));
#10848=CARTESIAN_POINT('',(-0.00610356247604878,0.0144824487160275,0.0072));
#10849=CARTESIAN_POINT('',(-0.00619503570678066,0.0142497844771349,0.0072));
#10850=CARTESIAN_POINT('',(-0.00700000013722121,0.01220233917488,0.0072));
#10851=CARTESIAN_POINT('',(-0.00497191340267742,0.0113497758651091,0.0072));
#10852=CARTESIAN_POINT('',(-0.00474144900102472,0.011252893670817,0.0072));
#10853=CARTESIAN_POINT('',(-0.00764691064682031,0.00983928885959465,0.0072));
#10854=CARTESIAN_POINT('',(-0.00758089937033061,0.010080416442787,0.0072));
#10855=CARTESIAN_POINT('',(-0.00700000013722121,0.01220233917488,0.0072));
#10856=CARTESIAN_POINT('',(-0.00910777706895305,0.0128326378390537,0.0072));
#10857=CARTESIAN_POINT('',(-0.00934729717483167,0.0129042626872552,0.0072));
#10858=CARTESIAN_POINT('',(-0.00700000013722121,0.01220233917488,0.0052));
#10859=CARTESIAN_POINT('',(-0.00497191340267742,0.0113497758651091,0.0052));
#10860=CARTESIAN_POINT('',(-0.00619503570678066,0.0142497844771349,0.0052));
#10861=CARTESIAN_POINT('',(-0.00700000013722121,0.01220233917488,0.0052));
#10862=CARTESIAN_POINT('',(-0.00758089937033061,0.010080416442787,0.0052));
#10863=CARTESIAN_POINT('',(-0.00910777706895305,0.0128326378390537,0.0052));
#10864=CARTESIAN_POINT('',(-0.00700000013722121,0.01220233917488,0.0052));
#10865=CARTESIAN_POINT('',(0.00919999987665507,0.01220233917488,0.0072));
#10866=CARTESIAN_POINT('',(0.00699999987665507,0.01220233917488,0.0072));
#10867=CARTESIAN_POINT('',(0.00819999987665507,0.01220233917488,0.0072));
#10868=CARTESIAN_POINT('',(0.00934729691426553,0.0129042626872552,0.0072));
#10869=CARTESIAN_POINT('',(0.00910777680838691,0.0128326378390537,0.0072));
#10870=CARTESIAN_POINT('',(0.00699999987665507,0.01220233917488,0.0072));
#10871=CARTESIAN_POINT('',(0.00758089910976447,0.010080416442787,0.0072));
#10872=CARTESIAN_POINT('',(0.00764691038625417,0.00983928885959465,0.0072));
#10873=CARTESIAN_POINT('',(0.00474144874045857,0.0112528936708169,0.0072));
#10874=CARTESIAN_POINT('',(0.00497191314211128,0.0113497758651091,0.0072));
#10875=CARTESIAN_POINT('',(0.00699999987665507,0.01220233917488,0.0072));
#10876=CARTESIAN_POINT('',(0.00619503544621452,0.0142497844771349,0.0072));
#10877=CARTESIAN_POINT('',(0.00610356221548264,0.0144824487160275,0.0072));
#10878=CARTESIAN_POINT('',(0.00699999987665507,0.01220233917488,0.0052));
#10879=CARTESIAN_POINT('',(0.00758089910976447,0.010080416442787,0.0052));
#10880=CARTESIAN_POINT('',(0.00910777680838691,0.0128326378390537,0.0052));
#10881=CARTESIAN_POINT('',(0.00699999987665507,0.01220233917488,0.0052));
#10882=CARTESIAN_POINT('',(0.00497191314211128,0.0113497758651091,0.0052));
#10883=CARTESIAN_POINT('',(0.00619503544621452,0.0142497844771349,0.0052));
#10884=CARTESIAN_POINT('',(0.00699999987665507,0.01220233917488,0.0052));
#10885=CARTESIAN_POINT('',(-0.00474144900102472,0.011252893670817,0.0052));
#10886=CARTESIAN_POINT('',(-0.00764691064682031,0.00983928885959465,0.0052));
#10887=CARTESIAN_POINT('',(-0.00934729717483167,0.0129042626872552,0.0092));
#10888=CARTESIAN_POINT('',(-0.00610356247604878,0.0144824487160275,0.0092));
#10889=CARTESIAN_POINT('',(0.00764691038625417,0.00983928885959465,0.0052));
#10890=CARTESIAN_POINT('',(0.00474144874045857,0.0112528936708169,0.0052));
#10891=CARTESIAN_POINT('',(0.00610356221548264,0.0144824487160275,0.0092));
#10892=CARTESIAN_POINT('',(0.00934729691426553,0.0129042626872552,0.0092));
#10893=CARTESIAN_POINT('',(0.,0.,0.));
#10894=CARTESIAN_POINT('',(-1.3028311762753E-10,-0.00219207151457677,0.0545500034014246));
#10895=CARTESIAN_POINT('',(-1.30283055177485E-10,-0.00219207151457678,0.0297500034014241));
#10896=CARTESIAN_POINT('',(0.00249999986971699,-0.00219207151457678,0.0297500034014241));
#10897=CARTESIAN_POINT('',(-1.30283069055273E-10,-0.00219207151457676,0.0333500050165619));
#10898=CARTESIAN_POINT('',(0.00249999986971698,-0.00219207151457676,0.0333500050165619));
#10899=CARTESIAN_POINT('',(0.000884059160070122,-0.00452796928594324,0.0314859294910671));
#10900=CARTESIAN_POINT('',(0.000580803054086622,-0.00464214124965574,0.0308799370831851));
#10901=CARTESIAN_POINT('',(-6.49345387165812E-5,-0.00472305929661047,0.0306658884892615));
#10902=CARTESIAN_POINT('',(-0.000669765083927741,-0.00461399706118818,0.0309692167262035));
#10903=CARTESIAN_POINT('',(-0.000884249668237468,-0.00452796320312262,0.0316146837893013));
#10904=CARTESIAN_POINT('',(-0.000580632467836249,-0.00464209344550153,0.0322197008611148));
#10905=CARTESIAN_POINT('',(6.37993975227395E-5,-0.00472311909284194,0.0324344410977809));
#10906=CARTESIAN_POINT('',(0.00067045650475736,-0.00461389073019743,0.0321301438952386));
#10907=CARTESIAN_POINT('',(0.000884059160070122,-0.00452796928594324,0.0314859294910671));
#10908=CARTESIAN_POINT('',(0.000580803054086622,-0.00464214124965574,0.0308799370831851));
#10909=CARTESIAN_POINT('',(-6.49345387165812E-5,-0.00472305929661047,0.0306658884892615));
#10910=CARTESIAN_POINT('',(0.000523722806283338,-0.00463659893019611,0.0309452610521782));
#10911=CARTESIAN_POINT('',(-0.00900000013028327,0.0157538084395264,0.023580620385204));
#10912=CARTESIAN_POINT('',(-0.00900000013028324,0.0157538084395264,0.00919999999999981));
#10913=CARTESIAN_POINT('',(-0.00900000013028322,0.0106954230553616,0.00919999999999977));
#10914=CARTESIAN_POINT('',(-0.00900000013028324,0.0158079283308368,0.00919999999999982));
#10915=CARTESIAN_POINT('',(-0.00900000013028323,0.0106954230553616,0.0139532144917824));
#10916=CARTESIAN_POINT('',(-0.00900000013028323,0.0106954230553616,0.0148192398955669));
#10917=CARTESIAN_POINT('',(-0.00900000013028327,0.0157538084395264,0.0235806203852041));
#10918=CARTESIAN_POINT('',(-0.0090000001302833,0.018509011368976,0.0283527718441735));
#10919=CARTESIAN_POINT('',(-0.0090000001302833,0.0211070875803294,0.0268527718441734));
#10920=CARTESIAN_POINT('',(-0.0090000001302833,0.0211070875803294,0.0268527718441734));
#10921=CARTESIAN_POINT('',(-0.00900000013028327,0.0183518846508798,0.022080620385204));
#10922=CARTESIAN_POINT('',(-0.00900000013028326,0.016075877523268,0.0181384604017916));
#10923=CARTESIAN_POINT('',(-0.00900000013028326,0.0178079283308369,0.0171384604017915));
#10924=CARTESIAN_POINT('',(-0.00900000013028326,0.0158079283308368,0.0171384604017915));
#10925=CARTESIAN_POINT('',(-0.00900000013028324,0.0158079283308368,0.00819999999999979));
#10926=CARTESIAN_POINT('',(0.00899999986971708,0.0157538084395264,0.0235806203852044));
#10927=CARTESIAN_POINT('',(0.00899999986971708,0.0157538084395264,0.0235806203852044));
#10928=CARTESIAN_POINT('',(0.00899999986971705,0.018509011368976,0.0283527718441738));
#10929=CARTESIAN_POINT('',(0.00899999986971713,0.0106954230553616,0.0148192398955672));
#10930=CARTESIAN_POINT('',(0.00899999986971715,0.0106954230553616,0.0082));
#10931=CARTESIAN_POINT('',(0.00899999986971715,0.0106954230553616,0.0092));
#10932=CARTESIAN_POINT('',(0.00899999986971714,0.0157538084395264,0.00920000000000011));
#10933=CARTESIAN_POINT('',(0.00899999986971714,0.0158079283308368,0.00920000000000011));
#10934=CARTESIAN_POINT('',(0.00899999986971714,0.0158079283308368,0.00820000000000009));
#10935=CARTESIAN_POINT('',(0.00899999986971711,0.0158079283308368,0.0171384604017919));
#10936=CARTESIAN_POINT('',(0.0089999998697171,0.0178079283308369,0.0171384604017919));
#10937=CARTESIAN_POINT('',(0.0089999998697171,0.016075877523268,0.0181384604017919));
#10938=CARTESIAN_POINT('',(0.00899999986971708,0.0183518846508798,0.0220806203852043));
#10939=CARTESIAN_POINT('',(0.00899999986971705,0.0211070875803294,0.0268527718441738));
#10940=CARTESIAN_POINT('',(0.00899999986971705,0.018509011368976,0.0283527718441738));
#10941=CARTESIAN_POINT('',(-1.30282990992717E-10,-0.00219207151457677,0.00455000340142348));
#10942=CARTESIAN_POINT('',(-1.30282959767694E-10,-0.00219207151457677,-0.00750255548183448));
#10943=CARTESIAN_POINT('',(-0.00548528150452169,0.0106885995954795,0.0148074213163677));
#10944=CARTESIAN_POINT('',(-0.0064163314067479,0.010251026690881,0.0140495228135876));
#10945=CARTESIAN_POINT('',(-0.00641633140674788,0.010251026690881,0.00455000340142347));
#10946=CARTESIAN_POINT('',(-0.00641633140674789,0.010251026690881,0.00919999999999981));
#10947=CARTESIAN_POINT('',(-1.30282989257993E-10,-0.00219207151457677,0.00919999999999981));
#10948=CARTESIAN_POINT('',(0.00641633114618181,0.010251026690881,0.0092));
#10949=CARTESIAN_POINT('',(0.00641633114618182,0.010251026690881,0.00455000340142368));
#10950=CARTESIAN_POINT('',(0.00641633114618179,0.010251026690881,0.0140495228135878));
#10951=CARTESIAN_POINT('',(-1.30282959767694E-10,-0.00219207151457677,-0.00750255548183448));
#10952=CARTESIAN_POINT('',(0.00548528124395561,0.0106885995954795,0.0148074213163678));
#10953=CARTESIAN_POINT('',(0.00548528124395565,0.0106885995954795,0.00455000340142368));
#10954=CARTESIAN_POINT('',(0.0054852812439556,0.0106885995954795,0.0292500034014242));
#10955=CARTESIAN_POINT('',(-1.30283053442762E-10,-0.00219207151457678,0.029250003401424));
#10956=CARTESIAN_POINT('',(-0.00548528150452173,0.0106885995954795,0.029250003401424));
#10957=CARTESIAN_POINT('',(-0.00548528150452167,0.0106885995954795,0.00455000340142349));
#10958=CARTESIAN_POINT('',(-1.30283098545572E-10,0.0157538084395264,0.0235806203852042));
#10959=CARTESIAN_POINT('',(0.00299999986971694,0.0201021571194836,0.0311121812279153));
#10960=CARTESIAN_POINT('',(0.00398994936337813,0.019607182372653,0.0302548598179412));
#10961=CARTESIAN_POINT('',(-0.00300000013028318,0.0201021571194836,0.0311121812279152));
#10962=CARTESIAN_POINT('',(-0.00201005063662199,0.019607182372653,0.0302548598179411));
#10963=CARTESIAN_POINT('',(-0.00850000013028323,0.0106954230553616,0.0148192398955669));
#10964=CARTESIAN_POINT('',(-0.00850000013028322,0.0101954230553616,0.0139532144917824));
#10965=CARTESIAN_POINT('',(-0.00800000013028318,0.0101954230553616,0.0139532144917824));
#10966=CARTESIAN_POINT('',(-0.00664548609519308,0.0101954230553616,0.0139532144917825));
#10967=CARTESIAN_POINT('',(-0.00664548609519308,0.0106954230553616,0.0148192398955669));
#10968=CARTESIAN_POINT('',(-0.00548528150452175,0.0176021571194835,0.0267820542089929));
#10969=CARTESIAN_POINT('',(-0.00548528150452176,0.0183521571194836,0.0280810923146696));
#10970=CARTESIAN_POINT('',(-0.00498528150452174,0.0183521571194836,0.0280810923146696));
#10971=CARTESIAN_POINT('',(-0.00498528150452175,0.0186021571194836,0.0285141050165619));
#10972=CARTESIAN_POINT('',(-1.30283107219189E-10,0.0186021571194836,0.028514105016562));
#10973=CARTESIAN_POINT('',(0.00498528124395552,0.0186021571194836,0.028514105016562));
#10974=CARTESIAN_POINT('',(0.00498528124395553,0.0183521571194836,0.0280810923146698));
#10975=CARTESIAN_POINT('',(0.00548528124395554,0.0183521571194836,0.0280810923146698));
#10976=CARTESIAN_POINT('',(0.00548528124395554,0.0176021571194835,0.0267820542089931));
#10977=CARTESIAN_POINT('',(0.00664548583462693,0.0106954230553616,0.0148192398955672));
#10978=CARTESIAN_POINT('',(0.00664548583462699,0.0101954230553616,0.0139532144917827));
#10979=CARTESIAN_POINT('',(0.00799999986971712,0.0101954230553616,0.0139532144917827));
#10980=CARTESIAN_POINT('',(0.00849999986971713,0.0101954230553616,0.0139532144917827));
#10981=CARTESIAN_POINT('',(0.00849999986971712,0.0106954230553616,0.0148192398955672));
#10982=CARTESIAN_POINT('',(0.00849999986971704,0.018509011368976,0.0283527718441738));
#10983=CARTESIAN_POINT('',(0.00885355326031035,0.0186857880642727,0.0286589580620216));
#10984=CARTESIAN_POINT('',(0.00723743673679346,0.0194938463260311,0.030058556026863));
#10985=CARTESIAN_POINT('',(0.00362132021327652,0.0213019045877895,0.0331902047992734));
#10986=CARTESIAN_POINT('',(0.00326776682268323,0.0211251278924929,0.0328840185814254));
#10987=CARTESIAN_POINT('',(0.00326776682268323,0.0213751278924929,0.0333170312833177));
#10988=CARTESIAN_POINT('',(-1.30283154056723E-10,0.0213751278924929,0.0333170312833175));
#10989=CARTESIAN_POINT('',(-0.00326776708324953,0.0213751278924929,0.0333170312833175));
#10990=CARTESIAN_POINT('',(-0.00326776708324953,0.0211251278924929,0.0328840185814253));
#10991=CARTESIAN_POINT('',(-0.00362132047384281,0.0213019045877895,0.0331902047992732));
#10992=CARTESIAN_POINT('',(-0.00723743699735971,0.0194938463260311,0.0300585560268628));
#10993=CARTESIAN_POINT('',(-0.00885355352087656,0.0186857880642727,0.0286589580620214));
#10994=CARTESIAN_POINT('',(-0.00850000013028329,0.018509011368976,0.0283527718441735));
#10995=CARTESIAN_POINT('',(-1.30283036095527E-10,0.0158079283308368,0.0082));
#10996=CARTESIAN_POINT('',(-1.3028307252472E-10,0.0158079283308368,0.0171384604017917));
#10997=CARTESIAN_POINT('',(-1.30283060381656E-10,0.0158079283308368,0.0092));
#10998=CARTESIAN_POINT('',(0.0110019998697171,0.013029026715699,0.00920000000000012));
#10999=CARTESIAN_POINT('',(-0.000900000130283061,0.0137648446083175,0.0092));
#11000=CARTESIAN_POINT('',(-0.000400000130283051,0.0137648446083175,0.00920000000000001));
#11001=CARTESIAN_POINT('',(0.000899999869716987,0.0137648446083175,0.0092));
#11002=CARTESIAN_POINT('',(0.001399999869717,0.0137648446083175,0.00920000000000001));
#11003=CARTESIAN_POINT('',(0.0110019998697172,0.0101954230553617,0.0092000000000001));
#11004=CARTESIAN_POINT('',(-0.00664548609519307,0.0101954230553616,0.00919999999999981));
#11005=CARTESIAN_POINT('',(-0.00850000013028322,0.0101954230553616,0.00919999999999977));
#11006=CARTESIAN_POINT('',(-0.00850000013028321,0.0106954230553616,0.00919999999999978));
#11007=CARTESIAN_POINT('',(0.00849999986971714,0.0106954230553616,0.0092));
#11008=CARTESIAN_POINT('',(0.00849999986971715,0.0101954230553616,0.0092));
#11009=CARTESIAN_POINT('',(0.0110019998697172,0.0101954230553616,0.0092000000000001));
#11010=CARTESIAN_POINT('',(0.00664548583462696,0.0101954230553616,0.0092));
#11011=CARTESIAN_POINT('',(0.00664548583462696,0.0106954230553616,0.0092));
#11012=CARTESIAN_POINT('',(-0.00664548609519306,0.0106954230553616,0.00919999999999981));
#11013=CARTESIAN_POINT('',(-0.00700000013028317,0.0121954230553617,0.00919999999999982));
#11014=CARTESIAN_POINT('',(-0.00780000013028319,0.0121954230553617,0.00919999999999981));
#11015=CARTESIAN_POINT('',(0.00699999986971711,0.0121954230553617,0.0092));
#11016=CARTESIAN_POINT('',(0.00619999986971709,0.0121954230553617,0.00919999999999999));
#11017=CARTESIAN_POINT('',(-0.00548528150452173,0.00980792848542346,0.031282054208993));
#11018=CARTESIAN_POINT('',(-0.00548528150452172,0.00230792848542331,0.0335500050165618));
#11019=CARTESIAN_POINT('',(-0.0054852815045217,-0.00619207151457686,0.0335500050165618));
#11020=CARTESIAN_POINT('',(-0.00548528150452174,0.00887972245764729,0.0335500050165618));
#11021=CARTESIAN_POINT('',(-0.00548528150452176,0.0183521571194836,0.0280810923146696));
#11022=CARTESIAN_POINT('',(-0.00548528150452173,0.0106885995954795,0.029250003401424));
#11023=CARTESIAN_POINT('',(-0.00548528150452173,0.0106885995954795,0.0294157366340634));
#11024=CARTESIAN_POINT('',(-0.00548528150452173,0.0105272517126191,0.029550003401424));
#11025=CARTESIAN_POINT('',(-0.00548528150452173,0.0103618795863889,0.029550003401424));
#11026=CARTESIAN_POINT('',(-0.00548528150452173,0.0103618795863889,0.029550003401424));
#11027=CARTESIAN_POINT('',(-0.0054852815045217,0.00130792848542329,0.029550003401424));
#11028=CARTESIAN_POINT('',(-0.00548528150452169,-0.00619207151457686,0.0295500034014239));
#11029=CARTESIAN_POINT('',(-0.0054852815045217,-0.00619207151457686,0.0312820542089928));
#11030=CARTESIAN_POINT('',(0.00548528124395555,0.00980792848542346,0.0312820542089932));
#11031=CARTESIAN_POINT('',(0.00548528124395554,0.00962972245764726,0.0331169923146698));
#11032=CARTESIAN_POINT('',(0.00548528124395554,0.00887972245764729,0.0335500050165621));
#11033=CARTESIAN_POINT('',(0.00548528124395556,0.00230792848542331,0.033550005016562));
#11034=CARTESIAN_POINT('',(0.00548528124395558,-0.00619207151457686,0.033550005016562));
#11035=CARTESIAN_POINT('',(0.00548528124395559,-0.00619207151457686,0.031282054208993));
#11036=CARTESIAN_POINT('',(0.0054852812439556,-0.00619207151457686,0.029550003401424));
#11037=CARTESIAN_POINT('',(0.00548528124395558,0.00130792848542329,0.0295500034014241));
#11038=CARTESIAN_POINT('',(0.00548528124395555,0.0103618795863889,0.0295500034014242));
#11039=CARTESIAN_POINT('',(0.00548528124395555,0.0103618795863889,0.0295500034014242));
#11040=CARTESIAN_POINT('',(0.00548528124395555,0.0105274636489591,0.0295500034014242));
#11041=CARTESIAN_POINT('',(0.00548528124395555,0.0106885995954794,0.0294160515610944));
#11042=CARTESIAN_POINT('',(0.00548528124395555,0.0106885995954795,0.0292500034014242));
#11043=CARTESIAN_POINT('',(-0.00723743699735971,0.0194938463260311,0.0300585560268628));
#11044=CARTESIAN_POINT('',(-0.00362132047384281,0.0213019045877895,0.0331902047992732));
#11045=CARTESIAN_POINT('',(-0.00362132047384281,0.0238999807991429,0.0316902047992732));
#11046=CARTESIAN_POINT('',(-0.00723743699735971,0.0220919225373844,0.0285585560268628));
#11047=CARTESIAN_POINT('',(-0.00885355352087657,0.021283864275626,0.0271589580620214));
#11048=CARTESIAN_POINT('',(-0.00885355352087656,0.0186857880642727,0.0286589580620214));
#11049=CARTESIAN_POINT('',(-1.30283154056723E-10,0.0213751278924929,0.0333170312833175));
#11050=CARTESIAN_POINT('',(0.00326776682268323,0.0239732041038462,0.0318170312833176));
#11051=CARTESIAN_POINT('',(0.00326776682268323,0.0239732041038462,0.0318170312833176));
#11052=CARTESIAN_POINT('',(-1.30283155791447E-10,0.0239732041038462,0.0318170312833175));
#11053=CARTESIAN_POINT('',(-0.00326776708324953,0.0239732041038462,0.0318170312833175));
#11054=CARTESIAN_POINT('',(-0.00326776708324953,0.0213751278924929,0.0333170312833175));
#11055=CARTESIAN_POINT('',(0.00723743673679346,0.0194938463260311,0.030058556026863));
#11056=CARTESIAN_POINT('',(0.00885355326031035,0.021283864275626,0.0271589580620217));
#11057=CARTESIAN_POINT('',(0.00885355326031035,0.021283864275626,0.0271589580620217));
#11058=CARTESIAN_POINT('',(0.00723743673679346,0.0220919225373844,0.028558556026863));
#11059=CARTESIAN_POINT('',(0.00362132021327651,0.0238999807991429,0.0316902047992733));
#11060=CARTESIAN_POINT('',(0.00362132021327652,0.0213019045877895,0.0331902047992734));
#11061=CARTESIAN_POINT('',(-1.30283121096977E-10,0.0183518846508798,0.0220806203852042));
#11062=CARTESIAN_POINT('',(0.00399999986971696,0.0177431265496504,0.0210262204243558));
#11063=CARTESIAN_POINT('',(0.00470710665090353,0.0173895731590571,0.02041384798866));
#11064=CARTESIAN_POINT('',(-0.00400000013028319,0.0177431265496504,0.0210262204243557));
#11065=CARTESIAN_POINT('',(-0.00329289334909662,0.0173895731590571,0.0204138479886599));
#11066=CARTESIAN_POINT('',(0.00299999986971694,0.022700233330837,0.0296121812279154));
#11067=CARTESIAN_POINT('',(0.00398994936337813,0.0222052585840064,0.0287548598179412));
#11068=CARTESIAN_POINT('',(-0.00300000013028318,0.022700233330837,0.0296121812279153));
#11069=CARTESIAN_POINT('',(-0.00201005063662199,0.0222052585840064,0.0287548598179411));
#11070=CARTESIAN_POINT('',(-1.30283096810849E-10,0.016075877523268,0.0181384604017917));
#11071=CARTESIAN_POINT('',(-0.00850000013028329,0.0211070875803294,0.0268527718441735));
#11072=CARTESIAN_POINT('',(-0.00326776708324953,0.0237232041038462,0.0313840185814253));
#11073=CARTESIAN_POINT('',(0.00326776682268323,0.0237232041038462,0.0313840185814254));
#11074=CARTESIAN_POINT('',(0.00849999986971704,0.0211070875803294,0.0268527718441738));
#11075=CARTESIAN_POINT('',(-1.30283084667784E-10,0.0108079284854235,0.0330141050165619));
#11076=CARTESIAN_POINT('',(-0.00498528150452173,0.00987972245764731,0.0335500050165619));
#11077=CARTESIAN_POINT('',(-0.00498528150452173,0.00987972245764731,0.0335500050165619));
#11078=CARTESIAN_POINT('',(-1.30283103749742E-10,0.00987972245764731,0.033550005016562));
#11079=CARTESIAN_POINT('',(0.00498528124395553,0.00987972245764726,0.0335500050165621));
#11080=CARTESIAN_POINT('',(0.00498528124395552,0.0186021571194836,0.028514105016562));
#11081=CARTESIAN_POINT('',(-0.00548728150452169,-0.00719207151457687,0.0312820542089928));
#11082=CARTESIAN_POINT('',(-1.30283048238591E-10,-0.00719207151457686,0.0315500042089929));
#11083=CARTESIAN_POINT('',(0.000654653540424944,-0.00719207151457686,0.0307940752629744));
#11084=CARTESIAN_POINT('',(-0.00548728150452169,-0.00719207151457687,0.0335500050165618));
#11085=CARTESIAN_POINT('',(-0.00448528150452168,-0.00719207151457688,0.0335500050165618));
#11086=CARTESIAN_POINT('',(0.00448528124395557,-0.00719207151457687,0.0335500050165619));
#11087=CARTESIAN_POINT('',(-0.00448528150452168,-0.00719207151457687,0.0312820542089928));
#11088=CARTESIAN_POINT('',(-0.00448528150452167,-0.00719207151457687,0.0295500034014239));
#11089=CARTESIAN_POINT('',(-0.00548728150452169,-0.00719207151457687,0.0295500034014239));
#11090=CARTESIAN_POINT('',(0.00448528124395559,-0.00719207151457687,0.0295500034014241));
#11091=CARTESIAN_POINT('',(0.00448528124395558,-0.00719207151457686,0.031282054208993));
#11092=CARTESIAN_POINT('',(-0.00548728150452172,0.00230792848542331,0.0335500050165618));
#11093=CARTESIAN_POINT('',(-1.30283070789996E-10,-0.00219207151457678,0.0335500050165619));
#11094=CARTESIAN_POINT('',(0.00269999986971698,-0.00219207151457678,0.0335500050165619));
#11095=CARTESIAN_POINT('',(-0.00498528150452173,0.00887972245764729,0.0335500050165619));
#11096=CARTESIAN_POINT('',(-0.00448528150452168,-0.00619207151457686,0.0335500050165618));
#11097=CARTESIAN_POINT('',(0.00448528124395559,-0.00619207151457686,0.0335500050165619));
#11098=CARTESIAN_POINT('',(0.00498528124395553,0.00887972245764729,0.0335500050165621));
#11099=CARTESIAN_POINT('',(-0.00548728150452171,0.00130792848542329,0.029550003401424));
#11100=CARTESIAN_POINT('',(-1.30283053442762E-10,-0.00219207151457678,0.029550003401424));
#11101=CARTESIAN_POINT('',(0.002699999869717,-0.00219207151457678,0.029550003401424));
#11102=CARTESIAN_POINT('',(-1.30283053442762E-10,-0.00219207151457678,0.029550003401424));
#11103=CARTESIAN_POINT('',(0.00448528124395559,-0.00619207151457686,0.029550003401424));
#11104=CARTESIAN_POINT('',(-0.00448528150452166,-0.00619207151457686,0.0295500034014239));
#11105=CARTESIAN_POINT('',(0.00299999986971694,0.022700233330837,0.0296121812279154));
#11106=CARTESIAN_POINT('',(0.00299999986971694,0.0202753622002405,0.0310121812279153));
#11107=CARTESIAN_POINT('',(0.00384852800714082,0.0198510981315286,0.0302773343050804));
#11108=CARTESIAN_POINT('',(0.00299999986971694,0.0225270282500801,0.0297121812279154));
#11109=CARTESIAN_POINT('',(0.00384852800714081,0.0221027641813682,0.0289773343050804));
#11110=CARTESIAN_POINT('',(-0.00300000013028318,0.022700233330837,0.0296121812279153));
#11111=CARTESIAN_POINT('',(-0.00300000013028318,0.0202753622002405,0.0310121812279152));
#11112=CARTESIAN_POINT('',(-0.00215147199285931,0.0198510981315286,0.0302773343050803));
#11113=CARTESIAN_POINT('',(-0.00300000013028318,0.0225270282500801,0.0297121812279152));
#11114=CARTESIAN_POINT('',(-0.00215147199285931,0.0221027641813682,0.0289773343050803));
#11115=CARTESIAN_POINT('',(0.00399999986971699,0.0134129995307281,0.0235262204243558));
#11116=CARTESIAN_POINT('',(0.00399999986971696,0.0129967110825589,0.0237665646719669));
#11117=CARTESIAN_POINT('',(0.00399999986971699,0.0134129995307281,0.0235262204243558));
#11118=CARTESIAN_POINT('',(0.00343431444476774,0.0136958422432027,0.0240161183729124));
#11119=CARTESIAN_POINT('',(0.00399999986971696,0.0177431265496504,0.0210262204243558));
#11120=CARTESIAN_POINT('',(0.00399999986971696,0.0175699214688934,0.0211262204243558));
#11121=CARTESIAN_POINT('',(0.00456568529466622,0.0172870787564188,0.0206363224757992));
#11122=CARTESIAN_POINT('',(-0.00400000013028318,0.0134129995307281,0.0235262204243557));
#11123=CARTESIAN_POINT('',(-0.00400000013028318,0.0129967110825589,0.0237665646719667));
#11124=CARTESIAN_POINT('',(-0.00400000013028318,0.0134129995307281,0.0235262204243557));
#11125=CARTESIAN_POINT('',(-0.00456568555523243,0.0136958422432027,0.0240161183729123));
#11126=CARTESIAN_POINT('',(-0.00400000013028319,0.0177431265496504,0.0210262204243557));
#11127=CARTESIAN_POINT('',(-0.00400000013028319,0.0175699214688934,0.0211262204243557));
#11128=CARTESIAN_POINT('',(-0.00343431470533393,0.0172870787564188,0.0206363224757991));
#11129=CARTESIAN_POINT('',(-0.00700000013028318,0.0121954230553617,0.0132));
#11130=CARTESIAN_POINT('',(-0.00700000013028318,0.0121954230553617,0.013680688495222));
#11131=CARTESIAN_POINT('',(-0.00700000013028318,0.0121954230553617,0.0132));
#11132=CARTESIAN_POINT('',(-0.00620000013028316,0.0121954230553617,0.0132));
#11133=CARTESIAN_POINT('',(-0.00700000013028317,0.0121954230553617,0.00819999999999979));
#11134=CARTESIAN_POINT('',(0.00699999986971709,0.0121954230553617,0.0132000000000001));
#11135=CARTESIAN_POINT('',(0.00699999986971709,0.0121954230553617,0.0136806884952222));
#11136=CARTESIAN_POINT('',(0.00699999986971709,0.0121954230553617,0.0132000000000001));
#11137=CARTESIAN_POINT('',(0.00779999986971711,0.0121954230553617,0.0132000000000001));
#11138=CARTESIAN_POINT('',(0.00699999986971712,0.0121954230553617,0.0082));
#11139=CARTESIAN_POINT('',(-0.00448528150452168,-0.00619207151457686,0.0312820542089928));
#11140=CARTESIAN_POINT('',(0.00448528124395558,-0.00619207151457686,0.031282054208993));
#11141=CARTESIAN_POINT('',(-1.30283053442762E-10,-0.00219207151457678,0.029250003401424));
#11142=CARTESIAN_POINT('',(0.0079999998697171,0.0101954230553616,0.0178523288088128));
#11143=CARTESIAN_POINT('',(0.00849999986971713,0.0101954230553616,0.0139532144917827));
#11144=CARTESIAN_POINT('',(0.00664548583462696,0.0101954230553616,0.0082));
#11145=CARTESIAN_POINT('',(-0.0080000001302832,0.0101954230553616,0.0178523288088125));
#11146=CARTESIAN_POINT('',(-0.00850000013028321,0.0101954230553616,0.00819999999999977));
#11147=CARTESIAN_POINT('',(-0.00664548609519309,0.0101954230553616,0.0178523288088126));
#11148=CARTESIAN_POINT('',(-1.3028306732055E-10,-0.00719207151457686,0.0315500042089929));
#11149=CARTESIAN_POINT('',(-1.3028306732055E-10,-0.00699207151457687,0.0315500042089929));
#11150=CARTESIAN_POINT('',(0.000523722806283331,-0.00699207151457688,0.0309452610521781));
#11151=CARTESIAN_POINT('',(-0.00498528150452173,0.0105579284854235,0.0325810923146697));
#11152=CARTESIAN_POINT('',(0.00498528124395553,0.0105579284854235,0.0325810923146698));
#11153=CARTESIAN_POINT('',(-0.00850000013028323,0.0106954230553616,0.0178523288088125));
#11154=CARTESIAN_POINT('',(0.00849999986971708,0.0106954230553616,0.0235806203852043));
#11155=CARTESIAN_POINT('',(-0.00664548609519306,0.0106954230553616,0.00455000340142348));
#11156=CARTESIAN_POINT('',(0.00664548583462698,0.0106954230553616,0.00455000340142369));
#11157=CARTESIAN_POINT('',(0.00849999986971704,0.018509011368976,0.0283527718441738));
#11158=CARTESIAN_POINT('',(0.00326776682268323,0.0211251278924929,0.0328840185814254));
#11159=CARTESIAN_POINT('',(-0.00326776708324953,0.0211251278924929,0.0328840185814253));
#11160=CARTESIAN_POINT('',(-0.00850000013028329,0.018509011368976,0.0283527718441735));
#11161=CARTESIAN_POINT('',(-1.30283048238591E-10,-0.00719207151457686,0.0315500042089929));
#11162=CARTESIAN_POINT('',(-1.30283055177485E-10,-0.00219207151457678,0.029750003401424));
#11163=CARTESIAN_POINT('',(0.00399999986971696,0.0177431265496504,0.0210262204243558));
#11164=CARTESIAN_POINT('',(-0.00400000013028319,0.0177431265496504,0.0210262204243557));
#11165=CARTESIAN_POINT('',(0.00299999986971694,0.0202753622002405,0.0310121812279153));
#11166=CARTESIAN_POINT('',(-0.00300000013028318,0.0202753622002405,0.0310121812279152));
#11167=CARTESIAN_POINT('',(0.00299999986971694,0.022700233330837,0.0296121812279154));
#11168=CARTESIAN_POINT('',(-0.00300000013028318,0.022700233330837,0.0296121812279153));
#11169=CARTESIAN_POINT('',(-1.30283069055273E-10,-0.00219207151457676,0.0333500050165619));
#11170=CARTESIAN_POINT('',(-1.30283098545572E-10,0.0178079283308369,0.0171384604017917));
#11171=CARTESIAN_POINT('',(0.000899999869716979,0.0137648446083175,0.0113));
#11172=CARTESIAN_POINT('',(0.000899999869716979,0.0137648446083175,0.0113));
#11173=CARTESIAN_POINT('',(0.00139999986971699,0.0137648446083175,0.0113));
#11174=CARTESIAN_POINT('',(-1.30283039564974E-10,0.0130016756930992,0.0113));
#11175=CARTESIAN_POINT('',(-0.00090000013028306,0.0137648446083175,0.0113));
#11176=CARTESIAN_POINT('',(-0.00090000013028306,0.0137648446083175,0.0113));
#11177=CARTESIAN_POINT('',(-0.00040000013028305,0.0137648446083175,0.0113));
#11178=CARTESIAN_POINT('',(-1.30283039564974E-10,0.0130016756930992,0.0113));
#11179=CARTESIAN_POINT('',(0.,0.,0.));
#11180=CARTESIAN_POINT('',(-1.30286924965334E-10,0.0113084284854229,0.00865000501656112));
#11181=CARTESIAN_POINT('',(-0.00109828554764743,0.0112715403840248,0.00755383594556378));
#11182=CARTESIAN_POINT('',(2.74242495781516E-7,0.0113261052367813,0.00709817440015961));
#11183=CARTESIAN_POINT('',(0.00109718779594101,0.0112716095813876,0.00755349655316448));
#11184=CARTESIAN_POINT('',(0.0015512855644706,0.0112169108145444,0.00864878739871201));
#11185=CARTESIAN_POINT('',(0.001097667903739,0.0112715852682638,0.00974678177498465));
#11186=CARTESIAN_POINT('',(2.79829297999039E-7,0.0113260608360784,0.0102012706468467));
#11187=CARTESIAN_POINT('',(-0.00109569236286333,0.011271742240806,0.00974816516657952));
#11188=CARTESIAN_POINT('',(-0.00155150477835505,0.0112168889358398,0.00865149362020363));
#11189=CARTESIAN_POINT('',(-0.00109828554764743,0.0112715403840248,0.00755383594556378));
#11190=CARTESIAN_POINT('',(2.74242495781516E-7,0.0113261052367813,0.00709817440015961));
#11191=CARTESIAN_POINT('',(0.00109718779594101,0.0112716095813876,0.00755349655316448));
#11192=CARTESIAN_POINT('',(-1.3028721515378E-10,0.0113079284854229,0.00725000501656112));
#11193=CARTESIAN_POINT('',(-1.30287066943223E-10,0.00955842848542294,0.00865000501656114));
#11194=CARTESIAN_POINT('',(-1.30287357288749E-10,0.00955842848542292,0.00725000501656114));
#11195=CARTESIAN_POINT('',(0.00139999986971293,0.00955842848542283,0.00865000501656085));
#11196=CARTESIAN_POINT('',(-1.30287066943223E-10,0.00955842848542294,0.00865000501656114));
#11197=CARTESIAN_POINT('',(-1.30287232854952E-10,0.00955842848542293,0.00785000501656114));
#11198=CARTESIAN_POINT('',(-1.30286924965334E-10,0.0113084284854229,0.00865000501656112));
#11199=CARTESIAN_POINT('',(-0.000627593499435717,0.00629657384454992,0.00802361893789564));
#11200=CARTESIAN_POINT('',(1.57446378078657E-7,0.00632484679575705,0.00776324685021816));
#11201=CARTESIAN_POINT('',(0.000626962932198426,0.00629660988495948,0.0080234237605988));
#11202=CARTESIAN_POINT('',(0.000886445188438272,0.00626829513284241,0.00864931828728129));
#11203=CARTESIAN_POINT('',(0.000627254819887437,0.00629659622266321,0.00927671796590475));
#11204=CARTESIAN_POINT('',(1.51491525503749E-7,0.00632482401499602,0.00953644763970194));
#11205=CARTESIAN_POINT('',(-0.000626105388005544,0.00629667859968016,0.00927752125338719));
#11206=CARTESIAN_POINT('',(-0.000886574919913784,0.00626828358416242,0.00865087520259785));
#11207=CARTESIAN_POINT('',(-0.000627593499435717,0.00629657384454992,0.00802361893789564));
#11208=CARTESIAN_POINT('',(1.57446378078657E-7,0.00632484679575705,0.00776324685021816));
#11209=CARTESIAN_POINT('',(0.000626962932198426,0.00629660988495948,0.0080234237605988));
#11210=CARTESIAN_POINT('',(-1.30287495860613E-10,0.00631542848542293,0.00785000501656118));
#11211=CARTESIAN_POINT('',(-1.30284661899422E-10,-0.00219207151457683,0.0248435050165613));
#11212=CARTESIAN_POINT('',(-1.30287698395144E-10,-0.00219207151457703,0.0102020050165613));
#11213=CARTESIAN_POINT('',(0.0085074998697123,-0.00219207151457773,0.0102020050165595));
#11214=CARTESIAN_POINT('',(-1.30288382781025E-10,-0.00219207151457708,0.0069020050165613));
#11215=CARTESIAN_POINT('',(0.00850749986971162,-0.00219207151457777,0.00690200501655954));
#11216=CARTESIAN_POINT('',(0.000627593238859412,-0.0106807168737041,0.00802361893789559));
#11217=CARTESIAN_POINT('',(-1.57706954487022E-7,-0.0107089898249112,0.00776324685021841));
#11218=CARTESIAN_POINT('',(-0.000626963192774729,-0.0106807529141136,0.00802342376059928));
#11219=CARTESIAN_POINT('',(-0.000886445449014314,-0.0106524381619965,0.00864931828728188));
#11220=CARTESIAN_POINT('',(-0.000627255080463214,-0.0106807392518173,0.00927671796590523));
#11221=CARTESIAN_POINT('',(-1.51752101179382E-7,-0.0107089670441501,0.00953644763970216));
#11222=CARTESIAN_POINT('',(0.000626105127429768,-0.0106808216288343,0.00927752125338715));
#11223=CARTESIAN_POINT('',(0.000886574659337742,-0.0106524266133165,0.00865087520259771));
#11224=CARTESIAN_POINT('',(0.000627593238859412,-0.0106807168737041,0.00802361893789559));
#11225=CARTESIAN_POINT('',(-1.57706954487022E-7,-0.0107089898249112,0.00776324685021841));
#11226=CARTESIAN_POINT('',(-0.000626963192774729,-0.0106807529141136,0.00802342376059928));
#11227=CARTESIAN_POINT('',(-1.30288877532508E-10,-0.0106995715145771,0.00785000501656142));
#11228=CARTESIAN_POINT('',(-1.30284661899422E-10,-0.00219207151457683,0.0248435050165613));
#11229=CARTESIAN_POINT('',(-1.30288383195804E-10,-0.00219207151457708,0.0069000050165613));
#11230=CARTESIAN_POINT('',(0.0134999998697116,-0.00219207151457818,0.0069000050165585));
#11231=CARTESIAN_POINT('',(-1.30284466455741E-10,-0.00219207151457683,0.0257859034014235));
#11232=CARTESIAN_POINT('',(0.0134999998697155,-0.00219207151457792,0.0257859034014207));
#11233=CARTESIAN_POINT('',(0.00109828528707092,-0.0156556834131789,0.00755383594556367));
#11234=CARTESIAN_POINT('',(-2.74503072465743E-7,-0.0157102482659355,0.00709817440015999));
#11235=CARTESIAN_POINT('',(-0.0010971880565175,-0.0156557526105417,0.00755349655316529));
#11236=CARTESIAN_POINT('',(-0.00155128582504664,-0.0156010538436985,0.00864878739871301));
#11237=CARTESIAN_POINT('',(-0.00109766816431459,-0.0156557282974179,0.00974678177498546));
#11238=CARTESIAN_POINT('',(-2.80089873401963E-7,-0.0157102038652325,0.0102012706468471));
#11239=CARTESIAN_POINT('',(0.00109569210228776,-0.01565588526996,0.00974816516657941));
#11240=CARTESIAN_POINT('',(0.00155150451777901,-0.015601031964994,0.00865149362020335));
#11241=CARTESIAN_POINT('',(0.00109828528707092,-0.0156556834131789,0.00755383594556367));
#11242=CARTESIAN_POINT('',(-2.74503072465743E-7,-0.0157102482659355,0.00709817440015999));
#11243=CARTESIAN_POINT('',(-0.0010971880565175,-0.0156557526105417,0.00755349655316529));
#11244=CARTESIAN_POINT('',(-1.3028940771834E-10,-0.0156920715145771,0.00725000501656149));
#11245=CARTESIAN_POINT('',(-1.30284661899422E-10,-0.00219207151457683,0.0248435050165613));
#11246=CARTESIAN_POINT('',(-1.30286526643559E-10,-0.00219207151457696,0.0158520050165613));
#11247=CARTESIAN_POINT('',(0.00800749986971347,-0.00219207151457761,0.0158520050165596));
#11248=CARTESIAN_POINT('',(-1.30287656917212E-10,-0.00219207151457703,0.0104020050165613));
#11249=CARTESIAN_POINT('',(0.00800749986971234,-0.00219207151457769,0.0104020050165596));
#11250=CARTESIAN_POINT('',(-0.00825000013028766,-0.00219207151457636,0.010402005016563));
#11251=CARTESIAN_POINT('',(-1.30287656917212E-10,-0.00219207151457703,0.0104020050165613));
#11252=CARTESIAN_POINT('',(0.00830749986971234,-0.00219207151457771,0.0104020050165596));
#11253=CARTESIAN_POINT('',(-1.30284661899422E-10,-0.00219207151457683,0.0248435050165613));
#11254=CARTESIAN_POINT('',(-1.3028476424622E-10,-0.00219207151457684,0.0243500050165613));
#11255=CARTESIAN_POINT('',(-0.00800750013028476,-0.00219207151457619,0.024350005016563));
#11256=CARTESIAN_POINT('',(-1.30283748036881E-10,-0.00219207151457678,0.0292500050165613));
#11257=CARTESIAN_POINT('',(0.00800749986971625,-0.00219207151457743,0.0292500050165596));
#11258=CARTESIAN_POINT('',(-1.30288382781025E-10,-0.00219207151457708,0.0069020050165613));
#11259=CARTESIAN_POINT('',(-1.30283748036881E-10,-0.00219207151457678,0.0292500050165613));
#11260=CARTESIAN_POINT('',(-1.30283748036881E-10,-0.00219207151457678,0.0292500050165613));
#11261=CARTESIAN_POINT('',(0.0114999998697163,-0.00219207151457771,0.0292500050165589));
#11262=CARTESIAN_POINT('',(-0.0107500001302837,-0.0021920715145759,0.0292500050165635));
#11263=CARTESIAN_POINT('',(-0.00755500013028481,-0.00219207151457623,0.0241500050165628));
#11264=CARTESIAN_POINT('',(-1.30284805724152E-10,-0.00219207151457684,0.0241500050165613));
#11265=CARTESIAN_POINT('',(-0.00780750013028481,-0.00219207151457621,0.0241500050165629));
#11266=CARTESIAN_POINT('',(-1.30284805724152E-10,-0.00219207151457684,0.0241500050165613));
#11267=CARTESIAN_POINT('',(0.00711749986971519,-0.00219207151457742,0.0241500050165598));
#11268=CARTESIAN_POINT('',(-0.00735000013028649,-0.00219207151457636,0.0160520050165628));
#11269=CARTESIAN_POINT('',(-1.30286485165627E-10,-0.00219207151457696,0.0160520050165613));
#11270=CARTESIAN_POINT('',(0.00780749986971351,-0.00219207151457759,0.0160520050165597));
#11271=CARTESIAN_POINT('',(-1.30286485165627E-10,-0.00219207151457696,0.0160520050165613));
#11272=CARTESIAN_POINT('',(0.00669999986971351,-0.0021920715145775,0.0160520050165599));
#11273=CARTESIAN_POINT('',(-1.30284661899422E-10,-0.00219207151457683,0.0248435050165613));
#11274=CARTESIAN_POINT('',(-1.30286381470796E-10,-0.00219207151457695,0.0165520050165613));
#11275=CARTESIAN_POINT('',(0.00669999986971362,-0.0021920715145775,0.0165520050165599));
#11276=CARTESIAN_POINT('',(-0.00690500013028638,-0.00219207151457638,0.0165520050165627));
#11277=CARTESIAN_POINT('',(-1.30286381470796E-10,-0.00219207151457695,0.0165520050165613));
#11278=CARTESIAN_POINT('',(0.00711749986971362,-0.00219207151457753,0.0165520050165598));
#11279=CARTESIAN_POINT('',(-1.30284661899422E-10,-0.00219207151457683,0.0248435050165613));
#11280=CARTESIAN_POINT('',(-1.30289117215795E-10,-0.0156925715145771,0.00865000501656148));
#11281=CARTESIAN_POINT('',(-1.30288975023593E-10,-0.0139425715145771,0.00865000501656146));
#11282=CARTESIAN_POINT('',(-1.30289140935322E-10,-0.0139425715145771,0.00785000501656146));
#11283=CARTESIAN_POINT('',(-0.00140000013028897,-0.0139425715145769,0.00865000501656175));
#11284=CARTESIAN_POINT('',(-1.30288975023593E-10,-0.0139425715145771,0.00865000501656146));
#11285=CARTESIAN_POINT('',(-1.30289265369119E-10,-0.0139425715145771,0.00725000501656146));
#11286=CARTESIAN_POINT('',(-1.30289117215795E-10,-0.0156925715145771,0.00865000501656148));
#11287=CARTESIAN_POINT('',(-1.30287698395144E-10,-0.00219207151457703,0.0102020050165613));
#11288=CARTESIAN_POINT('',(-1.30286526643559E-10,-0.00219207151457696,0.0158520050165613));
#11289=CARTESIAN_POINT('',(-1.3028476424622E-10,-0.00219207151457684,0.0243500050165613));
#11290=MECHANICAL_DESIGN_GEOMETRIC_PRESENTATION_REPRESENTATION('',(#4620),
#11307);
#11291=MECHANICAL_DESIGN_GEOMETRIC_PRESENTATION_REPRESENTATION('',(#4621),
#11308);
#11292=MECHANICAL_DESIGN_GEOMETRIC_PRESENTATION_REPRESENTATION('',(#4622),
#11309);
#11293=MECHANICAL_DESIGN_GEOMETRIC_PRESENTATION_REPRESENTATION('',(#4623),
#11310);
#11294=MECHANICAL_DESIGN_GEOMETRIC_PRESENTATION_REPRESENTATION('',(#4624),
#11311);
#11295=MECHANICAL_DESIGN_GEOMETRIC_PRESENTATION_REPRESENTATION('',(#4625),
#11312);
#11296=MECHANICAL_DESIGN_GEOMETRIC_PRESENTATION_REPRESENTATION('',(#4626),
#11313);
#11297=MECHANICAL_DESIGN_GEOMETRIC_PRESENTATION_REPRESENTATION('',(#4627),
#11314);
#11298=MECHANICAL_DESIGN_GEOMETRIC_PRESENTATION_REPRESENTATION('',(#4628),
#11315);
#11299=MECHANICAL_DESIGN_GEOMETRIC_PRESENTATION_REPRESENTATION('',(#4629),
#11316);
#11300=MECHANICAL_DESIGN_GEOMETRIC_PRESENTATION_REPRESENTATION('',(#4630),
#11317);
#11301=MECHANICAL_DESIGN_GEOMETRIC_PRESENTATION_REPRESENTATION('',(#4631),
#11318);
#11302=MECHANICAL_DESIGN_GEOMETRIC_PRESENTATION_REPRESENTATION('',(#4632),
#11319);
#11303=MECHANICAL_DESIGN_GEOMETRIC_PRESENTATION_REPRESENTATION('',(#4633),
#11320);
#11304=MECHANICAL_DESIGN_GEOMETRIC_PRESENTATION_REPRESENTATION('',(#4634,
#10,#11,#12,#13,#14,#15,#16,#17,#18,#19,#20,#21,#22,#23,#24,#25,#26,#27,
#28,#29,#30,#31,#32,#33,#34,#35,#36,#37,#38,#39,#40,#41,#42),#11321);
#11305=MECHANICAL_DESIGN_GEOMETRIC_PRESENTATION_REPRESENTATION('',(#4635),
#11322);
#11306=MECHANICAL_DESIGN_GEOMETRIC_PRESENTATION_REPRESENTATION('',(#4636),
#11323);
#11307=(
GEOMETRIC_REPRESENTATION_CONTEXT(3)
GLOBAL_UNCERTAINTY_ASSIGNED_CONTEXT((#11324))
GLOBAL_UNIT_ASSIGNED_CONTEXT((#11375,#11358,#11341))
REPRESENTATION_CONTEXT('Part 1','TOP_LEVEL_ASSEMBLY_PART')
);
#11308=(
GEOMETRIC_REPRESENTATION_CONTEXT(3)
GLOBAL_UNCERTAINTY_ASSIGNED_CONTEXT((#11325))
GLOBAL_UNIT_ASSIGNED_CONTEXT((#11376,#11359,#11342))
REPRESENTATION_CONTEXT('Part 1','TOP_LEVEL_ASSEMBLY_PART')
);
#11309=(
GEOMETRIC_REPRESENTATION_CONTEXT(3)
GLOBAL_UNCERTAINTY_ASSIGNED_CONTEXT((#11326))
GLOBAL_UNIT_ASSIGNED_CONTEXT((#11377,#11360,#11343))
REPRESENTATION_CONTEXT('Axle Connection','TOP_LEVEL_ASSEMBLY_PART')
);
#11310=(
GEOMETRIC_REPRESENTATION_CONTEXT(3)
GLOBAL_UNCERTAINTY_ASSIGNED_CONTEXT((#11327))
GLOBAL_UNIT_ASSIGNED_CONTEXT((#11378,#11361,#11344))
REPRESENTATION_CONTEXT('Part 1','TOP_LEVEL_ASSEMBLY_PART')
);
#11311=(
GEOMETRIC_REPRESENTATION_CONTEXT(3)
GLOBAL_UNCERTAINTY_ASSIGNED_CONTEXT((#11328))
GLOBAL_UNIT_ASSIGNED_CONTEXT((#11379,#11362,#11345))
REPRESENTATION_CONTEXT('Part 1_1','TOP_LEVEL_ASSEMBLY_PART')
);
#11312=(
GEOMETRIC_REPRESENTATION_CONTEXT(3)
GLOBAL_UNCERTAINTY_ASSIGNED_CONTEXT((#11329))
GLOBAL_UNIT_ASSIGNED_CONTEXT((#11380,#11363,#11346))
REPRESENTATION_CONTEXT('Axle','TOP_LEVEL_ASSEMBLY_PART')
);
#11313=(
GEOMETRIC_REPRESENTATION_CONTEXT(3)
GLOBAL_UNCERTAINTY_ASSIGNED_CONTEXT((#11330))
GLOBAL_UNIT_ASSIGNED_CONTEXT((#11381,#11364,#11347))
REPRESENTATION_CONTEXT('Part 1','TOP_LEVEL_ASSEMBLY_PART')
);
#11314=(
GEOMETRIC_REPRESENTATION_CONTEXT(3)
GLOBAL_UNCERTAINTY_ASSIGNED_CONTEXT((#11331))
GLOBAL_UNIT_ASSIGNED_CONTEXT((#11382,#11365,#11348))
REPRESENTATION_CONTEXT('Part 1','TOP_LEVEL_ASSEMBLY_PART')
);
#11315=(
GEOMETRIC_REPRESENTATION_CONTEXT(3)
GLOBAL_UNCERTAINTY_ASSIGNED_CONTEXT((#11332))
GLOBAL_UNIT_ASSIGNED_CONTEXT((#11383,#11366,#11349))
REPRESENTATION_CONTEXT('Part 1_1','TOP_LEVEL_ASSEMBLY_PART')
);
#11316=(
GEOMETRIC_REPRESENTATION_CONTEXT(3)
GLOBAL_UNCERTAINTY_ASSIGNED_CONTEXT((#11333))
GLOBAL_UNIT_ASSIGNED_CONTEXT((#11384,#11367,#11350))
REPRESENTATION_CONTEXT('Part 1','TOP_LEVEL_ASSEMBLY_PART')
);
#11317=(
GEOMETRIC_REPRESENTATION_CONTEXT(3)
GLOBAL_UNCERTAINTY_ASSIGNED_CONTEXT((#11334))
GLOBAL_UNIT_ASSIGNED_CONTEXT((#11385,#11368,#11351))
REPRESENTATION_CONTEXT('Part 1','TOP_LEVEL_ASSEMBLY_PART')
);
#11318=(
GEOMETRIC_REPRESENTATION_CONTEXT(3)
GLOBAL_UNCERTAINTY_ASSIGNED_CONTEXT((#11335))
GLOBAL_UNIT_ASSIGNED_CONTEXT((#11386,#11369,#11352))
REPRESENTATION_CONTEXT('Part 1','TOP_LEVEL_ASSEMBLY_PART')
);
#11319=(
GEOMETRIC_REPRESENTATION_CONTEXT(3)
GLOBAL_UNCERTAINTY_ASSIGNED_CONTEXT((#11336))
GLOBAL_UNIT_ASSIGNED_CONTEXT((#11387,#11370,#11353))
REPRESENTATION_CONTEXT('Part 1','TOP_LEVEL_ASSEMBLY_PART')
);
#11320=(
GEOMETRIC_REPRESENTATION_CONTEXT(3)
GLOBAL_UNCERTAINTY_ASSIGNED_CONTEXT((#11337))
GLOBAL_UNIT_ASSIGNED_CONTEXT((#11388,#11371,#11354))
REPRESENTATION_CONTEXT('Part 1','TOP_LEVEL_ASSEMBLY_PART')
);
#11321=(
GEOMETRIC_REPRESENTATION_CONTEXT(3)
GLOBAL_UNCERTAINTY_ASSIGNED_CONTEXT((#11338))
GLOBAL_UNIT_ASSIGNED_CONTEXT((#11389,#11372,#11355))
REPRESENTATION_CONTEXT('Part 1','TOP_LEVEL_ASSEMBLY_PART')
);
#11322=(
GEOMETRIC_REPRESENTATION_CONTEXT(3)
GLOBAL_UNCERTAINTY_ASSIGNED_CONTEXT((#11339))
GLOBAL_UNIT_ASSIGNED_CONTEXT((#11390,#11373,#11356))
REPRESENTATION_CONTEXT('Part 1','TOP_LEVEL_ASSEMBLY_PART')
);
#11323=(
GEOMETRIC_REPRESENTATION_CONTEXT(3)
GLOBAL_UNCERTAINTY_ASSIGNED_CONTEXT((#11340))
GLOBAL_UNIT_ASSIGNED_CONTEXT((#11391,#11374,#11357))
REPRESENTATION_CONTEXT('RW','TOP_LEVEL_ASSEMBLY_PART')
);
#11324=UNCERTAINTY_MEASURE_WITH_UNIT(LENGTH_MEASURE(2.E-5),#11375,
'DISTANCE_ACCURACY_VALUE','Maximum Tolerance applied to model');
#11325=UNCERTAINTY_MEASURE_WITH_UNIT(LENGTH_MEASURE(2.E-5),#11376,
'DISTANCE_ACCURACY_VALUE','Maximum Tolerance applied to model');
#11326=UNCERTAINTY_MEASURE_WITH_UNIT(LENGTH_MEASURE(2.E-5),#11377,
'DISTANCE_ACCURACY_VALUE','Maximum Tolerance applied to model');
#11327=UNCERTAINTY_MEASURE_WITH_UNIT(LENGTH_MEASURE(1.E-8),#11378,
'DISTANCE_ACCURACY_VALUE','Maximum Tolerance applied to model');
#11328=UNCERTAINTY_MEASURE_WITH_UNIT(LENGTH_MEASURE(1.E-8),#11379,
'DISTANCE_ACCURACY_VALUE','Maximum Tolerance applied to model');
#11329=UNCERTAINTY_MEASURE_WITH_UNIT(LENGTH_MEASURE(2.E-5),#11380,
'DISTANCE_ACCURACY_VALUE','Maximum Tolerance applied to model');
#11330=UNCERTAINTY_MEASURE_WITH_UNIT(LENGTH_MEASURE(2.E-5),#11381,
'DISTANCE_ACCURACY_VALUE','Maximum Tolerance applied to model');
#11331=UNCERTAINTY_MEASURE_WITH_UNIT(LENGTH_MEASURE(1.E-8),#11382,
'DISTANCE_ACCURACY_VALUE','Maximum Tolerance applied to model');
#11332=UNCERTAINTY_MEASURE_WITH_UNIT(LENGTH_MEASURE(1.E-8),#11383,
'DISTANCE_ACCURACY_VALUE','Maximum Tolerance applied to model');
#11333=UNCERTAINTY_MEASURE_WITH_UNIT(LENGTH_MEASURE(1.E-8),#11384,
'DISTANCE_ACCURACY_VALUE','Maximum Tolerance applied to model');
#11334=UNCERTAINTY_MEASURE_WITH_UNIT(LENGTH_MEASURE(1.E-8),#11385,
'DISTANCE_ACCURACY_VALUE','Maximum Tolerance applied to model');
#11335=UNCERTAINTY_MEASURE_WITH_UNIT(LENGTH_MEASURE(1.E-8),#11386,
'DISTANCE_ACCURACY_VALUE','Maximum Tolerance applied to model');
#11336=UNCERTAINTY_MEASURE_WITH_UNIT(LENGTH_MEASURE(1.E-8),#11387,
'DISTANCE_ACCURACY_VALUE','Maximum Tolerance applied to model');
#11337=UNCERTAINTY_MEASURE_WITH_UNIT(LENGTH_MEASURE(1.E-8),#11388,
'DISTANCE_ACCURACY_VALUE','Maximum Tolerance applied to model');
#11338=UNCERTAINTY_MEASURE_WITH_UNIT(LENGTH_MEASURE(1.E-8),#11389,
'DISTANCE_ACCURACY_VALUE','Maximum Tolerance applied to model');
#11339=UNCERTAINTY_MEASURE_WITH_UNIT(LENGTH_MEASURE(2.E-5),#11390,
'DISTANCE_ACCURACY_VALUE','Maximum Tolerance applied to model');
#11340=UNCERTAINTY_MEASURE_WITH_UNIT(LENGTH_MEASURE(2.E-5),#11391,
'DISTANCE_ACCURACY_VALUE','Maximum Tolerance applied to model');
#11341=(
NAMED_UNIT(*)
SI_UNIT($,.STERADIAN.)
SOLID_ANGLE_UNIT()
);
#11342=(
NAMED_UNIT(*)
SI_UNIT($,.STERADIAN.)
SOLID_ANGLE_UNIT()
);
#11343=(
NAMED_UNIT(*)
SI_UNIT($,.STERADIAN.)
SOLID_ANGLE_UNIT()
);
#11344=(
NAMED_UNIT(*)
SI_UNIT($,.STERADIAN.)
SOLID_ANGLE_UNIT()
);
#11345=(
NAMED_UNIT(*)
SI_UNIT($,.STERADIAN.)
SOLID_ANGLE_UNIT()
);
#11346=(
NAMED_UNIT(*)
SI_UNIT($,.STERADIAN.)
SOLID_ANGLE_UNIT()
);
#11347=(
NAMED_UNIT(*)
SI_UNIT($,.STERADIAN.)
SOLID_ANGLE_UNIT()
);
#11348=(
NAMED_UNIT(*)
SI_UNIT($,.STERADIAN.)
SOLID_ANGLE_UNIT()
);
#11349=(
NAMED_UNIT(*)
SI_UNIT($,.STERADIAN.)
SOLID_ANGLE_UNIT()
);
#11350=(
NAMED_UNIT(*)
SI_UNIT($,.STERADIAN.)
SOLID_ANGLE_UNIT()
);
#11351=(
NAMED_UNIT(*)
SI_UNIT($,.STERADIAN.)
SOLID_ANGLE_UNIT()
);
#11352=(
NAMED_UNIT(*)
SI_UNIT($,.STERADIAN.)
SOLID_ANGLE_UNIT()
);
#11353=(
NAMED_UNIT(*)
SI_UNIT($,.STERADIAN.)
SOLID_ANGLE_UNIT()
);
#11354=(
NAMED_UNIT(*)
SI_UNIT($,.STERADIAN.)
SOLID_ANGLE_UNIT()
);
#11355=(
NAMED_UNIT(*)
SI_UNIT($,.STERADIAN.)
SOLID_ANGLE_UNIT()
);
#11356=(
NAMED_UNIT(*)
SI_UNIT($,.STERADIAN.)
SOLID_ANGLE_UNIT()
);
#11357=(
NAMED_UNIT(*)
SI_UNIT($,.STERADIAN.)
SOLID_ANGLE_UNIT()
);
#11358=(
NAMED_UNIT(*)
PLANE_ANGLE_UNIT()
SI_UNIT($,.RADIAN.)
);
#11359=(
NAMED_UNIT(*)
PLANE_ANGLE_UNIT()
SI_UNIT($,.RADIAN.)
);
#11360=(
NAMED_UNIT(*)
PLANE_ANGLE_UNIT()
SI_UNIT($,.RADIAN.)
);
#11361=(
NAMED_UNIT(*)
PLANE_ANGLE_UNIT()
SI_UNIT($,.RADIAN.)
);
#11362=(
NAMED_UNIT(*)
PLANE_ANGLE_UNIT()
SI_UNIT($,.RADIAN.)
);
#11363=(
NAMED_UNIT(*)
PLANE_ANGLE_UNIT()
SI_UNIT($,.RADIAN.)
);
#11364=(
NAMED_UNIT(*)
PLANE_ANGLE_UNIT()
SI_UNIT($,.RADIAN.)
);
#11365=(
NAMED_UNIT(*)
PLANE_ANGLE_UNIT()
SI_UNIT($,.RADIAN.)
);
#11366=(
NAMED_UNIT(*)
PLANE_ANGLE_UNIT()
SI_UNIT($,.RADIAN.)
);
#11367=(
NAMED_UNIT(*)
PLANE_ANGLE_UNIT()
SI_UNIT($,.RADIAN.)
);
#11368=(
NAMED_UNIT(*)
PLANE_ANGLE_UNIT()
SI_UNIT($,.RADIAN.)
);
#11369=(
NAMED_UNIT(*)
PLANE_ANGLE_UNIT()
SI_UNIT($,.RADIAN.)
);
#11370=(
NAMED_UNIT(*)
PLANE_ANGLE_UNIT()
SI_UNIT($,.RADIAN.)
);
#11371=(
NAMED_UNIT(*)
PLANE_ANGLE_UNIT()
SI_UNIT($,.RADIAN.)
);
#11372=(
NAMED_UNIT(*)
PLANE_ANGLE_UNIT()
SI_UNIT($,.RADIAN.)
);
#11373=(
NAMED_UNIT(*)
PLANE_ANGLE_UNIT()
SI_UNIT($,.RADIAN.)
);
#11374=(
NAMED_UNIT(*)
PLANE_ANGLE_UNIT()
SI_UNIT($,.RADIAN.)
);
#11375=(
LENGTH_UNIT()
NAMED_UNIT(*)
SI_UNIT($,.METRE.)
);
#11376=(
LENGTH_UNIT()
NAMED_UNIT(*)
SI_UNIT($,.METRE.)
);
#11377=(
LENGTH_UNIT()
NAMED_UNIT(*)
SI_UNIT($,.METRE.)
);
#11378=(
LENGTH_UNIT()
NAMED_UNIT(*)
SI_UNIT($,.METRE.)
);
#11379=(
LENGTH_UNIT()
NAMED_UNIT(*)
SI_UNIT($,.METRE.)
);
#11380=(
LENGTH_UNIT()
NAMED_UNIT(*)
SI_UNIT($,.METRE.)
);
#11381=(
LENGTH_UNIT()
NAMED_UNIT(*)
SI_UNIT($,.METRE.)
);
#11382=(
LENGTH_UNIT()
NAMED_UNIT(*)
SI_UNIT($,.METRE.)
);
#11383=(
LENGTH_UNIT()
NAMED_UNIT(*)
SI_UNIT($,.METRE.)
);
#11384=(
LENGTH_UNIT()
NAMED_UNIT(*)
SI_UNIT($,.METRE.)
);
#11385=(
LENGTH_UNIT()
NAMED_UNIT(*)
SI_UNIT($,.METRE.)
);
#11386=(
LENGTH_UNIT()
NAMED_UNIT(*)
SI_UNIT($,.METRE.)
);
#11387=(
LENGTH_UNIT()
NAMED_UNIT(*)
SI_UNIT($,.METRE.)
);
#11388=(
LENGTH_UNIT()
NAMED_UNIT(*)
SI_UNIT($,.METRE.)
);
#11389=(
LENGTH_UNIT()
NAMED_UNIT(*)
SI_UNIT($,.METRE.)
);
#11390=(
LENGTH_UNIT()
NAMED_UNIT(*)
SI_UNIT($,.METRE.)
);
#11391=(
LENGTH_UNIT()
NAMED_UNIT(*)
SI_UNIT($,.METRE.)
);
#11392=PRODUCT_DEFINITION_SHAPE('','',#11409);
#11393=PRODUCT_DEFINITION_SHAPE('','',#11410);
#11394=PRODUCT_DEFINITION_SHAPE('','',#11411);
#11395=PRODUCT_DEFINITION_SHAPE('','',#11412);
#11396=PRODUCT_DEFINITION_SHAPE('','',#11413);
#11397=PRODUCT_DEFINITION_SHAPE('','',#11414);
#11398=PRODUCT_DEFINITION_SHAPE('','',#11415);
#11399=PRODUCT_DEFINITION_SHAPE('','',#11416);
#11400=PRODUCT_DEFINITION_SHAPE('','',#11417);
#11401=PRODUCT_DEFINITION_SHAPE('','',#11418);
#11402=PRODUCT_DEFINITION_SHAPE('','',#11419);
#11403=PRODUCT_DEFINITION_SHAPE('','',#11420);
#11404=PRODUCT_DEFINITION_SHAPE('','',#11421);
#11405=PRODUCT_DEFINITION_SHAPE('','',#11422);
#11406=PRODUCT_DEFINITION_SHAPE('','',#11423);
#11407=PRODUCT_DEFINITION_SHAPE('','',#11424);
#11408=PRODUCT_DEFINITION_SHAPE('','',#11425);
#11409=PRODUCT_DEFINITION('','',#11443,#11426);
#11410=PRODUCT_DEFINITION('','',#11444,#11427);
#11411=PRODUCT_DEFINITION('','',#11445,#11428);
#11412=PRODUCT_DEFINITION('','',#11446,#11429);
#11413=PRODUCT_DEFINITION('','',#11447,#11430);
#11414=PRODUCT_DEFINITION('','',#11448,#11431);
#11415=PRODUCT_DEFINITION('','',#11449,#11432);
#11416=PRODUCT_DEFINITION('','',#11450,#11433);
#11417=PRODUCT_DEFINITION('','',#11451,#11434);
#11418=PRODUCT_DEFINITION('','',#11452,#11435);
#11419=PRODUCT_DEFINITION('','',#11453,#11436);
#11420=PRODUCT_DEFINITION('','',#11454,#11437);
#11421=PRODUCT_DEFINITION('','',#11455,#11438);
#11422=PRODUCT_DEFINITION('','',#11456,#11439);
#11423=PRODUCT_DEFINITION('','',#11457,#11440);
#11424=PRODUCT_DEFINITION('','',#11458,#11441);
#11425=PRODUCT_DEFINITION('','',#11459,#11442);
#11426=PRODUCT_DEFINITION_CONTEXT('',#11545,'design');
#11427=PRODUCT_DEFINITION_CONTEXT('',#11546,'design');
#11428=PRODUCT_DEFINITION_CONTEXT('',#11547,'design');
#11429=PRODUCT_DEFINITION_CONTEXT('',#11548,'design');
#11430=PRODUCT_DEFINITION_CONTEXT('',#11549,'design');
#11431=PRODUCT_DEFINITION_CONTEXT('',#11550,'design');
#11432=PRODUCT_DEFINITION_CONTEXT('',#11551,'design');
#11433=PRODUCT_DEFINITION_CONTEXT('',#11552,'design');
#11434=PRODUCT_DEFINITION_CONTEXT('',#11553,'design');
#11435=PRODUCT_DEFINITION_CONTEXT('',#11554,'design');
#11436=PRODUCT_DEFINITION_CONTEXT('',#11555,'design');
#11437=PRODUCT_DEFINITION_CONTEXT('',#11556,'design');
#11438=PRODUCT_DEFINITION_CONTEXT('',#11557,'design');
#11439=PRODUCT_DEFINITION_CONTEXT('',#11558,'design');
#11440=PRODUCT_DEFINITION_CONTEXT('',#11559,'design');
#11441=PRODUCT_DEFINITION_CONTEXT('',#11560,'design');
#11442=PRODUCT_DEFINITION_CONTEXT('',#11561,'design');
#11443=PRODUCT_DEFINITION_FORMATION_WITH_SPECIFIED_SOURCE('','',#11477,
 .NOT_KNOWN.);
#11444=PRODUCT_DEFINITION_FORMATION_WITH_SPECIFIED_SOURCE('','',#11478,
 .NOT_KNOWN.);
#11445=PRODUCT_DEFINITION_FORMATION_WITH_SPECIFIED_SOURCE('','',#11479,
 .NOT_KNOWN.);
#11446=PRODUCT_DEFINITION_FORMATION_WITH_SPECIFIED_SOURCE('','',#11480,
 .NOT_KNOWN.);
#11447=PRODUCT_DEFINITION_FORMATION_WITH_SPECIFIED_SOURCE('','',#11481,
 .NOT_KNOWN.);
#11448=PRODUCT_DEFINITION_FORMATION_WITH_SPECIFIED_SOURCE('','',#11482,
 .NOT_KNOWN.);
#11449=PRODUCT_DEFINITION_FORMATION_WITH_SPECIFIED_SOURCE('','',#11483,
 .NOT_KNOWN.);
#11450=PRODUCT_DEFINITION_FORMATION_WITH_SPECIFIED_SOURCE('','',#11484,
 .NOT_KNOWN.);
#11451=PRODUCT_DEFINITION_FORMATION_WITH_SPECIFIED_SOURCE('','',#11485,
 .NOT_KNOWN.);
#11452=PRODUCT_DEFINITION_FORMATION_WITH_SPECIFIED_SOURCE('','',#11486,
 .NOT_KNOWN.);
#11453=PRODUCT_DEFINITION_FORMATION_WITH_SPECIFIED_SOURCE('','',#11487,
 .NOT_KNOWN.);
#11454=PRODUCT_DEFINITION_FORMATION_WITH_SPECIFIED_SOURCE('','',#11488,
 .NOT_KNOWN.);
#11455=PRODUCT_DEFINITION_FORMATION_WITH_SPECIFIED_SOURCE('','',#11489,
 .NOT_KNOWN.);
#11456=PRODUCT_DEFINITION_FORMATION_WITH_SPECIFIED_SOURCE('','',#11490,
 .NOT_KNOWN.);
#11457=PRODUCT_DEFINITION_FORMATION_WITH_SPECIFIED_SOURCE('','',#11491,
 .NOT_KNOWN.);
#11458=PRODUCT_DEFINITION_FORMATION_WITH_SPECIFIED_SOURCE('','',#11492,
 .NOT_KNOWN.);
#11459=PRODUCT_DEFINITION_FORMATION_WITH_SPECIFIED_SOURCE('','',#11493,
 .NOT_KNOWN.);
#11460=PRODUCT_RELATED_PRODUCT_CATEGORY('','',(#11477));
#11461=PRODUCT_RELATED_PRODUCT_CATEGORY('','',(#11478));
#11462=PRODUCT_RELATED_PRODUCT_CATEGORY('','',(#11479));
#11463=PRODUCT_RELATED_PRODUCT_CATEGORY('','',(#11480));
#11464=PRODUCT_RELATED_PRODUCT_CATEGORY('','',(#11481));
#11465=PRODUCT_RELATED_PRODUCT_CATEGORY('','',(#11482));
#11466=PRODUCT_RELATED_PRODUCT_CATEGORY('','',(#11483));
#11467=PRODUCT_RELATED_PRODUCT_CATEGORY('','',(#11484));
#11468=PRODUCT_RELATED_PRODUCT_CATEGORY('','',(#11485));
#11469=PRODUCT_RELATED_PRODUCT_CATEGORY('','',(#11486));
#11470=PRODUCT_RELATED_PRODUCT_CATEGORY('','',(#11487));
#11471=PRODUCT_RELATED_PRODUCT_CATEGORY('','',(#11488));
#11472=PRODUCT_RELATED_PRODUCT_CATEGORY('','',(#11489));
#11473=PRODUCT_RELATED_PRODUCT_CATEGORY('','',(#11490));
#11474=PRODUCT_RELATED_PRODUCT_CATEGORY('','',(#11491));
#11475=PRODUCT_RELATED_PRODUCT_CATEGORY('','',(#11492));
#11476=PRODUCT_RELATED_PRODUCT_CATEGORY('','',(#11493));
#11477=PRODUCT('Part 1','Part 1','Part 1',(#11511));
#11478=PRODUCT('Part 1','Part 1','Part 1',(#11512));
#11479=PRODUCT('Axle Connection','Axle Connection','Axle Connection',(#11513));
#11480=PRODUCT('Part 1','Part 1','Part 1',(#11514));
#11481=PRODUCT('Part 1_1','Part 1_1','Part 1_1',(#11515));
#11482=PRODUCT('Axle','Axle','Axle',(#11516));
#11483=PRODUCT('Part 1','Part 1','Part 1',(#11517));
#11484=PRODUCT('Part 1','Part 1','Part 1',(#11518));
#11485=PRODUCT('Part 1_1','Part 1_1','Part 1_1',(#11519));
#11486=PRODUCT('Part 1','Part 1','Part 1',(#11520));
#11487=PRODUCT('Part 1','Part 1','Part 1',(#11521));
#11488=PRODUCT('Part 1','Part 1','Part 1',(#11522));
#11489=PRODUCT('Part 1','Part 1','Part 1',(#11523));
#11490=PRODUCT('Part 1','Part 1','Part 1',(#11524));
#11491=PRODUCT('Part 1','Part 1','Part 1',(#11525));
#11492=PRODUCT('Part 1','Part 1','Part 1',(#11526));
#11493=PRODUCT('RW','RW','RW',(#11527));
#11494=PRODUCT_CATEGORY('','');
#11495=PRODUCT_CATEGORY('','');
#11496=PRODUCT_CATEGORY('','');
#11497=PRODUCT_CATEGORY('','');
#11498=PRODUCT_CATEGORY('','');
#11499=PRODUCT_CATEGORY('','');
#11500=PRODUCT_CATEGORY('','');
#11501=PRODUCT_CATEGORY('','');
#11502=PRODUCT_CATEGORY('','');
#11503=PRODUCT_CATEGORY('','');
#11504=PRODUCT_CATEGORY('','');
#11505=PRODUCT_CATEGORY('','');
#11506=PRODUCT_CATEGORY('','');
#11507=PRODUCT_CATEGORY('','');
#11508=PRODUCT_CATEGORY('','');
#11509=PRODUCT_CATEGORY('','');
#11510=PRODUCT_CATEGORY('','');
#11511=PRODUCT_CONTEXT('',#11545,'mechanical');
#11512=PRODUCT_CONTEXT('',#11546,'mechanical');
#11513=PRODUCT_CONTEXT('',#11547,'mechanical');
#11514=PRODUCT_CONTEXT('',#11548,'mechanical');
#11515=PRODUCT_CONTEXT('',#11549,'mechanical');
#11516=PRODUCT_CONTEXT('',#11550,'mechanical');
#11517=PRODUCT_CONTEXT('',#11551,'mechanical');
#11518=PRODUCT_CONTEXT('',#11552,'mechanical');
#11519=PRODUCT_CONTEXT('',#11553,'mechanical');
#11520=PRODUCT_CONTEXT('',#11554,'mechanical');
#11521=PRODUCT_CONTEXT('',#11555,'mechanical');
#11522=PRODUCT_CONTEXT('',#11556,'mechanical');
#11523=PRODUCT_CONTEXT('',#11557,'mechanical');
#11524=PRODUCT_CONTEXT('',#11558,'mechanical');
#11525=PRODUCT_CONTEXT('',#11559,'mechanical');
#11526=PRODUCT_CONTEXT('',#11560,'mechanical');
#11527=PRODUCT_CONTEXT('',#11561,'mechanical');
#11528=APPLICATION_PROTOCOL_DEFINITION('international standard',
'ap242_managed_model_based_3d_engineering',2020,#11545);
#11529=APPLICATION_PROTOCOL_DEFINITION('international standard',
'ap242_managed_model_based_3d_engineering',2020,#11546);
#11530=APPLICATION_PROTOCOL_DEFINITION('international standard',
'ap242_managed_model_based_3d_engineering',2020,#11547);
#11531=APPLICATION_PROTOCOL_DEFINITION('international standard',
'ap242_managed_model_based_3d_engineering',2020,#11548);
#11532=APPLICATION_PROTOCOL_DEFINITION('international standard',
'ap242_managed_model_based_3d_engineering',2020,#11549);
#11533=APPLICATION_PROTOCOL_DEFINITION('international standard',
'ap242_managed_model_based_3d_engineering',2020,#11550);
#11534=APPLICATION_PROTOCOL_DEFINITION('international standard',
'ap242_managed_model_based_3d_engineering',2020,#11551);
#11535=APPLICATION_PROTOCOL_DEFINITION('international standard',
'ap242_managed_model_based_3d_engineering',2020,#11552);
#11536=APPLICATION_PROTOCOL_DEFINITION('international standard',
'ap242_managed_model_based_3d_engineering',2020,#11553);
#11537=APPLICATION_PROTOCOL_DEFINITION('international standard',
'ap242_managed_model_based_3d_engineering',2020,#11554);
#11538=APPLICATION_PROTOCOL_DEFINITION('international standard',
'ap242_managed_model_based_3d_engineering',2020,#11555);
#11539=APPLICATION_PROTOCOL_DEFINITION('international standard',
'ap242_managed_model_based_3d_engineering',2020,#11556);
#11540=APPLICATION_PROTOCOL_DEFINITION('international standard',
'ap242_managed_model_based_3d_engineering',2020,#11557);
#11541=APPLICATION_PROTOCOL_DEFINITION('international standard',
'ap242_managed_model_based_3d_engineering',2020,#11558);
#11542=APPLICATION_PROTOCOL_DEFINITION('international standard',
'ap242_managed_model_based_3d_engineering',2020,#11559);
#11543=APPLICATION_PROTOCOL_DEFINITION('international standard',
'ap242_managed_model_based_3d_engineering',2020,#11560);
#11544=APPLICATION_PROTOCOL_DEFINITION('international standard',
'ap242_managed_model_based_3d_engineering',2020,#11561);
#11545=APPLICATION_CONTEXT('managed model based 3d engineering');
#11546=APPLICATION_CONTEXT('managed model based 3d engineering');
#11547=APPLICATION_CONTEXT('managed model based 3d engineering');
#11548=APPLICATION_CONTEXT('managed model based 3d engineering');
#11549=APPLICATION_CONTEXT('managed model based 3d engineering');
#11550=APPLICATION_CONTEXT('managed model based 3d engineering');
#11551=APPLICATION_CONTEXT('managed model based 3d engineering');
#11552=APPLICATION_CONTEXT('managed model based 3d engineering');
#11553=APPLICATION_CONTEXT('managed model based 3d engineering');
#11554=APPLICATION_CONTEXT('managed model based 3d engineering');
#11555=APPLICATION_CONTEXT('managed model based 3d engineering');
#11556=APPLICATION_CONTEXT('managed model based 3d engineering');
#11557=APPLICATION_CONTEXT('managed model based 3d engineering');
#11558=APPLICATION_CONTEXT('managed model based 3d engineering');
#11559=APPLICATION_CONTEXT('managed model based 3d engineering');
#11560=APPLICATION_CONTEXT('managed model based 3d engineering');
#11561=APPLICATION_CONTEXT('managed model based 3d engineering');
ENDSEC;
END-ISO-10303-21;
